step,mode,receiver_idx,provider_idx,target_gain,online_prediction,base_loss,weighted_loss,propensity,importance_weight,receiver_policy_version,provider_policy_version
2,t2_b0,0,10,0.0,0.08588512241840363,0.0036881270352751017,0.0036881270352751017,1.0,1.0,1,1
3,t2_b0,10,0,0.1293852066578574,0.03650125861167908,0.004313713405281305,0.004313713405281305,1.0,1.0,2,2
3,t2_b0,5,14,0.0,0.08153322339057922,0.0033238332252949476,0.0033238332252949476,1.0,1.0,1,1
3,t2_b0,7,8,0.0,0.08319937437772751,0.003461068030446768,0.003461068030446768,1.0,1.0,1,1
3,t2_b0,6,19,0.0,0.08219797909259796,0.003378253895789385,0.003378253895789385,1.0,1.0,1,1
3,t2_b0,3,17,0.0,0.08534012734889984,0.003641468705609441,0.003641468705609441,1.0,1.0,1,1
3,t2_b0,2,15,0.0,0.08572091907262802,0.0036740379873663187,0.0036740379873663187,1.0,1.0,1,1
4,t2_b0,15,2,0.3895085507330068,0.03764761984348297,0.06190305948257446,0.06190305948257446,1.0,1.0,2,2
4,t2_b0,16,20,0.0,0.08897081762552261,0.003957903012633324,0.003957903012633324,1.0,1.0,1,1
4,t2_b0,7,8,0.0,0.03553824871778488,0.0006314835627563298,0.0006314835627563298,1.0,1.0,2,2
4,t2_b0,11,22,0.0,0.0891532301902771,0.003974149003624916,0.003974149003624916,1.0,1.0,1,1
4,t2_b0,17,3,0.3442852121326909,0.03588315099477768,0.047555916011333466,0.047555916011333466,1.0,1.0,2,2
4,t2_b0,19,26,0.0,0.03395809233188629,0.0005765760433860123,0.0005765760433860123,0.9500000000000001,1.0,2,2
4,t2_b0,14,5,0.41301555992410943,0.03429150581359863,0.07171595841646194,0.07171595841646194,1.0,1.0,2,2
4,t2_b0,1,0,0.0,0.03657618165016174,0.0006689085275866091,0.0006689085275866091,1.0,1.0,3,3
5,t2_b0,30,5,0.5109476518811873,0.03408678621053696,0.11369813233613968,0.11369813233613968,1.0,1.0,3,3
5,t2_b0,26,19,0.16421542374839693,0.009726785123348236,0.011933372355997562,0.011933372355997562,0.9500000000000001,1.0,3,3
5,t2_b0,28,17,0.5365558377867632,0.09077687561511993,0.09935944527387619,0.09935944527387619,1.0,1.0,3,3
5,t2_b0,25,11,0.3483003876634873,0.03762798011302948,0.048258669674396515,0.048258669674396515,0.9500000000000001,1.0,2,2
5,t2_b0,31,14,0.730556605024927,0.08727011829614639,0.20690873265266418,0.20690873265266418,1.0,1.0,3,3
5,t2_b0,20,16,0.19523231241733544,0.037945836782455444,0.012369518168270588,0.012369518168270588,1.0,1.0,2,2
5,t2_b0,9,8,0.28006051407298255,0.06230201572179794,0.023709377273917198,0.023709377273917198,1.0,1.0,3,3
5,t2_b0,2,15,0.01925947673176069,0.05464792251586914,0.0006261711241677403,0.0006261711241677403,0.9500000000000001,1.0,3,3
6,t2_b0,22,0,0.6459828923304336,0.05028771236538887,0.17742638289928436,0.17742638289928436,0.925,1.0,5,5
6,t2_b0,3,2,0.0820826833922655,0.03298371285200119,0.0012053543468937278,0.0012053543468937278,0.9500000000000001,1.0,4,4
6,t2_b0,21,20,0.4040637300725992,0.06503941118717194,0.05746873840689659,0.05746873840689659,0.9500000000000001,1.0,3,3
6,t2_b0,29,37,0.0,0.09038978070020676,0.004085156135261059,0.004085156135261059,1.0,1.0,1,1
6,t2_b0,14,31,0.0,0.08899082243442535,0.003959683235734701,0.003959683235734701,0.9500000000000001,1.0,4,4
6,t2_b0,34,15,0.9410369805722664,0.06527730822563171,0.3834775388240814,0.3834775388240814,1.0,1.0,4,4
6,t2_b0,19,26,0.012814349755656916,0.027851544320583344,0.0001130586169892922,0.0001130586169892922,0.9500000000000001,1.0,4,4
6,t2_b0,8,7,0.6521584546924036,0.03025037795305252,0.1933848261833191,0.1933848261833191,0.9500000000000001,1.0,4,4
6,t2_b0,36,18,0.3247927850100223,0.08982621133327484,0.027604643255472183,0.027604643255472183,1.0,1.0,1,1
7,t2_b0,33,31,0.9798007084766278,0.10492798686027527,0.3827010989189148,0.3827010989189148,1.0,1.0,5,5
7,t2_b0,25,11,0.0,0.0696292370557785,0.002424115315079689,0.002424115315079689,0.9333333333333333,1.0,6,6
7,t2_b0,15,2,0.01405852811508385,0.05575966462492943,0.0008694924763403833,0.0008694924763403833,0.9333333333333333,1.0,5,5
7,t2_b0,9,7,0.8357003546232818,0.04432985931634903,0.3131335973739624,0.3131335973739624,0.9333333333333333,1.0,5,5
7,t2_b0,0,22,0.0,0.06068903207778931,0.0018415793310850859,0.0018415793310850859,0.9333333333333333,1.0,6,6
7,t2_b0,37,29,0.17088278155012815,0.037293292582035065,0.00892307423055172,0.00892307423055172,1.0,1.0,2,2
7,t2_b0,18,36,0.017234416085536983,0.14344383776187897,0.007964408956468105,0.007964408956468105,0.9500000000000001,1.0,2,2
7,t2_b0,12,8,0.8811177034948194,0.05768970027565956,0.3390168249607086,0.3390168249607086,0.9500000000000001,1.0,5,5
7,t2_b0,5,30,0.0,0.08800555020570755,0.0038724883925169706,0.0038724883925169706,0.9500000000000001,1.0,5,5
7,t2_b0,20,21,0.0030294352221184296,0.08247289061546326,0.003155631246045232,0.003155631246045232,0.9500000000000001,1.0,4,4
8,t2_b0,11,25,0.03258383864649725,0.0835917741060257,0.001300904667004943,0.001300904667004943,1.0,1.0,7,7
8,t2_b0,10,0,0.008251749858738111,0.05403723567724228,0.0010481553617864847,0.0010481553617864847,0.9333333333333333,1.0,7,7
8,t2_b0,4,29,0.40715682851682067,0.03710998594760895,0.06846733391284943,0.06846733391284943,1.0,1.0,3,3
8,t2_b0,16,20,0.11834838786482144,0.08064539730548859,0.0007107577985152602,0.0007107577985152602,0.05,1.0,6,6
8,t2_b0,21,23,0.0,0.09522167593240738,0.004533583763986826,0.004533583763986826,0.9500000000000001,1.0,5,5
8,t2_b0,39,18,0.7830261533908073,0.09156354516744614,0.23906028270721436,0.23906028270721436,1.0,1.0,3,3
8,t2_b0,13,7,0.19002048217777923,0.045026227831840515,0.010511667467653751,0.010511667467653751,1.0,1.0,6,6
8,t2_b0,6,19,0.3863435686289848,0.020119361579418182,0.06706008315086365,0.06706008315086365,0.9333333333333333,1.0,6,6
8,t2_b0,35,15,0.9748473302403106,0.07747094333171844,0.402642160654068,0.402642160654068,0.9500000000000001,1.0,6,6
8,t2_b0,31,33,0.23858691296587253,0.11839351058006287,0.007223227526992559,0.007223227526992559,0.9500000000000001,1.0,6,6
9,t2_b0,7,13,0.7222342894431065,0.076957568526268,0.20819102227687836,0.20819102227687836,0.925,1.0,7,7
9,t2_b0,2,34,0.11169449481335987,0.07457450032234192,0.0006889469223096967,0.0006889469223096967,0.92,1.0,7,7
9,t2_b0,17,3,0.2511350975253375,0.05910998582839966,0.018436824902892113,0.018436824902892113,0.9333333333333333,1.0,7,7
9,t2_b0,37,29,0.0,0.06459842622280121,0.0020864782854914665,0.0020864782854914665,1.0,1.0,4,4
9,t2_b0,26,6,0.004589217236264051,0.03137906640768051,0.00035884801764041185,0.00035884801764041185,0.9500000000000001,1.0,7,7
9,t2_b0,23,21,0.9224000491975737,0.11924014985561371,0.32253289222717285,0.32253289222717285,1.0,1.0,6,7
9,t2_b0,22,0,0.0,0.05770422890782356,0.001664889045059681,0.001664889045059681,0.9333333333333333,1.0,8,8
9,t2_b0,36,18,0.0,0.119174063205719,0.0071012284606695175,0.0071012284606695175,1.0,1.0,4,4
9,t2_b0,1,30,0.46923927240957686,0.0469951406121254,0.08914505690336227,0.08914505690336227,1.0,1.0,7,7
9,t2_b0,24,8,0.9154539503572734,0.0780063271522522,0.3506592810153961,0.3506592810153961,0.9333333333333333,1.0,7,7
10,t2_b0,33,31,0.0,0.11242716014385223,0.006319933105260134,0.006319933105260134,0.9500000000000001,1.0,8,8
10,t2_b0,18,36,0.0,0.13153038918972015,0.00865012127906084,0.00865012127906084,0.9500000000000001,1.0,5,8
10,t2_b0,30,5,0.05803183628153348,0.06814174354076385,5.110512938699685e-05,5.110512938699685e-05,0.03333333333333333,1.0,8,8
10,t2_b0,8,7,0.0,0.09218469262123108,0.00424900883808732,0.00424900883808732,0.92,1.0,8,8
10,t2_b0,28,34,0.2372338776457245,0.07687418162822723,0.012857615947723389,0.012857615947723389,0.925,1.0,8,8
10,t2_b0,23,21,0.47379213093924955,0.12931251525878906,0.05933310464024544,0.05933310464024544,1.0,1.0,8,8
10,t2_b0,3,17,0.17767714269888268,0.09903121739625931,0.0030925904866307974,0.0030925904866307974,0.9500000000000001,1.0,8,8
11,t2_b0,4,10,0.0,0.06449669599533081,0.00207991199567914,0.00207991199567914,0.925,1.0,10,10
11,t2_b0,29,28,0.16501472666732925,0.09465428441762924,0.0024752961471676826,0.0024752961471676826,0.9500000000000001,1.0,9,9
11,t2_b0,34,2,0.0,0.06889690458774567,0.0023733917623758316,0.0023733917623758316,0.9333333333333333,1.0,9,9
11,t2_b0,14,31,0.047675942078508615,0.11026591062545776,0.0019587522838264704,0.0019587522838264704,0.9333333333333333,1.0,9,9
11,t2_b0,39,18,0.0,0.09544229507446289,0.004554615821689367,0.004554615821689367,1.0,1.0,6,9
11,t2_b0,19,6,0.6882257435167791,0.044984132051467896,0.2068798989057541,0.2068798989057541,0.9500000000000001,1.0,9,9
11,t2_b0,24,9,0.10111207678985716,0.10207478702068329,4.634070762676856e-07,4.634070762676856e-07,0.9333333333333333,1.0,9,9
11,t2_b0,13,7,0.07004475532653164,0.09896797686815262,0.0004182763514108956,0.0004182763514108956,0.9500000000000001,1.0,9,9
12,t2_b0,30,1,0.007747996257536985,0.08138399571180344,0.002711130538955331,0.002711130538955331,1.0,1.0,10,10
12,t2_b0,15,34,0.06449441239754682,0.08582761138677597,0.00022755260579288006,0.00022755260579288006,0.925,1.0,10,10
12,t2_b0,20,16,-0.001940342405384979,0.10066880285739899,0.005264318082481623,0.005264318082481623,0.9500000000000001,1.0,10,10
12,t2_b0,35,2,0.15051357019253203,0.08642052114009857,0.002053959760814905,0.002053959760814905,0.9333333333333333,1.0,10,10
12,t2_b0,9,7,0.0,0.10527381300926208,0.005541287828236818,0.005541287828236818,0.925,1.0,10,10
12,t2_b0,5,14,0.21422240978869334,0.08708511292934418,0.008081946521997452,0.008081946521997452,0.925,1.0,10,10
12,t2_b0,25,11,0.025303770592790768,0.0687587708234787,0.0009441685397177935,0.0009441685397177935,0.92,1.0,11,11
13,t2_b0,11,25,0.0,0.07298800349235535,0.0026636242400854826,0.0026636242400854826,0.925,1.0,12,12
13,t2_b0,1,6,0.11773025087069769,0.09048666805028915,0.00037110643461346626,0.00037110643461346626,0.925,1.0,11,11
13,t2_b0,21,20,0.18759332933487574,0.10922235995531082,0.003071004059165716,0.003071004059165716,0.9500000000000001,1.0,11,11
13,t2_b0,26,19,0.15695272538581015,0.07810609042644501,0.003108395729213953,0.003108395729213953,0.9333333333333333,1.0,11,11
13,t2_b0,16,29,0.21339653448124027,0.09230937063694,0.007331050466746092,0.007331050466746092,0.925,1.0,11,11
13,t2_b0,36,18,-0.01088504065993128,0.10533640533685684,0.006753711961209774,0.006753711961209774,0.9333333333333333,1.0,11,11
13,t2_b0,31,14,0.043368245682291945,0.11381246149539948,0.0024811935145407915,0.0024811935145407915,0.9500000000000001,1.0,11,11
13,t2_b0,12,8,-0.06409123323110244,0.11813727021217346,0.016603613272309303,0.016603613272309303,0.9333333333333333,1.0,11,11
14,t2_b0,17,18,0.26610757218979697,0.10378419607877731,0.013174436055123806,0.013174436055123806,0.9500000000000001,1.0,12,12
14,t2_b0,37,29,0.6915458014285378,0.09489644318819046,0.1779952198266983,0.1779952198266983,0.03333333333333333,1.0,12,12
14,t2_b0,7,8,0.1678106599099428,0.11339443922042847,0.0014805627288296819,0.0014805627288296819,0.9500000000000001,1.0,12,12
14,t2_b0,2,15,-7.906484094051513e-05,0.10101552307605743,0.005110058002173901,0.005110058002173901,0.9166666666666667,1.0,12,12
14,t2_b0,10,0,4.411127615743002e-05,0.07337841391563416,0.0026889597065746784,0.0026889597065746784,0.9333333333333333,1.0,13,13
14,t2_b0,6,5,-0.0024933245093302727,0.09711302071809769,0.00496071157976985,0.00496071157976985,0.9166666666666667,1.0,12,12
15,t2_b0,13,14,0.13712941017210709,0.10271604359149933,0.0005921399570070207,0.0005921399570070207,0.9166666666666667,1.0,13,13
15,t2_b0,8,7,0.06566786739173242,0.128291517496109,0.0019608607981354,0.0019608607981354,0.9333333333333333,1.0,13,13
15,t2_b0,0,10,0.5135945633460836,0.06496249884366989,0.10063536465167999,0.10063536465167999,0.92,1.0,14,14
15,t2_b0,23,21,0.0,0.12100566923618317,0.007321185898035765,0.007321185898035765,1.0,1.0,13,13
15,t2_b0,18,17,0.40793519835059144,0.11931217461824417,0.04165162891149521,0.04165162891149521,0.9333333333333333,1.0,13,13
15,t2_b0,33,31,-0.0869067453856317,0.1266142874956131,0.02279561571776867,0.02279561571776867,1.0,1.0,13,13
15,t2_b0,28,37,0.05755695632133771,0.1128692626953125,0.0015297256177291274,0.0015297256177291274,1.0,1.0,13,13
16,t2_b0,9,8,0.0,0.13097456097602844,0.008577167987823486,0.008577167987823486,0.925,1.0,14,14
16,t2_b0,4,14,0.0,0.09463962912559509,0.0044783297926187515,0.0044783297926187515,0.925,1.0,15,15
16,t2_b0,29,20,-0.12593871339217289,0.09694123268127441,0.024837736040353775,0.024837736040353775,0.9166666666666667,1.0,14,14
16,t2_b0,19,6,0.024854964974435508,0.10831005126237869,0.0034823757596313953,0.0034823757596313953,0.9333333333333333,1.0,14,14
16,t2_b0,3,17,0.0,0.11991162598133087,0.007189399097114801,0.007189399097114801,0.9333333333333333,1.0,14,14
17,t2_b0,39,17,0.050912826153478405,0.12166652083396912,0.0025030425749719143,0.0025030425749719143,0.9333333333333333,1.0,15,15
17,t2_b0,12,9,0.0,0.13956156373023987,0.00973871536552906,0.00973871536552906,0.9333333333333333,1.0,15,15
17,t2_b0,14,31,0.0,0.10913098603487015,0.005954786203801632,0.005954786203801632,0.92,1.0,16,16
17,t2_b0,20,2,0.025730977628940464,0.09631997346878052,0.0024914033710956573,0.0024914033710956573,0.925,1.0,15,15
17,t2_b0,38,33,0.8697438295141692,0.1285097301006317,0.2747139632701874,0.2747139632701874,1.0,1.0,15,16
17,t2_b0,15,34,0.0,0.09001872688531876,0.00405168579891324,0.00405168579891324,0.92,1.0,15,15
17,t2_b0,30,11,0.0,0.07705271989107132,0.00296856090426445,0.00296856090426445,0.92,1.0,16,16
18,t2_b0,21,37,-0.049605566312204405,0.09816605597734451,0.010918227024376392,0.010918227024376392,0.9166666666666667,1.0,16,16
18,t2_b0,0,10,0.0,0.07621598243713379,0.0029044379480183125,0.0029044379480183125,0.925,1.0,17,17
18,t2_b0,27,12,0.8862158142272033,0.15356607735157013,0.2683878242969513,0.2683878242969513,0.9500000000000001,1.0,16,16
18,t2_b0,34,15,0.27724984580832923,0.09716999530792236,0.01621437631547451,0.01621437631547451,0.925,1.0,16,16
18,t2_b0,1,14,0.23372567515301898,0.11008568853139877,0.007643423974514008,0.007643423974514008,0.02,1.0,17,17
18,t2_b0,5,30,-0.042707741159408036,0.09609204530715942,0.00963269080966711,0.00963269080966711,0.925,1.0,17,17
18,t2_b0,22,4,0.0,0.09599551558494568,0.0046075694262981415,0.0046075694262981415,0.925,1.0,17,17
18,t2_b0,6,19,-0.005505295374849237,0.11528558284044266,0.007295217830687761,0.007295217830687761,0.9166666666666667,1.0,17,17
18,t2_b0,24,9,0.0,0.14449462294578552,0.01043934840708971,0.01043934840708971,0.9333333333333333,1.0,16,16
19,t2_b0,7,17,-0.2811196014753389,0.12529189884662628,0.0825851634144783,0.0825851634144783,0.9333333333333333,1.0,17,17
19,t2_b0,10,0,0.0,0.07984291017055511,0.0031874452251940966,0.0031874452251940966,0.05,1.0,18,18
19,t2_b0,25,11,0.0,0.08643706142902374,0.0037356826942414045,0.0037356826942414045,0.925,1.0,18,18
19,t2_b0,35,15,0.04490722393593348,0.10382604598999023,0.0017357137985527515,0.0017357137985527515,0.9333333333333333,1.0,17,17
19,t2_b0,31,22,-0.42778009676931233,0.1212211549282074,0.15070116519927979,0.15070116519927979,0.9125,1.0,18,18
19,t2_b0,26,13,-0.0020482017151728397,0.11615462601184845,0.006985954474657774,0.006985954474657774,0.9333333333333333,1.0,18,18
19,t2_b0,2,34,0.0,0.10281172394752502,0.005285125225782394,0.005285125225782394,0.014285714285714287,1.0,17,17
19,t2_b0,12,9,0.05348240628611911,0.15455345809459686,0.005107678938657045,0.005107678938657045,0.9333333333333333,1.0,17,17
19,t2_b0,37,21,-0.003047971214821523,0.10124433040618896,0.005438442341983318,0.005438442341983318,0.016666666666666666,1.0,17,17
20,t2_b0,17,7,-0.02287793121559461,0.11932209134101868,0.010110422968864441,0.010110422968864441,0.9333333333333333,1.0,18,18
20,t2_b0,27,12,0.08931720624771318,0.16595147550106049,0.0029364058282226324,0.0029364058282226324,0.9500000000000001,1.0,18,18
20,t2_b0,38,4,-0.7572081347103206,0.12389051169157028,0.3881673812866211,0.3881673812866211,0.02,1.0,19,19
20,t2_b0,8,33,0.014659306963715929,0.12142243981361389,0.005699183326214552,0.005699183326214552,0.9142857142857143,1.0,19,19
20,t2_b0,11,16,-0.3365680114079454,0.0801280289888382,0.08681778609752655,0.08681778609752655,0.9166666666666667,1.0,19,19
20,t2_b0,23,21,0.039524348132994325,0.09087680280208588,0.0013185373973101377,0.0013185373973101377,0.92,1.0,18,18
20,t2_b0,3,20,-0.00612347531978869,0.11947953701019287,0.00788805726915598,0.00788805726915598,0.9333333333333333,1.0,18,18
21,t2_b0,14,5,0.0,0.100505530834198,0.0050506810657680035,0.0050506810657680035,0.9166666666666667,1.0,20,20
21,t2_b0,32,12,0.9556565636754868,0.16708575189113617,0.31092196702957153,0.31092196702957153,0.9333333333333333,1.0,19,19
21,t2_b0,34,2,-0.013529074134855339,0.09921488910913467,0.006355600897222757,0.006355600897222757,0.9166666666666667,1.0,19,19
21,t2_b0,19,6,0.0,0.12273087352514267,0.007531433831900358,0.007531433831900358,0.925,1.0,20,20
21,t2_b0,22,31,0.08682035517796907,0.11064015328884125,0.00028369136271066964,0.00028369136271066964,0.9166666666666667,1.0,20,20
21,t2_b0,4,1,0.0514825819041277,0.11648764461278915,0.002112829126417637,0.002112829126417637,0.9142857142857143,1.0,20,20
21,t2_b0,16,30,-0.5319434144962516,0.07839926332235336,0.18625909090042114,0.18625909090042114,0.016666666666666666,1.0,20,20
21,t2_b0,29,18,-0.011036354206721109,0.10122751444578171,0.006301587913185358,0.006301587913185358,0.014285714285714287,1.0,19,19
21,t2_b0,9,39,-0.09524206507950543,0.15523746609687805,0.03136999532580376,0.03136999532580376,0.925,1.0,19,19
22,t2_b0,20,3,0.10678372935207336,0.11705918610095978,5.279247125145048e-05,5.279247125145048e-05,0.9500000000000001,1.0,20,20
22,t2_b0,13,7,0.9405794761548436,0.12296128273010254,0.3342497646808624,0.3342497646808624,1.0,1.0,20,20
22,t2_b0,33,1,0.0003611442021178243,0.1147429496049881,0.006541598588228226,0.006541598588228226,0.9142857142857143,1.0,21,21
22,t2_b0,35,15,0.03578475369767957,0.10515430569648743,0.0024060674477368593,0.0024060674477368593,0.925,1.0,20,20
22,t2_b0,0,10,-0.030021630008462086,0.06937317550182343,0.00493966368958354,0.00493966368958354,0.9333333333333333,1.0,21,21
22,t2_b0,25,11,0.0,0.06762156635522842,0.0022863380145281553,0.0022863380145281553,1.0,1.0,21,21
22,t2_b0,18,29,-0.20455559414886412,0.09420229494571686,0.044628143310546875,0.044628143310546875,0.925,1.0,20,20
22,t2_b0,30,5,0.0012875424191113568,0.0786498412489891,0.0029924625996500254,0.0029924625996500254,0.925,1.0,21,21
22,t2_b0,39,9,-0.13605306773048945,0.15753880143165588,0.0430980883538723,0.0430980883538723,0.9333333333333333,1.0,20,20
23,t2_b0,11,25,0.13552150410155211,0.06527118384838104,0.002467553596943617,0.002467553596943617,1.0,1.0,22,22
23,t2_b0,36,35,0.9625936646521095,0.10847816616296768,0.36475664377212524,0.36475664377212524,0.925,1.0,21,21
23,t2_b0,28,3,0.9008277958270796,0.12189747393131256,0.3033662438392639,0.3033662438392639,1.0,1.0,21,21
23,t2_b0,26,19,0.10421986653730538,0.12714967131614685,0.00026288791559636593,0.00026288791559636593,0.9500000000000001,1.0,22,22
23,t2_b0,6,8,-0.11308787135964736,0.12942537665367126,0.029406335204839706,0.029406335204839706,0.9166666666666667,1.0,22,22
23,t2_b0,10,0,0.11094953620605755,0.07179240882396698,0.0007666404126212001,0.0007666404126212001,1.0,1.0,22,22
23,t2_b0,24,32,0.0,0.155281662940979,0.012056197039783001,0.012056197039783001,0.025,1.0,21,21
23,t2_b0,21,34,0.13654553921070778,0.10316656529903412,0.0005570779321715236,0.0005570779321715236,0.9142857142857143,1.0,21,21
23,t2_b0,5,31,0.10099284792508978,0.09793420135974884,4.677668584918138e-06,4.677668584918138e-06,0.016666666666666666,1.0,22,22
24,t2_b0,2,35,0.0,0.099885955452919,0.0049886018969118595,0.0049886018969118595,0.0125,1.0,22,22
24,t2_b0,1,22,0.0,0.11709514260292053,0.006855636369436979,0.006855636369436979,0.9142857142857143,1.0,23,23
24,t2_b0,32,27,-0.022378089116135588,0.16504332423210144,0.017563393339514732,0.017563393339514732,0.05,1.0,22,22
24,t2_b0,7,13,0.05726749461105839,0.1260583996772766,0.002366094384342432,0.002366094384342432,1.0,1.0,22,22
24,t2_b0,15,37,0.021658943184136553,0.1036396324634552,0.003360416740179062,0.003360416740179062,0.9142857142857143,1.0,22,22
24,t2_b0,12,9,-0.0005041151356666439,0.1634853184223175,0.013446267694234848,0.013446267694234848,0.9333333333333333,1.0,22,22
24,t2_b0,17,20,0.31078171022730056,0.11553873121738434,0.019059911370277405,0.019059911370277405,0.9333333333333333,1.0,22,22
24,t2_b0,31,30,0.15401316717032743,0.10553360730409622,0.0011751340935006738,0.0011751340935006738,0.9125,1.0,23,23
25,t2_b0,27,12,-0.019507969707239402,0.17161794006824493,0.018264558166265488,0.018264558166265488,0.9333333333333333,1.0,23,23
25,t2_b0,13,7,-0.3945507306434444,0.1262541562318802,0.13561886548995972,0.13561886548995972,0.9333333333333333,1.0,23,23
25,t2_b0,18,2,-0.14445236450519777,0.08320731669664383,0.02591446414589882,0.02591446414589882,0.9333333333333333,1.0,23,23
25,t2_b0,23,11,-0.6826019984933389,0.07930245995521545,0.290249228477478,0.290249228477478,0.9500000000000001,1.0,24,24
25,t2_b0,33,5,-0.0292142943889158,0.11143729835748672,0.00989143643528223,0.00989143643528223,0.9142857142857143,1.0,24,24
25,t2_b0,37,34,-0.06502350475342332,0.09168578684329987,0.012278899550437927,0.012278899550437927,0.9166666666666667,1.0,23,23
25,t2_b0,3,17,-0.007236202836238316,0.12590253353118896,0.008862961083650589,0.008862961083650589,0.925,1.0,23,23
25,t2_b0,38,31,0.0,0.11744432896375656,0.00689658522605896,0.00689658522605896,0.9142857142857143,1.0,24,24
26,t2_b0,14,31,0.011034449679848544,0.10596606135368347,0.004506005439907312,0.004506005439907312,0.9142857142857143,1.0,25,25
26,t2_b0,28,17,0.008829453851354325,0.11798427253961563,0.005957387387752533,0.005957387387752533,0.025,1.0,24,24
26,t2_b0,29,18,0.31141478449621324,0.08775261044502258,0.025012383237481117,0.025012383237481117,0.925,1.0,24,24
26,t2_b0,9,12,0.12574068625748294,0.16286134719848633,0.0006889715441502631,0.0006889715441502631,0.9500000000000001,1.0,24,24
26,t2_b0,19,39,-0.33264017757170045,0.1266668736934662,0.10548148304224014,0.10548148304224014,0.9333333333333333,1.0,25,25
26,t2_b0,34,2,0.01377764932437691,0.09644494205713272,0.0034169405698776245,0.0034169405698776245,0.92,1.0,24,24
26,t2_b0,4,1,0.14448707727202267,0.11245477944612503,0.0005130342324264348,0.0005130342324264348,0.9142857142857143,1.0,25,25
27,t2_b0,15,36,0.0,0.09356152266263962,0.0043768794275820255,0.0043768794275820255,0.02,1.0,26,25
27,t2_b0,35,34,0.01250212389811221,0.09773185849189758,0.0036320537328720093,0.0036320537328720093,0.925,1.0,25,26
27,t2_b0,10,0,0.04881205364853115,0.07689578086137772,0.00039434785139746964,0.00039434785139746964,0.9500000000000001,1.0,26,26
27,t2_b0,20,3,0.0,0.1176019012928009,0.006915103644132614,0.006915103644132614,0.9333333333333333,1.0,25,25
27,t2_b0,24,12,0.08354691415549635,0.16611170768737793,0.0034084725193679333,0.0034084725193679333,0.9333333333333333,1.0,25,25
27,t2_b0,16,29,0.892188323570728,0.08865256607532501,0.322834849357605,0.322834849357605,0.05,1.0,25,26
27,t2_b0,39,1,-0.10071101427599499,0.1181631088256836,0.023952942341566086,0.023952942341566086,0.9142857142857143,1.0,26,26
27,t2_b0,5,30,0.24071196503132028,0.1035722866654396,0.009403645992279053,0.009403645992279053,0.92,1.0,26,26
28,t2_b0,11,2,-0.4364308061204804,0.08644694089889526,0.1367005705833435,0.1367005705833435,0.925,1.0,27,27
28,t2_b0,1,33,0.20127174341150222,0.1114497035741806,0.004033999517560005,0.004033999517560005,0.014285714285714287,1.0,27,27
28,t2_b0,16,15,-0.27402222019068684,0.09225516021251678,0.0670795664191246,0.0670795664191246,0.02,1.0,27,27
28,t2_b0,6,19,0.0,0.11845531314611435,0.007015830837190151,0.007015830837190151,0.925,1.0,27,27
28,t2_b0,31,5,0.35757182122689346,0.10791578143835068,0.03116406500339508,0.03116406500339508,0.9111111111111111,1.0,27,27
28,t2_b0,22,14,-0.08326077131136339,0.1097029447555542,0.018617497757077217,0.018617497757077217,0.9125,1.0,27,27
28,t2_b0,0,10,-0.13568837185565696,0.07791798561811447,0.022813837975263596,0.022813837975263596,0.9333333333333333,1.0,27,27
28,t2_b0,36,34,0.2150875687359141,0.09890827536582947,0.006748813204467297,0.006748813204467297,0.9333333333333333,1.0,27,27
29,t2_b0,2,11,-0.34544959160546523,0.08653107285499573,0.09330365061759949,0.09330365061759949,0.9142857142857143,1.0,28,28
29,t2_b0,27,24,0.3122810511483105,0.17260535061359406,0.009754649363458157,0.009754649363458157,0.9500000000000001,1.0,27,27
29,t2_b0,22,4,0.028274161607892312,0.11286970227956772,0.0035782025661319494,0.0035782025661319494,0.9125,1.0,28,28
29,t2_b0,7,0,0.9567435423690606,0.074950210750103,0.38877972960472107,0.38877972960472107,0.9500000000000001,1.0,28,28
29,t2_b0,17,20,0.0973353954143319,0.11426880955696106,0.00014337021275423467,0.00014337021275423467,0.92,1.0,28,28
29,t2_b0,37,34,0.1815565572410359,0.0850638821721077,0.004655417520552874,0.004655417520552874,0.9166666666666667,1.0,28,28
29,t2_b0,26,6,0.23267690608656225,0.11222350597381592,0.007254511117935181,0.007254511117935181,0.9500000000000001,1.0,28,28
30,t2_b0,18,11,-0.3015152947967445,0.08243446797132492,0.07370870560407639,0.07370870560407639,0.9166666666666667,1.0,29,29
30,t2_b0,32,24,0.22721904431765436,0.17928361892700195,0.001148902578279376,0.001148902578279376,0.9500000000000001,1.0,28,29
30,t2_b0,3,17,0.017656179903707526,0.12488376349210739,0.005748877767473459,0.005748877767473459,0.925,1.0,29,29
30,t2_b0,13,25,0.0,0.11922820657491684,0.007107682526111603,0.007107682526111603,0.03333333333333333,1.0,29,28
30,t2_b0,12,1,-0.09683904501044623,0.13025033473968506,0.025784792378544807,0.025784792378544807,0.9125,1.0,29,29
30,t2_b0,33,22,0.08836935652406605,0.11279616504907608,0.0002983345475513488,0.0002983345475513488,0.9125,1.0,29,29
30,t2_b0,30,5,0.19172135039621258,0.09664715826511383,0.004519551061093807,0.004519551061093807,0.92,1.0,29,29
31,t2_b0,14,30,-0.05126556772664512,0.10996577143669128,0.012997772544622421,0.012997772544622421,0.9142857142857143,1.0,30,30
31,t2_b0,23,0,-0.09200286069742707,0.09284581989049911,0.0170845165848732,0.0170845165848732,0.92,1.0,30,30
31,t2_b0,19,6,0.0,0.1250520795583725,0.007819010876119137,0.007819010876119137,0.9333333333333333,1.0,30,30
31,t2_b0,9,13,0.06019077522911512,0.10585781186819077,0.0010427391389384866,0.0010427391389384866,0.03333333333333333,1.0,30,30
31,t2_b0,34,2,0.0,0.08409038186073303,0.003535596188157797,0.003535596188157797,0.9166666666666667,1.0,30,30
31,t2_b0,29,17,0.0458690796581337,0.09648233652114868,0.001280850963667035,0.001280850963667035,0.92,1.0,30,30
31,t2_b0,28,37,-0.030112579395378297,0.10012803971767426,0.008481309749186039,0.008481309749186039,0.92,1.0,30,30
31,t2_b0,38,4,-0.0515854684259053,0.11788538098335266,0.014360183849930763,0.014360183849930763,0.9125,1.0,30,30
32,t2_b0,25,3,0.9354917094592289,0.11788994073867798,0.3342362940311432,0.3342362940311432,0.9333333333333333,1.0,31,31
32,t2_b0,15,2,0.0,0.08295509219169617,0.003440773580223322,0.003440773580223322,0.9166666666666667,1.0,31,31
32,t2_b0,4,31,0.05616781629212966,0.1136251837015152,0.0016506746178492904,0.0016506746178492904,0.9111111111111111,1.0,31,31
32,t2_b0,20,29,-0.03563648184054353,0.1058705747127533,0.010012123733758926,0.010012123733758926,0.925,1.0,31,31
32,t2_b0,10,0,-0.06205345799907012,0.08452221006155014,0.01074221171438694,0.01074221171438694,0.9333333333333333,1.0,31,31
33,t2_b0,35,15,0.005921589791195863,0.0800739973783493,0.0027492898516356945,0.0027492898516356945,0.925,1.0,32,32
33,t2_b0,1,4,0.22486617878281073,0.11588078737258911,0.005938908085227013,0.005938908085227013,0.9111111111111111,1.0,32,32
33,t2_b0,5,30,-0.011204451592451476,0.10471019893884659,0.006718102842569351,0.006718102842569351,0.02,1.0,32,32
33,t2_b0,26,12,0.16932896768946554,0.1226872056722641,0.0010877272579818964,0.0010877272579818964,0.9333333333333333,1.0,32,32
34,t2_b0,27,3,0.1384132042134694,0.12656040489673615,7.024444494163617e-05,7.024444494163617e-05,0.025,1.0,33,33
34,t2_b0,30,5,0.02483668585473109,0.09716309607028961,0.002615554491057992,0.002615554491057992,0.025,1.0,33,33
34,t2_b0,12,4,-0.021057144370533375,0.12602564692497253,0.010816673748195171,0.010816673748195171,0.9125,1.0,33,33
34,t2_b0,22,31,0.16599201979771505,0.11319849640130997,0.0013935781316831708,0.0013935781316831708,0.9125,1.0,33,33
34,t2_b0,7,10,0.11551735253444206,0.08244376629590988,0.0005469311727210879,0.0005469311727210879,0.9333333333333333,1.0,33,33
34,t2_b0,36,15,0.02362810448903269,0.08581463992595673,0.001933582592755556,0.001933582592755556,0.9333333333333333,1.0,33,33
34,t2_b0,11,2,-0.24227134113552135,0.08166675269603729,0.052467938512563705,0.052467938512563705,0.9166666666666667,1.0,33,33
34,t2_b0,17,29,0.08013767426251259,0.10527008026838303,0.0003158188483212143,0.0003158188483212143,0.925,1.0,33,33
34,t2_b0,6,1,-0.0045996758012922315,0.12725616991519928,0.00869298167526722,0.00869298167526722,0.9166666666666667,1.0,33,33
35,t2_b0,33,14,0.2359413939290441,0.1132379025220871,0.0075280736200511456,0.0075280736200511456,0.9125,1.0,34,34
35,t2_b0,8,16,0.9803958266268199,0.07781929522752762,0.4073222279548645,0.4073222279548645,1.0,1.0,32,32
35,t2_b0,13,27,-0.5691036903459195,0.1201258972287178,0.23751872777938843,0.23751872777938843,0.03333333333333333,1.0,34,34
35,t2_b0,3,17,0.0,0.11173698306083679,0.0062425765208899975,0.0062425765208899975,0.02,1.0,34,34
35,t2_b0,0,30,0.0,0.08836020529270172,0.0039037629030644894,0.0039037629030644894,0.925,1.0,34,34
35,t2_b0,39,6,-0.0066769204918817274,0.11436273157596588,0.007325298618525267,0.007325298618525267,0.9111111111111111,1.0,34,34
35,t2_b0,18,37,0.0959482361406792,0.0756237655878067,0.00020654201216530055,0.00020654201216530055,0.92,1.0,34,34
36,t2_b0,28,18,0.13654604623672248,0.08459199965000153,0.0013496114406734705,0.0013496114406734705,0.925,1.0,35,35
36,t2_b0,19,6,0.0,0.11725478619337082,0.0068743424490094185,0.0068743424490094185,0.925,1.0,35,35
36,t2_b0,14,33,0.0,0.10924696922302246,0.005967450328171253,0.005967450328171253,0.014285714285714287,1.0,35,35
36,t2_b0,38,4,0.13751740179548405,0.11610809713602066,0.00022917929163668305,0.00022917929163668305,0.9125,1.0,35,35
36,t2_b0,23,10,-0.24853163076979404,0.08501586318016052,0.05562695860862732,0.05562695860862732,0.9500000000000001,1.0,35,35
36,t2_b0,31,22,0.01633077379985346,0.11043199151754379,0.004427519626915455,0.004427519626915455,0.9111111111111111,1.0,35,35
36,t2_b0,21,30,0.625442688678713,0.1055707335472107,0.13513341546058655,0.13513341546058655,1.0,1.0,35,35
36,t2_b0,16,8,-0.007884075774389132,0.09493714570999146,0.005286102183163166,0.005286102183163166,1.0,1.0,33,33
36,t2_b0,2,34,0.054981908550589764,0.0719018429517746,0.00014314206782728434,0.00014314206782728434,0.92,1.0,35,35
36,t2_b0,29,17,0.090591986481854,0.08369283378124237,2.3799175323802046e-05,2.3799175323802046e-05,0.9166666666666667,1.0,35,35
36,t2_b0,32,27,-0.02478183023325507,0.12241532653570175,0.010833501815795898,0.010833501815795898,0.9500000000000001,1.0,35,35
37,t2_b0,25,27,-0.6252849915891197,0.10548841953277588,0.26701486110687256,0.26701486110687256,0.9500000000000001,1.0,36,36
37,t2_b0,10,0,-0.03576036941899325,0.08834262192249298,0.007700776681303978,0.007700776681303978,0.9333333333333333,1.0,36,36
37,t2_b0,24,1,-0.006240982838961635,0.11371598392724991,0.0071948375552892685,0.0071948375552892685,0.9166666666666667,1.0,36,36
37,t2_b0,20,29,-0.02413736508200919,0.09104356914758682,0.00663332361727953,0.00663332361727953,0.92,1.0,36,36
37,t2_b0,5,30,0.13587019097926,0.10598348826169968,0.0004466074169613421,0.0004466074169613421,0.9166666666666667,1.0,36,36
37,t2_b0,4,31,0.1081919084393872,0.10819981247186661,3.1245034337601396e-11,3.1245034337601396e-11,0.9111111111111111,1.0,36,36
37,t2_b0,15,2,0.00691015947415888,0.06739509105682373,0.0018292134627699852,0.0018292134627699852,0.92,1.0,36,36
38,t2_b0,34,2,0.022221672696839265,0.06438474357128143,0.0008888622396625578,0.0008888622396625578,0.92,1.0,37,37
38,t2_b0,26,19,0.05626712419203609,0.11217433214187622,0.0015628079418092966,0.0015628079418092966,0.9333333333333333,1.0,37,37
38,t2_b0,11,35,-0.10000238512005845,0.06444713473320007,0.013521821238100529,0.013521821238100529,0.92,1.0,37,37
38,t2_b0,16,8,0.007253706167337365,0.10170593857765198,0.004460611846297979,0.004460611846297979,1.0,1.0,35,35
38,t2_b0,37,18,0.042832338059652114,0.07756295800209045,0.0006031080265529454,0.0006031080265529454,0.92,1.0,37,37
38,t2_b0,1,4,0.3134605731764659,0.11046750098466873,0.02060309238731861,0.02060309238731861,0.9111111111111111,1.0,37,37
38,t2_b0,36,15,0.20813938515618965,0.0663912296295166,0.010046270675957203,0.010046270675957203,0.925,1.0,37,37
38,t2_b0,30,5,0.0,0.10079848021268845,0.0050801667384803295,0.0050801667384803295,0.92,1.0,37,37
39,t2_b0,7,0,0.1287690117371087,0.08061174303293228,0.0011595612158998847,0.0011595612158998847,0.9333333333333333,1.0,38,38
39,t2_b0,27,13,-0.05875377347666243,0.10220078378915787,0.01295318640768528,0.01295318640768528,0.9333333333333333,1.0,38,38
39,t2_b0,31,4,0.2172508636681975,0.11037439852952957,0.005711290054023266,0.005711290054023266,0.9111111111111111,1.0,38,38
39,t2_b0,2,34,0.0,0.05927641689777374,0.0017568467883393168,0.0017568467883393168,0.92,1.0,38,38
39,t2_b0,22,14,-0.016443990575359214,0.11242973804473877,0.00830421969294548,0.00830421969294548,0.9125,1.0,38,38
39,t2_b0,39,1,0.03488884640501708,0.1144978404045105,0.0031687957234680653,0.0031687957234680653,0.011111111111111112,1.0,38,38
39,t2_b0,21,30,0.198754536654299,0.09238950908184052,0.00565675925463438,0.00565675925463438,0.92,1.0,38,38
39,t2_b0,32,17,-0.9233410184575526,0.09922026842832565,0.5225613117218018,0.5225613117218018,0.92,1.0,38,38
40,t2_b0,18,2,0.020034864746725438,0.065651074051857,0.0010404193308204412,0.0010404193308204412,0.925,1.0,39,39
40,t2_b0,12,1,0.013803764490171705,0.1146017536520958,0.005080117378383875,0.005080117378383875,0.9125,1.0,39,39
40,t2_b0,35,15,-0.005890937608033326,0.052501291036605835,0.0017048260197043419,0.0017048260197043419,0.92,1.0,39,39
40,t2_b0,13,3,-0.034379338839175745,0.0978761613368988,0.00874575786292553,0.00874575786292553,0.925,1.0,39,39
40,t2_b0,17,20,-0.00467663432998479,0.08382982015609741,0.0039166961796581745,0.0039166961796581745,0.92,1.0,39,39
40,t2_b0,38,14,0.054306850454084156,0.11423800140619278,0.00179587141610682,0.00179587141610682,0.9125,1.0,39,39
40,t2_b0,0,30,-0.008214939188906574,0.09228557348251343,0.005050176288932562,0.005050176288932562,0.925,1.0,39,39
41,t2_b0,28,18,-0.0244623720731097,0.07616421580314636,0.005062855314463377,0.005062855314463377,0.925,1.0,40,40
41,t2_b0,34,15,0.1777974374650861,0.05455440282821655,0.0075944229029119015,0.0075944229029119015,0.925,1.0,40,40
41,t2_b0,19,6,0.0,0.11050253361463547,0.0061054048128426075,0.0061054048128426075,0.925,1.0,40,40
41,t2_b0,39,1,0.06297166369776051,0.10901699960231781,0.00106008630245924,0.00106008630245924,0.9111111111111111,1.0,40,40
41,t2_b0,14,30,-0.037117777354834354,0.10699358582496643,0.010384042747318745,0.010384042747318745,0.9142857142857143,1.0,40,40
41,t2_b0,29,37,0.0339047742286081,0.0783989354968071,0.000989865162409842,0.000989865162409842,0.9166666666666667,1.0,40,40
41,t2_b0,8,21,-1.0,0.09819839149713516,0.598198413848877,0.598198413848877,1.0,1.0,40,40
42,t2_b0,5,30,0.13223427461448958,0.10041671246290207,0.0005061786505393684,0.0005061786505393684,0.92,1.0,41,41
42,t2_b0,33,38,0.0,0.09868742525577545,0.004869604017585516,0.004869604017585516,0.0125,1.0,41,41
42,t2_b0,25,32,-0.04797372398327302,0.08878499269485474,0.009351473301649094,0.009351473301649094,0.9500000000000001,1.0,41,41
42,t2_b0,10,0,-0.11893839452469773,0.08568272739648819,0.020934902131557465,0.020934902131557465,0.9333333333333333,1.0,41,41
42,t2_b0,24,1,-0.035908762230235945,0.10673758387565613,0.010173989459872246,0.010173989459872246,0.9166666666666667,1.0,41,41
42,t2_b0,20,17,0.0,0.08159150928258896,0.0033285871613770723,0.0033285871613770723,0.92,1.0,41,41
42,t2_b0,15,34,0.0,0.05534716323018074,0.0015316542703658342,0.0015316542703658342,0.925,1.0,41,41
43,t2_b0,21,8,0.05879861112297072,0.08612731099128723,0.0003734289202839136,0.0003734289202839136,1.0,1.0,42,42
43,t2_b0,26,6,0.0262622697680545,0.10649747401475906,0.0032188440673053265,0.0032188440673053265,0.9333333333333333,1.0,42,42
43,t2_b0,30,14,0.0612930159099814,0.0979340523481369,0.0006712827598676085,0.0006712827598676085,0.925,1.0,42,42
43,t2_b0,3,17,0.0,0.07214588671922684,0.0026025145780295134,0.0026025145780295134,0.925,1.0,42,42
43,t2_b0,11,0,0.9782035413209508,0.07638904452323914,0.406634658575058,0.406634658575058,0.9333333333333333,1.0,42,42
43,t2_b0,31,22,0.22060354305847665,0.10236331075429916,0.006990375928580761,0.006990375928580761,0.9111111111111111,1.0,42,42
43,t2_b0,36,35,0.5138447658416575,0.052511006593704224,0.10641442984342575,0.10641442984342575,0.9333333333333333,1.0,42,42
43,t2_b0,37,29,0.2648962102583706,0.06896116584539413,0.01919526979327202,0.01919526979327202,0.92,1.0,42,42
44,t2_b0,0,30,-0.09772560039005451,0.07966028153896332,0.01573287509381771,0.01573287509381771,0.92,1.0,43,43
44,t2_b0,22,14,0.10030323520571631,0.10400039702653885,6.834512078057742e-06,6.834512078057742e-06,0.9125,1.0,43,43
44,t2_b0,17,29,0.0,0.0644296258687973,0.0020755883306264877,0.0020755883306264877,0.025,1.0,43,43
44,t2_b0,7,10,0.05433836743839733,0.07830645143985748,0.00028723455034196377,0.00028723455034196377,0.9333333333333333,1.0,43,43
44,t2_b0,32,13,-0.048372698884523994,0.08632899820804596,0.009072273969650269,0.009072273969650269,0.9500000000000001,1.0,43,43
44,t2_b0,37,18,0.05237162558256302,0.07348619401454926,0.00022291250934358686,0.00022291250934358686,0.92,1.0,43,43
44,t2_b0,1,4,0.0,0.10506140440702438,0.0055189491249620914,0.0055189491249620914,0.9111111111111111,1.0,43,43
44,t2_b0,35,34,-0.022291708412225556,0.05770745128393173,0.003199933096766472,0.003199933096766472,0.925,1.0,43,43
45,t2_b0,8,5,-0.673644481982186,0.08936972916126251,0.2910953462123871,0.2910953462123871,0.925,1.0,44,44
45,t2_b0,2,15,0.0264985147451156,0.05914173275232315,0.0005327898543328047,0.0005327898543328047,0.025,1.0,44,44
45,t2_b0,28,20,0.09166673393335163,0.07618428766727448,0.00011985309538431466,0.00011985309538431466,0.925,1.0,44,44
45,t2_b0,6,1,0.09896979553415333,0.10859163105487823,4.6289867896120995e-05,4.6289867896120995e-05,0.9166666666666667,1.0,44,44
45,t2_b0,3,17,0.0,0.06616945564746857,0.0021891985088586807,0.0021891985088586807,0.92,1.0,44,44
45,t2_b0,38,4,0.307052738326982,0.11004133522510529,0.019406745210289955,0.019406745210289955,0.9125,1.0,44,44
46,t2_b0,33,4,-0.031647792469447406,0.10495631396770477,0.00933033972978592,0.00933033972978592,0.9125,1.0,45,45
46,t2_b0,18,2,0.00315024838477465,0.05891812965273857,0.0015550283715128899,0.0015550283715128899,0.925,1.0,45,45
46,t2_b0,27,23,0.8572030409314119,0.09515627473592758,0.29035767912864685,0.29035767912864685,1.0,1.0,1,45
46,t2_b0,19,1,0.0017552996384381965,0.10339350998401642,0.0051651629619300365,0.0051651629619300365,0.92,1.0,45,45
46,t2_b0,14,5,0.13446213493891293,0.10206497460603714,0.0005247879307717085,0.0005247879307717085,0.9142857142857143,1.0,45,45
46,t2_b0,32,21,0.9457575899041998,0.12206802517175674,0.3392322063446045,0.3392322063446045,1.0,1.0,43,43
46,t2_b0,29,17,0.1453186229021221,0.07366320490837097,0.0025672498159110546,0.0025672498159110546,0.925,1.0,45,45
47,t2_b0,12,24,0.008526443900918907,0.10048021376132965,0.004227747675031424,0.004227747675031424,0.0125,1.0,46,46
47,t2_b0,25,3,-0.06969649760948171,0.05852742865681648,0.008220687508583069,0.008220687508583069,0.9333333333333333,1.0,46,46
47,t2_b0,35,34,0.0,0.052990008145570755,0.0014039705274626613,0.0014039705274626613,0.925,1.0,46,46
47,t2_b0,39,4,-0.027016642824855316,0.10144129395484924,0.008250720798969269,0.008250720798969269,0.91,1.0,46,46
47,t2_b0,20,17,-0.08824501576901364,0.06457366049289703,0.011676774360239506,0.011676774360239506,0.92,1.0,46,46
47,t2_b0,5,14,0.13928143078750563,0.09226574003696442,0.0011052378686144948,0.0011052378686144948,0.9125,1.0,46,46
47,t2_b0,10,0,-0.15839598575340733,0.0820159912109375,0.02889895997941494,0.02889895997941494,0.016666666666666666,1.0,46,46
47,t2_b0,23,30,0.6777450106965783,0.09542883932590485,0.16954605281352997,0.16954605281352997,0.9166666666666667,1.0,46,46
48,t2_b0,11,10,-0.04197288756570104,0.05772142484784126,0.004969477653503418,0.004969477653503418,0.9500000000000001,1.0,47,47
48,t2_b0,13,17,-0.10785200576696335,0.052124135196208954,0.012796182185411453,0.012796182185411453,0.92,1.0,47,47
48,t2_b0,26,1,0.18094779013060902,0.09674999862909317,0.0035446344409137964,0.0035446344409137964,0.925,1.0,47,47
48,t2_b0,30,5,0.0,0.08187289535999298,0.0033515854738652706,0.0033515854738652706,0.9142857142857143,1.0,47,47
48,t2_b0,15,34,0.001984086735531704,0.05082716420292854,0.0011928231688216329,0.0011928231688216329,0.92,1.0,47,47
48,t2_b0,4,22,0.2201559789080876,0.0958411768078804,0.007727085612714291,0.007727085612714291,0.9111111111111111,1.0,47,47
48,t2_b0,21,32,-0.023084082569710226,0.1302446722984314,0.011754852719604969,0.011754852719604969,1.0,1.0,45,45
49,t2_b0,27,5,0.24550295691348284,0.08897548913955688,0.012250425294041634,0.012250425294041634,0.92,1.0,48,48
49,t2_b0,37,20,0.2693204640049203,0.052861783653497696,0.02342717908322811,0.02342717908322811,0.92,1.0,48,48
49,t2_b0,34,15,0.010355720512210143,0.045939791947603226,0.0006331130280159414,0.0006331130280159414,0.925,1.0,48,48
49,t2_b0,24,1,-0.03732584794183873,0.10057039558887482,0.009507686831057072,0.009507686831057072,0.9142857142857143,1.0,48,48
49,t2_b0,12,4,-0.09075464156370062,0.0992245078086853,0.01804603822529316,0.01804603822529316,0.9111111111111111,1.0,48,48
49,t2_b0,0,14,-0.019123568296717963,0.0828862339258194,0.00520299980416894,0.00520299980416894,0.9142857142857143,1.0,48,48
49,t2_b0,22,31,-0.00028289140859330184,0.09737972915172577,0.004768993705511093,0.004768993705511093,0.9125,1.0,48,48
49,t2_b0,17,9,-0.06077769522773588,0.0467820018529892,0.005784544162452221,0.005784544162452221,0.016666666666666666,1.0,48,48
49,t2_b0,7,10,0.05783364114069829,0.0787203311920166,0.00021812689374201,0.00021812689374201,0.92,1.0,48,48
50,t2_b0,36,34,0.06524237737495348,0.053793974220752716,6.553299317602068e-05,6.553299317602068e-05,0.9500000000000001,1.0,49,49
50,t2_b0,3,17,0.0,0.04752239212393761,0.0011291889240965247,0.0011291889240965247,0.92,1.0,49,49
50,t2_b0,23,5,0.0,0.08962920308113098,0.0040166969411075115,0.0040166969411075115,0.9125,1.0,49,49
50,t2_b0,31,14,0.15085563560574317,0.0867074728012085,0.0020574929658323526,0.0020574929658323526,0.9166666666666667,1.0,49,49
50,t2_b0,2,29,0.016056759234047698,0.053821828216314316,0.0007131003076210618,0.0007131003076210618,0.9166666666666667,1.0,49,49
50,t2_b0,21,16,0.9920976429055383,0.071551114320755,0.4237029552459717,0.4237029552459717,1.0,1.0,49,49
50,t2_b0,38,33,0.3133989610212611,0.09663387387990952,0.02349354885518551,0.02349354885518551,0.9142857142857143,1.0,49,49
50,t2_b0,28,37,0.043705418558066915,0.057772181928157806,9.893691458273679e-05,9.893691458273679e-05,0.016666666666666666,1.0,49,49
50,t2_b0,8,30,-0.21588809039886883,0.08675751090049744,0.04579717665910721,0.04579717665910721,0.9142857142857143,1.0,49,49
50,t2_b0,6,4,-0.012653086231826541,0.09345454722642899,0.005629415158182383,0.005629415158182383,0.9111111111111111,1.0,49,49
51,t2_b0,13,17,-0.0810344503834369,0.036730267107486725,0.006934264674782753,0.006934264674782753,0.925,1.0,50,50
51,t2_b0,14,5,0.22919928280027588,0.0855276882648468,0.010320762172341347,0.010320762172341347,0.9111111111111111,1.0,50,50
51,t2_b0,19,6,0.3332957135253073,0.09009677916765213,0.029572859406471252,0.029572859406471252,0.014285714285714287,1.0,50,50
51,t2_b0,1,12,-0.014437621940678071,0.09234499931335449,0.00570126436650753,0.00570126436650753,0.9500000000000001,1.0,50,50
51,t2_b0,39,22,0.011377774968732112,0.09105372428894043,0.0031741284765303135,0.0031741284765303135,0.9125,1.0,50,50
51,t2_b0,29,20,0.4135044955419243,0.03806311637163162,0.07047811150550842,0.07047811150550842,0.9166666666666667,1.0,50,50
51,t2_b0,16,18,0.13603964535812338,0.05425712838768959,0.0033441903069615364,0.0033441903069615364,0.9166666666666667,1.0,50,50
52,t2_b0,24,22,-0.1903551327087426,0.09116919338703156,0.03962797299027443,0.03962797299027443,0.9125,1.0,51,51
52,t2_b0,10,14,-0.1167904219932014,0.08336679637432098,0.020031457766890526,0.020031457766890526,0.91,1.0,51,51
52,t2_b0,4,12,0.06112609872965641,0.08574836701154709,0.0003031280648428947,0.0003031280648428947,0.014285714285714287,1.0,51,51
52,t2_b0,5,31,0.0031484437515235802,0.08310731500387192,0.0031967104878276587,0.0031967104878276587,0.01,1.0,51,51
52,t2_b0,15,18,0.005397956045770546,0.05060155317187309,0.0010216825176030397,0.0010216825176030397,0.9142857142857143,1.0,51,51
52,t2_b0,25,17,-0.22346778461008696,0.05132133513689041,0.03775453194975853,0.03775453194975853,0.9166666666666667,1.0,51,51
53,t2_b0,30,14,0.0,0.0737554281949997,0.002719931537285447,0.002719931537285447,0.9111111111111111,1.0,52,52
53,t2_b0,26,4,-0.06968540532372515,0.08703313767910004,0.012280352413654327,0.012280352413654327,0.9166666666666667,1.0,52,52
53,t2_b0,9,17,-0.13087502190105554,0.05169257894158363,0.016665464267134666,0.016665464267134666,0.9333333333333333,1.0,52,52
53,t2_b0,33,5,-0.09781354169682631,0.07685942947864532,0.015255321748554707,0.015255321748554707,0.014285714285714287,1.0,52,52
53,t2_b0,16,18,0.48557014614478444,0.0531730130314827,0.09348363429307938,0.09348363429307938,0.9166666666666667,1.0,52,52
53,t2_b0,20,29,0.007041624485006436,0.044253796339035034,0.0006923728506080806,0.0006923728506080806,0.9142857142857143,1.0,52,52
53,t2_b0,35,36,0.0037129159772211692,0.04578559473156929,0.0008850551676005125,0.0008850551676005125,0.025,1.0,52,52
53,t2_b0,32,8,-0.0621449545853715,0.09148231893777847,0.011800670064985752,0.011800670064985752,0.05,1.0,52,52
54,t2_b0,1,3,-0.9228625813182039,0.06961549818515778,0.49250635504722595,0.49250635504722595,1.0,1.0,53,53
54,t2_b0,36,35,0.0,0.05205927789211273,0.0013550842413678765,0.0013550842413678765,0.05,1.0,53,53
54,t2_b0,17,25,-0.04103872727554462,0.030929110944271088,0.002589684911072254,0.002589684911072254,0.02,1.0,53,53
54,t2_b0,32,30,-0.6584727221315264,0.0805475190281868,0.2730754613876343,0.2730754613876343,0.925,1.0,53,53
54,t2_b0,12,22,-0.1160564601001979,0.0852813720703125,0.020268460735678673,0.020268460735678673,0.9125,1.0,53,53
54,t2_b0,18,34,0.05596505463856874,0.04695750027894974,4.056801844853908e-05,4.056801844853908e-05,0.9142857142857143,1.0,53,53
54,t2_b0,7,5,0.2537802395168507,0.07918566465377808,0.015241634100675583,0.015241634100675583,0.9166666666666667,1.0,53,53
54,t2_b0,37,20,-0.08567555428414718,0.03709133714437485,0.007535854820162058,0.007535854820162058,0.9166666666666667,1.0,53,53
54,t2_b0,31,14,0.07375489046455233,0.07487021386623383,6.219717079147813e-07,6.219717079147813e-07,0.9125,1.0,53,53
55,t2_b0,8,5,-0.034346801450710854,0.08207903057336807,0.006777486763894558,0.006777486763894558,0.9142857142857143,1.0,54,54
55,t2_b0,6,26,0.013817630034500773,0.07995358854532242,0.002186982426792383,0.002186982426792383,0.9166666666666667,1.0,54,54
55,t2_b0,18,34,0.24945295274402138,0.04144652187824249,0.021633336320519447,0.021633336320519447,0.9125,1.0,54,54
55,t2_b0,3,1,-0.09205391247178743,0.039729222655296326,0.008683396503329277,0.008683396503329277,0.925,1.0,54,54
55,t2_b0,28,15,0.010418410180518865,0.04605825990438461,0.0006350994226522744,0.0006350994226522744,0.9125,1.0,54,54
55,t2_b0,38,33,0.10450331745536781,0.08195137232542038,0.0002542951551731676,0.0002542951551731676,0.9166666666666667,1.0,54,54
55,t2_b0,22,12,-0.1394650479231413,0.07476386427879333,0.02294701337814331,0.02294701337814331,0.9500000000000001,1.0,54,54
56,t2_b0,14,5,0.19557642595909003,0.07586213946342468,0.007165755610913038,0.007165755610913038,0.91,1.0,55,55
56,t2_b0,19,26,0.15781618713454074,0.07556115090847015,0.0033829454332590103,0.0033829454332590103,0.92,1.0,55,55
56,t2_b0,24,22,0.14396520276848435,0.07525401562452316,0.0023606133181601763,0.0023606133181601763,0.9142857142857143,1.0,55,55
56,t2_b0,21,34,0.2642825588031279,0.0506661981344223,0.022815974429249763,0.022815974429249763,0.9166666666666667,1.0,55,55
56,t2_b0,0,39,-0.29062004663322794,0.07679793238639832,0.06749799102544785,0.06749799102544785,0.9125,1.0,55,55
56,t2_b0,2,15,0.0016795738719648044,0.04005990922451019,0.0007365251076407731,0.0007365251076407731,0.9111111111111111,1.0,55,55
56,t2_b0,9,17,0.024051703770320464,0.03546912223100662,6.517872679978609e-05,6.517872679978609e-05,0.925,1.0,55,55
57,t2_b0,34,18,0.012874316143512676,0.04379447549581528,0.000478028116049245,0.000478028116049245,0.9142857142857143,1.0,56,56
57,t2_b0,5,14,0.2514644249001194,0.07468187063932419,0.015626035630702972,0.015626035630702972,0.9111111111111111,1.0,56,56
57,t2_b0,23,8,0.11157543189317044,0.07816816121339798,0.0005580228753387928,0.0005580228753387928,0.02,1.0,56,56
57,t2_b0,20,1,-0.6381667604133368,0.03128217160701752,0.22408096492290497,0.22408096492290497,0.016666666666666666,1.0,56,56
57,t2_b0,10,39,-0.17894649931983275,0.07164520770311356,0.03139809891581535,0.03139809891581535,0.9111111111111111,1.0,56,56
57,t2_b0,4,19,0.9914039700733008,0.07710537314414978,0.41797101497650146,0.41797101497650146,0.9500000000000001,1.0,56,56
57,t2_b0,29,17,-0.12322339877736128,0.031656354665756226,0.01199386827647686,0.01199386827647686,0.9166666666666667,1.0,56,56
57,t2_b0,25,2,-0.5220504723913892,0.04419190436601639,0.16031523048877716,0.16031523048877716,0.9125,1.0,56,56
58,t2_b0,15,21,0.006379425558705043,0.034007586538791656,0.00038165764999575913,0.00038165764999575913,0.0125,1.0,57,57
58,t2_b0,1,22,0.2762843603034529,0.028028152883052826,0.030815571546554565,0.030815571546554565,0.9166666666666667,1.0,57,57
58,t2_b0,26,19,0.0,0.0622379370033741,0.0019367804052308202,0.0019367804052308202,0.9142857142857143,1.0,57,57
58,t2_b0,27,5,0.0021345948618734147,0.09056539833545685,0.003910003695636988,0.003910003695636988,0.9333333333333333,1.0,57,57
58,t2_b0,30,14,0.0,0.07836755365133286,0.0030707367695868015,0.0030707367695868015,0.9142857142857143,1.0,57,57
58,t2_b0,16,18,0.2491731722309265,0.046361736953258514,0.020566241815686226,0.020566241815686226,0.9125,1.0,57,57
58,t2_b0,33,38,0.028943831845026066,0.060729000717401505,0.0005051484331488609,0.0005051484331488609,0.02,1.0,57,57
59,t2_b0,6,26,0.18695138538796277,0.06168531998991966,0.007845792919397354,0.007845792919397354,0.9125,1.0,58,58
59,t2_b0,31,14,0.17746716806974505,0.06925558298826218,0.005854873452335596,0.005854873452335596,0.92,1.0,58,58
59,t2_b0,37,29,0.29106037524847833,0.027695655822753906,0.03468048945069313,0.03468048945069313,0.925,1.0,58,58
59,t2_b0,36,34,-0.0004231568118629433,0.04669354483485222,0.0011099916882812977,0.0011099916882812977,0.9500000000000001,1.0,58,58
59,t2_b0,39,33,-0.01970914772114037,0.06434798240661621,0.003532800590619445,0.003532800590619445,0.9142857142857143,1.0,58,58
59,t2_b0,17,1,-0.3959407565657406,0.027202904224395752,0.08952527493238449,0.08952527493238449,0.92,1.0,58,58
59,t2_b0,21,18,-0.022460426413131684,0.04554683715105057,0.0023124937433749437,0.0023124937433749437,0.9166666666666667,1.0,58,58
59,t2_b0,7,28,-0.07568431855750739,0.05912875011563301,0.009087282232940197,0.009087282232940197,0.9500000000000001,1.0,58,58
60,t2_b0,33,14,0.40429403694970467,0.06675262749195099,0.05696709826588631,0.05696709826588631,0.925,1.0,59,59
60,t2_b0,12,39,0.06033684918952207,0.05789284035563469,2.9865930173400557e-06,2.9865930173400557e-06,0.014285714285714287,1.0,59,59
60,t2_b0,23,5,-0.044828768522430174,0.08233700692653656,0.008085567504167557,0.008085567504167557,0.92,1.0,59,59
60,t2_b0,2,15,0.15557976025825676,0.038871221244335175,0.006810441613197327,0.006810441613197327,0.9333333333333333,1.0,59,59
60,t2_b0,22,1,0.05531213821520873,0.02228451520204544,0.0005454119527712464,0.0005454119527712464,0.9333333333333333,1.0,59,59
60,t2_b0,38,6,0.1537363381755149,0.06458777189254761,0.003973733633756638,0.003973733633756638,0.92,1.0,59,59
60,t2_b0,11,7,0.016568745793025842,0.07790648192167282,0.0018811589106917381,0.0018811589106917381,1.0,1.0,59,59
60,t2_b0,35,34,0.05504540901132835,0.049911774694919586,1.3177092114347033e-05,1.3177092114347033e-05,0.9166666666666667,1.0,59,59
60,t2_b0,0,3,-0.46605138320443185,0.05492450296878815,0.13570794463157654,0.13570794463157654,0.925,1.0,59,59
61,t2_b0,3,17,0.0,0.03590414673089981,0.0006445538601838052,0.0006445538601838052,0.92,1.0,60,60
61,t2_b0,29,22,-0.6395878399732319,0.02533135563135147,0.22105877101421356,0.22105877101421356,0.92,1.0,60,60
61,t2_b0,18,16,0.03067033947770823,0.03568211942911148,1.2558970411191694e-05,1.2558970411191694e-05,0.9500000000000001,1.0,60,60
61,t2_b0,9,1,-1.0,0.0378606915473938,0.537860631942749,0.537860631942749,0.925,1.0,60,60
61,t2_b0,4,19,0.0,0.06556318700313568,0.0021492657251656055,0.0021492657251656055,0.9333333333333333,1.0,60,60
61,t2_b0,34,35,0.16123227613201982,0.04466305673122406,0.0067941914312541485,0.0067941914312541485,0.9125,1.0,60,60
61,t2_b0,8,5,-0.011853508797234562,0.08088986575603485,0.004300666972994804,0.004300666972994804,0.9166666666666667,1.0,60,60
62,t2_b0,15,2,0.30708213506936527,0.03398226946592331,0.037291768938302994,0.037291768938302994,0.9333333333333333,1.0,61,61
62,t2_b0,24,10,0.0,0.045345354825258255,0.0010281006107106805,0.0010281006107106805,0.9142857142857143,1.0,61,61
62,t2_b0,19,39,-0.03271838766875234,0.05476057529449463,0.003826284781098366,0.003826284781098366,0.9166666666666667,1.0,61,61
62,t2_b0,28,7,-0.2536357229371848,0.049097612500190735,0.04582374542951584,0.04582374542951584,0.9333333333333333,1.0,61,61
62,t2_b0,5,14,0.0,0.071345254778862,0.0025450726971030235,0.0025450726971030235,0.9166666666666667,1.0,61,61
62,t2_b0,32,30,0.01065936654153018,0.07957511395215988,0.0023746900260448456,0.0023746900260448456,0.025,1.0,61,61
62,t2_b0,13,36,0.9588807917349542,0.054329439997673035,0.4091065526008606,0.4091065526008606,0.03333333333333333,1.0,61,61
62,t2_b0,20,9,0.0,0.021837033331394196,0.00023842800874263048,0.00023842800874263048,1.0,1.0,61,61
62,t2_b0,35,34,0.19664846470369318,0.04849046468734741,0.010975396260619164,0.010975396260619164,0.9166666666666667,1.0,61,61
62,t2_b0,0,22,0.0,0.030952148139476776,0.0004790177335962653,0.0004790177335962653,0.925,1.0,61,61
63,t2_b0,10,17,-0.6656640903466051,0.028279811143875122,0.24077904224395752,0.24077904224395752,0.92,1.0,62,62
63,t2_b0,14,8,0.18876946501237532,0.06713429093360901,0.007397557143121958,0.007397557143121958,0.016666666666666666,1.0,62,62
63,t2_b0,30,5,0.0,0.06441502273082733,0.0020746474619954824,0.0020746474619954824,0.9333333333333333,1.0,62,62
63,t2_b0,11,35,-1.0,0.056649964302778244,0.556649923324585,0.556649923324585,0.02,1.0,62,62
63,t2_b0,16,34,0.34573572463395924,0.057161521166563034,0.041637539863586426,0.041637539863586426,0.92,1.0,62,62
63,t2_b0,26,19,0.04606726124795996,0.04550017789006233,1.607911741530188e-07,1.607911741530188e-07,0.92,1.0,62,62
64,t2_b0,7,34,-0.3188483181161903,0.059383369982242584,0.07152959704399109,0.07152959704399109,0.9166666666666667,1.0,63,63
64,t2_b0,31,14,0.08034063947001217,0.06955161690711975,5.820149453938939e-05,5.820149453938939e-05,0.9166666666666667,1.0,63,63
64,t2_b0,6,10,-0.03675342140775494,0.03271069377660751,0.0024126318749040365,0.0024126318749040365,0.92,1.0,63,63
64,t2_b0,17,22,-0.33593733289300426,0.009445972740650177,0.05964480713009834,0.05964480713009834,0.925,1.0,63,63
64,t2_b0,25,30,-1.0,0.05628601834177971,0.5562859773635864,0.5562859773635864,0.92,1.0,63,63
64,t2_b0,39,33,0.07873953221770143,0.05613083764910698,0.0002555765095166862,0.0002555765095166862,0.9333333333333333,1.0,63,63
64,t2_b0,12,19,0.0,0.043977245688438416,0.0009669990977272391,0.0009669990977272391,0.014285714285714287,1.0,63,63
64,t2_b0,36,35,0.44024585236599334,0.06055493652820587,0.07208260893821716,0.07208260893821716,0.925,1.0,63,63
65,t2_b0,38,33,0.38517311193047943,0.056820403784513474,0.05390775576233864,0.05390775576233864,0.9500000000000001,1.0,64,64
65,t2_b0,32,5,-0.07025339910772359,0.07678668200969696,0.010810392908751965,0.010810392908751965,0.925,1.0,64,64
65,t2_b0,3,24,-0.13072413830942842,0.022587887942790985,0.011752288788557053,0.011752288788557053,0.025,1.0,64,64
65,t2_b0,28,30,-0.5648965396626848,0.053289324045181274,0.19107688963413239,0.19107688963413239,0.925,1.0,64,64
65,t2_b0,37,29,-0.00011668813901938475,0.021566852927207947,0.00023508795129600912,0.00023508795129600912,0.92,1.0,64,64
65,t2_b0,22,17,-0.15712077939964395,0.013869836926460266,0.014618895016610622,0.014618895016610622,0.92,1.0,64,64
65,t2_b0,21,16,0.0,0.059400368481874466,0.0017642019083723426,0.0017642019083723426,0.03333333333333333,1.0,64,64
65,t2_b0,23,14,-0.014875720206286774,0.07855609059333801,0.0043647512793540955,0.0043647512793540955,0.92,1.0,64,64
65,t2_b0,13,36,0.0,0.07257862389087677,0.0026338284369558096,0.0026338284369558096,0.05,1.0,64,64
66,t2_b0,9,1,-0.08838527791184206,0.034010618925094604,0.0074903774075210094,0.0074903774075210094,0.925,1.0,65,65
66,t2_b0,4,26,0.014862211468229618,0.04203016310930252,0.0003690487938001752,0.0003690487938001752,0.9333333333333333,1.0,65,65
66,t2_b0,2,22,-0.34598500067972976,0.019281983375549316,0.0667099803686142,0.0667099803686142,0.9166666666666667,1.0,65,65
66,t2_b0,8,31,0.007081927136015475,0.07380742579698563,0.0022261461708694696,0.0022261461708694696,0.925,1.0,65,65
66,t2_b0,24,6,-0.005173353941383571,0.0218912735581398,0.00036624702624976635,0.00036624702624976635,0.9166666666666667,1.0,65,65
66,t2_b0,34,35,0.018365987647460235,0.058679383248090744,0.0008125848253257573,0.0008125848253257573,0.9333333333333333,1.0,65,65
66,t2_b0,39,38,0.0,0.05207588151097298,0.0013559487415477633,0.0013559487415477633,1.0,1.0,65,65
67,t2_b0,27,33,-0.04963635854534611,0.07634105533361435,0.007935154251754284,0.007935154251754284,0.9333333333333333,1.0,66,66
67,t2_b0,14,31,0.05560708272787804,0.070454441010952,0.00011022200487786904,0.00011022200487786904,1.0,1.0,66,66
67,t2_b0,20,17,0.9235311980895773,0.01826079934835434,0.40975725650787354,0.40975725650787354,0.925,1.0,66,66
67,t2_b0,10,6,-0.226874255824485,0.011827662587165833,0.028489304706454277,0.028489304706454277,0.92,1.0,66,66
67,t2_b0,0,22,-0.002182684988111874,0.007272727787494659,4.4702414015773684e-05,4.4702414015773684e-05,0.925,1.0,66,66
67,t2_b0,35,34,0.16843375419053158,0.06035475432872772,0.0058405352756381035,0.0058405352756381035,0.9166666666666667,1.0,66,66
67,t2_b0,19,12,0.06403644421971279,0.02734001725912094,0.0006733138579875231,0.0006733138579875231,0.925,1.0,66,66
67,t2_b0,25,30,-0.28433481945449574,0.056493598967790604,0.05808200687170029,0.05808200687170029,0.02,1.0,66,66
68,t2_b0,31,33,-0.038973378639923305,0.06557056307792664,0.005464717745780945,0.005464717745780945,1.0,1.0,67,67
68,t2_b0,26,12,-0.02527215873887179,0.02282819151878357,0.001156821963377297,0.001156821963377297,0.925,1.0,67,67
68,t2_b0,6,10,0.014705996877153628,0.00662202388048172,3.267531064921059e-05,3.267531064921059e-05,0.92,1.0,67,67
68,t2_b0,36,35,0.37982781265930926,0.06438583135604858,0.049751825630664825,0.049751825630664825,0.9166666666666667,1.0,67,67
68,t2_b0,11,30,0.09435087525880471,0.05509483069181442,0.0007705184980295599,0.0007705184980295599,0.9166666666666667,1.0,67,67
68,t2_b0,1,17,-0.177586291103499,0.007537849247455597,0.01713547110557556,0.01713547110557556,0.9142857142857143,1.0,67,67
68,t2_b0,15,0,-0.7260251691953438,0.008280761539936066,0.26960259675979614,0.26960259675979614,0.016666666666666666,1.0,67,67
69,t2_b0,12,6,0.0,0.011201657354831696,6.273856706684455e-05,6.273856706684455e-05,0.9166666666666667,1.0,68,68
69,t2_b0,7,30,-0.1405287838439331,0.0629451721906662,0.02070082537829876,0.02070082537829876,0.9166666666666667,1.0,68,68
69,t2_b0,32,39,-0.3901987179417801,0.06061515584588051,0.10161656886339188,0.10161656886339188,0.925,1.0,68,68
69,t2_b0,22,34,-0.08419322082072181,0.0006893575191497803,0.0036025261506438255,0.0036025261506438255,0.016666666666666666,1.0,68,68
69,t2_b0,18,9,-0.029226564325674116,0.01626046746969223,0.001034535001963377,0.001034535001963377,1.0,1.0,68,68
69,t2_b0,16,36,0.418144667209936,0.07408729195594788,0.059187740087509155,0.059187740087509155,0.925,1.0,68,68
69,t2_b0,5,14,0.0,0.03954068571329117,0.0007817329023964703,0.0007817329023964703,0.9500000000000001,1.0,68,68
69,t2_b0,27,23,0.2189194909919896,0.06948936730623245,0.011164681054651737,0.011164681054651737,0.9333333333333333,1.0,68,68
69,t2_b0,2,17,0.0,-0.002134576439857483,2.278208285133587e-06,2.278208285133587e-06,0.02,1.0,68,68
69,t2_b0,33,31,0.0,0.06560362130403519,0.002151917666196823,0.002151917666196823,0.92,1.0,68,68
70,t2_b0,23,33,0.08541869742270278,0.0689404085278511,0.0001357669389108196,0.0001357669389108196,0.92,1.0,69,69
70,t2_b0,18,9,0.11305726632948751,0.0017038583755493164,0.0061997901648283005,0.0061997901648283005,1.0,1.0,69,69
70,t2_b0,14,5,0.8935432087088816,0.04734329879283905,0.3580271005630493,0.3580271005630493,0.9500000000000001,1.0,69,69
70,t2_b0,3,6,-0.09256280921666835,0.0013067126274108887,0.004405743442475796,0.004405743442475796,0.92,1.0,69,69
70,t2_b0,38,39,0.002341771153967009,0.06312143802642822,0.0018470840295776725,0.0018470840295776725,0.9166666666666667,1.0,69,69
70,t2_b0,28,30,-0.32781792420654066,0.047723397612571716,0.07051564753055573,0.07051564753055573,0.925,1.0,69,69
70,t2_b0,21,36,0.0,0.08556625992059708,0.0036607924848794937,0.0036607924848794937,0.9333333333333333,1.0,69,69
71,t2_b0,34,1,-0.06331812685398194,0.007960334420204163,0.0025403094477951527,0.0025403094477951527,0.9166666666666667,1.0,70,70
71,t2_b0,31,33,0.9847930432268244,0.06292230635881424,0.4249228537082672,0.4249228537082672,1.0,1.0,70,70
71,t2_b0,19,26,0.11125770831043057,0.00905667245388031,0.005222525913268328,0.005222525913268328,1.0,1.0,70,70
71,t2_b0,13,30,-0.8282856617278015,0.06738218665122986,0.4011104106903076,0.4011104106903076,0.92,1.0,70,70
71,t2_b0,8,39,-0.5143610782087406,0.06649869680404663,0.16869904100894928,0.16869904100894928,0.925,1.0,70,70
71,t2_b0,4,24,0.23045299807679212,0.014291539788246155,0.023362888023257256,0.023362888023257256,0.9333333333333333,1.0,70,70
71,t2_b0,29,18,0.9357154307588422,0.014647826552391052,0.4241827428340912,0.4241827428340912,0.9500000000000001,1.0,70,70
71,t2_b0,14,5,0.37396175700177275,0.04134643077850342,0.05531647428870201,0.05531647428870201,0.9333333333333333,1.0,70,70
72,t2_b0,30,28,-0.05280823372585659,0.04533782973885536,0.004816324915736914,0.004816324915736914,0.9166666666666667,1.0,71,71
72,t2_b0,20,2,-0.5510952182531754,0.0006182864308357239,0.15219390392303467,0.15219390392303467,0.9166666666666667,1.0,71,71
72,t2_b0,25,11,-0.09211696190295211,0.05087277293205261,0.010223031044006348,0.010223031044006348,0.02,1.0,71,71
72,t2_b0,39,38,0.017994392577557992,0.05536871403455734,0.0006984199280850589,0.0006984199280850589,0.92,1.0,71,71
72,t2_b0,10,24,-0.14248581571083202,-0.00752624124288559,0.009107043966650963,0.009107043966650963,0.02,1.0,71,71
72,t2_b0,9,1,-0.04724943232617897,0.021650217473506927,0.002373580588027835,0.002373580588027835,0.92,1.0,71,71
72,t2_b0,15,17,0.0,-0.002008408308029175,2.016852022279636e-06,2.016852022279636e-06,0.016666666666666666,1.0,71,71
73,t2_b0,21,16,-0.01711968843452236,0.07467105984687805,0.004212771076709032,0.004212771076709032,1.0,1.0,72,72
73,t2_b0,31,39,-1.0,0.05260122939944267,0.5526012182235718,0.5526012182235718,0.9333333333333333,1.0,72,72
73,t2_b0,11,30,-0.017254719755998273,0.041696205735206604,0.001737605663947761,0.001737605663947761,0.925,1.0,72,72
73,t2_b0,35,1,-0.7691899503488338,0.012253008782863617,0.30532652139663696,0.30532652139663696,0.9166666666666667,1.0,72,72
73,t2_b0,36,34,0.4662626885494696,0.02508687973022461,0.09731805324554443,0.09731805324554443,0.9500000000000001,1.0,72,72
73,t2_b0,26,19,0.0,0.007529519498348236,2.8346832550596446e-05,2.8346832550596446e-05,1.0,1.0,72,72
74,t2_b0,37,29,0.9517943453698934,0.0039557963609695435,0.44919896125793457,0.44919896125793457,1.0,1.0,73,73
74,t2_b0,2,17,-0.0001894637794453372,-0.005284979939460754,1.298214374401141e-05,1.298214374401141e-05,0.016666666666666666,1.0,73,73
74,t2_b0,27,23,0.0,0.04949287325143814,0.0012247723061591387,0.0012247723061591387,0.925,1.0,73,73
74,t2_b0,7,30,0.0,0.045188114047050476,0.0010209828615188599,0.0010209828615188599,0.925,1.0,73,73
74,t2_b0,32,31,0.0,0.04583123326301575,0.0010502509539946914,0.0010502509539946914,0.925,1.0,73,73
75,t2_b0,24,6,0.029272307165885584,-0.011410661041736603,0.0008275519357994199,0.0008275519357994199,0.92,1.0,74,74
75,t2_b0,23,27,0.07143103019122438,0.037634141743183136,0.0005711149424314499,0.0005711149424314499,0.92,1.0,74,74
75,t2_b0,33,5,0.17613492993443952,0.09863807260990143,0.0030028813052922487,0.0030028813052922487,1.0,1.0,1,74
75,t2_b0,16,21,0.3371192536088481,0.05675074830651283,0.0393032506108284,0.0393032506108284,0.05,1.0,74,74
75,t2_b0,3,4,-0.016408865413250588,-0.017134852707386017,2.635281646234944e-07,2.635281646234944e-07,0.016666666666666666,1.0,74,74
75,t2_b0,13,14,0.06432042325068889,0.04547605291008949,0.00017755513545125723,0.00017755513545125723,0.9166666666666667,1.0,74,74
75,t2_b0,18,29,0.002152766609907383,0.01853276789188385,0.00013415221474133432,0.00013415221474133432,0.92,1.0,74,74
75,t2_b0,38,30,-0.08009257519353358,0.03824055194854736,0.007001364137977362,0.007001364137977362,0.92,1.0,74,74
76,t2_b0,0,22,-0.01002507274222576,-0.00810212641954422,1.8488615296519129e-06,1.8488615296519129e-06,0.9166666666666667,1.0,75,75
76,t2_b0,29,37,0.03293659567916462,0.016339078545570374,0.0001377387816319242,0.0001377387816319242,0.925,1.0,75,75
76,t2_b0,8,23,0.08912920607655976,0.034281715750694275,0.0015041237929835916,0.0015041237929835916,0.92,1.0,75,75
76,t2_b0,19,26,0.19215391006127702,0.030691958963871002,0.013034980744123459,0.013034980744123459,0.9166666666666667,1.0,75,75
76,t2_b0,5,33,0.012322681685706138,-0.0006152242422103882,8.369470742763951e-05,8.369470742763951e-05,0.9333333333333333,1.0,75,75
76,t2_b0,9,35,-0.21538181747123544,0.008966170251369476,0.02516600862145424,0.02516600862145424,0.02,1.0,75,75
76,t2_b0,14,13,0.12077390551031743,0.044799670577049255,0.00288604199886322,0.00288604199886322,0.925,1.0,75,75
76,t2_b0,28,21,0.9892148877515905,0.08609355986118317,0.407814085483551,0.407814085483551,0.9500000000000001,1.0,75,75
77,t2_b0,35,36,0.3299574934266633,-0.0027581527829170227,0.05534984543919563,0.05534984543919563,0.016666666666666666,1.0,76,76
77,t2_b0,6,10,0.048192315934896736,-0.023652732372283936,0.002580855507403612,0.002580855507403612,0.9166666666666667,1.0,76,76
77,t2_b0,25,30,-0.36762252011980034,0.04596259817481041,0.08552632480859756,0.08552632480859756,0.92,1.0,76,76
78,t2_b0,11,30,0.0068802686842544735,0.04925578460097313,0.0008978421683423221,0.0008978421683423221,0.9333333333333333,1.0,77,77
78,t2_b0,5,4,0.9308760229815511,-0.0111827552318573,0.4437373876571655,0.4437373876571655,0.025,1.0,77,77
78,t2_b0,22,2,-0.23408428985787766,-0.011272937059402466,0.024822449311614037,0.024822449311614037,0.9142857142857143,1.0,77,77
78,t2_b0,26,19,0.0,0.029097817838191986,0.00042334149475209415,0.00042334149475209415,0.92,1.0,77,77
78,t2_b0,21,39,0.0,0.08161050826311111,0.0033301375806331635,0.0033301375806331635,0.9333333333333333,1.0,77,77
78,t2_b0,6,12,0.27364653702901603,-0.024089783430099487,0.044323455542325974,0.044323455542325974,0.016666666666666666,1.0,77,77
79,t2_b0,27,23,0.0,0.036677367985248566,0.0006726146675646305,0.0006726146675646305,1.0,1.0,78,78
79,t2_b0,32,25,-0.3168168817423507,0.031198687851428986,0.060557421296834946,0.060557421296834946,0.9333333333333333,1.0,78,78
79,t2_b0,37,29,0.24435083042551475,0.006039910018444061,0.02839604951441288,0.02839604951441288,0.9333333333333333,1.0,78,78
79,t2_b0,7,30,-0.018509422935206136,0.046609457582235336,0.002120234305039048,0.002120234305039048,0.9333333333333333,1.0,78,78
79,t2_b0,39,28,0.9748322272761871,0.07693933695554733,0.40310582518577576,0.40310582518577576,0.9333333333333333,1.0,78,78
79,t2_b0,31,5,-0.11813989307442879,0.03328731656074524,0.011465099640190601,0.011465099640190601,1.0,1.0,78,78
80,t2_b0,13,14,0.08355562245223491,0.04183118790388107,0.0008704642532393336,0.0008704642532393336,0.925,1.0,79,79
80,t2_b0,28,39,0.10297046595741104,0.07788249850273132,0.00031470306566916406,0.00031470306566916406,0.9333333333333333,1.0,79,79
80,t2_b0,38,25,-0.21088964439407604,0.032057471573352814,0.029511647298932076,0.029511647298932076,1.0,1.0,79,79
80,t2_b0,4,20,-0.04007335931475643,-0.006836391985416412,0.0005523479194380343,0.0005523479194380343,0.9111111111111111,1.0,79,79
80,t2_b0,18,29,0.10044107712242359,0.004197105765342712,0.004631450865417719,0.004631450865417719,0.92,1.0,79,79
80,t2_b0,24,10,0.03874836432167105,-0.019995100796222687,0.001725397421978414,0.001725397421978414,0.9125,1.0,79,79
80,t2_b0,34,22,-0.15849873261103153,-0.011571235954761505,0.010793846100568771,0.010793846100568771,0.9142857142857143,1.0,79,79
80,t2_b0,30,7,0.16298409311923548,0.030042454600334167,0.008836738765239716,0.008836738765239716,0.92,1.0,79,79
80,t2_b0,23,27,0.338251928033223,0.03539004176855087,0.04586265608668327,0.04586265608668327,0.9500000000000001,1.0,79,79
81,t2_b0,9,18,0.0,-0.0007042214274406433,2.4796389652692596e-07,2.4796389652692596e-07,0.016666666666666666,1.0,80,80
81,t2_b0,8,26,-0.17402194934507556,0.025485053658485413,0.019901521503925323,0.019901521503925323,0.03333333333333333,1.0,80,80
81,t2_b0,29,37,0.08442317976289503,0.013882674276828766,0.0024879812262952328,0.0024879812262952328,0.9333333333333333,1.0,80,80
81,t2_b0,15,17,0.10705462183083621,-0.0146293044090271,0.007403488736599684,0.007403488736599684,0.016666666666666666,1.0,80,80
81,t2_b0,39,28,0.2948144521656243,0.0759187638759613,0.02395765855908394,0.02395765855908394,0.9333333333333333,1.0,80,80
81,t2_b0,0,2,-0.29798450298101764,-0.014477893710136414,0.040188003331422806,0.040188003331422806,0.9166666666666667,1.0,80,80
81,t2_b0,10,6,-0.045173522156877845,-0.02031344175338745,0.00030901178251951933,0.00030901178251951933,0.9166666666666667,1.0,80,80
81,t2_b0,20,4,-0.08548498253613827,-0.004394404590129852,0.0032878408674150705,0.0032878408674150705,0.9142857142857143,1.0,80,80
81,t2_b0,14,13,0.14008669494352366,0.031660787761211395,0.005878088530153036,0.005878088530153036,0.925,1.0,80,80
82,t2_b0,1,17,-0.1960957356336965,-0.022460535168647766,0.015074591152369976,0.015074591152369976,0.9111111111111111,1.0,81,81
82,t2_b0,3,24,-0.12716027159393412,-0.03088872879743576,0.004634104669094086,0.004634104669094086,0.014285714285714287,1.0,81,81
82,t2_b0,30,7,0.4825154305382019,0.030267074704170227,0.10226427763700485,0.10226427763700485,0.925,1.0,81,81
82,t2_b0,25,13,0.012064472747787509,0.03929050266742706,0.00037062837509438396,0.00037062837509438396,0.9500000000000001,1.0,81,81
82,t2_b0,33,12,0.9374796111888549,-0.015486404299736023,0.45407211780548096,0.45407211780548096,0.02,1.0,81,81
82,t2_b0,36,34,-0.01394346318538795,-0.006232254207134247,2.973137452499941e-05,2.973137452499941e-05,0.9333333333333333,1.0,81,81
83,t2_b0,19,38,0.0,0.09973921626806259,0.004973955452442169,0.004973955452442169,1.0,1.0,1,1
83,t2_b0,10,3,-0.007456729524892046,-0.03925330191850662,0.00050551095046103,0.00050551095046103,0.016666666666666666,1.0,82,82
83,t2_b0,6,4,0.0,-0.04029739648103714,0.0008119400590658188,0.0008119400590658188,0.016666666666666666,1.0,82,82
83,t2_b0,5,33,0.03555891278695428,0.022557660937309265,8.451627945760265e-05,8.451627945760265e-05,0.9500000000000001,1.0,82,82
83,t2_b0,11,7,0.0,0.04623221606016159,0.0010687089525163174,0.0010687089525163174,0.9500000000000001,1.0,82,82
83,t2_b0,21,28,0.28933830804264205,0.07336828112602234,0.02332152985036373,0.02332152985036373,0.9333333333333333,1.0,82,82
83,t2_b0,26,8,-0.1594127995728435,0.019035212695598602,0.01592184789478779,0.01592184789478779,0.925,1.0,82,82
83,t2_b0,12,31,0.0,-0.04210957884788513,0.0008866083226166666,0.0008866083226166666,0.02,1.0,82,82
83,t2_b0,2,22,-0.1481207362722322,-0.025670863687992096,0.007496985141187906,0.007496985141187906,0.9166666666666667,1.0,82,82
84,t2_b0,2,22,-0.06137957577143734,-0.029832802712917328,0.0004975994233973324,0.0004975994233973324,0.016666666666666666,1.0,83,83
84,t2_b0,27,5,-0.11689118313947804,0.03695153445005417,0.011833790689706802,0.011833790689706802,0.9500000000000001,1.0,83,83
84,t2_b0,38,19,0.15069386199181467,0.04392356425523758,0.0056999484077095985,0.0056999484077095985,1.0,1.0,2,2
84,t2_b0,16,28,0.0017924832771507632,0.06452213227748871,0.0019675043877214193,0.0019675043877214193,0.925,1.0,83,83
84,t2_b0,7,30,0.029905508379971593,0.0449359305202961,0.00011295678268652409,0.00011295678268652409,0.9333333333333333,1.0,83,83
84,t2_b0,32,8,0.15668578027263952,0.01629098504781723,0.009855350479483604,0.009855350479483604,0.03333333333333333,1.0,83,83
85,t2_b0,28,39,0.0,0.08693359792232513,0.003778725164011121,0.003778725164011121,0.9333333333333333,1.0,84,84
85,t2_b0,4,20,-0.17593688092832624,-0.028815433382987976,0.010822359472513199,0.010822359472513199,0.9142857142857143,1.0,84,84
85,t2_b0,23,27,0.3806792525556539,0.03009708970785141,0.0614539235830307,0.0614539235830307,0.9333333333333333,1.0,84,84
85,t2_b0,38,19,0.0,0.0722987949848175,0.00261355796828866,0.00261355796828866,1.0,1.0,3,84
85,t2_b0,13,14,0.029686566399781115,0.02027156949043274,4.432108471519314e-05,4.432108471519314e-05,1.0,1.0,84,84
85,t2_b0,36,34,-0.005562556356563411,-0.013200446963310242,2.916868652391713e-05,2.916868652391713e-05,0.03333333333333333,1.0,84,84
85,t2_b0,24,10,0.1190987669289483,-0.0436427965760231,0.013242409564554691,0.013242409564554691,0.9166666666666667,1.0,84,84
85,t2_b0,37,9,0.07590343936246988,-0.005220979452133179,0.0032905854750424623,0.0032905854750424623,0.025,1.0,84,84
85,t2_b0,33,5,0.39478334773394463,0.023043587803840637,0.06909521669149399,0.06909521669149399,1.0,1.0,84,84
85,t2_b0,31,3,-1.0,-0.038876138627529144,0.46187955141067505,0.46187955141067505,0.025,1.0,84,84
86,t2_b0,8,23,0.19257000019422688,0.02345343679189682,0.014300204813480377,0.014300204813480377,0.92,1.0,85,85
86,t2_b0,22,1,0.18749504466548622,-0.03147520869970322,0.0239739827811718,0.0239739827811718,0.014285714285714287,1.0,85,85
86,t2_b0,9,18,0.0,-0.01074063777923584,5.768064875155687e-05,5.768064875155687e-05,0.016666666666666666,1.0,85,85
86,t2_b0,35,34,0.0623810146542156,-0.016519024968147278,0.003112608101218939,0.003112608101218939,0.9166666666666667,1.0,85,85
86,t2_b0,19,38,0.05670631166432536,0.019252292811870575,0.000701401790138334,0.000701401790138334,0.925,1.0,85,85
86,t2_b0,39,28,0.08642451114033026,0.08438123017549515,2.087505663439515e-06,2.087505663439515e-06,0.9333333333333333,1.0,85,85
86,t2_b0,14,30,-0.09494806207617439,0.02322486788034439,0.0069824205711483955,0.0069824205711483955,0.9500000000000001,1.0,85,85
86,t2_b0,0,15,-0.22367674409655675,-0.03292331099510193,0.018193434923887253,0.018193434923887253,0.9166666666666667,1.0,85,85
86,t2_b0,20,4,0.12111004565744697,-0.024883463978767395,0.0106570515781641,0.0106570515781641,0.9142857142857143,1.0,85,85
86,t2_b0,24,10,0.015756486146471155,-0.043634720146656036,0.0017636577831581235,0.0017636577831581235,0.016666666666666666,1.0,85,85
87,t2_b0,1,22,-0.02795135251236682,-0.03658808767795563,3.729659874807112e-05,3.729659874807112e-05,0.9111111111111111,1.0,86,86
87,t2_b0,4,3,-0.32939009769709493,-0.036087386310100555,0.04301324114203453,0.04301324114203453,0.014285714285714287,1.0,86,86
87,t2_b0,30,7,0.20109676284804334,0.037048958241939545,0.013455841690301895,0.013455841690301895,0.9333333333333333,1.0,86,86
87,t2_b0,5,32,-0.26366785547394334,0.025234490633010864,0.04173228144645691,0.04173228144645691,0.016666666666666666,1.0,86,86
87,t2_b0,29,38,-0.030747669398530075,-0.006843924522399902,0.00028569449204951525,0.00028569449204951525,0.02,1.0,86,86
87,t2_b0,20,0,0.35851530408219984,-0.03793521970510483,0.07858650386333466,0.07858650386333466,0.014285714285714287,1.0,86,86
88,t2_b0,21,39,0.0,0.08192674070596695,0.0033559955190867186,0.0033559955190867186,0.9333333333333333,1.0,87,87
88,t2_b0,25,5,0.8829185398024647,0.02542472630739212,0.36764782667160034,0.36764782667160034,0.92,1.0,87,87
88,t2_b0,11,30,-0.03841901035235112,0.05457698181271553,0.004324127454310656,0.004324127454310656,0.9500000000000001,1.0,87,87
88,t2_b0,18,19,0.0,-0.009027726948261261,4.0749928302830085e-05,4.0749928302830085e-05,0.014285714285714287,1.0,87,87
88,t2_b0,26,8,-0.10314050962533038,0.012935787439346313,0.006736853625625372,0.006736853625625372,0.9333333333333333,1.0,87,87
88,t2_b0,17,0,-0.2616418567234905,-0.04336977005004883,0.023821352049708366,0.023821352049708366,0.014285714285714287,1.0,87,87
88,t2_b0,12,6,0.07068584692432223,-0.04328162968158722,0.006494292989373207,0.006494292989373207,0.92,1.0,87,87
89,t2_b0,7,30,0.03694367226816172,0.053652022033929825,0.00013958444469608366,0.00013958444469608366,0.9333333333333333,1.0,88,88
89,t2_b0,16,39,0.46381926565332304,0.07246702909469604,0.076578289270401,0.076578289270401,0.925,1.0,88,88
89,t2_b0,3,10,-0.1652670755546168,-0.045468829572200775,0.007175810635089874,0.007175810635089874,0.9142857142857143,1.0,88,88
89,t2_b0,32,5,0.22605614274713054,0.013090886175632477,0.022677099332213402,0.022677099332213402,0.92,1.0,88,88
90,t2_b0,37,19,0.0912147325176866,-0.006689764559268951,0.0047926451079547405,0.0047926451079547405,0.02,1.0,89,89
90,t2_b0,6,24,0.0,-0.05383821576833725,0.0014492766931653023,0.0014492766931653023,0.016666666666666666,1.0,89,89
90,t2_b0,1,17,0.0078049774299004115,-0.04050227254629135,0.0011667952639982104,0.0011667952639982104,0.011111111111111112,1.0,89,89
90,t2_b0,28,39,0.0,0.09397918730974197,0.004416043870151043,0.004416043870151043,0.9333333333333333,1.0,89,89
90,t2_b0,34,15,0.10622141939060369,-0.03505133092403412,0.00997899565845728,0.00997899565845728,0.9142857142857143,1.0,89,89
90,t2_b0,33,5,0.14941052741278785,0.02259327471256256,0.008041308261454105,0.008041308261454105,0.9166666666666667,1.0,89,89
90,t2_b0,8,23,0.25201613135465617,0.013831377029418945,0.02836598828434944,0.02836598828434944,0.9166666666666667,1.0,89,89
91,t2_b0,19,38,0.0,0.00032329559326171875,5.226002031122334e-08,5.226002031122334e-08,0.925,1.0,90,90
91,t2_b0,35,34,0.27625575493910265,-0.0351097509264946,0.04847424104809761,0.04847424104809761,0.9166666666666667,1.0,90,90
91,t2_b0,39,28,0.05673852946540769,0.09166063368320465,0.0006097767036408186,0.0006097767036408186,0.9333333333333333,1.0,90,90
91,t2_b0,23,32,-0.11967712196030442,0.02142038196325302,0.009954252280294895,0.009954252280294895,0.9166666666666667,1.0,90,90
91,t2_b0,27,33,-0.048820101246311795,0.0242360457777977,0.002668600296601653,0.002668600296601653,0.92,1.0,90,90
91,t2_b0,0,2,-0.17840041991322686,-0.04353996366262436,0.00909367110580206,0.00909367110580206,0.9166666666666667,1.0,90,90
91,t2_b0,17,20,-0.027007565610649317,-0.05097226798534393,0.00028715349617414176,0.00028715349617414176,0.014285714285714287,1.0,90,90
91,t2_b0,14,30,0.04463880143270172,0.025812089443206787,0.00017722253687679768,0.00017722253687679768,0.9500000000000001,1.0,90,90
91,t2_b0,10,6,-0.12877261446834887,-0.05061738193035126,0.003054120345041156,0.003054120345041156,0.9166666666666667,1.0,90,90
92,t2_b0,36,35,0.41652263381609755,-0.030383817851543427,0.09986268728971481,0.09986268728971481,0.9333333333333333,1.0,91,91
92,t2_b0,25,5,-0.35720658876241773,0.023844890296459198,0.0726001188158989,0.0726001188158989,0.9166666666666667,1.0,91,91
92,t2_b0,30,14,0.20396777514414952,0.047238584607839584,0.012282019481062889,0.012282019481062889,0.9333333333333333,1.0,91,91
92,t2_b0,31,4,0.16496043925438855,-0.039581894874572754,0.02091878466308117,0.02091878466308117,0.925,1.0,91,91
92,t2_b0,13,27,0.9269512731526794,0.021933473646640778,0.40952861309051514,0.40952861309051514,1.0,1.0,91,91
92,t2_b0,18,9,0.32677521892042444,-0.02267012745141983,0.061056025326251984,0.061056025326251984,0.0125,1.0,91,91
92,t2_b0,12,3,-0.26461509217039114,-0.05309486389160156,0.02237040363252163,0.02237040363252163,0.02,1.0,91,91
93,t2_b0,21,39,-0.03047086700641427,0.07495483756065369,0.005557289347052574,0.005557289347052574,0.925,1.0,92,92
93,t2_b0,26,5,0.017823278399475135,0.01364598423242569,8.72489545145072e-06,8.72489545145072e-06,0.9333333333333333,1.0,92,92
93,t2_b0,22,15,-0.14826896040840093,-0.04901447892189026,0.004925725515931845,0.004925725515931845,0.9125,1.0,92,92
93,t2_b0,11,30,-0.028255732023238694,0.06835971027612686,0.004667271859943867,0.004667271859943867,0.9333333333333333,1.0,92,92
94,t2_b0,2,15,-7.648740630394035e-05,-0.055731795728206635,0.0015487566124647856,0.0015487566124647856,0.016666666666666666,1.0,93,93
94,t2_b0,5,32,0.013459680608051848,0.011381059885025024,2.1603320874419296e-06,2.1603320874419296e-06,0.03333333333333333,1.0,93,93
94,t2_b0,16,30,-0.5457146733383563,0.06834974139928818,0.18853753805160522,0.18853753805160522,0.92,1.0,93,93
94,t2_b0,9,29,-2.1020741622731544e-06,-0.03513599932193756,0.0006171953864395618,0.0006171953864395618,0.016666666666666666,1.0,93,93
94,t2_b0,38,19,0.26781580046664477,-0.00881870836019516,0.03826332837343216,0.03826332837343216,0.9333333333333333,1.0,93,93
94,t2_b0,3,4,-0.05895345503952595,-0.0661548376083374,2.5929944968083873e-05,2.5929944968083873e-05,0.014285714285714287,1.0,93,93
95,t2_b0,24,12,0.16880502263407468,-0.07403161376714706,0.029484812170267105,0.029484812170267105,0.925,1.0,94,94
95,t2_b0,27,32,-0.19648408284192773,0.024786964058876038,0.024480439722537994,0.024480439722537994,0.9166666666666667,1.0,94,94
95,t2_b0,8,23,0.018520778423789085,0.021937847137451172,5.838180641148938e-06,5.838180641148938e-06,0.9166666666666667,1.0,94,94
95,t2_b0,4,20,-0.5001499442044227,-0.05207013338804245,0.10038776695728302,0.10038776695728302,0.9142857142857143,1.0,94,94
95,t2_b0,28,39,0.02486717169458748,0.07222198694944382,0.0011212393874302506,0.0011212393874302506,0.9333333333333333,1.0,94,94
95,t2_b0,29,38,0.0,-0.027707181870937347,0.0003838439588434994,0.0003838439588434994,0.9111111111111111,1.0,94,94
95,t2_b0,7,30,0.1102373479709391,0.069136843085289,0.0008446256397292018,0.0008446256397292018,0.925,1.0,94,94
95,t2_b0,33,25,0.04246930210824321,0.023895420134067535,0.0001724945177556947,0.0001724945177556947,0.9166666666666667,1.0,94,94
95,t2_b0,34,15,0.35813840956824616,-0.043706439435482025,0.08073964715003967,0.08073964715003967,0.9125,1.0,94,94
96,t2_b0,14,5,-0.11108297822786971,0.03459267318248749,0.010610698722302914,0.010610698722302914,0.9333333333333333,1.0,95,95
96,t2_b0,23,27,0.0,0.023558035492897034,0.0002774905296973884,0.0002774905296973884,0.9166666666666667,1.0,95,95
96,t2_b0,13,25,0.0,0.023684784770011902,0.000280484528047964,0.000280484528047964,0.9166666666666667,1.0,95,95
96,t2_b0,35,34,0.047494294128177496,-0.0403149351477623,0.003855230752378702,0.003855230752378702,0.9142857142857143,1.0,95,95
96,t2_b0,24,4,0.2355025561449229,-0.07262200862169266,0.04747037589550018,0.04747037589550018,0.025,1.0,95,95
96,t2_b0,15,10,-0.44555174099068995,-0.053379252552986145,0.07689964026212692,0.07689964026212692,0.9166666666666667,1.0,95,95
96,t2_b0,9,18,0.39882833110897,-0.03473261743783951,0.09398754686117172,0.09398754686117172,1.0,1.0,95,95
96,t2_b0,39,28,-0.024706355693967032,0.07499200105667114,0.004969881381839514,0.004969881381839514,0.9500000000000001,1.0,95,95
96,t2_b0,0,2,-0.14506353316945667,-0.04732920974493027,0.004775999113917351,0.004775999113917351,0.016666666666666666,1.0,95,95
97,t2_b0,30,28,-0.021812454282310968,0.058910273015499115,0.0032580792903900146,0.0032580792903900146,0.925,1.0,96,96
97,t2_b0,36,35,0.4768423384635264,-0.04498213529586792,0.13615038990974426,0.13615038990974426,0.925,1.0,96,96
97,t2_b0,31,4,0.38350625013935635,-0.05069372057914734,0.09426480531692505,0.09426480531692505,0.9333333333333333,1.0,96,96
97,t2_b0,1,22,-0.012858121720210705,-0.042093001306056976,0.00042733908048830926,0.00042733908048830926,0.9166666666666667,1.0,96,96
97,t2_b0,25,13,0.10552195074239447,0.029794931411743164,0.0028672905173152685,0.0028672905173152685,0.92,1.0,96,96
97,t2_b0,32,27,0.07086517261097593,0.003462769091129303,0.0022715418599545956,0.0022715418599545956,0.92,1.0,96,96
97,t2_b0,5,14,-0.03121472003624983,0.039857350289821625,0.0025256196968257427,0.0025256196968257427,0.9333333333333333,1.0,96,96
97,t2_b0,6,10,-0.09917265643290891,-0.06407206505537033,0.0006160258781164885,0.0006160258781164885,0.92,1.0,96,96
98,t2_b0,11,28,0.0,0.07767564058303833,0.0030167526565492153,0.0030167526565492153,0.9333333333333333,1.0,97,97
98,t2_b0,12,24,0.08181506358341999,-0.029572516679763794,0.006203596480190754,0.006203596480190754,0.925,1.0,97,97
98,t2_b0,22,34,-0.12539422837675177,-0.05145607143640518,0.002733425237238407,0.002733425237238407,0.9125,1.0,97,97
98,t2_b0,37,29,-0.025068467976304947,-0.03150639683008194,2.07234679692192e-05,2.07234679692192e-05,0.92,1.0,97,97
98,t2_b0,26,14,-0.09702205996314106,0.04081912338733673,0.009500095620751381,0.009500095620751381,0.925,1.0,97,97
98,t2_b0,16,21,-0.009054344736724724,0.048119764775037766,0.001634439337067306,0.001634439337067306,0.925,1.0,97,97
98,t2_b0,17,10,-0.23772088705730768,-0.06840088218450546,0.014334633946418762,0.014334633946418762,0.92,1.0,97,97
99,t2_b0,38,19,0.0,-0.0403631329536438,0.0008145912433974445,0.0008145912433974445,0.925,1.0,98,98
99,t2_b0,36,34,0.2658760267349423,-0.03974528610706329,0.046702198684215546,0.046702198684215546,0.03333333333333333,1.0,98,98
99,t2_b0,18,37,-0.010873745325605736,-0.034467630088329315,0.0002783356758300215,0.0002783356758300215,0.9166666666666667,1.0,98,98
99,t2_b0,0,15,-0.04032630507208729,-0.051341280341148376,6.066484274924733e-05,6.066484274924733e-05,0.014285714285714287,1.0,98,98
99,t2_b0,21,14,0.23282731247866364,0.04152502119541168,0.018298281356692314,0.018298281356692314,0.925,1.0,98,98
99,t2_b0,3,31,-0.050433964286551426,-0.06939627230167389,0.0001797845761757344,0.0001797845761757344,1.0,1.0,98,98
99,t2_b0,27,13,0.037550356255251924,-0.0014329701662063599,0.0007598498486913741,0.0007598498486913741,0.02,1.0,98,98
100,t2_b0,8,13,0.30827034865201347,0.022691436111927032,0.04077765718102455,0.04077765718102455,1.0,1.0,99,99
100,t2_b0,34,10,0.14211400657981282,-0.04775860160589218,0.018025806173682213,0.018025806173682213,0.9142857142857143,1.0,99,99
100,t2_b0,28,39,0.13281745704428782,0.033744074404239655,0.004907768219709396,0.004907768219709396,0.9333333333333333,1.0,99,99
100,t2_b0,35,29,-0.40222231741123493,-0.048914745450019836,0.062413111329078674,0.062413111329078674,0.016666666666666666,1.0,99,99
100,t2_b0,19,38,0.14917565130350918,-0.03562513738870621,0.017075663432478905,0.017075663432478905,0.925,1.0,99,99
100,t2_b0,4,20,0.11498059922075361,-0.05289836972951889,0.014091674238443375,0.014091674238443375,0.92,1.0,99,99
101,t2_b0,9,8,0.9826854349319901,0.014198623597621918,0.46898338198661804,0.46898338198661804,1.0,1.0,100,100
101,t2_b0,39,5,0.0025442647136134844,0.04777620732784271,0.0010229642502963543,0.0010229642502963543,0.9500000000000001,1.0,100,100
101,t2_b0,24,33,-0.060242439933240355,-0.034509606659412384,0.0003310893662273884,0.0003310893662273884,0.03333333333333333,1.0,100,100
101,t2_b0,11,13,0.9700147188000129,0.00844835489988327,0.46230489015579224,0.46230489015579224,0.9333333333333333,1.0,100,100
101,t2_b0,15,2,0.004787786601596324,-0.0685955211520195,0.0026925550773739815,0.0026925550773739815,0.925,1.0,100,100
101,t2_b0,20,4,0.039773990326028345,-0.05172023922204971,0.004185597412288189,0.004185597412288189,0.925,1.0,100,100
101,t2_b0,23,27,-0.005841170100604507,0.0003550723195075989,1.9196710127289407e-05,1.9196710127289407e-05,0.9166666666666667,1.0,100,100
101,t2_b0,10,34,-0.31509492203517375,-0.051763392984867096,0.03467174619436264,0.03467174619436264,0.9166666666666667,1.0,100,100
102,t2_b0,37,38,-0.012981909613560988,-0.034105561673641205,0.00022310431813821197,0.00022310431813821197,0.016666666666666666,1.0,101,101
102,t2_b0,30,26,0.0,0.051879122853279114,0.0013457216555252671,0.0013457216555252671,1.0,1.0,101,101
102,t2_b0,31,32,0.023549725892367483,-0.050994791090488434,0.0027784425765275955,0.0027784425765275955,0.9333333333333333,1.0,101,101
102,t2_b0,6,34,-0.6085407629380112,-0.06165062636137009,0.14954441785812378,0.14954441785812378,0.9166666666666667,1.0,101,101
102,t2_b0,35,28,0.16402427618183285,-0.05438455939292908,0.02385121025145054,0.02385121025145054,0.014285714285714287,1.0,101,101
102,t2_b0,5,39,-0.18915140500489108,0.05063127726316452,0.02874786965548992,0.02874786965548992,0.9500000000000001,1.0,101,101
102,t2_b0,33,13,0.06252243196542341,0.004676468670368195,0.0016730778152123094,0.0016730778152123094,0.9125,1.0,101,101
103,t2_b0,14,39,0.007530224100383615,0.05175122246146202,0.000977748422883451,0.000977748422883451,1.0,1.0,102,102
103,t2_b0,11,9,0.06411074966105175,0.0022498667240142822,0.0019133843015879393,0.0019133843015879393,0.925,1.0,102,102
103,t2_b0,22,38,0.0,-0.04988338053226471,0.001244175829924643,0.001244175829924643,1.0,1.0,102,102
103,t2_b0,26,30,0.22495927530716195,0.05768021568655968,0.013991139829158783,0.013991139829158783,0.9500000000000001,1.0,102,102
103,t2_b0,32,31,-0.05725483735741053,-0.035261571407318115,0.00024185184156522155,0.00024185184156522155,0.9333333333333333,1.0,102,102
103,t2_b0,29,35,-0.17322195740370377,-0.04975195974111557,0.007622420787811279,0.007622420787811279,0.0125,1.0,102,102
103,t2_b0,16,27,-0.051578275290722904,0.009893633425235748,0.001889397855848074,0.001889397855848074,0.9142857142857143,1.0,102,102
103,t2_b0,12,24,0.321576447644399,-0.006297670304775238,0.053750719875097275,0.053750719875097275,0.9166666666666667,1.0,102,102
103,t2_b0,2,15,0.023031688013835528,-0.06446333229541779,0.0038276894483715296,0.0038276894483715296,0.925,1.0,102,102
104,t2_b0,18,20,-0.031248819624998574,-0.050162896513938904,0.00017887116700876504,0.00017887116700876504,0.9333333333333333,1.0,103,103
104,t2_b0,27,16,-0.5097853539844307,0.01097201555967331,0.13559412956237793,0.13559412956237793,0.9125,1.0,103,103
104,t2_b0,21,33,0.033424954649733565,0.009206235408782959,0.0002932731877081096,0.0002932731877081096,0.9166666666666667,1.0,103,103
104,t2_b0,17,2,0.041260484780879354,-0.07700501382350922,0.006993363611400127,0.006993363611400127,0.05,1.0,103,103
104,t2_b0,13,25,-0.016915425322752253,0.011243298649787903,0.0003964568895753473,0.0003964568895753473,0.9142857142857143,1.0,103,103
104,t2_b0,38,19,0.0,-0.03388599306344986,0.0005741302738897502,0.0005741302738897502,1.0,1.0,103,103
105,t2_b0,23,16,-0.18027512212267535,0.007324293255805969,0.01759677194058895,0.01759677194058895,0.9125,1.0,104,104
105,t2_b0,33,21,-0.5691537672112531,0.0034438595175743103,0.16393402218818665,0.16393402218818665,0.9142857142857143,1.0,104,104
105,t2_b0,34,10,-0.11244722636320047,-0.05320897698402405,0.0017545849550515413,0.0017545849550515413,0.91,1.0,104,104
105,t2_b0,4,20,0.004206615636733954,-0.04038073122501373,0.0009940158342942595,0.0009940158342942595,0.9166666666666667,1.0,104,104
105,t2_b0,13,25,0.05696009140240248,0.009301550686359406,0.0011356682516634464,0.0011356682516634464,0.9125,1.0,104,104
105,t2_b0,19,38,0.17187035756792943,-0.039899252355098724,0.022423183545470238,0.022423183545470238,0.9166666666666667,1.0,104,104
106,t2_b0,0,34,0.008031618691468822,-0.05138939619064331,0.0017654284602031112,0.0017654284602031112,0.9111111111111111,1.0,105,105
106,t2_b0,20,4,0.2588356994777209,-0.04209244251251221,0.045278873294591904,0.045278873294591904,0.9500000000000001,1.0,105,105
106,t2_b0,9,11,0.00608397296113628,0.012579560279846191,2.1096328055136837e-05,2.1096328055136837e-05,0.9333333333333333,1.0,105,105
106,t2_b0,25,13,0.07292658562870113,0.01112338900566101,0.0019098176853731275,0.0019098176853731275,0.9166666666666667,1.0,105,105
106,t2_b0,14,5,0.1977592905237918,0.057863738387823105,0.009785381145775318,0.009785381145775318,1.0,1.0,105,105
106,t2_b0,15,2,0.0,-0.06510861217975616,0.0021195656154304743,0.0021195656154304743,0.925,1.0,105,105
107,t2_b0,39,25,-0.1198248572018431,0.011932052671909332,0.008679940365254879,0.008679940365254879,0.92,1.0,106,106
107,t2_b0,22,30,0.9705048744750432,0.05029083043336868,0.4233969449996948,0.4233969449996948,1.0,1.0,106,106
107,t2_b0,6,10,0.055233069189906225,-0.056731924414634705,0.006268079858273268,0.006268079858273268,0.016666666666666666,1.0,106,106
107,t2_b0,36,35,0.0,-0.05054377019405365,0.00127733638510108,0.00127733638510108,0.9142857142857143,1.0,106,106
107,t2_b0,31,18,-0.13781780742810512,-0.051171138882637024,0.0037538218311965466,0.0037538218311965466,0.925,1.0,106,106
108,t2_b0,2,15,0.13351451158735142,-0.06792274862527847,0.020288486033678055,0.020288486033678055,0.9500000000000001,1.0,107,107
108,t2_b0,26,30,0.03595467040580157,0.052387967705726624,0.0001350266538793221,0.0001350266538793221,0.9500000000000001,1.0,107,107
108,t2_b0,11,9,0.05507621659676029,0.011160269379615784,0.000964305130764842,0.000964305130764842,0.925,1.0,107,107
108,t2_b0,32,21,0.19463793498211804,-0.021795518696308136,0.023421723395586014,0.023421723395586014,0.92,1.0,107,107
108,t2_b0,7,31,-0.03706759867825593,-0.05370616912841797,0.0001384210045216605,0.0001384210045216605,0.9333333333333333,1.0,107,107
108,t2_b0,12,24,0.0,-0.0039508044719696045,7.804427696100902e-06,7.804427696100902e-06,0.9166666666666667,1.0,107,107
108,t2_b0,37,4,-0.5274051154978792,-0.047476500272750854,0.11516574770212173,0.11516574770212173,0.925,1.0,107,107
108,t2_b0,25,39,0.12325283412298575,0.012876294553279877,0.006091489922255278,0.006091489922255278,0.92,1.0,107,107
109,t2_b0,22,26,0.782727120838569,0.035496339201927185,0.2791769206523895,0.2791769206523895,1.0,1.0,108,108
109,t2_b0,38,19,0.0035045596113212176,-0.04091963917016983,0.0009867546614259481,0.0009867546614259481,0.92,1.0,108,108
109,t2_b0,8,37,0.9443748449097268,-0.04503163695335388,0.48946258425712585,0.48946258425712585,0.9500000000000001,1.0,108,108
109,t2_b0,4,6,0.2078866983408012,-0.04821820557117462,0.032794855535030365,0.032794855535030365,0.02,1.0,108,108
109,t2_b0,18,31,-0.34370849823870714,-0.04386349767446518,0.04495350643992424,0.04495350643992424,0.925,1.0,108,108
109,t2_b0,27,33,0.24954305961157283,0.012318678200244904,0.028137700632214546,0.028137700632214546,0.9125,1.0,108,108
109,t2_b0,24,39,-0.20146773673571422,-0.014473818242549896,0.017483364790678024,0.017483364790678024,0.02,1.0,108,108
109,t2_b0,28,29,-0.566887919684405,-0.03567437082529068,0.141093909740448,0.141093909740448,0.925,1.0,108,108
110,t2_b0,5,22,0.9017027869063711,0.046498581767082214,0.3656870722770691,0.3656870722770691,0.9500000000000001,1.0,109,109
110,t2_b0,21,7,-0.0027779133102455475,-0.008132994174957275,1.433844408893492e-05,1.433844408893492e-05,0.02,1.0,109,109
110,t2_b0,23,12,-0.474869607363053,0.0033861249685287476,0.11436428129673004,0.11436428129673004,0.014285714285714287,1.0,109,109
110,t2_b0,29,14,-0.3806684266025773,0.001011386513710022,0.07283974438905716,0.07283974438905716,1.0,1.0,109,109
110,t2_b0,38,0,-1.0,-0.04934406280517578,0.4518733620643616,0.4518733620643616,0.0125,1.0,109,109
110,t2_b0,33,24,0.028050278030295025,-0.00014425814151763916,0.00039746591937728226,0.00039746591937728226,0.014285714285714287,1.0,109,109
110,t2_b0,2,15,0.37533060831930465,-0.0688321590423584,0.09864027798175812,0.09864027798175812,1.0,1.0,109,109
110,t2_b0,13,39,-0.2814365623479066,0.009930245578289032,0.04244730994105339,0.04244730994105339,0.9142857142857143,1.0,109,109
110,t2_b0,34,6,-0.3398964737467201,-0.051715120673179626,0.0415242500603199,0.0415242500603199,0.9111111111111111,1.0,109,109
111,t2_b0,0,34,-0.02672708851541413,-0.051717787981033325,0.00031226754072122276,0.00031226754072122276,0.9111111111111111,1.0,110,110
111,t2_b0,9,11,0.006278616654816408,0.010748222470283508,9.9886874522781e-06,9.9886874522781e-06,0.9333333333333333,1.0,110,110
111,t2_b0,19,16,0.15450348157918872,-0.03459499776363373,0.017879117280244827,0.017879117280244827,1.0,1.0,110,110
111,t2_b0,39,25,0.12593359944924093,0.00827018916606903,0.006922339554876089,0.006922339554876089,0.9166666666666667,1.0,110,110
111,t2_b0,15,18,0.0,-0.06542527675628662,0.002140233526006341,0.002140233526006341,1.0,1.0,110,110
111,t2_b0,20,4,0.28486052899588094,-0.03795918822288513,0.052106283605098724,0.052106283605098724,0.9333333333333333,1.0,110,110
111,t2_b0,35,6,-0.15258312278914307,-0.049009762704372406,0.005363720469176769,0.005363720469176769,0.9111111111111111,1.0,110,110
112,t2_b0,30,25,0.9708236948173719,0.008233092725276947,0.46329036355018616,0.46329036355018616,0.925,1.0,111,111
112,t2_b0,15,18,-0.010385107975172413,-0.07118940353393555,0.0018485812470316887,0.0018485812470316887,1.0,1.0,111,111
112,t2_b0,36,14,-0.09704901682708449,-0.04889105260372162,0.0011595949763432145,0.0011595949763432145,0.016666666666666666,1.0,111,111
112,t2_b0,31,21,-0.3404869884223927,-0.013257741928100586,0.05353948473930359,0.05353948473930359,0.925,1.0,111,111
112,t2_b0,16,17,0.30969821734024455,-0.04514537751674652,0.06295699626207352,0.06295699626207352,0.9166666666666667,1.0,111,111
112,t2_b0,6,34,0.04718148736118055,-0.055458344519138336,0.005267467349767685,0.005267467349767685,0.9142857142857143,1.0,111,111
112,t2_b0,5,22,0.0022857759684371637,0.048696648329496384,0.0010769845684990287,0.0010769845684990287,0.9500000000000001,1.0,111,111
113,t2_b0,32,31,-0.00813295034878941,-0.009247705340385437,6.213392680365359e-07,6.213392680365359e-07,0.92,1.0,112,112
113,t2_b0,18,37,0.22719879609503382,-0.038686662912368774,0.03534754365682602,0.03534754365682602,1.0,1.0,112,112
113,t2_b0,25,13,0.14293550233707872,0.008812390267848969,0.008994504809379578,0.008994504809379578,0.9166666666666667,1.0,112,112
113,t2_b0,12,24,0.0,-0.00868174433708191,3.768634269363247e-05,3.768634269363247e-05,0.9166666666666667,1.0,112,112
113,t2_b0,11,9,0.12385426841573355,0.009322643280029297,0.0065587470307946205,0.0065587470307946205,0.9333333333333333,1.0,112,112
113,t2_b0,14,28,-0.0394661995794007,-0.027974463999271393,6.60299847368151e-05,6.60299847368151e-05,0.025,1.0,112,112
113,t2_b0,17,16,0.0,-0.04335269331932068,0.0009397279936820269,0.0009397279936820269,0.9166666666666667,1.0,112,112
113,t2_b0,7,21,-0.14888373092493282,-0.007499635219573975,0.009994731284677982,0.009994731284677982,0.92,1.0,112,112
114,t2_b0,27,33,0.0,0.008705362677574158,3.7891670217504725e-05,3.7891670217504725e-05,0.9142857142857143,1.0,113,113
114,t2_b0,8,38,-0.5116449229931253,-0.0429559051990509,0.109834685921669,0.109834685921669,0.9333333333333333,1.0,113,113
114,t2_b0,31,21,0.11301023239295865,-0.03220556676387787,0.010543815791606903,0.010543815791606903,0.02,1.0,113,113
114,t2_b0,3,37,0.09019872312314463,-0.0571160688996315,0.010850823484361172,0.010850823484361172,0.9333333333333333,1.0,113,113
114,t2_b0,29,14,-0.09787170925738604,-0.02171042561531067,0.002900270279496908,0.002900270279496908,0.1,1.0,113,113
114,t2_b0,22,5,0.28132625729490907,0.06610651314258575,0.023159770295023918,0.023159770295023918,1.0,1.0,113,113
114,t2_b0,24,32,-0.2717311222696951,-0.01243089884519577,0.033618297427892685,0.033618297427892685,0.016666666666666666,1.0,113,113
114,t2_b0,28,16,0.17569997338844356,-0.03438954055309296,0.022068802267313004,0.022068802267313004,0.92,1.0,113,113
115,t2_b0,28,35,0.07466084935841323,-0.045254454016685486,0.007189840544015169,0.007189840544015169,0.02,1.0,114,114
115,t2_b0,23,27,0.28321064073185476,0.000353887677192688,0.04000397399067879,0.04000397399067879,0.9142857142857143,1.0,114,114
115,t2_b0,34,10,-0.06913246962546428,-0.05024687200784683,0.00017833289166446775,0.00017833289166446775,0.9125,1.0,114,114
115,t2_b0,13,25,0.041197397900702794,0.0048124343156814575,0.0006619327468797565,0.0006619327468797565,0.9125,1.0,114,114
115,t2_b0,4,20,0.025165491719326197,-0.03779224306344986,0.0019818381406366825,0.0019818381406366825,0.9166666666666667,1.0,114,114
115,t2_b0,32,7,0.22715863413976467,-0.030426375567913055,0.0331750214099884,0.0331750214099884,0.016666666666666666,1.0,114,114
116,t2_b0,26,5,0.9492930565102982,0.09431290626525879,0.3654955327510834,0.3654955327510834,1.0,1.0,115,115
116,t2_b0,33,13,0.020261903641834,0.0010517463088035583,0.00018451508367434144,0.00018451508367434144,0.9125,1.0,115,115
116,t2_b0,9,11,0.31022030748749363,0.012990802526473999,0.04417268559336662,0.04417268559336662,0.9333333333333333,1.0,115,115
116,t2_b0,20,4,0.08215651367512034,-0.03501083701848984,0.00686409417539835,0.00686409417539835,0.9333333333333333,1.0,115,115
116,t2_b0,10,6,-0.06493002501037823,-0.049619995057582855,0.00011719846224877983,0.00011719846224877983,0.9125,1.0,115,115
117,t2_b0,3,32,-0.2665185918344777,-0.0370960608124733,0.026317350566387177,0.026317350566387177,0.016666666666666666,1.0,116,116
117,t2_b0,5,26,0.0,0.0838259905576706,0.0035133983474224806,0.0035133983474224806,1.0,1.0,116,116
117,t2_b0,36,35,-0.04467861524650638,-0.04967916011810303,1.2502732715802267e-05,1.2502732715802267e-05,0.9166666666666667,1.0,116,116
117,t2_b0,25,13,0.10853304449763412,0.007184751331806183,0.005135738756507635,0.005135738756507635,0.925,1.0,116,116
117,t2_b0,21,31,-0.04490196446817095,-0.012311816215515137,0.0005310588167048991,0.0005310588167048991,0.9125,1.0,116,116
117,t2_b0,30,11,-0.43812540049633497,0.004153616726398468,0.09780535846948624,0.09780535846948624,0.9333333333333333,1.0,116,116
117,t2_b0,6,0,0.0,-0.055215880274772644,0.0015243967063724995,0.0015243967063724995,0.9166666666666667,1.0,116,116
117,t2_b0,16,28,0.4340465174884585,-0.03412953019142151,0.10959439724683762,0.10959439724683762,0.92,1.0,116,116
118,t2_b0,37,38,-0.006874108354122739,-0.03508114069700241,0.00039781833766028285,0.00039781833766028285,0.925,1.0,117,117
118,t2_b0,11,13,0.23472353744700467,0.004992619156837463,0.026388147845864296,0.026388147845864296,0.9166666666666667,1.0,117,117
118,t2_b0,19,9,0.8971878249445885,0.023946039378643036,0.38127559423446655,0.38127559423446655,1.0,1.0,117,117
118,t2_b0,26,5,0.15765788935697522,0.10111171752214432,0.001598734874278307,0.001598734874278307,1.0,1.0,117,117
118,t2_b0,12,24,0.024585117623928128,-0.015147015452384949,0.0007893213187344372,0.0007893213187344372,0.9125,1.0,117,117
118,t2_b0,17,4,0.06015441853905944,-0.049680404365062714,0.006031843833625317,0.006031843833625317,0.92,1.0,117,117
119,t2_b0,16,28,0.06590443852527285,-0.030302472412586212,0.004627884831279516,0.004627884831279516,0.02,1.0,118,118
119,t2_b0,38,37,0.008777269601310103,-0.02516964077949524,0.0005761962966062129,0.0005761962966062129,0.9333333333333333,1.0,118,118
119,t2_b0,27,33,0.0,-0.01317618042230606,8.680586324771866e-05,8.680586324771866e-05,0.0125,1.0,118,118
119,t2_b0,8,20,0.06123338192767616,-0.03975524753332138,0.005099351517856121,0.005099351517856121,1.0,1.0,118,118
119,t2_b0,12,3,-0.3268751804786117,-0.02268429845571518,0.04626604542136192,0.04626604542136192,0.0125,1.0,118,118
119,t2_b0,18,29,0.9484733303402251,-0.023502260446548462,0.4723682403564453,0.4723682403564453,1.0,1.0,118,118
120,t2_b0,29,16,0.020448143582784517,-0.002965763211250305,0.00027410549228079617,0.00027410549228079617,0.925,1.0,119,119
120,t2_b0,4,20,0.023846040090562296,-0.036081016063690186,0.001795625896193087,0.001795625896193087,0.92,1.0,119,119
120,t2_b0,0,17,0.0,-0.0562354251742363,0.0015812115743756294,0.0015812115743756294,1.0,1.0,119,119
120,t2_b0,13,11,0.0,0.007075689733028412,2.503269206499681e-05,2.503269206499681e-05,1.0,1.0,119,119
120,t2_b0,21,31,-0.010311459927065371,-0.015352562069892883,1.2706354027613997e-05,1.2706354027613997e-05,0.0125,1.0,119,119
120,t2_b0,18,5,0.029648871752160313,0.016292959451675415,8.919020183384418e-05,8.919020183384418e-05,0.9500000000000001,1.0,119,119
120,t2_b0,34,6,0.11846536561560624,-0.04977159947156906,0.014151839539408684,0.014151839539408684,0.9125,1.0,119,119
120,t2_b0,24,12,0.035336654502443506,-0.025316201150417328,0.0018393844366073608,0.0018393844366073608,0.9111111111111111,1.0,119,119
121,t2_b0,17,6,-0.174034064803919,-0.0452413409948349,0.008293782360851765,0.008293782360851765,0.025,1.0,120,120
121,t2_b0,22,13,-0.7516192380002895,0.004368729889392853,0.2857588827610016,0.2857588827610016,1.0,1.0,120,120
121,t2_b0,20,8,0.22882929975563093,-0.03638072311878204,0.035168182104825974,0.035168182104825974,1.0,1.0,120,120
122,t2_b0,8,20,0.009245928154849597,-0.019246891140937805,0.0004059203783981502,0.0004059203783981502,0.1,1.0,121,121
122,t2_b0,39,19,0.9509570077552517,-0.0012058168649673462,0.45330700278282166,0.45330700278282166,0.1,1.0,121,121
122,t2_b0,5,14,0.06733345564922899,-0.0124988853931427,0.0031866009812802076,0.0031866009812802076,0.02,1.0,121,121
122,t2_b0,1,6,0.00842581605715127,-0.05029328912496567,0.001723966677673161,0.001723966677673161,0.92,1.0,121,121
122,t2_b0,36,4,-0.0039637056946667725,-0.03878389298915863,0.000606222718488425,0.000606222718488425,0.9166666666666667,1.0,121,121
122,t2_b0,31,21,-0.07856074746978381,-0.014993757009506226,0.0020203811582177877,0.0020203811582177877,0.9125,1.0,121,121
123,t2_b0,30,19,-0.09830942567302425,-0.0088905468583107,0.003997867926955223,0.003997867926955223,0.03333333333333333,1.0,122,122
123,t2_b0,37,31,-0.15104023333215605,-0.019067920744419098,0.008708345703780651,0.008708345703780651,0.025,1.0,122,122
123,t2_b0,33,12,0.01563735520197524,-0.020202524960041046,0.0006422484293580055,0.0006422484293580055,0.01,1.0,122,122
123,t2_b0,6,34,-0.2907231743131733,-0.04868057370185852,0.029292309656739235,0.029292309656739235,0.9500000000000001,1.0,122,122
123,t2_b0,7,11,-0.0963619220297558,-0.015281781554222107,0.0032869945280253887,0.0032869945280253887,0.91,1.0,122,122
123,t2_b0,32,27,-0.02699823042686546,-0.01382889598608017,8.671569230500609e-05,8.671569230500609e-05,0.91,1.0,122,122
124,t2_b0,36,35,0.5540471044376969,-0.03227624297142029,0.17188754677772522,0.17188754677772522,0.014285714285714287,1.0,123,123
124,t2_b0,23,32,0.2791976868462212,-0.013599202036857605,0.04286501556634903,0.04286501556634903,0.91,1.0,123,123
124,t2_b0,3,12,0.015615472146682925,-0.02918008714914322,0.0010033210273832083,0.0010033210273832083,0.91,1.0,123,123
124,t2_b0,24,7,-0.0008875055868573849,-0.028017565608024597,0.000368020060705021,0.000368020060705021,0.011111111111111112,1.0,123,123
124,t2_b0,38,15,0.0,-0.015013523399829865,0.00011270293907728046,0.00011270293907728046,0.925,1.0,123,123
124,t2_b0,17,4,-0.40262695984345825,-0.03703612834215164,0.06682833284139633,0.06682833284139633,0.025,1.0,123,123
124,t2_b0,28,16,-0.02555323385675338,-0.027128443121910095,1.2406420637489646e-06,1.2406420637489646e-06,0.9166666666666667,1.0,123,123
125,t2_b0,29,13,-0.15148599549205205,-0.014385908842086792,0.009398216381669044,0.009398216381669044,0.9166666666666667,1.0,124,124
125,t2_b0,4,20,0.10399204621494433,-0.02258564531803131,0.008010955527424812,0.008010955527424812,0.9142857142857143,1.0,124,124
125,t2_b0,34,1,0.0378448709485756,-0.03562316298484802,0.002698775613680482,0.002698775613680482,0.9125,1.0,124,124
125,t2_b0,35,36,0.0,-0.03360239416360855,0.0005645604687742889,0.0005645604687742889,0.014285714285714287,1.0,124,124
125,t2_b0,19,39,0.005533582025227353,-0.012251533567905426,0.0001581551623530686,0.0001581551623530686,0.9125,1.0,124,124
126,t2_b0,9,19,0.0,0.0023473501205444336,2.755026343947975e-06,2.755026343947975e-06,1.0,1.0,125,125
126,t2_b0,15,38,0.41392772351830465,-0.019826777279376984,0.09407148510217667,0.09407148510217667,1.0,1.0,125,125
126,t2_b0,28,16,0.24553487899036672,-0.01773688942193985,0.034656014293432236,0.034656014293432236,0.016666666666666666,1.0,125,125
126,t2_b0,25,39,0.0512779677929465,-0.00905279815196991,0.0018199007026851177,0.0018199007026851177,0.92,1.0,125,125
126,t2_b0,20,4,0.09326773831817177,-0.02197364717721939,0.006640288513153791,0.006640288513153791,0.9166666666666667,1.0,125,125
127,t2_b0,21,31,-0.04660549164184057,-0.016466453671455383,0.00045418075751513243,0.00045418075751513243,0.9111111111111111,1.0,126,126
127,t2_b0,30,39,-0.287734601902848,0.0035022571682929993,0.04240944981575012,0.04240944981575012,0.9500000000000001,1.0,126,126
127,t2_b0,1,34,-0.06783101648206309,-0.033773429691791534,0.0005799596547149122,0.0005799596547149122,0.9166666666666667,1.0,126,126
127,t2_b0,16,5,-0.07504499185269518,-0.015314139425754547,0.00178388727363199,0.00178388727363199,0.9166666666666667,1.0,126,126
127,t2_b0,26,18,0.05545340419594562,-0.014204226434230804,0.0024260927457362413,0.0024260927457362413,0.92,1.0,126,126
128,t2_b0,32,23,0.014094371355130478,-0.014862805604934692,0.0004192590422462672,0.0004192590422462672,0.9111111111111111,1.0,127,127
128,t2_b0,25,39,0.5365920147557629,-0.008940428495407104,0.14880283176898956,0.14880283176898956,0.03333333333333333,1.0,127,127
128,t2_b0,37,31,-0.009721220248574719,-0.018724992871284485,4.0533959690947086e-05,4.0533959690947086e-05,0.9333333333333333,1.0,127,127
128,t2_b0,21,7,0.0,-0.01779455691576004,0.00015832313511054963,0.00015832313511054963,0.011111111111111112,1.0,127,127
128,t2_b0,12,27,-0.011572366157818577,-0.02939213067293167,0.0001587719889357686,0.0001587719889357686,0.0125,1.0,127,127
128,t2_b0,29,5,0.0,-0.008610345423221588,3.70690249837935e-05,3.70690249837935e-05,0.02,1.0,127,127
129,t2_b0,38,37,0.037306753635320024,-0.0168590247631073,0.0014669656520709395,0.0014669656520709395,0.9333333333333333,1.0,128,128
129,t2_b0,23,32,0.14520203735277817,-0.01526707410812378,0.012875168584287167,0.012875168584287167,0.91,1.0,128,128
129,t2_b0,17,20,-0.2780923367067078,-0.023805253207683563,0.0323309563100338,0.0323309563100338,0.02,1.0,128,128
129,t2_b0,39,19,0.016891288957466003,0.004647783935070038,7.495171303162351e-05,7.495171303162351e-05,1.0,1.0,128,128
129,t2_b0,33,25,0.11382075134616372,-0.015361927449703217,0.008344082161784172,0.008344082161784172,0.9142857142857143,1.0,128,128
129,t2_b0,5,29,-0.080856036931099,-0.016414694488048553,0.0020763434004038572,0.0020763434004038572,0.016666666666666666,1.0,128,128
129,t2_b0,11,24,-1.0,-0.029202185571193695,0.47122421860694885,0.47122421860694885,0.0125,1.0,128,128
129,t2_b0,18,26,0.10458625393547484,-0.004382982850074768,0.005937146954238415,0.005937146954238415,0.925,1.0,128,128
130,t2_b0,15,8,0.006398400009616944,-0.019865989685058594,0.00034490908728912473,0.00034490908728912473,0.03333333333333333,1.0,129,129
130,t2_b0,10,26,0.7275030231275282,-0.011547371745109558,0.2730977237224579,0.2730977237224579,0.1,1.0,129,129
130,t2_b0,19,39,0.35093300793581983,0.010257802903652191,0.05802979692816734,0.05802979692816734,0.9500000000000001,1.0,129,129
130,t2_b0,4,20,-0.0830429698631202,-0.01846633106470108,0.002085071289911866,0.002085071289911866,0.9125,1.0,129,129
130,t2_b0,24,12,-0.0008423396462619163,-0.025521263480186462,0.00030452461214736104,0.00030452461214736104,0.9111111111111111,1.0,129,129
130,t2_b0,13,18,-0.025982591783901707,0.003321737051010132,0.0004293718666303903,0.0004293718666303903,1.0,1.0,129,129
130,t2_b0,34,1,-0.09202217801258993,-0.031206339597702026,0.001849283231422305,0.001849283231422305,0.9125,1.0,129,129
130,t2_b0,14,29,-0.05595170012378941,-0.01390528678894043,0.0008839504444040358,0.0008839504444040358,0.9166666666666667,1.0,129,129
131,t2_b0,18,26,0.004523439366875113,0.0018104836344718933,3.6800643101742025e-06,3.6800643101742025e-06,0.925,1.0,130,130
131,t2_b0,39,19,0.33239566289822986,0.03997490555047989,0.04275495558977127,0.04275495558977127,1.0,1.0,130,130
131,t2_b0,35,1,-0.017680322861209775,-0.026005156338214874,3.465142799541354e-05,3.465142799541354e-05,0.9125,1.0,130,130
131,t2_b0,20,4,0.1967968612146164,-0.015262648463249207,0.022484619170427322,0.022484619170427322,0.9125,1.0,130,130
132,t2_b0,31,21,-0.1564223271184766,-0.014191806316375732,0.010114761069417,0.010114761069417,0.9142857142857143,1.0,131,131
132,t2_b0,37,38,0.14605492685716193,-0.016549475491046906,0.01322009414434433,0.01322009414434433,0.03333333333333333,1.0,131,131
132,t2_b0,36,35,0.08124471892273755,-0.019946053624153137,0.005119786597788334,0.005119786597788334,0.9142857142857143,1.0,131,131
132,t2_b0,1,34,0.3063894034341604,-0.027864262461662292,0.05586275830864906,0.05586275830864906,0.9125,1.0,131,131
132,t2_b0,26,10,0.14953718859843898,-0.0005796849727630615,0.01126753818243742,0.01126753818243742,0.9142857142857143,1.0,131,131
132,t2_b0,16,14,-0.09933274794530964,-0.013407275080680847,0.003691593650728464,0.003691593650728464,0.0125,1.0,131,131
132,t2_b0,27,24,-0.11972054049862296,-0.021133385598659515,0.0048597133718431,0.0048597133718431,0.011111111111111112,1.0,131,131
133,t2_b0,7,11,-0.37467961947812384,-0.01659531146287918,0.06411219388246536,0.06411219388246536,0.91,1.0,132,132
133,t2_b0,5,10,0.08275334508197588,0.0021882131695747375,0.003245370229706168,0.003245370229706168,0.9125,1.0,132,132
133,t2_b0,2,37,-0.16297168654748756,-0.04198861122131348,0.007318452931940556,0.007318452931940556,0.9500000000000001,1.0,132,132
133,t2_b0,22,30,0.903256473340347,-0.012827202677726746,0.41960465908050537,0.41960465908050537,0.92,1.0,132,132
133,t2_b0,12,24,0.0,-0.027258269488811493,0.0003715066413860768,0.0003715066413860768,0.9111111111111111,1.0,132,132
133,t2_b0,23,32,0.2950210852696226,-0.014639213681221008,0.04794475436210632,0.04794475436210632,0.01,1.0,132,132
133,t2_b0,19,18,-0.33711876499634646,0.0070795416831970215,0.05923623964190483,0.05923623964190483,0.9166666666666667,1.0,132,132
134,t2_b0,37,31,-0.04788178867280976,-0.0200086310505867,0.00038845647941343486,0.00038845647941343486,0.014285714285714287,1.0,133,133
134,t2_b0,26,18,0.4087820274298725,0.008377783000469208,0.08016178011894226,0.08016178011894226,0.9142857142857143,1.0,133,133
134,t2_b0,3,12,-0.012573836168017263,-0.029936596751213074,0.00015073272516019642,0.00015073272516019642,0.91,1.0,133,133
134,t2_b0,33,27,0.1319174110691055,-0.014679603278636932,0.010745344683527946,0.010745344683527946,0.9125,1.0,133,133
134,t2_b0,8,15,0.07339412370139292,-0.010338112711906433,0.003505544038489461,0.003505544038489461,0.9142857142857143,1.0,133,133
134,t2_b0,28,5,0.023677455523147553,-0.005869738757610321,0.0004365183413028717,0.0004365183413028717,0.9142857142857143,1.0,133,133
135,t2_b0,10,26,0.053356686844743054,0.009600058197975159,0.0009573213174007833,0.0009573213174007833,0.9166666666666667,1.0,134,134
135,t2_b0,34,1,0.3555646623724022,-0.016896843910217285,0.0693637803196907,0.0693637803196907,0.9142857142857143,1.0,134,134
135,t2_b0,24,27,0.15606980723455405,-0.028716914355754852,0.01707306317985058,0.01707306317985058,0.9111111111111111,1.0,134,134
135,t2_b0,14,29,0.03701818539432373,-0.0026788711547851562,0.0007879280601628125,0.0007879280601628125,0.9142857142857143,1.0,134,134
135,t2_b0,4,20,0.19918137127632532,-0.029365502297878265,0.026116840541362762,0.026116840541362762,0.9333333333333333,1.0,134,134
136,t2_b0,18,39,-0.048525107001772955,0.010561317205429077,0.0017456026980653405,0.0017456026980653405,0.02,1.0,135,135
136,t2_b0,19,26,-0.09263800490033926,0.006268620491027832,0.004891260527074337,0.004891260527074337,0.9166666666666667,1.0,135,135
136,t2_b0,20,17,0.0,-0.002149641513824463,2.310479430889245e-06,2.310479430889245e-06,0.9166666666666667,1.0,135,135
136,t2_b0,35,34,0.10292489934015261,-0.011398814618587494,0.0065349554643034935,0.0065349554643034935,0.9125,1.0,135,135
136,t2_b0,33,11,0.40350162964414016,-0.015125252306461334,0.08762422949075699,0.08762422949075699,0.014285714285714287,1.0,135,135
136,t2_b0,25,22,0.07178065529314408,-0.010554797947406769,0.0033895631786435843,0.0033895631786435843,0.9333333333333333,1.0,135,135
136,t2_b0,23,12,-0.10226438070202436,-0.024727381765842438,0.0030059930868446827,0.0030059930868446827,0.011111111111111112,1.0,135,135
136,t2_b0,0,4,0.0,-0.042094580829143524,0.0008859768859110773,0.0008859768859110773,0.9500000000000001,1.0,135,135
136,t2_b0,2,32,-0.1691764905088821,-0.03132516145706177,0.009501494467258453,0.009501494467258453,0.02,1.0,135,135
136,t2_b0,9,10,-0.019754970335650053,0.021235868334770203,0.0008401243831031024,0.0008401243831031024,0.9500000000000001,1.0,135,135
137,t2_b0,39,18,0.0035333407740182773,0.01076352596282959,2.6137788154301234e-05,2.6137788154301234e-05,0.925,1.0,136,136
137,t2_b0,36,1,0.21743371165352784,-0.0019857510924339294,0.024072447791695595,0.024072447791695595,0.9125,1.0,136,136
137,t2_b0,30,22,-0.03313143050664153,0.005869455635547638,0.0007605346036143601,0.0007605346036143601,0.9333333333333333,1.0,136,136
137,t2_b0,6,38,0.3557842710846716,-0.01967809349298477,0.07048598676919937,0.07048598676919937,0.9142857142857143,1.0,136,136
137,t2_b0,8,20,0.0995253906492532,-0.0012185052037239075,0.0050746663473546505,0.0050746663473546505,0.02,1.0,136,136
137,t2_b0,29,10,0.0,0.00453021377325058,1.026141853799345e-05,1.026141853799345e-05,0.9111111111111111,1.0,136,136
137,t2_b0,21,31,-0.13570746684713564,-0.014658309519290924,0.007326449267566204,0.007326449267566204,0.9083333333333333,1.0,136,136
137,t2_b0,4,0,0.49660650987327026,-0.04508101940155029,0.14671266078948975,0.14671266078948975,1.0,1.0,136,136
138,t2_b0,10,26,0.0258291658563908,0.005015343427658081,0.00021660761558450758,0.00021660761558450758,0.92,1.0,137,137
138,t2_b0,22,30,0.04312829058420809,-0.010771892964839935,0.0014526147861033678,0.0014526147861033678,0.9166666666666667,1.0,137,137
138,t2_b0,12,24,0.00018126257241159204,-0.02431221306324005,0.00029996520606800914,0.00029996520606800914,0.9125,1.0,137,137
138,t2_b0,7,11,-0.19073982575398057,-0.015438929200172424,0.015365201979875565,0.015365201979875565,0.9111111111111111,1.0,137,137
138,t2_b0,3,21,-0.08850079958348626,-0.030726000666618347,0.0016689635813236237,0.0016689635813236237,0.009090909090909092,1.0,137,137
138,t2_b0,36,1,0.09564434662157255,0.00043998658657073975,0.0045319353230297565,0.0045319353230297565,0.9125,1.0,137,137
138,t2_b0,14,28,0.0,0.009603790938854218,4.611640179064125e-05,4.611640179064125e-05,0.9166666666666667,1.0,137,137
138,t2_b0,20,17,0.04132120307971961,0.0018275454640388489,0.000779874506406486,0.000779874506406486,0.9142857142857143,1.0,137,137
139,t2_b0,38,37,0.0014449866365646995,-0.016818605363368988,0.00016677938401699066,0.00016677938401699066,0.9166666666666667,1.0,138,138
139,t2_b0,26,10,0.008722996272099687,0.008674256503582,1.1877857586384266e-09,1.1877857586384266e-09,0.9142857142857143,1.0,138,138
139,t2_b0,17,8,-0.12536202533513593,0.007752612233161926,0.008859753608703613,0.008859753608703613,0.9142857142857143,1.0,138,138
139,t2_b0,28,5,0.0,0.015535376965999603,0.00012067396892234683,0.00012067396892234683,0.92,1.0,138,138
139,t2_b0,35,0,0.07234532741866721,0.0002573654055595398,0.002598336897790432,0.002598336897790432,0.9142857142857143,1.0,138,138
140,t2_b0,34,0,0.0683980358569197,-0.001229599118232727,0.002424003789201379,0.002424003789201379,0.9125,1.0,139,139
140,t2_b0,16,10,-0.04075075553558287,0.01421172171831131,0.0015104369958862662,0.0015104369958862662,0.9111111111111111,1.0,139,139
140,t2_b0,5,26,0.14369221970540622,0.0178874209523201,0.00791342556476593,0.00791342556476593,0.9142857142857143,1.0,139,139
140,t2_b0,8,17,0.0090897260068272,0.006624311208724976,3.039135208382504e-06,3.039135208382504e-06,0.9142857142857143,1.0,139,139
140,t2_b0,4,22,0.9719916488046784,-0.014750681817531586,0.4868302047252655,0.4868302047252655,0.9333333333333333,1.0,139,139
140,t2_b0,24,27,-0.12467340597073909,-0.02879389375448227,0.0045964401215314865,0.0045964401215314865,0.9125,1.0,139,139
141,t2_b0,25,13,-0.008319560506007267,-0.014176294207572937,1.715066537144594e-05,1.715066537144594e-05,0.9166666666666667,1.0,140,140
141,t2_b0,19,26,-0.08611879675902889,0.017990417778491974,0.00541936419904232,0.00541936419904232,0.9142857142857143,1.0,140,140
141,t2_b0,34,35,0.053752847698650415,0.002090848982334137,0.0013344810577109456,0.0013344810577109456,0.9125,1.0,140,140
141,t2_b0,33,4,0.012011639612126675,-0.01296212524175644,0.0003118444583378732,0.0003118444583378732,0.9500000000000001,1.0,140,140
141,t2_b0,15,8,-0.002316507595684729,0.013630010187625885,0.0001271457294933498,0.0001271457294933498,0.925,1.0,140,140
141,t2_b0,18,39,0.11163433192150118,0.016289599239826202,0.0045453086495399475,0.0045453086495399475,0.016666666666666666,1.0,140,140
141,t2_b0,0,36,-0.18833225274088736,0.0020276904106140137,0.01811845600605011,0.01811845600605011,0.014285714285714287,1.0,140,140
141,t2_b0,27,24,-0.02409118897345901,-0.025316663086414337,7.508924682042561e-07,7.508924682042561e-07,0.016666666666666666,1.0,140,140
141,t2_b0,14,5,0.0,0.0141444131731987,0.00010003221541410312,0.00010003221541410312,0.9166666666666667,1.0,140,140
142,t2_b0,20,15,0.011523306671883815,0.01336263120174408,1.6915579408305348e-06,1.6915579408305348e-06,0.9166666666666667,1.0,141,141
142,t2_b0,6,38,-0.006087567444791517,-0.02162284404039383,0.00012067240459145978,0.00012067240459145978,0.9166666666666667,1.0,141,141
142,t2_b0,10,26,0.256754532401306,0.020721517503261566,0.02785578742623329,0.02785578742623329,0.92,1.0,141,141
142,t2_b0,35,0,0.36463005833649537,0.004498213529586792,0.06484746932983398,0.06484746932983398,0.9125,1.0,141,141
142,t2_b0,39,19,0.04390725760451797,0.019035600125789642,0.0003092997067142278,0.0003092997067142278,0.925,1.0,141,141
142,t2_b0,28,5,0.00044784987002863713,0.013430140912532806,8.426994463661686e-05,8.426994463661686e-05,0.9142857142857143,1.0,141,141
142,t2_b0,13,24,0.5356107363799585,-0.024573758244514465,0.15690332651138306,0.15690332651138306,0.014285714285714287,1.0,141,141
142,t2_b0,21,37,-0.06255951884371257,-0.020087681710720062,0.0009019283461384475,0.0009019283461384475,0.9166666666666667,1.0,141,141
143,t2_b0,22,4,0.21273398559813408,-0.011634252965450287,0.02517055533826351,0.02517055533826351,0.9166666666666667,1.0,142,142
143,t2_b0,38,23,-0.5263674164124755,-0.026050888001918793,0.12515832483768463,0.12515832483768463,0.025,1.0,142,142
143,t2_b0,36,0,0.09121802393738657,0.01531115174293518,0.0028809267096221447,0.0028809267096221447,0.9111111111111111,1.0,142,142
143,t2_b0,16,26,-0.025276462467212223,0.024329960346221924,0.0012303984258323908,0.0012303984258323908,0.925,1.0,142,142
143,t2_b0,32,21,-0.04255417546725332,-0.01920904964208603,0.00027249741833657026,0.00027249741833657026,0.9333333333333333,1.0,142,142
143,t2_b0,15,20,0.30184830782627603,0.014904148876667023,0.04116848111152649,0.04116848111152649,0.03333333333333333,1.0,142,142
143,t2_b0,12,24,0.04991533217971647,-0.01813608407974243,0.0023154974915087223,0.0023154974915087223,0.92,1.0,142,142
143,t2_b0,3,27,-0.19730185407751535,-0.035457514226436615,0.013096795417368412,0.013096795417368412,0.016666666666666666,1.0,142,142
144,t2_b0,17,26,-0.6734267807366029,0.019622236490249634,0.24015851318836212,0.24015851318836212,0.9111111111111111,1.0,143,143
144,t2_b0,0,35,0.0,0.01538347452878952,0.00011832564632641152,0.00011832564632641152,0.9166666666666667,1.0,143,143
144,t2_b0,33,21,0.9810557249296887,-0.02284025400876999,0.5038959980010986,0.5038959980010986,1.0,1.0,143,143
144,t2_b0,6,2,0.3156961774200321,-0.03374435007572174,0.06105433776974678,0.06105433776974678,0.016666666666666666,1.0,143,143
144,t2_b0,30,25,-0.04271376481427518,-0.010735228657722473,0.000511313381139189,0.000511313381139189,0.02,1.0,143,143
145,t2_b0,28,5,0.10287779624104426,0.019603684544563293,0.003467288799583912,0.003467288799583912,0.92,1.0,144,144
145,t2_b0,13,25,-0.10021587927369761,-0.015918776392936707,0.0035530009772628546,0.0035530009772628546,0.0125,1.0,144,144
145,t2_b0,24,12,0.118670429839222,-0.020686067640781403,0.009710116311907768,0.009710116311907768,0.9166666666666667,1.0,144,144
145,t2_b0,4,22,0.18722596731820978,-0.020939841866493225,0.021666502580046654,0.021666502580046654,0.92,1.0,144,144
145,t2_b0,8,15,0.443392280503411,0.02379104495048523,0.08803259581327438,0.08803259581327438,0.92,1.0,144,144
145,t2_b0,18,26,0.10284610557627559,0.01784830540418625,0.003612313186749816,0.003612313186749816,0.9166666666666667,1.0,144,144
145,t2_b0,1,19,0.0,0.002454504370689392,3.0122957923595095e-06,3.0122957923595095e-06,0.925,1.0,144,144
146,t2_b0,37,3,0.0462050255012097,-0.0353534072637558,0.003325889352709055,0.003325889352709055,0.03333333333333333,1.0,145,145
146,t2_b0,32,6,0.0,-0.01572316139936447,0.00012360890104901046,0.00012360890104901046,1.0,1.0,145,145
146,t2_b0,24,29,-0.8402183988477256,-0.020022518932819366,0.3363606631755829,0.3363606631755829,0.025,1.0,145,145
146,t2_b0,25,7,-0.227944725341308,-0.012522071599960327,0.02320346049964428,0.02320346049964428,0.9125,1.0,145,145
146,t2_b0,39,19,0.253132940947813,0.018383122980594635,0.02755373902618885,0.02755373902618885,0.92,1.0,145,145
146,t2_b0,14,5,0.0,0.02049858868122101,0.00021009607007727027,0.00021009607007727027,0.925,1.0,145,145
146,t2_b0,21,33,-0.011019193567884984,-0.02317943423986435,7.39357274142094e-05,7.39357274142094e-05,1.0,1.0,145,145
146,t2_b0,34,35,0.05342817242638067,0.016793280839920044,0.0006710576708428562,0.0006710576708428562,0.92,1.0,145,145
147,t2_b0,35,34,0.40437274065236417,0.022219642996788025,0.07302049547433853,0.07302049547433853,0.92,1.0,146,146
147,t2_b0,11,33,-0.014830792113053489,-0.024636536836624146,4.807631194125861e-05,4.807631194125861e-05,0.9166666666666667,1.0,146,146
147,t2_b0,26,0,-0.29248593090799063,0.011960916221141815,0.04634394124150276,0.04634394124150276,0.016666666666666666,1.0,146,146
147,t2_b0,16,30,0.942258106363544,-0.01620938628911972,0.4593299627304077,0.4593299627304077,1.0,1.0,146,146
147,t2_b0,15,8,0.0,0.02995520830154419,0.00044865725794807076,0.00044865725794807076,0.925,1.0,146,146
147,t2_b0,31,23,0.0,-0.025660835206508636,0.0003292392357252538,0.0003292392357252538,1.0,1.0,146,146
147,t2_b0,10,18,0.14709264869969135,0.0187835693359375,0.008231610991060734,0.008231610991060734,0.925,1.0,146,146
148,t2_b0,29,25,-0.14896341861881146,-0.011229917407035828,0.009485258720815182,0.009485258720815182,0.014285714285714287,1.0,147,147
148,t2_b0,36,35,0.14177809230067323,0.031347110867500305,0.006097501143813133,0.006097501143813133,0.925,1.0,147,147
148,t2_b0,16,30,-0.029332462794897644,-0.0054939910769462585,0.0002841363602783531,0.0002841363602783531,0.1,1.0,147,147
148,t2_b0,20,15,0.0,0.03459450602531433,0.0005983899463899434,0.0005983899463899434,0.9166666666666667,1.0,147,147
148,t2_b0,12,24,0.09461401685204637,-0.017286062240600586,0.006260813679546118,0.006260813679546118,0.9500000000000001,1.0,147,147
148,t2_b0,22,13,0.30069969605401675,-0.01443009078502655,0.04965339973568916,0.04965339973568916,0.9142857142857143,1.0,147,147
148,t2_b0,27,38,-0.901122516179174,-0.0248153954744339,0.3839570879936218,0.3839570879936218,0.925,1.0,147,147
148,t2_b0,5,18,0.19482011540446795,0.023329168558120728,0.014704572968184948,0.014704572968184948,0.92,1.0,147,147
148,t2_b0,0,19,-0.00989529961022109,0.014064162969589233,0.00028702791314572096,0.00028702791314572096,0.9142857142857143,1.0,147,147
149,t2_b0,32,21,0.0,-0.012204878032207489,7.447952521033585e-05,7.447952521033585e-05,1.0,1.0,146,148
149,t2_b0,9,10,0.2762014227542662,0.02710704505443573,0.031024005264043808,0.031024005264043808,1.0,1.0,148,148
149,t2_b0,3,2,-0.026500452596153305,-0.026802264153957367,4.554519605903806e-08,4.554519605903806e-08,0.9111111111111111,1.0,148,148
149,t2_b0,23,31,0.13358943040521457,-0.0028039291501045227,0.00930157583206892,0.00930157583206892,0.925,1.0,148,148
149,t2_b0,17,19,-0.16383115867481646,0.004831559956073761,0.014223557896912098,0.014223557896912098,0.925,1.0,148,148
149,t2_b0,26,18,0.48542549744283936,0.019346505403518677,0.10861481726169586,0.10861481726169586,0.92,1.0,148,148
149,t2_b0,33,6,-0.1547334569062154,-0.024443864822387695,0.00848769024014473,0.00848769024014473,0.9333333333333333,1.0,148,148
150,t2_b0,12,24,0.35335031599385847,-0.014952808618545532,0.06782359629869461,0.06782359629869461,1.0,1.0,149,149
150,t2_b0,23,31,0.2209756933641878,0.0052599236369132996,0.023266645148396492,0.023266645148396492,0.9333333333333333,1.0,149,149
150,t2_b0,4,30,0.1736438066218356,-0.027346275746822357,0.020198505371809006,0.020198505371809006,0.92,1.0,149,149
150,t2_b0,8,15,-0.015451380272040894,0.04250556230545044,0.0016795034753158689,0.0016795034753158689,0.92,1.0,149,149
150,t2_b0,37,25,-0.07916061040615423,-0.021312251687049866,0.0016732162330299616,0.0016732162330299616,0.0125,1.0,149,149
150,t2_b0,18,10,0.07722610022030352,0.02853821963071823,0.0011852550087496638,0.0011852550087496638,0.92,1.0,149,149
150,t2_b0,19,26,-0.13968456605715754,0.01319190114736557,0.011685607023537159,0.011685607023537159,0.92,1.0,149,149
151,t2_b0,28,8,-0.15157175606214568,0.043175458908081055,0.01896323822438717,0.01896323822438717,0.925,1.0,150,150
151,t2_b0,25,30,0.0,-0.020386524498462677,0.00020780519116669893,0.00020780519116669893,0.925,1.0,150,150
151,t2_b0,14,5,0.0,0.0430867075920105,0.0009282322134822607,0.0009282322134822607,0.9166666666666667,1.0,150,150
151,t2_b0,39,19,0.337885385131429,0.007445566356182098,0.054595232009887695,0.054595232009887695,0.9333333333333333,1.0,150,150
151,t2_b0,27,11,0.04381013235384166,-0.03489869832992554,0.0030975397676229477,0.0030975397676229477,1.0,1.0,150,150
151,t2_b0,31,34,-0.37965745879790164,0.02246212214231491,0.08085007965564728,0.08085007965564728,0.03333333333333333,1.0,150,150
151,t2_b0,9,26,0.11238365931071136,0.030873626470565796,0.0033219424076378345,0.0033219424076378345,0.9500000000000001,1.0,150,150
151,t2_b0,38,6,-0.05411139610429033,0.008165508508682251,0.0019392063841223717,0.0019392063841223717,0.925,1.0,150,150
151,t2_b0,3,13,0.0,-0.036722540855407715,0.000674272479955107,0.000674272479955107,0.011111111111111112,1.0,150,150
152,t2_b0,34,31,-0.03394331444734679,0.003427170217037201,0.0006982765626162291,0.0006982765626162291,0.03333333333333333,1.0,151,151
152,t2_b0,15,8,0.1766771729581934,0.0372314527630806,0.009722555056214333,0.009722555056214333,0.925,1.0,151,151
152,t2_b0,35,36,-0.004449345825447125,0.021990753710269928,0.0003495394194032997,0.0003495394194032997,0.92,1.0,151,151
152,t2_b0,11,38,-0.45257668995036565,-0.017770782113075256,0.09452810138463974,0.09452810138463974,1.0,1.0,151,151
152,t2_b0,19,26,-0.01590245978231897,0.01741631329059601,0.0005550702917389572,0.0005550702917389572,0.9333333333333333,1.0,151,151
152,t2_b0,5,18,0.09376026814027132,0.04053027927875519,0.001416715793311596,0.001416715793311596,0.9500000000000001,1.0,151,151
152,t2_b0,6,21,0.0,-0.00893671065568924,3.993239806732163e-05,3.993239806732163e-05,0.9333333333333333,1.0,151,151
152,t2_b0,1,3,0.009186645929273075,-0.042856089770793915,0.0013542232336476445,0.0013542232336476445,0.925,1.0,151,151
152,t2_b0,10,9,0.1297931161912781,0.03936389833688736,0.0040887221693992615,0.0040887221693992615,0.05,1.0,151,151
153,t2_b0,7,12,0.0,0.10057499259710312,0.005057664588093758,0.005057664588093758,1.0,1.0,1,152
153,t2_b0,36,35,0.46334777935148674,0.040015809237957,0.08960498124361038,0.08960498124361038,0.92,1.0,152,152
153,t2_b0,22,4,0.013851883052989077,-0.026580557227134705,0.0008173910318873823,0.0008173910318873823,0.9166666666666667,1.0,152,152
153,t2_b0,26,19,0.11666871126133166,0.03843267261981964,0.003060438670217991,0.003060438670217991,0.9333333333333333,1.0,152,152
153,t2_b0,6,21,0.0,0.0018097609281539917,1.6376172879972728e-06,1.6376172879972728e-06,0.9333333333333333,1.0,152,152
153,t2_b0,2,16,0.0009276699821005843,-0.03860548883676529,0.0007814354030415416,0.0007814354030415416,0.0125,1.0,152,152
153,t2_b0,31,23,0.466347222544023,0.030506081879138947,0.09497874975204468,0.09497874975204468,0.925,1.0,152,152
153,t2_b0,20,5,-0.19833923859454264,0.04669550433754921,0.03002101182937622,0.03002101182937622,0.9166666666666667,1.0,152,152
154,t2_b0,13,22,-0.16242382168207775,-0.023975692689418793,0.009583940729498863,0.009583940729498863,0.9142857142857143,1.0,153,153
154,t2_b0,17,39,0.0,0.013993702828884125,9.791185584617779e-05,9.791185584617779e-05,0.9500000000000001,1.0,153,153
154,t2_b0,0,19,-0.012059560208419626,0.0029268860816955566,0.00011229678057134151,0.00011229678057134151,0.9333333333333333,1.0,153,153
154,t2_b0,12,5,0.9351183267425187,0.04486939311027527,0.39627155661582947,0.39627155661582947,0.9333333333333333,1.0,153,153
154,t2_b0,21,6,0.8749394027733071,0.007657349109649658,0.37608906626701355,0.37608906626701355,0.9333333333333333,1.0,153,153
154,t2_b0,7,28,0.7863556679952666,0.043753162026405334,0.2757292687892914,0.2757292687892914,1.0,1.0,153,153
154,t2_b0,25,23,0.004629827622492744,0.010240957140922546,1.5742387404316105e-05,1.5742387404316105e-05,0.016666666666666666,1.0,153,153
154,t2_b0,4,3,-0.01533705704967928,-0.033990658819675446,0.00017397842020727694,0.00017397842020727694,0.025,1.0,153,153
154,t2_b0,33,16,0.20603102329981432,-0.024875737726688385,0.02665896527469158,0.02665896527469158,0.92,1.0,153,153
155,t2_b0,28,7,-0.003703158337668713,0.050112076103687286,0.001448039780370891,0.001448039780370891,0.9333333333333333,1.0,154,154
155,t2_b0,18,5,-0.006735666190511047,0.05031512677669525,0.001627396559342742,0.001627396559342742,0.9333333333333333,1.0,154,154
155,t2_b0,23,31,0.24460755160424644,0.031149916350841522,0.022782083600759506,0.022782083600759506,0.92,1.0,154,154
155,t2_b0,27,32,0.0,0.09987092763185501,0.004987101070582867,0.004987101070582867,1.0,1.0,1,1
155,t2_b0,29,37,-0.26913021067231446,-0.024177759885787964,0.030000848695635796,0.030000848695635796,0.9166666666666667,1.0,154,154
155,t2_b0,38,30,-0.08554437269171188,0.021692030131816864,0.005749822594225407,0.005749822594225407,0.92,1.0,154,154
155,t2_b0,33,16,-0.007711686133027008,-0.021597079932689667,9.64020800893195e-05,9.64020800893195e-05,0.03333333333333333,1.0,154,154
156,t2_b0,39,19,0.0,0.0011109262704849243,6.170785695758241e-07,6.170785695758241e-07,0.9333333333333333,1.0,155,155
156,t2_b0,9,26,0.3149442562908045,0.04499629884958267,0.03643595427274704,0.03643595427274704,0.9500000000000001,1.0,155,155
156,t2_b0,32,27,0.31061599822772573,0.04453898221254349,0.035398487001657486,0.035398487001657486,1.0,1.0,2,155
156,t2_b0,30,6,-0.0976358952647719,0.028747007250785828,0.007986319251358509,0.007986319251358509,0.9166666666666667,1.0,155,155
156,t2_b0,14,5,-0.005310570855347181,0.055242255330085754,0.0018333224579691887,0.0018333224579691887,0.925,1.0,155,155
156,t2_b0,34,36,0.13870987398471069,0.022278062999248505,0.00677818339318037,0.00677818339318037,0.9166666666666667,1.0,155,155
156,t2_b0,8,18,-0.4473638820062175,0.05523480847477913,0.12630273401737213,0.12630273401737213,0.925,1.0,155,155
157,t2_b0,15,8,0.39047522129851137,0.055338673293590546,0.05615824833512306,0.05615824833512306,0.9500000000000001,1.0,156,156
157,t2_b0,29,13,0.05768053860034267,-0.024640843272209167,0.00338840507902205,0.00338840507902205,0.02,1.0,156,156
157,t2_b0,1,3,0.42898596019890745,-0.03806145489215851,0.10906663537025452,0.10906663537025452,0.9333333333333333,1.0,156,156
157,t2_b0,10,26,0.0,0.04801035299897194,0.0011524970177561045,0.0011524970177561045,0.9500000000000001,1.0,156,156
157,t2_b0,16,37,-0.13879307934819016,-0.024942316114902496,0.006480998359620571,0.006480998359620571,0.03333333333333333,1.0,156,156
157,t2_b0,30,6,-0.7849328450510675,0.03507398068904877,0.3362056016921997,0.3362056016921997,0.92,1.0,156,156
157,t2_b0,20,27,0.0,0.056894343346357346,0.0016184831038117409,0.0016184831038117409,0.9166666666666667,1.0,156,156
157,t2_b0,19,39,0.05681734861241416,0.012463472783565521,0.0009836332174018025,0.0009836332174018025,0.9333333333333333,1.0,156,156
157,t2_b0,24,17,0.9675291791697049,0.0003305301070213318,0.4677366316318512,0.4677366316318512,0.9500000000000001,1.0,156,156
158,t2_b0,26,19,0.0832640706708123,0.04003523290157318,0.000934366078581661,0.000934366078581661,0.9333333333333333,1.0,157,157
158,t2_b0,21,6,0.10950577966220834,0.024115189909934998,0.0036457765381783247,0.0036457765381783247,1.0,1.0,157,157
158,t2_b0,36,23,-0.20490320454863542,0.03367649018764496,0.02846013382077217,0.02846013382077217,0.92,1.0,157,157
158,t2_b0,31,25,-0.14203964283319778,0.03627610206604004,0.01589825190603733,0.01589825190603733,0.925,1.0,157,157
158,t2_b0,37,29,-0.03131057949880327,-0.02471759170293808,2.17337510548532e-05,2.17337510548532e-05,0.9142857142857143,1.0,157,157
158,t2_b0,5,27,-0.007168049568466688,0.05522363260388374,0.0019463610369712114,0.0019463610369712114,0.92,1.0,157,157
158,t2_b0,13,3,0.3338229187146533,-0.033097490668296814,0.06731529533863068,0.06731529533863068,0.016666666666666666,1.0,157,157
159,t2_b0,25,38,-0.37826654769338774,0.03928150236606598,0.08717319369316101,0.08717319369316101,0.92,1.0,158,158
159,t2_b0,6,21,0.11706289345502367,0.028068363666534424,0.003960013389587402,0.003960013389587402,0.9333333333333333,1.0,158,158
159,t2_b0,7,5,-0.4996380994033556,0.06079036742448807,0.1570400446653366,0.1570400446653366,0.9333333333333333,1.0,158,158
159,t2_b0,27,18,0.0806852547753656,0.06417249143123627,0.00013633572962135077,0.00013633572962135077,0.9166666666666667,1.0,158,158
159,t2_b0,3,1,0.0804778080793569,-0.034672558307647705,0.00662980368360877,0.00662980368360877,0.92,1.0,158,158
159,t2_b0,16,33,0.0,0.01786641776561737,0.00015960444579832256,0.00015960444579832256,0.9333333333333333,1.0,158,158
159,t2_b0,17,24,0.0023946999539146883,0.0080290287733078,1.5872830772423185e-05,1.5872830772423185e-05,0.9333333333333333,1.0,158,158
159,t2_b0,4,2,-0.3458236528465382,-0.032953470945358276,0.04894387349486351,0.04894387349486351,0.03333333333333333,1.0,158,158
160,t2_b0,11,31,0.9401383806850829,0.03774329274892807,0.4071584939956665,0.4071584939956665,0.9333333333333333,1.0,159,159
160,t2_b0,18,32,0.06740634189022522,0.06316391378641129,8.999096280604135e-06,8.999096280604135e-06,0.9142857142857143,1.0,159,159
160,t2_b0,23,38,0.0,0.04110957682132721,0.0008449986344203353,0.0008449986344203353,0.016666666666666666,1.0,159,159
161,t2_b0,34,36,0.0,0.03503155708312988,0.0006136050214990973,0.0006136050214990973,0.9166666666666667,1.0,160,160
161,t2_b0,9,10,0.012036595584634388,0.04581296816468239,0.0005704216891899705,0.0005704216891899705,0.9333333333333333,1.0,160,160
161,t2_b0,29,13,0.38472910696778195,-0.024519585072994232,0.08374225348234177,0.08374225348234177,0.016666666666666666,1.0,160,160
161,t2_b0,35,4,0.89594383041871,-0.021815337240695953,0.42114096879959106,0.42114096879959106,0.9166666666666667,1.0,160,160
161,t2_b0,32,18,0.4209518185945053,0.06594279408454895,0.06301569938659668,0.06301569938659668,0.9142857142857143,1.0,160,160
161,t2_b0,38,6,-0.021595634941802826,0.04425723850727081,0.0021683003287762403,0.0021683003287762403,0.9166666666666667,1.0,160,160
161,t2_b0,39,19,0.0,0.0056306421756744385,1.5852065189392306e-05,1.5852065189392306e-05,0.9333333333333333,1.0,160,160
162,t2_b0,37,22,-0.020904444417363312,-0.018361523747444153,3.2332220598618733e-06,3.2332220598618733e-06,0.9500000000000001,1.0,161,161
162,t2_b0,12,18,-0.13014858329206838,0.0696546882390976,0.0199606753885746,0.0199606753885746,0.925,1.0,161,161
162,t2_b0,25,11,-0.012222074563573796,0.044764161109924316,0.0016237155068665743,0.0016237155068665743,0.9142857142857143,1.0,161,161
162,t2_b0,24,0,-0.275267654997413,-0.02231307327747345,0.031993016600608826,0.031993016600608826,0.025,1.0,161,161
162,t2_b0,10,26,0.0,0.048995934426784515,0.0012003007577732205,0.0012003007577732205,0.9333333333333333,1.0,161,161
162,t2_b0,5,6,0.9797509338044822,0.04259280860424042,0.4391326606273651,0.4391326606273651,0.9500000000000001,1.0,161,161
162,t2_b0,1,3,0.004830107887456473,-0.03530427813529968,0.0008053844212554395,0.0008053844212554395,0.9166666666666667,1.0,161,161
163,t2_b0,13,2,-0.1792971243974173,-0.027571499347686768,0.011510332114994526,0.011510332114994526,0.016666666666666666,1.0,162,162
163,t2_b0,8,15,0.0,0.06826035678386688,0.002329738112166524,0.002329738112166524,0.025,1.0,162,162
163,t2_b0,19,26,-0.03157401909390496,0.002607189118862152,0.0005841774982400239,0.0005841774982400239,0.925,1.0,162,162
163,t2_b0,22,35,0.0,-0.021810710430145264,0.00023785354278516024,0.00023785354278516024,0.92,1.0,162,162
163,t2_b0,20,18,-0.09680638146247755,0.07111640274524689,0.014099032618105412,0.014099032618105412,0.92,1.0,162,162
163,t2_b0,31,25,0.15880426514828644,0.0463106632232666,0.006327405571937561,0.006327405571937561,0.92,1.0,162,162
163,t2_b0,6,21,0.07353788665071545,0.0441189780831337,0.0004327360657043755,0.0004327360657043755,0.925,1.0,162,162
163,t2_b0,28,10,0.3584686241682287,0.062302861362695694,0.04385707899928093,0.04385707899928093,0.9500000000000001,1.0,162,162
163,t2_b0,36,34,0.15660663697049496,0.04396943002939224,0.006343571003526449,0.006343571003526449,0.9166666666666667,1.0,162,162
164,t2_b0,3,0,0.16702494215529315,-0.015647180378437042,0.016684550791978836,0.016684550791978836,0.92,1.0,163,163
164,t2_b0,26,19,0.15254023456017882,0.037851281464099884,0.006576778367161751,0.006576778367161751,0.92,1.0,163,163
164,t2_b0,15,11,0.007932847169350157,0.07067900151014328,0.001968539785593748,0.001968539785593748,0.925,1.0,163,163
164,t2_b0,16,6,-0.27626220143086694,0.04797162860631943,0.05256378650665283,0.05256378650665283,0.92,1.0,163,163
164,t2_b0,32,27,0.14321980559690767,0.07216447591781616,0.002524429466575384,0.002524429466575384,0.9333333333333333,1.0,163,163
164,t2_b0,12,7,0.3516989042888736,0.07239177078008652,0.03900623694062233,0.03900623694062233,0.9333333333333333,1.0,163,163
164,t2_b0,33,13,0.42479684930109235,-0.014947459101676941,0.09668752551078796,0.09668752551078796,0.016666666666666666,1.0,163,163
164,t2_b0,30,38,0.9474580904059029,0.04336310923099518,0.4086938798427582,0.4086938798427582,1.0,1.0,163,163
165,t2_b0,23,11,0.0,0.05178491398692131,0.0013408386148512363,0.0013408386148512363,0.9166666666666667,1.0,164,164
165,t2_b0,27,19,-0.1900285526511778,0.03579992055892944,0.0254992488771677,0.0254992488771677,0.92,1.0,164,164
165,t2_b0,18,12,-0.009150545488894346,0.07707899808883667,0.0037177668418735266,0.0037177668418735266,0.92,1.0,164,164
165,t2_b0,4,33,-0.0031604875944395636,-0.011395446956157684,3.3907275792444125e-05,3.3907275792444125e-05,0.9333333333333333,1.0,164,164
165,t2_b0,21,5,0.05432822423491993,0.053337886929512024,4.903852754978288e-07,4.903852754978288e-07,0.03333333333333333,1.0,164,164
165,t2_b0,38,16,-0.04822418793700088,0.05107129365205765,0.004929796326905489,0.004929796326905489,0.9142857142857143,1.0,164,164
165,t2_b0,28,9,0.35755855786691965,0.055065885186195374,0.04575090855360031,0.04575090855360031,0.9333333333333333,1.0,164,164
166,t2_b0,11,25,-0.11932214682514468,0.05638646334409714,0.015436757355928421,0.015436757355928421,0.92,1.0,165,165
166,t2_b0,34,36,0.0,0.04286985099315643,0.0009189120610244572,0.0009189120610244572,0.9142857142857143,1.0,165,165
166,t2_b0,9,10,0.22795232304992413,0.05276748910546303,0.015344862826168537,0.015344862826168537,0.9333333333333333,1.0,165,165
166,t2_b0,0,3,0.15686971376279576,-0.010320916771888733,0.013976353220641613,0.013976353220641613,0.92,1.0,165,165
166,t2_b0,8,15,-0.0027635577222013224,0.07901616394519806,0.003343961201608181,0.003343961201608181,0.9333333333333333,1.0,165,165
166,t2_b0,7,18,0.0,0.08249062299728394,0.003402351401746273,0.003402351401746273,0.9500000000000001,1.0,165,165
166,t2_b0,35,13,-0.10767676625430908,-0.013071015477180481,0.004475124180316925,0.004475124180316925,0.9166666666666667,1.0,165,165
166,t2_b0,19,26,0.060270004226338485,0.00445237010717392,0.0015578041784465313,0.0015578041784465313,0.92,1.0,165,165
167,t2_b0,37,11,0.9689541395410148,0.08419100940227509,0.3914029002189636,0.3914029002189636,1.0,1.0,166,166
167,t2_b0,1,2,0.16182454757129108,-0.02595682442188263,0.0176309235394001,0.0176309235394001,0.92,1.0,166,166
167,t2_b0,30,6,-0.27424982489939154,0.055691685527563095,0.054430700838565826,0.054430700838565826,0.9142857142857143,1.0,166,166
167,t2_b0,10,26,0.046296458879390136,0.04885595664381981,3.275514927736367e-06,3.275514927736367e-06,0.92,1.0,166,166
167,t2_b0,20,15,0.0069635488362758576,0.08018907904624939,0.002680988982319832,0.002680988982319832,0.925,1.0,166,166
167,t2_b0,39,17,-0.04085452271976323,-0.0008825734257698059,0.0007988783181644976,0.0007988783181644976,0.016666666666666666,1.0,166,166
168,t2_b0,22,13,0.02120084843894019,-0.013015992939472198,0.0005853961920365691,0.0005853961920365691,0.925,1.0,167,167
168,t2_b0,11,37,0.022601218134467735,0.05759117379784584,0.0006121484329923987,0.0006121484329923987,0.9166666666666667,1.0,167,167
168,t2_b0,2,1,0.025805116662175425,-0.017743483185768127,0.0009482402238063514,0.0009482402238063514,0.9166666666666667,1.0,167,167
168,t2_b0,26,19,0.4130015212523412,0.03467552363872528,0.07156527787446976,0.07156527787446976,0.9166666666666667,1.0,167,167
168,t2_b0,17,39,-0.03460867112866605,-0.0005586594343185425,0.0005797016201540828,0.0005797016201540828,0.92,1.0,167,167
168,t2_b0,31,25,-0.041120510143089865,0.05558820813894272,0.004676287993788719,0.004676287993788719,0.92,1.0,167,167
168,t2_b0,21,6,-0.0029186653428490386,0.054704051464796066,0.0016601886600255966,0.0016601886600255966,0.925,1.0,167,167
169,t2_b0,24,17,-0.013960932807905823,-0.005688600242137909,3.421574001549743e-05,3.421574001549743e-05,0.02,1.0,168,168
169,t2_b0,15,18,-0.07652799864378454,0.07950164377689362,0.012172624468803406,0.012172624468803406,0.925,1.0,168,168
169,t2_b0,3,0,0.0,-0.014943413436412811,0.00011165280011482537,0.00011165280011482537,0.9142857142857143,1.0,168,168
169,t2_b0,27,19,-0.10779638186312696,0.006226532161235809,0.006500612013041973,0.006500612013041973,0.9142857142857143,1.0,168,168
169,t2_b0,36,34,0.22827444903169444,0.05363462120294571,0.015249533578753471,0.015249533578753471,0.9142857142857143,1.0,168,168
169,t2_b0,25,16,0.0,0.054191943258047104,0.001468383357860148,0.001468383357860148,0.9125,1.0,168,168
169,t2_b0,37,11,0.11625596833169367,0.05472669377923012,0.0018929258221760392,0.0018929258221760392,0.925,1.0,168,168
169,t2_b0,32,26,-0.0014868595595736813,0.017892353236675262,0.00018777695368044078,0.00018777695368044078,0.016666666666666666,1.0,168,168
169,t2_b0,13,33,0.0004917869374754028,-0.005230642855167389,1.6373100152122788e-05,1.6373100152122788e-05,0.9166666666666667,1.0,168,168
169,t2_b0,14,28,0.936571613921407,0.05130809172987938,0.3918457329273224,0.3918457329273224,1.0,1.0,168,168
169,t2_b0,6,30,0.0,0.05702224746346474,0.0016257683746516705,0.0016257683746516705,0.92,1.0,168,168
169,t2_b0,7,12,-0.018508932603546746,0.07982718199491501,0.0048349956050515175,0.0048349956050515175,1.0,1.0,168,168
170,t2_b0,18,11,0.06251506386526443,0.074826180934906,7.578178338008001e-05,7.578178338008001e-05,0.9166666666666667,1.0,169,169
170,t2_b0,12,7,-0.002509790789149858,0.0787036120891571,0.003297808114439249,0.003297808114439249,0.9500000000000001,1.0,169,169
170,t2_b0,29,13,0.07928958510054125,-0.0062390342354774475,0.0036575724370777607,0.0036575724370777607,0.92,1.0,169,169
170,t2_b0,5,6,0.29555818104203374,0.06957998871803284,0.025533072650432587,0.025533072650432587,0.9333333333333333,1.0,169,169
170,t2_b0,4,22,0.09460785925055709,-0.0022774934768676758,0.0046933856792747974,0.0046933856792747974,1.0,1.0,169,169
170,t2_b0,16,30,0.0,0.05684506520628929,0.001615680754184723,0.001615680754184723,0.9166666666666667,1.0,169,169
170,t2_b0,3,27,-0.005011376447782161,-0.015557914972305298,5.561474245041609e-05,5.561474245041609e-05,0.014285714285714287,1.0,169,169
170,t2_b0,23,25,0.0167177660520114,0.06257349997758865,0.0010513742454349995,0.0010513742454349995,0.9142857142857143,1.0,169,169
170,t2_b0,28,9,0.0,0.049460530281066895,0.0012231720611453056,0.0012231720611453056,0.925,1.0,169,169
171,t2_b0,34,36,0.013957307544784487,0.05502671003341675,0.0008433479233644903,0.0008433479233644903,0.9142857142857143,1.0,170,170
171,t2_b0,35,13,-0.003470731219728106,-0.004052087664604187,1.6898766830308887e-07,1.6898766830308887e-07,0.9142857142857143,1.0,170,170
171,t2_b0,4,22,0.43437189009820004,0.006806328892707825,0.09140615910291672,0.09140615910291672,1.0,1.0,170,170
171,t2_b0,9,10,0.3553512087222969,0.04906010627746582,0.04690711945295334,0.04690711945295334,0.925,1.0,170,170
171,t2_b0,8,18,0.22979959003269287,0.08172670751810074,0.010962787084281445,0.010962787084281445,0.9333333333333333,1.0,170,170
171,t2_b0,39,19,0.09345554708982169,0.0011448413133621216,0.004260633140802383,0.004260633140802383,0.9166666666666667,1.0,170,170
171,t2_b0,0,3,0.21024508022315624,-0.008618734776973724,0.023950684815645218,0.023950684815645218,0.9166666666666667,1.0,170,170
171,t2_b0,38,25,-0.42997630948705867,0.06300431489944458,0.1215149536728859,0.1215149536728859,0.9142857142857143,1.0,170,170
172,t2_b0,17,39,0.0,0.003015272319316864,4.54593373433454e-06,4.54593373433454e-06,0.9166666666666667,1.0,171,171
172,t2_b0,1,2,0.0,-0.016053080558776855,0.0001288507046410814,0.0001288507046410814,0.9166666666666667,1.0,171,171
172,t2_b0,22,4,0.38426279537231073,0.010678552091121674,0.06978259235620499,0.06978259235620499,0.9500000000000001,1.0,171,171
172,t2_b0,30,6,-0.2654411130031081,0.06130979582667351,0.053383078426122665,0.053383078426122665,0.9142857142857143,1.0,171,171
172,t2_b0,10,9,0.30352191035656484,0.05120037868618965,0.03183307126164436,0.03183307126164436,0.925,1.0,171,171
172,t2_b0,20,15,0.10195827229193621,0.08267337828874588,0.00018595361325424165,0.00018595361325424165,0.925,1.0,171,171
172,t2_b0,19,27,-0.0677952079817009,0.0076174065470695496,0.0028435313142836094,0.0028435313142836094,0.016666666666666666,1.0,171,171
173,t2_b0,33,35,0.0,0.00098525732755661,4.853660016124195e-07,4.853660016124195e-07,0.92,1.0,172,172
173,t2_b0,36,34,0.0,0.06286843121051788,0.0019762199372053146,0.0019762199372053146,0.9142857142857143,1.0,172,172
173,t2_b0,29,13,0.1230813620636919,0.00040187686681747437,0.007525128312408924,0.007525128312408924,0.92,1.0,172,172
173,t2_b0,6,30,0.07850103086771512,0.06035421043634415,0.00016465353837702423,0.00016465353837702423,0.92,1.0,172,172
173,t2_b0,24,17,0.2373485831396675,0.0004949420690536499,0.028049824759364128,0.028049824759364128,0.9142857142857143,1.0,172,172
173,t2_b0,2,1,0.2393811265293109,-0.007609471678733826,0.03050217591226101,0.03050217591226101,0.9166666666666667,1.0,172,172
173,t2_b0,11,18,-0.3178563223262506,0.06620940566062927,0.0737532377243042,0.0737532377243042,0.9142857142857143,1.0,172,172
173,t2_b0,14,9,0.0,0.06369802355766296,0.0020287190563976765,0.0020287190563976765,0.9333333333333333,1.0,172,172
174,t2_b0,2,1,0.4928300717718654,0.000600278377532959,0.1211450845003128,0.1211450845003128,0.9166666666666667,1.0,173,173
174,t2_b0,37,18,-0.7005963295348621,0.07317708432674408,0.2993626594543457,0.2993626594543457,0.92,1.0,173,173
174,t2_b0,31,25,-0.03411390662495964,0.0706220269203186,0.005484807770699263,0.005484807770699263,0.014285714285714287,1.0,173,173
174,t2_b0,7,12,0.042377648048492735,0.08403117209672928,0.0008675080607645214,0.0008675080607645214,1.0,1.0,173,173
174,t2_b0,13,33,0.25931389596987536,0.009176976978778839,0.03128423914313316,0.03128423914313316,0.9166666666666667,1.0,173,173
174,t2_b0,17,24,0.05121933876498666,0.0008932650089263916,0.0012663569068536162,0.0012663569068536162,0.9166666666666667,1.0,173,173
174,t2_b0,22,4,0.36210865812811904,0.0193537175655365,0.05874047055840492,0.05874047055840492,0.9500000000000001,1.0,173,173
174,t2_b0,15,8,0.1499814927769679,0.07924554497003555,0.00250178761780262,0.00250178761780262,0.925,1.0,173,173
174,t2_b0,27,39,0.1323443733758605,0.0022358745336532593,0.00846411194652319,0.00846411194652319,0.9166666666666667,1.0,173,173
174,t2_b0,21,6,0.09122175719653554,0.06804151833057404,0.00026866173720918596,0.00026866173720918596,0.925,1.0,173,173
174,t2_b0,26,9,-0.026037366614866927,0.03716754913330078,0.0019974305760115385,0.0019974305760115385,0.925,1.0,173,173
175,t2_b0,12,7,0.08521691615560305,0.08024166524410248,1.2376565791782923e-05,1.2376565791782923e-05,0.9500000000000001,1.0,174,174
175,t2_b0,18,11,-0.03521475186164456,0.0773596465587616,0.006336497608572245,0.006336497608572245,0.9166666666666667,1.0,174,174
175,t2_b0,28,10,-0.006079752440329673,0.05537688732147217,0.0018884593155235052,0.0018884593155235052,0.925,1.0,174,174
175,t2_b0,1,2,0.03796115993775587,0.00507257878780365,0.000540829380042851,0.000540829380042851,0.9166666666666667,1.0,174,174
175,t2_b0,38,25,0.014051124576702287,0.06765373796224594,0.0014366201357915998,0.0014366201357915998,0.9142857142857143,1.0,174,174
175,t2_b0,16,21,-0.0028485448267264327,0.06838057935237885,0.002536793937906623,0.002536793937906623,0.9166666666666667,1.0,174,174
175,t2_b0,13,33,0.3968611310360926,0.021020114421844482,0.07062823325395584,0.07062823325395584,0.9166666666666667,1.0,174,174
175,t2_b0,5,30,0.26770362167057254,0.07174763083457947,0.019199375063180923,0.019199375063180923,0.03333333333333333,1.0,174,174
175,t2_b0,23,34,-0.4898590635961221,0.06948801130056381,0.1564345806837082,0.1564345806837082,0.9142857142857143,1.0,174,174
176,t2_b0,8,18,-0.08672816339162111,0.0824294313788414,0.014307145960628986,0.014307145960628986,0.9333333333333333,1.0,175,175
176,t2_b0,19,39,0.3138706372285229,0.005581900477409363,0.04752097651362419,0.04752097651362419,0.92,1.0,175,175
176,t2_b0,25,11,-0.0575997797955782,0.06429468840360641,0.007429130375385284,0.007429130375385284,0.9125,1.0,175,175
176,t2_b0,0,3,0.29069501963676586,-0.009562470018863678,0.04507727548480034,0.04507727548480034,0.9166666666666667,1.0,175,175
176,t2_b0,35,24,-0.10377999647626455,0.020170196890830994,0.00768182473257184,0.00768182473257184,0.9142857142857143,1.0,175,175
176,t2_b0,4,22,0.0,0.038681842386722565,0.0007481424836441875,0.0007481424836441875,1.0,1.0,175,175
176,t2_b0,34,36,0.3247402862130391,0.05611015856266022,0.03608107939362526,0.03608107939362526,0.9142857142857143,1.0,175,175
176,t2_b0,29,33,-0.04967429541872834,0.023381054401397705,0.0026685420889407396,0.0026685420889407396,0.92,1.0,175,175
176,t2_b0,9,10,0.26437875728460836,0.05326323211193085,0.02228488214313984,0.02228488214313984,0.925,1.0,175,175
177,t2_b0,39,0,0.003955063143246954,-0.005622245371341705,4.586241266224533e-05,4.586241266224533e-05,0.02,1.0,176,176
177,t2_b0,32,7,0.9734567663944446,0.08865492045879364,0.3914371132850647,0.3914371132850647,1.0,1.0,176,176
177,t2_b0,24,35,0.4940577309383345,0.01155371218919754,0.11640507727861404,0.11640507727861404,0.9142857142857143,1.0,176,176
177,t2_b0,5,6,0.5249723976012068,0.06732142716646194,0.10472220182418823,0.10472220182418823,0.9333333333333333,1.0,176,176
177,t2_b0,25,11,0.0,0.06748753786087036,0.0022772839292883873,0.0022772839292883873,0.9125,1.0,176,176
177,t2_b0,15,18,0.0,0.08080919831991196,0.003265063278377056,0.003265063278377056,0.925,1.0,176,176
177,t2_b0,10,9,0.3074343028189525,0.05826738476753235,0.03104207292199135,0.03104207292199135,0.925,1.0,176,176
178,t2_b0,31,11,0.2038326958386106,0.069367915391922,0.009040389209985733,0.009040389209985733,0.9142857142857143,1.0,177,177
178,t2_b0,1,2,0.03843765854115504,0.013723298907279968,0.00030539973522536457,0.00030539973522536457,0.9166666666666667,1.0,177,177
178,t2_b0,33,35,-0.0032487094665984177,0.024383582174777985,0.00038177179521881044,0.00038177179521881044,0.92,1.0,177,177
178,t2_b0,36,34,0.0,0.06738410145044327,0.002270308556035161,0.002270308556035161,0.9142857142857143,1.0,177,177
178,t2_b0,30,16,0.20331800228810848,0.06803519278764725,0.009150720201432705,0.009150720201432705,0.014285714285714287,1.0,177,177
178,t2_b0,6,21,0.11119965905926278,0.0705820620059967,0.0008248946978710592,0.0008248946978710592,0.92,1.0,177,177
178,t2_b0,14,9,0.0,0.07218750566244125,0.0026055180933326483,0.0026055180933326483,0.9333333333333333,1.0,177,177
178,t2_b0,20,15,0.0,0.08499962836503983,0.003612468484789133,0.003612468484789133,0.925,1.0,177,177
178,t2_b0,26,19,0.40122961537711327,0.04831046238541603,0.0622759684920311,0.0622759684920311,0.925,1.0,177,177
179,t2_b0,21,6,0.004364418463856471,0.0778103619813919,0.0026971534825861454,0.0026971534825861454,0.925,1.0,178,178
179,t2_b0,37,11,0.23032402229760238,0.07476097345352173,0.012099930085241795,0.012099930085241795,0.02,1.0,178,178
179,t2_b0,7,12,0.017393283923004252,0.08846686035394669,0.00252572656609118,0.00252572656609118,0.9500000000000001,1.0,178,178
179,t2_b0,2,1,0.4959184804502203,0.02295750379562378,0.11184604465961456,0.11184604465961456,0.9166666666666667,1.0,178,178
179,t2_b0,3,0,0.18019077258846605,-0.004617452621459961,0.017077039927244186,0.017077039927244186,0.9166666666666667,1.0,178,178
179,t2_b0,22,13,-0.04550220436102323,0.037820279598236084,0.003471317933872342,0.003471317933872342,0.9500000000000001,1.0,178,178
179,t2_b0,17,24,0.47336309576138014,0.008502840995788574,0.10804753005504608,0.10804753005504608,0.9166666666666667,1.0,178,178
180,t2_b0,33,1,0.39679395398058337,0.03464743494987488,0.06557505577802658,0.06557505577802658,0.02,1.0,179,179
180,t2_b0,35,24,0.03123408174451466,0.034246012568473816,4.535863354249159e-06,4.535863354249159e-06,0.9142857142857143,1.0,179,179
180,t2_b0,12,32,0.17773042598063177,0.0830477923154831,0.004482400603592396,0.004482400603592396,0.9333333333333333,1.0,179,179
180,t2_b0,23,34,0.0,0.07390235364437103,0.0027307788841426373,0.0027307788841426373,0.9142857142857143,1.0,179,179
180,t2_b0,16,21,0.40498112768322286,0.07269413769245148,0.055207330733537674,0.055207330733537674,0.016666666666666666,1.0,179,179
180,t2_b0,0,3,0.267856948203617,0.0035736560821533203,0.03492283076047897,0.03492283076047897,0.9166666666666667,1.0,179,179
180,t2_b0,18,15,-0.11535932219301363,0.07851953059434891,0.018794506788253784,0.018794506788253784,0.016666666666666666,1.0,179,179
180,t2_b0,28,9,0.0,0.06340710818767548,0.0020102306734770536,0.0020102306734770536,0.925,1.0,179,179
180,t2_b0,27,19,-0.16062982149941238,0.012201815843582153,0.01493538822978735,0.01493538822978735,0.9166666666666667,1.0,179,179
180,t2_b0,38,6,-0.04551775215535467,0.0714779794216156,0.006844001356512308,0.006844001356512308,0.9142857142857143,1.0,179,179
181,t2_b0,14,9,-0.04729296424642669,0.06777752935886383,0.006620609201490879,0.006620609201490879,0.9333333333333333,1.0,180,180
181,t2_b0,11,18,0.23410410157886175,0.07254129648208618,0.013051269575953484,0.013051269575953484,0.9142857142857143,1.0,180,180
181,t2_b0,19,27,0.40132962169985037,0.024885788559913635,0.07085499167442322,0.07085499167442322,0.9166666666666667,1.0,180,180
181,t2_b0,32,7,0.0,0.09161986410617828,0.004197099711745977,0.004197099711745977,0.9500000000000001,1.0,180,180
181,t2_b0,34,36,0.4566543693020562,0.061459019780159,0.07808969169855118,0.07808969169855118,0.9125,1.0,180,180
181,t2_b0,3,0,0.2856438334455559,0.0030793920159339905,0.03992133587598801,0.03992133587598801,0.9166666666666667,1.0,180,180
181,t2_b0,13,29,0.08797939555980565,0.0423760861158371,0.0010398310841992497,0.0010398310841992497,0.014285714285714287,1.0,180,180
182,t2_b0,24,27,-0.050165310071514674,0.031160585582256317,0.0033069506753236055,0.0033069506753236055,0.9142857142857143,1.0,181,181
182,t2_b0,8,18,-0.015728899349049988,0.08145804703235626,0.004722651094198227,0.004722651094198227,0.925,1.0,181,181
182,t2_b0,35,33,0.16572634647706225,0.037272803485393524,0.008250157348811626,0.008250157348811626,0.016666666666666666,1.0,181,181
182,t2_b0,39,19,0.038126190551281545,0.027922868728637695,5.205387424211949e-05,5.205387424211949e-05,0.9166666666666667,1.0,181,181
182,t2_b0,29,13,-0.011611784955479357,0.04368852823972702,0.0015290623996406794,0.0015290623996406794,0.9166666666666667,1.0,181,181
182,t2_b0,15,11,0.014862417556869486,0.08109386265277863,0.00219330214895308,0.00219330214895308,0.925,1.0,181,181
182,t2_b0,20,12,0.0,0.08422145247459412,0.003546626539900899,0.003546626539900899,0.925,1.0,181,181
182,t2_b0,5,30,0.02401366640352879,0.06902745366096497,0.0010131204035133123,0.0010131204035133123,0.9333333333333333,1.0,181,181
182,t2_b0,9,28,0.0,0.054102856665849686,0.001463559572584927,0.001463559572584927,0.025,1.0,181,181
183,t2_b0,10,9,0.0,0.05046980082988739,0.00127360038459301,0.00127360038459301,0.92,1.0,182,182
183,t2_b0,1,2,0.16475946538009256,0.03442515432834625,0.008493517525494099,0.008493517525494099,0.9166666666666667,1.0,182,182
183,t2_b0,4,13,-0.0009432034846992061,0.0490412674844265,0.001249223598279059,0.001249223598279059,0.9500000000000001,1.0,182,182
183,t2_b0,36,34,0.030123674406093114,0.07399795204401016,0.00096247618785128,0.00096247618785128,0.9125,1.0,182,182
183,t2_b0,16,6,-0.038189746145293905,0.07366962730884552,0.006256259977817535,0.006256259977817535,0.9142857142857143,1.0,182,182
183,t2_b0,31,18,-0.20591294561576937,0.07549582421779633,0.03959545120596886,0.03959545120596886,0.9142857142857143,1.0,182,182
183,t2_b0,30,5,0.40673428409306295,0.07497565448284149,0.05503189191222191,0.05503189191222191,0.9142857142857143,1.0,182,182
183,t2_b0,0,3,0.2743051526402871,0.022654123604297638,0.03166412562131882,0.03166412562131882,0.9166666666666667,1.0,182,182
184,t2_b0,26,10,0.0,0.045564793050289154,0.001038075191900134,0.001038075191900134,0.92,1.0,183,183
184,t2_b0,6,16,0.03927724104055244,0.0756288543343544,0.0006607199320569634,0.0006607199320569634,0.9142857142857143,1.0,183,183
184,t2_b0,22,13,0.03609320429931374,0.048897065222263336,8.196941780624911e-05,8.196941780624911e-05,0.925,1.0,183,183
184,t2_b0,17,0,0.09664453829493404,0.03142508864402771,0.0021267880219966173,0.0021267880219966173,0.014285714285714287,1.0,183,183
184,t2_b0,2,1,0.2107348298675475,0.040685757994651794,0.014458343386650085,0.014458343386650085,0.9166666666666667,1.0,183,183
184,t2_b0,11,18,0.1889920585693444,0.07781042903661728,0.006180676631629467,0.006180676631629467,0.9166666666666667,1.0,183,183
184,t2_b0,7,32,0.28704336441458195,0.08298994600772858,0.02081889845430851,0.02081889845430851,0.925,1.0,183,183
184,t2_b0,27,19,0.1352845970352928,0.03706754744052887,0.004823294933885336,0.004823294933885336,0.9142857142857143,1.0,183,183
185,t2_b0,38,21,-0.010267888343166342,0.07985226809978485,0.004060821607708931,0.004060821607708931,0.9166666666666667,1.0,184,184
185,t2_b0,3,0,0.3115629402199112,0.02579881250858307,0.04083056002855301,0.04083056002855301,0.9142857142857143,1.0,184,184
185,t2_b0,8,12,-0.0016270428834537299,0.08235084265470505,0.003526142565533519,0.003526142565533519,0.92,1.0,184,184
185,t2_b0,18,37,-0.032828988222484784,0.07839567214250565,0.006185462232679129,0.006185462232679129,0.92,1.0,184,184
185,t2_b0,23,34,0.07261950075273454,0.08007101714611053,2.7762571335188113e-05,2.7762571335188113e-05,0.9142857142857143,1.0,184,184
185,t2_b0,13,22,0.1399357930618147,0.05304699391126633,0.003774831537157297,0.003774831537157297,0.925,1.0,184,184
185,t2_b0,28,10,0.008809296702907931,0.05627843737602234,0.001126659568399191,0.001126659568399191,0.9333333333333333,1.0,184,184
186,t2_b0,34,36,0.12766907035287708,0.0679178535938263,0.0017851036973297596,0.0017851036973297596,0.9142857142857143,1.0,185,185
186,t2_b0,37,11,0.07690238947888914,0.07587137818336487,5.314922191246296e-07,5.314922191246296e-07,0.925,1.0,185,185
186,t2_b0,12,7,0.003989808203437379,0.08032804727554321,0.0029137632809579372,0.0029137632809579372,0.925,1.0,185,185
186,t2_b0,21,6,0.18098067070087887,0.07501348853111267,0.005614521447569132,0.005614521447569132,0.9125,1.0,185,185
186,t2_b0,24,27,0.3259907542928683,0.051250964403152466,0.037740979343652725,0.037740979343652725,0.9166666666666667,1.0,185,185
186,t2_b0,32,8,-0.4570765372951824,0.08012459427118301,0.14429254829883575,0.14429254829883575,0.03333333333333333,1.0,185,185
186,t2_b0,19,10,-0.09125576467763416,0.05421743169426918,0.010581225156784058,0.010581225156784058,0.92,1.0,185,185
186,t2_b0,29,22,0.0,0.058155421167612076,0.0016910264967009425,0.0016910264967009425,0.925,1.0,185,185
186,t2_b0,9,28,0.1836249589439792,0.04905493184924126,0.009054544381797314,0.009054544381797314,0.92,1.0,185,185
186,t2_b0,33,35,0.0026170525484348946,0.05570487305521965,0.0014091582270339131,0.0014091582270339131,0.9166666666666667,1.0,185,185
187,t2_b0,15,8,0.04147072141718883,0.08024787902832031,0.0007518339552916586,0.0007518339552916586,0.925,1.0,186,186
187,t2_b0,25,11,-0.04013285940589986,0.0769256204366684,0.006851343438029289,0.006851343438029289,0.92,1.0,186,186
187,t2_b0,35,24,-0.07897505201612419,0.05183587968349457,0.00855574943125248,0.00855574943125248,0.9166666666666667,1.0,186,186
187,t2_b0,5,30,0.259954096198108,0.08268046379089355,0.01571297086775303,0.01571297086775303,0.9166666666666667,1.0,186,186
187,t2_b0,10,9,0.0,0.064220130443573,0.002062112558633089,0.002062112558633089,0.9166666666666667,1.0,186,186
187,t2_b0,4,22,0.22891883785472,0.05799030885100365,0.014608279801905155,0.014608279801905155,0.9333333333333333,1.0,186,186
187,t2_b0,0,3,0.11120031940914632,0.045573458075523376,0.0021534422412514687,0.0021534422412514687,0.9142857142857143,1.0,186,186
187,t2_b0,14,28,0.017198010153018133,0.057947516441345215,0.0008302610949613154,0.0008302610949613154,1.0,1.0,186,186
188,t2_b0,26,10,-0.0003536723110864909,0.07677122205495834,0.002974124625325203,0.002974124625325203,0.9166666666666667,1.0,187,187
188,t2_b0,36,34,0.0,0.08584637194871902,0.003684799885377288,0.003684799885377288,0.92,1.0,187,187
188,t2_b0,11,37,0.0,0.07551857829093933,0.0028515278827399015,0.0028515278827399015,0.92,1.0,187,187
188,t2_b0,16,21,-0.05100906463879747,0.08484533429145813,0.009228208102285862,0.009228208102285862,0.9166666666666667,1.0,187,187
188,t2_b0,39,9,0.0,0.057124655693769455,0.0016316131222993135,0.0016316131222993135,0.9166666666666667,1.0,187,187
188,t2_b0,1,29,0.0,0.052248530089855194,0.0013649543980136514,0.0013649543980136514,0.925,1.0,187,187
188,t2_b0,30,5,0.10964456799705863,0.08552025258541107,0.00029099133098497987,0.00029099133098497987,0.925,1.0,187,187
189,t2_b0,12,8,-0.09944580491474131,0.08272318542003632,0.01659277081489563,0.01659277081489563,0.9166666666666667,1.0,188,188
189,t2_b0,22,4,0.06717296080648427,0.06979632377624512,3.4410202260914957e-06,3.4410202260914957e-06,0.9333333333333333,1.0,188,188
189,t2_b0,7,26,-0.17245092938454118,0.08389084041118622,0.032855547964572906,0.032855547964572906,0.92,1.0,188,188
189,t2_b0,20,28,0.15571457057293134,0.06426795572042465,0.004181241616606712,0.004181241616606712,0.9166666666666667,1.0,188,188
189,t2_b0,27,24,0.05569220394506364,0.0610429085791111,1.4315023690869566e-05,1.4315023690869566e-05,0.9166666666666667,1.0,188,188
189,t2_b0,6,21,0.2968169228264691,0.07152552157640457,0.025378108024597168,0.025378108024597168,0.925,1.0,188,188
189,t2_b0,2,0,0.003698612569013726,0.05452876165509224,0.0012918519787490368,0.0012918519787490368,0.9166666666666667,1.0,188,188
189,t2_b0,37,18,-0.3948851747161947,0.07579980790615082,0.11077218502759933,0.11077218502759933,0.925,1.0,188,188
190,t2_b0,28,9,-0.03618798268050793,0.06281585246324539,0.004900879692286253,0.004900879692286253,0.9166666666666667,1.0,189,189
190,t2_b0,8,26,-0.04387616210141735,0.08091158419847488,0.007785990834236145,0.007785990834236145,0.9166666666666667,1.0,189,189
190,t2_b0,21,6,0.0,0.09135349839925766,0.004172730725258589,0.004172730725258589,0.925,1.0,189,189
190,t2_b0,33,24,-0.05957106554490252,0.06762386113405228,0.008089274168014526,0.008089274168014526,0.92,1.0,189,189
190,t2_b0,18,30,-0.021099455939496033,0.08332818001508713,0.005452565383166075,0.005452565383166075,0.925,1.0,189,189
190,t2_b0,17,4,0.0,0.07464057952165604,0.0027856079395860434,0.0027856079395860434,0.9166666666666667,1.0,189,189
190,t2_b0,23,25,0.12456240031685169,0.07929666340351105,0.001024493365548551,0.001024493365548551,0.92,1.0,189,189
191,t2_b0,13,18,-0.18401577241934003,0.08404643833637238,0.035928674042224884,0.035928674042224884,0.9333333333333333,1.0,190,190
191,t2_b0,34,36,0.2889593559587132,0.08502735197544098,0.020794130861759186,0.020794130861759186,1.0,1.0,190,190
191,t2_b0,19,28,-0.012949114025093673,0.06335082650184631,0.00291084055788815,0.00291084055788815,0.9166666666666667,1.0,190,190
191,t2_b0,31,26,-0.4523466095276394,0.07912108302116394,0.14122894406318665,0.14122894406318665,0.9166666666666667,1.0,190,190
191,t2_b0,4,17,-0.2128282386795998,0.07707351446151733,0.042021509259939194,0.042021509259939194,0.92,1.0,190,190
191,t2_b0,29,32,0.9890852229090275,0.08227336406707764,0.4111538529396057,0.4111538529396057,1.0,1.0,190,190
191,t2_b0,24,35,0.07481519090305312,0.06649056077003479,3.4649736335268244e-05,3.4649736335268244e-05,0.9166666666666667,1.0,190,190
192,t2_b0,9,28,-0.005378858875110172,0.07522401213645935,0.0032484112307429314,0.0032484112307429314,0.92,1.0,191,191
192,t2_b0,35,19,-0.010381653196459839,0.06760627776384354,0.0030410587787628174,0.0030410587787628174,0.92,1.0,191,191
192,t2_b0,25,11,0.03854281675796524,0.07622304558753967,0.0007098997593857348,0.0007098997593857348,0.9333333333333333,1.0,191,191
192,t2_b0,20,14,0.028259499719422872,0.06527779996395111,0.0006851772195659578,0.0006851772195659578,0.92,1.0,191,191
192,t2_b0,10,32,-0.17282624019047113,0.07714098691940308,0.031241808086633682,0.031241808086633682,0.9142857142857143,1.0,191,191
192,t2_b0,5,13,-0.18210640190643287,0.08450278639793396,0.03554023057222366,0.03554023057222366,0.9333333333333333,1.0,191,191
192,t2_b0,0,2,0.047362510990914854,0.06660021841526031,0.00018504471518099308,0.00018504471518099308,0.9125,1.0,191,191
192,t2_b0,30,18,0.2198580762807187,0.08665371686220169,0.00887170247733593,0.00887170247733593,0.9333333333333333,1.0,191,191
193,t2_b0,15,26,-0.05633617587326118,0.07631479203701019,0.008798140101134777,0.008798140101134777,0.9142857142857143,1.0,192,192
193,t2_b0,38,30,0.9551460801169492,0.10087847709655762,0.3648865520954132,0.3648865520954132,1.0,1.0,192,192
193,t2_b0,3,35,0.009548365880850371,0.052646979689598083,0.000928745255805552,0.000928745255805552,0.9166666666666667,1.0,192,192
193,t2_b0,32,29,0.21329920373441072,0.07628121227025986,0.009386965073645115,0.009386965073645115,0.9125,1.0,192,192
193,t2_b0,6,21,0.21533543024727728,0.081785187125206,0.008917833678424358,0.008917833678424358,0.9142857142857143,1.0,192,192
193,t2_b0,11,25,-0.49253832881747744,0.07304127514362335,0.15994013845920563,0.15994013845920563,0.9333333333333333,1.0,192,192
193,t2_b0,16,18,-0.16173057446328126,0.09113601595163345,0.031970757991075516,0.031970757991075516,0.9333333333333333,1.0,192,192
194,t2_b0,22,27,0.010201022138099555,0.08518894016742706,0.002811593934893608,0.002811593934893608,0.92,1.0,193,193
194,t2_b0,14,35,-0.028029246715874718,0.07491342723369598,0.005298597272485495,0.005298597272485495,0.9142857142857143,1.0,193,193
194,t2_b0,7,9,-0.19904739077917058,0.07880420982837677,0.038600750267505646,0.038600750267505646,0.9125,1.0,193,193
194,t2_b0,17,4,-0.031291831729541385,0.07734765112400055,0.005901268217712641,0.005901268217712641,1.0,1.0,193,193
194,t2_b0,31,32,-0.06897838572439585,0.07776042819023132,0.010766139253973961,0.010766139253973961,0.92,1.0,193,193
194,t2_b0,37,25,-0.05849015688900153,0.07257594168186188,0.008589161559939384,0.008589161559939384,0.9333333333333333,1.0,193,193
194,t2_b0,2,33,0.11730295498768699,0.0631476640701294,0.0014663977781310678,0.0014663977781310678,0.025,1.0,193,193
195,t2_b0,33,24,-0.062167793180229254,0.08977816998958588,0.011543788015842438,0.011543788015842438,0.9333333333333333,1.0,194,194
195,t2_b0,3,19,0.06311056975558761,0.0626126378774643,1.239670126551573e-07,1.239670126551573e-07,0.9166666666666667,1.0,194,194
195,t2_b0,27,21,-0.23190319763647613,0.09017844498157501,0.05186828598380089,0.05186828598380089,0.9125,1.0,194,194
195,t2_b0,38,30,0.2408257217157,0.09255712479352951,0.01099179033190012,0.01099179033190012,1.0,1.0,194,194
195,t2_b0,23,25,0.0744488962773431,0.07327887415885925,6.844783797532727e-07,6.844783797532727e-07,0.9142857142857143,1.0,194,194
195,t2_b0,13,16,-0.005423146447140629,0.09135042130947113,0.004682561382651329,0.004682561382651329,0.9500000000000001,1.0,194,194
195,t2_b0,28,9,0.31320203908202143,0.07574202120304108,0.028193634003400803,0.028193634003400803,0.9166666666666667,1.0,194,194
195,t2_b0,32,8,0.580436113114631,0.07287154346704483,0.12881088256835938,0.12881088256835938,0.016666666666666666,1.0,194,194
195,t2_b0,39,14,0.0,0.0753050148487091,0.002835422521457076,0.002835422521457076,0.9142857142857143,1.0,194,194
196,t2_b0,9,28,0.31215363204797947,0.07659205794334412,0.027744628489017487,0.027744628489017487,0.9142857142857143,1.0,195,195
196,t2_b0,19,12,-0.9469482970132772,0.08564610779285431,0.5325944423675537,0.5325944423675537,0.92,1.0,195,195
196,t2_b0,24,35,0.16369890021203728,0.09135449677705765,0.002616856014356017,0.002616856014356017,0.9166666666666667,1.0,195,195
196,t2_b0,21,6,0.0727531513541011,0.08388569951057434,6.196678441483527e-05,6.196678441483527e-05,0.92,1.0,195,195
196,t2_b0,4,27,-0.06666001123908369,0.08514530211687088,0.011522426269948483,0.011522426269948483,0.92,1.0,195,195
197,t2_b0,5,21,0.30758246312838344,0.08876796066761017,0.023939894512295723,0.023939894512295723,0.925,1.0,196,196
197,t2_b0,10,29,0.004488373406635735,0.07951930165290833,0.0028148202691227198,0.0028148202691227198,0.9142857142857143,1.0,196,196
197,t2_b0,25,32,-0.03153369656188348,0.07273901998996735,0.005436399485915899,0.005436399485915899,0.925,1.0,196,196
197,t2_b0,14,24,0.0,0.09216530621051788,0.004247221630066633,0.004247221630066633,0.025,1.0,196,196
197,t2_b0,26,9,-0.0031568856596241542,0.0787191241979599,0.0033518404234200716,0.0033518404234200716,0.014285714285714287,1.0,196,196
197,t2_b0,30,38,0.016522931637570525,0.09540349245071411,0.003111071651801467,0.003111071651801467,0.9500000000000001,1.0,196,196
197,t2_b0,35,3,-0.45796078212528973,0.0871344655752182,0.1485644280910492,0.1485644280910492,0.02,1.0,196,196
197,t2_b0,12,19,-0.09888547082731368,0.08381387591362,0.016689525917172432,0.016689525917172432,0.9166666666666667,1.0,196,196
198,t2_b0,20,3,-0.13817213948368276,0.08489390462636948,0.024879226461052895,0.024879226461052895,0.9142857142857143,1.0,197,197
198,t2_b0,21,22,0.34350161377830096,0.09038037061691284,0.032035186886787415,0.032035186886787415,0.92,1.0,197,197
198,t2_b0,11,32,0.2739042227697621,0.07033856213092804,0.020719490945339203,0.020719490945339203,0.925,1.0,197,197
198,t2_b0,31,15,-0.02998736964094647,0.07892972230911255,0.00593146588653326,0.00593146588653326,0.92,1.0,197,197
198,t2_b0,39,19,-8.138398511143729e-05,0.0837756097316742,0.0035159976687282324,0.0035159976687282324,0.9166666666666667,1.0,197,197
198,t2_b0,16,13,0.0019849084381109877,0.09678812325000763,0.0044938246719539165,0.0044938246719539165,0.9500000000000001,1.0,197,197
198,t2_b0,8,26,-0.12496843794030203,0.07881761342287064,0.02076437696814537,0.02076437696814537,0.9166666666666667,1.0,197,197
198,t2_b0,6,5,0.1028846110868022,0.09060975909233093,7.533602183684707e-05,7.533602183684707e-05,0.92,1.0,197,197
198,t2_b0,18,34,0.0,0.09138093143701553,0.004175237379968166,0.004175237379968166,1.0,1.0,193,193
199,t2_b0,36,39,0.919759861436688,0.08369549363851547,0.3495018482208252,0.3495018482208252,0.9333333333333333,1.0,198,198
199,t2_b0,2,14,0.009850396225851708,0.08311083167791367,0.002683545695617795,0.002683545695617795,0.9333333333333333,1.0,198,198
199,t2_b0,26,10,0.4238845545900286,0.07621200382709503,0.060438092797994614,0.060438092797994614,0.9142857142857143,1.0,198,198
199,t2_b0,34,30,0.9842225181298193,0.09959285706281662,0.3912848234176636,0.3912848234176636,1.0,1.0,198,198
199,t2_b0,32,11,0.34932276011057256,0.06918542087078094,0.039238471537828445,0.039238471537828445,0.03333333333333333,1.0,198,198
199,t2_b0,29,28,-0.4308947351129805,0.08318350464105606,0.1321382224559784,0.1321382224559784,0.9142857142857143,1.0,198,198
199,t2_b0,27,4,0.1844464599549147,0.08711989969015121,0.004736229311674833,0.004736229311674833,1.0,1.0,198,198
200,t2_b0,15,10,0.1376237815427209,0.07711624354124069,0.0018305814592167735,0.0018305814592167735,0.9166666666666667,1.0,199,199
200,t2_b0,38,30,-0.014757600458722259,0.10084624588489532,0.006682124920189381,0.006682124920189381,0.9500000000000001,1.0,199,199
200,t2_b0,12,9,-0.1912414654581679,0.08379682898521423,0.03782303258776665,0.03782303258776665,0.9125,1.0,199,199
200,t2_b0,3,35,-0.02050623411590162,0.07201749831438065,0.00428032036870718,0.00428032036870718,0.92,1.0,199,199
200,t2_b0,8,26,-0.13645487632863723,0.07938294112682343,0.023292982950806618,0.023292982950806618,0.9333333333333333,1.0,199,199
200,t2_b0,37,25,-0.2514644145914842,0.07340064644813538,0.052768658846616745,0.052768658846616745,0.9333333333333333,1.0,199,199
200,t2_b0,33,14,-0.03596787876305084,0.10682560503482819,0.010194988921284676,0.010194988921284676,0.9500000000000001,1.0,199,199
200,t2_b0,22,4,-2.956714726408414e-05,0.09721246361732483,0.004728005733340979,0.004728005733340979,0.925,1.0,199,199
200,t2_b0,13,5,-0.036489246099225554,0.0990866869688034,0.009190416894853115,0.009190416894853115,0.9333333333333333,1.0,199,199
201,t2_b0,39,19,0.0,0.08822405338287354,0.00389174185693264,0.00389174185693264,0.91,1.0,200,200
201,t2_b0,4,21,0.004466359012087258,0.10204677283763885,0.004760968033224344,0.004760968033224344,0.925,1.0,200,200
201,t2_b0,24,35,0.40292914302166966,0.10086413472890854,0.045621637254953384,0.045621637254953384,0.9500000000000001,1.0,200,200
201,t2_b0,14,5,-0.3375626527759212,0.10357872396707535,0.09730285406112671,0.09730285406112671,0.9166666666666667,1.0,200,200
201,t2_b0,7,10,0.06576694363197742,0.0832630917429924,0.00015305756824091077,0.00015305756824091077,0.9125,1.0,200,200
201,t2_b0,9,26,0.0,0.0826243907213211,0.0034133950248360634,0.0034133950248360634,0.9111111111111111,1.0,200,200
201,t2_b0,27,8,0.9442824527561804,0.06686477363109589,0.38493090867996216,0.38493090867996216,1.0,1.0,200,200
201,t2_b0,34,16,0.2543666432594826,0.09867212921380997,0.012120391242206097,0.012120391242206097,0.92,1.0,200,200
202,t2_b0,20,3,0.0,0.09134566783905029,0.004172015469521284,0.004172015469521284,0.91,1.0,201,201
202,t2_b0,10,26,0.2146616021459782,0.08111093193292618,0.008917891420423985,0.008917891420423985,0.9125,1.0,201,201
202,t2_b0,25,11,-0.006615080444981172,0.07103066146373749,0.0030144306365400553,0.0030144306365400553,0.9500000000000001,1.0,201,201
202,t2_b0,5,6,0.0,0.09957043826580048,0.004957136232405901,0.004957136232405901,0.9333333333333333,1.0,201,201
202,t2_b0,30,38,0.06968237673375563,0.09790873527526855,0.0003983637143392116,0.0003983637143392116,0.925,1.0,201,201
203,t2_b0,19,39,0.40977018777746566,0.08677064627408981,0.05216434970498085,0.05216434970498085,0.9125,1.0,202,202
203,t2_b0,11,37,0.11948375597070601,0.0655636340379715,0.001453689648769796,0.001453689648769796,0.9500000000000001,1.0,202,202
203,t2_b0,36,35,0.22404154719215333,0.08993536978960037,0.00899223517626524,0.00899223517626524,0.925,1.0,202,202
203,t2_b0,16,34,0.19512617331211862,0.0996466800570488,0.004558166954666376,0.004558166954666376,0.025,1.0,202,202
203,t2_b0,6,4,0.0,0.10357561707496643,0.005363954231142998,0.005363954231142998,0.92,1.0,202,202
203,t2_b0,31,26,-0.31545751674793754,0.08239492774009705,0.07914328575134277,0.07914328575134277,0.9166666666666667,1.0,202,202
204,t2_b0,23,26,-0.2966585074060334,0.07716849446296692,0.06987331807613373,0.06987331807613373,0.925,1.0,203,203
204,t2_b0,2,33,0.046249344762299936,0.10029023140668869,0.0014602086739614606,0.0014602086739614606,0.9500000000000001,1.0,203,203
204,t2_b0,18,37,0.9857556693039083,0.06515459716320038,0.42375317215919495,0.42375317215919495,0.9500000000000001,1.0,203,203
204,t2_b0,7,39,-0.2334512532800727,0.08607600629329681,0.05104883760213852,0.05104883760213852,0.9125,1.0,203,203
204,t2_b0,21,4,-0.008034468246278275,0.10681993514299393,0.006595767103135586,0.006595767103135586,0.925,1.0,203,203
204,t2_b0,29,28,-0.9311281990351605,0.08564913272857666,0.5167772769927979,0.5167772769927979,0.9111111111111111,1.0,203,203
204,t2_b0,15,31,0.20694959476886404,0.06941136717796326,0.009458381682634354,0.009458381682634354,1.0,1.0,203,203
204,t2_b0,22,5,-0.13896203340683075,0.10612510144710541,0.03003385104238987,0.03003385104238987,0.92,1.0,203,203
204,t2_b0,32,16,-0.24881745302031646,0.09808246046304703,0.060169778764247894,0.060169778764247894,0.9500000000000001,1.0,203,203
205,t2_b0,13,16,0.0,0.1016143411397934,0.0051627373322844505,0.0051627373322844505,0.9333333333333333,1.0,204,204
205,t2_b0,38,30,0.258436430467478,0.09907133132219315,0.012698620557785034,0.012698620557785034,1.0,1.0,204,204
205,t2_b0,23,10,-0.06510189400421622,0.07570812851190567,0.009913729503750801,0.009913729503750801,0.92,1.0,204,204
205,t2_b0,17,33,0.9487670787380025,0.12257535010576248,0.34129637479782104,0.34129637479782104,0.9500000000000001,1.0,204,204
205,t2_b0,12,7,-0.000630722815732588,0.08390452712774277,0.003573104040697217,0.003573104040697217,0.0125,1.0,204,204
205,t2_b0,18,37,0.061072460726049965,0.0685279592871666,2.7792224500444718e-05,2.7792224500444718e-05,0.9500000000000001,1.0,204,204
205,t2_b0,27,26,-0.1208610921233381,0.0738765299320221,0.01896136812865734,0.01896136812865734,0.9333333333333333,1.0,204,204
205,t2_b0,35,24,-0.0011132349592276494,0.088410884141922,0.004007284063845873,0.004007284063845873,0.925,1.0,204,204
206,t2_b0,33,17,-0.01278433916222354,0.12342911213636398,0.009277052246034145,0.009277052246034145,0.9500000000000001,1.0,205,205
206,t2_b0,37,18,0.10556456253230982,0.07056751847267151,0.0006123966304585338,0.0006123966304585338,0.9500000000000001,1.0,205,205
206,t2_b0,15,35,0.8966011841527286,0.08388224244117737,0.33025607466697693,0.33025607466697693,0.9500000000000001,1.0,205,205
206,t2_b0,4,6,0.10070657620817261,0.10994148254394531,4.2641739128157496e-05,4.2641739128157496e-05,0.9333333333333333,1.0,205,205
206,t2_b0,8,36,0.9725004613064573,0.08853789418935776,0.39069491624832153,0.39069491624832153,1.0,1.0,205,205
206,t2_b0,9,39,0.2024782579050703,0.07648319751024246,0.00793737918138504,0.00793737918138504,0.011111111111111112,1.0,205,205
206,t2_b0,29,28,-0.285474723314067,0.08154123276472092,0.0673503577709198,0.0673503577709198,0.9111111111111111,1.0,205,205
207,t2_b0,34,6,0.08650815259147518,0.1069878339767456,0.000209708625334315,0.000209708625334315,0.9166666666666667,1.0,206,206
207,t2_b0,15,24,0.3793973216957874,0.08565623313188553,0.043141920119524,0.043141920119524,0.925,1.0,206,206
207,t2_b0,25,10,-0.2634165386242013,0.07195207476615906,0.05623605102300644,0.05623605102300644,0.9333333333333333,1.0,206,206
207,t2_b0,5,22,-0.25387950846357654,0.10851320624351501,0.06566424667835236,0.06566424667835236,0.9166666666666667,1.0,206,206
207,t2_b0,19,28,-0.2657379207979003,0.08352848142385483,0.060993511229753494,0.060993511229753494,0.9125,1.0,206,206
207,t2_b0,30,16,-0.005030307086111777,0.1030670702457428,0.005842521321028471,0.005842521321028471,0.9500000000000001,1.0,206,206
208,t2_b0,32,24,0.9682911461498352,0.09304593503475189,0.3830271065235138,0.3830271065235138,0.9500000000000001,1.0,207,207
208,t2_b0,36,15,0.15967450972372685,0.10114964842796326,0.001712579745799303,0.001712579745799303,0.925,1.0,207,207
208,t2_b0,14,18,0.9982488199250371,0.06414225697517395,0.4362775683403015,0.4362775683403015,1.0,1.0,207,207
208,t2_b0,6,4,0.036629088877400705,0.11181365698575974,0.002826359588652849,0.002826359588652849,0.92,1.0,207,207
208,t2_b0,16,13,0.03296887912497719,0.10703900456428528,0.002743191784247756,0.002743191784247756,0.9333333333333333,1.0,207,207
208,t2_b0,10,26,0.0820020905750964,0.07340303808450699,3.6971832741983235e-05,3.6971832741983235e-05,0.014285714285714287,1.0,207,207
208,t2_b0,39,28,-0.04188581854118279,0.09038387984037399,0.008747636340558529,0.008747636340558529,0.9111111111111111,1.0,207,207
209,t2_b0,2,20,0.09940675558311932,0.08961363136768341,4.795264976564795e-05,4.795264976564795e-05,0.9125,1.0,208,208
209,t2_b0,32,39,0.1636254459165083,0.09779413789510727,0.0021668807603418827,0.0021668807603418827,0.92,1.0,208,208
209,t2_b0,27,26,2.4203967488183916e-05,0.07123290002346039,0.00253533897921443,0.00253533897921443,0.9500000000000001,1.0,208,208
209,t2_b0,22,4,0.03060501544846062,0.10937707871198654,0.0031025188509374857,0.0031025188509374857,0.9166666666666667,1.0,208,208
209,t2_b0,11,37,0.00856064085118237,0.06381740421056747,0.0015266548143699765,0.0015266548143699765,0.9500000000000001,1.0,208,208
209,t2_b0,21,6,0.03895883661955756,0.11436117440462112,0.002842755988240242,0.002842755988240242,0.92,1.0,208,208
209,t2_b0,7,28,-0.038589053356562604,0.08611185848712921,0.007775158621370792,0.007775158621370792,0.9125,1.0,208,208
210,t2_b0,37,18,0.33161226088953044,0.06288330256938934,0.0361076295375824,0.0361076295375824,0.9500000000000001,1.0,209,209
210,t2_b0,38,30,-0.027353602955109246,0.10456877201795578,0.008701756596565247,0.008701756596565247,1.0,1.0,209,209
210,t2_b0,8,33,0.17542026328289395,0.1105184257030487,0.0021061247680336237,0.0021061247680336237,0.925,1.0,209,209
210,t2_b0,12,28,0.08492013164185466,0.08876927942037582,7.407973043882521e-06,7.407973043882521e-06,0.91,1.0,209,209
210,t2_b0,13,4,-0.0013876337073233471,0.11161989718675613,0.006385351065546274,0.006385351065546274,0.92,1.0,209,209
210,t2_b0,23,25,0.0,0.07296407222747803,0.0026618780102580786,0.0026618780102580786,1.0,1.0,209,209
211,t2_b0,1,24,0.007143613978130693,0.06533917784690857,0.0016933619044721127,0.0016933619044721127,1.0,1.0,191,210
211,t2_b0,29,28,-0.362913143326687,0.08524777740240097,0.10042410343885422,0.10042410343885422,0.9111111111111111,1.0,210,210
211,t2_b0,14,18,0.3284775231786864,0.06797951459884644,0.03392960876226425,0.03392960876226425,1.0,1.0,210,210
211,t2_b0,31,6,0.9355053544538067,0.11639772355556488,0.3354686200618744,0.3354686200618744,0.9500000000000001,1.0,210,210
211,t2_b0,33,12,-0.09590599494667038,0.0978870838880539,0.01877788081765175,0.01877788081765175,0.9125,1.0,210,210
211,t2_b0,19,10,0.07154858867160338,0.08709126710891724,0.0001207874302053824,0.0001207874302053824,0.9111111111111111,1.0,210,210
211,t2_b0,34,4,0.2755220239878186,0.11318199336528778,0.013177142478525639,0.013177142478525639,0.9142857142857143,1.0,210,210
212,t2_b0,9,11,-0.39573554713406756,0.08114755898714066,0.1137087494134903,0.1137087494134903,0.9111111111111111,1.0,211,211
212,t2_b0,15,12,0.42870403695039083,0.08958780765533447,0.057499904185533524,0.057499904185533524,0.9125,1.0,211,211
212,t2_b0,5,4,-0.10951253610069014,0.11491668224334717,0.025184236466884613,0.025184236466884613,0.9166666666666667,1.0,211,211
212,t2_b0,18,37,0.32274652679051846,0.07077213376760483,0.0317455418407917,0.0317455418407917,0.9500000000000001,1.0,211,211
212,t2_b0,24,6,0.9822815317771402,0.10083963721990585,0.3884699046611786,0.3884699046611786,0.925,1.0,211,211
212,t2_b0,10,28,0.04504746128574375,0.07885193824768066,0.0005713712889701128,0.0005713712889701128,0.9142857142857143,1.0,211,211
212,t2_b0,30,16,-0.021596130012048288,0.11042558401823044,0.008714865893125534,0.008714865893125534,0.9500000000000001,1.0,211,211
213,t2_b0,26,10,0.0,0.0806640237569809,0.0032533423509448767,0.0032533423509448767,0.9142857142857143,1.0,212,212
213,t2_b0,17,6,-0.6662726963434388,0.10632392019033432,0.298452764749527,0.298452764749527,0.9166666666666667,1.0,212,212
213,t2_b0,28,19,-0.029763208633567895,0.08450233191251755,0.006528306752443314,0.006528306752443314,0.011111111111111112,1.0,212,212
213,t2_b0,21,4,0.03675804381807305,0.10854935646057129,0.0025769963394850492,0.0025769963394850492,0.9125,1.0,212,212
213,t2_b0,36,32,0.31853110027796405,0.09471451491117477,0.025046929717063904,0.025046929717063904,0.92,1.0,212,212
213,t2_b0,16,13,0.3829451018336914,0.11356108635663986,0.03628386929631233,0.03628386929631233,0.92,1.0,212,212
214,t2_b0,17,21,-0.47585584692009253,0.10767923295497894,0.1702565848827362,0.1702565848827362,0.9166666666666667,1.0,213,213
214,t2_b0,7,28,0.0,0.08603116124868393,0.0037006803322583437,0.0037006803322583437,0.9125,1.0,213,213
214,t2_b0,31,1,0.24769415947355874,0.10417579114437103,0.010298761539161205,0.010298761539161205,0.025,1.0,213,213
214,t2_b0,6,34,0.002272223773001345,0.10859467089176178,0.0056522311642766,0.0056522311642766,0.0125,1.0,213,213
214,t2_b0,37,10,-0.27828691205304257,0.08581263571977615,0.06628423184156418,0.06628423184156418,0.92,1.0,213,213
214,t2_b0,35,32,-0.06536046560105226,0.088853619992733,0.01189099159091711,0.01189099159091711,1.0,1.0,213,213
214,t2_b0,27,11,-0.059334903806917916,0.0875445008277893,0.010786780156195164,0.010786780156195164,0.925,1.0,213,213
215,t2_b0,12,28,-0.01699198441077516,0.08507625013589859,0.005208961665630341,0.005208961665630341,0.9111111111111111,1.0,214,214
215,t2_b0,8,33,-0.2083053006356303,0.10419067740440369,0.04882686957716942,0.04882686957716942,0.9333333333333333,1.0,214,214
215,t2_b0,11,10,-0.06684435378514889,0.08314523845911026,0.011248438619077206,0.011248438619077206,0.9111111111111111,1.0,214,214
215,t2_b0,13,4,0.08438656316326414,0.11366578191518784,0.00042863626731559634,0.00042863626731559634,0.92,1.0,214,214
215,t2_b0,1,6,0.16681413158911074,0.09969793260097504,0.0022522921208292246,0.0022522921208292246,0.92,1.0,214,214
215,t2_b0,38,30,-0.022957479477634286,0.1135726124048233,0.009320232085883617,0.009320232085883617,1.0,1.0,214,214
215,t2_b0,22,17,0.048267362538675244,0.11206822842359543,0.0020352755673229694,0.0020352755673229694,0.014285714285714287,1.0,214,214
216,t2_b0,32,12,-0.33856317298535465,0.0844545066356659,0.0894719809293747,0.0894719809293747,0.9166666666666667,1.0,215,215
216,t2_b0,24,6,-0.2505289958847884,0.11484649777412415,0.06674962490797043,0.06674962490797043,0.9166666666666667,1.0,215,215
216,t2_b0,4,21,0.0962299317938172,0.11228946596384048,0.00012895429972559214,0.00012895429972559214,0.9125,1.0,215,215
216,t2_b0,14,18,0.045952034822487754,0.08432179689407349,0.0007361194002442062,0.0007361194002442062,1.0,1.0,215,215
216,t2_b0,20,19,-0.03941647766294469,0.08505719900131226,0.007746847812086344,0.007746847812086344,0.9111111111111111,1.0,215,215
216,t2_b0,9,10,0.22059648517717276,0.08355516195297241,0.009390163235366344,0.009390163235366344,0.91,1.0,215,215
216,t2_b0,23,25,0.3807296532956076,0.10031559318304062,0.03931601718068123,0.03931601718068123,1.0,1.0,1,1
216,t2_b0,39,28,-0.021411626499235788,0.08370853960514069,0.005525124724954367,0.005525124724954367,0.91,1.0,215,215
217,t2_b0,34,22,-0.29721242381299473,0.11409512907266617,0.08458694815635681,0.08458694815635681,0.9111111111111111,1.0,216,216
217,t2_b0,19,29,0.127657451488809,0.08334039151668549,0.0009820011910051107,0.0009820011910051107,0.91,1.0,216,216
217,t2_b0,15,32,0.0,0.0826711431145668,0.0034172588493674994,0.0034172588493674994,0.9125,1.0,216,216
217,t2_b0,30,38,0.06019549445221641,0.11584841459989548,0.001548623782582581,0.001548623782582581,0.03333333333333333,1.0,216,216
217,t2_b0,28,10,0.10991659035642008,0.08339572697877884,0.0003516780852805823,0.0003516780852805823,0.91,1.0,216,216
217,t2_b0,25,23,0.012885889542330496,0.15650610625743866,0.010313384234905243,0.010313384234905243,1.0,1.0,2,216
218,t2_b0,1,6,0.0,0.10494676977396011,0.005506912246346474,0.005506912246346474,0.925,1.0,217,217
218,t2_b0,16,30,0.043012324639545206,0.11494280397891998,0.002586997114121914,0.002586997114121914,0.9166666666666667,1.0,217,217
218,t2_b0,26,14,-0.032627777166773765,0.08558930456638336,0.006987639237195253,0.006987639237195253,0.9125,1.0,217,217
218,t2_b0,20,29,0.5583774917445173,0.08387802541255951,0.11257486790418625,0.11257486790418625,0.9111111111111111,1.0,217,217
218,t2_b0,35,32,0.257676121730268,0.10046014189720154,0.01235843263566494,0.01235843263566494,0.9500000000000001,1.0,217,217
218,t2_b0,21,24,0.0,0.11456134170293808,0.006562150549143553,0.006562150549143553,0.0125,1.0,217,217
218,t2_b0,11,10,-0.0019846155068729294,0.08368983864784241,0.003670056350529194,0.003670056350529194,0.91,1.0,217,217
219,t2_b0,27,14,0.09952504986873513,0.09516417980194092,9.508591574558523e-06,9.508591574558523e-06,0.9333333333333333,1.0,218,218
219,t2_b0,5,34,0.0036198129258625815,0.11476095020771027,0.006176176480948925,0.006176176480948925,0.9125,1.0,218,218
219,t2_b0,22,13,0.2539866696968267,0.11464115977287292,0.009708583354949951,0.009708583354949951,0.9111111111111111,1.0,218,218
219,t2_b0,17,6,-0.07952536689291695,0.1151348352432251,0.018946297466754913,0.018946297466754913,0.9125,1.0,218,218
219,t2_b0,7,29,0.0,0.08332879841327667,0.0034718443639576435,0.0034718443639576435,0.91,1.0,218,218
219,t2_b0,32,35,-0.042332780397093914,0.08496290445327759,0.008102095685899258,0.008102095685899258,0.016666666666666666,1.0,218,218
220,t2_b0,13,22,0.16340510009714476,0.1150309145450592,0.001170031144283712,0.001170031144283712,0.9142857142857143,1.0,219,219
220,t2_b0,36,15,0.24863407423799846,0.08509209752082825,0.013372988440096378,0.013372988440096378,0.925,1.0,219,219
220,t2_b0,6,34,-0.005744935238169733,0.11569590121507645,0.007373938336968422,0.007373938336968422,0.9125,1.0,219,219
220,t2_b0,12,7,-3.717046949162179e-05,0.08216443657875061,0.0033785521518439054,0.0033785521518439054,0.91,1.0,219,219
220,t2_b0,10,18,-0.4377399163603989,0.08275632560253143,0.13545817136764526,0.13545817136764526,0.9111111111111111,1.0,219,219
220,t2_b0,0,31,0.0,0.07600459456443787,0.0028883491177111864,0.0028883491177111864,1.0,1.0,219,219
220,t2_b0,38,30,-0.15945165482494222,0.11572222411632538,0.03786033019423485,0.03786033019423485,0.9500000000000001,1.0,219,219
220,t2_b0,37,32,0.9609320684656343,0.08800077438354492,0.38100454211235046,0.38100454211235046,0.9333333333333333,1.0,219,219
221,t2_b0,8,15,0.0,0.09956840425729752,0.004956933669745922,0.004956933669745922,0.9500000000000001,1.0,220,220
221,t2_b0,14,26,0.14937875892038002,0.0826648473739624,0.002225373173132539,0.002225373173132539,0.92,1.0,220,220
221,t2_b0,23,16,0.9429930214374722,0.11582450568675995,0.34210389852523804,0.34210389852523804,1.0,1.0,220,220
221,t2_b0,24,1,-0.43379776017231153,0.11633753031492233,0.15132440626621246,0.15132440626621246,0.0125,1.0,220,220
221,t2_b0,31,6,-0.19447361954015446,0.1097404956817627,0.046273116022348404,0.046273116022348404,0.9333333333333333,1.0,220,220
221,t2_b0,9,18,0.051641325113680046,0.08117262274026871,0.00043604872189462185,0.00043604872189462185,0.91,1.0,220,220
221,t2_b0,19,29,0.149095483390009,0.08088596910238266,0.0023262694012373686,0.0023262694012373686,0.9090909090909091,1.0,220,220
221,t2_b0,34,13,-0.028778528517291152,0.1158764436841011,0.010462530888617039,0.010462530888617039,0.011111111111111112,1.0,220,220
222,t2_b0,25,30,0.5622236728996824,0.11516379565000534,0.0999312624335289,0.0999312624335289,0.9333333333333333,1.0,221,221
222,t2_b0,35,32,0.1702515910992452,0.08548853546380997,0.003592388005927205,0.003592388005927205,0.9333333333333333,1.0,221,221
222,t2_b0,10,18,-0.07207777230472355,0.0825393795967102,0.011953232809901237,0.011953232809901237,0.9111111111111111,1.0,221,221
222,t2_b0,4,34,-0.03732956958192764,0.11571139842271805,0.011710770428180695,0.011710770428180695,0.9111111111111111,1.0,221,221
222,t2_b0,29,19,-0.13572670917223723,0.08175501227378845,0.023649148643016815,0.023649148643016815,0.9090909090909091,1.0,221,221
222,t2_b0,0,1,0.09950080432183554,0.10707465559244156,2.8681604817393236e-05,2.8681604817393236e-05,0.9500000000000001,1.0,221,221
223,t2_b0,36,20,-0.04718458800936144,0.0802399069070816,0.00811850093305111,0.00811850093305111,0.025,1.0,222,222
223,t2_b0,16,13,0.08841761953176273,0.11605603247880936,0.000381940946681425,0.000381940946681425,0.9166666666666667,1.0,222,222
223,t2_b0,11,29,0.07377037224499411,0.08028461039066315,2.1217638277448714e-05,2.1217638277448714e-05,0.9090909090909091,1.0,222,222
223,t2_b0,6,1,-0.11602046972138749,0.11300230026245117,0.02622571401298046,0.02622571401298046,0.0125,1.0,222,222
223,t2_b0,15,32,0.0,0.0828142911195755,0.003429103409871459,0.003429103409871459,0.9111111111111111,1.0,222,222
223,t2_b0,21,24,-0.0032215084830071712,0.11414764076471329,0.006887759082019329,0.006887759082019329,0.9125,1.0,222,222
223,t2_b0,39,28,0.11272805020257444,0.08059559762477875,0.0005162472953088582,0.0005162472953088582,0.01,1.0,222,222
224,t2_b0,30,16,0.13955968381311626,0.11624830216169357,0.0002717103052418679,0.0002717103052418679,0.9333333333333333,1.0,223,223
224,t2_b0,27,14,0.07848633832754814,0.08061298727989197,2.261318059026962e-06,2.261318059026962e-06,0.9500000000000001,1.0,223,223
224,t2_b0,1,0,0.28369332531503116,0.10702511668205261,0.015605825930833817,0.015605825930833817,0.92,1.0,223,223
224,t2_b0,22,4,0.28760993672616686,0.11490105092525482,0.014914179220795631,0.014914179220795631,0.9111111111111111,1.0,223,223
224,t2_b0,28,19,-0.04567187280593531,0.07981403172016144,0.0078733554109931,0.0078733554109931,0.9090909090909091,1.0,223,223
224,t2_b0,7,29,0.0,0.07965245842933655,0.0031722569838166237,0.0031722569838166237,0.91,1.0,223,223
224,t2_b0,5,6,0.18527479750279685,0.11332936584949493,0.0025880723260343075,0.0025880723260343075,0.9125,1.0,223,223
224,t2_b0,32,35,-0.05008548416909972,0.08455381542444229,0.009063869714736938,0.009063869714736938,0.9142857142857143,1.0,223,223
225,t2_b0,12,11,-0.03049078996885405,0.07871724665164948,0.005963196977972984,0.005963196977972984,0.01,1.0,224,224
225,t2_b0,13,5,0.17727900224144566,0.11649980396032333,0.0018470550421625376,0.0018470550421625376,0.014285714285714287,1.0,224,224
225,t2_b0,20,19,-0.009047901660200966,0.07979458570480347,0.003946493845432997,0.003946493845432997,0.9111111111111111,1.0,224,224
225,t2_b0,17,6,0.0,0.11600527167320251,0.006728611420840025,0.006728611420840025,0.9125,1.0,224,224
225,t2_b0,8,15,0.0,0.0905706137418747,0.004101518075913191,0.004101518075913191,0.9500000000000001,1.0,224,224
225,t2_b0,28,29,0.07695920931127674,0.07850117236375809,1.1888275821547722e-06,1.1888275821547722e-06,0.9090909090909091,1.0,224,224
225,t2_b0,38,30,-0.013311987541592836,0.1172160655260086,0.008518785238265991,0.008518785238265991,1.0,1.0,224,224
226,t2_b0,9,12,0.058446260197387655,0.07749146223068237,0.0001813598209992051,0.0001813598209992051,0.01,1.0,225,225
226,t2_b0,37,35,-0.07631790645304491,0.08431179821491241,0.012900951318442822,0.012900951318442822,0.03333333333333333,1.0,225,225
226,t2_b0,4,34,0.19090288982049444,0.11558889597654343,0.002836098661646247,0.002836098661646247,0.9125,1.0,225,225
226,t2_b0,14,26,-0.09779838621987165,0.07862111926078796,0.015561919659376144,0.015561919659376144,0.92,1.0,225,225
226,t2_b0,24,6,-0.05344350843334995,0.116287961602211,0.014404385350644588,0.014404385350644588,0.9125,1.0,225,225
226,t2_b0,19,29,-0.1822481248380275,0.07791486382484436,0.03384239599108696,0.03384239599108696,0.9090909090909091,1.0,225,225
227,t2_b0,34,24,-0.0575997993692668,0.11570373922586441,0.01501705963164568,0.01501705963164568,0.9125,1.0,226,226
227,t2_b0,0,1,0.19372635844407696,0.11528504639863968,0.0030765198171138763,0.0030765198171138763,0.9333333333333333,1.0,226,226
227,t2_b0,20,19,-0.06112724460036472,0.07764709740877151,0.009629158303141594,0.009629158303141594,0.9111111111111111,1.0,226,226
227,t2_b0,33,26,0.5176065392259751,0.0805182233452797,0.09552311152219772,0.09552311152219772,0.92,1.0,226,226
227,t2_b0,35,15,0.3279356172452203,0.08075904846191406,0.030548125505447388,0.030548125505447388,0.92,1.0,226,226
227,t2_b0,25,22,-0.30169513979165236,0.11602602154016495,0.08724547922611237,0.08724547922611237,0.9111111111111111,1.0,226,226
227,t2_b0,29,28,-0.04119602443131688,0.07706843316555023,0.0069932411424815655,0.0069932411424815655,0.9111111111111111,1.0,226,226
227,t2_b0,31,6,0.39259907358355894,0.11814580857753754,0.03766230121254921,0.03766230121254921,0.925,1.0,226,226
227,t2_b0,30,13,-0.005106023931670925,0.11642996966838837,0.007385498844087124,0.007385498844087124,0.9333333333333333,1.0,226,226
228,t2_b0,31,6,0.2727370033036787,0.12288007140159607,0.011228549294173717,0.011228549294173717,0.925,1.0,227,227
228,t2_b0,1,0,0.43935214698616415,0.11567249149084091,0.052384261041879654,0.052384261041879654,0.9166666666666667,1.0,227,227
228,t2_b0,36,39,0.2658109166118937,0.07808900624513626,0.01761975698173046,0.01761975698173046,0.9142857142857143,1.0,227,227
228,t2_b0,11,29,0.0,0.07714099436998367,0.0029753665439784527,0.0029753665439784527,0.91,1.0,227,227
228,t2_b0,10,18,0.046821473957881596,0.07729532569646835,0.0004643277789000422,0.0004643277789000422,0.9111111111111111,1.0,227,227
228,t2_b0,26,27,-0.028270122358441858,0.07917140424251556,0.005771840922534466,0.005771840922534466,0.9142857142857143,1.0,227,227
228,t2_b0,16,13,0.0498978953136865,0.11531461775302887,0.002139673801138997,0.002139673801138997,0.92,1.0,227,227
228,t2_b0,21,24,0.029411515525134702,0.11735539138317108,0.003867062507197261,0.003867062507197261,0.9125,1.0,227,227
229,t2_b0,5,4,0.2440345970022992,0.12175706028938293,0.00747589860111475,0.00747589860111475,0.9125,1.0,228,228
229,t2_b0,2,8,-0.008307391922189268,0.09024108946323395,0.0048559014685451984,0.0048559014685451984,1.0,1.0,228,228
229,t2_b0,6,31,0.1501852595747082,0.126693993806839,0.0002759197377599776,0.0002759197377599776,0.92,1.0,228,228
229,t2_b0,37,35,-0.001665207230362402,0.07890848815441132,0.0032460601069033146,0.0032460601069033146,0.925,1.0,228,228
229,t2_b0,17,24,-0.011032785877240247,0.11572147160768509,0.008033320307731628,0.008033320307731628,0.9142857142857143,1.0,228,228
229,t2_b0,7,29,0.0,0.07728783041238785,0.0029867044650018215,0.0029867044650018215,0.91,1.0,228,228
229,t2_b0,27,26,0.12265624873830434,0.07891913503408432,0.0009564675274305046,0.0009564675274305046,0.92,1.0,228,228
229,t2_b0,32,15,0.020485779769355575,0.07958514988422394,0.0017463676631450653,0.0017463676631450653,0.9125,1.0,228,228
230,t2_b0,39,29,-0.01287500092296535,0.075247623026371,0.003882798133417964,0.003882798133417964,0.91,1.0,229,229
230,t2_b0,33,26,-0.21158599047484558,0.07685685157775879,0.041599638760089874,0.041599638760089874,0.92,1.0,229,229
230,t2_b0,13,22,0.2553421038962937,0.11506888270378113,0.0098382867872715,0.0098382867872715,0.9166666666666667,1.0,229,229
230,t2_b0,8,12,-0.29040614964699796,0.09084785729646683,0.07267729938030243,0.07267729938030243,0.9166666666666667,1.0,229,229
230,t2_b0,28,9,0.0,0.07400523126125336,0.0027383870910853148,0.0027383870910853148,0.9125,1.0,229,229
231,t2_b0,19,29,-0.021167140293645102,0.073957160115242,0.004524316638708115,0.004524316638708115,0.9142857142857143,1.0,230,230
231,t2_b0,9,33,-0.041048801294068966,0.07506118714809418,0.00674076471477747,0.00674076471477747,0.011111111111111112,1.0,230,230
231,t2_b0,14,27,-0.004236478154760244,0.07710975408554077,0.003308604471385479,0.003308604471385479,0.9166666666666667,1.0,230,230
231,t2_b0,4,22,0.00028160201050410187,0.1167261153459549,0.00677966233342886,0.00677966233342886,0.9142857142857143,1.0,230,230
231,t2_b0,15,7,-0.25844318580620823,0.07609594613313675,0.05595821142196655,0.05595821142196655,0.9111111111111111,1.0,230,230
232,t2_b0,10,26,0.41500595967150544,0.07744881510734558,0.05697241052985191,0.05697241052985191,0.9166666666666667,1.0,231,231
232,t2_b0,20,35,-0.012602175965073594,0.07884512841701508,0.004181304480880499,0.004181304480880499,0.925,1.0,231,231
232,t2_b0,29,39,-0.04190497491367642,0.07305753231048584,0.00660818861797452,0.00660818861797452,0.9125,1.0,231,231
232,t2_b0,22,4,0.0327907536945267,0.11560256034135818,0.0034288973547518253,0.0034288973547518253,0.9166666666666667,1.0,231,231
232,t2_b0,12,15,0.17318903979979156,0.08671262115240097,0.0037390857469290495,0.0037390857469290495,0.9166666666666667,1.0,231,231
232,t2_b0,0,1,0.0,0.12262073904275894,0.007517922669649124,0.007517922669649124,0.925,1.0,231,231
232,t2_b0,25,24,-0.5678155813157626,0.11680107563734055,0.23434999585151672,0.23434999585151672,0.92,1.0,231,231
233,t2_b0,26,10,0.0494979006517395,0.07823321968317032,0.0004128592263441533,0.0004128592263441533,0.925,1.0,232,232
233,t2_b0,35,15,0.10739458816567934,0.08066242933273315,0.00035730423405766487,0.00035730423405766487,0.925,1.0,232,232
233,t2_b0,36,39,0.2908411764095728,0.07967683672904968,0.022295186296105385,0.022295186296105385,0.9111111111111111,1.0,232,232
233,t2_b0,38,22,-0.37767314199036306,0.11770830303430557,0.12270139157772064,0.12270139157772064,0.925,1.0,232,232
233,t2_b0,16,27,-0.14178341348600787,0.10895683616399765,0.03143534064292908,0.03143534064292908,0.9500000000000001,1.0,232,232
233,t2_b0,6,0,0.1502647073241709,0.1288282722234726,0.0002297604369232431,0.0002297604369232431,1.0,1.0,232,232
233,t2_b0,18,14,0.0,0.07200903445482254,0.0025926504749804735,0.0025926504749804735,0.9142857142857143,1.0,232,232
233,t2_b0,31,1,-0.09342546720328106,0.1278296709060669,0.0244769174605608,0.0244769174605608,0.925,1.0,232,232
233,t2_b0,11,19,-0.08358741859700985,0.07147377729415894,0.012021985836327076,0.012021985836327076,0.9166666666666667,1.0,232,232
233,t2_b0,21,5,0.16308608773923305,0.12431129068136215,0.0007517423946410418,0.0007517423946410418,0.9500000000000001,1.0,232,232
233,t2_b0,24,25,0.0946600677203012,0.11710601300001144,0.000251910270890221,0.000251910270890221,0.02,1.0,232,232
234,t2_b0,37,35,0.0038819466761378964,0.08572204411029816,0.003348900703713298,0.003348900703713298,0.03333333333333333,1.0,233,233
234,t2_b0,12,8,0.1452530045307139,0.08670714497566223,0.00171380874235183,0.00171380874235183,0.9333333333333333,1.0,233,233
234,t2_b0,1,0,0.19095782933966976,0.1219693049788475,0.0023797082249075174,0.0023797082249075174,0.925,1.0,233,233
234,t2_b0,34,31,0.0,0.1265048235654831,0.008001735433936119,0.008001735433936119,0.9166666666666667,1.0,233,233
234,t2_b0,7,15,-0.03603132769012803,0.08039078861474991,0.006777054630219936,0.006777054630219936,0.9166666666666667,1.0,233,233
234,t2_b0,17,24,-0.03691882017567916,0.11625871062278748,0.011731677688658237,0.011731677688658237,0.925,1.0,233,233
234,t2_b0,39,29,0.11444966736712682,0.07246844470500946,0.0008812114247120917,0.0008812114247120917,0.9166666666666667,1.0,233,233
234,t2_b0,30,27,-0.21402748565970814,0.11054409295320511,0.052673354744911194,0.052673354744911194,0.92,1.0,233,233
234,t2_b0,22,13,0.5462068540666842,0.11514881253242493,0.09290550649166107,0.09290550649166107,0.92,1.0,233,233
235,t2_b0,15,29,-0.080377284817761,0.08318537473678589,0.013376371003687382,0.013376371003687382,0.9125,1.0,234,234
235,t2_b0,5,1,-0.04469484917800579,0.13702957332134247,0.016511883586645126,0.016511883586645126,0.9500000000000001,1.0,234,234
235,t2_b0,33,14,0.11444712875361886,0.07524783909320831,0.0007682922878302634,0.0007682922878302634,0.925,1.0,234,234
235,t2_b0,8,7,-0.10576576326865203,0.07952927052974701,0.017167124897241592,0.017167124897241592,0.9142857142857143,1.0,234,234
235,t2_b0,28,9,0.2186126519453957,0.07332411408424377,0.010554379783570766,0.010554379783570766,0.9166666666666667,1.0,234,234
235,t2_b0,38,27,-0.06962220939218862,0.11538030207157135,0.017112962901592255,0.017112962901592255,0.92,1.0,234,234
235,t2_b0,20,13,0.9930040307624163,0.1154949739575386,0.38501107692718506,0.38501107692718506,1.0,1.0,234,234
235,t2_b0,18,19,-0.9872423137360486,0.07235576212406158,0.5595980882644653,0.5595980882644653,0.025,1.0,234,234
236,t2_b0,24,31,-0.000319721261612123,0.12088184058666229,0.0073449090123176575,0.0073449090123176575,0.925,1.0,235,235
236,t2_b0,34,1,0.0,0.1329248696565628,0.00883451011031866,0.00883451011031866,0.925,1.0,235,235
236,t2_b0,39,18,-0.08948884165406362,0.07231098413467407,0.013089590705931187,0.013089590705931187,0.9333333333333333,1.0,235,235
236,t2_b0,9,14,-0.021175040681674587,0.07626795768737793,0.004747569095343351,0.004747569095343351,0.925,1.0,235,235
236,t2_b0,29,8,0.43854222308074825,0.07795562595129013,0.06501134485006332,0.06501134485006332,0.9166666666666667,1.0,235,235
236,t2_b0,13,27,-0.1846946811011442,0.11739964783191681,0.04563049599528313,0.04563049599528313,0.925,1.0,235,235
237,t2_b0,35,32,0.29121602097241484,0.0816798061132431,0.021952711045742035,0.021952711045742035,0.925,1.0,236,236
237,t2_b0,20,4,-0.33880131763460397,0.11455144733190536,0.10276436805725098,0.10276436805725098,0.925,1.0,236,236
237,t2_b0,10,9,0.02875315105382203,0.07621384412050247,0.0011262587504461408,0.0011262587504461408,1.0,1.0,236,236
237,t2_b0,2,11,-0.06427680306476928,0.07024547457695007,0.00904812105000019,0.00904812105000019,0.925,1.0,236,236
237,t2_b0,30,26,-0.4660271163617945,0.10072213411331177,0.16060233116149902,0.16060233116149902,0.925,1.0,236,236
237,t2_b0,0,1,0.027607909771046032,0.13043515384197235,0.005286721047013998,0.005286721047013998,0.925,1.0,236,236
237,t2_b0,14,28,0.17044768492700338,0.07470997422933578,0.004582855384796858,0.004582855384796858,0.925,1.0,236,236
237,t2_b0,25,31,0.10677815942817692,0.1322821080684662,0.0003252257010899484,0.0003252257010899484,0.925,1.0,236,236
238,t2_b0,5,12,0.0,0.09995380789041519,0.00499538192525506,0.00499538192525506,1.0,1.0,1,1
238,t2_b0,32,8,0.0,0.0818837434053421,0.00335247372277081,0.00335247372277081,0.014285714285714287,1.0,237,237
238,t2_b0,19,39,0.02563531491232829,0.07376768440008163,0.001158362370915711,0.001158362370915711,0.925,1.0,237,237
238,t2_b0,11,18,0.0021391739299446494,0.08437709510326385,0.0033815379720181227,0.0033815379720181227,0.9142857142857143,1.0,237,237
238,t2_b0,6,34,0.9754884673298019,0.1323762834072113,0.3554191291332245,0.3554191291332245,1.0,1.0,237,237
238,t2_b0,31,25,0.4447837043612983,0.1306506097316742,0.04933980479836464,0.04933980479836464,0.92,1.0,237,237
238,t2_b0,27,26,-0.2423823893907357,0.10455852001905441,0.060183994472026825,0.060183994472026825,0.9166666666666667,1.0,237,237
238,t2_b0,1,0,0.2742770753784369,0.1272081881761551,0.010814626701176167,0.010814626701176167,0.925,1.0,237,237
239,t2_b0,36,18,-0.5554152183478721,0.08098354190587997,0.20250166952610016,0.20250166952610016,0.9142857142857143,1.0,238,238
239,t2_b0,21,13,0.813174676380967,0.11483805626630783,0.24383699893951416,0.24383699893951416,1.0,1.0,238,238
239,t2_b0,7,29,0.4109347488104929,0.07202480733394623,0.0574299693107605,0.0574299693107605,1.0,1.0,238,238
239,t2_b0,12,5,0.13115489794501564,0.04474490508437157,0.003733342746272683,0.003733342746272683,1.0,1.0,2,238
239,t2_b0,37,15,-0.08486486457026916,0.07958456873893738,0.013521806336939335,0.013521806336939335,0.925,1.0,238,238
239,t2_b0,26,27,0.1965748516572271,0.1020585373044014,0.004466666840016842,0.004466666840016842,0.92,1.0,238,238
239,t2_b0,32,8,0.0,0.08029179275035858,0.0032233858946710825,0.0032233858946710825,0.9142857142857143,1.0,238,238
240,t2_b0,27,26,0.3209592951145943,0.10708040744066238,0.022872092202305794,0.022872092202305794,0.9166666666666667,1.0,239,239
240,t2_b0,2,18,0.01603265175371584,0.07130274921655655,0.0015273918397724628,0.0015273918397724628,0.925,1.0,239,239
240,t2_b0,22,4,0.12944162597611916,0.11074943840503693,0.00017469881277065724,0.00017469881277065724,0.9333333333333333,1.0,239,239
240,t2_b0,15,11,-0.20178782028527117,0.08132518082857132,0.04007648676633835,0.04007648676633835,0.9125,1.0,239,239
240,t2_b0,28,14,0.29475494574992134,0.06915532052516937,0.025447597727179527,0.025447597727179527,0.9333333333333333,1.0,239,239
240,t2_b0,8,36,0.39025004448216555,0.08111278712749481,0.047782931476831436,0.047782931476831436,0.9166666666666667,1.0,239,239
241,t2_b0,29,7,0.04277332924163907,0.09522370249032974,0.0013755208346992731,0.0013755208346992731,1.0,1.0,240,240
241,t2_b0,18,36,-0.02851981792454716,0.08458865433931351,0.006396763026714325,0.006396763026714325,0.925,1.0,240,240
241,t2_b0,38,26,-0.8490244457933598,0.10630117356777191,0.4563235640525818,0.4563235640525818,0.02,1.0,240,240
241,t2_b0,39,14,0.01638277165779593,0.06957267224788666,0.001414582715369761,0.001414582715369761,0.9333333333333333,1.0,240,240
241,t2_b0,4,27,-0.35853166989494295,0.11590934544801712,0.1125471442937851,0.1125471442937851,0.925,1.0,240,240
241,t2_b0,34,25,-0.007236477666564557,0.13693971931934357,0.010393388569355011,0.010393388569355011,0.9500000000000001,1.0,240,240
241,t2_b0,17,20,0.2780623334928683,0.11020949482917786,0.014087289571762085,0.014087289571762085,0.016666666666666666,1.0,240,240
242,t2_b0,20,27,-0.7824247376432617,0.10846361517906189,0.39684101939201355,0.39684101939201355,0.92,1.0,241,241
242,t2_b0,35,36,0.13905161948541045,0.08222596347332001,0.0016145773697644472,0.0016145773697644472,0.925,1.0,241,241
242,t2_b0,5,7,0.7837741013691826,0.12024909257888794,0.2201327085494995,0.2201327085494995,0.925,1.0,241,241
242,t2_b0,14,39,-0.028107810296771334,0.07197321951389313,0.005008106119930744,0.005008106119930744,0.025,1.0,241,241
242,t2_b0,0,1,0.5282085819647757,0.124742791056633,0.081392303109169,0.081392303109169,0.9333333333333333,1.0,241,241
242,t2_b0,25,34,0.018063223488297645,0.13246694207191467,0.006544105242937803,0.006544105242937803,0.9500000000000001,1.0,241,241
242,t2_b0,16,26,-0.4019598251306758,0.09844130277633667,0.12520064413547516,0.12520064413547516,0.925,1.0,241,241
242,t2_b0,15,2,0.5115975226456765,0.08002347499132156,0.09312807768583298,0.09312807768583298,0.016666666666666666,1.0,241,241
243,t2_b0,1,12,0.0,0.11585989594459534,0.006711757741868496,0.006711757741868496,0.925,1.0,242,242
243,t2_b0,36,8,0.10153527216006902,0.08781780302524567,9.408452751813456e-05,9.408452751813456e-05,0.92,1.0,242,242
243,t2_b0,31,24,0.0,0.13671636581420898,0.009345682337880135,0.009345682337880135,0.9500000000000001,1.0,242,242
243,t2_b0,21,4,0.16733190110257593,0.10701343417167664,0.0018191589042544365,0.0018191589042544365,0.9333333333333333,1.0,242,242
243,t2_b0,33,14,-0.07751175092005612,0.06962496042251587,0.010824606753885746,0.010824606753885746,0.9333333333333333,1.0,242,242
243,t2_b0,19,39,0.1027237563655842,0.06718672811985016,0.0006314401398412883,0.0006314401398412883,0.9500000000000001,1.0,242,242
243,t2_b0,22,34,0.9503201746530572,0.12473924458026886,0.3407919704914093,0.3407919704914093,0.9333333333333333,1.0,242,242
243,t2_b0,10,18,0.9282901546866138,0.08216051012277603,0.35796764492988586,0.35796764492988586,1.0,1.0,242,242
243,t2_b0,6,25,-0.07084975598588587,0.12631279230117798,0.019436532631516457,0.019436532631516457,0.925,1.0,242,242
243,t2_b0,26,27,0.209828833141626,0.09777253866195679,0.006278307177126408,0.006278307177126408,0.9166666666666667,1.0,242,242
244,t2_b0,2,36,-0.05647982553227316,0.075240857899189,0.008675170131027699,0.008675170131027699,0.9333333333333333,1.0,243,243
244,t2_b0,37,15,-0.02441058394621589,0.0896257683634758,0.006502144504338503,0.006502144504338503,0.9333333333333333,1.0,243,243
244,t2_b0,27,26,0.18337657121962178,0.10717244446277618,0.002903534099459648,0.002903534099459648,0.9142857142857143,1.0,243,243
244,t2_b0,7,29,0.076197769660418,0.13245926797389984,0.0015826779417693615,0.0015826779417693615,0.925,1.0,243,243
244,t2_b0,11,34,0.9597345764075652,0.1245041936635971,0.34880486130714417,0.34880486130714417,1.0,1.0,243,243
244,t2_b0,22,25,0.028849386400129982,0.14007124304771423,0.00618515070527792,0.00618515070527792,0.9333333333333333,1.0,243,243
245,t2_b0,18,10,0.1350127662827212,0.08978356420993805,0.0010228401515632868,0.0010228401515632868,1.0,1.0,244,244
245,t2_b0,24,26,-0.3340149254035054,0.1073676273226738,0.09740927815437317,0.09740927815437317,0.9166666666666667,1.0,244,244
245,t2_b0,12,7,0.681659172696553,0.13031607866287231,0.15198959410190582,0.15198959410190582,0.92,1.0,244,244
245,t2_b0,4,2,0.9767405627894208,0.08720676600933075,0.3956351578235626,0.3956351578235626,1.0,1.0,244,244
245,t2_b0,32,35,0.015179493547380886,0.0887901708483696,0.0027092660311609507,0.0027092660311609507,0.925,1.0,244,244
245,t2_b0,17,27,-0.3840983930132508,0.10924654453992844,0.12169460952281952,0.12169460952281952,1.0,1.0,244,244
245,t2_b0,33,14,0.48402402533433586,0.06681349128484726,0.08703231066465378,0.08703231066465378,0.9500000000000001,1.0,244,244
245,t2_b0,28,16,-0.19946716518294852,0.09795095026493073,0.04422876983880997,0.04422876983880997,0.9500000000000001,1.0,244,244
246,t2_b0,16,28,-0.11776389777442078,0.10071360319852829,0.023866210132837296,0.023866210132837296,0.9333333333333333,1.0,245,245
246,t2_b0,29,18,0.06158339313532344,0.12318211048841476,0.0018972010584548116,0.0018972010584548116,0.925,1.0,245,245
246,t2_b0,4,2,-1.0,0.08701392263174057,0.5870139598846436,0.5870139598846436,1.0,1.0,245,245
246,t2_b0,24,26,-0.320313281219948,0.1172841414809227,0.095745749771595,0.095745749771595,0.9166666666666667,1.0,245,245
246,t2_b0,14,33,0.0,0.07494545727968216,0.0028084106743335724,0.0028084106743335724,1.0,1.0,245,245
246,t2_b0,8,36,0.05644030154409612,0.0876166820526123,0.0004859833570662886,0.0004859833570662886,0.92,1.0,245,245
247,t2_b0,25,11,0.00805839908974104,0.13233323395252228,0.007722117472440004,0.007722117472440004,1.0,1.0,246,246
247,t2_b0,38,26,-0.5060966365404665,0.10278809070587158,0.1853703260421753,0.1853703260421753,0.92,1.0,246,246
247,t2_b0,20,27,-0.7823243359996029,0.12103809416294098,0.4080318212509155,0.4080318212509155,0.925,1.0,246,246
247,t2_b0,5,7,-0.9836170690709004,0.1298847794532776,0.613501787185669,0.613501787185669,0.925,1.0,246,246
247,t2_b0,10,8,0.2742416784636363,0.08824938535690308,0.01729656755924225,0.01729656755924225,0.9333333333333333,1.0,246,246
247,t2_b0,35,32,0.19697651067436378,0.08778688311576843,0.005961187649518251,0.005961187649518251,0.925,1.0,246,246
247,t2_b0,30,24,0.013676456469255471,0.10060141235589981,0.0037779738195240498,0.0037779738195240498,0.025,1.0,246,246
248,t2_b0,6,1,0.031330944892187476,0.13316498696804047,0.005185086280107498,0.005185086280107498,0.9333333333333333,1.0,247,247
248,t2_b0,16,38,0.11179772650355707,0.08424193412065506,0.0003796608652919531,0.0003796608652919531,0.9500000000000001,1.0,247,247
248,t2_b0,26,24,-0.11363418609600578,0.10588359832763672,0.024094028398394585,0.024094028398394585,0.92,1.0,247,247
248,t2_b0,11,22,-0.20866267390721172,0.1332656443119049,0.05845748260617256,0.05845748260617256,0.9500000000000001,1.0,247,247
248,t2_b0,19,18,0.9810766940282153,0.09634041786193848,0.39137914776802063,0.39137914776802063,1.0,1.0,247,247
248,t2_b0,15,10,0.0,0.09247463941574097,0.004275779239833355,0.004275779239833355,0.9166666666666667,1.0,247,247
248,t2_b0,21,31,0.19938168782539598,0.11616482585668564,0.003462523687630892,0.003462523687630892,0.9333333333333333,1.0,247,247
249,t2_b0,31,20,0.0,0.11716806143522263,0.006864177528768778,0.006864177528768778,0.9333333333333333,1.0,248,248
249,t2_b0,0,26,-0.0006122534812149064,0.10496095567941666,0.005572850815951824,0.005572850815951824,0.9166666666666667,1.0,248,248
249,t2_b0,7,29,0.05343891322122772,0.1304941028356552,0.0029687508940696716,0.0029687508940696716,0.9333333333333333,1.0,248,248
249,t2_b0,32,4,0.36938207035832427,0.09322712570428848,0.038130782544612885,0.038130782544612885,0.92,1.0,248,248
249,t2_b0,27,38,0.2584380741481976,0.11121340095996857,0.010837553068995476,0.010837553068995476,0.92,1.0,248,248
249,t2_b0,36,18,-0.15298594235116064,0.1039811447262764,0.03301604464650154,0.03301604464650154,0.925,1.0,248,248
249,t2_b0,37,35,0.17452601262451536,0.09435322880744934,0.00321383704431355,0.00321383704431355,0.9333333333333333,1.0,248,248
249,t2_b0,22,1,0.16701912227992144,0.13363580405712128,0.0005572231602855027,0.0005572231602855027,0.9333333333333333,1.0,248,248
250,t2_b0,33,14,0.1566008205013656,0.079526387155056,0.0029702340252697468,0.0029702340252697468,1.0,1.0,249,249
250,t2_b0,2,32,0.08096572544100267,0.08115825057029724,1.8532553269778873e-08,1.8532553269778873e-08,0.925,1.0,249,249
250,t2_b0,17,27,0.9509630973993084,0.11904027312994003,0.3460477888584137,0.3460477888584137,1.0,1.0,249,249
250,t2_b0,1,7,0.0,0.11746428161859512,0.00689892889931798,0.00689892889931798,0.9333333333333333,1.0,249,249
250,t2_b0,38,26,-0.2870604193711216,0.09632215648889542,0.07349109649658203,0.07349109649658203,0.925,1.0,249,249
250,t2_b0,18,19,-0.003973847559674826,0.0964071974158287,0.005038177128881216,0.005038177128881216,1.0,1.0,249,249
251,t2_b0,12,19,-0.021321907926683793,0.11015627533197403,0.008643257431685925,0.008643257431685925,0.925,1.0,250,250
251,t2_b0,14,33,-0.04169064340733967,0.0873880684375763,0.00833065714687109,0.00833065714687109,0.9500000000000001,1.0,250,250
251,t2_b0,4,35,-0.4869193102354402,0.09459400177001953,0.16907885670661926,0.16907885670661926,0.92,1.0,250,250
251,t2_b0,29,7,0.20807749241049076,0.11822260916233063,0.004036949947476387,0.004036949947476387,0.9333333333333333,1.0,250,250
251,t2_b0,24,38,-0.07427719274902443,0.11010854691267014,0.016999050974845886,0.016999050974845886,0.925,1.0,250,250
251,t2_b0,39,31,0.8864870310265023,0.12252020835876465,0.2918226420879364,0.2918226420879364,1.0,1.0,250,250
252,t2_b0,30,38,0.0,0.08325883746147156,0.0034660170786082745,0.0034660170786082745,0.9500000000000001,1.0,251,251
252,t2_b0,0,26,0.0,0.1050238087773323,0.005515000317245722,0.005515000317245722,0.92,1.0,251,251
252,t2_b0,20,5,-0.2032974223326873,0.12001986801624298,0.052267033606767654,0.052267033606767654,0.92,1.0,251,251
252,t2_b0,8,19,-0.002517055891742208,0.11232716590166092,0.006594597827643156,0.006594597827643156,0.925,1.0,251,251
252,t2_b0,35,32,0.09530427267412533,0.09380216151475906,1.1281695151410531e-06,1.1281695151410531e-06,0.9333333333333333,1.0,251,251
252,t2_b0,10,15,0.3885770009476755,0.09047089517116547,0.04443363472819328,0.04443363472819328,0.9500000000000001,1.0,251,251
253,t2_b0,26,5,-0.008336193182142725,0.11752499639987946,0.007920518517494202,0.007920518517494202,0.92,1.0,252,252
253,t2_b0,21,20,-0.019898947301382783,0.1154521107673645,0.009159955196082592,0.009159955196082592,0.925,1.0,252,252
253,t2_b0,6,1,-0.1547370417500097,0.1329786330461502,0.041390154510736465,0.041390154510736465,0.9333333333333333,1.0,252,252
253,t2_b0,19,36,-0.06283258408582626,0.11389299482107162,0.015615965239703655,0.015615965239703655,0.9333333333333333,1.0,252,252
253,t2_b0,15,32,0.1402821232316125,0.10284983366727829,0.0007005881634540856,0.0007005881634540856,0.92,1.0,252,252
254,t2_b0,36,29,0.06284259034683386,0.1243581622838974,0.0018920826260000467,0.0018920826260000467,0.9333333333333333,1.0,253,253
254,t2_b0,2,14,0.003076457504873062,0.07494331896305084,0.00258242292329669,0.00258242292329669,0.925,1.0,253,253
254,t2_b0,12,8,-0.27835609814900375,0.11618908494710922,0.07783295959234238,0.07783295959234238,0.9500000000000001,1.0,253,253
254,t2_b0,31,39,-0.01637142966865367,0.12369281053543091,0.009808995760977268,0.009808995760977268,1.0,1.0,253,253
254,t2_b0,11,22,-0.029886932675871596,0.13143445551395416,0.0130122946575284,0.0130122946575284,0.9333333333333333,1.0,253,253
254,t2_b0,32,15,0.0,0.10305224359035492,0.005309882573783398,0.005309882573783398,0.9333333333333333,1.0,253,253
254,t2_b0,5,26,-0.30166959762601964,0.11752393841743469,0.08786161243915558,0.08786161243915558,0.9166666666666667,1.0,253,253
255,t2_b0,22,6,0.008411355240474518,0.13075955212116241,0.007484540808945894,0.007484540808945894,0.9333333333333333,1.0,254,254
255,t2_b0,8,19,0.050227723226536444,0.11653923243284225,0.002198608126491308,0.002198608126491308,1.0,1.0,254,254
255,t2_b0,37,32,-0.056152798981547986,0.10269029438495636,0.012615565210580826,0.012615565210580826,0.9333333333333333,1.0,254,254
255,t2_b0,27,26,0.04415129539312938,0.11714037507772446,0.002663702704012394,0.002663702704012394,0.92,1.0,254,254
255,t2_b0,7,29,-0.00098710350640774,0.12732943892478943,0.00823256652802229,0.00823256652802229,0.9333333333333333,1.0,254,254
255,t2_b0,38,14,-0.0025415768411526474,0.08376742154359818,0.003724621841683984,0.003724621841683984,0.9500000000000001,1.0,254,254
256,t2_b0,18,37,0.8644328494380354,0.10117925703525543,0.29127806425094604,0.29127806425094604,0.9500000000000001,1.0,255,255
256,t2_b0,14,33,0.35683449428211605,0.08072464168071747,0.038118332624435425,0.038118332624435425,0.92,1.0,255,255
256,t2_b0,24,26,0.04002379258702021,0.11709781736135483,0.00297020236030221,0.00297020236030221,0.9333333333333333,1.0,255,255
256,t2_b0,39,20,-0.12609265118007584,0.12082499265670776,0.030484162271022797,0.030484162271022797,0.9500000000000001,1.0,255,255
256,t2_b0,29,7,0.042301720033495874,0.12006848305463791,0.003023834666237235,0.003023834666237235,0.9500000000000001,1.0,255,255
256,t2_b0,19,36,0.0,0.11846816539764404,0.00701735308393836,0.00701735308393836,0.9500000000000001,1.0,255,255
256,t2_b0,1,22,0.010578216174346467,0.11248058080673218,0.0051920460537076,0.0051920460537076,0.025,1.0,255,255
257,t2_b0,30,14,-0.0643178852478648,0.08171620965003967,0.010662977583706379,0.010662977583706379,0.925,1.0,256,256
257,t2_b0,10,15,0.19625454190953165,0.10258753597736359,0.004386753309518099,0.004386753309518099,1.0,1.0,256,256
257,t2_b0,5,24,0.0,0.11520026624202728,0.0066355508752167225,0.0066355508752167225,0.025,1.0,256,256
257,t2_b0,20,27,-0.4565523078496444,0.12093847990036011,0.1667478084564209,0.1667478084564209,0.9333333333333333,1.0,256,256
257,t2_b0,35,32,0.39627445698049535,0.10371775180101395,0.042794711887836456,0.042794711887836456,0.925,1.0,256,256
257,t2_b0,0,26,-0.05016822602735666,0.10394718497991562,0.011875779367983341,0.011875779367983341,0.925,1.0,256,256
257,t2_b0,4,33,-0.1422151750574083,0.08277713507413864,0.02531076781451702,0.02531076781451702,0.925,1.0,256,256
257,t2_b0,12,18,0.9357449780994419,0.15380868315696716,0.30571219325065613,0.30571219325065613,1.0,1.0,256,256
258,t2_b0,33,4,0.033491747739489645,0.07911938428878784,0.0010409405222162604,0.0010409405222162604,0.9500000000000001,1.0,257,257
258,t2_b0,6,1,0.2420846325432419,0.13028667867183685,0.0062493919394910336,0.0062493919394910336,0.9333333333333333,1.0,257,257
258,t2_b0,26,27,0.07383678332351244,0.11473638564348221,0.0008363888482563198,0.0008363888482563198,0.925,1.0,257,257
258,t2_b0,15,37,0.2632958940006956,0.11470862478017807,0.011039086617529392,0.011039086617529392,0.025,1.0,257,257
258,t2_b0,21,39,0.0,0.10681714862585068,0.005704951472580433,0.005704951472580433,0.9500000000000001,1.0,257,257
258,t2_b0,36,7,0.30302167583889145,0.12240266799926758,0.016311611980199814,0.016311611980199814,0.9333333333333333,1.0,257,257
259,t2_b0,22,6,0.12103432344673062,0.1295669674873352,3.640300201368518e-05,3.640300201368518e-05,0.9333333333333333,1.0,258,258
259,t2_b0,27,26,0.10142579098403229,0.11529770493507385,9.621502249501646e-05,9.621502249501646e-05,0.925,1.0,258,258
259,t2_b0,32,37,0.08230640270415802,0.1154257282614708,0.0005484449793584645,0.0005484449793584645,0.925,1.0,258,258
259,t2_b0,16,4,0.5513314687925173,0.07754065096378326,0.11223886907100677,0.11223886907100677,1.0,1.0,258,258
259,t2_b0,7,36,0.16379514192503253,0.1264161914587021,0.0006985930376686156,0.0006985930376686156,0.925,1.0,258,258
259,t2_b0,2,14,-0.06899919535513872,0.06855079531669617,0.009460000321269035,0.009460000321269035,0.925,1.0,258,258
260,t2_b0,18,37,0.04391250723652718,0.11537061631679535,0.0025531307328492403,0.0025531307328492403,0.925,1.0,259,259
260,t2_b0,17,7,0.045911486875321254,0.12583622336387634,0.0031939814798533916,0.0031939814798533916,0.92,1.0,259,259
260,t2_b0,33,14,0.5142139756574997,0.08240687847137451,0.09322868287563324,0.09322868287563324,0.9333333333333333,1.0,259,259
260,t2_b0,38,2,-0.04868256915551378,0.07473161816596985,0.007615530863404274,0.007615530863404274,0.03333333333333333,1.0,259,259
260,t2_b0,11,22,-0.08090898653865287,0.12970298528671265,0.02217870019376278,0.02217870019376278,0.9333333333333333,1.0,259,259
261,t2_b0,1,11,0.07479925545008527,0.11149441450834274,0.0006732674082741141,0.0006732674082741141,0.92,1.0,260,260
261,t2_b0,14,33,-0.00980887623641029,0.07307382673025131,0.003434771206229925,0.003434771206229925,0.9333333333333333,1.0,260,260
261,t2_b0,39,20,0.04208418290768882,0.11535429209470749,0.002684254664927721,0.002684254664927721,0.9500000000000001,1.0,260,260
261,t2_b0,19,36,0.05449663642106137,0.12126271426677704,0.0022288549225777388,0.0022288549225777388,1.0,1.0,260,260
261,t2_b0,24,26,-0.2599600390001388,0.10254907608032227,0.06570642441511154,0.06570642441511154,0.925,1.0,260,260
261,t2_b0,29,7,0.0,0.12360626459121704,0.007639254443347454,0.007639254443347454,0.9333333333333333,1.0,260,260
261,t2_b0,12,37,-0.36400742252792867,0.11864039301872253,0.116474449634552,0.116474449634552,0.9333333333333333,1.0,260,260
262,t2_b0,5,26,-0.3785773319779991,0.10194122046232224,0.11544904112815857,0.11544904112815857,0.92,1.0,261,261
262,t2_b0,30,38,0.0,0.07033558934926987,0.002473547589033842,0.002473547589033842,0.9500000000000001,1.0,261,261
262,t2_b0,0,2,-0.02238724499111567,0.09642606228590012,0.007058301009237766,0.007058301009237766,0.92,1.0,261,261
262,t2_b0,35,37,0.11568296661360296,0.1168176531791687,6.437563797589974e-07,6.437563797589974e-07,0.92,1.0,261,261
262,t2_b0,20,27,-0.006302663888948434,0.114232137799263,0.007264318875968456,0.007264318875968456,0.9333333333333333,1.0,261,261
262,t2_b0,10,15,0.03797006783287702,0.11518828570842743,0.002981326775625348,0.002981326775625348,1.0,1.0,261,261
263,t2_b0,6,1,0.3006625857613995,0.12909159064292908,0.014718301594257355,0.014718301594257355,0.9333333333333333,1.0,262,262
263,t2_b0,26,27,0.15120962804733223,0.09990553557872772,0.0013160547241568565,0.0013160547241568565,0.92,1.0,262,262
263,t2_b0,21,39,0.05335486542041981,0.10197478532791138,0.0011819482315331697,0.0011819482315331697,0.9500000000000001,1.0,262,262
263,t2_b0,36,7,0.05480103575433458,0.1229955330491066,0.0023252444807440042,0.0023252444807440042,0.9333333333333333,1.0,262,262
263,t2_b0,15,10,0.0659450079890487,0.1270337849855423,0.0018659194465726614,0.0018659194465726614,0.925,1.0,262,262
263,t2_b0,37,35,0.0,0.1241765171289444,0.00770990364253521,0.00770990364253521,0.92,1.0,262,262
263,t2_b0,16,33,-0.00012937278088416676,0.08489105850458145,0.003614236833527684,0.003614236833527684,1.0,1.0,262,262
264,t2_b0,7,29,0.25723974731868654,0.1257106214761734,0.008649957366287708,0.008649957366287708,0.9333333333333333,1.0,263,263
264,t2_b0,1,22,-0.012697429822424316,0.1111309751868248,0.007666736841201782,0.007666736841201782,0.92,1.0,263,263
264,t2_b0,12,35,-0.1371360147313657,0.12369342893362045,0.03401600196957588,0.03401600196957588,0.9333333333333333,1.0,263,263
264,t2_b0,27,26,-0.0026244452020041825,0.1007591038942337,0.005344078876078129,0.005344078876078129,0.92,1.0,263,263
264,t2_b0,32,15,0.4570741165125993,0.12605486810207367,0.054786864668130875,0.054786864668130875,0.925,1.0,263,263
265,t2_b0,37,32,-0.0663610283302136,0.12722894549369812,0.018738538026809692,0.018738538026809692,0.92,1.0,264,264
265,t2_b0,2,0,0.12025235427888184,0.09796492010354996,0.0002483649004716426,0.0002483649004716426,0.92,1.0,264,264
265,t2_b0,22,1,-0.026477675453525643,0.12963876128196716,0.012186171486973763,0.012186171486973763,0.9333333333333333,1.0,264,264
265,t2_b0,38,14,-0.001545979487326183,0.06453070044517517,0.0021830638870596886,0.0021830638870596886,0.9500000000000001,1.0,264,264
266,t2_b0,39,20,0.1841277085098725,0.1042034924030304,0.0031939398031681776,0.0031939398031681776,0.9500000000000001,1.0,265,265
266,t2_b0,14,38,-0.0029309088687302404,0.057468898594379425,0.001824068371206522,0.001824068371206522,0.9333333333333333,1.0,265,265
266,t2_b0,29,36,0.14982471420397764,0.12351382523775101,0.00034613130264915526,0.00034613130264915526,0.9500000000000001,1.0,265,265
266,t2_b0,18,32,-0.0371217330127828,0.12539267539978027,0.013205465860664845,0.013205465860664845,0.925,1.0,265,265
266,t2_b0,11,6,0.04686442539316241,0.12777836620807648,0.0032735334243625402,0.0032735334243625402,0.025,1.0,265,265
266,t2_b0,24,26,0.0020074598783557706,0.09973151236772537,0.004774995148181915,0.004774995148181915,0.925,1.0,265,265
266,t2_b0,33,16,-0.013729966907655636,0.06856831908226013,0.003386504016816616,0.003386504016816616,0.05,1.0,265,265
267,t2_b0,30,38,0.0,0.05658696964383125,0.0016010425752028823,0.0016010425752028823,0.9500000000000001,1.0,266,266
267,t2_b0,0,2,0.06879082793796017,0.09276393055915833,0.0002873547491617501,0.0002873547491617501,0.92,1.0,266,266
267,t2_b0,4,22,0.9604463535673329,0.12670716643333435,0.34756049513816833,0.34756049513816833,0.9500000000000001,1.0,266,266
267,t2_b0,35,32,0.16517510906118985,0.12653526663780212,0.0007465187227353454,0.0007465187227353454,0.92,1.0,266,266
267,t2_b0,19,36,0.02323364994954388,0.12329106032848358,0.00500574242323637,0.00500574242323637,1.0,1.0,266,266
267,t2_b0,5,24,-0.035489298485400986,0.09757105261087418,0.008852528408169746,0.008852528408169746,0.02,1.0,266,266
267,t2_b0,10,15,0.17805166394256305,0.12612050771713257,0.0013484226074069738,0.0013484226074069738,1.0,1.0,266,266
267,t2_b0,20,27,0.2619194361369992,0.10376139730215073,0.012506982311606407,0.012506982311606407,0.9333333333333333,1.0,266,266
268,t2_b0,36,29,0.0027215630946703247,0.12325187772512436,0.007263778243213892,0.007263778243213892,0.9333333333333333,1.0,267,267
268,t2_b0,16,33,0.0591810581409016,0.07436062395572662,0.00011520963016664609,0.00011520963016664609,1.0,1.0,267,267
268,t2_b0,26,0,0.03380089455776657,0.09396590292453766,0.0018099140143021941,0.0018099140143021941,0.02,1.0,267,267
268,t2_b0,15,35,0.1186398779654314,0.13629581034183502,0.00015586595691274852,0.00015586595691274852,0.925,1.0,267,267
268,t2_b0,6,1,0.22518988713425933,0.12779274582862854,0.0047431024722754955,0.0047431024722754955,0.925,1.0,267,267
268,t2_b0,21,20,-0.01915116556524962,0.09439373016357422,0.0064462218433618546,0.0064462218433618546,0.9500000000000001,1.0,267,267
269,t2_b0,2,0,0.07081995183487903,0.09281834959983826,0.00024196476442739367,0.00024196476442739367,0.92,1.0,268,268
269,t2_b0,22,1,0.1726633893722131,0.1278747171163559,0.0010030126431956887,0.0010030126431956887,0.925,1.0,268,268
269,t2_b0,27,26,0.011468066740614851,0.09597197920084,0.0035704555921256542,0.0035704555921256542,0.92,1.0,268,268
269,t2_b0,7,36,0.18618915454502688,0.12398149818181992,0.0019348965724930167,0.0019348965724930167,0.9333333333333333,1.0,268,268
269,t2_b0,32,35,-0.005333180706681458,0.13571161031723022,0.00994681753218174,0.00994681753218174,0.925,1.0,268,268
270,t2_b0,1,22,0.0,0.10672273486852646,0.005694870837032795,0.005694870837032795,0.925,1.0,269,269
270,t2_b0,12,37,-0.040363814689524886,0.1362236589193344,0.015591568313539028,0.015591568313539028,0.9333333333333333,1.0,269,269
270,t2_b0,11,6,-0.008055081808855205,0.1277642548084259,0.009223445318639278,0.009223445318639278,0.925,1.0,269,269
270,t2_b0,38,14,-0.024542728658871832,0.051999062299728394,0.0029293226543813944,0.0029293226543813944,0.9500000000000001,1.0,269,269
270,t2_b0,18,32,0.12662907989000488,0.13706795871257782,5.448504816740751e-05,5.448504816740751e-05,0.925,1.0,269,269
270,t2_b0,17,33,0.9220863323391548,0.06405171751976013,0.3681116998195648,0.3681116998195648,1.0,1.0,269,269
271,t2_b0,39,20,-0.38385568980952095,0.09652377665042877,0.11538221687078476,0.11538221687078476,0.9500000000000001,1.0,270,270
271,t2_b0,24,26,-0.11109628348733783,0.0948706790804863,0.02121119573712349,0.02121119573712349,0.925,1.0,270,270
271,t2_b0,29,36,0.34250912783474313,0.12333212792873383,0.024019276723265648,0.024019276723265648,0.9333333333333333,1.0,270,270
271,t2_b0,33,14,-0.02382096739292186,0.056303609162569046,0.0032099734526127577,0.0032099734526127577,0.925,1.0,270,270
271,t2_b0,37,32,-0.030538644032047865,0.1367366462945938,0.013990512117743492,0.013990512117743492,0.92,1.0,270,270
271,t2_b0,4,6,0.19228331599200374,0.12631861865520477,0.0021756708156317472,0.0021756708156317472,0.9333333333333333,1.0,270,270
272,t2_b0,30,14,0.0,0.049109119921922684,0.0012058528373017907,0.0012058528373017907,0.925,1.0,271,271
272,t2_b0,35,32,0.1934546250665982,0.13470163941383362,0.0017259565647691488,0.0017259565647691488,0.92,1.0,271,271
272,t2_b0,0,2,0.0,0.08759669214487076,0.0038365903310477734,0.0038365903310477734,0.92,1.0,271,271
272,t2_b0,5,26,0.00210440160965925,0.09290450066328049,0.004122328944504261,0.004122328944504261,0.9166666666666667,1.0,271,271
272,t2_b0,19,36,0.32666319112870185,0.12207749485969543,0.020927654579281807,0.020927654579281807,1.0,1.0,271,271
273,t2_b0,14,16,-0.023193471780872787,0.043476834893226624,0.0022224648855626583,0.0022224648855626583,0.92,1.0,272,272
273,t2_b0,15,35,0.36353073585123824,0.1441972553730011,0.024053584784269333,0.024053584784269333,0.9333333333333333,1.0,272,272
273,t2_b0,20,27,0.08835867445914339,0.09124233573675156,4.157741386734415e-06,4.157741386734415e-06,0.92,1.0,272,272
273,t2_b0,6,1,-0.013333217955286487,0.12404529750347137,0.009436427615582943,0.009436427615582943,0.92,1.0,272,272
273,t2_b0,10,32,0.06137012218737589,0.13597337901592255,0.002782823285087943,0.002782823285087943,0.9500000000000001,1.0,272,272
273,t2_b0,36,7,0.21597804880566898,0.12370851635932922,0.00425683381035924,0.00425683381035924,0.9333333333333333,1.0,272,272
274,t2_b0,11,6,0.12006510610236092,0.12666752934455872,2.1795984139316715e-05,2.1795984139316715e-05,0.9333333333333333,1.0,273,273
274,t2_b0,27,20,0.2035532064544266,0.08864304423332214,0.006602171808481216,0.006602171808481216,0.925,1.0,273,273
274,t2_b0,2,0,0.012296713921356717,0.08553489297628403,0.0026819154154509306,0.0026819154154509306,0.92,1.0,273,273
274,t2_b0,12,37,0.23156905249511245,0.14334815740585327,0.0038914631586521864,0.0038914631586521864,0.9333333333333333,1.0,273,273
274,t2_b0,16,14,-0.20674630290141946,0.044775933027267456,0.0316317193210125,0.0316317193210125,0.925,1.0,273,273
274,t2_b0,7,1,0.14894019745767206,0.12358064949512482,0.00032155317603610456,0.00032155317603610456,0.925,1.0,273,273
275,t2_b0,38,14,0.1948122749194873,0.044120512902736664,0.011354001238942146,0.011354001238942146,0.92,1.0,274,274
275,t2_b0,18,37,-0.006646912021872411,0.14369040727615356,0.011300655081868172,0.011300655081868172,0.9333333333333333,1.0,274,274
275,t2_b0,17,16,-0.2568541227328886,0.044516466557979584,0.04541211575269699,0.04541211575269699,0.925,1.0,274,274
275,t2_b0,21,26,-0.06801194188731995,0.08875565975904465,0.012288041412830353,0.012288041412830353,0.025,1.0,274,274
275,t2_b0,1,6,0.0965363215908441,0.1024407297372818,1.7431006199331023e-05,1.7431006199331023e-05,0.92,1.0,274,274
276,t2_b0,29,1,0.5481938873990264,0.12258249521255493,0.09057252109050751,0.09057252109050751,0.9166666666666667,1.0,275,275
276,t2_b0,33,38,-0.14615169771816894,0.047087665647268295,0.01867072470486164,0.01867072470486164,0.925,1.0,275,275
276,t2_b0,32,37,0.11415385293158482,0.14527036249637604,0.0004841185291297734,0.0004841185291297734,0.9500000000000001,1.0,275,275
276,t2_b0,26,21,0.004997243524585804,0.0877547636628151,0.0034244032576680183,0.0034244032576680183,0.92,1.0,275,275
276,t2_b0,4,7,0.01060138684652841,0.12287062406539917,0.006302190944552422,0.006302190944552422,0.925,1.0,275,275
276,t2_b0,14,15,-0.12022643135617722,0.09677372127771378,0.02354453317821026,0.02354453317821026,1.0,1.0,275,275
277,t2_b0,30,38,0.0,0.036569803953170776,0.0006686752894893289,0.0006686752894893289,0.9333333333333333,1.0,276,276
277,t2_b0,5,0,-0.08170169557752359,0.08553682267665863,0.013984360732138157,0.013984360732138157,0.9500000000000001,1.0,276,276
277,t2_b0,22,1,-0.00624864899675877,0.12387331575155258,0.008465862832963467,0.008465862832963467,0.9142857142857143,1.0,276,276
277,t2_b0,35,32,0.1348880572075594,0.14586681127548218,6.026656774338335e-05,6.026656774338335e-05,0.9333333333333333,1.0,276,276
277,t2_b0,15,14,-0.012340033564976604,0.09561943262815475,0.005827622953802347,0.005827622953802347,1.0,1.0,276,276
277,t2_b0,24,33,-0.0567898204412406,0.07223273813724518,0.008323409594595432,0.008323409594595432,0.9333333333333333,1.0,276,276
277,t2_b0,20,21,0.2736360233873337,0.08712033182382584,0.0173940509557724,0.0173940509557724,0.925,1.0,276,276
278,t2_b0,16,17,0.03150375195443049,0.024344146251678467,2.5629975425545126e-05,2.5629975425545126e-05,0.9500000000000001,1.0,277,277
278,t2_b0,37,35,0.09043319971746391,0.1539243906736374,0.0020155655220150948,0.0020155655220150948,0.925,1.0,277,277
278,t2_b0,36,22,0.0,0.12272407114505768,0.007530598901212215,0.007530598901212215,0.02,1.0,277,277
278,t2_b0,0,5,0.07111791392635249,0.052338942885398865,0.00017632490198593587,0.00017632490198593587,0.9333333333333333,1.0,277,277
278,t2_b0,21,39,0.07709358869695516,0.08554130792617798,3.5682001907844096e-05,3.5682001907844096e-05,0.925,1.0,277,277
278,t2_b0,6,1,0.3669269299997628,0.12391548603773117,0.02952728047966957,0.02952728047966957,0.9142857142857143,1.0,277,277
279,t2_b0,32,37,-0.014025910613990018,0.14823518693447113,0.013164332136511803,0.013164332136511803,0.9333333333333333,1.0,278,278
279,t2_b0,17,15,-1.0,0.05433385446667671,0.5543338060379028,0.5543338060379028,0.92,1.0,278,278
279,t2_b0,39,21,-0.06352328679963187,0.08437342196702957,0.010936718434095383,0.010936718434095383,0.025,1.0,278,278
279,t2_b0,27,2,0.8459976628054476,0.08383362740278244,0.29044702649116516,0.29044702649116516,1.0,1.0,278,278
279,t2_b0,1,22,0.3192812871097906,0.10166186839342117,0.023679105564951897,0.023679105564951897,0.9166666666666667,1.0,278,278
280,t2_b0,33,5,0.05187482975987517,0.07031659781932831,0.00017004937399178743,0.00017004937399178743,1.0,1.0,279,279
280,t2_b0,2,20,0.0,0.06718137860298157,0.00225666887126863,0.00225666887126863,0.9500000000000001,1.0,279,279
280,t2_b0,37,14,-0.02574075539062283,0.13961978256702423,0.013672053813934326,0.013672053813934326,0.925,1.0,279,279
280,t2_b0,12,32,-0.2772474369655529,0.14664894342422485,0.08984407037496567,0.08984407037496567,0.9500000000000001,1.0,279,279
280,t2_b0,7,22,0.032983350790651615,0.12374842911958694,0.004119149409234524,0.004119149409234524,0.92,1.0,279,279
280,t2_b0,19,1,-0.25428800746963753,0.1273106187582016,0.07280876487493515,0.07280876487493515,0.9500000000000001,1.0,279,279
280,t2_b0,38,17,0.3028515366645964,0.05436669662594795,0.03087235614657402,0.03087235614657402,0.025,1.0,279,279
280,t2_b0,10,26,0.9723008033157622,0.08414225280284882,0.3944128155708313,0.3944128155708313,0.925,1.0,279,279
281,t2_b0,24,15,0.002695937096891943,0.059297751635313034,0.0016018827445805073,0.0016018827445805073,0.925,1.0,280,280
281,t2_b0,26,10,0.0023717520399347985,0.08401663601398468,0.00333294365555048,0.00333294365555048,0.03333333333333333,1.0,280,280
281,t2_b0,14,37,-0.26242839314468364,0.1336449831724167,0.07843706756830215,0.07843706756830215,0.9333333333333333,1.0,280,280
281,t2_b0,19,1,-0.04443058766927701,0.12568765878677368,0.014470107853412628,0.014470107853412628,0.925,1.0,280,280
281,t2_b0,4,7,0.03965382004056817,0.12285807728767395,0.0034614740870893,0.0034614740870893,0.9166666666666667,1.0,280,280
282,t2_b0,10,26,0.2896630708559216,0.08296383917331696,0.021362287923693657,0.021362287923693657,0.925,1.0,281,281
282,t2_b0,35,14,-0.24727025062250732,0.12979716062545776,0.07108991593122482,0.07108991593122482,0.9500000000000001,1.0,281,281
282,t2_b0,39,33,-0.09490464839094015,0.08234269917011261,0.015708310529589653,0.015708310529589653,0.92,1.0,281,281
282,t2_b0,29,11,-0.058495990508329335,0.12388239055871964,0.016630936414003372,0.016630936414003372,0.92,1.0,281,281
282,t2_b0,3,32,-0.07075771397335646,0.09663496911525726,0.014010155573487282,0.014010155573487282,0.9333333333333333,1.0,281,281
282,t2_b0,20,21,-0.0018323747873596515,0.08233606815338135,0.0035421631764620543,0.0035421631764620543,0.92,1.0,281,281
282,t2_b0,22,19,-0.17195863539387113,0.12459328770637512,0.043971527367830276,0.043971527367830276,0.9142857142857143,1.0,281,281
282,t2_b0,0,5,0.18844460290235082,0.0388484001159668,0.01118951104581356,0.01118951104581356,0.925,1.0,281,281
282,t2_b0,15,17,0.0,0.056450191885232925,0.0015933121321722865,0.0015933121321722865,0.925,1.0,281,281
283,t2_b0,5,0,-0.0003299131335710938,0.05794244259595871,0.0016978336498141289,0.0016978336498141289,1.0,1.0,282,282
283,t2_b0,21,20,0.1671916869086194,0.0780581682920456,0.003972392063587904,0.003972392063587904,0.92,1.0,282,282
283,t2_b0,6,22,0.03716098225523169,0.12389406561851501,0.003761314321309328,0.003761314321309328,0.9166666666666667,1.0,282,282
283,t2_b0,26,10,0.038772825687697104,0.0841161385178566,0.001028008060529828,0.001028008060529828,1.0,1.0,282,282
283,t2_b0,18,14,-1.0,0.12577489018440247,0.6257748603820801,0.6257748603820801,0.9333333333333333,1.0,282,282
283,t2_b0,30,38,0.14867943552093232,0.04744735732674599,0.005123967304825783,0.005123967304825783,1.0,1.0,282,282
283,t2_b0,36,29,-0.011832515887771821,0.12295517325401306,0.009083861485123634,0.009083861485123634,0.9166666666666667,1.0,282,282
284,t2_b0,7,29,0.33232269068585507,0.12317945808172226,0.02187044359743595,0.02187044359743595,1.0,1.0,283,283
284,t2_b0,23,3,0.9652069036124454,0.11763395369052887,0.3591899871826172,0.3591899871826172,0.9333333333333333,1.0,283,283
284,t2_b0,27,33,-0.554445569969823,0.07888571172952652,0.2005542665719986,0.2005542665719986,0.925,1.0,283,283
284,t2_b0,37,35,-0.0010367428321875949,0.11864473670721054,0.007161828223615885,0.007161828223615885,0.925,1.0,283,283
284,t2_b0,1,6,-0.008467307570302679,0.10315469652414322,0.006229735910892487,0.006229735910892487,0.9500000000000001,1.0,283,283
284,t2_b0,17,15,-0.3977006261011984,0.05765831843018532,0.10367588698863983,0.10367588698863983,0.92,1.0,283,283
284,t2_b0,22,11,0.1470684567294839,0.12360364943742752,0.0002752985747065395,0.0002752985747065395,0.9166666666666667,1.0,283,283
285,t2_b0,11,19,-0.17459975717504667,0.12211410701274872,0.044019557535648346,0.044019557535648346,0.92,1.0,284,284
285,t2_b0,18,12,0.30395755153400483,0.1216285452246666,0.01662193238735199,0.01662193238735199,0.05,1.0,284,284
285,t2_b0,23,3,0.5027111713341555,0.11918659508228302,0.07354556024074554,0.07354556024074554,0.9500000000000001,1.0,284,284
285,t2_b0,33,39,-0.00994968323791357,0.07836782932281494,0.003899991512298584,0.003899991512298584,0.9333333333333333,1.0,284,284
286,t2_b0,12,3,-0.13089916972162405,0.12016060203313828,0.03151550516486168,0.03151550516486168,0.9500000000000001,1.0,285,285
286,t2_b0,29,36,0.4011724728857673,0.1218516156077385,0.03901006653904915,0.03901006653904915,1.0,1.0,285,285
286,t2_b0,39,27,0.2693841268621034,0.07859598845243454,0.01820005290210247,0.01820005290210247,0.925,1.0,285,285
286,t2_b0,4,11,0.09758530808612606,0.11995391547679901,0.0002501773415133357,0.0002501773415133357,0.9333333333333333,1.0,285,285
287,t2_b0,3,14,0.25426970143909206,0.10238534212112427,0.011534427292644978,0.011534427292644978,0.925,1.0,286,286
287,t2_b0,15,35,0.03038473859092577,0.07250398397445679,0.0008870154269970953,0.0008870154269970953,0.925,1.0,286,286
287,t2_b0,10,39,-0.004775347175518775,0.07694605737924576,0.0033391937613487244,0.0033391937613487244,0.9500000000000001,1.0,286,286
287,t2_b0,20,21,0.010041744472433235,0.07712997496128082,0.0022504155058413744,0.0022504155058413744,0.9333333333333333,1.0,286,286
287,t2_b0,30,12,0.9331342124582228,0.09970495849847794,0.3473021388053894,0.3473021388053894,1.0,1.0,286,286
287,t2_b0,0,17,0.0,0.046018894761800766,0.0010588692966848612,0.0010588692966848612,0.05,1.0,286,286
288,t2_b0,6,18,-0.6152102025470774,0.1199609562754631,0.27023831009864807,0.27023831009864807,0.05,1.0,287,287
288,t2_b0,13,23,0.9363501054991379,0.1192091628909111,0.3338596522808075,0.3338596522808075,1.0,1.0,287,287
288,t2_b0,35,15,0.05017801293249862,0.07451923191547394,0.0002962474536616355,0.0002962474536616355,0.9500000000000001,1.0,287,287
288,t2_b0,21,39,0.0,0.0808640569448471,0.0032694977708160877,0.0032694977708160877,0.9333333333333333,1.0,287,287
288,t2_b0,11,22,0.07353162097746818,0.12340536713600159,0.0012436952674761415,0.0012436952674761415,0.9500000000000001,1.0,287,287
289,t2_b0,14,3,0.27344966682899874,0.1268722116947174,0.010742474347352982,0.010742474347352982,0.9333333333333333,1.0,288,288
289,t2_b0,12,30,-0.004950000020039204,0.12856760621070862,0.008913476020097733,0.008913476020097733,1.0,1.0,288,288
289,t2_b0,27,10,0.05654810490594349,0.0730329379439354,0.00013587488501798362,0.00013587488501798362,0.9333333333333333,1.0,288,288
289,t2_b0,24,38,0.0,0.06523212790489197,0.0021276152692735195,0.0021276152692735195,1.0,1.0,285,285
289,t2_b0,37,15,0.11301370431831165,0.07554943114519119,0.0007017859607003629,0.0007017859607003629,0.9500000000000001,1.0,288,288
289,t2_b0,1,21,0.025802286938409726,0.09199628233909607,0.00219082273542881,0.00219082273542881,1.0,1.0,288,288
289,t2_b0,5,17,0.0,0.06545751541852951,0.0021423432044684887,0.0021423432044684887,0.9500000000000001,1.0,288,288
289,t2_b0,22,11,0.0025977848837467005,0.11584409326314926,0.0064123631455004215,0.0064123631455004215,0.925,1.0,288,288
290,t2_b0,18,6,-0.5628793322615125,0.11522135138511658,0.22991028428077698,0.22991028428077698,0.925,1.0,289,289
290,t2_b0,7,11,0.9456849737645494,0.11435876786708832,0.34555160999298096,0.34555160999298096,0.9333333333333333,1.0,289,289
290,t2_b0,38,24,0.928357760006861,0.04233872890472412,0.3925148844718933,0.3925148844718933,1.0,1.0,286,286
290,t2_b0,17,15,-0.12729056594316127,0.06411590427160263,0.018318215385079384,0.018318215385079384,0.9500000000000001,1.0,289,289
290,t2_b0,13,9,0.4847047733717747,0.13036085665225983,0.06277979910373688,0.06277979910373688,0.05,1.0,289,289
290,t2_b0,23,3,-0.0502896020793709,0.12619279325008392,0.015573017299175262,0.015573017299175262,0.925,1.0,289,289
290,t2_b0,29,5,0.35922769199049975,0.045228417962789536,0.049297768622636795,0.049297768622636795,1.0,1.0,289,289
291,t2_b0,3,37,0.0005562070937503618,0.08904913812875748,0.003915499430149794,0.003915499430149794,0.025,1.0,290,290
291,t2_b0,4,11,0.1629714283991184,0.11005966365337372,0.001399827073328197,0.001399827073328197,0.925,1.0,290,290
291,t2_b0,39,27,0.06945606840997975,0.10632606595754623,0.0006796982488594949,0.0006796982488594949,0.9333333333333333,1.0,290,290
291,t2_b0,29,5,-1.0,0.05176838859915733,0.55176842212677,0.55176842212677,0.9500000000000001,1.0,290,290
291,t2_b0,9,13,0.9482543414711205,0.17925330996513367,0.29568126797676086,0.29568126797676086,0.9500000000000001,1.0,290,290
292,t2_b0,15,17,-0.004549972827157113,0.08370143920183182,0.0038941558450460434,0.0038941558450460434,0.9333333333333333,1.0,291,291
292,t2_b0,20,29,0.9908492290152963,0.025452159345149994,0.46599578857421875,0.46599578857421875,1.0,1.0,291,291
292,t2_b0,28,18,0.9664108726519612,0.11412595212459564,0.3631947934627533,0.3631947934627533,0.03333333333333333,1.0,291,291
292,t2_b0,33,9,0.7782247314631761,0.23209337890148163,0.1491297036409378,0.1491297036409378,1.0,1.0,291,291
292,t2_b0,30,14,0.09683846141354537,0.12099691480398178,0.00029181549325585365,0.00029181549325585365,0.9333333333333333,1.0,291,291
292,t2_b0,35,3,0.29668579416035956,0.09890352189540863,0.01955891214311123,0.01955891214311123,0.9333333333333333,1.0,291,291
292,t2_b0,10,27,-0.16071528818898054,0.10618402063846588,0.03561761602759361,0.03561761602759361,0.9333333333333333,1.0,291,291
293,t2_b0,31,4,0.9135515921505805,0.11663129925727844,0.3175409734249115,0.3175409734249115,0.9333333333333333,1.0,292,292
293,t2_b0,11,21,-0.17348559300852842,0.11322174966335297,0.041100550442934036,0.041100550442934036,0.92,1.0,292,292
293,t2_b0,6,22,0.04415095854063114,0.11207067966461182,0.0023065439891070127,0.0023065439891070127,1.0,1.0,292,292
293,t2_b0,26,39,0.6615938105728484,0.10582093894481659,0.1544417291879654,0.1544417291879654,1.0,1.0,292,292
293,t2_b0,1,27,0.075705001003321,0.08281178772449493,2.5253220883314498e-05,2.5253220883314498e-05,0.9500000000000001,1.0,292,292
293,t2_b0,14,3,0.19260339261016463,0.11295630782842636,0.0031718292739242315,0.0031718292739242315,0.925,1.0,292,292
294,t2_b0,27,1,-0.3935415097784356,0.1054326742887497,0.12448763102293015,0.12448763102293015,1.0,1.0,293,293
294,t2_b0,22,6,0.0,0.10765469819307327,0.005794766824692488,0.005794766824692488,1.0,1.0,293,293
294,t2_b0,37,3,0.42117974683919457,0.10375796258449554,0.05037829652428627,0.05037829652428627,0.925,1.0,293,293
294,t2_b0,12,30,0.8873512026932715,0.12028207629919052,0.29419755935668945,0.29419755935668945,1.0,1.0,293,293
294,t2_b0,21,11,0.004955546092898331,0.10673082619905472,0.005179103929549456,0.005179103929549456,0.925,1.0,293,293
294,t2_b0,17,15,0.11467034349855762,0.09204385429620743,0.00025597901549190283,0.00025597901549190283,0.9333333333333333,1.0,293,293
295,t2_b0,13,14,-1.0,0.10750079154968262,0.6075007915496826,0.6075007915496826,0.9500000000000001,1.0,294,294
295,t2_b0,28,11,0.0,0.1067250445485115,0.005695117637515068,0.005695117637515068,0.92,1.0,294,294
295,t2_b0,24,32,0.7643400587697888,0.1006617620587349,0.2202344387769699,0.2202344387769699,1.0,1.0,1,294
295,t2_b0,23,3,0.07569238235514456,0.10506915301084518,0.0004314972320571542,0.0004314972320571542,0.925,1.0,294,294
295,t2_b0,33,9,0.0,0.19962823390960693,0.019925715401768684,0.019925715401768684,1.0,1.0,294,294
295,t2_b0,38,15,0.18779202873208772,0.09385307133197784,0.004412264097481966,0.004412264097481966,0.9333333333333333,1.0,294,294
296,t2_b0,36,31,0.9221323146747085,0.10963485389947891,0.33007603883743286,0.33007603883743286,1.0,1.0,295,295
296,t2_b0,39,26,0.031083573153769594,0.11087958514690399,0.0031837020069360733,0.0031837020069360733,1.0,1.0,295,295
296,t2_b0,29,17,-0.22014766958627285,0.09567909687757492,0.04987327381968498,0.04987327381968498,0.925,1.0,295,295
296,t2_b0,4,11,0.040959671378824246,0.10877126455307007,0.0022992060985416174,0.0022992060985416174,0.92,1.0,295,295
296,t2_b0,24,32,0.0,0.15744668245315552,0.012394729070365429,0.012394729070365429,1.0,1.0,295,295
296,t2_b0,3,35,0.07262445688492904,0.0862368494272232,9.264857362722978e-05,9.264857362722978e-05,0.92,1.0,295,295
296,t2_b0,9,14,0.13938142889357732,0.11872625350952148,0.0002133180241798982,0.0002133180241798982,0.925,1.0,295,295
297,t2_b0,32,24,0.5508845825465426,0.10769674926996231,0.0982077419757843,0.0982077419757843,0.9333333333333333,1.0,296,296
297,t2_b0,34,33,0.9734270744694178,0.18500027060508728,0.31080836057662964,0.31080836057662964,1.0,1.0,296,296
297,t2_b0,20,17,0.052213889957682384,0.09054791927337646,0.0007347489590756595,0.0007347489590756595,0.925,1.0,296,296
297,t2_b0,30,14,-0.11821831858893647,0.11655692756175995,0.027559708803892136,0.027559708803892136,0.925,1.0,296,296
297,t2_b0,10,21,0.12180815551489844,0.11007826775312424,6.879514694446698e-05,6.879514694446698e-05,0.9333333333333333,1.0,296,296
297,t2_b0,35,15,0.20132984647735214,0.10553281754255295,0.00458853505551815,0.00458853505551815,0.02,1.0,296,296
298,t2_b0,21,10,-0.0005276824824983718,0.11226002126932144,0.006360532715916634,0.006360532715916634,0.92,1.0,297,297
298,t2_b0,36,11,0.009102102771497311,0.11177615076303482,0.0052709802985191345,0.0052709802985191345,0.9333333333333333,1.0,297,297
298,t2_b0,31,28,0.0,0.1113201230764389,0.006196084897965193,0.006196084897965193,0.925,1.0,297,297
298,t2_b0,15,3,0.18171639076950089,0.10981739312410355,0.0025847333017736673,0.0025847333017736673,0.92,1.0,297,297
298,t2_b0,26,39,0.0,0.10489791631698608,0.00550178624689579,0.00550178624689579,1.0,1.0,297,297
298,t2_b0,1,32,0.0,0.08440901339054108,0.003562440862879157,0.003562440862879157,0.9333333333333333,1.0,297,297
298,t2_b0,18,17,0.9620656167181972,0.10032711923122406,0.37129661440849304,0.37129661440849304,0.9333333333333333,1.0,297,297
299,t2_b0,12,30,0.08226386077904624,0.1173306480050087,0.0006148398970253766,0.0006148398970253766,0.9500000000000001,1.0,298,298
299,t2_b0,25,34,0.974972807520872,0.15622402727603912,0.3351747691631317,0.3351747691631317,1.0,1.0,298,298
299,t2_b0,37,3,0.30401811317594174,0.1113416850566864,0.01856210269033909,0.01856210269033909,0.925,1.0,298,298
299,t2_b0,17,15,0.004959710063029895,0.108193539083004,0.005328611936420202,0.005328611936420202,0.92,1.0,298,298
299,t2_b0,7,21,-0.3970876260524209,0.10729397088289261,0.1272003948688507,0.1272003948688507,0.925,1.0,298,298
299,t2_b0,2,27,-0.051744066756547386,0.059766147285699844,0.006217264104634523,0.006217264104634523,1.0,1.0,298,298
299,t2_b0,32,24,0.0,0.10646139085292816,0.005667014047503471,0.005667014047503471,0.9333333333333333,1.0,298,298
300,t2_b0,23,3,0.16200121080977004,0.11236593127250671,0.001231830334290862,0.001231830334290862,0.92,1.0,299,299
300,t2_b0,27,1,-0.010474936022524807,0.08997359871864319,0.005044953897595406,0.005044953897595406,0.925,1.0,299,299
300,t2_b0,11,38,0.9641541664939112,0.1079702228307724,0.36652547121047974,0.36652547121047974,1.0,1.0,299,299
300,t2_b0,33,14,-0.47603371941778583,0.1139967069029808,0.17406795918941498,0.17406795918941498,0.92,1.0,299,299
300,t2_b0,13,10,0.021180427783814144,0.11052856594324112,0.003991544712334871,0.003991544712334871,0.925,1.0,299,299
300,t2_b0,28,21,-0.44375812373603873,0.11241111159324646,0.1546621322631836,0.1546621322631836,0.9166666666666667,1.0,299,299
300,t2_b0,18,17,0.23952407405495346,0.09830142557621002,0.00997191946953535,0.00997191946953535,0.9333333333333333,1.0,299,299
301,t2_b0,29,18,-0.002992835349186422,0.10697478801012039,0.00604643952101469,0.00604643952101469,0.03333333333333333,1.0,300,300
301,t2_b0,4,13,-0.015974816686242857,0.11118406802415848,0.008084690198302269,0.008084690198302269,0.9142857142857143,1.0,300,300
301,t2_b0,6,8,0.0,0.10058985650539398,0.005059159826487303,0.005059159826487303,0.9500000000000001,1.0,1,300
301,t2_b0,38,11,0.2699938014986537,0.12546230852603912,0.01044467743486166,0.01044467743486166,1.0,1.0,300,300
301,t2_b0,22,32,0.7990150895921158,0.10636983811855316,0.23987872898578644,0.23987872898578644,1.0,1.0,300,300
301,t2_b0,34,12,0.30679002742432415,0.11480773240327835,0.018428601324558258,0.018428601324558258,0.016666666666666666,1.0,300,300
301,t2_b0,3,37,0.01175291032821408,0.0924396738409996,0.0032551768235862255,0.0032551768235862255,0.02,1.0,300,300
301,t2_b0,9,33,0.07008510649623416,0.10507316142320633,0.0006120819598436356,0.0006120819598436356,1.0,1.0,300,300
302,t2_b0,35,3,0.22811224051839052,0.1139233186841011,0.006519554182887077,0.006519554182887077,0.92,1.0,301,301
302,t2_b0,20,17,-0.15457511955314238,0.10027065873146057,0.03247319161891937,0.03247319161891937,0.9333333333333333,1.0,301,301
302,t2_b0,24,1,0.5411806939489068,0.08947466313838959,0.10201915353536606,0.10201915353536606,0.03333333333333333,1.0,301,301
302,t2_b0,25,14,0.14962508750567663,0.11523538827896118,0.000591325864661485,0.000591325864661485,0.9166666666666667,1.0,301,301
302,t2_b0,8,6,0.4985083783297505,0.08027828484773636,0.08745820075273514,0.08745820075273514,0.9500000000000001,1.0,301,301
302,t2_b0,10,13,0.40360227899997664,0.11175768077373505,0.042586635798215866,0.042586635798215866,0.92,1.0,301,301
302,t2_b0,15,11,0.2647860375885287,0.11038064956665039,0.011920511722564697,0.011920511722564697,0.02,1.0,301,301
303,t2_b0,6,39,0.0,0.08990085870027542,0.004041082225739956,0.004041082225739956,0.9500000000000001,1.0,302,302
303,t2_b0,11,15,0.3746228828285079,0.11774143576622009,0.03299403935670853,0.03299403935670853,0.92,1.0,302,302
303,t2_b0,21,13,0.19662892260443013,0.11475132405757904,0.0033519710414111614,0.0033519710414111614,0.9142857142857143,1.0,302,302
303,t2_b0,1,27,0.020474022965332142,0.06532393395900726,0.0010057572508230805,0.0010057572508230805,0.9333333333333333,1.0,302,302
303,t2_b0,36,4,-0.03275969141275165,0.11237162351608276,0.010531550273299217,0.010531550273299217,0.9333333333333333,1.0,302,302
303,t2_b0,30,14,-0.15013577737767766,0.11808034032583237,0.03596993908286095,0.03596993908286095,0.92,1.0,302,302
304,t2_b0,7,21,0.011912730614488316,0.1131121963262558,0.005120665766298771,0.005120665766298771,0.9166666666666667,1.0,303,303
304,t2_b0,12,30,0.25090899597840255,0.12106984853744507,0.008429102599620819,0.008429102599620819,0.9333333333333333,1.0,303,303
304,t2_b0,14,3,0.03563594300639017,0.1183043122291565,0.0034170292783528566,0.0034170292783528566,0.92,1.0,303,303
304,t2_b0,17,15,0.16469137596361472,0.11399522423744202,0.001285049831494689,0.001285049831494689,0.92,1.0,303,303
304,t2_b0,22,1,0.6503406464798825,0.09032048285007477,0.15681128203868866,0.15681128203868866,0.9333333333333333,1.0,303,303
304,t2_b0,2,27,-0.05918509902676469,0.06753276288509369,0.008028708398342133,0.008028708398342133,0.9500000000000001,1.0,303,303
304,t2_b0,37,35,0.0,0.11453647911548615,0.006559302564710379,0.006559302564710379,0.025,1.0,303,303
304,t2_b0,26,24,-0.09466554216694219,0.09878663718700409,0.018711872398853302,0.018711872398853302,0.9500000000000001,1.0,303,303
304,t2_b0,39,6,0.9013275646554618,0.035796284675598145,0.37457218766212463,0.37457218766212463,1.0,1.0,303,303
305,t2_b0,28,21,0.19154795701988156,0.11443112045526505,0.0029735034331679344,0.0029735034331679344,0.9142857142857143,1.0,304,304
305,t2_b0,18,17,-0.48901390740935485,0.10557400435209274,0.17676739394664764,0.17676739394664764,0.9333333333333333,1.0,304,304
305,t2_b0,8,14,0.7123225741190141,0.11182928085327148,0.18029610812664032,0.18029610812664032,0.9166666666666667,1.0,304,304
305,t2_b0,27,1,-0.06809034461534651,0.08568167686462402,0.011822918429970741,0.011822918429970741,0.9333333333333333,1.0,304,304
305,t2_b0,13,4,0.11303755524525426,0.1142953485250473,7.91020511314855e-07,7.91020511314855e-07,0.9333333333333333,1.0,304,304
305,t2_b0,32,15,0.978375852222467,0.11569105833768845,0.372112512588501,0.372112512588501,1.0,1.0,304,304
305,t2_b0,3,35,-0.04002769842500304,0.09579877555370331,0.009224414825439453,0.009224414825439453,0.9166666666666667,1.0,304,304
305,t2_b0,38,26,0.9551223755918954,0.10743030905723572,0.35929086804389954,0.35929086804389954,1.0,1.0,304,304
306,t2_b0,29,20,0.0,0.11245410889387131,0.006322963163256645,0.006322963163256645,0.025,1.0,305,305
306,t2_b0,39,6,0.0781281170885112,0.07874642312526703,1.911528784148686e-07,1.911528784148686e-07,1.0,1.0,305,305
306,t2_b0,4,21,0.37266311266181723,0.11442481726408005,0.03334350511431694,0.03334350511431694,0.9125,1.0,305,305
306,t2_b0,23,3,-0.0125151695739332,0.11820469796657562,0.00854384247213602,0.00854384247213602,0.9166666666666667,1.0,305,305
306,t2_b0,24,26,0.005029144672743626,0.10952053964138031,0.005459226202219725,0.005459226202219725,0.9333333333333333,1.0,305,305
307,t2_b0,31,7,-0.11563410725736878,0.11675717681646347,0.027002854272723198,0.027002854272723198,0.0125,1.0,306,306
307,t2_b0,35,3,0.4110169283319383,0.1180042177438736,0.04292823374271393,0.04292823374271393,0.92,1.0,306,306
307,t2_b0,33,21,-0.11529293138192764,0.11711449176073074,0.0270066037774086,0.0270066037774086,0.9166666666666667,1.0,306,306
307,t2_b0,30,14,0.24146813284937138,0.11471094191074371,0.008033692836761475,0.008033692836761475,0.925,1.0,306,306
307,t2_b0,20,17,-0.17224247915883667,0.1051424890756607,0.03847121074795723,0.03847121074795723,0.925,1.0,306,306
308,t2_b0,6,14,0.2130626591222046,0.11493805795907974,0.004814218729734421,0.004814218729734421,0.92,1.0,307,307
308,t2_b0,25,3,0.02893532086236715,0.11819584667682648,0.003983720671385527,0.003983720671385527,0.9166666666666667,1.0,307,307
308,t2_b0,13,18,0.9361608761160662,0.10694321990013123,0.34380096197128296,0.34380096197128296,0.9333333333333333,1.0,307,307
308,t2_b0,1,27,0.0,0.058778032660484314,0.0017274285200983286,0.0017274285200983286,1.0,1.0,307,307
308,t2_b0,26,38,0.005004785855855543,0.11856094002723694,0.006447500083595514,0.006447500083595514,0.9500000000000001,1.0,307,307
308,t2_b0,36,33,-0.18140867817431297,0.1160605251789093,0.044243961572647095,0.044243961572647095,0.92,1.0,307,307
308,t2_b0,10,21,0.08561533652039482,0.11453217267990112,0.0004180916876066476,0.0004180916876066476,0.9166666666666667,1.0,307,307
309,t2_b0,31,33,-0.7467156806394363,0.11825791001319885,0.37408962845802307,0.37408962845802307,0.9125,1.0,308,308
309,t2_b0,17,15,0.07063397526565304,0.11311321705579758,0.0009022429003380239,0.0009022429003380239,0.9166666666666667,1.0,308,308
309,t2_b0,2,27,-0.09579131760047917,0.05233529582619667,0.010970747098326683,0.010970747098326683,1.0,1.0,308,308
309,t2_b0,12,30,0.0,0.1167277842760086,0.006812687963247299,0.006812687963247299,0.9500000000000001,1.0,308,308
309,t2_b0,37,3,0.13996515335514995,0.12308790534734726,0.00014242064207792282,0.00014242064207792282,0.92,1.0,308,308
309,t2_b0,16,8,0.9670061761135316,0.10947126150131226,0.3676830530166626,0.3676830530166626,0.03333333333333333,1.0,308,308
309,t2_b0,21,4,-0.048718419126924345,0.11744937300682068,0.013805868104100227,0.013805868104100227,0.9142857142857143,1.0,308,308
309,t2_b0,11,1,0.18113360788451704,0.08784745633602142,0.004351153504103422,0.004351153504103422,0.925,1.0,308,308
309,t2_b0,32,24,-0.09391064560870416,0.11562550067901611,0.02195269614458084,0.02195269614458084,0.025,1.0,308,308
310,t2_b0,9,33,0.0749781867161983,0.11335567384958267,0.0007364157354459167,0.0007364157354459167,0.9333333333333333,1.0,309,309
310,t2_b0,27,1,0.06076992901177424,0.07716573029756546,0.00013441112241707742,0.00013441112241707742,0.9333333333333333,1.0,309,309
310,t2_b0,7,4,0.023820709991819098,0.11211533844470978,0.0038979705423116684,0.0038979705423116684,0.925,1.0,309,309
310,t2_b0,13,18,0.36192369711925165,0.11130055785179138,0.0314059779047966,0.0314059779047966,0.9333333333333333,1.0,309,309
310,t2_b0,28,21,-0.014023815784985495,0.1136898472905159,0.008155390620231628,0.008155390620231628,0.9142857142857143,1.0,309,309
310,t2_b0,8,14,0.18860443273942917,0.11900544166564941,0.0024220095947384834,0.0024220095947384834,0.9125,1.0,309,309
310,t2_b0,23,3,0.35384811252254766,0.12241873890161514,0.0267797764390707,0.0267797764390707,0.9166666666666667,1.0,309,309
310,t2_b0,38,26,-0.0812649211492474,0.12579673528671265,0.0214372631162405,0.0214372631162405,0.9500000000000001,1.0,309,309
311,t2_b0,4,31,0.10137096920104248,0.11286210268735886,6.602308712899685e-05,6.602308712899685e-05,0.9166666666666667,1.0,310,310
311,t2_b0,3,37,0.23705330246973386,0.099039725959301,0.009523873217403889,0.009523873217403889,0.9142857142857143,1.0,310,310
311,t2_b0,29,17,-0.40916185586943504,0.11390607804059982,0.13680003583431244,0.13680003583431244,0.925,1.0,310,310
311,t2_b0,39,6,0.40080144341150753,0.13250650465488434,0.035991083830595016,0.035991083830595016,0.9333333333333333,1.0,310,310
311,t2_b0,9,36,-0.022472912363174186,0.12326133996248245,0.010619236156344414,0.010619236156344414,1.0,1.0,310,310
312,t2_b0,35,3,0.049519608441641653,0.12422442436218262,0.0027904044836759567,0.0027904044836759567,0.92,1.0,311,311
312,t2_b0,20,17,-0.23116206240039114,0.10539789497852325,0.056636299937963486,0.056636299937963486,0.925,1.0,311,311
312,t2_b0,22,4,0.011009558132924762,0.11589273065328598,0.005500239785760641,0.005500239785760641,0.9333333333333333,1.0,311,311
312,t2_b0,10,21,0.2654501952382163,0.11527960747480392,0.01127560343593359,0.01127560343593359,0.02,1.0,311,311
312,t2_b0,5,31,0.9824031222458971,0.12341803312301636,0.36892765760421753,0.36892765760421753,0.9333333333333333,1.0,311,311
312,t2_b0,33,12,0.9879015605179767,0.13083404302597046,0.36728236079216003,0.36728236079216003,1.0,1.0,311,311
312,t2_b0,30,14,0.28341874612350887,0.12163379788398743,0.01308718416839838,0.01308718416839838,0.925,1.0,311,311
313,t2_b0,11,1,0.38215979720524523,0.08204110711812973,0.04503561183810234,0.04503561183810234,0.9500000000000001,1.0,312,312
313,t2_b0,21,4,0.39203047399538005,0.11977784335613251,0.03706074506044388,0.03706074506044388,0.9142857142857143,1.0,312,312
313,t2_b0,16,39,0.03925911592115224,0.12970894575119019,0.00409058528020978,0.00409058528020978,0.03333333333333333,1.0,312,312
313,t2_b0,26,32,-0.02653047634243638,0.13204973936080933,0.012573841959238052,0.012573841959238052,0.9500000000000001,1.0,312,312
313,t2_b0,6,14,0.3274647585470341,0.12456965446472168,0.02058321237564087,0.02058321237564087,0.9166666666666667,1.0,312,312
313,t2_b0,18,20,0.0,0.10574350506067276,0.0055908444337546825,0.0055908444337546825,0.925,1.0,312,312
313,t2_b0,25,3,0.2255577384753926,0.12550660967826843,0.005005114711821079,0.005005114711821079,0.9142857142857143,1.0,312,312
314,t2_b0,32,1,0.5037397777328965,0.07827457785606384,0.09051031619310379,0.09051031619310379,0.9333333333333333,1.0,313,313
314,t2_b0,22,11,-0.05430815134840743,0.1209331676363945,0.015354759991168976,0.015354759991168976,0.92,1.0,313,313
314,t2_b0,24,3,-0.08047826822701667,0.12913021445274353,0.02196785807609558,0.02196785807609558,0.9166666666666667,1.0,313,313
314,t2_b0,2,27,-0.03176028723354053,0.04194536805152893,0.002716262126341462,0.002716262126341462,0.9500000000000001,1.0,313,313
314,t2_b0,12,30,0.04656181537560581,0.1275123506784439,0.00327649456448853,0.00327649456448853,0.9333333333333333,1.0,313,313
314,t2_b0,31,21,0.07604954467229656,0.11956946551799774,0.0009469917858950794,0.0009469917858950794,0.9166666666666667,1.0,313,313
314,t2_b0,34,15,0.969504511402251,0.11886776238679886,0.3617914617061615,0.3617914617061615,0.9500000000000001,1.0,313,313
315,t2_b0,13,29,0.16833532579438953,0.10785926878452301,0.0018286763224750757,0.0018286763224750757,0.03333333333333333,1.0,314,314
315,t2_b0,3,37,0.050592669659374645,0.10381808876991272,0.0014164727181196213,0.0014164727181196213,0.9142857142857143,1.0,314,314
315,t2_b0,18,20,0.04996421405809535,0.10990767180919647,0.0017966090235859156,0.0017966090235859156,0.925,1.0,314,314
315,t2_b0,33,30,-0.06890200636812831,0.13255445659160614,0.02029235288500786,0.02029235288500786,0.9500000000000001,1.0,314,314
315,t2_b0,8,14,0.4320694869868622,0.1276719719171524,0.04632892459630966,0.04632892459630966,0.9111111111111111,1.0,314,314
315,t2_b0,17,15,-0.15509701172995416,0.11633969843387604,0.03683893755078316,0.03683893755078316,0.92,1.0,314,314
315,t2_b0,28,21,-0.04523336326017307,0.1185404509305954,0.013410929590463638,0.013410929590463638,0.9166666666666667,1.0,314,314
315,t2_b0,38,26,0.05764853030069487,0.12772776186466217,0.0024555493146181107,0.0024555493146181107,1.0,1.0,314,314
315,t2_b0,1,27,0.0698557970088146,0.06069928780198097,4.192080450593494e-05,4.192080450593494e-05,0.925,1.0,314,314
316,t2_b0,15,35,0.0020297687978840565,0.11854492872953415,0.006787891034036875,0.006787891034036875,0.92,1.0,315,315
316,t2_b0,9,33,0.9873016297057287,0.1390552967786789,0.35976091027259827,0.35976091027259827,0.9500000000000001,1.0,315,315
316,t2_b0,4,1,0.004676108199248792,0.09631373733282089,0.004198727197945118,0.004198727197945118,0.92,1.0,315,315
316,t2_b0,39,30,0.26550631497487653,0.13717962801456451,0.008233871310949326,0.008233871310949326,0.925,1.0,315,315
316,t2_b0,7,21,0.058737801974995806,0.11929970979690552,0.0018338722875341773,0.0018338722875341773,0.925,1.0,315,315
316,t2_b0,23,3,-0.005134367516002982,0.1309049427509308,0.009253348223865032,0.009253348223865032,0.9142857142857143,1.0,315,315
317,t2_b0,37,3,-0.030041219998286496,0.1296796053647995,0.012755370698869228,0.012755370698869228,0.9166666666666667,1.0,316,316
317,t2_b0,10,21,-0.0013858273249693293,0.11469228565692902,0.006737064570188522,0.006737064570188522,0.9142857142857143,1.0,316,316
317,t2_b0,15,35,0.26772325734807206,0.12094548344612122,0.010771858505904675,0.010771858505904675,0.9166666666666667,1.0,316,316
317,t2_b0,30,14,-0.05209379070823655,0.1315121203660965,0.016855565831065178,0.016855565831065178,0.9125,1.0,316,316
317,t2_b0,20,17,-0.32454321209980946,0.11427053064107895,0.09627874940633774,0.09627874940633774,0.92,1.0,316,316
317,t2_b0,27,1,0.138006427622552,0.0781359151005745,0.0017922394908964634,0.0017922394908964634,0.925,1.0,316,316
318,t2_b0,34,15,0.5115002502920425,0.12158418446779251,0.07601726800203323,0.07601726800203323,0.9166666666666667,1.0,317,317
318,t2_b0,25,3,-0.05680435424376956,0.13250833749771118,0.017919648438692093,0.017919648438692093,0.9125,1.0,317,317
318,t2_b0,6,14,0.0216840199390161,0.13217876851558685,0.00610454473644495,0.00610454473644495,0.9125,1.0,317,317
318,t2_b0,36,10,-0.2493431096965614,0.11939498782157898,0.06798389554023743,0.06798389554023743,0.02,1.0,317,317
318,t2_b0,11,4,-0.19327616071266565,0.10524848103523254,0.044558484107255936,0.044558484107255936,0.925,1.0,317,317
318,t2_b0,1,2,-0.0038892289229194073,0.07306817919015884,0.0029612211510539055,0.0029612211510539055,0.92,1.0,317,317
318,t2_b0,16,30,-0.23720890791766683,0.13488787412643433,0.06922800838947296,0.06922800838947296,0.925,1.0,317,317
318,t2_b0,26,35,0.0,0.12337110191583633,0.0076102144084870815,0.0076102144084870815,0.9166666666666667,1.0,317,317
318,t2_b0,31,21,0.23488685867870693,0.11949655413627625,0.006657460704445839,0.006657460704445839,0.92,1.0,317,317
319,t2_b0,7,10,-0.0968513616598562,0.11723852157592773,0.022917238995432854,0.022917238995432854,0.9333333333333333,1.0,318,318
319,t2_b0,12,30,0.0,0.13133428990840912,0.008624347858130932,0.008624347858130932,0.9142857142857143,1.0,318,318
319,t2_b0,35,17,0.17617537701823036,0.12179495394229889,0.0014786148676648736,0.0014786148676648736,0.0125,1.0,318,318
319,t2_b0,32,1,0.0017182982866804995,0.07581913471221924,0.0027454670052975416,0.0027454670052975416,0.92,1.0,318,318
319,t2_b0,5,21,-0.17275895791168996,0.11552756279706955,0.04155455529689789,0.04155455529689789,0.9333333333333333,1.0,318,318
319,t2_b0,22,11,0.3222081287093955,0.11358784139156342,0.02176121436059475,0.02176121436059475,0.92,1.0,318,318
319,t2_b0,37,3,0.5449684648826542,0.13026511669158936,0.08598944544792175,0.08598944544792175,0.9142857142857143,1.0,318,318
320,t2_b0,21,22,0.014379120771680694,0.11809232831001282,0.00537821464240551,0.00537821464240551,0.92,1.0,319,319
320,t2_b0,29,35,-1.0,0.12713772058486938,0.6271376609802246,0.6271376609802246,0.9111111111111111,1.0,319,319
320,t2_b0,28,1,-0.17775009187322696,0.07823747396469116,0.032764822244644165,0.032764822244644165,0.92,1.0,319,319
320,t2_b0,8,12,0.09600828626591866,0.13103865087032318,0.0006135632283985615,0.0006135632283985615,0.01,1.0,319,319
320,t2_b0,23,3,0.2943218873834894,0.13402557373046875,0.012847455218434334,0.012847455218434334,0.9166666666666667,1.0,319,319
320,t2_b0,17,34,-0.009572757611220667,0.12705226242542267,0.009333197958767414,0.009333197958767414,0.014285714285714287,1.0,319,319
320,t2_b0,27,2,-0.10845964297488288,0.07502114772796631,0.01683260127902031,0.01683260127902031,0.9500000000000001,1.0,319,319
320,t2_b0,14,25,0.057756436892037674,0.13081905245780945,0.002669072709977627,0.002669072709977627,0.9111111111111111,1.0,319,319
320,t2_b0,18,13,0.6072577888665147,0.11956730484962463,0.11892100423574448,0.11892100423574448,0.025,1.0,319,319
321,t2_b0,3,37,0.0,0.10782383382320404,0.0058129895478487015,0.0058129895478487015,0.92,1.0,320,320
321,t2_b0,13,15,-1.0,0.1269620656967163,0.6269620656967163,0.6269620656967163,0.9333333333333333,1.0,320,320
321,t2_b0,33,12,0.04911908174835729,0.1325129270553589,0.003477266523987055,0.003477266523987055,0.025,1.0,320,320
321,t2_b0,4,2,-0.2597114883838956,0.07522152364253998,0.05609005317091942,0.05609005317091942,0.9333333333333333,1.0,320,320
321,t2_b0,14,24,0.3212890469586108,0.13138362765312195,0.018032031133770943,0.018032031133770943,0.9111111111111111,1.0,320,320
321,t2_b0,34,35,0.04111955433108875,0.12314914911985397,0.003364427248016,0.003364427248016,0.9125,1.0,320,320
322,t2_b0,38,37,-0.18990875517760852,0.1237933412194252,0.0492045059800148,0.0492045059800148,0.92,1.0,321,321
322,t2_b0,2,4,-0.07776358254188596,0.04402428865432739,0.007416142616420984,0.007416142616420984,0.925,1.0,321,321
322,t2_b0,9,14,-0.6259262867521229,0.13194163143634796,0.28718191385269165,0.28718191385269165,0.9333333333333333,1.0,321,321
322,t2_b0,20,35,-0.7858503448720751,0.12431560456752777,0.4142010509967804,0.4142010509967804,0.9111111111111111,1.0,321,321
322,t2_b0,5,36,-0.03160866380894182,0.11708290129899979,0.011054590344429016,0.011054590344429016,0.9333333333333333,1.0,321,321
322,t2_b0,10,11,-0.020211227390911565,0.11549226939678192,0.00920772086828947,0.00920772086828947,0.9166666666666667,1.0,321,321
322,t2_b0,25,3,0.14444260267767128,0.13449999690055847,4.942770829075016e-05,4.942770829075016e-05,0.9142857142857143,1.0,321,321
322,t2_b0,24,23,-0.030571017112478137,0.13030558824539185,0.012940640561282635,0.012940640561282635,0.9166666666666667,1.0,321,321
322,t2_b0,15,18,0.0,0.12228256464004517,0.007476512808352709,0.007476512808352709,0.9333333333333333,1.0,321,321
323,t2_b0,36,22,0.025893120592032623,0.11989489942789078,0.004418167285621166,0.004418167285621166,0.925,1.0,322,322
323,t2_b0,29,1,-0.5680500919632336,0.10089480131864548,0.22374363243579865,0.22374363243579865,0.92,1.0,322,322
323,t2_b0,31,10,0.1213343125686067,0.11986484378576279,1.079671847037389e-06,1.079671847037389e-06,0.925,1.0,322,322
323,t2_b0,35,3,0.4790735180402247,0.13102267682552338,0.06056969240307808,0.06056969240307808,0.9125,1.0,322,322
323,t2_b0,0,18,-0.025240662924248702,0.05594325065612793,0.0032954136840999126,0.0032954136840999126,0.9500000000000001,1.0,322,322
323,t2_b0,6,14,0.5526622048811216,0.1324390172958374,0.08829376101493835,0.08829376101493835,0.9166666666666667,1.0,322,322
323,t2_b0,11,2,0.20471672746019065,0.06398211419582367,0.009903115220367908,0.009903115220367908,0.9500000000000001,1.0,322,322
324,t2_b0,37,3,-0.018744851173510872,0.1348707228899002,0.011798872612416744,0.011798872612416744,0.9125,1.0,323,323
324,t2_b0,22,11,0.10292014918043821,0.11070937663316727,3.0336008421727456e-05,3.0336008421727456e-05,0.92,1.0,323,323
324,t2_b0,32,4,-0.3456549014693984,0.06246170401573181,0.0832795798778534,0.0832795798778534,0.9500000000000001,1.0,323,323
324,t2_b0,12,14,-0.05281257247451939,0.1349094957113266,0.017619788646697998,0.017619788646697998,0.9142857142857143,1.0,323,323
324,t2_b0,1,29,0.0,0.05578169971704483,0.0015557990409433842,0.0015557990409433842,0.9333333333333333,1.0,323,323
324,t2_b0,21,10,0.0,0.1180787906050682,0.006971300579607487,0.006971300579607487,1.0,1.0,323,323
325,t2_b0,2,11,0.37558616878107154,0.032716333866119385,0.05877986550331116,0.05877986550331116,1.0,1.0,324,324
325,t2_b0,13,0,-0.8111260619628148,0.09707728028297424,0.4124166667461395,0.4124166667461395,0.92,1.0,324,324
325,t2_b0,30,29,0.9503746342975179,0.08660711348056793,0.37304720282554626,0.37304720282554626,1.0,1.0,324,324
325,t2_b0,39,14,0.15621557830196356,0.13509097695350647,0.00022312438522931188,0.00022312438522931188,0.9166666666666667,1.0,324,324
325,t2_b0,28,4,0.25806619609535425,0.06434771418571472,0.018763426691293716,0.018763426691293716,0.9500000000000001,1.0,324,324
325,t2_b0,23,3,0.024421742863063114,0.13594776391983032,0.006219026632606983,0.006219026632606983,0.9166666666666667,1.0,324,324
325,t2_b0,33,24,0.1708810471722352,0.13001714646816254,0.0008349292329512537,0.0008349292329512537,0.92,1.0,324,324
326,t2_b0,14,39,0.15657907151961886,0.1363731473684311,0.00020413979655131698,0.00020413979655131698,0.92,1.0,325,325
326,t2_b0,4,32,0.2366297306377896,0.06262222677469254,0.015139305964112282,0.015139305964112282,0.9500000000000001,1.0,325,325
326,t2_b0,18,3,-0.9603174515911475,0.11806260794401169,0.5783799886703491,0.5783799886703491,0.91,1.0,325,325
326,t2_b0,29,1,-0.10868647512811623,0.08936594426631927,0.019612381234765053,0.019612381234765053,0.9500000000000001,1.0,325,325
326,t2_b0,17,12,0.137807362130672,0.13117021322250366,2.2025920770829543e-05,2.2025920770829543e-05,0.9142857142857143,1.0,325,325
327,t2_b0,7,17,-0.16913285567971406,0.12834858894348145,0.04424760490655899,0.04424760490655899,0.9166666666666667,1.0,326,326
327,t2_b0,16,6,-0.03063237560023837,0.13605792820453644,0.013892828486859798,0.013892828486859798,0.9333333333333333,1.0,326,326
327,t2_b0,5,11,-0.11680735738252863,0.09917490184307098,0.023324167355895042,0.023324167355895042,0.925,1.0,326,326
327,t2_b0,30,1,-0.047333586085444655,0.09396738559007645,0.009982982650399208,0.009982982650399208,0.9500000000000001,1.0,326,326
327,t2_b0,0,13,0.3072900708885925,0.07615555822849274,0.026711583137512207,0.026711583137512207,0.925,1.0,326,326
327,t2_b0,10,21,0.3270978713261939,0.11005376279354095,0.02355406992137432,0.02355406992137432,1.0,1.0,326,326
327,t2_b0,25,3,0.013195884212477022,0.13055801391601562,0.006886934395879507,0.006886934395879507,0.92,1.0,326,326
328,t2_b0,8,17,-0.16877028098656846,0.1273769736289978,0.04385159909725189,0.04385159909725189,0.9111111111111111,1.0,327,327
328,t2_b0,21,10,0.2675187869645565,0.11462301015853882,0.01168855931609869,0.01168855931609869,1.0,1.0,327,327
328,t2_b0,9,7,-0.6423734804032001,0.12616510689258575,0.29532578587532043,0.29532578587532043,0.9166666666666667,1.0,327,327
328,t2_b0,39,6,0.05716700250920958,0.13000880181789398,0.0026529638562351465,0.0026529638562351465,0.9166666666666667,1.0,327,327
328,t2_b0,3,13,-0.25536055888897025,0.09222650527954102,0.06040838733315468,0.06040838733315468,0.9111111111111111,1.0,327,327
328,t2_b0,31,2,-0.07011874610919618,0.07663437724113464,0.010768241249024868,0.010768241249024868,0.92,1.0,327,327
328,t2_b0,14,24,0.9186422163086617,0.12870123982429504,0.31200334429740906,0.31200334429740906,0.05,1.0,327,327
328,t2_b0,1,0,0.0,0.09808477014303207,0.004810310900211334,0.004810310900211334,0.9166666666666667,1.0,327,327
329,t2_b0,24,9,0.10767648996263628,0.12413287162780762,0.00013540622603613883,0.00013540622603613883,0.9500000000000001,1.0,328,328
329,t2_b0,17,20,0.028792377145684892,0.1302402913570404,0.005145839415490627,0.005145839415490627,0.9125,1.0,328,328
329,t2_b0,36,2,0.0728452260436816,0.07355757057666779,2.537159673465794e-07,2.537159673465794e-07,0.925,1.0,328,328
329,t2_b0,37,3,0.0335093093153013,0.11167069524526596,0.0030546013731509447,0.0030546013731509447,0.91,1.0,328,328
329,t2_b0,16,6,0.2633717179585075,0.138534277677536,0.007792191579937935,0.007792191579937935,0.925,1.0,328,328
329,t2_b0,12,18,-0.3586902621166613,0.12487518042325974,0.11691777408123016,0.11691777408123016,0.9111111111111111,1.0,328,328
330,t2_b0,20,18,0.0047129908195739575,0.11953118443489075,0.006591608747839928,0.006591608747839928,0.9111111111111111,1.0,329,329
330,t2_b0,13,3,-0.5361935010092753,0.11075062304735184,0.20926833152770996,0.20926833152770996,0.9125,1.0,329,329
330,t2_b0,4,11,0.932119940013675,0.07390192151069641,0.368269145488739,0.368269145488739,1.0,1.0,329,329
330,t2_b0,23,12,0.47312888031668887,0.10404165834188461,0.06811268627643585,0.06811268627643585,0.0125,1.0,329,329
330,t2_b0,27,14,0.9800876637927081,0.12466759979724884,0.36587172746658325,0.36587172746658325,1.0,1.0,329,329
330,t2_b0,7,10,0.04677453601603942,0.12265589088201523,0.002878990024328232,0.002878990024328232,0.9142857142857143,1.0,329,329
331,t2_b0,33,17,-0.0758105219179264,0.12063539773225784,0.019295498728752136,0.019295498728752136,0.9142857142857143,1.0,330,330
331,t2_b0,2,31,0.08051340374046967,0.03997889906167984,0.0008215230191126466,0.0008215230191126466,1.0,1.0,330,330
331,t2_b0,9,10,-0.6428762438526305,0.11765149235725403,0.28920120000839233,0.28920120000839233,0.91,1.0,330,330
331,t2_b0,14,7,-0.8374010147234805,0.12153632938861847,0.45978042483329773,0.45978042483329773,0.92,1.0,330,330
331,t2_b0,3,0,0.03465336508276284,0.09987485408782959,0.0021269212011247873,0.0021269212011247873,0.9090909090909091,1.0,330,330
331,t2_b0,6,20,-0.6859386663559718,0.11935319006443024,0.32424747943878174,0.32424747943878174,0.9125,1.0,330,330
331,t2_b0,4,11,-0.02465650636025405,0.0811569020152092,0.005598238669335842,0.005598238669335842,1.0,1.0,330,330
332,t2_b0,0,3,0.01884853662020737,0.09740234911441803,0.0030853506177663803,0.0030853506177663803,0.9125,1.0,331,331
332,t2_b0,8,18,-0.41061256162279275,0.11416514217853546,0.1376958191394806,0.1376958191394806,0.9090909090909091,1.0,331,331
332,t2_b0,5,36,0.03716624585022497,0.07168460637331009,0.0005957586108706892,0.0005957586108706892,0.03333333333333333,1.0,331,331
332,t2_b0,20,10,-0.32839599937150044,0.1104806587100029,0.09630636125802994,0.09630636125802994,0.9090909090909091,1.0,331,331
332,t2_b0,21,4,0.9835673840234332,0.11141441017389297,0.3803253471851349,0.3803253471851349,1.0,1.0,331,331
332,t2_b0,30,1,0.15571178968200283,0.10703562945127487,0.0011846841080114245,0.0011846841080114245,0.9500000000000001,1.0,331,331
332,t2_b0,39,9,-0.009266333333261243,0.11650454998016357,0.007909157313406467,0.007909157313406467,0.9166666666666667,1.0,331,331
333,t2_b0,16,17,-0.18527757923309737,0.11824697256088257,0.04606357589364052,0.04606357589364052,0.925,1.0,332,332
333,t2_b0,29,22,0.24527933297484478,0.10106750577688217,0.01039852574467659,0.01039852574467659,1.0,1.0,332,332
333,t2_b0,6,8,0.5692971918308068,0.10993773490190506,0.1055055633187294,0.1055055633187294,0.011111111111111112,1.0,332,332
333,t2_b0,26,3,-0.10100499518003048,0.10580958425998688,0.02138613723218441,0.02138613723218441,0.9166666666666667,1.0,332,332
333,t2_b0,21,4,-0.0014605113161563702,0.10726546496152878,0.005910669453442097,0.005910669453442097,1.0,1.0,332,332
333,t2_b0,1,30,0.004706525451054336,0.07772551476955414,0.0026658864226192236,0.0026658864226192236,0.925,1.0,332,332
333,t2_b0,36,31,0.2560366681997479,0.07432356476783752,0.016509825363755226,0.016509825363755226,0.925,1.0,332,332
333,t2_b0,25,18,-0.5175376251498944,0.1004713624715805,0.19096757471561432,0.19096757471561432,0.016666666666666666,1.0,332,332
334,t2_b0,27,10,-0.774427248519383,0.10842997580766678,0.3897184133529663,0.3897184133529663,0.9166666666666667,1.0,333,333
334,t2_b0,31,36,0.016007049364636892,0.07792520523071289,0.0019169289153069258,0.0019169289153069258,0.92,1.0,333,333
334,t2_b0,24,16,0.9008334199601521,0.11476080119609833,0.3089550733566284,0.3089550733566284,1.0,1.0,333,333
334,t2_b0,22,30,0.9632689945177634,0.11634618043899536,0.358639121055603,0.358639121055603,0.9500000000000001,1.0,333,333
334,t2_b0,12,0,-0.06947090738812134,0.10729163140058517,0.015622497536242008,0.015622497536242008,0.9125,1.0,333,333
334,t2_b0,37,3,0.3607391341844675,0.10445590317249298,0.032840546220541,0.032840546220541,0.9166666666666667,1.0,333,333
334,t2_b0,7,18,-0.029087632349073984,0.1071908250451088,0.009285908192396164,0.009285908192396164,0.9142857142857143,1.0,333,333
335,t2_b0,2,10,0.259879535679655,0.04276418685913086,0.023569535464048386,0.023569535464048386,1.0,1.0,334,334
335,t2_b0,17,6,-0.02585000836875833,0.11200007796287537,0.009501324035227299,0.009501324035227299,0.9166666666666667,1.0,334,334
335,t2_b0,13,0,-0.13827651968774562,0.10510045289993286,0.02961617521941662,0.02961617521941662,0.9111111111111111,1.0,334,334
335,t2_b0,38,26,0.05068335449389069,0.0972362607717514,0.001083586597815156,0.001083586597815156,0.02,1.0,334,334
335,t2_b0,28,31,0.9130790125185081,0.07182373851537704,0.3538552522659302,0.3538552522659302,0.9333333333333333,1.0,334,334
335,t2_b0,23,3,0.07872676580316505,0.10549629479646683,0.00035830377601087093,0.00035830377601087093,0.9142857142857143,1.0,334,334
336,t2_b0,32,33,0.1448219452416832,0.061008941382169724,0.0035123091656714678,0.0035123091656714678,1.0,1.0,328,328
336,t2_b0,35,1,-0.0006662022599378576,0.1010734960436821,0.005175482947379351,0.005175482947379351,0.925,1.0,335,335
336,t2_b0,18,13,0.0,0.09961885958909988,0.00496195862069726,0.00496195862069726,0.9090909090909091,1.0,335,335
336,t2_b0,29,30,0.8840067600225848,0.10339365154504776,0.30467838048934937,0.30467838048934937,0.9500000000000001,1.0,335,335
336,t2_b0,14,7,-0.23924050795093485,0.10085473209619522,0.05783239006996155,0.05783239006996155,0.9125,1.0,335,335
336,t2_b0,4,31,0.3132081423472491,0.07309815287590027,0.028826400637626648,0.028826400637626648,0.9333333333333333,1.0,335,335
336,t2_b0,34,3,-0.23636167909609743,0.1076730415225029,0.05917994678020477,0.05917994678020477,0.925,1.0,335,335
336,t2_b0,24,6,0.22971380460699997,0.11024942994117737,0.007135867606848478,0.007135867606848478,0.9333333333333333,1.0,335,335
336,t2_b0,10,2,0.21414062026786854,0.08872151374816895,0.007864976301789284,0.007864976301789284,0.9125,1.0,335,335
337,t2_b0,17,27,0.991816045584259,0.09948664903640747,0.39812588691711426,0.39812588691711426,1.0,1.0,336,336
337,t2_b0,25,0,0.34010384822710443,0.10466087609529495,0.02771669439971447,0.02771669439971447,0.9333333333333333,1.0,336,336
337,t2_b0,20,2,-0.17408782905435954,0.08965286612510681,0.03477957472205162,0.03477957472205162,0.9333333333333333,1.0,336,336
337,t2_b0,39,6,0.0,0.10681826621294022,0.005705071147531271,0.005705071147531271,0.92,1.0,336,336
337,t2_b0,33,32,0.9621728873939303,0.07230769097805023,0.3959299921989441,0.3959299921989441,1.0,1.0,329,329
337,t2_b0,35,1,0.03594797727417981,0.10856172442436218,0.0026363779325038195,0.0026363779325038195,0.9166666666666667,1.0,336,336
337,t2_b0,9,18,-0.0030543668024890077,0.09721952676773071,0.00502742687240243,0.00502742687240243,0.011111111111111112,1.0,336,336
337,t2_b0,5,31,-0.06518852864253986,0.07454828172922134,0.009763186797499657,0.009763186797499657,0.9333333333333333,1.0,336,336
338,t2_b0,26,3,0.07910888047465071,0.10645952820777893,0.000374029012164101,0.000374029012164101,0.9166666666666667,1.0,337,337
338,t2_b0,0,13,-0.00351208249810782,0.07455708086490631,0.0030473973602056503,0.0030473973602056503,0.9142857142857143,1.0,337,337
338,t2_b0,21,31,-0.2812917374690242,0.07792840898036957,0.06451955437660217,0.06451955437660217,1.0,1.0,337,337
338,t2_b0,10,2,0.261270040019716,0.08809846639633179,0.014994198456406593,0.014994198456406593,0.9125,1.0,337,337
338,t2_b0,36,28,0.06882747419550939,0.07448507845401764,1.600425093783997e-05,1.600425093783997e-05,0.9333333333333333,1.0,337,337
338,t2_b0,30,29,-0.02397407591918005,0.10655105859041214,0.008518406189978123,0.008518406189978123,0.025,1.0,337,337
338,t2_b0,16,6,0.05324405240239908,0.10675586014986038,0.0014317568857222795,0.0014317568857222795,0.925,1.0,337,337
339,t2_b0,27,13,-0.2666766044869002,0.09637890011072159,0.0659046471118927,0.0659046471118927,0.9125,1.0,338,338
339,t2_b0,2,10,0.009002388414429144,0.06383483111858368,0.0015032984083518386,0.0015032984083518386,0.9500000000000001,1.0,338,338
339,t2_b0,1,3,-0.003930987627833725,0.09876175224781036,0.00527289928868413,0.00527289928868413,0.92,1.0,338,338
339,t2_b0,8,0,0.020475234702954655,0.10155490040779114,0.003286955878138542,0.003286955878138542,0.9111111111111111,1.0,338,338
339,t2_b0,31,28,0.16975364178541272,0.07310251891613007,0.004670719616115093,0.004670719616115093,0.9333333333333333,1.0,338,338
339,t2_b0,22,35,-0.16490295393720225,0.11014806479215622,0.0378265343606472,0.0378265343606472,0.9333333333333333,1.0,338,338
340,t2_b0,3,1,-0.005400134206725594,0.09288060665130615,0.00482955202460289,0.00482955202460289,0.92,1.0,339,339
340,t2_b0,7,0,0.26906726327307307,0.09787116199731827,0.014654052443802357,0.014654052443802357,0.9125,1.0,339,339
340,t2_b0,12,25,-0.013183517845656181,0.09672611206769943,0.006040063686668873,0.006040063686668873,1.0,1.0,339,339
340,t2_b0,11,33,0.6429698543647477,0.0791379064321518,0.1589532196521759,0.1589532196521759,1.0,1.0,332,339
340,t2_b0,17,27,0.004340473634411603,0.09439707547426224,0.004055095370858908,0.004055095370858908,0.925,1.0,339,339
340,t2_b0,32,35,0.3198369339138606,0.10155916959047318,0.023822594434022903,0.023822594434022903,0.9333333333333333,1.0,339,339
340,t2_b0,28,31,0.07415197670550203,0.07140320539474487,3.7778752357553458e-06,3.7778752357553458e-06,0.9333333333333333,1.0,339,339
341,t2_b0,9,0,-0.10048055652362345,0.09927329421043396,0.019950799643993378,0.019950799643993378,0.91,1.0,340,340
341,t2_b0,39,13,-0.22887938712185274,0.09707239270210266,0.05312228202819824,0.05312228202819824,0.9166666666666667,1.0,340,340
341,t2_b0,4,35,-0.10281555161519323,0.10627999901771545,0.021860474720597267,0.021860474720597267,0.9333333333333333,1.0,340,340
341,t2_b0,34,25,-0.026552589835371652,0.09340640157461166,0.0071950796991586685,0.0071950796991586685,0.925,1.0,340,340
341,t2_b0,18,27,-0.13149330361822045,0.09858520328998566,0.026468059048056602,0.026468059048056602,0.9333333333333333,1.0,340,340
341,t2_b0,23,3,0.34275230750031155,0.09613865613937378,0.03040914610028267,0.03040914610028267,0.9166666666666667,1.0,340,340
341,t2_b0,33,11,-0.1354571839415959,0.10811106860637665,0.02966274693608284,0.02966274693608284,0.03333333333333333,1.0,340,340
342,t2_b0,5,28,0.21170391204535524,0.07468751817941666,0.009386745281517506,0.009386745281517506,0.9333333333333333,1.0,341,341
342,t2_b0,30,3,0.0749851166080768,0.09702570736408234,0.00024289381690323353,0.00024289381690323353,0.92,1.0,341,341
342,t2_b0,6,8,0.4555814523287388,0.09281809628009796,0.06579862534999847,0.06579862534999847,0.9142857142857143,1.0,341,341
342,t2_b0,38,1,0.05895416508763288,0.09909088909626007,0.0008054783102124929,0.0008054783102124929,0.92,1.0,341,341
342,t2_b0,25,12,0.0,0.09368415921926498,0.004388360772281885,0.004388360772281885,0.92,1.0,341,341
342,t2_b0,10,0,0.006122091316149802,0.09628316015005112,0.004064509179443121,0.004064509179443121,0.9166666666666667,1.0,341,341
342,t2_b0,20,21,0.05255105318173524,0.07789929956197739,0.0003212667943444103,0.0003212667943444103,0.05,1.0,341,341
342,t2_b0,29,22,0.3361944210622185,0.08828778564929962,0.03072885051369667,0.03072885051369667,0.03333333333333333,1.0,341,341
343,t2_b0,26,1,-0.04535300326417782,0.09766682982444763,0.01022733561694622,0.01022733561694622,0.9142857142857143,1.0,342,342
343,t2_b0,11,33,0.02559216353586921,0.11261292546987534,0.003786306595429778,0.003786306595429778,0.9500000000000001,1.0,342,342
343,t2_b0,37,38,0.9035758521239158,0.0931285172700882,0.3284124433994293,0.3284124433994293,0.92,1.0,342,342
343,t2_b0,35,3,0.1096982275514328,0.10203054547309875,2.9396682293736376e-05,2.9396682293736376e-05,0.9333333333333333,1.0,342,342
343,t2_b0,36,28,0.07297967670907944,0.07509174942970276,2.230431846328429e-06,2.230431846328429e-06,0.9333333333333333,1.0,342,342
343,t2_b0,21,20,-0.6243457956500933,0.05757440999150276,0.23250755667686462,0.23250755667686462,1.0,1.0,342,342
343,t2_b0,0,2,0.3665449633691547,0.08926387131214142,0.03844240680336952,0.03844240680336952,0.92,1.0,342,342
343,t2_b0,8,9,-0.01181364956089704,0.09463447332382202,0.00566560123115778,0.00566560123115778,0.9142857142857143,1.0,342,342
343,t2_b0,16,39,0.29962381695652596,0.09592479467391968,0.02074664644896984,0.02074664644896984,0.925,1.0,342,342
344,t2_b0,6,39,-0.005834992320529023,0.09465557336807251,0.005049176514148712,0.005049176514148712,0.9166666666666667,1.0,343,343
344,t2_b0,32,3,0.04880038103928186,0.109070785343647,0.001816260744817555,0.001816260744817555,0.925,1.0,343,343
344,t2_b0,2,0,0.2571247179501155,0.09455947577953339,0.013213729485869408,0.013213729485869408,0.925,1.0,343,343
344,t2_b0,1,38,-0.06956971999951055,0.06479216367006302,0.009026559069752693,0.009026559069752693,0.9166666666666667,1.0,343,343
344,t2_b0,31,28,0.245927713001582,0.06979821622371674,0.015510798431932926,0.015510798431932926,0.925,1.0,343,343
344,t2_b0,17,27,0.016538186036006687,0.09422089904546738,0.003017301904037595,0.003017301904037595,0.9500000000000001,1.0,343,343
345,t2_b0,7,2,0.005813613212617316,0.10410706698894501,0.004830801393836737,0.004830801393836737,0.9142857142857143,1.0,344,344
345,t2_b0,33,32,0.2170780437105036,0.10973645001649857,0.005761108826845884,0.005761108826845884,0.9333333333333333,1.0,344,344
345,t2_b0,24,39,0.07769693864824093,0.09744501113891602,0.00019499311747495085,0.00019499311747495085,0.9333333333333333,1.0,344,344
345,t2_b0,28,31,-0.06836664074966035,0.07060810178518295,0.009656989015638828,0.009656989015638828,0.9333333333333333,1.0,344,344
345,t2_b0,38,1,0.08781430753851348,0.08777733892202377,6.833823507079728e-10,6.833823507079728e-10,0.92,1.0,344,344
345,t2_b0,8,27,0.05274192270862812,0.09578780829906464,0.0009264741674996912,0.0009264741674996912,0.014285714285714287,1.0,344,344
345,t2_b0,3,30,0.22477382022305922,0.07483132928609848,0.011241374537348747,0.011241374537348747,0.925,1.0,344,344
346,t2_b0,18,31,0.9361320136329774,0.07009576261043549,0.3750093877315521,0.3750093877315521,0.9333333333333333,1.0,345,345
346,t2_b0,23,1,0.0009720789935986825,0.0896899402141571,0.003935429733246565,0.003935429733246565,0.9166666666666667,1.0,345,345
346,t2_b0,34,26,-0.21564808118282588,0.08438119292259216,0.04500878229737282,0.04500878229737282,0.9333333333333333,1.0,345,345
346,t2_b0,22,3,-0.24825249900460902,0.09502498060464859,0.058919716626405716,0.058919716626405716,0.925,1.0,345,345
346,t2_b0,29,30,-0.20287576734366358,0.08645933866500854,0.04185739904642105,0.04185739904642105,0.03333333333333333,1.0,345,345
346,t2_b0,24,16,0.1877328392252915,0.09944360703229904,0.0038974948693066835,0.0038974948693066835,0.03333333333333333,1.0,345,345
346,t2_b0,4,33,0.09005247188833874,0.11607834696769714,0.0003386731259524822,0.0003386731259524822,0.9500000000000001,1.0,345,345
346,t2_b0,9,2,-0.13542363043020256,0.10159027576446533,0.02808779664337635,0.02808779664337635,0.92,1.0,345,345
346,t2_b0,27,8,-0.056999878651258086,0.09483051300048828,0.01152623351663351,0.01152623351663351,0.9142857142857143,1.0,345,345
347,t2_b0,14,17,0.06811816373881217,0.09379314631223679,0.00032960239332169294,0.00032960239332169294,0.014285714285714287,1.0,346,346
347,t2_b0,0,20,0.2831605736554626,0.06644512712955475,0.02348279021680355,0.02348279021680355,0.9500000000000001,1.0,346,346
347,t2_b0,35,32,0.5325273278268607,0.0940292477607727,0.09614028036594391,0.09614028036594391,0.05,1.0,346,346
347,t2_b0,10,2,0.00624960672118145,0.09841284900903702,0.004247031640261412,0.004247031640261412,0.9166666666666667,1.0,346,346
347,t2_b0,12,1,0.08048785528641972,0.08895871043205261,3.5877696063835174e-05,3.5877696063835174e-05,0.925,1.0,346,346
347,t2_b0,30,3,0.003426873433373809,0.09675195068120956,0.004354785196483135,0.004354785196483135,0.92,1.0,346,346
347,t2_b0,39,16,0.007172272096717365,0.09773462265729904,0.004100769758224487,0.004100769758224487,0.92,1.0,346,346
347,t2_b0,5,36,0.08794701696233773,0.07087162137031555,0.00014578459376934916,0.00014578459376934916,0.03333333333333333,1.0,346,346
348,t2_b0,16,39,0.3971943947350189,0.09744677692651749,0.04492431506514549,0.04492431506514549,0.925,1.0,347,347
348,t2_b0,26,1,0.2082601160179516,0.08902302384376526,0.007108742371201515,0.007108742371201515,0.92,1.0,347,347
348,t2_b0,31,5,0.007442880871767866,0.0778704360127449,0.002480020048096776,0.002480020048096776,0.92,1.0,347,347
348,t2_b0,36,28,0.17562323005635175,0.0742807686328888,0.00513514643535018,0.00513514643535018,0.925,1.0,347,347
348,t2_b0,37,8,-0.28332023196491307,0.09422186762094498,0.07126901298761368,0.07126901298761368,1.0,1.0,347,347
348,t2_b0,20,0,-0.07272006217408644,0.1021822839975357,0.015295416116714478,0.015295416116714478,0.925,1.0,347,347
348,t2_b0,11,33,0.1265265088356604,0.11774522066116333,3.8555474020540714e-05,3.8555474020540714e-05,0.9500000000000001,1.0,347,347
349,t2_b0,17,10,0.32086874687221856,0.09616746753454208,0.025245333090424538,0.025245333090424538,0.92,1.0,348,348
349,t2_b0,25,24,0.8878395238698304,0.09862827509641647,0.31142717599868774,0.31142717599868774,1.0,1.0,348,348
349,t2_b0,32,3,0.007653486324890604,0.10993733257055283,0.00523099210113287,0.00523099210113287,0.9333333333333333,1.0,348,348
349,t2_b0,1,38,0.057036210697316146,0.05594050884246826,6.002803729643347e-07,6.002803729643347e-07,0.02,1.0,348,348
349,t2_b0,2,9,-0.007802372897296946,0.07232431322336197,0.0032101429533213377,0.0032101429533213377,0.025,1.0,348,348
349,t2_b0,21,0,0.11434491062469156,0.10065726935863495,9.367574966745451e-05,9.367574966745451e-05,0.9333333333333333,1.0,348,348
349,t2_b0,6,39,0.11640694280747486,0.09882543236017227,0.0001545546983834356,0.0001545546983834356,0.9142857142857143,1.0,348,348
350,t2_b0,8,39,-0.04053042218626405,0.10029949992895126,0.009916533716022968,0.009916533716022968,0.9142857142857143,1.0,349,349
350,t2_b0,12,1,0.0897850352360329,0.08080698549747467,4.0302660636371e-05,4.0302660636371e-05,0.925,1.0,349,349
350,t2_b0,33,32,0.0869883416282921,0.11148297786712646,0.00029999352409504354,0.00029999352409504354,0.9500000000000001,1.0,349,349
350,t2_b0,3,30,0.09833837018783016,0.07347831130027771,0.0003090113459620625,0.0003090113459620625,0.925,1.0,349,349
350,t2_b0,7,2,0.12175860639596899,0.10285037755966187,0.00017876063066069037,0.00017876063066069037,0.9142857142857143,1.0,349,349
350,t2_b0,18,36,-0.005142210964482288,0.07524806261062622,0.003231298178434372,0.003231298178434372,0.925,1.0,349,349
350,t2_b0,27,10,0.29442991567782967,0.09972169250249863,0.018955647945404053,0.018955647945404053,0.9142857142857143,1.0,349,349
351,t2_b0,22,3,-0.09836236561229474,0.09566356241703033,0.018823031336069107,0.018823031336069107,0.925,1.0,350,350
351,t2_b0,38,1,-0.04858546731834197,0.08001196384429932,0.008268650621175766,0.008268650621175766,0.925,1.0,350,350
351,t2_b0,34,26,-0.023618680197158803,0.07823216915130615,0.005186798050999641,0.005186798050999641,1.0,1.0,350,350
351,t2_b0,37,7,-0.05719821204387594,0.09643744677305222,0.011801956221461296,0.011801956221461296,0.9142857142857143,1.0,350,350
351,t2_b0,23,12,0.25177569633846114,0.07693780213594437,0.015284143388271332,0.015284143388271332,0.014285714285714287,1.0,350,350
351,t2_b0,28,36,-0.13004895043140619,0.07799475640058517,0.021641088649630547,0.021641088649630547,0.925,1.0,350,350
351,t2_b0,39,16,0.3972826466940528,0.09843583405017853,0.044654715806245804,0.044654715806245804,0.9142857142857143,1.0,350,350
351,t2_b0,14,2,0.0,0.10198061913251877,0.0052000232972204685,0.0052000232972204685,0.925,1.0,350,350
352,t2_b0,5,31,0.22978490187862258,0.0804106742143631,0.011156330816447735,0.011156330816447735,0.9333333333333333,1.0,351,351
352,t2_b0,10,2,0.055240543498932086,0.10063028335571289,0.0010301143629476428,0.0010301143629476428,0.925,1.0,351,351
352,t2_b0,35,3,0.0,0.10285964608192444,0.005290053319185972,0.005290053319185972,0.9500000000000001,1.0,351,351
352,t2_b0,24,39,0.2008177968820154,0.1010732427239418,0.004974487703293562,0.004974487703293562,0.92,1.0,351,351
352,t2_b0,0,20,0.017990644023977955,0.068548783659935,0.0012780629331246018,0.0012780629331246018,0.9333333333333333,1.0,351,351
352,t2_b0,29,23,-0.5893863961161351,0.08927641063928604,0.23029161989688873,0.23029161989688873,0.9333333333333333,1.0,351,351
353,t2_b0,31,36,0.04320313924210865,0.0847623348236084,0.0008635834092274308,0.0008635834092274308,0.025,1.0,352,352
353,t2_b0,25,24,-0.01906220483088025,0.10492485761642456,0.00768639612942934,0.00768639612942934,0.925,1.0,352,352
353,t2_b0,30,3,-0.005167241284429141,0.0906471461057663,0.004590197931975126,0.004590197931975126,0.9166666666666667,1.0,352,352
353,t2_b0,1,12,0.472012530248367,0.04966270551085472,0.08918967843055725,0.08918967843055725,0.92,1.0,352,352
353,t2_b0,9,21,0.153540471131658,0.09446319937705994,0.0017450624145567417,0.0017450624145567417,1.0,1.0,352,352
353,t2_b0,16,39,0.09075792204506507,0.10242918878793716,6.81092424201779e-05,6.81092424201779e-05,0.9166666666666667,1.0,352,352
353,t2_b0,20,0,-0.0334700963377325,0.10210966318845749,0.00919093657284975,0.00919093657284975,0.925,1.0,352,352
353,t2_b0,11,33,0.23308382329362629,0.11040770262479782,0.007524716202169657,0.007524716202169657,1.0,1.0,352,352
354,t2_b0,27,2,-0.04122033055629043,0.10266967862844467,0.010352167300879955,0.010352167300879955,0.9166666666666667,1.0,353,353
354,t2_b0,36,31,0.06873125723255133,0.08184991776943207,8.604964386904612e-05,8.604964386904612e-05,0.9333333333333333,1.0,353,353
354,t2_b0,21,0,0.17672445749010085,0.09983685612678528,0.0029558520764112473,0.0029558520764112473,0.9333333333333333,1.0,353,353
354,t2_b0,6,39,0.1881995455534708,0.10195575654506683,0.0037189959548413754,0.0037189959548413754,0.9142857142857143,1.0,353,353
354,t2_b0,12,1,0.09146679641804017,0.08408806473016739,2.722286262724083e-05,2.722286262724083e-05,0.92,1.0,353,353
354,t2_b0,37,8,0.0,0.10365447402000427,0.005372125189751387,0.005372125189751387,0.9166666666666667,1.0,353,353
354,t2_b0,32,3,0.13630394248984032,0.10823046416044235,0.0003940601891372353,0.0003940601891372353,0.9333333333333333,1.0,353,353
354,t2_b0,17,7,0.1413663140468581,0.09902743250131607,0.0008962905849330127,0.0008962905849330127,0.9166666666666667,1.0,353,353
355,t2_b0,3,30,0.06403463828874348,0.0703250914812088,1.978488580789417e-05,1.978488580789417e-05,0.925,1.0,354,354
355,t2_b0,2,7,0.0,0.07385038584470749,0.0027269397396594286,0.0027269397396594286,0.9333333333333333,1.0,354,354
355,t2_b0,33,32,0.09142482109383417,0.10998997837305069,0.00017233249673154205,0.00017233249673154205,0.9500000000000001,1.0,354,354
355,t2_b0,38,1,0.1820977586592187,0.08292512595653534,0.00491760578006506,0.00491760578006506,0.925,1.0,354,354
355,t2_b0,8,16,0.0,0.10306120663881302,0.005310805980116129,0.005310805980116129,0.9166666666666667,1.0,354,354
355,t2_b0,28,36,0.04113870756815525,0.0811678096652031,0.000801164482254535,0.000801164482254535,0.9333333333333333,1.0,354,354
355,t2_b0,18,24,0.9315722122585127,0.10590097308158875,0.34086647629737854,0.34086647629737854,0.9500000000000001,1.0,354,354
356,t2_b0,23,1,0.05460163531177826,0.08446092903614044,0.0004457886971067637,0.0004457886971067637,0.9142857142857143,1.0,355,355
356,t2_b0,39,6,0.2376137399379301,0.10273201763629913,0.009096539579331875,0.009096539579331875,0.9166666666666667,1.0,355,355
356,t2_b0,34,26,-0.0816324724197796,0.07769323140382767,0.012692339718341827,0.012692339718341827,1.0,1.0,355,355
356,t2_b0,22,3,-0.008755013499227459,0.0935940146446228,0.0052376617677509785,0.0052376617677509785,0.925,1.0,355,355
356,t2_b0,7,2,0.04181074587682361,0.10165415704250336,0.0017906168941408396,0.0017906168941408396,0.92,1.0,355,355
356,t2_b0,14,0,0.017582138133195542,0.09857554733753204,0.0032799658365547657,0.0032799658365547657,0.9333333333333333,1.0,355,355
357,t2_b0,10,2,0.04754692757185392,0.1005297303199768,0.001403588685207069,0.001403588685207069,0.925,1.0,356,356
357,t2_b0,4,31,0.9043122427901986,0.08644792437553406,0.33445101976394653,0.33445101976394653,1.0,1.0,356,356
357,t2_b0,0,20,-0.061191408247941254,0.06911051273345947,0.008489295840263367,0.008489295840263367,0.9333333333333333,1.0,356,356
357,t2_b0,35,3,0.2007684795269806,0.10089185833930969,0.004987670574337244,0.004987670574337244,0.9500000000000001,1.0,356,356
357,t2_b0,5,28,0.13254757998991767,0.08385756611824036,0.0011853590840473771,0.0011853590840473771,0.9333333333333333,1.0,356,356
357,t2_b0,24,39,0.3463054817075013,0.10639875382184982,0.02877761982381344,0.02877761982381344,0.92,1.0,356,356
357,t2_b0,26,1,-0.026333790504788006,0.08551602810621262,0.0062551903538405895,0.0062551903538405895,0.92,1.0,356,356
357,t2_b0,29,23,-0.8077886826324695,0.08849053084850311,0.40165820717811584,0.40165820717811584,0.9333333333333333,1.0,356,356
358,t2_b0,1,12,-0.046856801777664145,0.05087429657578468,0.004775683861225843,0.004775683861225843,0.92,1.0,357,357
358,t2_b0,36,5,0.36465697794886376,0.08714203536510468,0.03850726783275604,0.03850726783275604,0.925,1.0,357,357
358,t2_b0,11,33,0.10370532590517334,0.10851608216762543,1.1571695722523145e-05,1.1571695722523145e-05,1.0,1.0,357,357
358,t2_b0,20,0,0.12458181331573813,0.09923664480447769,0.00032118879607878625,0.00032118879607878625,0.92,1.0,357,357
358,t2_b0,6,24,0.3272271192162232,0.10704921185970306,0.024239154532551765,0.024239154532551765,0.92,1.0,357,357
358,t2_b0,16,39,0.32680382712978595,0.10781843960285187,0.02397730201482773,0.02397730201482773,0.9166666666666667,1.0,357,357
358,t2_b0,9,7,0.9142730242354874,0.09718337655067444,0.3338177800178528,0.3338177800178528,1.0,1.0,357,357
359,t2_b0,25,39,-0.06424472378304193,0.11214882135391235,0.01555734034627676,0.01555734034627676,0.925,1.0,358,358
359,t2_b0,31,36,0.07593945835549225,0.08551143854856491,4.5811371819581836e-05,4.5811371819581836e-05,0.92,1.0,358,358
359,t2_b0,2,27,0.24660650707324053,0.07383112609386444,0.014925667084753513,0.014925667084753513,0.9333333333333333,1.0,358,358
359,t2_b0,12,1,0.45574035314198336,0.0838041678071022,0.06916826963424683,0.06916826963424683,0.92,1.0,358,358
359,t2_b0,32,3,0.004328308072232466,0.10660318285226822,0.0052300747483968735,0.0052300747483968735,0.9333333333333333,1.0,358,358
359,t2_b0,21,14,0.07957108104292632,0.09392144531011581,0.00010296644904883578,0.00010296644904883578,0.025,1.0,358,358
360,t2_b0,38,1,-0.015718032694706695,0.08394090086221695,0.004965951666235924,0.004965951666235924,0.925,1.0,359,359
360,t2_b0,18,16,-0.599006092235318,0.11344847828149796,0.2537958025932312,0.2537958025932312,0.925,1.0,359,359
360,t2_b0,27,2,-0.039908638867823934,0.10481139272451401,0.010471943765878677,0.010471943765878677,0.9333333333333333,1.0,359,359
360,t2_b0,33,32,0.264892867905735,0.1069175973534584,0.012478095479309559,0.012478095479309559,0.9500000000000001,1.0,359,359
360,t2_b0,8,6,-0.010587619446493854,0.10804969072341919,0.007037405390292406,0.007037405390292406,0.92,1.0,359,359
360,t2_b0,3,30,-0.025851511322033057,0.06770481169223785,0.004376392811536789,0.004376392811536789,0.925,1.0,359,359
360,t2_b0,28,5,0.2660521575008443,0.08648963272571564,0.01612135022878647,0.01612135022878647,0.9333333333333333,1.0,359,359
361,t2_b0,22,3,-0.27322161899387887,0.09082430601119995,0.06626471877098083,0.06626471877098083,0.925,1.0,360,360
361,t2_b0,23,1,0.23019224092267704,0.08550106734037399,0.010467766784131527,0.010467766784131527,0.9142857142857143,1.0,360,360
361,t2_b0,9,10,-0.7091402592170243,0.10256607085466385,0.3294335603713989,0.3294335603713989,0.925,1.0,360,360
361,t2_b0,14,0,0.13542442893107376,0.09578806161880493,0.0007855210569687188,0.0007855210569687188,0.9333333333333333,1.0,360,360
361,t2_b0,34,26,-0.04746412343259755,0.07977941632270813,0.008095460012555122,0.008095460012555122,0.9333333333333333,1.0,360,360
361,t2_b0,29,30,0.49197590119018714,0.08327169716358185,0.08351957052946091,0.08351957052946091,0.9333333333333333,1.0,360,360
361,t2_b0,7,2,0.0,0.10605325549840927,0.005623646546155214,0.005623646546155214,0.92,1.0,360,360
361,t2_b0,39,6,0.035098316319926444,0.10882318019866943,0.0027176779694855213,0.0027176779694855213,0.9166666666666667,1.0,360,360
361,t2_b0,37,11,0.4931479924311028,0.11169201135635376,0.07275433838367462,0.07275433838367462,1.0,1.0,360,360
362,t2_b0,30,23,0.12851839911424442,0.08357808738946915,0.0010098159546032548,0.0010098159546032548,0.016666666666666666,1.0,361,361
362,t2_b0,26,1,0.16640666108078742,0.08383025228977203,0.0034094315487891436,0.0034094315487891436,0.92,1.0,361,361
362,t2_b0,10,2,0.0,0.10320181399583817,0.005325307138264179,0.005325307138264179,0.92,1.0,361,361
362,t2_b0,24,39,0.3418019142056014,0.11075178533792496,0.02669208124279976,0.02669208124279976,0.92,1.0,361,361
362,t2_b0,20,0,0.0365707795787299,0.09334629029035568,0.0016117292689159513,0.0016117292689159513,0.92,1.0,361,361
362,t2_b0,17,34,0.004814567263352985,0.07797542214393616,0.0026762555353343487,0.0026762555353343487,0.9333333333333333,1.0,361,361
362,t2_b0,35,32,0.0745613806848775,0.09196159243583679,0.00015138370508793741,0.00015138370508793741,0.03333333333333333,1.0,361,361
362,t2_b0,5,36,0.30883690920984413,0.0899033322930336,0.023965956643223763,0.023965956643223763,0.9333333333333333,1.0,361,361
363,t2_b0,4,0,0.2870626626523055,0.09089478850364685,0.01924091950058937,0.01924091950058937,0.92,1.0,362,362
363,t2_b0,11,32,-0.10262951188552331,0.09697623550891876,0.019921226426959038,0.019921226426959038,0.9333333333333333,1.0,362,362
363,t2_b0,16,39,0.0,0.1141754537820816,0.0065180170349776745,0.0065180170349776745,0.92,1.0,362,362
363,t2_b0,36,31,0.31213043018178865,0.0869542807340622,0.025352146476507187,0.025352146476507187,0.92,1.0,362,362
363,t2_b0,1,23,-0.03740437027705646,0.05170299485325813,0.003970061428844929,0.003970061428844929,0.9166666666666667,1.0,362,362
363,t2_b0,6,24,0.050975520760131954,0.10856492817401886,0.001658269902691245,0.001658269902691245,0.9166666666666667,1.0,362,362
364,t2_b0,2,10,0.3474053692107588,0.07608677446842194,0.036806896328926086,0.036806896328926086,0.9333333333333333,1.0,363,363
364,t2_b0,31,0,0.03588334478468769,0.09265156090259552,0.0016113151796162128,0.0016113151796162128,0.92,1.0,363,363
364,t2_b0,12,1,0.09596444948312825,0.0843132734298706,6.787492020521313e-05,6.787492020521313e-05,0.9166666666666667,1.0,363,363
364,t2_b0,25,39,0.02621161197170875,0.11503354460000992,0.003944667987525463,0.003944667987525463,0.925,1.0,363,363
364,t2_b0,22,3,0.0,0.09736107289791107,0.004739589057862759,0.004739589057862759,0.925,1.0,363,363
364,t2_b0,32,35,0.16881063756442705,0.097312331199646,0.002556003862991929,0.002556003862991929,0.925,1.0,363,363
365,t2_b0,18,16,-0.5306936499247297,0.11509276181459427,0.2085200399160385,0.2085200399160385,0.9333333333333333,1.0,364,364
365,t2_b0,3,33,0.20747171393904457,0.06454365700483322,0.010214216075837612,0.010214216075837612,0.03333333333333333,1.0,364,364
365,t2_b0,7,10,0.07024982993944785,0.10763142257928848,0.000698691641446203,0.000698691641446203,0.9142857142857143,1.0,364,364
365,t2_b0,0,36,-0.17666147385371708,0.06490692496299744,0.029177647083997726,0.029177647083997726,0.92,1.0,364,364
365,t2_b0,8,39,-0.08633829120308256,0.10616905242204666,0.018529538065195084,0.018529538065195084,0.925,1.0,364,364
365,t2_b0,38,1,0.1986907255166879,0.08370939642190933,0.006610353011637926,0.006610353011637926,0.9166666666666667,1.0,364,364
365,t2_b0,37,32,-0.8814649881027056,0.0990123301744461,0.4806678891181946,0.4806678891181946,0.9333333333333333,1.0,364,364
365,t2_b0,21,14,0.0036692826940458094,0.09246308356523514,0.00394216924905777,0.00394216924905777,0.9500000000000001,1.0,364,364
365,t2_b0,27,2,-0.010948734672085122,0.11275221407413483,0.007650962099432945,0.007650962099432945,0.9500000000000001,1.0,364,364
366,t2_b0,23,30,0.009924976052259242,0.079386867582798,0.0024124770425260067,0.0024124770425260067,0.014285714285714287,1.0,365,365
366,t2_b0,34,1,-0.0570815889700425,0.08383943140506744,0.009929368272423744,0.009929368272423744,0.9166666666666667,1.0,365,365
366,t2_b0,14,0,0.14816171652431226,0.09119418263435364,0.001622649491764605,0.001622649491764605,0.9166666666666667,1.0,365,365
366,t2_b0,28,5,0.02789149339583471,0.0907532125711441,0.00197579781524837,0.00197579781524837,0.9333333333333333,1.0,365,365
366,t2_b0,24,25,0.24761043500611926,0.10634008049964905,0.00997865665704012,0.00997865665704012,0.92,1.0,365,365
366,t2_b0,33,3,0.07034522268266816,0.09754224866628647,0.0003698391083162278,0.0003698391083162278,0.92,1.0,365,365
366,t2_b0,9,2,-0.10748274448900545,0.11205888539552689,0.024099266156554222,0.024099266156554222,0.92,1.0,365,365
367,t2_b0,25,24,0.0,0.11343343555927277,0.00643357215449214,0.00643357215449214,0.925,1.0,366,366
367,t2_b0,10,9,-0.005899862365403304,0.10874585062265396,0.006571819540113211,0.006571819540113211,0.014285714285714287,1.0,366,366
367,t2_b0,4,0,0.3630792796305242,0.0914601981639862,0.03688846156001091,0.03688846156001091,0.9142857142857143,1.0,366,366
367,t2_b0,17,38,-0.03179053890992292,0.07934152334928513,0.0061751678586006165,0.0061751678586006165,0.02,1.0,366,366
367,t2_b0,35,32,0.13362241361513763,0.09321244806051254,0.000816482410300523,0.000816482410300523,0.025,1.0,366,366
367,t2_b0,26,1,-0.013667137971930084,0.08264103531837463,0.004637632053345442,0.004637632053345442,0.925,1.0,366,366
367,t2_b0,30,23,0.2637742770971338,0.08394334465265274,0.016169583424925804,0.016169583424925804,0.9166666666666667,1.0,366,366
367,t2_b0,39,2,-0.30374650926941893,0.11244616657495499,0.0866081714630127,0.0866081714630127,0.9166666666666667,1.0,366,366
368,t2_b0,11,37,0.20381225260516114,0.09278041869401932,0.006164034362882376,0.006164034362882376,1.0,1.0,367,367
368,t2_b0,21,6,0.12701681923936248,0.10131286829710007,0.00033034637453965843,0.00033034637453965843,1.0,1.0,367,367
368,t2_b0,1,38,0.29239028516517485,0.04849329963326454,0.02974287047982216,0.02974287047982216,0.92,1.0,367,367
368,t2_b0,36,0,-0.1756828495296219,0.09210710972547531,0.035855732858181,0.035855732858181,0.9166666666666667,1.0,367,367
368,t2_b0,16,2,0.0003172318458313835,0.11227378249168396,0.006267134565860033,0.006267134565860033,0.92,1.0,367,367
368,t2_b0,29,23,-0.01633528813488776,0.08511807769536972,0.005146392621099949,0.005146392621099949,0.92,1.0,367,367
369,t2_b0,37,23,-0.1307865788184908,0.08730088174343109,0.023781070485711098,0.023781070485711098,1.0,1.0,368,368
369,t2_b0,17,1,0.4100098522442357,0.08532854169607162,0.05270897597074509,0.05270897597074509,0.925,1.0,368,368
369,t2_b0,22,29,-0.08184489200848448,0.08268366008996964,0.013534821569919586,0.013534821569919586,0.9142857142857143,1.0,368,368
369,t2_b0,0,5,-0.28946455244099417,0.06494567543268204,0.06280330568552017,0.06280330568552017,0.9166666666666667,1.0,368,368
369,t2_b0,2,39,0.06697243281875098,0.08497913926839828,0.00016212070477195084,0.00016212070477195084,0.925,1.0,368,368
369,t2_b0,27,4,0.0,0.08953813463449478,0.00400853855535388,0.00400853855535388,0.9500000000000001,1.0,368,368
369,t2_b0,6,21,-0.04938213638363654,0.10198653489351273,0.011456238105893135,0.011456238105893135,1.0,1.0,368,368
370,t2_b0,31,29,0.9644222285572714,0.0787687748670578,0.39219099283218384,0.39219099283218384,0.9333333333333333,1.0,369,369
370,t2_b0,23,12,0.20856850434026353,0.08157047629356384,0.008064248599112034,0.008064248599112034,0.9500000000000001,1.0,369,369
370,t2_b0,28,36,0.012099321646681743,0.08385828882455826,0.00257467501796782,0.00257467501796782,0.02,1.0,369,369
370,t2_b0,20,0,0.030387575511571365,0.08308329433202744,0.0013884195359423757,0.0013884195359423757,1.0,1.0,369,369
370,t2_b0,33,1,0.3048006973588137,0.0845104306936264,0.0242638997733593,0.0242638997733593,0.925,1.0,369,369
370,t2_b0,8,38,-0.19006341105476598,0.08218779414892197,0.03706036135554314,0.03706036135554314,0.03333333333333333,1.0,369,369
370,t2_b0,18,10,-1.0,0.1098037138581276,0.6098036766052246,0.6098036766052246,0.9333333333333333,1.0,369,369
371,t2_b0,4,0,0.32858525151321805,0.08822426199913025,0.0288867000490427,0.0288867000490427,0.9142857142857143,1.0,370,370
371,t2_b0,26,35,0.02172536763796268,0.07842148840427399,0.0016072250436991453,0.0016072250436991453,0.05,1.0,370,370
371,t2_b0,39,16,0.2865680246686176,0.11099892109632492,0.015412252396345139,0.015412252396345139,0.92,1.0,370,370
371,t2_b0,9,2,-0.11019259191860889,0.11763854324817657,0.025953510776162148,0.025953510776162148,0.92,1.0,370,370
371,t2_b0,14,36,-0.11337933075455786,0.08750314265489578,0.020176881924271584,0.020176881924271584,0.9166666666666667,1.0,370,370
371,t2_b0,29,22,0.003742704467782438,0.08054066449403763,0.002948963548988104,0.002948963548988104,0.925,1.0,370,370
371,t2_b0,38,1,-0.02862916278132853,0.08635519444942474,0.006610700860619545,0.006610700860619545,0.9333333333333333,1.0,370,370
371,t2_b0,5,28,-0.0024636380464195177,0.08711357414722443,0.004012038465589285,0.004012038465589285,0.9166666666666667,1.0,370,370
372,t2_b0,12,34,0.07850081009176572,0.08568881452083588,2.5833724066615105e-05,2.5833724066615105e-05,0.9500000000000001,1.0,371,371
372,t2_b0,5,28,0.01985938978545134,0.08917742967605591,0.0024024953600019217,0.0024024953600019217,0.9166666666666667,1.0,371,371
372,t2_b0,24,39,0.20834536859732886,0.10957234352827072,0.004878055304288864,0.004878055304288864,0.9142857142857143,1.0,371,371
372,t2_b0,35,26,0.9365750414928259,0.07344646751880646,0.37249550223350525,0.37249550223350525,0.9500000000000001,1.0,371,371
372,t2_b0,30,29,-0.1328683220240236,0.0788351446390152,0.02240917831659317,0.02240917831659317,0.92,1.0,371,371
372,t2_b0,10,18,-0.11570017249089913,0.10676133632659912,0.024744560942053795,0.024744560942053795,0.9333333333333333,1.0,371,371
373,t2_b0,25,24,0.015231434281994772,0.11152566969394684,0.004636290017515421,0.004636290017515421,0.016666666666666666,1.0,372,372
373,t2_b0,1,8,-0.005185853917464907,0.051379989832639694,0.0015998473390936852,0.0015998473390936852,0.9333333333333333,1.0,372,372
373,t2_b0,31,30,-1.0,0.07936199754476547,0.5793620347976685,0.5793620347976685,0.03333333333333333,1.0,372,372
373,t2_b0,34,22,-0.11474134027961386,0.08224377036094666,0.019401567056775093,0.019401567056775093,0.9333333333333333,1.0,372,372
373,t2_b0,7,28,0.9394855667989365,0.09002293646335602,0.3607933819293976,0.3607933819293976,0.9500000000000001,1.0,372,372
373,t2_b0,11,36,-0.18454612640283152,0.09130147099494934,0.03804595395922661,0.03804595395922661,0.9166666666666667,1.0,372,372
373,t2_b0,20,38,0.7867542690408647,0.08271914720535278,0.24783271551132202,0.24783271551132202,0.9500000000000001,1.0,372,372
373,t2_b0,16,39,0.12338533405382567,0.1149502694606781,3.557514355634339e-05,3.557514355634339e-05,0.9166666666666667,1.0,372,372
374,t2_b0,21,16,-0.09304274146316893,0.1152215525507927,0.021687008440494537,0.021687008440494537,0.925,1.0,373,373
374,t2_b0,6,36,0.004201530679063453,0.09116790443658829,0.003781575011089444,0.003781575011089444,0.9166666666666667,1.0,373,373
374,t2_b0,17,8,0.0,0.08039972931146622,0.003232058137655258,0.003232058137655258,0.025,1.0,373,373
374,t2_b0,12,23,0.5091334667015595,0.0814170390367508,0.09147067368030548,0.09147067368030548,0.05,1.0,373,373
374,t2_b0,22,30,-8.392545943920014e-05,0.07900560647249222,0.003127576783299446,0.003127576783299446,0.9333333333333333,1.0,373,373
374,t2_b0,7,28,-0.13073483715245268,0.09269188344478607,0.02495974861085415,0.02495974861085415,0.925,1.0,373,373
375,t2_b0,38,20,0.0,0.08380010724067688,0.0035112290643155575,0.0035112290643155575,1.0,1.0,374,374
375,t2_b0,33,35,0.10319481003742954,0.0825449526309967,0.00021320831729099154,0.00021320831729099154,0.02,1.0,374,374
375,t2_b0,27,36,-0.27473856168528094,0.09324777126312256,0.06770696491003036,0.06770696491003036,0.9166666666666667,1.0,374,374
375,t2_b0,28,7,0.059440121491935366,0.09242076426744461,0.0005438614170998335,0.0005438614170998335,0.9125,1.0,374,374
375,t2_b0,18,16,-0.1002684741591383,0.11287745833396912,0.022715596482157707,0.022715596482157707,0.925,1.0,374,374
375,t2_b0,23,12,0.2178246769404276,0.08826147019863129,0.008393312804400921,0.008393312804400921,1.0,1.0,374,374
376,t2_b0,37,8,-0.1366122999370108,0.08727890253067017,0.025063633918762207,0.025063633918762207,0.92,1.0,375,375
376,t2_b0,4,36,-0.046012616847670995,0.09289084374904633,0.009647087194025517,0.009647087194025517,0.92,1.0,375,375
376,t2_b0,34,12,-0.014739555183716923,0.08561006188392639,0.005035023204982281,0.005035023204982281,1.0,1.0,375,375
376,t2_b0,14,7,0.056766440264371526,0.08940882235765457,0.0005327626131474972,0.0005327626131474972,0.925,1.0,375,375
376,t2_b0,29,22,-0.0970764897139401,0.07396699488162994,0.014627937227487564,0.014627937227487564,0.9333333333333333,1.0,375,375
376,t2_b0,9,39,-0.11208766441472176,0.11505484580993652,0.025796860456466675,0.025796860456466675,0.9333333333333333,1.0,375,375
377,t2_b0,5,28,0.0,0.09382584691047668,0.004401644691824913,0.004401644691824913,0.9166666666666667,1.0,376,376
377,t2_b0,8,17,0.2831915659696894,0.0834088921546936,0.01995655708014965,0.01995655708014965,0.9500000000000001,1.0,376,376
377,t2_b0,20,33,0.078669543627574,0.08150925487279892,4.031988737551728e-06,4.031988737551728e-06,0.9333333333333333,1.0,376,376
377,t2_b0,30,22,-0.043297687288336544,0.07034517079591751,0.00645734928548336,0.00645734928548336,0.9500000000000001,1.0,376,376
377,t2_b0,24,39,0.21939718016925694,0.1117590069770813,0.005792988929897547,0.005792988929897547,0.92,1.0,376,376
377,t2_b0,25,9,0.09904078194419039,0.10983256995677948,5.823132232762873e-05,5.823132232762873e-05,0.02,1.0,376,376
378,t2_b0,31,29,-0.10282664988640593,0.07046502828598022,0.015015003271400928,0.015015003271400928,0.9500000000000001,1.0,377,377
378,t2_b0,10,21,0.957585492562263,0.1090942919254303,0.3599686622619629,0.3599686622619629,1.0,1.0,377,377
378,t2_b0,38,37,0.9964294811411578,0.08602657169103622,0.41441676020622253,0.41441676020622253,0.9500000000000001,1.0,377,377
378,t2_b0,39,9,0.12592887559481614,0.11175006628036499,0.00010051936260424554,0.00010051936260424554,1.0,1.0,377,377
378,t2_b0,6,28,0.2613932307598163,0.0895083025097847,0.014772213995456696,0.014772213995456696,0.9333333333333333,1.0,377,377
378,t2_b0,35,17,-1.0,0.0870404988527298,0.5870405435562134,0.5870405435562134,0.925,1.0,377,377
378,t2_b0,16,24,0.0854223531735104,0.11969155073165894,0.0005871889879927039,0.0005871889879927039,0.9333333333333333,1.0,377,377
379,t2_b0,27,6,0.9980769898343632,0.09591057151556015,0.4069521427154541,0.4069521427154541,0.9333333333333333,1.0,378,378
379,t2_b0,11,28,0.20360797139311662,0.09359793365001678,0.006051104981452227,0.006051104981452227,0.925,1.0,378,378
379,t2_b0,17,37,-0.20836122289588754,0.07748168706893921,0.04085307940840721,0.04085307940840721,0.02,1.0,378,378
379,t2_b0,21,10,0.0,0.11263599246740341,0.006343433167785406,0.006343433167785406,1.0,1.0,378,378
379,t2_b0,22,29,0.015968736087972016,0.06851105391979218,0.0013803475303575397,0.0013803475303575397,0.9500000000000001,1.0,378,378
379,t2_b0,12,34,0.021168740621893382,0.0893610417842865,0.0023250950034707785,0.0023250950034707785,0.9500000000000001,1.0,378,378
380,t2_b0,36,11,0.0050983876471770795,0.09417515248060226,0.003967334982007742,0.003967334982007742,0.9500000000000001,1.0,379,379
380,t2_b0,8,30,-0.3332353681928999,0.09098640829324722,0.0899820625782013,0.0899820625782013,0.925,1.0,379,379
380,t2_b0,23,12,-0.04325923421159994,0.0921139121055603,0.009162943810224533,0.009162943810224533,1.0,1.0,379,379
380,t2_b0,33,20,0.0,0.08710464090108871,0.0037936093285679817,0.0037936093285679817,1.0,1.0,379,379
380,t2_b0,18,24,-0.03841381382512193,0.11893320083618164,0.01237904280424118,0.01237904280424118,0.9333333333333333,1.0,379,379
380,t2_b0,7,6,-0.4824097687541035,0.09650937467813492,0.1675737053155899,0.1675737053155899,0.925,1.0,379,379
380,t2_b0,38,17,0.33648816145308036,0.07986846566200256,0.032926831394433975,0.032926831394433975,0.016666666666666666,1.0,379,379
381,t2_b0,9,25,0.011699925433236755,0.1100148856639862,0.004832915961742401,0.004832915961742401,0.9500000000000001,1.0,380,380
381,t2_b0,34,12,0.11304031550626337,0.09229526668787003,0.00021517847198992968,0.00021517847198992968,1.0,1.0,380,380
381,t2_b0,29,22,0.1268977503145075,0.061496391892433167,0.002138668904080987,0.002138668904080987,0.9500000000000001,1.0,380,380
381,t2_b0,4,28,-0.4166370346108548,0.09505593031644821,0.1309148371219635,0.1309148371219635,0.925,1.0,380,380
381,t2_b0,24,16,0.2846471908758335,0.10885952413082123,0.015450652688741684,0.015450652688741684,0.9333333333333333,1.0,380,380
382,t2_b0,37,34,0.9986235617809911,0.08832261711359024,0.4143238663673401,0.4143238663673401,0.9500000000000001,1.0,381,381
382,t2_b0,20,38,-0.22812661071362794,0.07955090701580048,0.04733272269368172,0.04733272269368172,0.9333333333333333,1.0,381,381
382,t2_b0,25,18,0.12952920699235881,0.11948677152395248,5.042526390752755e-05,5.042526390752755e-05,0.9333333333333333,1.0,381,381
382,t2_b0,28,4,-0.06214446514855653,0.0959354043006897,0.01249462179839611,0.01249462179839611,0.925,1.0,381,381
382,t2_b0,30,8,0.07930149817133532,0.08484981954097748,1.5391931810881943e-05,1.5391931810881943e-05,0.9166666666666667,1.0,381,381
382,t2_b0,35,17,-0.39241931073172526,0.08155470341444016,0.11232568323612213,0.11232568323612213,0.925,1.0,381,381
383,t2_b0,31,29,0.016869230200645954,0.057118985801935196,0.00081002147635445,0.00081002147635445,1.0,1.0,382,382
383,t2_b0,11,28,0.29557345218003384,0.0955958217382431,0.019995523616671562,0.019995523616671562,0.92,1.0,382,382
383,t2_b0,36,22,0.0021572571552053877,0.08537869155406952,0.003462903667241335,0.003462903667241335,0.9500000000000001,1.0,382,382
383,t2_b0,6,14,0.0,0.09431594610214233,0.004447748884558678,0.004447748884558678,1.0,1.0,382,382
383,t2_b0,16,17,0.16031971112011714,0.09586136788129807,0.002077439334243536,0.002077439334243536,0.02,1.0,382,382
383,t2_b0,33,35,0.9120289456231973,0.08229568600654602,0.3442286252975464,0.3442286252975464,0.9500000000000001,1.0,382,382
383,t2_b0,39,34,0.9735482376024667,0.08988042175769806,0.3904344141483307,0.3904344141483307,0.03333333333333333,1.0,382,382
384,t2_b0,17,8,0.06805783931796068,0.09466888010501862,0.0003540736506693065,0.0003540736506693065,0.9166666666666667,1.0,383,383
384,t2_b0,22,29,-0.0597969377787068,0.07549141347408295,0.00915146991610527,0.00915146991610527,0.925,1.0,383,383
384,t2_b0,37,36,-0.42893410193252973,0.08419077098369598,0.13164857029914856,0.13164857029914856,0.9333333333333333,1.0,383,383
384,t2_b0,5,28,0.021127814496223515,0.0909651666879654,0.002438628114759922,0.002438628114759922,0.9500000000000001,1.0,383,383
384,t2_b0,14,6,0.9777005713691993,0.10149798542261124,0.38386547565460205,0.38386547565460205,1.0,1.0,383,383
384,t2_b0,12,34,0.29596353344628906,0.08759161829948425,0.021709425374865532,0.021709425374865532,1.0,1.0,383,383
384,t2_b0,7,11,-0.08385931173401498,0.09913960099220276,0.016744300723075867,0.016744300723075867,0.925,1.0,383,383
385,t2_b0,8,17,0.37699066134214104,0.09601905941963196,0.03947252407670021,0.03947252407670021,0.9166666666666667,1.0,384,384
385,t2_b0,38,35,0.48602904684380765,0.08727089315652847,0.07950404286384583,0.07950404286384583,0.9500000000000001,1.0,384,384
385,t2_b0,27,11,0.07818333436138458,0.09856164455413818,0.0002076376840705052,0.0002076376840705052,0.9333333333333333,1.0,384,384
385,t2_b0,19,10,0.9702414581591347,0.09452416747808456,0.38344043493270874,0.38344043493270874,1.0,1.0,381,384
386,t2_b0,18,30,-1.0,0.097260981798172,0.5972609519958496,0.5972609519958496,0.92,1.0,385,385
386,t2_b0,6,14,0.9806055641583091,0.15263886749744415,0.34276440739631653,0.34276440739631653,1.0,1.0,384,384
386,t2_b0,28,5,0.0,0.08425164222717285,0.0035491695161908865,0.0035491695161908865,0.9500000000000001,1.0,385,385
386,t2_b0,29,22,-0.02849222495088207,0.07866039872169495,0.005740842781960964,0.005740842781960964,0.92,1.0,385,385
386,t2_b0,24,8,0.09663848183783758,0.09491419792175293,1.4865714774714434e-06,1.4865714774714434e-06,0.9166666666666667,1.0,385,385
386,t2_b0,34,12,0.0,0.09453553706407547,0.004468483850359917,0.004468483850359917,1.0,1.0,385,385
386,t2_b0,9,10,0.02889326986840687,0.1053718850016594,0.0029244893230497837,0.0029244893230497837,1.0,1.0,385,385
386,t2_b0,4,11,0.213963289074609,0.1009788066148758,0.006382746156305075,0.006382746156305075,0.9333333333333333,1.0,385,385
387,t2_b0,25,24,0.003067913318867473,0.09662722796201706,0.004376673139631748,0.004376673139631748,0.9166666666666667,1.0,386,386
387,t2_b0,39,36,0.06402162010592417,0.07957295328378677,0.00012092202814528719,0.00012092202814528719,0.92,1.0,386,386
387,t2_b0,15,21,0.5474979203047527,0.12648539245128632,0.08862577378749847,0.08862577378749847,0.9500000000000001,1.0,386,1
387,t2_b0,23,7,0.9167009482129825,0.10231459140777588,0.33161258697509766,0.33161258697509766,1.0,1.0,386,386
387,t2_b0,14,6,0.06303551956254479,0.17647095024585724,0.006433798465877771,0.006433798465877771,1.0,1.0,385,385
387,t2_b0,30,18,-0.2856400495309664,0.09651362150907516,0.07302071899175644,0.07302071899175644,0.9142857142857143,1.0,386,386
387,t2_b0,20,35,0.06127385918266923,0.08731108903884888,0.0003389687044546008,0.0003389687044546008,0.9500000000000001,1.0,386,386
387,t2_b0,0,4,-0.0037238138665558525,0.06099134311079979,0.0020940257236361504,0.0020940257236361504,1.0,1.0,386,386
387,t2_b0,5,28,0.12852942638688608,0.08239121735095978,0.0010643673595041037,0.0010643673595041037,0.925,1.0,386,386
388,t2_b0,16,8,0.3873905924840167,0.09602870047092438,0.042445868253707886,0.042445868253707886,0.9166666666666667,1.0,387,387
388,t2_b0,21,15,0.0006606556738965875,0.17645545303821564,0.015451905317604542,0.015451905317604542,1.0,1.0,387,387
388,t2_b0,6,14,0.4050123812336404,0.19638608396053314,0.021762464195489883,0.021762464195489883,1.0,1.0,386,386
388,t2_b0,35,20,0.028976660322225758,0.09472426027059555,0.0021613736171275377,0.0021613736171275377,0.9333333333333333,1.0,387,387
388,t2_b0,36,28,0.16016718639205388,0.08282951265573502,0.0029905580449849367,0.0029905580449849367,0.925,1.0,387,387
388,t2_b0,10,30,-0.6655103797572608,0.09229958057403564,0.2871379554271698,0.2871379554271698,0.925,1.0,387,387
388,t2_b0,11,27,0.11675128333870885,0.09891250729560852,0.00015911096124909818,0.00015911096124909818,0.05,1.0,387,387
389,t2_b0,12,1,0.9533166058526916,0.08997160196304321,0.3726823031902313,0.3726823031902313,0.925,1.0,388,388
389,t2_b0,22,29,0.0,0.07803309708833694,0.0030445822048932314,0.0030445822048932314,0.9500000000000001,1.0,388,388
389,t2_b0,19,30,0.5384479487837366,0.09422984719276428,0.09866487234830856,0.09866487234830856,0.9166666666666667,1.0,388,388
389,t2_b0,7,10,-0.0009188727832449311,0.10329632461071014,0.005430403631180525,0.005430403631180525,0.9333333333333333,1.0,388,388
389,t2_b0,17,16,0.039682372254653694,0.09749548882246017,0.0016711781499907374,0.0016711781499907374,0.9166666666666667,1.0,388,388
389,t2_b0,37,5,-0.4542951514118934,0.08282606303691864,0.14424961805343628,0.14424961805343628,0.925,1.0,388,388
390,t2_b0,23,27,0.16353500610435817,0.09841055423021317,0.0021205965895205736,0.0021205965895205736,0.9333333333333333,1.0,389,389
390,t2_b0,28,36,-0.027564611256875992,0.08286543935537338,0.006097397767007351,0.006097397767007351,0.9500000000000001,1.0,389,389
390,t2_b0,1,31,0.026099012154473102,0.05441940203309059,0.00040102226193994284,0.00040102226193994284,0.9500000000000001,1.0,389,389
390,t2_b0,38,37,0.897278156738631,0.07577884197235107,0.33743053674697876,0.33743053674697876,1.0,1.0,389,389
390,t2_b0,8,16,0.28494253408997744,0.09823072701692581,0.017430651932954788,0.017430651932954788,0.92,1.0,389,389
391,t2_b0,18,25,0.18141139098995124,0.09683065116405487,0.003576950402930379,0.003576950402930379,0.016666666666666666,1.0,390,390
391,t2_b0,9,30,-0.4594796346819142,0.09825476258993149,0.1555338203907013,0.1555338203907013,0.9333333333333333,1.0,390,390
391,t2_b0,4,0,0.18854216277480998,0.08598341792821884,0.0052591473795473576,0.0052591473795473576,0.9333333333333333,1.0,390,390
391,t2_b0,39,3,0.3342211239602533,0.09857182204723358,0.027765296399593353,0.027765296399593353,0.92,1.0,390,390
391,t2_b0,14,11,-0.36420788298600903,0.11152984946966171,0.11316320300102234,0.11316320300102234,0.9333333333333333,1.0,390,390
391,t2_b0,33,5,0.17059788834726955,0.08396317064762115,0.003752786433324218,0.003752786433324218,0.925,1.0,390,390
391,t2_b0,24,16,0.27747040488147995,0.09661663323640823,0.016354044899344444,0.016354044899344444,0.9166666666666667,1.0,390,390
391,t2_b0,19,27,0.34155309934364925,0.10152087360620499,0.028807735070586205,0.028807735070586205,0.9166666666666667,1.0,390,390
392,t2_b0,35,1,-0.369919295623087,0.0917234793305397,0.10655702650547028,0.10655702650547028,0.925,1.0,391,391
392,t2_b0,3,39,0.029127906296234227,0.06519360840320587,0.0006503674085251987,0.0006503674085251987,0.9500000000000001,1.0,391,391
392,t2_b0,15,27,0.9004643819823789,0.09183373302221298,0.32694175839424133,0.32694175839424133,0.9166666666666667,1.0,391,391
392,t2_b0,25,24,0.12456533790898254,0.09734773635864258,0.000370398978702724,0.000370398978702724,0.92,1.0,391,391
392,t2_b0,0,4,-0.009647431802322384,0.05216458812355995,0.0019103629747405648,0.0019103629747405648,0.9500000000000001,1.0,391,391
392,t2_b0,10,23,0.21894908913044006,0.1091177761554718,0.006031459197402,0.006031459197402,1.0,1.0,391,391
392,t2_b0,13,21,0.8829546618932974,0.12970475852489471,0.28369268774986267,0.28369268774986267,1.0,1.0,389,389
392,t2_b0,5,36,0.0023264905061282618,0.08537210524082184,0.003448287257924676,0.003448287257924676,0.92,1.0,391,391
393,t2_b0,6,14,0.0,0.11518251895904541,0.006633506156504154,0.006633506156504154,1.0,1.0,392,392
393,t2_b0,11,4,0.26961119223716856,0.0951535627245903,0.015217728912830353,0.015217728912830353,0.9333333333333333,1.0,392,392
393,t2_b0,20,1,-0.6812901336902162,0.0904969796538353,0.29782766103744507,0.29782766103744507,0.9500000000000001,1.0,392,392
393,t2_b0,27,30,-0.15684923242260418,0.09716658294200897,0.032262012362480164,0.032262012362480164,0.925,1.0,392,392
393,t2_b0,36,3,0.22549739965648977,0.0909293070435524,0.009054286405444145,0.009054286405444145,0.9142857142857143,1.0,392,392
394,t2_b0,21,30,0.5302495118053169,0.09937669336795807,0.09282571077346802,0.09282571077346802,0.9142857142857143,1.0,393,393
394,t2_b0,31,6,0.9865054698165421,0.1448805332183838,0.3541662395000458,0.3541662395000458,1.0,1.0,393,393
394,t2_b0,37,39,0.27843848555325873,0.08826673030853271,0.018082646653056145,0.018082646653056145,0.016666666666666666,1.0,393,393
394,t2_b0,1,17,0.2535123394655804,0.06187563017010689,0.018362317234277725,0.018362317234277725,0.92,1.0,393,393
395,t2_b0,28,5,0.05526312927411552,0.08723493665456772,0.0005110982456244528,0.0005110982456244528,0.9500000000000001,1.0,394,394
395,t2_b0,32,13,0.9695285032505286,0.12728933990001678,0.35468339920043945,0.35468339920043945,1.0,1.0,394,394
395,t2_b0,8,1,0.27401289282836017,0.09656140953302383,0.015744516626000404,0.015744516626000404,0.92,1.0,394,394
395,t2_b0,23,15,0.03107019311147162,0.11008430272340775,0.0031216146890074015,0.0031216146890074015,0.9500000000000001,1.0,394,394
395,t2_b0,18,16,0.06999903563324389,0.09547600895166397,0.00032453800668008626,0.00032453800668008626,0.9142857142857143,1.0,394,394
395,t2_b0,33,3,0.07823512572660006,0.0939767062664032,0.0001238986587850377,0.0001238986587850377,0.9333333333333333,1.0,394,394
395,t2_b0,27,30,0.44934944710671004,0.09847614169120789,0.06155603379011154,0.06155603379011154,0.92,1.0,394,394
395,t2_b0,38,36,-0.3329528933266937,0.08923374116420746,0.0891207680106163,0.0891207680106163,0.025,1.0,394,394
395,t2_b0,2,7,0.07314714652713847,0.09038564562797546,0.00014858289796393365,0.00014858289796393365,0.9500000000000001,1.0,394,394
396,t2_b0,14,19,-0.18649003986904103,0.10549218952655792,0.04262681305408478,0.04262681305408478,0.9333333333333333,1.0,395,395
396,t2_b0,39,3,-0.18767242446465,0.09406408667564392,0.03968772664666176,0.03968772664666176,0.9166666666666667,1.0,395,395
396,t2_b0,24,1,0.019684950091040355,0.09565965831279755,0.0028860783204436302,0.0028860783204436302,0.9142857142857143,1.0,395,395
396,t2_b0,30,18,-0.08179751538336982,0.09440167248249054,0.015523078851401806,0.015523078851401806,0.9142857142857143,1.0,395,395
396,t2_b0,16,25,0.0,0.0904625654220581,0.004091737791895866,0.004091737791895866,0.016666666666666666,1.0,395,395
396,t2_b0,7,2,-0.021670316225261367,0.12230666726827621,0.010364686138927937,0.010364686138927937,0.9500000000000001,1.0,395,395
396,t2_b0,13,32,0.0331561984569924,0.0970088392496109,0.0020385796669870615,0.0020385796669870615,0.02,1.0,395,395
396,t2_b0,4,0,0.16969291780327447,0.08121652901172638,0.003914035856723785,0.003914035856723785,0.92,1.0,395,395
397,t2_b0,0,4,-0.011317068762628297,0.04816575348377228,0.0017691029934212565,0.0017691029934212565,0.9166666666666667,1.0,396,396
397,t2_b0,5,28,0.02933551680219086,0.0881870910525322,0.0017317538149654865,0.0017317538149654865,0.92,1.0,396,396
397,t2_b0,3,36,0.026706934975214126,0.06101233512163162,0.0005884302663616836,0.0005884302663616836,0.92,1.0,396,396
397,t2_b0,17,8,0.14063983983530148,0.09864185005426407,0.0008819156209938228,0.0008819156209938228,0.925,1.0,396,396
397,t2_b0,25,1,0.2717564820430814,0.09810242056846619,0.01507786475121975,0.01507786475121975,0.9142857142857143,1.0,396,396
397,t2_b0,26,32,0.9084646647848866,0.13914932310581207,0.29592305421829224,0.29592305421829224,1.0,1.0,396,396
397,t2_b0,20,35,-0.06224197650787833,0.09052368998527527,0.0116686737164855,0.0116686737164855,1.0,1.0,396,396
397,t2_b0,9,2,-0.08733715410946521,0.11589593440294266,0.020651845261454582,0.020651845261454582,0.9166666666666667,1.0,396,396
398,t2_b0,12,36,0.07603128331757535,0.08856603503227234,7.856001320760697e-05,7.856001320760697e-05,0.925,1.0,397,397
398,t2_b0,26,32,0.06772776006835435,0.15534991025924683,0.0038388206157833338,0.0038388206157833338,1.0,1.0,397,397
398,t2_b0,30,1,0.012170157178017036,0.09848139435052872,0.003724814625456929,0.003724814625456929,0.9125,1.0,397,397
398,t2_b0,22,0,0.9499114108252771,0.07252253592014313,0.3849056363105774,0.3849056363105774,0.9333333333333333,1.0,397,397
398,t2_b0,11,4,-0.08120456132315872,0.08263517916202545,0.013421731069684029,0.013421731069684029,0.9166666666666667,1.0,397,397
398,t2_b0,35,17,-0.36996457586318526,0.09257973730564117,0.10697362571954727,0.10697362571954727,0.9500000000000001,1.0,397,397
398,t2_b0,21,27,-0.05911225734360522,0.10401884466409683,0.013305878266692162,0.013305878266692162,0.9333333333333333,1.0,397,397
399,t2_b0,22,0,0.18880548777703168,0.07358741760253906,0.006637602113187313,0.006637602113187313,0.925,1.0,398,398
399,t2_b0,17,8,0.5316617881333291,0.09278658032417297,0.0963057354092598,0.0963057354092598,0.925,1.0,398,398
399,t2_b0,36,3,0.036303812830116425,0.09013675898313522,0.00144899298902601,0.00144899298902601,0.9166666666666667,1.0,398,398
399,t2_b0,31,15,0.3347858321932094,0.07251222431659698,0.03439372405409813,0.03439372405409813,0.014285714285714287,1.0,398,398
399,t2_b0,2,27,0.0,0.0923413410782814,0.004263461567461491,0.004263461567461491,0.925,1.0,398,398
399,t2_b0,6,23,-0.110675199904284,0.08868767321109772,0.01987277716398239,0.01987277716398239,0.925,1.0,398,398
399,t2_b0,37,38,-0.058800810502400686,0.08577189594507217,0.010450633242726326,0.010450633242726326,0.03333333333333333,1.0,398,398
399,t2_b0,1,30,-0.023689118028135506,0.06757988035678864,0.004165015183389187,0.004165015183389187,0.9125,1.0,398,398
399,t2_b0,34,32,0.7752980788227756,0.15712174773216248,0.19107098877429962,0.19107098877429962,0.9500000000000001,1.0,398,398
400,t2_b0,13,30,0.5863136288304137,0.09828701615333557,0.11908497661352158,0.11908497661352158,0.016666666666666666,1.0,399,399
400,t2_b0,23,6,0.08816852240080181,0.09932488203048706,6.223216041689739e-05,6.223216041689739e-05,0.925,1.0,399,399
400,t2_b0,33,37,0.10944498216776376,0.08186179399490356,0.00038041616789996624,0.00038041616789996624,1.0,1.0,399,399
400,t2_b0,8,17,0.15756322144816742,0.09583714604377747,0.0019050543196499348,0.0019050543196499348,0.925,1.0,399,399
400,t2_b0,32,1,0.5193648236260493,0.10998596251010895,0.08379553258419037,0.08379553258419037,0.9111111111111111,1.0,399,399
400,t2_b0,38,3,0.019109268967737333,0.09131244570016861,0.0026066491845995188,0.0026066491845995188,0.925,1.0,399,399
400,t2_b0,19,0,-0.13834085657123998,0.07624957710504532,0.023024525493383408,0.023024525493383408,0.9166666666666667,1.0,399,399
400,t2_b0,18,16,-0.11765099434581185,0.09594853222370148,0.022812379524111748,0.022812379524111748,0.0125,1.0,399,399
400,t2_b0,10,22,-0.21098032072144962,0.0730966329574585,0.04034985974431038,0.04034985974431038,0.014285714285714287,1.0,399,399
400,t2_b0,28,5,0.016535292961869792,0.08677630126476288,0.0024668993428349495,0.0024668993428349495,0.9333333333333333,1.0,399,399
401,t2_b0,29,32,0.9131677718025474,0.1350603699684143,0.30272555351257324,0.30272555351257324,0.9333333333333333,1.0,400,400
401,t2_b0,34,26,0.234820730720452,0.13364426791667938,0.005118337459862232,0.005118337459862232,0.03333333333333333,1.0,400,400
401,t2_b0,24,1,0.26317838847841996,0.0980476588010788,0.01363407727330923,0.01363407727330923,0.9142857142857143,1.0,400,400
401,t2_b0,39,3,-0.10612672204527338,0.0905391275882721,0.019338728860020638,0.019338728860020638,0.9166666666666667,1.0,400,400
401,t2_b0,9,2,-0.04543842272068274,0.1148206889629364,0.012841491959989071,0.012841491959989071,0.9166666666666667,1.0,400,400
401,t2_b0,4,0,0.06807525987454087,0.0777154266834259,4.646638626581989e-05,4.646638626581989e-05,0.9142857142857143,1.0,400,400
402,t2_b0,30,1,0.18415200542496238,0.10176003724336624,0.0033942183945327997,0.0033942183945327997,0.9111111111111111,1.0,401,401
402,t2_b0,12,3,0.13409235607973347,0.09077000617980957,0.0009384131990373135,0.0009384131990373135,0.9166666666666667,1.0,401,401
402,t2_b0,20,35,0.30702479826627466,0.08931595087051392,0.02369857206940651,0.02369857206940651,1.0,1.0,401,401
402,t2_b0,10,0,-0.013330450334166717,0.0795600414276123,0.0043143220245838165,0.0043143220245838165,0.9142857142857143,1.0,401,401
403,t2_b0,15,11,-0.08306025335113895,0.0762745812535286,0.012693795375525951,0.012693795375525951,0.014285714285714287,1.0,402,402
403,t2_b0,0,4,-0.028868596196052865,0.04233536869287491,0.0025350020732730627,0.0025350020732730627,0.9166666666666667,1.0,402,402
403,t2_b0,35,20,-0.09776490193763669,0.09324424713850021,0.018242247402668,0.018242247402668,0.9500000000000001,1.0,402,402
403,t2_b0,3,5,0.08650124221615298,0.05854089930653572,0.00039089034544304013,0.00039089034544304013,0.92,1.0,402,402
403,t2_b0,25,1,-0.11729566129775462,0.10135193169116974,0.023903386667370796,0.023903386667370796,0.9142857142857143,1.0,402,402
403,t2_b0,6,23,0.23777237587035877,0.09737247228622437,0.009856066666543484,0.009856066666543484,0.92,1.0,402,402
403,t2_b0,36,28,0.2204403455918694,0.08683177828788757,0.008925624191761017,0.008925624191761017,0.016666666666666666,1.0,402,402
404,t2_b0,14,30,-0.3899882380145431,0.1026170551776886,0.12132999300956726,0.12132999300956726,0.016666666666666666,1.0,403,403
404,t2_b0,32,1,0.36539499522564467,0.10590275377035141,0.03366811200976372,0.03366811200976372,0.91,1.0,403,403
404,t2_b0,33,37,0.9405426499803844,0.08746233582496643,0.3638729751110077,0.3638729751110077,1.0,1.0,401,401
404,t2_b0,19,0,-0.03191200524471993,0.07190503180027008,0.005388988647609949,0.005388988647609949,0.9125,1.0,403,403
404,t2_b0,12,3,0.2685566841806237,0.08995229005813599,0.015949765220284462,0.015949765220284462,0.9166666666666667,1.0,403,403
404,t2_b0,2,27,0.022402644474729234,0.08825135231018066,0.0021680262871086597,0.0021680262871086597,0.925,1.0,403,403
404,t2_b0,11,4,-0.07267364003865698,0.08000753819942474,0.011655770242214203,0.011655770242214203,0.92,1.0,403,403
404,t2_b0,17,8,0.06190362083988574,0.09531770646572113,0.0005582505255006254,0.0005582505255006254,0.925,1.0,403,403
405,t2_b0,13,21,0.27214744602944474,0.09302941709756851,0.01604163646697998,0.01604163646697998,0.9333333333333333,1.0,404,404
405,t2_b0,22,0,-0.9456609830396578,0.07159261405467987,0.5172536373138428,0.5172536373138428,0.925,1.0,404,404
405,t2_b0,28,5,0.022843114928190206,0.08855347335338593,0.002158925635740161,0.002158925635740161,0.9333333333333333,1.0,404,404
405,t2_b0,18,1,0.11459294685029142,0.10312705487012863,6.573334394488484e-05,6.573334394488484e-05,0.9125,1.0,404,404
405,t2_b0,23,6,-0.0029838660461929695,0.10501127690076828,0.005831475835293531,0.005831475835293531,0.9500000000000001,1.0,404,404
405,t2_b0,38,3,-0.2436288989871224,0.08996416628360748,0.05564216896891594,0.05564216896891594,0.9333333333333333,1.0,404,404
405,t2_b0,8,17,-0.0006293962985458287,0.09818818420171738,0.004882457200437784,0.004882457200437784,0.925,1.0,404,404
405,t2_b0,33,37,0.46913001947684013,0.09522572159767151,0.0699022114276886,0.0699022114276886,1.0,1.0,402,402
406,t2_b0,37,33,0.009860939592000253,0.1075117215514183,0.004767837468534708,0.004767837468534708,1.0,1.0,403,403
406,t2_b0,34,32,0.4135273726895701,0.10847897827625275,0.04652726650238037,0.04652726650238037,0.9333333333333333,1.0,405,405
406,t2_b0,4,0,0.25083299640592355,0.07282108068466187,0.01584412343800068,0.01584412343800068,0.9142857142857143,1.0,405,405
406,t2_b0,5,12,0.0,0.08444245159626007,0.0035652637016028166,0.0035652637016028166,0.02,1.0,405,405
406,t2_b0,39,3,0.017275273493619774,0.090641550719738,0.0026913052424788475,0.0026913052424788475,0.9333333333333333,1.0,405,405
406,t2_b0,9,2,-0.008120255520603746,0.10861451923847198,0.006813503801822662,0.006813503801822662,0.9166666666666667,1.0,405,405
406,t2_b0,24,1,0.47369500804234926,0.10049839317798615,0.06963784992694855,0.06963784992694855,0.92,1.0,405,405
407,t2_b0,19,0,-0.11949899798912773,0.07284583896398544,0.018498269841074944,0.018498269841074944,0.9500000000000001,1.0,406,406
407,t2_b0,25,1,0.08383815449658717,0.10508174449205399,0.00022564499522559345,0.00022564499522559345,0.9142857142857143,1.0,406,406
407,t2_b0,20,17,-0.6665736178091278,0.09483712911605835,0.2898731827735901,0.2898731827735901,0.9500000000000001,1.0,406,406
407,t2_b0,29,32,0.19607087634204506,0.11770042777061462,0.003070963779464364,0.003070963779464364,0.9333333333333333,1.0,406,406
407,t2_b0,35,8,-0.345687522679756,0.09637478739023209,0.0977095365524292,0.0977095365524292,0.925,1.0,406,406
407,t2_b0,21,31,0.23585133312805587,0.07407313585281372,0.013086092658340931,0.013086092658340931,0.014285714285714287,1.0,406,406
407,t2_b0,30,9,-0.1212833724131731,0.09989383071660995,0.024459678679704666,0.024459678679704666,0.01,1.0,406,406
407,t2_b0,3,5,0.03423236500963969,0.055109910666942596,0.0002179359144065529,0.0002179359144065529,0.9333333333333333,1.0,406,406
408,t2_b0,10,11,0.9738317923192389,0.07425819337368011,0.4046162962913513,0.4046162962913513,1.0,1.0,407,407
408,t2_b0,6,27,0.23259149620759242,0.09264618158340454,0.009792345575988293,0.009792345575988293,0.9333333333333333,1.0,407,407
408,t2_b0,16,8,-0.09715616428050605,0.0976267158985138,0.0189701858907938,0.0189701858907938,0.9166666666666667,1.0,407,407
408,t2_b0,36,3,0.2768674646789665,0.0858299732208252,0.018247663974761963,0.018247663974761963,0.925,1.0,407,407
408,t2_b0,14,1,-0.11208015636308953,0.10433556139469147,0.02341788075864315,0.02341788075864315,0.9166666666666667,1.0,407,407
408,t2_b0,31,12,-0.1753137248350782,0.08155074715614319,0.032989684492349625,0.032989684492349625,0.925,1.0,407,407
408,t2_b0,0,4,0.0,0.038217924535274506,0.0007303048623725772,0.0007303048623725772,0.92,1.0,407,407
409,t2_b0,5,3,-0.1014607694317829,0.08847817778587341,0.018038401380181313,0.018038401380181313,0.92,1.0,408,408
409,t2_b0,22,0,-0.2802314774396887,0.0674821138381958,0.06045237183570862,0.06045237183570862,0.925,1.0,408,408
409,t2_b0,27,1,-0.07434744187760225,0.10286694765090942,0.015702469274401665,0.015702469274401665,0.9125,1.0,408,408
409,t2_b0,17,8,0.13825434364461153,0.09487228840589523,0.0009410014026798308,0.0009410014026798308,0.92,1.0,408,408
410,t2_b0,32,1,-0.2393833461557138,0.10400364547967911,0.058957308530807495,0.058957308530807495,0.9125,1.0,409,409
410,t2_b0,38,3,0.05292846175950923,0.08675038069486618,0.000571961048990488,0.000571961048990488,0.925,1.0,409,409
410,t2_b0,7,8,0.14725623791393425,0.09840689599514008,0.0011931292247027159,0.0011931292247027159,0.92,1.0,409,409
410,t2_b0,13,21,0.03211238029520936,0.06794039905071259,0.0006418235134333372,0.0006418235134333372,0.92,1.0,409,409
410,t2_b0,11,0,-0.11986377358747512,0.06875264644622803,0.017788078635931015,0.017788078635931015,0.9125,1.0,409,409
411,t2_b0,34,32,0.3496104141357665,0.11047384142875671,0.0285931508988142,0.0285931508988142,0.9333333333333333,1.0,410,410
411,t2_b0,26,9,0.35287545668466974,0.10341537743806839,0.031115170568227768,0.031115170568227768,0.92,1.0,410,410
411,t2_b0,3,36,0.10949490335979972,0.05162473022937775,0.0016744784079492092,0.0016744784079492092,0.92,1.0,410,410
411,t2_b0,8,24,-0.11437890007004213,0.09698708355426788,0.022337788715958595,0.022337788715958595,0.016666666666666666,1.0,410,410
411,t2_b0,4,0,0.0026737150464564265,0.06910387426614761,0.0022064829245209694,0.0022064829245209694,0.9125,1.0,410,410
411,t2_b0,23,13,0.001252325454634813,0.07646328955888748,0.002828344702720642,0.002828344702720642,0.9333333333333333,1.0,410,410
411,t2_b0,14,1,0.0038391693694458484,0.10338596999645233,0.00495478231459856,0.00495478231459856,0.9166666666666667,1.0,410,410
412,t2_b0,33,36,-0.756956610872549,0.08174403011798859,0.35170939564704895,0.35170939564704895,0.03333333333333333,1.0,411,411
412,t2_b0,2,27,-0.022615864056258775,0.08013539761304855,0.005278910975903273,0.005278910975903273,0.925,1.0,411,411
412,t2_b0,5,3,-0.13247195872715564,0.08483748137950897,0.023611698299646378,0.023611698299646378,0.92,1.0,411,411
412,t2_b0,1,30,0.012962415747553978,0.07382510602474213,0.0018521335441619158,0.0018521335441619158,0.92,1.0,411,411
412,t2_b0,29,34,0.07991105496576875,0.12593653798103333,0.0010591726750135422,0.0010591726750135422,0.03333333333333333,1.0,411,411
412,t2_b0,10,0,-0.19170896401968165,0.07014378160238266,0.03428342938423157,0.03428342938423157,0.9166666666666667,1.0,411,411
412,t2_b0,28,31,-0.06404075609942105,0.08052127063274384,0.010449090972542763,0.010449090972542763,0.02,1.0,411,411
412,t2_b0,24,17,0.20577226342385654,0.09699878841638565,0.005915834568440914,0.005915834568440914,0.9166666666666667,1.0,411,411
412,t2_b0,20,16,-0.23193728972770802,0.09622006118297577,0.053843628615140915,0.053843628615140915,0.925,1.0,411,411
412,t2_b0,25,35,0.003959628903038579,0.09653887152671814,0.004285458475351334,0.004285458475351334,0.02,1.0,411,411
413,t2_b0,31,5,-0.11332053908321063,0.0700906366109848,0.016819830983877182,0.016819830983877182,0.9500000000000001,1.0,412,412
413,t2_b0,36,3,0.0,0.08033665269613266,0.003226988948881626,0.003226988948881626,0.9166666666666667,1.0,412,412
413,t2_b0,11,0,-0.04929398622832909,0.07109891623258591,0.007247225847095251,0.007247225847095251,0.9111111111111111,1.0,412,412
413,t2_b0,9,32,0.000736853953922021,0.09939649701118469,0.004866862669587135,0.004866862669587135,0.016666666666666666,1.0,412,412
413,t2_b0,6,1,0.023763493960334617,0.1024799570441246,0.003098140936344862,0.003098140936344862,0.925,1.0,412,412
413,t2_b0,16,17,-0.020113117984170956,0.09896881878376007,0.007090253755450249,0.007090253755450249,0.9125,1.0,412,412
414,t2_b0,1,30,0.01210033194850708,0.07292227447032928,0.0018496543634682894,0.0018496543634682894,0.92,1.0,413,413
414,t2_b0,17,16,-0.05984512648328545,0.09963425993919373,0.012716836296021938,0.012716836296021938,0.92,1.0,413,413
414,t2_b0,26,9,-0.05521304198165783,0.09868902713060379,0.011842923238873482,0.011842923238873482,0.9166666666666667,1.0,413,413
414,t2_b0,37,3,0.9690504747909533,0.08465178310871124,0.3910805284976959,0.3910805284976959,0.9333333333333333,1.0,413,413
414,t2_b0,32,34,0.2649168800813219,0.09877635538578033,0.013801334425807,0.013801334425807,0.0125,1.0,413,413
414,t2_b0,22,0,-0.7771989155969499,0.07080404460430145,0.3595545291900635,0.3595545291900635,0.92,1.0,413,413
414,t2_b0,15,11,-0.0663901873743407,0.06582231819629669,0.008740073069930077,0.008740073069930077,0.011111111111111112,1.0,413,413
414,t2_b0,35,24,-0.00044826025180386776,0.09878631681203842,0.004923750180751085,0.004923750180751085,0.9125,1.0,413,413
414,t2_b0,2,27,0.0,0.0787281021475792,0.00309905712492764,0.00309905712492764,0.925,1.0,413,413
415,t2_b0,27,2,0.0,0.09531337022781372,0.004542319104075432,0.004542319104075432,0.9166666666666667,1.0,414,414
415,t2_b0,8,16,0.0,0.10089702159166336,0.005090104416012764,0.005090104416012764,0.9166666666666667,1.0,414,414
415,t2_b0,19,38,0.5406008650060105,0.0791546031832695,0.10646630823612213,0.10646630823612213,1.0,1.0,414,414
415,t2_b0,13,21,0.10539928626482517,0.07820229977369308,0.0003698380896821618,0.0003698380896821618,0.9166666666666667,1.0,414,414
415,t2_b0,30,1,0.007703445700489105,0.09448008239269257,0.0037650922313332558,0.0037650922313332558,0.92,1.0,414,414
415,t2_b0,0,12,0.0034562736755486758,0.029621995985507965,0.000342322513461113,0.000342322513461113,0.9166666666666667,1.0,414,414
415,t2_b0,33,3,-0.1969760065335413,0.08278694748878479,0.03913365676999092,0.03913365676999092,0.92,1.0,414,414
416,t2_b0,28,3,-0.0996274462782653,0.08201432228088379,0.016496863216161728,0.016496863216161728,0.925,1.0,415,415
416,t2_b0,34,32,0.03187827404967027,0.09939606487751007,0.0022793258540332317,0.0022793258540332317,0.925,1.0,415,415
416,t2_b0,9,18,-0.3040391787814039,0.09589703381061554,0.07997447997331619,0.07997447997331619,0.0125,1.0,415,415
416,t2_b0,14,1,0.02540984922379699,0.09924426674842834,0.0027257606852799654,0.0027257606852799654,0.9166666666666667,1.0,415,415
416,t2_b0,12,0,-0.044164827979397366,0.05989062041044235,0.005413768347352743,0.005413768347352743,0.9166666666666667,1.0,415,415
416,t2_b0,19,38,-0.04930832066301891,0.08778756856918335,0.009397642686963081,0.009397642686963081,1.0,1.0,415,415
416,t2_b0,24,16,0.22133858454663674,0.09854086488485336,0.0075396401807665825,0.0075396401807665825,0.92,1.0,415,415
417,t2_b0,20,17,0.9595222451472842,0.10012547671794891,0.3692813813686371,0.3692813813686371,1.0,1.0,416,416
417,t2_b0,39,16,0.4168083168637237,0.10659883916378021,0.04811495169997215,0.04811495169997215,0.92,1.0,416,416
417,t2_b0,29,32,0.06699605787272764,0.10825586318969727,0.0008511856431141496,0.0008511856431141496,0.9333333333333333,1.0,416,416
417,t2_b0,23,1,-0.5437368682150036,0.09089110046625137,0.20137634873390198,0.20137634873390198,0.92,1.0,416,416
417,t2_b0,4,0,-0.09698945163052566,0.06303250789642334,0.012803513556718826,0.012803513556718826,0.9142857142857143,1.0,416,416
417,t2_b0,3,28,-0.016981154875869247,0.04482167214155197,0.0019097947515547276,0.0019097947515547276,0.925,1.0,416,416
417,t2_b0,38,5,-0.09195952682021732,0.0814254879951477,0.015031183138489723,0.015031183138489723,0.9500000000000001,1.0,416,416
418,t2_b0,25,16,0.1554378115990281,0.10244791209697723,0.00140396470669657,0.00140396470669657,0.9166666666666667,1.0,417,417
418,t2_b0,26,2,0.023797900445511774,0.0952187329530716,0.0025504676159471273,0.0025504676159471273,0.9166666666666667,1.0,417,417
418,t2_b0,7,38,-0.5131991758745319,0.10379394888877869,0.19034022092819214,0.19034022092819214,0.9166666666666667,1.0,417,417
418,t2_b0,31,3,0.21898366695153668,0.07528464496135712,0.010324704460799694,0.010324704460799694,0.9333333333333333,1.0,417,417
418,t2_b0,10,0,-0.5166743699720214,0.0640450194478035,0.16861751675605774,0.16861751675605774,0.925,1.0,417,417
418,t2_b0,6,1,-0.03238870083269896,0.09353331476449966,0.00792817771434784,0.00792817771434784,0.925,1.0,417,417
418,t2_b0,5,28,0.0,0.07556218653917313,0.0028548219706863165,0.0028548219706863165,0.9333333333333333,1.0,417,417
419,t2_b0,16,17,0.36091183111644937,0.10242437571287155,0.03340787813067436,0.03340787813067436,0.9125,1.0,418,418
419,t2_b0,37,3,0.1858082199786474,0.0760623887181282,0.0060220742598176,0.0060220742598176,0.9500000000000001,1.0,418,418
419,t2_b0,1,11,-0.03196150704570441,0.06234148517251015,0.0044465274550020695,0.0044465274550020695,0.92,1.0,418,418
419,t2_b0,22,0,-0.05897873002167236,0.06381053477525711,0.007538601756095886,0.007538601756095886,0.92,1.0,418,418
419,t2_b0,2,27,-0.06903225952396752,0.0761060118675232,0.010532557964324951,0.010532557964324951,0.92,1.0,418,418
420,t2_b0,0,10,-0.007111851310051233,0.025456584990024567,0.0005303515354171395,0.0005303515354171395,0.9166666666666667,1.0,419,419
420,t2_b0,28,5,0.10409189269572106,0.0687091052532196,0.0006259707151912153,0.0006259707151912153,0.9333333333333333,1.0,419,419
420,t2_b0,35,1,-0.07573405333400444,0.09010035544633865,0.013750526122748852,0.013750526122748852,0.925,1.0,419,419
420,t2_b0,27,2,0.0,0.08946970105171204,0.004002413712441921,0.004002413712441921,0.9166666666666667,1.0,419,419
420,t2_b0,33,3,0.24184438472510048,0.07785648107528687,0.013446016237139702,0.013446016237139702,0.9500000000000001,1.0,419,419
420,t2_b0,7,38,0.3018510282723601,0.10350745916366577,0.019670085981488228,0.019670085981488228,0.92,1.0,419,419
420,t2_b0,18,26,-0.019327876671672774,0.10136115550994873,0.007282921578735113,0.007282921578735113,0.014285714285714287,1.0,419,419
420,t2_b0,15,23,-0.04340043428410366,0.06294944882392883,0.00565514899790287,0.00565514899790287,0.0125,1.0,419,419
421,t2_b0,9,18,-0.034578717177909404,0.09208893775939941,0.008022346533834934,0.008022346533834934,0.011111111111111112,1.0,420,420
421,t2_b0,19,5,-0.328693242021195,0.06466318666934967,0.07736464589834213,0.07736464589834213,0.9500000000000001,1.0,420,420
421,t2_b0,32,2,0.1559734044466516,0.09090214967727661,0.002117134165018797,0.002117134165018797,0.9125,1.0,420,420
421,t2_b0,21,0,-0.030494935566747875,0.061484359204769135,0.004230095539242029,0.004230095539242029,0.9166666666666667,1.0,420,420
421,t2_b0,3,37,0.0,0.04271616041660309,0.0009123351774178445,0.0009123351774178445,0.9500000000000001,1.0,420,420
421,t2_b0,34,26,0.011748115061241527,0.09443575143814087,0.0034186227712780237,0.0034186227712780237,0.9333333333333333,1.0,420,420
421,t2_b0,11,1,0.13976195359265958,0.08668242394924164,0.0014087182935327291,0.0014087182935327291,0.92,1.0,420,420
421,t2_b0,17,38,-0.03663024848195025,0.10092590749263763,0.00946084689348936,0.00946084689348936,0.92,1.0,420,420
421,t2_b0,39,24,-0.49403166174938534,0.0975172147154808,0.1749650239944458,0.1749650239944458,0.9142857142857143,1.0,420,420
421,t2_b0,30,20,0.921648514997929,0.10517003387212753,0.3333185613155365,0.3333185613155365,0.9500000000000001,1.0,420,420
422,t2_b0,35,1,0.4930993740536723,0.0872395858168602,0.08236107230186462,0.08236107230186462,0.925,1.0,421,421
422,t2_b0,14,39,-0.06186245045129539,0.08468317985534668,0.010737811215221882,0.010737811215221882,0.014285714285714287,1.0,421,421
422,t2_b0,30,8,-0.11890541474752009,0.102231465280056,0.02445076033473015,0.02445076033473015,0.925,1.0,421,421
422,t2_b0,15,0,0.04227177517376694,0.06256625801324844,0.00020593302906490862,0.00020593302906490862,0.9142857142857143,1.0,421,421
422,t2_b0,25,16,0.3057036469365723,0.09212136268615723,0.02280869521200657,0.02280869521200657,0.92,1.0,421,421
422,t2_b0,5,28,0.2070256488624752,0.06410567462444305,0.01021305937319994,0.01021305937319994,0.9500000000000001,1.0,421,421
422,t2_b0,29,32,-0.06565853416526418,0.105961874127388,0.014726780354976654,0.014726780354976654,0.9333333333333333,1.0,421,421
422,t2_b0,4,10,0.20355254878839862,0.049368295818567276,0.011886391788721085,0.011886391788721085,1.0,1.0,421,421
422,t2_b0,23,11,0.08318430237914873,0.07915780693292618,8.106330824375618e-06,8.106330824375618e-06,0.02,1.0,421,421
422,t2_b0,38,17,-0.3034590631275009,0.10103931277990341,0.08180946856737137,0.08180946856737137,0.925,1.0,421,421
423,t2_b0,31,28,0.018624771905424834,0.06439507007598877,0.0010474601294845343,0.0010474601294845343,0.9500000000000001,1.0,422,422
423,t2_b0,24,16,0.2604378267948209,0.09675093740224838,0.01339669618755579,0.01339669618755579,0.92,1.0,422,422
423,t2_b0,13,21,0.012391473180352582,0.0690106451511383,0.0016028652898967266,0.0016028652898967266,0.92,1.0,422,422
423,t2_b0,26,2,0.029100964256747876,0.09192454814910889,0.0019734015222638845,0.0019734015222638845,0.9142857142857143,1.0,422,422
423,t2_b0,36,30,0.8855595743367198,0.12545035779476166,0.2888830006122589,0.2888830006122589,1.0,1.0,422,422
423,t2_b0,6,1,-0.05105906360656757,0.08339432626962662,0.009038856253027916,0.009038856253027916,0.92,1.0,422,422
423,t2_b0,0,10,-0.011375397073929665,0.01990627497434616,0.0004892715369351208,0.0004892715369351208,0.925,1.0,422,422
423,t2_b0,8,17,0.028173158488673425,0.09911763668060303,0.0025165595579892397,0.0025165595579892397,0.9142857142857143,1.0,422,422
424,t2_b0,37,3,0.14829879053389355,0.07267342507839203,0.002859597560018301,0.002859597560018301,0.9333333333333333,1.0,423,423
424,t2_b0,10,22,-0.7437384116135853,0.0575769878923893,0.3210532069206238,0.3210532069206238,0.9500000000000001,1.0,423,423
424,t2_b0,7,17,0.1825989004467294,0.10272888839244843,0.003189609618857503,0.003189609618857503,0.9166666666666667,1.0,423,423
424,t2_b0,2,27,-0.09555748766892161,0.07016148418188095,0.013731389306485653,0.013731389306485653,0.9166666666666667,1.0,423,423
424,t2_b0,11,1,0.03630510418323831,0.08061953634023666,0.0009818844264373183,0.0009818844264373183,0.92,1.0,423,423
424,t2_b0,16,8,0.08897871902779424,0.103421151638031,0.00010429187386762351,0.00010429187386762351,0.9166666666666667,1.0,423,423
424,t2_b0,21,13,0.12036465300654457,0.07352696359157562,0.001096884487196803,0.001096884487196803,0.92,1.0,423,423
425,t2_b0,17,38,0.2663247109898586,0.08098582178354263,0.017175251618027687,0.017175251618027687,0.92,1.0,424,424
425,t2_b0,33,3,0.16355332544556145,0.07379577308893204,0.004028209485113621,0.004028209485113621,0.9333333333333333,1.0,424,424
425,t2_b0,27,2,-0.014012094374075338,0.08059536665678024,0.0044752852991223335,0.0044752852991223335,0.9142857142857143,1.0,424,424
425,t2_b0,1,35,-0.08922759430625685,0.05030275881290436,0.009734360501170158,0.009734360501170158,0.02,1.0,424,424
425,t2_b0,20,8,0.11471953821722239,0.10362517833709717,6.154242873890325e-05,6.154242873890325e-05,0.92,1.0,424,424
425,t2_b0,28,31,-0.025260195862446787,0.07713406533002853,0.005242292303591967,0.005242292303591967,0.9333333333333333,1.0,424,424
425,t2_b0,13,21,0.5426953299246156,0.07208747416734695,0.11073588579893112,0.11073588579893112,0.925,1.0,424,424
425,t2_b0,12,37,0.7184094102416172,0.08346453309059143,0.20157752931118011,0.20157752931118011,0.9500000000000001,1.0,424,424
425,t2_b0,18,24,0.021584723613130033,0.09859021753072739,0.0029649226926267147,0.0029649226926267147,0.925,1.0,424,424
425,t2_b0,22,0,0.17894744168013627,0.05137001350522041,0.008138001896440983,0.008138001896440983,0.925,1.0,424,424
426,t2_b0,8,30,0.10210506183832603,0.10670212656259537,1.0566516721155494e-05,1.0566516721155494e-05,0.9333333333333333,1.0,425,425
426,t2_b0,34,26,0.28365277788592835,0.08780138194561005,0.019178885966539383,0.019178885966539383,0.925,1.0,425,425
426,t2_b0,38,16,-0.07246392709350163,0.10137815773487091,0.01511053554713726,0.01511053554713726,0.9333333333333333,1.0,425,425
426,t2_b0,3,0,0.07177443335749444,0.049058947712183,0.000257996580330655,0.000257996580330655,0.9333333333333333,1.0,425,425
426,t2_b0,39,2,-0.09868463233445458,0.08360348641872406,0.016614478081464767,0.016614478081464767,0.9166666666666667,1.0,425,425
426,t2_b0,14,1,-0.04308513188337313,0.07948576658964157,0.007511813193559647,0.007511813193559647,0.92,1.0,425,425
426,t2_b0,19,17,0.35401678832625877,0.07563494890928268,0.03874821960926056,0.03874821960926056,0.9333333333333333,1.0,425,425
427,t2_b0,29,26,-0.058613074309013774,0.08998161554336548,0.011040191166102886,0.011040191166102886,0.925,1.0,426,426
427,t2_b0,23,1,0.43053613771881505,0.0772881805896759,0.062392063438892365,0.062392063438892365,0.92,1.0,426,426
427,t2_b0,35,6,-0.0036423991445191793,0.07328800857067108,0.0029591440688818693,0.0029591440688818693,0.025,1.0,426,426
427,t2_b0,0,3,0.0,0.05261537805199623,0.0013841890031471848,0.0013841890031471848,0.9333333333333333,1.0,426,426
427,t2_b0,20,16,0.29146149570439756,0.10080434381961823,0.018175074830651283,0.018175074830651283,0.9166666666666667,1.0,426,426
427,t2_b0,32,2,0.0,0.08448581397533417,0.0035689263604581356,0.0035689263604581356,0.9142857142857143,1.0,426,426
427,t2_b0,30,24,-0.267534223846341,0.10339101403951645,0.06879276782274246,0.06879276782274246,0.9333333333333333,1.0,426,426
427,t2_b0,15,21,0.09181282110838787,0.0742148607969284,0.0001548440777696669,0.0001548440777696669,0.92,1.0,426,426
427,t2_b0,25,38,-0.025796386867444614,0.09527109563350677,0.007328667212277651,0.007328667212277651,0.9142857142857143,1.0,426,426
428,t2_b0,26,2,0.15123256788701347,0.08324477076530457,0.002311170333996415,0.002311170333996415,0.92,1.0,427,427
428,t2_b0,9,18,0.03021648468472853,0.09111040830612183,0.001854034955613315,0.001854034955613315,0.9500000000000001,1.0,427,427
428,t2_b0,16,7,-0.11876677064976615,0.08919575810432434,0.021624205633997917,0.021624205633997917,0.925,1.0,427,427
428,t2_b0,31,17,-0.2998193526122032,0.07633049041032791,0.0707443505525589,0.0707443505525589,0.9333333333333333,1.0,427,427
428,t2_b0,21,13,0.32254366597622747,0.07681059837341309,0.03019237332046032,0.03019237332046032,0.925,1.0,427,427
428,t2_b0,10,15,0.17666031179377248,0.07844243943691254,0.00482337549328804,0.00482337549328804,1.0,1.0,427,427
428,t2_b0,6,1,0.3207989956264258,0.07463343441486359,0.030298741534352303,0.030298741534352303,0.925,1.0,427,427
428,t2_b0,24,25,0.06464173335490626,0.09976717084646225,0.0006168980617076159,0.0006168980617076159,0.02,1.0,427,427
429,t2_b0,22,3,0.047114050613283456,0.05449788272380829,2.7260479328106157e-05,2.7260479328106157e-05,0.925,1.0,428,428
429,t2_b0,32,2,0.012377261748002768,0.08335836231708527,0.0025191581808030605,0.0025191581808030605,0.9166666666666667,1.0,428,428
429,t2_b0,7,16,0.12657649127694748,0.09319944679737091,0.0005570137873291969,0.0005570137873291969,0.92,1.0,428,428
429,t2_b0,36,25,0.004020378839039596,0.1123707965016365,0.005869906395673752,0.005869906395673752,0.925,1.0,428,428
429,t2_b0,37,33,0.2613482209554525,0.04973902925848961,0.02238922379910946,0.02238922379910946,0.03333333333333333,1.0,428,428
429,t2_b0,1,11,0.19722860236512035,0.04497869312763214,0.011590016074478626,0.011590016074478626,0.9166666666666667,1.0,428,428
430,t2_b0,33,3,0.09016927404933735,0.05460802838206291,0.0006323010893538594,0.0006323010893538594,0.925,1.0,429,429
430,t2_b0,5,1,0.8961786708049617,0.07688820362091064,0.33561843633651733,0.33561843633651733,0.9166666666666667,1.0,429,429
430,t2_b0,28,31,-0.006255127405358697,0.0843639075756073,0.00410590460523963,0.00410590460523963,0.9333333333333333,1.0,429,429
430,t2_b0,8,39,0.8155498355087836,0.08938396722078323,0.26365846395492554,0.26365846395492554,1.0,1.0,429,429
430,t2_b0,18,38,0.05397024691486757,0.09519390016794205,0.0008496947702951729,0.0008496947702951729,0.9166666666666667,1.0,429,429
430,t2_b0,13,21,0.008690414255844521,0.0762452781200409,0.0022818297147750854,0.0022818297147750854,0.92,1.0,429,429
430,t2_b0,27,2,0.026527212431344045,0.08075733482837677,0.001470453105866909,0.001470453105866909,0.92,1.0,429,429
431,t2_b0,39,34,0.3463947060297713,0.08896374702453613,0.03313535079360008,0.03313535079360008,0.9333333333333333,1.0,430,430
431,t2_b0,38,7,0.21890705076586797,0.09095492959022522,0.008185871876776218,0.008185871876776218,0.9333333333333333,1.0,430,430
431,t2_b0,2,27,0.047914544214403755,0.06296584010124207,0.00011327072570566088,0.00011327072570566088,0.92,1.0,430,430
431,t2_b0,3,22,0.0015165765940940476,0.01269703358411789,6.250130536500365e-05,6.250130536500365e-05,0.92,1.0,430,430
431,t2_b0,24,30,0.051277074916834704,0.10944084823131561,0.0016915122978389263,0.0016915122978389263,0.9500000000000001,1.0,430,430
431,t2_b0,19,0,0.08183167655187443,0.06477785110473633,0.00014541651762556285,0.00014541651762556285,0.925,1.0,430,430
431,t2_b0,11,1,0.0,0.07767143100500107,0.0030164255294948816,0.0030164255294948816,0.9166666666666667,1.0,430,430
431,t2_b0,29,32,-0.017452110155676624,0.0867433100938797,0.0054283421486616135,0.0054283421486616135,0.92,1.0,430,430
432,t2_b0,9,7,0.195709831056851,0.08833850920200348,0.005764299537986517,0.005764299537986517,0.92,1.0,431,431
432,t2_b0,25,28,0.20374192710838493,0.08103416860103607,0.007528596557676792,0.007528596557676792,0.925,1.0,431,431
432,t2_b0,30,18,-0.13219882833743035,0.1064898744225502,0.02848614938557148,0.02848614938557148,0.92,1.0,431,431
432,t2_b0,0,17,0.10288400754335947,0.030457571148872375,0.0026227945927530527,0.0026227945927530527,0.9166666666666667,1.0,431,431
432,t2_b0,35,1,-0.07440593822636055,0.07668809592723846,0.011414703913033009,0.011414703913033009,0.92,1.0,431,431
432,t2_b0,34,8,0.08823929161062885,0.07492265850305557,8.866633288562298e-05,8.866633288562298e-05,0.02,1.0,431,431
432,t2_b0,12,3,-0.5465392910274458,0.051233503967523575,0.17866618931293488,0.17866618931293488,0.9333333333333333,1.0,431,431
432,t2_b0,15,21,0.06580880505405694,0.07425662875175476,3.568288229871541e-05,3.568288229871541e-05,0.92,1.0,431,431
433,t2_b0,36,18,0.4196197450550817,0.11019232124090195,0.04787266254425049,0.04787266254425049,0.925,1.0,432,432
433,t2_b0,17,3,0.0,0.0542009174823761,0.0014688697410747409,0.0014688697410747409,0.92,1.0,432,432
433,t2_b0,31,0,-0.021775020533077317,0.06055600568652153,0.003389198798686266,0.003389198798686266,0.9142857142857143,1.0,432,432
433,t2_b0,16,19,0.03687482155806909,0.05480450019240379,0.00016073665756266564,0.00016073665756266564,0.016666666666666666,1.0,432,432
433,t2_b0,10,15,0.007938272279008266,0.08124402910470963,0.0026868670247495174,0.0026868670247495174,1.0,1.0,432,432
433,t2_b0,26,2,0.12263556358230454,0.07814298570156097,0.0009897948475554585,0.0009897948475554585,0.92,1.0,432,432
433,t2_b0,23,5,-0.01703728003850877,0.07355257868766785,0.004103261046111584,0.004103261046111584,0.016666666666666666,1.0,432,432
433,t2_b0,21,13,0.01104258270887015,0.07537788152694702,0.002069515408948064,0.002069515408948064,0.925,1.0,432,432
433,t2_b0,20,30,0.06326703944003799,0.08306021243333817,0.00019588488794397563,0.00019588488794397563,0.02,1.0,432,432
433,t2_b0,6,1,-0.0012518745282565035,0.07354699075222015,0.0027974352706223726,0.0027974352706223726,0.92,1.0,432,432
434,t2_b0,5,1,0.11078099418904157,0.07523119449615479,0.0006318940431810915,0.0006318940431810915,0.9166666666666667,1.0,433,433
434,t2_b0,37,3,-0.07119001149796499,0.05314280092716217,0.007729324512183666,0.007729324512183666,0.9333333333333333,1.0,433,433
434,t2_b0,32,27,0.36786047332600763,0.0811670571565628,0.04109654948115349,0.04109654948115349,0.925,1.0,433,433
434,t2_b0,7,38,-0.012057302274591918,0.08531270176172256,0.0047404589131474495,0.0047404589131474495,0.9333333333333333,1.0,433,433
435,t2_b0,8,26,-0.08720870216136305,0.08437840640544891,0.014721067622303963,0.014721067622303963,0.9333333333333333,1.0,434,434
435,t2_b0,27,14,0.038283204703447433,0.07763922214508057,0.0007744479808025062,0.0007744479808025062,0.925,1.0,434,434
435,t2_b0,3,33,0.1527516215524335,0.014396369457244873,0.00957108847796917,0.00957108847796917,0.925,1.0,434,434
435,t2_b0,1,6,0.11219026914987583,0.044836774468421936,0.0022682466078549623,0.0022682466078549623,0.9166666666666667,1.0,434,434
435,t2_b0,38,9,-0.02951103152517316,0.08345678448677063,0.006380863953381777,0.006380863953381777,0.9500000000000001,1.0,434,434
435,t2_b0,18,36,0.0018515191609258424,0.09234937280416489,0.004094930365681648,0.004094930365681648,0.9333333333333333,1.0,434,434
435,t2_b0,22,0,-0.0015793316537817959,0.058868952095508575,0.0018269976135343313,0.0018269976135343313,0.92,1.0,434,434
435,t2_b0,13,21,0.0,0.07640458643436432,0.0029188303742557764,0.0029188303742557764,0.92,1.0,434,434
436,t2_b0,34,32,-0.06301074478973787,0.08886472880840302,0.011533078737556934,0.011533078737556934,0.925,1.0,435,435
436,t2_b0,11,1,0.016097180546118223,0.0767955332994461,0.001842144993133843,0.001842144993133843,0.9166666666666667,1.0,435,435
436,t2_b0,33,3,-0.2923967260168745,0.05715290457010269,0.06109246984124184,0.06109246984124184,0.9333333333333333,1.0,435,435
436,t2_b0,2,9,0.011387498269423776,0.058367881923913956,0.00110357825178653,0.00110357825178653,0.92,1.0,435,435
436,t2_b0,28,0,-0.22764419031245103,0.05805312469601631,0.04081147536635399,0.04081147536635399,0.9166666666666667,1.0,435,435
437,t2_b0,0,28,-0.07747325238985162,0.022790975868701935,0.005026457831263542,0.005026457831263542,0.9166666666666667,1.0,436,436
437,t2_b0,30,20,0.008176081472881324,0.06872378289699554,0.001833012094721198,0.001833012094721198,0.03333333333333333,1.0,436,436
437,t2_b0,15,13,0.13653766538358247,0.0732455626130104,0.002002945402637124,0.002002945402637124,0.92,1.0,436,436
437,t2_b0,9,2,0.04156668135489759,0.06974007934331894,0.0003968701930716634,0.0003968701930716634,0.9333333333333333,1.0,436,436
437,t2_b0,35,1,0.0,0.07531443238258362,0.0028361319564282894,0.0028361319564282894,0.92,1.0,436,436
437,t2_b0,17,3,0.0,0.05757728964090347,0.0016575721092522144,0.0016575721092522144,0.92,1.0,436,436
437,t2_b0,29,34,0.11433181757496651,0.09252843260765076,0.00023769383551552892,0.00023769383551552892,0.925,1.0,436,436
438,t2_b0,25,19,0.11571681736968589,0.047114282846450806,0.00235315365716815,0.00235315365716815,1.0,1.0,437,437
438,t2_b0,1,6,0.1149130332338284,0.04254160076379776,0.0026188120245933533,0.0026188120245933533,0.9166666666666667,1.0,437,437
438,t2_b0,21,15,0.22017196940236475,0.07503465563058853,0.010532419197261333,0.010532419197261333,0.925,1.0,437,437
438,t2_b0,12,3,-0.557849309598573,0.05723454803228378,0.18916404247283936,0.18916404247283936,0.9333333333333333,1.0,437,437
438,t2_b0,11,5,0.07615148297340366,0.07252226024866104,6.585627943422878e-06,6.585627943422878e-06,0.016666666666666666,1.0,437,437
438,t2_b0,39,8,0.9526832099407003,0.09578872472047806,0.36713409423828125,0.36713409423828125,1.0,1.0,437,437
438,t2_b0,26,29,-0.14195524403793472,0.09204966574907303,0.027379149571061134,0.027379149571061134,0.925,1.0,437,437
438,t2_b0,31,0,-0.08517969994572853,0.05003425478935242,0.00914140697568655,0.00914140697568655,0.9166666666666667,1.0,437,437
438,t2_b0,20,2,-0.03671017112481934,0.07051368802785873,0.005748478230088949,0.005748478230088949,0.925,1.0,437,437
439,t2_b0,10,15,0.0,0.07736769318580627,0.0029928800649940968,0.0029928800649940968,1.0,1.0,438,438
439,t2_b0,36,20,-0.008632004290281733,0.07769592106342316,0.0037262553814798594,0.0037262553814798594,0.9500000000000001,1.0,438,438
439,t2_b0,37,3,0.14403186291370207,0.05665305256843567,0.0038175287190824747,0.0038175287190824747,0.9333333333333333,1.0,438,438
439,t2_b0,6,1,0.10033751155362261,0.0737767294049263,0.0003527376102283597,0.0003527376102283597,0.92,1.0,438,438
439,t2_b0,27,14,0.16704160506893553,0.07417041808366776,0.004312528297305107,0.004312528297305107,0.925,1.0,438,438
439,t2_b0,22,0,-0.04404235610477851,0.04986095800995827,0.004408916458487511,0.004408916458487511,0.92,1.0,438,438
439,t2_b0,7,2,0.13336916126282983,0.0708046704530716,0.0019571578595787287,0.0019571578595787287,0.9333333333333333,1.0,438,438
440,t2_b0,8,26,-0.32730984122962486,0.09269256144762039,0.08820100873708725,0.08820100873708725,0.925,1.0,439,439
440,t2_b0,2,7,0.12345130687817699,0.04998346418142319,0.00269876210950315,0.00269876210950315,0.9333333333333333,1.0,439,439
440,t2_b0,5,1,-0.5671258949624577,0.07368782162666321,0.20532110333442688,0.20532110333442688,0.9166666666666667,1.0,439,439
440,t2_b0,16,0,0.08618998324529725,0.04900875687599182,0.0006912218523211777,0.0006912218523211777,0.9166666666666667,1.0,439,439
440,t2_b0,3,33,0.0030600014610750784,0.016191184520721436,8.621397864772007e-05,8.621397864772007e-05,0.925,1.0,439,439
440,t2_b0,32,27,0.0,0.08809919655323029,0.003880734322592616,0.003880734322592616,0.925,1.0,439,439
440,t2_b0,13,15,0.09424917810302437,0.0735679566860199,0.00021385653235483915,0.00021385653235483915,0.92,1.0,439,439
441,t2_b0,39,8,0.11255706972396524,0.09226377308368683,0.00020590891654137522,0.00020590891654137522,0.9333333333333333,1.0,440,440
441,t2_b0,33,12,0.0,0.05455981567502022,0.0014883867697790265,0.0014883867697790265,0.03333333333333333,1.0,440,440
441,t2_b0,24,20,0.9420939078173408,0.0728139728307724,0.3778237998485565,0.3778237998485565,1.0,1.0,440,440
441,t2_b0,34,32,0.11433583636218043,0.094536691904068,0.00019600303494371474,0.00019600303494371474,0.92,1.0,440,440
441,t2_b0,17,3,0.016955172260074338,0.051779862493276596,0.0006063795881345868,0.0006063795881345868,0.9166666666666667,1.0,440,440
441,t2_b0,38,7,0.0,0.06300263851881027,0.001984666334465146,0.001984666334465146,0.05,1.0,440,440
441,t2_b0,14,1,0.003848062101527679,0.07385419309139252,0.002450429368764162,0.002450429368764162,0.925,1.0,440,440
441,t2_b0,9,0,0.0,0.049688272178173065,0.0012344622518867254,0.0012344622518867254,0.9142857142857143,1.0,440,440
442,t2_b0,12,3,0.07907083712548317,0.05598766356706619,0.00026641643489710987,0.00026641643489710987,0.9333333333333333,1.0,441,441
442,t2_b0,19,2,-0.010219958606751282,0.052683405578136444,0.001978416694328189,0.001978416694328189,0.02,1.0,441,441
442,t2_b0,35,1,0.18467126237438283,0.07179441303014755,0.006370592396706343,0.006370592396706343,0.92,1.0,441,441
442,t2_b0,15,21,0.43835087186800165,0.07461623102426529,0.0661514550447464,0.0661514550447464,0.02,1.0,441,441
442,t2_b0,29,32,-0.07210609270897783,0.09841450303792953,0.014538638293743134,0.014538638293743134,0.92,1.0,441,441
442,t2_b0,0,17,0.04239320715384824,0.015175789594650269,0.0003703939146362245,0.0003703939146362245,0.9142857142857143,1.0,441,441
442,t2_b0,30,36,0.03192129530822817,0.07933269441127777,0.001123920432291925,0.001123920432291925,0.9333333333333333,1.0,441,441
443,t2_b0,6,1,0.1561755413264033,0.07078119367361069,0.003646097145974636,0.003646097145974636,0.92,1.0,442,442
443,t2_b0,10,15,0.09064614652459771,0.08458421379327774,1.837352101574652e-05,1.837352101574652e-05,0.9500000000000001,1.0,442,442
443,t2_b0,21,13,0.00020393196325930378,0.07735977321863174,0.0029765120707452297,0.0029765120707452297,0.925,1.0,442,442
443,t2_b0,26,32,0.008943790025034554,0.09632548689842224,0.003817780641838908,0.003817780641838908,0.925,1.0,442,442
443,t2_b0,36,30,0.5435246321010792,0.07441169023513794,0.11003347486257553,0.11003347486257553,0.9500000000000001,1.0,442,442
443,t2_b0,16,0,-0.05356692695442571,0.043663881719112396,0.004726914688944817,0.004726914688944817,0.92,1.0,442,442
444,t2_b0,2,28,0.030282966750961777,0.03354726731777191,5.327829057932831e-06,5.327829057932831e-06,0.92,1.0,443,443
444,t2_b0,18,10,0.6623246843549719,0.07373182475566864,0.17322075366973877,0.17322075366973877,1.0,1.0,443,443
444,t2_b0,37,3,-0.01364165697498799,0.053807519376277924,0.0022746955510228872,0.0022746955510228872,0.9333333333333333,1.0,443,443
444,t2_b0,5,1,-0.28773451708221803,0.07353971153497696,0.06525953114032745,0.06525953114032745,0.9166666666666667,1.0,443,443
444,t2_b0,27,14,0.0,0.07620204240083694,0.00290337554179132,0.00290337554179132,0.925,1.0,443,443
444,t2_b0,20,30,0.0768087505730125,0.07596823573112488,3.532326502408978e-07,3.532326502408978e-07,0.925,1.0,443,443
444,t2_b0,22,0,0.0,0.0447118803858757,0.0009995761793106794,0.0009995761793106794,0.92,1.0,443,443
445,t2_b0,33,3,-0.5818626630935743,0.05433802306652069,0.20237568020820618,0.20237568020820618,0.9333333333333333,1.0,444,444
445,t2_b0,11,1,0.05054388465862762,0.07337392866611481,0.00026060541858896613,0.00026060541858896613,0.9166666666666667,1.0,444,444
445,t2_b0,31,0,0.032544946619326456,0.04649363458156586,9.728292934596539e-05,9.728292934596539e-05,0.9142857142857143,1.0,444,444
445,t2_b0,18,10,0.0,0.08128555864095688,0.003303671022877097,0.003303671022877097,1.0,1.0,444,444
445,t2_b0,7,38,-0.06275442846733062,0.0526130273938179,0.006654825061559677,0.006654825061559677,0.925,1.0,444,444
445,t2_b0,8,39,0.21038293293116425,0.09546303749084473,0.0066032917238771915,0.0066032917238771915,0.925,1.0,444,444
445,t2_b0,32,27,-0.10017875406487768,0.09017069637775421,0.018116459250450134,0.018116459250450134,0.925,1.0,444,444
445,t2_b0,13,15,0.13707030796911088,0.07481388747692108,0.0019379312871024013,0.0019379312871024013,0.92,1.0,444,444
446,t2_b0,14,1,0.15362711261735862,0.0728573277592659,0.003261879086494446,0.003261879086494446,0.925,1.0,445,445
446,t2_b0,9,0,0.0027353277523956324,0.0456082783639431,0.0009190449491143227,0.0009190449491143227,0.9166666666666667,1.0,445,445
446,t2_b0,34,32,0.09564809152288896,0.09589182585477829,2.9702361459271742e-08,2.9702361459271742e-08,0.92,1.0,445,445
446,t2_b0,39,8,0.2472337719571271,0.09513899683952332,0.011566411703824997,0.011566411703824997,0.9333333333333333,1.0,445,445
446,t2_b0,23,5,-0.012535973669591053,0.07270708680152893,0.0036331897135823965,0.0036331897135823965,0.016666666666666666,1.0,445,445
446,t2_b0,24,20,0.07768372680269733,0.08260680735111237,1.2118372978875414e-05,1.2118372978875414e-05,0.9333333333333333,1.0,445,445
446,t2_b0,3,33,-0.0005939975382711588,0.010786965489387512,6.4763160480652e-05,6.4763160480652e-05,0.925,1.0,445,445
446,t2_b0,38,7,0.06407140968071745,0.046380650252103806,0.00015648147382307798,0.00015648147382307798,0.9333333333333333,1.0,445,445
447,t2_b0,35,1,0.32748589165170816,0.07046113163232803,0.03303086385130882,0.03303086385130882,0.02,1.0,446,446
447,t2_b0,17,3,-0.008939678865904637,0.04532403126358986,0.0014722751220688224,0.0014722751220688224,0.925,1.0,446,446
447,t2_b0,19,0,0.4038430052517999,0.04513789713382721,0.0643346756696701,0.0643346756696701,0.9166666666666667,1.0,446,446
447,t2_b0,15,13,0.0,0.07423334568738937,0.0027552947867661715,0.0027552947867661715,0.92,1.0,446,446
447,t2_b0,29,32,0.4090455678720318,0.10019338130950928,0.04769483953714371,0.04769483953714371,0.92,1.0,446,446
447,t2_b0,5,6,-0.1915411653240708,0.07221430540084839,0.03478347510099411,0.03478347510099411,0.9166666666666667,1.0,446,446
447,t2_b0,28,31,0.021951556475464797,0.045534648001194,0.00027808110462501645,0.00027808110462501645,0.9500000000000001,1.0,446,446
447,t2_b0,30,20,0.2191558550459573,0.08194998651742935,0.009412725456058979,0.009412725456058979,0.9333333333333333,1.0,446,446
448,t2_b0,11,5,-0.015103128595424236,0.07149045169353485,0.0037492243573069572,0.0037492243573069572,0.016666666666666666,1.0,447,447
448,t2_b0,36,30,0.3005936494280235,0.07807314395904541,0.024757687002420425,0.024757687002420425,0.9500000000000001,1.0,447,447
448,t2_b0,20,7,-0.1675601022953709,0.06829912960529327,0.02781478874385357,0.02781478874385357,0.9333333333333333,1.0,447,447
448,t2_b0,12,3,-0.04897764470819822,0.05045757070183754,0.0049436804838478565,0.0049436804838478565,0.9333333333333333,1.0,447,447
448,t2_b0,21,15,0.025740427296453053,0.075272336602211,0.0012267049169167876,0.0012267049169167876,0.925,1.0,447,447
448,t2_b0,1,23,0.01491058392511192,0.04143575578927994,0.00035179234691895545,0.00035179234691895545,0.9166666666666667,1.0,447,447
448,t2_b0,16,9,-0.007708926600829773,0.04362490773200989,0.0013175812782719731,0.0013175812782719731,0.9333333333333333,1.0,447,447
448,t2_b0,6,14,0.10977290744240219,0.06967379152774811,0.000803969451226294,0.000803969451226294,0.92,1.0,447,447
448,t2_b0,0,2,0.031930329881915444,0.03665688633918762,1.1170161997142714e-05,1.1170161997142714e-05,0.9166666666666667,1.0,447,447
448,t2_b0,26,32,0.347529725437245,0.09948119521141052,0.030764039605855942,0.030764039605855942,0.925,1.0,447,447
449,t2_b0,37,3,0.03339408158387882,0.04848122596740723,0.00011381093645468354,0.00011381093645468354,0.9333333333333333,1.0,448,448
449,t2_b0,2,0,-0.007342436595183604,0.040495455265045166,0.0011442318791523576,0.0011442318791523576,0.92,1.0,448,448
449,t2_b0,10,15,0.15721969033837835,0.07925328612327576,0.0030393803026527166,0.0030393803026527166,0.9500000000000001,1.0,448,448
449,t2_b0,12,33,0.08183799406584563,0.0472094789147377,0.0005995671381242573,0.0005995671381242573,0.03333333333333333,1.0,448,448
449,t2_b0,27,6,0.0,0.07633881270885468,0.002913807053118944,0.002913807053118944,0.925,1.0,448,448
449,t2_b0,31,19,0.1559907683193187,0.042464591562747955,0.006444096099585295,0.006444096099585295,1.0,1.0,448,448
450,t2_b0,18,10,-0.21058767640282958,0.07254545390605927,0.040082190185785294,0.040082190185785294,1.0,1.0,449,449
450,t2_b0,13,15,0.002909760654188611,0.07127920538187027,0.0023371907882392406,0.0023371907882392406,0.92,1.0,449,449
450,t2_b0,32,27,0.389023442055166,0.09301280975341797,0.04381114989519119,0.04381114989519119,0.925,1.0,449,449
450,t2_b0,8,34,-0.1923473715737413,0.09972047805786133,0.042651817202568054,0.042651817202568054,0.925,1.0,449,449
450,t2_b0,33,3,0.16150462505839064,0.048677556216716766,0.0063649737276136875,0.0063649737276136875,0.9333333333333333,1.0,449,449
450,t2_b0,38,0,0.23724503030758906,0.038767009973526,0.019696760922670364,0.019696760922670364,0.9333333333333333,1.0,449,449
451,t2_b0,23,15,0.27205222535215273,0.07216012477874756,0.01997842639684677,0.01997842639684677,0.9166666666666667,1.0,450,450
451,t2_b0,9,16,-0.028082216430056886,0.043125659227371216,0.0025352805387228727,0.0025352805387228727,0.925,1.0,450,450
451,t2_b0,34,32,0.043249327831397504,0.1002863347530365,0.0016266100574284792,0.0016266100574284792,0.92,1.0,450,450
451,t2_b0,3,33,-0.022092942642288532,0.00774112343788147,0.0004450357228051871,0.0004450357228051871,0.92,1.0,450,450
451,t2_b0,39,29,-0.017377390530390904,0.09819166362285614,0.006678103469312191,0.006678103469312191,0.9333333333333333,1.0,450,450
451,t2_b0,7,0,0.01382796326000192,0.041585348546504974,0.00038523622788488865,0.00038523622788488865,0.92,1.0,450,450
451,t2_b0,14,6,0.03016125314593783,0.07436917722225189,0.0009771701879799366,0.0009771701879799366,0.92,1.0,450,450
452,t2_b0,35,6,0.00814231315717919,0.07060349732637405,0.0019506996031850576,0.0019506996031850576,0.92,1.0,451,451
452,t2_b0,29,26,-0.03843365378751369,0.10370873659849167,0.010102229192852974,0.010102229192852974,0.025,1.0,451,451
452,t2_b0,17,3,-0.020460665399090583,0.042772844433784485,0.001999238273128867,0.001999238273128867,0.925,1.0,451,451
452,t2_b0,10,15,-0.021727688531905084,0.07336045801639557,0.004520877730101347,0.004520877730101347,0.9333333333333333,1.0,451,451
452,t2_b0,22,9,-0.1356179721561863,0.03739834576845169,0.014967321418225765,0.014967321418225765,0.925,1.0,451,451
452,t2_b0,0,2,0.13865578074776994,0.02847009152173996,0.0060704429633915424,0.0060704429633915424,0.925,1.0,451,451
452,t2_b0,28,31,0.0,0.099703349173069,0.0049703787080943584,0.0049703787080943584,1.0,1.0,1,1
452,t2_b0,30,36,0.06938083518558405,0.05583926662802696,9.16870340006426e-05,9.16870340006426e-05,0.9333333333333333,1.0,451,451
453,t2_b0,11,23,-0.014529246402114046,0.07087771594524384,0.003647174220532179,0.003647174220532179,0.92,1.0,452,452
453,t2_b0,26,8,-0.062483684214705,0.09316267818212509,0.012112894095480442,0.012112894095480442,0.02,1.0,452,452
453,t2_b0,15,10,-0.0006388585543779155,0.07101184129714966,0.002566911280155182,0.002566911280155182,0.925,1.0,452,452
453,t2_b0,31,28,0.2711213240522546,0.04457532614469528,0.025661543011665344,0.025661543011665344,1.0,1.0,2,2
453,t2_b0,20,0,0.008261915247424876,0.0393441841006279,0.00048305370728485286,0.00048305370728485286,0.92,1.0,452,452
453,t2_b0,16,9,0.3204605374466514,0.0412651002407074,0.03897504508495331,0.03897504508495331,0.925,1.0,452,452
453,t2_b0,6,14,0.19364298975290545,0.07035908102989197,0.007599460892379284,0.007599460892379284,0.92,1.0,452,452
453,t2_b0,36,30,0.05717779711446714,0.056836023926734924,5.840440309157202e-08,5.840440309157202e-08,0.05,1.0,452,452
454,t2_b0,19,22,-0.027210953639202156,0.03558976203203201,0.0019719647243618965,0.0019719647243618965,0.9333333333333333,1.0,453,453
454,t2_b0,17,3,0.40008948590857796,0.044037871062755585,0.06338636577129364,0.06338636577129364,0.92,1.0,453,453
454,t2_b0,21,15,0.005095342970976524,0.0690004900097847,0.002041934058070183,0.002041934058070183,0.9166666666666667,1.0,453,453
454,t2_b0,2,0,0.0,0.03480815142393112,0.000605803681537509,0.000605803681537509,0.925,1.0,453,453
454,t2_b0,32,27,0.41428050461462795,0.08511841297149658,0.05417384207248688,0.05417384207248688,0.925,1.0,453,453
454,t2_b0,12,33,-0.04718398933672209,0.04390551894903183,0.004148649517446756,0.004148649517446756,0.9333333333333333,1.0,453,453
454,t2_b0,1,11,-0.05588863408566416,0.04127711057662964,0.004720591474324465,0.004720591474324465,0.9166666666666667,1.0,453,453
454,t2_b0,5,6,-0.06894359431340771,0.06979870796203613,0.00962471216917038,0.00962471216917038,0.92,1.0,453,453
455,t2_b0,38,0,-0.06401249885651461,0.04053986072540283,0.0054655978456139565,0.0054655978456139565,0.92,1.0,454,454
455,t2_b0,13,11,0.25242881089975716,0.06965500116348267,0.016703130677342415,0.016703130677342415,0.025,1.0,454,454
455,t2_b0,18,15,-0.1050192734005952,0.07431775331497192,0.016080884262919426,0.016080884262919426,0.925,1.0,454,454
455,t2_b0,23,21,0.17520064127783064,0.06783044338226318,0.005764179863035679,0.005764179863035679,0.02,1.0,454,454
455,t2_b0,8,29,0.1839368571494267,0.0983591228723526,0.0036617747973650694,0.0036617747973650694,0.9333333333333333,1.0,454,454
455,t2_b0,33,3,0.22704568912503378,0.044231534004211426,0.01671050675213337,0.01671050675213337,0.9166666666666667,1.0,454,454
455,t2_b0,27,6,-0.000862170461267274,0.08268025517463684,0.0034896687138825655,0.0034896687138825655,0.9166666666666667,1.0,454,454
456,t2_b0,37,17,0.1887625913068449,0.04305768013000488,0.010614960454404354,0.010614960454404354,0.9166666666666667,1.0,455,455
456,t2_b0,22,0,0.32018298367593,0.034406378865242004,0.04083413630723953,0.04083413630723953,0.925,1.0,455,455
456,t2_b0,7,38,0.1722265443893935,0.052879780530929565,0.0071218255907297134,0.0071218255907297134,0.9500000000000001,1.0,455,455
456,t2_b0,14,6,0.017263125641272827,0.07373810559511185,0.00159471167717129,0.00159471167717129,0.9166666666666667,1.0,455,455
456,t2_b0,29,34,0.1531103812719717,0.09563440829515457,0.0016517438925802708,0.0016517438925802708,0.9333333333333333,1.0,455,455
456,t2_b0,9,16,0.19112077510624736,0.04218987375497818,0.01109020784497261,0.01109020784497261,0.9333333333333333,1.0,455,455
456,t2_b0,39,8,0.03789545559197453,0.0956055074930191,0.0016652250196784735,0.0016652250196784735,0.9500000000000001,1.0,455,455
456,t2_b0,19,2,0.5727615285360504,0.032864049077034,0.14574465155601501,0.14574465155601501,0.9333333333333333,1.0,455,455
456,t2_b0,28,31,0.027365883861869333,0.07379523664712906,0.0010778423165902495,0.0010778423165902495,0.03333333333333333,1.0,455,455
456,t2_b0,3,33,-0.03624614086863071,0.0048160552978515625,0.0008430519374087453,0.0008430519374087453,1.0,1.0,455,455
457,t2_b0,4,17,0.9805305681819906,0.04767648130655289,0.43510833382606506,0.43510833382606506,0.925,1.0,456,456
457,t2_b0,5,6,-0.0506871764749167,0.0699111819267273,0.00727198226377368,0.00727198226377368,0.925,1.0,456,456
457,t2_b0,10,13,0.12335150357805276,0.07334655523300171,0.0012502475874498487,0.0012502475874498487,0.925,1.0,456,456
457,t2_b0,35,26,0.07112038890584652,0.06980447471141815,8.658149681650684e-07,8.658149681650684e-07,0.014285714285714287,1.0,456,456
457,t2_b0,15,18,0.12666658202544112,0.06783018261194229,0.0017308605602011085,0.0017308605602011085,0.9333333333333333,1.0,456,456
457,t2_b0,30,0,-0.31823486171051113,0.035020872950553894,0.06239481270313263,0.06239481270313263,0.9333333333333333,1.0,456,456
458,t2_b0,1,5,0.046171387177947804,0.04003879427909851,1.8804339561029337e-05,1.8804339561029337e-05,0.92,1.0,457,457
458,t2_b0,11,35,-0.05479207000809684,0.06830403208732605,0.007576324976980686,0.007576324976980686,0.9166666666666667,1.0,457,457
458,t2_b0,26,6,-0.02938379122922127,0.07090689241886139,0.005029110703617334,0.005029110703617334,0.9142857142857143,1.0,457,457
458,t2_b0,21,13,0.2802827341561102,0.07176357507705688,0.02174011990427971,0.02174011990427971,0.92,1.0,457,457
458,t2_b0,20,2,0.06547858944027365,0.03337009996175766,0.0005154776736162603,0.0005154776736162603,0.9333333333333333,1.0,457,457
458,t2_b0,16,9,0.024937511255889524,0.04324550926685333,0.000167591409990564,0.000167591409990564,0.92,1.0,457,457
458,t2_b0,31,18,0.855611866436567,0.07240628451108932,0.3067054748535156,0.3067054748535156,0.9500000000000001,1.0,457,457
458,t2_b0,36,0,-0.03595842950829864,0.03616858273744583,0.002601153217256069,0.002601153217256069,0.925,1.0,457,457
459,t2_b0,17,16,0.049776255393717335,0.04465639591217041,1.3106484402669594e-05,1.3106484402669594e-05,0.9333333333333333,1.0,458,458
459,t2_b0,2,20,0.0015032035695335645,0.009477183222770691,3.179218037985265e-05,3.179218037985265e-05,0.9333333333333333,1.0,458,458
459,t2_b0,0,22,0.23218401971033736,0.0045418813824653625,0.025910474359989166,0.025910474359989166,0.925,1.0,458,458
459,t2_b0,37,33,0.14940581362891833,0.042179323732852936,0.005748759489506483,0.005748759489506483,0.9500000000000001,1.0,458,458
459,t2_b0,6,14,0.003110633542235151,0.06776639819145203,0.0020901840180158615,0.0020901840180158615,0.9125,1.0,458,458
459,t2_b0,34,27,0.0021375917022670907,0.07524514198303223,0.0026723567862063646,0.0026723567862063646,0.9142857142857143,1.0,458,458
460,t2_b0,8,29,0.3487513437302451,0.07817381620407104,0.03660609573125839,0.03660609573125839,0.92,1.0,459,459
460,t2_b0,22,0,0.14390587028984964,0.038796551525592804,0.005523983854800463,0.005523983854800463,0.925,1.0,459,459
460,t2_b0,3,33,0.23764113428988554,0.016866520047187805,0.024370716884732246,0.024370716884732246,0.9166666666666667,1.0,459,459
460,t2_b0,27,7,-0.021501424787021068,0.07286377251148224,0.004452394787222147,0.004452394787222147,0.9125,1.0,459,459
460,t2_b0,18,10,-0.044908236806770085,0.053151290863752365,0.004807835444808006,0.004807835444808006,0.92,1.0,459,459
460,t2_b0,25,16,0.939587436652439,0.050058312714099884,0.39563101530075073,0.39563101530075073,0.9333333333333333,1.0,459,459
460,t2_b0,38,36,-0.2563406629557725,0.03875461965799332,0.04354060813784599,0.04354060813784599,1.0,1.0,459,459
461,t2_b0,28,3,0.7048036916605067,0.05777786299586296,0.20932120084762573,0.20932120084762573,0.92,1.0,460,460
461,t2_b0,34,7,0.2715786313026983,0.07652249932289124,0.01902344822883606,0.01902344822883606,0.9333333333333333,1.0,460,460
461,t2_b0,13,37,-0.018312843834006703,0.05543046072125435,0.00271903770044446,0.00271903770044446,0.9333333333333333,1.0,460,460
461,t2_b0,39,8,0.30461828771756316,0.08023499697446823,0.025173932313919067,0.025173932313919067,0.9500000000000001,1.0,460,460
461,t2_b0,32,0,0.16446652068813794,0.03815945237874985,0.007976737804710865,0.007976737804710865,0.925,1.0,460,460
461,t2_b0,19,20,0.16659248998210804,0.031592778861522675,0.009112462401390076,0.009112462401390076,1.0,1.0,460,460
461,t2_b0,23,10,-0.06340413096612532,0.05602949857711792,0.0071321954019367695,0.0071321954019367695,0.02,1.0,460,460
461,t2_b0,14,27,0.29273963818232795,0.07130223512649536,0.024517260491847992,0.024517260491847992,0.9142857142857143,1.0,460,460
461,t2_b0,12,2,-0.20035579487728922,0.03720558434724808,0.028217703104019165,0.028217703104019165,0.025,1.0,460,460
462,t2_b0,30,0,0.07723625536371652,0.04024852067232132,0.0006840463611297309,0.0006840463611297309,0.925,1.0,461,461
462,t2_b0,29,8,0.011921988541507039,0.07640498876571655,0.002079028869047761,0.002079028869047761,0.9166666666666667,1.0,461,461
462,t2_b0,7,14,-0.08664555481172322,0.07252991944551468,0.012668417766690254,0.012668417766690254,0.9166666666666667,1.0,461,461
462,t2_b0,20,12,0.22741301768265404,0.03164762258529663,0.019162043929100037,0.019162043929100037,0.9500000000000001,1.0,461,461
462,t2_b0,5,35,0.06177255336599416,0.0685776025056839,2.3154334485298023e-05,2.3154334485298023e-05,0.925,1.0,461,461
462,t2_b0,25,16,-0.21215365262524605,0.04227624088525772,0.0323672890663147,0.0323672890663147,0.9333333333333333,1.0,461,461
462,t2_b0,15,31,0.9716668261090252,0.05288572609424591,0.4220793545246124,0.4220793545246124,1.0,1.0,461,461
462,t2_b0,33,3,-0.036587815143876316,0.058891914784908295,0.004558189306408167,0.004558189306408167,0.016666666666666666,1.0,461,461
463,t2_b0,1,3,0.07254983825626025,0.0543762743473053,0.00016513915034011006,0.00016513915034011006,0.9166666666666667,1.0,462,462
463,t2_b0,10,28,0.041863775548443345,0.05901823565363884,0.0001471377327106893,0.0001471377327106893,0.014285714285714287,1.0,462,462
463,t2_b0,9,38,0.9890221335253442,0.027990251779556274,0.46179115772247314,0.46179115772247314,1.0,1.0,460,460
463,t2_b0,0,22,0.12026770097203986,0.012060165405273438,0.005854435730725527,0.005854435730725527,0.92,1.0,462,462
463,t2_b0,4,20,-0.18866841222453828,0.04791870340704918,0.027986733242869377,0.027986733242869377,0.9166666666666667,1.0,462,462
463,t2_b0,11,6,0.0758950768153592,0.0673268735408783,3.6707067920360714e-05,3.6707067920360714e-05,0.9166666666666667,1.0,462,462
463,t2_b0,26,35,0.027301937878777244,0.06696603447198868,0.0007866203086450696,0.0007866203086450696,0.925,1.0,462,462
463,t2_b0,31,18,0.04435002962948473,0.061510246247053146,0.00014723654021508992,0.00014723654021508992,0.925,1.0,462,462
463,t2_b0,24,16,0.9811209204158072,0.05068158358335495,0.4328587055206299,0.4328587055206299,0.9333333333333333,1.0,462,462
464,t2_b0,27,11,0.09635044854366283,0.06511490046977997,0.0004878296749666333,0.0004878296749666333,0.016666666666666666,1.0,463,463
464,t2_b0,35,5,0.1435654796332056,0.06601112335920334,0.003007338847965002,0.003007338847965002,1.0,1.0,463,463
464,t2_b0,7,14,0.2496967756257009,0.07006534934043884,0.01613372564315796,0.01613372564315796,0.9166666666666667,1.0,463,463
464,t2_b0,22,0,0.0,0.04722756892442703,0.0011152216466143727,0.0011152216466143727,0.9166666666666667,1.0,463,463
464,t2_b0,37,33,0.1417165614967475,0.058632735162973404,0.003451460739597678,0.003451460739597678,0.9333333333333333,1.0,463,463
464,t2_b0,12,20,0.24974133575054247,0.045550063252449036,0.020847037434577942,0.020847037434577942,0.92,1.0,463,463
464,t2_b0,16,17,0.0,0.04829852655529976,0.001166373840533197,0.001166373840533197,0.9500000000000001,1.0,463,463
465,t2_b0,6,14,0.0029438027096282664,0.06477450579404831,0.0019115179311484098,0.0019115179311484098,0.9142857142857143,1.0,464,464
465,t2_b0,28,10,0.029463590403807253,0.05874970927834511,0.0004288383643142879,0.0004288383643142879,0.9166666666666667,1.0,464,464
465,t2_b0,32,0,0.0,0.04764935374259949,0.0011352304136380553,0.0011352304136380553,0.9142857142857143,1.0,464,464
465,t2_b0,33,37,0.3392418625072453,0.059999022632837296,0.03898828104138374,0.03898828104138374,0.92,1.0,464,464
465,t2_b0,13,20,-0.04013195956357436,0.042762137949466705,0.0034357160329818726,0.0034357160329818726,0.925,1.0,464,464
465,t2_b0,17,16,-0.0007584797429785161,0.04933791235089302,0.001254824222996831,0.001254824222996831,1.0,1.0,464,464
466,t2_b0,8,6,-0.1763273552033446,0.06581677496433258,0.029316887259483337,0.029316887259483337,0.92,1.0,465,465
466,t2_b0,9,0,-0.6458271832563907,0.04991679638624191,0.2420298457145691,0.2420298457145691,0.92,1.0,465,465
466,t2_b0,18,3,-0.3464149737334655,0.05844193696975708,0.08195456117391586,0.08195456117391586,0.014285714285714287,1.0,465,465
466,t2_b0,39,14,0.1838709350136254,0.06616935133934021,0.006926832254976034,0.006926832254976034,0.9166666666666667,1.0,465,465
466,t2_b0,24,20,-0.80051614032931,0.04300388693809509,0.3557630479335785,0.3557630479335785,0.925,1.0,465,465
467,t2_b0,10,33,0.27561027108418273,0.058954764157533646,0.023469803854823112,0.023469803854823112,0.9166666666666667,1.0,466,466
467,t2_b0,25,4,-0.00766997534725702,0.04742742329835892,0.0015178616158664227,0.0015178616158664227,0.925,1.0,466,466
467,t2_b0,15,31,0.04837318262011653,0.05200716108083725,6.602904250030406e-06,6.602904250030406e-06,0.9333333333333333,1.0,466,466
467,t2_b0,30,34,0.14488957366088973,0.053424231708049774,0.0041829547844827175,0.0041829547844827175,0.9333333333333333,1.0,466,466
467,t2_b0,3,18,-0.052396905137670986,0.026262350380420685,0.0030936389230191708,0.0030936389230191708,0.016666666666666666,1.0,466,466
467,t2_b0,5,39,-0.11019495452752899,0.06800128519535065,0.015876948833465576,0.015876948833465576,0.925,1.0,466,466
467,t2_b0,14,27,0.31385762732496986,0.06725206971168518,0.030407147482037544,0.030407147482037544,0.92,1.0,466,466
467,t2_b0,0,22,0.04254234829021742,0.01797206699848175,0.0003018493880517781,0.0003018493880517781,0.9142857142857143,1.0,466,466
467,t2_b0,17,38,0.9926914279766913,0.030757933855056763,0.46265801787376404,0.46265801787376404,1.0,1.0,462,462
468,t2_b0,35,5,0.9911617243925456,0.05323680490255356,0.4398515820503235,0.4398515820503235,1.0,1.0,467,467
468,t2_b0,23,36,0.9514232811847705,0.05055040121078491,0.4057859778404236,0.4057859778404236,1.0,1.0,467,467
468,t2_b0,19,0,0.2741679118871992,0.052715279161930084,0.024520639330148697,0.024520639330148697,0.925,1.0,467,467
468,t2_b0,6,7,0.0,0.06522636860609055,0.002127239480614662,0.002127239480614662,0.9166666666666667,1.0,467,467
468,t2_b0,31,10,0.04245744309123576,0.05945635959506035,0.00014448158617597073,0.00014448158617597073,0.92,1.0,467,467
468,t2_b0,11,14,0.03846833883570926,0.06440281867980957,0.0003362986317370087,0.0003362986317370087,0.925,1.0,467,467
468,t2_b0,4,13,0.15797342819617322,0.04853696748614311,0.005988168530166149,0.005988168530166149,0.925,1.0,467,467
468,t2_b0,26,37,0.0,0.06099835783243179,0.001860399846918881,0.001860399846918881,0.9125,1.0,467,467
469,t2_b0,38,35,0.9959832330434478,0.10521616786718369,0.39673301577568054,0.39673301577568054,1.0,1.0,468,468
469,t2_b0,27,7,-0.04631993158688076,0.06484843790531158,0.006179203279316425,0.006179203279316425,0.925,1.0,468,468
469,t2_b0,37,33,0.0,0.06038510426878929,0.0018231803551316261,0.0018231803551316261,0.9500000000000001,1.0,468,468
469,t2_b0,22,0,0.0,0.05457639321684837,0.0014892913168296218,0.0014892913168296218,0.92,1.0,468,468
469,t2_b0,12,13,0.11702711747184923,0.050883304327726364,0.002187501871958375,0.002187501871958375,0.925,1.0,468,468
469,t2_b0,21,9,0.5897917730973141,0.05283544212579727,0.14416104555130005,0.14416104555130005,1.0,1.0,468,468
469,t2_b0,36,23,0.0,0.05342479422688484,0.001427104347385466,0.001427104347385466,1.0,1.0,468,468
470,t2_b0,32,0,0.08431696214949085,0.05351073667407036,0.0004745117330458015,0.0004745117330458015,0.92,1.0,469,469
470,t2_b0,3,18,-0.04387034507955877,0.02919851243495941,0.0026695290580391884,0.0026695290580391884,0.9166666666666667,1.0,469,469
470,t2_b0,7,27,-0.05086366407029989,0.06123022362589836,0.006282520014792681,0.006282520014792681,0.925,1.0,469,469
470,t2_b0,13,4,0.0,0.05032447725534439,0.0012662764638662338,0.0012662764638662338,0.9500000000000001,1.0,469,469
470,t2_b0,29,30,-0.23612109308628818,0.05428989604115486,0.042169272899627686,0.042169272899627686,0.9333333333333333,1.0,469,469
470,t2_b0,8,39,0.0,0.06047331169247627,0.001828510663472116,0.001828510663472116,0.92,1.0,469,469
470,t2_b0,28,10,0.010981208600135468,0.060683101415634155,0.0012351389741525054,0.0012351389741525054,0.9142857142857143,1.0,469,469
470,t2_b0,38,5,0.25689792716291904,0.06975466012954712,0.01751130074262619,0.01751130074262619,0.9500000000000001,1.0,469,469
471,t2_b0,39,8,0.12154757035014195,0.06086838245391846,0.0018409820040687919,0.0018409820040687919,0.9333333333333333,1.0,470,470
471,t2_b0,9,21,0.0780257007981867,0.05867455154657364,0.0001872334541985765,0.0001872334541985765,1.0,1.0,470,470
471,t2_b0,29,30,0.21725096047237816,0.057297151535749435,0.012792609632015228,0.012792609632015228,0.92,1.0,470,470
471,t2_b0,23,0,0.2731875866783729,0.05409328266978264,0.02400115504860878,0.02400115504860878,0.9500000000000001,1.0,470,470
471,t2_b0,4,13,-0.2629667191798542,0.05539862811565399,0.05067824199795723,0.05067824199795723,0.9333333333333333,1.0,470,470
471,t2_b0,16,14,0.9520043372813907,0.06064015254378319,0.3972650170326233,0.3972650170326233,0.9500000000000001,1.0,470,470
471,t2_b0,24,12,0.06227626306006464,0.053248219192028046,4.075278411619365e-05,4.075278411619365e-05,0.925,1.0,470,470
471,t2_b0,18,33,-0.05898329262008927,0.06127481907606125,0.007231006398797035,0.007231006398797035,0.9142857142857143,1.0,470,470
472,t2_b0,15,31,0.15921581329099888,0.054858796298503876,0.005445193033665419,0.005445193033665419,0.9333333333333333,1.0,471,471
472,t2_b0,35,5,-0.3661737667201669,0.06350850313901901,0.09231343120336533,0.09231343120336533,0.9333333333333333,1.0,471,471
472,t2_b0,10,18,0.0011567318019013552,0.06152648851275444,0.0018222536891698837,0.0018222536891698837,0.9142857142857143,1.0,471,471
472,t2_b0,0,22,0.4464551657358013,0.024913713335990906,0.08884859830141068,0.08884859830141068,0.925,1.0,471,471
472,t2_b0,25,13,-0.4918976355761973,0.05616239830851555,0.15018491446971893,0.15018491446971893,0.925,1.0,471,471
472,t2_b0,33,39,-0.24634179588291225,0.06065261363983154,0.047122783958911896,0.047122783958911896,0.014285714285714287,1.0,471,471
472,t2_b0,30,27,-0.031180675417354,0.05898158252239227,0.004064616747200489,0.004064616747200489,0.9166666666666667,1.0,471,471
472,t2_b0,34,29,0.0037053678761702962,0.05489683896303177,0.0013102834345772862,0.0013102834345772862,0.92,1.0,471,471
473,t2_b0,20,13,0.8975183719784648,0.05744079500436783,0.35286515951156616,0.35286515951156616,0.925,1.0,472,472
473,t2_b0,21,9,0.11712110962982085,0.06194327026605606,0.001522296923212707,0.001522296923212707,1.0,1.0,472,472
473,t2_b0,19,0,0.01457231230537486,0.0666564553976059,0.0013563790125772357,0.0013563790125772357,0.92,1.0,472,472
473,t2_b0,31,10,0.09145789209349435,0.06130298227071762,0.00045465919538401067,0.00045465919538401067,0.025,1.0,472,472
473,t2_b0,5,38,-0.002826502815830459,0.06487339735031128,0.0022916384041309357,0.0022916384041309357,0.9500000000000001,1.0,472,472
473,t2_b0,12,36,0.18034669484105406,0.1003241166472435,0.0032018066849559546,0.0032018066849559546,1.0,1.0,1,1
473,t2_b0,6,30,0.18837885110216873,0.05965196713805199,0.008285305462777615,0.008285305462777615,0.92,1.0,472,472
473,t2_b0,16,7,0.3776119915892171,0.06029343232512474,0.0503455325961113,0.0503455325961113,0.02,1.0,472,472
474,t2_b0,27,34,-0.03387480746838218,0.05742020905017853,0.004167390055954456,0.004167390055954456,0.02,1.0,473,473
474,t2_b0,11,6,-8.395703129089871e-05,0.061907391995191574,0.0019214636413380504,0.0019214636413380504,0.92,1.0,473,473
474,t2_b0,7,30,-0.0006820553322920614,0.061598945409059525,0.0019394615665078163,0.0019394615665078163,0.92,1.0,473,473
474,t2_b0,12,36,0.0,0.15609729290008545,0.012183182872831821,0.012183182872831821,1.0,1.0,2,463
474,t2_b0,37,33,0.048130619751249666,0.05996819958090782,7.00641394359991e-05,7.00641394359991e-05,0.925,1.0,473,473
474,t2_b0,22,32,-0.04665527462139003,0.06345297396183014,0.006061913445591927,0.006061913445591927,0.9166666666666667,1.0,473,473
475,t2_b0,28,31,0.0,0.061318304389715195,0.0018799672834575176,0.0018799672834575176,0.9166666666666667,1.0,474,474
475,t2_b0,26,11,0.9346714557024858,0.0514632984995842,0.39002832770347595,0.39002832770347595,0.9500000000000001,1.0,474,474
475,t2_b0,17,22,-0.25811178834712706,0.061326026916503906,0.05102025344967842,0.05102025344967842,0.92,1.0,474,474
475,t2_b0,13,25,0.06526209396527481,0.057328056544065475,3.147447569062933e-05,3.147447569062933e-05,0.92,1.0,474,474
475,t2_b0,23,0,0.14603243569055965,0.06665267050266266,0.0031505736988037825,0.0031505736988037825,0.92,1.0,474,474
475,t2_b0,8,10,-0.047550939754111884,0.060476429760456085,0.0058349561877548695,0.0058349561877548695,1.0,1.0,474,474
475,t2_b0,3,18,0.010967867371297688,0.028403155505657196,0.00015199463814496994,0.00015199463814496994,0.9125,1.0,474,474
475,t2_b0,38,35,0.005647881518103246,0.05737507343292236,0.0013378511648625135,0.0013378511648625135,0.9500000000000001,1.0,474,474
476,t2_b0,36,22,0.8262088071275951,0.07146784663200378,0.2848169505596161,0.2848169505596161,0.9333333333333333,1.0,475,475
476,t2_b0,39,5,-0.1801910484570873,0.061064328998327255,0.029102081432938576,0.029102081432938576,0.92,1.0,475,475
476,t2_b0,14,12,0.9977856632689664,0.13605669140815735,0.3712884485721588,0.3712884485721588,1.0,1.0,465,475
476,t2_b0,18,10,0.3945585949129375,0.06096992641687393,0.05564070865511894,0.05564070865511894,0.9142857142857143,1.0,475,475
476,t2_b0,4,33,0.269699892330041,0.061257269233465195,0.021724164485931396,0.021724164485931396,0.9166666666666667,1.0,475,475
476,t2_b0,19,32,0.13102884549030194,0.061214130371809006,0.0024370469618588686,0.0024370469618588686,0.9166666666666667,1.0,475,475
476,t2_b0,29,34,0.3445140174708204,0.05857284367084503,0.04088117927312851,0.04088117927312851,0.92,1.0,475,475
476,t2_b0,9,20,0.0,0.06335730850696564,0.002007074188441038,0.002007074188441038,0.9333333333333333,1.0,475,475
477,t2_b0,10,18,-0.004424263650351068,0.06053274869918823,0.0021097068674862385,0.0021097068674862385,0.9166666666666667,1.0,476,476
477,t2_b0,15,31,0.20156063403076263,0.05978452041745186,0.010050233453512192,0.010050233453512192,0.9333333333333333,1.0,476,476
477,t2_b0,25,21,0.10119379039653364,0.0645374059677124,0.0006718453369103372,0.0006718453369103372,1.0,1.0,476,476
477,t2_b0,32,19,-0.046670345771563426,0.064023956656456,0.006126614287495613,0.006126614287495613,0.9166666666666667,1.0,476,476
477,t2_b0,5,37,-0.0434641353065749,0.06046898663043976,0.00540104741230607,0.00540104741230607,0.9166666666666667,1.0,476,476
477,t2_b0,20,13,0.09981451445625628,0.06377524137496948,0.0006494144909083843,0.0006494144909083843,0.9500000000000001,1.0,476,476
477,t2_b0,30,27,-0.12864391601557368,0.0588076114654541,0.017569037154316902,0.017569037154316902,0.925,1.0,476,476
477,t2_b0,24,33,0.14849453389580494,0.0645500048995018,0.003523341380059719,0.003523341380059719,0.9166666666666667,1.0,476,476
478,t2_b0,33,18,-0.061251702716985205,0.059873368591070175,0.007335641421377659,0.007335641421377659,0.9111111111111111,1.0,477,477
478,t2_b0,8,11,0.955870257163415,0.05689559504389763,0.4040777087211609,0.4040777087211609,0.9500000000000001,1.0,477,477
478,t2_b0,35,30,-0.5792695371658558,0.05405709892511368,0.20055131614208221,0.20055131614208221,0.925,1.0,477,477
478,t2_b0,31,15,0.024517485582680333,0.05815451592206955,0.0005657249712385237,0.0005657249712385237,0.92,1.0,477,477
478,t2_b0,21,9,0.006191221492554165,0.06867534667253494,0.0019521330250427127,0.0019521330250427127,0.9333333333333333,1.0,477,477
478,t2_b0,34,29,0.0,0.06645569205284119,0.002208179561421275,0.002208179561421275,0.92,1.0,477,477
478,t2_b0,36,22,-0.3711850407575584,0.07237323373556137,0.0983719751238823,0.0983719751238823,0.9500000000000001,1.0,477,477
478,t2_b0,16,38,-0.31608049251357123,0.06855854392051697,0.07397358864545822,0.07397358864545822,1.0,1.0,477,477
479,t2_b0,27,34,-0.1318503007681388,0.06371746212244034,0.019123373553156853,0.019123373553156853,0.016666666666666666,1.0,478,478
479,t2_b0,7,30,0.12640103239462763,0.05979977548122406,0.002217863919213414,0.002217863919213414,0.92,1.0,478,478
479,t2_b0,12,22,0.8382571898430856,0.07556813955307007,0.2908473014831543,0.2908473014831543,0.9333333333333333,1.0,478,478
479,t2_b0,37,33,0.18247787262192314,0.059457775205373764,0.00756697217002511,0.00756697217002511,0.9166666666666667,1.0,478,478
479,t2_b0,6,11,0.006885624545933426,0.055954460054636,0.0012038752902299166,0.0012038752902299166,0.9500000000000001,1.0,478,478
479,t2_b0,32,23,-0.014648983154626555,0.06641611456871033,0.0032857749611139297,0.0032857749611139297,0.014285714285714287,1.0,478,478
480,t2_b0,8,7,0.6710944280690582,0.057586364448070526,0.188196063041687,0.188196063041687,0.92,1.0,479,479
480,t2_b0,13,4,0.1387650022548044,0.06497817486524582,0.002722248202189803,0.002722248202189803,0.016666666666666666,1.0,479,479
480,t2_b0,28,31,0.008322124853787293,0.059517260640859604,0.0013104709796607494,0.0013104709796607494,0.9142857142857143,1.0,479,479
480,t2_b0,23,32,0.01794403242727033,0.07347624003887177,0.0015419131377711892,0.0015419131377711892,0.9333333333333333,1.0,479,479
480,t2_b0,22,12,-0.003861265050524558,0.07832573354244232,0.003377351211383939,0.003377351211383939,0.9500000000000001,1.0,479,479
480,t2_b0,17,25,-0.07476090414350328,0.06680575013160706,0.010020560584962368,0.010020560584962368,1.0,1.0,479,479
480,t2_b0,3,33,0.0,0.027494072914123535,0.00037796201650053263,0.00037796201650053263,0.9166666666666667,1.0,479,479
480,t2_b0,38,16,0.0,0.07827315479516983,0.0030633434653282166,0.0030633434653282166,1.0,1.0,479,479
480,t2_b0,11,6,-0.08429541948443539,0.05725189298391342,0.010017822496592999,0.010017822496592999,0.9333333333333333,1.0,479,479
481,t2_b0,29,27,-0.021361142361094543,0.06313864886760712,0.003570107277482748,0.003570107277482748,0.9166666666666667,1.0,480,480
481,t2_b0,14,22,0.08681908174653681,0.07316640019416809,9.319786477135494e-05,9.319786477135494e-05,0.9500000000000001,1.0,480,480
481,t2_b0,26,7,-0.21968472804958952,0.06198100000619888,0.03966779634356499,0.03966779634356499,0.9333333333333333,1.0,480,480
481,t2_b0,4,33,0.18302037113861744,0.06223044544458389,0.007295102812349796,0.007295102812349796,0.9142857142857143,1.0,480,480
481,t2_b0,9,24,0.02941765982164204,0.06763370335102081,0.0007302329759113491,0.0007302329759113491,0.9166666666666667,1.0,480,480
482,t2_b0,25,34,0.004933147665979693,0.0680214911699295,0.0019900694023817778,0.0019900694023817778,0.9166666666666667,1.0,481,481
482,t2_b0,35,11,-0.12466102390635087,0.04733196273446083,0.014790793880820274,0.014790793880820274,1.0,1.0,481,481
482,t2_b0,20,13,-0.027951195493411893,0.06982140243053436,0.0047797407023608685,0.0047797407023608685,1.0,1.0,481,481
482,t2_b0,19,27,-0.03931979707771256,0.06265431642532349,0.005199360195547342,0.005199360195547342,0.9166666666666667,1.0,481,481
482,t2_b0,24,4,0.07857712562464234,0.06604301929473877,7.855188596295193e-05,7.855188596295193e-05,0.9166666666666667,1.0,481,481
482,t2_b0,15,28,0.00025749685025504423,0.061241310089826584,0.0018595127621665597,0.0018595127621665597,0.9500000000000001,1.0,481,481
482,t2_b0,10,33,-0.007798972010260404,0.06049475818872452,0.0023320165928453207,0.0023320165928453207,0.9166666666666667,1.0,481,481
483,t2_b0,34,27,-0.004166181599191663,0.06702114641666412,0.0025338176637887955,0.0025338176637887955,0.92,1.0,482,482
483,t2_b0,6,11,-0.003484436534069529,0.04712445288896561,0.001280629774555564,0.001280629774555564,1.0,1.0,482,482
483,t2_b0,26,7,0.21304770433321008,0.06266316771507263,0.011307753622531891,0.011307753622531891,0.9500000000000001,1.0,482,482
483,t2_b0,39,24,0.0,0.06638581305742264,0.0022035380825400352,0.0022035380825400352,0.92,1.0,482,482
483,t2_b0,30,29,-0.15040744918511587,0.0658327043056488,0.02337990142405033,0.02337990142405033,0.02,1.0,482,482
483,t2_b0,31,28,0.01287283499763232,0.061818066984415054,0.0011978179682046175,0.0011978179682046175,0.925,1.0,482,482
483,t2_b0,18,33,0.14572967446668555,0.05969156324863434,0.0037012784741818905,0.0037012784741818905,0.9166666666666667,1.0,482,482
483,t2_b0,36,32,-0.14305307670522724,0.06622251123189926,0.02189813368022442,0.02189813368022442,0.9500000000000001,1.0,482,482
484,t2_b0,32,29,-0.24705946226374656,0.06625133007764816,0.04908182844519615,0.04908182844519615,0.92,1.0,483,483
484,t2_b0,12,14,-0.041376908240823164,0.06765906512737274,0.005944421049207449,0.005944421049207449,0.925,1.0,483,483
484,t2_b0,33,37,-0.02485514244326368,0.06079192832112312,0.003667710116133094,0.003667710116133094,0.9125,1.0,483,483
484,t2_b0,17,13,0.16617570745054341,0.07156536728143692,0.004475558176636696,0.004475558176636696,0.925,1.0,483,483
484,t2_b0,11,35,0.14424118663616967,0.045211076736450195,0.004903480876237154,0.004903480876237154,1.0,1.0,483,483
484,t2_b0,27,19,0.0,0.06489580869674683,0.0021057329140603542,0.0021057329140603542,0.9166666666666667,1.0,483,483
485,t2_b0,5,14,0.9811141599149218,0.06862585246562958,0.4163174331188202,0.4163174331188202,1.0,1.0,484,484
485,t2_b0,18,33,0.251603430020432,0.06017293781042099,0.018322814255952835,0.018322814255952835,0.9125,1.0,484,484
485,t2_b0,23,12,0.05737214071737462,0.06997156143188477,7.937268674140796e-05,7.937268674140796e-05,0.9333333333333333,1.0,484,484
485,t2_b0,8,38,0.30688588026642044,0.081727996468544,0.025348033756017685,0.025348033756017685,1.0,1.0,484,484
485,t2_b0,37,10,0.014398238226660379,0.06052130088210106,0.0010636684019118547,0.0010636684019118547,0.9111111111111111,1.0,484,484
485,t2_b0,28,31,0.0,0.059894684702157974,0.001793686649762094,0.001793686649762094,0.92,1.0,484,484
485,t2_b0,7,30,0.05276856075783393,0.06070661172270775,3.1506315281149e-05,3.1506315281149e-05,0.925,1.0,484,484
485,t2_b0,13,20,0.1196883675383752,0.06607450544834137,0.0014372231671586633,0.0014372231671586633,0.9142857142857143,1.0,484,484
486,t2_b0,14,23,-0.10642004972837377,0.06894528865814209,0.01537649892270565,0.01537649892270565,0.92,1.0,485,485
486,t2_b0,19,29,0.45057170629288607,0.06210405007004738,0.07545356452465057,0.07545356452465057,0.92,1.0,485,485
486,t2_b0,38,8,0.033120179126895,0.10066024959087372,0.0022808306384831667,0.0022808306384831667,1.0,1.0,485,485
486,t2_b0,4,28,0.02154798881528989,0.06407049298286438,0.0009040817385539412,0.0009040817385539412,0.91,1.0,485,485
486,t2_b0,16,15,0.9454720250196335,0.0661420151591301,0.38661059737205505,0.38661059737205505,1.0,1.0,485,485
486,t2_b0,34,27,0.008989121839119346,0.06374947726726532,0.0014993483200669289,0.0014993483200669289,0.9166666666666667,1.0,485,485
486,t2_b0,33,37,0.047498627379857765,0.061788007616996765,0.00010209318134002388,0.00010209318134002388,0.9125,1.0,485,485
486,t2_b0,24,39,-0.17450055037386997,0.06659705936908722,0.029064029455184937,0.029064029455184937,0.0125,1.0,485,485
487,t2_b0,25,38,0.9365934081531405,0.1191740408539772,0.33408719301223755,0.33408719301223755,1.0,1.0,486,486
487,t2_b0,10,33,0.4289000536035336,0.06421670317649841,0.06649697571992874,0.06649697571992874,0.9111111111111111,1.0,486,486
487,t2_b0,20,17,0.14288493301554198,0.04301058501005173,0.004987443331629038,0.004987443331629038,0.925,1.0,486,486
487,t2_b0,15,31,0.13457322952986753,0.061203621327877045,0.0026915501803159714,0.0026915501803159714,0.925,1.0,486,486
487,t2_b0,3,37,-0.009922115334650403,0.027806967496871948,0.0007117419154383242,0.0007117419154383242,0.9142857142857143,1.0,486,486
487,t2_b0,0,6,0.04478619525938624,0.03721669316291809,2.864868838514667e-05,2.864868838514667e-05,1.0,1.0,486,486
487,t2_b0,29,27,-0.07679385322779597,0.06692533195018768,0.010327603667974472,0.010327603667974472,0.92,1.0,486,486
487,t2_b0,39,24,0.05109458426140379,0.0663611888885498,0.00011653461115201935,0.00011653461115201935,0.9142857142857143,1.0,486,486
487,t2_b0,5,12,0.4153179218322358,0.06919526308774948,0.059900444000959396,0.059900444000959396,0.925,1.0,486,486
488,t2_b0,11,35,0.8324125210396396,0.03686579316854477,0.31644731760025024,0.31644731760025024,1.0,1.0,486,486
488,t2_b0,30,27,-0.029596133446526743,0.0664062350988388,0.004608227405697107,0.004608227405697107,0.925,1.0,487,487
488,t2_b0,26,7,-0.39846277858788165,0.06583113223314285,0.10778441280126572,0.10778441280126572,1.0,1.0,487,487
488,t2_b0,31,15,-0.00648859551325153,0.06143210828304291,0.0023066112771630287,0.0023066112771630287,0.925,1.0,487,487
488,t2_b0,6,0,0.9664831676721037,0.085319384932518,0.3882248103618622,0.3882248103618622,0.9333333333333333,1.0,487,487
488,t2_b0,1,16,0.0,0.027325071394443512,0.0003733297635335475,0.0003733297635335475,0.9500000000000001,1.0,487,487
488,t2_b0,36,13,0.005229964846180054,0.04755433648824692,0.0008956762030720711,0.0008956762030720711,0.92,1.0,487,487
488,t2_b0,21,12,0.980417187710065,0.08004198968410492,0.40533775091171265,0.40533775091171265,0.9333333333333333,1.0,487,487
488,t2_b0,9,37,-0.1705240522325858,0.0657753050327301,0.02791869081556797,0.02791869081556797,0.9111111111111111,1.0,487,487
488,t2_b0,2,17,0.13279524927185804,0.013218902051448822,0.007149250712245703,0.007149250712245703,0.9333333333333333,1.0,487,487
489,t2_b0,32,27,-0.020145021075920404,0.06771939992904663,0.0038600782863795757,0.0038600782863795757,0.9166666666666667,1.0,488,488
489,t2_b0,16,15,0.0,0.06056493893265724,0.0018340558744966984,0.0018340558744966984,0.925,1.0,488,488
489,t2_b0,2,17,0.3853037256503502,0.017314650118350983,0.06770798563957214,0.06770798563957214,0.925,1.0,488,488
489,t2_b0,37,33,0.3235893786716864,0.062471769750118256,0.034091200679540634,0.034091200679540634,0.9111111111111111,1.0,488,488
489,t2_b0,22,1,0.9563141775170009,0.059558503329753876,0.40208539366722107,0.40208539366722107,0.9500000000000001,1.0,488,488
489,t2_b0,12,21,0.030300520839861986,0.077922023832798,0.0011339037446305156,0.0011339037446305156,0.9500000000000001,1.0,488,488
489,t2_b0,7,19,0.25697584635035114,0.06321437656879425,0.018771756440401077,0.018771756440401077,0.925,1.0,488,488
489,t2_b0,35,11,0.06219377308007136,0.04449969530105591,0.00015654020535293967,0.00015654020535293967,1.0,1.0,487,487
490,t2_b0,23,0,0.15920618354187754,0.08070768415927887,0.0030810071621090174,0.0030810071621090174,0.9166666666666667,1.0,489,489
490,t2_b0,18,10,0.3619417400826512,0.06244810298085213,0.04484821856021881,0.04484821856021881,0.91,1.0,489,489
490,t2_b0,13,20,0.002259067919570628,0.05794328823685646,0.0015503661707043648,0.0015503661707043648,0.9125,1.0,489,489
490,t2_b0,33,37,0.35085878448168223,0.0646447092294693,0.04095924273133278,0.04095924273133278,0.91,1.0,489,489
490,t2_b0,27,34,0.027460198246958934,0.06553179770708084,0.0007247233297675848,0.0007247233297675848,0.9142857142857143,1.0,489,489
490,t2_b0,28,4,0.21663711046434017,0.06396203488111496,0.011654837056994438,0.011654837056994438,0.91,1.0,489,489
490,t2_b0,38,25,-0.0535662320045937,0.0878196507692337,0.009994983673095703,0.009994983673095703,0.9500000000000001,1.0,489,489
491,t2_b0,3,8,0.0,0.027665212750434875,0.00038268198841251433,0.00038268198841251433,0.011111111111111112,1.0,490,490
491,t2_b0,12,11,0.9056353718917058,0.04715752601623535,0.36849209666252136,0.36849209666252136,1.0,1.0,488,488
491,t2_b0,39,13,-0.041047189853049566,0.06578537076711655,0.00570659851655364,0.00570659851655364,0.9125,1.0,490,490
491,t2_b0,35,2,0.9591905877899277,0.05293424800038338,0.4106503129005432,0.4106503129005432,1.0,1.0,490,490
491,t2_b0,9,37,0.031088810687115016,0.0655364990234375,0.000593321630731225,0.000593321630731225,0.0125,1.0,490,490
491,t2_b0,19,27,0.03989154861651566,0.06280010938644409,0.00026240109582431614,0.00026240109582431614,0.9166666666666667,1.0,490,490
492,t2_b0,14,27,-0.1470030613709057,0.06687461584806442,0.0228718314319849,0.0228718314319849,0.9166666666666667,1.0,491,491
492,t2_b0,5,0,0.09484234989700473,0.08170919120311737,8.62399538164027e-05,8.62399538164027e-05,0.92,1.0,491,491
492,t2_b0,8,1,-0.3343994736430492,0.060171645134687424,0.07784317433834076,0.07784317433834076,0.02,1.0,491,491
492,t2_b0,35,2,-0.16072158146773224,0.051224689930677414,0.022460613399744034,0.022460613399744034,0.9500000000000001,1.0,491,491
492,t2_b0,10,13,0.043936815903887795,0.06500755250453949,0.00022198798251338303,0.00022198798251338303,0.9111111111111111,1.0,491,491
492,t2_b0,15,38,-0.49468622183872324,0.07702822238206863,0.16342870891094208,0.16342870891094208,0.9500000000000001,1.0,491,491
493,t2_b0,36,2,0.9284475545070905,0.05450516194105148,0.38188764452934265,0.38188764452934265,0.9500000000000001,1.0,492,492
493,t2_b0,29,27,0.09462023694361575,0.0667116567492485,0.00038944437983445823,0.00038944437983445823,0.9166666666666667,1.0,492,492
493,t2_b0,1,3,0.07282340704624375,0.05723965913057327,0.00012142657215008512,0.00012142657215008512,0.92,1.0,492,492
493,t2_b0,25,15,0.03686923066982935,0.07912220060825348,0.000892656680662185,0.000892656680662185,0.9500000000000001,1.0,492,492
493,t2_b0,26,7,-0.3179410541726406,0.07112409174442291,0.07568584382534027,0.07568584382534027,0.9500000000000001,1.0,492,492
493,t2_b0,6,0,-0.13118843275337594,0.08602086454629898,0.02358994260430336,0.02358994260430336,0.925,1.0,492,492
493,t2_b0,24,13,0.0189955544729307,0.06398728489875793,0.0010121279628947377,0.0010121279628947377,0.9111111111111111,1.0,492,492
493,t2_b0,11,12,0.02718444041147656,0.07136906683444977,0.0009761405526660383,0.0009761405526660383,1.0,1.0,490,490
494,t2_b0,12,11,0.2716438189251697,0.09333625435829163,0.015896793454885483,0.015896793454885483,1.0,1.0,491,491
494,t2_b0,27,19,0.03305667137515372,0.06695408374071121,0.000574517238419503,0.000574517238419503,0.9142857142857143,1.0,493,493
494,t2_b0,32,34,-0.05627797079758106,0.06780211627483368,0.007697934750467539,0.007697934750467539,0.9166666666666667,1.0,493,493
494,t2_b0,22,1,-0.10242386273325534,0.05997262895107269,0.013186310417950153,0.013186310417950153,1.0,1.0,493,493
494,t2_b0,4,3,-0.09727235299154431,0.06101149320602417,0.012526887468993664,0.012526887468993664,0.01,1.0,493,493
494,t2_b0,37,33,0.46525144933501195,0.062365297228097916,0.08115862309932709,0.08115862309932709,0.9111111111111111,1.0,493,493
494,t2_b0,31,30,-0.4883682980175572,0.06783194839954376,0.15467937290668488,0.15467937290668488,0.9333333333333333,1.0,493,493
494,t2_b0,0,5,0.005463083561682004,0.057715002447366714,0.001365131582133472,0.001365131582133472,0.9333333333333333,1.0,493,493
494,t2_b0,20,13,0.1409485116552199,0.055257052183151245,0.003671512473374605,0.003671512473374605,0.925,1.0,493,493
494,t2_b0,2,36,0.0666993778254704,0.029007062315940857,0.0007103553507477045,0.0007103553507477045,0.9333333333333333,1.0,493,493
495,t2_b0,33,37,0.2867073655658198,0.06357583403587341,0.02489384077489376,0.02489384077489376,0.9125,1.0,494,494
495,t2_b0,30,27,-0.05918605133038275,0.06415735185146332,0.007606798317283392,0.007606798317283392,0.9166666666666667,1.0,494,494
495,t2_b0,28,4,0.09782211626096277,0.06455141305923462,0.0005534698138944805,0.0005534698138944805,0.9111111111111111,1.0,494,494
495,t2_b0,23,0,0.1833936771243585,0.0911857932806015,0.00425114668905735,0.00425114668905735,0.92,1.0,494,494
495,t2_b0,38,15,-0.16257574967208235,0.08435056358575821,0.030486300587654114,0.030486300587654114,0.9500000000000001,1.0,494,494
495,t2_b0,3,1,0.16356385666425965,0.05826655775308609,0.00554376095533371,0.00554376095533371,0.9142857142857143,1.0,494,494
495,t2_b0,13,20,-0.003928145769042481,0.06391851603984833,0.002301584929227829,0.002301584929227829,0.9142857142857143,1.0,494,494
496,t2_b0,14,27,-0.18065376721977194,0.061833422631025314,0.029400018975138664,0.029400018975138664,0.9166666666666667,1.0,495,495
496,t2_b0,18,33,0.06215571767562808,0.06620717793703079,8.207171049434692e-06,8.207171049434692e-06,0.9125,1.0,495,495
496,t2_b0,4,28,0.43686723145751477,0.06634356826543808,0.06864389032125473,0.06864389032125473,0.9125,1.0,495,495
496,t2_b0,7,30,0.048727482971006354,0.061891380697488785,8.664410415804014e-05,8.664410415804014e-05,0.92,1.0,495,495
496,t2_b0,9,13,0.19283559548541424,0.0669432282447815,0.00792444497346878,0.00792444497346878,0.9111111111111111,1.0,495,495
497,t2_b0,20,13,0.004095148497198065,0.06459164619445801,0.001829913118854165,0.001829913118854165,0.9166666666666667,1.0,496,496
497,t2_b0,19,34,-0.03798538561675987,0.06292756646871567,0.00509171187877655,0.00509171187877655,0.014285714285714287,1.0,496,496
497,t2_b0,21,30,-0.02151365110110557,0.06441956758499146,0.0036922588478773832,0.0036922588478773832,0.9142857142857143,1.0,496,496
497,t2_b0,10,4,-0.24500037478960235,0.06644769757986069,0.048499949276447296,0.048499949276447296,0.011111111111111112,1.0,496,496
497,t2_b0,29,27,0.19361278511252047,0.06439679861068726,0.00834838580340147,0.00834838580340147,0.9142857142857143,1.0,496,496
497,t2_b0,0,23,0.013584672413994064,0.07043975591659546,0.0016162502579391003,0.0016162502579391003,0.9500000000000001,1.0,496,496
497,t2_b0,25,38,0.0,0.08163382112979889,0.003332040272653103,0.003332040272653103,1.0,1.0,496,496
498,t2_b0,39,13,0.013795125198845796,0.06699682772159576,0.0014152105432003736,0.0014152105432003736,0.9142857142857143,1.0,497,497
498,t2_b0,34,27,0.0067739415507567435,0.06831391155719757,0.0018935839179903269,0.0018935839179903269,0.9166666666666667,1.0,497,497
498,t2_b0,26,7,-0.12416164924185588,0.06813864409923553,0.018489699810743332,0.018489699810743332,0.9166666666666667,1.0,497,497
498,t2_b0,15,31,0.015045553140395797,0.06429222226142883,0.0012126171495765448,0.0012126171495765448,0.025,1.0,497,497
498,t2_b0,36,35,-0.06304324923412748,0.06562379747629166,0.008277605287730694,0.008277605287730694,0.9333333333333333,1.0,497,497
498,t2_b0,6,0,-0.5192804840568396,0.09951654076576233,0.1914549022912979,0.1914549022912979,0.9333333333333333,1.0,497,497
498,t2_b0,1,3,0.025212294690928314,0.059433482587337494,0.0005855448544025421,0.0005855448544025421,0.9333333333333333,1.0,497,497
499,t2_b0,2,20,0.2042915610508982,0.04324834793806076,0.012967460788786411,0.012967460788786411,0.92,1.0,498,498
499,t2_b0,37,33,0.32799602369996017,0.06412619352340698,0.034813642501831055,0.034813642501831055,0.9111111111111111,1.0,498,498
499,t2_b0,7,30,0.0,0.06559953093528748,0.00215164921246469,0.00215164921246469,0.9166666666666667,1.0,498,498
499,t2_b0,16,32,0.9710353835687849,0.08259335160255432,0.39466461539268494,0.39466461539268494,0.03333333333333333,1.0,498,498
499,t2_b0,12,11,0.2330554442677615,0.06587842106819153,0.013974077999591827,0.013974077999591827,0.9500000000000001,1.0,498,498
499,t2_b0,35,13,-0.19257063468102928,0.06557518988847733,0.033319637179374695,0.033319637179374695,0.925,1.0,498,498
499,t2_b0,21,34,0.2899813711515192,0.06984275579452515,0.024230504408478737,0.024230504408478737,0.9166666666666667,1.0,498,498
499,t2_b0,24,10,-0.05038390822344859,0.06623774766921997,0.006800305563956499,0.006800305563956499,0.9142857142857143,1.0,498,498
500,t2_b0,18,10,0.08655816967149423,0.07104034721851349,0.00012040141882607713,0.00012040141882607713,0.9166666666666667,1.0,499,499
500,t2_b0,3,1,0.2029393102660034,0.06069634109735489,0.01011653058230877,0.01011653058230877,0.925,1.0,499,499
500,t2_b0,33,37,0.10536306903545153,0.06653600186109543,0.0007537706405855715,0.0007537706405855715,0.92,1.0,499,499
500,t2_b0,13,20,0.18363190616675085,0.07425878942012787,0.005981239955872297,0.005981239955872297,0.9166666666666667,1.0,499,499
500,t2_b0,23,32,0.02973954242358342,0.07625076174736023,0.001081646652892232,0.001081646652892232,0.9125,1.0,499,499
500,t2_b0,38,25,-0.016804741874283286,0.06569528579711914,0.0034031271934509277,0.0034031271934509277,0.9500000000000001,1.0,499,499
500,t2_b0,30,7,0.16709817295770052,0.06807427108287811,0.004902867134660482,0.004902867134660482,0.9111111111111111,1.0,499,499
501,t2_b0,32,16,0.21192848967044917,0.07748784869909286,0.009037141688168049,0.009037141688168049,1.0,1.0,500,500
501,t2_b0,22,37,0.17513855381058002,0.06638507544994354,0.005913658998906612,0.005913658998906612,0.925,1.0,500,500
501,t2_b0,34,0,0.025680110448898348,0.09085897356271744,0.0021241421345621347,0.0021241421345621347,0.92,1.0,500,500
501,t2_b0,27,29,0.07612436561902963,0.07374205440282822,2.837696229107678e-06,2.837696229107678e-06,0.9166666666666667,1.0,500,500
501,t2_b0,31,30,0.030956859685107165,0.06526893377304077,0.0005886593135073781,0.0005886593135073781,0.9166666666666667,1.0,500,500
501,t2_b0,11,7,-1.0,0.06531661003828049,0.5653165578842163,0.5653165578842163,0.9166666666666667,1.0,500,500
501,t2_b0,39,2,0.022527605259368304,0.0721646174788475,0.001231916481629014,0.001231916481629014,0.0125,1.0,500,500
501,t2_b0,4,28,0.07972891636658273,0.07025167346000671,4.490906576393172e-05,4.490906576393172e-05,0.92,1.0,500,500
501,t2_b0,9,10,-0.09120576106265132,0.07069872319698334,0.013106530532240868,0.013106530532240868,0.9125,1.0,500,500
502,t2_b0,35,13,-0.32732719446537006,0.07435961812734604,0.08067615330219269,0.08067615330219269,0.9142857142857143,1.0,501,501
502,t2_b0,0,16,0.2285817333679269,0.0624118335545063,0.013806217350065708,0.013806217350065708,0.025,1.0,501,501
502,t2_b0,8,6,0.6587053238483028,0.09058690071105957,0.16137924790382385,0.16137924790382385,1.0,1.0,501,501
502,t2_b0,10,20,-0.1604612118965337,0.07271292805671692,0.027185091748833656,0.027185091748833656,0.9142857142857143,1.0,501,501
502,t2_b0,19,30,0.27537373941429943,0.06562560796737671,0.021997136995196342,0.021997136995196342,0.9111111111111111,1.0,501,501
502,t2_b0,25,3,-0.23526540527875492,0.07193555682897568,0.047186218202114105,0.047186218202114105,1.0,1.0,501,501
502,t2_b0,15,31,0.23231646814305643,0.06401379406452179,0.01416289433836937,0.01416289433836937,0.9333333333333333,1.0,501,501
502,t2_b0,24,18,0.025416048260097586,0.07140341401100159,0.0010574189946055412,0.0010574189946055412,0.925,1.0,501,501
502,t2_b0,5,33,0.8896470833108282,0.07044929265975952,0.3355425000190735,0.3355425000190735,0.9500000000000001,1.0,501,501
502,t2_b0,29,27,0.003192766499119794,0.08496145904064178,0.0033430594485253096,0.0033430594485253096,0.014285714285714287,1.0,501,501
502,t2_b0,28,4,0.4173058269345073,0.07162639498710632,0.059747133404016495,0.059747133404016495,0.925,1.0,501,501
503,t2_b0,1,33,-0.04254402354073216,0.03561815619468689,0.003054663073271513,0.003054663073271513,0.9166666666666667,1.0,502,502
503,t2_b0,14,19,0.07602588371189337,0.07254965603351593,6.042069344402989e-06,6.042069344402989e-06,0.9166666666666667,1.0,502,502
503,t2_b0,20,10,-0.04540569861420609,0.07267768681049347,0.0069718430750072,0.0069718430750072,0.9142857142857143,1.0,502,502
503,t2_b0,6,0,-0.08501151118767943,0.10429231822490692,0.017917970195412636,0.017917970195412636,0.9500000000000001,1.0,502,502
503,t2_b0,31,30,0.16440773272652276,0.07006865739822388,0.004449930507689714,0.004449930507689714,0.92,1.0,502,502
503,t2_b0,16,27,-0.3040688624018715,0.09402257949113846,0.0792383924126625,0.0792383924126625,0.025,1.0,502,502
503,t2_b0,36,13,-0.3894905913671616,0.07413797080516815,0.10747573524713516,0.10747573524713516,0.92,1.0,502,502
504,t2_b0,37,24,0.2938839962443196,0.06712879240512848,0.025708964094519615,0.025708964094519615,0.9142857142857143,1.0,503,503
504,t2_b0,22,33,0.0,0.06683312356472015,0.0022333331871777773,0.0022333331871777773,0.92,1.0,503,503
504,t2_b0,17,10,0.3066303059814749,0.07448183745145798,0.026946455240249634,0.026946455240249634,0.9166666666666667,1.0,503,503
504,t2_b0,32,25,0.9819409517366801,0.07453462481498718,0.41169312596321106,0.41169312596321106,1.0,1.0,503,503
504,t2_b0,27,0,0.15347461137533996,0.09202088415622711,0.001888280501589179,0.001888280501589179,0.9142857142857143,1.0,503,503
504,t2_b0,30,19,0.0,0.06975790858268738,0.0024330830201506615,0.0024330830201506615,0.9142857142857143,1.0,503,503
505,t2_b0,13,17,0.9989402898168226,0.12773363292217255,0.37950050830841064,0.37950050830841064,1.0,1.0,504,504
505,t2_b0,18,10,0.2081415408709089,0.07378202676773071,0.009026238694787025,0.009026238694787025,0.9166666666666667,1.0,504,504
505,t2_b0,8,0,-0.1560452298437238,0.09203194081783295,0.03077114000916481,0.03077114000916481,0.92,1.0,504,504
505,t2_b0,3,25,-0.002711307293943879,0.03481995314359665,0.0007042977376841009,0.0007042977376841009,0.925,1.0,504,504
505,t2_b0,23,14,0.2685213105446863,0.08198311179876328,0.017398247495293617,0.017398247495293617,0.92,1.0,504,504
505,t2_b0,38,24,-0.4697882119293853,0.06619905680418015,0.1436411738395691,0.1436411738395691,0.9333333333333333,1.0,504,504
505,t2_b0,26,27,-0.027467714942624063,0.0852925255894661,0.00635743560269475,0.00635743560269475,0.9142857142857143,1.0,504,504
505,t2_b0,11,19,-0.10860412205633524,0.06735231727361679,0.015480334870517254,0.015480334870517254,0.9166666666666667,1.0,504,504
505,t2_b0,33,37,0.1516984729400925,0.08208680152893066,0.0024228922557085752,0.0024228922557085752,0.9333333333333333,1.0,504,504
506,t2_b0,21,14,0.03250810354988407,0.083281010389328,0.0012889439240098,0.0012889439240098,0.9333333333333333,1.0,505,505
506,t2_b0,2,10,0.1747999883941602,0.05324269458651543,0.007388087920844555,0.007388087920844555,0.9166666666666667,1.0,505,505
506,t2_b0,24,38,0.13764509880906733,0.070526123046875,0.002252478152513504,0.002252478152513504,0.92,1.0,505,505
506,t2_b0,7,12,0.0,0.06353005766868591,0.0020180342253297567,0.0020180342253297567,0.9500000000000001,1.0,505,505
506,t2_b0,29,16,-0.0015223105440292208,0.08990097790956497,0.004179108887910843,0.004179108887910843,1.0,1.0,505,505
506,t2_b0,19,15,0.113189960356451,0.07100513577461243,0.0008897795923985541,0.0008897795923985541,0.9142857142857143,1.0,505,505
507,t2_b0,20,2,0.28777059764626994,0.08219438791275024,0.021130789071321487,0.021130789071321487,0.014285714285714287,1.0,506,506
507,t2_b0,28,10,0.29905238466117573,0.07546442747116089,0.02499578706920147,0.02499578706920147,0.925,1.0,506,506
507,t2_b0,25,3,-0.0810560158504985,0.07216455042362213,0.01173827052116394,0.01173827052116394,0.9333333333333333,1.0,506,506
507,t2_b0,0,8,-0.010958540671010954,0.06498289108276367,0.0028835502453148365,0.0028835502453148365,0.92,1.0,506,506
507,t2_b0,14,19,0.003957521753027196,0.08077313005924225,0.0029503186233341694,0.0029503186233341694,0.9142857142857143,1.0,506,506
507,t2_b0,9,24,-0.007106909619948751,0.07016845792531967,0.002985741011798382,0.002985741011798382,0.925,1.0,506,506
507,t2_b0,30,15,-0.09029365393963547,0.07428485155105591,0.013543040491640568,0.013543040491640568,0.016666666666666666,1.0,506,506
508,t2_b0,26,0,-0.09197861607775565,0.10073190182447433,0.018568672239780426,0.018568672239780426,0.9333333333333333,1.0,507,507
508,t2_b0,10,20,0.07551096697870648,0.08616888523101807,5.6795644923113286e-05,5.6795644923113286e-05,0.9142857142857143,1.0,507,507
508,t2_b0,15,3,-0.1446298986675315,0.07209660857915878,0.02348519116640091,0.02348519116640091,0.92,1.0,507,507
508,t2_b0,37,13,0.9482716748046238,0.08674213290214539,0.37111660838127136,0.37111660838127136,0.9500000000000001,1.0,507,507
508,t2_b0,21,14,0.45012652249762714,0.08336032181978226,0.06725873053073883,0.06725873053073883,0.9333333333333333,1.0,507,507
508,t2_b0,39,33,0.9341847611050897,0.0794883742928505,0.3652529716491699,0.3652529716491699,1.0,1.0,507,507
508,t2_b0,34,7,0.9638976601918365,0.06861872971057892,0.4007621705532074,0.4007621705532074,0.9333333333333333,1.0,507,507
508,t2_b0,1,22,-0.046470927924453585,0.036524295806884766,0.003444103291258216,0.003444103291258216,0.92,1.0,507,507
508,t2_b0,36,35,0.014131714520518113,0.08485420048236847,0.0025008348748087883,0.0025008348748087883,0.9500000000000001,1.0,507,507
508,t2_b0,4,24,0.0,0.07036121934652328,0.0024753506295382977,0.0024753506295382977,0.9333333333333333,1.0,507,507
509,t2_b0,35,36,0.12909860515696697,0.08561310172080994,0.000945494684856385,0.000945494684856385,0.014285714285714287,1.0,508,508
509,t2_b0,7,12,0.11025500948877011,0.06788378953933716,0.0008976601529866457,0.0008976601529866457,0.9500000000000001,1.0,508,508
509,t2_b0,16,0,-0.019547114064550685,0.09877006709575653,0.006999477278441191,0.006999477278441191,0.9333333333333333,1.0,508,508
509,t2_b0,37,13,0.25510270306123045,0.0877612829208374,0.014001574367284775,0.014001574367284775,0.9333333333333333,1.0,508,508
509,t2_b0,32,25,-0.19442061858040616,0.07283376157283783,0.03571245074272156,0.03571245074272156,0.025,1.0,508,508
509,t2_b0,31,19,0.08665610223330815,0.07413012534379959,7.845003710826859e-05,7.845003710826859e-05,0.9166666666666667,1.0,508,508
509,t2_b0,22,9,0.07837329652596137,0.06478487700223923,9.232259617419913e-05,9.232259617419913e-05,0.9333333333333333,1.0,508,508
509,t2_b0,2,17,0.008435704690033135,0.0644376277923584,0.0015681077493354678,0.0015681077493354678,0.011111111111111112,1.0,508,508
510,t2_b0,5,22,-0.1495616021772569,0.06628432869911194,0.023294731974601746,0.023294731974601746,0.925,1.0,509,509
510,t2_b0,3,25,0.0033385858558360286,0.03857657313346863,0.0006208578706718981,0.0006208578706718981,0.92,1.0,509,509
510,t2_b0,38,9,-0.06953537614313311,0.067194864153862,0.009347579441964626,0.009347579441964626,0.92,1.0,509,509
510,t2_b0,18,10,0.008110559399493662,0.09318552911281586,0.003618875052779913,0.003618875052779913,0.9166666666666667,1.0,509,509
510,t2_b0,12,11,-0.009465445407652397,0.07794065028429031,0.003819913137704134,0.003819913137704134,0.9333333333333333,1.0,509,509
510,t2_b0,17,28,0.08464941002883017,0.09357175976037979,3.9804195694159716e-05,3.9804195694159716e-05,0.9125,1.0,509,509
510,t2_b0,23,0,0.12547858328157102,0.0977494865655899,0.000384451326681301,0.000384451326681301,0.9500000000000001,1.0,509,509
510,t2_b0,33,39,-0.005821181603826805,0.07858454436063766,0.0035621633287519217,0.0035621633287519217,1.0,1.0,509,509
511,t2_b0,14,31,0.15636381993238307,0.07843367755413055,0.0030365532729774714,0.0030365532729774714,0.9166666666666667,1.0,510,510
511,t2_b0,34,11,0.12678864994274458,0.08587408810853958,0.0008370004943571985,0.0008370004943571985,0.03333333333333333,1.0,510,510
511,t2_b0,8,16,0.02247961755544545,0.09783919155597687,0.0028395329136401415,0.0028395329136401415,0.9500000000000001,1.0,510,510
511,t2_b0,39,5,-0.018978856450644194,0.0744781345129013,0.004367104731500149,0.004367104731500149,0.9500000000000001,1.0,510,510
511,t2_b0,4,24,0.0,0.06812752783298492,0.002320680068805814,0.002320680068805814,0.92,1.0,510,510
511,t2_b0,9,38,0.2238893268855574,0.06539703905582428,0.012559901922941208,0.012559901922941208,0.925,1.0,510,510
511,t2_b0,28,18,-0.007289295677656485,0.09458361566066742,0.005189045332372189,0.005189045332372189,0.9166666666666667,1.0,510,510
512,t2_b0,15,3,0.15685636594194105,0.07734957337379456,0.003160665510222316,0.003160665510222316,0.92,1.0,511,511
512,t2_b0,5,39,-0.037859950812574955,0.06606198847293854,0.005399884190410376,0.005399884190410376,0.03333333333333333,1.0,511,511
512,t2_b0,0,23,0.11480969283687069,0.07449068129062653,0.0008128113113343716,0.0008128113113343716,1.0,1.0,511,511
512,t2_b0,27,9,0.8461838688891817,0.06567509472370148,0.30459702014923096,0.30459702014923096,1.0,1.0,511,511
512,t2_b0,30,24,0.14068982588485943,0.0689159706234932,0.002575742779299617,0.002575742779299617,0.9333333333333333,1.0,511,511
512,t2_b0,11,31,-0.24074548639511567,0.08876132220029831,0.054287370294332504,0.054287370294332504,0.92,1.0,511,511
512,t2_b0,10,36,0.09211524012827,0.09596497565507889,7.410238595184637e-06,7.410238595184637e-06,0.9125,1.0,511,511
513,t2_b0,24,38,0.22115338889216865,0.06644824147224426,0.011966842226684093,0.011966842226684093,0.92,1.0,512,512
513,t2_b0,26,8,0.15638016586598355,0.09456523507833481,0.0019105426035821438,0.0019105426035821438,0.9333333333333333,1.0,512,512
513,t2_b0,11,0,0.15888744193587578,0.1028045266866684,0.0015726468991488218,0.0015726468991488218,0.9166666666666667,1.0,512,512
513,t2_b0,13,17,0.05059202177232155,0.09429280459880829,0.0009548792731948197,0.0009548792731948197,0.9142857142857143,1.0,512,512
513,t2_b0,25,3,-0.2584579175581418,0.07492037117481232,0.05557055026292801,0.05557055026292801,0.92,1.0,512,512
513,t2_b0,6,16,0.9845615569892593,0.10179706662893295,0.3896366059780121,0.3896366059780121,1.0,1.0,512,512
513,t2_b0,36,10,-0.2808547170013555,0.09392862766981125,0.07023128867149353,0.07023128867149353,0.9142857142857143,1.0,512,512
514,t2_b0,31,0,-0.06427014443731205,0.09007689356803894,0.011911503039300442,0.011911503039300442,0.9166666666666667,1.0,513,513
514,t2_b0,21,23,0.1789586466843097,0.08565202355384827,0.004353062249720097,0.004353062249720097,0.925,1.0,513,513
514,t2_b0,22,5,0.16100443236514647,0.06637634336948395,0.004477238282561302,0.004477238282561302,0.9333333333333333,1.0,513,513
514,t2_b0,20,26,-0.01895140316728694,0.0885905846953392,0.005782639142125845,0.005782639142125845,0.9500000000000001,1.0,513,513
514,t2_b0,32,3,-0.40149789562127736,0.07549721002578735,0.11376217007637024,0.11376217007637024,0.925,1.0,513,513
514,t2_b0,35,10,-0.030705736034387494,0.09538663178682327,0.007949643768370152,0.007949643768370152,0.9166666666666667,1.0,513,513
514,t2_b0,17,37,0.1662449075405682,0.09491410851478577,0.0025440414901822805,0.0025440414901822805,0.9142857142857143,1.0,513,513
514,t2_b0,27,9,-0.7253522154232985,0.06634418666362762,0.31339162588119507,0.31339162588119507,0.925,1.0,513,513
514,t2_b0,16,8,0.09202492905872711,0.1051083579659462,8.55880425660871e-05,8.55880425660871e-05,0.9500000000000001,1.0,513,513
515,t2_b0,23,0,0.0025259516768077433,0.09630285948514938,0.004397054668515921,0.004397054668515921,0.92,1.0,514,514
515,t2_b0,8,26,-0.00804561148717079,0.09651897102594376,0.005466876085847616,0.005466876085847616,0.9333333333333333,1.0,514,514
515,t2_b0,28,18,0.0,0.09562484174966812,0.0045720553025603294,0.0045720553025603294,0.016666666666666666,1.0,514,514
515,t2_b0,1,2,-0.022781162792290283,0.06790673732757568,0.004112147726118565,0.004112147726118565,0.9166666666666667,1.0,514,514
515,t2_b0,38,24,0.0,0.07691286504268646,0.002957794349640608,0.002957794349640608,0.9142857142857143,1.0,514,514
515,t2_b0,37,10,-0.012875691978472048,0.0980287715792656,0.006149900145828724,0.006149900145828724,0.025,1.0,514,514
516,t2_b0,34,11,0.01874714203668881,0.1037086769938469,0.0036092312075197697,0.0036092312075197697,0.9333333333333333,1.0,515,515
516,t2_b0,29,19,0.4732155509105043,0.10053879022598267,0.06944398581981659,0.06944398581981659,1.0,1.0,1,515
516,t2_b0,14,24,-0.18217926697750306,0.07091674208641052,0.03202879801392555,0.03202879801392555,0.9166666666666667,1.0,515,515
516,t2_b0,33,37,0.6980429143624794,0.12697651982307434,0.16305840015411377,0.16305840015411377,1.0,1.0,515,515
516,t2_b0,3,0,-0.002633338294568887,0.07961835712194443,0.0033826709259301424,0.0033826709259301424,0.92,1.0,515,515
516,t2_b0,18,36,-0.03493450925423758,0.09939736872911453,0.009022527374327183,0.009022527374327183,0.92,1.0,515,515
516,t2_b0,39,5,-0.012724051929028484,0.0732552781701088,0.003696222323924303,0.003696222323924303,0.9333333333333333,1.0,515,515
516,t2_b0,2,1,0.18918881757260067,0.07530522346496582,0.006484737154096365,0.006484737154096365,0.9142857142857143,1.0,515,515
517,t2_b0,35,38,0.0,0.08156278729438782,0.0033262441866099834,0.0033262441866099834,0.9142857142857143,1.0,516,516
517,t2_b0,13,28,-0.1192675584015469,0.10191123187541962,0.02446003071963787,0.02446003071963787,0.9142857142857143,1.0,516,516
517,t2_b0,5,39,0.1591977866282834,0.07610290497541428,0.0034523801878094673,0.0034523801878094673,0.925,1.0,516,516
517,t2_b0,4,24,0.07475285552590748,0.0736481100320816,6.102277438913006e-07,6.102277438913006e-07,0.9166666666666667,1.0,516,516
517,t2_b0,15,3,0.11234277100976856,0.0885390117764473,0.00028330940403975546,0.00028330940403975546,0.9333333333333333,1.0,516,516
517,t2_b0,12,34,0.07191488683417406,0.09670299291610718,0.00030722504016011953,0.00030722504016011953,0.9333333333333333,1.0,516,516
517,t2_b0,20,8,0.0,0.09526857733726501,0.004538050852715969,0.004538050852715969,1.0,1.0,516,516
517,t2_b0,10,18,-0.024637849309617744,0.10016121715307236,0.007787403184920549,0.007787403184920549,0.9142857142857143,1.0,516,516
517,t2_b0,7,26,0.930901500060694,0.09551598876714706,0.348934531211853,0.348934531211853,1.0,1.0,516,516
518,t2_b0,0,3,0.1525704848751805,0.08486329019069672,0.0022921322379261255,0.0022921322379261255,0.925,1.0,517,517
518,t2_b0,21,34,0.9725273994001591,0.10425148904323578,0.37695151567459106,0.37695151567459106,0.9333333333333333,1.0,517,517
518,t2_b0,6,16,0.185872319963438,0.1008751168847084,0.003612261964008212,0.003612261964008212,1.0,1.0,517,517
518,t2_b0,30,24,-0.007812462466114967,0.08029080182313919,0.0038810926489531994,0.0038810926489531994,0.9142857142857143,1.0,517,517
518,t2_b0,19,10,0.9325294446860117,0.09985550493001938,0.34667298197746277,0.34667298197746277,0.9166666666666667,1.0,517,517
518,t2_b0,1,2,-0.0018458255902335675,0.06939168274402618,0.0025373916141688824,0.0025373916141688824,0.9142857142857143,1.0,517,517
518,t2_b0,31,15,0.13022024052374828,0.08750270307064056,0.0009123937343247235,0.0009123937343247235,0.025,1.0,517,517
518,t2_b0,36,35,0.03405476353278491,0.09574192017316818,0.001902652671560645,0.001902652671560645,0.9333333333333333,1.0,517,517
519,t2_b0,12,11,0.027899419172826217,0.10288465023040771,0.002811392303556204,0.002811392303556204,0.9333333333333333,1.0,518,518
519,t2_b0,17,10,-0.00880831666385597,0.09912926703691483,0.005825260654091835,0.005825260654091835,0.9142857142857143,1.0,518,518
519,t2_b0,16,8,0.0,0.10768824815750122,0.005798379424959421,0.005798379424959421,0.9500000000000001,1.0,518,518
519,t2_b0,25,0,-0.06263183345235918,0.09191903471946716,0.011942984536290169,0.011942984536290169,0.9166666666666667,1.0,518,518
519,t2_b0,22,1,-0.20094116352746463,0.07359171658754349,0.03768415376543999,0.03768415376543999,0.92,1.0,518,518
519,t2_b0,27,38,-0.4581641943619821,0.0762980580329895,0.1428249329328537,0.1428249329328537,0.9125,1.0,518,518
520,t2_b0,8,16,0.01629022348295317,0.10260945558547974,0.0037255047354847193,0.0037255047354847193,0.9500000000000001,1.0,519,519
520,t2_b0,18,10,0.057041584942503554,0.09911973774433136,0.0008852854371070862,0.0008852854371070862,0.9142857142857143,1.0,519,519
520,t2_b0,37,17,0.1015962036010808,0.10001090914011002,1.2565836868816405e-06,1.2565836868816405e-06,0.02,1.0,519,519
520,t2_b0,33,13,-0.2937562347242057,0.10371878743171692,0.07899320125579834,0.07899320125579834,0.925,1.0,519,519
520,t2_b0,2,38,-0.054327801655967484,0.05594781041145325,0.006080355029553175,0.006080355029553175,0.9166666666666667,1.0,519,519
520,t2_b0,11,12,0.02751168941338525,0.09980065375566483,0.002612846903502941,0.002612846903502941,0.925,1.0,519,519
520,t2_b0,3,0,0.13895643156576037,0.08374002575874329,0.0015244254609569907,0.0015244254609569907,0.92,1.0,519,519
521,t2_b0,14,38,0.14129008472752697,0.0847015306353569,0.001601132215000689,0.001601132215000689,0.9166666666666667,1.0,520,520
521,t2_b0,28,18,0.014248860528260887,0.09952613711357117,0.003636106848716736,0.003636106848716736,0.92,1.0,520,520
521,t2_b0,9,6,0.8398710653129153,0.11152350157499313,0.26524507999420166,0.26524507999420166,1.0,1.0,520,520
521,t2_b0,32,3,-0.30641653790369816,0.09170606732368469,0.07925080507993698,0.07925080507993698,0.925,1.0,520,520
521,t2_b0,7,20,0.08749608239129064,0.10033552348613739,8.24256640044041e-05,8.24256640044041e-05,1.0,1.0,520,520
521,t2_b0,23,1,0.9437335080829505,0.07887803018093109,0.37398749589920044,0.37398749589920044,1.0,1.0,520,520
521,t2_b0,34,11,-0.040322966784252456,0.09814343601465225,0.009586472064256668,0.009586472064256668,0.9333333333333333,1.0,520,520
521,t2_b0,19,10,-0.03716965497319768,0.10191081464290619,0.009671688079833984,0.009671688079833984,0.9142857142857143,1.0,520,520
521,t2_b0,39,27,0.3047536532805369,0.07677671313285828,0.025986744090914726,0.025986744090914726,0.925,1.0,520,520
522,t2_b0,29,10,0.9133892659877223,0.10303027927875519,0.3283408582210541,0.3283408582210541,0.9142857142857143,1.0,521,521
522,t2_b0,35,36,0.018490216851276765,0.08031592518091202,0.001911209081299603,0.001911209081299603,0.9142857142857143,1.0,521,521
522,t2_b0,25,24,-0.00610263207562257,0.09029919654130936,0.0046466561034321785,0.0046466561034321785,0.016666666666666666,1.0,521,521
522,t2_b0,5,39,0.10175977076781467,0.07807956635951996,0.0002803759998641908,0.0002803759998641908,0.92,1.0,521,521
522,t2_b0,0,3,0.0564066991974178,0.08823615312576294,0.0005065570585429668,0.0005065570585429668,0.92,1.0,521,521
522,t2_b0,30,38,0.2398144821131427,0.0836123675107956,0.01219954900443554,0.01219954900443554,0.9125,1.0,521,521
522,t2_b0,20,8,0.03098094468543842,0.10457810759544373,0.0027082711458206177,0.0027082711458206177,0.9500000000000001,1.0,521,521
523,t2_b0,11,12,0.0,0.09611985087394714,0.00461951270699501,0.00461951270699501,0.925,1.0,522,522
523,t2_b0,36,35,0.036872827108593104,0.07790897786617279,0.0008419828373007476,0.0008419828373007476,0.92,1.0,522,522
523,t2_b0,31,3,0.158063927548677,0.09216160327196121,0.0021715585608035326,0.0021715585608035326,0.9333333333333333,1.0,522,522
523,t2_b0,15,0,0.07344230553504043,0.0957358106970787,0.0002485002623870969,0.0002485002623870969,0.9333333333333333,1.0,522,522
523,t2_b0,38,30,0.0743219460269123,0.08054974675178528,1.9392738977330737e-05,1.9392738977330737e-05,0.9111111111111111,1.0,522,522
523,t2_b0,10,18,0.11857323635137092,0.10278912633657455,0.00012456902186386287,0.00012456902186386287,0.9142857142857143,1.0,522,522
523,t2_b0,6,16,0.1963210493437401,0.1104758232831955,0.0036847018636763096,0.0036847018636763096,0.9500000000000001,1.0,522,522
524,t2_b0,7,8,-0.005644255070392037,0.10730231553316116,0.006378463935106993,0.006378463935106993,0.9500000000000001,1.0,523,523
524,t2_b0,1,38,0.028009604790906053,0.045405447483062744,0.0001513076713308692,0.0001513076713308692,0.9142857142857143,1.0,523,523
524,t2_b0,12,11,0.0,0.09215466678142548,0.00424624141305685,0.00424624141305685,0.9333333333333333,1.0,523,523
524,t2_b0,17,10,0.17579116429591712,0.10134100168943405,0.002771412953734398,0.002771412953734398,0.9142857142857143,1.0,523,523
524,t2_b0,32,25,-0.03939682666244159,0.09421320259571075,0.008925819769501686,0.008925819769501686,0.025,1.0,523,523
524,t2_b0,22,5,0.053504888024845855,0.0782148540019989,0.0003052912070415914,0.0003052912070415914,0.9166666666666667,1.0,523,523
524,t2_b0,2,14,0.31810820205603446,0.06003058701753616,0.033302027732133865,0.033302027732133865,0.9142857142857143,1.0,523,523
524,t2_b0,24,30,-0.12942638861371492,0.0818052887916565,0.02230941131711006,0.02230941131711006,0.9142857142857143,1.0,523,523
525,t2_b0,21,12,0.09720503432729176,0.0959644764661789,7.694932264712406e-07,7.694932264712406e-07,0.9333333333333333,1.0,524,524
525,t2_b0,4,14,0.015488052621451752,0.09199060499668121,0.0029263203032314777,0.0029263203032314777,0.9125,1.0,524,524
525,t2_b0,8,7,0.013748908062966674,0.11174961924552917,0.004802069626748562,0.004802069626748562,0.9333333333333333,1.0,524,524
525,t2_b0,3,0,0.01855119694092301,0.08595234900712967,0.0022714578080922365,0.0022714578080922365,0.92,1.0,524,524
525,t2_b0,13,10,-0.022125979194488627,0.10245168209075928,0.007759797386825085,0.007759797386825085,0.9166666666666667,1.0,524,524
525,t2_b0,23,1,0.3771598630321616,0.08262654393911362,0.043374937027692795,0.043374937027692795,0.9111111111111111,1.0,524,524
525,t2_b0,18,28,-0.008715257666646947,0.10165269672870636,0.006090542767196894,0.006090542767196894,0.02,1.0,524,524
526,t2_b0,38,23,0.19136111310113674,0.08263921737670898,0.005910225212574005,0.005910225212574005,0.011111111111111112,1.0,525,525
526,t2_b0,37,10,0.041756537613449496,0.10280226916074753,0.0018632906721904874,0.0018632906721904874,0.92,1.0,525,525
526,t2_b0,39,5,0.0,0.07225334644317627,0.0026102729607373476,0.0026102729607373476,0.9333333333333333,1.0,525,525
526,t2_b0,34,11,-0.037208453374122825,0.09916199743747711,0.00929845031350851,0.00929845031350851,0.9333333333333333,1.0,525,525
526,t2_b0,33,17,0.006506790936395535,0.10318809002637863,0.004673636518418789,0.004673636518418789,0.025,1.0,525,525
526,t2_b0,16,8,0.03272610391518031,0.111471027135849,0.003100380999967456,0.003100380999967456,0.9333333333333333,1.0,525,525
526,t2_b0,9,6,0.07972139047332016,0.11598029732704163,0.0006573541322723031,0.0006573541322723031,0.9500000000000001,1.0,525,525
526,t2_b0,29,26,-0.29322305036994045,0.10185070335865021,0.07804164290428162,0.07804164290428162,1.0,1.0,525,525
526,t2_b0,14,24,-0.0009333122247764606,0.09041351079940796,0.004172121174633503,0.004172121174633503,0.9142857142857143,1.0,525,525
527,t2_b0,20,7,0.30809852527050596,0.10939078032970428,0.019742384552955627,0.019742384552955627,0.9500000000000001,1.0,526,526
527,t2_b0,0,25,0.03241608769028419,0.06646508723497391,0.0005796672194264829,0.0005796672194264829,0.02,1.0,526,526
527,t2_b0,4,24,0.3781185891355128,0.09032516926527023,0.04141252115368843,0.04141252115368843,0.9125,1.0,526,526
527,t2_b0,28,10,0.1553232036378431,0.10243219137191772,0.0013987297425046563,0.0013987297425046563,0.92,1.0,526,526
527,t2_b0,35,36,0.11919651886612065,0.08160941302776337,0.0007063952507451177,0.0007063952507451177,0.9125,1.0,526,526
527,t2_b0,26,18,-0.0645262579547944,0.10175823420286179,0.013825267553329468,0.013825267553329468,0.9333333333333333,1.0,526,526
527,t2_b0,19,39,0.9464857390102057,0.09137658774852753,0.36560583114624023,0.36560583114624023,1.0,1.0,526,526
528,t2_b0,36,35,0.07127011261225644,0.07829658687114716,2.46856488956837e-05,2.46856488956837e-05,0.9166666666666667,1.0,527,527
528,t2_b0,10,17,-0.0992167956284305,0.10267388820648193,0.020379923284053802,0.020379923284053802,0.92,1.0,527,527
528,t2_b0,24,4,0.04293114607368683,0.08838047087192535,0.0010328205535188317,0.0010328205535188317,0.9166666666666667,1.0,527,527
528,t2_b0,15,31,0.03970648137610389,0.09616586565971375,0.001593831111676991,0.001593831111676991,0.9333333333333333,1.0,527,527
528,t2_b0,11,12,0.05988811657143779,0.09674765169620514,0.0006793126231059432,0.0006793126231059432,0.925,1.0,527,527
528,t2_b0,5,22,0.16185856164222867,0.07636264711618423,0.0036547754425555468,0.0036547754425555468,0.92,1.0,527,527
528,t2_b0,1,38,0.2350487159961238,0.04466526210308075,0.018122928217053413,0.018122928217053413,0.9166666666666667,1.0,527,527
528,t2_b0,6,16,0.16821616616852664,0.11723127961158752,0.0012997294543311,0.0012997294543311,0.9500000000000001,1.0,527,527
528,t2_b0,26,18,0.005513699122816286,0.10247786343097687,0.004701024852693081,0.004701024852693081,0.9333333333333333,1.0,527,527
529,t2_b0,30,14,0.06529058140316564,0.08667251467704773,0.00022859362070448697,0.00022859362070448697,0.9142857142857143,1.0,528,528
529,t2_b0,17,28,0.05679345839889924,0.09829011559486389,0.0008609862416051328,0.0008609862416051328,0.014285714285714287,1.0,528,528
529,t2_b0,7,20,-0.04862432928946215,0.11470934003591537,0.01333894394338131,0.01333894394338131,0.9500000000000001,1.0,528,528
529,t2_b0,12,11,-0.006075484869514154,0.09274137765169144,0.004882386419922113,0.004882386419922113,0.9333333333333333,1.0,528,528
529,t2_b0,22,1,-0.012591808021433577,0.07531261444091797,0.0038635937962681055,0.0038635937962681055,0.9166666666666667,1.0,528,528
529,t2_b0,27,10,0.3250477783991614,0.09850817918777466,0.02566009759902954,0.02566009759902954,0.925,1.0,528,528
529,t2_b0,2,24,-0.0025532968228821197,0.0666617900133133,0.002395364223048091,0.002395364223048091,0.9166666666666667,1.0,528,528
529,t2_b0,16,8,0.0,0.12196936458349228,0.007438262924551964,0.007438262924551964,0.9333333333333333,1.0,528,528
529,t2_b0,31,3,0.0008283888452195133,0.09453251212835312,0.004390231799334288,0.004390231799334288,0.03333333333333333,1.0,528,528
530,t2_b0,33,10,0.1658928013038324,0.10114205628633499,0.002096329117193818,0.002096329117193818,0.92,1.0,529,529
530,t2_b0,8,16,0.23288921817790265,0.11733083426952362,0.0066768703982234,0.0066768703982234,0.9333333333333333,1.0,529,529
530,t2_b0,38,24,0.16450277232337146,0.08659211546182632,0.0030350349843502045,0.0030350349843502045,0.9125,1.0,529,529
530,t2_b0,18,28,0.0920802458908191,0.09975944459438324,2.9485068807844073e-05,2.9485068807844073e-05,0.9500000000000001,1.0,529,529
530,t2_b0,3,0,0.06006456334768905,0.08757223188877106,0.0003783359716180712,0.0003783359716180712,0.92,1.0,529,529
530,t2_b0,21,34,0.0015427031305042921,0.09573698043823242,0.00443628104403615,0.00443628104403615,0.9333333333333333,1.0,529,529
530,t2_b0,23,26,-0.11688193474066501,0.10045216232538223,0.023617053404450417,0.023617053404450417,0.9500000000000001,1.0,529,529
531,t2_b0,28,18,0.16481900884554032,0.0996301993727684,0.0021247901022434235,0.0021247901022434235,0.9333333333333333,1.0,530,530
531,t2_b0,37,10,0.13937264851746342,0.10122621804475784,0.0007275750394910574,0.0007275750394910574,0.92,1.0,530,530
531,t2_b0,9,16,-0.41673990135056127,0.1204579547047615,0.14429078996181488,0.14429078996181488,0.9500000000000001,1.0,530,530
531,t2_b0,25,0,0.08785557617618595,0.09388316422700882,1.8165901565225795e-05,1.8165901565225795e-05,0.9166666666666667,1.0,530,530
531,t2_b0,34,12,0.1379189175099037,0.09797463566064835,0.00079777289647609,0.00079777289647609,0.9333333333333333,1.0,530,530
531,t2_b0,19,22,0.1727340122667134,0.07689964771270752,0.004592112265527248,0.004592112265527248,0.9333333333333333,1.0,530,530
531,t2_b0,39,5,0.32086015409458696,0.07719757407903671,0.029685722663998604,0.029685722663998604,0.925,1.0,530,530
531,t2_b0,14,24,0.1408921934159456,0.09138428419828415,0.0012255165493115783,0.0012255165493115783,0.9166666666666667,1.0,530,530
532,t2_b0,15,31,0.26999579275924357,0.09405050426721573,0.01547837071120739,0.01547837071120739,0.9333333333333333,1.0,531,531
532,t2_b0,30,14,0.06053221168442795,0.08940736949443817,0.0004168873419985175,0.0004168873419985175,0.9142857142857143,1.0,531,531
532,t2_b0,5,39,0.0028299668714039006,0.07954003661870956,0.002942217281088233,0.002942217281088233,0.925,1.0,531,531
532,t2_b0,10,27,-0.08013345990981759,0.10180719196796417,0.016551198437809944,0.016551198437809944,0.025,1.0,531,531
532,t2_b0,35,22,-0.0018748128465197768,0.08428507298231125,0.0037117628380656242,0.0037117628380656242,0.016666666666666666,1.0,531,531
532,t2_b0,0,3,0.012564937332283786,0.09051373600959778,0.003038007766008377,0.003038007766008377,0.92,1.0,531,531
532,t2_b0,20,7,0.05874855744081843,0.11690653860569,0.0016911753918975592,0.0016911753918975592,0.9500000000000001,1.0,531,531
532,t2_b0,32,4,-0.3239520132752688,0.09331271052360535,0.08705493062734604,0.08705493062734604,0.925,1.0,531,531
533,t2_b0,24,30,-0.12609303117905074,0.08870920538902283,0.023070000112056732,0.023070000112056732,0.9166666666666667,1.0,532,532
533,t2_b0,6,16,0.13826497093082804,0.11978022009134293,0.00017084297724068165,0.00017084297724068165,0.9500000000000001,1.0,532,532
533,t2_b0,26,23,-0.003317386345134908,0.1043536365032196,0.005796524696052074,0.005796524696052074,0.9500000000000001,1.0,532,532
533,t2_b0,1,5,0.21838455448935407,0.05119732394814491,0.013975785113871098,0.013975785113871098,0.9166666666666667,1.0,532,532
533,t2_b0,18,10,0.7070102925950786,0.09373991191387177,0.1880502551794052,0.1880502551794052,1.0,1.0,532,532
533,t2_b0,11,12,0.24197071807174853,0.09709201008081436,0.01049492135643959,0.01049492135643959,0.925,1.0,532,532
533,t2_b0,31,15,0.2473217218774624,0.09440972656011581,0.011691038496792316,0.011691038496792316,0.9333333333333333,1.0,532,532
534,t2_b0,36,30,0.0,0.08406813442707062,0.0035337256267666817,0.0035337256267666817,0.92,1.0,533,533
534,t2_b0,7,20,-0.11739682932540915,0.12120342254638672,0.028465040028095245,0.028465040028095245,0.9500000000000001,1.0,533,533
534,t2_b0,4,24,0.03209463084138387,0.0901486873626709,0.0016851366963237524,0.0016851366963237524,0.0125,1.0,533,533
534,t2_b0,13,33,0.0,0.10191032290458679,0.005192856770008802,0.005192856770008802,0.925,1.0,533,533
534,t2_b0,27,10,0.1133706768217149,0.09661857038736343,0.00014031658065505326,0.00014031658065505326,0.925,1.0,533,533
534,t2_b0,37,17,-0.019967872440190243,0.10169132798910141,0.007400481030344963,0.007400481030344963,0.925,1.0,533,533
534,t2_b0,16,8,0.009412043342741382,0.12522906064987183,0.006706790998578072,0.006706790998578072,0.9333333333333333,1.0,533,533
534,t2_b0,22,39,0.18851489755382847,0.08308392763137817,0.00555784534662962,0.00555784534662962,0.9166666666666667,1.0,533,533
534,t2_b0,12,11,0.019099287691103348,0.09447934478521347,0.0028410765808075666,0.0028410765808075666,0.9333333333333333,1.0,533,533
535,t2_b0,2,4,-0.025750624595637605,0.06818472594022751,0.004411924630403519,0.004411924630403519,0.9166666666666667,1.0,534,534
535,t2_b0,38,30,-0.1546621743118601,0.08622539043426514,0.029013410210609436,0.029013410210609436,0.9125,1.0,534,534
535,t2_b0,18,10,-0.237649484719728,0.0953126773238182,0.055431898683309555,0.055431898683309555,1.0,1.0,534,534
535,t2_b0,8,20,-0.031869436683469254,0.12052976340055466,0.011612758040428162,0.011612758040428162,0.9333333333333333,1.0,534,534
535,t2_b0,25,24,0.005103069630535671,0.09440035372972488,0.003987002652138472,0.003987002652138472,0.9166666666666667,1.0,534,534
535,t2_b0,21,11,0.15037847754371464,0.09613015502691269,0.0014714404242113233,0.0014714404242113233,0.03333333333333333,1.0,534,534
535,t2_b0,13,17,-0.030297764084273583,0.10735082626342773,0.009473565965890884,0.009473565965890884,0.925,1.0,534,534
535,t2_b0,23,26,-0.0751745707587093,0.10001999139785767,0.015346567146480083,0.015346567146480083,0.9500000000000001,1.0,534,534
535,t2_b0,3,0,0.08051170325818378,0.08692306280136108,2.055275945167523e-05,2.055275945167523e-05,0.92,1.0,534,534
536,t2_b0,32,0,-0.15753896371691128,0.09260401874780655,0.031285759061574936,0.031285759061574936,0.025,1.0,535,535
536,t2_b0,29,23,0.02112513051935321,0.1109706461429596,0.004036108497530222,0.004036108497530222,1.0,1.0,535,535
536,t2_b0,9,16,0.03915246855570047,0.12289419025182724,0.0035063382238149643,0.0035063382238149643,0.9500000000000001,1.0,535,535
536,t2_b0,4,24,0.4620335283826659,0.09235911071300507,0.0683295950293541,0.0683295950293541,0.9125,1.0,535,535
536,t2_b0,19,22,-0.06782942912674267,0.0837312862277031,0.0114853261038661,0.0114853261038661,0.9333333333333333,1.0,535,535
536,t2_b0,39,5,0.40283110193892707,0.0835065245628357,0.05098409578204155,0.05098409578204155,0.925,1.0,535,535
536,t2_b0,17,37,0.10798652954748597,0.10275883972644806,1.3664383914147038e-05,1.3664383914147038e-05,0.025,1.0,535,535
536,t2_b0,33,27,0.1964791741053445,0.10627467185258865,0.004068425856530666,0.004068425856530666,0.925,1.0,535,535
536,t2_b0,34,12,0.0,0.09943996369838715,0.004944153130054474,0.004944153130054474,0.9333333333333333,1.0,535,535
537,t2_b0,35,30,-0.26839998601928605,0.08719789981842041,0.0632249265909195,0.0632249265909195,0.9166666666666667,1.0,536,536
537,t2_b0,28,16,0.8427427424849268,0.12270186841487885,0.2592294216156006,0.2592294216156006,1.0,1.0,536,536
537,t2_b0,0,3,0.34047009250999083,0.08999909460544586,0.03136786073446274,0.03136786073446274,0.92,1.0,536,536
537,t2_b0,20,8,0.0,0.11880964785814285,0.007057866081595421,0.007057866081595421,0.9500000000000001,1.0,536,536
537,t2_b0,5,22,0.04855562644273738,0.08522593230009079,0.0006723556434735656,0.0006723556434735656,0.925,1.0,536,536
537,t2_b0,24,4,0.24582050644969816,0.09245140105485916,0.011761040426790714,0.011761040426790714,0.9166666666666667,1.0,536,536
538,t2_b0,36,30,-0.2579141322158541,0.08530637621879578,0.05890015512704849,0.05890015512704849,0.02,1.0,537,537
538,t2_b0,26,23,0.030104651698860698,0.10568498820066452,0.0028561935760080814,0.0028561935760080814,0.9500000000000001,1.0,537,537
538,t2_b0,6,16,0.13934109105236442,0.12367735058069229,0.0001226763124577701,0.0001226763124577701,0.9333333333333333,1.0,537,537
538,t2_b0,1,22,-0.0649004701347813,0.056390732526779175,0.007355778012424707,0.007355778012424707,0.9166666666666667,1.0,537,537
538,t2_b0,15,3,0.10193182178439975,0.09747277200222015,9.941578355210368e-06,9.941578355210368e-06,0.03333333333333333,1.0,537,537
538,t2_b0,11,12,0.19712480196815435,0.09687188267707825,0.005025324411690235,0.005025324411690235,0.925,1.0,537,537
538,t2_b0,14,4,0.002983320612047565,0.09169334918260574,0.003934734035283327,0.003934734035283327,0.9166666666666667,1.0,537,537
539,t2_b0,31,15,0.0,0.09669710695743561,0.00467516528442502,0.00467516528442502,0.9333333333333333,1.0,538,538
539,t2_b0,7,20,-0.1891559203159779,0.1211974173784256,0.04815959557890892,0.04815959557890892,0.9500000000000001,1.0,538,538
539,t2_b0,25,4,0.021286463741984306,0.09623251855373383,0.002808455377817154,0.002808455377817154,0.9166666666666667,1.0,538,538
539,t2_b0,16,8,-0.01654844774807383,0.12676531076431274,0.01026941742748022,0.01026941742748022,0.925,1.0,538,538
539,t2_b0,22,5,0.03232221303152709,0.08334031701087952,0.0013014234136790037,0.0013014234136790037,0.9166666666666667,1.0,538,538
539,t2_b0,30,35,-0.04935606607731573,0.08900727331638336,0.009572206065058708,0.009572206065058708,0.9142857142857143,1.0,538,538
539,t2_b0,32,0,-0.2248840136598831,0.0971825048327446,0.0518634207546711,0.0518634207546711,0.025,1.0,538,538
539,t2_b0,2,24,-0.001014899756572267,0.07061775773763657,0.002565619070082903,0.002565619070082903,0.9166666666666667,1.0,538,538
539,t2_b0,37,17,0.3686384368285568,0.10786279290914536,0.03400196507573128,0.03400196507573128,0.92,1.0,538,538
539,t2_b0,12,21,0.3023205680707057,0.09619532525539398,0.021243808791041374,0.021243808791041374,0.9333333333333333,1.0,538,538
539,t2_b0,27,33,0.0012480377169744711,0.10796046257019043,0.005693770479410887,0.005693770479410887,0.925,1.0,538,538
540,t2_b0,13,17,0.3588310388254348,0.11222825944423676,0.030406467616558075,0.030406467616558075,0.925,1.0,539,539
540,t2_b0,38,14,0.0523737123299049,0.0885617807507515,0.0006547882221639156,0.0006547882221639156,0.9125,1.0,539,539
540,t2_b0,21,11,0.07268032222340572,0.09881143271923065,0.000341417413437739,0.000341417413437739,0.9333333333333333,1.0,539,539
540,t2_b0,23,26,0.0,0.100350521504879,0.005035113543272018,0.005035113543272018,0.9500000000000001,1.0,539,539
540,t2_b0,3,0,0.0,0.08797833323478699,0.003870093496516347,0.003870093496516347,0.92,1.0,539,539
540,t2_b0,18,37,-0.17027548391822428,0.11657841503620148,0.04114258289337158,0.04114258289337158,0.9333333333333333,1.0,539,539
540,t2_b0,8,20,-0.22331139218257176,0.11935342848300934,0.05870959535241127,0.05870959535241127,0.925,1.0,539,539
541,t2_b0,39,22,0.016087282841990302,0.08480501174926758,0.002361063379794359,0.002361063379794359,0.925,1.0,540,540
541,t2_b0,14,30,0.013836012853079251,0.09052915126085281,0.0029409187845885754,0.0029409187845885754,0.9166666666666667,1.0,540,540
541,t2_b0,17,13,-0.0067461419649326075,0.10800713300704956,0.006584157235920429,0.006584157235920429,0.925,1.0,540,540
541,t2_b0,28,16,0.5797634642232975,0.117745041847229,0.10673051327466965,0.10673051327466965,0.025,1.0,540,540
541,t2_b0,34,11,0.1851696525725575,0.10102398693561554,0.0035402465146034956,0.0035402465146034956,0.9333333333333333,1.0,540,540
541,t2_b0,29,23,-0.020734784999047583,0.10673515498638153,0.008124292828142643,0.008124292828142643,1.0,1.0,540,540
541,t2_b0,4,24,0.24669799082392188,0.09208916872739792,0.011951942928135395,0.011951942928135395,0.9125,1.0,540,540
542,t2_b0,15,31,0.46886075061648247,0.09298209846019745,0.0706423744559288,0.0706423744559288,0.925,1.0,541,541
542,t2_b0,30,14,-0.005387620794528979,0.08844349533319473,0.004402139224112034,0.004402139224112034,0.9125,1.0,541,541
542,t2_b0,33,13,0.013806344556368767,0.11168454587459564,0.004790071398019791,0.004790071398019791,0.925,1.0,541,541
542,t2_b0,9,16,-0.21294727075260536,0.11876536160707474,0.05501663684844971,0.05501663684844971,0.9500000000000001,1.0,541,541
542,t2_b0,5,39,-0.016405251803251118,0.08616702258586884,0.005260535981506109,0.005260535981506109,0.025,1.0,541,541
542,t2_b0,20,8,0.0,0.11923845112323761,0.007108903955668211,0.007108903955668211,0.925,1.0,541,541
542,t2_b0,0,3,0.015484317728323357,0.09097960591316223,0.002849769312888384,0.002849769312888384,0.92,1.0,541,541
542,t2_b0,24,4,0.2958692924748722,0.09103381633758545,0.020978786051273346,0.020978786051273346,0.9166666666666667,1.0,541,541
542,t2_b0,35,22,-0.025166839673699645,0.08707509934902191,0.006299126427620649,0.006299126427620649,0.016666666666666666,1.0,541,541
543,t2_b0,6,8,0.20310118984360787,0.11813602596521378,0.0036095394752919674,0.0036095394752919674,0.925,1.0,542,542
543,t2_b0,26,37,0.0,0.10790872573852539,0.005822146777063608,0.005822146777063608,0.9333333333333333,1.0,542,542
543,t2_b0,19,5,-0.18699078004196334,0.08904775232076645,0.03809863328933716,0.03809863328933716,0.9333333333333333,1.0,542,542
543,t2_b0,11,12,0.3512414754021104,0.09870980679988861,0.03188611567020416,0.03188611567020416,0.925,1.0,542,542
543,t2_b0,1,2,0.3175366414760623,0.07610493153333664,0.029144635424017906,0.029144635424017906,0.9142857142857143,1.0,542,542
543,t2_b0,36,30,-0.3193029018478845,0.08457963168621063,0.08156055957078934,0.08156055957078934,0.92,1.0,542,542
543,t2_b0,25,14,0.22715996287568724,0.09636488556861877,0.008553676307201385,0.008553676307201385,0.9166666666666667,1.0,542,542
543,t2_b0,31,15,0.2511180814425741,0.09506594389677048,0.012176135554909706,0.012176135554909706,0.92,1.0,542,542
543,t2_b0,16,20,0.014477564200749122,0.11820133775472641,0.005379310343414545,0.005379310343414545,0.92,1.0,542,542
544,t2_b0,12,11,0.13084109468948676,0.09781248867511749,0.0005454443162307143,0.0005454443162307143,0.92,1.0,543,543
544,t2_b0,2,1,-0.020804814444176024,0.08865039050579071,0.005990221165120602,0.005990221165120602,0.9142857142857143,1.0,543,543
544,t2_b0,17,13,0.244581389455106,0.10193948447704315,0.010173356160521507,0.010173356160521507,0.9333333333333333,1.0,543,543
544,t2_b0,27,33,0.16200878163874388,0.11072283983230591,0.0013151236344128847,0.0013151236344128847,0.9333333333333333,1.0,543,543
544,t2_b0,7,20,0.006342909041409653,0.11546001583337784,0.00595327140763402,0.00595327140763402,0.9333333333333333,1.0,543,543
544,t2_b0,32,4,-0.0985283325163952,0.09678132832050323,0.01907293312251568,0.01907293312251568,0.925,1.0,543,543
544,t2_b0,37,18,0.0,0.10379652678966522,0.005386859644204378,0.005386859644204378,0.02,1.0,543,543
544,t2_b0,22,30,0.037133920478907775,0.08811807632446289,0.0012996920850127935,0.0012996920850127935,0.9125,1.0,543,543
545,t2_b0,38,36,0.08341545504980657,0.08763633668422699,8.907916708267294e-06,8.907916708267294e-06,0.9142857142857143,1.0,544,544
545,t2_b0,21,11,0.22730003098594512,0.09991800040006638,0.008113091811537743,0.008113091811537743,0.925,1.0,544,544
545,t2_b0,28,20,-0.3206705927221736,0.11798262596130371,0.09620832651853561,0.09620832651853561,0.9166666666666667,1.0,544,544
545,t2_b0,18,37,-0.11992837351250751,0.11339577287435532,0.02722007781267166,0.02722007781267166,0.9333333333333333,1.0,544,544
545,t2_b0,3,0,-0.008285676593958248,0.08859580010175705,0.004693010356277227,0.004693010356277227,0.9333333333333333,1.0,544,544
545,t2_b0,23,17,-0.17570665791661222,0.10960592329502106,0.04070163890719414,0.04070163890719414,0.05,1.0,544,544
545,t2_b0,33,26,0.18511572687288863,0.10877031087875366,0.002914311131462455,0.002914311131462455,0.92,1.0,544,544
546,t2_b0,4,24,0.22316345165307802,0.09211666882038116,0.00858663022518158,0.00858663022518158,0.92,1.0,545,545
546,t2_b0,14,30,-0.0002677053713871257,0.08890686184167862,0.0039760516956448555,0.0039760516956448555,0.9142857142857143,1.0,545,545
546,t2_b0,39,19,-0.012981146133491162,0.08677981793880463,0.004976124968379736,0.004976124968379736,0.02,1.0,545,545
546,t2_b0,29,17,-0.029024169519767384,0.10837681591510773,0.009439514949917793,0.009439514949917793,0.9500000000000001,1.0,545,545
546,t2_b0,9,20,-0.40941116922342274,0.11949484795331955,0.1398707777261734,0.1398707777261734,0.92,1.0,545,545
546,t2_b0,34,12,0.20270674216928453,0.10057339072227478,0.0052156103774905205,0.0052156103774905205,0.92,1.0,545,545
546,t2_b0,13,26,-0.39189260798242387,0.10934769362211227,0.12562093138694763,0.12562093138694763,0.9333333333333333,1.0,545,545
546,t2_b0,8,16,0.23321403068326568,0.11839926242828369,0.006591216195374727,0.006591216195374727,0.925,1.0,545,545
547,t2_b0,19,38,-0.09475677502096126,0.09088581800460815,0.017231587320566177,0.017231587320566177,0.925,1.0,546,546
547,t2_b0,25,24,0.3674861223760276,0.09294992685317993,0.03768505901098251,0.03768505901098251,0.92,1.0,546,546
547,t2_b0,0,2,-0.0006009421221657054,0.08540941774845123,0.0036988910287618637,0.0036988910287618637,0.92,1.0,546,546
547,t2_b0,20,8,-0.018153254899042914,0.11476101726293564,0.008833101950585842,0.008833101950585842,0.9166666666666667,1.0,546,546
547,t2_b0,35,36,0.2422091397972223,0.0888168066740036,0.011764603666961193,0.011764603666961193,0.9142857142857143,1.0,546,546
547,t2_b0,15,3,0.1577494112765977,0.0898977667093277,0.0023019229993224144,0.0023019229993224144,0.9333333333333333,1.0,546,546
547,t2_b0,5,30,0.025384669003778094,0.08872111141681671,0.0020057526417076588,0.0020057526417076588,0.9142857142857143,1.0,546,546
548,t2_b0,1,14,0.4242298504248696,0.05983082950115204,0.06639332324266434,0.06639332324266434,0.9142857142857143,1.0,547,547
548,t2_b0,24,4,0.0,0.09365655481815338,0.004385774955153465,0.004385774955153465,0.92,1.0,547,547
548,t2_b0,36,35,0.13516148786625548,0.08808575570583344,0.00110806233715266,0.00110806233715266,0.92,1.0,547,547
548,t2_b0,16,7,0.0,0.11412262916564941,0.006511987186968327,0.006511987186968327,0.02,1.0,547,547
548,t2_b0,6,9,0.021280492225046452,0.11436139047145844,0.004332026932388544,0.004332026932388544,0.92,1.0,547,547
548,t2_b0,11,12,0.0038670814732199056,0.0933203399181366,0.004000942688435316,0.004000942688435316,0.92,1.0,547,547
548,t2_b0,26,33,-0.0848507376979794,0.10751818865537643,0.01850290223956108,0.01850290223956108,0.925,1.0,547,547
549,t2_b0,32,24,-0.15814849880019005,0.09397442638874054,0.03178298845887184,0.03178298845887184,0.925,1.0,548,548
549,t2_b0,2,0,0.17362743104916792,0.09342720359563828,0.003216038690879941,0.003216038690879941,0.925,1.0,548,548
549,t2_b0,7,16,-0.0395985298476421,0.11396785825490952,0.011791317723691463,0.011791317723691463,0.92,1.0,548,548
549,t2_b0,12,21,0.027425597238199585,0.09274236112833023,0.002133140107616782,0.002133140107616782,0.025,1.0,548,548
549,t2_b0,30,19,-0.08850413061810022,0.09478934854269028,0.016798248514533043,0.016798248514533043,0.014285714285714287,1.0,548,548
549,t2_b0,17,13,0.3064458548424599,0.10897018015384674,0.019498324021697044,0.019498324021697044,0.9500000000000001,1.0,548,548
549,t2_b0,27,33,-0.012368470934666208,0.10091888904571533,0.006417012773454189,0.006417012773454189,0.925,1.0,548,548
549,t2_b0,22,35,0.30376507270988035,0.09405873715877533,0.02198837138712406,0.02198837138712406,0.9125,1.0,548,548
550,t2_b0,23,29,0.1441190620134939,0.11997389048337936,0.00029149482725188136,0.00029149482725188136,0.9500000000000001,1.0,549,549
550,t2_b0,28,9,-0.7470061518116161,0.11181565374135971,0.3687874376773834,0.3687874376773834,0.92,1.0,549,549
550,t2_b0,3,11,0.10410467301632603,0.061738256365060806,0.0008974567172117531,0.0008974567172117531,0.925,1.0,549,549
550,t2_b0,33,37,0.32635424373147265,0.10141255706548691,0.025299377739429474,0.025299377739429474,0.025,1.0,549,549
550,t2_b0,31,26,0.9027332842536459,0.10225623846054077,0.3203817307949066,0.3203817307949066,1.0,1.0,549,549
550,t2_b0,13,17,0.0534350702080681,0.11589007824659348,0.0019503141520544887,0.0019503141520544887,0.9500000000000001,1.0,549,549
550,t2_b0,21,12,0.10435292596703873,0.09354708343744278,5.838314609718509e-05,5.838314609718509e-05,0.925,1.0,549,549
550,t2_b0,38,14,-0.00216293701515308,0.08864624798297882,0.004123153630644083,0.004123153630644083,0.92,1.0,549,549
551,t2_b0,20,9,0.9910606362154895,0.11670488119125366,0.38224896788597107,0.38224896788597107,0.9333333333333333,1.0,550,550
551,t2_b0,29,16,-0.15872063741007023,0.11168400943279266,0.0365593321621418,0.0365593321621418,0.92,1.0,550,550
551,t2_b0,18,26,-0.4644010239475799,0.10332304984331131,0.1611553281545639,0.1611553281545639,0.9333333333333333,1.0,550,550
551,t2_b0,4,12,-0.03834938577183215,0.09285640716552734,0.008607480674982071,0.008607480674982071,0.9333333333333333,1.0,550,550
551,t2_b0,24,25,0.004566631147804527,0.09383893013000488,0.00398477166891098,0.00398477166891098,0.9333333333333333,1.0,550,550
551,t2_b0,34,21,0.025657689428929605,0.09008327126502991,0.002075327793136239,0.002075327793136239,0.92,1.0,550,550
551,t2_b0,37,27,0.020048264418168794,0.10702328383922577,0.00378232728689909,0.00378232728689909,0.9500000000000001,1.0,550,550
551,t2_b0,39,14,0.02330487739016562,0.09206916391849518,0.002364263404160738,0.002364263404160738,0.9166666666666667,1.0,550,550
552,t2_b0,19,14,-0.2140029945881218,0.09317370504140854,0.04717876389622688,0.04717876389622688,0.92,1.0,551,551
552,t2_b0,25,32,0.05594605105596652,0.09267254918813705,0.000674417766276747,0.000674417766276747,0.9500000000000001,1.0,551,551
552,t2_b0,9,20,-0.008334764190253394,0.11163341999053955,0.007196182385087013,0.007196182385087013,0.02,1.0,551,551
552,t2_b0,35,36,0.12513907381863656,0.09445962309837341,0.0004706143226940185,0.0004706143226940185,0.92,1.0,551,551
552,t2_b0,0,1,0.04151280377493082,0.09027603268623352,0.001188926282338798,0.001188926282338798,0.92,1.0,551,551
553,t2_b0,11,12,0.37500120188863123,0.0963853970170021,0.038813382387161255,0.038813382387161255,0.92,1.0,552,552
553,t2_b0,1,0,0.0,0.09128762036561966,0.00416671484708786,0.00416671484708786,0.9166666666666667,1.0,552,552
553,t2_b0,36,35,0.22095543283086994,0.09407494962215424,0.00804932788014412,0.00804932788014412,0.9333333333333333,1.0,552,552
553,t2_b0,6,9,0.020720089467210358,0.10832532495260239,0.0038373388815671206,0.0038373388815671206,0.9166666666666667,1.0,552,552
553,t2_b0,26,31,-0.009436359807561186,0.10048964619636536,0.006041863467544317,0.006041863467544317,1.0,1.0,552,552
554,t2_b0,22,35,-0.007994491013891249,0.09882373362779617,0.005705066025257111,0.005705066025257111,0.9142857142857143,1.0,553,553
554,t2_b0,15,33,0.9575597778428379,0.10697778314352036,0.36174488067626953,0.36174488067626953,1.0,1.0,553,553
554,t2_b0,2,25,0.04686174108915003,0.07479896396398544,0.00039024418219923973,0.00039024418219923973,0.9500000000000001,1.0,553,553
554,t2_b0,27,18,0.32289445375177894,0.10367847979068756,0.02402782253921032,0.02402782253921032,0.03333333333333333,1.0,553,553
554,t2_b0,20,9,0.25381704989567266,0.11443114280700684,0.009714215993881226,0.009714215993881226,0.9500000000000001,1.0,553,553
554,t2_b0,30,0,0.9627173757922188,0.10326161235570908,0.36933210492134094,0.36933210492134094,0.9500000000000001,1.0,553,553
554,t2_b0,17,13,0.011303117049325894,0.11178593337535858,0.005048397928476334,0.005048397928476334,0.925,1.0,553,553
554,t2_b0,21,11,0.18534127598675462,0.09780600666999817,0.0038312110118567944,0.0038312110118567944,0.925,1.0,553,553
555,t2_b0,23,28,-0.02361458816401027,0.11416471004486084,0.009491567499935627,0.009491567499935627,0.9166666666666667,1.0,554,554
555,t2_b0,8,38,0.9735646808058722,0.09528742730617523,0.38568544387817383,0.38568544387817383,1.0,1.0,552,552
555,t2_b0,12,25,-0.2153269936824576,0.09872015565633774,0.049312807619571686,0.049312807619571686,0.92,1.0,554,554
555,t2_b0,13,17,0.21673824119844765,0.11644377559423447,0.005029489751905203,0.005029489751905203,0.9500000000000001,1.0,554,554
555,t2_b0,5,22,-0.03897516163115165,0.09925533086061478,0.009553833864629269,0.009553833864629269,0.9166666666666667,1.0,554,554
555,t2_b0,16,9,-0.03977644335534028,0.11326033622026443,0.011710126884281635,0.011710126884281635,0.9142857142857143,1.0,554,554
555,t2_b0,18,27,0.01573348023358037,0.10812526941299438,0.004268121439963579,0.004268121439963579,0.9333333333333333,1.0,554,554
556,t2_b0,31,37,-0.1251795174380404,0.10029995441436768,0.025420496240258217,0.025420496240258217,0.9500000000000001,1.0,555,555
556,t2_b0,33,27,0.044943743049789715,0.10369386523962021,0.0017257884610444307,0.0017257884610444307,0.9333333333333333,1.0,555,555
556,t2_b0,7,16,-0.037950999027646065,0.11042433977127075,0.011007620021700859,0.011007620021700859,0.9142857142857143,1.0,555,555
556,t2_b0,34,11,0.3028946117229076,0.09849464893341064,0.020889675244688988,0.020889675244688988,0.92,1.0,555,555
556,t2_b0,19,39,0.4054063452559759,0.09656449407339096,0.047691646963357925,0.047691646963357925,0.9500000000000001,1.0,555,555
556,t2_b0,28,9,-0.5450081721876523,0.10996238142251968,0.21449322998523712,0.21449322998523712,0.9166666666666667,1.0,555,555
557,t2_b0,4,34,0.054071830663312906,0.100778728723526,0.0010907670948654413,0.0010907670948654413,0.9500000000000001,1.0,556,556
557,t2_b0,5,22,0.1805366681534801,0.09961970895528793,0.0032737774308770895,0.0032737774308770895,0.9142857142857143,1.0,556,556
557,t2_b0,25,11,-0.08001793111305681,0.09684442728757858,0.015640147030353546,0.015640147030353546,0.925,1.0,556,556
557,t2_b0,37,31,0.029358634699576207,0.10274304449558258,0.0026926358696073294,0.0026926358696073294,0.9500000000000001,1.0,556,556
557,t2_b0,29,16,-0.20118514187269626,0.10685910284519196,0.0474456325173378,0.0474456325173378,0.9142857142857143,1.0,556,556
557,t2_b0,35,36,0.07138120228081501,0.09926304966211319,0.00038869865238666534,0.00038869865238666534,0.9166666666666667,1.0,556,556
557,t2_b0,10,18,0.9789759509253255,0.10800344496965408,0.37929657101631165,0.37929657101631165,0.03333333333333333,1.0,556,556
557,t2_b0,15,33,-0.3145627499899194,0.10780852288007736,0.08919874578714371,0.08919874578714371,0.9333333333333333,1.0,556,556
557,t2_b0,20,9,0.2023387972165307,0.11079723387956619,0.0041899289935827255,0.0041899289935827255,0.9500000000000001,1.0,556,556
558,t2_b0,11,12,0.494798635761983,0.097001813352108,0.07912115007638931,0.07912115007638931,0.92,1.0,557,557
558,t2_b0,1,35,0.12583381665720378,0.07292832434177399,0.0013994951732456684,0.0013994951732456684,0.9500000000000001,1.0,557,557
558,t2_b0,30,22,0.3974162926161177,0.09778840094804764,0.044888440519571304,0.044888440519571304,0.925,1.0,557,557
558,t2_b0,9,28,-0.015028493188971202,0.10724026709794998,0.007474824786186218,0.007474824786186218,0.92,1.0,557,557
558,t2_b0,24,20,0.873472443006662,0.14816062152385712,0.26303860545158386,0.26303860545158386,1.0,1.0,557,557
558,t2_b0,21,4,-0.037074605892942786,0.10299278050661087,0.009809436276555061,0.009809436276555061,0.925,1.0,557,557
558,t2_b0,31,10,0.0,0.11321941763162613,0.006409318186342716,0.006409318186342716,0.03333333333333333,1.0,557,557
559,t2_b0,17,6,0.15749839195173232,0.10549909621477127,0.0013519632630050182,0.0013519632630050182,0.925,1.0,558,558
559,t2_b0,14,31,0.9630332381049098,0.12666314840316772,0.34975749254226685,0.34975749254226685,0.9500000000000001,1.0,558,558
559,t2_b0,39,22,-0.04492020419854793,0.09952003508806229,0.01043149083852768,0.01043149083852768,0.9142857142857143,1.0,558,558
559,t2_b0,36,35,0.0,0.10456623882055283,0.005467049311846495,0.005467049311846495,0.9166666666666667,1.0,558,558
559,t2_b0,7,29,-0.0009134041174341562,0.10357378423213959,0.005458786152303219,0.005458786152303219,0.9142857142857143,1.0,558,558
559,t2_b0,2,25,-0.024871248116090264,0.07819446176290512,0.005311270710080862,0.005311270710080862,0.925,1.0,558,558
559,t2_b0,12,11,0.28136822048531807,0.09862424433231354,0.016697680577635765,0.016697680577635765,0.92,1.0,558,558
559,t2_b0,27,18,0.01089402003547146,0.10845711827278137,0.004759278614073992,0.004759278614073992,1.0,1.0,558,558
560,t2_b0,32,36,-0.02352048168042542,0.0967639610171318,0.007234172895550728,0.007234172895550728,0.92,1.0,559,559
560,t2_b0,16,25,-0.1984420021139389,0.09785057604312897,0.04389464482665062,0.04389464482665062,0.925,1.0,559,559
560,t2_b0,13,21,0.9824526673004313,0.10384011268615723,0.3859800398349762,0.3859800398349762,0.9500000000000001,1.0,559,559
560,t2_b0,8,19,0.13681569476952293,0.10252854973077774,0.0005878042429685593,0.0005878042429685593,0.9333333333333333,1.0,559,559
560,t2_b0,6,17,-0.05625461368897682,0.10378120839595795,0.01280573196709156,0.01280573196709156,0.925,1.0,559,559
560,t2_b0,28,9,-0.019750967444458468,0.09949558228254318,0.007109869737178087,0.007109869737178087,0.92,1.0,559,559
560,t2_b0,38,11,0.9108908788815171,0.09938642382621765,0.32926976680755615,0.32926976680755615,0.02,1.0,559,559
560,t2_b0,22,35,0.20808479068949412,0.0985955074429512,0.005993951577693224,0.005993951577693224,0.9142857142857143,1.0,559,559
560,t2_b0,18,15,0.2694912750114455,0.11360575258731842,0.012150149792432785,0.012150149792432785,0.03333333333333333,1.0,559,559
561,t2_b0,19,8,0.0,0.10148264467716217,0.005149363540112972,0.005149363540112972,0.025,1.0,560,560
561,t2_b0,14,10,0.3086813131048619,0.13612039387226105,0.014888634905219078,0.014888634905219078,1.0,1.0,560,560
561,t2_b0,34,16,-0.24441240484567467,0.09796246141195297,0.05861027166247368,0.05861027166247368,0.9125,1.0,560,560
561,t2_b0,29,7,0.024652397381602024,0.10181841254234314,0.0029772967100143433,0.0029772967100143433,0.9142857142857143,1.0,560,560
561,t2_b0,39,22,-0.10034828279582278,0.09729143232107162,0.019530728459358215,0.019530728459358215,0.9125,1.0,560,560
561,t2_b0,23,17,0.0,0.10210171341896057,0.005212380085140467,0.005212380085140467,0.9142857142857143,1.0,560,560
562,t2_b0,25,16,0.21458047150576046,0.09757056087255478,0.006845660042017698,0.006845660042017698,0.9142857142857143,1.0,561,561
562,t2_b0,15,10,-0.03483685523325248,0.10822091996669769,0.010232764296233654,0.010232764296233654,0.9500000000000001,1.0,561,561
562,t2_b0,20,28,-0.16433930302108202,0.09962651133537292,0.034838974475860596,0.034838974475860596,0.92,1.0,561,561
562,t2_b0,5,22,-0.0103775938141532,0.0974089577794075,0.005808970425277948,0.005808970425277948,0.9125,1.0,561,561
562,t2_b0,30,32,-0.06661164027320572,0.09661586582660675,0.013321608304977417,0.013321608304977417,0.02,1.0,561,561
562,t2_b0,9,7,-0.11294144068609789,0.09742328524589539,0.022126659750938416,0.022126659750938416,0.9333333333333333,1.0,561,561
563,t2_b0,24,7,-0.20404840752672673,0.09934714436531067,0.04602443426847458,0.04602443426847458,0.03333333333333333,1.0,562,562
563,t2_b0,21,16,-0.2989334871834532,0.09737354516983032,0.07852962613105774,0.07852962613105774,0.9166666666666667,1.0,562,562
563,t2_b0,6,27,-0.03473589207978064,0.1059270054101944,0.009893025271594524,0.009893025271594524,0.9500000000000001,1.0,562,562
563,t2_b0,11,38,-0.006741590476198163,0.09783142060041428,0.00546775758266449,0.00546775758266449,1.0,1.0,562,562
563,t2_b0,1,10,0.0,0.08584484457969666,0.003684668568894267,0.003684668568894267,0.025,1.0,562,562
563,t2_b0,35,36,0.04595189157323228,0.09723636507987976,0.0013150486629456282,0.0013150486629456282,0.9166666666666667,1.0,562,562
564,t2_b0,37,28,0.9476661775261078,0.10609842836856842,0.35411813855171204,0.35411813855171204,1.0,1.0,563,563
564,t2_b0,10,18,0.07378832646616638,0.11604328453540802,0.0008927406161092222,0.0008927406161092222,0.92,1.0,563,563
564,t2_b0,12,9,-0.049086673961863,0.09507682919502258,0.010391557589173317,0.010391557589173317,0.03333333333333333,1.0,563,563
564,t2_b0,3,21,0.2574666009672452,0.058295439928770065,0.019834578037261963,0.019834578037261963,0.9500000000000001,1.0,563,563
564,t2_b0,7,29,0.16595805166578503,0.10230738669633865,0.002025703201070428,0.002025703201070428,0.92,1.0,563,563
564,t2_b0,16,34,0.0671529521194028,0.09609148651361465,0.0004187193117104471,0.0004187193117104471,0.9142857142857143,1.0,563,563
564,t2_b0,17,23,0.19595046916385678,0.10212142765522003,0.004401944112032652,0.004401944112032652,0.9166666666666667,1.0,563,563
564,t2_b0,36,35,-0.004299879432612143,0.09560804069042206,0.004990796092897654,0.004990796092897654,0.9166666666666667,1.0,563,563
565,t2_b0,18,20,-0.18879946062446457,0.11169813573360443,0.04514940083026886,0.04514940083026886,0.925,1.0,564,564
565,t2_b0,32,36,-0.11068427489813183,0.11032935976982117,0.024423513561487198,0.024423513561487198,0.9333333333333333,1.0,564,564
565,t2_b0,3,13,-0.0005728443581635708,0.060448165982961655,0.0018617819296196103,0.0018617819296196103,1.0,1.0,564,564
565,t2_b0,8,19,0.0885126365658404,0.0966053232550621,3.2745789212640375e-05,3.2745789212640375e-05,0.9500000000000001,1.0,564,564
565,t2_b0,22,5,0.06908453527637316,0.09306423366069794,0.00028751304489560425,0.00028751304489560425,0.9166666666666667,1.0,564,564
565,t2_b0,2,16,-0.01710889249328306,0.074927918612957,0.004235387314110994,0.004235387314110994,0.92,1.0,564,564
565,t2_b0,28,24,-0.033106438722506626,0.09986592084169388,0.008840824477374554,0.008840824477374554,0.92,1.0,564,564
565,t2_b0,23,17,0.12324145996511648,0.10408830642700195,0.0001834216818679124,0.0001834216818679124,0.9166666666666667,1.0,564,564
566,t2_b0,24,17,-0.1335460390424057,0.10229305922985077,0.02781004086136818,0.02781004086136818,0.92,1.0,565,565
566,t2_b0,39,19,-0.02056694637258883,0.09531565755605698,0.006714389193803072,0.006714389193803072,0.014285714285714287,1.0,565,565
566,t2_b0,14,15,-0.007568900307233571,0.11256135255098343,0.0072156391106545925,0.0072156391106545925,0.925,1.0,565,565
566,t2_b0,38,16,-0.16992980048161754,0.0929267555475235,0.034546781331300735,0.034546781331300735,0.92,1.0,565,565
566,t2_b0,13,21,0.10682187418859662,0.09246541559696198,0.00010305392788723111,0.00010305392788723111,0.014285714285714287,1.0,565,565
566,t2_b0,27,18,0.014591960426616292,0.10433060675859451,0.004026512149721384,0.004026512149721384,0.925,1.0,565,565
566,t2_b0,31,36,-0.5591392297562672,0.09241900593042374,0.21226409077644348,0.21226409077644348,0.925,1.0,565,565
566,t2_b0,9,25,-0.15064800797829866,0.09163197129964828,0.02934979274868965,0.02934979274868965,0.016666666666666666,1.0,565,565
566,t2_b0,11,28,0.9721133160470136,0.08666441589593887,0.3920098543167114,0.3920098543167114,1.0,1.0,565,565
567,t2_b0,33,21,0.49728841472749785,0.0940319150686264,0.08130789548158646,0.08130789548158646,0.9500000000000001,1.0,566,566
567,t2_b0,10,18,-0.007793776375847459,0.11138296872377396,0.007101548369973898,0.007101548369973898,0.9166666666666667,1.0,566,566
567,t2_b0,25,9,0.0006497286363036375,0.09077580273151398,0.004061354789882898,0.004061354789882898,0.9142857142857143,1.0,566,566
567,t2_b0,29,17,0.04663380330653446,0.09906404465436935,0.0013744651805609465,0.0013744651805609465,0.9142857142857143,1.0,566,566
567,t2_b0,35,36,0.41513718717266507,0.0934225544333458,0.05175015330314636,0.05175015330314636,0.9142857142857143,1.0,566,566
567,t2_b0,34,12,-0.0005643084401402539,0.0897674709558487,0.00407991511747241,0.00407991511747241,0.9333333333333333,1.0,566,566
567,t2_b0,5,22,-0.008874642673596394,0.09357894957065582,0.005248369183391333,0.005248369183391333,0.9142857142857143,1.0,566,566
567,t2_b0,15,20,0.019876908049226344,0.1131742000579834,0.004352191928774118,0.004352191928774118,0.92,1.0,566,566
568,t2_b0,16,9,0.004897287749983693,0.09091600775718689,0.003699610009789467,0.003699610009789467,0.9166666666666667,1.0,567,567
568,t2_b0,21,33,0.0,0.09145867824554443,0.004182344768196344,0.004182344768196344,0.9333333333333333,1.0,567,567
568,t2_b0,20,15,-0.11930292942120903,0.11244284361600876,0.026853052899241447,0.026853052899241447,0.016666666666666666,1.0,567,567
568,t2_b0,31,36,-0.1231753520949338,0.09515520930290222,0.023834116756916046,0.023834116756916046,0.92,1.0,567,567
568,t2_b0,11,28,0.6567818456853172,0.0957900807261467,0.1573558747768402,0.1573558747768402,0.9333333333333333,1.0,567,567
568,t2_b0,30,5,-0.7985132722647431,0.09240338206291199,0.3968662917613983,0.3968662917613983,0.925,1.0,567,567
569,t2_b0,36,35,-0.0011774419207897702,0.0921502634882927,0.004355030599981546,0.004355030599981546,0.9166666666666667,1.0,568,568
569,t2_b0,7,28,0.002390892393329273,0.09686049073934555,0.004462252836674452,0.004462252836674452,0.9142857142857143,1.0,568,568
569,t2_b0,32,31,0.0,0.10970212519168854,0.0060172779485583305,0.0060172779485583305,0.9166666666666667,1.0,568,568
569,t2_b0,37,17,-0.06402688744524276,0.0994970053434372,0.0133700305595994,0.0133700305595994,0.92,1.0,568,568
569,t2_b0,2,3,0.11439879837169108,0.08923899382352829,0.00031650791061110795,0.00031650791061110795,0.9142857142857143,1.0,568,568
569,t2_b0,22,5,0.011263341529225156,0.10631820559501648,0.004517713561654091,0.004517713561654091,0.92,1.0,568,568
569,t2_b0,1,15,-0.049359655270473694,0.08742071688175201,0.00935443677008152,0.00935443677008152,0.9166666666666667,1.0,568,568
570,t2_b0,6,20,0.10217948311480159,0.11399836838245392,6.984303036006168e-05,6.984303036006168e-05,0.9500000000000001,1.0,569,569
570,t2_b0,38,16,-0.04405204048589808,0.089443638920784,0.00891054980456829,0.00891054980456829,0.92,1.0,569,569
570,t2_b0,12,34,0.2934388768115229,0.09378528594970703,0.019930779933929443,0.019930779933929443,0.92,1.0,569,569
570,t2_b0,17,29,-0.00602820992556463,0.09973656386137009,0.005593094043433666,0.005593094043433666,0.925,1.0,569,569
570,t2_b0,8,35,-0.3415764990150016,0.09252414852380753,0.09422167390584946,0.09422167390584946,0.9333333333333333,1.0,569,569
570,t2_b0,18,27,0.05073406834680413,0.10782241076231003,0.0016295394161716104,0.0016295394161716104,0.9333333333333333,1.0,569,569
570,t2_b0,13,33,0.1678178716824665,0.08795952796936035,0.0031886778306216,0.0031886778306216,0.9500000000000001,1.0,569,569
570,t2_b0,3,2,0.02357114751253989,0.0774710550904274,0.0014526000013574958,0.0014526000013574958,0.9166666666666667,1.0,569,569
570,t2_b0,19,36,-0.2696165086882726,0.0881001204252243,0.0639805868268013,0.0639805868268013,0.9166666666666667,1.0,569,569
570,t2_b0,28,7,0.15011612304186372,0.09376724809408188,0.001587597420439124,0.001587597420439124,0.92,1.0,569,569
571,t2_b0,26,8,0.9779234429859012,0.10183261334896088,0.38376757502555847,0.38376757502555847,1.0,1.0,570,570
571,t2_b0,34,12,0.16175739019997512,0.09529541432857513,0.002208597492426634,0.002208597492426634,0.9333333333333333,1.0,570,570
571,t2_b0,14,6,0.1448861869695848,0.11096955835819244,0.0005751686403527856,0.0005751686403527856,0.92,1.0,570,570
571,t2_b0,27,18,0.007140448925917992,0.09813608229160309,0.004140102304518223,0.004140102304518223,0.9333333333333333,1.0,570,570
571,t2_b0,33,16,-0.05794593259009507,0.09079009294509888,0.01106120366603136,0.01106120366603136,0.92,1.0,570,570
571,t2_b0,24,37,0.019348140019283255,0.10455892980098724,0.0036304390523582697,0.0036304390523582697,1.0,1.0,570,570
571,t2_b0,39,5,0.21598901931597977,0.09189893305301666,0.007699175272136927,0.007699175272136927,0.9142857142857143,1.0,570,570
571,t2_b0,9,3,0.08986601234028978,0.08611247688531876,7.044514404697111e-06,7.044514404697111e-06,0.025,1.0,570,570
572,t2_b0,30,19,-0.032605561565845015,0.08948095142841339,0.007452557794749737,0.007452557794749737,0.925,1.0,571,571
572,t2_b0,25,16,-0.2742749968260884,0.08695769309997559,0.06524453312158585,0.06524453312158585,0.9166666666666667,1.0,571,571
572,t2_b0,29,17,0.03177627651621676,0.09523475170135498,0.002013488905504346,0.002013488905504346,0.9142857142857143,1.0,571,571
572,t2_b0,23,12,0.10881252078977903,0.09577866643667221,8.49406496854499e-05,8.49406496854499e-05,0.9142857142857143,1.0,571,571
572,t2_b0,10,18,0.41980275274782214,0.10756421089172363,0.04874645546078682,0.04874645546078682,0.92,1.0,571,571
572,t2_b0,5,31,-0.053709678862475005,0.10321316123008728,0.0123123899102211,0.0123123899102211,0.9142857142857143,1.0,571,571
572,t2_b0,20,6,0.02275472167273841,0.11807739734649658,0.004543206188827753,0.004543206188827753,0.9500000000000001,1.0,571,571
572,t2_b0,35,36,0.0027147916713662888,0.0917309895157814,0.003961941692978144,0.003961941692978144,0.9125,1.0,571,571
573,t2_b0,31,36,-0.05541214830119156,0.09620959311723709,0.011494576930999756,0.011494576930999756,0.9142857142857143,1.0,572,572
573,t2_b0,21,19,-0.03019795593320663,0.0919356495141983,0.007458308711647987,0.007458308711647987,0.0125,1.0,572,572
573,t2_b0,4,8,0.9886168163261843,0.09445271641016006,0.3997647166252136,0.3997647166252136,0.9500000000000001,1.0,572,572
573,t2_b0,1,15,-0.0833566086213485,0.08383040875196457,0.013975749723613262,0.013975749723613262,0.9166666666666667,1.0,572,572
573,t2_b0,6,20,0.03755441259694667,0.11680053174495697,0.0031399736180901527,0.0031399736180901527,1.0,1.0,572,572
573,t2_b0,11,7,-1.0,0.09181375801563263,0.5918138027191162,0.5918138027191162,0.925,1.0,572,572
573,t2_b0,16,9,0.0,0.08540405333042145,0.0036469262558966875,0.0036469262558966875,0.9166666666666667,1.0,572,572
574,t2_b0,17,28,0.037948465245933954,0.09212920069694519,0.001467775902710855,0.001467775902710855,0.92,1.0,573,573
574,t2_b0,2,16,0.14663217327539044,0.06386062502861023,0.003425565082579851,0.003425565082579851,0.92,1.0,573,573
574,t2_b0,15,10,0.010592463388587468,0.10533416271209717,0.004487995058298111,0.004487995058298111,0.9333333333333333,1.0,573,573
574,t2_b0,32,31,0.0,0.10338552296161652,0.005344283301383257,0.005344283301383257,0.9142857142857143,1.0,573,573
574,t2_b0,36,35,0.0,0.09465360641479492,0.004479652736335993,0.004479652736335993,0.9111111111111111,1.0,573,573
574,t2_b0,12,3,0.44945997168245155,0.08972151577472687,0.06470588594675064,0.06470588594675064,0.9166666666666667,1.0,573,573
574,t2_b0,19,30,0.0,0.09098058938980103,0.004138733725994825,0.004138733725994825,0.9142857142857143,1.0,573,573
574,t2_b0,22,39,-0.006262132935530825,0.10257983952760696,0.0059232874773442745,0.0059232874773442745,0.9166666666666667,1.0,573,573
575,t2_b0,3,25,-0.004777641198242477,0.060596492141485214,0.002136888913810253,0.002136888913810253,0.92,1.0,574,574
575,t2_b0,8,19,0.0479058438531896,0.08725963532924652,0.0007743604364804924,0.0007743604364804924,0.9125,1.0,574,574
575,t2_b0,33,16,0.3427913445164863,0.08389159291982651,0.033514540642499924,0.033514540642499924,0.92,1.0,574,574
575,t2_b0,13,31,-0.07220851327679982,0.08946232497692108,0.0130687290802598,0.0130687290802598,0.9142857142857143,1.0,574,574
575,t2_b0,7,11,0.0,0.09363331645727158,0.004383598919957876,0.004383598919957876,1.0,1.0,574,574
575,t2_b0,18,10,0.13889132158762887,0.10195291042327881,0.0006822232389822602,0.0006822232389822602,0.05,1.0,574,574
575,t2_b0,28,12,0.045546417269471055,0.09636720269918442,0.00129137618932873,0.00129137618932873,0.025,1.0,574,574
576,t2_b0,27,18,0.11947074583208182,0.09313666075468063,0.00034674201742745936,0.00034674201742745936,1.0,1.0,575,575
576,t2_b0,14,15,0.07422114446388718,0.10164155066013336,0.00037593941669911146,0.00037593941669911146,0.925,1.0,575,575
576,t2_b0,4,26,0.09749602102565534,0.08791829645633698,4.5866374421166256e-05,4.5866374421166256e-05,0.925,1.0,575,575
576,t2_b0,34,12,0.03859687330910619,0.08642002195119858,0.0011435268679633737,0.0011435268679633737,0.92,1.0,575,575
576,t2_b0,9,16,0.18815737467647958,0.0846288874745369,0.0053590745665133,0.0053590745665133,0.925,1.0,575,575
576,t2_b0,37,24,0.3023321569853332,0.1004297286272049,0.020382296293973923,0.020382296293973923,1.0,1.0,1,575
576,t2_b0,23,17,0.0024283554330660996,0.09126969426870346,0.003946391865611076,0.003946391865611076,0.92,1.0,575,575
576,t2_b0,39,36,-0.053503619423257015,0.0956963449716568,0.011130314320325851,0.011130314320325851,0.9142857142857143,1.0,575,575
577,t2_b0,38,16,-0.0286197839629996,0.08494699001312256,0.006448705680668354,0.006448705680668354,0.9333333333333333,1.0,576,576
577,t2_b0,7,11,0.8981356646944528,0.09498266875743866,0.32252734899520874,0.32252734899520874,1.0,1.0,576,576
577,t2_b0,35,13,0.054044191886047976,0.09140942245721817,0.0006980802863836288,0.0006980802863836288,0.0125,1.0,576,576
577,t2_b0,15,14,-0.011617695144530664,0.1023218184709549,0.00649110646918416,0.00649110646918416,0.9500000000000001,1.0,576,576
577,t2_b0,5,39,0.003283121804059374,0.09970928728580475,0.004649002570658922,0.004649002570658922,0.9142857142857143,1.0,576,576
577,t2_b0,26,8,0.09300231792216905,0.09243779629468918,1.5934313069010386e-07,1.5934313069010386e-07,0.9142857142857143,1.0,576,576
577,t2_b0,19,36,0.0008628459956065202,0.0931255891919136,0.004256207030266523,0.004256207030266523,0.9125,1.0,576,576
577,t2_b0,10,18,0.18900017831285298,0.09408728778362274,0.004504228010773659,0.004504228010773659,1.0,1.0,576,576
577,t2_b0,29,2,0.9283505705899447,0.08565662801265717,0.35506653785705566,0.35506653785705566,1.0,1.0,576,576
578,t2_b0,25,3,0.2482567912325429,0.08462294191122055,0.013388019055128098,0.013388019055128098,0.9166666666666667,1.0,577,577
578,t2_b0,21,15,0.9768367608815811,0.10105230659246445,0.3834992051124573,0.3834992051124573,1.0,1.0,577,577
578,t2_b0,36,35,0.0012487563210047715,0.0922396332025528,0.004139670170843601,0.004139670170843601,0.9125,1.0,577,577
578,t2_b0,24,26,0.9077660642667637,0.12057597935199738,0.3098341226577759,0.3098341226577759,0.9333333333333333,1.0,577,577
578,t2_b0,11,27,-1.0,0.09152030199766159,0.5915203094482422,0.5915203094482422,0.9333333333333333,1.0,577,577
578,t2_b0,1,14,-0.015784740180281847,0.07671219855546951,0.004277841653674841,0.004277841653674841,0.92,1.0,577,577
578,t2_b0,6,20,0.9297821892284455,0.11866608262062073,0.32895466685295105,0.32895466685295105,1.0,1.0,576,576
578,t2_b0,16,9,-0.027473439540151648,0.08288884907960892,0.006089917849749327,0.006089917849749327,0.925,1.0,577,577
579,t2_b0,31,35,-0.17858406723010428,0.09311795234680176,0.036910995841026306,0.036910995841026306,0.9125,1.0,578,578
579,t2_b0,17,9,-0.1328700843453574,0.08390653133392334,0.023496048524975777,0.023496048524975777,0.92,1.0,578,578
579,t2_b0,0,30,-0.01823571384216267,0.07562994211912155,0.004405380692332983,0.004405380692332983,1.0,1.0,578,578
579,t2_b0,22,5,4.123252816929199e-05,0.09472153335809708,0.004482179880142212,0.004482179880142212,0.9142857142857143,1.0,578,578
579,t2_b0,2,33,0.04644333414574602,0.0651448518037796,0.00017487334844190627,0.00017487334844190627,0.9500000000000001,1.0,578,578
579,t2_b0,37,4,0.6835163144055735,0.1332392394542694,0.15140244364738464,0.15140244364738464,0.9500000000000001,1.0,578,578
579,t2_b0,12,34,0.2906663227518137,0.0854729562997818,0.021052157506346703,0.021052157506346703,0.9142857142857143,1.0,578,578
579,t2_b0,7,11,0.024661519450549566,0.08764170110225677,0.001983251655474305,0.001983251655474305,0.9333333333333333,1.0,578,578
579,t2_b0,27,3,-0.05857862214784598,0.08628606796264648,0.010492890141904354,0.010492890141904354,0.9142857142857143,1.0,578,578
580,t2_b0,3,17,-0.036611941507209526,0.05753809213638306,0.004432114772498608,0.004432114772498608,0.9166666666666667,1.0,579,579
580,t2_b0,26,35,-0.1035656844579614,0.09435421973466873,0.019586144015192986,0.019586144015192986,0.9125,1.0,579,579
580,t2_b0,33,38,-0.07871398882389814,0.07794554531574249,0.012271106243133545,0.012271106243133545,0.9500000000000001,1.0,579,579
580,t2_b0,20,6,0.9406945335436238,0.16970506310462952,0.2972123324871063,0.2972123324871063,1.0,1.0,577,577
580,t2_b0,28,18,0.06701704600850665,0.0909489095211029,0.000286366994259879,0.000286366994259879,0.92,1.0,579,579
580,t2_b0,8,4,-0.012357423931467193,0.09625311940908432,0.005898124538362026,0.005898124538362026,0.0125,1.0,579,579
580,t2_b0,32,5,-0.19850037316861432,0.09468492865562439,0.04297880828380585,0.04297880828380585,0.9166666666666667,1.0,579,579
581,t2_b0,39,5,0.004937294517277988,0.08881336450576782,0.0035175979137420654,0.0035175979137420654,0.0125,1.0,580,580
581,t2_b0,19,31,0.04661141623820571,0.09253191947937012,0.0010543462121859193,0.0010543462121859193,0.9111111111111111,1.0,580,580
581,t2_b0,34,12,0.26169535319033427,0.08014250546693802,0.016480719670653343,0.016480719670653343,0.9166666666666667,1.0,580,580
581,t2_b0,30,35,-0.13774184640294068,0.09731069207191467,0.02762484923005104,0.02762484923005104,0.92,1.0,580,580
581,t2_b0,29,38,-0.34059880985082414,0.08358041197061539,0.08996400982141495,0.08996400982141495,0.9500000000000001,1.0,580,580
581,t2_b0,24,4,-0.07906623461846769,0.11622229963541031,0.019068807363510132,0.019068807363510132,0.03333333333333333,1.0,580,580
581,t2_b0,18,3,-0.09021623650968577,0.0795203223824501,0.014405250549316406,0.014405250549316406,0.9125,1.0,580,580
581,t2_b0,9,17,-0.021630530902855324,0.07754367589950562,0.004917761776596308,0.004917761776596308,0.925,1.0,580,580
582,t2_b0,20,6,0.0,0.19202271103858948,0.018436361104249954,0.018436361104249954,1.0,1.0,579,579
582,t2_b0,15,21,0.0,0.0921180471777916,0.0042428672313690186,0.0042428672313690186,0.9500000000000001,1.0,581,581
582,t2_b0,23,27,-0.05312433097194125,0.0853295773267746,0.009584741666913033,0.009584741666913033,1.0,1.0,581,581
582,t2_b0,5,39,0.13092165127971353,0.09138117730617523,0.000781724345870316,0.000781724345870316,0.9125,1.0,581,581
582,t2_b0,25,3,0.04869288803567903,0.07864880561828613,0.00044867844553664327,0.00044867844553664327,0.9166666666666667,1.0,581,581
582,t2_b0,10,18,0.11284280061690392,0.07913200557231903,0.0005682087503373623,0.0005682087503373623,0.92,1.0,581,581
582,t2_b0,38,16,-0.2750778344831788,0.0829102098941803,0.0640777125954628,0.0640777125954628,0.9500000000000001,1.0,581,581
582,t2_b0,0,30,0.008763025582234822,0.0743802934885025,0.002152813132852316,0.002152813132852316,0.9333333333333333,1.0,581,581
582,t2_b0,35,31,-0.03854164783490927,0.08969883620738983,0.008222810924053192,0.008222810924053192,0.9111111111111111,1.0,581,581
583,t2_b0,16,17,-0.17958954090901832,0.07536914944648743,0.03250196576118469,0.03250196576118469,0.925,1.0,582,582
583,t2_b0,1,32,-0.6517050942057029,0.06764073669910431,0.2587291896343231,0.2587291896343231,0.925,1.0,582,582
583,t2_b0,11,28,-0.055905916651662016,0.08490368723869324,0.0099136708304286,0.0099136708304286,0.9333333333333333,1.0,582,582
583,t2_b0,36,35,0.2555520754471269,0.08861137926578522,0.013934599235653877,0.013934599235653877,0.9111111111111111,1.0,582,582
583,t2_b0,30,26,0.5275494174119878,0.09374713897705078,0.0940922200679779,0.0940922200679779,0.016666666666666666,1.0,582,582
583,t2_b0,31,5,0.0637406720450206,0.08861890435218811,0.0003094632411375642,0.0003094632411375642,0.9125,1.0,582,582
583,t2_b0,6,20,0.0,0.2075754702091217,0.02154378779232502,0.02154378779232502,1.0,1.0,580,580
583,t2_b0,21,15,-0.22701252407512315,0.08793982863426208,0.049597498029470444,0.049597498029470444,1.0,1.0,582,582
584,t2_b0,14,10,0.11264146474679468,0.08133714646100998,0.0004899800405837595,0.0004899800405837595,0.9333333333333333,1.0,583,583
584,t2_b0,7,28,-0.030817438405911723,0.07927566766738892,0.00606024544686079,0.00606024544686079,0.9333333333333333,1.0,583,583
584,t2_b0,12,34,0.11193668334822741,0.07924963533878326,0.0005342214717529714,0.0005342214717529714,0.9142857142857143,1.0,583,583
584,t2_b0,27,18,0.09907002219307352,0.0797831118106842,0.00018599240866024047,0.00018599240866024047,1.0,1.0,583,583
584,t2_b0,22,5,0.0,0.07800640165805817,0.003042499301955104,0.003042499301955104,0.9142857142857143,1.0,583,583
584,t2_b0,26,35,0.32791646996054147,0.09236664324998856,0.02774186246097088,0.02774186246097088,0.9125,1.0,583,583
584,t2_b0,17,16,0.028360030271886275,0.07486197352409363,0.0010812153341248631,0.0010812153341248631,0.92,1.0,583,583
584,t2_b0,37,4,-0.15367415801871506,0.1022132858633995,0.03273919224739075,0.03273919224739075,0.9500000000000001,1.0,583,583
585,t2_b0,3,12,-0.05991324883447415,0.05032698065042496,0.006076454184949398,0.006076454184949398,0.02,1.0,584,584
585,t2_b0,8,33,0.0,0.08657817542552948,0.0037478902377188206,0.0037478902377188206,1.0,1.0,583,583
585,t2_b0,13,39,-0.38290220152316917,0.08437570929527283,0.10917432606220245,0.10917432606220245,0.9125,1.0,584,584
585,t2_b0,18,27,0.055803770088729575,0.07445131987333298,0.00017386558465659618,0.00017386558465659618,1.0,1.0,584,584
585,t2_b0,32,5,-0.10520757407279166,0.07805229723453522,0.016792090609669685,0.016792090609669685,0.92,1.0,584,584
585,t2_b0,4,35,-0.11093107721451148,0.0937035009264946,0.020937655121088028,0.020937655121088028,0.9125,1.0,584,584
585,t2_b0,38,16,-0.024267262848086578,0.06896021962165833,0.004345681983977556,0.004345681983977556,0.9500000000000001,1.0,584,584
585,t2_b0,28,14,0.02537473838187071,0.08839049935340881,0.0019854928832501173,0.0019854928832501173,0.92,1.0,584,584
586,t2_b0,24,35,-0.2021984848409541,0.09404021501541138,0.04387868940830231,0.04387868940830231,0.925,1.0,585,585
586,t2_b0,9,16,-0.022639854127387723,0.06805716454982758,0.004112974740564823,0.004112974740564823,0.92,1.0,585,585
586,t2_b0,39,5,0.23008566574071335,0.07920965552330017,0.011381786316633224,0.011381786316633224,0.9125,1.0,585,585
586,t2_b0,4,19,0.16502874984754212,0.09386732429265976,0.002531974343582988,0.002531974343582988,0.9125,1.0,585,585
586,t2_b0,33,8,0.9168426449304871,0.08988888561725616,0.3419262766838074,0.3419262766838074,1.0,1.0,584,584
586,t2_b0,14,28,0.2234448506905897,0.08048993349075317,0.010218054056167603,0.010218054056167603,0.92,1.0,585,585
586,t2_b0,34,12,0.2739172110887769,0.0711112767457962,0.02056512050330639,0.02056512050330639,0.9166666666666667,1.0,585,585
587,t2_b0,29,38,0.0,0.07204072922468185,0.0025949333794414997,0.0025949333794414997,0.05,1.0,586,586
587,t2_b0,30,19,-0.07353846002421888,0.0934898853302002,0.01394923310726881,0.01394923310726881,0.9166666666666667,1.0,586,586
587,t2_b0,15,21,0.054991405841784684,0.07577396929264069,0.00021595747966784984,0.00021595747966784984,0.925,1.0,586,586
587,t2_b0,35,13,-0.1349046769503263,0.09064991772174835,0.02543743886053562,0.02543743886053562,0.01,1.0,586,586
587,t2_b0,5,39,0.019339944715057067,0.07983098924160004,0.0018295831978321075,0.0018295831978321075,0.9142857142857143,1.0,586,586
587,t2_b0,25,3,0.023428375386302987,0.06907284259796143,0.0010417087469249964,0.0010417087469249964,0.925,1.0,586,586
587,t2_b0,10,28,-0.006065601835320407,0.08098065853118896,0.0037885254714637995,0.0037885254714637995,0.9333333333333333,1.0,586,586
587,t2_b0,20,6,0.020338171931346245,0.22112327814102173,0.020157327875494957,0.020157327875494957,1.0,1.0,584,586
588,t2_b0,0,35,0.11451133397666072,0.06935324519872665,0.0010196265066042542,0.0010196265066042542,0.925,1.0,587,587
588,t2_b0,31,5,-0.024543534811335154,0.08027584850788116,0.005493551958352327,0.005493551958352327,0.9142857142857143,1.0,587,587
588,t2_b0,11,28,-0.36948329492088267,0.08008868992328644,0.10105747729539871,0.10105747729539871,0.92,1.0,587,587
588,t2_b0,21,15,-0.10496693403789718,0.07563038170337677,0.016307692974805832,0.016307692974805832,0.9333333333333333,1.0,587,587
588,t2_b0,16,9,0.0,0.06948229670524597,0.002413894748315215,0.002413894748315215,0.92,1.0,587,587
588,t2_b0,23,33,0.9314772703840942,0.09632756561040878,0.348737508058548,0.348737508058548,1.0,1.0,586,586
588,t2_b0,26,19,-0.051631040395731624,0.09141555428504944,0.01023116335272789,0.01023116335272789,0.9111111111111111,1.0,587,587
589,t2_b0,7,28,0.03280809130345632,0.07141990959644318,0.0007454362348653376,0.0007454362348653376,0.925,1.0,588,588
589,t2_b0,12,34,0.24359596613276888,0.07085070013999939,0.014920464716851711,0.014920464716851711,0.9166666666666667,1.0,588,588
589,t2_b0,22,5,0.017405004829847425,0.07682962715625763,0.0017656430136412382,0.0017656430136412382,0.9142857142857143,1.0,588,588
589,t2_b0,37,26,-0.05716781593666912,0.0960913896560669,0.011744191870093346,0.011744191870093346,0.03333333333333333,1.0,588,588
589,t2_b0,17,16,0.22132550304362253,0.06704920530319214,0.011900587938725948,0.011900587938725948,0.9166666666666667,1.0,588,588
589,t2_b0,1,15,-0.2009349290710785,0.051448140293359756,0.03184860944747925,0.03184860944747925,0.92,1.0,588,588
590,t2_b0,13,5,-0.1433768692377865,0.08272270858287811,0.02556050941348076,0.02556050941348076,0.9142857142857143,1.0,589,589
590,t2_b0,8,17,-0.03083691808460489,0.06466463208198547,0.004560273140668869,0.004560273140668869,0.9166666666666667,1.0,589,589
590,t2_b0,28,14,-0.0016682451421557954,0.07266096025705338,0.0027624154463410378,0.0027624154463410378,0.9166666666666667,1.0,589,589
590,t2_b0,3,25,0.08977016312911265,0.04473178833723068,0.0010142275132238865,0.0010142275132238865,0.9166666666666667,1.0,589,589
590,t2_b0,23,33,-0.00449131935942239,0.12042678147554398,0.007802266161888838,0.007802266161888838,1.0,1.0,588,589
590,t2_b0,19,35,0.09549270569313223,0.08447249978780746,6.072246833355166e-05,6.072246833355166e-05,0.9125,1.0,589,589
590,t2_b0,32,22,-0.14543273575759366,0.0580032654106617,0.020693102851510048,0.020693102851510048,0.9166666666666667,1.0,589,589
591,t2_b0,9,17,-0.01999832611020116,0.0635165274143219,0.0034873655531555414,0.0034873655531555414,0.925,1.0,590,590
591,t2_b0,19,35,0.02137137241960542,0.08339018374681473,0.001923166448250413,0.001923166448250413,0.9125,1.0,590,590
591,t2_b0,6,20,0.0,0.05513862147927284,0.0015201338101178408,0.0015201338101178408,0.92,1.0,590,590
591,t2_b0,33,16,-0.11194851181143993,0.06953299045562744,0.01646776869893074,0.01646776869893074,0.9333333333333333,1.0,590,590
591,t2_b0,39,5,0.07818545778044741,0.07816119492053986,2.944325061537967e-10,2.944325061537967e-10,0.9142857142857143,1.0,590,590
591,t2_b0,14,3,0.0668917551835155,0.06554518640041351,9.066197321772052e-07,9.066197321772052e-07,0.92,1.0,590,590
591,t2_b0,34,12,0.07775564342882929,0.06624835729598999,6.620883505092934e-05,6.620883505092934e-05,0.9142857142857143,1.0,590,590
592,t2_b0,20,6,0.0,0.05984877422451973,0.0017909378511831164,0.0017909378511831164,0.925,1.0,591,591
592,t2_b0,25,3,0.0001704465248431411,0.0666903406381607,0.0022124480456113815,0.0022124480456113815,0.925,1.0,591,591
592,t2_b0,38,17,-0.25891905301480755,0.059590041637420654,0.05072402581572533,0.05072402581572533,0.92,1.0,591,591
592,t2_b0,5,39,0.017200486884211625,0.0726032555103302,0.0015347334556281567,0.0015347334556281567,0.9166666666666667,1.0,591,591
592,t2_b0,10,37,0.984327694061914,0.09299305081367493,0.39723873138427734,0.39723873138427734,1.0,1.0,591,591
592,t2_b0,35,19,0.1741530212516304,0.08683823049068451,0.003811935894191265,0.003811935894191265,0.9111111111111111,1.0,591,591
593,t2_b0,21,32,-0.597464077161594,0.062024809420108795,0.21746282279491425,0.21746282279491425,0.92,1.0,592,592
593,t2_b0,6,20,0.03971144559133874,0.06256719678640366,0.0002611926756799221,0.0002611926756799221,0.92,1.0,592,592
593,t2_b0,11,25,-0.15713754329102594,0.06658914685249329,0.02502681501209736,0.02502681501209736,0.9166666666666667,1.0,592,592
593,t2_b0,31,39,-0.05145384402249148,0.08124946802854538,0.008805083110928535,0.008805083110928535,0.9166666666666667,1.0,592,592
593,t2_b0,26,19,-0.02749993040301001,0.0867646113038063,0.006528192665427923,0.006528192665427923,0.9111111111111111,1.0,592,592
593,t2_b0,36,35,-0.06140215137626859,0.08150681853294373,0.010211487300693989,0.010211487300693989,0.9125,1.0,592,592
593,t2_b0,18,9,-1.0,0.06087053567171097,0.5608705282211304,0.5608705282211304,1.0,1.0,592,592
593,t2_b0,27,38,0.9680473049410223,0.052521735429763794,0.419093519449234,0.419093519449234,0.9500000000000001,1.0,592,592
593,t2_b0,16,23,-0.02303209072527576,0.07035864889621735,0.004360915161669254,0.004360915161669254,1.0,1.0,592,592
594,t2_b0,12,34,0.2483140463359723,0.062468379735946655,0.017269307747483253,0.017269307747483253,0.9166666666666667,1.0,593,593
594,t2_b0,30,19,-0.08240238033229941,0.08122828602790833,0.013387497514486313,0.013387497514486313,0.9142857142857143,1.0,593,593
594,t2_b0,7,14,-0.09918216623110888,0.0626421868801117,0.013093559071421623,0.013093559071421623,0.92,1.0,593,593
594,t2_b0,37,26,0.0,0.09089426696300507,0.004130884073674679,0.004130884073674679,0.925,1.0,593,593
594,t2_b0,0,35,-0.04681963311772065,0.0644456148147583,0.006189977750182152,0.006189977750182152,0.925,1.0,593,593
594,t2_b0,22,5,0.0,0.06358371675014496,0.002021444495767355,0.002021444495767355,0.92,1.0,593,593
594,t2_b0,29,17,-0.5438743989964949,0.05866098403930664,0.18152444064617157,0.18152444064617157,0.92,1.0,593,593
595,t2_b0,4,0,-0.032019631105435924,0.08285748958587646,0.006598376203328371,0.006598376203328371,0.9125,1.0,594,594
595,t2_b0,1,34,-0.09487482877173324,0.0368005633354187,0.008669204078614712,0.008669204078614712,0.925,1.0,594,594
595,t2_b0,24,35,0.0065759702828996,0.08436654508113861,0.003025686601176858,0.003025686601176858,0.92,1.0,594,594
595,t2_b0,3,25,-0.02486323631888634,0.0393829420208931,0.0020637856796383858,0.0020637856796383858,0.92,1.0,594,594
595,t2_b0,32,22,-0.08047279573916737,0.05784850940108299,0.009566392749547958,0.009566392749547958,1.0,1.0,594,594
595,t2_b0,33,29,0.08670265096738211,0.05726553127169609,0.0004332720418460667,0.0004332720418460667,0.92,1.0,594,594
595,t2_b0,13,36,0.0009501853121132551,0.0762583389878273,0.0028356588445603848,0.0028356588445603848,0.025,1.0,594,594
595,t2_b0,27,17,-1.0,0.0773274227976799,0.5773273706436157,0.5773273706436157,0.9166666666666667,1.0,594,594
595,t2_b0,18,38,0.3213535358741109,0.057846251875162125,0.034718044102191925,0.034718044102191925,1.0,1.0,594,594
596,t2_b0,14,12,0.07732653074437716,0.049461688846349716,0.0003882246383000165,0.0003882246383000165,0.92,1.0,595,595
596,t2_b0,4,0,-0.0016905386296188498,0.08164709806442261,0.003472580574452877,0.003472580574452877,0.9125,1.0,595,595
596,t2_b0,39,5,0.2597515928864529,0.06934725493192673,0.018126903101801872,0.018126903101801872,0.9166666666666667,1.0,595,595
596,t2_b0,2,17,0.4227119660398949,0.059944819658994675,0.0658000037074089,0.0658000037074089,0.9333333333333333,1.0,595,595
596,t2_b0,19,35,0.22312519243164802,0.0764089971780777,0.010762820951640606,0.010762820951640606,0.92,1.0,595,595
596,t2_b0,8,38,0.1311252880586277,0.060787227004766464,0.0024737210478633642,0.0024737210478633642,0.925,1.0,595,595
597,t2_b0,25,3,0.013912219742389664,0.05242642015218735,0.0007416718290187418,0.0007416718290187418,0.9333333333333333,1.0,596,596
597,t2_b0,38,11,0.026779352145375707,0.08306733518838882,0.0015841684071347117,0.0015841684071347117,0.014285714285714287,1.0,596,596
597,t2_b0,24,35,0.2125098910038274,0.08271311223506927,0.008423601277172565,0.008423601277172565,0.9166666666666667,1.0,596,596
597,t2_b0,30,16,-0.17713971260342737,0.08099346607923508,0.033316366374492645,0.033316366374492645,0.9142857142857143,1.0,596,596
597,t2_b0,29,8,-0.027047620889068567,0.08375630527734756,0.0061387550085783005,0.0061387550085783005,0.9142857142857143,1.0,596,596
597,t2_b0,9,0,0.9670288505091628,0.08505287766456604,0.38894084095954895,0.38894084095954895,1.0,1.0,596,596
597,t2_b0,5,39,0.0,0.06911374628543854,0.002388354856520891,0.002388354856520891,0.92,1.0,596,596
597,t2_b0,10,37,0.2558910015159296,0.08725973218679428,0.014218250289559364,0.014218250289559364,0.9333333333333333,1.0,596,596
597,t2_b0,34,12,0.0,0.05120591074228287,0.0013110226718708873,0.0013110226718708873,0.92,1.0,596,596
598,t2_b0,11,33,-0.018978671379466537,0.0648118108510971,0.003510422306135297,0.003510422306135297,0.92,1.0,597,597
598,t2_b0,15,5,0.3870249849233747,0.06269857287406921,0.052593816071748734,0.052593816071748734,0.9500000000000001,1.0,597,597
598,t2_b0,1,3,-0.06963574142709766,0.047170404344797134,0.006821838207542896,0.006821838207542896,0.925,1.0,597,597
598,t2_b0,0,16,0.132674420221981,0.05759642273187637,0.0028183532413095236,0.0028183532413095236,0.9111111111111111,1.0,597,597
598,t2_b0,6,39,-0.22152723719584913,0.06610462069511414,0.04136604443192482,0.04136604443192482,0.92,1.0,597,597
598,t2_b0,21,7,-0.028431998552373963,0.06621111184358597,0.004478659015148878,0.004478659015148878,0.925,1.0,597,597
598,t2_b0,23,32,-0.006150228403838323,0.0489090271294117,0.0015157607849687338,0.0015157607849687338,1.0,1.0,594,594
599,t2_b0,27,11,-0.04810714267249695,0.0800492987036705,0.008212036453187466,0.008212036453187466,0.9142857142857143,1.0,598,598
599,t2_b0,37,24,0.0,0.08318528532981873,0.0034598959609866142,0.0034598959609866142,0.025,1.0,598,598
599,t2_b0,2,29,0.027475739846090558,0.06543071568012238,0.0007202900596894324,0.0007202900596894324,0.9333333333333333,1.0,598,598
599,t2_b0,35,0,0.16198961810465873,0.07992365956306458,0.003367410507053137,0.003367410507053137,0.9111111111111111,1.0,598,598
599,t2_b0,12,1,-0.14191375540000076,0.03166893869638443,0.015065477229654789,0.015065477229654789,0.03333333333333333,1.0,598,598
599,t2_b0,7,21,-0.003681638431543718,0.05653807520866394,0.0018132069380953908,0.0018132069380953908,1.0,1.0,598,598
599,t2_b0,20,39,-0.14367165169952922,0.06690575182437897,0.022171420976519585,0.022171420976519585,0.92,1.0,598,598
599,t2_b0,17,32,0.19377362767885348,0.07634708285331726,0.006894496735185385,0.006894496735185385,1.0,1.0,595,595
600,t2_b0,8,11,-0.06137044018891775,0.07222720235586166,0.008924164809286594,0.008924164809286594,0.9166666666666667,1.0,599,599
600,t2_b0,36,0,-0.27914430693359377,0.07944509387016296,0.06429318338632584,0.06429318338632584,0.9111111111111111,1.0,599,599
600,t2_b0,23,32,-0.011395101450404576,0.08285629004240036,0.0044416626915335655,0.0044416626915335655,0.9500000000000001,1.0,596,596
600,t2_b0,3,1,0.0,0.035191796720027924,0.0006192312575876713,0.0006192312575876713,0.925,1.0,599,599
600,t2_b0,13,19,-0.02573473475979309,0.06712053716182709,0.004311051219701767,0.004311051219701767,0.9166666666666667,1.0,599,599
601,t2_b0,18,38,0.12422394648188533,0.07822241634130478,0.0010580704547464848,0.0010580704547464848,0.92,1.0,600,600
601,t2_b0,31,35,-0.01958416583791982,0.07692861557006836,0.004657358396798372,0.004657358396798372,0.0125,1.0,600,600
601,t2_b0,32,23,0.9475702613855295,0.0978943407535553,0.3609745502471924,0.3609745502471924,0.9500000000000001,1.0,597,597
601,t2_b0,19,13,0.05522341484496802,0.06976120173931122,0.00010567360004642978,0.00010567360004642978,0.92,1.0,600,600
601,t2_b0,39,5,0.18096919863355287,0.06646133214235306,0.006556025240570307,0.006556025240570307,0.925,1.0,600,600
601,t2_b0,16,0,-0.05148649461882466,0.07698862999677658,0.008252929896116257,0.008252929896116257,0.9166666666666667,1.0,600,600
601,t2_b0,33,8,0.1363420392297614,0.07743004709482193,0.0017353111179545522,0.0017353111179545522,0.92,1.0,600,600
601,t2_b0,24,4,0.0639840297640847,0.0742589607834816,5.278711250866763e-05,5.278711250866763e-05,0.9166666666666667,1.0,600,600
601,t2_b0,34,12,0.04986349977225965,0.036295920610427856,9.203959052683786e-05,9.203959052683786e-05,0.92,1.0,600,600
602,t2_b0,35,36,-0.0006580883879750429,0.07318826019763947,0.002726641483604908,0.002726641483604908,0.9125,1.0,601,601
602,t2_b0,15,39,-0.07057340194011198,0.06996138393878937,0.009875013493001461,0.009875013493001461,0.925,1.0,601,601
602,t2_b0,38,8,0.11390919503280048,0.08766469359397888,0.0003443868481554091,0.0003443868481554091,0.9142857142857143,1.0,601,601
602,t2_b0,0,30,0.2198899620584371,0.0523807518184185,0.014029668644070625,0.014029668644070625,0.92,1.0,601,601
602,t2_b0,14,34,-0.03260369706022693,0.03645653277635574,0.0023846575058996677,0.0023846575058996677,0.925,1.0,601,601
602,t2_b0,26,31,0.020216029376866135,0.070648193359375,0.0012717016506940126,0.0012717016506940126,0.9125,1.0,601,601
602,t2_b0,4,9,-0.08812946376521381,0.07452268898487091,0.013227861374616623,0.013227861374616623,0.0125,1.0,601,601
602,t2_b0,25,3,0.2901005654632229,0.03609035164117813,0.03226059675216675,0.03226059675216675,0.9333333333333333,1.0,601,601
603,t2_b0,10,24,0.04558730209588404,0.07747358083724976,0.0005083674332126975,0.0005083674332126975,0.9333333333333333,1.0,602,602
603,t2_b0,36,35,-0.03368352281415493,0.07587756216526031,0.006001815665513277,0.006001815665513277,0.9125,1.0,602,602
603,t2_b0,6,20,-0.007898194229556827,0.070437490940094,0.0030682398937642574,0.0030682398937642574,0.92,1.0,602,602
603,t2_b0,29,38,0.12087157347971599,0.08783189952373505,0.0005458100349642336,0.0005458100349642336,0.9166666666666667,1.0,602,602
603,t2_b0,31,0,-0.05224786848348211,0.07557152211666107,0.008168898522853851,0.008168898522853851,0.9142857142857143,1.0,602,602
603,t2_b0,21,3,-0.13997720338478567,0.03752675652503967,0.01575382798910141,0.01575382798910141,0.92,1.0,602,602
604,t2_b0,30,0,0.16340488609943057,0.07616496831178665,0.0038054012693464756,0.0038054012693464756,0.92,1.0,603,603
604,t2_b0,26,4,0.5697696470610809,0.06697042286396027,0.12640352547168732,0.12640352547168732,0.0125,1.0,603,603
604,t2_b0,39,20,0.9793615764605439,0.07302600145339966,0.41072210669517517,0.41072210669517517,0.025,1.0,603,603
604,t2_b0,12,34,0.47878605013682124,0.03854179382324219,0.09690750390291214,0.09690750390291214,1.0,1.0,603,603
604,t2_b0,1,21,-0.07134134575549612,0.0063684433698654175,0.0030194055289030075,0.0030194055289030075,0.03333333333333333,1.0,603,603
604,t2_b0,16,36,0.07302797776724076,0.06505553424358368,3.177991311531514e-05,3.177991311531514e-05,0.92,1.0,603,603
604,t2_b0,27,29,-0.0009137231246428197,0.08789581805467606,0.003943567629903555,0.003943567629903555,0.9166666666666667,1.0,603,603
604,t2_b0,32,11,-0.16019874834108214,0.08846883475780487,0.030917784199118614,0.030917784199118614,0.9333333333333333,1.0,603,603
605,t2_b0,3,1,-0.003022642463220689,0.018857918679714203,0.00023937948571983725,0.00023937948571983725,0.9333333333333333,1.0,604,604
605,t2_b0,33,38,0.17456536349821725,0.08520549535751343,0.003992592915892601,0.003992592915892601,0.925,1.0,604,604
605,t2_b0,37,24,0.0,0.07580484449863434,0.0028731871861964464,0.0028731871861964464,0.925,1.0,604,604
605,t2_b0,7,0,-0.1293233208846532,0.06971439719200134,0.019808005541563034,0.019808005541563034,0.92,1.0,604,604
605,t2_b0,2,8,-0.002460137458801452,0.06981682777404785,0.002611979842185974,0.002611979842185974,0.9333333333333333,1.0,604,604
605,t2_b0,13,19,0.32479650239272057,0.06938350200653076,0.032617900520563126,0.032617900520563126,1.0,1.0,604,604
605,t2_b0,18,29,0.04287112241692774,0.0865575522184372,0.000954252143856138,0.000954252143856138,0.9333333333333333,1.0,604,604
605,t2_b0,23,11,-0.32767246402783295,0.08971916884183884,0.08710788190364838,0.08710788190364838,0.9333333333333333,1.0,604,604
606,t2_b0,29,8,-0.08195421544557023,0.08792566508054733,0.014429587870836258,0.014429587870836258,0.925,1.0,605,605
606,t2_b0,17,32,0.7887032918302276,0.09015516191720963,0.24398471415042877,0.24398471415042877,0.9500000000000001,1.0,605,605
606,t2_b0,39,6,0.15333933254772528,0.07500767707824707,0.0030679237097501755,0.0030679237097501755,0.925,1.0,605,605
606,t2_b0,20,0,-0.14344255864153438,0.07473704218864441,0.0238011684268713,0.0238011684268713,0.92,1.0,605,605
606,t2_b0,24,10,-0.02350462266234692,0.0674358457326889,0.004135084338486195,0.004135084338486195,0.92,1.0,605,605
606,t2_b0,4,26,0.0,0.06593120098114014,0.0021734617184847593,0.0021734617184847593,0.9142857142857143,1.0,605,605
606,t2_b0,14,21,0.0590674023000534,0.023236043751239777,0.0006419431301765144,0.0006419431301765144,0.9500000000000001,1.0,605,605
607,t2_b0,10,24,0.18141868122958055,0.06879913806915283,0.006341581232845783,0.006341581232845783,0.9333333333333333,1.0,606,606
607,t2_b0,15,6,0.11325674905358334,0.07548335939645767,0.0007134146289899945,0.0007134146289899945,0.925,1.0,606,606
607,t2_b0,35,36,0.012670375916458759,0.06534625589847565,0.0013873742427676916,0.0013873742427676916,0.92,1.0,606,606
607,t2_b0,8,29,0.012873747030673762,0.09187299013137817,0.0031204402912408113,0.0031204402912408113,0.92,1.0,606,606
607,t2_b0,28,13,0.0,0.10083939135074615,0.0050842915661633015,0.0050842915661633015,1.0,1.0,1,606
607,t2_b0,34,0,-0.05171662442419772,0.043964289128780365,0.00457741878926754,0.00457741878926754,0.9333333333333333,1.0,606,606
607,t2_b0,11,16,-0.1513019319493918,0.06904342770576477,0.024276038631796837,0.024276038631796837,0.92,1.0,606,606
608,t2_b0,11,16,-0.04976932211468412,0.06451164931058884,0.006530069746077061,0.006530069746077061,0.92,1.0,607,607
608,t2_b0,13,27,0.9788236019204873,0.08975723385810852,0.39521947503089905,0.39521947503089905,0.9333333333333333,1.0,607,607
608,t2_b0,21,14,0.0,0.02407660335302353,0.00028984140953980386,0.00028984140953980386,0.9500000000000001,1.0,607,607
608,t2_b0,36,35,0.009435329557733595,0.06262367218732834,0.001414499944075942,0.001414499944075942,0.9166666666666667,1.0,607,607
608,t2_b0,0,3,0.3031543839200296,0.040726274251937866,0.034434255212545395,0.034434255212545395,0.92,1.0,607,607
608,t2_b0,20,6,0.12096033629021313,0.07285167276859283,0.0011572219664230943,0.0011572219664230943,0.92,1.0,607,607
608,t2_b0,26,4,0.35784153245079386,0.06612075865268707,0.04255049675703049,0.04255049675703049,0.9166666666666667,1.0,607,607
609,t2_b0,37,24,0.0,0.07457850128412247,0.0027809764724224806,0.0027809764724224806,0.925,1.0,608,608
609,t2_b0,2,27,-0.000800122543776951,0.07416732609272003,0.0028100593481212854,0.0028100593481212854,0.02,1.0,608,608
609,t2_b0,7,0,0.0007148239387770086,0.05083243548870087,0.0012558875605463982,0.0012558875605463982,0.92,1.0,608,608
609,t2_b0,38,11,0.015359264186593226,0.059290897101163864,0.0009649941930547357,0.0009649941930547357,0.9166666666666667,1.0,608,608
609,t2_b0,32,23,-0.0822624486491569,0.07833141833543777,0.012895194813609123,0.012895194813609123,0.925,1.0,608,608
609,t2_b0,19,17,0.9747651617817519,0.09260821342468262,0.38910046219825745,0.38910046219825745,0.9500000000000001,1.0,608,608
609,t2_b0,16,31,-0.13867623981898292,0.05969477444887161,0.01967553049325943,0.01967553049325943,0.016666666666666666,1.0,608,608
609,t2_b0,25,12,0.1404209889985545,0.10043825209140778,0.0007993095787242055,0.0007993095787242055,1.0,1.0,1,608
609,t2_b0,30,6,0.26407913450145465,0.06633560359477997,0.019551249220967293,0.019551249220967293,0.925,1.0,608,608
610,t2_b0,3,0,0.1937946295355697,0.045057594776153564,0.011061351746320724,0.011061351746320724,0.925,1.0,609,609
610,t2_b0,38,11,-0.002291534547885343,0.05294189602136612,0.0015253658639267087,0.0015253658639267087,0.92,1.0,609,609
610,t2_b0,17,23,-0.19265078149146453,0.06704673916101456,0.033721402287483215,0.033721402287483215,0.925,1.0,609,609
610,t2_b0,9,34,-0.07225074183001597,0.05253773182630539,0.007786081172525883,0.007786081172525883,0.9166666666666667,1.0,609,609
610,t2_b0,33,8,0.0054710018561157335,0.09528098255395889,0.004032916389405727,0.004032916389405727,0.9500000000000001,1.0,609,609
610,t2_b0,5,30,0.8922252867390652,0.06809897720813751,0.3395920693874359,0.3395920693874359,1.0,1.0,609,609
610,t2_b0,6,20,-0.0072195392584955675,0.060762032866477966,0.0023107470478862524,0.0023107470478862524,0.9166666666666667,1.0,609,609
610,t2_b0,22,14,0.08454162234983326,0.052335143089294434,0.0005186285125091672,0.0005186285125091672,0.9500000000000001,1.0,609,609
610,t2_b0,31,26,-0.12151604796366801,0.05572821944952011,0.015707766637206078,0.015707766637206078,0.9166666666666667,1.0,609,609
610,t2_b0,27,2,0.0029631196185442975,0.0932425707578659,0.004075189586728811,0.004075189586728811,0.05,1.0,609,609
610,t2_b0,12,37,0.9750528197593956,0.07824304699897766,0.40213391184806824,0.40213391184806824,0.9333333333333333,1.0,609,609
610,t2_b0,13,28,-0.20885918518843485,0.09372404217720032,0.0457783006131649,0.0457783006131649,0.03333333333333333,1.0,609,609
611,t2_b0,4,31,-0.020979815292522075,0.056282542645931244,0.002984735881909728,0.002984735881909728,0.92,1.0,610,610
611,t2_b0,39,20,0.14453015536999572,0.06502823531627655,0.0031602780800312757,0.0031602780800312757,0.92,1.0,610,610
611,t2_b0,29,14,-0.16999721180372915,0.02908896654844284,0.0198176559060812,0.0198176559060812,0.925,1.0,610,610
611,t2_b0,28,18,0.6138281068245617,0.09658199548721313,0.13377177715301514,0.13377177715301514,0.9333333333333333,1.0,610,610
611,t2_b0,23,36,-0.3305896822045061,0.054660260677337646,0.07420875877141953,0.07420875877141953,0.9166666666666667,1.0,610,610
611,t2_b0,34,0,0.010081303726666373,0.04883715882897377,0.0007510082214139402,0.0007510082214139402,0.925,1.0,610,610
611,t2_b0,8,33,0.06255129128714158,0.09548669308423996,0.0005423703696578741,0.0005423703696578741,0.9333333333333333,1.0,610,610
612,t2_b0,20,6,0.016145681037299804,0.06752118468284607,0.0013197209918871522,0.0013197209918871522,0.9333333333333333,1.0,611,611
612,t2_b0,9,34,0.15146616628339396,0.05217015743255615,0.00492984801530838,0.00492984801530838,0.9333333333333333,1.0,611,611
612,t2_b0,35,36,-0.0022820330373130204,0.06279031932353973,0.002117205411195755,0.002117205411195755,0.9166666666666667,1.0,611,611
612,t2_b0,1,21,0.05601973665466101,-0.008105926215648651,0.0020560503471642733,0.0020560503471642733,0.9333333333333333,1.0,611,611
612,t2_b0,18,8,0.026002110444090006,0.0955725684762001,0.0024200244806706905,0.0024200244806706905,0.925,1.0,611,611
612,t2_b0,0,3,0.10147585051337726,0.04419627785682678,0.0016404746565967798,0.0016404746565967798,0.9500000000000001,1.0,611,611
612,t2_b0,5,30,-0.5984037515246873,0.07140249013900757,0.2243202030658722,0.2243202030658722,0.9333333333333333,1.0,611,611
612,t2_b0,19,23,-1.0,0.05307893827557564,0.5530788898468018,0.5530788898468018,0.9333333333333333,1.0,611,611
612,t2_b0,25,37,0.9442779149212625,0.06524735689163208,0.38634738326072693,0.38634738326072693,0.9333333333333333,1.0,611,611
612,t2_b0,24,4,0.09722588191196176,0.056712325662374496,0.0008206741185858846,0.0008206741185858846,0.9166666666666667,1.0,611,611
613,t2_b0,11,16,0.13930475308173385,0.05180845782160759,0.0038278009742498398,0.0038278009742498398,0.9333333333333333,1.0,612,612
613,t2_b0,6,7,-0.17747084192521265,0.05906812101602554,0.02797534316778183,0.02797534316778183,0.925,1.0,612,612
613,t2_b0,21,14,-0.028248015378576474,0.004996970295906067,0.0005526145687326789,0.0005526145687326789,0.9500000000000001,1.0,612,612
613,t2_b0,31,4,-0.008164773134663485,0.05807019770145416,0.0021935354452580214,0.0021935354452580214,0.9142857142857143,1.0,612,612
613,t2_b0,15,20,0.24003008373537188,0.06398908793926239,0.01549521554261446,0.01549521554261446,0.925,1.0,612,612
613,t2_b0,10,24,0.08434725846068997,0.05958476662635803,0.00030659043113701046,0.00030659043113701046,0.9166666666666667,1.0,612,612
613,t2_b0,30,5,0.039866081554061114,0.069857656955719,0.0004497472837101668,0.0004497472837101668,0.9500000000000001,1.0,612,612
614,t2_b0,7,34,0.11407000541532533,0.0539340116083622,0.0018081689486280084,0.0018081689486280084,0.9333333333333333,1.0,613,613
614,t2_b0,32,35,-0.5658046685367409,0.05722934380173683,0.19408568739891052,0.19408568739891052,0.02,1.0,613,613
614,t2_b0,36,23,-0.2688033322531805,0.049515362828969955,0.05066339671611786,0.05066339671611786,0.016666666666666666,1.0,613,613
614,t2_b0,12,31,-1.0,0.05429696664214134,0.5542969703674316,0.5542969703674316,0.92,1.0,613,613
614,t2_b0,27,14,0.023171981937023682,0.012320831418037415,5.8873731177300215e-05,5.8873731177300215e-05,0.925,1.0,613,613
614,t2_b0,26,4,0.32862494617149135,0.054638683795928955,0.037534233182668686,0.037534233182668686,0.925,1.0,613,613
614,t2_b0,16,11,-0.1037872932389497,0.04993683472275734,0.011815554462373257,0.011815554462373257,0.925,1.0,613,613
615,t2_b0,14,21,0.07769757474762183,0.04627501219511032,0.0004936887416988611,0.0004936887416988611,0.92,1.0,614,614
615,t2_b0,8,33,0.12854873196606845,0.06645548343658447,0.0019277854589745402,0.0019277854589745402,0.9333333333333333,1.0,614,614
615,t2_b0,37,26,-0.3734669285497256,0.05811425298452377,0.0931311622262001,0.0931311622262001,0.9142857142857143,1.0,614,614
615,t2_b0,23,36,-0.4366354866904563,0.048121511936187744,0.11749467998743057,0.11749467998743057,0.9166666666666667,1.0,614,614
615,t2_b0,3,0,0.005750078446936414,0.04922119155526161,0.0009448688360862434,0.0009448688360862434,0.9333333333333333,1.0,614,614
615,t2_b0,13,28,-0.45779420427548034,0.0825655609369278,0.14599432051181793,0.14599432051181793,0.05,1.0,614,614
615,t2_b0,38,16,0.04333220858967787,0.035063646733760834,3.4184551623184234e-05,3.4184551623184234e-05,0.025,1.0,614,614
616,t2_b0,34,0,-0.004843831597377622,0.05156925693154335,0.0015912182861939073,0.0015912182861939073,0.9333333333333333,1.0,615,615
616,t2_b0,39,15,-0.02916209302410501,0.061871159821748734,0.004143526311963797,0.004143526311963797,0.925,1.0,615,615
616,t2_b0,14,21,0.3540500291468843,0.04432481527328491,0.047964856028556824,0.047964856028556824,0.92,1.0,615,615
616,t2_b0,24,26,0.014012446296860536,0.05206792429089546,0.0007241097628138959,0.0007241097628138959,0.9142857142857143,1.0,615,615
616,t2_b0,1,2,0.3296411331598258,0.0329694002866745,0.044007062911987305,0.044007062911987305,0.9333333333333333,1.0,615,615
616,t2_b0,4,31,-0.08605464076878569,0.05197933688759804,0.009526688605546951,0.009526688605546951,0.9166666666666667,1.0,615,615
616,t2_b0,19,17,0.4365946139923874,0.03751318156719208,0.07963298261165619,0.07963298261165619,0.9333333333333333,1.0,615,615
616,t2_b0,33,8,-0.06836632004443775,0.06340080499649048,0.008681287057697773,0.008681287057697773,0.9500000000000001,1.0,615,615
616,t2_b0,29,27,0.0004898835027131764,0.034801870584487915,0.0005886562285013497,0.0005886562285013497,1.0,1.0,615,615
616,t2_b0,28,18,0.0,0.07835011184215546,0.0030693700537085533,0.0030693700537085533,0.9500000000000001,1.0,615,615
617,t2_b0,35,23,-0.12123381097819244,0.05769816413521767,0.016008326783776283,0.016008326783776283,0.925,1.0,616,616
617,t2_b0,18,28,0.12507125992224755,0.07049930095672607,0.0014890491729602218,0.0014890491729602218,0.03333333333333333,1.0,616,616
617,t2_b0,17,36,-0.9808612595040805,0.03814533352851868,0.519006609916687,0.519006609916687,0.925,1.0,616,616
617,t2_b0,10,4,-0.055361406323972365,0.05186210572719574,0.005748440511524677,0.005748440511524677,0.9166666666666667,1.0,616,616
617,t2_b0,2,1,0.13977891850494908,0.03864113986492157,0.005114424508064985,0.005114424508064985,0.925,1.0,616,616
617,t2_b0,25,31,-1.0,0.0535118468105793,0.5535118579864502,0.5535118579864502,0.92,1.0,616,616
617,t2_b0,20,6,-0.03512301207946989,0.0646742582321167,0.00497974781319499,0.00497974781319499,0.925,1.0,616,616
617,t2_b0,0,3,0.23072435835754448,0.04691645875573158,0.016892673447728157,0.016892673447728157,0.9500000000000001,1.0,616,616
617,t2_b0,22,14,0.1610688062004838,0.04904329031705856,0.006274858955293894,0.006274858955293894,0.9333333333333333,1.0,616,616
618,t2_b0,1,2,0.13152906908325862,0.03130023926496506,0.005022908560931683,0.005022908560931683,0.9333333333333333,1.0,617,617
618,t2_b0,31,10,0.008908784293966592,0.054358385503292084,0.0010328330099582672,0.0010328330099582672,0.925,1.0,617,617
618,t2_b0,5,15,-0.292019225944479,0.060650959610939026,0.06218813359737396,0.06218813359737396,0.03333333333333333,1.0,617,617
618,t2_b0,21,14,0.005813815506351413,0.04182010889053345,0.0006482265889644623,0.0006482265889644623,0.9333333333333333,1.0,617,617
618,t2_b0,6,20,0.2310598319689109,0.05792202055454254,0.014988351613283157,0.014988351613283157,0.925,1.0,617,617
618,t2_b0,11,16,0.018384452781795714,0.03666887432336807,0.00016716003301553428,0.00016716003301553428,0.9333333333333333,1.0,617,617
618,t2_b0,9,29,0.90577348464196,0.045612793415784836,0.3699381649494171,0.3699381649494171,1.0,1.0,617,617
619,t2_b0,7,34,-0.07691518841781647,0.05805034562945366,0.00910784862935543,0.00910784862935543,0.9333333333333333,1.0,618,618
619,t2_b0,32,23,-0.09978434665643764,0.04362500458955765,0.010283119976520538,0.010283119976520538,0.92,1.0,618,618
619,t2_b0,12,24,-0.23835242431437326,0.04772510379552841,0.04092017561197281,0.04092017561197281,0.9166666666666667,1.0,618,618
619,t2_b0,15,6,-0.040223752244420284,0.0579705685377121,0.004821061622351408,0.004821061622351408,0.925,1.0,618,618
619,t2_b0,2,1,0.4314911973713402,0.03597497195005417,0.0782165378332138,0.0782165378332138,0.925,1.0,618,618
619,t2_b0,16,11,0.129303456244666,0.03490179777145386,0.0044558364897966385,0.0044558364897966385,0.925,1.0,618,618
619,t2_b0,37,26,0.16223551019226656,0.05039845407009125,0.006253764033317566,0.006253764033317566,0.9166666666666667,1.0,618,618
619,t2_b0,22,14,0.21739333139059722,0.04269673675298691,0.015259450301527977,0.015259450301527977,0.9500000000000001,1.0,618,618
620,t2_b0,23,32,0.03842089249771013,0.04124336689710617,3.9831788853916805e-06,3.9831788853916805e-06,0.9166666666666667,1.0,619,619
620,t2_b0,18,8,-0.322442615134614,0.058924250304698944,0.07272034883499146,0.07272034883499146,0.9333333333333333,1.0,619,619
620,t2_b0,28,13,0.09073258576801976,0.06411116570234299,0.00035435010795481503,0.00035435010795481503,0.9500000000000001,1.0,619,619
620,t2_b0,33,35,-0.09444543312703363,0.05202198773622513,0.010726352222263813,0.010726352222263813,0.05,1.0,619,619
620,t2_b0,3,0,0.10796540243088854,0.05373036116361618,0.0014707198133692145,0.0014707198133692145,0.9333333333333333,1.0,619,619
620,t2_b0,38,16,-0.0543760832542872,0.03001832216978073,0.0035612082574516535,0.0035612082574516535,0.925,1.0,619,619
621,t2_b0,39,6,-0.32293239601048435,0.059689443558454514,0.07319973409175873,0.07319973409175873,0.925,1.0,620,620
621,t2_b0,34,0,0.0,0.057393878698349,0.0016470286063849926,0.0016470286063849926,0.9333333333333333,1.0,620,620
621,t2_b0,4,12,0.22652595243375614,0.04275435954332352,0.016885997727513313,0.016885997727513313,0.02,1.0,620,620
621,t2_b0,30,8,0.9581816918953749,0.05510111525654793,0.4077772796154022,0.4077772796154022,0.925,1.0,620,620
621,t2_b0,24,37,0.0,0.04330965131521225,0.0009378629620186985,0.0009378629620186985,0.9166666666666667,1.0,620,620
621,t2_b0,26,16,-0.5433828749472152,0.03839464485645294,0.1692325323820114,0.1692325323820114,0.925,1.0,620,620
621,t2_b0,14,21,0.07390337306444947,0.04583018645644188,0.00039405195275321603,0.00039405195275321603,0.925,1.0,620,620
621,t2_b0,19,32,0.3522511631286852,0.03287127614021301,0.05100175738334656,0.05100175738334656,0.9333333333333333,1.0,620,620
621,t2_b0,13,18,-0.02550788330464465,0.05733567103743553,0.0034315274097025394,0.0034315274097025394,0.9333333333333333,1.0,620,620
621,t2_b0,17,23,-0.29751922698081734,0.03155404329299927,0.054144613444805145,0.054144613444805145,0.925,1.0,620,620
622,t2_b0,8,35,0.0010423044662829864,0.050003547221422195,0.0011986016761511564,0.0011986016761511564,0.925,1.0,621,621
622,t2_b0,36,16,-0.18900540124523746,0.028056316077709198,0.02355789765715599,0.02355789765715599,0.9166666666666667,1.0,621,621
622,t2_b0,10,37,-0.013810594051951128,0.04370889812707901,0.001654246007092297,0.001654246007092297,0.92,1.0,621,621
622,t2_b0,20,6,0.15986144402646202,0.06069426238536835,0.004917065147310495,0.004917065147310495,0.925,1.0,621,621
622,t2_b0,15,39,0.060066576231521264,0.060415878891944885,6.10058918937284e-08,6.10058918937284e-08,0.025,1.0,621,621
622,t2_b0,30,33,0.30244540182302526,0.05429037660360336,0.030790459364652634,0.030790459364652634,0.92,1.0,621,621
622,t2_b0,0,3,-0.002554504177116345,0.052760008722543716,0.001529847620986402,0.001529847620986402,0.9500000000000001,1.0,621,621
623,t2_b0,11,16,-0.06113215238873435,0.020304642617702484,0.003315976122394204,0.003315976122394204,0.9333333333333333,1.0,622,622
623,t2_b0,21,1,-0.03674869440931082,0.046145081520080566,0.003435688791796565,0.003435688791796565,0.03333333333333333,1.0,622,622
623,t2_b0,25,12,0.04890562492817828,0.04716658964753151,1.512123617430916e-06,1.512123617430916e-06,0.925,1.0,622,622
623,t2_b0,6,20,0.08342847913262123,0.05995265394449234,0.00027555719134397805,0.00027555719134397805,0.925,1.0,622,622
623,t2_b0,35,23,-0.19518726491663632,0.04514295980334282,0.028879310935735703,0.028879310935735703,0.92,1.0,622,622
623,t2_b0,9,22,-0.17417397539537505,0.05779207497835159,0.026904122903943062,0.026904122903943062,1.0,1.0,622,622
624,t2_b0,32,23,0.006768372970052909,0.02669087052345276,0.00019845298083964735,0.00019845298083964735,0.92,1.0,623,623
624,t2_b0,12,25,0.03684927539258095,0.045332055538892746,3.5978780942969024e-05,3.5978780942969024e-05,0.92,1.0,623,623
624,t2_b0,22,14,0.13054378472200678,0.050865571945905685,0.003174308454617858,0.003174308454617858,0.9500000000000001,1.0,623,623
624,t2_b0,7,34,-0.06722605614827228,0.06273068487644196,0.008444379083812237,0.008444379083812237,0.9333333333333333,1.0,623,623
624,t2_b0,17,36,-0.7980445599767464,0.024564087390899658,0.33834248781204224,0.33834248781204224,0.025,1.0,623,623
624,t2_b0,1,2,0.0,0.0392933115363121,0.0007719821878708899,0.0007719821878708899,0.9333333333333333,1.0,623,623
624,t2_b0,5,39,-0.31961297621066237,0.06132590398192406,0.07255721837282181,0.07255721837282181,0.9333333333333333,1.0,623,623
624,t2_b0,37,26,-0.02436005743452119,0.0434822142124176,0.0023012871388345957,0.0023012871388345957,0.9166666666666667,1.0,623,623
624,t2_b0,16,38,-0.0026104621678078106,0.021250277757644653,0.00028466744697652757,0.00028466744697652757,0.925,1.0,623,623
625,t2_b0,23,36,-0.1506232607072724,0.025064632296562195,0.015433117747306824,0.015433117747306824,0.9142857142857143,1.0,624,624
625,t2_b0,38,16,0.18168657277299238,0.0160953551530838,0.013710226863622665,0.013710226863622665,0.925,1.0,624,624
625,t2_b0,3,0,0.1598526344724863,0.05506475269794464,0.0054902504198253155,0.0054902504198253155,0.9333333333333333,1.0,624,624
625,t2_b0,13,18,0.10900442558377996,0.05573720484972,0.0014186982298269868,0.0014186982298269868,0.9500000000000001,1.0,624,624
625,t2_b0,33,35,-0.021681897765280535,0.038332320749759674,0.0018008531769737601,0.0018008531769737601,0.9333333333333333,1.0,624,624
625,t2_b0,29,12,0.9924059238274894,0.04425317794084549,0.4494968354701996,0.4494968354701996,0.9500000000000001,1.0,624,624
626,t2_b0,8,35,0.001226360629647836,0.03808540850877762,0.0006792946369387209,0.0006792946369387209,0.925,1.0,625,625
626,t2_b0,14,21,-0.009599350927677266,0.04857421666383743,0.0016920819180086255,0.0016920819180086255,0.925,1.0,625,625
626,t2_b0,39,5,-0.09141657603836498,0.05786009877920151,0.0111417630687356,0.0111417630687356,0.925,1.0,625,625
626,t2_b0,4,26,0.12707732621256468,0.036760345101356506,0.004078578669577837,0.004078578669577837,0.9166666666666667,1.0,625,625
626,t2_b0,31,16,0.9559766490486221,0.028078854084014893,0.4304971694946289,0.4304971694946289,0.9333333333333333,1.0,625,625
626,t2_b0,34,0,-0.0375247456728852,0.05961836501955986,0.00471839215606451,0.00471839215606451,0.9333333333333333,1.0,625,625
626,t2_b0,28,18,0.06329512795691565,0.052073583006858826,6.296150968410075e-05,6.296150968410075e-05,0.9500000000000001,1.0,625,625
626,t2_b0,9,22,-0.10445858307111704,0.06906343251466751,0.015054946765303612,0.015054946765303612,1.0,1.0,625,625
626,t2_b0,29,12,0.0,0.04598093405365944,0.001057123183272779,0.001057123183272779,0.9500000000000001,1.0,625,625
626,t2_b0,19,32,-0.5568362213835645,0.015046022832393646,0.16352465748786926,0.16352465748786926,0.9333333333333333,1.0,625,625
627,t2_b0,18,8,0.09566167690304309,0.04397156834602356,0.001335933688096702,0.001335933688096702,0.9333333333333333,1.0,626,626
627,t2_b0,5,39,-0.13114863743992297,0.058349039405584335,0.017954684793949127,0.017954684793949127,0.9333333333333333,1.0,626,626
627,t2_b0,0,3,0.26063977839190194,0.051423002034425735,0.021885832771658897,0.021885832771658897,0.9333333333333333,1.0,626,626
627,t2_b0,24,26,-0.062053150260543255,0.036685727536678314,0.0048746829852461815,0.0048746829852461815,0.9166666666666667,1.0,626,626
627,t2_b0,30,36,-0.09917693462525523,0.02722955495119095,0.007989300414919853,0.007989300414919853,0.9166666666666667,1.0,626,626
627,t2_b0,10,37,0.040461269602180785,0.03968057036399841,3.047446170967305e-07,3.047446170967305e-07,0.016666666666666666,1.0,626,626
627,t2_b0,35,32,-0.11974267729055586,0.02972590923309326,0.011170429177582264,0.011170429177582264,0.92,1.0,626,626
628,t2_b0,11,16,-0.016186381261172184,0.015811994671821594,0.0005119479610584676,0.0005119479610584676,0.925,1.0,627,627
628,t2_b0,25,24,-0.25783404124237314,0.0401892215013504,0.04440893977880478,0.04440893977880478,0.92,1.0,627,627
628,t2_b0,1,2,0.025206048671892516,0.041040219366550446,0.00012536048598121852,0.00012536048598121852,0.9333333333333333,1.0,627,627
628,t2_b0,15,39,0.09105101372829173,0.05620642378926277,0.0006070726667530835,0.0006070726667530835,0.925,1.0,627,627
628,t2_b0,21,14,0.2830249301666768,0.05177393928170204,0.026738513261079788,0.026738513261079788,0.9333333333333333,1.0,627,627
629,t2_b0,31,38,-0.040597214865766285,0.020015500485897064,0.001836950657889247,0.001836950657889247,0.02,1.0,628,628
629,t2_b0,37,26,-0.06472695660872567,0.035448841750621796,0.005017595365643501,0.005017595365643501,0.9166666666666667,1.0,628,628
629,t2_b0,17,32,-0.05875391975562001,0.018732741475105286,0.003002091543748975,0.003002091543748975,0.92,1.0,628,628
629,t2_b0,12,4,-0.10639168348495559,0.037444792687892914,0.010344465263187885,0.010344465263187885,0.9166666666666667,1.0,628,628
629,t2_b0,16,11,-0.04106666788587061,0.01608721911907196,0.0016332834493368864,0.0016332834493368864,0.92,1.0,628,628
629,t2_b0,22,14,-0.011999770264283702,0.05415201559662819,0.002188029233366251,0.002188029233366251,0.9500000000000001,1.0,628,628
629,t2_b0,7,34,-0.036444889418767105,0.0647282600402832,0.005118003115057945,0.005118003115057945,0.9333333333333333,1.0,628,628
629,t2_b0,20,39,0.09885532670753396,0.058916907757520676,0.0007975385524332523,0.0007975385524332523,0.925,1.0,628,628
629,t2_b0,2,0,-0.08099732193719525,0.05279719457030296,0.008950485847890377,0.008950485847890377,0.925,1.0,628,628
630,t2_b0,33,35,0.022916282225064644,0.023480460047721863,1.5914866935418104e-07,1.5914866935418104e-07,0.9333333333333333,1.0,629,629
630,t2_b0,26,16,-0.11318905092286981,0.018669769167900085,0.008693374693393707,0.008693374693393707,0.92,1.0,629,629
630,t2_b0,38,11,-0.0738937902628713,0.011721134185791016,0.0036649578250944614,0.0036649578250944614,0.92,1.0,629,629
630,t2_b0,6,39,0.08551309082179426,0.0568859800696373,0.0004097557975910604,0.0004097557975910604,0.925,1.0,629,629
630,t2_b0,3,7,-0.03266160740755802,0.03264578431844711,0.0021325277630239725,0.0021325277630239725,0.03333333333333333,1.0,629,629
630,t2_b0,13,18,0.0,0.037702612578868866,0.0007107434794306755,0.0007107434794306755,0.9500000000000001,1.0,629,629
631,t2_b0,39,6,0.06166029929653597,0.05716754496097565,1.0092428055941127e-05,1.0092428055941127e-05,0.925,1.0,630,630
631,t2_b0,24,26,-0.007582283052018322,0.030282653868198395,0.0007168767624534667,0.0007168767624534667,0.9166666666666667,1.0,630,630
631,t2_b0,28,18,0.0,0.03429165482521057,0.0005879587843082845,0.0005879587843082845,0.9500000000000001,1.0,630,630
631,t2_b0,19,32,-0.36798379718620705,0.015590623021125793,0.07356467097997665,0.07356467097997665,0.9333333333333333,1.0,630,630
631,t2_b0,4,16,-0.0967613233342291,0.024852298200130463,0.00739493640139699,0.00739493640139699,0.9166666666666667,1.0,630,630
631,t2_b0,29,12,0.06259551404506009,0.0325540155172348,0.00045124589814804494,0.00045124589814804494,0.9333333333333333,1.0,630,630
631,t2_b0,8,35,-0.014951468775840856,0.02570594847202301,0.0008265127544291317,0.0008265127544291317,0.925,1.0,630,630
631,t2_b0,14,21,0.08852365521933749,0.05789332836866379,0.0004691084905061871,0.0004691084905061871,0.92,1.0,630,630
631,t2_b0,34,0,0.0,0.06219082325696945,0.0019338493002578616,0.0019338493002578616,0.925,1.0,630,630
632,t2_b0,32,23,-0.12956925319583382,0.015468291938304901,0.01051794271916151,0.01051794271916151,0.016666666666666666,1.0,631,631
632,t2_b0,20,6,0.38548191775526175,0.05916804447770119,0.053240373730659485,0.053240373730659485,0.92,1.0,631,631
632,t2_b0,9,14,-0.3479574889943139,0.06732593476772308,0.08623016625642776,0.08623016625642776,0.9500000000000001,1.0,631,631
632,t2_b0,18,33,0.39854578426468257,0.026755712926387787,0.06911391764879227,0.06911391764879227,0.925,1.0,631,631
632,t2_b0,10,4,0.0013456905695919741,0.030104830861091614,0.0004135440685786307,0.0004135440685786307,0.9166666666666667,1.0,631,631
632,t2_b0,25,12,0.3775669369898458,0.03195217251777649,0.05972478166222572,0.05972478166222572,0.92,1.0,631,631
632,t2_b0,0,3,0.08386437808788624,0.056399375200271606,0.00037716314545832574,0.00037716314545832574,0.9333333333333333,1.0,631,631
632,t2_b0,5,39,-0.09920885614196015,0.05828087776899338,0.012401508167386055,0.012401508167386055,0.9333333333333333,1.0,631,631
632,t2_b0,36,38,-0.042214400639566906,0.011430859565734863,0.001438906998373568,0.001438906998373568,0.9166666666666667,1.0,631,631
633,t2_b0,30,35,-0.1603671347367981,0.009558074176311493,0.014437288977205753,0.014437288977205753,0.9166666666666667,1.0,632,632
633,t2_b0,21,14,-0.022325111062811622,0.05953988805413246,0.003350938903167844,0.003350938903167844,0.925,1.0,632,632
633,t2_b0,1,2,-0.04400486302823838,0.0495423898100853,0.004375544376671314,0.004375544376671314,0.925,1.0,632,632
633,t2_b0,15,5,-0.039023080723464866,0.057684965431690216,0.004676222801208496,0.004676222801208496,0.925,1.0,632,632
633,t2_b0,11,16,-0.039016351480463576,0.00665978342294693,0.001043154625222087,0.001043154625222087,0.925,1.0,632,632
634,t2_b0,6,15,0.0,0.06226090341806412,0.0019382101017981768,0.0019382101017981768,0.92,1.0,633,633
634,t2_b0,22,14,0.06456867033634286,0.051808055490255356,8.141662692651153e-05,8.141662692651153e-05,0.925,1.0,633,633
634,t2_b0,7,34,0.32538554014263305,0.06726664304733276,0.033312682062387466,0.033312682062387466,0.925,1.0,633,633
634,t2_b0,23,35,-0.21013393651535434,0.010468609631061554,0.024332741275429726,0.024332741275429726,0.9166666666666667,1.0,633,633
634,t2_b0,17,32,-0.044485268597710945,0.006926842033863068,0.0013216024963185191,0.0013216024963185191,0.92,1.0,633,633
634,t2_b0,12,25,0.11137193685979777,0.02862217277288437,0.0034237615764141083,0.0034237615764141083,0.92,1.0,633,633
634,t2_b0,26,11,-0.07796051969938406,0.015076428651809692,0.00432793702930212,0.00432793702930212,0.925,1.0,633,633
634,t2_b0,2,0,0.06722594336054863,0.05921938642859459,3.205245593562722e-05,3.205245593562722e-05,0.9333333333333333,1.0,633,633
634,t2_b0,37,10,0.081489443307359,0.026822246611118317,0.0014942511916160583,0.0014942511916160583,0.02,1.0,633,633
635,t2_b0,3,0,0.055815663709979015,0.061970703303813934,1.894225897558499e-05,1.894225897558499e-05,0.92,1.0,634,634
635,t2_b0,28,8,-0.22046731023761967,0.02295728772878647,0.029627766460180283,0.029627766460180283,0.9333333333333333,1.0,634,634
635,t2_b0,31,34,-0.31261821564808095,0.06596933305263519,0.07166426628828049,0.07166426628828049,0.92,1.0,634,634
635,t2_b0,33,35,0.1253867206897201,0.02030644565820694,0.0055209314450621605,0.0055209314450621605,0.925,1.0,634,634
635,t2_b0,32,17,0.1317881470179621,0.00011515617370605469,0.008668888360261917,0.008668888360261917,0.92,1.0,634,634
635,t2_b0,38,11,0.002993646239933249,0.007151670753955841,8.644584340800066e-06,8.644584340800066e-06,0.9333333333333333,1.0,634,634
636,t2_b0,16,11,-0.036394584533546506,0.016363240778446198,0.0013916940661147237,0.0013916940661147237,0.9142857142857143,1.0,635,635
636,t2_b0,39,34,-0.7647426784861211,0.06379254162311554,0.3432352840900421,0.3432352840900421,0.925,1.0,635,635
636,t2_b0,9,22,0.0,0.05848994106054306,0.0017105366569012403,0.0017105366569012403,0.9333333333333333,1.0,635,635
636,t2_b0,36,32,-0.09578838888632367,0.004563048481941223,0.005035205744206905,0.005035205744206905,0.92,1.0,635,635
636,t2_b0,14,1,-0.007622212470794343,0.056793034076690674,0.002074661897495389,0.002074661897495389,1.0,1.0,635,635
636,t2_b0,18,13,0.42739724571203325,0.021002449095249176,0.08257836848497391,0.08257836848497391,1.0,1.0,635,635
636,t2_b0,8,35,0.1287800390325406,0.018911756575107574,0.006035519763827324,0.006035519763827324,0.925,1.0,635,635
636,t2_b0,29,25,-0.07419269263274178,0.024024859070777893,0.004823343828320503,0.004823343828320503,0.9500000000000001,1.0,635,635
636,t2_b0,4,26,0.11843751704496687,0.01445549726486206,0.005406129639595747,0.005406129639595747,0.9142857142857143,1.0,635,635
637,t2_b0,20,6,0.07917414486822233,0.06478762626647949,0.00010348597425036132,0.00010348597425036132,0.9166666666666667,1.0,636,636
637,t2_b0,0,2,0.049537684522617725,0.05917824059724808,4.6470158849842846e-05,4.6470158849842846e-05,0.9333333333333333,1.0,636,636
637,t2_b0,35,36,0.02751967101945454,0.0030373409390449524,0.00029969224124215543,0.00029969224124215543,0.925,1.0,636,636
637,t2_b0,5,39,-0.05781165041877228,0.06131095439195633,0.007095098029822111,0.007095098029822111,0.05,1.0,636,636
637,t2_b0,10,16,0.16844374761264877,0.012134850025177002,0.0122162364423275,0.0122162364423275,0.9166666666666667,1.0,636,636
637,t2_b0,24,11,-0.259858339333013,0.012198470532894135,0.03700745478272438,0.03700745478272438,0.9142857142857143,1.0,636,636
637,t2_b0,13,8,-0.3580312982187767,0.020151518285274506,0.07151112705469131,0.07151112705469131,0.925,1.0,636,636
637,t2_b0,19,32,-0.4252685575482002,0.0014933273196220398,0.09106285870075226,0.09106285870075226,0.9333333333333333,1.0,636,636
637,t2_b0,15,34,-0.5221850006751505,0.06476910412311554,0.17225757241249084,0.17225757241249084,0.92,1.0,636,636
638,t2_b0,1,21,-0.035062283583886064,0.02742519974708557,0.0019523428054526448,0.0019523428054526448,1.0,1.0,637,637
638,t2_b0,11,38,0.09903944062257623,0.01124127209186554,0.0038542593829333782,0.0038542593829333782,0.9142857142857143,1.0,637,637
638,t2_b0,6,26,0.005134018596812717,0.03959743678569794,0.0005938635440543294,0.0005938635440543294,0.9333333333333333,1.0,637,637
638,t2_b0,25,10,-0.05342490530134297,0.01317182183265686,0.0022175624035298824,0.0022175624035298824,0.92,1.0,637,637
638,t2_b0,34,39,-0.31317666181369747,0.06258265674114227,0.07059752941131592,0.07059752941131592,0.92,1.0,637,637
639,t2_b0,2,31,0.05444318310711932,0.053032200783491135,9.954371762432856e-07,9.954371762432856e-07,0.9500000000000001,1.0,638,638
639,t2_b0,14,29,0.9958649748752245,0.020288698375225067,0.47587454319000244,0.47587454319000244,1.0,1.0,638,638
639,t2_b0,26,4,0.09561325299625034,0.01725216954946518,0.003070229897275567,0.003070229897275567,0.92,1.0,638,638
639,t2_b0,21,1,-0.03147421095675027,0.046983152627944946,0.0030777789652347565,0.0030777789652347565,0.9500000000000001,1.0,638,638
639,t2_b0,37,11,-0.5009808011352946,0.011375822126865387,0.1312546581029892,0.1312546581029892,0.9142857142857143,1.0,638,638
639,t2_b0,23,19,-0.0012790527438791912,-0.002695739269256592,1.0035004152086913e-06,1.0035004152086913e-06,0.02,1.0,638,638
639,t2_b0,22,0,0.030767429636902165,0.07625328004360199,0.0010344813345000148,0.0010344813345000148,0.9333333333333333,1.0,638,638
640,t2_b0,30,6,-0.38965721610558124,0.019056394696235657,0.08352342247962952,0.08352342247962952,0.925,1.0,639,639
640,t2_b0,33,8,0.040381639482327376,0.00014982372522354126,0.0008092995267361403,0.0008092995267361403,0.925,1.0,639,639
640,t2_b0,38,26,-0.08736642995483507,0.016025543212890625,0.005344950128346682,0.005344950128346682,0.9500000000000001,1.0,639,639
640,t2_b0,12,37,-0.22134110178594832,0.006168775260448456,0.025880374014377594,0.025880374014377594,0.92,1.0,639,639
640,t2_b0,7,16,0.0,0.09999202936887741,0.0049992031417787075,0.0049992031417787075,1.0,1.0,1,1
640,t2_b0,31,2,-0.034613772247555394,0.08035913109779358,0.006609384436160326,0.006609384436160326,0.925,1.0,639,639
640,t2_b0,18,13,0.3691659529169754,0.06684012711048126,0.04570045694708824,0.04570045694708824,0.03333333333333333,1.0,639,639
640,t2_b0,3,5,-0.41466974986527266,0.029833786189556122,0.09879170358181,0.09879170358181,0.9500000000000001,1.0,639,639
640,t2_b0,36,35,-0.08107040982552265,-0.003605753183364868,0.003000386292114854,0.003000386292114854,0.016666666666666666,1.0,639,639
641,t2_b0,4,26,0.19618546034820195,0.017652682960033417,0.015936976298689842,0.015936976298689842,0.9142857142857143,1.0,640,640
641,t2_b0,16,7,0.15144594245058451,0.044168196618556976,0.005754257086664438,0.005754257086664438,1.0,1.0,2,640
641,t2_b0,9,22,0.037828243292782206,0.0817938968539238,0.000966489315032959,0.000966489315032959,1.0,1.0,640,640
641,t2_b0,8,35,0.03455204756548476,-0.0005529299378395081,0.0006161797791719437,0.0006161797791719437,0.05,1.0,640,640
641,t2_b0,24,6,-0.05116420224092216,0.012821540236473083,0.0020470875315368176,0.0020470875315368176,0.9142857142857143,1.0,640,640
641,t2_b0,28,36,-1.0,-0.008689403533935547,0.49134835600852966,0.49134835600852966,0.02,1.0,640,640
641,t2_b0,13,18,0.0,0.07062831521034241,0.0024941794108599424,0.0024941794108599424,0.05,1.0,640,640
641,t2_b0,29,10,-0.12172671716864673,0.004932098090648651,0.008021227084100246,0.008021227084100246,0.925,1.0,640,640
641,t2_b0,14,12,0.3761203798501021,0.00393049418926239,0.06926265358924866,0.06926265358924866,0.9333333333333333,1.0,640,640
641,t2_b0,39,5,-0.02181250879408849,0.08162843436002731,0.005350014194846153,0.005350014194846153,0.03333333333333333,1.0,640,640
642,t2_b0,0,13,-0.05536600363685269,0.04075523465871811,0.00461964588612318,0.00461964588612318,0.9500000000000001,1.0,641,641
642,t2_b0,5,31,-0.04165639431971579,0.07966335862874985,0.007359241601079702,0.007359241601079702,0.9333333333333333,1.0,641,641
642,t2_b0,10,25,0.062472619373482426,0.011008478701114655,0.0013242788845673203,0.0013242788845673203,0.014285714285714287,1.0,641,641
642,t2_b0,15,20,0.36088937589419867,0.03228110820055008,0.05399169772863388,0.05399169772863388,0.9500000000000001,1.0,641,641
642,t2_b0,30,6,0.02272299630548487,0.016478873789310455,1.9494535081321374e-05,1.9494535081321374e-05,0.9142857142857143,1.0,641,641
643,t2_b0,31,22,-0.03333376726413547,0.07872021198272705,0.006278046872466803,0.006278046872466803,0.925,1.0,642,642
643,t2_b0,26,4,0.4983285026200223,0.01702723652124405,0.11582545936107635,0.11582545936107635,0.9166666666666667,1.0,642,642
643,t2_b0,16,7,0.0,0.07067840546369553,0.0024977184366434813,0.0024977184366434813,1.0,1.0,642,642
643,t2_b0,32,23,0.027793475856038235,-0.012580908834934235,0.0008150454377755523,0.0008150454377755523,0.9166666666666667,1.0,642,642
643,t2_b0,19,21,0.07062134455654227,-0.01614033430814743,0.0037637942004948854,0.0037637942004948854,0.025,1.0,642,642
643,t2_b0,25,30,-0.6150022824156604,0.015033155679702759,0.1984723061323166,0.1984723061323166,0.016666666666666666,1.0,642,642
643,t2_b0,35,33,-0.049493748806979175,-0.010062940418720245,0.0007773943361826241,0.0007773943361826241,0.03333333333333333,1.0,642,642
644,t2_b0,20,15,0.18501432071644977,0.02070334553718567,0.013499048538506031,0.013499048538506031,0.92,1.0,643,643
644,t2_b0,6,26,-0.04148211247572125,0.020751871168613434,0.0019365344196557999,0.0019365344196557999,0.92,1.0,643,643
644,t2_b0,23,32,0.0,-0.013632804155349731,9.29266752791591e-05,9.29266752791591e-05,0.92,1.0,643,643
644,t2_b0,12,37,-0.024507985864161773,0.014356657862663269,0.0007552301976829767,0.0007552301976829767,0.9166666666666667,1.0,643,643
644,t2_b0,7,5,0.8792072417605812,0.0803065299987793,0.31912118196487427,0.31912118196487427,0.9500000000000001,1.0,643,643
644,t2_b0,22,31,0.03112879759424189,0.07853442430496216,0.0011236467398703098,0.0011236467398703098,0.92,1.0,643,643
644,t2_b0,38,25,0.8135792132961593,0.013308830559253693,0.3202163279056549,0.3202163279056549,0.9333333333333333,1.0,643,643
644,t2_b0,2,9,-0.17750658575967138,0.056626997888088226,0.0274092648178339,0.0274092648178339,0.92,1.0,643,643
644,t2_b0,34,33,0.9370387893766265,-0.015014320611953735,0.4532025158405304,0.4532025158405304,0.05,1.0,643,643
645,t2_b0,33,35,0.37854054283742045,-0.014242924749851227,0.07713942229747772,0.07713942229747772,0.03333333333333333,1.0,644,644
645,t2_b0,28,6,0.08360703773919596,0.017385028302669525,0.002192677464336157,0.002192677464336157,0.9333333333333333,1.0,644,644
645,t2_b0,23,36,0.027206110539179967,-0.019667349755764008,0.0010985605185851455,0.0010985605185851455,0.03333333333333333,1.0,644,644
645,t2_b0,37,4,-0.021459732803894002,0.015827789902687073,0.000695179624017328,0.000695179624017328,0.9166666666666667,1.0,644,644
645,t2_b0,18,13,0.09415751145328158,0.07569648325443268,0.00017040474631357938,0.00017040474631357938,1.0,1.0,644,644
645,t2_b0,38,14,0.38057605016108925,0.016047298908233643,0.06644060462713242,0.06644060462713242,0.03333333333333333,1.0,644,644
646,t2_b0,24,37,0.03164635225694631,0.014905229210853577,0.00014013260079082102,0.00014013260079082102,0.9142857142857143,1.0,645,645
646,t2_b0,39,22,-0.12156300150503273,0.08156407624483109,0.020630307495594025,0.020630307495594025,0.92,1.0,645,645
646,t2_b0,13,18,-0.015409057947450639,0.03953702002763748,0.001509535824880004,0.001509535824880004,0.9500000000000001,1.0,645,645
646,t2_b0,29,12,-0.08828126731868192,0.017250552773475647,0.00556848244741559,0.00556848244741559,0.92,1.0,645,645
646,t2_b0,30,33,0.9587257042495804,0.004326730966567993,0.4554387032985687,0.4554387032985687,0.9500000000000001,1.0,645,645
646,t2_b0,9,31,-0.14204935403963165,0.08122023940086365,0.024924656376242638,0.024924656376242638,0.925,1.0,645,645
647,t2_b0,21,17,0.962538281843787,-0.01632058620452881,0.4790823757648468,0.4790823757648468,0.9500000000000001,1.0,646,646
647,t2_b0,4,26,0.15537302744095055,0.01260397583246231,0.010191499255597591,0.010191499255597591,0.9142857142857143,1.0,646,646
647,t2_b0,14,12,-0.02779319781728068,0.015462011098861694,0.0009355065994895995,0.0009355065994895995,0.925,1.0,646,646
647,t2_b0,5,31,0.20467858184002785,0.0759880542755127,0.008280625566840172,0.008280625566840172,0.9166666666666667,1.0,646,646
647,t2_b0,10,37,0.0,0.012243002653121948,7.494555757148191e-05,7.494555757148191e-05,0.9166666666666667,1.0,646,646
647,t2_b0,8,18,-0.0511675311908573,0.03618280589580536,0.003815040923655033,0.003815040923655033,0.9500000000000001,1.0,646,646
647,t2_b0,20,6,0.0409727604700592,0.012986995279788971,0.00039160155574791133,0.00039160155574791133,0.9166666666666667,1.0,646,646
647,t2_b0,35,34,0.014304638715727366,-0.013445772230625153,0.00038504262920469046,0.00038504262920469046,0.025,1.0,646,646
648,t2_b0,26,4,0.14168194710680831,0.01513693481683731,0.00800682045519352,0.00800682045519352,0.9166666666666667,1.0,647,647
648,t2_b0,15,20,0.08235913088009864,0.025796964764595032,0.0015996391884982586,0.0015996391884982586,0.925,1.0,647,647
648,t2_b0,31,22,0.34209032605330497,0.07040578126907349,0.036906249821186066,0.036906249821186066,0.92,1.0,647,647
648,t2_b0,16,5,0.7355431386011007,0.07343555241823196,0.219193235039711,0.219193235039711,0.9333333333333333,1.0,647,647
648,t2_b0,25,37,-0.5717825451212879,0.017849408090114594,0.17383289337158203,0.17383289337158203,0.9166666666666667,1.0,647,647
648,t2_b0,17,32,-0.0962241982335266,-0.022759728133678436,0.0026985141448676586,0.0026985141448676586,0.925,1.0,647,647
649,t2_b0,22,20,-0.06786773620429357,0.03194277733564377,0.004981068894267082,0.004981068894267082,0.925,1.0,648,648
649,t2_b0,12,37,-0.10388735195386174,0.014204375445842743,0.006972827948629856,0.006972827948629856,0.9166666666666667,1.0,648,648
649,t2_b0,6,23,-0.13790332638199038,0.014686405658721924,0.01164181437343359,0.01164181437343359,0.9142857142857143,1.0,648,648
649,t2_b0,7,31,-0.2837968395791511,0.07602286338806152,0.06473511457443237,0.06473511457443237,0.925,1.0,648,648
650,t2_b0,28,6,-0.01852282207986758,0.016345493495464325,0.000607899681199342,0.000607899681199342,0.9166666666666667,1.0,649,649
650,t2_b0,30,35,-0.9082846386768055,-0.017008937895298004,0.39718618988990784,0.39718618988990784,0.025,1.0,649,649
650,t2_b0,13,8,-0.034473421133734486,0.03529348224401474,0.0024337107315659523,0.0024337107315659523,0.9500000000000001,1.0,649,649
650,t2_b0,19,17,-0.05077413921093342,-0.031129837036132812,0.0001929492864292115,0.0001929492864292115,0.9333333333333333,1.0,649,649
650,t2_b0,38,29,0.08091617579157782,0.01313289999961853,0.0022972861770540476,0.0022972861770540476,0.9333333333333333,1.0,649,649
650,t2_b0,37,4,0.2731971490009199,0.015754684805870056,0.03313831239938736,0.03313831239938736,0.9166666666666667,1.0,649,649
651,t2_b0,36,34,0.0,-0.019488230347633362,0.0001898955670185387,0.0001898955670185387,0.9500000000000001,1.0,650,650
651,t2_b0,29,12,-0.11860786110924074,0.016347959637641907,0.009106537327170372,0.009106537327170372,0.92,1.0,650,650
651,t2_b0,23,6,-0.04530810205145512,0.012586638331413269,0.0016759004211053252,0.0016759004211053252,0.9142857142857143,1.0,650,650
651,t2_b0,39,31,-0.060453159846260034,0.07239577174186707,0.008824419230222702,0.008824419230222702,0.9333333333333333,1.0,650,650
651,t2_b0,8,13,0.31227169967806684,0.03157570958137512,0.03939512372016907,0.03939512372016907,0.9500000000000001,1.0,650,650
652,t2_b0,18,8,-0.02974964512138228,0.03415033221244812,0.002041603671386838,0.002041603671386838,0.9500000000000001,1.0,651,651
652,t2_b0,10,37,0.000391374702178857,0.013872072100639343,9.086460340768099e-05,9.086460340768099e-05,0.9166666666666667,1.0,651,651
652,t2_b0,4,26,0.1850560713548189,0.011362127959728241,0.015084794722497463,0.015084794722497463,0.9142857142857143,1.0,651,651
652,t2_b0,21,17,0.0,-0.03626357018947601,0.0006575232837349176,0.0006575232837349176,0.9500000000000001,1.0,651,651
652,t2_b0,34,11,0.08259462070912901,-0.020425453782081604,0.005306567531079054,0.005306567531079054,0.05,1.0,651,651
652,t2_b0,14,12,-0.5478630006837998,0.015051394701004028,0.15843629837036133,0.15843629837036133,0.925,1.0,651,651
652,t2_b0,32,6,-0.22529669163401828,0.008027836680412292,0.027220167219638824,0.027220167219638824,0.925,1.0,651,651
652,t2_b0,15,22,0.24192681079109818,0.011594109237194061,0.02652657777070999,0.02652657777070999,0.92,1.0,651,651
653,t2_b0,17,19,0.24250556417242458,-0.03008640557527542,0.03715319186449051,0.03715319186449051,0.925,1.0,652,652
653,t2_b0,20,6,0.0,0.012470297515392303,7.775415724609047e-05,7.775415724609047e-05,0.9125,1.0,652,652
653,t2_b0,25,37,-0.4064753552284859,0.016868531703948975,0.0896100252866745,0.0896100252866745,0.9166666666666667,1.0,652,652
653,t2_b0,35,39,0.9693677846942456,0.06473858654499054,0.4091770350933075,0.4091770350933075,1.0,1.0,652,652
653,t2_b0,26,4,0.38852858031422993,0.011821314692497253,0.07095418125391006,0.07095418125391006,0.9142857142857143,1.0,652,652
653,t2_b0,16,5,0.0012890131477981764,0.05843237042427063,0.0016326815821230412,0.0016326815821230412,0.9500000000000001,1.0,652,652
654,t2_b0,33,16,0.9046184395200568,0.08670732378959656,0.3344893157482147,0.3344893157482147,1.0,1.0,653,653
654,t2_b0,12,37,-0.14479311555110283,0.012871086597442627,0.012428998947143555,0.012428998947143555,0.9166666666666667,1.0,653,653
654,t2_b0,32,6,-0.24487475697375113,0.017018750309944153,0.03429410606622696,0.03429410606622696,0.9142857142857143,1.0,653,653
654,t2_b0,31,28,-0.06252562162362511,0.039577364921569824,0.0052125100046396255,0.0052125100046396255,0.92,1.0,653,653
654,t2_b0,11,17,0.45851654345514353,0.013759233057498932,0.09890453517436981,0.09890453517436981,0.9500000000000001,1.0,653,653
655,t2_b0,6,26,0.002014949439866801,0.016169235110282898,0.0001001718919724226,0.0001001718919724226,0.9125,1.0,654,654
655,t2_b0,38,25,-0.06750055464106931,0.011619813740253448,0.0031300163827836514,0.0031300163827836514,0.9333333333333333,1.0,654,654
655,t2_b0,7,28,-0.03299569188847802,0.04292187839746475,0.0028817388229072094,0.0028817388229072094,0.92,1.0,654,654
655,t2_b0,5,16,-0.0004938220824992065,0.05485691875219345,0.00153185217641294,0.00153185217641294,0.925,1.0,654,654
655,t2_b0,19,17,0.20233974825393913,-0.03665684163570404,0.028559686616063118,0.028559686616063118,0.9500000000000001,1.0,654,654
655,t2_b0,13,8,0.044628997497087645,0.03690195083618164,2.9853616069885902e-05,2.9853616069885902e-05,0.03333333333333333,1.0,654,654
656,t2_b0,29,25,0.15760305383408632,0.014194592833518982,0.01028299331665039,0.01028299331665039,0.92,1.0,655,655
656,t2_b0,28,31,0.12745929906735842,0.024350009858608246,0.00531576294451952,0.00531576294451952,0.9166666666666667,1.0,655,655
656,t2_b0,30,17,-0.43933279191676594,-0.03918430209159851,0.08005940169095993,0.08005940169095993,0.925,1.0,655,655
656,t2_b0,22,6,-0.10741866398545206,0.01745752990245819,0.0077970316633582115,0.0077970316633582115,0.9125,1.0,655,655
656,t2_b0,23,32,0.034969526569687485,0.020750582218170166,0.00010108920105267316,0.00010108920105267316,0.9142857142857143,1.0,655,655
656,t2_b0,24,4,0.07212712606218738,0.014065399765968323,0.0016855819849297404,0.0016855819849297404,0.9142857142857143,1.0,655,655
656,t2_b0,8,18,0.25442624219745863,0.033608004450798035,0.02438034676015377,0.02438034676015377,0.9333333333333333,1.0,655,655
657,t2_b0,15,20,0.2530516619378678,0.012573890388011932,0.02891477942466736,0.02891477942466736,0.9125,1.0,656,656
657,t2_b0,4,26,0.19748617775900768,0.012561678886413574,0.01709853485226631,0.01709853485226631,0.9166666666666667,1.0,656,656
657,t2_b0,35,16,-0.14226561970296747,0.03625953197479248,0.015935614705085754,0.015935614705085754,0.9333333333333333,1.0,656,656
657,t2_b0,18,8,0.21785896987918882,0.03815443813800812,0.016146859154105186,0.016146859154105186,0.9333333333333333,1.0,656,656
657,t2_b0,14,25,-0.09295087646044661,0.015445366501808167,0.0058748722076416016,0.0058748722076416016,0.925,1.0,656,656
657,t2_b0,21,19,0.18045614775946503,-0.03968244791030884,0.02423050068318844,0.02423050068318844,1.0,1.0,656,656
657,t2_b0,36,39,0.0,-0.0436415895819664,0.0009522941545583308,0.0009522941545583308,1.0,1.0,651,651
658,t2_b0,25,37,-0.4326105522503117,0.013875775039196014,0.0996750220656395,0.0996750220656395,0.9166666666666667,1.0,657,657
658,t2_b0,10,12,0.0,0.013467125594615936,9.068173676496372e-05,9.068173676496372e-05,0.02,1.0,657,657
658,t2_b0,16,28,0.08560544738972108,0.015987418591976166,0.002423335099592805,0.002423335099592805,0.9142857142857143,1.0,657,657
658,t2_b0,31,23,-0.40618002873279296,0.01618967205286026,0.08919807523488998,0.08919807523488998,0.9166666666666667,1.0,657,657
658,t2_b0,17,9,0.10879179663768589,-0.04484609514474869,0.01180229987949133,0.01180229987949133,0.025,1.0,657,657
658,t2_b0,20,15,0.09763184448524387,0.016083508729934692,0.003325065365061164,0.003325065365061164,0.9111111111111111,1.0,657,657
658,t2_b0,6,26,0.28932949938273467,0.016461439430713654,0.03722849115729332,0.03722849115729332,0.9142857142857143,1.0,657,657
658,t2_b0,11,18,0.30093947816297834,0.04103083163499832,0.03377625346183777,0.03377625346183777,0.9333333333333333,1.0,657,657
659,t2_b0,1,18,0.032023725851532334,0.015234239399433136,0.00014094340440351516,0.00014094340440351516,1.0,1.0,658,658
659,t2_b0,26,4,-0.021414650954072176,0.016829609870910645,0.0007313117966987193,0.0007313117966987193,0.9142857142857143,1.0,658,658
659,t2_b0,17,19,0.010083964348745965,-0.04334447532892227,0.0014272992266342044,0.0014272992266342044,0.9333333333333333,1.0,658,658
659,t2_b0,37,24,0.035852231998890025,0.012808829545974731,0.000265499169472605,0.000265499169472605,0.92,1.0,658,658
659,t2_b0,7,28,0.075885712155102,0.018296480178833008,0.001658259890973568,0.001658259890973568,0.9125,1.0,658,658
659,t2_b0,32,16,0.0,0.018168382346630096,0.00016504505765624344,0.00016504505765624344,0.91,1.0,658,658
660,t2_b0,23,22,-0.03214382322839285,0.01887843757867813,0.0013016355223953724,0.0013016355223953724,0.91,1.0,659,659
660,t2_b0,3,33,-0.021309603971230464,0.008335389196872711,0.0004394128336571157,0.0004394128336571157,1.0,1.0,659,659
660,t2_b0,28,16,0.4449618215464374,0.01629575341939926,0.0918772965669632,0.0918772965669632,0.9125,1.0,659,659
660,t2_b0,13,8,-0.017289687142550643,0.04065626859664917,0.0016788669163361192,0.0016788669163361192,0.925,1.0,659,659
660,t2_b0,38,25,0.17146797618484352,0.010322459042072296,0.012983937747776508,0.012983937747776508,0.9333333333333333,1.0,659,659
660,t2_b0,9,19,0.7090080486445894,-0.03614602982997894,0.27762728929519653,0.27762728929519653,0.92,1.0,659,659
660,t2_b0,12,37,0.08090281210454203,0.00930064171552658,0.002563435584306717,0.002563435584306717,0.92,1.0,659,659
661,t2_b0,29,25,0.16783797102047596,0.011177308857440948,0.012271284125745296,0.012271284125745296,0.92,1.0,660,660
661,t2_b0,9,30,0.001047802117127962,-0.03780987858772278,0.0007549596484750509,0.0007549596484750509,0.02,1.0,660,660
661,t2_b0,24,6,-0.0101922486294069,0.01757313311100006,0.0003854582319036126,0.0003854582319036126,0.925,1.0,660,660
661,t2_b0,4,26,0.21205243898987347,0.018474698066711426,0.01873617060482502,0.01873617060482502,0.9142857142857143,1.0,660,660
661,t2_b0,22,15,0.17286372194557614,0.016395725309848785,0.012241118587553501,0.012241118587553501,0.9090909090909091,1.0,660,660
661,t2_b0,8,18,-0.014238312233374205,0.03875299543142319,0.001404039328917861,0.001404039328917861,0.03333333333333333,1.0,660,660
661,t2_b0,33,16,0.037604436151639914,0.019564293324947357,0.00016272337234113365,0.00016272337234113365,0.014285714285714287,1.0,660,660
662,t2_b0,35,31,-0.039018432883858666,0.02137833833694458,0.0018238850170746446,0.0018238850170746446,0.9333333333333333,1.0,661,661
662,t2_b0,21,30,0.1590833561522494,-0.030402787029743195,0.01795249991118908,0.01795249991118908,0.925,1.0,661,661
662,t2_b0,15,4,0.20648311239730074,0.01930118352174759,0.017518535256385803,0.017518535256385803,0.01,1.0,661,661
662,t2_b0,10,37,-0.02334238772350517,0.011861734092235565,0.0006196650210767984,0.0006196650210767984,0.925,1.0,661,661
662,t2_b0,19,9,-0.01475036512752294,-0.034495532512664795,0.00019493581203278154,0.00019493581203278154,0.925,1.0,661,661
662,t2_b0,18,8,0.060032841976341664,0.040666744112968445,0.00018752284813672304,0.00018752284813672304,0.925,1.0,661,661
662,t2_b0,20,22,-0.013330044047670193,0.018072664737701416,0.0004930649884045124,0.0004930649884045124,0.91,1.0,661,661
662,t2_b0,25,12,-0.011400021828221927,0.011517666280269623,0.0002626102068461478,0.0002626102068461478,0.92,1.0,661,661
662,t2_b0,14,38,0.0,0.014461979269981384,0.00010457442112965509,0.00010457442112965509,0.03333333333333333,1.0,661,661
663,t2_b0,11,8,0.04185271619086842,0.0415831059217453,3.634489331716395e-08,3.634489331716395e-08,0.925,1.0,662,662
663,t2_b0,31,28,-0.17246296141858442,0.020745404064655304,0.018664736300706863,0.018664736300706863,0.9111111111111111,1.0,662,662
663,t2_b0,17,9,0.9737331625873596,-0.028429538011550903,0.5021626949310303,0.5021626949310303,0.9333333333333333,1.0,662,662
663,t2_b0,26,4,0.3173930650453084,0.021344900131225586,0.043822258710861206,0.043822258710861206,0.91,1.0,662,662
664,t2_b0,1,8,0.152756825216094,0.009621702134609222,0.010243833065032959,0.010243833065032959,0.925,1.0,663,663
664,t2_b0,16,31,-0.12956062110864483,0.022902168333530426,0.01162244938313961,0.01162244938313961,0.9111111111111111,1.0,663,663
664,t2_b0,21,11,0.39106953853518617,0.012562699615955353,0.0716337114572525,0.0716337114572525,0.9500000000000001,1.0,663,663
664,t2_b0,37,6,-0.3541104799345277,0.019875995814800262,0.06993294507265091,0.06993294507265091,0.92,1.0,663,663
664,t2_b0,7,22,0.1696486704303848,0.02244451642036438,0.010834532789885998,0.010834532789885998,0.9090909090909091,1.0,663,663
664,t2_b0,39,24,0.5675275122508433,0.024568989872932434,0.14740200340747833,0.14740200340747833,1.0,1.0,663,663
664,t2_b0,12,25,0.44971989133812246,0.008883915841579437,0.09716818481683731,0.09716818481683731,0.9333333333333333,1.0,663,663
665,t2_b0,23,16,-0.12081400326878795,0.023844420909881592,0.010463029146194458,0.010463029146194458,0.01,1.0,664,664
665,t2_b0,34,9,0.02265688669542055,-0.014643706381320953,0.0006956671713851392,0.0006956671713851392,0.9333333333333333,1.0,664,664
665,t2_b0,33,36,0.19087345023121968,0.015819072723388672,0.015322016552090645,0.015322016552090645,1.0,1.0,663,663
665,t2_b0,28,7,0.207669138308362,0.022397100925445557,0.017162863165140152,0.017162863165140152,0.9111111111111111,1.0,664,664
665,t2_b0,38,29,0.0777066027406357,0.008161455392837524,0.00241826381534338,0.00241826381534338,0.9500000000000001,1.0,664,664
665,t2_b0,8,13,0.11398393809103197,0.0385950431227684,0.0028417427092790604,0.0028417427092790604,0.92,1.0,664,664
665,t2_b0,6,15,-0.029423082835780722,0.019671857357025146,0.001205156440846622,0.001205156440846622,0.9125,1.0,664,664
666,t2_b0,22,15,-0.02242480603879149,0.0210210382938385,0.0009437706903554499,0.0009437706903554499,0.9090909090909091,1.0,665,665
666,t2_b0,14,25,-0.010129322936934517,0.013667836785316467,0.00028315241797827184,0.00028315241797827184,0.9333333333333333,1.0,665,665
666,t2_b0,24,39,0.12862352640058028,0.022902026772499084,0.005588517989963293,0.005588517989963293,0.9500000000000001,1.0,665,665
666,t2_b0,4,6,-0.1356439687832925,0.02013622224330902,0.012133734300732613,0.012133734300732613,0.91,1.0,665,665
666,t2_b0,32,16,0.0,0.022041797637939453,0.00024292041780427098,0.00024292041780427098,0.9090909090909091,1.0,665,665
666,t2_b0,29,12,-0.09449892072681172,0.012992940843105316,0.005777249578386545,0.005777249578386545,0.925,1.0,665,665
666,t2_b0,13,8,0.20416828716276755,0.04031574726104736,0.013423827476799488,0.013423827476799488,0.92,1.0,665,665
666,t2_b0,36,33,0.9267538127352145,0.05797167494893074,0.3773912191390991,0.3773912191390991,1.0,1.0,664,664
666,t2_b0,30,9,0.0,-0.005027458071708679,1.2637667168746702e-05,1.2637667168746702e-05,0.9333333333333333,1.0,665,665
667,t2_b0,35,31,-0.15283391050219844,0.021891839802265167,0.015264542773365974,0.015264542773365974,0.9500000000000001,1.0,666,666
667,t2_b0,15,26,0.17835051938400392,0.021117158234119415,0.012361164204776287,0.012361164204776287,0.01,1.0,666,666
667,t2_b0,19,24,0.9010495282602629,0.02469242364168167,0.3840009272098541,0.3840009272098541,1.0,1.0,666,666
667,t2_b0,5,38,0.9829861922183009,0.021959617733955383,0.46178606152534485,0.46178606152534485,0.9500000000000001,1.0,666,666
667,t2_b0,39,10,-0.3367443192998474,0.023687414824962616,0.06495551764965057,0.06495551764965057,0.02,1.0,666,666
667,t2_b0,18,8,0.29135965609098025,0.04008147120475769,0.03157036378979683,0.03157036378979683,0.925,1.0,666,666
667,t2_b0,25,12,0.10196503516032589,0.013976812362670898,0.003870963351801038,0.003870963351801038,0.9333333333333333,1.0,666,666
668,t2_b0,11,21,-0.05092973217176164,0.04165022820234299,0.004285524599254131,0.004285524599254131,0.92,1.0,667,667
668,t2_b0,20,7,0.0012634122239992948,0.022428900003433228,0.00022398894361685961,0.00022398894361685961,0.9090909090909091,1.0,667,667
668,t2_b0,31,23,-0.24940172571447092,0.021638929843902588,0.03673151507973671,0.03673151507973671,0.9125,1.0,667,667
668,t2_b0,34,30,0.07470866426288676,0.036897510290145874,0.0007148416480049491,0.0007148416480049491,0.925,1.0,667,667
668,t2_b0,26,4,0.4318124755583292,0.022890299558639526,0.08360867202281952,0.08360867202281952,0.9090909090909091,1.0,667,667
668,t2_b0,16,15,-0.012311078233221799,0.022865839302539825,0.0006187077960930765,0.0006187077960930765,0.9111111111111111,1.0,667,667
669,t2_b0,7,23,0.11861540514432554,0.024848073720932007,0.004396155942231417,0.004396155942231417,0.9090909090909091,1.0,668,668
669,t2_b0,9,34,-0.012561038647958583,0.017229102551937103,0.0004437262541614473,0.0004437262541614473,0.9333333333333333,1.0,668,668
669,t2_b0,10,6,0.03141369822175004,0.02199244499206543,4.4379990868037567e-05,4.4379990868037567e-05,0.9166666666666667,1.0,668,668
669,t2_b0,17,30,-0.04693232561151531,0.017856262624263763,0.0020987805910408497,0.0020987805910408497,0.9333333333333333,1.0,668,668
669,t2_b0,0,33,-0.027669108518700563,0.05017155408859253,0.0030295844189822674,0.0030295844189822674,1.0,1.0,668,668
669,t2_b0,21,11,0.0,0.040736354887485504,0.0008297252934426069,0.0008297252934426069,0.925,1.0,668,668
669,t2_b0,32,15,-0.13598833693259105,0.026478007435798645,0.013197656720876694,0.013197656720876694,0.009090909090909092,1.0,668,668
669,t2_b0,2,35,0.22640982944583565,0.057142458856105804,0.014325719326734543,0.014325719326734543,1.0,1.0,668,668
669,t2_b0,3,31,-0.031303712770964116,-0.009060554206371307,0.00024737900821492076,0.00024737900821492076,0.92,1.0,668,668
670,t2_b0,36,31,-0.2957056321569707,0.02927156537771225,0.052805095911026,0.052805095911026,0.9333333333333333,1.0,669,669
670,t2_b0,30,34,0.0,0.03560303896665573,0.0006337881786748767,0.0006337881786748767,0.925,1.0,669,669
670,t2_b0,33,0,-0.3222900093418708,0.07422387599945068,0.07861162722110748,0.07861162722110748,0.925,1.0,669,669
670,t2_b0,8,11,0.010730299268693625,0.04750034958124161,0.0006760182441212237,0.0006760182441212237,0.02,1.0,669,669
670,t2_b0,38,5,0.17575426978360875,0.01239842176437378,0.013342565856873989,0.013342565856873989,0.9333333333333333,1.0,669,669
670,t2_b0,23,7,0.11131598120806593,0.024958118796348572,0.003728840034455061,0.003728840034455061,0.91,1.0,669,669
670,t2_b0,22,28,-0.005575517783266277,0.024740859866142273,0.00045954136294312775,0.00045954136294312775,0.9090909090909091,1.0,669,669
670,t2_b0,6,15,-0.0588409644367018,0.023676402866840363,0.0034045581705868244,0.0034045581705868244,0.91,1.0,669,669
671,t2_b0,4,26,0.1561091852721406,0.022799059748649597,0.008885794319212437,0.008885794319212437,0.9111111111111111,1.0,670,670
671,t2_b0,3,2,0.06254028071801525,0.031632259488105774,0.00047765279305167496,0.00047765279305167496,0.9142857142857143,1.0,670,670
671,t2_b0,34,30,0.09887752322687164,0.03850813955068588,0.0018222314538434148,0.0018222314538434148,0.92,1.0,670,670
671,t2_b0,12,6,-0.006762753623648574,0.021382495760917664,0.00039607755024917424,0.00039607755024917424,0.9142857142857143,1.0,670,670
671,t2_b0,39,25,0.31822306747232754,0.02182871848344803,0.04392480477690697,0.04392480477690697,0.92,1.0,670,670
671,t2_b0,28,22,-0.005296720416929926,0.014759987592697144,0.00020113575737923384,0.00020113575737923384,0.91,1.0,670,670
671,t2_b0,19,24,-0.57069791982545,0.03776358813047409,0.18511269986629486,0.18511269986629486,1.0,1.0,670,670
671,t2_b0,18,0,0.34962386249015415,0.07525674998760223,0.037638649344444275,0.037638649344444275,0.92,1.0,670,670
671,t2_b0,13,8,0.0008667409907501919,0.05120834335684776,0.0012671385193243623,0.0012671385193243623,0.92,1.0,670,670
672,t2_b0,25,29,0.0030249253599420956,0.021548651158809662,0.00017156422836706042,0.00017156422836706042,0.016666666666666666,1.0,671,671
672,t2_b0,9,17,-0.006771752750964097,0.04115395247936249,0.0011484365677461028,0.0011484365677461028,0.025,1.0,671,671
672,t2_b0,24,30,-0.04309615513215692,0.03966345638036728,0.0034245767164975405,0.0034245767164975405,0.9166666666666667,1.0,671,671
672,t2_b0,5,38,0.23118905494703546,0.022970177233219147,0.021677549928426743,0.021677549928426743,0.9500000000000001,1.0,671,671
672,t2_b0,35,31,-0.03738787902972856,0.035192012786865234,0.0026339201722294092,0.0026339201722294092,0.925,1.0,671,671
672,t2_b0,20,6,0.05233739140774399,0.022776052355766296,0.00043693644693121314,0.00043693644693121314,0.91,1.0,671,671
672,t2_b0,0,18,0.01670450688717879,0.0533708855509758,0.0006722116377204657,0.0006722116377204657,1.0,1.0,671,671
672,t2_b0,15,26,0.25739437522022895,0.02284630388021469,0.027506396174430847,0.027506396174430847,0.91,1.0,671,671
672,t2_b0,1,34,0.010967918863943145,0.009523652493953705,1.0429523626953596e-06,1.0429523626953596e-06,0.92,1.0,671,671
673,t2_b0,30,34,0.09137976911579915,0.03943631798028946,0.0013490610290318727,0.0013490610290318727,0.92,1.0,672,672
673,t2_b0,31,23,-0.189965048702453,0.029378332197666168,0.024055762216448784,0.024055762216448784,0.9111111111111111,1.0,672,672
673,t2_b0,10,25,0.4543667479287222,0.021868214011192322,0.09352748095989227,0.09352748095989227,0.016666666666666666,1.0,672,672
673,t2_b0,26,15,-0.05345624778044953,0.02566756308078766,0.0031302885618060827,0.0031302885618060827,0.91,1.0,672,672
673,t2_b0,36,35,-0.1093940000858337,0.034790195524692535,0.01039454247802496,0.01039454247802496,0.925,1.0,672,672
673,t2_b0,11,21,0.04386127402379243,0.04506378993391991,7.230226515275717e-07,7.230226515275717e-07,0.92,1.0,672,672
673,t2_b0,29,12,-0.01651352097358489,0.020364902913570404,0.0006800090195611119,0.0006800090195611119,0.9166666666666667,1.0,672,672
674,t2_b0,6,15,-0.0030855432058136704,0.028762929141521454,0.0005071625928394496,0.0005071625928394496,0.9111111111111111,1.0,673,673
674,t2_b0,7,23,-0.24690834207261894,0.030410386621952057,0.03845283389091492,0.03845283389091492,0.9090909090909091,1.0,673,673
674,t2_b0,21,1,-0.1450230536541807,0.043327949941158295,0.01773804984986782,0.01773804984986782,0.925,1.0,673,673
674,t2_b0,14,12,0.2822699390268673,0.02167205512523651,0.03395562991499901,0.03395562991499901,0.92,1.0,673,673
674,t2_b0,2,3,-0.00353751242591854,0.03306632488965988,0.0006699204677715898,0.0006699204677715898,0.9333333333333333,1.0,673,673
674,t2_b0,17,34,-0.20467974178059034,0.03857186436653137,0.029585672542452812,0.029585672542452812,0.925,1.0,673,673
675,t2_b0,1,34,0.0,0.008211120963096619,3.371125421836041e-05,3.371125421836041e-05,0.925,1.0,674,674
675,t2_b0,18,0,0.22596261647513388,0.07979142665863037,0.010683007538318634,0.010683007538318634,0.925,1.0,674,674
675,t2_b0,22,23,0.0920616819340513,0.028572022914886475,0.002015468431636691,0.002015468431636691,0.9090909090909091,1.0,674,674
675,t2_b0,3,2,0.28741863860615513,0.024344108998775482,0.03460410237312317,0.03460410237312317,0.9166666666666667,1.0,674,674
675,t2_b0,12,6,0.01995504414111718,0.026599816977977753,2.207649959018454e-05,2.207649959018454e-05,0.9142857142857143,1.0,674,674
675,t2_b0,8,13,-0.03997621803394538,0.06611859798431396,0.005628054961562157,0.005628054961562157,0.925,1.0,674,674
675,t2_b0,32,7,0.17847470965162873,0.02930629998445511,0.01112560648471117,0.01112560648471117,0.9090909090909091,1.0,674,674
676,t2_b0,29,12,-0.01818296896849739,0.025966808199882507,0.0009746014839038253,0.0009746014839038253,0.9166666666666667,1.0,675,675
676,t2_b0,4,26,0.06935763124107036,0.027490749955177307,0.0008764179656282067,0.0008764179656282067,0.9111111111111111,1.0,675,675
676,t2_b0,13,0,-0.08272240963174984,0.08082739263772964,0.01337426993995905,0.01337426993995905,0.92,1.0,675,675
676,t2_b0,9,30,0.37064746815637306,0.0392259880900383,0.05492009222507477,0.05492009222507477,0.925,1.0,675,675
676,t2_b0,28,23,-0.045939018407111384,0.030492372810840607,0.002920879051089287,0.002920879051089287,0.9111111111111111,1.0,675,675
677,t2_b0,0,18,-0.07860942559777567,0.052978742867708206,0.008657723665237427,0.008657723665237427,0.9500000000000001,1.0,676,676
677,t2_b0,35,31,0.13433910033273883,0.033650122582912445,0.0050691342912614346,0.0050691342912614346,0.9333333333333333,1.0,676,676
677,t2_b0,30,9,0.23107933094582472,0.03788658231496811,0.01866171881556511,0.01866171881556511,0.92,1.0,676,676
677,t2_b0,5,29,-0.2654999246282119,0.02693069726228714,0.04275783151388168,0.04275783151388168,0.925,1.0,676,676
677,t2_b0,10,6,-0.1344966599521356,0.030431292951107025,0.013600615784525871,0.013600615784525871,0.9166666666666667,1.0,676,676
677,t2_b0,14,12,0.10691995779598831,0.02686304599046707,0.003204554785043001,0.003204554785043001,0.92,1.0,676,676
677,t2_b0,23,28,-0.09892535787675638,0.030656591057777405,0.008395741693675518,0.008395741693675518,0.91,1.0,676,676
677,t2_b0,37,3,0.7355153774483518,0.03692588210105896,0.24401360750198364,0.24401360750198364,1.0,1.0,676,676
678,t2_b0,24,39,0.7220764977019971,0.09988987445831299,0.19355808198451996,0.19355808198451996,1.0,1.0,1,1
678,t2_b0,16,26,-0.23461084794606651,0.031070619821548462,0.03529331460595131,0.03529331460595131,0.9111111111111111,1.0,677,677
678,t2_b0,21,1,-0.006372415114516124,0.04763332009315491,0.0014583097072318196,0.0014583097072318196,0.925,1.0,677,677
678,t2_b0,25,12,0.016464046042070503,0.032068945467472076,0.00012175645679235458,0.00012175645679235458,0.9166666666666667,1.0,677,677
678,t2_b0,20,4,0.06672285672321941,0.03049878031015396,0.0006560917827300727,0.0006560917827300727,0.9125,1.0,677,677
678,t2_b0,31,28,-0.1339044884376125,0.03292103856801987,0.013915379531681538,0.013915379531681538,0.9142857142857143,1.0,677,677
678,t2_b0,11,8,-0.14449462279733163,0.06973601132631302,0.02294738031923771,0.02294738031923771,0.9333333333333333,1.0,677,677
678,t2_b0,34,9,0.07059118199954895,0.03756862133741379,0.000545244722161442,0.000545244722161442,0.925,1.0,677,677
679,t2_b0,19,30,-0.061309283929818895,0.039475731551647186,0.005078809801489115,0.005078809801489115,0.925,1.0,678,678
679,t2_b0,12,38,-0.036198660674146954,0.02883876860141754,0.002114933682605624,0.002114933682605624,0.014285714285714287,1.0,678,678
679,t2_b0,2,3,0.09311277980120478,0.031115099787712097,0.0019218563102185726,0.0019218563102185726,0.9333333333333333,1.0,678,678
679,t2_b0,15,4,-0.016609795176240876,0.030722059309482574,0.001120152184739709,0.001120152184739709,0.9111111111111111,1.0,678,678
679,t2_b0,7,28,0.004331763561334043,0.031498245894908905,0.00036900886334478855,0.00036900886334478855,0.9111111111111111,1.0,678,678
679,t2_b0,39,24,0.0,0.15622541308403015,0.012203189544379711,0.012203189544379711,1.0,1.0,2,2
680,t2_b0,32,23,0.10389933112907203,0.03346610814332962,0.0024804193526506424,0.0024804193526506424,0.9142857142857143,1.0,679,679
680,t2_b0,38,12,0.04586899169577279,0.02801097184419632,0.00015945445920806378,0.00015945445920806378,0.92,1.0,679,679
680,t2_b0,3,2,0.09630473760824898,0.02333167940378189,0.002662533661350608,0.002662533661350608,0.9142857142857143,1.0,679,679
680,t2_b0,26,15,0.0,0.03282124549150467,0.0005386170814745128,0.0005386170814745128,0.9125,1.0,679,679
680,t2_b0,36,20,0.8899728457237257,0.0347677618265152,0.36568790674209595,0.36568790674209595,0.9500000000000001,1.0,679,679
680,t2_b0,17,30,-0.032141748192299015,0.03908315300941467,0.002536493120715022,0.002536493120715022,0.9500000000000001,1.0,679,679
680,t2_b0,8,0,0.12546105369775987,0.08093763887882233,0.000991167384199798,0.000991167384199798,0.92,1.0,679,679
681,t2_b0,29,12,-0.017398106996794005,0.032278962433338165,0.0012339056702330709,0.0012339056702330709,0.9166666666666667,1.0,680,680
681,t2_b0,19,30,0.24686539752236047,0.0401347354054451,0.021368782967329025,0.021368782967329025,0.92,1.0,680,680
681,t2_b0,9,17,0.0,0.04103567451238632,0.0008419632795266807,0.0008419632795266807,0.03333333333333333,1.0,680,680
681,t2_b0,6,20,0.09564052394807111,0.032873161137104034,0.001969871111214161,0.001969871111214161,1.0,1.0,680,680
681,t2_b0,13,0,-0.20949762934073726,0.08250956237316132,0.04263410344719887,0.04263410344719887,0.9500000000000001,1.0,680,680
681,t2_b0,37,3,-0.2770404709835521,0.03495892882347107,0.04867181554436684,0.04867181554436684,0.02,1.0,680,680
681,t2_b0,24,31,0.6846142178489386,0.043418221175670624,0.2055661678314209,0.2055661678314209,0.9500000000000001,1.0,680,680
681,t2_b0,22,26,-0.16981228142107752,0.035270050168037415,0.021029381081461906,0.021029381081461906,0.9166666666666667,1.0,680,680
681,t2_b0,23,28,-0.024164692850337136,0.03560172766447067,0.0017860124353319407,0.0017860124353319407,0.9125,1.0,680,680
682,t2_b0,5,14,-0.24519323923097897,0.03292975574731827,0.038676198571920395,0.038676198571920395,0.025,1.0,681,681
682,t2_b0,15,36,0.1786373574199227,0.030667729675769806,0.010947505943477154,0.010947505943477154,0.014285714285714287,1.0,681,681
682,t2_b0,35,23,-0.33534337665493924,0.03387002646923065,0.06815926730632782,0.06815926730632782,0.9166666666666667,1.0,681,681
682,t2_b0,0,34,-9.425295948264383e-05,0.04884076863527298,0.0011973181972280145,0.0011973181972280145,0.925,1.0,681,681
682,t2_b0,1,6,-0.0893433500308934,0.00615353137254715,0.004559827037155628,0.004559827037155628,1.0,1.0,681,681
682,t2_b0,30,19,0.0,0.0502072349190712,0.001260383171029389,0.001260383171029389,0.925,1.0,681,681
683,t2_b0,11,21,-0.006264539052292707,0.07867701351642609,0.0036075336392968893,0.0036075336392968893,0.025,1.0,682,682
683,t2_b0,1,6,0.0,0.000968538224697113,4.690331536494341e-07,4.690331536494341e-07,0.05,1.0,682,682
683,t2_b0,10,15,-0.1022399115669428,0.03717534989118576,0.009718308225274086,0.009718308225274086,0.9166666666666667,1.0,682,682
683,t2_b0,14,12,0.07496674890022742,0.033399537205696106,0.0008639166480861604,0.0008639166480861604,0.92,1.0,682,682
683,t2_b0,39,28,0.7246617764234603,0.037904202938079834,0.23581796884536743,0.23581796884536743,0.9166666666666667,1.0,682,682
683,t2_b0,4,26,0.0007152702910516851,0.03311372548341751,0.000524829956702888,0.000524829956702888,0.925,1.0,682,682
683,t2_b0,34,0,0.18793412665115328,0.07888390123844147,0.005945976357907057,0.005945976357907057,0.925,1.0,682,682
683,t2_b0,31,24,0.10761668701314407,0.060722772032022476,0.0010995195480063558,0.0010995195480063558,0.9500000000000001,1.0,682,682
684,t2_b0,28,35,0.09529385044510573,0.034229107201099396,0.001864451332949102,0.001864451332949102,0.9333333333333333,1.0,683,683
684,t2_b0,17,9,0.15641039308225876,0.048699382692575455,0.005800831597298384,0.005800831597298384,0.9500000000000001,1.0,683,683
684,t2_b0,12,15,-0.06363455011595102,0.038544222712516785,0.005220251157879829,0.005220251157879829,0.9142857142857143,1.0,683,683
684,t2_b0,32,23,0.04149334385840689,0.034220628440380096,2.6446203264640644e-05,2.6446203264640644e-05,0.9125,1.0,683,683
684,t2_b0,16,4,0.0782709404109938,0.03791538625955582,0.0008142854203470051,0.0008142854203470051,0.925,1.0,683,683
684,t2_b0,21,0,-0.10390954556320652,0.08214134722948074,0.017307467758655548,0.017307467758655548,0.9333333333333333,1.0,683,683
684,t2_b0,6,20,0.2625325228709403,0.033800967037677765,0.026159066706895828,0.026159066706895828,0.9500000000000001,1.0,683,683
684,t2_b0,36,22,-1.0,0.03235165774822235,0.5323516130447388,0.5323516130447388,0.92,1.0,683,683
684,t2_b0,33,24,0.9646872324720954,0.04827539622783661,0.41990530490875244,0.41990530490875244,1.0,1.0,683,683
685,t2_b0,28,35,-0.11287288313011942,0.03395674377679825,0.010779471136629581,0.010779471136629581,0.9500000000000001,1.0,684,684
685,t2_b0,2,3,0.0751048869531305,0.032689087092876434,0.0008995499229058623,0.0008995499229058623,0.92,1.0,684,684
685,t2_b0,20,6,-0.0017390157226128949,0.02876684069633484,0.00046530363033525646,0.00046530363033525646,0.9500000000000001,1.0,684,684
685,t2_b0,22,15,0.16395431557732346,0.03173495829105377,0.008740979246795177,0.008740979246795177,0.9142857142857143,1.0,684,684
685,t2_b0,38,29,0.07574691601928163,0.03736504167318344,0.0007365841302089393,0.0007365841302089393,0.925,1.0,684,684
685,t2_b0,26,32,-0.24886936064840803,0.034028634428977966,0.04001564159989357,0.04001564159989357,0.9142857142857143,1.0,684,684
685,t2_b0,33,13,-0.8987413282796541,0.06082523614168167,0.46038395166397095,0.46038395166397095,0.9500000000000001,1.0,684,684
685,t2_b0,8,11,0.024033753514034365,0.07765689492225647,0.0014377206098288298,0.0014377206098288298,1.0,1.0,684,684
686,t2_b0,34,30,0.0,0.07933615893125534,0.003147113136947155,0.003147113136947155,0.9500000000000001,1.0,685,685
686,t2_b0,29,12,0.0,0.0384257510304451,0.0007382691837847233,0.0007382691837847233,0.9166666666666667,1.0,685,685
686,t2_b0,3,2,0.11283294971904513,0.026715107262134552,0.003708141390234232,0.003708141390234232,0.9125,1.0,685,685
686,t2_b0,7,22,0.09477174342781507,0.03197968751192093,0.0019714210648089647,0.0019714210648089647,0.9142857142857143,1.0,685,685
686,t2_b0,19,0,-0.053783411899434315,0.07132090628147125,0.007825545966625214,0.007825545966625214,0.925,1.0,685,685
686,t2_b0,13,24,-0.05130239357818548,0.05810978636145592,0.005985512398183346,0.005985512398183346,0.9500000000000001,1.0,685,685
686,t2_b0,39,26,0.0816739134362815,0.038475729525089264,0.0009330415050499141,0.0009330415050499141,0.92,1.0,685,685
686,t2_b0,37,35,-0.3853291363834612,0.038498200476169586,0.08981479704380035,0.08981479704380035,0.9166666666666667,1.0,685,685
687,t2_b0,5,29,0.14981567357805445,0.04004751145839691,0.006024525035172701,0.006024525035172701,0.9333333333333333,1.0,686,686
687,t2_b0,23,3,0.03248343063663792,0.039729416370391846,2.6252140742144547e-05,2.6252140742144547e-05,0.9500000000000001,1.0,686,686
687,t2_b0,30,34,0.011216840370860253,0.08321067690849304,0.0025915561709553003,0.0025915561709553003,1.0,1.0,686,686
687,t2_b0,15,22,0.09243846854426356,0.03240014612674713,0.0018022999865934253,0.0018022999865934253,1.0,1.0,686,686
687,t2_b0,35,26,-0.4311864049528883,0.039141349494457245,0.11060409992933273,0.11060409992933273,0.9142857142857143,1.0,686,686
687,t2_b0,10,7,0.3926542088896608,0.03268977254629135,0.06478719413280487,0.06478719413280487,0.9125,1.0,686,686
687,t2_b0,0,6,-0.011179874291554771,0.038945458829402924,0.001256274525076151,0.001256274525076151,0.9333333333333333,1.0,686,686
687,t2_b0,9,17,-0.022270062773795504,0.06941676139831543,0.004203236661851406,0.004203236661851406,0.9500000000000001,1.0,686,686
687,t2_b0,24,13,-0.09305672078944631,0.04700097814202309,0.009808079339563847,0.009808079339563847,0.9500000000000001,1.0,686,686
687,t2_b0,14,12,0.2924789878187417,0.03818946331739426,0.03233157843351364,0.03233157843351364,0.92,1.0,686,686
688,t2_b0,16,10,-0.10352775032480356,0.033972904086112976,0.009453213773667812,0.009453213773667812,0.9166666666666667,1.0,687,687
688,t2_b0,1,7,-0.028422929371565424,0.0024440959095954895,0.00047638663090765476,0.00047638663090765476,0.925,1.0,687,687
688,t2_b0,28,23,0.9581460039074279,0.042950116097927094,0.4187917411327362,0.4187917411327362,0.9333333333333333,1.0,687,687
688,t2_b0,4,35,0.021587639474326997,0.03952784091234207,0.0001609254104550928,0.0001609254104550928,0.9142857142857143,1.0,687,687
688,t2_b0,6,0,0.12287458370343572,0.0696888118982315,0.0014143630396574736,0.0014143630396574736,0.9333333333333333,1.0,687,687
688,t2_b0,31,34,-0.18192740367137122,0.07579236477613449,0.03320973739027977,0.03320973739027977,0.9333333333333333,1.0,687,687
688,t2_b0,18,9,0.5461852527334263,0.08949524909257889,0.10428288578987122,0.10428288578987122,1.0,1.0,687,687
689,t2_b0,2,3,0.2779801175932789,0.039096981287002563,0.02853257581591606,0.02853257581591606,0.9125,1.0,688,688
689,t2_b0,11,24,0.010570939268415087,0.06946632266044617,0.001734333112835884,0.001734333112835884,0.9500000000000001,1.0,688,688
689,t2_b0,21,31,0.015060320455262155,0.06876629590988159,0.0014421659288927913,0.0014421659288927913,0.9333333333333333,1.0,688,688
689,t2_b0,26,4,0.09329952874004167,0.040309369564056396,0.0014039785601198673,0.0014039785601198673,0.925,1.0,688,688
689,t2_b0,7,10,-0.04028558261975243,0.02960687130689621,0.002442477270960808,0.002442477270960808,0.925,1.0,688,688
689,t2_b0,12,16,-0.027734403245333137,0.03718821704387665,0.0021074730902910233,0.0021074730902910233,0.9166666666666667,1.0,688,688
689,t2_b0,17,19,-0.0052046124306217275,0.07129497826099396,0.002926093526184559,0.002926093526184559,0.05,1.0,688,688
690,t2_b0,8,21,0.99034871348013,0.08130323886871338,0.4131818115711212,0.4131818115711212,1.0,1.0,689,689
690,t2_b0,13,39,-0.039008061668872565,0.0515391044318676,0.0040993946604430676,0.0040993946604430676,0.92,1.0,689,689
690,t2_b0,36,35,0.01448117541084641,0.053496211767196655,0.0007610865286551416,0.0007610865286551416,0.9500000000000001,1.0,689,689
690,t2_b0,23,28,0.12814826877196808,0.03772895038127899,0.004087826702743769,0.004087826702743769,1.0,1.0,689,689
690,t2_b0,33,24,0.008478217865769824,0.058615103363990784,0.00125685369130224,0.00125685369130224,0.03333333333333333,1.0,689,689
690,t2_b0,25,10,-0.004829002132226602,0.035820372402668,0.0008261857437901199,0.0008261857437901199,0.9166666666666667,1.0,689,689
690,t2_b0,3,2,0.043257379177030084,0.035646289587020874,2.8964333978365175e-05,2.8964333978365175e-05,0.92,1.0,689,689
691,t2_b0,29,25,0.04394896942040308,0.03246219456195831,6.597301398869604e-05,6.597301398869604e-05,0.016666666666666666,1.0,690,690
691,t2_b0,28,37,0.07334132246453913,0.0507471077144146,0.0002552493242546916,0.0002552493242546916,0.05,1.0,690,690
691,t2_b0,24,26,0.0337407671746435,0.05127021297812462,0.0001536407507956028,0.0001536407507956028,0.9333333333333333,1.0,690,690
691,t2_b0,14,12,0.0018840583242849516,0.03339311480522156,0.0004964102990925312,0.0004964102990925312,0.92,1.0,690,690
691,t2_b0,34,30,0.0,0.07296030223369598,0.0026616028044372797,0.0026616028044372797,0.9333333333333333,1.0,690,690
691,t2_b0,19,6,0.013232345563034452,0.06949733197689056,0.0015828743344172835,0.0015828743344172835,1.0,1.0,690,690
691,t2_b0,39,13,-0.5373690756292253,0.04922008141875267,0.17204341292381287,0.17204341292381287,0.92,1.0,690,690
691,t2_b0,32,5,0.9244697677232901,0.044543199241161346,0.38713538646698,0.38713538646698,1.0,1.0,690,690
692,t2_b0,4,13,-0.18225165576523053,0.0487651526927948,0.026684384793043137,0.026684384793043137,0.92,1.0,691,691
692,t2_b0,10,35,0.15054843499009335,0.03151173144578934,0.00708486745133996,0.00708486745133996,0.9166666666666667,1.0,691,691
692,t2_b0,18,19,-0.14222842527497095,0.07996447384357452,0.0246848426759243,0.0246848426759243,1.0,1.0,691,691
692,t2_b0,0,1,0.13112556183519872,0.043005190789699554,0.0038825992960482836,0.0038825992960482836,0.9333333333333333,1.0,691,691
692,t2_b0,30,34,-0.00930221906324515,0.07543592154979706,0.003590276464819908,0.003590276464819908,0.925,1.0,691,691
692,t2_b0,37,36,-0.0057127471914336725,0.049204133450984955,0.0015079318545758724,0.0015079318545758724,0.9333333333333333,1.0,691,691
692,t2_b0,25,12,0.3589958959399396,0.03358696401119232,0.05294548720121384,0.05294548720121384,0.92,1.0,691,691
692,t2_b0,38,29,0.06628315322842704,0.03640664368867874,0.0004463028453756124,0.0004463028453756124,0.92,1.0,691,691
693,t2_b0,5,29,0.0029856977403262667,0.04055337607860565,0.0007056652684696019,0.0007056652684696019,0.925,1.0,692,692
693,t2_b0,26,34,-0.08686400014714765,0.061158187687397,0.010955284349620342,0.010955284349620342,0.925,1.0,692,692
693,t2_b0,36,13,0.07280936200983078,0.04905864596366882,0.00028204821865074337,0.00028204821865074337,0.9142857142857143,1.0,692,692
693,t2_b0,35,10,-0.10928929715662117,0.044413499534130096,0.011812274344265461,0.011812274344265461,0.9166666666666667,1.0,692,692
693,t2_b0,31,30,-0.26007264384749695,0.0656166672706604,0.05303676426410675,0.05303676426410675,0.92,1.0,692,692
693,t2_b0,21,3,0.9897600369985314,0.05472330376505852,0.4371468424797058,0.4371468424797058,0.9333333333333333,1.0,692,692
693,t2_b0,6,7,0.0024260715252251686,0.06368566304445267,0.0018763686530292034,0.0018763686530292034,0.9500000000000001,1.0,692,692
693,t2_b0,1,0,-0.003703013906280007,0.04164503514766693,0.001028222730383277,0.001028222730383277,0.92,1.0,692,692
694,t2_b0,16,0,-0.03431486484645818,0.04375559091567993,0.003047497943043709,0.003047497943043709,0.9333333333333333,1.0,693,693
694,t2_b0,12,10,0.0,0.042509809136390686,0.0009035419207066298,0.0009035419207066298,0.9166666666666667,1.0,693,693
694,t2_b0,37,3,-0.016658974575496758,0.04908638074994087,0.0021612257696688175,0.0021612257696688175,0.9333333333333333,1.0,693,693
694,t2_b0,15,30,0.901608940373957,0.07804461568593979,0.33912912011146545,0.33912912011146545,1.0,1.0,693,693
694,t2_b0,32,14,0.07013604093953837,0.03891056776046753,0.00048751506255939603,0.00048751506255939603,0.9333333333333333,1.0,693,693
694,t2_b0,11,24,0.0,0.050131674855947495,0.0012565924553200603,0.0012565924553200603,0.9166666666666667,1.0,693,693
694,t2_b0,17,26,0.13109828011848293,0.06422354280948639,0.002236115513369441,0.002236115513369441,0.925,1.0,693,693
695,t2_b0,13,39,0.19029648335170998,0.04907812550663948,0.009971313178539276,0.009971313178539276,0.02,1.0,694,694
695,t2_b0,7,6,0.22374165736065507,0.057286541908979416,0.013853650540113449,0.013853650540113449,0.9333333333333333,1.0,694,694
695,t2_b0,18,19,-0.03423509842741564,0.0663798525929451,0.005061684176325798,0.005061684176325798,1.0,1.0,694,694
695,t2_b0,22,3,0.9283665169978381,0.053508367389440536,0.3826884329319,0.3826884329319,0.9166666666666667,1.0,694,694
695,t2_b0,2,0,-0.001466856009638235,0.04261869937181473,0.0009717680513858795,0.0009717680513858795,0.9166666666666667,1.0,694,694
695,t2_b0,33,24,-0.15867288678597688,0.05301690846681595,0.022406285628676414,0.022406285628676414,0.925,1.0,694,694
695,t2_b0,8,26,0.0810552347487218,0.06255581974983215,0.00017111410852521658,0.00017111410852521658,0.925,1.0,694,694
695,t2_b0,28,37,0.00017936629198864564,0.049260981380939484,0.00120450253598392,0.00120450253598392,0.925,1.0,694,694
695,t2_b0,38,25,0.1812117463190734,0.03873498737812042,0.010149812325835228,0.010149812325835228,0.02,1.0,694,694
696,t2_b0,3,37,-0.05316694707719452,0.01661844551563263,0.0024350006133317947,0.0024350006133317947,0.92,1.0,695,695
696,t2_b0,34,26,-0.026754377282891175,0.05741062015295029,0.003541873535141349,0.003541873535141349,0.9142857142857143,1.0,695,695
696,t2_b0,39,13,-0.07169936003362819,0.0483926460146904,0.007211044896394014,0.007211044896394014,0.92,1.0,695,695
696,t2_b0,4,24,0.06803402397187994,0.05569177865982056,7.61654955567792e-05,7.61654955567792e-05,0.9142857142857143,1.0,695,695
696,t2_b0,29,12,0.0,0.04328778386116028,0.0009369160979986191,0.0009369160979986191,0.9166666666666667,1.0,695,695
696,t2_b0,19,6,0.04637390745346206,0.06365348398685455,0.0001492918818257749,0.0001492918818257749,0.9333333333333333,1.0,695,695
696,t2_b0,14,25,0.018152073842090093,0.043522559106349945,0.0003218307683710009,0.0003218307683710009,0.016666666666666666,1.0,695,695
697,t2_b0,15,30,-0.24765844104054574,0.07910890877246857,0.053388454020023346,0.053388454020023346,1.0,1.0,696,696
697,t2_b0,25,12,0.0065966540301521555,0.046491313725709915,0.0007957919151522219,0.0007957919151522219,0.92,1.0,696,696
697,t2_b0,24,36,-0.0432389515812862,0.05698169022798538,0.005022088531404734,0.005022088531404734,0.9166666666666667,1.0,696,696
697,t2_b0,0,1,0.09181664696803744,0.042363785207271576,0.0012227928964421153,0.0012227928964421153,0.9500000000000001,1.0,696,696
697,t2_b0,5,29,-0.0013463266143197955,0.046376097947359085,0.0011387149570509791,0.0011387149570509791,0.925,1.0,696,696
698,t2_b0,36,4,-0.05066402147233541,0.05973522365093231,0.006093996576964855,0.006093996576964855,0.9125,1.0,697,697
698,t2_b0,21,3,-0.10927397055104411,0.051227718591690063,0.012880396097898483,0.012880396097898483,0.925,1.0,697,697
698,t2_b0,23,28,0.8463725446723114,0.055002786219120026,0.31313303112983704,0.31313303112983704,0.9500000000000001,1.0,697,697
698,t2_b0,6,7,0.004563870252499096,0.06132826209068298,0.0016110979486256838,0.0016110979486256838,0.9500000000000001,1.0,697,697
698,t2_b0,1,0,0.5084871435368089,0.04284626245498657,0.10841072350740433,0.10841072350740433,0.9333333333333333,1.0,697,697
698,t2_b0,26,31,-0.01734580061707797,0.06075311079621315,0.003049719613045454,0.003049719613045454,0.92,1.0,697,697
699,t2_b0,2,0,0.030578434527440766,0.050027791410684586,0.00018913873645942658,0.00018913873645942658,0.9500000000000001,1.0,698,698
699,t2_b0,32,38,-0.07355704809306318,0.04554092511534691,0.007092164363712072,0.007092164363712072,0.9333333333333333,1.0,698,698
699,t2_b0,10,1,-0.009676305620879844,0.05070219188928604,0.0018227816326543689,0.0018227816326543689,0.925,1.0,698,698
699,t2_b0,17,34,0.21706128039833678,0.06287478655576706,0.011886736378073692,0.011886736378073692,0.92,1.0,698,698
699,t2_b0,20,18,0.8272943213180394,0.06603603065013885,0.28975710272789,0.28975710272789,1.0,1.0,698,698
699,t2_b0,37,3,0.06635922389424628,0.051275644451379776,0.0001137571525759995,0.0001137571525759995,0.9333333333333333,1.0,698,698
699,t2_b0,11,24,-0.0015578103808283512,0.05197761207818985,0.0014330208068713546,0.0014330208068713546,0.925,1.0,698,698
699,t2_b0,12,25,0.006552956163806522,0.04449078440666199,0.0007196393562480807,0.0007196393562480807,0.925,1.0,698,698
699,t2_b0,7,6,0.3224787688295938,0.06220441684126854,0.0338713675737381,0.0338713675737381,0.9500000000000001,1.0,698,698
700,t2_b0,8,36,-0.04261141783079382,0.06417436897754669,0.005701602436602116,0.005701602436602116,0.9166666666666667,1.0,699,699
700,t2_b0,13,39,-0.023977947305819224,0.048282116651535034,0.0026107586454600096,0.0026107586454600096,0.9500000000000001,1.0,699,699
700,t2_b0,18,19,0.04229506358159079,0.0668359100818634,0.0003011265362147242,0.0003011265362147242,0.9500000000000001,1.0,699,699
700,t2_b0,3,37,-0.013106668729854946,0.01626497507095337,0.00043134670704603195,0.00043134670704603195,0.925,1.0,699,699
700,t2_b0,38,25,0.25062726869321733,0.04584886133670807,0.02096709981560707,0.02096709981560707,0.92,1.0,699,699
701,t2_b0,23,37,0.08830237767724222,0.05123017728328705,0.0006871741497889161,0.0006871741497889161,0.9333333333333333,1.0,700,700
701,t2_b0,39,11,-0.15045953209819274,0.048457998782396317,0.019784091040492058,0.019784091040492058,0.03333333333333333,1.0,700,700
701,t2_b0,19,6,0.1674977202463406,0.06563849747180939,0.005187651142477989,0.005187651142477989,0.9333333333333333,1.0,700,700
701,t2_b0,24,34,-0.09336719241018307,0.06016020476818085,0.01178533025085926,0.01178533025085926,0.02,1.0,700,700
701,t2_b0,35,15,0.8836544469915903,0.06785579025745392,0.33276376128196716,0.33276376128196716,1.0,1.0,700,700
701,t2_b0,4,33,-0.010791297715408439,0.056483250111341476,0.0022629324812442064,0.0022629324812442064,1.0,1.0,700,700
701,t2_b0,22,0,0.25913501078825396,0.053950175642967224,0.021050408482551575,0.021050408482551575,0.925,1.0,700,700
701,t2_b0,29,12,0.0,0.05040696635842323,0.0012704310938715935,0.0012704310938715935,0.9166666666666667,1.0,700,700
701,t2_b0,28,3,-0.2634027347071702,0.05121816322207451,0.04949314892292023,0.04949314892292023,0.925,1.0,700,700
702,t2_b0,0,1,0.03240538302879367,0.0492774099111557,0.00014233263209462166,0.00014233263209462166,0.9333333333333333,1.0,701,701
702,t2_b0,25,12,0.2064127764417784,0.051237452775239944,0.01203969120979309,0.01203969120979309,0.9142857142857143,1.0,701,701
702,t2_b0,20,18,0.021802107398077475,0.06790599226951599,0.0010627842275425792,0.0010627842275425792,1.0,1.0,701,701
702,t2_b0,34,26,0.07299622246809359,0.06496792286634445,3.222678788006306e-05,3.222678788006306e-05,0.9142857142857143,1.0,701,701
702,t2_b0,15,31,-0.24297895271764078,0.06753186881542206,0.048208482563495636,0.048208482563495636,0.9500000000000001,1.0,701,701
702,t2_b0,33,24,-0.09444384107504854,0.0593070350587368,0.011819667182862759,0.011819667182862759,0.9333333333333333,1.0,701,701
702,t2_b0,5,29,0.11137645855440476,0.05107790231704712,0.001817957847379148,0.001817957847379148,0.92,1.0,701,701
703,t2_b0,10,12,0.4248421326923586,0.052058663219213486,0.06948374956846237,0.06948374956846237,0.92,1.0,702,702
703,t2_b0,21,3,-0.01763605993961414,0.05134187266230583,0.0023789778351783752,0.0023789778351783752,0.925,1.0,702,702
703,t2_b0,4,20,0.9869829087681609,0.08382591605186462,0.40784627199172974,0.40784627199172974,0.9500000000000001,1.0,702,702
703,t2_b0,26,31,-0.018599174350456212,0.06616002321243286,0.0035920608788728714,0.0035920608788728714,0.9166666666666667,1.0,702,702
703,t2_b0,11,13,-0.0563056230839162,0.047687508165836334,0.005407285876572132,0.005407285876572132,0.925,1.0,702,702
703,t2_b0,6,7,0.05190341638233759,0.06576365977525711,9.605318336980417e-05,9.605318336980417e-05,0.9500000000000001,1.0,702,702
704,t2_b0,37,3,0.11179618151520158,0.05125502496957779,0.0018326155841350555,0.0018326155841350555,0.925,1.0,703,703
704,t2_b0,12,10,0.1118003145543598,0.05488463491201401,0.001619697199203074,0.001619697199203074,0.9166666666666667,1.0,703,703
704,t2_b0,7,6,-0.034313198212424394,0.06629490852355957,0.005060995928943157,0.005060995928943157,0.9500000000000001,1.0,703,703
704,t2_b0,1,0,0.08006298772239263,0.0504235178232193,0.00043924900819547474,0.00043924900819547474,0.925,1.0,703,703
704,t2_b0,17,26,0.025877593908796955,0.06739193201065063,0.0008617200655862689,0.0008617200655862689,0.9166666666666667,1.0,703,703
704,t2_b0,16,22,0.9108289571012256,0.07407159358263016,0.3500814437866211,0.3500814437866211,0.05,1.0,703,703
704,t2_b0,35,31,0.5373535601172506,0.06822852790355682,0.11003914475440979,0.11003914475440979,0.9166666666666667,1.0,703,703
704,t2_b0,32,14,-0.2563060367326963,0.050567496567964554,0.047085680067539215,0.047085680067539215,0.9333333333333333,1.0,703,703
705,t2_b0,38,29,-0.053218759259246455,0.05247517302632332,0.005585603881627321,0.005585603881627321,0.9166666666666667,1.0,704,704
705,t2_b0,33,34,-1.0,0.05688033625483513,0.5568803548812866,0.5568803548812866,0.9333333333333333,1.0,704,704
705,t2_b0,23,21,-0.05204345960030514,0.04997371509671211,0.005203752312809229,0.005203752312809229,0.9333333333333333,1.0,704,704
705,t2_b0,18,19,0.45156442133592933,0.0718018114566803,0.07210982590913773,0.07210982590913773,0.9333333333333333,1.0,704,704
705,t2_b0,31,36,0.015239258466315983,0.06890151649713516,0.0014398189960047603,0.0014398189960047603,0.9142857142857143,1.0,704,704
705,t2_b0,2,0,0.07029874790383948,0.05715667083859444,8.635707490611821e-05,8.635707490611821e-05,0.9500000000000001,1.0,704,704
705,t2_b0,13,11,-0.022378771640552367,0.04531988874077797,0.002291554119437933,0.002291554119437933,0.9500000000000001,1.0,704,704
705,t2_b0,3,37,0.05013145972923093,0.015425503253936768,0.0006022516754455864,0.0006022516754455864,0.925,1.0,704,704
705,t2_b0,22,12,-0.020565753435512382,0.060646187514066696,0.0032976896036416292,0.0032976896036416292,0.925,1.0,704,704
706,t2_b0,39,13,-0.15004324450490666,0.049377333372831345,0.01988428458571434,0.01988428458571434,0.9333333333333333,1.0,705,705
706,t2_b0,36,31,0.00902647870784757,0.06339636445045471,0.001478042220696807,0.001478042220696807,0.9166666666666667,1.0,705,705
706,t2_b0,34,26,0.3283872058823745,0.06120391562581062,0.0356934517621994,0.0356934517621994,0.9142857142857143,1.0,705,705
706,t2_b0,8,17,0.051682627288109434,0.0635082945227623,6.992318958509713e-05,6.992318958509713e-05,0.016666666666666666,1.0,705,705
706,t2_b0,28,3,-0.3499628815792151,0.05289379507303238,0.08114675432443619,0.08114675432443619,0.925,1.0,705,705
706,t2_b0,14,38,0.0680578476954177,0.055905964225530624,7.383416232187301e-05,7.383416232187301e-05,0.9166666666666667,1.0,705,705
706,t2_b0,29,12,-0.0009528307453051366,0.0560789480805397,0.0016263120342046022,0.0016263120342046022,0.9166666666666667,1.0,705,705
706,t2_b0,4,18,-0.02343328097195707,0.08534687757492065,0.0059165614657104015,0.0059165614657104015,0.9500000000000001,1.0,705,705
706,t2_b0,19,6,0.10256567770775507,0.07090871781110764,0.0005010815220884979,0.0005010815220884979,0.9333333333333333,1.0,705,705
707,t2_b0,24,8,0.017369984470026176,0.06032503768801689,0.0009225684334523976,0.0009225684334523976,0.92,1.0,706,706
707,t2_b0,25,12,-0.00537370660791033,0.057139988988637924,0.0019539808854460716,0.0019539808854460716,0.9166666666666667,1.0,706,706
707,t2_b0,20,18,0.1617537483491384,0.08683031797409058,0.0028067599050700665,0.0028067599050700665,0.9500000000000001,1.0,706,706
707,t2_b0,35,15,-0.06115388106480045,0.05534563586115837,0.006786068435758352,0.006786068435758352,1.0,1.0,706,706
707,t2_b0,5,29,-0.044744306475257636,0.05754205584526062,0.005231249611824751,0.005231249611824751,0.92,1.0,706,706
707,t2_b0,0,1,-0.001875081660006156,0.05562411993741989,0.0016530790599063039,0.0016530790599063039,0.9333333333333333,1.0,706,706
708,t2_b0,15,31,-0.05776184329098388,0.06856502592563629,0.007979239337146282,0.007979239337146282,0.9500000000000001,1.0,707,707
708,t2_b0,6,7,0.28073022977936957,0.0692933052778244,0.022352784872055054,0.022352784872055054,0.9500000000000001,1.0,707,707
708,t2_b0,1,0,0.14945788016245712,0.05489736050367355,0.004470846615731716,0.004470846615731716,0.925,1.0,707,707
708,t2_b0,21,3,0.10141715312250296,0.05139247700572014,0.001251234207302332,0.001251234207302332,0.925,1.0,707,707
708,t2_b0,11,13,0.11345178083187257,0.04799734055995941,0.002142141805961728,0.002142141805961728,0.925,1.0,707,707
708,t2_b0,36,8,0.24478566094176094,0.06605781614780426,0.015971822664141655,0.015971822664141655,0.9166666666666667,1.0,707,707
708,t2_b0,10,12,0.2504882402785586,0.058402325958013535,0.018448499962687492,0.018448499962687492,0.92,1.0,707,707
709,t2_b0,37,21,-0.013313388302544115,0.04979005083441734,0.0019910219125449657,0.0019910219125449657,0.025,1.0,708,708
709,t2_b0,12,25,0.2230924893359879,0.06120084598660469,0.013104453682899475,0.013104453682899475,0.016666666666666666,1.0,708,708
709,t2_b0,17,36,0.062433233941486206,0.06584794819355011,5.830132067785598e-06,5.830132067785598e-06,0.92,1.0,708,708
709,t2_b0,16,1,0.030239887723538247,0.06718726456165314,0.000682554324157536,0.000682554324157536,0.92,1.0,708,708
709,t2_b0,26,34,0.030281575653601046,0.0655788704752922,0.0006229495629668236,0.0006229495629668236,0.92,1.0,708,708
709,t2_b0,32,14,0.0020390334082319413,0.056312087923288345,0.0014727822272107005,0.0014727822272107005,0.9333333333333333,1.0,708,708
709,t2_b0,7,6,0.013614602495548123,0.0734456330537796,0.0017898761434480548,0.0017898761434480548,0.9500000000000001,1.0,708,708
709,t2_b0,2,0,0.006316414365469781,0.06274197995662689,0.001591922133229673,0.001591922133229673,0.9500000000000001,1.0,708,708
710,t2_b0,23,28,-0.16683248141082543,0.04999224841594696,0.02350648120045662,0.02350648120045662,0.9333333333333333,1.0,709,709
710,t2_b0,13,11,-0.03725686780188572,0.04478929936885834,0.0033657867461442947,0.0033657867461442947,0.9500000000000001,1.0,709,709
710,t2_b0,31,15,0.05727492412242804,0.0671607255935669,4.8864549171412364e-05,4.8864549171412364e-05,0.9166666666666667,1.0,709,709
710,t2_b0,8,36,-0.03862605583869009,0.06664806604385376,0.005541320890188217,0.005541320890188217,0.9166666666666667,1.0,709,709
710,t2_b0,38,29,0.23052384030593273,0.06028192862868309,0.014491153880953789,0.014491153880953789,0.9142857142857143,1.0,709,709
710,t2_b0,33,34,-0.4470011740778103,0.05644441395998001,0.12672871351242065,0.12672871351242065,0.9333333333333333,1.0,709,709
710,t2_b0,3,37,0.24801792575014628,0.014302127063274384,0.0273115374147892,0.0273115374147892,0.925,1.0,709,709
710,t2_b0,18,19,-0.03416250107157226,0.07839655131101608,0.006334770005196333,0.006334770005196333,0.9333333333333333,1.0,709,709
711,t2_b0,19,6,0.06293770623543664,0.0767204537987709,9.498206054558977e-05,9.498206054558977e-05,0.9333333333333333,1.0,710,710
711,t2_b0,34,17,0.27981431746290686,0.06040554866194725,0.024070098996162415,0.024070098996162415,0.9142857142857143,1.0,710,710
711,t2_b0,22,10,0.9303887525105268,0.06817424297332764,0.37170693278312683,0.37170693278312683,1.0,1.0,710,710
711,t2_b0,4,20,0.247970089692446,0.08662942051887512,0.013015405274927616,0.013015405274927616,0.9500000000000001,1.0,710,710
711,t2_b0,14,16,0.002377664135304856,0.06378298997879028,0.0018853071378543973,0.0018853071378543973,0.9142857142857143,1.0,710,710
711,t2_b0,29,12,0.16993643691986038,0.06382359564304352,0.005629966966807842,0.005629966966807842,0.9142857142857143,1.0,710,710
711,t2_b0,28,3,-0.1641908074409385,0.06126394495368004,0.025414925068616867,0.025414925068616867,0.925,1.0,710,710
711,t2_b0,39,11,-0.0732267754009744,0.05687890946865082,0.008463743142783642,0.008463743142783642,0.9333333333333333,1.0,710,710
712,t2_b0,20,18,0.08821713857487253,0.09081761538982391,3.381238002475584e-06,3.381238002475584e-06,0.9500000000000001,1.0,711,711
712,t2_b0,5,29,0.02275441491308182,0.0651165246963501,0.0008972741197794676,0.0008972741197794676,0.92,1.0,711,711
712,t2_b0,24,11,0.006752798175189883,0.059737563133239746,0.0014036927605047822,0.0014036927605047822,0.92,1.0,711,711
712,t2_b0,15,31,0.11455733525532756,0.06102580577135086,0.0014328121906146407,0.0014328121906146407,1.0,1.0,711,711
712,t2_b0,0,1,-0.0051990504899284236,0.06127768009901047,0.0022095779422670603,0.0022095779422670603,0.9333333333333333,1.0,711,711
712,t2_b0,10,12,0.04524209376845436,0.06496109068393707,0.00019441942276898772,0.00019441942276898772,0.92,1.0,711,711
713,t2_b0,1,0,0.0,0.06096247211098671,0.0018582114716991782,0.0018582114716991782,0.925,1.0,712,712
713,t2_b0,31,36,-0.0027093596510804783,0.06510099768638611,0.002299122279509902,0.002299122279509902,0.9166666666666667,1.0,712,712
713,t2_b0,25,12,0.06363858116461737,0.06884360313415527,1.3546117770601995e-05,1.3546117770601995e-05,0.9166666666666667,1.0,712,712
713,t2_b0,6,7,0.023592444470347845,0.07537874579429626,0.0013409105595201254,0.0013409105595201254,0.9500000000000001,1.0,712,712
713,t2_b0,26,17,0.026449807352556247,0.06538407504558563,0.0007579386001452804,0.0007579386001452804,0.92,1.0,712,712
713,t2_b0,11,13,0.10558292828974981,0.04913043975830078,0.0015934418188408017,0.0015934418188408017,0.925,1.0,712,712
713,t2_b0,21,3,-0.3264015718611689,0.05939335376024246,0.07441885769367218,0.07441885769367218,0.925,1.0,712,712
714,t2_b0,36,8,-0.06190190939586009,0.061644718050956726,0.007631884887814522,0.007631884887814522,0.9166666666666667,1.0,713,713
714,t2_b0,12,10,0.10273065627757513,0.066542848944664,0.0006547786178998649,0.0006547786178998649,0.9166666666666667,1.0,713,713
714,t2_b0,37,3,0.09636308687919906,0.05870415270328522,0.000709097774233669,0.000709097774233669,0.925,1.0,713,713
714,t2_b0,22,0,0.48187823677966196,0.07030334323644638,0.0846969485282898,0.0846969485282898,0.925,1.0,713,713
714,t2_b0,32,5,-0.0029550949595806017,0.06525347381830215,0.002326204441487789,0.002326204441487789,0.9333333333333333,1.0,713,713
714,t2_b0,7,6,-0.030928114476330093,0.07805672287940979,0.005938847083598375,0.005938847083598375,0.9500000000000001,1.0,713,713
715,t2_b0,38,29,0.0,0.06661868095397949,0.002219024347141385,0.002219024347141385,0.9166666666666667,1.0,714,714
715,t2_b0,2,0,0.12518553683425862,0.06718459725379944,0.0016820543678477407,0.0016820543678477407,0.9500000000000001,1.0,714,714
715,t2_b0,13,11,-0.0334922769434656,0.04888639599084854,0.0033931226935237646,0.0033931226935237646,0.9500000000000001,1.0,714,714
715,t2_b0,23,21,0.009948007508706821,0.057331692427396774,0.0011226068018004298,0.0011226068018004298,0.03333333333333333,1.0,714,714
715,t2_b0,18,4,0.1992841747951169,0.08342506736516953,0.006711666937917471,0.006711666937917471,0.03333333333333333,1.0,714,714
715,t2_b0,8,17,-0.06299366384567351,0.06115507334470749,0.007706454023718834,0.007706454023718834,0.9166666666666667,1.0,714,714
715,t2_b0,3,37,-0.012513479974522094,0.022526003420352936,0.0006138827302493155,0.0006138827302493155,0.925,1.0,714,714
715,t2_b0,16,19,0.9197492223177514,0.08369524776935577,0.3494931161403656,0.3494931161403656,1.0,1.0,714,714
715,t2_b0,33,34,-0.36065765185786636,0.056675542145967484,0.08708350360393524,0.08708350360393524,0.9333333333333333,1.0,714,714
716,t2_b0,28,3,0.028459305367206103,0.06635338068008423,0.0007179805543273687,0.0007179805543273687,0.925,1.0,715,715
716,t2_b0,39,13,-0.1650565135821183,0.06138547882437706,0.02563798800110817,0.02563798800110817,0.9333333333333333,1.0,715,715
716,t2_b0,19,7,0.23795454085043155,0.08252039551734924,0.012079887092113495,0.012079887092113495,0.925,1.0,715,715
716,t2_b0,24,11,0.12087420222892672,0.054581258445978165,0.00219737715087831,0.00219737715087831,0.92,1.0,715,715
716,t2_b0,17,8,0.02372304158420123,0.06149144843220711,0.0007132263272069395,0.0007132263272069395,0.92,1.0,715,715
716,t2_b0,4,20,0.229572094566314,0.0936182290315628,0.009241726249456406,0.009241726249456406,0.9500000000000001,1.0,715,715
716,t2_b0,14,29,0.37010235052962936,0.069754458963871,0.04510442912578583,0.04510442912578583,0.9166666666666667,1.0,715,715
717,t2_b0,34,33,-0.07329734347472466,0.060784962028265,0.008989032357931137,0.008989032357931137,0.9142857142857143,1.0,716,716
717,t2_b0,29,14,0.005879640304357722,0.07046973705291748,0.0020859402138739824,0.0020859402138739824,0.9166666666666667,1.0,716,716
717,t2_b0,25,12,0.2669662789403259,0.07053780555725098,0.0192920733243227,0.0192920733243227,0.9166666666666667,1.0,716,716
717,t2_b0,15,31,-0.07758505214352641,0.06096595525741577,0.009598189033567905,0.009598189033567905,1.0,1.0,716,716
717,t2_b0,20,4,0.40101235136386276,0.09850247949361801,0.04575611278414726,0.04575611278414726,0.9333333333333333,1.0,716,716
717,t2_b0,0,1,0.4546722021893285,0.06586436182260513,0.07558576762676239,0.07558576762676239,0.9500000000000001,1.0,716,716
718,t2_b0,36,8,0.09778251378621804,0.06333635747432709,0.0005932688945904374,0.0005932688945904374,0.9166666666666667,1.0,717,717
718,t2_b0,1,0,0.0,0.06829285621643066,0.002331957221031189,0.002331957221031189,0.9333333333333333,1.0,717,717
718,t2_b0,26,17,-0.055789371963699284,0.06350375711917877,0.007115425541996956,0.007115425541996956,0.92,1.0,717,717
718,t2_b0,5,38,-0.006196606348982724,0.07024067640304565,0.002921328879892826,0.002921328879892826,0.02,1.0,717,717
718,t2_b0,21,3,-0.11499119155332127,0.0640980526804924,0.01603647880256176,0.01603647880256176,0.925,1.0,717,717
718,t2_b0,6,7,-0.0009393238821678104,0.0814138874411583,0.003391025820747018,0.003391025820747018,0.9333333333333333,1.0,717,717
718,t2_b0,11,13,-0.03475865223986027,0.04953731968998909,0.0035529055166989565,0.0035529055166989565,0.925,1.0,717,717
718,t2_b0,31,15,0.07428526528562411,0.06308704614639282,6.270009180298075e-05,6.270009180298075e-05,0.9166666666666667,1.0,717,717
719,t2_b0,17,26,0.19449147903273215,0.058478258550167084,0.009249796159565449,0.009249796159565449,0.92,1.0,718,718
719,t2_b0,12,25,0.07824248188138848,0.0696188434958458,3.7183559470577165e-05,3.7183559470577165e-05,0.92,1.0,718,718
719,t2_b0,32,14,-0.04406744702386982,0.07031683623790741,0.006541881710290909,0.006541881710290909,0.03333333333333333,1.0,718,718
719,t2_b0,10,1,-0.020911240012473617,0.07403084635734558,0.004506999626755714,0.004506999626755714,0.925,1.0,718,718
719,t2_b0,2,0,0.22365377409972767,0.07442266494035721,0.011134961619973183,0.011134961619973183,0.9333333333333333,1.0,718,718
719,t2_b0,7,6,-0.02751015808484523,0.0826818197965622,0.006071135867387056,0.006071135867387056,0.9500000000000001,1.0,718,718
719,t2_b0,37,3,0.17368385784822682,0.06361069530248642,0.006058049853891134,0.006058049853891134,0.925,1.0,718,718
720,t2_b0,35,2,0.9546032425525152,0.0908619612455368,0.37302449345588684,0.37302449345588684,0.9500000000000001,1.0,719,719
720,t2_b0,8,26,0.012191448105911709,0.05979122221469879,0.0011328692780807614,0.0011328692780807614,0.9166666666666667,1.0,719,719
720,t2_b0,33,24,-0.08678940623649155,0.05496866628527641,0.010047675110399723,0.010047675110399723,0.03333333333333333,1.0,719,719
720,t2_b0,13,11,-0.014984632949608946,0.05165357515215874,0.002220325404778123,0.002220325404778123,0.9333333333333333,1.0,719,719
720,t2_b0,28,3,0.22839249121478347,0.06369318068027496,0.01356293261051178,0.01356293261051178,0.925,1.0,719,719
720,t2_b0,38,29,0.008569769664588956,0.07007615268230438,0.0018915175460278988,0.0018915175460278988,0.9166666666666667,1.0,719,719
720,t2_b0,23,21,-0.027145219872677373,0.06310581415891647,0.00407262472435832,0.00407262472435832,0.9333333333333333,1.0,719,719
720,t2_b0,18,19,0.19247793599176882,0.09120091795921326,0.005128517746925354,0.005128517746925354,0.925,1.0,719,719
721,t2_b0,4,18,-0.13256241915852135,0.10177261382341385,0.027456454932689667,0.027456454932689667,0.9500000000000001,1.0,720,720
721,t2_b0,19,6,0.060726207036122325,0.08677984029054642,0.0003393959195818752,0.0003393959195818752,0.925,1.0,720,720
721,t2_b0,34,26,0.33405777482009885,0.05716204643249512,0.03833562135696411,0.03833562135696411,0.9142857142857143,1.0,720,720
721,t2_b0,29,10,0.0009146508330319124,0.07481904327869415,0.002730929758399725,0.002730929758399725,0.9166666666666667,1.0,720,720
721,t2_b0,39,11,-0.03370239297461975,0.05873798951506615,0.004272612277418375,0.004272612277418375,0.92,1.0,720,720
721,t2_b0,22,13,-0.0684817804120795,0.059067219495773315,0.008134372532367706,0.008134372532367706,0.925,1.0,720,720
721,t2_b0,14,38,0.022129056836266335,0.07428231835365295,0.0013599812518805265,0.0013599812518805265,0.9166666666666667,1.0,720,720
721,t2_b0,24,8,-0.021481891217615207,0.05372261255979538,0.0028278587851673365,0.0028278587851673365,0.92,1.0,720,720
722,t2_b0,5,29,-0.06174644222867436,0.07563704252243042,0.009437112137675285,0.009437112137675285,0.92,1.0,721,721
722,t2_b0,25,12,0.12303142506163631,0.07571724057197571,0.0011193158570677042,0.0011193158570677042,0.9166666666666667,1.0,721,721
722,t2_b0,35,2,-0.1567987994661051,0.07976534962654114,0.02798129804432392,0.02798129804432392,0.9500000000000001,1.0,721,721
722,t2_b0,3,13,0.12923333039547424,0.023923300206661224,0.005545101128518581,0.005545101128518581,0.92,1.0,721,721
722,t2_b0,15,31,-0.0750606736501139,0.059554535895586014,0.009060627780854702,0.009060627780854702,1.0,1.0,721,721
722,t2_b0,20,19,-0.13433777379229794,0.09573891013860703,0.026467638090252876,0.026467638090252876,0.9333333333333333,1.0,721,721
722,t2_b0,10,1,0.03261769780475578,0.0780794620513916,0.0010333859827369452,0.0010333859827369452,0.025,1.0,721,721
723,t2_b0,6,7,0.2633112894563368,0.08688534051179886,0.015563060529530048,0.015563060529530048,0.9333333333333333,1.0,722,722
723,t2_b0,1,0,-0.04572720770925602,0.07403462380170822,0.007171448320150375,0.007171448320150375,0.925,1.0,722,722
723,t2_b0,11,24,-0.005251581354756596,0.05684865638613701,0.0019282198045402765,0.0019282198045402765,0.92,1.0,722,722
723,t2_b0,31,16,-0.026974057959495645,0.05871717631816864,0.003671493846923113,0.003671493846923113,0.016666666666666666,1.0,722,722
723,t2_b0,26,17,-0.033411548452881905,0.060746610164642334,0.004432879388332367,0.004432879388332367,0.9142857142857143,1.0,722,722
723,t2_b0,21,28,0.16858913230952627,0.06086718291044235,0.005802008789032698,0.005802008789032698,0.9333333333333333,1.0,722,722
724,t2_b0,17,26,0.36254725425259937,0.056742336601018906,0.046758320182561874,0.046758320182561874,0.9166666666666667,1.0,723,723
724,t2_b0,22,3,-0.07790982973771676,0.06656835228204727,0.010436970740556717,0.010436970740556717,0.9166666666666667,1.0,723,723
724,t2_b0,7,6,0.009720936030846578,0.09020240604877472,0.003238633507862687,0.003238633507862687,0.925,1.0,723,723
724,t2_b0,0,1,0.07263556827313496,0.07510283589363098,3.043703827643185e-06,3.043703827643185e-06,0.925,1.0,723,723
724,t2_b0,32,5,0.0,0.07515284419059753,0.0028239749372005463,0.0028239749372005463,0.9333333333333333,1.0,723,723
725,t2_b0,3,37,-0.009237741596197007,0.03252797573804855,0.0008721876656636596,0.0008721876656636596,0.92,1.0,724,724
725,t2_b0,2,35,0.031150825677938053,0.05277833342552185,0.00023387455439660698,0.00023387455439660698,1.0,1.0,724,724
725,t2_b0,12,0,-0.2212782479567681,0.08300453424453735,0.04629400745034218,0.04629400745034218,0.9166666666666667,1.0,724,724
725,t2_b0,38,5,0.15110120457675694,0.0762532576918602,0.0028011074755340815,0.0028011074755340815,0.02,1.0,724,724
725,t2_b0,33,34,-0.40371630243472156,0.05911438167095184,0.10710611194372177,0.10710611194372177,0.9333333333333333,1.0,724,724
725,t2_b0,16,31,-0.1207856876847244,0.06000010669231415,0.01634175330400467,0.01634175330400467,0.02,1.0,724,724
725,t2_b0,23,28,0.04447541499357823,0.0661170482635498,0.00023418017372023314,0.00023418017372023314,0.9500000000000001,1.0,724,724
725,t2_b0,18,7,-0.13818464182690843,0.0902629941701889,0.026094160974025726,0.026094160974025726,0.925,1.0,724,724
725,t2_b0,36,26,0.014750143100350206,0.0603255033493042,0.0010385565692558885,0.0010385565692558885,0.92,1.0,724,724
726,t2_b0,19,7,0.2962040555442076,0.09090588986873627,0.02107366919517517,0.02107366919517517,0.92,1.0,725,725
726,t2_b0,13,11,0.00440554403504219,0.0656660869717598,0.0018764270935207605,0.0018764270935207605,0.92,1.0,725,725
726,t2_b0,29,1,-0.6446330258120212,0.08220812678337097,0.2641490697860718,0.2641490697860718,0.9166666666666667,1.0,725,725
726,t2_b0,34,8,0.3744119734125461,0.05635908618569374,0.05057882145047188,0.05057882145047188,0.92,1.0,725,725
726,t2_b0,4,6,-0.23358121707408466,0.09096372127532959,0.052664708346128464,0.052664708346128464,0.9333333333333333,1.0,725,725
726,t2_b0,28,23,-0.016071856761247033,0.06702032685279846,0.0034521555062383413,0.0034521555062383413,0.9166666666666667,1.0,725,725
727,t2_b0,14,1,-0.6907240565308187,0.0807000994682312,0.2975476384162903,0.2975476384162903,0.9142857142857143,1.0,726,726
727,t2_b0,24,8,0.023447225694303388,0.06336608529090881,0.0007967577548697591,0.0007967577548697591,0.92,1.0,726,726
727,t2_b0,37,11,-0.025068942956580492,0.060245782136917114,0.0036393008194863796,0.0036393008194863796,0.92,1.0,726,726
727,t2_b0,20,18,0.21638353905067528,0.0927053689956665,0.007648143917322159,0.007648143917322159,0.92,1.0,726,726
727,t2_b0,0,10,-0.05480508372866704,0.049266066402196884,0.005415402818471193,0.005415402818471193,0.9333333333333333,1.0,726,726
727,t2_b0,15,36,0.1550506638338145,0.058230891823768616,0.00468703405931592,0.00468703405931592,0.025,1.0,726,726
727,t2_b0,39,13,-0.09546047735744159,0.061695363372564316,0.012348979711532593,0.012348979711532593,0.9166666666666667,1.0,726,726
727,t2_b0,35,2,0.0,0.09004475176334381,0.004054028540849686,0.004054028540849686,0.9333333333333333,1.0,726,726
728,t2_b0,25,12,0.0008801923338933457,0.07888291031122208,0.0030422122217714787,0.0030422122217714787,0.92,1.0,727,727
728,t2_b0,10,0,0.35643357658563724,0.0818929523229599,0.037686269730329514,0.037686269730329514,0.925,1.0,727,727
728,t2_b0,11,34,-0.04145667708632171,0.06044089049100876,0.0051915571093559265,0.0051915571093559265,0.9142857142857143,1.0,727,727
728,t2_b0,26,15,-0.01813917167049207,0.057285718619823456,0.002844457281753421,0.002844457281753421,0.9333333333333333,1.0,727,727
728,t2_b0,6,2,-0.01824280836551862,0.09162098914384842,0.006035026628524065,0.006035026628524065,0.92,1.0,727,727
728,t2_b0,5,14,-0.009489167360815325,0.07854479551315308,0.003874988993629813,0.003874988993629813,0.9333333333333333,1.0,727,727
728,t2_b0,21,22,0.08716610404298947,0.05736120790243149,0.00044416580931283534,0.00044416580931283534,0.925,1.0,727,727
729,t2_b0,32,14,-0.03447865829867519,0.07795540988445282,0.006320709828287363,0.006320709828287363,0.925,1.0,728,728
729,t2_b0,31,5,0.9987953834366091,0.0797882080078125,0.42228710651397705,0.42228710651397705,0.9500000000000001,1.0,728,728
729,t2_b0,37,8,0.23747151409956999,0.059646930545568466,0.01581079140305519,0.01581079140305519,0.9166666666666667,1.0,728,728
729,t2_b0,12,0,-0.0475930666957388,0.08253030478954315,0.008466046303510666,0.008466046303510666,0.92,1.0,728,728
729,t2_b0,22,11,-0.1893484261511844,0.057797811925411224,0.03054063394665718,0.03054063394665718,0.9166666666666667,1.0,728,728
729,t2_b0,2,7,0.18046804611928835,0.06738698482513428,0.006393664050847292,0.006393664050847292,0.925,1.0,728,728
729,t2_b0,17,15,0.05424125421846601,0.06182955577969551,2.879115527321119e-05,2.879115527321119e-05,0.9333333333333333,1.0,728,728
729,t2_b0,16,36,0.24310085736793713,0.05891067907214165,0.016963008791208267,0.016963008791208267,0.9500000000000001,1.0,728,728
730,t2_b0,3,12,0.24001717580609896,0.045639898627996445,0.018891261890530586,0.018891261890530586,0.925,1.0,729,729
730,t2_b0,13,34,0.04437440920383508,0.05837525427341461,9.801182022783905e-05,9.801182022783905e-05,0.9166666666666667,1.0,729,729
730,t2_b0,8,24,-0.044701811189321726,0.06259921938180923,0.005756755359470844,0.005756755359470844,0.016666666666666666,1.0,729,729
730,t2_b0,7,2,0.048222848055032505,0.09996572136878967,0.0013386624632403255,0.0013386624632403255,0.92,1.0,729,729
730,t2_b0,23,28,0.23696283062614876,0.06035301834344864,0.0155955133959651,0.0155955133959651,0.925,1.0,729,729
730,t2_b0,33,37,-0.1437066554095777,0.06112747639417648,0.02097851037979126,0.02097851037979126,0.925,1.0,729,729
730,t2_b0,38,14,0.012869627612801587,0.07816044241189957,0.0021314453333616257,0.0021314453333616257,0.92,1.0,729,729
730,t2_b0,36,26,-0.038585344279787444,0.057370949536561966,0.004603805486112833,0.004603805486112833,0.9500000000000001,1.0,729,729
731,t2_b0,39,21,0.09602581336096017,0.05503459274768829,0.0008401399245485663,0.0008401399245485663,0.016666666666666666,1.0,730,730
731,t2_b0,18,3,0.34498628617410587,0.09120865166187286,0.03220153972506523,0.03220153972506523,0.92,1.0,730,730
731,t2_b0,24,34,0.12228010948880523,0.058169759809970856,0.0020550682675093412,0.0020550682675093412,0.9166666666666667,1.0,730,730
731,t2_b0,28,13,-0.7870536638664435,0.05612192675471306,0.35547253489494324,0.35547253489494324,0.9166666666666667,1.0,730,730
731,t2_b0,4,16,0.240890504521941,0.08284725993871689,0.012488831765949726,0.012488831765949726,1.0,1.0,730,730
731,t2_b0,19,6,0.2241221883638855,0.09635467082262039,0.008162267506122589,0.008162267506122589,0.9500000000000001,1.0,730,730
731,t2_b0,14,29,-0.02857379582662043,0.07958446443080902,0.005849104840308428,0.005849104840308428,0.92,1.0,730,730
732,t2_b0,15,17,-0.02958422933888008,0.062377024441957474,0.004228435922414064,0.004228435922414064,0.925,1.0,731,731
732,t2_b0,5,14,-0.044445049136410925,0.07855679839849472,0.007564726751297712,0.007564726751297712,0.925,1.0,731,731
732,t2_b0,35,2,-0.19880773785410943,0.10046838968992233,0.0447830967605114,0.0447830967605114,0.9500000000000001,1.0,731,731
732,t2_b0,25,3,0.18815923902876994,0.08886659145355225,0.004929515067487955,0.004929515067487955,0.92,1.0,731,731
732,t2_b0,34,24,0.03778072817001506,0.05626455694437027,0.0001708259660517797,0.0001708259660517797,0.92,1.0,731,731
732,t2_b0,20,18,0.0012923135258561041,0.09529564529657364,0.004418313503265381,0.004418313503265381,0.9333333333333333,1.0,731,731
733,t2_b0,31,5,0.02401455046702536,0.07860780507326126,0.0014902116963639855,0.0014902116963639855,0.9333333333333333,1.0,732,732
733,t2_b0,16,15,0.21121962492683813,0.06609515100717545,0.010530555620789528,0.010530555620789528,0.9333333333333333,1.0,732,732
733,t2_b0,6,7,0.006402710398404136,0.09894099831581116,0.004281667526811361,0.004281667526811361,0.03333333333333333,1.0,732,732
733,t2_b0,11,28,-0.00571857643802317,0.05606210604310036,0.0019084264058619738,0.0019084264058619738,0.92,1.0,732,732
733,t2_b0,26,36,0.07922370724493284,0.05437639728188515,0.00030869440524838865,0.00030869440524838865,1.0,1.0,732,732
733,t2_b0,29,3,-0.0742362468386651,0.08889196068048477,0.013305404223501682,0.013305404223501682,0.92,1.0,732,732
733,t2_b0,21,22,-0.07010959727924823,0.05070697143673897,0.007298322394490242,0.007298322394490242,0.92,1.0,732,732
734,t2_b0,32,38,0.0,0.08174417912960052,0.0033410554751753807,0.0033410554751753807,0.9333333333333333,1.0,733,733
734,t2_b0,12,18,-0.25772933495029887,0.09041572362184525,0.06060248240828514,0.06060248240828514,0.925,1.0,733,733
734,t2_b0,36,26,0.05635068224144924,0.05246499925851822,7.549264864792349e-06,7.549264864792349e-06,1.0,1.0,733,733
734,t2_b0,17,15,0.09359336310059897,0.061419300734996796,0.0005175852566026151,0.0005175852566026151,0.925,1.0,733,733
734,t2_b0,2,7,-0.016887429189236042,0.07562030851840973,0.004278840497136116,0.004278840497136116,0.9500000000000001,1.0,733,733
734,t2_b0,22,34,-0.1774814471343404,0.05819939449429512,0.027772728353738785,0.027772728353738785,0.9125,1.0,733,733
734,t2_b0,10,13,0.09265353140261023,0.057922299951314926,0.000603129097726196,0.000603129097726196,0.9166666666666667,1.0,733,733
735,t2_b0,7,2,0.05762628729521368,0.10603810846805573,0.0011718521127477288,0.0011718521127477288,0.9500000000000001,1.0,734,734
735,t2_b0,3,18,0.0670547503309177,0.05339184030890465,9.333753405371681e-05,9.333753405371681e-05,0.92,1.0,734,734
735,t2_b0,8,17,0.09935713663091594,0.0645844116806984,0.0006045711925253272,0.0006045711925253272,0.925,1.0,734,734
735,t2_b0,23,13,0.06822710879287927,0.05768728256225586,5.5544005590491e-05,5.5544005590491e-05,0.925,1.0,734,734
735,t2_b0,38,5,0.2675209519692027,0.08129391074180603,0.01734025776386261,0.01734025776386261,0.925,1.0,734,734
735,t2_b0,37,16,0.01494572230675947,0.07101348042488098,0.0015717967180535197,0.0015717967180535197,0.9500000000000001,1.0,734,734
735,t2_b0,28,34,-0.1680733501786537,0.06218558922410011,0.026509590446949005,0.026509590446949005,0.9125,1.0,734,734
736,t2_b0,34,28,0.22740380055882367,0.058184847235679626,0.014317527413368225,0.014317527413368225,0.925,1.0,735,735
736,t2_b0,33,8,-0.12855719449864225,0.06526049971580505,0.01878264918923378,0.01878264918923378,0.9333333333333333,1.0,735,735
736,t2_b0,13,21,-0.058151932208362914,0.058480363339185715,0.006801546551287174,0.006801546551287174,0.02,1.0,735,735
736,t2_b0,29,3,-0.07060745227288773,0.09751659631729126,0.014132848009467125,0.014132848009467125,0.92,1.0,735,735
736,t2_b0,4,16,0.05113027645999245,0.0818406194448471,0.0004715625836979598,0.0004715625836979598,0.9500000000000001,1.0,735,735
736,t2_b0,39,10,0.19968911235488962,0.09391409903764725,0.005594175774604082,0.005594175774604082,0.9500000000000001,1.0,735,735
737,t2_b0,35,2,-0.11554657504406576,0.1029648706316948,0.023873627185821533,0.023873627185821533,0.9500000000000001,1.0,736,736
737,t2_b0,10,11,0.08158248970793858,0.06550027430057526,0.00012931878154631704,0.00012931878154631704,0.9166666666666667,1.0,736,736
737,t2_b0,20,3,-0.18845783409633246,0.09179329127073288,0.039270345121622086,0.039270345121622086,0.9166666666666667,1.0,736,736
737,t2_b0,5,14,0.0,0.08974243700504303,0.004026852548122406,0.004026852548122406,0.925,1.0,736,736
737,t2_b0,19,4,-0.040733857041474496,0.08246184885501862,0.007588591426610947,0.007588591426610947,0.9500000000000001,1.0,736,736
737,t2_b0,15,17,0.08283441785148699,0.06622545421123505,0.000137928785989061,0.000137928785989061,0.925,1.0,736,736
738,t2_b0,31,5,-0.5781584265944031,0.08417429029941559,0.21934230625629425,0.21934230625629425,0.9500000000000001,1.0,737,737
738,t2_b0,24,15,0.07907648798017164,0.06635509431362152,8.091697236523032e-05,8.091697236523032e-05,0.925,1.0,737,737
738,t2_b0,14,3,-0.22082852751947485,0.09106148034334183,0.04863768815994263,0.04863768815994263,0.9142857142857143,1.0,737,737
738,t2_b0,11,23,0.2500992527449844,0.06062588840723038,0.01795007660984993,0.01795007660984993,0.92,1.0,737,737
738,t2_b0,25,12,0.0,0.08734248578548431,0.003814355004578829,0.003814355004578829,1.0,1.0,737,737
738,t2_b0,6,37,0.9908241239764232,0.07016703486442566,0.42380470037460327,0.42380470037460327,1.0,1.0,736,736
739,t2_b0,2,35,-0.007689341097266406,0.0803031474351883,0.003871339140459895,0.003871339140459895,0.9500000000000001,1.0,738,738
739,t2_b0,32,31,-0.001224716244068386,0.08911681920289993,0.004080796614289284,0.004080796614289284,0.9333333333333333,1.0,738,738
739,t2_b0,18,29,0.10814022880367476,0.09088825434446335,0.00014881533570587635,0.00014881533570587635,0.9500000000000001,1.0,738,738
739,t2_b0,12,25,0.285457285785626,0.08494415134191513,0.02010275609791279,0.02010275609791279,1.0,1.0,738,738
739,t2_b0,37,6,0.003932972144582129,0.06458191573619843,0.0018391471821814775,0.0018391471821814775,1.0,1.0,737,738
739,t2_b0,17,15,0.1625300907275251,0.05917992442846298,0.005340628791600466,0.005340628791600466,0.9333333333333333,1.0,738,738
739,t2_b0,21,34,-0.10465114485878804,0.06592318415641785,0.01454780250787735,0.01454780250787735,0.9166666666666667,1.0,738,738
739,t2_b0,16,24,-0.19486832500126863,0.08004910498857498,0.03778979554772377,0.03778979554772377,0.925,1.0,738,738
740,t2_b0,13,2,0.9607437316173916,0.11639484018087387,0.3564625382423401,0.3564625382423401,1.0,1.0,739,739
740,t2_b0,23,34,-0.5993390486187951,0.06506545841693878,0.2207166701555252,0.2207166701555252,0.925,1.0,739,739
740,t2_b0,3,20,0.014406932113434849,0.05663114786148071,0.0008914421196095645,0.0008914421196095645,0.92,1.0,739,739
740,t2_b0,8,17,0.07043698159590536,0.06525054574012756,1.3449572179524694e-05,1.3449572179524694e-05,0.925,1.0,739,739
740,t2_b0,33,15,0.02016916830151316,0.06470425426959991,0.0009916869457811117,0.0009916869457811117,0.9333333333333333,1.0,739,739
740,t2_b0,18,29,0.5632691988100171,0.09378112107515335,0.11020953208208084,0.11020953208208084,0.9500000000000001,1.0,739,739
741,t2_b0,26,36,0.0,0.09988505393266678,0.004988512024283409,0.004988512024283409,1.0,1.0,1,1
741,t2_b0,38,5,0.0024523661968682805,0.09647539258003235,0.004420164972543716,0.004420164972543716,0.014285714285714287,1.0,740,740
741,t2_b0,34,23,0.0030356547873467577,0.062200624495744705,0.0017502468544989824,0.0017502468544989824,0.9333333333333333,1.0,740,740
741,t2_b0,14,29,0.0075735812749009425,0.09666763246059418,0.003968874923884869,0.003968874923884869,0.9166666666666667,1.0,740,740
741,t2_b0,4,24,0.001014075630859835,0.07929184287786484,0.00306370435282588,0.00306370435282588,0.925,1.0,740,740
741,t2_b0,22,8,-0.02181900721333556,0.06457863748073578,0.0037322768475860357,0.0037322768475860357,0.92,1.0,740,740
742,t2_b0,25,35,-0.005853180937785864,0.08968420326709747,0.004563696216791868,0.004563696216791868,0.9500000000000001,1.0,741,741
742,t2_b0,36,26,0.2969935469217265,0.044358909130096436,0.03191213309764862,0.03191213309764862,1.0,1.0,2,741
742,t2_b0,15,17,0.19117501048801505,0.0570516474545002,0.008994539268314838,0.008994539268314838,0.9500000000000001,1.0,741,741
742,t2_b0,10,8,-0.015882928624694873,0.06507743895053864,0.0032772901467978954,0.0032772901467978954,0.925,1.0,741,741
742,t2_b0,29,14,-0.001987814083552253,0.09762164950370789,0.004961022641509771,0.004961022641509771,0.925,1.0,741,741
742,t2_b0,19,24,-0.07689552663050625,0.08278010040521622,0.012748152948915958,0.012748152948915958,0.925,1.0,741,741
742,t2_b0,39,3,0.026769476274521344,0.09702402353286743,0.002467850921675563,0.002467850921675563,0.025,1.0,741,741
743,t2_b0,28,17,0.049904475332981806,0.0698050931096077,0.0001980172673938796,0.0001980172673938796,0.016666666666666666,1.0,742,742
743,t2_b0,26,34,0.842951594918796,0.07807530462741852,0.29251787066459656,0.29251787066459656,0.9500000000000001,1.0,742,742
743,t2_b0,21,10,-0.006709745640470313,0.07010678946971893,0.002950390102341771,0.002950390102341771,0.9142857142857143,1.0,742,742
743,t2_b0,16,4,-0.07368520166557763,0.08277179300785065,0.012239395640790462,0.012239395640790462,0.9333333333333333,1.0,742,742
743,t2_b0,31,5,0.08685251003394727,0.09506858885288239,3.375194864929654e-05,3.375194864929654e-05,0.9500000000000001,1.0,742,742
743,t2_b0,24,19,0.08710217008638846,0.0838564857840538,5.267224423732841e-06,5.267224423732841e-06,0.925,1.0,742,742
744,t2_b0,12,25,0.9683617341863043,0.09076070785522461,0.38509178161621094,0.38509178161621094,0.9500000000000001,1.0,743,743
744,t2_b0,5,14,0.03947420336492984,0.09426432847976685,0.001500978833064437,0.001500978833064437,0.9166666666666667,1.0,743,743
744,t2_b0,36,34,0.6890012913133369,0.07934710383415222,0.18583911657333374,0.18583911657333374,0.9500000000000001,1.0,743,743
744,t2_b0,18,8,0.977565845146003,0.07113490253686905,0.4108084738254547,0.4108084738254547,1.0,1.0,743,743
744,t2_b0,22,17,-0.34166428098647683,0.06512010097503662,0.08273676782846451,0.08273676782846451,0.9166666666666667,1.0,743,743
744,t2_b0,6,33,-0.48526740338659824,0.05919598415493965,0.14822019636631012,0.14822019636631012,1.0,1.0,743,743
744,t2_b0,32,38,0.007016591166888718,0.09554404765367508,0.003918555099517107,0.003918555099517107,0.9333333333333333,1.0,743,743
744,t2_b0,35,4,-0.18549205252370016,0.08481911569833755,0.03653406724333763,0.03653406724333763,0.9333333333333333,1.0,743,743
745,t2_b0,23,17,0.14638592709662007,0.0647287592291832,0.0033339462243020535,0.0033339462243020535,0.92,1.0,744,744
745,t2_b0,33,6,-0.01379692536681408,0.058921560645103455,0.0026439891662448645,0.0026439891662448645,1.0,1.0,744,744
745,t2_b0,13,25,-0.23953464421502157,0.08757670223712921,0.05350092053413391,0.05350092053413391,0.03333333333333333,1.0,744,744
745,t2_b0,28,10,0.2354791792366014,0.06718184798955917,0.014161993749439716,0.014161993749439716,0.9142857142857143,1.0,744,744
745,t2_b0,3,14,-0.06264401399118552,0.06028522551059723,0.007555798627436161,0.007555798627436161,0.925,1.0,744,744
746,t2_b0,24,35,-0.07235631447372155,0.08576758205890656,0.012501583434641361,0.012501583434641361,0.9500000000000001,1.0,745,745
746,t2_b0,14,3,-0.046056693389760935,0.0915733128786087,0.00947100855410099,0.00947100855410099,0.025,1.0,745,745
746,t2_b0,19,4,0.11315207639220765,0.08285985887050629,0.00045880931429564953,0.00045880931429564953,0.9333333333333333,1.0,745,745
746,t2_b0,29,22,0.0,0.08283332735300064,0.003430680138990283,0.003430680138990283,0.925,1.0,745,745
746,t2_b0,34,26,-0.002277634837565273,0.07548161596059799,0.0030232504941523075,0.0030232504941523075,0.9500000000000001,1.0,745,745
746,t2_b0,38,5,0.054697356628303134,0.0973856970667839,0.0009111471590586007,0.0009111471590586007,0.9333333333333333,1.0,745,745
746,t2_b0,8,18,0.0,0.06388092041015625,0.0020403859671205282,0.0020403859671205282,1.0,1.0,745,745
747,t2_b0,5,38,0.1136470694073575,0.09753779321908951,0.0001297543349210173,0.0001297543349210173,0.925,1.0,746,746
747,t2_b0,39,29,-0.11404739888428049,0.0903196707367897,0.020882949233055115,0.020882949233055115,0.92,1.0,746,746
747,t2_b0,4,35,0.12462987105662551,0.08449705690145493,0.0008053213241510093,0.0008053213241510093,0.9333333333333333,1.0,746,746
747,t2_b0,17,23,0.22969276060077165,0.06503435224294662,0.013556193560361862,0.013556193560361862,0.9142857142857143,1.0,746,746
747,t2_b0,25,13,-0.008422393844311805,0.08769262582063675,0.004619048908352852,0.004619048908352852,0.9500000000000001,1.0,746,746
747,t2_b0,10,22,0.013795412365644785,0.06877388805150986,0.001511316397227347,0.001511316397227347,0.9166666666666667,1.0,746,746
748,t2_b0,26,28,-0.5057471578667272,0.06868969649076462,0.16498884558677673,0.16498884558677673,0.92,1.0,747,747
748,t2_b0,7,5,0.9419704282992847,0.09419950842857361,0.3593577742576599,0.3593577742576599,1.0,1.0,747,747
748,t2_b0,16,19,0.03814419223627059,0.08563020825386047,0.0011274607386440039,0.0011274607386440039,0.9333333333333333,1.0,747,747
748,t2_b0,35,24,0.11679867413962289,0.08574613928794861,0.0004821300390176475,0.0004821300390176475,0.925,1.0,747,747
748,t2_b0,6,22,0.28805707762894306,0.07269281148910522,0.02319088578224182,0.02319088578224182,0.92,1.0,747,747
748,t2_b0,15,23,0.17552596797162298,0.07140028476715088,0.0054210782982409,0.0054210782982409,0.9125,1.0,747,747
748,t2_b0,31,32,0.007049298539840298,0.09542372822761536,0.003905019722878933,0.003905019722878933,1.0,1.0,747,747
749,t2_b0,7,5,-0.07274451970061556,0.09634415060281754,0.01429548766463995,0.01429548766463995,0.9500000000000001,1.0,748,748
749,t2_b0,20,31,0.9605646819329515,0.09715002775192261,0.3727424144744873,0.3727424144744873,1.0,1.0,748,748
749,t2_b0,12,25,-0.3089939507742463,0.08470938354730606,0.07750116288661957,0.07750116288661957,0.9500000000000001,1.0,748,748
749,t2_b0,21,23,0.03577285371550437,0.07285609841346741,0.0006875835824757814,0.0006875835824757814,0.9111111111111111,1.0,748,748
750,t2_b0,13,24,0.3080365676743565,0.08596078306436539,0.02465882897377014,0.02465882897377014,0.9500000000000001,1.0,749,749
750,t2_b0,0,5,-0.08511738779494699,0.05111291632056236,0.009279347956180573,0.009279347956180573,0.9500000000000001,1.0,749,749
750,t2_b0,28,23,-0.07445337502480333,0.07496930658817291,0.011163568124175072,0.011163568124175072,0.9125,1.0,749,749
750,t2_b0,32,3,-0.6211224300489337,0.09194827079772949,0.2542349100112915,0.2542349100112915,0.02,1.0,749,749
751,t2_b0,29,22,-0.08033493976532,0.07971468567848206,0.012807940132915974,0.012807940132915974,0.9166666666666667,1.0,750,750
751,t2_b0,36,15,-0.2571811276946071,0.07227892428636551,0.054271962493658066,0.054271962493658066,0.925,1.0,750,750
751,t2_b0,4,16,-0.007783366501023338,0.0845058262348175,0.004258647561073303,0.004258647561073303,0.9333333333333333,1.0,750,750
751,t2_b0,24,35,-0.025032457224387236,0.09158637374639511,0.006799975410103798,0.006799975410103798,0.9333333333333333,1.0,750,750
751,t2_b0,18,21,0.019803828762633292,0.06989181041717529,0.0012544029159471393,0.0012544029159471393,0.02,1.0,750,750
751,t2_b0,3,14,-0.027735988256507926,0.0563955195248127,0.0035390553530305624,0.0035390553530305624,0.92,1.0,750,750
752,t2_b0,10,22,0.05902875223714432,0.07270045578479767,9.345774014946073e-05,9.345774014946073e-05,0.9166666666666667,1.0,751,751
752,t2_b0,38,24,0.05711452958772246,0.0909126028418541,0.0005711548728868365,0.0005711548728868365,0.9333333333333333,1.0,751,751
752,t2_b0,19,16,-0.10402462918164038,0.0828978419303894,0.01747000403702259,0.01747000403702259,0.9333333333333333,1.0,751,751
752,t2_b0,39,29,-0.009233971667382285,0.08570851385593414,0.004507037810981274,0.004507037810981274,0.92,1.0,751,751
752,t2_b0,8,33,0.8264263412166608,0.06653515994548798,0.28871726989746094,0.28871726989746094,0.9500000000000001,1.0,751,751
752,t2_b0,15,36,0.2196489072882259,0.07119934260845184,0.01101863756775856,0.01101863756775856,0.9333333333333333,1.0,751,751
752,t2_b0,0,5,0.0,0.05051100254058838,0.0012756807263940573,0.0012756807263940573,0.9333333333333333,1.0,751,751
753,t2_b0,23,21,0.033928114671593505,0.07721438258886337,0.0009368504979647696,0.0009368504979647696,0.9142857142857143,1.0,752,752
753,t2_b0,31,3,-0.11802010955915238,0.08638449758291245,0.020890621468424797,0.020890621468424797,0.02,1.0,752,752
753,t2_b0,36,15,-0.24124769251081563,0.07581846415996552,0.05026547610759735,0.05026547610759735,0.9333333333333333,1.0,752,752
753,t2_b0,22,10,0.02532960594605924,0.07798392325639725,0.0013862386113032699,0.0013862386113032699,0.9125,1.0,752,752
753,t2_b0,16,33,-0.061130528388660114,0.0773259699344635,0.00958510022610426,0.00958510022610426,0.92,1.0,752,752
754,t2_b0,26,21,-0.42036139398013284,0.07489114999771118,0.1226375475525856,0.1226375475525856,0.9333333333333333,1.0,753,753
754,t2_b0,27,20,0.9865782277013565,0.10519228130578995,0.38842058181762695,0.38842058181762695,1.0,1.0,750,753
754,t2_b0,32,3,0.06848807722137708,0.08317197859287262,0.00010780848970171064,0.00010780848970171064,0.014285714285714287,1.0,753,753
754,t2_b0,33,19,-0.34215608769372835,0.07545416057109833,0.0871991515159607,0.0871991515159607,0.025,1.0,753,753
754,t2_b0,35,16,0.052189983636394446,0.08212544023990631,0.00044806578080169857,0.00044806578080169857,0.925,1.0,753,753
754,t2_b0,7,0,-0.023218798105362544,0.08629059791564941,0.005996153689920902,0.005996153689920902,0.925,1.0,753,753
754,t2_b0,12,38,-0.03215958775926136,0.09516437351703644,0.008105695247650146,0.008105695247650146,0.9500000000000001,1.0,753,753
754,t2_b0,22,10,0.08070063097269584,0.0777721181511879,4.288086529413704e-06,4.288086529413704e-06,0.9142857142857143,1.0,753,753
755,t2_b0,25,33,0.8519480276442044,0.055966153740882874,0.3167935907840729,0.3167935907840729,1.0,1.0,754,754
755,t2_b0,8,16,0.13242699933499566,0.07754325866699219,0.0015061120502650738,0.0015061120502650738,1.0,1.0,754,754
755,t2_b0,21,23,0.03675553588341865,0.07517494261264801,0.0007380254101008177,0.0007380254101008177,0.9142857142857143,1.0,754,754
755,t2_b0,14,10,-0.0010018004783253862,0.08280977606773376,0.003512189956381917,0.003512189956381917,0.9125,1.0,754,754
755,t2_b0,20,0,-0.06866046702529696,0.08642524480819702,0.012025789357721806,0.012025789357721806,0.9166666666666667,1.0,754,754
755,t2_b0,3,6,0.1532314409782151,0.0518430657684803,0.005139801651239395,0.005139801651239395,0.9142857142857143,1.0,754,754
755,t2_b0,13,24,-0.244450509844207,0.09467494487762451,0.05750303715467453,0.05750303715467453,0.9333333333333333,1.0,754,754
756,t2_b0,4,16,0.01998583322666498,0.07631683349609375,0.0015865908935666084,0.0015865908935666084,0.9333333333333333,1.0,755,755
756,t2_b0,28,18,0.04816297871071619,0.07442465424537659,0.0003448378120083362,0.0003448378120083362,1.0,1.0,755,755
756,t2_b0,38,13,0.04651652948649945,0.09333021938800812,0.0010957607300952077,0.0010957607300952077,0.9500000000000001,1.0,755,755
756,t2_b0,39,6,0.1249359152768803,0.086159348487854,0.0007518111378885806,0.0007518111378885806,0.9142857142857143,1.0,755,755
756,t2_b0,9,27,0.9907366853373136,0.12282411754131317,0.3766360878944397,0.3766360878944397,1.0,1.0,755,755
756,t2_b0,14,10,-0.01667353108051787,0.08439626544713974,0.005107551347464323,0.005107551347464323,0.9125,1.0,755,755
756,t2_b0,24,35,0.0,0.08880642056465149,0.0039432900957763195,0.0039432900957763195,0.9500000000000001,1.0,755,755
756,t2_b0,33,25,-0.0054084712478014,0.06085386872291565,0.0021953489631414413,0.0021953489631414413,1.0,1.0,755,755
756,t2_b0,23,22,0.04912371840790848,0.07497509568929672,0.0003341468400321901,0.0003341468400321901,0.9166666666666667,1.0,755,755
757,t2_b0,25,33,0.10993143809903705,0.03779776394367218,0.002601633546873927,0.002601633546873927,1.0,1.0,756,756
757,t2_b0,5,9,0.9611752385420272,0.17355775833129883,0.3101706802845001,0.3101706802845001,1.0,1.0,756,756
757,t2_b0,18,26,-0.16443843611229964,0.0693843811750412,0.02733655646443367,0.02733655646443367,0.016666666666666666,1.0,756,756
757,t2_b0,0,7,0.0,0.048284947872161865,0.0011657180730253458,0.0011657180730253458,0.9333333333333333,1.0,756,756
757,t2_b0,19,16,-0.14073548529607513,0.0773463323712349,0.023779843002557755,0.023779843002557755,0.9333333333333333,1.0,756,756
757,t2_b0,6,39,-0.008566021024441418,0.08121711015701294,0.004030505195260048,0.004030505195260048,0.9142857142857143,1.0,756,756
757,t2_b0,10,22,0.026713817176609988,0.07483817636966705,0.001157976919785142,0.001157976919785142,0.9125,1.0,756,756
758,t2_b0,26,23,0.0481824017696926,0.07810762524604797,0.0004477594920899719,0.0004477594920899719,0.9125,1.0,757,757
758,t2_b0,31,39,-0.05230679892434987,0.08229433745145798,0.00905873253941536,0.00905873253941536,0.9142857142857143,1.0,757,757
758,t2_b0,36,21,-0.09733951035206559,0.07312674820423126,0.014529372565448284,0.014529372565448284,0.9333333333333333,1.0,757,757
758,t2_b0,17,10,0.8434929260769807,0.08343292027711868,0.28884559869766235,0.28884559869766235,0.92,1.0,757,757
758,t2_b0,35,19,-0.035675804765478936,0.0778370276093483,0.006442581303417683,0.006442581303417683,0.925,1.0,757,757
759,t2_b0,37,21,0.9284834233940966,0.0766153559088707,0.36283960938453674,0.36283960938453674,0.9333333333333333,1.0,758,758
759,t2_b0,20,39,0.2078008935828053,0.08249054849147797,0.007851341739296913,0.007851341739296913,0.9142857142857143,1.0,758,758
759,t2_b0,29,6,-0.04229221869836269,0.07923584431409836,0.0073845344595611095,0.0073845344595611095,0.011111111111111112,1.0,758,758
759,t2_b0,16,19,0.1525510740733193,0.07239905744791031,0.0032121725380420685,0.0032121725380420685,0.92,1.0,758,758
759,t2_b0,34,24,0.38507137687681076,0.09007994830608368,0.04350997135043144,0.04350997135043144,0.9500000000000001,1.0,758,758
759,t2_b0,12,13,0.3789067610399098,0.09249089658260345,0.04101702570915222,0.04101702570915222,1.0,1.0,758,758
759,t2_b0,27,3,-0.5902942905152226,0.0842866599559784,0.22752971947193146,0.22752971947193146,0.9142857142857143,1.0,758,758
759,t2_b0,17,23,-0.1490285750500409,0.07782257348299026,0.025730717927217484,0.025730717927217484,0.9166666666666667,1.0,758,758
760,t2_b0,21,36,0.0,0.07389990985393524,0.0027305984403938055,0.0027305984403938055,0.9500000000000001,1.0,759,759
760,t2_b0,22,10,0.0050514513570067456,0.07380890846252441,0.002363794017583132,0.002363794017583132,0.9125,1.0,759,759
760,t2_b0,6,39,0.0024386952153845247,0.07860706001520157,0.002900809980928898,0.002900809980928898,0.9142857142857143,1.0,759,759
760,t2_b0,28,18,0.9579896386341621,0.08239515125751495,0.38333284854888916,0.38333284854888916,1.0,1.0,759,759
760,t2_b0,13,24,-0.4717700934215785,0.0878852978348732,0.15660710632801056,0.15660710632801056,0.9333333333333333,1.0,759,759
760,t2_b0,3,27,0.18150740536521995,0.049750566482543945,0.008679932914674282,0.008679932914674282,0.9111111111111111,1.0,759,759
760,t2_b0,8,16,-0.14953694771523107,0.07076605409383774,0.02426670491695404,0.02426670491695404,0.9500000000000001,1.0,759,759
761,t2_b0,18,36,-0.25050763726645536,0.07421033829450607,0.05272087827324867,0.05272087827324867,0.02,1.0,760,760
761,t2_b0,15,5,0.9656079247626621,0.0904381275177002,0.38296109437942505,0.38296109437942505,0.9500000000000001,1.0,760,760
761,t2_b0,24,35,-0.05998614463402134,0.07840186357498169,0.009575620293617249,0.009575620293617249,0.9333333333333333,1.0,760,760
761,t2_b0,4,19,0.25950442477875674,0.07370275259017944,0.01726113259792328,0.01726113259792328,0.925,1.0,760,760
761,t2_b0,23,26,0.2323976739159332,0.07683708518743515,0.012099547311663628,0.012099547311663628,1.0,1.0,760,760
761,t2_b0,29,10,0.02782494668409091,0.07717795670032501,0.001217859797179699,0.001217859797179699,0.9125,1.0,760,760
761,t2_b0,34,12,0.13768875103592415,0.08381769061088562,0.0014510458568111062,0.0014510458568111062,0.03333333333333333,1.0,760,760
761,t2_b0,9,27,0.1349044518117043,0.09461823850870132,0.0008114897646009922,0.0008114897646009922,0.92,1.0,760,760
761,t2_b0,39,6,-0.031004017780816365,0.08605098724365234,0.006850937381386757,0.006850937381386757,0.9125,1.0,760,760
762,t2_b0,7,3,-0.9889982720356788,0.08599378913640976,0.5749920606613159,0.5749920606613159,0.925,1.0,761,761
762,t2_b0,5,27,0.1893773451235956,0.10316437482833862,0.0037163374945521355,0.0037163374945521355,0.925,1.0,761,761
762,t2_b0,10,22,-0.009527930650280727,0.0733623132109642,0.003435396123677492,0.003435396123677492,0.9125,1.0,761,761
762,t2_b0,2,12,0.006501830578265514,0.08350759744644165,0.002964944113045931,0.002964944113045931,1.0,1.0,761,761
762,t2_b0,25,4,-0.08007946881774763,0.07689768821001053,0.012320912443101406,0.012320912443101406,0.9333333333333333,1.0,761,761
762,t2_b0,35,19,0.09279710987566114,0.07463575899600983,0.00016491729184053838,0.00016491729184053838,0.925,1.0,761,761
762,t2_b0,20,39,0.09191567750190707,0.08462607115507126,2.6569157853373326e-05,2.6569157853373326e-05,0.9125,1.0,761,761
763,t2_b0,38,26,0.9409183476800445,0.08031879365444183,0.3703157603740692,0.3703157603740692,0.9500000000000001,1.0,762,762
763,t2_b0,36,18,-0.04643390700857896,0.07610781490802765,0.0075082373805344105,0.0075082373805344105,0.014285714285714287,1.0,762,762
763,t2_b0,31,39,-0.08879403097115236,0.0841052308678627,0.014947077259421349,0.014947077259421349,0.9142857142857143,1.0,762,762
763,t2_b0,15,27,-0.00017182724979240615,0.10691208392381668,0.0057334816083312035,0.0057334816083312035,0.9333333333333333,1.0,762,762
763,t2_b0,14,6,0.0737604849107667,0.08269432932138443,3.990676850662567e-05,3.990676850662567e-05,0.9125,1.0,762,762
763,t2_b0,16,19,0.02809421055779054,0.07411567121744156,0.0010589874582365155,0.0010589874582365155,0.92,1.0,762,762
763,t2_b0,0,7,0.0,0.0473250113427639,0.0011198283173143864,0.0011198283173143864,0.9333333333333333,1.0,762,762
764,t2_b0,26,36,0.0,0.0771956816315651,0.002979586599394679,0.002979586599394679,0.925,1.0,763,763
764,t2_b0,7,3,-0.09998875844619491,0.08166777342557907,0.01649954915046692,0.01649954915046692,0.925,1.0,763,763
764,t2_b0,37,22,-0.4326261405325484,0.07715120911598206,0.12993645668029785,0.12993645668029785,0.92,1.0,763,763
764,t2_b0,32,6,-0.13240037362775228,0.08129844814538956,0.02283359505236149,0.02283359505236149,0.9142857142857143,1.0,763,763
764,t2_b0,12,2,-0.05373019616063088,0.11071179062128067,0.013520583510398865,0.013520583510398865,0.9333333333333333,1.0,763,763
764,t2_b0,19,4,0.25070953282340996,0.07360658794641495,0.015682727098464966,0.015682727098464966,0.9333333333333333,1.0,763,763
765,t2_b0,2,13,-0.017589672123237515,0.08355064690113068,0.0051146820187568665,0.0051146820187568665,0.9333333333333333,1.0,764,764
765,t2_b0,6,39,-0.021424019578045884,0.07867076992988586,0.005009483080357313,0.005009483080357313,0.9142857142857143,1.0,764,764
765,t2_b0,17,22,0.03743463261058931,0.07685574889183044,0.0007770121446810663,0.0007770121446810663,0.9166666666666667,1.0,764,764
765,t2_b0,23,16,0.03743044978764773,0.07384498417377472,0.0006630091229453683,0.0006630091229453683,0.92,1.0,764,764
765,t2_b0,28,18,0.06028500097320923,0.07827316224575043,0.00016178695659618825,0.00016178695659618825,0.9333333333333333,1.0,764,764
765,t2_b0,3,7,0.0474516680113444,0.04734663665294647,5.515738088490707e-09,5.515738088490707e-09,0.9111111111111111,1.0,764,764
765,t2_b0,38,25,0.05244325035618973,0.0723053514957428,0.00019725151651073247,0.00019725151651073247,0.03333333333333333,1.0,764,764
766,t2_b0,8,16,-0.08552640640988542,0.07308618724346161,0.012578977271914482,0.012578977271914482,0.9333333333333333,1.0,765,765
766,t2_b0,22,18,0.030302572513382375,0.07707802206277847,0.0010939713101834059,0.0010939713101834059,0.9166666666666667,1.0,765,765
766,t2_b0,24,13,-0.05304316998237462,0.08873409777879715,0.010050398297607899,0.010050398297607899,0.9500000000000001,1.0,765,765
766,t2_b0,27,7,-0.03645856826998469,0.08399081975221634,0.007254027295857668,0.007254027295857668,0.9125,1.0,765,765
766,t2_b0,34,2,-0.4014903756282986,0.10907518863677979,0.1303386092185974,0.1303386092185974,0.9333333333333333,1.0,765,765
766,t2_b0,14,29,0.09531732333393862,0.07830415666103363,0.00014472397742792964,0.00014472397742792964,0.9166666666666667,1.0,765,765
766,t2_b0,4,19,0.10104069081067901,0.07341475784778595,0.00038159609539434314,0.00038159609539434314,0.92,1.0,765,765
766,t2_b0,9,20,-0.10872511580681284,0.08951620757579803,0.01964981108903885,0.01964981108903885,0.92,1.0,765,765
767,t2_b0,35,19,-0.012581909766543898,0.07572799921035767,0.0038993197958916426,0.0038993197958916426,0.9500000000000001,1.0,766,766
767,t2_b0,13,2,-0.13061906091372835,0.1046474426984787,0.027675164863467216,0.027675164863467216,0.9333333333333333,1.0,766,766
767,t2_b0,39,6,0.08608097841586382,0.08037806302309036,1.626160701562185e-05,1.626160701562185e-05,0.9125,1.0,766,766
767,t2_b0,18,22,-0.0432463579183306,0.07548470795154572,0.007048533298075199,0.007048533298075199,0.92,1.0,766,766
767,t2_b0,25,36,0.18529080455306784,0.07760759443044662,0.005797835998237133,0.005797835998237133,0.9500000000000001,1.0,766,766
767,t2_b0,5,27,-0.09430452655178845,0.08982586115598679,0.016951998695731163,0.016951998695731163,0.925,1.0,766,766
767,t2_b0,20,31,0.005504320457222605,0.08346094936132431,0.0030386182479560375,0.0030386182479560375,0.0125,1.0,766,766
768,t2_b0,34,37,0.982904351125519,0.08160553872585297,0.4061697721481323,0.4061697721481323,1.0,1.0,767,767
768,t2_b0,26,36,0.03139755582055587,0.07491407543420792,0.0009468437638133764,0.0009468437638133764,0.92,1.0,767,767
768,t2_b0,0,3,-0.0027353827364480603,0.08154204487800598,0.003551342524588108,0.003551342524588108,0.925,1.0,767,767
768,t2_b0,15,27,-0.2025256658124948,0.09325184673070908,0.043742164969444275,0.043742164969444275,0.9333333333333333,1.0,767,767
768,t2_b0,31,6,0.0012631837290768852,0.08078829199075699,0.0031621211674064398,0.0031621211674064398,0.9142857142857143,1.0,767,767
768,t2_b0,16,23,0.06393468769444795,0.07455384731292725,5.6383236369583756e-05,5.6383236369583756e-05,0.92,1.0,767,767
768,t2_b0,10,22,0.02672876783159369,0.07625985145568848,0.0012266641715541482,0.0012266641715541482,0.9166666666666667,1.0,767,767
769,t2_b0,12,2,-0.12732647550384488,0.10563274472951889,0.02713499777019024,0.02713499777019024,0.9333333333333333,1.0,768,768
769,t2_b0,37,34,0.09104373400568909,0.07704325765371323,9.800665429793298e-05,9.800665429793298e-05,0.016666666666666666,1.0,768,768
769,t2_b0,19,23,-0.05719764388045533,0.07376372069120407,0.008575438521802425,0.008575438521802425,0.925,1.0,768,768
769,t2_b0,32,6,-0.1415274614685454,0.07797323912382126,0.024090277031064034,0.024090277031064034,0.9166666666666667,1.0,768,768
769,t2_b0,36,26,0.0,0.07249338179826736,0.0026276451535522938,0.0026276451535522938,0.9333333333333333,1.0,768,768
769,t2_b0,22,18,-0.02480396775955959,0.07782040536403656,0.0052658808417618275,0.0052658808417618275,0.9125,1.0,768,768
769,t2_b0,7,39,-0.2316219086739692,0.08035634458065033,0.04866521432995796,0.04866521432995796,0.92,1.0,768,768
770,t2_b0,27,5,-0.13074364457115256,0.07849180698394775,0.021889735013246536,0.021889735013246536,0.011111111111111112,1.0,769,769
770,t2_b0,13,35,-0.5301114500120603,0.09586508572101593,0.19592328369617462,0.19592328369617462,0.9333333333333333,1.0,769,769
770,t2_b0,17,31,-0.029059906740029805,0.07526969909667969,0.005442333407700062,0.005442333407700062,0.9142857142857143,1.0,769,769
770,t2_b0,2,24,0.1719476040100624,0.07827766239643097,0.004387028515338898,0.004387028515338898,0.9500000000000001,1.0,769,769
770,t2_b0,23,19,-0.14086965275311328,0.07115449756383896,0.02247712016105652,0.02247712016105652,0.9166666666666667,1.0,769,769
770,t2_b0,29,18,-0.22982267172217297,0.07390080392360687,0.046123966574668884,0.046123966574668884,0.9111111111111111,1.0,769,769
770,t2_b0,8,4,-0.30613040015536475,0.07191083580255508,0.07145758718252182,0.07145758718252182,0.014285714285714287,1.0,769,769
770,t2_b0,6,39,0.010773158566629526,0.07771046459674835,0.0022403013426810503,0.0022403013426810503,0.9125,1.0,769,769
770,t2_b0,28,38,-0.3520857817856595,0.07596646249294281,0.09161436557769775,0.09161436557769775,0.014285714285714287,1.0,769,769
770,t2_b0,3,0,0.029613127053684043,0.07421039044857025,0.0009944578632712364,0.0009944578632712364,0.9166666666666667,1.0,769,769
771,t2_b0,19,23,0.2896300803710364,0.06995879113674164,0.024127738550305367,0.024127738550305367,0.92,1.0,770,770
771,t2_b0,39,6,0.10789062297299265,0.0790083259344101,0.00041709348442964256,0.00041709348442964256,0.9111111111111111,1.0,770,770
771,t2_b0,4,8,0.18730957549188743,0.07014156877994537,0.0068641710095107555,0.0068641710095107555,0.016666666666666666,1.0,770,770
771,t2_b0,38,28,0.11243639853785131,0.06745903193950653,0.0010114817414432764,0.0010114817414432764,0.92,1.0,770,770
771,t2_b0,25,34,0.9324121722206428,0.08204105496406555,0.3615655303001404,0.3615655303001404,0.9500000000000001,1.0,770,770
771,t2_b0,18,29,-0.6521986308641545,0.0701000988483429,0.2608577311038971,0.2608577311038971,0.91,1.0,770,770
771,t2_b0,24,2,-0.03599913772751406,0.1048981174826622,0.009926019236445427,0.009926019236445427,0.9333333333333333,1.0,770,770
772,t2_b0,5,9,0.2536283110819263,0.07281883805990219,0.016346031799912453,0.016346031799912453,0.02,1.0,771,771
772,t2_b0,20,39,-0.027701595371082157,0.07833655178546906,0.005622044205665588,0.005622044205665588,0.9111111111111111,1.0,771,771
772,t2_b0,10,22,0.14408950691010194,0.0688614547252655,0.002829629695042968,0.002829629695042968,0.9111111111111111,1.0,771,771
772,t2_b0,14,18,-0.04195247306401923,0.06925027072429657,0.006183025427162647,0.006183025427162647,0.9125,1.0,771,771
772,t2_b0,25,34,-1.0,0.08166304230690002,0.5816630125045776,0.5816630125045776,0.9500000000000001,1.0,771,771
772,t2_b0,33,19,0.7620172362863196,0.07732811570167542,0.23439963161945343,0.23439963161945343,1.0,1.0,771,771
772,t2_b0,35,23,0.05878333398748676,0.0736965537071228,0.00011120206181658432,0.00011120206181658432,0.025,1.0,771,771
773,t2_b0,0,7,0.0,0.04759177193045616,0.0011324883671477437,0.0011324883671477437,0.925,1.0,772,772
773,t2_b0,26,36,0.2621000404969221,0.07038316130638123,0.018377680331468582,0.018377680331468582,0.92,1.0,772,772
773,t2_b0,9,39,-0.006344883141503044,0.07953886687755585,0.0036880094558000565,0.0036880094558000565,0.9166666666666667,1.0,772,772
773,t2_b0,31,18,-0.049916013160090554,0.06725193560123444,0.006864164024591446,0.006864164024591446,0.9142857142857143,1.0,772,772
773,t2_b0,29,37,0.09650934565781417,0.06743073463439941,0.00042278278851881623,0.00042278278851881623,0.01,1.0,772,772
774,t2_b0,12,2,0.004587121623576659,0.10388617217540741,0.00493015069514513,0.00493015069514513,0.9333333333333333,1.0,773,773
774,t2_b0,32,29,-0.11249770572654358,0.05968191474676132,0.01482290867716074,0.01482290867716074,0.9166666666666667,1.0,773,773
774,t2_b0,36,26,0.09922738619394872,0.06996713578701019,0.00042808105354197323,0.00042808105354197323,0.9333333333333333,1.0,773,773
774,t2_b0,15,39,-0.6394549446406145,0.08124039322137833,0.2597009241580963,0.2597009241580963,0.925,1.0,773,773
774,t2_b0,17,31,0.009624796984858602,0.07195097208023071,0.0019422760233283043,0.0019422760233283043,0.9111111111111111,1.0,773,773
774,t2_b0,37,28,0.08979779487782588,0.06125412881374359,0.0004073704476468265,0.0004073704476468265,0.014285714285714287,1.0,773,773
774,t2_b0,6,7,0.010556022885719121,0.07287147641181946,0.0019416077993810177,0.0019416077993810177,0.9166666666666667,1.0,773,773
775,t2_b0,27,39,-0.0906019759550601,0.07418283075094223,0.013577016070485115,0.013577016070485115,0.9111111111111111,1.0,774,774
775,t2_b0,38,37,0.20482857762877968,0.06285078823566437,0.010078845545649529,0.010078845545649529,0.925,1.0,774,774
775,t2_b0,34,29,0.015639250200631578,0.06338462978601456,0.0011398105416446924,0.0011398105416446924,0.92,1.0,774,774
775,t2_b0,7,6,0.16822036161956144,0.07279334962368011,0.004553156904876232,0.004553156904876232,0.9166666666666667,1.0,774,774
775,t2_b0,22,10,-0.03272006222013385,0.06247139349579811,0.004530706908553839,0.004530706908553839,0.9166666666666667,1.0,774,774
775,t2_b0,2,24,0.027866423739051932,0.07650324702262878,0.0011827703565359116,0.0011827703565359116,0.9333333333333333,1.0,774,774
775,t2_b0,23,36,0.0614589394892222,0.0697125494480133,3.406105315661989e-05,3.406105315661989e-05,0.9166666666666667,1.0,774,774
775,t2_b0,18,31,-0.01338125184037383,0.058575842529535294,0.0025889119133353233,0.0025889119133353233,0.9125,1.0,774,774
776,t2_b0,19,33,0.05175750494445411,0.07069322466850281,0.0001792807743186131,0.0001792807743186131,0.9500000000000001,1.0,775,775
776,t2_b0,29,22,-0.0031610168917560063,0.05979035422205925,0.001981437671929598,0.001981437671929598,0.9125,1.0,775,775
776,t2_b0,8,3,0.004779169848498679,0.096527598798275,0.0042088874615728855,0.0042088874615728855,0.925,1.0,775,775
776,t2_b0,9,39,-0.17704184396015077,0.0699840784072876,0.030510902404785156,0.030510902404785156,0.9125,1.0,775,775
776,t2_b0,13,23,-0.1365745249201719,0.06829133629798889,0.020985009148716927,0.020985009148716927,0.925,1.0,775,775
776,t2_b0,16,12,0.9623060645687939,0.10691595822572708,0.3658461272716522,0.3658461272716522,0.05,1.0,775,775
776,t2_b0,24,2,-0.048586733417566356,0.10364072769880295,0.011586599983274937,0.011586599983274937,0.9333333333333333,1.0,775,775
776,t2_b0,34,37,0.27354331847031393,0.06064438074827194,0.022662978619337082,0.022662978619337082,0.92,1.0,775,775
776,t2_b0,4,36,-0.023210039356158743,0.06901408731937408,0.004252644721418619,0.004252644721418619,0.9500000000000001,1.0,775,775
776,t2_b0,28,31,-0.47623841658016675,0.05693434551358223,0.1421366035938263,0.1421366035938263,0.92,1.0,775,775
777,t2_b0,15,39,-0.16804914724515213,0.07512636482715607,0.029567163437604904,0.029567163437604904,0.925,1.0,776,776
777,t2_b0,20,18,-0.1621759533064224,0.07095658779144287,0.02717539109289646,0.02717539109289646,0.9125,1.0,776,776
777,t2_b0,3,2,0.0,0.08422259986400604,0.0035467231646180153,0.0035467231646180153,0.925,1.0,776,776
777,t2_b0,0,7,-0.006774949861860906,0.03803259879350662,0.0010038582840934396,0.0010038582840934396,0.9166666666666667,1.0,776,776
777,t2_b0,14,29,0.08043822257187652,0.0506291426718235,0.00044429051922634244,0.00044429051922634244,0.92,1.0,776,776
777,t2_b0,25,10,-0.3714408136092493,0.06333495676517487,0.09451498836278915,0.09451498836278915,0.925,1.0,776,776
777,t2_b0,33,23,-0.10951091649005056,0.06295304000377655,0.01487190742045641,0.01487190742045641,0.9333333333333333,1.0,776,776
777,t2_b0,35,13,0.03756955035904048,0.059483062475919724,0.00024010104243643582,0.00024010104243643582,0.9500000000000001,1.0,776,776
778,t2_b0,10,29,0.05503927046914608,0.05396292731165886,5.792586534880684e-07,5.792586534880684e-07,0.925,1.0,777,777
778,t2_b0,31,32,0.1737630068791486,0.05254151299595833,0.007347325794398785,0.007347325794398785,0.92,1.0,777,777
778,t2_b0,39,15,0.0,0.07181227207183838,0.002578501123934984,0.002578501123934984,0.9333333333333333,1.0,777,777
778,t2_b0,26,36,0.13933197867444092,0.06450404226779938,0.0027996101416647434,0.0027996101416647434,0.9500000000000001,1.0,777,777
778,t2_b0,16,12,0.20761849145847144,0.09611787647008896,0.006216193549335003,0.006216193549335003,0.03333333333333333,1.0,777,777
779,t2_b0,37,34,0.04485492831001362,0.053640492260456085,3.859307253151201e-05,3.859307253151201e-05,0.014285714285714287,1.0,778,778
779,t2_b0,5,15,-0.005697292937126136,0.06877540051937103,0.002773091197013855,0.002773091197013855,0.925,1.0,778,778
779,t2_b0,19,39,0.98019559263655,0.06534765660762787,0.41847336292266846,0.41847336292266846,1.0,1.0,778,778
779,t2_b0,12,3,-0.2879732855576784,0.09797483682632446,0.07447797805070877,0.07447797805070877,0.925,1.0,778,778
779,t2_b0,7,18,0.41745214517357426,0.06147494539618492,0.06335988640785217,0.06335988640785217,0.9142857142857143,1.0,778,778
779,t2_b0,22,25,0.0,0.05234676972031593,0.0013700921554118395,0.0013700921554118395,0.9333333333333333,1.0,778,778
779,t2_b0,32,31,0.16109276801226274,0.049901530146598816,0.006181746255606413,0.006181746255606413,0.9333333333333333,1.0,778,778
779,t2_b0,6,13,0.9861470369390456,0.06735115498304367,0.4220929443836212,0.4220929443836212,0.9500000000000001,1.0,778,778
779,t2_b0,17,0,-0.009706419833024315,0.06281338632106781,0.002629561349749565,0.002629561349749565,1.0,1.0,778,778
779,t2_b0,36,26,0.1338504494224401,0.06402619183063507,0.0024377137888222933,0.0024377137888222933,0.9500000000000001,1.0,778,778
780,t2_b0,28,7,0.2635222160787543,0.06335178017616272,0.020034100860357285,0.020034100860357285,0.9142857142857143,1.0,779,779
780,t2_b0,18,9,-0.10209279158580258,0.06191312521696091,0.013448971323668957,0.013448971323668957,0.016666666666666666,1.0,779,779
780,t2_b0,2,3,0.15760620332718805,0.09636028110980988,0.0018755312776193023,0.0018755312776193023,0.9333333333333333,1.0,779,779
780,t2_b0,13,33,0.08399429350244074,0.06141752004623413,0.00025485531659796834,0.00025485531659796834,0.9333333333333333,1.0,779,779
780,t2_b0,38,37,-0.01926433653849765,0.05225278437137604,0.0025573496241122484,0.0025573496241122484,0.9333333333333333,1.0,779,779
780,t2_b0,23,36,0.05152873232794073,0.0631655901670456,6.770822074031457e-05,6.770822074031457e-05,0.9333333333333333,1.0,779,779
781,t2_b0,27,28,0.03042573827303758,0.06364084035158157,0.0005516214878298342,0.0005516214878298342,0.9142857142857143,1.0,780,780
781,t2_b0,3,2,0.0,0.0860983356833458,0.003706461749970913,0.003706461749970913,0.9333333333333333,1.0,780,780
781,t2_b0,34,14,-0.27112830031421487,0.04812736064195633,0.05096208676695824,0.05096208676695824,0.92,1.0,780,780
781,t2_b0,33,13,-0.0742222233989637,0.05207589268684387,0.007975607179105282,0.007975607179105282,0.9333333333333333,1.0,780,780
781,t2_b0,19,39,0.018444212521899504,0.065972700715065,0.001129478681832552,0.001129478681832552,0.9333333333333333,1.0,780,780
782,t2_b0,14,25,0.012518356297741787,0.04962102323770523,0.0006883039022795856,0.0006883039022795856,0.92,1.0,781,781
782,t2_b0,0,28,-0.03136392936661712,0.030070781707763672,0.0018871119245886803,0.0018871119245886803,0.9166666666666667,1.0,781,781
782,t2_b0,5,9,-0.010810363968088845,0.06519120931625366,0.0028881193138659,0.0028881193138659,0.92,1.0,781,781
782,t2_b0,29,38,0.017441149943225927,0.04821465164422989,0.0004735042166430503,0.0004735042166430503,1.0,1.0,781,781
782,t2_b0,20,18,0.2864912984786851,0.06317976117134094,0.02493402361869812,0.02493402361869812,0.9166666666666667,1.0,781,781
782,t2_b0,35,13,0.12655448106368436,0.05340864136815071,0.002675156807526946,0.002675156807526946,0.9500000000000001,1.0,781,781
783,t2_b0,26,36,0.36873167247329763,0.059965308755636215,0.04766833409667015,0.04766833409667015,0.9500000000000001,1.0,782,782
783,t2_b0,8,18,-0.17057029687487535,0.05544952303171158,0.025542480871081352,0.025542480871081352,0.9333333333333333,1.0,782,782
783,t2_b0,16,3,-0.8239464272749455,0.09832285344600677,0.4252903163433075,0.4252903163433075,0.9500000000000001,1.0,782,782
783,t2_b0,6,13,-0.36258246247409626,0.05554306507110596,0.08741448074579239,0.08741448074579239,0.9500000000000001,1.0,782,782
783,t2_b0,15,27,0.21934511915877333,0.0677856057882309,0.011485143564641476,0.011485143564641476,0.925,1.0,782,782
783,t2_b0,17,35,0.9752296975277187,0.05837927758693695,0.42030730843544006,0.42030730843544006,0.9500000000000001,1.0,782,782
783,t2_b0,25,14,-0.06283267109437504,0.04214772582054138,0.005510441493242979,0.005510441493242979,0.9333333333333333,1.0,782,782
783,t2_b0,31,32,-0.01492744648162779,0.051659174263477325,0.0022168890573084354,0.0022168890573084354,0.92,1.0,782,782
784,t2_b0,2,3,0.18930318562204015,0.09600334614515305,0.00435243034735322,0.00435243034735322,0.9500000000000001,1.0,783,783
784,t2_b0,32,37,0.10412222399882157,0.039283789694309235,0.002102011116221547,0.002102011116221547,0.92,1.0,783,783
784,t2_b0,17,13,0.1799724175452165,0.05398605018854141,0.007936282083392143,0.007936282083392143,0.9333333333333333,1.0,783,783
784,t2_b0,36,26,0.012111704034899268,0.0608539842069149,0.0011879048543050885,0.0011879048543050885,0.9500000000000001,1.0,783,783
784,t2_b0,27,18,-0.0669441911035506,0.05826352536678314,0.007838486693799496,0.007838486693799496,0.9142857142857143,1.0,783,783
785,t2_b0,38,32,-0.14138002663457344,0.03760329633951187,0.01601751707494259,0.01601751707494259,0.925,1.0,784,784
785,t2_b0,18,28,0.03647402163070521,0.05558803677558899,0.0001826727675506845,0.0001826727675506845,0.9166666666666667,1.0,784,784
785,t2_b0,7,34,0.11417238738889522,0.05013478547334671,0.0020504069980233908,0.0020504069980233908,0.9166666666666667,1.0,784,784
785,t2_b0,12,39,0.0,0.08953158557415009,0.0040079522877931595,0.0040079522877931595,1.0,1.0,783,783
785,t2_b0,13,35,0.03935047411798943,0.05574074387550354,0.00013432049308903515,0.00013432049308903515,0.9500000000000001,1.0,784,784
785,t2_b0,37,31,0.043271087246080794,0.04671661928296089,5.935845820204122e-06,5.935845820204122e-06,0.92,1.0,784,784
785,t2_b0,3,16,0.0,0.06074792519211769,0.0018451552605256438,0.0018451552605256438,1.0,1.0,784,784
785,t2_b0,23,36,0.0254662880601754,0.05968611687421799,0.0005854984046891332,0.0005854984046891332,0.925,1.0,784,784
786,t2_b0,34,7,0.07409301949280477,0.0469832681119442,0.0003674693580251187,0.0003674693580251187,0.9333333333333333,1.0,785,785
786,t2_b0,19,9,-0.5465319642491765,0.05794970318675041,0.182699054479599,0.182699054479599,0.9333333333333333,1.0,785,785
786,t2_b0,39,12,0.9189159933743477,0.08931820839643478,0.3441162407398224,0.3441162407398224,1.0,1.0,784,784
786,t2_b0,4,23,0.9061898615352186,0.06305038928985596,0.355442076921463,0.355442076921463,0.9333333333333333,1.0,785,785
786,t2_b0,29,32,0.09642286630055792,0.03225099295377731,0.0020590147469192743,0.0020590147469192743,0.9500000000000001,1.0,785,785
786,t2_b0,28,18,0.0890115811108052,0.05441518500447273,0.0005984552553854883,0.0005984552553854883,0.9166666666666667,1.0,785,785
787,t2_b0,8,18,-0.1720505575644704,0.05278835818171501,0.025276267901062965,0.025276267901062965,0.9333333333333333,1.0,786,786
787,t2_b0,5,19,0.37103786372442465,0.055321257561445236,0.04983849450945854,0.04983849450945854,0.02,1.0,786,786
787,t2_b0,25,34,0.07599557119017902,0.05085126310586929,0.0003161181230098009,0.0003161181230098009,0.9333333333333333,1.0,786,786
787,t2_b0,33,2,-0.20410195516103583,0.09357788413763046,0.044306643307209015,0.044306643307209015,0.92,1.0,786,786
787,t2_b0,15,27,0.205897622136187,0.056208353489637375,0.011203438974916935,0.011203438974916935,0.925,1.0,786,786
787,t2_b0,0,7,0.0,0.019525550305843353,0.00019062355568166822,0.00019062355568166822,1.0,1.0,786,786
787,t2_b0,22,37,0.9847081286195406,0.05731358751654625,0.43003034591674805,0.43003034591674805,0.9333333333333333,1.0,786,786
788,t2_b0,31,7,0.06366655462264022,0.0406169667840004,0.0002656416909303516,0.0002656416909303516,0.92,1.0,787,787
788,t2_b0,36,26,0.26602588447136283,0.0808267667889595,0.01714935526251793,0.01714935526251793,0.9333333333333333,1.0,787,787
788,t2_b0,9,27,0.08609420542191797,0.05727967992424965,0.00041513852193020284,0.00041513852193020284,0.016666666666666666,1.0,787,787
788,t2_b0,16,2,-0.08526343133409622,0.09242872893810272,0.01578725129365921,0.01578725129365921,1.0,1.0,787,787
788,t2_b0,20,28,0.005698595652379031,0.05446434020996094,0.0011890489840880036,0.0011890489840880036,0.9166666666666667,1.0,787,787
789,t2_b0,13,14,0.2994730957665759,0.10034831613302231,0.019825339317321777,0.019825339317321777,1.0,1.0,1,1
789,t2_b0,2,33,-0.0438940400350433,0.06429938971996307,0.005852908827364445,0.005852908827364445,0.9125,1.0,788,788
789,t2_b0,22,25,0.06843262796290053,0.04792468994855881,0.000210287791560404,0.000210287791560404,0.9333333333333333,1.0,788,788
789,t2_b0,7,34,0.01641405428353545,0.044100165367126465,0.00038326039793901145,0.00038326039793901145,0.92,1.0,788,788
789,t2_b0,32,31,0.13745569630123466,0.028809480369091034,0.005902000702917576,0.005902000702917576,0.9333333333333333,1.0,788,788
789,t2_b0,26,36,0.006358549080668402,0.0897640660405159,0.0034782402217388153,0.0034782402217388153,0.92,1.0,788,788
789,t2_b0,27,28,-0.029768213888200876,0.058479681611061096,0.003893845481798053,0.003893845481798053,0.9166666666666667,1.0,788,788
790,t2_b0,28,8,-0.06231786816968591,0.05244402959942818,0.006585146300494671,0.006585146300494671,0.925,1.0,789,789
790,t2_b0,37,25,0.022977213173047146,0.04447818547487259,0.0002311459247721359,0.0002311459247721359,0.9166666666666667,1.0,789,789
790,t2_b0,13,14,0.0,0.15614542365074158,0.012190696783363819,0.012190696783363819,1.0,1.0,2,2
790,t2_b0,33,2,0.01668794511553614,0.09110753238201141,0.0027691374998539686,0.0027691374998539686,0.9166666666666667,1.0,789,789
791,t2_b0,19,27,-0.2280646561962463,0.05573092773556709,0.04026997089385986,0.04026997089385986,0.925,1.0,790,790
791,t2_b0,18,39,-0.07039388667965783,0.05159296467900276,0.0074403961189091206,0.0074403961189091206,1.0,1.0,790,790
791,t2_b0,12,13,0.7413519858027392,0.15943044424057007,0.16931632161140442,0.16931632161140442,1.0,1.0,3,3
791,t2_b0,23,2,-0.06995310851233016,0.09048771858215332,0.012870630249381065,0.012870630249381065,0.9166666666666667,1.0,790,790
791,t2_b0,35,25,0.6338274728434888,0.054814714938402176,0.16762788593769073,0.16762788593769073,0.9500000000000001,1.0,790,790
791,t2_b0,9,15,-0.058165788958542,0.05480167269706726,0.006380823440849781,0.006380823440849781,0.02,1.0,790,790
791,t2_b0,29,32,0.029234838009029814,0.028578072786331177,2.15670098668852e-07,2.15670098668852e-07,0.9500000000000001,1.0,790,790
791,t2_b0,34,37,0.35846162400832804,0.044026970863342285,0.04943457245826721,0.04943457245826721,0.92,1.0,790,790
791,t2_b0,8,28,0.026043873122669575,0.05204734578728676,0.0003380902926437557,0.0003380902926437557,0.9500000000000001,1.0,790,790
792,t2_b0,14,13,-0.007061058482202488,0.15929067134857178,0.013836449943482876,0.013836449943482876,1.0,1.0,4,4
792,t2_b0,4,16,0.06680301863427457,0.0900336354970932,0.00026983083807863295,0.00026983083807863295,1.0,1.0,791,791
792,t2_b0,25,34,0.009036404451035946,0.053513556718826294,0.0009891085792332888,0.0009891085792332888,0.925,1.0,791,791
792,t2_b0,35,22,-0.24389528083712012,0.05866280943155289,0.04577070102095604,0.04577070102095604,0.9333333333333333,1.0,791,791
792,t2_b0,38,37,0.05401407776704577,0.0418427437543869,7.407070370391011e-05,7.407070370391011e-05,0.92,1.0,791,791
792,t2_b0,6,2,-0.21201804320430798,0.09166304767131805,0.046111099421978,0.046111099421978,0.925,1.0,791,791
792,t2_b0,5,20,-0.0649763377102861,0.05448564514517784,0.007135582622140646,0.007135582622140646,0.92,1.0,791,791
792,t2_b0,17,33,-0.6123512405987853,0.0909157246351242,0.24729222059249878,0.24729222059249878,0.9333333333333333,1.0,791,791
792,t2_b0,15,27,-0.05623128845333943,0.05466937646269798,0.006149479188024998,0.006149479188024998,0.925,1.0,791,791
792,t2_b0,39,18,-0.5980361473411349,0.03852193057537079,0.20260311663150787,0.20260311663150787,1.0,1.0,791,791
793,t2_b0,3,18,-0.00394107230151234,0.052937574684619904,0.0016175903147086501,0.0016175903147086501,1.0,1.0,792,792
793,t2_b0,20,8,0.1783885419404191,0.053718045353889465,0.007771365810185671,0.007771365810185671,0.925,1.0,792,792
793,t2_b0,26,2,-0.14881546566871323,0.08895174413919449,0.028266625478863716,0.028266625478863716,0.925,1.0,792,792
793,t2_b0,0,7,-0.01605256363113982,0.00740601122379303,0.0002751523570623249,0.0002751523570623249,0.92,1.0,792,792
793,t2_b0,6,33,0.00010266494105067637,0.09119632840156555,0.0041490281000733376,0.0041490281000733376,0.9333333333333333,1.0,792,792
794,t2_b0,27,20,0.11455636848792033,0.05655518174171448,0.0016820690361782908,0.0016820690361782908,0.92,1.0,793,793
794,t2_b0,17,33,0.07095801481313821,0.09010319411754608,0.00018326887220609933,0.00018326887220609933,0.9500000000000001,1.0,793,793
794,t2_b0,22,25,-0.5021722855106175,0.045697275549173355,0.15008053183555603,0.15008053183555603,0.925,1.0,793,793
794,t2_b0,37,34,0.17267075265239942,0.03663984686136246,0.009252204559743404,0.009252204559743404,0.9166666666666667,1.0,793,793
794,t2_b0,32,31,0.006899869919192362,0.030089914798736572,0.0002688890672288835,0.0002688890672288835,0.9333333333333333,1.0,793,793
794,t2_b0,2,26,0.2935861589274363,0.06332805752754211,0.026509398594498634,0.026509398594498634,0.925,1.0,793,793
794,t2_b0,12,13,0.0,0.16567429900169373,0.013723986223340034,0.013723986223340034,1.0,1.0,6,6
795,t2_b0,7,37,-0.009594627707248789,0.035512618720531464,0.0010173318441957235,0.0010173318441957235,0.92,1.0,794,794
795,t2_b0,3,18,0.3889594171137673,0.047708310186862946,0.05822615697979927,0.05822615697979927,0.9500000000000001,1.0,794,794
795,t2_b0,36,2,0.09221726482274345,0.09491321444511414,3.6340675251267385e-06,3.6340675251267385e-06,0.925,1.0,794,794
795,t2_b0,8,20,0.2934525177348977,0.054696567356586456,0.028502207249403,0.028502207249403,1.0,1.0,794,794
795,t2_b0,33,17,0.0,0.0893813818693161,0.003994515631347895,0.003994515631347895,0.925,1.0,794,794
795,t2_b0,13,12,0.1564498414103178,0.17258262634277344,0.00013013341231271625,0.00013013341231271625,0.05,1.0,7,7
796,t2_b0,16,2,0.11582677954021792,0.09579572081565857,0.0002006216236623004,0.0002006216236623004,0.92,1.0,795,795
796,t2_b0,9,15,-0.011527710237255923,0.05405862256884575,0.0021507837809622288,0.0021507837809622288,0.02,1.0,795,795
796,t2_b0,38,37,-0.0033803664106573676,0.03483731299638748,0.0007302954909391701,0.0007302954909391701,0.92,1.0,795,795
796,t2_b0,19,27,-0.029842935966200957,0.05434679239988327,0.0035439550410956144,0.0035439550410956144,0.925,1.0,795,795
796,t2_b0,34,25,0.07057557781839441,0.03670492768287659,0.0005736105376854539,0.0005736105376854539,0.9166666666666667,1.0,795,795
796,t2_b0,29,31,0.28958756088453413,0.07112318277359009,0.02386334165930748,0.02386334165930748,0.9333333333333333,1.0,795,795
796,t2_b0,18,3,0.04039111135352156,0.09223189949989319,0.0013437337474897504,0.0013437337474897504,0.9500000000000001,1.0,795,795
797,t2_b0,23,26,-0.0077326042710738644,0.09378340095281601,0.005152749828994274,0.005152749828994274,0.925,1.0,796,796
797,t2_b0,4,3,0.04043321646920638,0.09135299175977707,0.0012964117340743542,0.0012964117340743542,0.9333333333333333,1.0,796,796
797,t2_b0,15,19,-0.013634248394110413,0.0532914437353611,0.00223952392116189,0.00223952392116189,0.925,1.0,796,796
797,t2_b0,20,8,0.05333700824175782,0.05246414989233017,3.8094043475211947e-07,3.8094043475211947e-07,0.925,1.0,796,796
797,t2_b0,31,7,0.0384918976155021,0.056611426174640656,0.00016415865684393793,0.00016415865684393793,0.9166666666666667,1.0,796,796
797,t2_b0,25,34,0.06198558251016703,0.042934343218803406,0.00018147485388908535,0.00018147485388908535,0.925,1.0,796,796
798,t2_b0,0,7,-0.0748126167296307,0.0011505931615829468,0.0028852042742073536,0.0028852042742073536,0.92,1.0,797,797
798,t2_b0,6,33,0.04985923538291931,0.09093296527862549,0.0008435255731455982,0.0008435255731455982,0.9500000000000001,1.0,797,797
798,t2_b0,35,25,-0.3722925044637465,0.0375748947262764,0.08399564772844315,0.08399564772844315,0.9333333333333333,1.0,797,797
798,t2_b0,26,36,0.4195642333304047,0.08466152846813202,0.05607990920543671,0.05607990920543671,0.9333333333333333,1.0,797,797
798,t2_b0,14,3,0.732758729262683,0.09981594234704971,0.20030824840068817,0.20030824840068817,0.925,1.0,797,797
798,t2_b0,5,20,-0.07685710876825526,0.05340394377708435,0.008483972400426865,0.008483972400426865,0.92,1.0,797,797
798,t2_b0,16,29,0.36541742985230874,0.07544618099927902,0.042041659355163574,0.042041659355163574,0.9166666666666667,1.0,797,797
798,t2_b0,39,8,-0.18283807882518258,0.05417357385158539,0.02808726206421852,0.02808726206421852,1.0,1.0,797,797
799,t2_b0,27,20,0.07000356454525417,0.05420605465769768,0.00012478062126319855,0.00012478062126319855,0.92,1.0,798,798
799,t2_b0,12,14,0.4090672502055659,0.14308950304985046,0.03537207841873169,0.03537207841873169,0.9333333333333333,1.0,798,798
799,t2_b0,22,25,-0.23526964850973384,0.036291733384132385,0.03687279298901558,0.03687279298901558,0.925,1.0,798,798
799,t2_b0,32,29,0.06523089485556152,0.0693955197930336,8.672034709888976e-06,8.672034709888976e-06,0.92,1.0,798,798
799,t2_b0,36,23,0.024929776301145908,0.08448965847492218,0.0017736897571012378,0.0017736897571012378,0.03333333333333333,1.0,798,798
799,t2_b0,7,37,0.28157572233198835,0.048125457018613815,0.02724950946867466,0.02724950946867466,0.9166666666666667,1.0,798,798
799,t2_b0,17,33,-0.22025715902584592,0.0880296379327774,0.04752037301659584,0.04752037301659584,0.9500000000000001,1.0,798,798
800,t2_b0,8,20,-0.015580865751878179,0.054856810718774796,0.002480733208358288,0.002480733208358288,0.9500000000000001,1.0,799,799
800,t2_b0,28,12,0.460229209818605,0.15830644965171814,0.04557867720723152,0.04557867720723152,0.9500000000000001,1.0,799,799
800,t2_b0,18,3,-0.023052497407725345,0.0919400155544281,0.00661163916811347,0.00661163916811347,0.9500000000000001,1.0,799,799
800,t2_b0,2,0,0.032053385065282144,0.05158178135752678,0.00019067912944592535,0.00019067912944592535,0.9142857142857143,1.0,799,799
800,t2_b0,23,36,-0.00226327486124896,0.0859062671661377,0.003886934369802475,0.003886934369802475,0.9333333333333333,1.0,799,799
800,t2_b0,13,14,0.6128948922891746,0.1426810920238495,0.11055050790309906,0.11055050790309906,0.9333333333333333,1.0,799,799
800,t2_b0,37,25,-0.008644625021237065,0.03382198512554169,0.0009017065167427063,0.0009017065167427063,0.9166666666666667,1.0,799,799
800,t2_b0,33,17,-0.0810064332328629,0.0855637639760971,0.013872813433408737,0.013872813433408737,0.03333333333333333,1.0,799,799
800,t2_b0,31,29,-0.017231130397038445,0.05198159068822861,0.0023952003102749586,0.0023952003102749586,0.014285714285714287,1.0,799,799
801,t2_b0,3,18,-0.0011636426392544197,0.056186240166425705,0.001644504489377141,0.001644504489377141,0.9333333333333333,1.0,800,800
801,t2_b0,34,37,0.31892878488591164,0.04642842710018158,0.03712821751832962,0.03712821751832962,0.9166666666666667,1.0,800,800
801,t2_b0,39,8,-0.15869125075773863,0.04850488901138306,0.0214651208370924,0.0214651208370924,1.0,1.0,800,800
801,t2_b0,9,27,0.07300797712629711,0.0534098781645298,0.00019204277487006038,0.00019204277487006038,0.92,1.0,800,800
801,t2_b0,29,16,-0.08362600788455558,0.059893183410167694,0.010298879817128181,0.010298879817128181,0.925,1.0,800,800
802,t2_b0,15,9,0.3025300232108796,0.05297929793596268,0.031137783080339432,0.031137783080339432,0.925,1.0,801,801
802,t2_b0,35,25,-0.13640292023604783,0.04686811566352844,0.01679413579404354,0.01679413579404354,0.9333333333333333,1.0,801,801
802,t2_b0,0,2,0.00441087237764046,0.04442531615495682,0.00080057792365551,0.00080057792365551,0.9166666666666667,1.0,801,801
802,t2_b0,38,7,-0.08128145292041354,0.05463210865855217,0.009236249141395092,0.009236249141395092,0.9142857142857143,1.0,801,801
802,t2_b0,5,27,0.2264718032864625,0.05226986110210419,0.01517315674573183,0.01517315674573183,0.02,1.0,801,801
802,t2_b0,20,8,-0.006252273841952324,0.05160421133041382,0.0016736864345148206,0.0016736864345148206,0.925,1.0,801,801
802,t2_b0,14,3,0.023451451219400943,0.09949419647455215,0.002891249256208539,0.002891249256208539,0.9333333333333333,1.0,801,801
802,t2_b0,4,18,-0.14121463817302315,0.09023091942071915,0.026783522218465805,0.026783522218465805,1.0,1.0,801,801
803,t2_b0,16,38,-0.06679382598919441,0.05456288531422615,0.007363725453615189,0.007363725453615189,0.92,1.0,802,802
803,t2_b0,31,7,-0.004102236065078939,0.05023033171892166,0.001476014032959938,0.001476014032959938,0.9142857142857143,1.0,802,802
803,t2_b0,25,34,0.023008842541212424,0.047401316463947296,0.0002974964154418558,0.0002974964154418558,0.925,1.0,802,802
803,t2_b0,36,26,0.22608710238997567,0.07947147637605667,0.010748070664703846,0.010748070664703846,0.9500000000000001,1.0,802,802
803,t2_b0,19,9,-0.20805004079411996,0.055083394050598145,0.03461960330605507,0.03461960330605507,0.925,1.0,802,802
803,t2_b0,6,33,0.0625714768744659,0.07938680797815323,0.00014137773541733623,0.00014137773541733623,0.9500000000000001,1.0,802,802
804,t2_b0,17,33,-0.12920409178047898,0.07891520112752914,0.0216568224132061,0.0216568224132061,0.9500000000000001,1.0,803,803
804,t2_b0,12,14,-0.1172629106056653,0.12402205169200897,0.02910921722650528,0.02910921722650528,0.9333333333333333,1.0,803,803
804,t2_b0,27,20,0.005944999544460181,0.053473830223083496,0.001129494863562286,0.001129494863562286,0.92,1.0,803,803
804,t2_b0,32,16,-0.03238188425691536,0.05099804326891899,0.0034761058632284403,0.0034761058632284403,0.92,1.0,803,803
804,t2_b0,2,0,0.35611648111052197,0.04933832585811615,0.0470564104616642,0.0470564104616642,0.9142857142857143,1.0,803,803
804,t2_b0,7,37,0.01806424220650865,0.04867881163954735,0.00046862594899721444,0.00046862594899721444,0.9166666666666667,1.0,803,803
804,t2_b0,22,25,0.0,0.0441124364733696,0.0009729535086080432,0.0009729535086080432,0.925,1.0,803,803
804,t2_b0,26,36,0.03688511864867226,0.08036404848098755,0.0009452085942029953,0.0009452085942029953,0.9500000000000001,1.0,803,803
805,t2_b0,37,7,-0.029178961934731098,0.04856829717755318,0.00302231777459383,0.00302231777459383,0.9166666666666667,1.0,804,804
805,t2_b0,8,4,0.06152766588038063,0.056165147572755814,1.4378299965756014e-05,1.4378299965756014e-05,0.9333333333333333,1.0,804,804
805,t2_b0,13,14,0.28403550426268886,0.1211676374077797,0.013262972235679626,0.013262972235679626,0.9333333333333333,1.0,804,804
805,t2_b0,3,18,0.06855623665327781,0.0634755864739418,1.2906491065223236e-05,1.2906491065223236e-05,0.9500000000000001,1.0,804,804
805,t2_b0,33,6,-0.011738206903360257,0.07803818583488464,0.0040299007669091225,0.0040299007669091225,0.9333333333333333,1.0,804,804
805,t2_b0,23,26,-0.029626782291723875,0.08061066269874573,0.0060761477798223495,0.0060761477798223495,0.03333333333333333,1.0,804,804
806,t2_b0,9,27,0.18785437633453442,0.05231460556387901,0.00918551441282034,0.00918551441282034,0.92,1.0,805,805
806,t2_b0,34,25,0.3157942020806806,0.054374080151319504,0.0341702438890934,0.0341702438890934,0.9166666666666667,1.0,805,805
806,t2_b0,29,16,0.055159888467004946,0.05569491535425186,1.431265133078341e-07,1.431265133078341e-07,0.925,1.0,805,805
806,t2_b0,39,4,-0.04820713731301272,0.05267900973558426,0.005089007783681154,0.005089007783681154,0.9500000000000001,1.0,805,805
806,t2_b0,38,7,0.12444324787177534,0.055571723729372025,0.0023716436699032784,0.0023716436699032784,0.9142857142857143,1.0,805,805
806,t2_b0,18,3,0.04015524990961566,0.10104788839817047,0.0018539567245170474,0.0018539567245170474,1.0,1.0,805,805
806,t2_b0,28,13,0.1177649904653703,0.12708640098571777,4.344437911640853e-05,4.344437911640853e-05,0.9333333333333333,1.0,805,805
807,t2_b0,35,22,0.21763379799340166,0.058326855301856995,0.012689351104199886,0.012689351104199886,0.9333333333333333,1.0,806,806
807,t2_b0,4,8,-0.0002414022804447407,0.04939395934343338,0.0012318345252424479,0.0012318345252424479,0.9500000000000001,1.0,806,806
807,t2_b0,0,2,-0.0058391358667764185,0.04650763049721718,0.0013700919225811958,0.0013700919225811958,0.9166666666666667,1.0,806,806
807,t2_b0,14,3,-0.2717083157043646,0.10435957461595535,0.07071352750062943,0.07071352750062943,0.925,1.0,806,806
807,t2_b0,15,9,-0.05005809401464314,0.05302535369992256,0.005313098430633545,0.005313098430633545,0.925,1.0,806,806
807,t2_b0,25,34,0.3529123863936676,0.05718356743454933,0.04372777044773102,0.04372777044773102,0.925,1.0,806,806
807,t2_b0,5,20,0.17813212645451026,0.05258946493268013,0.007880480960011482,0.007880480960011482,0.92,1.0,806,806
808,t2_b0,26,36,0.20879703740208358,0.07371547818183899,0.009123513475060463,0.009123513475060463,0.9500000000000001,1.0,807,807
808,t2_b0,19,9,-0.1469278533637793,0.055198755115270615,0.020427582785487175,0.020427582785487175,0.025,1.0,807,807
808,t2_b0,20,8,0.06685266301409537,0.05496158450841904,7.06989158061333e-05,7.06989158061333e-05,0.925,1.0,807,807
808,t2_b0,6,17,0.21437378589115336,0.07107598334550858,0.010267128236591816,0.010267128236591816,0.05,1.0,807,807
808,t2_b0,16,31,-0.08905079034348497,0.054454315453767776,0.010296858847141266,0.010296858847141266,0.02,1.0,807,807
809,t2_b0,36,26,0.04100681394505896,0.07532082498073578,0.0005887256702408195,0.0005887256702408195,0.9500000000000001,1.0,808,808
809,t2_b0,12,13,0.43438641162175534,0.11455422639846802,0.051146309822797775,0.051146309822797775,0.9333333333333333,1.0,808,808
809,t2_b0,17,33,-0.05936738467289195,0.07227486371994019,0.008664840832352638,0.008664840832352638,0.9500000000000001,1.0,808,808
809,t2_b0,37,34,0.25463894089634537,0.050756677985191345,0.020783988758921623,0.020783988758921623,0.9166666666666667,1.0,808,808
809,t2_b0,31,7,-0.007310896050686387,0.05157388001680374,0.0017337085446342826,0.0017337085446342826,0.9142857142857143,1.0,808,808
809,t2_b0,2,0,0.0,0.05065331235527992,0.0012828790349885821,0.0012828790349885821,0.9142857142857143,1.0,808,808
809,t2_b0,27,20,-0.0039833087077948545,0.0539688915014267,0.0016792287351563573,0.0016792287351563573,0.92,1.0,808,808
809,t2_b0,32,16,0.27122899660259997,0.05221657454967499,0.023983221501111984,0.023983221501111984,0.92,1.0,808,808
810,t2_b0,8,4,0.03362315376125826,0.053602591156959534,0.00019958893244620413,0.00019958893244620413,0.9333333333333333,1.0,809,809
810,t2_b0,23,36,-0.03923546462960439,0.07517394423484802,0.006544756703078747,0.006544756703078747,0.9333333333333333,1.0,809,809
810,t2_b0,38,7,0.0018982556844078964,0.055259618908166885,0.001423717592842877,0.001423717592842877,0.014285714285714287,1.0,809,809
810,t2_b0,22,25,-0.10840618364194568,0.053592581301927567,0.013121799565851688,0.013121799565851688,0.925,1.0,809,809
810,t2_b0,33,6,0.3249479809808146,0.07207253575325012,0.03197299689054489,0.03197299689054489,0.9333333333333333,1.0,809,809
810,t2_b0,13,14,-0.00015770335770161036,0.1176256537437439,0.006936459802091122,0.006936459802091122,0.9333333333333333,1.0,809,809
810,t2_b0,3,18,0.09716539527781114,0.06743255257606506,0.00044202106073498726,0.00044202106073498726,0.9500000000000001,1.0,809,809
811,t2_b0,9,15,0.017647274675166563,0.0516074039041996,0.0005766451940871775,0.0005766451940871775,0.02,1.0,810,810
811,t2_b0,39,8,-0.14827280928034686,0.05047934502363205,0.019751211628317833,0.019751211628317833,0.03333333333333333,1.0,810,810
811,t2_b0,18,3,0.28406263121572506,0.10546253621578217,0.01594899594783783,0.01594899594783783,0.9500000000000001,1.0,810,810
811,t2_b0,34,25,0.004312607522467525,0.05516267940402031,0.001292864908464253,0.001292864908464253,0.9142857142857143,1.0,810,810
811,t2_b0,19,27,-0.255295516052017,0.052454590797424316,0.04735506325960159,0.04735506325960159,0.925,1.0,810,810
811,t2_b0,28,13,0.28363068669275887,0.12085705995559692,0.013247628696262836,0.013247628696262836,0.9333333333333333,1.0,810,810
811,t2_b0,29,16,0.14041955102971723,0.055250272154808044,0.0036269035190343857,0.0036269035190343857,0.925,1.0,810,810
812,t2_b0,7,34,0.03470596266046058,0.056225962936878204,0.00023155519738793373,0.00023155519738793373,0.9166666666666667,1.0,811,811
812,t2_b0,25,22,0.1579288805675145,0.05780842900276184,0.005012052599340677,0.005012052599340677,0.025,1.0,811,811
812,t2_b0,20,39,0.14407801529355144,0.05029681697487831,0.0043974569998681545,0.0043974569998681545,0.925,1.0,811,811
812,t2_b0,5,27,0.04917812335253831,0.04928098991513252,5.290752280728839e-09,5.290752280728839e-09,0.925,1.0,811,811
812,t2_b0,15,9,0.25473889653882004,0.04969840124249458,0.021020803600549698,0.021020803600549698,0.025,1.0,811,811
812,t2_b0,0,2,0.003970712963992057,0.04659856855869293,0.0009085670462809503,0.0009085670462809503,0.9166666666666667,1.0,811,811
812,t2_b0,14,3,-0.41702079442404766,0.10690072178840637,0.13724686205387115,0.13724686205387115,0.925,1.0,811,811
812,t2_b0,4,8,0.09614266057970283,0.04694733768701553,0.001210089772939682,0.001210089772939682,0.9500000000000001,1.0,811,811
813,t2_b0,35,25,-0.24818792665170544,0.058003202080726624,0.04687650874257088,0.04687650874257088,0.9333333333333333,1.0,812,812
813,t2_b0,31,7,0.04339660252037069,0.05137256532907486,3.180798375979066e-05,3.180798375979066e-05,0.9125,1.0,812,812
813,t2_b0,26,23,0.2696942715071039,0.067731112241745,0.02039455808699131,0.02039455808699131,0.9333333333333333,1.0,812,812
813,t2_b0,6,33,0.1840933885826761,0.0677848607301712,0.006763836368918419,0.006763836368918419,0.9333333333333333,1.0,812,812
814,t2_b0,22,25,0.08073950230399315,0.051911190152168274,0.0004155358765274286,0.0004155358765274286,0.9333333333333333,1.0,813,813
814,t2_b0,32,31,0.08912331100955088,0.05188682675361633,0.0006932778051123023,0.0006932778051123023,0.92,1.0,813,813
814,t2_b0,37,7,-0.005165905892924024,0.05073424056172371,0.0015624131774529815,0.0015624131774529815,0.9142857142857143,1.0,813,813
814,t2_b0,27,39,-0.12231625510146382,0.05326581746339798,0.015414533205330372,0.015414533205330372,0.9166666666666667,1.0,813,813
814,t2_b0,12,3,-0.33898828039252243,0.10663004964590073,0.09928784519433975,0.09928784519433975,0.925,1.0,813,813
814,t2_b0,36,26,0.24227090328001552,0.07003666460514069,0.01483231596648693,0.01483231596648693,0.9333333333333333,1.0,813,813
814,t2_b0,17,33,0.07046431220072155,0.06854531168937683,1.8412830513625522e-06,1.8412830513625522e-06,0.03333333333333333,1.0,813,813
815,t2_b0,33,6,0.07052836273676494,0.07045236229896545,2.888256300792591e-09,2.888256300792591e-09,0.92,1.0,814,814
815,t2_b0,2,0,0.03652145141399698,0.04992922767996788,8.988425543066114e-05,8.988425543066114e-05,0.9125,1.0,814,814
815,t2_b0,8,39,-0.011631747921929057,0.04961007833480835,0.0018752807518467307,0.0018752807518467307,0.9166666666666667,1.0,814,814
815,t2_b0,23,26,0.0031186862828762618,0.07025384902954102,0.0022535650059580803,0.0022535650059580803,0.92,1.0,814,814
815,t2_b0,13,3,-0.7584458701421924,0.10670047253370285,0.37423908710479736,0.37423908710479736,0.92,1.0,814,814
815,t2_b0,7,16,0.07117085010214323,0.05107402801513672,0.00020194116223137826,0.00020194116223137826,0.9125,1.0,814,814
815,t2_b0,38,25,-0.05790067215511463,0.05075943470001221,0.005903508979827166,0.005903508979827166,0.9111111111111111,1.0,814,814
816,t2_b0,34,7,-0.05158735543509011,0.0547633022069931,0.005655231419950724,0.005655231419950724,0.9111111111111111,1.0,815,815
816,t2_b0,14,18,0.20757427206018805,0.10251065343618393,0.005519182421267033,0.005519182421267033,0.9500000000000001,1.0,815,815
816,t2_b0,19,8,-0.5519562687732521,0.049685943871736526,0.1809867024421692,0.1809867024421692,0.9333333333333333,1.0,815,815
816,t2_b0,4,39,0.06013748561250581,0.04999469965696335,5.143804082763381e-05,5.143804082763381e-05,0.9333333333333333,1.0,815,815
816,t2_b0,28,3,-1.0,0.10613399744033813,0.6061339378356934,0.6061339378356934,0.9333333333333333,1.0,815,815
816,t2_b0,9,27,-0.007764157061956674,0.050003185868263245,0.0016685329610481858,0.0016685329610481858,0.016666666666666666,1.0,815,815
816,t2_b0,29,16,0.015132690567154017,0.05333300307393074,0.0007296318653970957,0.0007296318653970957,0.925,1.0,815,815
817,t2_b0,0,2,0.09409517570542239,0.045594729483127594,0.0011761467903852463,0.0011761467903852463,0.9166666666666667,1.0,816,816
817,t2_b0,5,8,-0.08206013368857806,0.04731520637869835,0.008368989452719688,0.008368989452719688,0.9166666666666667,1.0,816,816
817,t2_b0,18,12,-0.058074280193976105,0.10384873300790787,0.013109532184898853,0.013109532184898853,1.0,1.0,816,816
817,t2_b0,25,7,-0.2896562554700275,0.05529812350869179,0.05949676036834717,0.05949676036834717,0.9166666666666667,1.0,816,816
817,t2_b0,35,22,-0.046956127388667154,0.05062417685985565,0.004760957323014736,0.004760957323014736,1.0,1.0,816,816
817,t2_b0,20,4,-0.14011719086614727,0.050564493983983994,0.01817975379526615,0.01817975379526615,0.92,1.0,816,816
818,t2_b0,16,7,-0.26009148923257935,0.05467652156949043,0.04953945055603981,0.04953945055603981,0.9166666666666667,1.0,817,817
818,t2_b0,36,23,0.17587752856980063,0.05789809674024582,0.006959572900086641,0.006959572900086641,0.925,1.0,817,817
818,t2_b0,15,8,-0.5483633351786383,0.049122389405965805,0.17849458754062653,0.17849458754062653,0.92,1.0,817,817
818,t2_b0,6,26,-0.6208446693944938,0.05806935951113701,0.23046211898326874,0.23046211898326874,0.92,1.0,817,817
818,t2_b0,39,0,-0.09281673533617955,0.04712507501244545,0.009791855700314045,0.009791855700314045,0.925,1.0,817,817
818,t2_b0,31,38,0.024554499377873948,0.055413682013750076,0.00047614460345357656,0.00047614460345357656,0.92,1.0,817,817
819,t2_b0,27,4,-0.223955212308547,0.04932383820414543,0.037340715527534485,0.037340715527534485,0.9166666666666667,1.0,818,818
819,t2_b0,2,0,-0.023944366676831662,0.050387267023324966,0.0027625958900898695,0.0027625958900898695,0.9125,1.0,818,818
819,t2_b0,12,18,0.01852842912349276,0.0984126627445221,0.003190745133906603,0.003190745133906603,0.9500000000000001,1.0,818,818
819,t2_b0,22,35,-0.086883883570165,0.051404405385255814,0.009561825543642044,0.009561825543642044,0.9166666666666667,1.0,818,818
819,t2_b0,17,6,-0.008870837100407078,0.05887624993920326,0.0022948337718844414,0.0022948337718844414,0.9333333333333333,1.0,818,818
819,t2_b0,32,16,0.05840636441013527,0.05244877189397812,1.774645352270454e-05,1.774645352270454e-05,0.925,1.0,818,818
819,t2_b0,26,23,0.007101671003524343,0.05878717079758644,0.0013356955023482442,0.0013356955023482442,0.92,1.0,818,818
820,t2_b0,23,29,-0.15228115140143372,0.057473067194223404,0.021998414769768715,0.021998414769768715,0.016666666666666666,1.0,819,819
820,t2_b0,38,16,-0.04478200428830664,0.05391037091612816,0.0048700920306146145,0.0048700920306146145,0.9125,1.0,819,819
820,t2_b0,33,13,-0.06368453324111902,0.07616478204727173,0.009778914041817188,0.009778914041817188,0.9500000000000001,1.0,819,819
820,t2_b0,37,4,-0.1518432503207477,0.04636245220899582,0.019642751663923264,0.019642751663923264,0.92,1.0,819,819
821,t2_b0,9,4,-0.01310759333873181,0.0473160594701767,0.0018255090108141303,0.0018255090108141303,0.9142857142857143,1.0,820,820
821,t2_b0,14,20,-0.06377284238758404,0.05149436369538307,0.006643264088779688,0.006643264088779688,0.025,1.0,820,820
821,t2_b0,39,0,-0.020696443475236876,0.05321532487869263,0.0027314750477671623,0.0027314750477671623,0.92,1.0,820,820
821,t2_b0,28,33,-0.3519770668760291,0.08283904194831848,0.09453252702951431,0.09453252702951431,0.9500000000000001,1.0,820,820
821,t2_b0,29,6,-0.21681617944285297,0.05460137128829956,0.0368337444961071,0.0368337444961071,0.92,1.0,820,820
821,t2_b0,34,37,0.06296653127631682,0.0513419434428215,6.756553921150044e-05,6.756553921150044e-05,0.9166666666666667,1.0,820,820
821,t2_b0,7,16,-0.04273678214647631,0.05321201682090759,0.0046030860394239426,0.0046030860394239426,0.9125,1.0,820,820
821,t2_b0,13,17,0.05396561416536016,0.05361154302954674,6.268285801525053e-08,6.268285801525053e-08,0.925,1.0,820,820
822,t2_b0,15,5,0.029770417459995136,0.04544678330421448,0.00012287423305679113,0.00012287423305679113,0.025,1.0,821,821
822,t2_b0,35,7,-0.03537741124183993,0.05307518690824509,0.003911931067705154,0.003911931067705154,0.92,1.0,821,821
822,t2_b0,8,19,-0.03757645185784884,0.043975070118904114,0.0033253254368901253,0.0033253254368901253,1.0,1.0,821,821
822,t2_b0,0,2,0.1289752102982555,0.043262578547000885,0.0036733278539031744,0.0036733278539031744,0.9142857142857143,1.0,821,821
822,t2_b0,20,37,0.18373681856268342,0.049670182168483734,0.00898693222552538,0.00898693222552538,0.9166666666666667,1.0,821,821
823,t2_b0,5,14,-0.04102278235398834,0.048120900988578796,0.0039732977747917175,0.0039732977747917175,0.9166666666666667,1.0,822,822
823,t2_b0,16,7,0.0,0.053080178797245026,0.001408752636052668,0.001408752636052668,0.9142857142857143,1.0,822,822
823,t2_b0,31,6,0.022918064071120955,0.053291644901037216,0.0004612772027030587,0.0004612772027030587,0.92,1.0,822,822
823,t2_b0,25,37,0.34131646941047766,0.04875806346535683,0.04279521107673645,0.04279521107673645,0.92,1.0,822,822
823,t2_b0,19,15,0.0984492245160804,0.04482882469892502,0.0014375735772773623,0.0014375735772773623,0.9333333333333333,1.0,822,822
823,t2_b0,36,26,0.1618173328450186,0.049721118062734604,0.0062827798537909985,0.0062827798537909985,0.925,1.0,822,822
824,t2_b0,22,16,-1.0,0.05050376430153847,0.5505037307739258,0.5505037307739258,0.9125,1.0,823,823
824,t2_b0,26,36,0.03415973953858281,0.051448263227939606,0.000149446539580822,0.000149446539580822,0.925,1.0,823,823
824,t2_b0,2,0,0.012073137070290634,0.04965854436159134,0.0007063314551487565,0.0007063314551487565,0.9125,1.0,823,823
824,t2_b0,6,31,-0.17706053446083586,0.04902438819408417,0.025557195767760277,0.025557195767760277,0.92,1.0,823,823
824,t2_b0,17,33,-0.11316014026659435,0.06238282844424248,0.015407666563987732,0.015407666563987732,1.0,1.0,823,823
824,t2_b0,27,14,-0.09542559533934049,0.0498674139380455,0.010555029846727848,0.010555029846727848,0.9142857142857143,1.0,823,823
825,t2_b0,12,23,0.9383056404819992,0.05998274311423302,0.38572555780410767,0.38572555780410767,1.0,1.0,824,824
825,t2_b0,13,36,-0.1886581225363386,0.0544758103787899,0.029557054862380028,0.029557054862380028,0.9500000000000001,1.0,824,824
825,t2_b0,38,7,0.24361913090052537,0.05226222425699234,0.0183087307959795,0.0183087307959795,0.9142857142857143,1.0,824,824
825,t2_b0,37,27,-0.03019443281045887,0.0460154265165329,0.0029039711225777864,0.0029039711225777864,0.92,1.0,824,824
825,t2_b0,32,16,0.005283394700657941,0.0454537607729435,0.0008068290771916509,0.0008068290771916509,0.925,1.0,824,824
825,t2_b0,33,17,0.057749887303939616,0.055718474090099335,2.063317197098513e-06,2.063317197098513e-06,1.0,1.0,824,824
826,t2_b0,34,37,0.04055013824925872,0.04701433330774307,2.0892905013170093e-05,2.0892905013170093e-05,0.9166666666666667,1.0,825,825
826,t2_b0,23,12,0.0,0.05470569431781769,0.0014963564462959766,0.0014963564462959766,1.0,1.0,825,825
826,t2_b0,14,15,-0.19731192124755312,0.04312243312597275,0.02890433743596077,0.02890433743596077,0.925,1.0,825,825
826,t2_b0,29,32,0.024263845717585122,0.04728396236896515,0.00026496287318877876,0.00026496287318877876,0.9333333333333333,1.0,825,825
826,t2_b0,8,13,0.9537625834260618,0.05590765178203583,0.40307173132896423,0.40307173132896423,0.9500000000000001,1.0,825,825
826,t2_b0,7,16,0.1023056191640658,0.051890645176172256,0.0012708349386230111,0.0012708349386230111,0.9125,1.0,825,825
826,t2_b0,39,0,-0.00724056438515622,0.051238562911748886,0.0017099041724577546,0.0017099041724577546,0.92,1.0,825,825
827,t2_b0,9,27,-0.019854009762856877,0.04620429873466492,0.0021818499080836773,0.0021818499080836773,0.9125,1.0,826,826
827,t2_b0,35,7,-0.023660793507744856,0.05192967504262924,0.0028569595888257027,0.0028569595888257027,0.92,1.0,826,826
827,t2_b0,19,14,-0.3517624865350506,0.04230698198080063,0.07764536887407303,0.07764536887407303,0.925,1.0,826,826
827,t2_b0,25,34,0.31541309541233187,0.050931479781866074,0.034975260496139526,0.034975260496139526,0.9166666666666667,1.0,826,826
827,t2_b0,0,39,0.04332408230306297,0.01348528265953064,0.0004451769927982241,0.0004451769927982241,0.9142857142857143,1.0,826,826
828,t2_b0,36,29,-0.3655012110724027,0.042311012744903564,0.08315540850162506,0.08315540850162506,0.925,1.0,827,827
828,t2_b0,31,6,-0.32642113499457664,0.050121042877435684,0.07089200615882874,0.07089200615882874,0.9333333333333333,1.0,827,827
828,t2_b0,26,13,-0.026977877467612474,0.04775938764214516,0.0027928294148296118,0.0027928294148296118,1.0,1.0,827,827
828,t2_b0,5,37,-0.11922821281557845,0.03983050584793091,0.012649837881326675,0.012649837881326675,0.92,1.0,827,827
828,t2_b0,15,14,-0.18823881509384482,0.03711720556020737,0.025392666459083557,0.025392666459083557,0.925,1.0,827,827
828,t2_b0,16,7,-0.02070877165323784,0.04912916198372841,0.002438668627291918,0.002438668627291918,0.9166666666666667,1.0,827,827
828,t2_b0,20,25,-0.03659804915906539,0.04937880113720894,0.003696009749546647,0.003696009749546647,0.9142857142857143,1.0,827,827
829,t2_b0,2,16,-0.009923583897175636,0.02030673623085022,0.0004569361626636237,0.0004569361626636237,1.0,1.0,828,828
829,t2_b0,12,13,-1.0,0.04416613280773163,0.544166088104248,0.544166088104248,0.9333333333333333,1.0,828,828
829,t2_b0,6,0,-0.011517901673087623,0.04623744636774063,0.001667840057052672,0.001667840057052672,0.92,1.0,828,828
829,t2_b0,17,33,0.22672200917549074,0.053521476686000824,0.0149992099031806,0.0149992099031806,0.9500000000000001,1.0,828,828
829,t2_b0,27,37,0.07013192036708728,0.04735564440488815,0.0002593793615233153,0.0002593793615233153,0.9333333333333333,1.0,828,828
829,t2_b0,32,8,-0.019819423757061524,0.04160001873970032,0.0018861739663407207,0.0018861739663407207,0.05,1.0,828,828
829,t2_b0,22,31,-0.07304206263119767,0.042070940136909485,0.0066255019046366215,0.0066255019046366215,0.9500000000000001,1.0,828,828
830,t2_b0,37,27,0.030889415121963387,0.043834321200847626,8.378530765185133e-05,8.378530765185133e-05,0.9142857142857143,1.0,829,829
830,t2_b0,7,39,0.02989050116450966,0.04737180843949318,0.00015279803483281285,0.00015279803483281285,0.92,1.0,829,829
830,t2_b0,13,36,-0.24573756439640929,0.041744768619537354,0.041323043406009674,0.041323043406009674,0.925,1.0,829,829
830,t2_b0,33,17,0.18322668191422078,0.049656447023153305,0.008920501917600632,0.008920501917600632,0.9500000000000001,1.0,829,829
830,t2_b0,8,31,-0.21488336397516136,0.040674760937690735,0.03265497833490372,0.03265497833490372,0.9333333333333333,1.0,829,829
831,t2_b0,23,22,0.9570871085467462,0.047657791525125504,0.4135308265686035,0.4135308265686035,0.9500000000000001,1.0,830,830
831,t2_b0,39,0,0.015744059096396715,0.04703274369239807,0.0004894908634014428,0.0004894908634014428,0.9142857142857143,1.0,830,830
831,t2_b0,19,15,-0.009839488059087442,0.036432795226573944,0.0010705621680244803,0.0010705621680244803,1.0,1.0,830,830
831,t2_b0,29,26,-0.053918247882908235,0.042011938989162445,0.004601300694048405,0.004601300694048405,0.9333333333333333,1.0,830,830
831,t2_b0,18,33,0.4435983054659477,0.05485522747039795,0.07556058466434479,0.07556058466434479,0.9333333333333333,1.0,830,830
831,t2_b0,9,37,-0.009560795805438657,0.04231073707342148,0.0013453278224915266,0.0013453278224915266,0.925,1.0,830,830
831,t2_b0,38,25,-0.013705115583892447,0.04731091111898422,0.0018614777363836765,0.0018614777363836765,0.9142857142857143,1.0,830,830
832,t2_b0,4,33,0.7976103907959149,0.05408945307135582,0.2764117121696472,0.2764117121696472,0.9333333333333333,1.0,831,831
832,t2_b0,35,7,0.03190710793514348,0.047524865716695786,0.00012195718591101468,0.00012195718591101468,0.9500000000000001,1.0,831,831
832,t2_b0,34,37,0.0,0.0435965359210968,0.0009503289475105703,0.0009503289475105703,0.9142857142857143,1.0,831,831
832,t2_b0,20,25,0.14990531403550833,0.04720430448651314,0.005273748654872179,0.005273748654872179,0.9142857142857143,1.0,831,831
833,t2_b0,31,22,0.148243919685442,0.03701899200677872,0.006185492035001516,0.006185492035001516,0.925,1.0,832,832
833,t2_b0,36,33,-0.03165149948205815,0.04889360070228577,0.003243756480515003,0.003243756480515003,0.925,1.0,832,832
833,t2_b0,0,39,0.02253534246795136,0.009387858211994171,8.642817556392401e-05,8.642817556392401e-05,0.92,1.0,832,832
833,t2_b0,5,37,-0.0492594270865619,0.04360567033290863,0.0043119629845023155,0.0043119629845023155,0.925,1.0,832,832
833,t2_b0,15,34,-0.14511432566843208,0.04082203656435013,0.017286164686083794,0.017286164686083794,0.925,1.0,832,832
834,t2_b0,27,9,0.06412655975639325,0.03955601155757904,0.00030185587820596993,0.00030185587820596993,1.0,1.0,833,833
834,t2_b0,37,15,0.07368152501857424,0.041980184614658356,0.0005024875281378627,0.0005024875281378627,0.9142857142857143,1.0,833,833
834,t2_b0,30,19,0.9859926872582836,0.03853865712881088,0.4488345682621002,0.4488345682621002,1.0,1.0,833,833
834,t2_b0,17,33,-0.03376770109794946,0.0478842668235302,0.0033335222396999598,0.0033335222396999598,0.925,1.0,833,833
834,t2_b0,7,39,-0.00213127462589979,0.04474534094333649,0.0010987085988745093,0.0010987085988745093,0.92,1.0,833,833
834,t2_b0,12,31,-0.09270855159968693,0.03360118716955185,0.007977074943482876,0.007977074943482876,0.9333333333333333,1.0,833,833
834,t2_b0,25,20,-0.01526164192250108,0.04543103650212288,0.0018418006366118789,0.0018418006366118789,0.9166666666666667,1.0,833,833
835,t2_b0,23,35,0.1796047787289229,0.040297508239746094,0.0097032580524683,0.0097032580524683,1.0,1.0,834,834
835,t2_b0,13,31,0.005919013875834648,0.034635670483112335,0.00041232319199480116,0.00041232319199480116,0.925,1.0,834,834
835,t2_b0,8,7,0.15244687615794333,0.0449940487742424,0.005773055367171764,0.005773055367171764,0.9500000000000001,1.0,834,834
835,t2_b0,18,36,-0.20900924061148715,0.04290053993463516,0.03172927349805832,0.03172927349805832,0.925,1.0,834,834
835,t2_b0,38,0,-0.13314504406582509,0.04371578246355057,0.015639878809452057,0.015639878809452057,0.014285714285714287,1.0,834,834
836,t2_b0,39,20,0.008923543010287594,0.042052969336509705,0.0005487794987857342,0.0005487794987857342,0.016666666666666666,1.0,835,835
836,t2_b0,3,28,-0.0023429334441211263,0.06706448644399643,0.0024086949415504932,0.0024086949415504932,1.0,1.0,817,817
836,t2_b0,22,13,-0.13588013815215116,0.027881264686584473,0.013408899307250977,0.013408899307250977,0.9333333333333333,1.0,835,835
836,t2_b0,4,36,0.07904677007169512,0.04618064686655998,0.0005400910740718246,0.0005400910740718246,0.925,1.0,835,835
836,t2_b0,11,30,0.9856605482177386,0.04515942931175232,0.4422711431980133,0.4422711431980133,1.0,1.0,835,835
836,t2_b0,14,19,0.9091132512320095,0.04603113234043121,0.372455358505249,0.372455358505249,1.0,1.0,835,835
836,t2_b0,9,27,0.051641951636074844,0.03556061536073685,0.00012930469529237598,0.00012930469529237598,0.9500000000000001,1.0,835,835
836,t2_b0,34,37,0.0,0.04251290112733841,0.0009036733536049724,0.0009036733536049724,0.9142857142857143,1.0,835,835
837,t2_b0,0,39,0.032088213285319384,0.006812073290348053,0.00031944160582497716,0.00031944160582497716,0.9166666666666667,1.0,836,836
837,t2_b0,26,32,0.068128126228543,0.024112306535243988,0.0009686960838735104,0.0009686960838735104,1.0,1.0,832,832
837,t2_b0,33,36,-0.2666095278075327,0.04458949714899063,0.04842241108417511,0.04842241108417511,0.9333333333333333,1.0,836,836
837,t2_b0,15,34,0.1376912329200539,0.04391489177942276,0.004397000651806593,0.004397000651806593,0.9142857142857143,1.0,836,836
837,t2_b0,35,22,0.07765135109109364,0.021812058985233307,0.0015590132679790258,0.0015590132679790258,1.0,1.0,836,836
837,t2_b0,20,38,0.03224619821122566,0.04465430974960327,7.698061381233856e-05,7.698061381233856e-05,0.9125,1.0,836,836
837,t2_b0,5,9,0.2199381326887672,0.034551918506622314,0.017184022814035416,0.017184022814035416,1.0,1.0,836,836
838,t2_b0,19,34,0.06358219869218959,0.04262753576040268,0.000219548906898126,0.000219548906898126,0.9142857142857143,1.0,837,837
838,t2_b0,11,1,0.4697319228825497,0.0771026611328125,0.07707887142896652,0.07707887142896652,0.9333333333333333,1.0,837,837
838,t2_b0,31,3,0.9812466634238842,0.11510356515645981,0.3751019537448883,0.3751019537448883,1.0,1.0,819,837
838,t2_b0,28,33,0.5288078305976335,0.09775993227958679,0.09290114045143127,0.09290114045143127,0.925,1.0,837,837
838,t2_b0,30,37,-0.4052198646710359,0.07133446633815765,0.1135520190000534,0.1135520190000534,0.9166666666666667,1.0,837,837
839,t2_b0,12,35,-0.37097386559311896,0.02071557193994522,0.0767102986574173,0.0767102986574173,0.9333333333333333,1.0,838,838
839,t2_b0,7,39,0.2182631949135841,0.04275459051132202,0.015401635318994522,0.015401635318994522,0.92,1.0,838,838
839,t2_b0,6,8,-0.00967270477875065,0.04511019214987755,0.0015005829045549035,0.0015005829045549035,1.0,1.0,837,837
839,t2_b0,17,36,0.0193162109808997,0.08707605302333832,0.0022956980392336845,0.0022956980392336845,0.9166666666666667,1.0,838,838
839,t2_b0,25,34,0.12124834927130786,0.04309150576591492,0.003054246073588729,0.003054246073588729,0.9142857142857143,1.0,838,838
839,t2_b0,1,30,0.02062982338622877,0.03911380469799042,0.000170828789123334,0.000170828789123334,0.9333333333333333,1.0,838,838
840,t2_b0,3,33,-0.034777424552814414,0.05839807540178299,0.004340836778283119,0.004340836778283119,0.9166666666666667,1.0,839,839
840,t2_b0,23,7,0.04792395029356672,0.04405637085437775,7.479078703909181e-06,7.479078703909181e-06,1.0,1.0,839,839
840,t2_b0,13,35,0.04804659220896082,0.021231070160865784,0.0003595361195039004,0.0003595361195039004,0.925,1.0,839,839
840,t2_b0,22,12,0.0,0.015407375991344452,0.00011869362060679123,0.00011869362060679123,1.0,1.0,839,839
840,t2_b0,37,25,0.016466476376960786,0.047084126621484756,0.0004687202745117247,0.0004687202745117247,0.9111111111111111,1.0,839,839
841,t2_b0,9,33,-0.07019991067391824,0.08606228232383728,0.012208935804665089,0.012208935804665089,0.9142857142857143,1.0,840,840
841,t2_b0,18,13,-0.019559885512413243,0.037741951644420624,0.0016417503356933594,0.0016417503356933594,0.925,1.0,840,840
841,t2_b0,34,38,-0.02139788302110081,0.04457315802574158,0.0021760889794677496,0.0021760889794677496,0.9125,1.0,840,840
841,t2_b0,27,31,0.9411043837732169,0.10358816385269165,0.3507167398929596,0.3507167398929596,1.0,1.0,840,840
841,t2_b0,39,7,0.0014156708514177026,0.042577989399433136,0.0008471682667732239,0.0008471682667732239,0.9142857142857143,1.0,840,840
841,t2_b0,14,37,-0.1894865505930589,0.050354670733213425,0.028761906549334526,0.028761906549334526,0.9333333333333333,1.0,840,840
841,t2_b0,19,1,-0.08125017333840784,0.0725875273346901,0.011833020485937595,0.011833020485937595,0.9333333333333333,1.0,840,840
842,t2_b0,20,39,0.37453786612480927,0.043305881321430206,0.05485731363296509,0.05485731363296509,0.9111111111111111,1.0,841,841
842,t2_b0,29,12,0.8537165937064772,0.022279098629951477,0.34564417600631714,0.34564417600631714,0.9333333333333333,1.0,841,841
842,t2_b0,26,9,0.9340063125630768,0.08805374801158905,0.3578178882598877,0.3578178882598877,0.925,1.0,841,841
842,t2_b0,15,38,0.14248097737586699,0.04360780864953995,0.004887952469289303,0.004887952469289303,0.0125,1.0,841,841
842,t2_b0,21,1,0.9854574620755407,0.07863645255565643,0.4111621677875519,0.4111621677875519,0.9500000000000001,1.0,841,841
842,t2_b0,25,34,0.03214615994241793,0.04337090998888016,6.299751112237573e-05,6.299751112237573e-05,0.9125,1.0,841,841
842,t2_b0,35,13,0.07845594022712753,0.04853760451078415,0.00044755340786650777,0.00044755340786650777,0.92,1.0,841,841
842,t2_b0,5,33,-0.1052208558100988,0.08373596519231796,0.017852341756224632,0.017852341756224632,0.9166666666666667,1.0,841,841
843,t2_b0,4,13,-0.16238377384954594,0.07557639479637146,0.028312522917985916,0.028312522917985916,0.9166666666666667,1.0,842,842
843,t2_b0,8,19,0.0,0.0385609045624733,0.0007434716681018472,0.0007434716681018472,1.0,1.0,838,838
843,t2_b0,11,37,0.4653405611085066,0.06678831577301025,0.07942194491624832,0.07942194491624832,0.9166666666666667,1.0,842,842
843,t2_b0,38,20,-0.09430713174209777,0.044421687722206116,0.009622843936085701,0.009622843936085701,0.9111111111111111,1.0,842,842
843,t2_b0,0,39,-0.0021550702638042304,0.005293883383274078,2.774345557554625e-05,2.774345557554625e-05,0.9166666666666667,1.0,842,842
843,t2_b0,31,33,-0.08580434274337075,0.08346009254455566,0.014325224794447422,0.014325224794447422,0.9125,1.0,842,842
843,t2_b0,30,25,-0.3368243425114546,0.059335287660360336,0.07847122102975845,0.07847122102975845,0.01,1.0,842,842
843,t2_b0,6,9,0.9542998222358745,0.09199541807174683,0.37178441882133484,0.37178441882133484,0.9500000000000001,1.0,842,842
844,t2_b0,12,13,-0.134782264309567,0.028900332748889923,0.013395998626947403,0.013395998626947403,0.9500000000000001,1.0,843,843
844,t2_b0,7,39,0.024499748903419175,0.04149051755666733,0.00014434309559874237,0.00014434309559874237,0.92,1.0,843,843
844,t2_b0,21,11,0.3364917222244422,0.06722064316272736,0.03625345602631569,0.03625345602631569,0.9333333333333333,1.0,843,843
844,t2_b0,17,33,0.21045824084858897,0.08055351674556732,0.008437617681920528,0.008437617681920528,0.9125,1.0,843,843
844,t2_b0,10,1,0.9862525297124416,0.07225204259157181,0.417698472738266,0.417698472738266,0.9500000000000001,1.0,843,843
844,t2_b0,37,25,-0.0038985583538512455,0.058787766844034195,0.001964787719771266,0.001964787719771266,0.9111111111111111,1.0,843,843
845,t2_b0,33,17,-0.029945626650997165,0.07861466705799103,0.005892668850719929,0.005892668850719929,0.9125,1.0,844,844
845,t2_b0,1,37,-0.31145588217497494,0.027574867010116577,0.05747092142701149,0.05747092142701149,0.9166666666666667,1.0,844,844
845,t2_b0,19,0,0.9665217915525001,0.04974846914410591,0.42023664712905884,0.42023664712905884,0.9500000000000001,1.0,844,844
845,t2_b0,18,29,0.13960053720475768,0.07704537361860275,0.0019565739203244448,0.0019565739203244448,0.9166666666666667,1.0,844,844
845,t2_b0,38,7,-0.0416997125857661,0.04439358413219452,0.0037060275208204985,0.0037060275208204985,0.9111111111111111,1.0,844,844
845,t2_b0,13,12,0.07843720352413089,0.058957479894161224,0.00018972977704834193,0.00018972977704834193,0.92,1.0,844,844
845,t2_b0,28,14,-0.06521385754442215,0.06717243790626526,0.008763065561652184,0.008763065561652184,1.0,1.0,844,844
846,t2_b0,14,37,-0.2190056725439601,0.05656224489212036,0.03796884045004845,0.03796884045004845,0.925,1.0,845,845
846,t2_b0,27,33,0.034466378876885057,0.07795564085245132,0.0009456579573452473,0.0009456579573452473,0.92,1.0,845,845
846,t2_b0,32,13,0.5818994072155853,0.05046486854553223,0.14121133089065552,0.14121133089065552,0.05,1.0,845,845
846,t2_b0,34,25,-0.0047641407712795255,0.0516534149646759,0.0015914702089503407,0.0015914702089503407,0.91,1.0,845,845
846,t2_b0,39,7,0.08975019355187845,0.04286053776741028,0.0010993198957294226,0.0010993198957294226,0.9125,1.0,845,845
846,t2_b0,4,18,-0.0384157629136078,0.07646964490413666,0.006599328014999628,0.006599328014999628,0.9142857142857143,1.0,845,845
846,t2_b0,19,0,0.1971337396072771,0.04323069006204605,0.01184307225048542,0.01184307225048542,0.9500000000000001,1.0,845,845
846,t2_b0,29,12,-0.06842241008948703,0.07592479884624481,0.010418057441711426,0.010418057441711426,0.9142857142857143,1.0,845,845
847,t2_b0,3,13,-0.12823522659495865,0.043114058673381805,0.01468028873205185,0.01468028873205185,0.9125,1.0,846,846
847,t2_b0,36,33,-0.020639691037655353,0.0766470730304718,0.004732356872409582,0.004732356872409582,0.9142857142857143,1.0,846,846
847,t2_b0,15,38,-0.02273791464089137,0.04461069405078888,0.0022679173853248358,0.0022679173853248358,0.9111111111111111,1.0,846,846
847,t2_b0,10,21,0.014517890250386108,0.056296877562999725,0.0008727419772185385,0.0008727419772185385,0.9333333333333333,1.0,846,846
847,t2_b0,25,37,0.3421909248200198,0.0448007732629776,0.0442204549908638,0.0442204549908638,0.9111111111111111,1.0,846,846
847,t2_b0,20,39,-0.028104231850665046,0.043694525957107544,0.002577530685812235,0.002577530685812235,0.9111111111111111,1.0,846,846
847,t2_b0,35,4,0.2058622175184481,0.07681889086961746,0.008326091803610325,0.008326091803610325,0.9125,1.0,846,846
847,t2_b0,22,19,0.9521211455927725,0.08994355797767639,0.3716751039028168,0.3716751039028168,1.0,1.0,846,846
848,t2_b0,0,39,-0.006089684222436637,0.006324827671051025,7.70600454416126e-05,7.70600454416126e-05,0.9142857142857143,1.0,847,847
848,t2_b0,6,27,0.30051963954537464,0.08447711169719696,0.023337187245488167,0.023337187245488167,0.9500000000000001,1.0,847,847
848,t2_b0,5,23,0.3389546184811048,0.10011889785528183,0.028521250933408737,0.028521250933408737,1.0,1.0,1,847
848,t2_b0,11,37,-0.057076539408404244,0.05577768385410309,0.00636803824454546,0.00636803824454546,0.9125,1.0,847,847
848,t2_b0,36,33,-0.11759971337662004,0.07005923986434937,0.01760794036090374,0.01760794036090374,0.9142857142857143,1.0,847,847
848,t2_b0,8,19,0.9846589412716551,0.049520596861839294,0.4372418522834778,0.4372418522834778,1.0,1.0,847,847
849,t2_b0,17,36,-0.027463712555169318,0.06954018771648407,0.0047048781998455524,0.0047048781998455524,0.9142857142857143,1.0,848,848
849,t2_b0,26,33,-0.6830034946151574,0.07833009213209152,0.28981441259384155,0.28981441259384155,0.9333333333333333,1.0,848,848
849,t2_b0,32,13,-0.18191650909817952,0.07060559839010239,0.031883709132671356,0.031883709132671356,0.9333333333333333,1.0,848,848
849,t2_b0,23,1,0.9597320114722183,0.06090696156024933,0.4039432406425476,0.4039432406425476,0.925,1.0,848,848
849,t2_b0,7,39,-0.010599288413437666,0.04297638684511185,0.001435176469385624,0.001435176469385624,0.9142857142857143,1.0,848,848
849,t2_b0,37,25,0.034842967477505746,0.05212509259581566,0.00014933591592125595,0.00014933591592125595,0.9090909090909091,1.0,848,848
850,t2_b0,23,21,0.15621887334412726,0.0562840960919857,0.004993479233235121,0.004993479233235121,0.925,1.0,849,849
850,t2_b0,1,37,-0.018520803053241323,0.01477079838514328,0.0005541653372347355,0.0005541653372347355,0.9125,1.0,849,849
850,t2_b0,18,4,0.06599581337556715,0.06928079575300217,5.395557764131809e-06,5.395557764131809e-06,0.016666666666666666,1.0,849,849
850,t2_b0,33,36,-0.17347497795717554,0.0683663934469223,0.029243625700473785,0.029243625700473785,0.92,1.0,849,849
850,t2_b0,12,13,-0.17132839793370877,0.07208121567964554,0.02962411753833294,0.02962411753833294,0.9500000000000001,1.0,849,849
850,t2_b0,8,7,0.556932802926892,0.04401648789644241,0.13154157996177673,0.13154157996177673,0.92,1.0,849,849
850,t2_b0,27,26,0.0,0.07284993678331375,0.0026535566430538893,0.0026535566430538893,1.0,1.0,849,849
850,t2_b0,2,22,0.08483767699687493,0.02543732523918152,0.0017642007442191243,0.0017642007442191243,1.0,1.0,849,849
850,t2_b0,31,14,-0.2740478318067774,0.050854455679655075,0.05278073996305466,0.05278073996305466,0.025,1.0,849,849
851,t2_b0,28,14,-0.04002168280964626,0.045009542256593704,0.0036151546519249678,0.0036151546519249678,0.9333333333333333,1.0,850,850
851,t2_b0,39,0,0.21415795771963078,0.0433245450258255,0.014592026360332966,0.014592026360332966,0.0125,1.0,850,850
851,t2_b0,34,37,0.03804820250927435,0.04639071598649025,3.479875158518553e-05,3.479875158518553e-05,0.91,1.0,850,850
851,t2_b0,22,7,-0.7376661626435177,0.05850271135568619,0.3169424831867218,0.3169424831867218,0.9333333333333333,1.0,850,850
851,t2_b0,4,13,-0.025695554618721698,0.06956429779529572,0.004537219647318125,0.004537219647318125,0.9142857142857143,1.0,850,850
851,t2_b0,9,32,0.9072180252665444,0.07841169834136963,0.34345996379852295,0.34345996379852295,1.0,1.0,850,850
852,t2_b0,38,20,-0.15438050723015215,0.044751666486263275,0.01982681080698967,0.01982681080698967,0.9111111111111111,1.0,851,851
852,t2_b0,5,1,0.6379781354630348,0.05311303585767746,0.1710335910320282,0.1710335910320282,0.925,1.0,851,851
852,t2_b0,10,11,0.08152737181651858,0.04841881990432739,0.0005480882246047258,0.0005480882246047258,0.92,1.0,851,851
852,t2_b0,0,7,0.036918966302047385,0.006277106702327728,0.0004694618401117623,0.0004694618401117623,0.9166666666666667,1.0,851,851
852,t2_b0,29,13,-0.4455707379744754,0.06829987466335297,0.13203150033950806,0.13203150033950806,0.9142857142857143,1.0,851,851
852,t2_b0,30,37,-0.39112174205092043,0.046130262315273285,0.09559465944766998,0.09559465944766998,0.9111111111111111,1.0,851,851
853,t2_b0,13,4,0.032892827210765585,0.0659763291478157,0.0005472590564750135,0.0005472590564750135,0.016666666666666666,1.0,852,852
853,t2_b0,6,26,-0.001963439720195431,0.07026693969964981,0.0026086135767400265,0.0026086135767400265,1.0,1.0,852,852
853,t2_b0,36,33,0.0030076274440122876,0.06739970296621323,0.0020731696859002113,0.0020731696859002113,0.9142857142857143,1.0,852,852
853,t2_b0,11,37,0.060375075570857466,0.048288945108652115,7.30372776160948e-05,7.30372776160948e-05,0.9125,1.0,852,852
853,t2_b0,20,39,0.08314029248037876,0.043231166899204254,0.0007963691023178399,0.0007963691023178399,0.9111111111111111,1.0,852,852
854,t2_b0,1,37,0.1938469013722852,0.007610589265823364,0.01734198071062565,0.01734198071062565,0.9111111111111111,1.0,853,853
854,t2_b0,32,9,-0.04272290639421148,0.08791320770978928,0.008532896637916565,0.008532896637916565,1.0,1.0,853,853
854,t2_b0,12,13,0.025691673346129592,0.05913578346371651,0.0005592542584054172,0.0005592542584054172,1.0,1.0,853,853
854,t2_b0,2,22,-0.009978398020613295,0.029631003737449646,0.0007844523643143475,0.0007844523643143475,0.9500000000000001,1.0,853,853
854,t2_b0,15,38,0.04288134462749183,0.04452963173389435,1.3584270845967694e-06,1.3584270845967694e-06,0.9125,1.0,853,853
854,t2_b0,26,33,0.20955303641112694,0.07319220900535583,0.009297137148678303,0.009297137148678303,0.9500000000000001,1.0,853,853
854,t2_b0,25,39,-0.32373264570536037,0.04512225091457367,0.06802695989608765,0.06802695989608765,0.9125,1.0,853,853
854,t2_b0,17,36,0.06698507641550427,0.06716088950634003,1.5454816093551926e-08,1.5454816093551926e-08,0.9166666666666667,1.0,853,853
855,t2_b0,37,25,0.0,0.04472906142473221,0.0010003445204347372,0.0010003445204347372,0.91,1.0,854,854
855,t2_b0,23,31,0.42375108092414393,0.046151209622621536,0.07129082828760147,0.07129082828760147,0.92,1.0,854,854
855,t2_b0,8,22,0.0822526579383874,0.06121286749839783,0.00022133640595711768,0.00022133640595711768,0.9500000000000001,1.0,854,854
855,t2_b0,7,39,-0.02434884152120589,0.04443082958459854,0.002365321386605501,0.002365321386605501,0.9166666666666667,1.0,854,854
855,t2_b0,18,13,0.09846600081145537,0.06687808036804199,0.0004988983855582774,0.0004988983855582774,0.9166666666666667,1.0,854,854
855,t2_b0,28,6,0.990104656472845,0.09434208273887634,0.4011952877044678,0.4011952877044678,1.0,1.0,854,854
855,t2_b0,33,36,-0.1516615627660848,0.06567691266536713,0.023618005216121674,0.023618005216121674,0.92,1.0,854,854
856,t2_b0,38,39,-0.07625909916873441,0.044021204113960266,0.007233675569295883,0.007233675569295883,0.9142857142857143,1.0,855,855
856,t2_b0,13,18,0.1628245924406921,0.06543722748756409,0.004742148797959089,0.004742148797959089,0.925,1.0,855,855
856,t2_b0,31,21,-0.24658868822828403,0.046722132712602615,0.04301561787724495,0.04301561787724495,0.92,1.0,855,855
856,t2_b0,29,36,-0.004586315255344801,0.06626904010772705,0.0025102407671511173,0.0025102407671511173,0.014285714285714287,1.0,855,855
856,t2_b0,34,37,0.09653121890355595,0.04529576376080513,0.0013125359546393156,0.0013125359546393156,0.9111111111111111,1.0,855,855
856,t2_b0,22,0,-0.3186242554495969,0.052842505276203156,0.06899377703666687,0.06899377703666687,0.925,1.0,855,855
857,t2_b0,8,27,0.9724304944639279,0.10433286428451538,0.3767967224121094,0.3767967224121094,1.0,1.0,850,850
857,t2_b0,4,13,0.013129438812640384,0.06568314135074615,0.0013809457886964083,0.0013809457886964083,0.9142857142857143,1.0,856,856
857,t2_b0,14,37,-0.27929594423722354,0.0464363731443882,0.05305077135562897,0.05305077135562897,0.9333333333333333,1.0,856,856
857,t2_b0,35,18,-0.06527229202104974,0.06647002696990967,0.008678020909428596,0.008678020909428596,0.9166666666666667,1.0,856,856
857,t2_b0,15,25,-0.10408496886074775,0.04341186583042145,0.010877657681703568,0.010877657681703568,0.9125,1.0,856,856
857,t2_b0,20,39,0.13294456073015917,0.04270732402801514,0.004071378614753485,0.004071378614753485,0.9142857142857143,1.0,856,856
857,t2_b0,5,23,0.038484147026544346,0.047536712139844894,4.0974453440867364e-05,4.0974453440867364e-05,0.925,1.0,856,856
858,t2_b0,9,32,-0.028729129674746105,0.06199438124895096,0.004115378018468618,0.004115378018468618,1.0,1.0,857,857
858,t2_b0,10,31,-0.05761347277471403,0.04722895100712776,0.005495966877788305,0.005495966877788305,0.9166666666666667,1.0,857,857
858,t2_b0,27,8,0.0,0.10639558732509613,0.005660010501742363,0.005660010501742363,1.0,1.0,851,851
858,t2_b0,39,20,0.03980752528637855,0.043665796518325806,7.443131380568957e-06,7.443131380568957e-06,0.9125,1.0,857,857
858,t2_b0,1,37,-0.02595573433504856,0.003883637487888336,0.0004451940767467022,0.0004451940767467022,0.9125,1.0,857,857
858,t2_b0,30,25,0.058001969744266746,0.04586178436875343,7.369204104179516e-05,7.369204104179516e-05,0.9111111111111111,1.0,857,857
858,t2_b0,26,33,0.2150768733965997,0.06394566595554352,0.01142032165080309,0.01142032165080309,0.925,1.0,857,857
858,t2_b0,36,17,0.0077187530420954305,0.06421568989753723,0.001595951966010034,0.001595951966010034,0.016666666666666666,1.0,857,857
858,t2_b0,3,29,-0.003896331686582171,0.02896469086408615,0.0005399234360083938,0.0005399234360083938,0.016666666666666666,1.0,857,857
859,t2_b0,22,0,-0.01489070763200955,0.0511808805167675,0.002182727213948965,0.002182727213948965,0.92,1.0,858,858
859,t2_b0,21,34,0.058690158844628734,0.04380641132593155,0.00011076299415435642,0.00011076299415435642,0.9166666666666667,1.0,858,858
859,t2_b0,12,18,-0.2232925580819559,0.06412558257579803,0.041304588317871094,0.041304588317871094,0.925,1.0,858,858
859,t2_b0,32,9,0.0,0.050144679844379425,0.001257244497537613,0.001257244497537613,0.9166666666666667,1.0,858,858
859,t2_b0,6,33,-0.7666253963832913,0.06663337349891663,0.34716007113456726,0.34716007113456726,0.925,1.0,858,858
859,t2_b0,31,10,-0.016788052495729712,0.055308327078819275,0.0025989438872784376,0.0025989438872784376,0.9333333333333333,1.0,858,858
859,t2_b0,17,35,0.003438622074508921,0.05798600614070892,0.0014877085341140628,0.0014877085341140628,0.9166666666666667,1.0,858,858
859,t2_b0,25,39,-0.15477067010415704,0.04256167262792587,0.019470028579235077,0.019470028579235077,0.9125,1.0,858,858
860,t2_b0,18,12,-0.11031888947481745,0.057292044162750244,0.014046713709831238,0.014046713709831238,0.925,1.0,859,859
860,t2_b0,33,36,0.08250805639323928,0.05666324123740196,0.0003339772520121187,0.0003339772520121187,0.92,1.0,859,859
860,t2_b0,37,34,0.02839301974208549,0.042111076414585114,9.409255289938301e-05,9.409255289938301e-05,0.92,1.0,859,859
860,t2_b0,3,29,-0.05072241814377801,0.02013242244720459,0.0025102044455707073,0.0025102044455707073,0.014285714285714287,1.0,859,859
860,t2_b0,38,20,0.0869889029943765,0.042773641645908356,0.0009774946374818683,0.0009774946374818683,0.9166666666666667,1.0,859,859
860,t2_b0,0,2,0.014047481268407392,0.039382077753543854,0.000320920895319432,0.000320920895319432,0.9166666666666667,1.0,859,859
860,t2_b0,23,21,0.09341337291978787,0.044626593589782715,0.0011900750687345862,0.0011900750687345862,0.92,1.0,859,859
860,t2_b0,7,39,-0.041389206866867194,0.049935612827539444,0.004170111380517483,0.004170111380517483,0.9166666666666667,1.0,859,859
861,t2_b0,29,26,0.0080838117601425,0.04919128865003586,0.0008449122542515397,0.0008449122542515397,0.9166666666666667,1.0,860,860
861,t2_b0,9,32,0.10048397712006364,0.04895021393895149,0.0013278643600642681,0.0013278643600642681,0.92,1.0,860,860
861,t2_b0,2,0,0.1731083522951055,0.048414185643196106,0.007774317637085915,0.007774317637085915,0.9166666666666667,1.0,860,860
861,t2_b0,4,12,0.11055027181137708,0.047570448368787766,0.0019832286052405834,0.0019832286052405834,0.92,1.0,860,860
861,t2_b0,28,33,-0.24373698657668044,0.051661416888237,0.04363011196255684,0.04363011196255684,0.9333333333333333,1.0,860,860
861,t2_b0,14,34,-0.11552932403981757,0.04314436763525009,0.012588669545948505,0.012588669545948505,0.92,1.0,860,860
861,t2_b0,39,20,0.08917374244378042,0.04845796525478363,0.0008288872195407748,0.0008288872195407748,0.9166666666666667,1.0,860,860
861,t2_b0,13,18,-0.019492386694712923,0.05499391630291939,0.0027741044759750366,0.0027741044759750366,1.0,1.0,860,860
862,t2_b0,30,38,0.12463998169259674,0.04331520199775696,0.0033068598713725805,0.0033068598713725805,0.9142857142857143,1.0,861,861
862,t2_b0,20,39,0.10812318280974972,0.04994461312890053,0.0016923729563131928,0.0016923729563131928,0.9125,1.0,861,861
862,t2_b0,19,7,0.8981001935237035,0.05472638085484505,0.3556397259235382,0.3556397259235382,1.0,1.0,861,861
862,t2_b0,0,2,0.42979690106403373,0.0415320098400116,0.07537481188774109,0.07537481188774109,0.9166666666666667,1.0,861,861
862,t2_b0,11,34,-0.06549488599903965,0.04367886483669281,0.005959453992545605,0.005959453992545605,0.9125,1.0,861,861
862,t2_b0,35,33,0.05670788907687406,0.04896359518170357,2.9987042580614798e-05,2.9987042580614798e-05,0.014285714285714287,1.0,861,861
862,t2_b0,8,6,-0.9658839897608733,0.06441952288150787,0.5303034782409668,0.5303034782409668,1.0,1.0,861,861
862,t2_b0,10,21,0.0,0.044740229845047,0.0010008440585806966,0.0010008440585806966,0.92,1.0,861,861
863,t2_b0,27,37,0.9491319838740526,0.047255415469408035,0.40669068694114685,0.40669068694114685,1.0,1.0,862,862
863,t2_b0,36,12,0.014063749646793971,0.04867754504084587,0.0005990574136376381,0.0005990574136376381,0.9142857142857143,1.0,862,862
863,t2_b0,6,33,-0.1388027861388372,0.05286676436662674,0.018368609249591827,0.018368609249591827,0.9333333333333333,1.0,862,862
863,t2_b0,26,29,-0.04493077980126575,0.04866008087992668,0.004379624035209417,0.004379624035209417,0.9166666666666667,1.0,862,862
863,t2_b0,5,21,-0.04955987095437001,0.04982690140604973,0.0049388655461370945,0.0049388655461370945,0.9333333333333333,1.0,862,862
863,t2_b0,25,38,0.0892584008892908,0.04249110817909241,0.0010935899335891008,0.0010935899335891008,0.9142857142857143,1.0,862,862
864,t2_b0,11,38,-0.01732739592516373,0.044695332646369934,0.0019234095234423876,0.0019234095234423876,0.9166666666666667,1.0,863,863
864,t2_b0,32,20,-0.10801329347982346,0.052523400634527206,0.012886014766991138,0.012886014766991138,0.9333333333333333,1.0,863,863
864,t2_b0,7,0,0.2177989440023687,0.06130277365446091,0.012245525605976582,0.012245525605976582,0.9500000000000001,1.0,863,863
864,t2_b0,17,36,0.21793395486625142,0.04569188505411148,0.014833666384220123,0.014833666384220123,0.92,1.0,863,863
864,t2_b0,1,25,0.1645594896648998,0.0035319775342941284,0.012964928522706032,0.012964928522706032,0.9142857142857143,1.0,863,863
864,t2_b0,34,37,0.030845595857335255,0.04309462755918503,7.501939398935065e-05,7.501939398935065e-05,0.9333333333333333,1.0,863,863
865,t2_b0,23,5,-0.03063581822430391,0.045081861317157745,0.0028665836434811354,0.0028665836434811354,0.025,1.0,864,864
865,t2_b0,33,17,-0.0075594723078799605,0.04433506727218628,0.00134652154520154,0.00134652154520154,0.03333333333333333,1.0,864,864
865,t2_b0,27,37,-0.10519484237952875,0.04580911248922348,0.011401097290217876,0.011401097290217876,0.9500000000000001,1.0,864,864
865,t2_b0,18,4,0.15631151404075813,0.04756250977516174,0.005913172848522663,0.005913172848522663,1.0,1.0,864,864
865,t2_b0,28,36,-0.12028630109414849,0.0463520810008049,0.013884173706173897,0.013884173706173897,0.9166666666666667,1.0,864,864
865,t2_b0,22,38,-0.10947927465296371,0.0489870123565197,0.012555783614516258,0.012555783614516258,0.9166666666666667,1.0,864,864
865,t2_b0,15,32,-0.2109743912832215,0.051819346845149994,0.03453027829527855,0.03453027829527855,0.92,1.0,864,864
865,t2_b0,3,7,0.25111636193825027,0.015273429453372955,0.027810946106910706,0.027810946106910706,0.925,1.0,864,864
865,t2_b0,8,6,-0.19151193918498194,0.0492313951253891,0.028978677466511726,0.028978677466511726,1.0,1.0,864,864
865,t2_b0,31,14,0.9563754929187797,0.05007908120751381,0.41068655252456665,0.41068655252456665,1.0,1.0,864,864
866,t2_b0,38,22,0.14435506110195984,0.04745776951313019,0.00469454238191247,0.00469454238191247,0.9142857142857143,1.0,865,865
866,t2_b0,34,37,0.41803665820775776,0.04610637202858925,0.06916607171297073,0.06916607171297073,0.9333333333333333,1.0,865,865
866,t2_b0,9,15,-0.04878646029883101,0.042159467935562134,0.004135581199079752,0.004135581199079752,0.9333333333333333,1.0,865,865
866,t2_b0,19,32,-0.05999243897030789,0.053095653653144836,0.006394458469003439,0.006394458469003439,0.9500000000000001,1.0,865,865
866,t2_b0,21,11,0.21839468784290259,0.047017645090818405,0.014685044065117836,0.014685044065117836,0.9125,1.0,865,865
866,t2_b0,29,36,-0.0785848673551826,0.04701321944594383,0.007887439802289009,0.007887439802289009,0.92,1.0,865,865
866,t2_b0,39,20,0.08227986330072219,0.052223946899175644,0.0004516789922490716,0.0004516789922490716,1.0,1.0,865,865
867,t2_b0,35,36,0.13326700034092118,0.043818406760692596,0.004000525455921888,0.004000525455921888,0.92,1.0,866,866
867,t2_b0,10,38,-0.23488765737422218,0.04734528809785843,0.03982771560549736,0.03982771560549736,0.9166666666666667,1.0,866,866
867,t2_b0,14,11,0.0989003580658244,0.04806312546133995,0.0012922119349241257,0.0012922119349241257,0.9166666666666667,1.0,866,866
867,t2_b0,15,32,0.022457349163843107,0.047868262976408005,0.0003228572604712099,0.0003228572604712099,0.925,1.0,866,866
867,t2_b0,5,21,-0.08115649979051001,0.05611786991357803,0.009422126226127148,0.009422126226127148,0.9333333333333333,1.0,866,866
867,t2_b0,25,34,0.12226381656060006,0.050256505608558655,0.0025925266090780497,0.0025925266090780497,0.9500000000000001,1.0,866,866
867,t2_b0,0,3,-0.004541147525327643,0.051652491092681885,0.0015788625460118055,0.0015788625460118055,0.9333333333333333,1.0,866,866
867,t2_b0,37,27,0.02558542430564297,0.04505893960595131,0.00018960890884045511,0.00018960890884045511,1.0,1.0,866,866
868,t2_b0,12,7,-0.13343733908051036,0.0591263584792614,0.018540387973189354,0.018540387973189354,0.9166666666666667,1.0,867,867
868,t2_b0,36,35,0.13010942903329736,0.041871652007102966,0.00389295257627964,0.00389295257627964,0.92,1.0,867,867
868,t2_b0,6,39,0.0,0.03684624284505844,0.0006788228056393564,0.0006788228056393564,1.0,1.0,866,866
868,t2_b0,30,15,0.02842403931163456,0.041615039110183716,8.700123726157472e-05,8.700123726157472e-05,0.9333333333333333,1.0,867,867
868,t2_b0,11,22,-0.0760082041550089,0.04812324792146683,0.00770430825650692,0.00770430825650692,0.9125,1.0,867,867
868,t2_b0,13,19,0.965428700874135,0.06439748406410217,0.40592867136001587,0.40592867136001587,1.0,1.0,867,867
868,t2_b0,1,2,0.13391064714846723,0.03436676412820816,0.00495449174195528,0.00495449174195528,0.9111111111111111,1.0,867,867
868,t2_b0,21,38,0.19726901952637602,0.04927846044301987,0.010950601659715176,0.010950601659715176,0.9142857142857143,1.0,867,867
869,t2_b0,31,22,-0.4112803203984359,0.05083971470594406,0.10677747428417206,0.10677747428417206,0.02,1.0,868,868
869,t2_b0,17,35,0.27510098331374,0.04321121424436569,0.026886429637670517,0.026886429637670517,0.92,1.0,868,868
869,t2_b0,32,30,-0.1102759104250405,0.04067433625459671,0.011392989195883274,0.011392989195883274,0.025,1.0,868,868
869,t2_b0,2,1,0.09513599676802105,0.04838427156209946,0.0010928617557510734,0.0010928617557510734,0.9166666666666667,1.0,868,868
869,t2_b0,7,0,0.33508495621305684,0.05844201147556305,0.0382656529545784,0.0382656529545784,0.92,1.0,868,868
869,t2_b0,26,12,0.020895583604531705,0.05840608477592468,0.0007035188027657568,0.0007035188027657568,0.92,1.0,868,868
869,t2_b0,4,20,0.9452520754343334,0.04966214671730995,0.40104061365127563,0.40104061365127563,0.9500000000000001,1.0,868,868
869,t2_b0,39,6,0.9388361516503163,0.04782587289810181,0.3969496488571167,0.3969496488571167,1.0,1.0,867,867
869,t2_b0,27,25,-0.2362822652060717,0.05211687088012695,0.04158702865242958,0.04158702865242958,1.0,1.0,868,868
870,t2_b0,28,26,0.07547692026866018,0.05976172164082527,0.00012348376912996173,0.00012348376912996173,0.925,1.0,869,869
870,t2_b0,13,19,0.027603342955247554,0.05956853926181793,0.000510886893607676,0.000510886893607676,0.9500000000000001,1.0,869,869
870,t2_b0,18,9,0.9262016140607696,0.04446309804916382,0.3887314200401306,0.3887314200401306,0.9333333333333333,1.0,869,869
870,t2_b0,20,15,0.032986605384587114,0.04146596044301987,3.5949746234109625e-05,3.5949746234109625e-05,0.9500000000000001,1.0,869,869
870,t2_b0,22,21,-0.014756798075778944,0.05381552129983902,0.0023510814644396305,0.0023510814644396305,0.9142857142857143,1.0,869,869
870,t2_b0,8,36,0.20714034034788317,0.04183701425790787,0.013662593439221382,0.013662593439221382,0.925,1.0,869,869
870,t2_b0,12,7,0.030789843698718806,0.05382642522454262,0.00026534206699579954,0.00026534206699579954,0.925,1.0,869,869
870,t2_b0,3,0,0.06961020495878557,0.052735861390829086,0.0001423717912985012,0.0001423717912985012,0.925,1.0,869,869
871,t2_b0,39,33,-0.13320303662192426,0.04031684249639511,0.015054574236273766,0.015054574236273766,1.0,1.0,870,870
871,t2_b0,37,20,0.9530137982595125,0.05930202081799507,0.399360328912735,0.399360328912735,1.0,1.0,870,870
871,t2_b0,23,22,-0.18624329479357773,0.054318465292453766,0.02893497794866562,0.02893497794866562,0.92,1.0,870,870
871,t2_b0,9,32,-0.027086700160475673,0.04128514975309372,0.002337354701012373,0.002337354701012373,0.925,1.0,870,870
871,t2_b0,34,25,0.1897998395221804,0.044444531202316284,0.010564083233475685,0.010564083233475685,0.92,1.0,870,870
871,t2_b0,29,35,0.03635758246399611,0.04106375575065613,1.1074037502112333e-05,1.1074037502112333e-05,0.9500000000000001,1.0,870,870
872,t2_b0,33,39,0.0,0.04031644016504288,0.0008127077016979456,0.0008127077016979456,0.9500000000000001,1.0,871,871
872,t2_b0,0,3,0.345983074549481,0.055946361273527145,0.04206065461039543,0.04206065461039543,0.925,1.0,871,871
872,t2_b0,10,11,-0.3069231397407003,0.05522046983242035,0.06557400524616241,0.06557400524616241,0.9166666666666667,1.0,871,871
872,t2_b0,30,19,0.09682106610445926,0.04640692099928856,0.0012707931455224752,0.0012707931455224752,0.925,1.0,871,871
872,t2_b0,15,20,0.006812701703627802,0.04895990714430809,0.0008881934336386621,0.0008881934336386621,0.9333333333333333,1.0,871,871
872,t2_b0,4,32,0.07445146993566508,0.046907976269721985,0.0003793219802901149,0.0003793219802901149,0.925,1.0,871,871
872,t2_b0,6,38,0.10757242262200672,0.100107841193676,2.7859978217747994e-05,2.7859978217747994e-05,1.0,1.0,1,871
872,t2_b0,35,36,0.12279974779974562,0.04615185409784317,0.0029374496079981327,0.0029374496079981327,0.92,1.0,871,871
872,t2_b0,5,21,-0.12891538169038796,0.05708133056759834,0.01729738898575306,0.01729738898575306,0.025,1.0,871,871
873,t2_b0,14,18,-0.07024723212122323,0.04984722658991814,0.0072113401256501675,0.0072113401256501675,0.925,1.0,872,872
873,t2_b0,31,17,-0.5195646248999294,0.053657155483961105,0.1642916202545166,0.1642916202545166,0.9333333333333333,1.0,872,872
873,t2_b0,1,11,0.001316890638337909,0.011007152497768402,4.6950593969086185e-05,4.6950593969086185e-05,0.92,1.0,872,872
873,t2_b0,6,38,0.0,0.15615737438201904,0.012192563153803349,0.012192563153803349,1.0,1.0,872,872
873,t2_b0,26,0,0.2971895663684884,0.06758859008550644,0.02635830268263817,0.02635830268263817,0.92,1.0,872,872
873,t2_b0,20,15,0.13842975314365624,0.042527563869953156,0.004598614294081926,0.004598614294081926,0.9500000000000001,1.0,872,872
873,t2_b0,36,35,0.07002527273407973,0.04632406681776047,0.0002808735880535096,0.0002808735880535096,0.925,1.0,872,872
873,t2_b0,25,34,0.0372751190857171,0.04664529114961624,4.3900046875933185e-05,4.3900046875933185e-05,0.92,1.0,872,872
873,t2_b0,19,32,0.12487330959733622,0.04530678689479828,0.003165415721014142,0.003165415721014142,0.925,1.0,872,872
874,t2_b0,38,31,0.9497848035136949,0.06772888451814651,0.38901135325431824,0.38901135325431824,0.9333333333333333,1.0,873,873
874,t2_b0,7,0,0.4592681286030676,0.06786389648914337,0.0765986293554306,0.0765986293554306,0.9333333333333333,1.0,873,873
874,t2_b0,37,15,-0.33952118719266244,0.050188224762678146,0.0759367123246193,0.0759367123246193,0.9500000000000001,1.0,873,873
874,t2_b0,32,9,-0.0044198953500621885,0.04796198755502701,0.001371930935420096,0.001371930935420096,0.925,1.0,873,873
874,t2_b0,27,25,-0.14797262645081008,0.05265142396092415,0.020125003531575203,0.020125003531575203,0.92,1.0,873,873
874,t2_b0,11,21,-0.04509428805684471,0.05623096972703934,0.005133403930813074,0.005133403930813074,0.9333333333333333,1.0,873,873
874,t2_b0,2,17,0.13235672618046002,0.0223158597946167,0.006054496858268976,0.006054496858268976,0.9333333333333333,1.0,873,873
874,t2_b0,12,29,0.1677987559707142,0.0438230037689209,0.0076849935576319695,0.0076849935576319695,0.9500000000000001,1.0,873,873
875,t2_b0,17,2,-0.023451245125721457,0.06101449206471443,0.003567230189219117,0.003567230189219117,1.0,1.0,874,874
875,t2_b0,23,22,0.02524186562610089,0.057212553918361664,0.000511062447912991,0.000511062447912991,0.92,1.0,874,874
875,t2_b0,21,11,-0.004051849016184406,0.0575733445584774,0.0018988322699442506,0.0018988322699442506,0.9166666666666667,1.0,874,874
875,t2_b0,13,3,-0.31107461145877163,0.06679703295230865,0.07139348238706589,0.07139348238706589,0.025,1.0,874,874
875,t2_b0,38,31,0.3614269781206358,0.06457743048667908,0.04405982792377472,0.04405982792377472,0.925,1.0,874,874
875,t2_b0,8,39,0.0,0.04291343688964844,0.000920781516470015,0.000920781516470015,0.92,1.0,874,874
876,t2_b0,18,17,-0.5592033280467557,0.06092958152294159,0.19228242337703705,0.19228242337703705,0.9500000000000001,1.0,875,875
876,t2_b0,19,9,0.08118051523794247,0.049016937613487244,0.0005172477685846388,0.0005172477685846388,0.925,1.0,875,875
876,t2_b0,3,0,-0.01320812579784778,0.0641184002161026,0.00298969610594213,0.00298969610594213,0.92,1.0,875,875
876,t2_b0,34,25,0.043074352848994316,0.04474365711212158,1.3932855154052959e-06,1.3932855154052959e-06,0.9166666666666667,1.0,875,875
876,t2_b0,22,21,-0.015966505280237478,0.0645633116364479,0.003242525737732649,0.003242525737732649,0.925,1.0,875,875
876,t2_b0,29,12,0.04570179527153999,0.04314874857664108,3.259021241319715e-06,3.259021241319715e-06,0.92,1.0,875,875
876,t2_b0,14,32,-0.03988140067499178,0.049257706850767136,0.003972889855504036,0.003972889855504036,0.925,1.0,875,875
877,t2_b0,10,11,-0.15009176353931653,0.05888143554329872,0.021834898740053177,0.021834898740053177,0.92,1.0,876,876
877,t2_b0,28,35,0.9605978649200666,0.052040133625268936,0.412738561630249,0.412738561630249,1.0,1.0,876,876
877,t2_b0,5,22,-0.17112804738165832,0.05874587222933769,0.026421010494232178,0.026421010494232178,0.92,1.0,876,876
877,t2_b0,15,36,0.0,0.04074321687221527,0.0008300048648379743,0.0008300048648379743,1.0,1.0,876,876
877,t2_b0,20,29,0.9407250236092191,0.04918210208415985,0.3974243700504303,0.3974243700504303,0.9333333333333333,1.0,876,876
877,t2_b0,9,32,0.056983864519194925,0.047473229467868805,4.5226101065054536e-05,4.5226101065054536e-05,0.9333333333333333,1.0,876,876
877,t2_b0,25,34,0.16259596045261632,0.05949386581778526,0.005315020214766264,0.005315020214766264,0.925,1.0,876,876
877,t2_b0,30,0,0.000533520165009225,0.06818196922540665,0.0022881561890244484,0.0022881561890244484,0.92,1.0,876,876
877,t2_b0,39,12,-0.35732141480046214,0.041521139442920685,0.07953768968582153,0.07953768968582153,0.925,1.0,876,876
878,t2_b0,36,15,0.9540688232241751,0.044766608625650406,0.4134152829647064,0.4134152829647064,1.0,1.0,877,877
878,t2_b0,26,7,-0.005531452130868773,0.0668596550822258,0.002620236249640584,0.002620236249640584,0.92,1.0,877,877
878,t2_b0,6,2,0.7529284029441302,0.06699725985527039,0.23525072634220123,0.23525072634220123,0.925,1.0,877,877
878,t2_b0,0,3,0.030127709081641568,0.0627460777759552,0.0005319789052009583,0.0005319789052009583,0.925,1.0,877,877
878,t2_b0,21,1,-0.1147605653163694,0.0576898530125618,0.014869574457406998,0.014869574457406998,0.016666666666666666,1.0,877,877
878,t2_b0,31,38,0.08538911945378883,0.0635969340801239,0.0002374497416894883,0.0002374497416894883,0.9500000000000001,1.0,877,877
878,t2_b0,35,28,0.23541919309016535,0.04477504640817642,0.018172595649957657,0.018172595649957657,1.0,1.0,877,877
878,t2_b0,4,32,-0.23780055816647738,0.046990688890218735,0.0405530221760273,0.0405530221760273,0.9500000000000001,1.0,877,877
879,t2_b0,7,0,0.20239464841372237,0.07390405237674713,0.008254916407167912,0.008254916407167912,0.925,1.0,878,878
879,t2_b0,12,34,-0.12637091691036184,0.05897192284464836,0.017175985500216484,0.017175985500216484,0.925,1.0,878,878
879,t2_b0,17,18,-0.06257806138475014,0.05810851976275444,0.007282624952495098,0.007282624952495098,0.9500000000000001,1.0,878,878
879,t2_b0,37,4,-0.0934898974376932,0.056965172290802,0.011318364180624485,0.011318364180624485,1.0,1.0,878,878
879,t2_b0,1,11,0.09819265751045236,0.015910737216472626,0.0033851568587124348,0.0033851568587124348,0.9166666666666667,1.0,878,878
879,t2_b0,27,25,0.11224114535727922,0.060510627925395966,0.0013380234595388174,0.0013380234595388174,0.9166666666666667,1.0,878,878
880,t2_b0,38,12,-0.0787377439064366,0.0592368021607399,0.009518487378954887,0.009518487378954887,0.925,1.0,879,879
880,t2_b0,2,34,-0.21274158723471018,0.030719995498657227,0.029636770486831665,0.029636770486831665,0.9166666666666667,1.0,879,879
880,t2_b0,35,33,0.09354733831807695,0.10030127316713333,2.2807827917858958e-05,2.2807827917858958e-05,1.0,1.0,1,879
880,t2_b0,15,28,0.9837051743818509,0.06086612492799759,0.4258159399032593,0.4258159399032593,1.0,1.0,879,879
880,t2_b0,8,20,-0.0005676346464933151,0.05669666454195976,0.0016395999118685722,0.0016395999118685722,0.025,1.0,879,879
880,t2_b0,32,4,0.12611610004305696,0.057360149919986725,0.002363690175116062,0.002363690175116062,0.9333333333333333,1.0,879,879
880,t2_b0,18,21,-0.15161116331821778,0.061976898461580276,0.02280993014574051,0.02280993014574051,0.9166666666666667,1.0,879,879
880,t2_b0,3,0,0.0,0.06963282078504562,0.002424364909529686,0.002424364909529686,0.9166666666666667,1.0,879,879
880,t2_b0,13,19,-0.04895363780540362,0.07291056960821152,0.007425442337989807,0.007425442337989807,0.9166666666666667,1.0,879,879
881,t2_b0,22,4,0.9899543945922106,0.07164967060089111,0.4216417968273163,0.4216417968273163,0.9333333333333333,1.0,880,880
881,t2_b0,39,8,0.2869940509004148,0.05189742147922516,0.027635209262371063,0.027635209262371063,0.9333333333333333,1.0,880,880
881,t2_b0,23,21,-0.06839582245410784,0.06270134449005127,0.008593233302235603,0.008593233302235603,0.92,1.0,880,880
881,t2_b0,29,5,0.9594125529157553,0.0684654638171196,0.39689338207244873,0.39689338207244873,1.0,1.0,880,880
881,t2_b0,9,32,-0.03506939566047353,0.06080453842878342,0.0045959060080349445,0.0045959060080349445,0.9333333333333333,1.0,880,880
881,t2_b0,34,25,0.008379023946800644,0.059825267642736435,0.0013233580393716693,0.0013233580393716693,0.92,1.0,880,880
881,t2_b0,33,3,0.9474557603016297,0.07680065184831619,0.37902015447616577,0.37902015447616577,0.925,1.0,880,880
882,t2_b0,20,8,-0.17394879414448275,0.05847734957933426,0.027010954916477203,0.027010954916477203,0.9333333333333333,1.0,881,881
882,t2_b0,25,34,0.08161313054900807,0.061973508447408676,0.00019285739108454436,0.00019285739108454436,0.925,1.0,881,881
882,t2_b0,10,5,-0.23824198724842224,0.06295543909072876,0.04535993933677673,0.04535993933677673,0.02,1.0,881,881
882,t2_b0,30,0,0.0003634562740886336,0.07273760437965393,0.002619008766487241,0.002619008766487241,0.92,1.0,881,881
882,t2_b0,19,13,0.17619681339247253,0.0660332664847374,0.006068003363907337,0.006068003363907337,0.92,1.0,881,881
882,t2_b0,11,21,0.005697515955516194,0.062496304512023926,0.001613051281310618,0.001613051281310618,0.925,1.0,881,881
882,t2_b0,14,33,0.097440380797583,0.07207588851451874,0.0003216788172721863,0.0003216788172721863,0.92,1.0,881,881
882,t2_b0,4,32,0.0,0.059415604919195175,0.001765107037499547,0.001765107037499547,0.9333333333333333,1.0,881,881
882,t2_b0,31,7,0.9618812582929889,0.07888801395893097,0.3898385763168335,0.3898385763168335,1.0,1.0,881,881
883,t2_b0,1,11,0.014697602387251287,0.020642146468162537,1.7668804503045976e-05,1.7668804503045976e-05,0.92,1.0,882,882
883,t2_b0,36,37,0.2697292930333296,0.06970757246017456,0.02000434324145317,0.02000434324145317,0.9500000000000001,1.0,882,882
883,t2_b0,35,3,0.9319728016803723,0.07991933077573776,0.36299756169319153,0.36299756169319153,0.9333333333333333,1.0,882,882
883,t2_b0,5,10,-0.24383733769709184,0.0622667521238327,0.04684985801577568,0.04684985801577568,0.92,1.0,882,882
883,t2_b0,31,7,-0.9112012041079017,0.07408518344163895,0.48539459705352783,0.48539459705352783,1.0,1.0,882,882
883,t2_b0,28,34,0.2848007496186958,0.06385985761880875,0.024407437071204185,0.024407437071204185,0.9142857142857143,1.0,882,882
883,t2_b0,6,12,-0.7880582811041987,0.062437158077955246,0.3616712689399719,0.3616712689399719,0.925,1.0,882,882
883,t2_b0,26,0,0.1322527246783231,0.07199424505233765,0.0018155421130359173,0.0018155421130359173,0.92,1.0,882,882
884,t2_b0,11,21,0.051384109455759185,0.0656081959605217,0.00010116230987478048,0.00010116230987478048,0.925,1.0,883,883
884,t2_b0,15,34,0.1475943866383698,0.06482921540737152,0.003425037255510688,0.003425037255510688,0.92,1.0,883,883
884,t2_b0,7,0,0.17509446541278825,0.07243756204843521,0.005269220564514399,0.005269220564514399,0.92,1.0,883,883
884,t2_b0,37,36,0.0,0.07568947970867157,0.0028644485864788294,0.0028644485864788294,0.03333333333333333,1.0,883,883
884,t2_b0,2,27,-0.04668573430718537,0.032611407339572906,0.003144018119201064,0.003144018119201064,0.016666666666666666,1.0,883,883
884,t2_b0,12,17,0.002051481760213687,0.06153684854507446,0.0017692545661702752,0.0017692545661702752,1.0,1.0,883,883
884,t2_b0,22,4,0.17659280387504836,0.07628003507852554,0.005031324923038483,0.005031324923038483,0.9333333333333333,1.0,883,883
885,t2_b0,28,34,0.30401753186778563,0.06262728571891785,0.029134627431631088,0.029134627431631088,0.92,1.0,884,884
885,t2_b0,18,11,0.945073717876655,0.07824400812387466,0.3756968677043915,0.3756968677043915,1.0,1.0,884,884
885,t2_b0,0,3,0.03680413994736121,0.0691719502210617,0.0005238375742919743,0.0005238375742919743,0.925,1.0,884,884
885,t2_b0,38,27,0.02241791634489281,0.06183426082134247,0.0007768240757286549,0.0007768240757286549,0.9333333333333333,1.0,884,884
885,t2_b0,33,13,0.1990859886850378,0.07210059463977814,0.00806264579296112,0.00806264579296112,0.92,1.0,884,884
885,t2_b0,17,12,0.012463122723468412,0.05883272364735603,0.001075070002116263,0.001075070002116263,0.9500000000000001,1.0,884,884
885,t2_b0,23,21,0.1297910640871166,0.06531013548374176,0.0020788952242583036,0.0020788952242583036,0.92,1.0,884,884
885,t2_b0,32,4,0.1645325246614343,0.06891153752803802,0.004571686964482069,0.004571686964482069,0.9333333333333333,1.0,884,884
886,t2_b0,4,32,0.17870931433390141,0.07394415140151978,0.005487869493663311,0.005487869493663311,0.925,1.0,885,885
886,t2_b0,27,25,-0.07073959206143075,0.06350990384817123,0.009011463262140751,0.009011463262140751,0.9166666666666667,1.0,885,885
886,t2_b0,9,19,0.0016097309312367689,0.0685800313949585,0.002242510672658682,0.002242510672658682,0.03333333333333333,1.0,885,885
886,t2_b0,39,8,0.028518442637355496,0.06858213245868683,0.0008025496499612927,0.0008025496499612927,0.9333333333333333,1.0,885,885
886,t2_b0,3,0,0.04695589513621304,0.0734587237238884,0.0003511999675538391,0.0003511999675538391,0.9125,1.0,885,885
886,t2_b0,13,30,-0.061434254520980495,0.07343041896820068,0.00909424014389515,0.00909424014389515,0.9142857142857143,1.0,885,885
886,t2_b0,21,11,-0.019809040382466538,0.06599235534667969,0.0036809395533055067,0.0036809395533055067,0.9166666666666667,1.0,885,885
887,t2_b0,30,0,0.08254263261227779,0.07649791240692139,1.826933839765843e-05,1.826933839765843e-05,0.92,1.0,886,886
887,t2_b0,19,32,0.021207326594926315,0.07222539931535721,0.00130142190027982,0.00130142190027982,0.92,1.0,886,886
887,t2_b0,5,1,-0.607272658053171,0.06744204461574554,0.2276199907064438,0.2276199907064438,0.92,1.0,886,886
887,t2_b0,25,34,0.13243037682350892,0.06292742490768433,0.0024153299164026976,0.0024153299164026976,0.92,1.0,886,886
887,t2_b0,10,11,-0.16932331206624449,0.06690609455108643,0.027902165427803993,0.027902165427803993,0.9166666666666667,1.0,886,886
887,t2_b0,29,21,-0.5812860570089183,0.07021595537662506,0.21222743391990662,0.21222743391990662,0.925,1.0,886,886
887,t2_b0,20,39,0.13559400127373852,0.06921429932117462,0.002203132025897503,0.002203132025897503,0.9333333333333333,1.0,886,886
887,t2_b0,35,3,-0.24636545329376572,0.07211878895759583,0.050716105848550797,0.050716105848550797,0.925,1.0,886,886
888,t2_b0,26,0,0.11400361031992624,0.07567895948886871,0.0007343895849771798,0.0007343895849771798,0.92,1.0,887,887
888,t2_b0,34,25,0.0,0.06334123015403748,0.002006055787205696,0.002006055787205696,0.92,1.0,887,887
888,t2_b0,14,3,0.050062852278551104,0.07620222121477127,0.0003416332765482366,0.0003416332765482366,0.9166666666666667,1.0,887,887
888,t2_b0,6,27,-0.10201628258229699,0.06331242620944977,0.013666791841387749,0.013666791841387749,0.925,1.0,887,887
888,t2_b0,1,11,0.05075447620482575,0.02247205376625061,0.00039994771941564977,0.00039994771941564977,0.9166666666666667,1.0,887,887
888,t2_b0,36,4,-0.10627166877310917,0.08104684948921204,0.017544113099575043,0.017544113099575043,0.9333333333333333,1.0,887,887
888,t2_b0,31,7,-1.0,0.07505633682012558,0.5750563144683838,0.5750563144683838,1.0,1.0,887,887
889,t2_b0,27,34,0.10958694122883861,0.06432874500751495,0.0010241520358249545,0.0010241520358249545,0.9166666666666667,1.0,888,888
889,t2_b0,11,21,-0.12160216985457822,0.06700189411640167,0.01778574474155903,0.01778574474155903,0.92,1.0,888,888
889,t2_b0,37,22,7.092571342377385e-05,0.08498194813728333,0.0036049410700798035,0.0036049410700798035,0.03333333333333333,1.0,888,888
889,t2_b0,7,0,-0.024001185690064448,0.07589273154735565,0.004989396780729294,0.004989396780729294,0.92,1.0,888,888
889,t2_b0,12,17,-0.05080778606551733,0.06127484515309334,0.006281258072704077,0.006281258072704077,0.9333333333333333,1.0,888,888
889,t2_b0,32,9,0.06753958069737553,0.07552284002304077,3.186622052453458e-05,3.186622052453458e-05,0.03333333333333333,1.0,888,888
890,t2_b0,2,6,0.010788131011389854,0.034294016659259796,0.0002762633084785193,0.0002762633084785193,0.016666666666666666,1.0,889,889
890,t2_b0,0,3,0.0185270718235039,0.07274608314037323,0.0014698505401611328,0.0014698505401611328,0.925,1.0,889,889
890,t2_b0,21,11,0.06822798068867449,0.06798073649406433,3.0565669106863425e-08,3.0565669106863425e-08,0.9166666666666667,1.0,889,889
890,t2_b0,28,38,-0.16184352206096064,0.06455032527446747,0.02562708780169487,0.02562708780169487,0.925,1.0,889,889
890,t2_b0,13,26,-0.2983068328187198,0.07549470663070679,0.06986378878355026,0.06986378878355026,0.9142857142857143,1.0,889,889
890,t2_b0,8,34,-0.5770892474001539,0.06658335030078888,0.2071571946144104,0.2071571946144104,0.9333333333333333,1.0,889,889
890,t2_b0,17,12,0.10296002362797363,0.05789579823613167,0.0010153920156881213,0.0010153920156881213,0.9333333333333333,1.0,889,889
890,t2_b0,23,5,-0.0958448602733161,0.06714166700839996,0.013282302767038345,0.013282302767038345,0.02,1.0,889,889
890,t2_b0,33,14,-0.24806397216507323,0.0755005031824112,0.052346982061862946,0.052346982061862946,0.02,1.0,889,889
890,t2_b0,22,37,-0.05915363505801701,0.08404093235731125,0.01025234255939722,0.01025234255939722,0.9333333333333333,1.0,889,889
891,t2_b0,9,32,0.07693053527898419,0.07483150064945221,2.2029785213817377e-06,2.2029785213817377e-06,0.9333333333333333,1.0,890,890
891,t2_b0,3,0,0.01695281169206301,0.07533144950866699,0.0017040326492860913,0.0017040326492860913,0.9125,1.0,890,890
891,t2_b0,38,27,-0.053830193136125415,0.06355033814907074,0.006889094598591328,0.006889094598591328,0.92,1.0,890,890
891,t2_b0,15,7,-0.0031919546648295485,0.0774233415722847,0.003249413101002574,0.003249413101002574,0.9500000000000001,1.0,890,890
891,t2_b0,29,21,-0.0038792882816289787,0.07196066528558731,0.002875849138945341,0.002875849138945341,0.925,1.0,890,890
891,t2_b0,34,25,0.002363025656093138,0.061770450323820114,0.0017646210035309196,0.0017646210035309196,0.925,1.0,890,890
891,t2_b0,39,20,0.10780993935884596,0.06096701696515083,0.0010971296578645706,0.0010971296578645706,0.9500000000000001,1.0,890,890
892,t2_b0,4,32,-0.2950874695409063,0.0817861407995224,0.07101686298847198,0.07101686298847198,0.925,1.0,891,891
892,t2_b0,35,13,0.01103911274951875,0.07245635241270065,0.0018860386917367578,0.0018860386917367578,0.925,1.0,891,891
892,t2_b0,30,0,-0.012770421742165703,0.07745617628097534,0.004070419352501631,0.004070419352501631,0.92,1.0,891,891
892,t2_b0,20,8,-0.014733875668907282,0.06517443060874939,0.0031926685478538275,0.0031926685478538275,0.9500000000000001,1.0,891,891
892,t2_b0,18,38,-0.6818181513134957,0.06289145350456238,0.2772962152957916,0.2772962152957916,0.92,1.0,891,891
892,t2_b0,25,34,0.11744724026586485,0.064063161611557,0.0014249300584197044,0.0014249300584197044,0.9333333333333333,1.0,891,891
892,t2_b0,10,11,-0.17885647574023827,0.06880702078342438,0.030668603256344795,0.030668603256344795,0.9166666666666667,1.0,891,891
892,t2_b0,14,3,0.23344830335994024,0.07313820719718933,0.012849662452936172,0.012849662452936172,0.9166666666666667,1.0,891,891
892,t2_b0,5,21,-0.1403698268803917,0.06925246119499207,0.021970752626657486,0.021970752626657486,0.92,1.0,891,891
893,t2_b0,1,11,0.10634013219746313,0.02401053160429001,0.003389081684872508,0.003389081684872508,0.92,1.0,892,892
893,t2_b0,6,27,-0.22235173658369695,0.06466880440711975,0.04119039326906204,0.04119039326906204,0.92,1.0,892,892
893,t2_b0,36,4,0.27223140231250537,0.0848432183265686,0.017557164654135704,0.017557164654135704,0.9333333333333333,1.0,892,892
893,t2_b0,19,32,-0.05257965626777114,0.07443808019161224,0.008066752925515175,0.008066752925515175,0.92,1.0,892,892
893,t2_b0,15,7,0.38984811337985853,0.07743830978870392,0.048799946904182434,0.048799946904182434,0.03333333333333333,1.0,892,892
893,t2_b0,26,0,0.06788934942728143,0.07694490253925323,4.100153819308616e-05,4.100153819308616e-05,0.92,1.0,892,892
894,t2_b0,11,21,0.025655078097875966,0.06983259320259094,0.0009758265223354101,0.0009758265223354101,0.925,1.0,893,893
894,t2_b0,7,0,0.06429519280708405,0.07769737392663956,8.980919665191323e-05,8.980919665191323e-05,0.9166666666666667,1.0,893,893
894,t2_b0,22,37,0.18657605967151392,0.08978334069252014,0.004684414714574814,0.004684414714574814,0.9333333333333333,1.0,893,893
894,t2_b0,27,25,0.14386367600421732,0.06443769484758377,0.003154243342578411,0.003154243342578411,0.92,1.0,893,893
894,t2_b0,17,12,0.13942285669177273,0.06194404140114784,0.0030014843214303255,0.0030014843214303255,0.9333333333333333,1.0,893,893
894,t2_b0,32,4,0.08964927122027523,0.0782349482178688,6.514342385344207e-05,6.514342385344207e-05,0.9333333333333333,1.0,893,893
895,t2_b0,13,26,-0.048575626207568,0.07694558799266815,0.007877787575125694,0.007877787575125694,0.9142857142857143,1.0,894,894
895,t2_b0,31,7,-0.6883872306854868,0.08445250988006592,0.2986406087875366,0.2986406087875366,0.9500000000000001,1.0,894,894
895,t2_b0,0,3,0.1263486183391845,0.07401606440544128,0.0013693479122593999,0.0013693479122593999,0.925,1.0,894,894
895,t2_b0,23,21,0.05103949176582933,0.07072580605745316,0.00019377550052013248,0.00019377550052013248,0.92,1.0,894,894
895,t2_b0,12,17,0.03554427930746218,0.06201076880097389,0.0003502375038806349,0.0003502375038806349,0.9500000000000001,1.0,894,894
895,t2_b0,38,27,0.06629829920033836,0.06433242559432983,1.932328132170369e-06,1.932328132170369e-06,0.925,1.0,894,894
895,t2_b0,8,34,0.288764047043459,0.06580032408237457,0.024856412783265114,0.024856412783265114,0.9333333333333333,1.0,894,894
895,t2_b0,2,25,0.01738688568391257,0.03532310575246811,0.0001608540042070672,0.0001608540042070672,0.9166666666666667,1.0,894,894
895,t2_b0,37,4,-0.05832639809055207,0.09270510822534561,0.011405258439481258,0.011405258439481258,0.9333333333333333,1.0,894,894
896,t2_b0,3,0,-0.00020920046158357165,0.07698581367731094,0.002979534910991788,0.002979534910991788,0.9125,1.0,895,895
896,t2_b0,9,32,-0.023238240056144218,0.07769230753183365,0.005093487910926342,0.005093487910926342,0.9333333333333333,1.0,895,895
896,t2_b0,18,38,0.03999755090639163,0.06226065009832382,0.00024782278342172503,0.00024782278342172503,0.92,1.0,895,895
896,t2_b0,34,25,0.03279190382989474,0.06269284337759018,0.0004470330604817718,0.0004470330604817718,0.925,1.0,895,895
896,t2_b0,21,23,-0.06781300538860888,0.07044745981693268,0.009557978250086308,0.009557978250086308,0.9166666666666667,1.0,895,895
896,t2_b0,39,20,0.0032294408957900915,0.0620601624250412,0.0017305270303040743,0.0017305270303040743,0.05,1.0,895,895
896,t2_b0,14,13,-0.0025542602297667074,0.07671044766902924,0.0031414469704031944,0.0031414469704031944,0.016666666666666666,1.0,895,895
897,t2_b0,15,31,0.1673429503213225,0.0730200707912445,0.00444840220734477,0.00444840220734477,1.0,1.0,896,896
897,t2_b0,20,8,0.025877915628985566,0.06511542201042175,0.0007697909604758024,0.0007697909604758024,0.9500000000000001,1.0,896,896
897,t2_b0,25,34,0.10297919647380036,0.06370815634727478,0.0007711073849350214,0.0007711073849350214,0.9333333333333333,1.0,896,896
897,t2_b0,33,3,-0.4970069574035594,0.0720161497592926,0.16189366579055786,0.16189366579055786,0.92,1.0,896,896
897,t2_b0,30,0,0.032811317888054296,0.0779552012681961,0.0010189851745963097,0.0010189851745963097,0.92,1.0,896,896
897,t2_b0,10,1,-0.08279654066625405,0.07108438014984131,0.011839669197797775,0.011839669197797775,0.9166666666666667,1.0,896,896
897,t2_b0,19,32,-0.06916672190008823,0.07657820731401443,0.010620790533721447,0.010620790533721447,0.92,1.0,896,896
897,t2_b0,5,29,-0.02947556004434928,0.070706307888031,0.005018203519284725,0.005018203519284725,0.02,1.0,896,896
898,t2_b0,4,32,-0.1694719072197247,0.08427109569311142,0.03219275176525116,0.03219275176525116,0.925,1.0,897,897
898,t2_b0,31,7,-0.435661822329889,0.07633379101753235,0.13106974959373474,0.13106974959373474,1.0,1.0,897,897
898,t2_b0,1,11,0.0,0.027946002781391144,0.00039048952748999,0.00039048952748999,0.925,1.0,897,897
898,t2_b0,6,38,0.1294591425545274,0.06407859176397324,0.0021373082417994738,0.0021373082417994738,0.925,1.0,897,897
898,t2_b0,35,3,-0.4444145021040993,0.07634449005126953,0.13559496402740479,0.13559496402740479,0.925,1.0,897,897
898,t2_b0,21,10,0.49837553955916736,0.0677894726395607,0.09270218014717102,0.09270218014717102,0.92,1.0,897,897
898,t2_b0,26,0,0.07221150893251992,0.07681845873594284,1.0611981451802421e-05,1.0611981451802421e-05,0.92,1.0,897,897
899,t2_b0,27,25,0.013111077928757032,0.06433876603841782,0.0013121380470693111,0.0013121380470693111,0.92,1.0,898,898
899,t2_b0,29,10,-0.35324158790214455,0.06437818706035614,0.08720313757658005,0.08720313757658005,0.9333333333333333,1.0,898,898
899,t2_b0,11,21,-0.0018109124928890761,0.07246605306863785,0.0027585341595113277,0.0027585341595113277,0.925,1.0,898,898
899,t2_b0,12,17,7.92236833542527e-05,0.06172207370400429,0.0018999206367880106,0.0018999206367880106,0.9500000000000001,1.0,898,898
899,t2_b0,7,0,0.03841441648332704,0.07686935365200043,0.0007393911364488304,0.0007393911364488304,0.92,1.0,898,898
899,t2_b0,37,4,0.15103161861892198,0.08422905951738358,0.002231290563941002,0.002231290563941002,0.9333333333333333,1.0,898,898
900,t2_b0,18,38,0.05462510019714327,0.06324279308319092,3.713230398716405e-05,3.713230398716405e-05,0.92,1.0,899,899
900,t2_b0,17,12,-0.016187235191331972,0.06095393747091293,0.0029753802809864283,0.0029753802809864283,0.9333333333333333,1.0,899,899
900,t2_b0,8,34,-0.25459436804027286,0.06553983688354492,0.051242951303720474,0.051242951303720474,0.9333333333333333,1.0,899,899
900,t2_b0,22,4,-0.21380545444822963,0.08413416147232056,0.044384002685546875,0.044384002685546875,0.9333333333333333,1.0,899,899
900,t2_b0,13,3,0.014332731185358013,0.07664459943771362,0.0019413845147937536,0.0019413845147937536,0.9142857142857143,1.0,899,899
900,t2_b0,23,10,-0.01186212652609204,0.07257460057735443,0.003564780578017235,0.003564780578017235,0.92,1.0,899,899
901,t2_b0,4,32,-0.06350593617468374,0.08083689957857132,0.010417427867650986,0.010417427867650986,0.92,1.0,900,900
901,t2_b0,29,10,-0.2281915581455948,0.07155603915452957,0.044924307614564896,0.044924307614564896,0.9333333333333333,1.0,900,900
901,t2_b0,19,9,0.3525473074622223,0.07560205459594727,0.03834933787584305,0.03834933787584305,0.92,1.0,900,900
901,t2_b0,38,6,0.02154679627862281,0.0638054683804512,0.0008928977185860276,0.0008928977185860276,0.925,1.0,900,900
901,t2_b0,0,3,-0.025008444601931763,0.07368645817041397,0.004870342090725899,0.004870342090725899,0.92,1.0,900,900
901,t2_b0,34,25,0.31062107723936927,0.06200677156448364,0.030904537066817284,0.030904537066817284,0.925,1.0,900,900
902,t2_b0,36,37,0.006450709286714121,0.08439473062753677,0.0030376350041478872,0.0030376350041478872,0.9500000000000001,1.0,901,901
902,t2_b0,30,0,0.022496416161744474,0.0803651213645935,0.0016743934247642756,0.0016743934247642756,0.92,1.0,901,901
902,t2_b0,33,3,-0.4351389029652722,0.07770862430334091,0.1315062940120697,0.1315062940120697,0.92,1.0,901,901
902,t2_b0,5,10,-0.23069714994960908,0.07174915820360184,0.0457368828356266,0.0457368828356266,0.925,1.0,901,901
902,t2_b0,20,8,-0.014123819591725128,0.062458138912916183,0.0029323978815227747,0.0029323978815227747,0.9500000000000001,1.0,901,901
902,t2_b0,25,34,0.13102321662543456,0.06513374298810959,0.0021707110572606325,0.0021707110572606325,0.925,1.0,901,901
902,t2_b0,32,4,-0.055116485676663565,0.079157754778862,0.009014786221086979,0.009014786221086979,0.925,1.0,901,901
903,t2_b0,2,25,-0.021333200157705682,0.036232493817806244,0.0016569047002121806,0.0016569047002121806,0.92,1.0,902,902
903,t2_b0,36,37,0.08750801295399932,0.08733606338500977,1.4783736901335942e-08,1.4783736901335942e-08,0.9500000000000001,1.0,902,902
903,t2_b0,39,34,-0.15482380052152608,0.0680413544178009,0.024834437295794487,0.024834437295794487,0.9333333333333333,1.0,902,902
903,t2_b0,35,13,-0.3495980520348387,0.07876849174499512,0.09174894541501999,0.09174894541501999,0.025,1.0,902,902
903,t2_b0,6,38,0.17574893831960695,0.0644410029053688,0.006194728892296553,0.006194728892296553,0.925,1.0,902,902
903,t2_b0,26,0,0.02758657301802959,0.07961004972457886,0.0013532211305573583,0.0013532211305573583,0.9166666666666667,1.0,902,902
903,t2_b0,11,1,0.25887807622514736,0.07085642963647842,0.01767607219517231,0.01767607219517231,0.925,1.0,902,902
903,t2_b0,14,3,0.010056039896808555,0.07915805280208588,0.0023875439073890448,0.0023875439073890448,0.9166666666666667,1.0,902,902
903,t2_b0,9,32,-0.007425290402999979,0.07668768614530563,0.0035374965518712997,0.0035374965518712997,0.925,1.0,902,902
904,t2_b0,12,17,0.15316312815454375,0.07091910392045975,0.0033820404205471277,0.0033820404205471277,0.925,1.0,903,903
904,t2_b0,21,1,0.29142457448788367,0.07123604416847229,0.0242414940148592,0.0242414940148592,0.92,1.0,903,903
904,t2_b0,27,25,-0.003295450315193871,0.062538281083107,0.0021670402493327856,0.0021670402493327856,0.92,1.0,903,903
904,t2_b0,32,4,0.3944878880343825,0.07630262523889542,0.05062093213200569,0.05062093213200569,0.925,1.0,903,903
904,t2_b0,31,0,-0.24660797391708922,0.0796516090631485,0.05322265625,0.05322265625,0.925,1.0,903,903
904,t2_b0,22,37,0.0,0.08975331485271454,0.004027828574180603,0.004027828574180603,0.9500000000000001,1.0,903,903
904,t2_b0,7,30,0.023608337031547605,0.07939256727695465,0.001555940369144082,0.001555940369144082,0.03333333333333333,1.0,903,903
905,t2_b0,8,27,0.26648121793302854,0.06171739101409912,0.020964112132787704,0.020964112132787704,0.025,1.0,904,904
905,t2_b0,37,4,0.06415835890148244,0.0812840610742569,0.00014664485934190452,0.00014664485934190452,0.9166666666666667,1.0,904,904
905,t2_b0,18,2,0.005596895323901943,0.062159463763237,0.0015996621223166585,0.0015996621223166585,0.03333333333333333,1.0,904,904
905,t2_b0,1,10,-0.27210283736168217,0.030849091708660126,0.04588993638753891,0.04588993638753891,0.9166666666666667,1.0,904,904
905,t2_b0,17,12,-0.049789440190940906,0.07092929631471634,0.007286506239324808,0.007286506239324808,0.9166666666666667,1.0,904,904
905,t2_b0,15,7,0.2243977841731808,0.09280458092689514,0.008658384904265404,0.008658384904265404,1.0,1.0,904,904
905,t2_b0,38,6,0.22680239779453867,0.06225156411528587,0.013538487255573273,0.013538487255573273,0.9333333333333333,1.0,904,904
905,t2_b0,13,3,0.030655116904701324,0.07873599976301193,0.0011558857513591647,0.0011558857513591647,0.9166666666666667,1.0,904,904
905,t2_b0,0,26,0.24711954566910804,0.045226238667964935,0.020380452275276184,0.020380452275276184,0.925,1.0,904,904
906,t2_b0,14,3,0.011816385560921235,0.07763645797967911,0.002166141290217638,0.002166141290217638,0.9142857142857143,1.0,905,905
906,t2_b0,29,23,-0.4820227623888318,0.06971355527639389,0.15220646560192108,0.15220646560192108,0.9500000000000001,1.0,905,905
906,t2_b0,2,8,-0.005678001182621802,0.031693167984485626,0.000698302173987031,0.000698302173987031,0.92,1.0,905,905
906,t2_b0,9,37,0.13854799910829674,0.07921646535396576,0.0017601156141608953,0.0017601156141608953,0.02,1.0,905,905
906,t2_b0,19,4,-0.05276092741733455,0.07934044301509857,0.00872538611292839,0.00872538611292839,0.925,1.0,905,905
906,t2_b0,10,21,0.0,0.06707979738712311,0.002249849494546652,0.002249849494546652,0.9142857142857143,1.0,905,905
906,t2_b0,34,25,0.0359875169159193,0.0648406594991684,0.00041625185986049473,0.00041625185986049473,0.9333333333333333,1.0,905,905
907,t2_b0,30,0,-0.010287782693103894,0.08842314779758453,0.004871923942118883,0.004871923942118883,0.9333333333333333,1.0,906,906
907,t2_b0,28,37,0.9647088305138904,0.09125398844480515,0.38146165013313293,0.38146165013313293,0.9333333333333333,1.0,906,906
907,t2_b0,15,7,-0.13135841029036982,0.08941389620304108,0.024370206519961357,0.024370206519961357,1.0,1.0,906,906
907,t2_b0,3,14,0.00020145412709637986,0.04121103137731552,0.0008408927824348211,0.0008408927824348211,0.9142857142857143,1.0,906,906
907,t2_b0,25,34,0.3107408846453751,0.06699874997138977,0.029705114662647247,0.029705114662647247,0.925,1.0,906,906
907,t2_b0,10,23,-0.13436006824832974,0.06574764102697372,0.020021550357341766,0.020021550357341766,0.9166666666666667,1.0,906,906
907,t2_b0,4,19,-0.12175765475130924,0.0773199200630188,0.019815940409898758,0.019815940409898758,0.9166666666666667,1.0,906,906
908,t2_b0,21,10,0.1045201389000364,0.0649900734424591,0.0007813131669536233,0.0007813131669536233,0.92,1.0,907,907
908,t2_b0,36,9,-0.2861393588255822,0.08390989154577255,0.06846822798252106,0.06846822798252106,0.925,1.0,907,907
908,t2_b0,0,30,0.056696791853506553,0.05396759882569313,3.7242455164232524e-06,3.7242455164232524e-06,1.0,1.0,907,907
908,t2_b0,26,14,0.04976548468179309,0.06774566322565079,0.00016164338740054518,0.00016164338740054518,0.9142857142857143,1.0,907,907
908,t2_b0,5,29,0.02862013232624134,0.05978861823678017,0.000485737225972116,0.000485737225972116,0.925,1.0,907,907
908,t2_b0,6,38,0.046760873002262025,0.05917537957429886,7.706000178586692e-05,7.706000178586692e-05,0.9333333333333333,1.0,907,907
908,t2_b0,20,39,0.07211148497867198,0.061658333986997604,5.463420893647708e-05,5.463420893647708e-05,0.025,1.0,907,907
909,t2_b0,1,21,0.04699374610688255,0.027919530868530273,0.0001819128665374592,0.0001819128665374592,0.925,1.0,908,908
909,t2_b0,22,19,-0.332553197394163,0.08079545199871063,0.08542856574058533,0.08542856574058533,0.92,1.0,908,908
909,t2_b0,33,26,-0.9095606694809744,0.06961657106876373,0.47939401865005493,0.47939401865005493,0.9166666666666667,1.0,908,908
909,t2_b0,17,6,0.9529043671858138,0.058751270174980164,0.3997548520565033,0.3997548520565033,1.0,1.0,908,908
909,t2_b0,7,29,0.9990898383532069,0.07326610386371613,0.428574800491333,0.428574800491333,1.0,1.0,908,908
909,t2_b0,37,36,0.2025864295578496,0.08375369012355804,0.007060609757900238,0.007060609757900238,0.9333333333333333,1.0,908,908
909,t2_b0,39,18,-0.0794139724808084,0.057013027369976044,0.009306163527071476,0.009306163527071476,0.025,1.0,908,908
909,t2_b0,12,11,-0.403681613763925,0.06589549779891968,0.11025132983922958,0.11025132983922958,1.0,1.0,908,908
909,t2_b0,27,25,0.14200308001015746,0.06316936016082764,0.003107377327978611,0.003107377327978611,0.925,1.0,908,908
909,t2_b0,23,5,-0.07307167705037028,0.06293226778507233,0.009248536080121994,0.009248536080121994,0.02,1.0,908,908
910,t2_b0,28,37,0.22075811479788177,0.07967639714479446,0.00995202548801899,0.00995202548801899,0.9333333333333333,1.0,909,909
910,t2_b0,11,21,-0.04305483964528618,0.0636843740940094,0.005696630105376244,0.005696630105376244,0.9333333333333333,1.0,909,909
910,t2_b0,23,10,0.0015050458314619579,0.06308187544345856,0.0018958528526127338,0.0018958528526127338,0.92,1.0,909,909
910,t2_b0,2,27,-0.0637775071000505,0.028932996094226837,0.004297618754208088,0.004297618754208088,1.0,1.0,909,909
910,t2_b0,13,33,-0.005837599734375781,0.06894874572753906,0.002796498592942953,0.002796498592942953,0.9166666666666667,1.0,909,909
910,t2_b0,3,26,0.14343806032404932,0.03349507600069046,0.006043729372322559,0.006043729372322559,0.9166666666666667,1.0,909,909
910,t2_b0,38,6,0.13751524908964763,0.05757259577512741,0.0031954136211425066,0.0031954136211425066,0.92,1.0,909,909
911,t2_b0,14,15,-0.031106815868013015,0.07126414030790329,0.005239906255155802,0.005239906255155802,1.0,1.0,910,910
911,t2_b0,8,11,-0.043389407967135474,0.05873088166117668,0.005214277189224958,0.005214277189224958,0.9500000000000001,1.0,910,910
911,t2_b0,29,10,-0.2714720915061598,0.06240014359354973,0.055735331028699875,0.055735331028699875,0.925,1.0,910,910
911,t2_b0,18,6,-0.3852694368329529,0.05432826653122902,0.09662307053804398,0.09662307053804398,0.9333333333333333,1.0,910,910
911,t2_b0,39,38,-0.04860111935329639,0.06073947995901108,0.005977683700621128,0.005977683700621128,0.9333333333333333,1.0,910,910
911,t2_b0,4,26,0.18033978024219288,0.06517015397548676,0.006632021628320217,0.006632021628320217,0.9142857142857143,1.0,910,910
911,t2_b0,9,19,0.011697024324438433,0.06671112775802612,0.001513275783509016,0.001513275783509016,0.016666666666666666,1.0,910,910
911,t2_b0,32,34,0.9112358540037175,0.07703389972448349,0.34794649481773376,0.34794649481773376,1.0,1.0,910,910
912,t2_b0,15,14,-0.34467004774655885,0.06521280109882355,0.08400197327136993,0.08400197327136993,1.0,1.0,911,911
912,t2_b0,31,26,-0.1407342699602141,0.06498625129461288,0.021160464733839035,0.021160464733839035,0.9125,1.0,911,911
912,t2_b0,5,23,0.07778191391518921,0.06006811186671257,0.00015688942221459,0.00015688942221459,0.92,1.0,911,911
912,t2_b0,25,6,0.8868946752564423,0.06912679970264435,0.3343721926212311,0.3343721926212311,0.9500000000000001,1.0,911,911
912,t2_b0,33,13,0.14611254818574332,0.06325408816337585,0.003432762110605836,0.003432762110605836,0.014285714285714287,1.0,911,911
912,t2_b0,12,29,0.8895838815791466,0.04810101538896561,0.35404670238494873,0.35404670238494873,0.9500000000000001,1.0,911,911
912,t2_b0,34,32,0.0,0.06767389178276062,0.002289877738803625,0.002289877738803625,1.0,1.0,911,911
913,t2_b0,31,26,-0.03783612137424628,0.0634593516588211,0.00513038644567132,0.00513038644567132,0.9125,1.0,912,912
913,t2_b0,6,38,0.2060212974243963,0.06287151575088501,0.010245929472148418,0.010245929472148418,0.9333333333333333,1.0,912,912
913,t2_b0,37,33,0.9878562275854514,0.0663011372089386,0.42463183403015137,0.42463183403015137,0.9333333333333333,1.0,912,912
913,t2_b0,36,9,-0.22563218147617214,0.06627414375543594,0.04260465130209923,0.04260465130209923,0.9333333333333333,1.0,912,912
913,t2_b0,20,15,-0.32331844368164303,0.05076275020837784,0.06996837258338928,0.06996837258338928,1.0,1.0,912,912
913,t2_b0,10,21,0.033947494264776196,0.060799792408943176,0.00036052297218702734,0.00036052297218702734,0.9166666666666667,1.0,912,912
913,t2_b0,1,23,-0.008324337165116701,0.023468174040317535,0.0005053818458691239,0.0005053818458691239,0.02,1.0,912,912
913,t2_b0,30,14,0.2508066488218095,0.07407605648040771,0.015616852790117264,0.015616852790117264,1.0,1.0,912,912
914,t2_b0,37,33,-0.06236501385762887,0.06316602230072021,0.00787901971489191,0.00787901971489191,0.9333333333333333,1.0,913,913
914,t2_b0,21,11,-0.016965547668321902,0.05771208554506302,0.002788374200463295,0.002788374200463295,0.9166666666666667,1.0,913,913
914,t2_b0,7,5,0.06342544559267052,0.05908931791782379,9.400994713359978e-06,9.400994713359978e-06,0.925,1.0,913,913
914,t2_b0,22,26,-0.19277720036402296,0.06390003114938736,0.03294160217046738,0.03294160217046738,0.9142857142857143,1.0,913,913
914,t2_b0,32,27,-0.9765995089855966,0.0634106770157814,0.5400102138519287,0.5400102138519287,1.0,1.0,913,913
914,t2_b0,35,4,-0.5323561989806741,0.058054253458976746,0.17429226636886597,0.17429226636886597,0.92,1.0,913,913
914,t2_b0,17,38,-0.2665201259815838,0.05979499593377113,0.05324077233672142,0.05324077233672142,0.9333333333333333,1.0,913,913
915,t2_b0,3,26,0.10153672033435944,0.0272672176361084,0.0027579795569181442,0.0027579795569181442,0.9125,1.0,914,914
915,t2_b0,13,22,0.025651809793037588,0.06241665780544281,0.0006758269155398011,0.0006758269155398011,0.9125,1.0,914,914
915,t2_b0,11,21,-0.005846880911708017,0.0588829442858696,0.002094975207000971,0.002094975207000971,0.92,1.0,914,914
915,t2_b0,38,6,0.22363857787591246,0.061069730669260025,0.013214316219091415,0.013214316219091415,0.9500000000000001,1.0,914,914
915,t2_b0,23,10,0.0,0.05863581970334053,0.0017190796788781881,0.0017190796788781881,0.9166666666666667,1.0,914,914
915,t2_b0,12,29,-0.1521640908253413,0.05699644237756729,0.021874064579606056,0.021874064579606056,0.9333333333333333,1.0,914,914
915,t2_b0,18,27,0.057232497063686306,0.05984530970454216,3.4133993267460028e-06,3.4133993267460028e-06,0.9500000000000001,1.0,914,914
916,t2_b0,29,23,-0.37053567092503925,0.058435361832380295,0.0920080691576004,0.0920080691576004,0.92,1.0,915,915
916,t2_b0,8,36,0.04915653463759394,0.05908222496509552,4.9259655497735366e-05,4.9259655497735366e-05,1.0,1.0,915,915
916,t2_b0,26,3,0.038326252661804845,0.06009688228368759,0.00023698016593698412,0.00023698016593698412,0.9111111111111111,1.0,915,915
916,t2_b0,39,11,0.1269015777216805,0.05986202508211136,0.0022471509873867035,0.0022471509873867035,0.92,1.0,915,915
916,t2_b0,4,22,0.015069688887346996,0.060362040996551514,0.0010256984969601035,0.0010256984969601035,0.9125,1.0,915,915
916,t2_b0,27,18,0.014866339263597214,0.05583704635500908,0.000839299347717315,0.000839299347717315,0.9500000000000001,1.0,915,915
916,t2_b0,9,19,0.05368888825257075,0.061414290219545364,2.984092316182796e-05,2.984092316182796e-05,0.025,1.0,915,915
917,t2_b0,5,23,0.11713070240834432,0.0550517663359642,0.0019268972100690007,0.0019268972100690007,0.9142857142857143,1.0,916,916
917,t2_b0,33,4,0.1354192607588891,0.05959122255444527,0.0028749462217092514,0.0028749462217092514,0.9125,1.0,916,916
917,t2_b0,15,20,-0.1428542414589306,0.049895282834768295,0.018576189875602722,0.018576189875602722,1.0,1.0,916,916
917,t2_b0,25,6,0.01650595519760634,0.06730350852012634,0.0012901956215500832,0.0012901956215500832,0.9500000000000001,1.0,916,916
917,t2_b0,19,22,-0.00210940727524613,0.06095993518829346,0.0019888710230588913,0.0019888710230588913,0.9166666666666667,1.0,916,916
918,t2_b0,6,17,0.34692932188401054,0.06739673018455505,0.03906923159956932,0.03906923159956932,0.05,1.0,917,917
918,t2_b0,10,5,0.06836607918242359,0.05564006417989731,8.09757475508377e-05,8.09757475508377e-05,0.0125,1.0,917,917
918,t2_b0,20,15,0.06288203440062291,0.03889799118041992,0.0002876172075048089,0.0002876172075048089,1.0,1.0,917,917
918,t2_b0,26,3,0.48045673254874693,0.059401173144578934,0.08864389359951019,0.08864389359951019,0.9125,1.0,917,917
918,t2_b0,14,18,0.0,0.09988296031951904,0.004988302942365408,0.004988302942365408,1.0,1.0,1,1
918,t2_b0,31,4,0.043740383713225105,0.05940008535981178,0.0001226131134899333,0.0001226131134899333,0.9125,1.0,917,917
918,t2_b0,36,11,0.18403256305887417,0.05827029421925545,0.00790807418525219,0.00790807418525219,0.9333333333333333,1.0,917,917
918,t2_b0,1,21,-0.07679352046756162,0.018800117075443268,0.004569071810692549,0.004569071810692549,0.9166666666666667,1.0,917,917
918,t2_b0,35,33,-0.014925778768461411,0.05691589042544365,0.002580612897872925,0.002580612897872925,0.02,1.0,917,917
919,t2_b0,28,31,-0.2503673007891596,0.06109132990241051,0.048503246158361435,0.048503246158361435,0.9125,1.0,918,918
919,t2_b0,22,26,-0.03707405032420279,0.05994248017668724,0.004706103354692459,0.004706103354692459,0.9142857142857143,1.0,918,918
919,t2_b0,32,38,-0.18275356785479602,0.06642739474773407,0.031045574694871902,0.031045574694871902,1.0,1.0,918,918
919,t2_b0,37,35,-0.07253491091030632,0.05186646804213524,0.007737851236015558,0.007737851236015558,0.03333333333333333,1.0,918,918
919,t2_b0,18,14,0.3628034385125733,0.044328734278678894,0.05071306973695755,0.05071306973695755,1.0,1.0,2,2
919,t2_b0,34,20,0.914576201528413,0.045117996633052826,0.37797877192497253,0.37797877192497253,1.0,1.0,918,918
919,t2_b0,7,5,0.1096973074685608,0.049551814794540405,0.0018087399657815695,0.0018087399657815695,0.92,1.0,918,918
919,t2_b0,17,6,0.026812283062636003,0.0710696130990982,0.0009793555364012718,0.0009793555364012718,0.9333333333333333,1.0,918,918
919,t2_b0,11,21,0.04564287980577615,0.053273096680641174,2.9110111427144147e-05,2.9110111427144147e-05,0.9333333333333333,1.0,918,918
920,t2_b0,21,1,0.2676506136606797,0.051804739981889725,0.0232947189360857,0.0232947189360857,0.9142857142857143,1.0,919,919
920,t2_b0,33,35,0.032998771059046375,0.05727501958608627,0.00029466813430190086,0.00029466813430190086,0.0125,1.0,919,919
920,t2_b0,13,4,0.016688230485019464,0.05813567712903023,0.0008589453645981848,0.0008589453645981848,0.9125,1.0,919,919
920,t2_b0,30,32,0.9789417922993097,0.06310577690601349,0.4193778336048126,0.4193778336048126,1.0,1.0,919,919
920,t2_b0,12,7,0.24733672351877112,0.0537664070725441,0.018734734505414963,0.018734734505414963,0.9333333333333333,1.0,919,919
920,t2_b0,18,14,0.0,0.0723377913236618,0.0026163780130445957,0.0026163780130445957,1.0,1.0,3,3
920,t2_b0,23,10,-0.058820508195439186,0.05229247733950615,0.006173047237098217,0.006173047237098217,0.92,1.0,919,919
920,t2_b0,3,26,0.015654465385929444,0.02531299740076065,4.6643621317343786e-05,4.6643621317343786e-05,0.9166666666666667,1.0,919,919
920,t2_b0,38,15,-0.14889845507360897,0.06542094796895981,0.022966403514146805,0.022966403514146805,0.925,1.0,919,919
921,t2_b0,29,5,0.0961356753875011,0.05217274650931358,0.00096636958187446,0.00096636958187446,0.92,1.0,920,920
921,t2_b0,34,20,0.00825874244471239,0.04129759967327118,0.0005457830848172307,0.0005457830848172307,1.0,1.0,920,920
921,t2_b0,14,18,0.037630714629478354,0.09032783657312393,0.001388493343256414,0.001388493343256414,1.0,1.0,4,4
921,t2_b0,19,26,0.33798191940070493,0.05848025158047676,0.03906058520078659,0.03906058520078659,0.9500000000000001,1.0,920,920
921,t2_b0,8,3,0.19385045828823239,0.059405576437711716,0.009037712588906288,0.009037712588906288,0.925,1.0,920,920
921,t2_b0,4,22,-0.049471281810710095,0.05423639714717865,0.005377641413360834,0.005377641413360834,0.014285714285714287,1.0,920,920
922,t2_b0,35,13,-0.2206033313943651,0.05217919126152992,0.037205155938863754,0.037205155938863754,0.92,1.0,921,921
922,t2_b0,15,38,0.05135020339914732,0.07008935511112213,0.00017557792307343334,0.00017557792307343334,0.92,1.0,921,921
922,t2_b0,20,34,-0.000628118741927455,0.04541316255927086,0.0010598996886983514,0.0010598996886983514,1.0,1.0,921,921
922,t2_b0,10,23,-0.007547708747446618,0.052580468356609344,0.0018076988635584712,0.0018076988635584712,0.9166666666666667,1.0,921,921
922,t2_b0,28,4,0.07387437707048518,0.053804293274879456,0.00020140412379987538,0.00020140412379987538,0.9142857142857143,1.0,921,921
922,t2_b0,25,6,0.24574758339766814,0.07036925852298737,0.015378777869045734,0.015378777869045734,0.9333333333333333,1.0,921,921
922,t2_b0,9,36,0.0935216981161427,0.055532343685626984,0.0007215955993160605,0.0007215955993160605,0.9500000000000001,1.0,921,921
923,t2_b0,31,4,0.0638599429081676,0.055107615888118744,3.83015867555514e-05,3.83015867555514e-05,0.9142857142857143,1.0,922,922
923,t2_b0,36,11,0.11348751225466065,0.051822226494550705,0.0019013037672266364,0.0019013037672266364,0.92,1.0,922,922
923,t2_b0,26,3,0.05248295549119503,0.05824657529592514,1.6609657905064523e-05,1.6609657905064523e-05,0.925,1.0,922,922
923,t2_b0,1,21,-0.004127419261341099,0.012581847608089447,0.00013959978241473436,0.00013959978241473436,0.92,1.0,922,922
923,t2_b0,6,38,0.004002669017107319,0.06920342147350311,0.0021255691535770893,0.0021255691535770893,0.9166666666666667,1.0,922,922
923,t2_b0,5,23,-0.04676672085506843,0.04527371749281883,0.004235720727592707,0.004235720727592707,0.92,1.0,922,922
924,t2_b0,11,1,0.19666462138444568,0.04767286032438278,0.011099272407591343,0.011099272407591343,0.9333333333333333,1.0,923,923
924,t2_b0,22,4,0.3205087523514312,0.046954117715358734,0.037416066974401474,0.037416066974401474,0.9166666666666667,1.0,923,923
924,t2_b0,37,33,-0.3993978956617473,0.04916652664542198,0.10060502588748932,0.10060502588748932,0.03333333333333333,1.0,923,923
924,t2_b0,30,38,-0.011895076303383914,0.06914504617452621,0.003283750731498003,0.003283750731498003,0.925,1.0,923,923
924,t2_b0,32,6,0.06775493292156139,0.06949341297149658,1.5111585298654973e-06,1.5111585298654973e-06,0.9333333333333333,1.0,923,923
924,t2_b0,12,7,0.0,0.047944068908691406,0.001149316900409758,0.001149316900409758,0.9500000000000001,1.0,923,923
925,t2_b0,33,4,-0.19494836376240962,0.04857765510678291,0.029652459546923637,0.029652459546923637,0.9166666666666667,1.0,924,924
925,t2_b0,38,15,0.02919871106185305,0.0695139467716217,0.0008126590400934219,0.0008126590400934219,0.92,1.0,924,924
925,t2_b0,13,31,-0.012356195214297969,0.04931914806365967,0.0019019240280613303,0.0019019240280613303,0.9166666666666667,1.0,924,924
925,t2_b0,0,34,0.09919161404250199,0.06390592455863953,0.0006225398974493146,0.0006225398974493146,1.0,1.0,924,924
925,t2_b0,21,10,0.0,0.04662405326962471,0.0010869011748582125,0.0010869011748582125,0.9333333333333333,1.0,924,924
925,t2_b0,23,5,0.0,0.043469786643981934,0.0009448111522942781,0.0009448111522942781,0.925,1.0,924,924
925,t2_b0,18,3,0.08173102726787168,0.0685994029045105,8.621979941381142e-05,8.621979941381142e-05,0.9333333333333333,1.0,924,924
925,t2_b0,8,26,0.12930892919355116,0.0548134408891201,0.002774788299575448,0.002774788299575448,0.925,1.0,924,924
926,t2_b0,34,0,0.12666462685134505,0.10643836110830307,0.00020455084450077266,0.00020455084450077266,0.9500000000000001,1.0,925,925
926,t2_b0,29,5,0.01106451976629743,0.04012894630432129,0.00042237044544890523,0.00042237044544890523,0.925,1.0,925,925
926,t2_b0,9,10,-0.0960205061201416,0.046918340027332306,0.0102157574146986,0.0102157574146986,0.025,1.0,925,925
926,t2_b0,28,22,0.25158509190843403,0.041695982217788696,0.02202671952545643,0.02202671952545643,0.025,1.0,925,925
926,t2_b0,17,38,-0.020870306098534328,0.07319068163633347,0.0044237347319722176,0.0044237347319722176,0.92,1.0,925,925
926,t2_b0,14,26,0.5708930368030544,0.06234071031212807,0.12931272387504578,0.12931272387504578,0.92,1.0,925,925
927,t2_b0,0,34,0.14980279430851814,0.07362963259220123,0.0029011748265475035,0.0029011748265475035,0.9500000000000001,1.0,926,926
927,t2_b0,4,22,-0.004930524262563848,0.043347232043743134,0.0011653709225356579,0.0011653709225356579,0.9333333333333333,1.0,926,926
927,t2_b0,19,27,0.766849146855964,0.10000760853290558,0.22233884036540985,0.22233884036540985,1.0,1.0,1,1
927,t2_b0,5,23,-0.007181934678971651,0.03638315945863724,0.0009489587391726673,0.0009489587391726673,0.9333333333333333,1.0,926,926
927,t2_b0,10,21,0.32586048374313353,0.048118751496076584,0.038570232689380646,0.038570232689380646,0.92,1.0,926,926
927,t2_b0,15,38,-0.02273331204424223,0.0723952054977417,0.004524717573076487,0.004524717573076487,0.9333333333333333,1.0,926,926
927,t2_b0,35,33,0.06285077024085461,0.0457005575299263,0.00014706494403071702,0.00014706494403071702,0.92,1.0,926,926
927,t2_b0,7,29,0.07787653307030408,0.034376733005046844,0.0009461161680519581,0.0009461161680519581,0.9333333333333333,1.0,926,926
928,t2_b0,20,34,-0.01865543957102654,0.10409226268529892,0.007533499505370855,0.007533499505370855,1.0,1.0,927,927
928,t2_b0,11,1,0.08251941107833798,0.048366498202085495,0.000583210785407573,0.000583210785407573,0.92,1.0,927,927
928,t2_b0,27,19,0.0,0.15613968670368195,0.012189800851047039,0.012189800851047039,1.0,1.0,2,2
928,t2_b0,31,13,-0.04773920990530545,0.04912674054503441,0.004691506270319223,0.004691506270319223,0.9500000000000001,1.0,927,927
928,t2_b0,21,10,0.04163974585470699,0.046367842704057693,1.1177452506672125e-05,1.1177452506672125e-05,0.9333333333333333,1.0,927,927
928,t2_b0,6,38,0.03152166634936822,0.06844881176948547,0.000681806995999068,0.000681806995999068,0.925,1.0,927,927
929,t2_b0,17,15,-0.38494106770580044,0.06879884004592896,0.10293995589017868,0.10293995589017868,0.925,1.0,928,928
929,t2_b0,36,9,0.11692066328154004,0.04006357491016388,0.002953506074845791,0.002953506074845791,0.925,1.0,928,928
929,t2_b0,25,38,-0.04504075410395142,0.06593623757362366,0.006157946772873402,0.006157946772873402,0.925,1.0,928,928
929,t2_b0,27,19,0.49137947764326667,0.12824133038520813,0.06593465059995651,0.06593465059995651,1.0,1.0,3,3
929,t2_b0,39,34,0.6021326114415425,0.1089010015130043,0.1216387152671814,0.1216387152671814,0.05,1.0,928,928
929,t2_b0,26,0,0.9735992441324975,0.12846611440181732,0.35712501406669617,0.35712501406669617,1.0,1.0,928,928
929,t2_b0,7,29,0.3615897560144989,0.033346161246299744,0.05387193337082863,0.05387193337082863,0.9333333333333333,1.0,928,928
929,t2_b0,1,8,-0.032761185845990075,0.00955258309841156,0.0008952275384217501,0.0008952275384217501,0.9333333333333333,1.0,928,928
929,t2_b0,22,37,-0.0619554723375317,0.035903118550777435,0.004788151942193508,0.004788151942193508,1.0,1.0,928,928
930,t2_b0,37,35,-0.05254954861158803,0.04023510217666626,0.004304495640099049,0.004304495640099049,0.9500000000000001,1.0,929,929
930,t2_b0,23,10,0.16442771192553676,0.0452754832804203,0.0070986272767186165,0.0070986272767186165,0.9500000000000001,1.0,929,929
930,t2_b0,28,20,-0.045183130508501916,0.08748514950275421,0.008800436742603779,0.008800436742603779,0.9500000000000001,1.0,929,929
930,t2_b0,38,15,0.21077332661223977,0.07185966521501541,0.009648502804338932,0.009648502804338932,0.92,1.0,929,929
930,t2_b0,32,9,-0.18935014417045523,0.041020192205905914,0.026535246521234512,0.026535246521234512,0.925,1.0,929,929
930,t2_b0,12,7,0.02489033819703169,0.0405784547328949,0.0001230584894074127,0.0001230584894074127,0.9500000000000001,1.0,929,929
930,t2_b0,13,33,0.0,0.048006486147642136,0.0011523113353177905,0.0011523113353177905,0.9333333333333333,1.0,929,929
930,t2_b0,8,11,-0.004952190612043933,0.04264327883720398,0.001132664387114346,0.001132664387114346,0.02,1.0,929,929
931,t2_b0,33,8,-0.013797199304485723,0.04301372170448303,0.0016137404600158334,0.0016137404600158334,0.925,1.0,930,930
931,t2_b0,18,1,-0.23048858416650456,0.044340312480926514,0.037765465676784515,0.037765465676784515,0.92,1.0,930,930
931,t2_b0,29,5,-0.004827605619141636,0.040504276752471924,0.0010274896631017327,0.0010274896631017327,0.92,1.0,930,930
931,t2_b0,14,37,-0.06306811253956228,0.03741973638534546,0.005048904102295637,0.005048904102295637,1.0,1.0,930,930
931,t2_b0,34,0,0.07743154377773168,0.11764457821846008,0.0008085440495051444,0.0008085440495051444,0.92,1.0,930,930
931,t2_b0,9,36,0.17994931467256517,0.042827308177948,0.009401221759617329,0.009401221759617329,0.03333333333333333,1.0,930,930
932,t2_b0,4,13,0.8949992613521801,0.04594339057803154,0.3604479432106018,0.3604479432106018,1.0,1.0,930,930
932,t2_b0,15,38,-0.08192033123016297,0.07242505252361298,0.011911250650882721,0.011911250650882721,0.925,1.0,931,931
932,t2_b0,35,11,-0.08925038487823121,0.0392911434173584,0.008261462673544884,0.008261462673544884,0.025,1.0,931,931
932,t2_b0,0,34,0.0010219900478988225,0.08721887320280075,0.003714951453730464,0.003714951453730464,0.925,1.0,931,931
932,t2_b0,10,25,-0.10963438380239193,0.04549300670623779,0.012032253667712212,0.012032253667712212,0.05,1.0,931,931
932,t2_b0,5,9,-0.16346049787064515,0.036577723920345306,0.020007645711302757,0.020007645711302757,0.9333333333333333,1.0,931,931
932,t2_b0,22,30,0.10916852623580132,0.1002836674451828,3.94703856727574e-05,3.94703856727574e-05,1.0,1.0,1,1
933,t2_b0,11,1,0.2346791921377149,0.040773048996925354,0.0187997967004776,0.0187997967004776,0.92,1.0,932,932
933,t2_b0,30,29,0.8577237656325167,0.05476243421435356,0.3223734498023987,0.3223734498023987,0.9500000000000001,1.0,932,932
933,t2_b0,19,15,0.3610907176726103,0.06273014843463898,0.04450951889157295,0.04450951889157295,0.9500000000000001,1.0,932,932
933,t2_b0,6,38,0.0012178009079847317,0.05638299509882927,0.00152159936260432,0.00152159936260432,0.9166666666666667,1.0,932,932
933,t2_b0,36,9,0.29378874809658123,0.03145408630371094,0.03440973907709122,0.03440973907709122,0.9333333333333333,1.0,932,932
933,t2_b0,39,14,-0.984227826787795,0.10724349319934845,0.5914713144302368,0.5914713144302368,0.925,1.0,932,932
933,t2_b0,26,0,0.32984741020530595,0.12714432179927826,0.02054426819086075,0.02054426819086075,0.9333333333333333,1.0,932,932
933,t2_b0,31,37,0.9710765978609857,0.05532129481434822,0.41930392384529114,0.41930392384529114,1.0,1.0,932,932
934,t2_b0,1,8,0.1428130287796229,0.001657135784626007,0.009962493553757668,0.009962493553757668,0.9166666666666667,1.0,933,933
934,t2_b0,2,15,-0.037910629519740315,0.02671147882938385,0.002088008215650916,0.002088008215650916,0.92,1.0,933,933
934,t2_b0,32,12,0.21572587537191237,0.032005831599235535,0.016876526176929474,0.016876526176929474,0.05,1.0,933,933
934,t2_b0,27,17,0.5646156616964864,0.05870239436626434,0.12797410786151886,0.12797410786151886,0.925,1.0,933,933
934,t2_b0,22,30,0.9440441641740235,0.12993136048316956,0.33138981461524963,0.33138981461524963,1.0,1.0,933,933
934,t2_b0,20,14,0.06480997680830192,0.11267998814582825,0.0011457689106464386,0.0011457689106464386,0.9333333333333333,1.0,933,933
934,t2_b0,25,38,0.058980432708566885,0.052542831748723984,2.0721345208585262e-05,2.0721345208585262e-05,0.92,1.0,933,933
934,t2_b0,7,29,0.08124925654253308,0.034903205931186676,0.0010739783756434917,0.0010739783756434917,0.925,1.0,933,933
934,t2_b0,37,31,0.0,0.06265966594219208,0.001963116927072406,0.001963116927072406,0.9500000000000001,1.0,933,933
935,t2_b0,33,1,-0.05550903822452604,0.03956710547208786,0.004519736394286156,0.004519736394286156,0.9166666666666667,1.0,934,934
935,t2_b0,13,4,0.0,0.03932905197143555,0.0007733871461823583,0.0007733871461823583,1.0,1.0,933,933
935,t2_b0,23,10,0.10558949005308738,0.04551399126648903,0.0018045325996354222,0.0018045325996354222,0.9500000000000001,1.0,934,934
935,t2_b0,28,0,0.022914763779224405,0.12581486999988556,0.005294215399771929,0.005294215399771929,0.92,1.0,934,934
935,t2_b0,38,15,-0.030584365057628442,0.049044493585824966,0.003170377342030406,0.003170377342030406,0.016666666666666666,1.0,934,934
935,t2_b0,12,29,-0.03628309116520663,0.03994717448949814,0.002905526664108038,0.002905526664108038,0.9333333333333333,1.0,934,934
936,t2_b0,39,37,-0.3353559124749819,0.07007855176925659,0.08218855410814285,0.08218855410814285,0.9500000000000001,1.0,935,935
936,t2_b0,18,5,-1.0,0.039038874208927155,0.539038896560669,0.539038896560669,0.016666666666666666,1.0,935,935
936,t2_b0,19,17,0.192872827142805,0.0495721660554409,0.010267538949847221,0.010267538949847221,0.9166666666666667,1.0,935,935
936,t2_b0,29,12,0.2574450970172854,0.041334204375743866,0.02335195802152157,0.02335195802152157,0.02,1.0,935,935
936,t2_b0,4,35,0.02126797433000159,0.034744612872600555,9.080988820642233e-05,9.080988820642233e-05,0.9500000000000001,1.0,935,935
936,t2_b0,8,1,0.0,0.037964582443237305,0.0007206547888927162,0.0007206547888927162,0.92,1.0,935,935
936,t2_b0,34,0,0.08242582106713385,0.1263757348060608,0.0009657975751906633,0.0009657975751906633,0.92,1.0,935,935
937,t2_b0,5,1,-0.3957592221876058,0.03836032748222351,0.09422989189624786,0.09422989189624786,0.9142857142857143,1.0,936,936
937,t2_b0,30,27,0.2835878460948001,0.03928297758102417,0.029842434450984,0.029842434450984,0.92,1.0,936,936
937,t2_b0,24,29,0.9971506253952476,0.040312789380550385,0.4577693045139313,0.4577693045139313,0.9500000000000001,1.0,936,936
937,t2_b0,10,23,0.06267645299726546,0.046551547944545746,0.000130006272229366,0.000130006272229366,0.9333333333333333,1.0,936,936
937,t2_b0,17,38,0.0,0.04970768839120865,0.001235427102074027,0.001235427102074027,0.9166666666666667,1.0,936,936
937,t2_b0,0,26,0.07308846629981097,0.09564205259084702,0.00025433211703784764,0.00025433211703784764,0.925,1.0,936,936
937,t2_b0,15,2,0.1713291645765947,0.0490746833384037,0.0074730804190039635,0.0074730804190039635,0.92,1.0,936,936
937,t2_b0,35,8,-0.06073718356515521,0.03839182108640671,0.004913279786705971,0.004913279786705971,0.9500000000000001,1.0,936,936
937,t2_b0,20,34,-0.016389808344570635,0.12455307692289352,0.009932449087500572,0.009932449087500572,0.9333333333333333,1.0,936,936
938,t2_b0,6,2,-0.09955412277401937,0.049079325050115585,0.011045951396226883,0.011045951396226883,0.9166666666666667,1.0,937,937
938,t2_b0,31,39,-0.30507017841816786,0.06331273168325424,0.06785298883914948,0.06785298883914948,0.9500000000000001,1.0,937,937
938,t2_b0,26,0,-0.04225444955414053,0.13348232209682465,0.015441706404089928,0.015441706404089928,0.9333333333333333,1.0,937,937
938,t2_b0,25,17,0.35130992087469204,0.04397150129079819,0.04722845181822777,0.04722845181822777,0.925,1.0,937,937
938,t2_b0,9,5,-0.029854339713493862,0.03559409826993942,0.0021417492534965277,0.0021417492534965277,0.9125,1.0,937,937
939,t2_b0,37,31,-0.02031235001464916,0.06667287647724152,0.003783215070143342,0.003783215070143342,1.0,1.0,938,938
939,t2_b0,3,35,-0.3053695280278947,0.019297681748867035,0.052704401314258575,0.052704401314258575,0.9500000000000001,1.0,938,938
939,t2_b0,16,24,0.9869837379079478,0.04857832193374634,0.4403023421764374,0.4403023421764374,0.05,1.0,938,938
939,t2_b0,17,25,0.0,0.04769325628876686,0.00113732332829386,0.00113732332829386,0.016666666666666666,1.0,938,938
939,t2_b0,7,27,0.029843191697764986,0.03609124571084976,1.951908416231163e-05,1.951908416231163e-05,0.9142857142857143,1.0,938,938
939,t2_b0,36,5,-0.12078254146886455,0.03613051027059555,0.012310851365327835,0.012310851365327835,0.9111111111111111,1.0,938,938
939,t2_b0,2,15,-0.06135281331252144,0.01581355184316635,0.0029773239511996508,0.0029773239511996508,0.025,1.0,938,938
939,t2_b0,11,1,0.07431348849929728,0.035391680896282196,0.0007574536721222103,0.0007574536721222103,0.9142857142857143,1.0,938,938
939,t2_b0,21,14,0.8332501493814443,0.13652929663658142,0.2427099645137787,0.2427099645137787,1.0,1.0,938,938
940,t2_b0,14,20,-0.2497457076409247,0.1289692372083664,0.07171250879764557,0.07171250879764557,0.9500000000000001,1.0,939,939
940,t2_b0,3,35,-0.05075143864031662,0.0045296624302864075,0.0015280001098290086,0.0015280001098290086,0.9500000000000001,1.0,939,939
940,t2_b0,33,1,0.003938854406512608,0.03610464930534363,0.0005173191893845797,0.0005173191893845797,0.9142857142857143,1.0,939,939
940,t2_b0,38,2,0.10330493907821486,0.03881891816854477,0.002079223282635212,0.002079223282635212,0.925,1.0,939,939
940,t2_b0,12,27,-0.4017170945317696,0.041809022426605225,0.09835770726203918,0.09835770726203918,0.9125,1.0,939,939
940,t2_b0,23,10,-0.0045081402917546655,0.04340299218893051,0.0011477383086457849,0.0011477383086457849,0.9500000000000001,1.0,939,939
940,t2_b0,28,0,-0.01683888230143017,0.13358506560325623,0.011313681490719318,0.011313681490719318,0.9333333333333333,1.0,939,939
941,t2_b0,18,1,-0.4105028894329416,0.03684030473232269,0.10005795955657959,0.10005795955657959,0.9166666666666667,1.0,940,940
941,t2_b0,24,36,-0.3473046473693773,0.039308324456214905,0.07473478466272354,0.07473478466272354,0.9142857142857143,1.0,940,940
941,t2_b0,19,25,-0.06773455775710206,0.04287264496088028,0.006116976495832205,0.006116976495832205,0.9333333333333333,1.0,940,940
941,t2_b0,34,0,0.1340688622619407,0.13326628506183624,3.2206455102823384e-07,3.2206455102823384e-07,0.9333333333333333,1.0,940,940
941,t2_b0,14,21,0.13311108274692973,0.12321390956640244,4.897708640783094e-05,4.897708640783094e-05,1.0,1.0,940,940
941,t2_b0,13,6,0.9566742177634491,0.04868728667497635,0.41222015023231506,0.41222015023231506,1.0,1.0,940,940
941,t2_b0,4,3,-0.1148798840086981,0.032471418380737305,0.010856201872229576,0.010856201872229576,0.92,1.0,940,940
941,t2_b0,39,8,-0.12471857905214813,0.028417564928531647,0.01172533817589283,0.01172533817589283,0.925,1.0,940,940
941,t2_b0,22,12,-0.22822859750807162,0.04131346195936203,0.036326464265584946,0.036326464265584946,0.9333333333333333,1.0,940,940
942,t2_b0,25,2,0.2012550274032512,0.03910495340824127,0.013146322220563889,0.013146322220563889,0.025,1.0,941,941
942,t2_b0,10,19,-0.27483942473748324,0.04459074139595032,0.05101781710982323,0.05101781710982323,0.9500000000000001,1.0,941,941
942,t2_b0,5,36,-0.06948217409763369,0.03389042615890503,0.005342947784811258,0.005342947784811258,0.9142857142857143,1.0,941,941
942,t2_b0,32,35,0.8766841880245285,0.03535306453704834,0.35391902923583984,0.35391902923583984,1.0,1.0,941,941
942,t2_b0,30,12,-0.059213421180229965,0.03982153534889221,0.004903961438685656,0.004903961438685656,0.92,1.0,941,941
942,t2_b0,15,17,0.18425385899543348,0.03997919708490372,0.010407587513327599,0.010407587513327599,0.016666666666666666,1.0,941,941
942,t2_b0,28,21,0.9739355067642953,0.13194133341312408,0.35447707772254944,0.35447707772254944,1.0,1.0,941,941
942,t2_b0,8,3,-0.009198160391625238,0.03194321691989899,0.0008463063859380782,0.0008463063859380782,0.9142857142857143,1.0,941,941
942,t2_b0,1,11,0.021183609590563483,-0.005862794816493988,0.0003657540073618293,0.0003657540073618293,0.016666666666666666,1.0,941,941
942,t2_b0,0,34,0.1555405700798757,0.1026090756058693,0.0014008715515956283,0.0014008715515956283,0.9500000000000001,1.0,941,941
943,t2_b0,35,32,0.0,0.029093824326992035,0.00042322531226091087,0.00042322531226091087,1.0,1.0,942,942
943,t2_b0,26,0,-0.1094323686991764,0.1412157118320465,0.03141222894191742,0.03141222894191742,0.9500000000000001,1.0,942,942
943,t2_b0,20,38,-0.07764987564497317,0.08983714878559113,0.014025951735675335,0.014025951735675335,0.925,1.0,942,942
943,t2_b0,27,29,0.3834649071842619,0.10023107379674911,0.04011069983243942,0.04011069983243942,1.0,1.0,1,942
943,t2_b0,31,4,-0.08589575053188439,0.043478429317474365,0.0083688385784626,0.0083688385784626,1.0,1.0,942,942
943,t2_b0,14,13,0.9532211571507313,0.04768242686986923,0.410000205039978,0.410000205039978,1.0,1.0,942,942
943,t2_b0,6,15,0.018893486347804602,0.03739213943481445,0.00017110009503085166,0.00017110009503085166,0.925,1.0,942,942
943,t2_b0,9,36,-0.04098452750042277,0.031620122492313385,0.002635717624798417,0.002635717624798417,0.9125,1.0,942,942
943,t2_b0,16,12,-0.17196617112632695,0.03897280991077423,0.02224762551486492,0.02224762551486492,0.9500000000000001,1.0,942,942
943,t2_b0,11,3,-0.008983526331863266,0.029779702425003052,0.0007512939628213644,0.0007512939628213644,0.9166666666666667,1.0,942,942
944,t2_b0,12,36,-0.08761194524723152,0.03321275860071182,0.007299304474145174,0.007299304474145174,0.9142857142857143,1.0,943,943
944,t2_b0,2,15,-0.0860337825965189,0.00789005309343338,0.00441084336489439,0.00441084336489439,0.925,1.0,943,943
944,t2_b0,32,35,-0.13306527641463578,0.012763924896717072,0.010633077472448349,0.010633077472448349,1.0,1.0,943,943
944,t2_b0,21,0,0.021686642967393782,0.131435364484787,0.0060223909094929695,0.0060223909094929695,0.9142857142857143,1.0,943,943
944,t2_b0,27,29,0.0,0.15598788857460022,0.012166110798716545,0.012166110798716545,1.0,1.0,943,943
944,t2_b0,1,3,-0.009326089722744263,0.02643105387687683,0.0006392866489477456,0.0006392866489477456,0.9142857142857143,1.0,943,943
945,t2_b0,29,8,0.8893048986948378,0.051227279007434845,0.3511870503425598,0.3511870503425598,0.9500000000000001,1.0,944,944
945,t2_b0,36,5,-0.0010608668569714098,0.03042396903038025,0.0004956474294885993,0.0004956474294885993,0.9111111111111111,1.0,944,944
945,t2_b0,3,1,0.02301507068861536,0.025080077350139618,2.1321261556295212e-06,2.1321261556295212e-06,0.9166666666666667,1.0,944,944
945,t2_b0,37,0,-0.6069643918448921,0.13114699721336365,0.27240419387817383,0.27240419387817383,0.92,1.0,944,944
945,t2_b0,23,10,4.254895328386271e-05,0.034984126687049866,0.0006104568601585925,0.0006104568601585925,1.0,1.0,944,944
945,t2_b0,22,12,-0.4210770761743522,0.03238464891910553,0.10281375795602798,0.10281375795602798,0.9500000000000001,1.0,944,944
945,t2_b0,13,2,0.03220225638753804,0.03132274001836777,3.8677328006997413e-07,3.8677328006997413e-07,0.92,1.0,944,944
945,t2_b0,38,6,0.05683240725915978,0.0787266343832016,0.00023967860033735633,0.00023967860033735633,0.92,1.0,944,944
946,t2_b0,4,31,-0.15465402517278679,0.08461567759513855,0.028624994680285454,0.028624994680285454,0.9500000000000001,1.0,945,945
946,t2_b0,17,38,-0.020764917256444183,0.058516405522823334,0.0031427640933543444,0.0031427640933543444,0.025,1.0,945,945
946,t2_b0,14,2,-0.2525072921189549,0.03057824820280075,0.04006871581077576,0.04006871581077576,0.9333333333333333,1.0,945,945
946,t2_b0,33,3,-0.12993384442325362,0.02432750165462494,0.0118982819840312,0.0118982819840312,0.9142857142857143,1.0,945,945
946,t2_b0,34,0,-0.22545040462844007,0.1310637891292572,0.06355119496583939,0.06355119496583939,0.9142857142857143,1.0,945,945
946,t2_b0,24,36,-0.02739922193098307,0.0317608118057251,0.0017499546520411968,0.0017499546520411968,0.92,1.0,945,945
946,t2_b0,29,11,-0.3030257863723041,0.03707636147737503,0.05783473327755928,0.05783473327755928,0.03333333333333333,1.0,945,945
947,t2_b0,5,3,-0.17225658064020766,0.02381453663110733,0.019221941009163857,0.019221941009163857,0.9142857142857143,1.0,946,946
947,t2_b0,0,20,-0.09962070278529578,0.10309574753046036,0.02054697833955288,0.02054697833955288,0.9166666666666667,1.0,946,946
947,t2_b0,35,24,0.9136710330643606,0.04383842647075653,0.3783043622970581,0.3783043622970581,0.9333333333333333,1.0,946,946
947,t2_b0,30,22,-0.049358920770456026,0.028547048568725586,0.003034669905900955,0.003034669905900955,0.02,1.0,946,946
947,t2_b0,15,2,-0.07846579135820592,0.029004931449890137,0.005774978082627058,0.005774978082627058,0.92,1.0,946,946
948,t2_b0,25,2,0.19483568204244367,0.028906725347042084,0.013766209594905376,0.013766209594905376,0.9166666666666667,1.0,947,947
948,t2_b0,26,0,-0.38631463934562105,0.1338580697774887,0.13528983294963837,0.13528983294963837,0.925,1.0,947,947
948,t2_b0,36,9,-0.02299523199084847,0.027150943875312805,0.0012573195854201913,0.0012573195854201913,0.9125,1.0,947,947
948,t2_b0,1,3,-0.02897143792174023,0.0185004323720932,0.001126789255067706,0.001126789255067706,0.9142857142857143,1.0,947,947
948,t2_b0,6,17,0.16041821405507622,0.1015205904841423,0.0017344648949801922,0.0017344648949801922,0.925,1.0,947,947
949,t2_b0,12,36,0.005303404510735297,0.02721397578716278,0.0002400365483481437,0.0002400365483481437,0.9125,1.0,948,948
949,t2_b0,2,39,-0.006245271135450263,-0.01439443975687027,3.320447285659611e-05,3.320447285659611e-05,0.016666666666666666,1.0,948,948
949,t2_b0,7,3,-0.20504979135001303,0.02339935302734375,0.026094507426023483,0.026094507426023483,0.9142857142857143,1.0,948,948
949,t2_b0,37,0,-0.11254178991904662,0.12848056852817535,0.029045885428786278,0.029045885428786278,0.9125,1.0,948,948
949,t2_b0,9,18,-0.002015216533367925,0.02389715611934662,0.0003357255191076547,0.0003357255191076547,0.011111111111111112,1.0,948,948
949,t2_b0,17,6,0.09043677313740292,0.09898766875267029,3.6558922147378325e-05,3.6558922147378325e-05,0.9500000000000001,1.0,948,948
949,t2_b0,27,8,0.6869667400877427,0.031515441834926605,0.21480819582939148,0.21480819582939148,0.925,1.0,948,948
950,t2_b0,23,25,-0.11642874444839965,0.02957531064748764,0.01065859105437994,0.01065859105437994,0.03333333333333333,1.0,949,949
950,t2_b0,16,36,0.0392524615166137,0.025511443614959717,9.440776921110228e-05,9.440776921110228e-05,0.925,1.0,949,949
950,t2_b0,13,39,0.0,0.00842364877462387,3.547892993083224e-05,3.547892993083224e-05,0.02,1.0,949,949
950,t2_b0,3,1,0.013915158042321641,0.01593523472547531,2.040355184362852e-06,2.040355184362852e-06,0.9166666666666667,1.0,949,949
950,t2_b0,22,30,0.036840277644748315,0.024152755737304688,8.048662130022421e-05,8.048662130022421e-05,0.9166666666666667,1.0,949,949
950,t2_b0,10,2,-0.048414123783015496,0.022576674818992615,0.0025198468938469887,0.0025198468938469887,0.92,1.0,949,949
950,t2_b0,20,0,-0.03159148919656572,0.1279662698507309,0.012729339301586151,0.012729339301586151,0.9111111111111111,1.0,949,949
950,t2_b0,8,11,0.002894938244690207,0.022185564041137695,0.00018606412049848586,0.00018606412049848586,0.925,1.0,949,949
951,t2_b0,14,2,-0.16895970578348884,0.02489413321018219,0.018789656460285187,0.018789656460285187,0.92,1.0,950,950
951,t2_b0,33,3,-0.14210496409841925,0.016022272408008575,0.012502113357186317,0.012502113357186317,0.9142857142857143,1.0,950,950
951,t2_b0,29,32,-0.36421803552846427,0.020222492516040802,0.07389724999666214,0.07389724999666214,0.02,1.0,950,950
951,t2_b0,31,34,-0.06917819439552517,0.10297887772321701,0.014819029718637466,0.014819029718637466,1.0,1.0,950,950
951,t2_b0,24,9,-0.8787732809041433,0.024546891450881958,0.4079936742782593,0.4079936742782593,0.014285714285714287,1.0,950,950
951,t2_b0,38,0,-0.06010209195153715,0.12437605857849121,0.01701609417796135,0.01701609417796135,0.9111111111111111,1.0,950,950
952,t2_b0,20,0,0.0950839358586706,0.12048543244600296,0.0003226179978810251,0.0003226179978810251,0.9111111111111111,1.0,951,951
952,t2_b0,34,4,-0.07729202527789879,0.12075399607419968,0.019611114636063576,0.019611114636063576,0.03333333333333333,1.0,951,951
952,t2_b0,9,36,0.052841956687125345,0.01627601683139801,0.0006685340194962919,0.0006685340194962919,0.9142857142857143,1.0,951,951
952,t2_b0,10,23,0.49146238847972085,0.01726069301366806,0.11243361979722977,0.11243361979722977,0.925,1.0,951,951
952,t2_b0,5,3,-0.09963271983113592,0.014613695442676544,0.006526121404021978,0.006526121404021978,0.9142857142857143,1.0,951,951
952,t2_b0,35,24,-0.3918730789010862,0.022052720189094543,0.08566729724407196,0.08566729724407196,0.9333333333333333,1.0,951,951
952,t2_b0,39,15,0.6615545029141886,0.027947746217250824,0.20072878897190094,0.20072878897190094,0.9166666666666667,1.0,951,951
952,t2_b0,32,27,-0.14756782836709564,0.015915565192699432,0.013363407924771309,0.013363407924771309,0.92,1.0,951,951
952,t2_b0,19,14,-0.2346019290080029,0.042086079716682434,0.03827812895178795,0.03827812895178795,1.0,1.0,951,951
953,t2_b0,18,3,-0.3677249512532366,0.013608664274215698,0.07270766794681549,0.07270766794681549,0.9111111111111111,1.0,952,952
953,t2_b0,16,36,0.3166374911283575,0.02095850557088852,0.043713025748729706,0.043713025748729706,0.925,1.0,952,952
953,t2_b0,25,15,0.06663580812671192,0.01699277013540268,0.0012322156690061092,0.0012322156690061092,0.92,1.0,952,952
953,t2_b0,11,5,-0.18232174303340334,0.010404497385025024,0.018571700900793076,0.018571700900793076,0.92,1.0,952,952
953,t2_b0,31,34,0.0690165235818628,0.11690624058246613,0.001146712456829846,0.001146712456829846,1.0,1.0,952,952
953,t2_b0,28,38,-0.6704115631570312,0.11453096568584442,0.3080674111843109,0.3080674111843109,0.925,1.0,952,952
953,t2_b0,6,0,-0.14107675125105898,0.08863899111747742,0.026384662836790085,0.026384662836790085,0.9111111111111111,1.0,952,952
954,t2_b0,17,0,-0.06657041206526777,0.08675657212734222,0.01175458263605833,0.01175458263605833,0.925,1.0,953,953
954,t2_b0,37,20,-0.2769891349825558,0.09925542771816254,0.07077997922897339,0.07077997922897339,0.9166666666666667,1.0,953,953
954,t2_b0,32,27,-0.047667791751402636,0.013354673981666565,0.0018618705216795206,0.0018618705216795206,0.02,1.0,953,953
954,t2_b0,7,3,0.014971110585908125,0.01337026059627533,1.2813609373552026e-06,1.2813609373552026e-06,0.9142857142857143,1.0,953,953
954,t2_b0,12,18,0.018021083751700293,0.014158815145492554,7.4585618676792365e-06,7.4585618676792365e-06,0.9166666666666667,1.0,953,953
954,t2_b0,15,25,0.11273674222605098,0.026511527597904205,0.0037173936143517494,0.0037173936143517494,0.92,1.0,953,953
954,t2_b0,36,9,-0.0207154677660926,0.010928280651569366,0.0005006634164601564,0.0005006634164601564,0.92,1.0,953,953
955,t2_b0,22,3,-0.6395021247858669,0.014974579215049744,0.21416987478733063,0.21416987478733063,0.9166666666666667,1.0,954,954
955,t2_b0,27,11,-0.40319544081255676,0.01711643487215042,0.08833103626966476,0.08833103626966476,0.92,1.0,954,954
955,t2_b0,2,0,-0.012363309107710146,0.08486682921648026,0.0047268494963645935,0.0047268494963645935,0.9333333333333333,1.0,954,954
955,t2_b0,38,20,-0.1498917872142958,0.08823172748088837,0.028351405635476112,0.028351405635476112,0.9125,1.0,954,954
955,t2_b0,13,19,-0.16764759701589776,0.019333794713020325,0.017481021583080292,0.017481021583080292,0.025,1.0,954,954
955,t2_b0,23,10,0.17779080817325998,0.02055642008781433,0.01236132625490427,0.01236132625490427,0.9333333333333333,1.0,954,954
956,t2_b0,9,36,0.01952174376959945,0.012039802968502045,2.7989713998977095e-05,2.7989713998977095e-05,0.9166666666666667,1.0,955,955
956,t2_b0,19,15,0.13803427580455413,0.022060535848140717,0.006724953185766935,0.006724953185766935,0.9333333333333333,1.0,955,955
956,t2_b0,33,3,-0.14375571222367653,0.01235254853963852,0.012184894643723965,0.012184894643723965,0.9166666666666667,1.0,955,955
956,t2_b0,0,2,-0.0231138092478247,0.06177081540226936,0.003602700075134635,0.003602700075134635,0.9166666666666667,1.0,955,955
956,t2_b0,24,18,-0.03323707598665272,0.01294398307800293,0.0010663451394066215,0.0010663451394066215,0.92,1.0,955,955
956,t2_b0,26,21,-0.413102510140865,0.0934627428650856,0.12830418348312378,0.12830418348312378,0.9500000000000001,1.0,955,955
956,t2_b0,1,5,-0.05626466561195071,-0.025199376046657562,0.00048252608394250274,0.00048252608394250274,0.011111111111111112,1.0,955,955
956,t2_b0,39,23,-0.3139543501205154,0.01987989991903305,0.05572265759110451,0.05572265759110451,0.9333333333333333,1.0,955,955
956,t2_b0,29,27,-0.0023899285440033406,0.01555459201335907,0.00016100289940368384,0.00016100289940368384,0.9166666666666667,1.0,955,955
956,t2_b0,4,20,-0.28593715886477117,0.08728839457035065,0.06964866071939468,0.06964866071939468,0.925,1.0,955,955
957,t2_b0,25,0,0.17338726682035094,0.06623250991106033,0.00574107188731432,0.00574107188731432,0.925,1.0,956,956
957,t2_b0,35,9,-0.5023374590070432,0.010124161839485168,0.131308451294899,0.131308451294899,0.925,1.0,956,956
957,t2_b0,34,27,-0.020902719855809597,0.012055628001689911,0.0005431263125501573,0.0005431263125501573,0.9166666666666667,1.0,956,956
957,t2_b0,30,39,-0.3081388333249029,0.015932515263557434,0.05251111835241318,0.05251111835241318,0.9500000000000001,1.0,956,956
957,t2_b0,5,3,-0.026983055985691378,0.011990264058113098,0.0007594598573632538,0.0007594598573632538,0.9111111111111111,1.0,956,956
957,t2_b0,21,38,-0.20631514643781165,0.08270052820444107,0.04176503047347069,0.04176503047347069,0.92,1.0,956,956
957,t2_b0,15,19,-0.018724185702338386,0.03682057559490204,0.0015426103491336107,0.0015426103491336107,0.9333333333333333,1.0,956,956
958,t2_b0,21,38,0.3725677772716191,0.08213648945093155,0.04217516630887985,0.04217516630887985,0.925,1.0,957,957
958,t2_b0,16,24,0.11182755778328583,0.008360102772712708,0.005352757405489683,0.005352757405489683,0.02,1.0,957,957
958,t2_b0,11,27,-0.05377890037627471,0.008133158087730408,0.0019165516132488847,0.0019165516132488847,0.9142857142857143,1.0,957,957
958,t2_b0,18,9,-0.053274398139138805,0.009669333696365356,0.0019809564109891653,0.0019809564109891653,0.9166666666666667,1.0,957,957
958,t2_b0,0,10,-0.04470346476753663,0.032706357538700104,0.0029961399268358946,0.0029961399268358946,0.92,1.0,957,957
958,t2_b0,1,3,-0.05776399942629654,0.007015213370323181,0.0020981733687222004,0.0020981733687222004,0.9111111111111111,1.0,957,957
958,t2_b0,6,20,-0.10565737692020363,0.07609707117080688,0.016517337411642075,0.016517337411642075,0.9125,1.0,957,957
958,t2_b0,36,39,0.12980544260937674,0.01710928976535797,0.006350211799144745,0.006350211799144745,0.9500000000000001,1.0,957,957
959,t2_b0,22,3,0.18003715293067415,0.00868699699640274,0.014680436812341213,0.014680436812341213,0.92,1.0,958,958
959,t2_b0,20,37,-0.2905549608901373,0.08564674109220505,0.07076386362314224,0.07076386362314224,0.9333333333333333,1.0,958,958
959,t2_b0,27,11,-0.39640628980265985,0.006282903254032135,0.08107928931713104,0.08107928931713104,0.9166666666666667,1.0,958,958
959,t2_b0,2,17,-0.04843414030433082,0.04466981440782547,0.004334173630923033,0.004334173630923033,1.0,1.0,958,958
959,t2_b0,14,19,-0.1469209798294831,0.06950195133686066,0.023419441655278206,0.023419441655278206,0.9500000000000001,1.0,958,958
959,t2_b0,28,6,-0.2128702492235786,0.07768194377422333,0.04221028834581375,0.04221028834581375,0.9333333333333333,1.0,958,958
959,t2_b0,12,9,0.08428975712034063,0.007142461836338043,0.002975852694362402,0.002975852694362402,0.9166666666666667,1.0,958,958
959,t2_b0,10,0,-0.08472181020800744,0.06748203933238983,0.01158300694078207,0.01158300694078207,0.9333333333333333,1.0,958,958
960,t2_b0,37,38,-0.29466910173703537,0.07466380298137665,0.0682033970952034,0.0682033970952034,0.016666666666666666,1.0,959,959
960,t2_b0,32,27,0.008518185436070209,0.00790046900510788,1.90786806797405e-07,1.90786806797405e-07,0.92,1.0,959,959
960,t2_b0,17,2,0.008619729088568739,0.0630774199962616,0.0014828200219199061,0.0014828200219199061,0.9166666666666667,1.0,959,959
960,t2_b0,23,0,-0.0064701901475555865,0.06667377054691315,0.0026750194374471903,0.0026750194374471903,0.9333333333333333,1.0,959,959
960,t2_b0,28,6,-0.28953841730736346,0.07661379873752594,0.06703372299671173,0.06703372299671173,0.925,1.0,959,959
960,t2_b0,31,20,-0.18041523251007252,0.06240224093198776,0.029480159282684326,0.029480159282684326,0.9500000000000001,1.0,959,959
960,t2_b0,13,25,0.10318959743567457,0.06808875501155853,0.0006160344928503036,0.0006160344928503036,0.9333333333333333,1.0,959,959
960,t2_b0,7,3,-0.05336313814339923,0.008363395929336548,0.001905082375742495,0.001905082375742495,0.9166666666666667,1.0,959,959
960,t2_b0,18,12,0.3666749076572394,0.0077810510993003845,0.06440239399671555,0.06440239399671555,0.9166666666666667,1.0,959,959
961,t2_b0,38,6,0.011455632263596483,0.07639563828706741,0.002108602086082101,0.002108602086082101,0.9500000000000001,1.0,960,960
961,t2_b0,33,3,-0.07350874842982115,0.006697759032249451,0.003216541837900877,0.003216541837900877,0.9142857142857143,1.0,960,960
961,t2_b0,39,18,-0.16347119522303805,0.008239269256591797,0.014742241241037846,0.014742241241037846,0.014285714285714287,1.0,960,960
961,t2_b0,34,27,-0.03519046109727456,0.008007064461708069,0.0009330130415037274,0.0009330130415037274,0.92,1.0,960,960
961,t2_b0,14,13,0.08920073682152088,0.07353447377681732,0.0001227158645633608,0.0001227158645633608,0.9500000000000001,1.0,960,960
961,t2_b0,29,20,0.033870940035009484,0.06340522319078445,0.00043613696470856667,0.00043613696470856667,0.9500000000000001,1.0,960,960
962,t2_b0,19,13,-0.06276802863264018,0.07222715020179749,0.009111848659813404,0.009111848659813404,0.9500000000000001,1.0,961,961
962,t2_b0,5,11,-0.07177822247657684,0.0076479315757751465,0.0031542570795863867,0.0031542570795863867,0.9142857142857143,1.0,961,961
962,t2_b0,20,34,-0.03634093816869336,0.04686010256409645,0.0034612060990184546,0.0034612060990184546,0.9333333333333333,1.0,961,961
962,t2_b0,4,2,-0.4606951420823906,0.05852736160159111,0.13479600846767426,0.13479600846767426,0.925,1.0,961,961
962,t2_b0,0,23,0.18848849715189406,0.02266617864370346,0.01374852191656828,0.01374852191656828,0.925,1.0,961,961
962,t2_b0,26,3,0.9326918810207852,0.017717227339744568,0.4185892939567566,0.4185892939567566,0.9166666666666667,1.0,961,961
962,t2_b0,15,10,0.9680957802349045,0.07338561862707138,0.40025314688682556,0.40025314688682556,0.9333333333333333,1.0,961,961
963,t2_b0,10,23,0.16918715212684532,0.06547194719314575,0.005378422327339649,0.005378422327339649,0.9333333333333333,1.0,962,962
963,t2_b0,26,3,0.0512569476140757,0.011368058621883392,0.0007955617038533092,0.0007955617038533092,0.9166666666666667,1.0,962,962
963,t2_b0,21,2,-0.07225820922009243,0.05949778109788895,0.008679821155965328,0.008679821155965328,0.92,1.0,962,962
963,t2_b0,35,24,0.05098411412547895,0.005137749016284943,0.0010509445564821362,0.0010509445564821362,0.925,1.0,962,962
963,t2_b0,30,0,0.025951373790670397,0.06400667876005173,0.0007241030689328909,0.0007241030689328909,0.9333333333333333,1.0,962,962
963,t2_b0,31,20,0.10739459778222415,0.04157581925392151,0.002166055841371417,0.002166055841371417,0.9500000000000001,1.0,962,962
964,t2_b0,22,27,-0.009195201721085643,0.003299400210380554,7.805754285072908e-05,7.805754285072908e-05,0.9333333333333333,1.0,963,963
964,t2_b0,3,39,-0.02687186538594634,-0.030195601284503937,5.523609615920577e-06,5.523609615920577e-06,0.92,1.0,963,963
964,t2_b0,2,21,-0.023635885149603204,0.029607094824314117,0.0014174075331538916,0.0014174075331538916,0.92,1.0,963,963
964,t2_b0,32,11,-0.13278694718252057,0.006649218499660492,0.009721220470964909,0.009721220470964909,0.925,1.0,963,963
964,t2_b0,25,23,0.2658430187335389,0.06217768415808678,0.020739780738949776,0.020739780738949776,0.925,1.0,963,963
964,t2_b0,7,5,0.04609336426412608,0.005782775580883026,0.0008124717278406024,0.0008124717278406024,0.925,1.0,963,963
964,t2_b0,16,24,0.1041041711597316,0.005839839577674866,0.004827938973903656,0.004827938973903656,0.925,1.0,963,963
964,t2_b0,36,0,0.08552101363799634,0.03787098824977875,0.0011352624278515577,0.0011352624278515577,0.92,1.0,963,963
965,t2_b0,9,33,0.9645869609206589,0.02014077454805374,0.44598931074142456,0.44598931074142456,0.9333333333333333,1.0,964,964
965,t2_b0,23,10,0.2562892606281116,0.06647413969039917,0.01801489293575287,0.01801489293575287,0.9333333333333333,1.0,964,964
965,t2_b0,24,12,0.009517110723836217,0.0017090663313865662,3.0482779038720764e-05,3.0482779038720764e-05,0.92,1.0,964,964
965,t2_b0,3,0,0.0,0.024188652634620667,0.000292545446427539,0.000292545446427539,0.9142857142857143,1.0,964,964
965,t2_b0,13,25,-0.09102968287520233,0.07678677886724472,0.014081181958317757,0.014081181958317757,0.925,1.0,964,964
965,t2_b0,28,21,0.07313017612962325,0.04463040083646774,0.00040611857548356056,0.00040611857548356056,0.9333333333333333,1.0,964,964
965,t2_b0,11,1,-0.007622333296671407,0.005202345550060272,8.223619079217315e-05,8.223619079217315e-05,0.925,1.0,964,964
966,t2_b0,4,2,-0.11312390345865765,0.045076265931129456,0.01251364778727293,0.01251364778727293,0.9333333333333333,1.0,965,965
966,t2_b0,17,28,0.011935613115163148,0.04992710426449776,0.000721676682587713,0.000721676682587713,1.0,1.0,965,965
966,t2_b0,37,21,-0.06742811981868761,0.045057520270347595,0.006326509639620781,0.006326509639620781,0.925,1.0,965,965
966,t2_b0,14,19,-0.15353595779701498,0.07339411973953247,0.025748630985617638,0.025748630985617638,0.9333333333333333,1.0,965,965
966,t2_b0,12,3,-0.10690038345676668,0.0159493088722229,0.007546023931354284,0.007546023931354284,0.9166666666666667,1.0,965,965
966,t2_b0,39,0,-0.17295332950818373,0.026922985911369324,0.019975269213318825,0.019975269213318825,0.9142857142857143,1.0,965,965
966,t2_b0,24,16,0.22081088619552908,0.006233111023902893,0.023021811619400978,0.023021811619400978,0.9166666666666667,1.0,965,965
966,t2_b0,34,20,-0.09169123838084714,0.006605423986911774,0.004831117112189531,0.004831117112189531,0.925,1.0,965,965
967,t2_b0,35,12,-0.004065534876409882,0.00754673033952713,6.742235564161092e-05,6.742235564161092e-05,0.92,1.0,966,966
967,t2_b0,19,14,0.08595749789231798,0.07029802352190018,0.0001226095628226176,0.0001226095628226176,0.9500000000000001,1.0,966,966
967,t2_b0,38,17,0.9325045219637669,0.04935866594314575,0.38997331261634827,0.38997331261634827,1.0,1.0,966,966
967,t2_b0,25,13,0.25582408726172934,0.06690658628940582,0.01784491166472435,0.01784491166472435,0.025,1.0,966,966
967,t2_b0,29,37,-0.1808396877968575,0.04262572526931763,0.02496839500963688,0.02496839500963688,0.925,1.0,966,966
967,t2_b0,0,3,0.05940362718607474,0.019832581281661987,0.0007829339010640979,0.0007829339010640979,0.9166666666666667,1.0,966,966
967,t2_b0,1,20,-0.057815798684608656,-0.0314050018787384,0.0003487650537863374,0.0003487650537863374,0.92,1.0,966,966
967,t2_b0,9,33,0.04052308961294578,0.006935089826583862,0.0005640768795274198,0.0005640768795274198,0.925,1.0,966,966
967,t2_b0,15,10,-0.12925136540184437,0.0687490701675415,0.019602084532380104,0.019602084532380104,0.925,1.0,966,966
968,t2_b0,33,35,-0.012126737350612354,0.008811108767986298,0.0002191966777900234,0.0002191966777900234,0.9500000000000001,1.0,967,967
968,t2_b0,31,1,-0.18421201411714136,0.02270873636007309,0.021408097818493843,0.021408097818493843,0.9333333333333333,1.0,967,967
968,t2_b0,16,12,0.15010426347236183,0.016208752989768982,0.008964004926383495,0.008964004926383495,0.92,1.0,967,967
968,t2_b0,21,37,-0.012407377533810226,0.039750732481479645,0.0013602342223748565,0.0013602342223748565,0.9500000000000001,1.0,967,967
968,t2_b0,20,34,0.0,0.00132017582654953,8.714321211300557e-07,8.714321211300557e-07,0.925,1.0,967,967
968,t2_b0,26,0,0.07537799851633709,0.028033532202243805,0.001120749395340681,0.001120749395340681,0.9166666666666667,1.0,967,967
968,t2_b0,10,15,-0.01460681015927261,0.0723242461681366,0.003778504440560937,0.003778504440560937,0.03333333333333333,1.0,967,967
969,t2_b0,18,23,0.9273100788474284,0.07402873039245605,0.36404451727867126,0.36404451727867126,0.9333333333333333,1.0,968,968
969,t2_b0,37,21,-0.058079382527637086,0.042755015194416046,0.005083788186311722,0.005083788186311722,0.9333333333333333,1.0,968,968
969,t2_b0,36,0,0.09260077094388491,0.028455376625061035,0.002057315781712532,0.002057315781712532,0.92,1.0,968,968
969,t2_b0,5,32,-0.0022999619898594445,0.0022067874670028687,1.0155396012123674e-05,1.0155396012123674e-05,0.9166666666666667,1.0,968,968
969,t2_b0,12,3,-0.06024371520469285,0.026007242500782013,0.0037196141202002764,0.0037196141202002764,0.9166666666666667,1.0,968,968
969,t2_b0,17,38,0.0006158442378831724,0.04426738619804382,0.0009527286165393889,0.0009527286165393889,1.0,1.0,968,968
969,t2_b0,1,2,-0.02713274761710595,0.009930990636348724,0.0006868604104965925,0.0006868604104965925,0.92,1.0,968,968
970,t2_b0,28,21,0.0048614778177685095,0.04396834969520569,0.0007646736921742558,0.0007646736921742558,0.9500000000000001,1.0,969,969
970,t2_b0,18,36,-0.6886971683620611,0.053841233253479004,0.27568164467811584,0.27568164467811584,0.925,1.0,969,969
970,t2_b0,2,1,-0.025687892370782152,0.013134345412254333,0.0007535830372944474,0.0007535830372944474,0.92,1.0,969,969
970,t2_b0,13,25,-0.012937014053159106,0.07154704630374908,0.0035687785129994154,0.0035687785129994154,0.9333333333333333,1.0,969,969
970,t2_b0,32,34,-0.07280961483490125,0.001075148582458496,0.0027294789906591177,0.0027294789906591177,0.9333333333333333,1.0,969,969
970,t2_b0,38,17,0.05917097170832166,0.038283683359622955,0.00021813942294102162,0.00021813942294102162,0.9500000000000001,1.0,969,969
970,t2_b0,23,10,-0.0011900502782156933,0.07141122221946716,0.0026354724541306496,0.0026354724541306496,0.925,1.0,969,969
970,t2_b0,3,0,0.007393020542419217,0.0191105455160141,6.86501880409196e-05,6.86501880409196e-05,0.9142857142857143,1.0,969,969
970,t2_b0,6,19,0.9046155199104177,0.07816901803016663,0.3415069282054901,0.3415069282054901,1.0,1.0,969,969
971,t2_b0,27,3,-0.178518153182798,0.01663908362388611,0.019043171778321266,0.019043171778321266,0.925,1.0,970,970
971,t2_b0,14,19,0.13092299682160183,0.07263301312923431,0.0016988614806905389,0.0016988614806905389,0.05,1.0,970,970
971,t2_b0,24,12,0.02240902475098504,0.02318551391363144,3.0146705398692575e-07,3.0146705398692575e-07,0.92,1.0,970,970
971,t2_b0,7,20,0.0074025937208694,0.006996922194957733,8.228469994264742e-08,8.228469994264742e-08,0.9142857142857143,1.0,970,970
971,t2_b0,4,29,-0.040705048060769446,0.029323525726795197,0.0024520005099475384,0.0024520005099475384,0.9500000000000001,1.0,970,970
971,t2_b0,39,0,0.05566958820406546,0.023753643035888672,0.0005093137151561677,0.0005093137151561677,0.9125,1.0,970,970
972,t2_b0,9,16,0.0011296211625344353,0.022019632160663605,0.00021819626272190362,0.00021819626272190362,0.9333333333333333,1.0,971,971
972,t2_b0,0,3,-0.0010675006371006128,0.015659913420677185,0.0001399031898472458,0.0001399031898472458,0.9166666666666667,1.0,971,971
972,t2_b0,19,14,0.3015138957928769,0.07245828211307526,0.026233240962028503,0.026233240962028503,0.9333333333333333,1.0,971,971
972,t2_b0,29,31,-0.0011530354009222311,0.01994328945875168,0.00022252745111472905,0.00022252745111472905,0.9333333333333333,1.0,971,971
972,t2_b0,20,7,0.0,0.006591334939002991,2.1722848032368347e-05,2.1722848032368347e-05,0.9166666666666667,1.0,971,971
972,t2_b0,10,23,0.17007185125668967,0.07125408947467804,0.004882475361227989,0.004882475361227989,0.9500000000000001,1.0,971,971
972,t2_b0,30,26,0.12694182422046274,0.02051462233066559,0.005663375370204449,0.005663375370204449,0.014285714285714287,1.0,971,971
972,t2_b0,35,12,-0.17606966517005018,0.019687101244926453,0.019160354509949684,0.019160354509949684,0.925,1.0,971,971
973,t2_b0,6,14,-0.06914907039272743,0.07340181618928909,0.010160377249121666,0.010160377249121666,0.9333333333333333,1.0,972,972
973,t2_b0,21,37,0.14638300896075826,0.029675200581550598,0.006810355465859175,0.006810355465859175,0.9333333333333333,1.0,972,972
973,t2_b0,16,12,0.03718846698788712,0.020668335258960724,0.00013645736908074468,0.00013645736908074468,0.925,1.0,972,972
973,t2_b0,25,23,0.2643419949754315,0.0705503523349762,0.018777597695589066,0.018777597695589066,0.9333333333333333,1.0,972,972
973,t2_b0,31,2,-0.026613400243944842,0.006883241236209869,0.0005610124790109694,0.0005610124790109694,0.925,1.0,972,972
973,t2_b0,11,28,0.9960684122303558,0.045398466289043427,0.45188668370246887,0.45188668370246887,0.9500000000000001,1.0,972,972
973,t2_b0,26,0,-0.023009099256523547,0.023998908698558807,0.0011048763990402222,0.0011048763990402222,0.9166666666666667,1.0,972,972
973,t2_b0,34,20,-0.08683280413776075,0.00568389892578125,0.004279670305550098,0.004279670305550098,0.9166666666666667,1.0,972,972
974,t2_b0,7,20,0.04792020622735306,0.0058027878403663635,0.0008869384182617068,0.0008869384182617068,0.9142857142857143,1.0,973,973
974,t2_b0,12,24,0.0830749503523793,0.020709887146949768,0.001944700488820672,0.001944700488820672,0.02,1.0,973,973
974,t2_b0,33,25,0.9728589762504077,0.1091734915971756,0.37297630310058594,0.37297630310058594,1.0,1.0,973,973
974,t2_b0,32,34,0.056413125144442036,0.0018691420555114746,0.0014875230845063925,0.0014875230845063925,0.9500000000000001,1.0,973,973
974,t2_b0,15,0,-0.05869157375139921,0.026215746998786926,0.0036046267487108707,0.0036046267487108707,0.9142857142857143,1.0,973,973
974,t2_b0,37,29,0.02494732104835303,0.025355562567710876,8.333056911169479e-08,8.333056911169479e-08,0.9333333333333333,1.0,973,973
974,t2_b0,2,1,0.15422921804122608,0.0027457773685455322,0.011473617516458035,0.011473617516458035,0.9142857142857143,1.0,973,973
975,t2_b0,23,25,-0.056523052829853315,0.0724848210811615,0.008321516215801239,0.008321516215801239,0.03333333333333333,1.0,974,974
975,t2_b0,18,36,-0.3623444345399986,0.048219550400972366,0.08428139984607697,0.08428139984607697,0.925,1.0,974,974
975,t2_b0,3,0,0.042520414011106074,0.01528003066778183,0.00037101926864124835,0.00037101926864124835,0.9142857142857143,1.0,974,974
975,t2_b0,33,10,-1.0,0.07887528091669083,0.5788753032684326,0.5788753032684326,0.9333333333333333,1.0,974,974
975,t2_b0,28,21,0.09588596720303914,0.036613158881664276,0.0017566330498084426,0.0017566330498084426,0.9333333333333333,1.0,974,974
975,t2_b0,22,34,-0.011869265683551495,0.0036022216081619263,0.00011968345643253997,0.00011968345643253997,0.9142857142857143,1.0,974,974
976,t2_b0,34,20,-0.006706679068433653,0.002685748040676117,4.410884503158741e-05,4.410884503158741e-05,0.9166666666666667,1.0,975,975
976,t2_b0,4,29,-0.044577402217640436,0.012558460235595703,0.0016322532901540399,0.0016322532901540399,0.9500000000000001,1.0,975,975
976,t2_b0,13,25,-0.013375738672271925,0.07799597084522247,0.004174394533038139,0.004174394533038139,0.92,1.0,975,975
976,t2_b0,19,14,0.4017241439284957,0.07854699343442917,0.05222172662615776,0.05222172662615776,0.9333333333333333,1.0,975,975
976,t2_b0,24,12,-0.021955739197384843,0.02240348607301712,0.0009838704718276858,0.0009838704718276858,0.925,1.0,975,975
976,t2_b0,17,27,0.0,0.09988382458686829,0.00498838908970356,0.00498838908970356,1.0,1.0,1,1
976,t2_b0,39,0,-0.07567382834690464,0.020235642790794373,0.004599313251674175,0.004599313251674175,0.9142857142857143,1.0,975,975
976,t2_b0,38,21,0.10134414384804101,0.026030749082565308,0.0028360539581626654,0.0028360539581626654,0.9333333333333333,1.0,975,975
977,t2_b0,20,34,-0.0842506703844892,0.0011012330651283264,0.003642474068328738,0.003642474068328738,0.9166666666666667,1.0,976,976
977,t2_b0,1,2,0.03297756116152947,-0.007704406976699829,0.0008275113068521023,0.0008275113068521023,0.9166666666666667,1.0,976,976
977,t2_b0,14,19,-0.015294123321054374,0.08255086839199066,0.004786820616573095,0.004786820616573095,0.925,1.0,976,976
977,t2_b0,29,37,-0.10181607030516285,0.006475783884525299,0.005863563157618046,0.005863563157618046,0.9333333333333333,1.0,976,976
977,t2_b0,10,23,0.010316864529576152,0.07309851050376892,0.0019707675091922283,0.0019707675091922283,0.9333333333333333,1.0,976,976
977,t2_b0,35,12,-0.15594742799474146,0.01915433257818222,0.01533031277358532,0.01533031277358532,0.925,1.0,976,976
977,t2_b0,27,17,0.32706617910593033,0.04398230463266373,0.04006824269890785,0.04006824269890785,1.0,1.0,2,976
977,t2_b0,9,16,0.06422631626027625,0.02178867906332016,0.0009004764724522829,0.0009004764724522829,0.9333333333333333,1.0,976,976
977,t2_b0,0,3,0.0,0.012072376906871796,7.287114567589015e-05,7.287114567589015e-05,0.9166666666666667,1.0,976,976
978,t2_b0,31,7,-0.01826094916389055,0.0007442086935043335,0.00018059799913316965,0.00018059799913316965,0.92,1.0,977,977
978,t2_b0,21,37,0.12566189629843139,0.01941230148077011,0.005644488148391247,0.005644488148391247,0.925,1.0,977,977
978,t2_b0,25,10,0.23888862831284022,0.0724388062953949,0.013852770440280437,0.013852770440280437,0.925,1.0,977,977
978,t2_b0,36,18,-0.08587422080996271,0.016189828515052795,0.005208535119891167,0.005208535119891167,0.014285714285714287,1.0,977,977
978,t2_b0,16,12,0.0043659058426542005,0.01917140930891037,0.00010960146028082818,0.00010960146028082818,0.925,1.0,977,977
978,t2_b0,26,0,0.053581938302253905,0.020626217126846313,0.000543039757758379,0.000543039757758379,0.9166666666666667,1.0,977,977
978,t2_b0,6,14,0.2746866939699727,0.07970760017633438,0.019008424133062363,0.019008424133062363,0.92,1.0,977,977
979,t2_b0,37,29,-0.13403188095804258,0.011899307370185852,0.010647955350577831,0.010647955350577831,0.9333333333333333,1.0,978,978
979,t2_b0,27,6,0.5464448267763079,0.10489298403263092,0.09748402237892151,0.09748402237892151,0.9500000000000001,1.0,978,978
979,t2_b0,17,19,0.8232386966910408,0.09118016809225082,0.26795485615730286,0.26795485615730286,0.92,1.0,978,978
979,t2_b0,5,1,-0.009019415372874227,-0.0010956674814224243,3.13928940158803e-05,3.13928940158803e-05,0.014285714285714287,1.0,978,978
979,t2_b0,32,22,-0.21302987857590244,-7.961690425872803e-05,0.02267390675842762,0.02267390675842762,0.05,1.0,978,978
979,t2_b0,12,3,-0.06097107847763018,0.01997673511505127,0.0032762745395302773,0.0032762745395302773,0.92,1.0,978,978
979,t2_b0,15,0,-0.0222343158777913,0.021838895976543427,0.0009712238679639995,0.0009712238679639995,0.9142857142857143,1.0,978,978
979,t2_b0,11,21,0.09409768097050125,0.028449393808841705,0.0021548487711697817,0.0021548487711697817,0.9333333333333333,1.0,978,978
980,t2_b0,28,21,0.0,0.028713785111904144,0.00041224074084311724,0.00041224074084311724,0.9333333333333333,1.0,979,979
980,t2_b0,23,10,0.07321275489677442,0.07462085783481598,9.913729854815756e-07,9.913729854815756e-07,0.9333333333333333,1.0,979,979
980,t2_b0,3,26,0.01886637521466414,-0.02229473739862442,0.0008471186156384647,0.0008471186156384647,0.014285714285714287,1.0,979,979
980,t2_b0,13,25,0.0,0.08263257145881653,0.0034140709321945906,0.0034140709321945906,0.92,1.0,979,979
980,t2_b0,30,0,0.00014502172845291602,0.022381596267223358,0.0002472326159477234,0.0002472326159477234,0.9142857142857143,1.0,979,979
980,t2_b0,33,14,-0.06824142307917572,0.0887962132692337,0.01233041100203991,0.01233041100203991,0.9166666666666667,1.0,979,979
981,t2_b0,14,19,0.17779633531914477,0.08568133413791656,0.004242586437612772,0.004242586437612772,0.92,1.0,980,980
981,t2_b0,38,21,0.03015704410395604,0.01861332356929779,6.662874511675909e-05,6.662874511675909e-05,0.9333333333333333,1.0,980,980
981,t2_b0,18,15,-0.015947540997355455,0.04511641710996628,0.0018644036026671529,0.0018644036026671529,0.925,1.0,980,980
981,t2_b0,4,29,-0.061882843368544466,-0.000937238335609436,0.0018571832915768027,0.0018571832915768027,0.05,1.0,980,980
981,t2_b0,39,0,-0.024358560006047535,0.018201671540737152,0.0009056866401806474,0.0009056866401806474,0.9142857142857143,1.0,980,980
981,t2_b0,24,12,0.24044574888092682,0.01940213143825531,0.02443014085292816,0.02443014085292816,0.925,1.0,980,980
981,t2_b0,9,35,-0.014405335915554778,0.020423032343387604,0.0006065076449885964,0.0006065076449885964,0.9333333333333333,1.0,980,980
982,t2_b0,15,26,0.2179068944400381,0.01593947410583496,0.020395418629050255,0.020395418629050255,0.014285714285714287,1.0,981,981
982,t2_b0,10,23,-0.001809525647451408,0.07427167147397995,0.002894174074754119,0.002894174074754119,0.9500000000000001,1.0,981,981
982,t2_b0,0,3,0.05155360467971379,0.009644575417041779,0.0008781832875683904,0.0008781832875683904,0.9166666666666667,1.0,981,981
982,t2_b0,35,12,0.001004110709253562,0.019728653132915497,0.00017530424520373344,0.00017530424520373344,0.925,1.0,981,981
982,t2_b0,19,13,-0.04499951569066418,0.08434918522834778,0.008365542627871037,0.008365542627871037,0.016666666666666666,1.0,981,981
982,t2_b0,1,2,0.12820139989687582,-0.01225937157869339,0.009864612482488155,0.009864612482488155,0.9166666666666667,1.0,981,981
983,t2_b0,21,37,0.10962844906729054,0.009362742304801941,0.005026605911552906,0.005026605911552906,0.925,1.0,982,982
983,t2_b0,25,23,-0.018875796401540714,0.07321217656135559,0.004240097012370825,0.004240097012370825,0.9333333333333333,1.0,982,982
983,t2_b0,7,34,-0.2105273255457645,-0.0014741569757461548,0.021851614117622375,0.021851614117622375,0.9142857142857143,1.0,982,982
983,t2_b0,2,1,0.021460203243646062,-0.004846110939979553,0.0003460110747255385,0.0003460110747255385,0.9142857142857143,1.0,982,982
983,t2_b0,16,12,0.16749261600253681,0.016936764121055603,0.011333531700074673,0.011333531700074673,0.925,1.0,982,982
983,t2_b0,26,0,-0.012403108026183178,0.01918940246105194,0.0004990433808416128,0.0004990433808416128,0.9166666666666667,1.0,982,982
983,t2_b0,22,20,-0.05843825200432709,-0.0013342052698135376,0.0016304361633956432,0.0016304361633956432,0.9142857142857143,1.0,982,982
983,t2_b0,6,14,-0.10487634811140328,0.08615662157535553,0.01824679970741272,0.01824679970741272,0.9166666666666667,1.0,982,982
984,t2_b0,36,0,0.033942425876990444,0.01995520293712616,9.782122651813552e-05,9.782122651813552e-05,0.9142857142857143,1.0,983,983
984,t2_b0,32,22,0.1336875980006915,-0.0043611302971839905,0.009528727270662785,0.009528727270662785,0.05,1.0,983,983
984,t2_b0,11,21,0.011076614560791854,0.01995072513818741,3.937492147088051e-05,3.937492147088051e-05,0.9333333333333333,1.0,983,983
984,t2_b0,37,29,-0.13739245837914632,0.0038174763321876526,0.009970122016966343,0.009970122016966343,0.9333333333333333,1.0,983,983
984,t2_b0,12,3,0.01899320729398169,0.019253350794315338,3.383708957471754e-08,3.383708957471754e-08,0.9166666666666667,1.0,983,983
984,t2_b0,27,17,0.0,0.09021429717540741,0.0040693096816539764,0.0040693096816539764,0.925,1.0,983,983
985,t2_b0,28,21,0.0,0.02034420520067215,0.00020694333943538368,0.00020694333943538368,0.9333333333333333,1.0,984,984
985,t2_b0,29,31,-0.09492965634993161,-0.009873948991298676,0.0036172368563711643,0.0036172368563711643,0.03333333333333333,1.0,984,984
985,t2_b0,34,20,-0.13832651585937644,-0.005213916301727295,0.008859481662511826,0.008859481662511826,0.9166666666666667,1.0,984,984
985,t2_b0,13,25,0.0,0.08523830771446228,0.0036327845882624388,0.0036327845882624388,0.925,1.0,984,984
985,t2_b0,23,10,-0.0032278334197358267,0.07342152297496796,0.0029375615995377302,0.0029375615995377302,0.9333333333333333,1.0,984,984
985,t2_b0,3,0,0.18875049937566976,0.011233828961849213,0.01575608365237713,0.01575608365237713,0.9142857142857143,1.0,984,984
985,t2_b0,33,19,-0.03037734684752746,0.09339145570993423,0.007659358903765678,0.007659358903765678,0.025,1.0,984,984
985,t2_b0,17,14,-1.0,0.09142499417066574,0.5914249420166016,0.5914249420166016,0.92,1.0,984,984
986,t2_b0,24,12,0.04737190653997252,0.01751602441072464,0.0004456868045963347,0.0004456868045963347,0.925,1.0,985,985
986,t2_b0,18,30,0.021872031110524454,0.04256199300289154,0.00021403726714197546,0.00021403726714197546,0.925,1.0,985,985
986,t2_b0,9,35,0.0018329405892828343,0.018279053270816803,0.00013523732195608318,0.00013523732195608318,0.025,1.0,985,985
986,t2_b0,19,17,0.06765619862914535,0.0869104266166687,0.00018536268908064812,0.00018536268908064812,0.92,1.0,985,985
986,t2_b0,39,0,0.11886055025927203,0.02070554345846176,0.004817202687263489,0.004817202687263489,0.9142857142857143,1.0,985,985
986,t2_b0,38,21,0.2253903273316239,0.011940717697143555,0.022780368104577065,0.022780368104577065,0.9333333333333333,1.0,985,985
986,t2_b0,14,6,-0.11708608142433832,0.08597163110971451,0.020616216585040092,0.020616216585040092,0.925,1.0,985,985
986,t2_b0,20,34,-0.08940533680977104,-0.0063444823026657104,0.0034495526924729347,0.0034495526924729347,0.9166666666666667,1.0,985,985
987,t2_b0,22,32,-0.04354490444024896,-0.006121300160884857,0.000700263015460223,0.000700263015460223,0.014285714285714287,1.0,986,986
987,t2_b0,0,3,0.43160812284938166,0.012509375810623169,0.08782187849283218,0.08782187849283218,0.9166666666666667,1.0,986,986
987,t2_b0,29,37,0.027236322820358556,-0.008314475417137146,0.0006319295498542488,0.0006319295498542488,0.03333333333333333,1.0,986,986
987,t2_b0,1,2,0.25605486362716795,-0.016009114682674408,0.03700941056013107,0.03700941056013107,0.9166666666666667,1.0,986,986
987,t2_b0,31,7,-0.14755615629208713,-0.004715621471405029,0.010201709344983101,0.010201709344983101,0.92,1.0,986,986
987,t2_b0,35,12,-0.1003556374340986,0.02016598731279373,0.007262731436640024,0.007262731436640024,0.925,1.0,986,986
987,t2_b0,10,23,0.027339549108530273,0.07272990047931671,0.0010301420697942376,0.0010301420697942376,0.9500000000000001,1.0,986,986
988,t2_b0,26,0,-0.013182162903651025,0.028751537203788757,0.0008792176377028227,0.0008792176377028227,0.9166666666666667,1.0,987,987
988,t2_b0,16,12,-0.013147045957232331,0.01741870492696762,0.00046713254414498806,0.00046713254414498806,0.925,1.0,987,987
988,t2_b0,21,37,-0.05204648368944799,0.004658468067646027,0.0016077258624136448,0.0016077258624136448,0.925,1.0,987,987
988,t2_b0,6,27,0.2141496923703813,0.08525008708238602,0.008307553827762604,0.008307553827762604,0.92,1.0,987,987
988,t2_b0,7,20,-0.2161485432874016,-0.0029619187116622925,0.022724267095327377,0.022724267095327377,0.9142857142857143,1.0,987,987
988,t2_b0,25,23,0.21856392830147614,0.0710882917046547,0.010874530300498009,0.010874530300498009,0.9333333333333333,1.0,987,987
988,t2_b0,5,2,-0.07076285990226437,-0.0037062764167785645,0.0022482925560325384,0.0022482925560325384,0.014285714285714287,1.0,987,987
989,t2_b0,12,3,-0.07999195610666314,0.025191232562065125,0.00553175201639533,0.00553175201639533,0.9166666666666667,1.0,988,988
989,t2_b0,17,27,0.1819517085216573,0.08834411948919296,0.004381189588457346,0.004381189588457346,0.925,1.0,988,988
989,t2_b0,11,28,-0.45837344379028855,0.012770585715770721,0.11098835617303848,0.11098835617303848,0.9333333333333333,1.0,988,988
989,t2_b0,4,29,-0.062291221447597876,-0.008796781301498413,0.0014308274257928133,0.0014308274257928133,0.05,1.0,988,988
989,t2_b0,15,0,0.01228991165100719,0.029307596385478973,0.0001448007969884202,0.0001448007969884202,0.9142857142857143,1.0,988,988
990,t2_b0,27,6,-0.3903816832186102,0.08467617630958557,0.11283998936414719,0.11283998936414719,0.9333333333333333,1.0,989,989
990,t2_b0,34,20,-0.03701558858285167,-0.005129314959049225,0.0005083672003820539,0.0005083672003820539,0.9166666666666667,1.0,989,989
990,t2_b0,3,0,0.03933151086435667,0.0200512558221817,0.0001858641189755872,0.0001858641189755872,0.9142857142857143,1.0,989,989
990,t2_b0,23,10,0.00906967292356354,0.07167737185955048,0.0019598619546741247,0.0019598619546741247,0.9333333333333333,1.0,989,989
990,t2_b0,13,25,-0.014412182498886785,0.08507037907838821,0.0049483897164464,0.0049483897164464,0.925,1.0,989,989
990,t2_b0,28,21,0.0,0.01103828102350235,6.092182229622267e-05,6.092182229622267e-05,0.9333333333333333,1.0,989,989
991,t2_b0,19,6,0.02909142431381703,0.08469273895025253,0.0015457530971616507,0.0015457530971616507,0.92,1.0,990,990
991,t2_b0,38,21,0.052152823813995455,0.006653979420661926,0.0010350723750889301,0.0010350723750889301,0.9333333333333333,1.0,990,990
991,t2_b0,30,3,0.04951066657475518,0.028654776513576508,0.00021748404833488166,0.00021748404833488166,0.014285714285714287,1.0,990,990
991,t2_b0,18,36,0.36830153339675026,0.04546588659286499,0.0521114282310009,0.0521114282310009,0.925,1.0,990,990
991,t2_b0,20,34,-0.07275819611238754,-0.006257288157939911,0.0022111854050308466,0.0022111854050308466,0.9142857142857143,1.0,990,990
991,t2_b0,24,12,-0.029098644389193597,0.021700017154216766,0.0012902520829811692,0.0012902520829811692,0.92,1.0,990,990
991,t2_b0,39,0,-0.025882865136727645,0.029163628816604614,0.0015150581020861864,0.0015150581020861864,0.9125,1.0,990,990
991,t2_b0,9,16,0.050941302722353414,0.020520828664302826,0.0004627026501111686,0.0004627026501111686,0.9333333333333333,1.0,990,990
991,t2_b0,14,25,-0.05324593467356997,0.08254023641347885,0.009218942373991013,0.009218942373991013,0.92,1.0,990,990
992,t2_b0,1,2,0.028001688296591058,-0.016930848360061646,0.0010094664758071303,0.0010094664758071303,0.9166666666666667,1.0,991,991
992,t2_b0,35,12,-0.010813802841005261,0.024662956595420837,0.0006293001933954656,0.0006293001933954656,0.925,1.0,991,991
992,t2_b0,10,23,0.07482551314056438,0.07228580117225647,3.2250613912765402e-06,3.2250613912765402e-06,0.9333333333333333,1.0,991,991
992,t2_b0,0,3,0.047557673063566244,0.021664440631866455,0.0003352297644596547,0.0003352297644596547,0.9142857142857143,1.0,991,991
992,t2_b0,20,5,-0.8026839405771401,-0.008345380425453186,0.315486878156662,0.315486878156662,0.014285714285714287,1.0,991,991
992,t2_b0,31,29,-0.09582040976569905,-0.0054616183042526245,0.00408235564827919,0.00408235564827919,0.02,1.0,991,991
993,t2_b0,37,29,-0.12818809100455164,-0.0027036890387535095,0.007873168215155602,0.007873168215155602,0.925,1.0,992,992
993,t2_b0,7,20,-0.1725861671778675,-0.004878640174865723,0.014062908478081226,0.014062908478081226,0.9125,1.0,992,992
993,t2_b0,11,28,-0.21235025469891325,0.006753072142601013,0.024003133177757263,0.024003133177757263,0.9500000000000001,1.0,992,992
993,t2_b0,6,27,0.04688198283803911,0.0809967890381813,0.0005819100770168006,0.0005819100770168006,0.925,1.0,992,992
993,t2_b0,25,23,0.22622570768117886,0.07102520018815994,0.012043599039316177,0.012043599039316177,0.925,1.0,992,992
993,t2_b0,16,12,-0.010937838699393805,0.023051925003528595,0.0005776520702056587,0.0005776520702056587,0.92,1.0,992,992
993,t2_b0,26,0,0.12743474401848426,0.03702668100595474,0.004086809232831001,0.004086809232831001,0.9166666666666667,1.0,992,992
993,t2_b0,32,34,-0.017706480444335888,-0.016191557049751282,1.1474955954327015e-06,1.1474955954327015e-06,0.925,1.0,992,992
994,t2_b0,15,0,0.17799215998232895,0.03717828541994095,0.009914275258779526,0.009914275258779526,0.92,1.0,993,993
994,t2_b0,17,6,-0.035916678193658055,0.08258102834224701,0.0070208534598350525,0.0070208534598350525,0.925,1.0,993,993
995,t2_b0,13,19,-0.018495380147054624,0.07629387080669403,0.004492501262575388,0.004492501262575388,0.02,1.0,994,994
995,t2_b0,3,0,-0.003088843352556554,0.02834155410528183,0.0004939349601045251,0.0004939349601045251,0.9142857142857143,1.0,994,994
995,t2_b0,23,10,-0.008152739423521434,0.07238838076591492,0.003243435872718692,0.003243435872718692,0.925,1.0,994,994
995,t2_b0,27,6,-0.017467692570400102,0.08029840141534805,0.004779104609042406,0.004779104609042406,0.9333333333333333,1.0,994,994
995,t2_b0,36,15,0.25020205255439754,0.032876625657081604,0.023615172132849693,0.023615172132849693,0.016666666666666666,1.0,994,994
995,t2_b0,29,21,-0.6714042855010345,-0.010139517486095428,0.21863555908203125,0.21863555908203125,0.9333333333333333,1.0,994,994
995,t2_b0,4,37,-0.09481788044156976,-0.009771585464477539,0.003616435918956995,0.003616435918956995,0.925,1.0,994,994
995,t2_b0,34,20,0.07426759469378198,-0.007678762078285217,0.0033576027490198612,0.0033576027490198612,0.9333333333333333,1.0,994,994
996,t2_b0,12,0,-0.15001136975224091,0.037458598613739014,0.017572496086359024,0.017572496086359024,0.9142857142857143,1.0,995,995
996,t2_b0,18,36,0.04229122886291822,0.05361349508166313,6.409687193809077e-05,6.409687193809077e-05,0.03333333333333333,1.0,995,995
996,t2_b0,30,23,-0.24057544962357014,0.050333697348833084,0.042314063757658005,0.042314063757658005,0.925,1.0,995,995
996,t2_b0,9,24,0.2495470931484773,0.03292636573314667,0.023462269455194473,0.023462269455194473,0.925,1.0,995,995
996,t2_b0,5,7,0.0009484526801202755,-0.00530146062374115,1.953070932358969e-05,1.953070932358969e-05,0.92,1.0,995,995
996,t2_b0,19,6,0.1255033964058038,0.07639120519161224,0.001206003362312913,0.001206003362312913,0.9166666666666667,1.0,995,995
996,t2_b0,14,10,-0.4120231065941753,0.07658602297306061,0.11936943978071213,0.11936943978071213,0.92,1.0,995,995
997,t2_b0,1,5,0.08994048227730381,-0.049635663628578186,0.00974074937403202,0.00974074937403202,0.925,1.0,996,996
997,t2_b0,10,23,0.16568840706484764,0.06869646906852722,0.004703718237578869,0.004703718237578869,0.925,1.0,996,996
997,t2_b0,2,22,-0.067730914398329,-0.03874582797288895,0.0004200675175525248,0.0004200675175525248,0.025,1.0,996,996
997,t2_b0,29,4,0.08226932822683833,-0.008609160780906677,0.004129449836909771,0.004129449836909771,0.025,1.0,996,996
997,t2_b0,31,7,-0.1696771988010047,-0.008594423532485962,0.012973830103874207,0.012973830103874207,0.9333333333333333,1.0,996,996
997,t2_b0,24,0,-0.20719729807830348,0.036672599613666534,0.029736263677477837,0.029736263677477837,0.9142857142857143,1.0,996,996
997,t2_b0,34,20,0.2935147090791713,-0.007060885429382324,0.04517284035682678,0.04517284035682678,0.9333333333333333,1.0,996,996
997,t2_b0,35,12,-0.05593823308749061,0.03262670338153839,0.003921873401850462,0.003921873401850462,0.92,1.0,996,996
998,t2_b0,15,3,0.2619964478930131,0.03569386154413223,0.025606432929635048,0.025606432929635048,0.016666666666666666,1.0,997,997
998,t2_b0,16,35,0.016235859615233002,0.031616248190402985,0.00011827817070297897,0.00011827817070297897,0.9166666666666667,1.0,997,997
998,t2_b0,30,23,0.29221262155277916,0.05784967541694641,0.027462998405098915,0.027462998405098915,0.925,1.0,997,997
998,t2_b0,7,22,-0.08718017267489314,-0.012706167995929718,0.002773188753053546,0.002773188753053546,0.925,1.0,997,997
998,t2_b0,33,20,0.365695465211849,0.003390207886695862,0.06563255935907364,0.06563255935907364,1.0,1.0,997,997
998,t2_b0,37,21,0.12265424980311167,-0.014689460396766663,0.009431646205484867,0.009431646205484867,0.92,1.0,997,997
998,t2_b0,6,27,0.10957821468136535,0.07385013997554779,0.0006382476422004402,0.0006382476422004402,0.925,1.0,997,997
998,t2_b0,39,12,-0.03905231974558252,0.03143993020057678,0.0024845788720995188,0.0024845788720995188,0.925,1.0,997,997
999,t2_b0,12,39,-0.04547358072151696,0.035532429814338684,0.0032809865660965443,0.0032809865660965443,0.9166666666666667,1.0,998,998
999,t2_b0,17,6,-0.07891156126179238,0.07814420759677887,0.012333257123827934,0.012333257123827934,0.9333333333333333,1.0,998,998
999,t2_b0,28,11,-0.186608227617825,-0.005695521831512451,0.016364702954888344,0.016364702954888344,0.9142857142857143,1.0,998,998
999,t2_b0,0,24,0.09304709542407355,-0.005729705095291138,0.004878428298979998,0.004878428298979998,1.0,1.0,998,998
999,t2_b0,25,23,0.12671887107365162,0.06841371953487396,0.0016997449565678835,0.0016997449565678835,0.9142857142857143,1.0,998,998
999,t2_b0,20,33,0.15802558901616923,-0.010702624917030334,0.014234605245292187,0.014234605245292187,1.0,1.0,998,998
999,t2_b0,26,3,-0.11264210639353495,0.03737453371286392,0.01125249546021223,0.01125249546021223,0.925,1.0,998,998
999,t2_b0,38,21,0.026788246993548953,-0.01766888052225113,0.0009882182348519564,0.0009882182348519564,0.92,1.0,998,998
1000,t2_b0,32,33,0.011615420451705048,-0.012266293168067932,0.0002851681492757052,0.0002851681492757052,0.9333333333333333,1.0,999,999
1000,t2_b0,31,5,-0.43411133455709705,-0.004559926688671112,0.09225720167160034,0.09225720167160034,0.925,1.0,999,999
1000,t2_b0,11,38,0.1502934983888266,-0.004162967205047607,0.01192840002477169,0.01192840002477169,0.9500000000000001,1.0,999,999
1000,t2_b0,3,36,0.2865690691838652,-0.004849202930927277,0.0424623005092144,0.0424623005092144,0.925,1.0,999,999
1000,t2_b0,7,22,0.11914740954521709,-0.005352705717086792,0.007750139571726322,0.007750139571726322,0.9333333333333333,1.0,999,999
1000,t2_b0,28,29,-0.13905776147609214,-0.005163051187992096,0.00896389689296484,0.00896389689296484,0.02,1.0,999,999
1000,t2_b0,23,10,0.1586175002869168,0.0683249682188034,0.004076370503753424,0.004076370503753424,0.92,1.0,999,999
1000,t2_b0,27,6,-0.05959691539558644,0.07137636840343475,0.008577000349760056,0.008577000349760056,0.9500000000000001,1.0,999,999
