step,contact_threshold_rx_power_dbm,contact_threshold_snr_db,feasible_contact_decisions,feasible_contact_pairs,greedy_comm_bytes,greedy_comm_cumulative_mb,greedy_comm_mb,greedy_events,local_policy_initial_pull_probability,model_transfer_snr_min_db,network_half_duplex_rejections,network_mean_direction_capacity_bytes,network_mean_sinr_db,network_min_sinr_db,network_raw_contact_pairs,network_raw_directed_candidates,network_rejected_transfers,network_scheduled_transfers,network_shortlisted_directed_candidates,network_sinr_or_airtime_rejections,network_transfer_proposals,noise_floor_dbm,propagation_loss_contact_threshold_db,rssi_gossip_threshold_dbm,sample_network_bundle_capacity_bytes,sample_network_delivered_samples,sample_network_max_samples_per_direction,sample_network_raw_contact_pairs,sample_network_scheduled_transfers,sample_network_transfer_proposals,snr_min_db,t2_b0_comm_bytes,t2_b0_comm_cumulative_mb,t2_b0_comm_cumulative_vs_greedy_ratio,t2_b0_comm_mb,t2_b0_comm_vs_greedy_ratio,t2_b0_events,t2_b0_metadata_bytes,t2_b0_model_bytes,t2_b0_model_messages,t2_b0_policy_bytes,t2_b0_policy_messages,t2_b0_pull_events,t2_b0_scalar_bytes,t2_b0_scalar_control_bytes,t2_b0_scalar_control_messages,t2_b0_scalar_loss_bytes,t2_b0_scalar_loss_messages,t2_b0_scalar_messages,t2_b0_selected_providers,t2_b0_training_sample_bytes,t2_b0_training_sample_messages,t2_b0_valid_pull_events
1,-47.5,57.5,0,0,0,0.0,0.0,0,0.0,57.5,,,,,0,,,0,0,,0,-105.0,70.5,-47.5,,,,,,,5.0,0,0.0,nan,0.0,nan,0,0,0,0,0,0,0,0,0,0,0,0,0,0,0,0,0
2,-47.5,57.5,2,1,0,0.0,0.0,0,0.0,57.5,0,562500.0,67.51024436950684,67.5102424621582,1,2,0,1,2,0,1,-105.0,70.5,-47.5,192878,0,32,1,0,0,5.0,289292,0.289292,nan,0.289292,nan,1,0,289160,2,0,0,1,132,64,16,68,17,33,1,0,0,1
3,-47.5,57.5,8,4,0,0.0,0.0,0,0.0,57.5,2,562500.0,30.32065341308178,29.531362969242995,4,8,2,2,8,0,4,-105.0,70.5,-47.5,192878,0,32,4,0,0,5.0,578584,0.867876,nan,0.578584,nan,2,0,578320,4,0,0,2,264,128,32,136,34,66,2,0,0,2
4,-47.5,57.5,12,6,0,0.0,0.0,0,0.0,57.5,1,562500.0,53.35265109674866,40.49035274392924,6,12,1,2,12,0,3,-105.0,70.5,-47.5,192878,2,32,6,2,2,5.0,578920,1.446796,nan,0.57892,nan,2,0,578320,4,0,0,2,264,128,32,136,34,66,2,336,2,2
5,-47.5,57.5,18,9,0,0.0,0.0,0,0.0,57.5,1,562500.0,48.11082642402751,33.44761076641214,9,18,1,4,18,0,5,-105.0,70.5,-47.5,192878,1,32,9,1,2,5.0,1157336,2.604132,nan,1.157336,nan,4,0,1156640,8,0,0,4,528,256,64,272,68,132,4,168,1,4
6,-47.5,57.5,22,11,0,0.0,0.0,0,0.0,57.5,0,562500.0,40.72288275984643,18.037892777869647,11,22,0,5,22,0,5,-105.0,70.5,-47.5,192878,5,32,11,4,5,5.0,1447300,4.051432,nan,1.4473,nan,5,0,1445800,10,0,0,5,660,320,80,340,85,165,5,840,5,5
7,-47.5,57.5,22,11,0,0.0,0.0,0,0.0,57.5,0,562500.0,51.929757489057515,40.814170541754784,11,22,0,3,22,0,3,-105.0,70.5,-47.5,192878,7,32,11,6,7,5.0,869052,4.920484,nan,0.869052,nan,3,0,867480,6,0,0,3,396,192,48,204,51,99,3,1176,7,3
8,-47.5,57.5,24,12,0,0.0,0.0,0,0.0,57.5,0,562500.0,52.052133776236396,42.252470339868744,12,24,0,2,24,0,2,-105.0,70.5,-47.5,192878,2,32,12,2,7,5.0,578920,5.499404,nan,0.57892,nan,2,0,578320,4,0,0,2,264,128,32,136,34,66,2,336,2,2
9,-47.5,57.5,28,14,0,0.0,0.0,0,0.0,57.5,2,562500.0,43.998769921774105,25.812046241685888,14,28,2,3,28,0,5,-105.0,70.5,-47.5,192878,6,32,14,3,9,5.0,868884,6.368288,nan,0.868884,nan,3,0,867480,6,0,0,3,396,192,48,204,51,99,3,1008,6,3
10,-47.5,57.5,34,17,0,0.0,0.0,0,0.0,57.5,0,562500.0,49.36205635702297,32.999165236341355,17,34,0,3,34,0,3,-105.0,70.5,-47.5,192878,13,32,17,5,13,5.0,870060,7.238348,nan,0.87006,nan,3,0,867480,6,0,0,3,396,192,48,204,51,99,3,2184,13,3
11,-47.5,57.5,46,23,0,0.0,0.0,0,0.0,57.5,0,562500.0,38.78344692145026,19.514011334741163,23,46,0,5,46,0,5,-105.0,70.5,-47.5,192878,25,32,23,8,19,5.0,1450660,8.689008,nan,1.45066,nan,5,0,1445800,10,0,0,5,660,320,80,340,85,165,5,4200,25,5
12,-47.5,57.5,56,28,0,0.0,0.0,0,0.0,57.5,1,562500.0,48.22985025801248,19.328028838737193,28,56,1,6,56,0,7,-105.0,70.5,-47.5,192878,20,32,28,8,24,5.0,1739112,10.42812,nan,1.739112,nan,6,0,1734960,12,0,0,6,792,384,96,408,102,198,6,3360,20,6
13,-47.5,57.5,56,28,0,0.0,0.0,0,0.0,57.5,1,562500.0,47.55891386677024,35.49981894683932,28,56,1,5,56,0,6,-105.0,70.5,-47.5,192878,21,32,28,6,24,5.0,1449988,11.878108,nan,1.449988,nan,5,0,1445800,10,0,0,5,660,320,80,340,85,165,5,3528,21,5
14,-47.5,57.5,56,28,0,0.0,0.0,0,0.0,57.5,0,562500.0,42.82844800869934,41.666240528315186,28,56,0,2,56,0,2,-105.0,70.5,-47.5,192878,23,32,28,8,24,5.0,582448,12.460556,nan,0.582448,nan,2,0,578320,4,0,0,2,264,128,32,136,34,66,2,3864,23,2
15,-47.5,57.5,42,21,0,0.0,0.0,0,0.0,57.5,2,562500.0,39.892701975343236,23.32025715500064,21,42,2,3,42,0,5,-105.0,70.5,-47.5,192878,23,32,21,5,15,5.0,871740,13.332296,nan,0.87174,nan,3,0,867480,6,0,0,3,396,192,48,204,51,99,3,3864,23,3
16,-47.5,57.5,46,23,0,0.0,0.0,0,0.0,57.5,4,562500.0,43.57787340675983,33.81871867074859,23,46,4,5,46,0,9,-105.0,70.5,-47.5,192878,39,32,23,8,18,5.0,1453012,14.785308,nan,1.453012,nan,5,0,1445800,10,0,0,5,660,320,80,340,85,165,5,6552,39,5
17,-47.5,57.5,38,19,0,0.0,0.0,0,0.0,57.5,0,562500.0,33.942324074745265,22.310136887065156,19,38,0,6,38,0,6,-105.0,70.5,-47.5,192878,44,32,19,7,14,5.0,1743144,16.528452,nan,1.743144,nan,6,0,1734960,12,0,0,6,792,384,96,408,102,198,6,7392,44,6
18,-47.5,57.5,38,19,0,0.0,0.0,0,0.0,57.5,0,562500.0,59.659759521484375,59.63820266723633,19,38,0,2,38,0,2,-105.0,70.5,-47.5,192878,54,32,19,8,15,5.0,587656,17.116108,nan,0.587656,nan,2,0,578320,4,0,0,2,264,128,32,136,34,66,2,9072,54,2
19,-47.5,57.5,46,23,0,0.0,0.0,0,0.0,57.5,1,562500.0,33.45857658935046,20.219682751248573,23,46,1,5,46,0,6,-105.0,70.5,-47.5,192878,42,32,23,6,17,5.0,1453516,18.569624,nan,1.453516,nan,5,0,1445800,10,0,0,5,660,320,80,340,85,165,5,7056,42,5
20,-47.5,57.5,48,24,0,0.0,0.0,0,0.0,57.5,0,562500.0,64.90627670288086,62.44188690185547,24,48,0,3,48,0,3,-105.0,70.5,-47.5,192878,97,32,24,8,19,5.0,884604,19.454228,nan,0.884604,nan,3,432,867480,6,0,0,3,396,192,48,204,51,99,3,16296,97,3
21,-47.5,57.5,44,22,0,0.0,0.0,0,0.0,57.5,0,562500.0,67.27875709533691,60.19284439086914,22,44,0,2,44,0,2,-105.0,70.5,-47.5,192878,62,32,22,7,17,5.0,590080,20.044308,nan,0.59008,nan,2,1080,578320,4,0,0,2,264,128,32,136,34,66,2,10416,62,2
22,-47.5,57.5,40,20,0,0.0,0.0,0,0.0,57.5,0,562500.0,48.832865235704496,36.10846911885649,20,40,0,4,40,0,4,-105.0,70.5,-47.5,192878,72,32,20,6,11,5.0,1170560,21.214868,nan,1.17056,nan,4,1296,1156640,8,0,0,4,528,256,64,272,68,132,4,12096,72,4
23,-47.5,57.5,34,17,0,0.0,0.0,0,0.0,57.5,1,562500.0,31.76075877740269,18.27000056396809,17,34,1,3,34,0,4,-105.0,70.5,-47.5,192878,18,32,17,6,12,5.0,871764,22.086632,nan,0.871764,nan,3,864,867480,6,0,0,3,396,192,48,204,51,99,3,3024,18,3
24,-47.5,57.5,38,19,0,0.0,0.0,0,0.0,57.5,1,562500.0,55.092659642115414,39.90705939259232,19,38,1,6,38,0,7,-105.0,70.5,-47.5,192878,51,32,19,5,10,5.0,1745616,23.832248,nan,1.745616,nan,6,1296,1734960,12,0,0,6,792,384,96,408,102,198,6,8568,51,6
25,-47.5,57.5,36,18,0,0.0,0.0,0,0.0,57.5,0,562500.0,49.25392169544761,38.61089976684146,18,36,0,3,36,0,3,-105.0,70.5,-47.5,192878,17,32,18,5,15,5.0,872172,24.70442,nan,0.872172,nan,3,1440,867480,6,0,0,3,396,192,48,204,51,99,3,2856,17,3
26,-47.5,57.5,40,20,0,0.0,0.0,0,0.0,57.5,1,562500.0,55.87217950434919,39.979675833316485,20,40,1,3,40,0,4,-105.0,70.5,-47.5,192878,75,32,20,7,15,5.0,882060,25.58648,nan,0.88206,nan,3,1584,867480,6,0,0,3,396,192,48,204,51,99,3,12600,75,3
27,-47.5,57.5,40,20,0,0.0,0.0,0,0.0,57.5,1,562500.0,50.01952744331485,40.23996400179612,20,40,1,3,40,0,4,-105.0,70.5,-47.5,192878,13,32,20,7,15,5.0,871572,26.458052,nan,0.871572,nan,3,1512,867480,6,0,0,3,396,192,48,204,51,99,3,2184,13,3
28,-47.5,57.5,40,20,0,0.0,0.0,0,0.0,57.5,2,562500.0,42.41563899417147,21.316876951331565,20,40,2,4,40,0,6,-105.0,70.5,-47.5,192878,34,32,20,6,15,5.0,1164248,27.6223,nan,1.164248,nan,4,1368,1156640,8,0,0,4,528,256,64,272,68,132,4,5712,34,4
29,-47.5,57.5,38,19,0,0.0,0.0,0,0.0,57.5,2,562500.0,44.384614576850545,25.114837325043627,19,38,2,7,38,0,9,-105.0,70.5,-47.5,192878,13,32,19,5,12,5.0,2028668,29.650968,nan,2.028668,nan,7,1440,2024120,14,0,0,7,924,448,112,476,119,231,7,2184,13,7
30,-47.5,57.5,40,20,0,0.0,0.0,0,0.0,57.5,0,562500.0,62.961360931396484,58.51951217651367,20,40,0,2,40,0,2,-105.0,70.5,-47.5,192878,15,32,20,8,18,5.0,582400,30.233368,nan,0.5824,nan,2,1296,578320,4,0,0,2,264,128,32,136,34,66,2,2520,15,2
31,-47.5,57.5,40,20,0,0.0,0.0,0,0.0,57.5,1,562500.0,46.571835442885195,18.27982951057066,20,40,1,5,40,0,6,-105.0,70.5,-47.5,192878,43,32,20,6,13,5.0,1455484,31.688852,nan,1.455484,nan,5,1800,1445800,10,0,0,5,660,320,80,340,85,165,5,7224,43,5
32,-47.5,57.5,38,19,0,0.0,0.0,0,0.0,57.5,3,562500.0,53.88680984834565,36.79275834686229,19,38,3,4,38,0,7,-105.0,70.5,-47.5,192878,50,32,19,6,15,5.0,1167584,32.856436,nan,1.167584,nan,4,2016,1156640,8,0,0,4,528,256,64,272,68,132,4,8400,50,4
33,-47.5,57.5,36,18,0,0.0,0.0,0,0.0,57.5,1,562500.0,42.35148690440594,20.1253468305403,18,36,1,4,36,0,5,-105.0,70.5,-47.5,192878,32,32,18,6,14,5.0,1164128,34.020564,nan,1.164128,nan,4,1584,1156640,8,0,0,4,528,256,64,272,68,132,4,5376,32,4
34,-47.5,57.5,36,18,0,0.0,0.0,0,0.0,57.5,2,562500.0,38.4717137966298,18.962684759149454,18,36,2,6,36,0,8,-105.0,70.5,-47.5,192878,97,32,18,6,11,5.0,1753560,35.774124,nan,1.75356,nan,6,1512,1734960,12,0,0,6,792,384,96,408,102,198,6,16296,97,6
35,-47.5,57.5,36,18,0,0.0,0.0,0,0.0,57.5,0,562500.0,60.210683822631836,60.2106819152832,18,36,0,2,36,0,2,-105.0,70.5,-47.5,192878,79,32,18,8,15,5.0,593152,36.367276,nan,0.593152,nan,2,1296,578320,4,0,0,2,264,128,32,136,34,66,2,13272,79,2
36,-47.5,57.5,34,17,0,0.0,0.0,0,0.0,57.5,0,562500.0,19.371806753113802,19.292714727356966,17,34,0,2,34,0,2,-105.0,70.5,-47.5,192878,69,32,17,5,10,5.0,591544,36.95882,nan,0.591544,nan,2,1368,578320,4,0,0,2,264,128,32,136,34,66,2,11592,69,2
37,-47.5,57.5,34,17,0,0.0,0.0,0,0.0,57.5,0,562500.0,21.628863093239453,18.59513862502348,17,34,0,5,34,0,5,-105.0,70.5,-47.5,192878,39,32,17,7,13,5.0,1454668,38.413488,nan,1.454668,nan,5,1656,1445800,10,0,0,5,660,320,80,340,85,165,5,6552,39,5
38,-47.5,57.5,34,17,0,0.0,0.0,0,0.0,57.5,0,562500.0,67.79779052734375,67.79779052734375,17,34,0,1,34,0,1,-105.0,70.5,-47.5,192878,63,32,17,7,13,5.0,301172,38.71466,nan,0.301172,nan,1,1296,289160,2,0,0,1,132,64,16,68,17,33,1,10584,63,1
39,-47.5,57.5,34,17,0,0.0,0.0,0,0.0,57.5,0,562500.0,33.9050731591002,19.84545525343031,17,34,0,3,34,0,3,-105.0,70.5,-47.5,192878,32,32,17,6,10,5.0,874836,39.589496,nan,0.874836,nan,3,1584,867480,6,0,0,3,396,192,48,204,51,99,3,5376,32,3
40,-47.5,57.5,34,17,0,0.0,0.0,0,0.0,57.5,0,562500.0,40.55261475173789,19.120915757991572,17,34,0,5,34,0,5,-105.0,70.5,-47.5,192878,14,32,17,6,10,5.0,1450612,41.040108,nan,1.450612,nan,5,1800,1445800,10,0,0,5,660,320,80,340,85,165,5,2352,14,5
41,-47.5,57.5,36,18,0,0.0,0.0,0,0.0,57.5,2,562500.0,51.802654485442815,36.10319173177721,18,36,2,4,36,0,6,-105.0,70.5,-47.5,192878,28,32,18,7,13,5.0,1163528,42.203636,nan,1.163528,nan,4,1656,1156640,8,0,0,4,528,256,64,272,68,132,4,4704,28,4
42,-47.5,57.5,42,21,0,0.0,0.0,0,0.0,57.5,3,562500.0,46.56697181087505,19.625645137266275,21,42,3,5,42,0,8,-105.0,70.5,-47.5,192878,55,32,21,7,16,5.0,1457860,43.661496,nan,1.45786,nan,5,2160,1445800,10,0,0,5,660,320,80,340,85,165,5,9240,55,5
43,-47.5,57.5,44,22,0,0.0,0.0,0,0.0,57.5,0,562500.0,56.30384000023147,43.12657012151714,22,44,0,3,44,0,3,-105.0,70.5,-47.5,192878,38,32,22,6,18,5.0,876276,44.537772,nan,0.876276,nan,3,2016,867480,6,0,0,3,396,192,48,204,51,99,3,6384,38,3
44,-47.5,57.5,44,22,0,0.0,0.0,0,0.0,57.5,0,562500.0,64.01645374298096,60.269989013671875,22,44,0,2,44,0,2,-105.0,70.5,-47.5,192878,40,32,22,5,14,5.0,587176,45.124948,nan,0.587176,nan,2,1872,578320,4,0,0,2,264,128,32,136,34,66,2,6720,40,2
45,-47.5,57.5,44,22,0,0.0,0.0,0,0.0,57.5,0,562500.0,51.46254243982026,31.762879537198245,22,44,0,4,44,0,4,-105.0,70.5,-47.5,192878,22,32,22,7,16,5.0,1163168,46.288116,nan,1.163168,nan,4,2304,1156640,8,0,0,4,528,256,64,272,68,132,4,3696,22,4
46,-47.5,57.5,60,30,0,0.0,0.0,0,0.0,57.5,1,562500.0,55.8741382843167,43.005235846126375,30,60,1,3,60,0,4,-105.0,70.5,-47.5,192878,23,32,30,8,23,5.0,874908,47.163024,nan,0.874908,nan,3,3168,867480,6,0,0,3,396,192,48,204,51,99,3,3864,23,3
47,-47.5,57.5,60,30,0,0.0,0.0,0,0.0,57.5,1,562500.0,50.31826461691696,44.096891327549585,30,60,1,4,60,0,5,-105.0,70.5,-47.5,192878,41,32,30,6,22,5.0,1167296,48.33032,nan,1.167296,nan,4,3240,1156640,8,0,0,4,528,256,64,272,68,132,4,6888,41,4
48,-47.5,57.5,60,30,0,0.0,0.0,0,0.0,57.5,1,562500.0,50.86745755400356,44.2328642370795,30,60,1,3,60,0,4,-105.0,70.5,-47.5,192878,22,32,30,6,25,5.0,874740,49.20506,nan,0.87474,nan,3,3168,867480,6,0,0,3,396,192,48,204,51,99,3,3696,22,3
49,-47.5,57.5,70,35,0,0.0,0.0,0,0.0,57.5,0,562500.0,48.32495605847425,39.028499483773714,35,70,0,3,70,0,3,-105.0,70.5,-47.5,192878,42,32,35,9,30,5.0,878316,50.083376,nan,0.878316,nan,3,3384,867480,6,0,0,3,396,192,48,204,51,99,3,7056,42,3
50,-47.5,57.5,72,36,0,0.0,0.0,0,0.0,57.5,0,562500.0,48.2870765096141,38.412289651455794,36,72,0,5,72,0,5,-105.0,70.5,-47.5,192878,22,32,36,8,30,5.0,1454044,51.53742,nan,1.454044,nan,5,3888,1445800,10,0,0,5,660,320,80,340,85,165,5,3696,22,5
51,-47.5,57.5,72,36,0,0.0,0.0,0,0.0,57.5,3,562500.0,41.26917886548719,19.381496691775443,36,72,3,6,72,0,9,-105.0,70.5,-47.5,192878,12,32,36,7,31,5.0,1741296,53.278716,nan,1.741296,nan,6,3528,1734960,12,0,0,6,792,384,96,408,102,198,6,2016,12,6
52,-47.5,57.5,72,36,0,0.0,0.0,0,0.0,57.5,1,562500.0,64.14413197835286,57.62057113647461,36,72,1,3,72,0,4,-105.0,70.5,-47.5,192878,46,32,36,7,32,5.0,878556,54.157272,nan,0.878556,nan,3,2952,867480,6,0,0,3,396,192,48,204,51,99,3,7728,46,3
53,-47.5,57.5,76,38,0,0.0,0.0,0,0.0,57.5,1,562500.0,64.53631782531738,63.181907653808594,38,76,1,2,76,0,3,-105.0,70.5,-47.5,192878,53,32,38,8,32,5.0,590440,54.747712,nan,0.59044,nan,2,2952,578320,4,0,0,2,264,128,32,136,34,66,2,8904,53,2
54,-47.5,57.5,76,38,0,0.0,0.0,0,0.0,57.5,3,562500.0,50.683096995790386,44.45186362777093,38,76,3,3,76,0,6,-105.0,70.5,-47.5,192878,154,32,38,7,26,5.0,897348,55.64506,nan,0.897348,nan,3,3600,867480,6,0,0,3,396,192,48,204,51,99,3,25872,154,3
55,-47.5,57.5,66,33,0,0.0,0.0,0,0.0,57.5,0,562500.0,62.40333938598633,60.346004486083984,33,66,0,2,66,0,2,-105.0,70.5,-47.5,192878,114,32,33,6,26,5.0,600832,56.245892,nan,0.600832,nan,2,3096,578320,4,0,0,2,264,128,32,136,34,66,2,19152,114,2
56,-47.5,57.5,64,32,0,0.0,0.0,0,0.0,57.5,2,562500.0,61.039929707845054,58.9459342956543,32,64,2,3,64,0,5,-105.0,70.5,-47.5,192878,103,32,32,8,25,5.0,888420,57.134312,nan,0.88842,nan,3,3240,867480,6,0,0,3,396,192,48,204,51,99,3,17304,103,3
57,-47.5,57.5,56,28,0,0.0,0.0,0,0.0,57.5,0,562500.0,68.51666069030762,63.881778717041016,28,56,0,2,56,0,2,-105.0,70.5,-47.5,192878,126,32,28,7,23,5.0,602920,57.737232,nan,0.60292,nan,2,3168,578320,4,0,0,2,264,128,32,136,34,66,2,21168,126,2
58,-47.5,57.5,52,26,0,0.0,0.0,0,0.0,57.5,1,562500.0,54.17482211785367,33.84822678908844,26,52,1,5,52,0,6,-105.0,70.5,-47.5,192878,102,32,26,7,20,5.0,1466548,59.20378,nan,1.466548,nan,5,2952,1445800,10,0,0,5,660,320,80,340,85,165,5,17136,102,5
59,-47.5,57.5,46,23,0,0.0,0.0,0,0.0,57.5,1,562500.0,62.41196250915527,59.83460998535156,23,46,1,2,46,0,3,-105.0,70.5,-47.5,192878,90,32,23,7,17,5.0,595864,59.799644,nan,0.595864,nan,2,2160,578320,4,0,0,2,264,128,32,136,34,66,2,15120,90,2
60,-47.5,57.5,48,24,0,0.0,0.0,0,0.0,57.5,1,562500.0,42.091267228506425,22.724789404350695,24,48,1,4,48,0,5,-105.0,70.5,-47.5,192878,87,32,24,7,20,5.0,1174016,60.97366,nan,1.174016,nan,4,2232,1156640,8,0,0,4,528,256,64,272,68,132,4,14616,87,4
61,-47.5,57.5,36,18,0,0.0,0.0,0,0.0,57.5,2,562500.0,48.12628558936741,34.37877375028113,18,36,2,4,36,0,6,-105.0,70.5,-47.5,192878,216,32,18,7,14,5.0,1195184,62.168844,nan,1.195184,nan,4,1728,1156640,8,0,0,4,528,256,64,272,68,132,4,36288,216,4
62,-47.5,57.5,32,16,0,0.0,0.0,0,0.0,57.5,0,562500.0,51.66002689803541,40.106491611915104,16,32,0,4,32,0,4,-105.0,70.5,-47.5,192878,90,32,16,5,11,5.0,1173728,63.342572,nan,1.173728,nan,4,1440,1156640,8,0,0,4,528,256,64,272,68,132,4,15120,90,4
63,-47.5,57.5,30,15,0,0.0,0.0,0,0.0,57.5,1,562500.0,62.26831912994385,60.090457916259766,15,30,1,2,30,0,3,-105.0,70.5,-47.5,192878,145,32,15,7,11,5.0,604312,63.946884,nan,0.604312,nan,2,1368,578320,4,0,0,2,264,128,32,136,34,66,2,24360,145,2
64,-47.5,57.5,36,18,0,0.0,0.0,0,0.0,57.5,0,562500.0,60.64260959625244,59.598960876464844,18,36,0,2,36,0,2,-105.0,70.5,-47.5,192878,90,32,18,4,13,5.0,595072,64.541956,nan,0.595072,nan,2,1368,578320,4,0,0,2,264,128,32,136,34,66,2,15120,90,2
65,-47.5,57.5,36,18,0,0.0,0.0,0,0.0,57.5,2,562500.0,32.41721358404939,18.562963393990042,18,36,2,4,36,0,6,-105.0,70.5,-47.5,192878,108,32,18,5,12,5.0,1177040,65.718996,nan,1.17704,nan,4,1728,1156640,8,0,0,4,528,256,64,272,68,132,4,18144,108,4
66,-47.5,57.5,36,18,0,0.0,0.0,0,0.0,57.5,0,562500.0,45.16256908543863,28.80361041052695,18,36,0,3,36,0,3,-105.0,70.5,-47.5,192878,118,32,18,6,15,5.0,889500,66.608496,nan,0.8895,nan,3,1800,867480,6,0,0,3,396,192,48,204,51,99,3,19824,118,3
67,-47.5,57.5,40,20,0,0.0,0.0,0,0.0,57.5,0,562500.0,56.721097257001844,38.72647163725214,20,40,0,3,40,0,3,-105.0,70.5,-47.5,192878,152,32,20,8,17,5.0,895716,67.504212,nan,0.895716,nan,3,2304,867480,6,0,0,3,396,192,48,204,51,99,3,25536,152,3
68,-47.5,57.5,36,18,0,0.0,0.0,0,0.0,57.5,2,562500.0,41.62642967147114,26.45996715513897,18,36,2,5,36,0,7,-105.0,70.5,-47.5,192878,112,32,18,6,14,5.0,1467364,68.971576,nan,1.467364,nan,5,2088,1445800,10,0,0,5,660,320,80,340,85,165,5,18816,112,5
69,-47.5,57.5,42,21,0,0.0,0.0,0,0.0,57.5,2,562500.0,38.02247926819477,23.487705173517583,21,42,2,4,42,0,6,-105.0,70.5,-47.5,192878,128,32,21,7,17,5.0,1180688,70.152264,nan,1.180688,nan,4,2016,1156640,8,0,0,4,528,256,64,272,68,132,4,21504,128,4
70,-47.5,57.5,44,22,0,0.0,0.0,0,0.0,57.5,4,562500.0,64.2940902709961,61.12649917602539,22,44,4,2,44,0,6,-105.0,70.5,-47.5,192878,135,32,22,7,18,5.0,603568,70.755832,nan,0.603568,nan,2,2304,578320,4,0,0,2,264,128,32,136,34,66,2,22680,135,2
71,-47.5,57.5,46,23,0,0.0,0.0,0,0.0,57.5,1,562500.0,49.49528920210013,32.007917057934286,23,46,1,4,46,0,5,-105.0,70.5,-47.5,192878,107,32,23,6,18,5.0,1177808,71.93364,nan,1.177808,nan,4,2664,1156640,8,0,0,4,528,256,64,272,68,132,4,17976,107,4
72,-47.5,57.5,50,25,0,0.0,0.0,0,0.0,57.5,3,562500.0,35.514750986654676,19.059220079170814,25,50,3,4,50,0,7,-105.0,70.5,-47.5,192878,170,32,25,8,19,5.0,1188320,73.12196,nan,1.18832,nan,4,2592,1156640,8,0,0,4,528,256,64,272,68,132,4,28560,170,4
73,-47.5,57.5,52,26,0,0.0,0.0,0,0.0,57.5,1,562500.0,64.59560012817383,61.72951889038086,26,52,1,2,52,0,3,-105.0,70.5,-47.5,192878,121,32,26,7,23,5.0,601576,73.723536,nan,0.601576,nan,2,2664,578320,4,0,0,2,264,128,32,136,34,66,2,20328,121,2
74,-47.5,57.5,52,26,0,0.0,0.0,0,0.0,57.5,1,562500.0,45.66057247780724,31.113516035586027,26,52,1,3,52,0,4,-105.0,70.5,-47.5,192878,169,32,26,8,21,5.0,899148,74.622684,nan,0.899148,nan,3,2880,867480,6,0,0,3,396,192,48,204,51,99,3,28392,169,3
75,-47.5,57.5,48,24,0,0.0,0.0,0,0.0,57.5,1,562500.0,46.04043980361676,24.387015032816812,24,48,1,4,48,0,5,-105.0,70.5,-47.5,192878,125,32,24,7,21,5.0,1181048,75.803732,nan,1.181048,nan,4,2880,1156640,8,0,0,4,528,256,64,272,68,132,4,21000,125,4
76,-47.5,57.5,46,23,0,0.0,0.0,0,0.0,57.5,0,562500.0,45.23956503946401,22.221267958899688,23,46,0,4,46,0,4,-105.0,70.5,-47.5,192878,61,32,23,6,17,5.0,1170152,76.973884,nan,1.170152,nan,4,2736,1156640,8,0,0,4,528,256,64,272,68,132,4,10248,61,4
77,-47.5,57.5,46,23,0,0.0,0.0,0,0.0,57.5,1,562500.0,47.92093152178951,32.76967988182446,23,46,1,4,46,0,5,-105.0,70.5,-47.5,192878,83,32,23,9,18,5.0,1173704,78.147588,nan,1.173704,nan,4,2592,1156640,8,0,0,4,528,256,64,272,68,132,4,13944,83,4
78,-47.5,57.5,42,21,0,0.0,0.0,0,0.0,57.5,0,562500.0,46.03554785096395,28.881879066547032,21,42,0,3,42,0,3,-105.0,70.5,-47.5,192878,65,32,21,6,16,5.0,881244,79.028832,nan,0.881244,nan,3,2448,867480,6,0,0,3,396,192,48,204,51,99,3,10920,65,3
79,-47.5,57.5,40,20,0,0.0,0.0,0,0.0,57.5,0,562500.0,50.25232778127127,39.37658441089083,20,40,0,3,40,0,3,-105.0,70.5,-47.5,192878,36,32,20,8,15,5.0,876228,79.90506,nan,0.876228,nan,3,2304,867480,6,0,0,3,396,192,48,204,51,99,3,6048,36,3
80,-47.5,57.5,40,20,0,0.0,0.0,0,0.0,57.5,0,562500.0,34.810477105602445,23.07125768220257,20,40,0,4,40,0,4,-105.0,70.5,-47.5,192878,8,32,20,5,12,5.0,1160960,81.06602,nan,1.16096,nan,4,2448,1156640,8,0,0,4,528,256,64,272,68,132,4,1344,8,4
81,-47.5,57.5,40,20,0,0.0,0.0,0,0.0,57.5,0,562500.0,42.21172633513395,37.92184440732087,20,40,0,2,40,0,2,-105.0,70.5,-47.5,192878,12,32,20,6,13,5.0,582976,81.648996,nan,0.582976,nan,2,2376,578320,4,0,0,2,264,128,32,136,34,66,2,2016,12,2
82,-47.5,57.5,42,21,0,0.0,0.0,0,0.0,57.5,1,562500.0,52.85059383582154,40.240043342331106,21,42,1,4,42,0,5,-105.0,70.5,-47.5,192878,74,32,21,7,13,5.0,1172480,82.821476,nan,1.17248,nan,4,2880,1156640,8,0,0,4,528,256,64,272,68,132,4,12432,74,4
83,-47.5,57.5,40,20,0,0.0,0.0,0,0.0,57.5,2,562500.0,50.15328361537146,29.557449672712544,20,40,2,4,40,0,6,-105.0,70.5,-47.5,192878,71,32,20,6,16,5.0,1171616,83.993092,nan,1.171616,nan,4,2520,1156640,8,0,0,4,528,256,64,272,68,132,4,11928,71,4
84,-47.5,57.5,40,20,0,0.0,0.0,0,0.0,57.5,0,562500.0,43.547067881676945,26.409427761373937,20,40,0,3,40,0,3,-105.0,70.5,-47.5,192878,41,32,20,7,16,5.0,877140,84.870232,nan,0.87714,nan,3,2376,867480,6,0,0,3,396,192,48,204,51,99,3,6888,41,3
85,-47.5,57.5,40,20,0,0.0,0.0,0,0.0,57.5,0,562500.0,26.314915444129177,19.332288043579155,20,40,0,4,40,0,4,-105.0,70.5,-47.5,192878,69,32,20,5,14,5.0,1171352,86.041584,nan,1.171352,nan,4,2592,1156640,8,0,0,4,528,256,64,272,68,132,4,11592,69,4
86,-47.5,57.5,42,21,0,0.0,0.0,0,0.0,57.5,2,562500.0,40.99023871521295,18.14339374089273,21,42,2,4,42,0,6,-105.0,70.5,-47.5,192878,74,32,21,7,19,5.0,1172192,87.213776,nan,1.172192,nan,4,2592,1156640,8,0,0,4,528,256,64,272,68,132,4,12432,74,4
87,-47.5,57.5,44,22,0,0.0,0.0,0,0.0,57.5,2,562500.0,48.198796298344256,36.830874874982634,22,44,2,3,44,0,5,-105.0,70.5,-47.5,192878,111,32,22,8,20,5.0,888972,88.102748,nan,0.888972,nan,3,2448,867480,6,0,0,3,396,192,48,204,51,99,3,18648,111,3
88,-47.5,57.5,48,24,0,0.0,0.0,0,0.0,57.5,0,562500.0,45.02473047217022,36.46472338478298,24,48,0,5,48,0,5,-105.0,70.5,-47.5,192878,60,32,24,6,19,5.0,1459276,89.562024,nan,1.459276,nan,5,2736,1445800,10,0,0,5,660,320,80,340,85,165,5,10080,60,5
89,-47.5,57.5,50,25,0,0.0,0.0,0,0.0,57.5,1,562500.0,48.01708815800077,39.73401391528535,25,50,1,3,50,0,4,-105.0,70.5,-47.5,192878,41,32,25,7,21,5.0,877284,90.439308,nan,0.877284,nan,3,2520,867480,6,0,0,3,396,192,48,204,51,99,3,6888,41,3
90,-47.5,57.5,50,25,0,0.0,0.0,0,0.0,57.5,1,562500.0,43.62213349449127,37.240278557211695,25,50,1,5,50,0,6,-105.0,70.5,-47.5,192878,73,32,25,7,19,5.0,1461316,91.900624,nan,1.461316,nan,5,2592,1445800,10,0,0,5,660,320,80,340,85,165,5,12264,73,5
91,-47.5,57.5,60,30,0,0.0,0.0,0,0.0,57.5,0,562500.0,49.00967663174223,39.944937051594266,30,60,0,3,60,0,3,-105.0,70.5,-47.5,192878,46,32,30,7,26,5.0,878772,92.779396,nan,0.878772,nan,3,3168,867480,6,0,0,3,396,192,48,204,51,99,3,7728,46,3
92,-47.5,57.5,60,30,0,0.0,0.0,0,0.0,57.5,1,562500.0,63.52693303426107,59.94626235961914,30,60,1,3,60,0,4,-105.0,70.5,-47.5,192878,106,32,30,8,25,5.0,888924,93.66832,nan,0.888924,nan,3,3240,867480,6,0,0,3,396,192,48,204,51,99,3,17808,106,3
93,-47.5,57.5,60,30,0,0.0,0.0,0,0.0,57.5,0,562500.0,40.42559944104149,36.90607342440167,30,60,0,2,60,0,2,-105.0,70.5,-47.5,192878,69,32,30,5,22,5.0,593488,94.261808,nan,0.593488,nan,2,3312,578320,4,0,0,2,264,128,32,136,34,66,2,11592,69,2
94,-47.5,57.5,62,31,0,0.0,0.0,0,0.0,57.5,1,562500.0,54.09061379096872,41.117786177926476,31,62,1,4,62,0,5,-105.0,70.5,-47.5,192878,75,32,31,7,25,5.0,1173368,95.435176,nan,1.173368,nan,4,3600,1156640,8,0,0,4,528,256,64,272,68,132,4,12600,75,4
95,-47.5,57.5,64,32,0,0.0,0.0,0,0.0,57.5,0,562500.0,48.2293309687381,18.39554799195229,32,64,0,4,64,0,4,-105.0,70.5,-47.5,192878,81,32,32,8,28,5.0,1174376,96.609552,nan,1.174376,nan,4,3600,1156640,8,0,0,4,528,256,64,272,68,132,4,13608,81,4
96,-47.5,57.5,46,23,0,0.0,0.0,0,0.0,57.5,1,515948.0178297802,33.13399828894422,11.439415435198889,23,46,1,7,46,0,8,-105.0,70.5,-47.5,192878,45,32,23,8,20,5.0,2035268,98.64482,nan,2.035268,nan,7,2664,2024120,14,0,0,7,924,448,112,476,119,231,7,7560,45,7
97,-47.5,57.5,36,18,0,0.0,0.0,0,0.0,57.5,0,562500.0,50.73297314471639,38.029224105438345,18,36,0,5,36,0,5,-105.0,70.5,-47.5,192878,89,32,18,7,15,5.0,1463140,100.10796,nan,1.46314,nan,5,1728,1445800,10,0,0,5,660,320,80,340,85,165,5,14952,89,5
98,-47.5,57.5,24,12,0,0.0,0.0,0,0.0,57.5,2,562500.0,42.14195849082489,22.56327374392551,12,24,2,4,24,0,6,-105.0,70.5,-47.5,192878,104,32,12,5,9,5.0,1175720,101.28368,nan,1.17572,nan,4,1080,1156640,8,0,0,4,528,256,64,272,68,132,4,17472,104,4
99,-47.5,57.5,24,12,0,0.0,0.0,0,0.0,57.5,0,562500.0,38.51438211175876,31.166639946964256,12,24,0,2,24,0,2,-105.0,70.5,-47.5,192878,60,32,12,3,10,5.0,590032,101.873712,nan,0.590032,nan,2,1368,578320,4,0,0,2,264,128,32,136,34,66,2,10080,60,2
100,-47.5,57.5,28,14,0,0.0,0.0,0,0.0,57.5,0,562500.0,42.76299286516199,40.303661180353444,14,28,0,2,28,0,2,-105.0,70.5,-47.5,192878,92,32,14,4,13,5.0,595696,102.469408,nan,0.595696,nan,2,1656,578320,4,0,0,2,264,128,32,136,34,66,2,15456,92,2
101,-47.5,57.5,34,17,0,0.0,0.0,0,0.0,57.5,0,562500.0,37.458416114975954,19.19525570024319,17,34,0,3,34,0,3,-105.0,70.5,-47.5,192878,127,32,17,6,16,5.0,891012,103.36042,nan,0.891012,nan,3,1800,867480,6,0,0,3,396,192,48,204,51,99,3,21336,127,3
102,-47.5,57.5,32,16,0,0.0,0.0,0,0.0,57.5,1,562500.0,33.88476236971154,26.25261047827102,16,32,1,3,32,0,4,-105.0,70.5,-47.5,192878,92,32,16,5,14,5.0,885132,104.245552,nan,0.885132,nan,3,1800,867480,6,0,0,3,396,192,48,204,51,99,3,15456,92,3
103,-47.5,57.5,36,18,0,0.0,0.0,0,0.0,57.5,0,562500.0,41.204327793389524,21.257579409010667,18,36,0,2,36,0,2,-105.0,70.5,-47.5,192878,101,32,18,5,16,5.0,597496,104.843048,nan,0.597496,nan,2,1944,578320,4,0,0,2,264,128,32,136,34,66,2,16968,101,2
104,-47.5,57.5,42,21,0,0.0,0.0,0,0.0,57.5,2,562500.0,49.792667395503166,33.22232678773008,21,42,2,4,42,0,6,-105.0,70.5,-47.5,192878,146,32,21,5,19,5.0,1184360,106.027408,nan,1.18436,nan,4,2664,1156640,8,0,0,4,528,256,64,272,68,132,4,24528,146,4
105,-47.5,57.5,44,22,0,0.0,0.0,0,0.0,57.5,0,562500.0,58.50390911102295,58.22922897338867,22,44,0,2,44,0,2,-105.0,70.5,-47.5,192878,103,32,22,5,18,5.0,598336,106.625744,nan,0.598336,nan,2,2448,578320,4,0,0,2,264,128,32,136,34,66,2,17304,103,2
106,-47.5,57.5,34,17,0,0.0,0.0,0,0.0,57.5,4,562500.0,48.9340033263099,36.32966019269264,17,34,4,3,34,0,7,-105.0,70.5,-47.5,192878,102,32,17,5,14,5.0,887100,107.512844,nan,0.8871,nan,3,2088,867480,6,0,0,3,396,192,48,204,51,99,3,17136,102,3
107,-47.5,57.5,30,15,0,0.0,0.0,0,0.0,57.5,0,562500.0,60.73439979553223,57.59315872192383,15,30,0,4,30,0,4,-105.0,70.5,-47.5,192878,71,32,15,4,13,5.0,1170464,108.683308,nan,1.170464,nan,4,1368,1156640,8,0,0,4,528,256,64,272,68,132,4,11928,71,4
108,-47.5,57.5,30,15,0,0.0,0.0,0,0.0,57.5,2,562500.0,36.18309447808812,19.02905415973092,15,30,2,4,30,0,6,-105.0,70.5,-47.5,192878,161,32,15,6,13,5.0,1185728,109.869036,nan,1.185728,nan,4,1512,1156640,8,0,0,4,528,256,64,272,68,132,4,27048,161,4
109,-47.5,57.5,40,20,0,0.0,0.0,0,0.0,57.5,0,562500.0,42.45548047344671,31.355242031099152,20,40,0,3,40,0,3,-105.0,70.5,-47.5,192878,221,32,20,7,17,5.0,906804,110.77584,nan,0.906804,nan,3,1800,867480,6,0,0,3,396,192,48,204,51,99,3,37128,221,3
110,-47.5,57.5,38,19,0,0.0,0.0,0,0.0,57.5,1,562500.0,60.474351247151695,57.74431228637695,19,38,1,3,38,0,4,-105.0,70.5,-47.5,192878,223,32,19,7,18,5.0,907572,111.683412,nan,0.907572,nan,3,2232,867480,6,0,0,3,396,192,48,204,51,99,3,37464,223,3
111,-47.5,57.5,42,21,0,0.0,0.0,0,0.0,57.5,1,562500.0,52.38642898511117,41.45324036355198,21,42,1,3,42,0,4,-105.0,70.5,-47.5,192878,165,32,21,6,20,5.0,898116,112.581528,nan,0.898116,nan,3,2520,867480,6,0,0,3,396,192,48,204,51,99,3,27720,165,3
112,-47.5,57.5,40,20,0,0.0,0.0,0,0.0,57.5,0,562500.0,47.99224903463821,22.36194010242499,20,40,0,4,40,0,4,-105.0,70.5,-47.5,192878,103,32,20,5,19,5.0,1176704,113.758232,nan,1.176704,nan,4,2232,1156640,8,0,0,4,528,256,64,272,68,132,4,17304,103,4
113,-47.5,57.5,40,20,0,0.0,0.0,0,0.0,57.5,2,562500.0,68.08459345499675,61.257755279541016,20,40,2,3,40,0,5,-105.0,70.5,-47.5,192878,134,32,20,5,17,5.0,892404,114.650636,nan,0.892404,nan,3,2016,867480,6,0,0,3,396,192,48,204,51,99,3,22512,134,3
114,-47.5,57.5,38,19,0,0.0,0.0,0,0.0,57.5,1,562500.0,49.40996258683843,27.011611311452484,19,38,1,4,38,0,5,-105.0,70.5,-47.5,192878,108,32,19,7,18,5.0,1177256,115.827892,nan,1.177256,nan,4,1944,1156640,8,0,0,4,528,256,64,272,68,132,4,18144,108,4
115,-47.5,57.5,38,19,0,0.0,0.0,0,0.0,57.5,1,562500.0,67.39872550964355,67.39424514770508,19,38,1,2,38,0,3,-105.0,70.5,-47.5,192878,166,32,19,6,16,5.0,608128,116.43602,nan,0.608128,nan,2,1656,578320,4,0,0,2,264,128,32,136,34,66,2,27888,166,2
116,-47.5,57.5,40,20,0,0.0,0.0,0,0.0,57.5,0,562500.0,65.54877853393555,65.54877853393555,20,40,0,1,40,0,1,-105.0,70.5,-47.5,192878,200,32,20,7,18,5.0,324764,116.760784,nan,0.324764,nan,1,1872,289160,2,0,0,1,132,64,16,68,17,33,1,33600,200,1
117,-47.5,57.5,32,16,0,0.0,0.0,0,0.0,57.5,1,562500.0,49.81121261117124,40.19903459152921,16,32,1,3,32,0,4,-105.0,70.5,-47.5,192878,127,32,16,5,12,5.0,891156,117.65194,nan,0.891156,nan,3,1944,867480,6,0,0,3,396,192,48,204,51,99,3,21336,127,3
118,-47.5,57.5,32,16,0,0.0,0.0,0,0.0,57.5,0,562500.0,42.28952127244761,30.502586784974262,16,32,0,3,32,0,3,-105.0,70.5,-47.5,192878,102,32,16,5,11,5.0,886812,118.538752,nan,0.886812,nan,3,1800,867480,6,0,0,3,396,192,48,204,51,99,3,17136,102,3
119,-47.5,57.5,32,16,0,0.0,0.0,0,0.0,57.5,2,562500.0,44.274416125143816,19.923516374464597,16,32,2,5,32,0,7,-105.0,70.5,-47.5,192878,131,32,16,6,13,5.0,1470268,120.00902,nan,1.470268,nan,5,1800,1445800,10,0,0,5,660,320,80,340,85,165,5,22008,131,5
120,-47.5,57.5,38,19,0,0.0,0.0,0,0.0,57.5,2,562500.0,49.6943452967273,21.263267208234602,19,38,2,4,38,0,6,-105.0,70.5,-47.5,192878,134,32,19,6,16,5.0,1181768,121.190788,nan,1.181768,nan,4,2088,1156640,8,0,0,4,528,256,64,272,68,132,4,22512,134,4
121,-47.5,57.5,42,21,0,0.0,0.0,0,0.0,57.5,0,562500.0,46.032273786105954,23.974770838650464,21,42,0,3,42,0,3,-105.0,70.5,-47.5,192878,162,32,21,5,18,5.0,897108,122.087896,nan,0.897108,nan,3,2016,867480,6,0,0,3,396,192,48,204,51,99,3,27216,162,3
122,-47.5,57.5,44,22,0,0.0,0.0,0,0.0,57.5,0,562500.0,32.011434909629315,25.83597821045729,22,44,0,2,44,0,2,-105.0,70.5,-47.5,192878,241,32,22,7,20,5.0,621088,122.708984,nan,0.621088,nan,2,2016,578320,4,0,0,2,264,128,32,136,34,66,2,40488,241,2
123,-47.5,57.5,50,25,0,0.0,0.0,0,0.0,57.5,2,562500.0,52.343679444219944,40.19911012457183,25,50,2,4,50,0,6,-105.0,70.5,-47.5,192878,212,32,25,6,22,5.0,1195520,123.904504,nan,1.19552,nan,4,2736,1156640,8,0,0,4,528,256,64,272,68,132,4,35616,212,4
124,-47.5,57.5,50,25,0,0.0,0.0,0,0.0,57.5,1,562500.0,67.44286473592122,60.21068572998047,25,50,1,3,50,0,4,-105.0,70.5,-47.5,192878,198,32,25,7,22,5.0,904020,124.808524,nan,0.90402,nan,3,2880,867480,6,0,0,3,396,192,48,204,51,99,3,33264,198,3
125,-47.5,57.5,58,29,0,0.0,0.0,0,0.0,57.5,0,562500.0,58.883981704711914,57.557281494140625,29,58,0,2,58,0,2,-105.0,70.5,-47.5,192878,164,32,29,7,25,5.0,609736,125.41826,nan,0.609736,nan,2,3600,578320,4,0,0,2,264,128,32,136,34,66,2,27552,164,2
126,-47.5,57.5,62,31,0,0.0,0.0,0,0.0,57.5,0,562500.0,59.83041000366211,58.4192008972168,31,62,0,4,62,0,4,-105.0,70.5,-47.5,192878,229,32,31,8,26,5.0,1199600,126.61786,nan,1.1996,nan,4,3960,1156640,8,0,0,4,528,256,64,272,68,132,4,38472,229,4
127,-47.5,57.5,52,26,0,0.0,0.0,0,0.0,57.5,3,562500.0,39.981189627793405,19.433205961811566,26,52,3,6,52,0,9,-105.0,70.5,-47.5,192878,165,32,26,8,23,5.0,1766784,128.384644,nan,1.766784,nan,6,3312,1734960,12,0,0,6,792,384,96,408,102,198,6,27720,165,6
128,-47.5,57.5,46,23,0,0.0,0.0,0,0.0,57.5,0,562500.0,54.96592277395306,39.505912038732475,23,46,0,3,46,0,3,-105.0,70.5,-47.5,192878,100,32,23,7,19,5.0,886692,129.271336,nan,0.886692,nan,3,2016,867480,6,0,0,3,396,192,48,204,51,99,3,16800,100,3
129,-47.5,57.5,40,20,0,0.0,0.0,0,0.0,57.5,0,562500.0,61.0997314453125,60.2106819152832,20,40,0,2,40,0,2,-105.0,70.5,-47.5,192878,188,32,20,7,15,5.0,611752,129.883088,nan,0.611752,nan,2,1584,578320,4,0,0,2,264,128,32,136,34,66,2,31584,188,2
130,-47.5,57.5,36,18,0,0.0,0.0,0,0.0,57.5,0,562500.0,40.31607845269007,21.263267208234602,18,36,0,3,36,0,3,-105.0,70.5,-47.5,192878,91,32,18,6,16,5.0,885036,130.768124,nan,0.885036,nan,3,1872,867480,6,0,0,3,396,192,48,204,51,99,3,15288,91,3
131,-47.5,57.5,34,17,0,0.0,0.0,0,0.0,57.5,0,562500.0,63.86684036254883,60.21068572998047,17,34,0,2,34,0,2,-105.0,70.5,-47.5,192878,99,32,17,6,14,5.0,596944,131.365068,nan,0.596944,nan,2,1728,578320,4,0,0,2,264,128,32,136,34,66,2,16632,99,2
132,-47.5,57.5,38,19,0,0.0,0.0,0,0.0,57.5,3,562500.0,54.20002786161251,38.4018261636606,19,38,3,5,38,0,8,-105.0,70.5,-47.5,192878,113,32,19,6,15,5.0,1467676,132.832744,nan,1.467676,nan,5,2232,1445800,10,0,0,5,660,320,80,340,85,165,5,18984,113,5
133,-47.5,57.5,44,22,0,0.0,0.0,0,0.0,57.5,1,562500.0,46.54078770465628,23.31097989412178,22,44,1,4,44,0,5,-105.0,70.5,-47.5,192878,118,32,22,7,18,5.0,1179440,134.012184,nan,1.17944,nan,4,2448,1156640,8,0,0,4,528,256,64,272,68,132,4,19824,118,4
134,-47.5,57.5,52,26,0,0.0,0.0,0,0.0,57.5,1,562500.0,46.51347450843888,32.56114800025274,26,52,1,4,52,0,5,-105.0,70.5,-47.5,192878,100,32,26,6,22,5.0,1176776,135.18896,nan,1.176776,nan,4,2808,1156640,8,0,0,4,528,256,64,272,68,132,4,16800,100,4
135,-47.5,57.5,52,26,0,0.0,0.0,0,0.0,57.5,1,562500.0,40.31607845269007,21.263267208234602,26,52,1,3,52,0,4,-105.0,70.5,-47.5,192878,134,32,26,7,21,5.0,892980,136.08194,nan,0.89298,nan,3,2592,867480,6,0,0,3,396,192,48,204,51,99,3,22512,134,3
136,-47.5,57.5,58,29,0,0.0,0.0,0,0.0,57.5,2,562500.0,63.58342456817627,58.80792236328125,29,58,2,4,58,0,6,-105.0,70.5,-47.5,192878,113,32,29,7,24,5.0,1179248,137.261188,nan,1.179248,nan,4,3096,1156640,8,0,0,4,528,256,64,272,68,132,4,18984,113,4
137,-47.5,57.5,64,32,0,0.0,0.0,0,0.0,57.5,2,562500.0,42.28758536776544,22.447485378884174,32,64,2,3,64,0,5,-105.0,70.5,-47.5,192878,120,32,32,7,28,5.0,891060,138.152248,nan,0.89106,nan,3,3024,867480,6,0,0,3,396,192,48,204,51,99,3,20160,120,3
138,-47.5,57.5,74,37,0,0.0,0.0,0,0.0,57.5,0,562500.0,51.71138189245784,44.4158175167036,37,74,0,3,74,0,3,-105.0,70.5,-47.5,192878,143,32,37,7,34,5.0,895356,139.047604,nan,0.895356,nan,3,3456,867480,6,0,0,3,396,192,48,204,51,99,3,24024,143,3
139,-47.5,57.5,80,40,0,0.0,0.0,0,0.0,57.5,3,562500.0,54.87045792212491,43.03266184863421,40,80,3,4,80,0,7,-105.0,70.5,-47.5,192878,160,32,40,8,35,5.0,1188584,140.236188,nan,1.188584,nan,4,4536,1156640,8,0,0,4,528,256,64,272,68,132,4,26880,160,4
140,-47.5,57.5,84,42,0,0.0,0.0,0,0.0,57.5,1,562500.0,48.385928333624975,38.378352824363866,42,84,1,3,84,0,4,-105.0,70.5,-47.5,192878,129,32,42,8,39,5.0,893580,141.129768,nan,0.89358,nan,3,4032,867480,6,0,0,3,396,192,48,204,51,99,3,21672,129,3
141,-47.5,57.5,80,40,0,0.0,0.0,0,0.0,57.5,0,562500.0,49.157817488233015,26.522431065990087,40,80,0,6,80,0,6,-105.0,70.5,-47.5,192878,105,32,40,8,37,5.0,1757568,142.887336,nan,1.757568,nan,6,4176,1734960,12,0,0,6,792,384,96,408,102,198,6,17640,105,6
142,-47.5,57.5,70,35,0,0.0,0.0,0,0.0,57.5,2,562500.0,63.61976432800293,59.68739700317383,35,70,2,2,70,0,4,-105.0,70.5,-47.5,192878,91,32,35,6,31,5.0,596752,143.484088,nan,0.596752,nan,2,2880,578320,4,0,0,2,264,128,32,136,34,66,2,15288,91,2
143,-47.5,57.5,70,35,0,0.0,0.0,0,0.0,57.5,1,562500.0,48.09328177800689,20.004085856416893,35,70,1,4,70,0,5,-105.0,70.5,-47.5,192878,80,32,35,6,30,5.0,1174424,144.658512,nan,1.174424,nan,4,3816,1156640,8,0,0,4,528,256,64,272,68,132,4,13440,80,4
144,-47.5,57.5,68,34,0,0.0,0.0,0,0.0,57.5,0,562500.0,48.110442485587384,38.34476247409486,34,68,0,3,68,0,3,-105.0,70.5,-47.5,192878,84,32,34,6,30,5.0,884796,145.543308,nan,0.884796,nan,3,2808,867480,6,0,0,3,396,192,48,204,51,99,3,14112,84,3
145,-47.5,57.5,66,33,0,0.0,0.0,0,0.0,57.5,1,562500.0,62.337209701538086,58.50981140136719,33,66,1,2,66,0,3,-105.0,70.5,-47.5,192878,127,32,33,7,28,5.0,603592,146.1469,nan,0.603592,nan,2,3672,578320,4,0,0,2,264,128,32,136,34,66,2,21336,127,2
146,-47.5,57.5,72,36,0,0.0,0.0,0,0.0,57.5,2,562500.0,45.796927897746556,43.58444154683444,36,72,2,2,72,0,4,-105.0,70.5,-47.5,192878,119,32,36,6,32,5.0,602824,146.749724,nan,0.602824,nan,2,4248,578320,4,0,0,2,264,128,32,136,34,66,2,19992,119,2
147,-47.5,57.5,64,32,0,0.0,0.0,0,0.0,57.5,2,562500.0,59.78456942240397,57.56808090209961,32,64,2,3,64,0,5,-105.0,70.5,-47.5,192878,166,32,32,8,30,5.0,899652,147.649376,nan,0.899652,nan,3,3888,867480,6,0,0,3,396,192,48,204,51,99,3,27888,166,3
148,-47.5,57.5,56,28,0,0.0,0.0,0,0.0,57.5,0,562500.0,59.15435743331909,57.582054138183594,28,56,0,4,56,0,4,-105.0,70.5,-47.5,192878,130,32,28,5,22,5.0,1182248,148.831624,nan,1.182248,nan,4,3240,1156640,8,0,0,4,528,256,64,272,68,132,4,21840,130,4
149,-47.5,57.5,54,27,0,0.0,0.0,0,0.0,57.5,0,562500.0,62.44296137491862,59.022071838378906,27,54,0,3,54,0,3,-105.0,70.5,-47.5,192878,153,32,27,6,25,5.0,896388,149.728012,nan,0.896388,nan,3,2808,867480,6,0,0,3,396,192,48,204,51,99,3,25704,153,3
150,-47.5,57.5,46,23,0,0.0,0.0,0,0.0,57.5,3,562500.0,68.27166557312012,63.535213470458984,23,46,3,2,46,0,5,-105.0,70.5,-47.5,192878,107,32,23,5,21,5.0,598864,150.326876,nan,0.598864,nan,2,2304,578320,4,0,0,2,264,128,32,136,34,66,2,17976,107,2
151,-47.5,57.5,46,23,0,0.0,0.0,0,0.0,57.5,2,562500.0,44.88230963953907,22.156169448026134,23,46,2,5,46,0,7,-105.0,70.5,-47.5,192878,195,32,23,8,21,5.0,1481740,151.808616,nan,1.48174,nan,5,2520,1445800,10,0,0,5,660,320,80,340,85,165,5,32760,195,5
152,-47.5,57.5,42,21,0,0.0,0.0,0,0.0,57.5,0,562500.0,50.03915540398366,19.562275118692604,21,42,0,5,42,0,5,-105.0,70.5,-47.5,192878,157,32,21,7,19,5.0,1474636,153.283252,nan,1.474636,nan,5,1800,1445800,10,0,0,5,660,320,80,340,85,165,5,26376,157,5
153,-47.5,57.5,36,18,0,0.0,0.0,0,0.0,57.5,0,562500.0,62.61092567443848,59.62530517578125,18,36,0,2,36,0,2,-105.0,70.5,-47.5,192878,79,32,18,6,17,5.0,593152,153.876404,nan,0.593152,nan,2,1296,578320,4,0,0,2,264,128,32,136,34,66,2,13272,79,2
154,-47.5,57.5,34,17,0,0.0,0.0,0,0.0,57.5,1,562500.0,67.41998291015625,67.41998291015625,17,34,1,1,34,0,2,-105.0,70.5,-47.5,192878,116,32,17,6,14,5.0,310220,154.186624,nan,0.31022,nan,1,1440,289160,2,0,0,1,132,64,16,68,17,33,1,19488,116,1
155,-47.5,57.5,28,14,0,0.0,0.0,0,0.0,57.5,1,562500.0,63.27554194132487,58.2976188659668,14,28,1,3,28,0,4,-105.0,70.5,-47.5,192878,76,32,14,5,11,5.0,882300,155.068924,nan,0.8823,nan,3,1656,867480,6,0,0,3,396,192,48,204,51,99,3,12768,76,3
156,-47.5,57.5,34,17,0,0.0,0.0,0,0.0,57.5,0,562500.0,52.03882578829954,36.551644047476984,17,34,0,3,34,0,3,-105.0,70.5,-47.5,192878,122,32,17,6,14,5.0,890388,155.959312,nan,0.890388,nan,3,2016,867480,6,0,0,3,396,192,48,204,51,99,3,20496,122,3
157,-47.5,57.5,32,16,0,0.0,0.0,0,0.0,57.5,1,562500.0,47.97685348118275,38.42180289821809,16,32,1,3,32,0,4,-105.0,70.5,-47.5,192878,102,32,16,6,14,5.0,886884,156.846196,nan,0.886884,nan,3,1872,867480,6,0,0,3,396,192,48,204,51,99,3,17136,102,3
158,-47.5,57.5,32,16,0,0.0,0.0,0,0.0,57.5,4,562500.0,42.069226677631775,31.003862591933093,16,32,4,5,32,0,9,-105.0,70.5,-47.5,192878,165,32,16,6,14,5.0,1476196,158.322392,nan,1.476196,nan,5,2016,1445800,10,0,0,5,660,320,80,340,85,165,5,27720,165,5
159,-47.5,57.5,34,17,0,0.0,0.0,0,0.0,57.5,1,562500.0,45.71384780811915,31.54990056327684,17,34,1,3,34,0,4,-105.0,70.5,-47.5,192878,134,32,17,7,17,5.0,892332,159.214724,nan,0.892332,nan,3,1944,867480,6,0,0,3,396,192,48,204,51,99,3,22512,134,3
160,-47.5,57.5,32,16,0,0.0,0.0,0,0.0,57.5,0,562500.0,30.340185398202742,29.724769406786976,16,32,0,2,32,0,2,-105.0,70.5,-47.5,192878,166,32,16,7,14,5.0,607984,159.822708,nan,0.607984,nan,2,1512,578320,4,0,0,2,264,128,32,136,34,66,2,27888,166,2
161,-47.5,57.5,48,24,0,0.0,0.0,0,0.0,57.5,3,562500.0,48.32570544845899,30.63588702351156,24,48,3,4,48,0,7,-105.0,70.5,-47.5,192878,147,32,24,6,21,5.0,1184024,161.006732,nan,1.184024,nan,4,2160,1156640,8,0,0,4,528,256,64,272,68,132,4,24696,147,4
162,-47.5,57.5,42,21,0,0.0,0.0,0,0.0,57.5,1,562500.0,51.78019980549968,40.2267205417536,21,42,1,4,42,0,5,-105.0,70.5,-47.5,192878,137,32,21,6,18,5.0,1182200,162.188932,nan,1.1822,nan,4,2016,1156640,8,0,0,4,528,256,64,272,68,132,4,23016,137,4
163,-47.5,57.5,46,23,0,0.0,0.0,0,0.0,57.5,0,562500.0,37.20494402932333,29.39047264855975,23,46,0,4,46,0,4,-105.0,70.5,-47.5,192878,135,32,23,6,20,5.0,1181864,163.370796,nan,1.181864,nan,4,2016,1156640,8,0,0,4,528,256,64,272,68,132,4,22680,135,4
164,-47.5,57.5,52,26,0,0.0,0.0,0,0.0,57.5,0,562500.0,47.98795426680929,32.31744470844295,26,52,0,3,52,0,3,-105.0,70.5,-47.5,192878,157,32,26,8,24,5.0,896484,164.26728,nan,0.896484,nan,3,2232,867480,6,0,0,3,396,192,48,204,51,99,3,26376,157,3
165,-47.5,57.5,56,28,0,0.0,0.0,0,0.0,57.5,0,562500.0,52.41267473494082,47.507031569381446,28,56,0,3,56,0,3,-105.0,70.5,-47.5,192878,198,32,28,9,26,5.0,903876,165.171156,nan,0.903876,nan,3,2736,867480,6,0,0,3,396,192,48,204,51,99,3,33264,198,3
166,-47.5,57.5,52,26,0,0.0,0.0,0,0.0,57.5,1,562500.0,31.141102020251658,31.059937602752285,26,52,1,2,52,0,3,-105.0,70.5,-47.5,192878,165,32,26,7,24,5.0,608752,165.779908,nan,0.608752,nan,2,2448,578320,4,0,0,2,264,128,32,136,34,66,2,27720,165,2
167,-47.5,57.5,46,23,0,0.0,0.0,0,0.0,57.5,0,562500.0,67.56755256652832,67.50382995605469,23,46,0,2,46,0,2,-105.0,70.5,-47.5,192878,164,32,23,7,20,5.0,608584,166.388492,nan,0.608584,nan,2,2448,578320,4,0,0,2,264,128,32,136,34,66,2,27552,164,2
168,-47.5,57.5,44,22,0,0.0,0.0,0,0.0,57.5,0,562500.0,39.94267123486688,27.9408155523613,22,44,0,4,44,0,4,-105.0,70.5,-47.5,192878,106,32,22,7,20,5.0,1177712,167.566204,nan,1.177712,nan,4,2736,1156640,8,0,0,4,528,256,64,272,68,132,4,17808,106,4
169,-47.5,57.5,48,24,0,0.0,0.0,0,0.0,57.5,1,562500.0,53.694688869011145,41.06695129845314,24,48,1,4,48,0,5,-105.0,70.5,-47.5,192878,137,32,24,7,21,5.0,1182992,168.749196,nan,1.182992,nan,4,2808,1156640,8,0,0,4,528,256,64,272,68,132,4,23016,137,4
170,-47.5,57.5,48,24,0,0.0,0.0,0,0.0,57.5,1,562500.0,40.75904135463656,32.12663593158333,24,48,1,4,48,0,5,-105.0,70.5,-47.5,192878,237,32,24,8,21,5.0,1199720,169.948916,nan,1.19972,nan,4,2736,1156640,8,0,0,4,528,256,64,272,68,132,4,39816,237,4
171,-47.5,57.5,50,25,0,0.0,0.0,0,0.0,57.5,0,562500.0,30.728329414507275,20.89261686992289,25,50,0,7,50,0,7,-105.0,70.5,-47.5,192878,194,32,25,8,23,5.0,2060588,172.009504,nan,2.060588,nan,7,2952,2024120,14,0,0,7,924,448,112,476,119,231,7,32592,194,7
172,-47.5,57.5,48,24,0,0.0,0.0,0,0.0,57.5,0,562500.0,28.324591099683687,20.012392862419862,24,48,0,4,48,0,4,-105.0,70.5,-47.5,192878,139,32,24,8,23,5.0,1182824,173.192328,nan,1.182824,nan,4,2304,1156640,8,0,0,4,528,256,64,272,68,132,4,23352,139,4
173,-47.5,57.5,48,24,0,0.0,0.0,0,0.0,57.5,1,562500.0,60.44573974609375,60.2106819152832,24,48,1,2,48,0,3,-105.0,70.5,-47.5,192878,140,32,24,8,22,5.0,604336,173.796664,nan,0.604336,nan,2,2232,578320,4,0,0,2,264,128,32,136,34,66,2,23520,140,2
174,-47.5,57.5,46,23,0,0.0,0.0,0,0.0,57.5,1,562500.0,34.03870368125215,20.89261686992289,23,46,1,3,46,0,4,-105.0,70.5,-47.5,192878,173,32,23,8,19,5.0,899388,174.696052,nan,0.899388,nan,3,2448,867480,6,0,0,3,396,192,48,204,51,99,3,29064,173,3
175,-47.5,57.5,44,22,0,0.0,0.0,0,0.0,57.5,0,562500.0,44.717923657827704,35.281631472772546,22,44,0,3,44,0,3,-105.0,70.5,-47.5,192878,163,32,22,7,16,5.0,897852,175.593904,nan,0.897852,nan,3,2592,867480,6,0,0,3,396,192,48,204,51,99,3,27384,163,3
176,-47.5,57.5,42,21,0,0.0,0.0,0,0.0,57.5,2,562500.0,56.65447724771826,47.55483582176461,21,42,2,4,42,0,6,-105.0,70.5,-47.5,192878,139,32,21,7,14,5.0,1183256,176.77716,nan,1.183256,nan,4,2736,1156640,8,0,0,4,528,256,64,272,68,132,4,23352,139,4
177,-47.5,57.5,42,21,0,0.0,0.0,0,0.0,57.5,2,562500.0,38.15886869494409,19.688885386283573,21,42,2,5,42,0,7,-105.0,70.5,-47.5,192878,142,32,21,7,15,5.0,1472836,178.249996,nan,1.472836,nan,5,2520,1445800,10,0,0,5,660,320,80,340,85,165,5,23856,142,5
178,-47.5,57.5,42,21,0,0.0,0.0,0,0.0,57.5,1,562500.0,33.949556583320586,18.21526179773062,21,42,1,5,42,0,6,-105.0,70.5,-47.5,192878,42,32,21,7,20,5.0,1455748,179.705744,nan,1.455748,nan,5,2232,1445800,10,0,0,5,660,320,80,340,85,165,5,7056,42,5
179,-47.5,57.5,42,21,0,0.0,0.0,0,0.0,57.5,0,562500.0,60.2106819152832,60.2106819152832,21,42,0,1,42,0,1,-105.0,70.5,-47.5,192878,102,32,21,7,19,5.0,308444,180.014188,nan,0.308444,nan,1,2016,289160,2,0,0,1,132,64,16,68,17,33,1,17136,102,1
180,-47.5,57.5,42,21,0,0.0,0.0,0,0.0,57.5,3,562500.0,38.460475392037296,18.165263146326257,21,42,3,5,42,0,8,-105.0,70.5,-47.5,192878,124,32,21,7,16,5.0,1469740,181.483928,nan,1.46974,nan,5,2448,1445800,10,0,0,5,660,320,80,340,85,165,5,20832,124,5
181,-47.5,57.5,52,26,0,0.0,0.0,0,0.0,57.5,2,562500.0,46.52610405917893,38.84747344212619,26,52,2,3,52,0,5,-105.0,70.5,-47.5,192878,79,32,26,7,24,5.0,883668,182.367596,nan,0.883668,nan,3,2520,867480,6,0,0,3,396,192,48,204,51,99,3,13272,79,3
182,-47.5,57.5,50,25,0,0.0,0.0,0,0.0,57.5,2,562500.0,42.251458973687505,36.558133704219266,25,50,2,4,50,0,6,-105.0,70.5,-47.5,192878,102,32,25,6,21,5.0,1176680,183.544276,nan,1.17668,nan,4,2376,1156640,8,0,0,4,528,256,64,272,68,132,4,17136,102,4
183,-47.5,57.5,56,28,0,0.0,0.0,0,0.0,57.5,1,562500.0,39.57240081784783,27.756615087056375,28,56,1,5,56,0,6,-105.0,70.5,-47.5,192878,137,32,28,7,26,5.0,1472212,185.016488,nan,1.472212,nan,5,2736,1445800,10,0,0,5,660,320,80,340,85,165,5,23016,137,5
184,-47.5,57.5,50,25,0,0.0,0.0,0,0.0,57.5,0,562500.0,40.10565861539326,22.13265688631754,25,50,0,5,50,0,5,-105.0,70.5,-47.5,192878,103,32,25,7,23,5.0,1466140,186.482628,nan,1.46614,nan,5,2376,1445800,10,0,0,5,660,320,80,340,85,165,5,17304,103,5
185,-47.5,57.5,56,28,0,0.0,0.0,0,0.0,57.5,0,562500.0,62.964237213134766,58.99544906616211,28,56,0,2,56,0,2,-105.0,70.5,-47.5,192878,81,32,28,6,26,5.0,594208,187.076836,nan,0.594208,nan,2,2016,578320,4,0,0,2,264,128,32,136,34,66,2,13608,81,2
186,-47.5,57.5,52,26,0,0.0,0.0,0,0.0,57.5,1,562500.0,38.470245040971086,26.94571256808353,26,52,1,4,52,0,5,-105.0,70.5,-47.5,192878,124,32,26,7,22,5.0,1180304,188.25714,nan,1.180304,nan,4,2304,1156640,8,0,0,4,528,256,64,272,68,132,4,20832,124,4
187,-47.5,57.5,44,22,0,0.0,0.0,0,0.0,57.5,2,562500.0,51.29860132032636,42.459214809716215,22,44,2,3,44,0,5,-105.0,70.5,-47.5,192878,74,32,22,5,19,5.0,882540,189.13968,nan,0.88254,nan,3,2232,867480,6,0,0,3,396,192,48,204,51,99,3,12432,74,3
188,-47.5,57.5,46,23,0,0.0,0.0,0,0.0,57.5,0,562500.0,39.297634202933345,28.76206275110603,23,46,0,3,46,0,3,-105.0,70.5,-47.5,192878,141,32,23,7,21,5.0,894228,190.033908,nan,0.894228,nan,3,2664,867480,6,0,0,3,396,192,48,204,51,99,3,23688,141,3
189,-47.5,57.5,44,22,0,0.0,0.0,0,0.0,57.5,1,562500.0,62.84861373901367,60.0567626953125,22,44,1,2,44,0,3,-105.0,70.5,-47.5,192878,148,32,22,6,19,5.0,606184,190.640092,nan,0.606184,nan,2,2736,578320,4,0,0,2,264,128,32,136,34,66,2,24864,148,2
190,-47.5,57.5,42,21,0,0.0,0.0,0,0.0,57.5,2,562500.0,46.10998687820217,39.872262308816595,21,42,2,2,42,0,4,-105.0,70.5,-47.5,192878,164,32,21,6,20,5.0,608728,191.24882,nan,0.608728,nan,2,2592,578320,4,0,0,2,264,128,32,136,34,66,2,27552,164,2
191,-47.5,57.5,42,21,0,0.0,0.0,0,0.0,57.5,3,562500.0,52.57820303815174,37.92235682538727,21,42,3,2,42,0,5,-105.0,70.5,-47.5,192878,161,32,21,6,20,5.0,608008,191.856828,nan,0.608008,nan,2,2376,578320,4,0,0,2,264,128,32,136,34,66,2,27048,161,2
192,-47.5,57.5,50,25,0,0.0,0.0,0,0.0,57.5,0,562500.0,46.057493635731966,45.668370101942834,25,50,0,2,50,0,2,-105.0,70.5,-47.5,192878,195,32,25,6,24,5.0,614872,192.4717,nan,0.614872,nan,2,3528,578320,4,0,0,2,264,128,32,136,34,66,2,32760,195,2
193,-47.5,57.5,60,30,0,0.0,0.0,0,0.0,57.5,1,562500.0,55.30520011375684,42.97317586117159,30,60,1,4,60,0,5,-105.0,70.5,-47.5,192878,267,32,30,7,27,5.0,1205912,193.677612,nan,1.205912,nan,4,3888,1156640,8,0,0,4,528,256,64,272,68,132,4,44856,267,4
194,-47.5,57.5,66,33,0,0.0,0.0,0,0.0,57.5,1,562500.0,66.50294589996338,58.396705627441406,33,66,1,2,66,0,3,-105.0,70.5,-47.5,192878,134,32,33,6,32,5.0,604984,194.282596,nan,0.604984,nan,2,3888,578320,4,0,0,2,264,128,32,136,34,66,2,22512,134,2
195,-47.5,57.5,70,35,0,0.0,0.0,0,0.0,57.5,3,562500.0,47.179204929066955,42.3396064195133,35,70,3,2,70,0,5,-105.0,70.5,-47.5,192878,190,32,35,6,32,5.0,615040,194.897636,nan,0.61504,nan,2,4536,578320,4,0,0,2,264,128,32,136,34,66,2,31920,190,2
196,-47.5,57.5,70,35,0,0.0,0.0,0,0.0,57.5,1,562500.0,36.81000718786627,26.086601051913245,35,70,1,2,70,0,3,-105.0,70.5,-47.5,192878,169,32,35,7,32,5.0,611224,195.50886,nan,0.611224,nan,2,4248,578320,4,0,0,2,264,128,32,136,34,66,2,28392,169,2
197,-47.5,57.5,64,32,0,0.0,0.0,0,0.0,57.5,2,562500.0,54.49323938883148,44.59556977919695,32,64,2,4,64,0,6,-105.0,70.5,-47.5,192878,101,32,32,6,27,5.0,1178384,196.687244,nan,1.178384,nan,4,4248,1156640,8,0,0,4,528,256,64,272,68,132,4,16968,101,4
198,-47.5,57.5,62,31,0,0.0,0.0,0,0.0,57.5,0,562500.0,46.03540115733203,41.81108505328876,31,62,0,2,62,0,2,-105.0,70.5,-47.5,192878,168,32,31,6,24,5.0,610552,197.297796,nan,0.610552,nan,2,3744,578320,4,0,0,2,264,128,32,136,34,66,2,28224,168,2
199,-47.5,57.5,58,29,0,0.0,0.0,0,0.0,57.5,0,562500.0,67.41998291015625,67.41998291015625,29,58,0,1,58,0,1,-105.0,70.5,-47.5,192878,133,32,29,6,28,5.0,315524,197.61332,nan,0.315524,nan,1,3888,289160,2,0,0,1,132,64,16,68,17,33,1,22344,133,1
200,-47.5,57.5,52,26,0,0.0,0.0,0,0.0,57.5,3,562500.0,53.506193523039165,49.69579115364114,26,52,3,3,52,0,6,-105.0,70.5,-47.5,192878,135,32,26,6,23,5.0,894300,198.50762,nan,0.8943,nan,3,3744,867480,6,0,0,3,396,192,48,204,51,99,3,22680,135,3
201,-47.5,57.5,42,21,0,0.0,0.0,0,0.0,57.5,1,562500.0,42.55751170038605,25.181391359892377,21,42,1,2,42,0,3,-105.0,70.5,-47.5,192878,133,32,21,5,20,5.0,603952,199.111572,nan,0.603952,nan,2,3024,578320,4,0,0,2,264,128,32,136,34,66,2,22344,133,2
202,-47.5,57.5,40,20,0,0.0,0.0,0,0.0,57.5,1,562500.0,53.655690298026904,51.99463591700655,20,40,1,2,40,0,3,-105.0,70.5,-47.5,192878,160,32,20,4,17,5.0,608344,199.719916,nan,0.608344,nan,2,2880,578320,4,0,0,2,264,128,32,136,34,66,2,26880,160,2
203,-47.5,57.5,32,16,0,0.0,0.0,0,0.0,57.5,3,562500.0,52.88781896320478,46.52870503128607,16,32,3,3,32,0,6,-105.0,70.5,-47.5,192878,135,32,16,4,13,5.0,892860,200.612776,nan,0.89286,nan,3,2304,867480,6,0,0,3,396,192,48,204,51,99,3,22680,135,3
204,-47.5,57.5,36,18,0,0.0,0.0,0,0.0,57.5,1,562500.0,59.2859853108724,58.68281173706055,18,36,1,3,36,0,4,-105.0,70.5,-47.5,192878,162,32,18,6,17,5.0,897180,201.509956,nan,0.89718,nan,3,2088,867480,6,0,0,3,396,192,48,204,51,99,3,27216,162,3
205,-47.5,57.5,36,18,0,0.0,0.0,0,0.0,57.5,3,562500.0,52.03975338485104,50.9029785729044,18,36,3,2,36,0,5,-105.0,70.5,-47.5,192878,133,32,18,5,17,5.0,602872,202.112828,nan,0.602872,nan,2,1944,578320,4,0,0,2,264,128,32,136,34,66,2,22344,133,2
206,-47.5,57.5,36,18,0,0.0,0.0,0,0.0,57.5,2,562500.0,48.885136358295874,39.07275989778911,18,36,2,3,36,0,5,-105.0,70.5,-47.5,192878,128,32,18,5,17,5.0,891180,203.004008,nan,0.89118,nan,3,1800,867480,6,0,0,3,396,192,48,204,51,99,3,21504,128,3
207,-47.5,57.5,40,20,0,0.0,0.0,0,0.0,57.5,0,562500.0,62.21967315673828,62.21967315673828,20,40,0,1,40,0,1,-105.0,70.5,-47.5,192878,103,32,20,5,18,5.0,308756,203.312764,nan,0.308756,nan,1,2160,289160,2,0,0,1,132,64,16,68,17,33,1,17304,103,1
208,-47.5,57.5,40,20,0,0.0,0.0,0,0.0,57.5,0,562500.0,60.1838493347168,57.738807678222656,20,40,0,4,40,0,4,-105.0,70.5,-47.5,192878,198,32,20,6,18,5.0,1192808,204.505572,nan,1.192808,nan,4,2376,1156640,8,0,0,4,528,256,64,272,68,132,4,33264,198,4
209,-47.5,57.5,42,21,0,0.0,0.0,0,0.0,57.5,1,562500.0,64.68451118469238,57.718379974365234,21,42,1,2,42,0,3,-105.0,70.5,-47.5,192878,142,32,21,6,19,5.0,604240,205.109812,nan,0.60424,nan,2,1800,578320,4,0,0,2,264,128,32,136,34,66,2,23856,142,2
210,-47.5,57.5,48,24,0,0.0,0.0,0,0.0,57.5,1,562500.0,50.33087787197602,36.741310298507045,24,48,1,3,48,0,4,-105.0,70.5,-47.5,192878,163,32,24,7,23,5.0,897636,206.007448,nan,0.897636,nan,3,2376,867480,6,0,0,3,396,192,48,204,51,99,3,27384,163,3
211,-47.5,57.5,48,24,0,0.0,0.0,0,0.0,57.5,0,562500.0,50.23879163200115,34.53800693566224,24,48,0,3,48,0,3,-105.0,70.5,-47.5,192878,230,32,24,7,22,5.0,909108,206.916556,nan,0.909108,nan,3,2592,867480,6,0,0,3,396,192,48,204,51,99,3,38640,230,3
212,-47.5,57.5,48,24,0,0.0,0.0,0,0.0,57.5,2,562500.0,63.79070854187012,60.05842208862305,24,48,2,2,48,0,4,-105.0,70.5,-47.5,192878,192,32,24,6,24,5.0,613288,207.529844,nan,0.613288,nan,2,2448,578320,4,0,0,2,264,128,32,136,34,66,2,32256,192,2
213,-47.5,57.5,46,23,0,0.0,0.0,0,0.0,57.5,1,562500.0,60.18023681640625,60.18023681640625,23,46,1,1,46,0,2,-105.0,70.5,-47.5,192878,194,32,23,6,23,5.0,324332,207.854176,nan,0.324332,nan,1,2448,289160,2,0,0,1,132,64,16,68,17,33,1,32592,194,1
214,-47.5,57.5,52,26,0,0.0,0.0,0,0.0,57.5,1,519095.3741075024,38.86204715595391,9.109634996470731,26,52,1,6,52,0,7,-105.0,70.5,-47.5,192878,257,32,26,7,26,5.0,1782168,209.636344,nan,1.782168,nan,6,3240,1734960,12,0,0,6,792,384,96,408,102,198,6,43176,257,6
215,-47.5,57.5,54,27,0,0.0,0.0,0,0.0,57.5,1,562500.0,63.662062327067055,60.10013198852539,27,54,1,3,54,0,4,-105.0,70.5,-47.5,192878,268,32,27,7,27,5.0,916140,210.552484,nan,0.91614,nan,3,3240,867480,6,0,0,3,396,192,48,204,51,99,3,45024,268,3
216,-47.5,57.5,48,24,0,0.0,0.0,0,0.0,57.5,1,562500.0,49.14867977673125,40.24002823716464,24,48,1,3,48,0,4,-105.0,70.5,-47.5,192878,290,32,24,8,24,5.0,919260,211.471744,nan,0.91926,nan,3,2664,867480,6,0,0,3,396,192,48,204,51,99,3,48720,290,3
217,-47.5,57.5,56,28,0,0.0,0.0,0,0.0,57.5,1,562500.0,47.800154928519504,32.09595498968461,28,56,1,3,56,0,4,-105.0,70.5,-47.5,192878,227,32,28,8,28,5.0,909036,212.38078,nan,0.909036,nan,3,3024,867480,6,0,0,3,396,192,48,204,51,99,3,38136,227,3
218,-47.5,57.5,66,33,0,0.0,0.0,0,0.0,57.5,0,562500.0,64.12658500671387,60.85115432739258,33,66,0,2,66,0,2,-105.0,70.5,-47.5,192878,229,32,33,7,33,5.0,620512,213.001292,nan,0.620512,nan,2,3456,578320,4,0,0,2,264,128,32,136,34,66,2,38472,229,2
219,-47.5,57.5,66,33,0,0.0,0.0,0,0.0,57.5,1,562500.0,36.03837400684897,23.55014067882165,33,66,1,4,66,0,5,-105.0,70.5,-47.5,192878,212,32,33,7,32,5.0,1196600,214.197892,nan,1.1966,nan,4,3816,1156640,8,0,0,4,528,256,64,272,68,132,4,35616,212,4
220,-47.5,57.5,68,34,0,0.0,0.0,0,0.0,57.5,0,562500.0,61.13900566101074,61.12566375732422,34,68,0,2,68,0,2,-105.0,70.5,-47.5,192878,217,32,34,9,33,5.0,619000,214.816892,nan,0.619,nan,2,3960,578320,4,0,0,2,264,128,32,136,34,66,2,36456,217,2
221,-47.5,57.5,78,39,0,0.0,0.0,0,0.0,57.5,2,562500.0,47.51608852979797,22.037259375992427,39,78,2,4,78,0,6,-105.0,70.5,-47.5,192878,215,32,39,7,35,5.0,1198184,216.015076,nan,1.198184,nan,4,4896,1156640,8,0,0,4,528,256,64,272,68,132,4,36120,215,4
222,-47.5,57.5,76,38,0,0.0,0.0,0,0.0,57.5,1,562500.0,39.42178348517208,25.59264046431928,38,76,1,4,76,0,5,-105.0,70.5,-47.5,192878,243,32,38,9,38,5.0,1202744,217.21782,nan,1.202744,nan,4,4752,1156640,8,0,0,4,528,256,64,272,68,132,4,40824,243,4
223,-47.5,57.5,82,41,0,0.0,0.0,0,0.0,57.5,1,562500.0,45.19030442586627,29.295498030825144,41,82,1,5,82,0,6,-105.0,70.5,-47.5,192878,224,32,41,9,38,5.0,1488916,218.706736,nan,1.488916,nan,5,4824,1445800,10,0,0,5,660,320,80,340,85,165,5,37632,224,5
224,-47.5,57.5,88,44,0,0.0,0.0,0,0.0,57.5,0,562500.0,47.124685811457155,30.633719149869243,44,88,0,4,88,0,4,-105.0,70.5,-47.5,192878,243,32,44,9,42,5.0,1202888,219.909624,nan,1.202888,nan,4,4896,1156640,8,0,0,4,528,256,64,272,68,132,4,40824,243,4
225,-47.5,57.5,88,44,0,0.0,0.0,0,0.0,57.5,1,562500.0,40.2313005554001,21.496685329092923,44,88,1,3,88,0,4,-105.0,70.5,-47.5,192878,215,32,44,8,41,5.0,908676,220.8183,nan,0.908676,nan,3,4680,867480,6,0,0,3,396,192,48,204,51,99,3,36120,215,3
226,-47.5,57.5,88,44,0,0.0,0.0,0,0.0,57.5,0,562500.0,69.14202690124512,65.37157440185547,44,88,0,3,88,0,3,-105.0,70.5,-47.5,192878,196,32,44,8,43,5.0,905988,221.724288,nan,0.905988,nan,3,5184,867480,6,0,0,3,396,192,48,204,51,99,3,32928,196,3
227,-47.5,57.5,90,45,0,0.0,0.0,0,0.0,57.5,1,562500.0,63.7055778503418,59.31568145751953,45,90,1,3,90,0,4,-105.0,70.5,-47.5,192878,225,32,45,8,43,5.0,911220,222.635508,nan,0.91122,nan,3,5544,867480,6,0,0,3,396,192,48,204,51,99,3,37800,225,3
228,-47.5,57.5,84,42,0,0.0,0.0,0,0.0,57.5,2,562500.0,42.36094755374851,25.1326018920301,42,84,2,3,84,0,5,-105.0,70.5,-47.5,192878,189,32,42,9,40,5.0,904884,223.540392,nan,0.904884,nan,3,5256,867480,6,0,0,3,396,192,48,204,51,99,3,31752,189,3
229,-47.5,57.5,80,40,0,0.0,0.0,0,0.0,57.5,0,562500.0,54.827980849026986,46.19869371435193,40,80,0,4,80,0,4,-105.0,70.5,-47.5,192878,155,32,40,9,36,5.0,1188104,224.728496,nan,1.188104,nan,4,4896,1156640,8,0,0,4,528,256,64,272,68,132,4,26040,155,4
230,-47.5,57.5,76,38,0,0.0,0.0,0,0.0,57.5,1,562500.0,40.797627265257326,24.137617489236526,38,76,1,4,76,0,5,-105.0,70.5,-47.5,192878,153,32,38,8,33,5.0,1187408,225.915904,nan,1.187408,nan,4,4536,1156640,8,0,0,4,528,256,64,272,68,132,4,25704,153,4
231,-47.5,57.5,66,33,0,0.0,0.0,0,0.0,57.5,0,562500.0,48.70669163606594,31.62034256863738,33,66,0,4,66,0,4,-105.0,70.5,-47.5,192878,150,32,33,7,30,5.0,1186256,227.10216,nan,1.186256,nan,4,3888,1156640,8,0,0,4,528,256,64,272,68,132,4,25200,150,4
232,-47.5,57.5,58,29,0,0.0,0.0,0,0.0,57.5,1,562500.0,42.64142073003679,29.55759399614522,29,58,1,3,58,0,4,-105.0,70.5,-47.5,192878,110,32,29,7,26,5.0,889956,227.992116,nan,0.889956,nan,3,3600,867480,6,0,0,3,396,192,48,204,51,99,3,18480,110,3
233,-47.5,57.5,58,29,0,0.0,0.0,0,0.0,57.5,0,562500.0,49.01334076909537,22.300875604353823,29,58,0,4,58,0,4,-105.0,70.5,-47.5,192878,128,32,29,7,25,5.0,1182200,229.174316,nan,1.1822,nan,4,3528,1156640,8,0,0,4,528,256,64,272,68,132,4,21504,128,4
234,-47.5,57.5,48,24,0,0.0,0.0,0,0.0,57.5,1,562500.0,60.70267804463705,58.48898696899414,24,48,1,3,48,0,4,-105.0,70.5,-47.5,192878,134,32,24,7,21,5.0,893340,230.067656,nan,0.89334,nan,3,2952,867480,6,0,0,3,396,192,48,204,51,99,3,22512,134,3
235,-47.5,57.5,52,26,0,0.0,0.0,0,0.0,57.5,4,562500.0,42.66574559837532,18.04374798241019,26,52,4,5,52,0,9,-105.0,70.5,-47.5,192878,138,32,26,7,23,5.0,1472596,231.540252,nan,1.472596,nan,5,2952,1445800,10,0,0,5,660,320,80,340,85,165,5,23184,138,5
236,-47.5,57.5,42,21,0,0.0,0.0,0,0.0,57.5,2,562500.0,64.99896612535883,63.89368438720703,21,42,2,3,42,0,5,-105.0,70.5,-47.5,192878,153,32,21,7,18,5.0,895524,232.435776,nan,0.895524,nan,3,1944,867480,6,0,0,3,396,192,48,204,51,99,3,25704,153,3
237,-47.5,57.5,42,21,0,0.0,0.0,0,0.0,57.5,1,562500.0,48.831189108997016,34.83740344894627,21,42,1,3,42,0,4,-105.0,70.5,-47.5,192878,102,32,21,5,19,5.0,887244,233.32302,nan,0.887244,nan,3,2232,867480,6,0,0,3,396,192,48,204,51,99,3,17136,102,3
238,-47.5,57.5,46,23,0,0.0,0.0,0,0.0,57.5,1,562500.0,46.45118225400116,33.11966985461474,23,46,1,2,46,0,3,-105.0,70.5,-47.5,192878,175,32,23,6,21,5.0,610360,233.93338,nan,0.61036,nan,2,2376,578320,4,0,0,2,264,128,32,136,34,66,2,29400,175,2
239,-47.5,57.5,40,20,0,0.0,0.0,0,0.0,57.5,0,562500.0,62.96344184875488,62.133358001708984,20,40,0,2,40,0,2,-105.0,70.5,-47.5,192878,185,32,20,5,18,5.0,612184,234.545564,nan,0.612184,nan,2,2520,578320,4,0,0,2,264,128,32,136,34,66,2,31080,185,2
240,-47.5,57.5,36,18,0,0.0,0.0,0,0.0,57.5,2,562500.0,49.15361202313406,37.17978267364481,18,36,2,5,36,0,7,-105.0,70.5,-47.5,192878,190,32,18,6,16,5.0,1480612,236.026176,nan,1.480612,nan,5,2232,1445800,10,0,0,5,660,320,80,340,85,165,5,31920,190,5
241,-47.5,57.5,32,16,0,0.0,0.0,0,0.0,57.5,0,562500.0,61.489681243896484,61.36003875732422,16,32,0,2,32,0,2,-105.0,70.5,-47.5,192878,176,32,16,7,15,5.0,610168,236.636344,nan,0.610168,nan,2,2016,578320,4,0,0,2,264,128,32,136,34,66,2,29568,176,2
242,-47.5,57.5,26,13,0,0.0,0.0,0,0.0,57.5,1,562500.0,42.74121404983995,28.883221689546232,13,26,1,5,26,0,6,-105.0,70.5,-47.5,192878,121,32,13,6,12,5.0,1468660,238.105004,nan,1.46866,nan,5,1872,1445800,10,0,0,5,660,320,80,340,85,165,5,20328,121,5
243,-47.5,57.5,32,16,0,0.0,0.0,0,0.0,57.5,1,562500.0,59.30875301361084,57.665985107421875,16,32,1,2,32,0,3,-105.0,70.5,-47.5,192878,160,32,16,5,15,5.0,607696,238.7127,nan,0.607696,nan,2,2232,578320,4,0,0,2,264,128,32,136,34,66,2,26880,160,2
244,-47.5,57.5,30,15,0,0.0,0.0,0,0.0,57.5,2,525476.1035317539,43.97805286193996,10.58725033737003,15,30,2,5,30,0,7,-105.0,70.5,-47.5,192878,261,32,15,7,14,5.0,1492396,240.205096,nan,1.492396,nan,5,2088,1445800,10,0,0,5,660,320,80,340,85,165,5,43848,261,5
245,-47.5,57.5,38,19,0,0.0,0.0,0,0.0,57.5,1,562500.0,50.748645494812806,36.758384836726435,19,38,1,4,38,0,5,-105.0,70.5,-47.5,192878,193,32,19,7,18,5.0,1191320,241.396416,nan,1.19132,nan,4,1728,1156640,8,0,0,4,528,256,64,272,68,132,4,32424,193,4
246,-47.5,57.5,38,19,0,0.0,0.0,0,0.0,57.5,1,562500.0,44.117099052789726,21.28933849214905,19,38,1,4,38,0,5,-105.0,70.5,-47.5,192878,196,32,19,7,18,5.0,1192040,242.588456,nan,1.19204,nan,4,1944,1156640,8,0,0,4,528,256,64,272,68,132,4,32928,196,4
247,-47.5,57.5,50,25,0,0.0,0.0,0,0.0,57.5,1,562500.0,40.694856473231084,38.968170516734276,25,50,1,2,50,0,3,-105.0,70.5,-47.5,192878,286,32,25,8,24,5.0,629008,243.217464,nan,0.629008,nan,2,2376,578320,4,0,0,2,264,128,32,136,34,66,2,48048,286,2
248,-47.5,57.5,54,27,0,0.0,0.0,0,0.0,57.5,0,562500.0,48.719033930118684,32.498451317476345,27,54,0,4,54,0,4,-105.0,70.5,-47.5,192878,217,32,27,8,26,5.0,1196288,244.413752,nan,1.196288,nan,4,2664,1156640,8,0,0,4,528,256,64,272,68,132,4,36456,217,4
249,-47.5,57.5,60,30,0,0.0,0.0,0,0.0,57.5,1,562500.0,44.45015287715113,30.8910617468597,30,60,1,3,60,0,4,-105.0,70.5,-47.5,192878,249,32,30,8,29,5.0,912732,245.326484,nan,0.912732,nan,3,3024,867480,6,0,0,3,396,192,48,204,51,99,3,41832,249,3
250,-47.5,57.5,68,34,0,0.0,0.0,0,0.0,57.5,1,562500.0,43.90497561091804,22.733022062338062,34,68,1,4,68,0,5,-105.0,70.5,-47.5,192878,213,32,34,8,33,5.0,1196408,246.522892,nan,1.196408,nan,4,3456,1156640,8,0,0,4,528,256,64,272,68,132,4,35784,213,4
251,-47.5,57.5,72,36,0,0.0,0.0,0,0.0,57.5,1,562500.0,40.94661653445981,38.77168618624666,36,72,1,2,72,0,3,-105.0,70.5,-47.5,192878,174,32,36,8,35,5.0,611632,247.134524,nan,0.611632,nan,2,3816,578320,4,0,0,2,264,128,32,136,34,66,2,29232,174,2
252,-47.5,57.5,68,34,0,0.0,0.0,0,0.0,57.5,1,562500.0,19.071122991280347,18.884471846366345,34,68,1,2,68,0,3,-105.0,70.5,-47.5,192878,264,32,34,8,32,5.0,626824,247.761348,nan,0.626824,nan,2,3888,578320,4,0,0,2,264,128,32,136,34,66,2,44352,264,2
253,-47.5,57.5,60,30,0,0.0,0.0,0,0.0,57.5,2,562500.0,43.47437984292833,30.12945061004526,30,60,2,3,60,0,5,-105.0,70.5,-47.5,192878,281,32,30,8,30,5.0,918828,248.680176,nan,0.918828,nan,3,3744,867480,6,0,0,3,396,192,48,204,51,99,3,47208,281,3
254,-47.5,57.5,56,28,0,0.0,0.0,0,0.0,57.5,1,562500.0,63.7703062693278,57.515968322753906,28,56,1,3,56,0,4,-105.0,70.5,-47.5,192878,198,32,28,7,27,5.0,904596,249.584772,nan,0.904596,nan,3,3456,867480,6,0,0,3,396,192,48,204,51,99,3,33264,198,3
255,-47.5,57.5,54,27,0,0.0,0.0,0,0.0,57.5,1,562500.0,39.24682275892819,20.682289054234133,27,54,1,5,54,0,6,-105.0,70.5,-47.5,192878,232,32,27,8,26,5.0,1488964,251.073736,nan,1.488964,nan,5,3528,1445800,10,0,0,5,660,320,80,340,85,165,5,38976,232,5
256,-47.5,57.5,58,29,0,0.0,0.0,0,0.0,57.5,0,562500.0,47.830933152744365,33.58747930071902,29,58,0,4,58,0,4,-105.0,70.5,-47.5,192878,295,32,29,9,28,5.0,1210688,252.284424,nan,1.210688,nan,4,3960,1156640,8,0,0,4,528,256,64,272,68,132,4,49560,295,4
257,-47.5,57.5,54,27,0,0.0,0.0,0,0.0,57.5,2,562500.0,19.071122991280347,18.884471846366345,27,54,2,2,54,0,4,-105.0,70.5,-47.5,192878,227,32,27,8,27,5.0,620176,252.9046,nan,0.620176,nan,2,3456,578320,4,0,0,2,264,128,32,136,34,66,2,38136,227,2
258,-47.5,57.5,52,26,0,0.0,0.0,0,0.0,57.5,1,562500.0,37.294709010177286,23.25040321195861,26,52,1,4,52,0,5,-105.0,70.5,-47.5,192878,181,32,26,8,25,5.0,1191032,254.095632,nan,1.191032,nan,4,3456,1156640,8,0,0,4,528,256,64,272,68,132,4,30408,181,4
259,-47.5,57.5,46,23,0,0.0,0.0,0,0.0,57.5,2,562500.0,48.54064005736683,29.130571028117185,23,46,2,4,46,0,6,-105.0,70.5,-47.5,192878,271,32,23,9,21,5.0,1205720,255.301352,nan,1.20572,nan,4,3024,1156640,8,0,0,4,528,256,64,272,68,132,4,45528,271,4
260,-47.5,57.5,44,22,0,0.0,0.0,0,0.0,57.5,0,562500.0,59.546120961507164,57.94559860229492,22,44,0,3,44,0,3,-105.0,70.5,-47.5,192878,124,32,22,7,20,5.0,891516,256.192868,nan,0.891516,nan,3,2808,867480,6,0,0,3,396,192,48,204,51,99,3,20832,124,3
261,-47.5,57.5,40,20,0,0.0,0.0,0,0.0,57.5,0,562500.0,47.52690758117898,36.38643046520873,20,40,0,3,40,0,3,-105.0,70.5,-47.5,192878,230,32,20,7,15,5.0,909108,257.101976,nan,0.909108,nan,3,2592,867480,6,0,0,3,396,192,48,204,51,99,3,38640,230,3
262,-47.5,57.5,46,23,0,0.0,0.0,0,0.0,57.5,1,562500.0,37.499621495451386,19.332272785027087,23,46,1,5,46,0,6,-105.0,70.5,-47.5,192878,133,32,23,6,21,5.0,1471756,258.573732,nan,1.471756,nan,5,2952,1445800,10,0,0,5,660,320,80,340,85,165,5,22344,133,5
263,-47.5,57.5,50,25,0,0.0,0.0,0,0.0,57.5,1,562500.0,32.65590964758815,18.494332699381385,25,50,1,4,50,0,5,-105.0,70.5,-47.5,192878,197,32,25,8,24,5.0,1193288,259.76702,nan,1.193288,nan,4,3024,1156640,8,0,0,4,528,256,64,272,68,132,4,33096,197,4
264,-47.5,57.5,54,27,0,0.0,0.0,0,0.0,57.5,0,562500.0,52.018362073254636,27.47783783331963,27,54,0,5,54,0,5,-105.0,70.5,-47.5,192878,196,32,27,8,25,5.0,1482484,261.249504,nan,1.482484,nan,5,3096,1445800,10,0,0,5,660,320,80,340,85,165,5,32928,196,5
265,-47.5,57.5,54,27,0,0.0,0.0,0,0.0,57.5,0,562500.0,65.6681137084961,63.81076431274414,27,54,0,2,54,0,2,-105.0,70.5,-47.5,192878,196,32,27,7,25,5.0,614320,261.863824,nan,0.61432,nan,2,2808,578320,4,0,0,2,264,128,32,136,34,66,2,32928,196,2
266,-47.5,57.5,56,28,0,0.0,0.0,0,0.0,57.5,0,562500.0,61.00730514526367,60.2106819152832,28,56,0,2,56,0,2,-105.0,70.5,-47.5,192878,170,32,28,7,25,5.0,610600,262.474424,nan,0.6106,nan,2,3456,578320,4,0,0,2,264,128,32,136,34,66,2,28560,170,2
267,-47.5,57.5,54,27,0,0.0,0.0,0,0.0,57.5,2,562500.0,40.89613674077485,18.359766143586548,27,54,2,4,54,0,6,-105.0,70.5,-47.5,192878,163,32,27,6,21,5.0,1188224,263.662648,nan,1.188224,nan,4,3672,1156640,8,0,0,4,528,256,64,272,68,132,4,27384,163,4
268,-47.5,57.5,52,26,0,0.0,0.0,0,0.0,57.5,1,562500.0,51.55514377956915,27.511972453707294,26,52,1,4,52,0,5,-105.0,70.5,-47.5,192878,185,32,26,7,22,5.0,1191416,264.854064,nan,1.191416,nan,4,3168,1156640,8,0,0,4,528,256,64,272,68,132,4,31080,185,4
269,-47.5,57.5,52,26,0,0.0,0.0,0,0.0,57.5,1,562500.0,49.19162011419779,39.27853525650856,26,52,1,5,52,0,6,-105.0,70.5,-47.5,192878,234,32,26,8,22,5.0,1488580,266.342644,nan,1.48858,nan,5,2808,1445800,10,0,0,5,660,320,80,340,85,165,5,39312,234,5
270,-47.5,57.5,50,25,0,0.0,0.0,0,0.0,57.5,0,562500.0,62.01228904724121,60.21068572998047,25,50,0,2,50,0,2,-105.0,70.5,-47.5,192878,79,32,25,8,25,5.0,594664,266.937308,nan,0.594664,nan,2,2808,578320,4,0,0,2,264,128,32,136,34,66,2,13272,79,2
271,-47.5,57.5,60,30,0,0.0,0.0,0,0.0,57.5,1,562500.0,42.623593471864076,20.06604997617073,30,60,1,4,60,0,5,-105.0,70.5,-47.5,192878,177,32,30,6,24,5.0,1190720,268.128028,nan,1.19072,nan,4,3816,1156640,8,0,0,4,528,256,64,272,68,132,4,29736,177,4
272,-47.5,57.5,58,29,0,0.0,0.0,0,0.0,57.5,1,562500.0,40.24004782416812,18.88391545402569,29,58,1,3,58,0,4,-105.0,70.5,-47.5,192878,218,32,29,8,26,5.0,907956,269.035984,nan,0.907956,nan,3,3456,867480,6,0,0,3,396,192,48,204,51,99,3,36624,218,3
273,-47.5,57.5,60,30,0,0.0,0.0,0,0.0,57.5,0,562500.0,45.02379852103714,26.43088912918735,30,60,0,4,60,0,4,-105.0,70.5,-47.5,192878,117,32,30,7,27,5.0,1180568,270.216552,nan,1.180568,nan,4,3744,1156640,8,0,0,4,528,256,64,272,68,132,4,19656,117,4
274,-47.5,57.5,58,29,0,0.0,0.0,0,0.0,57.5,0,562500.0,52.067216265167346,39.18158028132213,29,58,0,4,58,0,4,-105.0,70.5,-47.5,192878,124,32,29,7,25,5.0,1181600,271.398152,nan,1.1816,nan,4,3600,1156640,8,0,0,4,528,256,64,272,68,132,4,20832,124,4
275,-47.5,57.5,60,30,0,0.0,0.0,0,0.0,57.5,2,459479.65455919574,26.792927106196714,5.319764464622847,30,60,2,8,60,0,10,-105.0,70.5,-47.5,192878,128,32,30,7,26,5.0,2339296,273.737448,nan,2.339296,nan,8,3456,2313280,16,0,0,8,1056,512,128,544,136,264,8,21504,128,8
276,-47.5,57.5,48,24,0,0.0,0.0,0,0.0,57.5,0,562500.0,44.17479289584701,31.95212354817388,24,48,0,3,48,0,3,-105.0,70.5,-47.5,192878,140,32,24,6,22,5.0,893628,274.631076,nan,0.893628,nan,3,2232,867480,6,0,0,3,396,192,48,204,51,99,3,23520,140,3
277,-47.5,57.5,44,22,0,0.0,0.0,0,0.0,57.5,0,562500.0,59.590765953063965,59.354400634765625,22,44,0,2,44,0,2,-105.0,70.5,-47.5,192878,111,32,22,6,21,5.0,599536,275.230612,nan,0.599536,nan,2,2304,578320,4,0,0,2,264,128,32,136,34,66,2,18648,111,2
278,-47.5,57.5,50,25,0,0.0,0.0,0,0.0,57.5,1,562500.0,42.692788763550844,22.92570520098173,25,50,1,4,50,0,5,-105.0,70.5,-47.5,192878,177,32,25,7,22,5.0,1189784,276.420396,nan,1.189784,nan,4,2880,1156640,8,0,0,4,528,256,64,272,68,132,4,29736,177,4
279,-47.5,57.5,58,29,0,0.0,0.0,0,0.0,57.5,1,562500.0,61.238630294799805,60.03337097167969,29,58,1,2,58,0,3,-105.0,70.5,-47.5,192878,246,32,29,7,26,5.0,622936,277.043332,nan,0.622936,nan,2,3024,578320,4,0,0,2,264,128,32,136,34,66,2,41328,246,2
280,-47.5,57.5,62,31,0,0.0,0.0,0,0.0,57.5,2,562500.0,37.48064613254238,24.643147638137243,31,62,2,3,62,0,5,-105.0,70.5,-47.5,192878,233,32,31,6,28,5.0,911052,277.954384,nan,0.911052,nan,3,4032,867480,6,0,0,3,396,192,48,204,51,99,3,39144,233,3
281,-47.5,57.5,48,24,0,0.0,0.0,0,0.0,57.5,2,562500.0,54.60948799260533,43.19689532914305,24,48,2,5,48,0,7,-105.0,70.5,-47.5,192878,194,32,24,5,24,5.0,1482004,279.436388,nan,1.482004,nan,5,2952,1445800,10,0,0,5,660,320,80,340,85,165,5,32592,194,5
282,-47.5,57.5,46,23,0,0.0,0.0,0,0.0,57.5,0,562500.0,43.07131298468239,40.7650596168186,23,46,0,2,46,0,2,-105.0,70.5,-47.5,192878,247,32,23,6,22,5.0,622528,280.058916,nan,0.622528,nan,2,2448,578320,4,0,0,2,264,128,32,136,34,66,2,41496,247,2
283,-47.5,57.5,44,22,0,0.0,0.0,0,0.0,57.5,0,562500.0,59.33179473876953,59.33179473876953,22,44,0,1,44,0,1,-105.0,70.5,-47.5,192878,138,32,22,5,21,5.0,314924,280.37384,nan,0.314924,nan,1,2448,289160,2,0,0,1,132,64,16,68,17,33,1,23184,138,1
284,-47.5,57.5,46,23,0,0.0,0.0,0,0.0,57.5,1,562500.0,41.91894621603596,28.688724913680815,23,46,1,4,46,0,5,-105.0,70.5,-47.5,192878,111,32,23,5,20,5.0,1178336,281.552176,nan,1.178336,nan,4,2520,1156640,8,0,0,4,528,256,64,272,68,132,4,18648,111,4
285,-47.5,57.5,40,20,0,0.0,0.0,0,0.0,57.5,0,562500.0,61.85304546356201,61.11819839477539,20,40,0,2,40,0,2,-105.0,70.5,-47.5,192878,103,32,20,5,20,5.0,597904,282.15008,nan,0.597904,nan,2,2016,578320,4,0,0,2,264,128,32,136,34,66,2,17304,103,2
286,-47.5,57.5,36,18,0,0.0,0.0,0,0.0,57.5,0,562500.0,46.32086631444645,30.726326003074096,18,36,0,3,36,0,3,-105.0,70.5,-47.5,192878,176,32,18,5,16,5.0,899604,283.049684,nan,0.899604,nan,3,2160,867480,6,0,0,3,396,192,48,204,51,99,3,29568,176,3
287,-47.5,57.5,36,18,0,0.0,0.0,0,0.0,57.5,0,562500.0,35.834114860748386,19.29339406520149,18,36,0,5,36,0,5,-105.0,70.5,-47.5,192878,135,32,18,5,18,5.0,1471228,284.520912,nan,1.471228,nan,5,2088,1445800,10,0,0,5,660,320,80,340,85,165,5,22680,135,5
288,-47.5,57.5,30,15,0,0.0,0.0,0,0.0,57.5,0,562500.0,64.66647338867188,64.2354965209961,15,30,0,2,30,0,2,-105.0,70.5,-47.5,192878,156,32,15,5,14,5.0,606520,285.127432,nan,0.60652,nan,2,1728,578320,4,0,0,2,264,128,32,136,34,66,2,26208,156,2
289,-47.5,57.5,34,17,0,0.0,0.0,0,0.0,57.5,0,562500.0,64.29138565063477,64.29138565063477,17,34,0,1,34,0,1,-105.0,70.5,-47.5,192878,161,32,17,5,15,5.0,318284,285.445716,nan,0.318284,nan,1,1944,289160,2,0,0,1,132,64,16,68,17,33,1,27048,161,1
290,-47.5,57.5,34,17,0,0.0,0.0,0,0.0,57.5,1,562500.0,45.36717794712381,21.211626168245047,17,34,1,4,34,0,5,-105.0,70.5,-47.5,192878,188,32,17,7,16,5.0,1190912,286.636628,nan,1.190912,nan,4,2160,1156640,8,0,0,4,528,256,64,272,68,132,4,31584,188,4
291,-47.5,57.5,40,20,0,0.0,0.0,0,0.0,57.5,1,562500.0,61.70096397399902,59.599491119384766,20,40,1,2,40,0,3,-105.0,70.5,-47.5,192878,138,32,20,6,18,5.0,603928,287.240556,nan,0.603928,nan,2,2160,578320,4,0,0,2,264,128,32,136,34,66,2,23184,138,2
292,-47.5,57.5,40,20,0,0.0,0.0,0,0.0,57.5,0,562500.0,44.26545406146823,21.236743893324537,20,40,0,4,40,0,4,-105.0,70.5,-47.5,192878,132,32,20,6,19,5.0,1181504,288.42206,nan,1.181504,nan,4,2160,1156640,8,0,0,4,528,256,64,272,68,132,4,22176,132,4
293,-47.5,57.5,42,21,0,0.0,0.0,0,0.0,57.5,0,562500.0,36.4507271948092,19.936424753359503,21,42,0,3,42,0,3,-105.0,70.5,-47.5,192878,153,32,21,5,20,5.0,895740,289.3178,nan,0.89574,nan,3,2160,867480,6,0,0,3,396,192,48,204,51,99,3,25704,153,3
294,-47.5,57.5,40,20,0,0.0,0.0,0,0.0,57.5,0,562500.0,68.16370328267415,64.75167846679688,20,40,0,3,40,0,3,-105.0,70.5,-47.5,192878,168,32,20,6,19,5.0,898188,290.215988,nan,0.898188,nan,3,2088,867480,6,0,0,3,396,192,48,204,51,99,3,28224,168,3
295,-47.5,57.5,42,21,0,0.0,0.0,0,0.0,57.5,0,562500.0,55.91424935524769,37.339781574101046,21,42,0,5,42,0,5,-105.0,70.5,-47.5,192878,115,32,21,5,19,5.0,1467868,291.683856,nan,1.467868,nan,5,2088,1445800,10,0,0,5,660,320,80,340,85,165,5,19320,115,5
296,-47.5,57.5,36,18,0,0.0,0.0,0,0.0,57.5,0,562500.0,46.32267700210108,38.20311699598835,18,36,0,3,36,0,3,-105.0,70.5,-47.5,192878,134,32,18,5,18,5.0,891828,292.575684,nan,0.891828,nan,3,1440,867480,6,0,0,3,396,192,48,204,51,99,3,22512,134,3
297,-47.5,57.5,34,17,0,0.0,0.0,0,0.0,57.5,2,562500.0,69.52983093261719,69.48572158813477,17,34,2,2,34,0,4,-105.0,70.5,-47.5,192878,184,32,17,7,16,5.0,610864,293.186548,nan,0.610864,nan,2,1368,578320,4,0,0,2,264,128,32,136,34,66,2,30912,184,2
298,-47.5,57.5,36,18,0,0.0,0.0,0,0.0,57.5,2,562500.0,62.68853044509888,58.51975631713867,18,36,2,4,36,0,6,-105.0,70.5,-47.5,192878,199,32,18,6,16,5.0,1192544,294.379092,nan,1.192544,nan,4,1944,1156640,8,0,0,4,528,256,64,272,68,132,4,33432,199,4
299,-47.5,57.5,40,20,0,0.0,0.0,0,0.0,57.5,0,562500.0,64.5997428894043,64.5997428894043,20,40,0,1,40,0,1,-105.0,70.5,-47.5,192878,111,32,20,5,19,5.0,310028,294.68912,nan,0.310028,nan,1,2088,289160,2,0,0,1,132,64,16,68,17,33,1,18648,111,1
300,-47.5,57.5,50,25,0,0.0,0.0,0,0.0,57.5,2,562500.0,41.67241369431155,19.681782312827558,25,50,2,4,50,0,6,-105.0,70.5,-47.5,192878,206,32,25,6,20,5.0,1194728,295.883848,nan,1.194728,nan,4,2952,1156640,8,0,0,4,528,256,64,272,68,132,4,34608,206,4
301,-47.5,57.5,48,24,0,0.0,0.0,0,0.0,57.5,0,562500.0,51.29056296978257,34.00411066973796,24,48,0,4,48,0,4,-105.0,70.5,-47.5,192878,204,32,24,8,24,5.0,1194176,297.078024,nan,1.194176,nan,4,2736,1156640,8,0,0,4,528,256,64,272,68,132,4,34272,204,4
302,-47.5,57.5,48,24,0,0.0,0.0,0,0.0,57.5,2,562500.0,62.07377370198568,57.781436920166016,24,48,2,3,48,0,5,-105.0,70.5,-47.5,192878,198,32,24,7,24,5.0,904236,297.98226,nan,0.904236,nan,3,3096,867480,6,0,0,3,396,192,48,204,51,99,3,33264,198,3
303,-47.5,57.5,54,27,0,0.0,0.0,0,0.0,57.5,2,562500.0,60.61063480377197,58.036354064941406,27,54,2,4,54,0,6,-105.0,70.5,-47.5,192878,177,32,27,7,26,5.0,1190360,299.17262,nan,1.19036,nan,4,3456,1156640,8,0,0,4,528,256,64,272,68,132,4,29736,177,4
304,-47.5,57.5,54,27,0,0.0,0.0,0,0.0,57.5,2,562500.0,43.718265920252854,22.602200976101315,27,54,2,3,54,0,5,-105.0,70.5,-47.5,192878,152,32,27,6,25,5.0,896292,300.068912,nan,0.896292,nan,3,2880,867480,6,0,0,3,396,192,48,204,51,99,3,25536,152,3
305,-47.5,57.5,54,27,0,0.0,0.0,0,0.0,57.5,1,562500.0,39.61366655485715,18.11812022401933,27,54,1,4,54,0,5,-105.0,70.5,-47.5,192878,151,32,27,5,24,5.0,1185488,301.2544,nan,1.185488,nan,4,2952,1156640,8,0,0,4,528,256,64,272,68,132,4,25368,151,4
306,-47.5,57.5,58,29,0,0.0,0.0,0,0.0,57.5,0,562500.0,18.870908757956702,18.59513862502348,29,58,0,2,58,0,2,-105.0,70.5,-47.5,192878,107,32,29,6,28,5.0,599152,301.853552,nan,0.599152,nan,2,2592,578320,4,0,0,2,264,128,32,136,34,66,2,17976,107,2
307,-47.5,57.5,64,32,0,0.0,0.0,0,0.0,57.5,1,562500.0,52.58390569344698,40.24001686988392,32,64,1,3,64,0,4,-105.0,70.5,-47.5,192878,144,32,32,7,29,5.0,895596,302.749148,nan,0.895596,nan,3,3528,867480,6,0,0,3,396,192,48,204,51,99,3,24192,144,3
308,-47.5,57.5,66,33,0,0.0,0.0,0,0.0,57.5,1,562500.0,29.506302614051762,18.737556071588003,33,66,1,2,66,0,3,-105.0,70.5,-47.5,192878,210,32,33,7,30,5.0,617896,303.367044,nan,0.617896,nan,2,4032,578320,4,0,0,2,264,128,32,136,34,66,2,35280,210,2
309,-47.5,57.5,68,34,0,0.0,0.0,0,0.0,57.5,0,562500.0,40.99841933994956,18.287433793496195,34,68,0,4,68,0,4,-105.0,70.5,-47.5,192878,151,32,34,7,32,5.0,1186712,304.553756,nan,1.186712,nan,4,4176,1156640,8,0,0,4,528,256,64,272,68,132,4,25368,151,4
310,-47.5,57.5,70,35,0,0.0,0.0,0,0.0,57.5,0,562500.0,67.14458465576172,61.864463806152344,35,70,0,2,70,0,2,-105.0,70.5,-47.5,192878,183,32,35,7,32,5.0,612712,305.166468,nan,0.612712,nan,2,3384,578320,4,0,0,2,264,128,32,136,34,66,2,30744,183,2
311,-47.5,57.5,68,34,0,0.0,0.0,0,0.0,57.5,1,562500.0,61.147090911865234,60.2106819152832,34,68,1,3,68,0,4,-105.0,70.5,-47.5,192878,112,32,34,7,32,5.0,890580,306.057048,nan,0.89058,nan,3,3888,867480,6,0,0,3,396,192,48,204,51,99,3,18816,112,3
312,-47.5,57.5,72,36,0,0.0,0.0,0,0.0,57.5,2,562500.0,42.66449079451475,30.073927257936575,36,72,2,4,72,0,6,-105.0,70.5,-47.5,192878,162,32,36,8,32,5.0,1188056,307.245104,nan,1.188056,nan,4,3672,1156640,8,0,0,4,528,256,64,272,68,132,4,27216,162,4
313,-47.5,57.5,72,36,0,0.0,0.0,0,0.0,57.5,0,562500.0,42.285707244871624,23.224651677393968,36,72,0,3,72,0,3,-105.0,70.5,-47.5,192878,142,32,36,8,33,5.0,895548,308.140652,nan,0.895548,nan,3,3816,867480,6,0,0,3,396,192,48,204,51,99,3,23856,142,3
314,-47.5,57.5,74,37,0,0.0,0.0,0,0.0,57.5,0,562500.0,40.080145496574715,39.397737563323005,37,74,0,2,74,0,2,-105.0,70.5,-47.5,192878,32,32,37,7,34,5.0,587776,308.728428,nan,0.587776,nan,2,3816,578320,4,0,0,2,264,128,32,136,34,66,2,5376,32,2
315,-47.5,57.5,82,41,0,0.0,0.0,0,0.0,57.5,0,562500.0,49.878439762792894,37.29314716896552,41,82,0,4,82,0,4,-105.0,70.5,-47.5,192878,176,32,41,7,35,5.0,1190984,309.919412,nan,1.190984,nan,4,4248,1156640,8,0,0,4,528,256,64,272,68,132,4,29568,176,4
316,-47.5,57.5,94,47,0,0.0,0.0,0,0.0,57.5,2,562500.0,59.48425483703613,57.58921432495117,47,94,2,3,94,0,5,-105.0,70.5,-47.5,192878,218,32,47,8,41,5.0,909972,310.829384,nan,0.909972,nan,3,5472,867480,6,0,0,3,396,192,48,204,51,99,3,36624,218,3
317,-47.5,57.5,94,47,0,0.0,0.0,0,0.0,57.5,1,562500.0,58.40462247709904,44.79758861276095,47,94,1,5,94,0,6,-105.0,70.5,-47.5,192878,156,32,47,8,45,5.0,1477276,312.30666,nan,1.477276,nan,5,4608,1445800,10,0,0,5,660,320,80,340,85,165,5,26208,156,5
318,-47.5,57.5,90,45,0,0.0,0.0,0,0.0,57.5,1,562500.0,63.98735046386719,63.19282531738281,45,90,1,2,90,0,3,-105.0,70.5,-47.5,192878,151,32,45,8,42,5.0,607912,312.914572,nan,0.607912,nan,2,3960,578320,4,0,0,2,264,128,32,136,34,66,2,25368,151,2
319,-47.5,57.5,92,46,0,0.0,0.0,0,0.0,57.5,0,562500.0,53.81353969584912,41.8844385831601,46,92,0,4,92,0,4,-105.0,70.5,-47.5,192878,236,32,46,9,40,5.0,1201640,314.116212,nan,1.20164,nan,4,4824,1156640,8,0,0,4,528,256,64,272,68,132,4,39648,236,4
320,-47.5,57.5,82,41,0,0.0,0.0,0,0.0,57.5,1,562500.0,44.97404459388341,24.27908650832378,41,82,1,3,82,0,4,-105.0,70.5,-47.5,192878,199,32,41,9,40,5.0,905484,315.021696,nan,0.905484,nan,3,4176,867480,6,0,0,3,396,192,48,204,51,99,3,33432,199,3
321,-47.5,57.5,70,35,0,0.0,0.0,0,0.0,57.5,2,562500.0,51.7663197041277,36.741540207830056,35,70,2,4,70,0,6,-105.0,70.5,-47.5,192878,137,32,35,7,32,5.0,1184144,316.20584,nan,1.184144,nan,4,3960,1156640,8,0,0,4,528,256,64,272,68,132,4,23016,137,4
322,-47.5,57.5,58,29,0,0.0,0.0,0,0.0,57.5,0,562500.0,59.54793739318848,58.53738021850586,29,58,0,3,58,0,3,-105.0,70.5,-47.5,192878,118,32,29,7,26,5.0,890940,317.09678,nan,0.89094,nan,3,3240,867480,6,0,0,3,396,192,48,204,51,99,3,19824,118,3
323,-47.5,57.5,46,23,0,0.0,0.0,0,0.0,57.5,0,562500.0,63.744059244791664,62.03215789794922,23,46,0,3,46,0,3,-105.0,70.5,-47.5,192878,199,32,23,7,21,5.0,904260,318.00104,nan,0.90426,nan,3,2952,867480,6,0,0,3,396,192,48,204,51,99,3,33432,199,3
324,-47.5,57.5,46,23,0,0.0,0.0,0,0.0,57.5,0,562500.0,61.92585055033366,59.41984558105469,23,46,0,3,46,0,3,-105.0,70.5,-47.5,192878,175,32,23,7,21,5.0,899796,318.900836,nan,0.899796,nan,3,2520,867480,6,0,0,3,396,192,48,204,51,99,3,29400,175,3
325,-47.5,57.5,50,25,0,0.0,0.0,0,0.0,57.5,0,562500.0,43.76950341001563,23.060372610811797,25,50,0,5,50,0,5,-105.0,70.5,-47.5,192878,252,32,25,7,22,5.0,1492036,320.392872,nan,1.492036,nan,5,3240,1445800,10,0,0,5,660,320,80,340,85,165,5,42336,252,5
326,-47.5,57.5,52,26,0,0.0,0.0,0,0.0,57.5,4,562500.0,53.91886623012371,42.46792432023943,26,52,4,4,52,0,8,-105.0,70.5,-47.5,192878,190,32,26,8,25,5.0,1192328,321.5852,nan,1.192328,nan,4,3240,1156640,8,0,0,4,528,256,64,272,68,132,4,31920,190,4
327,-47.5,57.5,48,24,0,0.0,0.0,0,0.0,57.5,2,562500.0,39.04112732423558,24.06627493113279,24,48,2,3,48,0,5,-105.0,70.5,-47.5,192878,178,32,24,7,23,5.0,901092,322.486292,nan,0.901092,nan,3,3312,867480,6,0,0,3,396,192,48,204,51,99,3,29904,178,3
328,-47.5,57.5,42,21,0,0.0,0.0,0,0.0,57.5,0,562500.0,34.23365084289888,28.311538880492662,21,42,0,4,42,0,4,-105.0,70.5,-47.5,192878,260,32,21,6,19,5.0,1203728,323.69002,nan,1.203728,nan,4,2880,1156640,8,0,0,4,528,256,64,272,68,132,4,43680,260,4
329,-47.5,57.5,40,20,0,0.0,0.0,0,0.0,57.5,3,562500.0,66.6901798248291,65.87653732299805,20,40,3,2,40,0,5,-105.0,70.5,-47.5,192878,179,32,20,6,18,5.0,611104,324.301124,nan,0.611104,nan,2,2448,578320,4,0,0,2,264,128,32,136,34,66,2,30072,179,2
330,-47.5,57.5,36,18,0,0.0,0.0,0,0.0,57.5,1,562500.0,49.58706884449123,41.8647073165608,18,36,1,3,36,0,4,-105.0,70.5,-47.5,192878,207,32,18,6,17,5.0,904524,325.205648,nan,0.904524,nan,3,1872,867480,6,0,0,3,396,192,48,204,51,99,3,34776,207,3
331,-47.5,57.5,30,15,0,0.0,0.0,0,0.0,57.5,1,562500.0,51.67388235329386,39.069436324809075,15,30,1,4,30,0,5,-105.0,70.5,-47.5,192878,163,32,15,6,15,5.0,1186064,326.391712,nan,1.186064,nan,4,1512,1156640,8,0,0,4,528,256,64,272,68,132,4,27384,163,4
332,-47.5,57.5,26,13,0,0.0,0.0,0,0.0,57.5,0,562500.0,37.24885458285247,29.28942152574256,13,26,0,5,26,0,5,-105.0,70.5,-47.5,192878,177,32,13,5,11,5.0,1477420,327.869132,nan,1.47742,nan,5,1224,1445800,10,0,0,5,660,320,80,340,85,165,5,29736,177,5
333,-47.5,57.5,32,16,0,0.0,0.0,0,0.0,57.5,0,562500.0,25.83135805690867,20.854143526930997,16,32,0,3,32,0,3,-105.0,70.5,-47.5,192878,184,32,16,7,16,5.0,899940,328.769072,nan,0.89994,nan,3,1152,867480,6,0,0,3,396,192,48,204,51,99,3,30912,184,3
334,-47.5,57.5,40,20,0,0.0,0.0,0,0.0,57.5,3,562500.0,45.48239224106889,18.26787557502393,20,40,3,4,40,0,7,-105.0,70.5,-47.5,192878,227,32,20,7,19,5.0,1197392,329.966464,nan,1.197392,nan,4,2088,1156640,8,0,0,4,528,256,64,272,68,132,4,38136,227,4
335,-47.5,57.5,48,24,0,0.0,0.0,0,0.0,57.5,0,562500.0,31.980953852332906,19.586734390963873,24,48,0,4,48,0,4,-105.0,70.5,-47.5,192878,240,32,24,7,23,5.0,1199648,331.166112,nan,1.199648,nan,4,2160,1156640,8,0,0,4,528,256,64,272,68,132,4,40320,240,4
336,-47.5,57.5,46,23,0,0.0,0.0,0,0.0,57.5,0,562500.0,64.93894449869792,60.128414154052734,23,46,0,3,46,0,3,-105.0,70.5,-47.5,192878,306,32,23,7,22,5.0,921012,332.087124,nan,0.921012,nan,3,1728,867480,6,0,0,3,396,192,48,204,51,99,3,51408,306,3
337,-47.5,57.5,44,22,0,0.0,0.0,0,0.0,57.5,1,562500.0,60.2106819152832,60.2106819152832,22,44,1,1,44,0,2,-105.0,70.5,-47.5,192878,257,32,22,7,21,5.0,334340,332.421464,nan,0.33434,nan,1,1872,289160,2,0,0,1,132,64,16,68,17,33,1,43176,257,1
338,-47.5,57.5,36,18,0,0.0,0.0,0,0.0,57.5,0,562500.0,64.87395095825195,60.20914840698242,18,36,0,2,36,0,2,-105.0,70.5,-47.5,192878,160,32,18,5,16,5.0,607336,333.0288,nan,0.607336,nan,2,1872,578320,4,0,0,2,264,128,32,136,34,66,2,26880,160,2
339,-47.5,57.5,42,21,0,0.0,0.0,0,0.0,57.5,2,562500.0,47.57202720532897,31.96169982183828,21,42,2,4,42,0,6,-105.0,70.5,-47.5,192878,260,32,21,7,19,5.0,1203512,334.232312,nan,1.203512,nan,4,2664,1156640,8,0,0,4,528,256,64,272,68,132,4,43680,260,4
340,-47.5,57.5,46,23,0,0.0,0.0,0,0.0,57.5,1,562500.0,48.85044521377972,33.88366659644996,23,46,1,3,46,0,4,-105.0,70.5,-47.5,192878,247,32,23,9,22,5.0,911964,335.144276,nan,0.911964,nan,3,2592,867480,6,0,0,3,396,192,48,204,51,99,3,41496,247,3
341,-47.5,57.5,50,25,0,0.0,0.0,0,0.0,57.5,1,562500.0,66.2117052078247,64.89432525634766,25,50,1,2,50,0,3,-105.0,70.5,-47.5,192878,292,32,25,8,22,5.0,630304,335.77458,nan,0.630304,nan,2,2664,578320,4,0,0,2,264,128,32,136,34,66,2,49056,292,2
342,-47.5,57.5,50,25,0,0.0,0.0,0,0.0,57.5,0,562500.0,44.258591933214745,35.16825433054905,25,50,0,3,50,0,3,-105.0,70.5,-47.5,192878,238,32,25,7,23,5.0,910740,336.68532,nan,0.91074,nan,3,2880,867480,6,0,0,3,396,192,48,204,51,99,3,39984,238,3
343,-47.5,57.5,48,24,0,0.0,0.0,0,0.0,57.5,2,562500.0,41.51467589726717,18.46618347912067,24,48,2,4,48,0,6,-105.0,70.5,-47.5,192878,163,32,24,7,23,5.0,1187504,337.872824,nan,1.187504,nan,4,2952,1156640,8,0,0,4,528,256,64,272,68,132,4,27384,163,4
344,-47.5,57.5,46,23,0,0.0,0.0,0,0.0,57.5,1,562500.0,37.26724687202343,19.380997168118057,23,46,1,6,46,0,7,-105.0,70.5,-47.5,192878,202,32,23,7,20,5.0,1772352,339.645176,nan,1.772352,nan,6,2664,1734960,12,0,0,6,792,384,96,408,102,198,6,33936,202,6
345,-47.5,57.5,44,22,0,0.0,0.0,0,0.0,57.5,0,562500.0,65.32183837890625,63.01240158081055,22,44,0,2,44,0,2,-105.0,70.5,-47.5,192878,124,32,22,8,22,5.0,601720,340.246896,nan,0.60172,nan,2,2304,578320,4,0,0,2,264,128,32,136,34,66,2,20832,124,2
346,-47.5,57.5,40,20,0,0.0,0.0,0,0.0,57.5,2,562500.0,30.51760500213265,19.679692243664878,20,40,2,6,40,0,8,-105.0,70.5,-47.5,192878,160,32,20,6,16,5.0,1765080,342.011976,nan,1.76508,nan,6,2448,1734960,12,0,0,6,792,384,96,408,102,198,6,26880,160,6
347,-47.5,57.5,38,19,0,0.0,0.0,0,0.0,57.5,1,562500.0,49.470700675463014,37.88052368468661,19,38,1,3,38,0,4,-105.0,70.5,-47.5,192878,112,32,19,7,17,5.0,888780,342.900756,nan,0.88878,nan,3,2088,867480,6,0,0,3,396,192,48,204,51,99,3,18816,112,3
348,-47.5,57.5,38,19,0,0.0,0.0,0,0.0,57.5,0,562500.0,33.77547480685323,19.688885386283573,19,38,0,3,38,0,3,-105.0,70.5,-47.5,192878,167,32,19,6,15,5.0,898164,343.79892,nan,0.898164,nan,3,2232,867480,6,0,0,3,396,192,48,204,51,99,3,28056,167,3
349,-47.5,57.5,38,19,0,0.0,0.0,0,0.0,57.5,0,562500.0,63.857255935668945,60.21068572998047,19,38,0,2,38,0,2,-105.0,70.5,-47.5,192878,223,32,19,7,17,5.0,618208,344.417128,nan,0.618208,nan,2,2160,578320,4,0,0,2,264,128,32,136,34,66,2,37464,223,2
350,-47.5,57.5,38,19,0,0.0,0.0,0,0.0,57.5,0,562500.0,36.623738452344654,33.66086706940424,19,38,0,2,38,0,2,-105.0,70.5,-47.5,192878,165,32,19,7,17,5.0,608608,345.025736,nan,0.608608,nan,2,2304,578320,4,0,0,2,264,128,32,136,34,66,2,27720,165,2
351,-47.5,57.5,42,21,0,0.0,0.0,0,0.0,57.5,2,562500.0,62.6348622639974,58.589996337890625,21,42,2,3,42,0,5,-105.0,70.5,-47.5,192878,150,32,21,7,19,5.0,895812,345.921548,nan,0.895812,nan,3,2736,867480,6,0,0,3,396,192,48,204,51,99,3,25200,150,3
352,-47.5,57.5,44,22,0,0.0,0.0,0,0.0,57.5,1,562500.0,46.36839395369022,39.26726873711604,22,44,1,3,44,0,4,-105.0,70.5,-47.5,192878,173,32,22,8,18,5.0,899748,346.821296,nan,0.899748,nan,3,2808,867480,6,0,0,3,396,192,48,204,51,99,3,29064,173,3
353,-47.5,57.5,46,23,0,0.0,0.0,0,0.0,57.5,0,562500.0,52.964771040534906,44.124022915754125,23,46,0,4,46,0,4,-105.0,70.5,-47.5,192878,137,32,23,7,21,5.0,1182920,348.004216,nan,1.18292,nan,4,2736,1156640,8,0,0,4,528,256,64,272,68,132,4,23016,137,4
354,-47.5,57.5,48,24,0,0.0,0.0,0,0.0,57.5,1,562500.0,32.42355147593215,19.678166264096788,24,48,1,3,48,0,4,-105.0,70.5,-47.5,192878,200,32,24,7,20,5.0,904428,348.908644,nan,0.904428,nan,3,2952,867480,6,0,0,3,396,192,48,204,51,99,3,33600,200,3
355,-47.5,57.5,48,24,0,0.0,0.0,0,0.0,57.5,1,562500.0,39.25681293363047,18.52036771935426,24,48,1,5,48,0,6,-105.0,70.5,-47.5,192878,167,32,24,7,21,5.0,1477540,350.386184,nan,1.47754,nan,5,3024,1445800,10,0,0,5,660,320,80,340,85,165,5,28056,167,5
356,-47.5,57.5,46,23,0,0.0,0.0,0,0.0,57.5,0,562500.0,63.83660411834717,58.4257926940918,23,46,0,4,46,0,4,-105.0,70.5,-47.5,192878,206,32,23,9,20,5.0,1194584,351.580768,nan,1.194584,nan,4,2808,1156640,8,0,0,4,528,256,64,272,68,132,4,34608,206,4
357,-47.5,57.5,42,21,0,0.0,0.0,0,0.0,57.5,2,562500.0,40.379649798024985,37.88052368468661,21,42,2,2,42,0,4,-105.0,70.5,-47.5,192878,106,32,21,7,19,5.0,598984,352.179752,nan,0.598984,nan,2,2592,578320,4,0,0,2,264,128,32,136,34,66,2,17808,106,2
358,-47.5,57.5,40,20,0,0.0,0.0,0,0.0,57.5,0,562500.0,34.58952260037472,18.07600407379946,20,40,0,3,40,0,3,-105.0,70.5,-47.5,192878,131,32,20,8,17,5.0,892476,353.072228,nan,0.892476,nan,3,2592,867480,6,0,0,3,396,192,48,204,51,99,3,22008,131,3
359,-47.5,57.5,42,21,0,0.0,0.0,0,0.0,57.5,1,562500.0,34.71636627980396,18.18690010921688,21,42,1,3,42,0,4,-105.0,70.5,-47.5,192878,137,32,21,7,17,5.0,893628,353.965856,nan,0.893628,nan,3,2736,867480,6,0,0,3,396,192,48,204,51,99,3,23016,137,3
360,-47.5,57.5,46,23,0,0.0,0.0,0,0.0,57.5,0,562500.0,48.42968996591842,33.66086706940424,23,46,0,4,46,0,4,-105.0,70.5,-47.5,192878,161,32,23,8,20,5.0,1187024,355.15288,nan,1.187024,nan,4,2808,1156640,8,0,0,4,528,256,64,272,68,132,4,27048,161,4
361,-47.5,57.5,58,29,0,0.0,0.0,0,0.0,57.5,0,562500.0,43.723851596176274,20.0483776960051,29,58,0,4,58,0,4,-105.0,70.5,-47.5,192878,189,32,29,8,25,5.0,1192520,356.3454,nan,1.19252,nan,4,3600,1156640,8,0,0,4,528,256,64,272,68,132,4,31752,189,4
362,-47.5,57.5,56,28,0,0.0,0.0,0,0.0,57.5,2,562500.0,47.89438227798584,32.02016696036679,28,56,2,3,56,0,5,-105.0,70.5,-47.5,192878,163,32,28,8,26,5.0,898716,357.244116,nan,0.898716,nan,3,3456,867480,6,0,0,3,396,192,48,204,51,99,3,27384,163,3
363,-47.5,57.5,58,29,0,0.0,0.0,0,0.0,57.5,1,562500.0,43.734370774763434,27.14939515162534,29,58,1,5,58,0,6,-105.0,70.5,-47.5,192878,135,32,29,8,25,5.0,1472452,358.716568,nan,1.472452,nan,5,3312,1445800,10,0,0,5,660,320,80,340,85,165,5,22680,135,5
364,-47.5,57.5,60,30,0,0.0,0.0,0,0.0,57.5,0,562500.0,62.432809829711914,57.56493377685547,30,60,0,2,60,0,2,-105.0,70.5,-47.5,192878,200,32,30,8,27,5.0,615352,359.33192,nan,0.615352,nan,2,3168,578320,4,0,0,2,264,128,32,136,34,66,2,33600,200,2
365,-47.5,57.5,62,31,0,0.0,0.0,0,0.0,57.5,2,562500.0,55.50994524381851,42.32349715501666,31,62,2,4,62,0,6,-105.0,70.5,-47.5,192878,142,32,31,8,26,5.0,1184624,360.516544,nan,1.184624,nan,4,3600,1156640,8,0,0,4,528,256,64,272,68,132,4,23856,142,4
366,-47.5,57.5,56,28,0,0.0,0.0,0,0.0,57.5,1,562500.0,46.537274712042816,34.1558361990737,28,56,1,5,56,0,6,-105.0,70.5,-47.5,192878,143,32,28,6,23,5.0,1473724,361.990268,nan,1.473724,nan,5,3240,1445800,10,0,0,5,660,320,80,340,85,165,5,24024,143,5
367,-47.5,57.5,48,24,0,0.0,0.0,0,0.0,57.5,0,562500.0,47.76558339548459,30.814915004791445,24,48,0,6,48,0,6,-105.0,70.5,-47.5,192878,139,32,24,7,23,5.0,1761696,363.751964,nan,1.761696,nan,6,2592,1734960,12,0,0,6,792,384,96,408,102,198,6,23352,139,6
368,-47.5,57.5,32,16,0,0.0,0.0,0,0.0,57.5,1,562500.0,46.23429134023655,22.390887847681967,16,32,1,4,32,0,5,-105.0,70.5,-47.5,192878,146,32,16,6,15,5.0,1182992,364.934956,nan,1.182992,nan,4,1296,1156640,8,0,0,4,528,256,64,272,68,132,4,24528,146,4
369,-47.5,57.5,28,14,0,0.0,0.0,0,0.0,57.5,0,562500.0,42.42436774737164,22.16631632351547,14,28,0,3,28,0,3,-105.0,70.5,-47.5,192878,157,32,14,6,12,5.0,895332,365.830288,nan,0.895332,nan,3,1080,867480,6,0,0,3,396,192,48,204,51,99,3,26376,157,3
370,-47.5,57.5,20,10,0,0.0,0.0,0,0.0,57.5,0,562500.0,58.663143157958984,57.7270393371582,10,20,0,2,20,0,2,-105.0,70.5,-47.5,192878,130,32,10,4,8,5.0,601288,366.431576,nan,0.601288,nan,2,864,578320,4,0,0,2,264,128,32,136,34,66,2,21840,130,2
371,-47.5,57.5,26,13,0,0.0,0.0,0,0.0,57.5,2,562500.0,41.67640264643493,24.971426093621595,13,26,2,3,26,0,5,-105.0,70.5,-47.5,192878,225,32,13,5,12,5.0,907044,367.33862,nan,0.907044,nan,3,1368,867480,6,0,0,3,396,192,48,204,51,99,3,37800,225,3
372,-47.5,57.5,34,17,0,0.0,0.0,0,0.0,57.5,1,562500.0,58.500033378601074,58.489803314208984,17,34,1,2,34,0,3,-105.0,70.5,-47.5,192878,225,32,17,6,17,5.0,618112,367.956732,nan,0.618112,nan,2,1728,578320,4,0,0,2,264,128,32,136,34,66,2,37800,225,2
373,-47.5,57.5,30,15,0,0.0,0.0,0,0.0,57.5,0,562500.0,44.575380907715555,25.65501902648078,15,30,0,5,30,0,5,-105.0,70.5,-47.5,192878,219,32,15,6,14,5.0,1485196,369.441928,nan,1.485196,nan,5,1944,1445800,10,0,0,5,660,320,80,340,85,165,5,36792,219,5
374,-47.5,57.5,26,13,0,0.0,0.0,0,0.0,57.5,1,562500.0,31.53513862744521,19.38526752840588,13,26,1,4,26,0,5,-105.0,70.5,-47.5,192878,108,32,13,5,11,5.0,1176824,370.618752,nan,1.176824,nan,4,1512,1156640,8,0,0,4,528,256,64,272,68,132,4,18144,108,4
375,-47.5,57.5,22,11,0,0.0,0.0,0,0.0,57.5,0,562500.0,42.489657940189694,23.65173588140239,11,22,0,3,22,0,3,-105.0,70.5,-47.5,192878,74,32,11,4,10,5.0,881460,371.500212,nan,0.88146,nan,3,1152,867480,6,0,0,3,396,192,48,204,51,99,3,12432,74,3
376,-47.5,57.5,16,8,0,0.0,0.0,0,0.0,57.5,0,562500.0,37.34114693266315,28.262250707388446,8,16,0,2,16,0,2,-105.0,70.5,-47.5,192878,65,32,8,3,7,5.0,590152,372.090364,nan,0.590152,nan,2,648,578320,4,0,0,2,264,128,32,136,34,66,2,10920,65,2
377,-47.5,57.5,24,12,0,0.0,0.0,0,0.0,57.5,0,562500.0,60.58586011485711,59.399786811634456,12,24,0,2,24,0,2,-105.0,70.5,-47.5,192878,66,32,12,3,10,5.0,590536,372.6809,nan,0.590536,nan,2,864,578320,4,0,0,2,264,128,32,136,34,66,2,11088,66,2
378,-47.5,57.5,28,14,0,0.0,0.0,0,0.0,57.5,0,562500.0,45.19065259315022,32.94546460966172,14,28,0,3,28,0,3,-105.0,70.5,-47.5,192878,99,32,14,5,13,5.0,885876,373.566776,nan,0.885876,nan,3,1368,867480,6,0,0,3,396,192,48,204,51,99,3,16632,99,3
379,-47.5,57.5,30,15,0,0.0,0.0,0,0.0,57.5,0,562500.0,46.88033352147314,32.13099131529621,15,30,0,2,30,0,2,-105.0,70.5,-47.5,192878,101,32,15,5,15,5.0,597136,374.163912,nan,0.597136,nan,2,1584,578320,4,0,0,2,264,128,32,136,34,66,2,16968,101,2
380,-47.5,57.5,30,15,0,0.0,0.0,0,0.0,57.5,0,562500.0,60.4931640625,57.81884765625,15,30,0,3,30,0,3,-105.0,70.5,-47.5,192878,132,32,15,6,14,5.0,891636,375.055548,nan,0.891636,nan,3,1584,867480,6,0,0,3,396,192,48,204,51,99,3,22176,132,3
381,-47.5,57.5,28,14,0,0.0,0.0,0,0.0,57.5,1,562500.0,61.79662195841471,58.85829162597656,14,28,1,3,28,0,4,-105.0,70.5,-47.5,192878,130,32,14,5,11,5.0,891156,375.946704,nan,0.891156,nan,3,1440,867480,6,0,0,3,396,192,48,204,51,99,3,21840,130,3
382,-47.5,57.5,28,14,0,0.0,0.0,0,0.0,57.5,1,562500.0,46.87243175721346,43.96566663339132,14,28,1,2,28,0,3,-105.0,70.5,-47.5,192878,98,32,14,4,12,5.0,596704,376.543408,nan,0.596704,nan,2,1656,578320,4,0,0,2,264,128,32,136,34,66,2,16464,98,2
383,-47.5,57.5,36,18,0,0.0,0.0,0,0.0,57.5,1,562500.0,63.95957565307617,61.44229507446289,18,36,1,2,36,0,3,-105.0,70.5,-47.5,192878,84,32,18,4,16,5.0,594136,377.137544,nan,0.594136,nan,2,1440,578320,4,0,0,2,264,128,32,136,34,66,2,14112,84,2
384,-47.5,57.5,48,24,0,0.0,0.0,0,0.0,57.5,2,562500.0,54.39548769025144,42.70746143717303,24,48,2,4,48,0,6,-105.0,70.5,-47.5,192878,100,32,24,5,22,5.0,1176488,378.314032,nan,1.176488,nan,4,2520,1156640,8,0,0,4,528,256,64,272,68,132,4,16800,100,4
385,-47.5,57.5,50,25,0,0.0,0.0,0,0.0,57.5,1,562500.0,44.0478742887354,20.462663503169395,25,50,1,5,50,0,6,-105.0,70.5,-47.5,192878,228,32,25,6,22,5.0,1487068,379.8011,nan,1.487068,nan,5,2304,1445800,10,0,0,5,660,320,80,340,85,165,5,38304,228,5
386,-47.5,57.5,56,28,0,0.0,0.0,0,0.0,57.5,0,562500.0,39.65505350881139,24.68291628091885,28,56,0,3,56,0,3,-105.0,70.5,-47.5,192878,263,32,28,7,27,5.0,914796,380.715896,nan,0.914796,nan,3,2736,867480,6,0,0,3,396,192,48,204,51,99,3,44184,263,3
387,-47.5,57.5,54,27,0,0.0,0.0,0,0.0,57.5,1,562500.0,41.78481652328744,25.36844782788012,27,54,1,3,54,0,4,-105.0,70.5,-47.5,192878,203,32,27,7,26,5.0,904932,381.620828,nan,0.904932,nan,3,2952,867480,6,0,0,3,396,192,48,204,51,99,3,34104,203,3
388,-47.5,57.5,44,22,0,0.0,0.0,0,0.0,57.5,2,562500.0,51.18868822468494,35.86055387014883,22,44,2,4,44,0,6,-105.0,70.5,-47.5,192878,170,32,22,7,21,5.0,1187888,382.808716,nan,1.187888,nan,4,2160,1156640,8,0,0,4,528,256,64,272,68,132,4,28560,170,4
389,-47.5,57.5,44,22,0,0.0,0.0,0,0.0,57.5,1,562500.0,61.37042045593262,59.06061935424805,22,44,1,2,44,0,3,-105.0,70.5,-47.5,192878,194,32,22,6,21,5.0,613264,383.42198,nan,0.613264,nan,2,2088,578320,4,0,0,2,264,128,32,136,34,66,2,32592,194,2
390,-47.5,57.5,48,24,0,0.0,0.0,0,0.0,57.5,1,562500.0,40.71290160625537,22.1863704849592,24,48,1,3,48,0,4,-105.0,70.5,-47.5,192878,261,32,24,7,22,5.0,914388,384.336368,nan,0.914388,nan,3,2664,867480,6,0,0,3,396,192,48,204,51,99,3,43848,261,3
391,-47.5,57.5,48,24,0,0.0,0.0,0,0.0,57.5,1,562500.0,64.22735786437988,59.570945739746094,24,48,1,2,48,0,3,-105.0,70.5,-47.5,192878,219,32,24,6,24,5.0,618400,384.954768,nan,0.6184,nan,2,3024,578320,4,0,0,2,264,128,32,136,34,66,2,36792,219,2
392,-47.5,57.5,44,22,0,0.0,0.0,0,0.0,57.5,0,562500.0,50.202573095375044,39.20022919334665,22,44,0,3,44,0,3,-105.0,70.5,-47.5,192878,264,32,22,7,21,5.0,915324,385.870092,nan,0.915324,nan,3,3096,867480,6,0,0,3,396,192,48,204,51,99,3,44352,264,3
393,-47.5,57.5,48,24,0,0.0,0.0,0,0.0,57.5,3,562500.0,44.0943399561692,23.634666022298035,24,48,3,3,48,0,6,-105.0,70.5,-47.5,192878,250,32,24,7,23,5.0,913332,386.783424,nan,0.913332,nan,3,3456,867480,6,0,0,3,396,192,48,204,51,99,3,42000,250,3
394,-47.5,57.5,56,28,0,0.0,0.0,0,0.0,57.5,3,562500.0,43.69540999593007,23.254034478267982,28,56,3,3,56,0,6,-105.0,70.5,-47.5,192878,250,32,28,7,26,5.0,913908,387.697332,nan,0.913908,nan,3,4032,867480,6,0,0,3,396,192,48,204,51,99,3,42000,250,3
395,-47.5,57.5,54,27,0,0.0,0.0,0,0.0,57.5,1,562500.0,40.92207325186412,25.23323772618069,27,54,1,5,54,0,6,-105.0,70.5,-47.5,192878,194,32,27,7,27,5.0,1482652,389.179984,nan,1.482652,nan,5,3600,1445800,10,0,0,5,660,320,80,340,85,165,5,32592,194,5
396,-47.5,57.5,54,27,0,0.0,0.0,0,0.0,57.5,0,562500.0,66.82501602172852,65.88711547851562,27,54,0,2,54,0,2,-105.0,70.5,-47.5,192878,196,32,27,7,25,5.0,614896,389.79488,nan,0.614896,nan,2,3384,578320,4,0,0,2,264,128,32,136,34,66,2,32928,196,2
397,-47.5,57.5,58,29,0,0.0,0.0,0,0.0,57.5,2,562500.0,63.31052589416504,60.2106819152832,29,58,2,4,58,0,6,-105.0,70.5,-47.5,192878,230,32,29,8,28,5.0,1199624,390.994504,nan,1.199624,nan,4,3816,1156640,8,0,0,4,528,256,64,272,68,132,4,38640,230,4
398,-47.5,57.5,60,30,0,0.0,0.0,0,0.0,57.5,3,562500.0,47.801770864715216,41.03453704064158,30,60,3,2,60,0,5,-105.0,70.5,-47.5,192878,227,32,30,8,29,5.0,620032,391.614536,nan,0.620032,nan,2,3312,578320,4,0,0,2,264,128,32,136,34,66,2,38136,227,2
399,-47.5,57.5,60,30,0,0.0,0.0,0,0.0,57.5,0,562500.0,32.4081019258994,21.167056716610382,30,60,0,4,60,0,4,-105.0,70.5,-47.5,192878,202,32,30,8,28,5.0,1194488,392.809024,nan,1.194488,nan,4,3384,1156640,8,0,0,4,528,256,64,272,68,132,4,33936,202,4
400,-47.5,57.5,56,28,0,0.0,0.0,0,0.0,57.5,1,562500.0,62.16485786437988,61.43212127685547,28,56,1,2,56,0,3,-105.0,70.5,-47.5,192878,165,32,28,8,27,5.0,609616,393.41864,nan,0.609616,nan,2,3312,578320,4,0,0,2,264,128,32,136,34,66,2,27720,165,2
401,-47.5,57.5,52,26,0,0.0,0.0,0,0.0,57.5,1,562500.0,38.215174602401056,18.848103424456475,26,52,1,5,52,0,6,-105.0,70.5,-47.5,192878,171,32,26,7,23,5.0,1478212,394.896852,nan,1.478212,nan,5,3024,1445800,10,0,0,5,660,320,80,340,85,165,5,28728,171,5
402,-47.5,57.5,48,24,0,0.0,0.0,0,0.0,57.5,0,562500.0,53.465090723820495,39.50746067604559,24,48,0,2,48,0,2,-105.0,70.5,-47.5,192878,196,32,24,7,22,5.0,614320,395.511172,nan,0.61432,nan,2,2808,578320,4,0,0,2,264,128,32,136,34,66,2,32928,196,2
403,-47.5,57.5,46,23,0,0.0,0.0,0,0.0,57.5,1,562500.0,44.64894406528943,19.535036522699837,23,46,1,4,46,0,5,-105.0,70.5,-47.5,192878,168,32,23,6,20,5.0,1188632,396.699804,nan,1.188632,nan,4,3240,1156640,8,0,0,4,528,256,64,272,68,132,4,28224,168,4
404,-47.5,57.5,46,23,0,0.0,0.0,0,0.0,57.5,1,562500.0,61.796077728271484,61.796077728271484,23,46,1,1,46,0,2,-105.0,70.5,-47.5,192878,199,32,23,7,23,5.0,325388,397.025192,nan,0.325388,nan,1,2664,289160,2,0,0,1,132,64,16,68,17,33,1,33432,199,1
405,-47.5,57.5,46,23,0,0.0,0.0,0,0.0,57.5,0,562500.0,35.1865033957472,18.833596041353317,23,46,0,4,46,0,4,-105.0,70.5,-47.5,192878,161,32,23,6,20,5.0,1187096,398.212288,nan,1.187096,nan,4,2880,1156640,8,0,0,4,528,256,64,272,68,132,4,27048,161,4
406,-47.5,57.5,64,32,0,0.0,0.0,0,0.0,57.5,2,562500.0,49.01848857675999,30.360847275833798,32,64,2,5,64,0,7,-105.0,70.5,-47.5,192878,224,32,32,8,30,5.0,1487764,399.700052,nan,1.487764,nan,5,3672,1445800,10,0,0,5,660,320,80,340,85,165,5,37632,224,5
407,-47.5,57.5,66,33,0,0.0,0.0,0,0.0,57.5,2,562500.0,44.623415567631746,25.60896435046448,33,66,2,5,66,0,7,-105.0,70.5,-47.5,192878,224,32,33,8,31,5.0,1487836,401.187888,nan,1.487836,nan,5,3744,1445800,10,0,0,5,660,320,80,340,85,165,5,37632,224,5
408,-47.5,57.5,74,37,0,0.0,0.0,0,0.0,57.5,1,562500.0,53.41439409657383,42.426105811258516,37,74,1,3,74,0,4,-105.0,70.5,-47.5,192878,172,32,37,8,35,5.0,900876,402.088764,nan,0.900876,nan,3,4104,867480,6,0,0,3,396,192,48,204,51,99,3,28896,172,3
409,-47.5,57.5,80,40,0,0.0,0.0,0,0.0,57.5,1,562500.0,47.41494481180771,29.861700523284117,40,80,1,3,80,0,4,-105.0,70.5,-47.5,192878,228,32,40,8,36,5.0,910644,402.999408,nan,0.910644,nan,3,4464,867480,6,0,0,3,396,192,48,204,51,99,3,38304,228,3
410,-47.5,57.5,80,40,0,0.0,0.0,0,0.0,57.5,0,562500.0,60.77649180094401,57.6911506652832,40,80,0,3,80,0,3,-105.0,70.5,-47.5,192878,202,32,40,7,38,5.0,906492,403.9059,nan,0.906492,nan,3,4680,867480,6,0,0,3,396,192,48,204,51,99,3,33936,202,3
411,-47.5,57.5,78,39,0,0.0,0.0,0,0.0,57.5,2,562500.0,44.11536379485816,18.623539130329778,39,78,2,6,78,0,8,-105.0,70.5,-47.5,192878,169,32,39,7,36,5.0,1768896,405.674796,nan,1.768896,nan,6,4752,1734960,12,0,0,6,792,384,96,408,102,198,6,28392,169,6
412,-47.5,57.5,62,31,0,0.0,0.0,0,0.0,57.5,3,562500.0,40.29711788606696,19.544712908635418,31,62,3,3,62,0,6,-105.0,70.5,-47.5,192878,217,32,31,8,29,5.0,907716,406.582512,nan,0.907716,nan,3,3384,867480,6,0,0,3,396,192,48,204,51,99,3,36456,217,3
413,-47.5,57.5,54,27,0,0.0,0.0,0,0.0,57.5,2,562500.0,50.350609403487674,44.115053164373464,27,54,2,3,54,0,5,-105.0,70.5,-47.5,192878,203,32,27,7,26,5.0,904932,407.487444,nan,0.904932,nan,3,2952,867480,6,0,0,3,396,192,48,204,51,99,3,34104,203,3
414,-47.5,57.5,46,23,0,0.0,0.0,0,0.0,57.5,0,562500.0,61.36721165974935,58.048770904541016,23,46,0,3,46,0,3,-105.0,70.5,-47.5,192878,169,32,23,6,22,5.0,898788,408.386232,nan,0.898788,nan,3,2520,867480,6,0,0,3,396,192,48,204,51,99,3,28392,169,3
415,-47.5,57.5,40,20,0,0.0,0.0,0,0.0,57.5,0,562500.0,41.795536098457205,38.19995920244252,20,40,0,2,40,0,2,-105.0,70.5,-47.5,192878,196,32,20,7,18,5.0,613816,409.000048,nan,0.613816,nan,2,2304,578320,4,0,0,2,264,128,32,136,34,66,2,32928,196,2
416,-47.5,57.5,38,19,0,0.0,0.0,0,0.0,57.5,0,562500.0,62.5129280090332,60.97177505493164,19,38,0,2,38,0,2,-105.0,70.5,-47.5,192878,246,32,19,9,18,5.0,622360,409.622408,nan,0.62236,nan,2,2448,578320,4,0,0,2,264,128,32,136,34,66,2,41328,246,2
417,-47.5,57.5,40,20,0,0.0,0.0,0,0.0,57.5,0,562500.0,49.750112437714186,18.083173484319907,20,40,0,6,40,0,6,-105.0,70.5,-47.5,192878,173,32,20,7,19,5.0,1767480,411.389888,nan,1.76748,nan,6,2664,1734960,12,0,0,6,792,384,96,408,102,198,6,29064,173,6
418,-47.5,57.5,34,17,0,0.0,0.0,0,0.0,57.5,1,562500.0,60.80839824676514,59.61907958984375,17,34,1,4,34,0,5,-105.0,70.5,-47.5,192878,165,32,17,6,16,5.0,1187192,412.57708,nan,1.187192,nan,4,2304,1156640,8,0,0,4,528,256,64,272,68,132,4,27720,165,4
419,-47.5,57.5,32,16,0,0.0,0.0,0,0.0,57.5,2,562500.0,41.75517972753467,24.784755296303235,16,32,2,5,32,0,7,-105.0,70.5,-47.5,192878,236,32,16,8,15,5.0,1488196,414.065276,nan,1.488196,nan,5,2088,1445800,10,0,0,5,660,320,80,340,85,165,5,39648,236,5
420,-47.5,57.5,32,16,0,0.0,0.0,0,0.0,57.5,1,562500.0,59.54844856262207,58.88825607299805,16,32,1,2,32,0,3,-105.0,70.5,-47.5,192878,238,32,16,7,15,5.0,620584,414.68586,nan,0.620584,nan,2,2016,578320,4,0,0,2,264,128,32,136,34,66,2,39984,238,2
421,-47.5,57.5,28,14,0,0.0,0.0,0,0.0,57.5,0,562500.0,53.27011456692669,37.723810396607774,14,28,0,4,28,0,4,-105.0,70.5,-47.5,192878,149,32,14,4,12,5.0,1183784,415.869644,nan,1.183784,nan,4,1584,1156640,8,0,0,4,528,256,64,272,68,132,4,25032,149,4
422,-47.5,57.5,26,13,0,0.0,0.0,0,0.0,57.5,1,562500.0,58.8560209274292,57.501346588134766,13,26,1,2,26,0,3,-105.0,70.5,-47.5,192878,163,32,13,5,11,5.0,607480,416.477124,nan,0.60748,nan,2,1512,578320,4,0,0,2,264,128,32,136,34,66,2,27384,163,2
423,-47.5,57.5,32,16,0,0.0,0.0,0,0.0,57.5,1,562500.0,61.663111209869385,59.14379119873047,16,32,1,4,32,0,5,-105.0,70.5,-47.5,192878,218,32,16,5,15,5.0,1195664,417.672788,nan,1.195664,nan,4,1872,1156640,8,0,0,4,528,256,64,272,68,132,4,36624,218,4
424,-47.5,57.5,38,19,0,0.0,0.0,0,0.0,57.5,2,562500.0,66.32326634724934,61.56831359863281,19,38,2,3,38,0,5,-105.0,70.5,-47.5,192878,237,32,19,7,19,5.0,910068,418.582856,nan,0.910068,nan,3,2376,867480,6,0,0,3,396,192,48,204,51,99,3,39816,237,3
425,-47.5,57.5,46,23,0,0.0,0.0,0,0.0,57.5,2,562500.0,44.44386854812211,33.02427384987636,23,46,2,4,46,0,6,-105.0,70.5,-47.5,192878,238,32,23,7,23,5.0,1199744,419.7826,nan,1.199744,nan,4,2592,1156640,8,0,0,4,528,256,64,272,68,132,4,39984,238,4
426,-47.5,57.5,50,25,0,0.0,0.0,0,0.0,57.5,0,562500.0,61.639108180999756,60.2106819152832,25,50,0,4,50,0,4,-105.0,70.5,-47.5,192878,236,32,25,7,25,5.0,1199552,420.982152,nan,1.199552,nan,4,2736,1156640,8,0,0,4,528,256,64,272,68,132,4,39648,236,4
427,-47.5,57.5,50,25,0,0.0,0.0,0,0.0,57.5,2,562500.0,40.40726876585282,31.930077644896855,25,50,2,4,50,0,6,-105.0,70.5,-47.5,192878,165,32,25,8,25,5.0,1187192,422.169344,nan,1.187192,nan,4,2304,1156640,8,0,0,4,528,256,64,272,68,132,4,27720,165,4
428,-47.5,57.5,46,23,0,0.0,0.0,0,0.0,57.5,1,562500.0,40.22269608752658,20.41888322507798,23,46,1,5,46,0,6,-105.0,70.5,-47.5,192878,230,32,23,8,21,5.0,1487764,423.657108,nan,1.487764,nan,5,2664,1445800,10,0,0,5,660,320,80,340,85,165,5,38640,230,5
429,-47.5,57.5,54,27,0,0.0,0.0,0,0.0,57.5,0,562500.0,59.522552490234375,58.28976058959961,27,54,0,3,54,0,3,-105.0,70.5,-47.5,192878,206,32,27,7,25,5.0,905004,424.562112,nan,0.905004,nan,3,2520,867480,6,0,0,3,396,192,48,204,51,99,3,34608,206,3
430,-47.5,57.5,50,25,0,0.0,0.0,0,0.0,57.5,1,562500.0,46.4282155389193,36.83037364715874,25,50,1,3,50,0,4,-105.0,70.5,-47.5,192878,227,32,25,7,24,5.0,908388,425.4705,nan,0.908388,nan,3,2376,867480,6,0,0,3,396,192,48,204,51,99,3,38136,227,3
431,-47.5,57.5,44,22,0,0.0,0.0,0,0.0,57.5,0,562500.0,64.7381067276001,62.07300567626953,22,44,0,2,44,0,2,-105.0,70.5,-47.5,192878,240,32,22,8,21,5.0,620992,426.091492,nan,0.620992,nan,2,2088,578320,4,0,0,2,264,128,32,136,34,66,2,40320,240,2
432,-47.5,57.5,42,21,0,0.0,0.0,0,0.0,57.5,1,562500.0,50.67925799658137,31.008460335000212,21,42,1,5,42,0,6,-105.0,70.5,-47.5,192878,269,32,21,8,20,5.0,1493812,427.585304,nan,1.493812,nan,5,2160,1445800,10,0,0,5,660,320,80,340,85,165,5,45192,269,5
433,-47.5,57.5,46,23,0,0.0,0.0,0,0.0,57.5,0,562500.0,56.249184657656905,50.508834577405324,23,46,0,3,46,0,3,-105.0,70.5,-47.5,192878,267,32,23,8,23,5.0,915108,428.500412,nan,0.915108,nan,3,2376,867480,6,0,0,3,396,192,48,204,51,99,3,44856,267,3
434,-47.5,57.5,54,27,0,0.0,0.0,0,0.0,57.5,0,562500.0,41.05075854125453,27.19855988690256,27,54,0,3,54,0,3,-105.0,70.5,-47.5,192878,245,32,27,8,27,5.0,911772,429.412184,nan,0.911772,nan,3,2736,867480,6,0,0,3,396,192,48,204,51,99,3,41160,245,3
435,-47.5,57.5,54,27,0,0.0,0.0,0,0.0,57.5,2,562500.0,53.0345616538356,40.24002068458118,27,54,2,3,54,0,5,-105.0,70.5,-47.5,192878,226,32,27,8,25,5.0,908868,430.321052,nan,0.908868,nan,3,3024,867480,6,0,0,3,396,192,48,204,51,99,3,37968,226,3
436,-47.5,57.5,52,26,0,0.0,0.0,0,0.0,57.5,0,562500.0,50.33715016375694,36.92418969917331,26,52,0,4,52,0,4,-105.0,70.5,-47.5,192878,227,32,26,8,25,5.0,1198400,431.519452,nan,1.1984,nan,4,3096,1156640,8,0,0,4,528,256,64,272,68,132,4,38136,227,4
437,-47.5,57.5,50,25,0,0.0,0.0,0,0.0,57.5,2,562500.0,63.83421325683594,60.265220642089844,25,50,2,2,50,0,4,-105.0,70.5,-47.5,192878,167,32,25,7,24,5.0,609520,432.128972,nan,0.60952,nan,2,2880,578320,4,0,0,2,264,128,32,136,34,66,2,28056,167,2
438,-47.5,57.5,46,23,0,0.0,0.0,0,0.0,57.5,0,562500.0,65.56955591837566,61.779998779296875,23,46,0,3,46,0,3,-105.0,70.5,-47.5,192878,324,32,23,9,21,5.0,924972,433.053944,nan,0.924972,nan,3,2664,867480,6,0,0,3,396,192,48,204,51,99,3,54432,324,3
439,-47.5,57.5,40,20,0,0.0,0.0,0,0.0,57.5,1,562500.0,55.86173845682416,51.2323739047422,20,40,1,3,40,0,4,-105.0,70.5,-47.5,192878,261,32,20,8,19,5.0,914172,433.968116,nan,0.914172,nan,3,2448,867480,6,0,0,3,396,192,48,204,51,99,3,43848,261,3
440,-47.5,57.5,38,19,0,0.0,0.0,0,0.0,57.5,0,562500.0,39.71307038633193,18.863535408357603,19,38,0,5,38,0,5,-105.0,70.5,-47.5,192878,186,32,19,7,16,5.0,1480228,435.448344,nan,1.480228,nan,5,2520,1445800,10,0,0,5,660,320,80,340,85,165,5,31248,186,5
441,-47.5,57.5,38,19,0,0.0,0.0,0,0.0,57.5,0,562500.0,40.52159382918204,26.694455302572493,19,38,0,3,38,0,3,-105.0,70.5,-47.5,192878,195,32,19,7,14,5.0,903012,436.351356,nan,0.903012,nan,3,2376,867480,6,0,0,3,396,192,48,204,51,99,3,32760,195,3
442,-47.5,57.5,38,19,0,0.0,0.0,0,0.0,57.5,1,562500.0,36.74004130732681,19.318188880938106,19,38,1,5,38,0,6,-105.0,70.5,-47.5,192878,165,32,19,8,17,5.0,1476556,437.827912,nan,1.476556,nan,5,2376,1445800,10,0,0,5,660,320,80,340,85,165,5,27720,165,5
443,-47.5,57.5,36,18,0,0.0,0.0,0,0.0,57.5,1,562500.0,28.55231888295914,18.16527077567637,18,36,1,5,36,0,6,-105.0,70.5,-47.5,192878,156,32,18,9,17,5.0,1474828,439.30274,nan,1.474828,nan,5,2160,1445800,10,0,0,5,660,320,80,340,85,165,5,26208,156,5
444,-47.5,57.5,36,18,0,0.0,0.0,0,0.0,57.5,0,562500.0,31.890537706471953,18.995063594332603,18,36,0,4,36,0,4,-105.0,70.5,-47.5,192878,87,32,18,7,16,5.0,1173584,440.476324,nan,1.173584,nan,4,1800,1156640,8,0,0,4,528,256,64,272,68,132,4,14616,87,4
445,-47.5,57.5,36,18,0,0.0,0.0,0,0.0,57.5,1,562500.0,67.45351791381836,67.40320587158203,18,36,1,2,36,0,3,-105.0,70.5,-47.5,192878,166,32,18,8,14,5.0,608416,441.08474,nan,0.608416,nan,2,1944,578320,4,0,0,2,264,128,32,136,34,66,2,27888,166,2
446,-47.5,57.5,38,19,0,0.0,0.0,0,0.0,57.5,1,562500.0,43.60212177480713,29.03034526272957,19,38,1,3,38,0,4,-105.0,70.5,-47.5,192878,115,32,19,7,16,5.0,889428,441.974168,nan,0.889428,nan,3,2232,867480,6,0,0,3,396,192,48,204,51,99,3,19320,115,3
447,-47.5,57.5,38,19,0,0.0,0.0,0,0.0,57.5,1,562500.0,49.94049701113456,41.29100965190276,19,38,1,3,38,0,4,-105.0,70.5,-47.5,192878,212,32,19,7,12,5.0,905940,442.880108,nan,0.90594,nan,3,2448,867480,6,0,0,3,396,192,48,204,51,99,3,35616,212,3
448,-47.5,57.5,40,20,0,0.0,0.0,0,0.0,57.5,1,562500.0,65.57985496520996,61.785518646240234,20,40,1,3,40,0,4,-105.0,70.5,-47.5,192878,179,32,20,9,19,5.0,900468,443.780576,nan,0.900468,nan,3,2520,867480,6,0,0,3,396,192,48,204,51,99,3,30072,179,3
449,-47.5,57.5,40,20,0,0.0,0.0,0,0.0,57.5,1,562500.0,37.898473291988665,18.16527077567637,20,40,1,5,40,0,6,-105.0,70.5,-47.5,192878,137,32,20,7,14,5.0,1471924,445.2525,nan,1.471924,nan,5,2448,1445800,10,0,0,5,660,320,80,340,85,165,5,23016,137,5
450,-47.5,57.5,40,20,0,0.0,0.0,0,0.0,57.5,0,562500.0,29.302301119359722,18.16527077567637,20,40,0,4,40,0,4,-105.0,70.5,-47.5,192878,108,32,20,8,18,5.0,1177760,446.43026,nan,1.17776,nan,4,2448,1156640,8,0,0,4,528,256,64,272,68,132,4,18144,108,4
451,-47.5,57.5,56,28,0,0.0,0.0,0,0.0,57.5,2,562500.0,43.108259228225684,31.933412499700143,28,56,2,3,56,0,5,-105.0,70.5,-47.5,192878,110,32,28,6,21,5.0,889668,447.319928,nan,0.889668,nan,3,3312,867480,6,0,0,3,396,192,48,204,51,99,3,18480,110,3
452,-47.5,57.5,56,28,0,0.0,0.0,0,0.0,57.5,1,562500.0,44.85066310973356,35.790813927941734,28,56,1,5,56,0,6,-105.0,70.5,-47.5,192878,167,32,28,7,24,5.0,1477828,448.797756,nan,1.477828,nan,5,3312,1445800,10,0,0,5,660,320,80,340,85,165,5,28056,167,5
453,-47.5,57.5,60,30,0,0.0,0.0,0,0.0,57.5,0,562500.0,65.23250007629395,63.086856842041016,30,60,0,2,60,0,2,-105.0,70.5,-47.5,192878,197,32,30,7,28,5.0,614848,449.412604,nan,0.614848,nan,2,3168,578320,4,0,0,2,264,128,32,136,34,66,2,33096,197,2
454,-47.5,57.5,62,31,0,0.0,0.0,0,0.0,57.5,0,562500.0,52.62352634573992,34.28904629441581,31,62,0,4,62,0,4,-105.0,70.5,-47.5,192878,233,32,31,8,29,5.0,1200128,450.612732,nan,1.200128,nan,4,3816,1156640,8,0,0,4,528,256,64,272,68,132,4,39144,233,4
455,-47.5,57.5,68,34,0,0.0,0.0,0,0.0,57.5,2,562500.0,63.92010498046875,61.476566314697266,34,68,2,2,68,0,4,-105.0,70.5,-47.5,192878,234,32,34,8,34,5.0,621784,451.234516,nan,0.621784,nan,2,3888,578320,4,0,0,2,264,128,32,136,34,66,2,39312,234,2
456,-47.5,57.5,66,33,0,0.0,0.0,0,0.0,57.5,1,562500.0,34.18749103782636,20.598368903032146,33,66,1,4,66,0,5,-105.0,70.5,-47.5,192878,241,32,33,8,33,5.0,1201328,452.435844,nan,1.201328,nan,4,3672,1156640,8,0,0,4,528,256,64,272,68,132,4,40488,241,4
457,-47.5,57.5,62,31,0,0.0,0.0,0,0.0,57.5,2,562500.0,43.16570390273728,21.588325365676507,31,62,2,4,62,0,6,-105.0,70.5,-47.5,192878,196,32,31,9,31,5.0,1193336,453.62918,nan,1.193336,nan,4,3240,1156640,8,0,0,4,528,256,64,272,68,132,4,32928,196,4
458,-47.5,57.5,54,27,0,0.0,0.0,0,0.0,57.5,2,562500.0,51.86389524171711,40.291739319672686,27,54,2,3,54,0,5,-105.0,70.5,-47.5,192878,104,32,27,6,24,5.0,887940,454.51712,nan,0.88794,nan,3,2592,867480,6,0,0,3,396,192,48,204,51,99,3,17472,104,3
459,-47.5,57.5,42,21,0,0.0,0.0,0,0.0,57.5,1,562500.0,56.9266869227121,37.7419453658521,21,42,1,3,42,0,4,-105.0,70.5,-47.5,192878,100,32,21,4,18,5.0,886908,455.404028,nan,0.886908,nan,3,2232,867480,6,0,0,3,396,192,48,204,51,99,3,16800,100,3
460,-47.5,57.5,38,19,0,0.0,0.0,0,0.0,57.5,3,562500.0,51.758066857049634,50.56124259847576,19,38,3,2,38,0,5,-105.0,70.5,-47.5,192878,130,32,19,5,18,5.0,602800,456.006828,nan,0.6028,nan,2,2376,578320,4,0,0,2,264,128,32,136,34,66,2,21840,130,2
461,-47.5,57.5,32,16,0,0.0,0.0,0,0.0,57.5,0,562500.0,44.80696551206672,30.151627048949994,16,32,0,3,32,0,3,-105.0,70.5,-47.5,192878,69,32,16,4,14,5.0,881772,456.8886,nan,0.881772,nan,3,2304,867480,6,0,0,3,396,192,48,204,51,99,3,11592,69,3
462,-47.5,57.5,36,18,0,0.0,0.0,0,0.0,57.5,0,562500.0,63.93161964416504,63.931617736816406,18,36,0,1,36,0,1,-105.0,70.5,-47.5,192878,92,32,18,4,15,5.0,306836,457.195436,nan,0.306836,nan,1,2088,289160,2,0,0,1,132,64,16,68,17,33,1,15456,92,1
463,-47.5,57.5,38,19,0,0.0,0.0,0,0.0,57.5,2,562500.0,62.8346004486084,58.99531936645508,19,38,2,2,38,0,4,-105.0,70.5,-47.5,192878,162,32,19,6,16,5.0,608248,457.803684,nan,0.608248,nan,2,2448,578320,4,0,0,2,264,128,32,136,34,66,2,27216,162,2
464,-47.5,57.5,34,17,0,0.0,0.0,0,0.0,57.5,3,562500.0,55.79767540810459,39.261704488680316,17,34,3,4,34,0,7,-105.0,70.5,-47.5,192878,133,32,17,6,15,5.0,1181528,458.985212,nan,1.181528,nan,4,2016,1156640,8,0,0,4,528,256,64,272,68,132,4,22344,133,4
465,-47.5,57.5,24,12,0,0.0,0.0,0,0.0,57.5,2,562500.0,45.31617318341819,42.1535932385175,12,24,2,2,24,0,4,-105.0,70.5,-47.5,192878,104,32,12,5,11,5.0,597424,459.582636,nan,0.597424,nan,2,1368,578320,4,0,0,2,264,128,32,136,34,66,2,17472,104,2
466,-47.5,57.5,32,16,0,0.0,0.0,0,0.0,57.5,4,562500.0,39.284384840009935,31.900996450609547,16,32,4,4,32,0,8,-105.0,70.5,-47.5,192878,86,32,16,5,12,5.0,1173488,460.756124,nan,1.173488,nan,4,1872,1156640,8,0,0,4,528,256,64,272,68,132,4,14448,86,4
467,-47.5,57.5,28,14,0,0.0,0.0,0,0.0,57.5,1,562500.0,29.945909434061065,23.857646866721737,14,28,1,5,28,0,6,-105.0,70.5,-47.5,192878,158,32,14,6,13,5.0,1474588,462.230712,nan,1.474588,nan,5,1584,1445800,10,0,0,5,660,320,80,340,85,165,5,26544,158,5
468,-47.5,57.5,26,13,0,0.0,0.0,0,0.0,57.5,0,562500.0,36.54843809023988,20.13707461080577,13,26,0,6,26,0,6,-105.0,70.5,-47.5,192878,75,32,13,6,13,5.0,1749720,463.980432,nan,1.74972,nan,6,1368,1734960,12,0,0,6,792,384,96,408,102,198,6,12600,75,6
469,-47.5,57.5,30,15,0,0.0,0.0,0,0.0,57.5,1,562500.0,66.08241653442383,66.08241653442383,15,30,1,1,30,0,2,-105.0,70.5,-47.5,192878,126,32,15,5,13,5.0,311540,464.291972,nan,0.31154,nan,1,1080,289160,2,0,0,1,132,64,16,68,17,33,1,21168,126,1
470,-47.5,57.5,36,18,0,0.0,0.0,0,0.0,57.5,0,562500.0,41.08212559984599,24.813388469986457,18,36,0,3,36,0,3,-105.0,70.5,-47.5,192878,204,32,18,7,15,5.0,903444,465.195416,nan,0.903444,nan,3,1296,867480,6,0,0,3,396,192,48,204,51,99,3,34272,204,3
471,-47.5,57.5,34,17,0,0.0,0.0,0,0.0,57.5,1,562500.0,67.53239440917969,67.53239440917969,17,34,1,1,34,0,2,-105.0,70.5,-47.5,192878,222,32,17,6,14,5.0,327884,465.5233,nan,0.327884,nan,1,1296,289160,2,0,0,1,132,64,16,68,17,33,1,37296,222,1
472,-47.5,57.5,34,17,0,0.0,0.0,0,0.0,57.5,2,562500.0,45.747621263976896,19.76665488854918,17,34,2,4,34,0,6,-105.0,70.5,-47.5,192878,163,32,17,5,15,5.0,1186136,466.709436,nan,1.186136,nan,4,1584,1156640,8,0,0,4,528,256,64,272,68,132,4,27384,163,4
473,-47.5,57.5,30,15,0,0.0,0.0,0,0.0,57.5,1,562500.0,31.572822431550584,30.720558602717173,15,30,1,2,30,0,3,-105.0,70.5,-47.5,192878,147,32,15,5,14,5.0,604504,467.31394,nan,0.604504,nan,2,1224,578320,4,0,0,2,264,128,32,136,34,66,2,24696,147,2
474,-47.5,57.5,26,13,0,0.0,0.0,0,0.0,57.5,0,562500.0,50.10592155807771,38.64785202964492,13,26,0,3,26,0,3,-105.0,70.5,-47.5,192878,168,32,13,6,13,5.0,897180,468.21112,nan,0.89718,nan,3,1080,867480,6,0,0,3,396,192,48,204,51,99,3,28224,168,3
475,-47.5,57.5,34,17,0,0.0,0.0,0,0.0,57.5,2,562500.0,47.54945889467554,30.1864586721181,17,34,2,4,34,0,6,-105.0,70.5,-47.5,192878,111,32,17,6,17,5.0,1177256,469.388376,nan,1.177256,nan,4,1440,1156640,8,0,0,4,528,256,64,272,68,132,4,18648,111,4
476,-47.5,57.5,28,14,0,0.0,0.0,0,0.0,57.5,1,562500.0,66.06206512451172,66.06206512451172,14,28,1,1,28,0,2,-105.0,70.5,-47.5,192878,111,32,14,6,11,5.0,308804,469.69718,nan,0.308804,nan,1,864,289160,2,0,0,1,132,64,16,68,17,33,1,18648,111,1
477,-47.5,57.5,32,16,0,0.0,0.0,0,0.0,57.5,0,562500.0,32.32953202391692,19.006897025655295,16,32,0,4,32,0,4,-105.0,70.5,-47.5,192878,102,32,16,5,9,5.0,1175456,470.872636,nan,1.175456,nan,4,1152,1156640,8,0,0,4,528,256,64,272,68,132,4,17136,102,4
478,-47.5,57.5,36,18,0,0.0,0.0,0,0.0,57.5,1,562500.0,43.969457267812395,31.604147562486848,18,36,1,5,36,0,6,-105.0,70.5,-47.5,192878,103,32,18,5,13,5.0,1465132,472.337768,nan,1.465132,nan,5,1368,1445800,10,0,0,5,660,320,80,340,85,165,5,17304,103,5
479,-47.5,57.5,42,21,0,0.0,0.0,0,0.0,57.5,1,562500.0,60.49419450759888,57.524681091308594,21,42,1,4,42,0,5,-105.0,70.5,-47.5,192878,75,32,21,6,20,5.0,1171136,473.508904,nan,1.171136,nan,4,1368,1156640,8,0,0,4,528,256,64,272,68,132,4,12600,75,4
480,-47.5,57.5,38,19,0,0.0,0.0,0,0.0,57.5,0,562500.0,56.758497217835725,39.30156620051528,19,38,0,3,38,0,3,-105.0,70.5,-47.5,192878,115,32,19,6,16,5.0,888564,474.397468,nan,0.888564,nan,3,1368,867480,6,0,0,3,396,192,48,204,51,99,3,19320,115,3
481,-47.5,57.5,36,18,0,0.0,0.0,0,0.0,57.5,0,562500.0,60.80504353841146,58.52649688720703,18,36,0,3,36,0,3,-105.0,70.5,-47.5,192878,79,32,18,5,14,5.0,882300,475.279768,nan,0.8823,nan,3,1152,867480,6,0,0,3,396,192,48,204,51,99,3,13272,79,3
482,-47.5,57.5,38,19,0,0.0,0.0,0,0.0,57.5,1,562500.0,64.7546329498291,62.106056213378906,19,38,1,2,38,0,3,-105.0,70.5,-47.5,192878,47,32,19,5,14,5.0,587920,475.867688,nan,0.58792,nan,2,1440,578320,4,0,0,2,264,128,32,136,34,66,2,7896,47,2
483,-47.5,57.5,36,18,0,0.0,0.0,0,0.0,57.5,0,562500.0,65.34537315368652,58.98630142211914,18,36,0,2,36,0,2,-105.0,70.5,-47.5,192878,146,32,18,6,14,5.0,604624,476.472312,nan,0.604624,nan,2,1512,578320,4,0,0,2,264,128,32,136,34,66,2,24528,146,2
484,-47.5,57.5,36,18,0,0.0,0.0,0,0.0,57.5,0,562500.0,60.21017074584961,60.209659576416016,18,36,0,2,36,0,2,-105.0,70.5,-47.5,192878,161,32,18,6,14,5.0,607432,477.079744,nan,0.607432,nan,2,1800,578320,4,0,0,2,264,128,32,136,34,66,2,27048,161,2
485,-47.5,57.5,36,18,0,0.0,0.0,0,0.0,57.5,2,562500.0,38.7953183636112,23.811972494224204,18,36,2,5,36,0,7,-105.0,70.5,-47.5,192878,162,32,18,7,15,5.0,1475836,478.55558,nan,1.475836,nan,5,2160,1445800,10,0,0,5,660,320,80,340,85,165,5,27216,162,5
486,-47.5,57.5,46,23,0,0.0,0.0,0,0.0,57.5,1,562500.0,57.30308630166152,46.943606458516285,23,46,1,2,46,0,3,-105.0,70.5,-47.5,192878,137,32,23,7,18,5.0,604120,479.1597,nan,0.60412,nan,2,2520,578320,4,0,0,2,264,128,32,136,34,66,2,23016,137,2
487,-47.5,57.5,48,24,0,0.0,0.0,0,0.0,57.5,1,562500.0,37.48997348027881,18.186940626502373,24,48,1,6,48,0,7,-105.0,70.5,-47.5,192878,83,32,24,6,21,5.0,1752360,480.91206,nan,1.75236,nan,6,2664,1734960,12,0,0,6,792,384,96,408,102,198,6,13944,83,6
488,-47.5,57.5,50,25,0,0.0,0.0,0,0.0,57.5,1,562500.0,42.587937467514585,28.679653905029497,25,50,1,4,50,0,5,-105.0,70.5,-47.5,192878,168,32,25,9,23,5.0,1187696,482.099756,nan,1.187696,nan,4,2304,1156640,8,0,0,4,528,256,64,272,68,132,4,28224,168,4
489,-47.5,57.5,46,23,0,0.0,0.0,0,0.0,57.5,0,562500.0,64.55363273620605,61.44229507446289,23,46,0,2,46,0,2,-105.0,70.5,-47.5,192878,166,32,23,6,20,5.0,608632,482.708388,nan,0.608632,nan,2,2160,578320,4,0,0,2,264,128,32,136,34,66,2,27888,166,2
490,-47.5,57.5,42,21,0,0.0,0.0,0,0.0,57.5,0,562500.0,36.24062352370403,18.595146254317623,21,42,0,5,42,0,5,-105.0,70.5,-47.5,192878,145,32,21,8,17,5.0,1473340,484.181728,nan,1.47334,nan,5,2520,1445800,10,0,0,5,660,320,80,340,85,165,5,24360,145,5
491,-47.5,57.5,44,22,0,0.0,0.0,0,0.0,57.5,1,562500.0,43.593464453379625,29.987522180892682,22,44,1,3,44,0,4,-105.0,70.5,-47.5,192878,140,32,22,7,17,5.0,893628,485.075356,nan,0.893628,nan,3,2232,867480,6,0,0,3,396,192,48,204,51,99,3,23520,140,3
492,-47.5,57.5,40,20,0,0.0,0.0,0,0.0,57.5,0,562500.0,54.90897346975002,46.91792848766112,20,40,0,5,40,0,5,-105.0,70.5,-47.5,192878,101,32,20,6,17,5.0,1465444,486.5408,nan,1.465444,nan,5,2016,1445800,10,0,0,5,660,320,80,340,85,165,5,16968,101,5
493,-47.5,57.5,38,19,0,0.0,0.0,0,0.0,57.5,1,562500.0,47.139663793575224,24.36907989274619,19,38,1,4,38,0,5,-105.0,70.5,-47.5,192878,101,32,19,6,15,5.0,1176080,487.71688,nan,1.17608,nan,4,1944,1156640,8,0,0,4,528,256,64,272,68,132,4,16968,101,4
494,-47.5,57.5,42,21,0,0.0,0.0,0,0.0,57.5,0,562500.0,31.3480892033606,19.02549945991454,21,42,0,2,42,0,2,-105.0,70.5,-47.5,192878,245,32,21,7,18,5.0,621544,488.338424,nan,0.621544,nan,2,1800,578320,4,0,0,2,264,128,32,136,34,66,2,41160,245,2
495,-47.5,57.5,48,24,0,0.0,0.0,0,0.0,57.5,0,562500.0,48.12628478283245,33.53434644238409,24,48,0,3,48,0,3,-105.0,70.5,-47.5,192878,225,32,24,8,22,5.0,908124,489.246548,nan,0.908124,nan,3,2448,867480,6,0,0,3,396,192,48,204,51,99,3,37800,225,3
496,-47.5,57.5,60,30,0,0.0,0.0,0,0.0,57.5,1,562500.0,38.271267812877575,33.1911701228054,30,60,1,2,60,0,3,-105.0,70.5,-47.5,192878,229,32,30,9,29,5.0,620296,489.866844,nan,0.620296,nan,2,3240,578320,4,0,0,2,264,128,32,136,34,66,2,38472,229,2
497,-47.5,57.5,66,33,0,0.0,0.0,0,0.0,57.5,1,562500.0,51.984030284591064,35.52150280871299,33,66,1,5,66,0,6,-105.0,70.5,-47.5,192878,245,32,33,8,29,5.0,1491580,491.358424,nan,1.49158,nan,5,3960,1445800,10,0,0,5,660,320,80,340,85,165,5,41160,245,5
498,-47.5,57.5,66,33,0,0.0,0.0,0,0.0,57.5,1,562500.0,66.12794303894043,63.91511535644531,33,66,1,2,66,0,3,-105.0,70.5,-47.5,192878,197,32,33,8,31,5.0,615352,491.973776,nan,0.615352,nan,2,3672,578320,4,0,0,2,264,128,32,136,34,66,2,33096,197,2
499,-47.5,57.5,68,34,0,0.0,0.0,0,0.0,57.5,3,562500.0,44.71886054322937,39.11602391565313,34,68,3,4,68,0,7,-105.0,70.5,-47.5,192878,205,32,34,8,30,5.0,1196000,493.169776,nan,1.196,nan,4,4392,1156640,8,0,0,4,528,256,64,272,68,132,4,34440,205,4
500,-47.5,57.5,66,33,0,0.0,0.0,0,0.0,57.5,1,562500.0,49.97475980763975,38.544067000601665,33,66,1,3,66,0,4,-105.0,70.5,-47.5,192878,198,32,33,7,31,5.0,904956,494.074732,nan,0.904956,nan,3,3816,867480,6,0,0,3,396,192,48,204,51,99,3,33264,198,3
501,-47.5,57.5,54,27,0,0.0,0.0,0,0.0,57.5,2,562500.0,43.03586960007693,27.006776043973545,27,54,2,5,54,0,7,-105.0,70.5,-47.5,192878,214,32,27,7,25,5.0,1485364,495.560096,nan,1.485364,nan,5,2952,1445800,10,0,0,5,660,320,80,340,85,165,5,35952,214,5
502,-47.5,57.5,48,24,0,0.0,0.0,0,0.0,57.5,2,562500.0,50.454746988921684,41.210898633346815,24,48,2,4,48,0,6,-105.0,70.5,-47.5,192878,148,32,24,6,23,5.0,1185128,496.745224,nan,1.185128,nan,4,3096,1156640,8,0,0,4,528,256,64,272,68,132,4,24864,148,4
503,-47.5,57.5,40,20,0,0.0,0.0,0,0.0,57.5,1,562500.0,60.98740863800049,60.65481185913086,20,40,1,2,40,0,3,-105.0,70.5,-47.5,192878,111,32,20,5,19,5.0,599752,497.344976,nan,0.599752,nan,2,2520,578320,4,0,0,2,264,128,32,136,34,66,2,18648,111,2
504,-47.5,57.5,42,21,0,0.0,0.0,0,0.0,57.5,0,562500.0,60.0581750869751,60.033409118652344,21,42,0,2,42,0,2,-105.0,70.5,-47.5,192878,215,32,21,6,19,5.0,617368,497.962344,nan,0.617368,nan,2,2664,578320,4,0,0,2,264,128,32,136,34,66,2,36120,215,2
505,-47.5,57.5,40,20,0,0.0,0.0,0,0.0,57.5,3,562500.0,48.111150094784676,33.084899776467296,20,40,3,4,40,0,7,-105.0,70.5,-47.5,192878,199,32,20,6,18,5.0,1193408,499.155752,nan,1.193408,nan,4,2808,1156640,8,0,0,4,528,256,64,272,68,132,4,33432,199,4
506,-47.5,57.5,40,20,0,0.0,0.0,0,0.0,57.5,2,562500.0,35.79312072879851,18.027757656780558,20,40,2,4,40,0,6,-105.0,70.5,-47.5,192878,229,32,20,5,19,5.0,1197944,500.353696,nan,1.197944,nan,4,2304,1156640,8,0,0,4,528,256,64,272,68,132,4,38472,229,4
507,-47.5,57.5,50,25,0,0.0,0.0,0,0.0,57.5,0,562500.0,38.45854327416794,30.31061871893548,25,50,0,2,50,0,2,-105.0,70.5,-47.5,192878,195,32,25,5,24,5.0,614656,500.968352,nan,0.614656,nan,2,3312,578320,4,0,0,2,264,128,32,136,34,66,2,32760,195,2
508,-47.5,57.5,54,27,0,0.0,0.0,0,0.0,57.5,1,562500.0,61.27857971191406,61.27857971191406,27,54,1,1,54,0,2,-105.0,70.5,-47.5,192878,116,32,27,4,27,5.0,312236,501.280588,nan,0.312236,nan,1,3456,289160,2,0,0,1,132,64,16,68,17,33,1,19488,116,1
509,-47.5,57.5,56,28,0,0.0,0.0,0,0.0,57.5,2,562500.0,50.9350207787893,33.70446841835518,28,56,2,5,56,0,7,-105.0,70.5,-47.5,192878,228,32,28,7,26,5.0,1488508,502.769096,nan,1.488508,nan,5,3744,1445800,10,0,0,5,660,320,80,340,85,165,5,38304,228,5
510,-47.5,57.5,54,27,0,0.0,0.0,0,0.0,57.5,1,562500.0,49.946460689730536,34.87716847000739,27,54,1,6,54,0,7,-105.0,70.5,-47.5,192878,163,32,27,6,27,5.0,1766232,504.535328,nan,1.766232,nan,6,3096,1734960,12,0,0,6,792,384,96,408,102,198,6,27384,163,6
511,-47.5,57.5,42,21,0,0.0,0.0,0,0.0,57.5,1,562500.0,50.82819205380834,37.87993965637915,21,42,1,4,42,0,5,-105.0,70.5,-47.5,192878,203,32,21,6,20,5.0,1193720,505.729048,nan,1.19372,nan,4,2448,1156640,8,0,0,4,528,256,64,272,68,132,4,34104,203,4
512,-47.5,57.5,50,25,0,0.0,0.0,0,0.0,57.5,0,562500.0,51.5202653607073,43.565341694557446,25,50,0,3,50,0,3,-105.0,70.5,-47.5,192878,155,32,25,7,25,5.0,896940,506.625988,nan,0.89694,nan,3,3024,867480,6,0,0,3,396,192,48,204,51,99,3,26040,155,3
513,-47.5,57.5,54,27,0,0.0,0.0,0,0.0,57.5,1,562500.0,34.75258742739684,19.46394165917363,27,54,1,4,54,0,5,-105.0,70.5,-47.5,192878,165,32,27,6,25,5.0,1187768,507.813756,nan,1.187768,nan,4,2880,1156640,8,0,0,4,528,256,64,272,68,132,4,27720,165,4
514,-47.5,57.5,60,30,0,0.0,0.0,0,0.0,57.5,1,562500.0,47.13036766505865,35.11534100000582,30,60,1,3,60,0,4,-105.0,70.5,-47.5,192878,293,32,30,8,29,5.0,920556,508.734312,nan,0.920556,nan,3,3456,867480,6,0,0,3,396,192,48,204,51,99,3,49224,293,3
515,-47.5,57.5,64,32,0,0.0,0.0,0,0.0,57.5,1,562500.0,60.187920570373535,57.876800537109375,32,64,1,2,64,0,3,-105.0,70.5,-47.5,192878,208,32,32,8,32,5.0,617056,509.351368,nan,0.617056,nan,2,3528,578320,4,0,0,2,264,128,32,136,34,66,2,34944,208,2
516,-47.5,57.5,62,31,0,0.0,0.0,0,0.0,57.5,1,562500.0,66.26204744974773,65.14075088500977,31,62,1,3,62,0,4,-105.0,70.5,-47.5,192878,231,32,31,7,30,5.0,910356,510.261724,nan,0.910356,nan,3,3672,867480,6,0,0,3,396,192,48,204,51,99,3,38808,231,3
517,-47.5,57.5,54,27,0,0.0,0.0,0,0.0,57.5,3,562500.0,44.539646206062244,18.652372955516885,27,54,3,5,54,0,8,-105.0,70.5,-47.5,192878,238,32,27,8,26,5.0,1489540,511.751264,nan,1.48954,nan,5,3096,1445800,10,0,0,5,660,320,80,340,85,165,5,39984,238,5
518,-47.5,57.5,46,23,0,0.0,0.0,0,0.0,57.5,2,562500.0,62.65805625915527,61.673370361328125,23,46,2,2,46,0,4,-105.0,70.5,-47.5,192878,163,32,23,7,23,5.0,608416,512.35968,nan,0.608416,nan,2,2448,578320,4,0,0,2,264,128,32,136,34,66,2,27384,163,2
519,-47.5,57.5,54,27,0,0.0,0.0,0,0.0,57.5,0,562500.0,65.81350326538086,65.81350326538086,27,54,0,1,54,0,1,-105.0,70.5,-47.5,192878,208,32,27,7,25,5.0,327188,512.686868,nan,0.327188,nan,1,2952,289160,2,0,0,1,132,64,16,68,17,33,1,34944,208,1
520,-47.5,57.5,54,27,0,0.0,0.0,0,0.0,57.5,1,562500.0,70.88372707366943,67.5026626586914,27,54,1,2,54,0,3,-105.0,70.5,-47.5,192878,105,32,27,5,24,5.0,599608,513.286476,nan,0.599608,nan,2,3384,578320,4,0,0,2,264,128,32,136,34,66,2,17640,105,2
521,-47.5,57.5,54,27,0,0.0,0.0,0,0.0,57.5,2,562500.0,48.217515812279196,39.90961085371743,27,54,2,3,54,0,5,-105.0,70.5,-47.5,192878,131,32,27,6,24,5.0,893340,514.179816,nan,0.89334,nan,3,3456,867480,6,0,0,3,396,192,48,204,51,99,3,22008,131,3
522,-47.5,57.5,52,26,0,0.0,0.0,0,0.0,57.5,1,562500.0,51.43902253932266,29.953992898073327,26,52,1,4,52,0,5,-105.0,70.5,-47.5,192878,135,32,26,6,24,5.0,1183016,515.362832,nan,1.183016,nan,4,3168,1156640,8,0,0,4,528,256,64,272,68,132,4,22680,135,4
523,-47.5,57.5,56,28,0,0.0,0.0,0,0.0,57.5,1,562500.0,49.69246455201735,37.05394394446678,28,56,1,3,56,0,4,-105.0,70.5,-47.5,192878,133,32,28,7,26,5.0,893604,516.256436,nan,0.893604,nan,3,3384,867480,6,0,0,3,396,192,48,204,51,99,3,22344,133,3
524,-47.5,57.5,54,27,0,0.0,0.0,0,0.0,57.5,1,562500.0,56.024276596515705,37.357155703074355,27,54,1,4,54,0,5,-105.0,70.5,-47.5,192878,126,32,27,7,24,5.0,1181360,517.437796,nan,1.18136,nan,4,3024,1156640,8,0,0,4,528,256,64,272,68,132,4,21168,126,4
525,-47.5,57.5,58,29,0,0.0,0.0,0,0.0,57.5,1,562500.0,40.287474590307006,22.04480144159712,29,58,1,3,58,0,4,-105.0,70.5,-47.5,192878,135,32,29,7,25,5.0,893652,518.331448,nan,0.893652,nan,3,3096,867480,6,0,0,3,396,192,48,204,51,99,3,22680,135,3
526,-47.5,57.5,56,28,0,0.0,0.0,0,0.0,57.5,2,562500.0,46.54232423581468,27.623540113925614,28,56,2,6,56,0,8,-105.0,70.5,-47.5,192878,164,32,28,7,24,5.0,1766400,520.097848,nan,1.7664,nan,6,3096,1734960,12,0,0,6,792,384,96,408,102,198,6,27552,164,6
527,-47.5,57.5,46,23,0,0.0,0.0,0,0.0,57.5,0,562500.0,52.80805891649181,46.54647068871631,23,46,0,4,46,0,4,-105.0,70.5,-47.5,192878,135,32,23,6,22,5.0,1182152,521.28,nan,1.182152,nan,4,2304,1156640,8,0,0,4,528,256,64,272,68,132,4,22680,135,4
528,-47.5,57.5,40,20,0,0.0,0.0,0,0.0,57.5,1,562500.0,53.05321878955107,38.62344712040727,20,40,1,4,40,0,5,-105.0,70.5,-47.5,192878,108,32,20,5,19,5.0,1177256,522.457256,nan,1.177256,nan,4,1944,1156640,8,0,0,4,528,256,64,272,68,132,4,18144,108,4
529,-47.5,57.5,42,21,0,0.0,0.0,0,0.0,57.5,0,562500.0,67.46906661987305,67.46906661987305,21,42,0,1,42,0,1,-105.0,70.5,-47.5,192878,253,32,21,8,19,5.0,333596,522.790852,nan,0.333596,nan,1,1800,289160,2,0,0,1,132,64,16,68,17,33,1,42504,253,1
530,-47.5,57.5,40,20,0,0.0,0.0,0,0.0,57.5,0,562500.0,36.74512299753865,21.83372370602243,20,40,0,3,40,0,3,-105.0,70.5,-47.5,192878,191,32,20,6,19,5.0,902052,523.692904,nan,0.902052,nan,3,2088,867480,6,0,0,3,396,192,48,204,51,99,3,32088,191,3
531,-47.5,57.5,42,21,0,0.0,0.0,0,0.0,57.5,1,562500.0,32.97072423790867,18.56271572890546,21,42,1,3,42,0,4,-105.0,70.5,-47.5,192878,172,32,21,7,19,5.0,899220,524.592124,nan,0.89922,nan,3,2448,867480,6,0,0,3,396,192,48,204,51,99,3,28896,172,3
532,-47.5,57.5,42,21,0,0.0,0.0,0,0.0,57.5,0,562500.0,60.99810218811035,60.2106819152832,21,42,0,2,42,0,2,-105.0,70.5,-47.5,192878,165,32,21,8,21,5.0,608464,525.200588,nan,0.608464,nan,2,2160,578320,4,0,0,2,264,128,32,136,34,66,2,27720,165,2
533,-47.5,57.5,40,20,0,0.0,0.0,0,0.0,57.5,1,562500.0,25.526136458466624,22.861341968201742,20,40,1,2,40,0,3,-105.0,70.5,-47.5,192878,199,32,20,7,18,5.0,614248,525.814836,nan,0.614248,nan,2,2232,578320,4,0,0,2,264,128,32,136,34,66,2,33432,199,2
534,-47.5,57.5,44,22,0,0.0,0.0,0,0.0,57.5,1,562500.0,33.64563309031466,18.995063594332603,22,44,1,5,44,0,6,-105.0,70.5,-47.5,192878,217,32,22,8,20,5.0,1485508,527.300344,nan,1.485508,nan,5,2592,1445800,10,0,0,5,660,320,80,340,85,165,5,36456,217,5
535,-47.5,57.5,44,22,0,0.0,0.0,0,0.0,57.5,1,562500.0,47.60076160963127,32.41973526526756,22,44,1,3,44,0,4,-105.0,70.5,-47.5,192878,165,32,22,7,18,5.0,897756,528.1981,nan,0.897756,nan,3,2160,867480,6,0,0,3,396,192,48,204,51,99,3,27720,165,3
536,-47.5,57.5,44,22,0,0.0,0.0,0,0.0,57.5,0,562500.0,43.51809488800306,32.24718456397498,22,44,0,5,44,0,5,-105.0,70.5,-47.5,192878,191,32,22,7,20,5.0,1480924,529.679024,nan,1.480924,nan,5,2376,1445800,10,0,0,5,660,320,80,340,85,165,5,32088,191,5
537,-47.5,57.5,44,22,0,0.0,0.0,0,0.0,57.5,0,562500.0,54.921839046671174,52.264785356544216,22,44,0,3,44,0,3,-105.0,70.5,-47.5,192878,172,32,22,8,20,5.0,899004,530.578028,nan,0.899004,nan,3,2232,867480,6,0,0,3,396,192,48,204,51,99,3,28896,172,3
538,-47.5,57.5,44,22,0,0.0,0.0,0,0.0,57.5,0,562500.0,33.18660778731866,23.50180787706902,22,44,0,2,44,0,2,-105.0,70.5,-47.5,192878,157,32,22,7,20,5.0,607552,531.18558,nan,0.607552,nan,2,2592,578320,4,0,0,2,264,128,32,136,34,66,2,26376,157,2
539,-47.5,57.5,44,22,0,0.0,0.0,0,0.0,57.5,1,562500.0,65.57995096842448,61.7855224609375,22,44,1,3,44,0,4,-105.0,70.5,-47.5,192878,199,32,22,8,19,5.0,904260,532.08984,nan,0.90426,nan,3,2952,867480,6,0,0,3,396,192,48,204,51,99,3,33432,199,3
540,-47.5,57.5,46,23,0,0.0,0.0,0,0.0,57.5,2,562500.0,51.21835824069371,50.171871322015946,23,46,2,2,46,0,4,-105.0,70.5,-47.5,192878,195,32,23,8,21,5.0,614440,532.70428,nan,0.61444,nan,2,3096,578320,4,0,0,2,264,128,32,136,34,66,2,32760,195,2
541,-47.5,57.5,54,27,0,0.0,0.0,0,0.0,57.5,1,562500.0,66.22860336303711,66.22860336303711,27,54,1,1,54,0,2,-105.0,70.5,-47.5,192878,165,32,27,7,24,5.0,320684,533.024964,nan,0.320684,nan,1,3672,289160,2,0,0,1,132,64,16,68,17,33,1,27720,165,1
542,-47.5,57.5,52,26,0,0.0,0.0,0,0.0,57.5,2,562500.0,58.743936731429116,51.89271314731925,26,52,2,4,52,0,6,-105.0,70.5,-47.5,192878,184,32,26,7,22,5.0,1191824,534.216788,nan,1.191824,nan,4,3744,1156640,8,0,0,4,528,256,64,272,68,132,4,30912,184,4
543,-47.5,57.5,56,28,0,0.0,0.0,0,0.0,57.5,1,562500.0,53.69459146772836,44.018155817108216,28,56,1,4,56,0,5,-105.0,70.5,-47.5,192878,118,32,28,6,24,5.0,1180448,535.397236,nan,1.180448,nan,4,3456,1156640,8,0,0,4,528,256,64,272,68,132,4,19824,118,4
544,-47.5,57.5,54,27,0,0.0,0.0,0,0.0,57.5,1,562500.0,66.53666496276855,66.0072135925293,27,54,1,2,54,0,3,-105.0,70.5,-47.5,192878,177,32,27,7,24,5.0,611344,536.00858,nan,0.611344,nan,2,3024,578320,4,0,0,2,264,128,32,136,34,66,2,29736,177,2
545,-47.5,57.5,58,29,0,0.0,0.0,0,0.0,57.5,0,562500.0,52.39166270364162,39.810965782979885,29,58,0,3,58,0,3,-105.0,70.5,-47.5,192878,223,32,29,7,27,5.0,908652,536.917232,nan,0.908652,nan,3,3312,867480,6,0,0,3,396,192,48,204,51,99,3,37464,223,3
546,-47.5,57.5,56,28,0,0.0,0.0,0,0.0,57.5,4,562500.0,50.47998172614166,37.40258598381321,28,56,4,3,56,0,7,-105.0,70.5,-47.5,192878,168,32,28,6,25,5.0,899700,537.816932,nan,0.8997,nan,3,3600,867480,6,0,0,3,396,192,48,204,51,99,3,28224,168,3
547,-47.5,57.5,42,21,0,0.0,0.0,0,0.0,57.5,2,562500.0,37.06192759931126,30.1344335369342,21,42,2,2,42,0,4,-105.0,70.5,-47.5,192878,265,32,21,7,18,5.0,625552,538.442484,nan,0.625552,nan,2,2448,578320,4,0,0,2,264,128,32,136,34,66,2,44520,265,2
548,-47.5,57.5,32,16,0,0.0,0.0,0,0.0,57.5,2,562500.0,49.30071264590977,30.163113884566016,16,32,2,4,32,0,6,-105.0,70.5,-47.5,192878,198,32,16,5,15,5.0,1192304,539.634788,nan,1.192304,nan,4,1872,1156640,8,0,0,4,528,256,64,272,68,132,4,33264,198,4
549,-47.5,57.5,32,16,0,0.0,0.0,0,0.0,57.5,2,562500.0,40.585461373409665,24.89255770361116,16,32,2,3,32,0,5,-105.0,70.5,-47.5,192878,194,32,16,6,16,5.0,901980,540.536768,nan,0.90198,nan,3,1512,867480,6,0,0,3,396,192,48,204,51,99,3,32592,194,3
550,-47.5,57.5,30,15,0,0.0,0.0,0,0.0,57.5,1,562500.0,65.37749862670898,65.37749862670898,15,30,1,1,30,0,2,-105.0,70.5,-47.5,192878,193,32,15,5,14,5.0,323228,540.859996,nan,0.323228,nan,1,1512,289160,2,0,0,1,132,64,16,68,17,33,1,32424,193,1
551,-47.5,57.5,30,15,0,0.0,0.0,0,0.0,57.5,0,562500.0,64.80007362365723,62.538734436035156,15,30,0,2,30,0,2,-105.0,70.5,-47.5,192878,189,32,15,5,14,5.0,612064,541.47206,nan,0.612064,nan,2,1728,578320,4,0,0,2,264,128,32,136,34,66,2,31752,189,2
552,-47.5,57.5,28,14,0,0.0,0.0,0,0.0,57.5,1,562500.0,49.46980111307667,28.341961890664894,14,28,1,4,28,0,5,-105.0,70.5,-47.5,192878,113,32,14,5,13,5.0,1177952,542.650012,nan,1.177952,nan,4,1800,1156640,8,0,0,4,528,256,64,272,68,132,4,18984,113,4
553,-47.5,57.5,30,15,0,0.0,0.0,0,0.0,57.5,0,546358.1386325893,37.87316625079927,12.976882705297283,15,30,0,7,30,0,7,-105.0,70.5,-47.5,192878,95,32,15,4,14,5.0,2042588,544.6926,nan,2.042588,nan,7,1584,2024120,14,0,0,7,924,448,112,476,119,231,7,15960,95,7
554,-47.5,57.5,30,15,0,0.0,0.0,0,0.0,57.5,0,562500.0,59.461997985839844,59.461997985839844,15,30,0,1,30,0,1,-105.0,70.5,-47.5,192878,245,32,15,6,14,5.0,331748,545.024348,nan,0.331748,nan,1,1296,289160,2,0,0,1,132,64,16,68,17,33,1,41160,245,1
555,-47.5,57.5,34,17,0,0.0,0.0,0,0.0,57.5,0,562500.0,44.40528833582362,35.34430099022531,17,34,0,3,34,0,3,-105.0,70.5,-47.5,192878,166,32,17,5,16,5.0,897780,545.922128,nan,0.89778,nan,3,2016,867480,6,0,0,3,396,192,48,204,51,99,3,27888,166,3
556,-47.5,57.5,38,19,0,0.0,0.0,0,0.0,57.5,0,562500.0,35.55468917364612,28.044311214423345,19,38,0,2,38,0,2,-105.0,70.5,-47.5,192878,241,32,19,5,18,5.0,620944,546.543072,nan,0.620944,nan,2,1872,578320,4,0,0,2,264,128,32,136,34,66,2,40488,241,2
557,-47.5,57.5,36,18,0,0.0,0.0,0,0.0,57.5,0,562500.0,44.24420265062676,35.89508441484235,18,36,0,3,36,0,3,-105.0,70.5,-47.5,192878,167,32,18,5,16,5.0,897804,547.440876,nan,0.897804,nan,3,1872,867480,6,0,0,3,396,192,48,204,51,99,3,28056,167,3
558,-47.5,57.5,32,16,0,0.0,0.0,0,0.0,57.5,0,562500.0,57.55214309692383,57.55214309692383,16,32,0,1,32,0,1,-105.0,70.5,-47.5,192878,109,32,16,5,14,5.0,309620,547.750496,nan,0.30962,nan,1,2016,289160,2,0,0,1,132,64,16,68,17,33,1,18312,109,1
559,-47.5,57.5,30,15,0,0.0,0.0,0,0.0,57.5,0,562500.0,41.68128302463262,18.170110935056808,15,30,0,4,30,0,4,-105.0,70.5,-47.5,192878,45,32,15,3,12,5.0,1166600,548.917096,nan,1.1666,nan,4,1872,1156640,8,0,0,4,528,256,64,272,68,132,4,7560,45,4
560,-47.5,57.5,32,16,0,0.0,0.0,0,0.0,57.5,0,562500.0,43.63799057257488,30.2851157443791,16,32,0,4,32,0,4,-105.0,70.5,-47.5,192878,78,32,16,5,14,5.0,1172144,550.08924,nan,1.172144,nan,4,1872,1156640,8,0,0,4,528,256,64,272,68,132,4,13104,78,4
561,-47.5,57.5,28,14,0,0.0,0.0,0,0.0,57.5,1,562500.0,56.18311366218944,36.75059593527466,14,28,1,3,28,0,4,-105.0,70.5,-47.5,192878,70,32,14,5,13,5.0,881220,550.97046,nan,0.88122,nan,3,1584,867480,6,0,0,3,396,192,48,204,51,99,3,11760,70,3
562,-47.5,57.5,28,14,0,0.0,0.0,0,0.0,57.5,2,562500.0,35.56221501053817,20.58487685462255,14,28,2,4,28,0,6,-105.0,70.5,-47.5,192878,72,32,14,5,13,5.0,1170920,552.14138,nan,1.17092,nan,4,1656,1156640,8,0,0,4,528,256,64,272,68,132,4,12096,72,4
563,-47.5,57.5,38,19,0,0.0,0.0,0,0.0,57.5,2,562500.0,52.120754031975316,47.3328005782679,19,38,2,3,38,0,5,-105.0,70.5,-47.5,192878,66,32,19,4,17,5.0,880764,553.022144,nan,0.880764,nan,3,1800,867480,6,0,0,3,396,192,48,204,51,99,3,11088,66,3
564,-47.5,57.5,42,21,0,0.0,0.0,0,0.0,57.5,2,562500.0,63.979838371276855,60.43667984008789,21,42,2,2,42,0,4,-105.0,70.5,-47.5,192878,202,32,21,5,18,5.0,614320,553.636464,nan,0.61432,nan,2,1800,578320,4,0,0,2,264,128,32,136,34,66,2,33936,202,2
565,-47.5,57.5,40,20,0,0.0,0.0,0,0.0,57.5,1,562500.0,64.8552131652832,62.24409103393555,20,40,1,2,40,0,3,-105.0,70.5,-47.5,192878,213,32,20,5,18,5.0,616096,554.25256,nan,0.616096,nan,2,1728,578320,4,0,0,2,264,128,32,136,34,66,2,35784,213,2
566,-47.5,57.5,32,16,0,0.0,0.0,0,0.0,57.5,1,562500.0,41.07798729990836,34.83519604600285,16,32,1,2,32,0,3,-105.0,70.5,-47.5,192878,104,32,16,5,16,5.0,597496,554.850056,nan,0.597496,nan,2,1440,578320,4,0,0,2,264,128,32,136,34,66,2,17472,104,2
567,-47.5,57.5,36,18,0,0.0,0.0,0,0.0,57.5,0,562500.0,62.95300769805908,59.255374908447266,18,36,0,2,36,0,2,-105.0,70.5,-47.5,192878,150,32,18,5,16,5.0,605152,555.455208,nan,0.605152,nan,2,1368,578320,4,0,0,2,264,128,32,136,34,66,2,25200,150,2
568,-47.5,57.5,44,22,0,0.0,0.0,0,0.0,57.5,0,562500.0,60.13913154602051,60.06757736206055,22,44,0,2,44,0,2,-105.0,70.5,-47.5,192878,162,32,22,6,20,5.0,607672,556.06288,nan,0.607672,nan,2,1872,578320,4,0,0,2,264,128,32,136,34,66,2,27216,162,2
569,-47.5,57.5,50,25,0,0.0,0.0,0,0.0,57.5,1,562500.0,52.146106255642366,36.65238150191208,25,50,1,4,50,0,5,-105.0,70.5,-47.5,192878,163,32,25,7,22,5.0,1187072,557.249952,nan,1.187072,nan,4,2520,1156640,8,0,0,4,528,256,64,272,68,132,4,27384,163,4
570,-47.5,57.5,50,25,0,0.0,0.0,0,0.0,57.5,0,562500.0,46.937891091663495,39.88063359679606,25,50,0,3,50,0,3,-105.0,70.5,-47.5,192878,168,32,25,7,23,5.0,898620,558.148572,nan,0.89862,nan,3,2520,867480,6,0,0,3,396,192,48,204,51,99,3,28224,168,3
571,-47.5,57.5,46,23,0,0.0,0.0,0,0.0,57.5,2,562500.0,42.086124967685834,18.87243270371461,23,46,2,3,46,0,5,-105.0,70.5,-47.5,192878,258,32,23,7,21,5.0,913956,559.062528,nan,0.913956,nan,3,2736,867480,6,0,0,3,396,192,48,204,51,99,3,43344,258,3
572,-47.5,57.5,44,22,0,0.0,0.0,0,0.0,57.5,2,562500.0,40.01545745687642,18.626826309962638,22,44,2,6,44,0,8,-105.0,70.5,-47.5,192878,200,32,22,6,18,5.0,1772088,560.834616,nan,1.772088,nan,6,2736,1734960,12,0,0,6,792,384,96,408,102,198,6,33600,200,6
573,-47.5,57.5,46,23,0,0.0,0.0,0,0.0,57.5,1,562500.0,70.86810398101807,67.52299499511719,23,46,1,2,46,0,3,-105.0,70.5,-47.5,192878,196,32,23,7,23,5.0,613744,561.44836,nan,0.613744,nan,2,2232,578320,4,0,0,2,264,128,32,136,34,66,2,32928,196,2
574,-47.5,57.5,44,22,0,0.0,0.0,0,0.0,57.5,0,562500.0,60.813209533691406,60.21068572998047,22,44,0,2,44,0,2,-105.0,70.5,-47.5,192878,163,32,22,5,19,5.0,608416,562.056776,nan,0.608416,nan,2,2448,578320,4,0,0,2,264,128,32,136,34,66,2,27384,163,2
575,-47.5,57.5,52,26,0,0.0,0.0,0,0.0,57.5,1,562500.0,60.5347785949707,60.5347785949707,26,52,1,1,52,0,2,-105.0,70.5,-47.5,192878,221,32,26,8,22,5.0,329444,562.38622,nan,0.329444,nan,1,3024,289160,2,0,0,1,132,64,16,68,17,33,1,37128,221,1
576,-47.5,57.5,48,24,0,0.0,0.0,0,0.0,57.5,1,562500.0,28.579927755014552,18.303415734371494,24,48,1,4,48,0,5,-105.0,70.5,-47.5,192878,152,32,24,6,23,5.0,1185440,563.57166,nan,1.18544,nan,4,2736,1156640,8,0,0,4,528,256,64,272,68,132,4,25536,152,4
577,-47.5,57.5,56,28,0,0.0,0.0,0,0.0,57.5,0,562500.0,50.61339950046252,41.546059231367,28,56,0,3,56,0,3,-105.0,70.5,-47.5,192878,157,32,28,6,27,5.0,897420,564.46908,nan,0.89742,nan,3,3168,867480,6,0,0,3,396,192,48,204,51,99,3,26376,157,3
578,-47.5,57.5,60,30,0,0.0,0.0,0,0.0,57.5,2,562500.0,64.96605736783117,60.139373779296875,30,60,2,3,60,0,5,-105.0,70.5,-47.5,192878,230,32,30,7,28,5.0,910548,565.379628,nan,0.910548,nan,3,4032,867480,6,0,0,3,396,192,48,204,51,99,3,38640,230,3
579,-47.5,57.5,56,28,0,0.0,0.0,0,0.0,57.5,3,562500.0,39.569535961381334,23.45559163769181,28,56,3,3,56,0,6,-105.0,70.5,-47.5,192878,224,32,28,7,27,5.0,909468,566.289096,nan,0.909468,nan,3,3960,867480,6,0,0,3,396,192,48,204,51,99,3,37632,224,3
580,-47.5,57.5,54,27,0,0.0,0.0,0,0.0,57.5,1,562500.0,53.88755008411931,40.88056528132368,27,54,1,5,54,0,6,-105.0,70.5,-47.5,192878,176,32,27,6,25,5.0,1479268,567.768364,nan,1.479268,nan,5,3240,1445800,10,0,0,5,660,320,80,340,85,165,5,29568,176,5
581,-47.5,57.5,56,28,0,0.0,0.0,0,0.0,57.5,1,562500.0,42.07746735128722,19.99715744424727,28,56,1,3,56,0,4,-105.0,70.5,-47.5,192878,124,32,28,5,27,5.0,891732,568.660096,nan,0.891732,nan,3,3024,867480,6,0,0,3,396,192,48,204,51,99,3,20832,124,3
582,-47.5,57.5,58,29,0,0.0,0.0,0,0.0,57.5,0,562500.0,44.41183438912498,25.432941947629534,29,58,0,3,58,0,3,-105.0,70.5,-47.5,192878,183,32,29,7,26,5.0,902292,569.562388,nan,0.902292,nan,3,3672,867480,6,0,0,3,396,192,48,204,51,99,3,30744,183,3
583,-47.5,57.5,58,29,0,0.0,0.0,0,0.0,57.5,0,562500.0,38.29898759639018,25.728823340219314,29,58,0,4,58,0,4,-105.0,70.5,-47.5,192878,132,32,29,6,28,5.0,1183232,570.74562,nan,1.183232,nan,4,3888,1156640,8,0,0,4,528,256,64,272,68,132,4,22176,132,4
584,-47.5,57.5,54,27,0,0.0,0.0,0,0.0,57.5,1,562500.0,43.48595807098007,23.083325910155512,27,54,1,4,54,0,5,-105.0,70.5,-47.5,192878,193,32,27,6,25,5.0,1192472,571.938092,nan,1.192472,nan,4,2880,1156640,8,0,0,4,528,256,64,272,68,132,4,32424,193,4
585,-47.5,57.5,52,26,0,0.0,0.0,0,0.0,57.5,2,562500.0,49.01124467947562,24.90080683244185,26,52,2,4,52,0,6,-105.0,70.5,-47.5,192878,203,32,26,7,25,5.0,1194008,573.1321,nan,1.194008,nan,4,2736,1156640,8,0,0,4,528,256,64,272,68,132,4,34104,203,4
586,-47.5,57.5,56,28,0,0.0,0.0,0,0.0,57.5,0,562500.0,45.5887010248806,35.72989645998111,28,56,0,5,56,0,5,-105.0,70.5,-47.5,192878,167,32,28,6,27,5.0,1477036,574.609136,nan,1.477036,nan,5,2520,1445800,10,0,0,5,660,320,80,340,85,165,5,28056,167,5
587,-47.5,57.5,54,27,0,0.0,0.0,0,0.0,57.5,1,562500.0,62.257808685302734,59.11570358276367,27,54,1,2,54,0,3,-105.0,70.5,-47.5,192878,208,32,27,7,25,5.0,615976,575.225112,nan,0.615976,nan,2,2448,578320,4,0,0,2,264,128,32,136,34,66,2,34944,208,2
588,-47.5,57.5,60,30,0,0.0,0.0,0,0.0,57.5,2,562500.0,33.700197029739755,18.448397346499995,30,60,2,4,60,0,6,-105.0,70.5,-47.5,192878,172,32,30,7,28,5.0,1188656,576.413768,nan,1.188656,nan,4,2592,1156640,8,0,0,4,528,256,64,272,68,132,4,28896,172,4
589,-47.5,57.5,64,32,0,0.0,0.0,0,0.0,57.5,0,562500.0,47.671104088671825,35.462405543403904,32,64,0,3,64,0,3,-105.0,70.5,-47.5,192878,157,32,32,8,31,5.0,896628,577.310396,nan,0.896628,nan,3,2376,867480,6,0,0,3,396,192,48,204,51,99,3,26376,157,3
590,-47.5,57.5,72,36,0,0.0,0.0,0,0.0,57.5,0,562500.0,59.73232078552246,58.893856048583984,36,72,0,2,72,0,2,-105.0,70.5,-47.5,192878,173,32,36,7,33,5.0,610528,577.920924,nan,0.610528,nan,2,2880,578320,4,0,0,2,264,128,32,136,34,66,2,29064,173,2
591,-47.5,57.5,68,34,0,0.0,0.0,0,0.0,57.5,0,562500.0,44.70474212952004,27.139490578243162,34,68,0,4,68,0,4,-105.0,70.5,-47.5,192878,201,32,34,8,31,5.0,1194248,579.115172,nan,1.194248,nan,4,3312,1156640,8,0,0,4,528,256,64,272,68,132,4,33768,201,4
592,-47.5,57.5,62,31,0,0.0,0.0,0,0.0,57.5,0,562500.0,64.90518124898274,59.77107620239258,31,62,0,3,62,0,3,-105.0,70.5,-47.5,192878,215,32,31,7,30,5.0,907380,580.022552,nan,0.90738,nan,3,3384,867480,6,0,0,3,396,192,48,204,51,99,3,36120,215,3
593,-47.5,57.5,54,27,0,0.0,0.0,0,0.0,57.5,2,562500.0,38.198328499629824,19.935604933301054,27,54,2,3,54,0,5,-105.0,70.5,-47.5,192878,195,32,27,7,25,5.0,903372,580.925924,nan,0.903372,nan,3,2736,867480,6,0,0,3,396,192,48,204,51,99,3,32760,195,3
594,-47.5,57.5,52,26,0,0.0,0.0,0,0.0,57.5,0,562500.0,49.79797912471785,42.713473899064525,26,52,0,3,52,0,3,-105.0,70.5,-47.5,192878,237,32,26,7,23,5.0,910572,581.836496,nan,0.910572,nan,3,2880,867480,6,0,0,3,396,192,48,204,51,99,3,39816,237,3
595,-47.5,57.5,54,27,0,0.0,0.0,0,0.0,57.5,1,562500.0,64.3434066772461,64.3434066772461,27,54,1,1,54,0,2,-105.0,70.5,-47.5,192878,291,32,27,9,27,5.0,341060,582.177556,nan,0.34106,nan,1,2880,289160,2,0,0,1,132,64,16,68,17,33,1,48888,291,1
596,-47.5,57.5,58,29,0,0.0,0.0,0,0.0,57.5,1,562500.0,46.356892206100376,20.70786627183812,29,58,1,4,58,0,5,-105.0,70.5,-47.5,192878,223,32,29,7,27,5.0,1198448,583.376004,nan,1.198448,nan,4,3816,1156640,8,0,0,4,528,256,64,272,68,132,4,37464,223,4
597,-47.5,57.5,62,31,0,0.0,0.0,0,0.0,57.5,1,562500.0,38.63444696039387,18.58750782136023,31,62,1,5,62,0,6,-105.0,70.5,-47.5,192878,213,32,31,7,29,5.0,1485844,584.861848,nan,1.485844,nan,5,3600,1445800,10,0,0,5,660,320,80,340,85,165,5,35784,213,5
598,-47.5,57.5,52,26,0,0.0,0.0,0,0.0,57.5,2,562500.0,45.183347259357014,20.352003653764697,26,52,2,6,52,0,8,-105.0,70.5,-47.5,192878,163,32,26,6,24,5.0,1765656,586.627504,nan,1.765656,nan,6,2520,1734960,12,0,0,6,792,384,96,408,102,198,6,27384,163,6
599,-47.5,57.5,48,24,0,0.0,0.0,0,0.0,57.5,1,562500.0,62.266326904296875,60.98374938964844,24,48,1,3,48,0,4,-105.0,70.5,-47.5,192878,210,32,24,7,24,5.0,905388,587.532892,nan,0.905388,nan,3,2232,867480,6,0,0,3,396,192,48,204,51,99,3,35280,210,3
600,-47.5,57.5,36,18,0,0.0,0.0,0,0.0,57.5,0,562500.0,53.49583095009067,40.342488010744916,18,36,0,3,36,0,3,-105.0,70.5,-47.5,192878,114,32,18,5,16,5.0,888828,588.42172,nan,0.888828,nan,3,1800,867480,6,0,0,3,396,192,48,204,51,99,3,19152,114,3
601,-47.5,57.5,38,19,0,0.0,0.0,0,0.0,57.5,2,562500.0,24.229170004152706,19.949314144331048,19,38,2,2,38,0,4,-105.0,70.5,-47.5,192878,200,32,19,6,17,5.0,614632,589.036352,nan,0.614632,nan,2,2448,578320,4,0,0,2,264,128,32,136,34,66,2,33600,200,2
602,-47.5,57.5,36,18,0,0.0,0.0,0,0.0,57.5,2,562500.0,65.02072525024414,60.36727523803711,18,36,2,3,36,0,5,-105.0,70.5,-47.5,192878,216,32,18,6,17,5.0,906180,589.942532,nan,0.90618,nan,3,2016,867480,6,0,0,3,396,192,48,204,51,99,3,36288,216,3
603,-47.5,57.5,38,19,0,0.0,0.0,0,0.0,57.5,1,562500.0,47.56720885740258,38.417591495756184,19,38,1,3,38,0,4,-105.0,70.5,-47.5,192878,198,32,19,6,17,5.0,902652,590.845184,nan,0.902652,nan,3,1512,867480,6,0,0,3,396,192,48,204,51,99,3,33264,198,3
604,-47.5,57.5,36,18,0,0.0,0.0,0,0.0,57.5,1,562500.0,59.71419231663785,44.00162198933912,18,36,1,4,36,0,5,-105.0,70.5,-47.5,192878,165,32,18,5,16,5.0,1186472,592.031656,nan,1.186472,nan,4,1584,1156640,8,0,0,4,528,256,64,272,68,132,4,27720,165,4
605,-47.5,57.5,36,18,0,0.0,0.0,0,0.0,57.5,0,562500.0,46.426269386465144,34.62953801820347,18,36,0,3,36,0,3,-105.0,70.5,-47.5,192878,75,32,18,6,18,5.0,881988,592.913644,nan,0.881988,nan,3,1512,867480,6,0,0,3,396,192,48,204,51,99,3,12600,75,3
606,-47.5,57.5,38,19,0,0.0,0.0,0,0.0,57.5,0,562500.0,64.46126937866211,61.371700286865234,19,38,0,2,38,0,2,-105.0,70.5,-47.5,192878,182,32,19,6,17,5.0,610816,593.52446,nan,0.610816,nan,2,1656,578320,4,0,0,2,264,128,32,136,34,66,2,30576,182,2
607,-47.5,57.5,40,20,0,0.0,0.0,0,0.0,57.5,0,562500.0,60.42028100064366,58.295448303222656,20,40,0,3,40,0,3,-105.0,70.5,-47.5,192878,115,32,20,7,18,5.0,889140,594.4136,nan,0.88914,nan,3,1944,867480,6,0,0,3,396,192,48,204,51,99,3,19320,115,3
608,-47.5,57.5,38,19,0,0.0,0.0,0,0.0,57.5,2,562500.0,63.71342976888021,61.7855224609375,19,38,2,3,38,0,5,-105.0,70.5,-47.5,192878,130,32,19,6,16,5.0,891660,595.30526,nan,0.89166,nan,3,1944,867480,6,0,0,3,396,192,48,204,51,99,3,21840,130,3
609,-47.5,57.5,38,19,0,0.0,0.0,0,0.0,57.5,0,562500.0,53.571037510037485,44.844225031575505,19,38,0,2,38,0,2,-105.0,70.5,-47.5,192878,167,32,19,6,15,5.0,608656,595.913916,nan,0.608656,nan,2,2016,578320,4,0,0,2,264,128,32,136,34,66,2,28056,167,2
610,-47.5,57.5,36,18,0,0.0,0.0,0,0.0,57.5,1,562500.0,45.26366152824994,33.208848822279855,18,36,1,3,36,0,4,-105.0,70.5,-47.5,192878,133,32,18,5,13,5.0,892380,596.806296,nan,0.89238,nan,3,2160,867480,6,0,0,3,396,192,48,204,51,99,3,22344,133,3
611,-47.5,57.5,36,18,0,0.0,0.0,0,0.0,57.5,1,562500.0,63.66543197631836,61.785518646240234,18,36,1,3,36,0,4,-105.0,70.5,-47.5,192878,146,32,18,6,13,5.0,894708,597.701004,nan,0.894708,nan,3,2304,867480,6,0,0,3,396,192,48,204,51,99,3,24528,146,3
612,-47.5,57.5,36,18,0,0.0,0.0,0,0.0,57.5,2,562500.0,42.12462726193841,37.747642474715136,18,36,2,2,36,0,4,-105.0,70.5,-47.5,192878,110,32,18,6,15,5.0,599080,598.300084,nan,0.59908,nan,2,2016,578320,4,0,0,2,264,128,32,136,34,66,2,18480,110,2
613,-47.5,57.5,38,19,0,0.0,0.0,0,0.0,57.5,1,562500.0,34.85264032559892,20.473905833953715,19,38,1,3,38,0,4,-105.0,70.5,-47.5,192878,144,32,19,7,16,5.0,894300,599.194384,nan,0.8943,nan,3,2232,867480,6,0,0,3,396,192,48,204,51,99,3,24192,144,3
614,-47.5,57.5,38,19,0,0.0,0.0,0,0.0,57.5,0,562500.0,38.114506594867606,32.90575048550362,19,38,0,4,38,0,4,-105.0,70.5,-47.5,192878,100,32,19,5,14,5.0,1176056,600.37044,nan,1.176056,nan,4,2088,1156640,8,0,0,4,528,256,64,272,68,132,4,16800,100,4
615,-47.5,57.5,38,19,0,0.0,0.0,0,0.0,57.5,0,562500.0,43.4778728020763,32.22210685326464,19,38,0,3,38,0,3,-105.0,70.5,-47.5,192878,81,32,19,7,15,5.0,883644,601.254084,nan,0.883644,nan,3,2160,867480,6,0,0,3,396,192,48,204,51,99,3,13608,81,3
616,-47.5,57.5,42,21,0,0.0,0.0,0,0.0,57.5,0,562500.0,58.94993782043457,57.69123458862305,21,42,0,2,42,0,2,-105.0,70.5,-47.5,192878,132,32,21,6,13,5.0,603280,601.857364,nan,0.60328,nan,2,2520,578320,4,0,0,2,264,128,32,136,34,66,2,22176,132,2
617,-47.5,57.5,46,23,0,0.0,0.0,0,0.0,57.5,1,562500.0,38.87586300916938,18.134139284707523,23,46,1,4,46,0,5,-105.0,70.5,-47.5,192878,132,32,23,5,13,5.0,1182368,603.039732,nan,1.182368,nan,4,3024,1156640,8,0,0,4,528,256,64,272,68,132,4,22176,132,4
618,-47.5,57.5,50,25,0,0.0,0.0,0,0.0,57.5,2,562500.0,35.88275068630465,19.843460201761907,25,50,2,5,50,0,7,-105.0,70.5,-47.5,192878,135,32,25,6,19,5.0,1472020,604.511752,nan,1.47202,nan,5,2880,1445800,10,0,0,5,660,320,80,340,85,165,5,22680,135,5
619,-47.5,57.5,52,26,0,0.0,0.0,0,0.0,57.5,0,562500.0,67.48605346679688,67.42525482177734,26,52,0,3,52,0,3,-105.0,70.5,-47.5,192878,107,32,26,7,22,5.0,888444,605.400196,nan,0.888444,nan,3,2592,867480,6,0,0,3,396,192,48,204,51,99,3,17976,107,3
620,-47.5,57.5,48,24,0,0.0,0.0,0,0.0,57.5,0,562500.0,63.886461893717446,61.83955383300781,24,48,0,3,48,0,3,-105.0,70.5,-47.5,192878,107,32,24,7,20,5.0,888588,606.288784,nan,0.888588,nan,3,2736,867480,6,0,0,3,396,192,48,204,51,99,3,17976,107,3
621,-47.5,57.5,46,23,0,0.0,0.0,0,0.0,57.5,1,562500.0,53.320818468757054,32.356256864455155,23,46,1,4,46,0,5,-105.0,70.5,-47.5,192878,152,32,23,8,19,5.0,1185440,607.474224,nan,1.18544,nan,4,2736,1156640,8,0,0,4,528,256,64,272,68,132,4,25536,152,4
622,-47.5,57.5,46,23,0,0.0,0.0,0,0.0,57.5,2,562500.0,45.93642252510854,19.41997477171656,23,46,2,5,46,0,7,-105.0,70.5,-47.5,192878,114,32,23,7,18,5.0,1468204,608.942428,nan,1.468204,nan,5,2592,1445800,10,0,0,5,660,320,80,340,85,165,5,19152,114,5
623,-47.5,57.5,40,20,0,0.0,0.0,0,0.0,57.5,0,562500.0,51.142831497647805,32.35623401378331,20,40,0,4,40,0,4,-105.0,70.5,-47.5,192878,103,32,20,8,19,5.0,1176488,610.118916,nan,1.176488,nan,4,2016,1156640,8,0,0,4,528,256,64,272,68,132,4,17304,103,4
624,-47.5,57.5,40,20,0,0.0,0.0,0,0.0,57.5,0,562500.0,35.43050096271989,19.42473169920679,20,40,0,3,40,0,3,-105.0,70.5,-47.5,192878,104,32,20,7,16,5.0,887364,611.00628,nan,0.887364,nan,3,2016,867480,6,0,0,3,396,192,48,204,51,99,3,17472,104,3
625,-47.5,57.5,40,20,0,0.0,0.0,0,0.0,57.5,1,562500.0,46.2302709385152,38.1812600647698,20,40,1,3,40,0,4,-105.0,70.5,-47.5,192878,136,32,20,7,16,5.0,893028,611.899308,nan,0.893028,nan,3,2304,867480,6,0,0,3,396,192,48,204,51,99,3,22848,136,3
626,-47.5,57.5,40,20,0,0.0,0.0,0,0.0,57.5,2,562500.0,30.59819238100357,18.07600407379946,20,40,2,4,40,0,6,-105.0,70.5,-47.5,192878,76,32,20,7,16,5.0,1172240,613.071548,nan,1.17224,nan,4,2304,1156640,8,0,0,4,528,256,64,272,68,132,4,12768,76,4
627,-47.5,57.5,40,20,0,0.0,0.0,0,0.0,57.5,1,562500.0,39.109365933335866,21.54219951777415,20,40,1,3,40,0,4,-105.0,70.5,-47.5,192878,70,32,20,7,16,5.0,881796,613.953344,nan,0.881796,nan,3,2160,867480,6,0,0,3,396,192,48,204,51,99,3,11760,70,3
628,-47.5,57.5,40,20,0,0.0,0.0,0,0.0,57.5,0,562500.0,35.11960706973935,18.208395423520038,20,40,0,3,40,0,3,-105.0,70.5,-47.5,192878,135,32,20,6,14,5.0,892716,614.84606,nan,0.892716,nan,3,2160,867480,6,0,0,3,396,192,48,204,51,99,3,22680,135,3
629,-47.5,57.5,40,20,0,0.0,0.0,0,0.0,57.5,1,562500.0,63.68344306945801,61.785518646240234,20,40,1,3,40,0,4,-105.0,70.5,-47.5,192878,103,32,20,7,18,5.0,887484,615.733544,nan,0.887484,nan,3,2304,867480,6,0,0,3,396,192,48,204,51,99,3,17304,103,3
630,-47.5,57.5,40,20,0,0.0,0.0,0,0.0,57.5,0,562500.0,52.870060020041706,40.81566865429324,20,40,0,4,40,0,4,-105.0,70.5,-47.5,192878,135,32,20,8,18,5.0,1182224,616.915768,nan,1.182224,nan,4,2376,1156640,8,0,0,4,528,256,64,272,68,132,4,22680,135,4
631,-47.5,57.5,48,24,0,0.0,0.0,0,0.0,57.5,1,562500.0,42.43865305263812,33.798621916612355,24,48,1,2,48,0,3,-105.0,70.5,-47.5,192878,87,32,24,7,21,5.0,595864,617.511632,nan,0.595864,nan,2,2664,578320,4,0,0,2,264,128,32,136,34,66,2,14616,87,2
632,-47.5,57.5,48,24,0,0.0,0.0,0,0.0,57.5,1,562500.0,46.661005879476505,36.46380490548695,24,48,1,4,48,0,5,-105.0,70.5,-47.5,192878,103,32,24,6,19,5.0,1177280,618.688912,nan,1.17728,nan,4,2808,1156640,8,0,0,4,528,256,64,272,68,132,4,17304,103,4
633,-47.5,57.5,50,25,0,0.0,0.0,0,0.0,57.5,0,562500.0,63.480027516682945,60.791622161865234,25,50,0,3,50,0,3,-105.0,70.5,-47.5,192878,152,32,25,5,17,5.0,896148,619.58506,nan,0.896148,nan,3,2736,867480,6,0,0,3,396,192,48,204,51,99,3,25536,152,3
634,-47.5,57.5,50,25,0,0.0,0.0,0,0.0,57.5,0,562500.0,31.924142076575862,18.449911444588707,25,50,0,2,50,0,2,-105.0,70.5,-47.5,192878,153,32,25,7,23,5.0,607240,620.1923,nan,0.60724,nan,2,2952,578320,4,0,0,2,264,128,32,136,34,66,2,25704,153,2
635,-47.5,57.5,52,26,0,0.0,0.0,0,0.0,57.5,0,562500.0,58.61929893493652,58.39871597290039,26,52,0,2,52,0,2,-105.0,70.5,-47.5,192878,120,32,26,6,23,5.0,602344,620.794644,nan,0.602344,nan,2,3600,578320,4,0,0,2,264,128,32,136,34,66,2,20160,120,2
636,-47.5,57.5,50,25,0,0.0,0.0,0,0.0,57.5,1,562500.0,48.56886481276346,32.70671898854259,25,50,1,4,50,0,5,-105.0,70.5,-47.5,192878,126,32,25,7,21,5.0,1181936,621.97658,nan,1.181936,nan,4,3600,1156640,8,0,0,4,528,256,64,272,68,132,4,21168,126,4
637,-47.5,57.5,40,20,0,0.0,0.0,0,0.0,57.5,2,562500.0,46.07796225486717,35.70057516518298,20,40,2,3,40,0,5,-105.0,70.5,-47.5,192878,169,32,20,7,16,5.0,899076,622.875656,nan,0.899076,nan,3,2808,867480,6,0,0,3,396,192,48,204,51,99,3,28392,169,3
638,-47.5,57.5,38,19,0,0.0,0.0,0,0.0,57.5,2,562500.0,33.80207456944973,20.14000003502227,19,38,2,4,38,0,6,-105.0,70.5,-47.5,192878,138,32,19,5,15,5.0,1183016,624.058672,nan,1.183016,nan,4,2664,1156640,8,0,0,4,528,256,64,272,68,132,4,23184,138,4
639,-47.5,57.5,34,17,0,0.0,0.0,0,0.0,57.5,2,562500.0,33.08031069288677,21.717158560358083,17,34,2,4,34,0,6,-105.0,70.5,-47.5,192878,143,32,17,6,15,5.0,1183496,625.242168,nan,1.183496,nan,4,2304,1156640,8,0,0,4,528,256,64,272,68,132,4,24024,143,4
640,-47.5,57.5,40,20,0,0.0,0.0,0,0.0,57.5,0,562500.0,63.459991455078125,62.60778045654297,20,40,0,2,40,0,2,-105.0,70.5,-47.5,192878,225,32,20,7,18,5.0,618760,625.860928,nan,0.61876,nan,2,2376,578320,4,0,0,2,264,128,32,136,34,66,2,37800,225,2
641,-47.5,57.5,46,23,0,0.0,0.0,0,0.0,57.5,2,562500.0,48.40773355095501,32.73059550263807,23,46,2,4,46,0,6,-105.0,70.5,-47.5,192878,194,32,23,7,21,5.0,1192784,627.053712,nan,1.192784,nan,4,3024,1156640,8,0,0,4,528,256,64,272,68,132,4,32592,194,4
642,-47.5,57.5,46,23,0,0.0,0.0,0,0.0,57.5,2,562500.0,50.94709742175349,26.97347380601248,23,46,2,4,46,0,6,-105.0,70.5,-47.5,192878,183,32,23,5,20,5.0,1190864,628.244576,nan,1.190864,nan,4,2952,1156640,8,0,0,4,528,256,64,272,68,132,4,30744,183,4
643,-47.5,57.5,62,31,0,0.0,0.0,0,0.0,57.5,1,562500.0,67.82609558105469,67.82609558105469,31,62,1,1,62,0,2,-105.0,70.5,-47.5,192878,154,32,31,6,30,5.0,318044,628.56262,nan,0.318044,nan,1,2880,289160,2,0,0,1,132,64,16,68,17,33,1,25872,154,1
644,-47.5,57.5,60,30,0,0.0,0.0,0,0.0,57.5,2,562500.0,51.89607055237232,37.95052149958509,30,60,2,4,60,0,6,-105.0,70.5,-47.5,192878,292,32,30,7,27,5.0,1209680,629.7723,nan,1.20968,nan,4,3456,1156640,8,0,0,4,528,256,64,272,68,132,4,49056,292,4
645,-47.5,57.5,62,31,0,0.0,0.0,0,0.0,57.5,0,562500.0,57.61211921347289,51.24406227032676,31,62,0,3,62,0,3,-105.0,70.5,-47.5,192878,197,32,31,7,30,5.0,904284,630.676584,nan,0.904284,nan,3,3312,867480,6,0,0,3,396,192,48,204,51,99,3,33096,197,3
646,-47.5,57.5,52,26,0,0.0,0.0,0,0.0,57.5,1,562500.0,44.48764136236903,22.28393123439931,26,52,1,3,52,0,4,-105.0,70.5,-47.5,192878,235,32,26,7,22,5.0,910812,631.587396,nan,0.910812,nan,3,3456,867480,6,0,0,3,396,192,48,204,51,99,3,39480,235,3
647,-47.5,57.5,52,26,0,0.0,0.0,0,0.0,57.5,1,562500.0,64.03446706136067,57.90578842163086,26,52,1,3,52,0,4,-105.0,70.5,-47.5,192878,159,32,26,6,25,5.0,897828,632.485224,nan,0.897828,nan,3,3240,867480,6,0,0,3,396,192,48,204,51,99,3,26712,159,3
648,-47.5,57.5,56,28,0,0.0,0.0,0,0.0,57.5,2,562500.0,39.488759461628064,19.058401444721447,28,56,2,4,56,0,6,-105.0,70.5,-47.5,192878,170,32,28,6,24,5.0,1189040,633.674264,nan,1.18904,nan,4,3312,1156640,8,0,0,4,528,256,64,272,68,132,4,28560,170,4
649,-47.5,57.5,52,26,0,0.0,0.0,0,0.0,57.5,0,562500.0,47.94964105246139,36.022580414486114,26,52,0,4,52,0,4,-105.0,70.5,-47.5,192878,153,32,26,7,24,5.0,1185896,634.86016,nan,1.185896,nan,4,3024,1156640,8,0,0,4,528,256,64,272,68,132,4,25704,153,4
650,-47.5,57.5,46,23,0,0.0,0.0,0,0.0,57.5,2,562500.0,41.4953838442234,26.428705892594394,23,46,2,4,46,0,6,-105.0,70.5,-47.5,192878,200,32,23,7,20,5.0,1193432,636.053592,nan,1.193432,nan,4,2664,1156640,8,0,0,4,528,256,64,272,68,132,4,33600,200,4
651,-47.5,57.5,44,22,0,0.0,0.0,0,0.0,57.5,0,562500.0,34.07480786746035,18.811063935633776,22,44,0,4,44,0,4,-105.0,70.5,-47.5,192878,216,32,22,7,21,5.0,1196120,637.249712,nan,1.19612,nan,4,2664,1156640,8,0,0,4,528,256,64,272,68,132,4,36288,216,4
652,-47.5,57.5,44,22,0,0.0,0.0,0,0.0,57.5,0,562500.0,46.03599393908435,23.99539651614407,22,44,0,4,44,0,4,-105.0,70.5,-47.5,192878,103,32,22,6,20,5.0,1176848,638.42656,nan,1.176848,nan,4,2376,1156640,8,0,0,4,528,256,64,272,68,132,4,17304,103,4
653,-47.5,57.5,52,26,0,0.0,0.0,0,0.0,57.5,3,562500.0,62.63712819417318,57.552730560302734,26,52,3,3,52,0,6,-105.0,70.5,-47.5,192878,168,32,26,7,23,5.0,899052,639.325612,nan,0.899052,nan,3,2952,867480,6,0,0,3,396,192,48,204,51,99,3,28224,168,3
654,-47.5,57.5,54,27,0,0.0,0.0,0,0.0,57.5,1,562500.0,51.76659422868232,28.037433925983024,27,54,1,4,54,0,5,-105.0,70.5,-47.5,192878,144,32,27,7,25,5.0,1184456,640.510068,nan,1.184456,nan,4,3096,1156640,8,0,0,4,528,256,64,272,68,132,4,24192,144,4
655,-47.5,57.5,52,26,0,0.0,0.0,0,0.0,57.5,2,562500.0,56.69967398678622,39.000663135944855,26,52,2,3,52,0,5,-105.0,70.5,-47.5,192878,195,32,26,6,22,5.0,903228,641.413296,nan,0.903228,nan,3,2592,867480,6,0,0,3,396,192,48,204,51,99,3,32760,195,3
656,-47.5,57.5,52,26,0,0.0,0.0,0,0.0,57.5,1,562500.0,52.74268158516102,45.441833152722275,26,52,1,3,52,0,4,-105.0,70.5,-47.5,192878,142,32,26,7,23,5.0,894612,642.307908,nan,0.894612,nan,3,2880,867480,6,0,0,3,396,192,48,204,51,99,3,23856,142,3
657,-47.5,57.5,50,25,0,0.0,0.0,0,0.0,57.5,0,562500.0,57.81304168701172,57.81304168701172,25,50,0,1,50,0,1,-105.0,70.5,-47.5,192878,138,32,25,7,21,5.0,315068,642.622976,nan,0.315068,nan,1,2592,289160,2,0,0,1,132,64,16,68,17,33,1,23184,138,1
658,-47.5,57.5,54,27,0,0.0,0.0,0,0.0,57.5,1,562500.0,63.01999092102051,58.51698684692383,27,54,1,2,54,0,3,-105.0,70.5,-47.5,192878,213,32,27,6,20,5.0,617536,643.240512,nan,0.617536,nan,2,3168,578320,4,0,0,2,264,128,32,136,34,66,2,35784,213,2
659,-47.5,57.5,58,29,0,0.0,0.0,0,0.0,57.5,1,562500.0,26.81501054646413,26.133257526423222,29,58,1,2,58,0,3,-105.0,70.5,-47.5,192878,169,32,29,7,27,5.0,610504,643.851016,nan,0.610504,nan,2,3528,578320,4,0,0,2,264,128,32,136,34,66,2,28392,169,2
660,-47.5,57.5,62,31,0,0.0,0.0,0,0.0,57.5,0,562500.0,53.039340357302024,41.95783179672715,31,62,0,5,62,0,5,-105.0,70.5,-47.5,192878,129,32,31,7,29,5.0,1472236,645.323252,nan,1.472236,nan,5,4104,1445800,10,0,0,5,660,320,80,340,85,165,5,21672,129,5
661,-47.5,57.5,64,32,0,0.0,0.0,0,0.0,57.5,1,562500.0,46.334640775136165,26.775521903596726,32,64,1,4,64,0,5,-105.0,70.5,-47.5,192878,190,32,32,6,28,5.0,1193048,646.5163,nan,1.193048,nan,4,3960,1156640,8,0,0,4,528,256,64,272,68,132,4,31920,190,4
662,-47.5,57.5,62,31,0,0.0,0.0,0,0.0,57.5,1,562500.0,45.858762728113724,28.355516810616578,31,62,1,5,62,0,6,-105.0,70.5,-47.5,192878,159,32,31,7,30,5.0,1476556,647.992856,nan,1.476556,nan,5,3384,1445800,10,0,0,5,660,320,80,340,85,165,5,26712,159,5
663,-47.5,57.5,64,32,0,0.0,0.0,0,0.0,57.5,2,562500.0,46.296122709390204,22.24880641054963,32,64,2,3,64,0,5,-105.0,70.5,-47.5,192878,132,32,32,6,30,5.0,893508,648.886364,nan,0.893508,nan,3,3456,867480,6,0,0,3,396,192,48,204,51,99,3,22176,132,3
664,-47.5,57.5,74,37,0,0.0,0.0,0,0.0,57.5,1,562500.0,58.15916905955926,57.67587934093133,37,74,1,2,74,0,3,-105.0,70.5,-47.5,192878,157,32,37,6,35,5.0,609280,649.495644,nan,0.60928,nan,2,4320,578320,4,0,0,2,264,128,32,136,34,66,2,26376,157,2
665,-47.5,57.5,72,36,0,0.0,0.0,0,0.0,57.5,1,562500.0,40.61838755634127,20.198151335179023,36,72,1,5,72,0,6,-105.0,70.5,-47.5,192878,222,32,36,7,33,5.0,1488436,650.98408,nan,1.488436,nan,5,4680,1445800,10,0,0,5,660,320,80,340,85,165,5,37296,222,5
666,-47.5,57.5,72,36,0,0.0,0.0,0,0.0,57.5,1,562500.0,65.89524541453973,64.39821134166375,36,72,1,2,72,0,3,-105.0,70.5,-47.5,192878,159,32,36,6,34,5.0,609832,651.593912,nan,0.609832,nan,2,4536,578320,4,0,0,2,264,128,32,136,34,66,2,26712,159,2
667,-47.5,57.5,72,36,0,0.0,0.0,0,0.0,57.5,1,562500.0,64.12820625305176,61.44229507446289,36,72,1,2,72,0,3,-105.0,70.5,-47.5,192878,163,32,36,6,33,5.0,611152,652.205064,nan,0.611152,nan,2,5184,578320,4,0,0,2,264,128,32,136,34,66,2,27384,163,2
668,-47.5,57.5,72,36,0,0.0,0.0,0,0.0,57.5,2,562500.0,32.126063185562245,20.948890470911223,36,72,2,5,72,0,7,-105.0,70.5,-47.5,192878,131,32,36,6,34,5.0,1473652,653.678716,nan,1.473652,nan,5,5184,1445800,10,0,0,5,660,320,80,340,85,165,5,22008,131,5
669,-47.5,57.5,72,36,0,0.0,0.0,0,0.0,57.5,2,562500.0,50.45122490143232,33.557956058649204,36,72,2,4,72,0,6,-105.0,70.5,-47.5,192878,185,32,36,6,35,5.0,1193000,654.871716,nan,1.193,nan,4,4752,1156640,8,0,0,4,528,256,64,272,68,132,4,31080,185,4
670,-47.5,57.5,72,36,0,0.0,0.0,0,0.0,57.5,1,562500.0,49.84624587546869,39.1854537253504,36,72,1,3,72,0,4,-105.0,70.5,-47.5,192878,111,32,36,6,35,5.0,891132,655.762848,nan,0.891132,nan,3,4608,867480,6,0,0,3,396,192,48,204,51,99,3,18648,111,3
671,-47.5,57.5,72,36,0,0.0,0.0,0,0.0,57.5,1,562500.0,64.50371932983398,61.60422897338867,36,72,1,2,72,0,3,-105.0,70.5,-47.5,192878,141,32,36,6,35,5.0,606448,656.369296,nan,0.606448,nan,2,4176,578320,4,0,0,2,264,128,32,136,34,66,2,23688,141,2
672,-47.5,57.5,78,39,0,0.0,0.0,0,0.0,57.5,4,562500.0,26.99590686350311,20.767255573748457,39,78,4,2,78,0,6,-105.0,70.5,-47.5,192878,210,32,39,7,37,5.0,618688,656.987984,nan,0.618688,nan,2,4824,578320,4,0,0,2,264,128,32,136,34,66,2,35280,210,2
673,-47.5,57.5,80,40,0,0.0,0.0,0,0.0,57.5,1,562500.0,38.115414017456075,21.73702904404436,40,80,1,4,80,0,5,-105.0,70.5,-47.5,192878,184,32,40,8,39,5.0,1193048,658.181032,nan,1.193048,nan,4,4968,1156640,8,0,0,4,528,256,64,272,68,132,4,30912,184,4
674,-47.5,57.5,82,41,0,0.0,0.0,0,0.0,57.5,0,562500.0,38.812147950487606,36.51125417685896,41,82,0,4,82,0,4,-105.0,70.5,-47.5,192878,250,32,41,8,36,5.0,1204496,659.385528,nan,1.204496,nan,4,5328,1156640,8,0,0,4,528,256,64,272,68,132,4,42000,250,4
675,-47.5,57.5,82,41,0,0.0,0.0,0,0.0,57.5,0,562500.0,34.01699764691112,19.663286390175397,41,82,0,4,82,0,4,-105.0,70.5,-47.5,192878,119,32,41,7,38,5.0,1182056,660.567584,nan,1.182056,nan,4,4896,1156640,8,0,0,4,528,256,64,272,68,132,4,19992,119,4
676,-47.5,57.5,74,37,0,0.0,0.0,0,0.0,57.5,1,562500.0,37.570236780496366,24.91524583387089,37,74,1,3,74,0,4,-105.0,70.5,-47.5,192878,187,32,37,8,33,5.0,903756,661.47134,nan,0.903756,nan,3,4464,867480,6,0,0,3,396,192,48,204,51,99,3,31416,187,3
677,-47.5,57.5,74,37,0,0.0,0.0,0,0.0,57.5,4,562500.0,46.895407705414414,26.3967742157517,37,74,4,3,74,0,7,-105.0,70.5,-47.5,192878,134,32,37,7,34,5.0,894780,662.36612,nan,0.89478,nan,3,4392,867480,6,0,0,3,396,192,48,204,51,99,3,22512,134,3
678,-47.5,57.5,72,36,0,0.0,0.0,0,0.0,57.5,2,562500.0,44.47629018772617,21.7232841363384,36,72,2,3,72,0,5,-105.0,70.5,-47.5,192878,142,32,36,7,33,5.0,895908,663.262028,nan,0.895908,nan,3,4176,867480,6,0,0,3,396,192,48,204,51,99,3,23856,142,3
679,-47.5,57.5,78,39,0,0.0,0.0,0,0.0,57.5,0,562500.0,45.01385219891831,22.317608037323527,39,78,0,3,78,0,3,-105.0,70.5,-47.5,192878,155,32,39,8,34,5.0,898524,664.160552,nan,0.898524,nan,3,4608,867480,6,0,0,3,396,192,48,204,51,99,3,26040,155,3
680,-47.5,57.5,74,37,0,0.0,0.0,0,0.0,57.5,0,562500.0,60.17438888549805,58.01878356933594,37,74,0,3,74,0,3,-105.0,70.5,-47.5,192878,177,32,37,8,33,5.0,902148,665.0627,nan,0.902148,nan,3,4536,867480,6,0,0,3,396,192,48,204,51,99,3,29736,177,3
681,-47.5,57.5,70,35,0,0.0,0.0,0,0.0,57.5,1,562500.0,43.014431110199666,29.05510458979815,35,70,1,5,70,0,6,-105.0,70.5,-47.5,192878,172,32,35,9,32,5.0,1479460,666.54216,nan,1.47946,nan,5,4104,1445800,10,0,0,5,660,320,80,340,85,165,5,28896,172,5
682,-47.5,57.5,68,34,0,0.0,0.0,0,0.0,57.5,2,562500.0,50.54274204660104,23.3145275330503,34,68,2,5,68,0,7,-105.0,70.5,-47.5,192878,199,32,34,7,32,5.0,1483780,668.02594,nan,1.48378,nan,5,3888,1445800,10,0,0,5,660,320,80,340,85,165,5,33432,199,5
683,-47.5,57.5,60,30,0,0.0,0.0,0,0.0,57.5,3,562500.0,61.16262435913086,60.76383972167969,30,60,3,3,60,0,6,-105.0,70.5,-47.5,192878,174,32,30,7,29,5.0,900636,668.926576,nan,0.900636,nan,3,3528,867480,6,0,0,3,396,192,48,204,51,99,3,29232,174,3
684,-47.5,57.5,54,27,0,0.0,0.0,0,0.0,57.5,1,562500.0,49.65116462192651,30.261110888031936,27,54,1,5,54,0,6,-105.0,70.5,-47.5,192878,142,32,27,7,24,5.0,1473196,670.399772,nan,1.473196,nan,5,2880,1445800,10,0,0,5,660,320,80,340,85,165,5,23856,142,5
685,-47.5,57.5,40,20,0,0.0,0.0,0,0.0,57.5,1,562500.0,42.380476215803945,40.78388816539822,20,40,1,2,40,0,3,-105.0,70.5,-47.5,192878,111,32,20,5,18,5.0,599320,670.999092,nan,0.59932,nan,2,2088,578320,4,0,0,2,264,128,32,136,34,66,2,18648,111,2
686,-47.5,57.5,38,19,0,0.0,0.0,0,0.0,57.5,0,562500.0,23.263978689050216,18.28085199306049,19,38,0,2,38,0,2,-105.0,70.5,-47.5,192878,168,32,19,5,18,5.0,608824,671.607916,nan,0.608824,nan,2,2016,578320,4,0,0,2,264,128,32,136,34,66,2,28224,168,2
687,-47.5,57.5,38,19,0,0.0,0.0,0,0.0,57.5,0,562500.0,43.55963719073109,33.38067935055433,19,38,0,3,38,0,3,-105.0,70.5,-47.5,192878,166,32,19,5,18,5.0,898212,672.506128,nan,0.898212,nan,3,2448,867480,6,0,0,3,396,192,48,204,51,99,3,27888,166,3
688,-47.5,57.5,34,17,0,0.0,0.0,0,0.0,57.5,2,562500.0,59.42536735534668,59.276973724365234,17,34,2,2,34,0,4,-105.0,70.5,-47.5,192878,202,32,17,6,17,5.0,614968,673.121096,nan,0.614968,nan,2,2448,578320,4,0,0,2,264,128,32,136,34,66,2,33936,202,2
689,-47.5,57.5,38,19,0,0.0,0.0,0,0.0,57.5,1,562500.0,68.073410987854,61.55385208129883,19,38,1,2,38,0,3,-105.0,70.5,-47.5,192878,125,32,19,5,18,5.0,601960,673.723056,nan,0.60196,nan,2,2376,578320,4,0,0,2,264,128,32,136,34,66,2,21000,125,2
690,-47.5,57.5,38,19,0,0.0,0.0,0,0.0,57.5,0,562500.0,50.74899577530948,40.09033250971676,19,38,0,4,38,0,4,-105.0,70.5,-47.5,192878,257,32,19,6,16,5.0,1202576,674.925632,nan,1.202576,nan,4,2232,1156640,8,0,0,4,528,256,64,272,68,132,4,43176,257,4
691,-47.5,57.5,34,17,0,0.0,0.0,0,0.0,57.5,1,562500.0,38.756912522561514,22.250432724863817,17,34,1,5,34,0,6,-105.0,70.5,-47.5,192878,190,32,17,5,15,5.0,1479964,676.405596,nan,1.479964,nan,5,1584,1445800,10,0,0,5,660,320,80,340,85,165,5,31920,190,5
692,-47.5,57.5,32,16,0,0.0,0.0,0,0.0,57.5,1,562500.0,44.599668273444564,31.709451297942852,16,32,1,3,32,0,4,-105.0,70.5,-47.5,192878,139,32,16,6,16,5.0,892812,677.298408,nan,0.892812,nan,3,1584,867480,6,0,0,3,396,192,48,204,51,99,3,23352,139,3
693,-47.5,57.5,32,16,0,0.0,0.0,0,0.0,57.5,2,562500.0,48.65454000925471,42.448840961730916,16,32,2,3,32,0,5,-105.0,70.5,-47.5,192878,111,32,16,4,13,5.0,888036,678.186444,nan,0.888036,nan,3,1512,867480,6,0,0,3,396,192,48,204,51,99,3,18648,111,3
694,-47.5,57.5,30,15,0,0.0,0.0,0,0.0,57.5,2,562500.0,63.520748138427734,63.520748138427734,15,30,2,1,30,0,3,-105.0,70.5,-47.5,192878,83,32,15,5,13,5.0,304748,678.491192,nan,0.304748,nan,1,1512,289160,2,0,0,1,132,64,16,68,17,33,1,13944,83,1
695,-47.5,57.5,24,12,0,0.0,0.0,0,0.0,57.5,2,562500.0,47.28551127016277,46.981673896530324,12,24,2,2,24,0,4,-105.0,70.5,-47.5,192878,99,32,12,4,8,5.0,596440,679.087632,nan,0.59644,nan,2,1224,578320,4,0,0,2,264,128,32,136,34,66,2,16632,99,2
696,-47.5,57.5,26,13,0,0.0,0.0,0,0.0,57.5,1,562500.0,46.683562324992046,26.499209345910202,13,26,1,4,26,0,5,-105.0,70.5,-47.5,192878,98,32,13,4,10,5.0,1174640,680.262272,nan,1.17464,nan,4,1008,1156640,8,0,0,4,528,256,64,272,68,132,4,16464,98,4
697,-47.5,57.5,34,17,0,0.0,0.0,0,0.0,57.5,0,562500.0,67.5290756225586,67.5290756225586,17,34,0,1,34,0,1,-105.0,70.5,-47.5,192878,164,32,17,6,15,5.0,318284,680.580556,nan,0.318284,nan,1,1440,289160,2,0,0,1,132,64,16,68,17,33,1,27552,164,1
698,-47.5,57.5,42,21,0,0.0,0.0,0,0.0,57.5,1,562500.0,54.76201459900494,40.50982905544892,21,42,1,5,42,0,6,-105.0,70.5,-47.5,192878,172,32,21,7,19,5.0,1477156,682.057712,nan,1.477156,nan,5,1800,1445800,10,0,0,5,660,320,80,340,85,165,5,28896,172,5
699,-47.5,57.5,46,23,0,0.0,0.0,0,0.0,57.5,0,562500.0,36.03279364186239,31.059937602752285,23,46,0,2,46,0,2,-105.0,70.5,-47.5,192878,164,32,23,8,22,5.0,607864,682.665576,nan,0.607864,nan,2,1728,578320,4,0,0,2,264,128,32,136,34,66,2,27552,164,2
700,-47.5,57.5,50,25,0,0.0,0.0,0,0.0,57.5,1,562500.0,64.03416442871094,61.445892333984375,25,50,1,2,50,0,3,-105.0,70.5,-47.5,192878,230,32,25,7,23,5.0,620320,683.285896,nan,0.62032,nan,2,3096,578320,4,0,0,2,264,128,32,136,34,66,2,38640,230,2
701,-47.5,57.5,52,26,0,0.0,0.0,0,0.0,57.5,4,562500.0,67.40320587158203,67.40320587158203,26,52,4,1,52,0,5,-105.0,70.5,-47.5,192878,205,32,26,6,24,5.0,326468,683.612364,nan,0.326468,nan,1,2736,289160,2,0,0,1,132,64,16,68,17,33,1,34440,205,1
702,-47.5,57.5,50,25,0,0.0,0.0,0,0.0,57.5,0,562500.0,60.2106819152832,60.2106819152832,25,50,0,1,50,0,1,-105.0,70.5,-47.5,192878,194,32,25,8,25,5.0,324404,683.936768,nan,0.324404,nan,1,2520,289160,2,0,0,1,132,64,16,68,17,33,1,32592,194,1
703,-47.5,57.5,46,23,0,0.0,0.0,0,0.0,57.5,0,562500.0,50.04723991829394,44.06558264531226,23,46,0,3,46,0,3,-105.0,70.5,-47.5,192878,198,32,23,6,21,5.0,903876,684.840644,nan,0.903876,nan,3,2736,867480,6,0,0,3,396,192,48,204,51,99,3,33264,198,3
704,-47.5,57.5,48,24,0,0.0,0.0,0,0.0,57.5,1,562500.0,39.93370456503092,19.029710552766677,24,48,1,4,48,0,5,-105.0,70.5,-47.5,192878,196,32,24,7,23,5.0,1193120,686.033764,nan,1.19312,nan,4,3024,1156640,8,0,0,4,528,256,64,272,68,132,4,32928,196,4
705,-47.5,57.5,46,23,0,0.0,0.0,0,0.0,57.5,0,562500.0,32.761608278019814,18.21526179773062,23,46,0,3,46,0,3,-105.0,70.5,-47.5,192878,170,32,23,8,22,5.0,899244,686.933008,nan,0.899244,nan,3,2808,867480,6,0,0,3,396,192,48,204,51,99,3,28560,170,3
706,-47.5,57.5,42,21,0,0.0,0.0,0,0.0,57.5,3,562500.0,64.42484283447266,61.44647979736328,21,42,3,2,42,0,5,-105.0,70.5,-47.5,192878,141,32,21,7,18,5.0,604864,687.537872,nan,0.604864,nan,2,2592,578320,4,0,0,2,264,128,32,136,34,66,2,23688,141,2
707,-47.5,57.5,42,21,0,0.0,0.0,0,0.0,57.5,1,562500.0,33.38197358974542,19.230259159090057,21,42,1,3,42,0,4,-105.0,70.5,-47.5,192878,169,32,21,7,18,5.0,898644,688.436516,nan,0.898644,nan,3,2376,867480,6,0,0,3,396,192,48,204,51,99,3,28392,169,3
708,-47.5,57.5,40,20,0,0.0,0.0,0,0.0,57.5,0,562500.0,50.295218399822,40.4226060024704,20,40,0,3,40,0,3,-105.0,70.5,-47.5,192878,228,32,20,6,16,5.0,908484,689.345,nan,0.908484,nan,3,2304,867480,6,0,0,3,396,192,48,204,51,99,3,38304,228,3
709,-47.5,57.5,40,20,0,0.0,0.0,0,0.0,57.5,2,562500.0,62.678266525268555,57.95449447631836,20,40,2,2,40,0,4,-105.0,70.5,-47.5,192878,135,32,20,7,18,5.0,603784,689.948784,nan,0.603784,nan,2,2520,578320,4,0,0,2,264,128,32,136,34,66,2,22680,135,2
710,-47.5,57.5,38,19,0,0.0,0.0,0,0.0,57.5,1,562500.0,35.64995043452217,29.484925544195114,19,38,1,2,38,0,3,-105.0,70.5,-47.5,192878,176,32,19,6,16,5.0,610744,690.559528,nan,0.610744,nan,2,2592,578320,4,0,0,2,264,128,32,136,34,66,2,29568,176,2
711,-47.5,57.5,38,19,0,0.0,0.0,0,0.0,57.5,2,562500.0,52.67377692907408,40.422602187773144,19,38,2,4,38,0,6,-105.0,70.5,-47.5,192878,89,32,19,6,17,5.0,1174640,691.734168,nan,1.17464,nan,4,2520,1156640,8,0,0,4,528,256,64,272,68,132,4,14952,89,4
712,-47.5,57.5,38,19,0,0.0,0.0,0,0.0,57.5,0,562500.0,62.613782246907554,60.2106819152832,19,38,0,3,38,0,3,-105.0,70.5,-47.5,192878,100,32,19,5,16,5.0,886764,692.620932,nan,0.886764,nan,3,2088,867480,6,0,0,3,396,192,48,204,51,99,3,16800,100,3
713,-47.5,57.5,38,19,0,0.0,0.0,0,0.0,57.5,0,562500.0,52.65357122309978,40.4226060024704,19,38,0,4,38,0,4,-105.0,70.5,-47.5,192878,103,32,19,6,16,5.0,1176416,693.797348,nan,1.176416,nan,4,1944,1156640,8,0,0,4,528,256,64,272,68,132,4,17304,103,4
714,-47.5,57.5,38,19,0,0.0,0.0,0,0.0,57.5,0,562500.0,63.02571233113607,60.21068572998047,19,38,0,3,38,0,3,-105.0,70.5,-47.5,192878,107,32,19,6,16,5.0,887580,694.684928,nan,0.88758,nan,3,1728,867480,6,0,0,3,396,192,48,204,51,99,3,17976,107,3
715,-47.5,57.5,38,19,0,0.0,0.0,0,0.0,57.5,0,562500.0,62.74870491027832,57.993587493896484,19,38,0,2,38,0,2,-105.0,70.5,-47.5,192878,153,32,19,7,16,5.0,606016,695.290944,nan,0.606016,nan,2,1728,578320,4,0,0,2,264,128,32,136,34,66,2,25704,153,2
716,-47.5,57.5,38,19,0,0.0,0.0,0,0.0,57.5,0,562500.0,63.93007850646973,60.3563346862793,19,38,0,2,38,0,2,-105.0,70.5,-47.5,192878,82,32,19,6,15,5.0,594304,695.885248,nan,0.594304,nan,2,1944,578320,4,0,0,2,264,128,32,136,34,66,2,13776,82,2
717,-47.5,57.5,40,20,0,0.0,0.0,0,0.0,57.5,2,562500.0,67.46614074707031,67.40320587158203,20,40,2,2,40,0,4,-105.0,70.5,-47.5,192878,108,32,20,5,12,5.0,599176,696.484424,nan,0.599176,nan,2,2448,578320,4,0,0,2,264,128,32,136,34,66,2,18144,108,2
718,-47.5,57.5,40,20,0,0.0,0.0,0,0.0,57.5,0,562500.0,51.7173692052626,40.4226060024704,20,40,0,3,40,0,3,-105.0,70.5,-47.5,192878,102,32,20,7,16,5.0,887532,697.371956,nan,0.887532,nan,3,2520,867480,6,0,0,3,396,192,48,204,51,99,3,17136,102,3
719,-47.5,57.5,42,21,0,0.0,0.0,0,0.0,57.5,2,562500.0,51.20471483043021,47.43257103651569,21,42,2,3,42,0,5,-105.0,70.5,-47.5,192878,100,32,21,6,18,5.0,887340,698.259296,nan,0.88734,nan,3,2664,867480,6,0,0,3,396,192,48,204,51,99,3,16800,100,3
720,-47.5,57.5,42,21,0,0.0,0.0,0,0.0,57.5,1,562500.0,52.388222102233364,43.93167647178073,21,42,1,3,42,0,4,-105.0,70.5,-47.5,192878,107,32,21,7,17,5.0,888516,699.147812,nan,0.888516,nan,3,2664,867480,6,0,0,3,396,192,48,204,51,99,3,17976,107,3
721,-47.5,57.5,52,26,0,0.0,0.0,0,0.0,57.5,1,562500.0,63.20779991149902,60.3563346862793,26,52,1,2,52,0,3,-105.0,70.5,-47.5,192878,103,32,26,7,22,5.0,599128,699.74694,nan,0.599128,nan,2,3240,578320,4,0,0,2,264,128,32,136,34,66,2,17304,103,2
722,-47.5,57.5,50,25,0,0.0,0.0,0,0.0,57.5,0,562500.0,50.501097362499294,37.43761407516274,25,50,0,4,50,0,4,-105.0,70.5,-47.5,192878,126,32,25,6,16,5.0,1181648,700.928588,nan,1.181648,nan,4,3312,1156640,8,0,0,4,528,256,64,272,68,132,4,21168,126,4
723,-47.5,57.5,56,28,0,0.0,0.0,0,0.0,57.5,0,562500.0,55.593026086792236,36.32952401569905,28,56,0,4,56,0,4,-105.0,70.5,-47.5,192878,102,32,28,7,24,5.0,1177616,702.106204,nan,1.177616,nan,4,3312,1156640,8,0,0,4,528,256,64,272,68,132,4,17136,102,4
724,-47.5,57.5,50,25,0,0.0,0.0,0,0.0,57.5,0,562500.0,52.76396360419096,42.50229750394062,25,50,0,4,50,0,4,-105.0,70.5,-47.5,192878,73,32,25,6,23,5.0,1172024,703.278228,nan,1.172024,nan,4,2592,1156640,8,0,0,4,528,256,64,272,68,132,4,12264,73,4
725,-47.5,57.5,54,27,0,0.0,0.0,0,0.0,57.5,1,562500.0,46.14600808369573,36.214957439046366,27,54,1,3,54,0,4,-105.0,70.5,-47.5,192878,142,32,27,7,23,5.0,894396,704.172624,nan,0.894396,nan,3,2664,867480,6,0,0,3,396,192,48,204,51,99,3,23856,142,3
726,-47.5,57.5,54,27,0,0.0,0.0,0,0.0,57.5,1,562500.0,58.634647369384766,58.05423355102539,27,54,1,2,54,0,3,-105.0,70.5,-47.5,192878,126,32,27,7,26,5.0,602488,704.775112,nan,0.602488,nan,2,2736,578320,4,0,0,2,264,128,32,136,34,66,2,21168,126,2
727,-47.5,57.5,46,23,0,0.0,0.0,0,0.0,57.5,1,562500.0,64.31841659545898,63.834800720214844,23,46,1,2,46,0,3,-105.0,70.5,-47.5,192878,101,32,23,5,20,5.0,598360,705.373472,nan,0.59836,nan,2,2808,578320,4,0,0,2,264,128,32,136,34,66,2,16968,101,2
728,-47.5,57.5,34,17,0,0.0,0.0,0,0.0,57.5,1,562500.0,50.569023446915764,35.00054844511064,17,34,1,3,34,0,4,-105.0,70.5,-47.5,192878,113,32,17,7,14,5.0,889020,706.262492,nan,0.88902,nan,3,2160,867480,6,0,0,3,396,192,48,204,51,99,3,18984,113,3
729,-47.5,57.5,26,13,0,0.0,0.0,0,0.0,57.5,0,562500.0,44.65711841293745,29.786922266952462,13,26,0,3,26,0,3,-105.0,70.5,-47.5,192878,70,32,13,5,10,5.0,881148,707.14364,nan,0.881148,nan,3,1512,867480,6,0,0,3,396,192,48,204,51,99,3,11760,70,3
730,-47.5,57.5,34,17,0,0.0,0.0,0,0.0,57.5,2,562500.0,43.133240262739015,23.984196600450105,17,34,2,6,34,0,8,-105.0,70.5,-47.5,192878,163,32,17,7,14,5.0,1765224,708.908864,nan,1.765224,nan,6,2088,1734960,12,0,0,6,792,384,96,408,102,198,6,27384,163,6
731,-47.5,57.5,26,13,0,0.0,0.0,0,0.0,57.5,2,562500.0,36.59055630980845,33.12444008768831,13,26,2,2,26,0,4,-105.0,70.5,-47.5,192878,166,32,13,6,11,5.0,608056,709.51692,nan,0.608056,nan,2,1584,578320,4,0,0,2,264,128,32,136,34,66,2,27888,166,2
732,-47.5,57.5,22,11,0,0.0,0.0,0,0.0,57.5,1,562500.0,48.68306660420127,43.66445859401576,11,22,1,4,22,0,5,-105.0,70.5,-47.5,192878,145,32,11,5,9,5.0,1182824,710.699744,nan,1.182824,nan,4,1296,1156640,8,0,0,4,528,256,64,272,68,132,4,24360,145,4
733,-47.5,57.5,20,10,0,0.0,0.0,0,0.0,57.5,0,562500.0,40.824290031295035,26.292425967166267,10,20,0,4,20,0,4,-105.0,70.5,-47.5,192878,130,32,10,5,9,5.0,1180232,711.879976,nan,1.180232,nan,4,1224,1156640,8,0,0,4,528,256,64,272,68,132,4,21840,130,4
734,-47.5,57.5,26,13,0,0.0,0.0,0,0.0,57.5,1,562500.0,58.42225138715299,43.83802412970449,13,26,1,3,26,0,4,-105.0,70.5,-47.5,192878,196,32,13,5,12,5.0,902244,712.78222,nan,0.902244,nan,3,1440,867480,6,0,0,3,396,192,48,204,51,99,3,32928,196,3
735,-47.5,57.5,26,13,0,0.0,0.0,0,0.0,57.5,3,562500.0,34.40445451967558,22.306865265837512,13,26,3,5,26,0,8,-105.0,70.5,-47.5,192878,212,32,13,7,13,5.0,1483156,714.265376,nan,1.483156,nan,5,1080,1445800,10,0,0,5,660,320,80,340,85,165,5,35616,212,5
736,-47.5,57.5,18,9,0,0.0,0.0,0,0.0,57.5,3,562500.0,62.52145957946777,62.46708297729492,9,18,3,2,18,0,5,-105.0,70.5,-47.5,192878,104,32,9,3,8,5.0,596704,714.86208,nan,0.596704,nan,2,648,578320,4,0,0,2,264,128,32,136,34,66,2,17472,104,2
737,-47.5,57.5,18,9,0,0.0,0.0,0,0.0,57.5,0,562500.0,35.72371123501429,21.4568656110103,9,18,0,3,18,0,3,-105.0,70.5,-47.5,192878,96,32,9,3,8,5.0,884652,715.746732,nan,0.884652,nan,3,648,867480,6,0,0,3,396,192,48,204,51,99,3,16128,96,3
738,-47.5,57.5,18,9,0,0.0,0.0,0,0.0,57.5,3,562500.0,65.20212927233149,58.27821240977899,9,18,3,3,18,0,6,-105.0,70.5,-47.5,192878,133,32,9,5,9,5.0,891084,716.637816,nan,0.891084,nan,3,864,867480,6,0,0,3,396,192,48,204,51,99,3,22344,133,3
739,-47.5,57.5,20,10,0,0.0,0.0,0,0.0,57.5,0,562500.0,63.19085884094238,59.74354553222656,10,20,0,2,20,0,2,-105.0,70.5,-47.5,192878,129,32,10,4,8,5.0,601120,717.238936,nan,0.60112,nan,2,864,578320,4,0,0,2,264,128,32,136,34,66,2,21672,129,2
740,-47.5,57.5,22,11,0,0.0,0.0,0,0.0,57.5,1,562500.0,65.40320491790771,58.772159576416016,11,22,1,2,22,0,3,-105.0,70.5,-47.5,192878,130,32,11,4,10,5.0,601648,717.840584,nan,0.601648,nan,2,1224,578320,4,0,0,2,264,128,32,136,34,66,2,21840,130,2
741,-47.5,57.5,32,16,0,0.0,0.0,0,0.0,57.5,0,562500.0,46.265277149543664,36.14380278538092,16,32,0,3,32,0,3,-105.0,70.5,-47.5,192878,167,32,16,6,15,5.0,897660,718.738244,nan,0.89766,nan,3,1728,867480,6,0,0,3,396,192,48,204,51,99,3,28056,167,3
742,-47.5,57.5,32,16,0,0.0,0.0,0,0.0,57.5,1,562500.0,63.71540832519531,62.19121170043945,16,32,1,2,32,0,3,-105.0,70.5,-47.5,192878,136,32,16,6,16,5.0,603304,719.341548,nan,0.603304,nan,2,1872,578320,4,0,0,2,264,128,32,136,34,66,2,22848,136,2
743,-47.5,57.5,32,16,0,0.0,0.0,0,0.0,57.5,2,562500.0,36.92108329731727,25.69308800328356,16,32,2,2,32,0,4,-105.0,70.5,-47.5,192878,129,32,16,5,13,5.0,602200,719.943748,nan,0.6022,nan,2,1944,578320,4,0,0,2,264,128,32,136,34,66,2,21672,129,2
744,-47.5,57.5,40,20,0,0.0,0.0,0,0.0,57.5,1,562500.0,66.05874888102214,58.06448745727539,20,40,1,3,40,0,4,-105.0,70.5,-47.5,192878,198,32,20,6,18,5.0,903444,720.847192,nan,0.903444,nan,3,2304,867480,6,0,0,3,396,192,48,204,51,99,3,33264,198,3
745,-47.5,57.5,44,22,0,0.0,0.0,0,0.0,57.5,2,562500.0,51.64049552164433,42.72035546082269,22,44,2,3,44,0,5,-105.0,70.5,-47.5,192878,165,32,22,5,20,5.0,898116,721.745308,nan,0.898116,nan,3,2520,867480,6,0,0,3,396,192,48,204,51,99,3,27720,165,3
746,-47.5,57.5,50,25,0,0.0,0.0,0,0.0,57.5,2,562500.0,50.70354933679091,45.649641812820015,25,50,2,3,50,0,5,-105.0,70.5,-47.5,192878,218,32,25,6,24,5.0,907380,722.652688,nan,0.90738,nan,3,2880,867480,6,0,0,3,396,192,48,204,51,99,3,36624,218,3
747,-47.5,57.5,52,26,0,0.0,0.0,0,0.0,57.5,1,562500.0,48.18223132630239,38.28276436744251,26,52,1,3,52,0,4,-105.0,70.5,-47.5,192878,135,32,26,6,25,5.0,893868,723.546556,nan,0.893868,nan,3,3312,867480,6,0,0,3,396,192,48,204,51,99,3,22680,135,3
748,-47.5,57.5,50,25,0,0.0,0.0,0,0.0,57.5,2,562500.0,39.624409770312006,18.888126269891142,25,50,2,4,50,0,6,-105.0,70.5,-47.5,192878,177,32,25,6,23,5.0,1190072,724.736628,nan,1.190072,nan,4,3168,1156640,8,0,0,4,528,256,64,272,68,132,4,29736,177,4
749,-47.5,57.5,46,23,0,0.0,0.0,0,0.0,57.5,2,562500.0,39.41380149537945,30.837730624084905,23,46,2,2,46,0,4,-105.0,70.5,-47.5,192878,133,32,23,6,21,5.0,603592,725.34022,nan,0.603592,nan,2,2664,578320,4,0,0,2,264,128,32,136,34,66,2,22344,133,2
750,-47.5,57.5,42,21,0,0.0,0.0,0,0.0,57.5,0,562500.0,39.87159296259573,20.161014453484892,21,42,0,5,42,0,5,-105.0,70.5,-47.5,192878,147,32,21,5,17,5.0,1473676,726.813896,nan,1.473676,nan,5,2520,1445800,10,0,0,5,660,320,80,340,85,165,5,24696,147,5
751,-47.5,57.5,44,22,0,0.0,0.0,0,0.0,57.5,1,562500.0,53.704224876438076,43.83037011924854,22,44,1,4,44,0,5,-105.0,70.5,-47.5,192878,178,32,22,7,21,5.0,1189304,728.0032,nan,1.189304,nan,4,2232,1156640,8,0,0,4,528,256,64,272,68,132,4,29904,178,4
752,-47.5,57.5,40,20,0,0.0,0.0,0,0.0,57.5,1,562500.0,61.951820373535156,61.63372802734375,20,40,1,2,40,0,3,-105.0,70.5,-47.5,192878,115,32,20,6,19,5.0,600064,728.603264,nan,0.600064,nan,2,2160,578320,4,0,0,2,264,128,32,136,34,66,2,19320,115,2
753,-47.5,57.5,42,21,0,0.0,0.0,0,0.0,57.5,0,562500.0,44.8085600385081,23.3075030445443,21,42,0,3,42,0,3,-105.0,70.5,-47.5,192878,100,32,21,5,19,5.0,886908,729.490172,nan,0.886908,nan,3,2232,867480,6,0,0,3,396,192,48,204,51,99,3,16800,100,3
754,-47.5,57.5,46,23,0,0.0,0.0,0,0.0,57.5,3,562500.0,50.132659644694286,38.03425920448694,23,46,3,3,46,0,6,-105.0,70.5,-47.5,192878,183,32,23,6,21,5.0,901284,730.391456,nan,0.901284,nan,3,2664,867480,6,0,0,3,396,192,48,204,51,99,3,30744,183,3
755,-47.5,57.5,52,26,0,0.0,0.0,0,0.0,57.5,0,562500.0,41.695231075648174,33.10951334289978,26,52,0,3,52,0,3,-105.0,70.5,-47.5,192878,208,32,26,7,25,5.0,905628,731.297084,nan,0.905628,nan,3,2808,867480,6,0,0,3,396,192,48,204,51,99,3,34944,208,3
756,-47.5,57.5,54,27,0,0.0,0.0,0,0.0,57.5,1,562500.0,62.25129747390747,57.584442138671875,27,54,1,4,54,0,5,-105.0,70.5,-47.5,192878,226,32,27,8,26,5.0,1198160,732.495244,nan,1.19816,nan,4,3024,1156640,8,0,0,4,528,256,64,272,68,132,4,37968,226,4
757,-47.5,57.5,54,27,0,0.0,0.0,0,0.0,57.5,1,562500.0,24.322006353304666,18.877510121693216,27,54,1,5,54,0,6,-105.0,70.5,-47.5,192878,267,32,27,8,26,5.0,1494196,733.98944,nan,1.494196,nan,5,2880,1445800,10,0,0,5,660,320,80,340,85,165,5,44856,267,5
758,-47.5,57.5,52,26,0,0.0,0.0,0,0.0,57.5,1,562500.0,37.64691289335902,21.011906173678693,26,52,1,3,52,0,4,-105.0,70.5,-47.5,192878,259,32,26,7,26,5.0,913980,734.90342,nan,0.91398,nan,3,2592,867480,6,0,0,3,396,192,48,204,51,99,3,43512,259,3
759,-47.5,57.5,58,29,0,0.0,0.0,0,0.0,57.5,0,562500.0,38.256933231677024,25.727382712059146,29,58,0,3,58,0,3,-105.0,70.5,-47.5,192878,238,32,29,7,29,5.0,910956,735.814376,nan,0.910956,nan,3,3096,867480,6,0,0,3,396,192,48,204,51,99,3,39984,238,3
760,-47.5,57.5,58,29,0,0.0,0.0,0,0.0,57.5,2,562500.0,45.11727782230056,30.57919707496074,29,58,2,4,58,0,6,-105.0,70.5,-47.5,192878,254,32,29,8,28,5.0,1202648,737.017024,nan,1.202648,nan,4,2808,1156640,8,0,0,4,528,256,64,272,68,132,4,42672,254,4
761,-47.5,57.5,66,33,0,0.0,0.0,0,0.0,57.5,0,562500.0,59.343963623046875,57.81147766113281,33,66,0,3,66,0,3,-105.0,70.5,-47.5,192878,229,32,33,6,32,5.0,909156,737.92618,nan,0.909156,nan,3,2808,867480,6,0,0,3,396,192,48,204,51,99,3,38472,229,3
762,-47.5,57.5,76,38,0,0.0,0.0,0,0.0,57.5,1,562500.0,46.65699281891743,44.96889527480474,38,76,1,2,76,0,3,-105.0,70.5,-47.5,192878,247,32,38,7,36,5.0,623968,738.550148,nan,0.623968,nan,2,3888,578320,4,0,0,2,264,128,32,136,34,66,2,41496,247,2
763,-47.5,57.5,78,39,0,0.0,0.0,0,0.0,57.5,1,562500.0,45.33400967420295,42.32304579086207,39,78,1,2,78,0,3,-105.0,70.5,-47.5,192878,298,32,39,8,37,5.0,633184,739.183332,nan,0.633184,nan,2,4536,578320,4,0,0,2,264,128,32,136,34,66,2,50064,298,2
764,-47.5,57.5,72,36,0,0.0,0.0,0,0.0,57.5,0,562500.0,60.28269523369893,46.138532521535765,36,72,0,4,72,0,4,-105.0,70.5,-47.5,192878,279,32,36,8,35,5.0,1208576,740.391908,nan,1.208576,nan,4,4536,1156640,8,0,0,4,528,256,64,272,68,132,4,46872,279,4
765,-47.5,57.5,68,34,0,0.0,0.0,0,0.0,57.5,1,562500.0,63.76956653594971,59.97773742675781,34,68,1,2,68,0,3,-105.0,70.5,-47.5,192878,182,32,34,8,32,5.0,613264,741.005172,nan,0.613264,nan,2,4104,578320,4,0,0,2,264,128,32,136,34,66,2,30576,182,2
766,-47.5,57.5,66,33,0,0.0,0.0,0,0.0,57.5,1,562500.0,58.56827241938129,40.184779699049706,33,66,1,4,66,0,5,-105.0,70.5,-47.5,192878,280,32,33,7,26,5.0,1208672,742.213844,nan,1.208672,nan,4,4464,1156640,8,0,0,4,528,256,64,272,68,132,4,47040,280,4
767,-47.5,57.5,66,33,0,0.0,0.0,0,0.0,57.5,1,562500.0,52.950281529297534,44.46903280779229,33,66,1,4,66,0,5,-105.0,70.5,-47.5,192878,218,32,33,7,29,5.0,1197968,743.411812,nan,1.197968,nan,4,4176,1156640,8,0,0,4,528,256,64,272,68,132,4,36624,218,4
768,-47.5,57.5,68,34,0,0.0,0.0,0,0.0,57.5,2,562500.0,53.15046795493528,36.82603723023328,34,68,2,4,68,0,6,-105.0,70.5,-47.5,192878,258,32,34,9,33,5.0,1204616,744.616428,nan,1.204616,nan,4,4104,1156640,8,0,0,4,528,256,64,272,68,132,4,43344,258,4
769,-47.5,57.5,68,34,0,0.0,0.0,0,0.0,57.5,0,562500.0,61.53169250488281,58.31460189819336,34,68,0,4,68,0,4,-105.0,70.5,-47.5,192878,225,32,34,7,30,5.0,1199000,745.815428,nan,1.199,nan,4,4032,1156640,8,0,0,4,528,256,64,272,68,132,4,37800,225,4
770,-47.5,57.5,66,33,0,0.0,0.0,0,0.0,57.5,2,562500.0,45.77613129198011,32.06352240386512,33,66,2,3,66,0,5,-105.0,70.5,-47.5,192878,239,32,33,7,32,5.0,912060,746.727488,nan,0.91206,nan,3,4032,867480,6,0,0,3,396,192,48,204,51,99,3,40152,239,3
771,-47.5,57.5,64,32,0,0.0,0.0,0,0.0,57.5,0,562500.0,50.58754023848521,34.552480759638854,32,64,0,4,64,0,4,-105.0,70.5,-47.5,192878,250,32,32,7,30,5.0,1202624,747.930112,nan,1.202624,nan,4,3456,1156640,8,0,0,4,528,256,64,272,68,132,4,42000,250,4
772,-47.5,57.5,56,28,0,0.0,0.0,0,0.0,57.5,1,562500.0,49.905521878908736,40.90960933067595,28,56,1,3,56,0,4,-105.0,70.5,-47.5,192878,188,32,28,6,28,5.0,902196,748.832308,nan,0.902196,nan,3,2736,867480,6,0,0,3,396,192,48,204,51,99,3,31584,188,3
773,-47.5,57.5,54,27,0,0.0,0.0,0,0.0,57.5,0,562500.0,51.76729275354049,40.91742678082919,27,54,0,4,54,0,4,-105.0,70.5,-47.5,192878,218,32,27,6,27,5.0,1195952,750.02826,nan,1.195952,nan,4,2160,1156640,8,0,0,4,528,256,64,272,68,132,4,36624,218,4
774,-47.5,57.5,46,23,0,0.0,0.0,0,0.0,57.5,0,562500.0,46.64882911225621,34.95703597585391,23,46,0,3,46,0,3,-105.0,70.5,-47.5,192878,241,32,23,7,23,5.0,910812,750.939072,nan,0.910812,nan,3,2448,867480,6,0,0,3,396,192,48,204,51,99,3,40488,241,3
775,-47.5,57.5,44,22,0,0.0,0.0,0,0.0,57.5,1,562500.0,39.57363265438476,29.900059720957543,22,44,1,4,44,0,5,-105.0,70.5,-47.5,192878,235,32,22,7,22,5.0,1199240,752.138312,nan,1.19924,nan,4,2592,1156640,8,0,0,4,528,256,64,272,68,132,4,39480,235,4
776,-47.5,57.5,32,16,0,0.0,0.0,0,0.0,57.5,1,562500.0,62.05304082234701,61.35077667236328,16,32,1,3,32,0,4,-105.0,70.5,-47.5,192878,141,32,16,5,15,5.0,893796,753.032108,nan,0.893796,nan,3,2232,867480,6,0,0,3,396,192,48,204,51,99,3,23688,141,3
777,-47.5,57.5,30,15,0,0.0,0.0,0,0.0,57.5,0,562500.0,62.661871910095215,59.02825927734375,15,30,0,2,30,0,2,-105.0,70.5,-47.5,192878,157,32,15,5,15,5.0,606904,753.639012,nan,0.606904,nan,2,1944,578320,4,0,0,2,264,128,32,136,34,66,2,26376,157,2
778,-47.5,57.5,34,17,0,0.0,0.0,0,0.0,57.5,2,562500.0,41.49714286432652,29.243971401345892,17,34,2,4,34,0,6,-105.0,70.5,-47.5,192878,137,32,17,4,14,5.0,1182344,754.821356,nan,1.182344,nan,4,2160,1156640,8,0,0,4,528,256,64,272,68,132,4,23016,137,4
779,-47.5,57.5,36,18,0,0.0,0.0,0,0.0,57.5,1,562500.0,61.08963203430176,58.16457748413086,18,36,1,2,36,0,3,-105.0,70.5,-47.5,192878,124,32,18,5,18,5.0,601576,755.422932,nan,0.601576,nan,2,2160,578320,4,0,0,2,264,128,32,136,34,66,2,20832,124,2
780,-47.5,57.5,42,21,0,0.0,0.0,0,0.0,57.5,1,562500.0,63.24393081665039,58.028167724609375,21,42,1,3,42,0,4,-105.0,70.5,-47.5,192878,109,32,21,6,20,5.0,888420,756.311352,nan,0.88842,nan,3,2232,867480,6,0,0,3,396,192,48,204,51,99,3,18312,109,3
781,-47.5,57.5,48,24,0,0.0,0.0,0,0.0,57.5,1,562500.0,63.61834716796875,63.61834716796875,24,48,1,1,48,0,2,-105.0,70.5,-47.5,192878,195,32,24,5,22,5.0,324428,756.63578,nan,0.324428,nan,1,2376,289160,2,0,0,1,132,64,16,68,17,33,1,32760,195,1
782,-47.5,57.5,52,26,0,0.0,0.0,0,0.0,57.5,2,562500.0,36.462065524198586,26.06502154104016,26,52,2,5,52,0,7,-105.0,70.5,-47.5,192878,252,32,26,7,25,5.0,1492180,758.12796,nan,1.49218,nan,5,3384,1445800,10,0,0,5,660,320,80,340,85,165,5,42336,252,5
783,-47.5,57.5,48,24,0,0.0,0.0,0,0.0,57.5,1,562500.0,37.54653619285766,18.84155257891893,24,48,1,4,48,0,5,-105.0,70.5,-47.5,192878,225,32,24,7,23,5.0,1197416,759.325376,nan,1.197416,nan,4,2448,1156640,8,0,0,4,528,256,64,272,68,132,4,37800,225,4
784,-47.5,57.5,50,25,0,0.0,0.0,0,0.0,57.5,1,562500.0,60.52540651957194,57.64575958251953,25,50,1,3,50,0,4,-105.0,70.5,-47.5,192878,163,32,25,7,24,5.0,897996,760.223372,nan,0.897996,nan,3,2736,867480,6,0,0,3,396,192,48,204,51,99,3,27384,163,3
785,-47.5,57.5,46,23,0,0.0,0.0,0,0.0,57.5,1,562500.0,67.47314834594727,67.47314834594727,23,46,1,1,46,0,2,-105.0,70.5,-47.5,192878,168,32,23,6,20,5.0,320108,760.54348,nan,0.320108,nan,1,2592,289160,2,0,0,1,132,64,16,68,17,33,1,28224,168,1
786,-47.5,57.5,56,28,0,0.0,0.0,0,0.0,57.5,3,470800.0731778506,38.42673329209006,5.246590462475753,28,56,3,6,56,0,9,-105.0,70.5,-47.5,192878,235,32,28,8,26,5.0,1778760,762.32224,nan,1.77876,nan,6,3528,1734960,12,0,0,6,792,384,96,408,102,198,6,39480,235,6
787,-47.5,57.5,48,24,0,0.0,0.0,0,0.0,57.5,0,562500.0,59.37961959838867,58.29373550415039,24,48,0,3,48,0,3,-105.0,70.5,-47.5,192878,168,32,24,6,23,5.0,898620,763.22086,nan,0.89862,nan,3,2520,867480,6,0,0,3,396,192,48,204,51,99,3,28224,168,3
788,-47.5,57.5,52,26,0,0.0,0.0,0,0.0,57.5,1,562500.0,43.46332542077085,20.207248310784884,26,52,1,4,52,0,5,-105.0,70.5,-47.5,192878,214,32,26,7,25,5.0,1195784,764.416644,nan,1.195784,nan,4,2664,1156640,8,0,0,4,528,256,64,272,68,132,4,35952,214,4
789,-47.5,57.5,48,24,0,0.0,0.0,0,0.0,57.5,1,562500.0,61.77944564819336,61.77944564819336,24,48,1,1,48,0,2,-105.0,70.5,-47.5,192878,139,32,24,8,23,5.0,314948,764.731592,nan,0.314948,nan,1,2304,289160,2,0,0,1,132,64,16,68,17,33,1,23352,139,1
790,-47.5,57.5,46,23,0,0.0,0.0,0,0.0,57.5,0,562500.0,47.1203076962275,29.453387200224498,23,46,0,4,46,0,4,-105.0,70.5,-47.5,192878,200,32,23,7,20,5.0,1193504,765.925096,nan,1.193504,nan,4,2736,1156640,8,0,0,4,528,256,64,272,68,132,4,33600,200,4
791,-47.5,57.5,42,21,0,0.0,0.0,0,0.0,57.5,2,562500.0,53.40303165707026,43.06552637531391,21,42,2,4,42,0,6,-105.0,70.5,-47.5,192878,134,32,21,7,21,5.0,1182344,767.10744,nan,1.182344,nan,4,2664,1156640,8,0,0,4,528,256,64,272,68,132,4,22512,134,4
792,-47.5,57.5,42,21,0,0.0,0.0,0,0.0,57.5,2,562500.0,44.809319111212965,24.453477874059168,21,42,2,6,42,0,8,-105.0,70.5,-47.5,192878,136,32,21,8,20,5.0,1761264,768.868704,nan,1.761264,nan,6,2664,1734960,12,0,0,6,792,384,96,408,102,198,6,22848,136,6
793,-47.5,57.5,42,21,0,0.0,0.0,0,0.0,57.5,0,562500.0,42.37249625743426,20.29687987328338,21,42,0,6,42,0,6,-105.0,70.5,-47.5,192878,204,32,21,7,17,5.0,1772040,770.640744,nan,1.77204,nan,6,2016,1734960,12,0,0,6,792,384,96,408,102,198,6,34272,204,6
794,-47.5,57.5,42,21,0,0.0,0.0,0,0.0,57.5,0,562500.0,61.7855224609375,61.7855224609375,21,42,0,1,42,0,1,-105.0,70.5,-47.5,192878,168,32,21,8,20,5.0,319100,770.959844,nan,0.3191,nan,1,1584,289160,2,0,0,1,132,64,16,68,17,33,1,28224,168,1
795,-47.5,57.5,42,21,0,0.0,0.0,0,0.0,57.5,1,562500.0,67.50382995605469,67.50382995605469,21,42,1,1,42,0,2,-105.0,70.5,-47.5,192878,196,32,21,7,17,5.0,324596,771.28444,nan,0.324596,nan,1,2376,289160,2,0,0,1,132,64,16,68,17,33,1,32928,196,1
796,-47.5,57.5,42,21,0,0.0,0.0,0,0.0,57.5,0,562500.0,60.28401184082031,60.2106819152832,21,42,0,2,42,0,2,-105.0,70.5,-47.5,192878,198,32,21,8,19,5.0,614584,771.899024,nan,0.614584,nan,2,2736,578320,4,0,0,2,264,128,32,136,34,66,2,33264,198,2
797,-47.5,57.5,42,21,0,0.0,0.0,0,0.0,57.5,0,562500.0,61.02511978149414,60.21068572998047,21,42,0,2,42,0,2,-105.0,70.5,-47.5,192878,200,32,21,7,18,5.0,615136,772.51416,nan,0.615136,nan,2,2952,578320,4,0,0,2,264,128,32,136,34,66,2,33600,200,2
798,-47.5,57.5,42,21,0,0.0,0.0,0,0.0,57.5,1,562500.0,44.161812966461945,36.88717572961676,21,42,1,5,42,0,6,-105.0,70.5,-47.5,192878,176,32,21,7,18,5.0,1479052,773.993212,nan,1.479052,nan,5,3024,1445800,10,0,0,5,660,320,80,340,85,165,5,29568,176,5
799,-47.5,57.5,42,21,0,0.0,0.0,0,0.0,57.5,4,562500.0,46.348719732930334,39.12259398313636,21,42,4,3,42,0,7,-105.0,70.5,-47.5,192878,89,32,21,8,20,5.0,885564,774.878776,nan,0.885564,nan,3,2736,867480,6,0,0,3,396,192,48,204,51,99,3,14952,89,3
800,-47.5,57.5,44,22,0,0.0,0.0,0,0.0,57.5,1,562500.0,62.733646392822266,58.73009490966797,22,44,1,3,44,0,4,-105.0,70.5,-47.5,192878,144,32,22,7,17,5.0,894732,775.773508,nan,0.894732,nan,3,2664,867480,6,0,0,3,396,192,48,204,51,99,3,24192,144,3
801,-47.5,57.5,48,24,0,0.0,0.0,0,0.0,57.5,2,562500.0,49.356817037761914,36.47414200573164,24,48,2,3,48,0,5,-105.0,70.5,-47.5,192878,199,32,24,8,21,5.0,904260,776.677768,nan,0.90426,nan,3,2952,867480,6,0,0,3,396,192,48,204,51,99,3,33432,199,3
802,-47.5,57.5,50,25,0,0.0,0.0,0,0.0,57.5,2,562500.0,50.39586449465082,40.240009317300334,25,50,2,3,50,0,5,-105.0,70.5,-47.5,192878,165,32,25,8,21,5.0,898476,777.576244,nan,0.898476,nan,3,2880,867480,6,0,0,3,396,192,48,204,51,99,3,27720,165,3
803,-47.5,57.5,52,26,0,0.0,0.0,0,0.0,57.5,3,562500.0,29.067037498622053,18.16526696102352,26,52,3,4,52,0,7,-105.0,70.5,-47.5,192878,237,32,26,8,22,5.0,1200296,778.77654,nan,1.200296,nan,4,3312,1156640,8,0,0,4,528,256,64,272,68,132,4,39816,237,4
804,-47.5,57.5,54,27,0,0.0,0.0,0,0.0,57.5,1,562500.0,31.20968775315498,19.007987911422262,27,54,1,4,54,0,5,-105.0,70.5,-47.5,192878,81,32,27,8,25,5.0,1173512,779.950052,nan,1.173512,nan,4,2736,1156640,8,0,0,4,528,256,64,272,68,132,4,13608,81,4
805,-47.5,57.5,52,26,0,0.0,0.0,0,0.0,57.5,1,562500.0,56.14822903086724,47.53314980548814,26,52,1,4,52,0,5,-105.0,70.5,-47.5,192878,133,32,26,6,22,5.0,1182320,781.132372,nan,1.18232,nan,4,2808,1156640,8,0,0,4,528,256,64,272,68,132,4,22344,133,4
806,-47.5,57.5,52,26,0,0.0,0.0,0,0.0,57.5,1,562500.0,34.241531483767695,20.901284695252738,26,52,1,3,52,0,4,-105.0,70.5,-47.5,192878,78,32,26,8,24,5.0,883644,782.016016,nan,0.883644,nan,3,2664,867480,6,0,0,3,396,192,48,204,51,99,3,13104,78,3
807,-47.5,57.5,42,21,0,0.0,0.0,0,0.0,57.5,0,562500.0,53.275047421453685,41.290904210142884,21,42,0,4,42,0,4,-105.0,70.5,-47.5,192878,143,32,21,7,16,5.0,1183496,783.199512,nan,1.183496,nan,4,2304,1156640,8,0,0,4,528,256,64,272,68,132,4,24024,143,4
808,-47.5,57.5,42,21,0,0.0,0.0,0,0.0,57.5,0,562500.0,33.19621459238723,19.678166264096788,21,42,0,3,42,0,3,-105.0,70.5,-47.5,192878,172,32,21,7,17,5.0,899004,784.098516,nan,0.899004,nan,3,2232,867480,6,0,0,3,396,192,48,204,51,99,3,28896,172,3
809,-47.5,57.5,42,21,0,0.0,0.0,0,0.0,57.5,1,562500.0,65.08907000223796,60.2106819152832,21,42,1,3,42,0,4,-105.0,70.5,-47.5,192878,108,32,21,6,17,5.0,888324,784.98684,nan,0.888324,nan,3,2304,867480,6,0,0,3,396,192,48,204,51,99,3,18144,108,3
810,-47.5,57.5,44,22,0,0.0,0.0,0,0.0,57.5,0,562500.0,67.50382995605469,67.50382995605469,22,44,0,1,44,0,1,-105.0,70.5,-47.5,192878,136,32,22,7,19,5.0,314732,785.301572,nan,0.314732,nan,1,2592,289160,2,0,0,1,132,64,16,68,17,33,1,22848,136,1
811,-47.5,57.5,58,29,0,0.0,0.0,0,0.0,57.5,2,562500.0,37.37247824521528,23.37483046571968,29,58,2,5,58,0,7,-105.0,70.5,-47.5,192878,165,32,29,7,25,5.0,1478212,786.779784,nan,1.478212,nan,5,4032,1445800,10,0,0,5,660,320,80,340,85,165,5,27720,165,5
812,-47.5,57.5,56,28,0,0.0,0.0,0,0.0,57.5,1,562500.0,39.75091045178213,26.174976664376853,28,56,1,5,56,0,6,-105.0,70.5,-47.5,192878,165,32,28,7,24,5.0,1477420,788.257204,nan,1.47742,nan,5,3240,1445800,10,0,0,5,660,320,80,340,85,165,5,27720,165,5
813,-47.5,57.5,56,28,0,0.0,0.0,0,0.0,57.5,2,562500.0,66.45654106140137,64.70963287353516,28,56,2,2,56,0,4,-105.0,70.5,-47.5,192878,165,32,28,8,26,5.0,609472,788.866676,nan,0.609472,nan,2,3168,578320,4,0,0,2,264,128,32,136,34,66,2,27720,165,2
814,-47.5,57.5,60,30,0,0.0,0.0,0,0.0,57.5,1,562500.0,25.562073245491668,22.84326276129198,30,60,1,2,60,0,3,-105.0,70.5,-47.5,192878,165,32,30,7,27,5.0,610048,789.476724,nan,0.610048,nan,2,3744,578320,4,0,0,2,264,128,32,136,34,66,2,27720,165,2
815,-47.5,57.5,66,33,0,0.0,0.0,0,0.0,57.5,3,562500.0,51.98721757639504,43.85625916710309,33,66,3,3,66,0,6,-105.0,70.5,-47.5,192878,168,32,33,7,30,5.0,900564,790.377288,nan,0.900564,nan,3,4464,867480,6,0,0,3,396,192,48,204,51,99,3,28224,168,3
816,-47.5,57.5,64,32,0,0.0,0.0,0,0.0,57.5,2,562500.0,50.87708557608241,31.113150733436154,32,64,2,4,64,0,6,-105.0,70.5,-47.5,192878,197,32,32,8,28,5.0,1194152,791.57144,nan,1.194152,nan,4,3888,1156640,8,0,0,4,528,256,64,272,68,132,4,33096,197,4
817,-47.5,57.5,60,30,0,0.0,0.0,0,0.0,57.5,2,562500.0,44.89456372932184,34.51453072064696,30,60,2,3,60,0,5,-105.0,70.5,-47.5,192878,164,32,30,7,27,5.0,898956,792.470396,nan,0.898956,nan,3,3528,867480,6,0,0,3,396,192,48,204,51,99,3,27552,164,3
818,-47.5,57.5,46,23,0,0.0,0.0,0,0.0,57.5,0,562500.0,63.76432673136393,59.32691955566406,23,46,0,3,46,0,3,-105.0,70.5,-47.5,192878,100,32,23,5,21,5.0,887412,793.357808,nan,0.887412,nan,3,2736,867480,6,0,0,3,396,192,48,204,51,99,3,16800,100,3
819,-47.5,57.5,40,20,0,0.0,0.0,0,0.0,57.5,1,562500.0,48.58505322454433,35.43821535179325,20,40,1,3,40,0,4,-105.0,70.5,-47.5,192878,103,32,20,5,17,5.0,887412,794.24522,nan,0.887412,nan,3,2232,867480,6,0,0,3,396,192,48,204,51,99,3,17304,103,3
820,-47.5,57.5,40,20,0,0.0,0.0,0,0.0,57.5,1,562500.0,60.468257904052734,59.7302131652832,20,40,1,2,40,0,3,-105.0,70.5,-47.5,192878,136,32,20,6,18,5.0,603952,794.849172,nan,0.603952,nan,2,2520,578320,4,0,0,2,264,128,32,136,34,66,2,22848,136,2
821,-47.5,57.5,38,19,0,0.0,0.0,0,0.0,57.5,1,562500.0,54.97954603860209,40.912338776706,19,38,1,3,38,0,4,-105.0,70.5,-47.5,192878,71,32,19,4,16,5.0,881964,795.731136,nan,0.881964,nan,3,2160,867480,6,0,0,3,396,192,48,204,51,99,3,11928,71,3
822,-47.5,57.5,36,18,0,0.0,0.0,0,0.0,57.5,1,562500.0,48.378910012003224,43.432174633153615,18,36,1,2,36,0,3,-105.0,70.5,-47.5,192878,133,32,18,5,16,5.0,602656,796.333792,nan,0.602656,nan,2,1728,578320,4,0,0,2,264,128,32,136,34,66,2,22344,133,2
823,-47.5,57.5,42,21,0,0.0,0.0,0,0.0,57.5,2,562500.0,40.82504997358594,23.598941263075417,21,42,2,3,42,0,5,-105.0,70.5,-47.5,192878,131,32,21,6,20,5.0,892404,797.226196,nan,0.892404,nan,3,2520,867480,6,0,0,3,396,192,48,204,51,99,3,22008,131,3
824,-47.5,57.5,44,22,0,0.0,0.0,0,0.0,57.5,0,562500.0,59.204284032185875,58.9234619140625,22,44,0,3,44,0,3,-105.0,70.5,-47.5,192878,243,32,22,7,21,5.0,911076,798.137272,nan,0.911076,nan,3,2376,867480,6,0,0,3,396,192,48,204,51,99,3,40824,243,3
825,-47.5,57.5,34,17,0,0.0,0.0,0,0.0,57.5,0,562500.0,60.493478775024414,59.520267486572266,17,34,0,2,34,0,2,-105.0,70.5,-47.5,192878,144,32,17,6,16,5.0,604792,798.742064,nan,0.604792,nan,2,2016,578320,4,0,0,2,264,128,32,136,34,66,2,24192,144,2
826,-47.5,57.5,34,17,0,0.0,0.0,0,0.0,57.5,2,562500.0,55.49077101128062,45.974018686323525,17,34,2,4,34,0,6,-105.0,70.5,-47.5,192878,131,32,17,6,15,5.0,1181264,799.923328,nan,1.181264,nan,4,2088,1156640,8,0,0,4,528,256,64,272,68,132,4,22008,131,4
827,-47.5,57.5,38,19,0,0.0,0.0,0,0.0,57.5,1,562500.0,51.55475243330656,41.64858342888273,19,38,1,3,38,0,4,-105.0,70.5,-47.5,192878,165,32,19,7,18,5.0,897828,800.821156,nan,0.897828,nan,3,2232,867480,6,0,0,3,396,192,48,204,51,99,3,27720,165,3
828,-47.5,57.5,38,19,0,0.0,0.0,0,0.0,57.5,1,562500.0,50.34655933819217,43.1446952585903,19,38,1,3,38,0,4,-105.0,70.5,-47.5,192878,198,32,19,7,17,5.0,903444,801.7246,nan,0.903444,nan,3,2304,867480,6,0,0,3,396,192,48,204,51,99,3,33264,198,3
829,-47.5,57.5,34,17,0,0.0,0.0,0,0.0,57.5,2,562500.0,47.42777104003335,35.33561926362095,17,34,2,3,34,0,5,-105.0,70.5,-47.5,192878,200,32,17,7,16,5.0,903420,802.62802,nan,0.90342,nan,3,1944,867480,6,0,0,3,396,192,48,204,51,99,3,33600,200,3
830,-47.5,57.5,36,18,0,0.0,0.0,0,0.0,57.5,1,562500.0,35.37990619123595,28.77841116132634,18,36,1,4,36,0,5,-105.0,70.5,-47.5,192878,194,32,18,7,18,5.0,1191848,803.819868,nan,1.191848,nan,4,2088,1156640,8,0,0,4,528,256,64,272,68,132,4,32592,194,4
831,-47.5,57.5,42,21,0,0.0,0.0,0,0.0,57.5,2,562500.0,41.73899761172066,20.971888835264725,21,42,2,4,42,0,6,-105.0,70.5,-47.5,192878,202,32,21,6,20,5.0,1193696,805.013564,nan,1.193696,nan,4,2592,1156640,8,0,0,4,528,256,64,272,68,132,4,33936,202,4
832,-47.5,57.5,44,22,0,0.0,0.0,0,0.0,57.5,0,562500.0,60.99674606323242,59.235843658447266,22,44,0,3,44,0,3,-105.0,70.5,-47.5,192878,308,32,22,8,21,5.0,922356,805.93592,nan,0.922356,nan,3,2736,867480,6,0,0,3,396,192,48,204,51,99,3,51744,308,3
833,-47.5,57.5,52,26,0,0.0,0.0,0,0.0,57.5,1,562500.0,61.43100070953369,60.2106819152832,26,52,1,2,52,0,3,-105.0,70.5,-47.5,192878,235,32,26,7,25,5.0,621232,806.557152,nan,0.621232,nan,2,3168,578320,4,0,0,2,264,128,32,136,34,66,2,39480,235,2
834,-47.5,57.5,56,28,0,0.0,0.0,0,0.0,57.5,2,562500.0,68.42962837219238,65.99503707885742,28,56,2,2,56,0,4,-105.0,70.5,-47.5,192878,198,32,28,7,27,5.0,615304,807.172456,nan,0.615304,nan,2,3456,578320,4,0,0,2,264,128,32,136,34,66,2,33264,198,2
835,-47.5,57.5,54,27,0,0.0,0.0,0,0.0,57.5,0,562500.0,41.441914610925785,20.413615794418376,27,54,0,4,54,0,4,-105.0,70.5,-47.5,192878,260,32,27,8,24,5.0,1204592,808.377048,nan,1.204592,nan,4,3744,1156640,8,0,0,4,528,256,64,272,68,132,4,43680,260,4
836,-47.5,57.5,60,30,0,0.0,0.0,0,0.0,57.5,1,562500.0,47.4627608673865,38.52313613792127,30,60,1,3,60,0,4,-105.0,70.5,-47.5,192878,180,32,30,7,29,5.0,901788,809.278836,nan,0.901788,nan,3,3672,867480,6,0,0,3,396,192,48,204,51,99,3,30240,180,3
837,-47.5,57.5,48,24,0,0.0,0.0,0,0.0,57.5,0,562500.0,65.1303768157959,62.861114501953125,24,48,0,2,48,0,2,-105.0,70.5,-47.5,192878,225,32,24,6,23,5.0,619480,809.898316,nan,0.61948,nan,2,3096,578320,4,0,0,2,264,128,32,136,34,66,2,37800,225,2
838,-47.5,57.5,42,21,0,0.0,0.0,0,0.0,57.5,0,562500.0,60.917628606160484,58.484291076660156,21,42,0,3,42,0,3,-105.0,70.5,-47.5,192878,196,32,21,6,20,5.0,903684,810.802,nan,0.903684,nan,3,2880,867480,6,0,0,3,396,192,48,204,51,99,3,32928,196,3
839,-47.5,57.5,40,20,0,0.0,0.0,0,0.0,57.5,1,562500.0,38.576819403361704,25.113567823317226,20,40,1,5,40,0,6,-105.0,70.5,-47.5,192878,186,32,20,7,19,5.0,1480444,812.282444,nan,1.480444,nan,5,2736,1445800,10,0,0,5,660,320,80,340,85,165,5,31248,186,5
840,-47.5,57.5,34,17,0,0.0,0.0,0,0.0,57.5,1,562500.0,48.422581382145154,41.60199261824293,17,34,1,2,34,0,3,-105.0,70.5,-47.5,192878,188,32,17,5,16,5.0,612112,812.894556,nan,0.612112,nan,2,1944,578320,4,0,0,2,264,128,32,136,34,66,2,31584,188,2
841,-47.5,57.5,40,20,0,0.0,0.0,0,0.0,57.5,3,562500.0,60.11958694458008,58.63649368286133,20,40,3,2,40,0,5,-105.0,70.5,-47.5,192878,251,32,20,7,18,5.0,623272,813.517828,nan,0.623272,nan,2,2520,578320,4,0,0,2,264,128,32,136,34,66,2,42168,251,2
842,-47.5,57.5,42,21,0,0.0,0.0,0,0.0,57.5,0,562500.0,36.80860355187849,20.740198007323094,21,42,0,4,42,0,4,-105.0,70.5,-47.5,192878,262,32,21,8,20,5.0,1203776,814.721604,nan,1.203776,nan,4,2592,1156640,8,0,0,4,528,256,64,272,68,132,4,44016,262,4
843,-47.5,57.5,46,23,0,0.0,0.0,0,0.0,57.5,0,562500.0,49.93811026338953,22.61111130848469,23,46,0,4,46,0,4,-105.0,70.5,-47.5,192878,198,32,23,7,23,5.0,1193312,815.914916,nan,1.193312,nan,4,2880,1156640,8,0,0,4,528,256,64,272,68,132,4,33264,198,4
844,-47.5,57.5,50,25,0,0.0,0.0,0,0.0,57.5,2,562500.0,40.73222742648992,38.62023857215405,25,50,2,2,50,0,4,-105.0,70.5,-47.5,192878,172,32,25,7,25,5.0,610576,816.525492,nan,0.610576,nan,2,3096,578320,4,0,0,2,264,128,32,136,34,66,2,28896,172,2
845,-47.5,57.5,48,24,0,0.0,0.0,0,0.0,57.5,1,562500.0,48.17841070178778,23.288397670817034,24,48,1,4,48,0,5,-105.0,70.5,-47.5,192878,200,32,24,7,22,5.0,1193720,817.719212,nan,1.19372,nan,4,2952,1156640,8,0,0,4,528,256,64,272,68,132,4,33600,200,4
846,-47.5,57.5,50,25,0,0.0,0.0,0,0.0,57.5,0,562500.0,62.76138687133789,57.99530029296875,25,50,0,2,50,0,2,-105.0,70.5,-47.5,192878,186,32,25,6,23,5.0,612640,818.331852,nan,0.61264,nan,2,2808,578320,4,0,0,2,264,128,32,136,34,66,2,31248,186,2
847,-47.5,57.5,46,23,0,0.0,0.0,0,0.0,57.5,1,562500.0,48.84036950222752,32.25700777948022,23,46,1,5,46,0,6,-105.0,70.5,-47.5,192878,136,32,23,5,19,5.0,1471972,819.803824,nan,1.471972,nan,5,2664,1445800,10,0,0,5,660,320,80,340,85,165,5,22848,136,5
848,-47.5,57.5,46,23,0,0.0,0.0,0,0.0,57.5,1,562500.0,43.75494237523772,43.55827479846912,23,46,1,2,46,0,3,-105.0,70.5,-47.5,192878,173,32,23,7,21,5.0,610168,820.413992,nan,0.610168,nan,2,2520,578320,4,0,0,2,264,128,32,136,34,66,2,29064,173,2
849,-47.5,57.5,46,23,0,0.0,0.0,0,0.0,57.5,2,562500.0,52.45996915322425,42.44492602604193,23,46,2,4,46,0,6,-105.0,70.5,-47.5,192878,134,32,23,7,21,5.0,1182632,821.596624,nan,1.182632,nan,4,2952,1156640,8,0,0,4,528,256,64,272,68,132,4,22512,134,4
850,-47.5,57.5,44,22,0,0.0,0.0,0,0.0,57.5,1,562500.0,63.72464243570963,60.2106819152832,22,44,1,3,44,0,4,-105.0,70.5,-47.5,192878,165,32,22,6,20,5.0,898044,822.494668,nan,0.898044,nan,3,2448,867480,6,0,0,3,396,192,48,204,51,99,3,27720,165,3
851,-47.5,57.5,48,24,0,0.0,0.0,0,0.0,57.5,1,562500.0,44.81067844110827,31.992925954354302,24,48,1,5,48,0,6,-105.0,70.5,-47.5,192878,194,32,24,6,21,5.0,1481788,823.976456,nan,1.481788,nan,5,2736,1445800,10,0,0,5,660,320,80,340,85,165,5,32592,194,5
852,-47.5,57.5,52,26,0,0.0,0.0,0,0.0,57.5,2,562500.0,48.466859272606804,40.01236014923375,26,52,2,3,52,0,5,-105.0,70.5,-47.5,192878,133,32,26,6,25,5.0,892596,824.869052,nan,0.892596,nan,3,2376,867480,6,0,0,3,396,192,48,204,51,99,3,22344,133,3
853,-47.5,57.5,48,24,0,0.0,0.0,0,0.0,57.5,0,562500.0,58.78263854980469,58.78263854980469,24,48,0,1,48,0,1,-105.0,70.5,-47.5,192878,194,32,24,7,23,5.0,324044,825.193096,nan,0.324044,nan,1,2160,289160,2,0,0,1,132,64,16,68,17,33,1,32592,194,1
854,-47.5,57.5,46,23,0,0.0,0.0,0,0.0,57.5,0,562500.0,58.191591089983866,39.883601725977215,23,46,0,3,46,0,3,-105.0,70.5,-47.5,192878,171,32,23,6,22,5.0,899052,826.092148,nan,0.899052,nan,3,2448,867480,6,0,0,3,396,192,48,204,51,99,3,28728,171,3
855,-47.5,57.5,48,24,0,0.0,0.0,0,0.0,57.5,0,562500.0,48.87425890297021,40.20281486792967,24,48,0,5,48,0,5,-105.0,70.5,-47.5,192878,267,32,24,8,22,5.0,1494124,827.586272,nan,1.494124,nan,5,2808,1445800,10,0,0,5,660,320,80,340,85,165,5,44856,267,5
856,-47.5,57.5,54,27,0,0.0,0.0,0,0.0,57.5,2,562500.0,46.73745840387471,23.03825585292033,27,54,2,4,54,0,6,-105.0,70.5,-47.5,192878,218,32,27,8,27,5.0,1197032,828.783304,nan,1.197032,nan,4,3240,1156640,8,0,0,4,528,256,64,272,68,132,4,36624,218,4
857,-47.5,57.5,50,25,0,0.0,0.0,0,0.0,57.5,1,562500.0,40.37357914384673,21.063629737610018,25,50,1,6,50,0,7,-105.0,70.5,-47.5,192878,195,32,25,7,24,5.0,1771248,830.554552,nan,1.771248,nan,6,2736,1734960,12,0,0,6,792,384,96,408,102,198,6,32760,195,6
858,-47.5,57.5,50,25,0,0.0,0.0,0,0.0,57.5,0,562500.0,63.52798262010982,60.71632766723633,25,50,0,3,50,0,3,-105.0,70.5,-47.5,192878,226,32,25,7,25,5.0,908148,831.4627,nan,0.908148,nan,3,2304,867480,6,0,0,3,396,192,48,204,51,99,3,37968,226,3
859,-47.5,57.5,50,25,0,0.0,0.0,0,0.0,57.5,0,562500.0,67.12224197387695,67.12224197387695,25,50,0,1,50,0,1,-105.0,70.5,-47.5,192878,184,32,25,6,24,5.0,322436,831.785136,nan,0.322436,nan,1,2232,289160,2,0,0,1,132,64,16,68,17,33,1,30912,184,1
860,-47.5,57.5,48,24,0,0.0,0.0,0,0.0,57.5,0,562500.0,66.77641868591309,63.620506286621094,24,48,0,2,48,0,2,-105.0,70.5,-47.5,192878,233,32,24,7,23,5.0,620248,832.405384,nan,0.620248,nan,2,2520,578320,4,0,0,2,264,128,32,136,34,66,2,39144,233,2
861,-47.5,57.5,50,25,0,0.0,0.0,0,0.0,57.5,0,562500.0,45.281501552053996,35.765939200534746,25,50,0,5,50,0,5,-105.0,70.5,-47.5,192878,221,32,25,7,24,5.0,1486540,833.891924,nan,1.48654,nan,5,2952,1445800,10,0,0,5,660,320,80,340,85,165,5,37128,221,5
862,-47.5,57.5,48,24,0,0.0,0.0,0,0.0,57.5,1,562500.0,43.1060414187799,19.9801174516977,24,48,1,4,48,0,5,-105.0,70.5,-47.5,192878,179,32,24,6,24,5.0,1189832,835.081756,nan,1.189832,nan,4,2592,1156640,8,0,0,4,528,256,64,272,68,132,4,30072,179,4
863,-47.5,57.5,40,20,0,0.0,0.0,0,0.0,57.5,1,562500.0,46.70934710797804,38.35173021684791,20,40,1,3,40,0,4,-105.0,70.5,-47.5,192878,149,32,20,5,19,5.0,895212,835.976968,nan,0.895212,nan,3,2304,867480,6,0,0,3,396,192,48,204,51,99,3,25032,149,3
864,-47.5,57.5,46,23,0,0.0,0.0,0,0.0,57.5,1,562500.0,62.19966125488281,62.19966125488281,23,46,1,1,46,0,2,-105.0,70.5,-47.5,192878,196,32,23,5,22,5.0,324596,836.301564,nan,0.324596,nan,1,2376,289160,2,0,0,1,132,64,16,68,17,33,1,32928,196,1
865,-47.5,57.5,46,23,0,0.0,0.0,0,0.0,57.5,1,562500.0,37.39362294470491,28.29584091309121,23,46,1,4,46,0,5,-105.0,70.5,-47.5,192878,181,32,23,5,22,5.0,1190240,837.491804,nan,1.19024,nan,4,2664,1156640,8,0,0,4,528,256,64,272,68,132,4,30408,181,4
866,-47.5,57.5,46,23,0,0.0,0.0,0,0.0,57.5,1,562500.0,40.14411613406187,33.70794720964321,23,46,1,4,46,0,5,-105.0,70.5,-47.5,192878,250,32,23,6,23,5.0,1201904,838.693708,nan,1.201904,nan,4,2736,1156640,8,0,0,4,528,256,64,272,68,132,4,42000,250,4
867,-47.5,57.5,52,26,0,0.0,0.0,0,0.0,57.5,0,562500.0,35.27821440892405,31.392121589792602,26,52,0,2,52,0,2,-105.0,70.5,-47.5,192878,261,32,26,7,26,5.0,625096,839.318804,nan,0.625096,nan,2,2664,578320,4,0,0,2,264,128,32,136,34,66,2,43848,261,2
868,-47.5,57.5,54,27,0,0.0,0.0,0,0.0,57.5,2,562500.0,49.591320260135845,25.225930829776058,27,54,2,2,54,0,4,-105.0,70.5,-47.5,192878,271,32,27,8,27,5.0,627352,839.946156,nan,0.627352,nan,2,3240,578320,4,0,0,2,264,128,32,136,34,66,2,45528,271,2
869,-47.5,57.5,48,24,0,0.0,0.0,0,0.0,57.5,1,562500.0,48.01462140271154,37.890169315648954,24,48,1,2,48,0,3,-105.0,70.5,-47.5,192878,162,32,24,5,23,5.0,609256,840.555412,nan,0.609256,nan,2,3456,578320,4,0,0,2,264,128,32,136,34,66,2,27216,162,2
870,-47.5,57.5,46,23,0,0.0,0.0,0,0.0,57.5,1,562500.0,62.954580307006836,60.66691589355469,23,46,1,2,46,0,3,-105.0,70.5,-47.5,192878,197,32,23,5,23,5.0,614992,841.170404,nan,0.614992,nan,2,3312,578320,4,0,0,2,264,128,32,136,34,66,2,33096,197,2
871,-47.5,57.5,44,22,0,0.0,0.0,0,0.0,57.5,2,562500.0,52.320422319903635,46.84361783914393,22,44,2,3,44,0,5,-105.0,70.5,-47.5,192878,163,32,22,5,22,5.0,897996,842.0684,nan,0.897996,nan,3,2736,867480,6,0,0,3,396,192,48,204,51,99,3,27384,163,3
872,-47.5,57.5,44,22,0,0.0,0.0,0,0.0,57.5,1,562500.0,65.10592937469482,61.42755126953125,22,44,1,2,44,0,3,-105.0,70.5,-47.5,192878,168,32,22,5,22,5.0,609256,842.677656,nan,0.609256,nan,2,2448,578320,4,0,0,2,264,128,32,136,34,66,2,28224,168,2
873,-47.5,57.5,48,24,0,0.0,0.0,0,0.0,57.5,1,562500.0,60.00449275970459,57.57381057739258,24,48,1,2,48,0,3,-105.0,70.5,-47.5,192878,251,32,24,7,23,5.0,623416,843.301072,nan,0.623416,nan,2,2664,578320,4,0,0,2,264,128,32,136,34,66,2,42168,251,2
874,-47.5,57.5,48,24,0,0.0,0.0,0,0.0,57.5,3,562500.0,50.28347213475307,31.25547825981549,24,48,3,4,48,0,7,-105.0,70.5,-47.5,192878,247,32,24,7,23,5.0,1201832,844.502904,nan,1.201832,nan,4,3168,1156640,8,0,0,4,528,256,64,272,68,132,4,41496,247,4
875,-47.5,57.5,46,23,0,0.0,0.0,0,0.0,57.5,2,562500.0,49.5849338276886,30.234675954086356,23,46,2,4,46,0,6,-105.0,70.5,-47.5,192878,241,32,23,7,23,5.0,1200104,845.703008,nan,1.200104,nan,4,2448,1156640,8,0,0,4,528,256,64,272,68,132,4,40488,241,4
876,-47.5,57.5,50,25,0,0.0,0.0,0,0.0,57.5,0,562500.0,54.874903284178416,37.048248696016074,25,50,0,4,50,0,4,-105.0,70.5,-47.5,192878,252,32,25,9,25,5.0,1201808,846.904816,nan,1.201808,nan,4,2304,1156640,8,0,0,4,528,256,64,272,68,132,4,42336,252,4
877,-47.5,57.5,52,26,0,0.0,0.0,0,0.0,57.5,1,562500.0,49.16031676502324,23.44386742489299,26,52,1,5,52,0,6,-105.0,70.5,-47.5,192878,240,32,26,8,24,5.0,1489588,848.394404,nan,1.489588,nan,5,2808,1445800,10,0,0,5,660,320,80,340,85,165,5,40320,240,5
878,-47.5,57.5,56,28,0,0.0,0.0,0,0.0,57.5,1,562500.0,59.53381156921387,58.85694122314453,28,56,1,2,56,0,3,-105.0,70.5,-47.5,192878,231,32,28,8,27,5.0,620128,849.014532,nan,0.620128,nan,2,2736,578320,4,0,0,2,264,128,32,136,34,66,2,38808,231,2
879,-47.5,57.5,50,25,0,0.0,0.0,0,0.0,57.5,0,562500.0,38.07310865902971,18.899354310131923,25,50,0,5,50,0,5,-105.0,70.5,-47.5,192878,228,32,25,8,22,5.0,1487716,850.502248,nan,1.487716,nan,5,2952,1445800,10,0,0,5,660,320,80,340,85,165,5,38304,228,5
880,-47.5,57.5,50,25,0,0.0,0.0,0,0.0,57.5,0,562500.0,67.50382995605469,67.50382995605469,25,50,0,1,50,0,1,-105.0,70.5,-47.5,192878,144,32,25,8,24,5.0,316220,850.818468,nan,0.31622,nan,1,2736,289160,2,0,0,1,132,64,16,68,17,33,1,24192,144,1
881,-47.5,57.5,48,24,0,0.0,0.0,0,0.0,57.5,2,562500.0,52.1425426880772,36.068314487859,24,48,2,5,48,0,7,-105.0,70.5,-47.5,192878,204,32,24,7,22,5.0,1484044,852.302512,nan,1.484044,nan,5,3312,1445800,10,0,0,5,660,320,80,340,85,165,5,34272,204,5
882,-47.5,57.5,48,24,0,0.0,0.0,0,0.0,57.5,2,562500.0,36.72168557229278,19.15715235667517,24,48,2,5,48,0,7,-105.0,70.5,-47.5,192878,168,32,24,7,22,5.0,1477636,853.780148,nan,1.477636,nan,5,2952,1445800,10,0,0,5,660,320,80,340,85,165,5,28224,168,5
883,-47.5,57.5,46,23,0,0.0,0.0,0,0.0,57.5,3,562500.0,43.45927915218183,39.385382103239046,23,46,3,2,46,0,5,-105.0,70.5,-47.5,192878,178,32,23,7,21,5.0,611008,854.391156,nan,0.611008,nan,2,2520,578320,4,0,0,2,264,128,32,136,34,66,2,29904,178,2
884,-47.5,57.5,44,22,0,0.0,0.0,0,0.0,57.5,0,562500.0,62.656742095947266,60.21068572998047,22,44,0,3,44,0,3,-105.0,70.5,-47.5,192878,177,32,22,7,19,5.0,900060,855.291216,nan,0.90006,nan,3,2448,867480,6,0,0,3,396,192,48,204,51,99,3,29736,177,3
885,-47.5,57.5,44,22,0,0.0,0.0,0,0.0,57.5,2,562500.0,65.56418546040852,61.785518646240234,22,44,2,3,44,0,5,-105.0,70.5,-47.5,192878,175,32,22,6,19,5.0,899940,856.191156,nan,0.89994,nan,3,2664,867480,6,0,0,3,396,192,48,204,51,99,3,29400,175,3
886,-47.5,57.5,48,24,0,0.0,0.0,0,0.0,57.5,1,562500.0,47.52583334485496,38.63382107130752,24,48,1,3,48,0,4,-105.0,70.5,-47.5,192878,305,32,24,9,23,5.0,921996,857.113152,nan,0.921996,nan,3,2880,867480,6,0,0,3,396,192,48,204,51,99,3,51240,305,3
887,-47.5,57.5,48,24,0,0.0,0.0,0,0.0,57.5,2,562500.0,52.07794994959488,42.94217408691559,24,48,2,3,48,0,5,-105.0,70.5,-47.5,192878,243,32,24,7,20,5.0,911796,858.024948,nan,0.911796,nan,3,3096,867480,6,0,0,3,396,192,48,204,51,99,3,40824,243,3
888,-47.5,57.5,50,25,0,0.0,0.0,0,0.0,57.5,1,562500.0,45.2603559364983,37.874226146968056,25,50,1,5,50,0,6,-105.0,70.5,-47.5,192878,226,32,25,8,23,5.0,1487596,859.512544,nan,1.487596,nan,5,3168,1445800,10,0,0,5,660,320,80,340,85,165,5,37968,226,5
889,-47.5,57.5,48,24,0,0.0,0.0,0,0.0,57.5,1,562500.0,52.49055911356292,36.79970291846269,24,48,1,5,48,0,6,-105.0,70.5,-47.5,192878,165,32,24,7,21,5.0,1476628,860.989172,nan,1.476628,nan,5,2448,1445800,10,0,0,5,660,320,80,340,85,165,5,27720,165,5
890,-47.5,57.5,44,22,0,0.0,0.0,0,0.0,57.5,0,562500.0,65.58115514119466,61.836429595947266,22,44,0,3,44,0,3,-105.0,70.5,-47.5,192878,170,32,22,7,19,5.0,898452,861.887624,nan,0.898452,nan,3,2016,867480,6,0,0,3,396,192,48,204,51,99,3,28560,170,3
891,-47.5,57.5,42,21,0,0.0,0.0,0,0.0,57.5,1,562500.0,37.99852362540647,19.370759060255928,21,42,1,3,42,0,4,-105.0,70.5,-47.5,192878,166,32,21,7,18,5.0,898068,862.785692,nan,0.898068,nan,3,2304,867480,6,0,0,3,396,192,48,204,51,99,3,27888,166,3
892,-47.5,57.5,42,21,0,0.0,0.0,0,0.0,57.5,2,562500.0,49.36954698967911,39.372295460883365,21,42,2,4,42,0,6,-105.0,70.5,-47.5,192878,71,32,21,6,17,5.0,1171544,863.957236,nan,1.171544,nan,4,2448,1156640,8,0,0,4,528,256,64,272,68,132,4,11928,71,4
893,-47.5,57.5,42,21,0,0.0,0.0,0,0.0,57.5,0,562500.0,49.33517443882093,40.240009317300334,21,42,0,3,42,0,3,-105.0,70.5,-47.5,192878,99,32,21,5,16,5.0,886956,864.844192,nan,0.886956,nan,3,2448,867480,6,0,0,3,396,192,48,204,51,99,3,16632,99,3
894,-47.5,57.5,46,23,0,0.0,0.0,0,0.0,57.5,1,562500.0,54.15622908122555,46.37932069286745,23,46,1,4,46,0,5,-105.0,70.5,-47.5,192878,102,32,23,7,20,5.0,1177256,866.021448,nan,1.177256,nan,4,2952,1156640,8,0,0,4,528,256,64,272,68,132,4,17136,102,4
895,-47.5,57.5,46,23,0,0.0,0.0,0,0.0,57.5,2,562500.0,63.8698787689209,60.2106819152832,23,46,2,2,46,0,4,-105.0,70.5,-47.5,192878,170,32,23,8,20,5.0,609952,866.6314,nan,0.609952,nan,2,2808,578320,4,0,0,2,264,128,32,136,34,66,2,28560,170,2
896,-47.5,57.5,46,23,0,0.0,0.0,0,0.0,57.5,0,562500.0,67.5290756225586,67.5290756225586,23,46,0,1,46,0,1,-105.0,70.5,-47.5,192878,133,32,23,6,20,5.0,314228,866.945628,nan,0.314228,nan,1,2592,289160,2,0,0,1,132,64,16,68,17,33,1,22344,133,1
897,-47.5,57.5,46,23,0,0.0,0.0,0,0.0,57.5,1,562500.0,46.19846017870839,32.356256864455155,23,46,1,3,46,0,4,-105.0,70.5,-47.5,192878,136,32,23,7,19,5.0,893532,867.83916,nan,0.893532,nan,3,2808,867480,6,0,0,3,396,192,48,204,51,99,3,22848,136,3
898,-47.5,57.5,46,23,0,0.0,0.0,0,0.0,57.5,2,562500.0,38.50156073842631,31.930077644896855,23,46,2,2,46,0,4,-105.0,70.5,-47.5,192878,131,32,23,5,17,5.0,603400,868.44256,nan,0.6034,nan,2,2808,578320,4,0,0,2,264,128,32,136,34,66,2,22008,131,2
899,-47.5,57.5,46,23,0,0.0,0.0,0,0.0,57.5,0,562500.0,30.522788921312895,18.211893802973638,23,46,0,4,46,0,4,-105.0,70.5,-47.5,192878,154,32,23,6,19,5.0,1185920,869.62848,nan,1.18592,nan,4,2880,1156640,8,0,0,4,528,256,64,272,68,132,4,25872,154,4
900,-47.5,57.5,46,23,0,0.0,0.0,0,0.0,57.5,1,562500.0,65.11526362101237,60.21068572998047,23,46,1,3,46,0,4,-105.0,70.5,-47.5,192878,157,32,23,9,21,5.0,897132,870.525612,nan,0.897132,nan,3,2880,867480,6,0,0,3,396,192,48,204,51,99,3,26376,157,3
901,-47.5,57.5,54,27,0,0.0,0.0,0,0.0,57.5,0,562500.0,63.868547439575195,61.6451416015625,27,54,0,2,54,0,2,-105.0,70.5,-47.5,192878,92,32,27,6,24,5.0,597280,871.122892,nan,0.59728,nan,2,3240,578320,4,0,0,2,264,128,32,136,34,66,2,15456,92,2
902,-47.5,57.5,54,27,0,0.0,0.0,0,0.0,57.5,1,562500.0,48.41234268623734,35.07861954081791,27,54,1,4,54,0,5,-105.0,70.5,-47.5,192878,138,32,27,6,22,5.0,1183808,872.3067,nan,1.183808,nan,4,3456,1156640,8,0,0,4,528,256,64,272,68,132,4,23184,138,4
903,-47.5,57.5,56,28,0,0.0,0.0,0,0.0,57.5,0,562500.0,53.22525977125175,42.03934003779143,28,56,0,4,56,0,4,-105.0,70.5,-47.5,192878,168,32,28,7,25,5.0,1188704,873.495404,nan,1.188704,nan,4,3312,1156640,8,0,0,4,528,256,64,272,68,132,4,28224,168,4
904,-47.5,57.5,58,29,0,0.0,0.0,0,0.0,57.5,2,562500.0,51.691189092081444,32.03277502155611,29,58,2,5,58,0,7,-105.0,70.5,-47.5,192878,166,32,29,8,26,5.0,1477876,874.97328,nan,1.477876,nan,5,3528,1445800,10,0,0,5,660,320,80,340,85,165,5,27888,166,5
905,-47.5,57.5,54,27,0,0.0,0.0,0,0.0,57.5,1,562500.0,45.52568697701577,37.33583852233077,27,54,1,5,54,0,6,-105.0,70.5,-47.5,192878,141,32,27,6,25,5.0,1472956,876.446236,nan,1.472956,nan,5,2808,1445800,10,0,0,5,660,320,80,340,85,165,5,23688,141,5
906,-47.5,57.5,38,19,0,0.0,0.0,0,0.0,57.5,2,562500.0,60.737542152404785,58.88701629638672,19,38,2,2,38,0,4,-105.0,70.5,-47.5,192878,138,32,19,6,16,5.0,603856,877.050092,nan,0.603856,nan,2,2088,578320,4,0,0,2,264,128,32,136,34,66,2,23184,138,2
907,-47.5,57.5,32,16,0,0.0,0.0,0,0.0,57.5,1,562500.0,44.34535666198597,21.981088070391998,16,32,1,4,32,0,5,-105.0,70.5,-47.5,192878,100,32,16,4,12,5.0,1176056,878.226148,nan,1.176056,nan,4,2088,1156640,8,0,0,4,528,256,64,272,68,132,4,16800,100,4
908,-47.5,57.5,32,16,0,0.0,0.0,0,0.0,57.5,1,562500.0,49.64514575320209,40.82549597616449,16,32,1,3,32,0,4,-105.0,70.5,-47.5,192878,72,32,16,4,13,5.0,882060,879.108208,nan,0.88206,nan,3,2088,867480,6,0,0,3,396,192,48,204,51,99,3,12096,72,3
909,-47.5,57.5,30,15,0,0.0,0.0,0,0.0,57.5,0,562500.0,38.16160954985585,26.817285736943425,15,30,0,2,30,0,2,-105.0,70.5,-47.5,192878,146,32,15,5,13,5.0,604984,879.713192,nan,0.604984,nan,2,1872,578320,4,0,0,2,264,128,32,136,34,66,2,24528,146,2
910,-47.5,57.5,30,15,0,0.0,0.0,0,0.0,57.5,2,562500.0,59.67780303955078,58.90644836425781,15,30,2,2,30,0,4,-105.0,70.5,-47.5,192878,115,32,15,4,14,5.0,600064,880.313256,nan,0.600064,nan,2,2160,578320,4,0,0,2,264,128,32,136,34,66,2,19320,115,2
911,-47.5,57.5,38,19,0,0.0,0.0,0,0.0,57.5,0,562500.0,36.202426391083684,19.046684605235356,19,38,0,3,38,0,3,-105.0,70.5,-47.5,192878,97,32,19,4,16,5.0,886548,881.199804,nan,0.886548,nan,3,2376,867480,6,0,0,3,396,192,48,204,51,99,3,16296,97,3
912,-47.5,57.5,40,20,0,0.0,0.0,0,0.0,57.5,1,562500.0,63.33178901672363,60.54172134399414,20,40,1,2,40,0,3,-105.0,70.5,-47.5,192878,165,32,20,4,17,5.0,608680,881.808484,nan,0.60868,nan,2,2376,578320,4,0,0,2,264,128,32,136,34,66,2,27720,165,2
913,-47.5,57.5,42,21,0,0.0,0.0,0,0.0,57.5,2,562500.0,63.194358756921964,61.405452728271484,21,42,2,4,42,0,6,-105.0,70.5,-47.5,192878,141,32,21,5,20,5.0,1183304,882.991788,nan,1.183304,nan,4,2448,1156640,8,0,0,4,528,256,64,272,68,132,4,23688,141,4
914,-47.5,57.5,40,20,0,0.0,0.0,0,0.0,57.5,1,562500.0,63.474934509180265,61.83078656749383,20,40,1,4,40,0,5,-105.0,70.5,-47.5,192878,146,32,20,6,20,5.0,1183928,884.175716,nan,1.183928,nan,4,2232,1156640,8,0,0,4,528,256,64,272,68,132,4,24528,146,4
915,-47.5,57.5,42,21,0,0.0,0.0,0,0.0,57.5,1,562500.0,62.73646672566732,59.52797317504883,21,42,1,3,42,0,4,-105.0,70.5,-47.5,192878,69,32,21,6,21,5.0,881412,885.057128,nan,0.881412,nan,3,1944,867480,6,0,0,3,396,192,48,204,51,99,3,11592,69,3
916,-47.5,57.5,42,21,0,0.0,0.0,0,0.0,57.5,0,562500.0,33.55672967111305,26.984289528259243,21,42,0,2,42,0,2,-105.0,70.5,-47.5,192878,150,32,21,6,20,5.0,605584,885.662712,nan,0.605584,nan,2,1800,578320,4,0,0,2,264,128,32,136,34,66,2,25200,150,2
917,-47.5,57.5,38,19,0,0.0,0.0,0,0.0,57.5,1,562500.0,52.669446684920466,36.23277781426087,19,38,1,5,38,0,6,-105.0,70.5,-47.5,192878,187,32,19,5,16,5.0,1479388,887.1421,nan,1.479388,nan,5,1512,1445800,10,0,0,5,660,320,80,340,85,165,5,31416,187,5
918,-47.5,57.5,44,22,0,0.0,0.0,0,0.0,57.5,0,562500.0,62.43935521443685,61.44229507446289,22,44,0,3,44,0,3,-105.0,70.5,-47.5,192878,217,32,22,7,22,5.0,906060,888.04816,nan,0.90606,nan,3,1728,867480,6,0,0,3,396,192,48,204,51,99,3,36456,217,3
919,-47.5,57.5,44,22,0,0.0,0.0,0,0.0,57.5,0,562500.0,46.8189904176073,35.232739407155556,22,44,0,3,44,0,3,-105.0,70.5,-47.5,192878,219,32,22,7,22,5.0,906324,888.954484,nan,0.906324,nan,3,1656,867480,6,0,0,3,396,192,48,204,51,99,3,36792,219,3
920,-47.5,57.5,50,25,0,0.0,0.0,0,0.0,57.5,1,562500.0,41.73934891504965,20.02882770921079,25,50,1,3,50,0,4,-105.0,70.5,-47.5,192878,180,32,25,6,24,5.0,900708,889.855192,nan,0.900708,nan,3,2592,867480,6,0,0,3,396,192,48,204,51,99,3,30240,180,3
921,-47.5,57.5,56,28,0,0.0,0.0,0,0.0,57.5,1,562500.0,62.585533142089844,60.26872253417969,28,56,1,2,56,0,3,-105.0,70.5,-47.5,192878,234,32,28,6,27,5.0,621064,890.476256,nan,0.621064,nan,2,3168,578320,4,0,0,2,264,128,32,136,34,66,2,39312,234,2
922,-47.5,57.5,58,29,0,0.0,0.0,0,0.0,57.5,0,562500.0,67.8514347076416,67.25564193725586,29,58,0,2,58,0,2,-105.0,70.5,-47.5,192878,208,32,29,7,29,5.0,616480,891.092736,nan,0.61648,nan,2,2952,578320,4,0,0,2,264,128,32,136,34,66,2,34944,208,2
923,-47.5,57.5,62,31,0,0.0,0.0,0,0.0,57.5,1,562500.0,55.77266273057785,48.41104212639137,31,62,1,3,62,0,4,-105.0,70.5,-47.5,192878,200,32,31,6,29,5.0,905004,891.99774,nan,0.905004,nan,3,3528,867480,6,0,0,3,396,192,48,204,51,99,3,33600,200,3
924,-47.5,57.5,66,33,0,0.0,0.0,0,0.0,57.5,1,562500.0,45.45410123011853,23.533512892537995,33,66,1,5,66,0,6,-105.0,70.5,-47.5,192878,218,32,33,7,31,5.0,1486180,893.48392,nan,1.48618,nan,5,3096,1445800,10,0,0,5,660,320,80,340,85,165,5,36624,218,5
925,-47.5,57.5,68,34,0,0.0,0.0,0,0.0,57.5,4,562500.0,50.37711056665178,23.606637869968715,34,68,4,4,68,0,8,-105.0,70.5,-47.5,192878,253,32,34,7,31,5.0,1203128,894.687048,nan,1.203128,nan,4,3456,1156640,8,0,0,4,528,256,64,272,68,132,4,42504,253,4
926,-47.5,57.5,64,32,0,0.0,0.0,0,0.0,57.5,0,562500.0,45.75319116328802,26.737057904210495,32,64,0,3,64,0,3,-105.0,70.5,-47.5,192878,177,32,32,7,32,5.0,900492,895.58754,nan,0.900492,nan,3,2880,867480,6,0,0,3,396,192,48,204,51,99,3,29736,177,3
927,-47.5,57.5,64,32,0,0.0,0.0,0,0.0,57.5,1,562500.0,61.32139778137207,59.711944580078125,32,64,1,2,64,0,3,-105.0,70.5,-47.5,192878,198,32,32,6,31,5.0,614080,896.20162,nan,0.61408,nan,2,2232,578320,4,0,0,2,264,128,32,136,34,66,2,33264,198,2
928,-47.5,57.5,64,32,0,0.0,0.0,0,0.0,57.5,1,562500.0,60.846313384880325,57.958948951527034,32,64,1,3,64,0,4,-105.0,70.5,-47.5,192878,178,32,32,6,31,5.0,900588,897.102208,nan,0.900588,nan,3,2808,867480,6,0,0,3,396,192,48,204,51,99,3,29904,178,3
929,-47.5,57.5,64,32,0,0.0,0.0,0,0.0,57.5,0,562500.0,49.83885308581149,28.668257818477958,32,64,0,4,64,0,4,-105.0,70.5,-47.5,192878,164,32,32,6,31,5.0,1187960,898.290168,nan,1.18796,nan,4,3240,1156640,8,0,0,4,528,256,64,272,68,132,4,27552,164,4
930,-47.5,57.5,66,33,0,0.0,0.0,0,0.0,57.5,1,562500.0,47.28898538780089,34.418088177647995,33,66,1,3,66,0,4,-105.0,70.5,-47.5,192878,192,32,33,7,32,5.0,903300,899.193468,nan,0.9033,nan,3,3168,867480,6,0,0,3,396,192,48,204,51,99,3,32256,192,3
931,-47.5,57.5,70,35,0,0.0,0.0,0,0.0,57.5,0,562500.0,62.29931513468424,61.44229507446289,35,70,0,3,70,0,3,-105.0,70.5,-47.5,192878,124,32,35,6,34,5.0,892092,900.08556,nan,0.892092,nan,3,3384,867480,6,0,0,3,396,192,48,204,51,99,3,20832,124,3
932,-47.5,57.5,68,34,0,0.0,0.0,0,0.0,57.5,1,562500.0,65.67072105407715,63.813968658447266,34,68,1,2,68,0,3,-105.0,70.5,-47.5,192878,80,32,34,5,31,5.0,594904,900.680464,nan,0.594904,nan,2,2880,578320,4,0,0,2,264,128,32,136,34,66,2,13440,80,2
933,-47.5,57.5,70,35,0,0.0,0.0,0,0.0,57.5,0,562500.0,46.927131599050554,18.0262116187178,35,70,0,5,70,0,5,-105.0,70.5,-47.5,192878,132,32,35,5,29,5.0,1472092,902.152556,nan,1.472092,nan,5,3456,1445800,10,0,0,5,660,320,80,340,85,165,5,22176,132,5
934,-47.5,57.5,68,34,0,0.0,0.0,0,0.0,57.5,1,562500.0,34.90934269308136,32.00252226455808,34,68,1,2,68,0,3,-105.0,70.5,-47.5,192878,131,32,34,6,32,5.0,603616,902.756172,nan,0.603616,nan,2,3024,578320,4,0,0,2,264,128,32,136,34,66,2,22008,131,2
935,-47.5,57.5,70,35,0,0.0,0.0,0,0.0,57.5,0,562500.0,57.811092376708984,57.811092376708984,35,70,0,1,70,0,1,-105.0,70.5,-47.5,192878,129,32,35,7,33,5.0,314420,903.070592,nan,0.31442,nan,1,3456,289160,2,0,0,1,132,64,16,68,17,33,1,21672,129,1
936,-47.5,57.5,70,35,0,0.0,0.0,0,0.0,57.5,0,562500.0,61.23060989379883,57.58646774291992,35,70,0,4,70,0,4,-105.0,70.5,-47.5,192878,120,32,35,5,30,5.0,1181720,904.252312,nan,1.18172,nan,4,4392,1156640,8,0,0,4,528,256,64,272,68,132,4,20160,120,4
937,-47.5,57.5,68,34,0,0.0,0.0,0,0.0,57.5,1,562500.0,42.34533295732533,25.35578134493715,34,68,1,5,68,0,6,-105.0,70.5,-47.5,192878,155,32,34,6,32,5.0,1476316,905.728628,nan,1.476316,nan,5,3816,1445800,10,0,0,5,660,320,80,340,85,165,5,26040,155,5
938,-47.5,57.5,72,36,0,0.0,0.0,0,0.0,57.5,0,562500.0,60.199719746907554,57.74787521362305,36,72,0,3,72,0,3,-105.0,70.5,-47.5,192878,143,32,36,6,34,5.0,895788,906.624416,nan,0.895788,nan,3,3888,867480,6,0,0,3,396,192,48,204,51,99,3,24024,143,3
939,-47.5,57.5,78,39,0,0.0,0.0,0,0.0,57.5,1,562500.0,53.95121579558402,44.18121235608399,39,78,1,4,78,0,5,-105.0,70.5,-47.5,192878,179,32,39,7,35,5.0,1191632,907.816048,nan,1.191632,nan,4,4392,1156640,8,0,0,4,528,256,64,272,68,132,4,30072,179,4
940,-47.5,57.5,80,40,0,0.0,0.0,0,0.0,57.5,1,562500.0,57.90052795410156,57.90052795410156,40,80,1,1,80,0,2,-105.0,70.5,-47.5,192878,63,32,40,6,36,5.0,304052,908.1201,nan,0.304052,nan,1,4176,289160,2,0,0,1,132,64,16,68,17,33,1,10584,63,1
941,-47.5,57.5,88,44,0,0.0,0.0,0,0.0,57.5,1,562500.0,61.77140426635742,58.61083984375,44,88,1,3,88,0,4,-105.0,70.5,-47.5,192878,112,32,44,5,37,5.0,892164,909.012264,nan,0.892164,nan,3,5472,867480,6,0,0,3,396,192,48,204,51,99,3,18816,112,3
942,-47.5,57.5,94,47,0,0.0,0.0,0,0.0,57.5,1,562500.0,34.71235463084313,19.377793662383493,47,94,1,3,94,0,4,-105.0,70.5,-47.5,192878,103,32,47,5,43,5.0,890652,909.902916,nan,0.890652,nan,3,5472,867480,6,0,0,3,396,192,48,204,51,99,3,17304,103,3
943,-47.5,57.5,96,48,0,0.0,0.0,0,0.0,57.5,1,562500.0,63.70963033040365,57.811092376708984,48,96,1,3,96,0,4,-105.0,70.5,-47.5,192878,106,32,48,6,45,5.0,892596,910.795512,nan,0.892596,nan,3,6912,867480,6,0,0,3,396,192,48,204,51,99,3,17808,106,3
944,-47.5,57.5,96,48,0,0.0,0.0,0,0.0,57.5,2,562500.0,50.69611897719587,34.6291076126644,48,96,2,3,96,0,5,-105.0,70.5,-47.5,192878,66,32,48,4,43,5.0,885156,911.680668,nan,0.885156,nan,3,6192,867480,6,0,0,3,396,192,48,204,51,99,3,11088,66,3
945,-47.5,57.5,96,48,0,0.0,0.0,0,0.0,57.5,2,562500.0,58.41064501137419,46.138532521535765,48,96,2,3,96,0,5,-105.0,70.5,-47.5,192878,74,32,48,5,45,5.0,885852,912.56652,nan,0.885852,nan,3,5544,867480,6,0,0,3,396,192,48,204,51,99,3,12432,74,3
946,-47.5,57.5,94,47,0,0.0,0.0,0,0.0,57.5,3,562500.0,45.03671118065471,21.841447395142378,47,94,3,4,94,0,7,-105.0,70.5,-47.5,192878,107,32,47,7,45,5.0,1180976,913.747496,nan,1.180976,nan,4,5832,1156640,8,0,0,4,528,256,64,272,68,132,4,17976,107,4
947,-47.5,57.5,104,52,0,0.0,0.0,0,0.0,57.5,1,562500.0,64.09041786193848,60.65336227416992,52,104,1,2,104,0,3,-105.0,70.5,-47.5,192878,130,32,52,6,49,5.0,605752,914.353248,nan,0.605752,nan,2,5328,578320,4,0,0,2,264,128,32,136,34,66,2,21840,130,2
948,-47.5,57.5,96,48,0,0.0,0.0,0,0.0,57.5,0,562500.0,60.14908981323242,58.23710250854492,48,96,0,2,96,0,2,-105.0,70.5,-47.5,192878,147,32,48,6,43,5.0,608392,914.96164,nan,0.608392,nan,2,5112,578320,4,0,0,2,264,128,32,136,34,66,2,24696,147,2
949,-47.5,57.5,90,45,0,0.0,0.0,0,0.0,57.5,2,562500.0,60.587175995295965,44.10917027371019,45,90,2,4,90,0,6,-105.0,70.5,-47.5,192878,173,32,45,6,37,5.0,1191416,916.153056,nan,1.191416,nan,4,5184,1156640,8,0,0,4,528,256,64,272,68,132,4,29064,173,4
950,-47.5,57.5,86,43,0,0.0,0.0,0,0.0,57.5,3,562500.0,53.274259174444396,39.764730105871124,43,86,3,5,86,0,8,-105.0,70.5,-47.5,192878,173,32,43,9,43,5.0,1479916,917.632972,nan,1.479916,nan,5,4392,1445800,10,0,0,5,660,320,80,340,85,165,5,29064,173,5
951,-47.5,57.5,72,36,0,0.0,0.0,0,0.0,57.5,0,562500.0,53.56280101217108,31.003379760519614,36,72,0,5,72,0,5,-105.0,70.5,-47.5,192878,236,32,36,7,34,5.0,1490284,919.123256,nan,1.490284,nan,5,4176,1445800,10,0,0,5,660,320,80,340,85,165,5,39648,236,5
952,-47.5,57.5,70,35,0,0.0,0.0,0,0.0,57.5,1,562500.0,63.1323127746582,63.1323127746582,35,70,1,1,70,0,2,-105.0,70.5,-47.5,192878,220,32,35,7,34,5.0,329780,919.453036,nan,0.32978,nan,1,3528,289160,2,0,0,1,132,64,16,68,17,33,1,36960,220,1
953,-47.5,57.5,64,32,0,0.0,0.0,0,0.0,57.5,2,562500.0,64.26852544148763,58.205440521240234,32,64,2,3,64,0,5,-105.0,70.5,-47.5,192878,210,32,32,7,31,5.0,906756,920.359792,nan,0.906756,nan,3,3600,867480,6,0,0,3,396,192,48,204,51,99,3,35280,210,3
954,-47.5,57.5,50,25,0,0.0,0.0,0,0.0,57.5,1,562500.0,59.52105458577474,57.70210266113281,25,50,1,3,50,0,4,-105.0,70.5,-47.5,192878,165,32,25,6,24,5.0,898404,921.258196,nan,0.898404,nan,3,2808,867480,6,0,0,3,396,192,48,204,51,99,3,27720,165,3
955,-47.5,57.5,52,26,0,0.0,0.0,0,0.0,57.5,0,562500.0,46.6644469099394,27.694336387324757,26,52,0,4,52,0,4,-105.0,70.5,-47.5,192878,204,32,26,7,25,5.0,1194176,922.452372,nan,1.194176,nan,4,2736,1156640,8,0,0,4,528,256,64,272,68,132,4,34272,204,4
956,-47.5,57.5,52,26,0,0.0,0.0,0,0.0,57.5,1,562500.0,50.09305916843482,36.69020348710772,26,52,1,4,52,0,5,-105.0,70.5,-47.5,192878,162,32,26,6,25,5.0,1187624,923.639996,nan,1.187624,nan,4,3240,1156640,8,0,0,4,528,256,64,272,68,132,4,27216,162,4
957,-47.5,57.5,48,24,0,0.0,0.0,0,0.0,57.5,0,562500.0,60.27541732788086,60.275413513183594,24,48,0,1,48,0,1,-105.0,70.5,-47.5,192878,223,32,24,6,23,5.0,329420,923.969416,nan,0.32942,nan,1,2664,289160,2,0,0,1,132,64,16,68,17,33,1,37464,223,1
958,-47.5,57.5,46,23,0,0.0,0.0,0,0.0,57.5,4,562500.0,44.873230875034004,31.602317837019015,23,46,4,6,46,0,10,-105.0,70.5,-47.5,192878,209,32,23,6,22,5.0,1773888,925.743304,nan,1.773888,nan,6,3024,1734960,12,0,0,6,792,384,96,408,102,198,6,35112,209,6
959,-47.5,57.5,26,13,0,0.0,0.0,0,0.0,57.5,0,562500.0,48.496949502156646,36.72251263646763,13,26,0,3,26,0,3,-105.0,70.5,-47.5,192878,139,32,13,5,13,5.0,892740,926.636044,nan,0.89274,nan,3,1512,867480,6,0,0,3,396,192,48,204,51,99,3,23352,139,3
960,-47.5,57.5,30,15,0,0.0,0.0,0,0.0,57.5,1,562500.0,67.40862655639648,61.61833572387695,15,30,1,2,30,0,3,-105.0,70.5,-47.5,192878,175,32,15,4,14,5.0,609640,927.245684,nan,0.60964,nan,2,1656,578320,4,0,0,2,264,128,32,136,34,66,2,29400,175,2
961,-47.5,57.5,36,18,0,0.0,0.0,0,0.0,57.5,0,562500.0,40.57594784832204,24.21774191813966,18,36,0,3,36,0,3,-105.0,70.5,-47.5,192878,212,32,18,5,16,5.0,905220,928.150904,nan,0.90522,nan,3,1728,867480,6,0,0,3,396,192,48,204,51,99,3,35616,212,3
962,-47.5,57.5,38,19,0,0.0,0.0,0,0.0,57.5,0,562500.0,46.880834704231006,39.196789694649205,19,38,0,3,38,0,3,-105.0,70.5,-47.5,192878,179,32,19,5,19,5.0,899532,929.050436,nan,0.899532,nan,3,1584,867480,6,0,0,3,396,192,48,204,51,99,3,30072,179,3
963,-47.5,57.5,52,26,0,0.0,0.0,0,0.0,57.5,1,562500.0,46.261732346656714,40.24004708021686,26,52,1,3,52,0,4,-105.0,70.5,-47.5,192878,244,32,26,7,26,5.0,911244,929.96168,nan,0.911244,nan,3,2376,867480,6,0,0,3,396,192,48,204,51,99,3,40992,244,3
964,-47.5,57.5,54,27,0,0.0,0.0,0,0.0,57.5,1,562500.0,47.203535160434996,35.339394563569755,27,54,1,3,54,0,4,-105.0,70.5,-47.5,192878,224,32,27,7,27,5.0,908244,930.869924,nan,0.908244,nan,3,2736,867480,6,0,0,3,396,192,48,204,51,99,3,37632,224,3
965,-47.5,57.5,58,29,0,0.0,0.0,0,0.0,57.5,1,562500.0,47.114336138678716,29.47639247625399,29,58,1,5,58,0,6,-105.0,70.5,-47.5,192878,317,32,29,9,29,5.0,1502596,932.37252,nan,1.502596,nan,5,2880,1445800,10,0,0,5,660,320,80,340,85,165,5,53256,317,5
966,-47.5,57.5,46,23,0,0.0,0.0,0,0.0,57.5,2,562500.0,48.42945442437918,34.82864288360901,23,46,2,3,46,0,5,-105.0,70.5,-47.5,192878,204,32,23,6,23,5.0,904668,933.277188,nan,0.904668,nan,3,2520,867480,6,0,0,3,396,192,48,204,51,99,3,34272,204,3
967,-47.5,57.5,44,22,0,0.0,0.0,0,0.0,57.5,1,562500.0,48.51860769715061,29.920338711442497,22,44,1,3,44,0,4,-105.0,70.5,-47.5,192878,224,32,22,7,22,5.0,908100,934.185288,nan,0.9081,nan,3,2592,867480,6,0,0,3,396,192,48,204,51,99,3,37632,224,3
968,-47.5,57.5,44,22,0,0.0,0.0,0,0.0,57.5,3,562500.0,42.16480376789298,35.206750697558824,22,44,3,4,44,0,7,-105.0,70.5,-47.5,192878,244,32,22,7,21,5.0,1200824,935.386112,nan,1.200824,nan,4,2664,1156640,8,0,0,4,528,256,64,272,68,132,4,40992,244,4
969,-47.5,57.5,42,21,0,0.0,0.0,0,0.0,57.5,1,562500.0,39.48818966991783,33.0435913457065,21,42,1,4,42,0,5,-105.0,70.5,-47.5,192878,182,32,21,6,21,5.0,1190264,936.576376,nan,1.190264,nan,4,2520,1156640,8,0,0,4,528,256,64,272,68,132,4,30576,182,4
970,-47.5,57.5,42,21,0,0.0,0.0,0,0.0,57.5,0,562500.0,60.981236139933266,59.97595977783203,21,42,0,3,42,0,3,-105.0,70.5,-47.5,192878,258,32,21,8,20,5.0,913524,937.4899,nan,0.913524,nan,3,2304,867480,6,0,0,3,396,192,48,204,51,99,3,43344,258,3
971,-47.5,57.5,42,21,0,0.0,0.0,0,0.0,57.5,1,562500.0,44.49227081217524,32.10880305399123,21,42,1,5,42,0,6,-105.0,70.5,-47.5,192878,225,32,21,8,21,5.0,1486348,938.976248,nan,1.486348,nan,5,2088,1445800,10,0,0,5,660,320,80,340,85,165,5,37800,225,5
972,-47.5,57.5,40,20,0,0.0,0.0,0,0.0,57.5,0,562500.0,61.445308685302734,61.445308685302734,20,40,0,1,40,0,1,-105.0,70.5,-47.5,192878,234,32,20,7,19,5.0,330692,939.30694,nan,0.330692,nan,1,2088,289160,2,0,0,1,132,64,16,68,17,33,1,39312,234,1
973,-47.5,57.5,40,20,0,0.0,0.0,0,0.0,57.5,0,562500.0,48.52069167321389,37.880527499383874,20,40,0,3,40,0,3,-105.0,70.5,-47.5,192878,194,32,20,7,19,5.0,902700,940.20964,nan,0.9027,nan,3,2232,867480,6,0,0,3,396,192,48,204,51,99,3,32592,194,3
974,-47.5,57.5,44,22,0,0.0,0.0,0,0.0,57.5,0,562500.0,39.55705150678312,35.75708984011197,22,44,0,4,44,0,4,-105.0,70.5,-47.5,192878,176,32,22,7,19,5.0,1189472,941.399112,nan,1.189472,nan,4,2736,1156640,8,0,0,4,528,256,64,272,68,132,4,29568,176,4
975,-47.5,57.5,40,20,0,0.0,0.0,0,0.0,57.5,0,562500.0,42.88263743661959,18.14339374089273,20,40,0,4,40,0,4,-105.0,70.5,-47.5,192878,183,32,20,7,17,5.0,1190360,942.589472,nan,1.19036,nan,4,2448,1156640,8,0,0,4,528,256,64,272,68,132,4,30744,183,4
976,-47.5,57.5,40,20,0,0.0,0.0,0,0.0,57.5,1,562500.0,38.91296942428136,31.346009244397848,20,40,1,2,40,0,3,-105.0,70.5,-47.5,192878,158,32,20,8,19,5.0,607576,943.197048,nan,0.607576,nan,2,2448,578320,4,0,0,2,264,128,32,136,34,66,2,26544,158,2
977,-47.5,57.5,40,20,0,0.0,0.0,0,0.0,57.5,0,562500.0,40.92786954591835,31.51089963586365,20,40,0,2,40,0,2,-105.0,70.5,-47.5,192878,177,32,20,7,18,5.0,611056,943.808104,nan,0.611056,nan,2,2736,578320,4,0,0,2,264,128,32,136,34,66,2,29736,177,2
978,-47.5,57.5,40,20,0,0.0,0.0,0,0.0,57.5,2,562500.0,42.17078218046679,19.31819269563537,20,40,2,4,40,0,6,-105.0,70.5,-47.5,192878,174,32,20,7,16,5.0,1189280,944.997384,nan,1.18928,nan,4,2880,1156640,8,0,0,4,528,256,64,272,68,132,4,29232,174,4
979,-47.5,57.5,38,19,0,0.0,0.0,0,0.0,57.5,0,562500.0,63.80694580078125,60.2106819152832,19,38,0,2,38,0,2,-105.0,70.5,-47.5,192878,105,32,19,7,16,5.0,598672,945.596056,nan,0.598672,nan,2,2448,578320,4,0,0,2,264,128,32,136,34,66,2,17640,105,2
980,-47.5,57.5,34,17,0,0.0,0.0,0,0.0,57.5,1,562500.0,32.35456712434706,18.14339374089273,17,34,1,3,34,0,4,-105.0,70.5,-47.5,192878,113,32,17,7,14,5.0,889308,946.485364,nan,0.889308,nan,3,2448,867480,6,0,0,3,396,192,48,204,51,99,3,18984,113,3
981,-47.5,57.5,34,17,0,0.0,0.0,0,0.0,57.5,0,562500.0,36.02927852717416,18.07600407379946,17,34,0,5,34,0,5,-105.0,70.5,-47.5,192878,70,32,17,5,11,5.0,1460524,947.945888,nan,1.460524,nan,5,2304,1445800,10,0,0,5,660,320,80,340,85,165,5,11760,70,5
982,-47.5,57.5,38,19,0,0.0,0.0,0,0.0,57.5,1,562500.0,40.7555578489964,18.208395423520038,19,38,1,4,38,0,5,-105.0,70.5,-47.5,192878,123,32,19,7,15,5.0,1180280,949.126168,nan,1.18028,nan,4,2448,1156640,8,0,0,4,528,256,64,272,68,132,4,20664,123,4
983,-47.5,57.5,42,21,0,0.0,0.0,0,0.0,57.5,1,562500.0,33.36095379131225,19.318188880938106,21,42,1,3,42,0,4,-105.0,70.5,-47.5,192878,175,32,21,8,18,5.0,899652,950.02582,nan,0.899652,nan,3,2376,867480,6,0,0,3,396,192,48,204,51,99,3,29400,175,3
984,-47.5,57.5,42,21,0,0.0,0.0,0,0.0,57.5,2,562500.0,40.10998570557107,20.012392862419862,21,42,2,4,42,0,6,-105.0,70.5,-47.5,192878,130,32,21,7,18,5.0,1181456,951.207276,nan,1.181456,nan,4,2448,1156640,8,0,0,4,528,256,64,272,68,132,4,21840,130,4
985,-47.5,57.5,46,23,0,0.0,0.0,0,0.0,57.5,0,562500.0,40.89076163234441,21.878520481820516,23,46,0,3,46,0,3,-105.0,70.5,-47.5,192878,123,32,23,8,19,5.0,891132,952.098408,nan,0.891132,nan,3,2592,867480,6,0,0,3,396,192,48,204,51,99,3,20664,123,3
986,-47.5,57.5,46,23,0,0.0,0.0,0,0.0,57.5,0,562500.0,48.41530090146555,31.346009244397848,23,46,0,3,46,0,3,-105.0,70.5,-47.5,192878,198,32,23,7,14,5.0,904020,953.002428,nan,0.90402,nan,3,2880,867480,6,0,0,3,396,192,48,204,51,99,3,33264,198,3
987,-47.5,57.5,46,23,0,0.0,0.0,0,0.0,57.5,1,562500.0,32.236019912918124,18.163620449132964,23,46,1,4,46,0,5,-105.0,70.5,-47.5,192878,165,32,23,7,20,5.0,1187912,954.19034,nan,1.187912,nan,4,3024,1156640,8,0,0,4,528,256,64,272,68,132,4,27720,165,4
988,-47.5,57.5,46,23,0,0.0,0.0,0,0.0,57.5,2,562500.0,39.1464022620852,31.633781379926944,23,46,2,4,46,0,6,-105.0,70.5,-47.5,192878,135,32,23,7,20,5.0,1182800,955.37314,nan,1.1828,nan,4,2952,1156640,8,0,0,4,528,256,64,272,68,132,4,22680,135,4
989,-47.5,57.5,46,23,0,0.0,0.0,0,0.0,57.5,0,562500.0,35.6829731309714,20.012392862419862,23,46,0,5,46,0,5,-105.0,70.5,-47.5,192878,136,32,23,7,20,5.0,1472116,956.845256,nan,1.472116,nan,5,2808,1445800,10,0,0,5,660,320,80,340,85,165,5,22848,136,5
990,-47.5,57.5,48,24,0,0.0,0.0,0,0.0,57.5,1,562500.0,64.72447109222412,62.02895736694336,24,48,1,2,48,0,3,-105.0,70.5,-47.5,192878,136,32,24,8,21,5.0,604456,957.449712,nan,0.604456,nan,2,3024,578320,4,0,0,2,264,128,32,136,34,66,2,22848,136,2
991,-47.5,57.5,58,29,0,0.0,0.0,0,0.0,57.5,0,562500.0,41.1056713143479,36.7253073473086,29,58,0,4,58,0,4,-105.0,70.5,-47.5,192878,209,32,29,7,23,5.0,1195952,958.645664,nan,1.195952,nan,4,3672,1156640,8,0,0,4,528,256,64,272,68,132,4,35112,209,4
992,-47.5,57.5,56,28,0,0.0,0.0,0,0.0,57.5,1,562500.0,42.30996921757868,36.218693544143235,28,56,1,4,56,0,5,-105.0,70.5,-47.5,192878,177,32,28,8,26,5.0,1190360,959.836024,nan,1.19036,nan,4,3456,1156640,8,0,0,4,528,256,64,272,68,132,4,29736,177,4
993,-47.5,57.5,58,29,0,0.0,0.0,0,0.0,57.5,0,562500.0,53.33768987189321,46.73402426564567,29,58,0,4,58,0,4,-105.0,70.5,-47.5,192878,205,32,29,8,28,5.0,1195064,961.031088,nan,1.195064,nan,4,3456,1156640,8,0,0,4,528,256,64,272,68,132,4,34440,205,4
994,-47.5,57.5,56,28,0,0.0,0.0,0,0.0,57.5,1,562500.0,70.03606033325195,69.21321105957031,28,56,1,2,56,0,3,-105.0,70.5,-47.5,192878,199,32,28,9,27,5.0,615400,961.646488,nan,0.6154,nan,2,3384,578320,4,0,0,2,264,128,32,136,34,66,2,33432,199,2
995,-47.5,57.5,56,28,0,0.0,0.0,0,0.0,57.5,3,562500.0,46.38415175666908,35.70227241672592,28,56,3,3,56,0,6,-105.0,70.5,-47.5,192878,232,32,28,9,26,5.0,910524,962.557012,nan,0.910524,nan,3,3672,867480,6,0,0,3,396,192,48,204,51,99,3,38976,232,3
996,-47.5,57.5,38,19,0,0.0,0.0,0,0.0,57.5,2,562500.0,52.44638534084177,39.63987906046994,19,38,2,3,38,0,5,-105.0,70.5,-47.5,192878,120,32,19,6,18,5.0,890484,963.447496,nan,0.890484,nan,3,2448,867480,6,0,0,3,396,192,48,204,51,99,3,20160,120,3
997,-47.5,57.5,32,16,0,0.0,0.0,0,0.0,57.5,1,562500.0,37.57815474222865,18.585194361428968,16,32,1,5,32,0,6,-105.0,70.5,-47.5,192878,142,32,16,6,13,5.0,1472260,964.919756,nan,1.47226,nan,5,1944,1445800,10,0,0,5,660,320,80,340,85,165,5,23856,142,5
998,-47.5,57.5,32,16,0,0.0,0.0,0,0.0,57.5,1,562500.0,59.748023986816406,58.601905822753906,16,32,1,2,32,0,3,-105.0,70.5,-47.5,192878,226,32,16,7,14,5.0,618424,965.53818,nan,0.618424,nan,2,1872,578320,4,0,0,2,264,128,32,136,34,66,2,37968,226,2
999,-47.5,57.5,32,16,0,0.0,0.0,0,0.0,57.5,0,562500.0,40.728894886204834,21.95342763428403,16,32,0,3,32,0,3,-105.0,70.5,-47.5,192878,90,32,16,4,14,5.0,885012,966.423192,nan,0.885012,nan,3,2016,867480,6,0,0,3,396,192,48,204,51,99,3,15120,90,3
1000,-47.5,57.5,26,13,0,0.0,0.0,0,0.0,57.5,8,562500.0,28.997914318117466,19.02852895119882,13,26,8,5,26,0,13,-105.0,70.5,-47.5,192878,168,32,13,5,9,5.0,1476340,967.899532,nan,1.47634,nan,5,1656,1445800,10,0,0,5,660,320,80,340,85,165,5,28224,168,5
