step,mode,receiver_idx,new_rewards,replay_size,train_steps,loss
3,t2_b0,58,5,5,0,
4,t2_b0,42,10,10,0,
6,t2_b0,29,20,20,0,
7,t2_b0,21,25,25,0,
8,t2_b0,9,29,29,0,
8,t2_b0,17,30,30,0,
8,t2_b0,31,30,30,0,
9,t2_b0,34,35,35,0,
10,t2_b0,27,40,40,0,
10,t2_b0,43,40,40,0,
10,t2_b0,57,40,40,0,
11,t2_b0,0,5,5,0,
11,t2_b0,1,45,45,0,
11,t2_b0,2,5,5,0,
11,t2_b0,3,5,5,0,
11,t2_b0,4,5,5,0,
11,t2_b0,5,45,45,0,
11,t2_b0,6,5,5,0,
11,t2_b0,7,5,5,0,
11,t2_b0,8,5,5,0,
11,t2_b0,10,5,5,0,
11,t2_b0,11,5,5,0,
11,t2_b0,12,5,5,0,
11,t2_b0,13,5,5,0,
11,t2_b0,14,5,5,0,
11,t2_b0,15,5,5,0,
11,t2_b0,16,5,5,0,
11,t2_b0,18,5,5,0,
11,t2_b0,19,5,5,0,
11,t2_b0,20,5,5,0,
11,t2_b0,22,5,5,0,
11,t2_b0,23,5,5,0,
11,t2_b0,24,5,5,0,
11,t2_b0,25,5,5,0,
11,t2_b0,26,5,5,0,
11,t2_b0,28,5,5,0,
11,t2_b0,30,5,5,0,
11,t2_b0,32,5,5,0,
11,t2_b0,33,5,5,0,
11,t2_b0,35,5,5,0,
11,t2_b0,36,5,5,0,
11,t2_b0,37,5,5,0,
11,t2_b0,38,5,5,0,
11,t2_b0,39,5,5,0,
11,t2_b0,40,5,5,0,
11,t2_b0,41,5,5,0,
11,t2_b0,44,5,5,0,
11,t2_b0,45,5,5,0,
11,t2_b0,46,5,5,0,
11,t2_b0,47,5,5,0,
11,t2_b0,48,5,5,0,
11,t2_b0,49,5,5,0,
11,t2_b0,50,5,5,0,
11,t2_b0,51,5,5,0,
11,t2_b0,52,5,5,0,
11,t2_b0,53,5,5,0,
11,t2_b0,54,5,5,0,
11,t2_b0,55,5,5,0,
11,t2_b0,56,5,5,0,
11,t2_b0,59,5,5,0,
12,t2_b0,0,5,10,0,
12,t2_b0,2,5,10,0,
12,t2_b0,3,5,10,0,
12,t2_b0,4,5,10,0,
12,t2_b0,6,5,10,0,
12,t2_b0,7,5,10,0,
12,t2_b0,8,5,10,0,
12,t2_b0,10,5,10,0,
12,t2_b0,11,5,10,0,
12,t2_b0,12,5,10,0,
12,t2_b0,13,45,50,0,
12,t2_b0,14,5,10,0,
12,t2_b0,15,5,10,0,
12,t2_b0,16,5,10,0,
12,t2_b0,18,5,10,0,
12,t2_b0,19,5,10,0,
12,t2_b0,20,5,10,0,
12,t2_b0,22,5,10,0,
12,t2_b0,23,5,10,0,
12,t2_b0,24,5,10,0,
12,t2_b0,25,5,10,0,
12,t2_b0,26,5,10,0,
12,t2_b0,28,5,10,0,
12,t2_b0,30,5,10,0,
12,t2_b0,32,5,10,0,
12,t2_b0,33,5,10,0,
12,t2_b0,35,5,10,0,
12,t2_b0,36,5,10,0,
12,t2_b0,37,5,10,0,
12,t2_b0,38,5,10,0,
12,t2_b0,39,5,10,0,
12,t2_b0,40,5,10,0,
12,t2_b0,41,5,10,0,
12,t2_b0,44,5,10,0,
12,t2_b0,45,5,10,0,
12,t2_b0,46,5,10,0,
12,t2_b0,47,5,10,0,
12,t2_b0,48,5,10,0,
12,t2_b0,49,5,10,0,
12,t2_b0,50,5,10,0,
12,t2_b0,51,5,10,0,
12,t2_b0,52,5,10,0,
12,t2_b0,53,5,10,0,
12,t2_b0,54,5,10,0,
12,t2_b0,55,5,10,0,
12,t2_b0,56,5,10,0,
12,t2_b0,59,5,10,0,
13,t2_b0,0,5,15,0,
13,t2_b0,2,5,15,0,
13,t2_b0,3,5,15,0,
13,t2_b0,4,5,15,0,
13,t2_b0,6,5,15,0,
13,t2_b0,7,5,15,0,
13,t2_b0,8,5,15,0,
13,t2_b0,10,5,15,0,
13,t2_b0,11,5,15,0,
13,t2_b0,12,5,15,0,
13,t2_b0,14,5,15,0,
13,t2_b0,15,5,15,0,
13,t2_b0,16,5,15,0,
13,t2_b0,18,5,15,0,
13,t2_b0,19,5,15,0,
13,t2_b0,20,5,15,0,
13,t2_b0,22,5,15,0,
13,t2_b0,23,5,15,0,
13,t2_b0,24,5,15,0,
13,t2_b0,25,5,15,0,
13,t2_b0,26,5,15,0,
13,t2_b0,28,5,15,0,
13,t2_b0,30,5,15,0,
13,t2_b0,32,5,15,0,
13,t2_b0,33,5,15,0,
13,t2_b0,35,5,15,0,
13,t2_b0,36,5,15,0,
13,t2_b0,37,5,15,0,
13,t2_b0,38,45,55,0,
13,t2_b0,39,5,15,0,
13,t2_b0,40,5,15,0,
13,t2_b0,41,5,15,0,
13,t2_b0,44,5,15,0,
13,t2_b0,45,5,15,0,
13,t2_b0,46,5,15,0,
13,t2_b0,47,5,15,0,
13,t2_b0,48,5,15,0,
13,t2_b0,49,5,15,0,
13,t2_b0,50,5,15,0,
13,t2_b0,51,5,15,0,
13,t2_b0,52,5,15,0,
13,t2_b0,53,5,15,0,
13,t2_b0,54,5,15,0,
13,t2_b0,55,5,15,0,
13,t2_b0,56,5,15,0,
13,t2_b0,58,5,10,0,
13,t2_b0,59,5,15,0,
14,t2_b0,0,5,20,0,
14,t2_b0,2,5,20,0,
14,t2_b0,3,5,20,0,
14,t2_b0,4,5,20,0,
14,t2_b0,6,5,20,0,
14,t2_b0,7,5,20,0,
14,t2_b0,8,5,20,0,
14,t2_b0,10,5,20,0,
14,t2_b0,11,5,20,0,
14,t2_b0,12,5,20,0,
14,t2_b0,14,5,20,0,
14,t2_b0,15,5,20,0,
14,t2_b0,16,5,20,0,
14,t2_b0,18,5,20,0,
14,t2_b0,19,5,20,0,
14,t2_b0,20,5,20,0,
14,t2_b0,22,5,20,0,
14,t2_b0,23,5,20,0,
14,t2_b0,24,5,20,0,
14,t2_b0,25,5,20,0,
14,t2_b0,26,5,20,0,
14,t2_b0,28,5,20,0,
14,t2_b0,30,5,20,0,
14,t2_b0,32,5,20,0,
14,t2_b0,33,5,20,0,
14,t2_b0,35,45,60,0,
14,t2_b0,36,5,20,0,
14,t2_b0,37,5,20,0,
14,t2_b0,39,5,20,0,
14,t2_b0,40,5,20,0,
14,t2_b0,41,5,20,0,
14,t2_b0,42,5,15,0,
14,t2_b0,44,5,20,0,
14,t2_b0,45,5,20,0,
14,t2_b0,46,5,20,0,
14,t2_b0,47,5,20,0,
14,t2_b0,48,5,20,0,
14,t2_b0,49,5,20,0,
14,t2_b0,50,5,20,0,
14,t2_b0,51,5,20,0,
14,t2_b0,52,5,20,0,
14,t2_b0,53,5,20,0,
14,t2_b0,54,5,20,0,
14,t2_b0,55,5,20,0,
14,t2_b0,56,5,20,0,
14,t2_b0,58,5,15,0,
14,t2_b0,59,5,20,0,
15,t2_b0,0,5,25,0,
15,t2_b0,2,5,25,0,
15,t2_b0,3,5,25,0,
15,t2_b0,4,5,25,0,
15,t2_b0,6,5,25,0,
15,t2_b0,7,5,25,0,
15,t2_b0,8,5,25,0,
15,t2_b0,10,5,25,0,
15,t2_b0,11,5,25,0,
15,t2_b0,12,5,25,0,
15,t2_b0,14,5,25,0,
15,t2_b0,15,5,25,0,
15,t2_b0,16,5,25,0,
15,t2_b0,18,5,25,0,
15,t2_b0,19,5,25,0,
15,t2_b0,20,5,25,0,
15,t2_b0,22,5,25,0,
15,t2_b0,23,5,25,0,
15,t2_b0,24,5,25,0,
15,t2_b0,25,5,25,0,
15,t2_b0,26,5,25,0,
15,t2_b0,28,5,25,0,
15,t2_b0,30,5,25,0,
15,t2_b0,32,5,25,0,
15,t2_b0,33,5,25,0,
15,t2_b0,36,5,25,0,
15,t2_b0,37,5,25,0,
15,t2_b0,39,5,25,0,
15,t2_b0,40,5,25,0,
15,t2_b0,41,5,25,0,
15,t2_b0,42,5,20,0,
15,t2_b0,44,5,25,0,
15,t2_b0,45,5,25,0,
15,t2_b0,46,5,25,0,
15,t2_b0,47,5,25,0,
15,t2_b0,48,5,25,0,
15,t2_b0,49,5,25,0,
15,t2_b0,50,5,25,0,
15,t2_b0,51,5,25,0,
15,t2_b0,52,5,25,0,
15,t2_b0,53,5,25,0,
15,t2_b0,54,5,25,0,
15,t2_b0,55,5,25,0,
15,t2_b0,56,5,25,0,
15,t2_b0,58,5,20,0,
15,t2_b0,59,5,25,0,
16,t2_b0,0,5,30,0,
16,t2_b0,2,5,30,0,
16,t2_b0,3,5,30,0,
16,t2_b0,4,5,30,0,
16,t2_b0,6,5,30,0,
16,t2_b0,7,5,30,0,
16,t2_b0,8,42,67,4,1.2231853008270264
16,t2_b0,10,5,30,0,
16,t2_b0,11,5,30,0,
16,t2_b0,12,5,30,0,
16,t2_b0,14,5,30,0,
16,t2_b0,15,5,30,0,
16,t2_b0,16,5,30,0,
16,t2_b0,18,5,30,0,
16,t2_b0,19,5,30,0,
16,t2_b0,20,5,30,0,
16,t2_b0,21,40,65,4,30.979158401489258
16,t2_b0,22,5,30,0,
16,t2_b0,23,5,30,0,
16,t2_b0,24,5,30,0,
16,t2_b0,25,5,30,0,
16,t2_b0,26,5,30,0,
16,t2_b0,28,5,30,0,
16,t2_b0,29,5,25,0,
16,t2_b0,30,5,30,0,
16,t2_b0,32,5,30,0,
16,t2_b0,33,5,30,0,
16,t2_b0,36,5,30,0,
16,t2_b0,37,5,30,0,
16,t2_b0,39,5,30,0,
16,t2_b0,40,5,30,0,
16,t2_b0,41,5,30,0,
16,t2_b0,42,5,25,0,
16,t2_b0,44,5,30,0,
16,t2_b0,45,5,30,0,
16,t2_b0,46,5,30,0,
16,t2_b0,47,5,30,0,
16,t2_b0,48,5,30,0,
16,t2_b0,49,5,30,0,
16,t2_b0,50,5,30,0,
16,t2_b0,51,5,30,0,
16,t2_b0,52,5,30,0,
16,t2_b0,53,5,30,0,
16,t2_b0,54,5,30,0,
16,t2_b0,55,5,30,0,
16,t2_b0,56,5,30,0,
16,t2_b0,58,5,25,0,
16,t2_b0,59,5,30,0,
17,t2_b0,0,5,35,0,
17,t2_b0,2,5,35,0,
17,t2_b0,3,5,35,0,
17,t2_b0,4,5,35,0,
17,t2_b0,6,5,35,0,
17,t2_b0,7,5,35,0,
17,t2_b0,10,5,35,0,
17,t2_b0,11,5,35,0,
17,t2_b0,12,5,35,0,
17,t2_b0,14,5,35,0,
17,t2_b0,15,5,35,0,
17,t2_b0,16,5,35,0,
17,t2_b0,18,5,35,0,
17,t2_b0,19,5,35,0,
17,t2_b0,20,5,35,0,
17,t2_b0,22,5,35,0,
17,t2_b0,23,5,35,0,
17,t2_b0,24,45,75,4,3.5579357147216797
17,t2_b0,25,5,35,0,
17,t2_b0,26,5,35,0,
17,t2_b0,28,5,35,0,
17,t2_b0,29,5,30,0,
17,t2_b0,30,5,35,0,
17,t2_b0,32,5,35,0,
17,t2_b0,33,5,35,0,
17,t2_b0,36,5,35,0,
17,t2_b0,37,5,35,0,
17,t2_b0,39,5,35,0,
17,t2_b0,40,5,35,0,
17,t2_b0,41,5,35,0,
17,t2_b0,42,5,30,0,
17,t2_b0,44,5,35,0,
17,t2_b0,45,5,35,0,
17,t2_b0,46,5,35,0,
17,t2_b0,47,5,35,0,
17,t2_b0,48,5,35,0,
17,t2_b0,49,5,35,0,
17,t2_b0,50,5,35,0,
17,t2_b0,51,5,35,0,
17,t2_b0,52,5,35,0,
17,t2_b0,53,5,35,0,
17,t2_b0,54,5,35,0,
17,t2_b0,55,5,35,0,
17,t2_b0,56,5,35,0,
17,t2_b0,58,5,30,0,
17,t2_b0,59,5,35,0,
18,t2_b0,0,45,80,4,1.0249606370925903
18,t2_b0,2,5,40,0,
18,t2_b0,3,5,40,0,
18,t2_b0,4,5,40,0,
18,t2_b0,6,5,40,0,
18,t2_b0,7,5,40,0,
18,t2_b0,9,5,34,0,
18,t2_b0,10,5,40,0,
18,t2_b0,11,5,40,0,
18,t2_b0,12,5,40,0,
18,t2_b0,14,5,40,0,
18,t2_b0,15,5,40,0,
18,t2_b0,16,5,40,0,
18,t2_b0,17,5,35,0,
18,t2_b0,18,5,40,0,
18,t2_b0,19,5,40,0,
18,t2_b0,20,5,40,0,
18,t2_b0,22,5,40,0,
18,t2_b0,23,5,40,0,
18,t2_b0,25,5,40,0,
18,t2_b0,26,5,40,0,
18,t2_b0,28,5,40,0,
18,t2_b0,29,5,35,0,
18,t2_b0,30,5,40,0,
18,t2_b0,31,5,35,0,
18,t2_b0,32,5,40,0,
18,t2_b0,33,5,40,0,
18,t2_b0,36,5,40,0,
18,t2_b0,37,5,40,0,
18,t2_b0,39,5,40,0,
18,t2_b0,40,5,40,0,
18,t2_b0,41,5,40,0,
18,t2_b0,42,5,35,0,
18,t2_b0,44,5,40,0,
18,t2_b0,45,5,40,0,
18,t2_b0,46,5,40,0,
18,t2_b0,47,5,40,0,
18,t2_b0,48,5,40,0,
18,t2_b0,49,5,40,0,
18,t2_b0,50,5,40,0,
18,t2_b0,51,5,40,0,
18,t2_b0,52,5,40,0,
18,t2_b0,53,5,40,0,
18,t2_b0,54,5,40,0,
18,t2_b0,55,5,40,0,
18,t2_b0,56,5,40,0,
18,t2_b0,58,5,35,0,
18,t2_b0,59,5,40,0,
19,t2_b0,2,5,45,0,
19,t2_b0,3,5,45,0,
19,t2_b0,4,5,45,0,
19,t2_b0,6,5,45,0,
19,t2_b0,7,5,45,0,
19,t2_b0,9,5,39,0,
19,t2_b0,10,5,45,0,
19,t2_b0,11,5,45,0,
19,t2_b0,12,5,45,0,
19,t2_b0,14,5,45,0,
19,t2_b0,15,5,45,0,
19,t2_b0,16,5,45,0,
19,t2_b0,17,45,80,4,0.4616699814796448
19,t2_b0,18,5,45,0,
19,t2_b0,19,5,45,0,
19,t2_b0,20,5,45,0,
19,t2_b0,22,45,85,4,1.1825214624404907
19,t2_b0,23,5,45,0,
19,t2_b0,25,5,45,0,
19,t2_b0,26,5,45,0,
19,t2_b0,28,5,45,0,
19,t2_b0,29,5,40,0,
19,t2_b0,30,5,45,0,
19,t2_b0,31,45,80,4,32.07157897949219
19,t2_b0,32,5,45,0,
19,t2_b0,33,5,45,0,
19,t2_b0,34,5,40,0,
19,t2_b0,36,5,45,0,
19,t2_b0,37,45,85,4,1.2518374919891357
19,t2_b0,39,5,45,0,
19,t2_b0,40,5,45,0,
19,t2_b0,41,5,45,0,
19,t2_b0,42,5,40,0,
19,t2_b0,44,5,45,0,
19,t2_b0,45,5,45,0,
19,t2_b0,46,5,45,0,
19,t2_b0,47,5,45,0,
19,t2_b0,48,5,45,0,
19,t2_b0,49,5,45,0,
19,t2_b0,50,5,45,0,
19,t2_b0,51,5,45,0,
19,t2_b0,52,5,45,0,
19,t2_b0,53,5,45,0,
19,t2_b0,54,5,45,0,
19,t2_b0,55,5,45,0,
19,t2_b0,56,5,45,0,
19,t2_b0,58,5,40,0,
19,t2_b0,59,5,45,0,
20,t2_b0,2,5,50,0,
20,t2_b0,3,5,50,0,
20,t2_b0,4,5,50,0,
20,t2_b0,6,5,50,0,
20,t2_b0,7,5,50,0,
20,t2_b0,9,5,44,0,
20,t2_b0,10,5,50,0,
20,t2_b0,11,5,50,0,
20,t2_b0,12,5,50,0,
20,t2_b0,14,5,50,0,
20,t2_b0,15,5,50,0,
20,t2_b0,16,5,50,0,
20,t2_b0,18,5,50,0,
20,t2_b0,19,5,50,0,
20,t2_b0,20,5,50,0,
20,t2_b0,23,5,50,0,
20,t2_b0,25,5,50,0,
20,t2_b0,26,5,50,0,
20,t2_b0,27,5,45,0,
20,t2_b0,28,5,50,0,
20,t2_b0,29,5,45,0,
20,t2_b0,30,5,50,0,
20,t2_b0,32,5,50,0,
20,t2_b0,33,5,50,0,
20,t2_b0,34,5,45,0,
20,t2_b0,36,5,50,0,
20,t2_b0,39,5,50,0,
20,t2_b0,40,5,50,0,
20,t2_b0,41,5,50,0,
20,t2_b0,42,5,45,0,
20,t2_b0,43,5,45,0,
20,t2_b0,44,5,50,0,
20,t2_b0,45,5,50,0,
20,t2_b0,46,5,50,0,
20,t2_b0,47,5,50,0,
20,t2_b0,48,5,50,0,
20,t2_b0,49,5,50,0,
20,t2_b0,50,5,50,0,
20,t2_b0,51,5,50,0,
20,t2_b0,52,5,50,0,
20,t2_b0,53,5,50,0,
20,t2_b0,54,5,50,0,
20,t2_b0,55,5,50,0,
20,t2_b0,56,5,50,0,
20,t2_b0,57,5,45,0,
20,t2_b0,58,5,45,0,
20,t2_b0,59,5,50,0,
21,t2_b0,1,5,50,0,
21,t2_b0,2,5,55,0,
21,t2_b0,3,5,55,0,
21,t2_b0,4,5,55,0,
21,t2_b0,5,5,50,0,
21,t2_b0,6,5,55,0,
21,t2_b0,7,5,55,0,
21,t2_b0,9,5,49,0,
21,t2_b0,10,5,55,0,
21,t2_b0,11,5,55,0,
21,t2_b0,12,5,55,0,
21,t2_b0,14,5,55,0,
21,t2_b0,15,5,55,0,
21,t2_b0,16,5,55,0,
21,t2_b0,18,5,55,0,
21,t2_b0,19,5,55,0,
21,t2_b0,20,5,55,0,
21,t2_b0,23,5,55,0,
21,t2_b0,25,5,55,0,
21,t2_b0,26,5,55,0,
21,t2_b0,27,5,50,0,
21,t2_b0,28,5,55,0,
21,t2_b0,29,5,50,0,
21,t2_b0,30,5,55,0,
21,t2_b0,32,5,55,0,
21,t2_b0,33,5,55,0,
21,t2_b0,34,5,50,0,
21,t2_b0,36,5,55,0,
21,t2_b0,39,5,55,0,
21,t2_b0,40,5,55,0,
21,t2_b0,41,5,55,0,
21,t2_b0,42,5,50,0,
21,t2_b0,43,5,50,0,
21,t2_b0,44,5,55,0,
21,t2_b0,45,5,55,0,
21,t2_b0,46,5,55,0,
21,t2_b0,47,5,55,0,
21,t2_b0,48,5,55,0,
21,t2_b0,49,5,55,0,
21,t2_b0,50,5,55,0,
21,t2_b0,51,5,55,0,
21,t2_b0,52,5,55,0,
21,t2_b0,53,5,55,0,
21,t2_b0,54,5,55,0,
21,t2_b0,55,5,55,0,
21,t2_b0,56,5,55,0,
21,t2_b0,57,5,50,0,
21,t2_b0,58,5,50,0,
21,t2_b0,59,5,55,0,
22,t2_b0,1,5,55,0,
22,t2_b0,2,5,60,0,
22,t2_b0,3,5,60,0,
22,t2_b0,4,5,60,0,
22,t2_b0,5,5,55,0,
22,t2_b0,6,5,60,0,
22,t2_b0,7,4,59,0,
22,t2_b0,9,5,54,0,
22,t2_b0,10,5,60,0,
22,t2_b0,11,5,60,0,
22,t2_b0,12,5,60,0,
22,t2_b0,13,5,55,0,
22,t2_b0,14,5,60,0,
22,t2_b0,15,5,60,0,
22,t2_b0,16,5,60,0,
22,t2_b0,18,5,60,0,
22,t2_b0,19,5,60,0,
22,t2_b0,20,5,60,0,
22,t2_b0,23,5,60,0,
22,t2_b0,25,5,60,0,
22,t2_b0,26,5,60,0,
22,t2_b0,27,5,55,0,
22,t2_b0,28,5,60,0,
22,t2_b0,29,5,55,0,
22,t2_b0,30,5,60,0,
22,t2_b0,32,5,60,0,
22,t2_b0,33,5,60,0,
22,t2_b0,34,5,55,0,
22,t2_b0,36,5,60,0,
22,t2_b0,39,5,60,0,
22,t2_b0,40,5,60,0,
22,t2_b0,41,5,60,0,
22,t2_b0,42,5,55,0,
22,t2_b0,43,5,55,0,
22,t2_b0,44,5,60,0,
22,t2_b0,45,5,60,0,
22,t2_b0,46,5,60,0,
22,t2_b0,47,5,60,0,
22,t2_b0,48,5,60,0,
22,t2_b0,49,5,60,0,
22,t2_b0,50,5,60,0,
22,t2_b0,51,5,60,0,
22,t2_b0,52,5,60,0,
22,t2_b0,53,35,90,4,0.45534902811050415
22,t2_b0,54,5,60,0,
22,t2_b0,55,5,60,0,
22,t2_b0,56,45,100,4,3.7188358306884766
22,t2_b0,57,5,55,0,
22,t2_b0,58,5,55,0,
22,t2_b0,59,5,60,0,
23,t2_b0,1,5,60,0,
23,t2_b0,2,5,65,4,1.0674675703048706
23,t2_b0,3,5,65,4,2.380617141723633
23,t2_b0,4,5,65,4,0.9250965118408203
23,t2_b0,5,5,60,0,
23,t2_b0,6,5,65,4,2.3462653160095215
23,t2_b0,7,4,63,0,
23,t2_b0,9,5,59,0,
23,t2_b0,10,5,65,4,1.6170979738235474
23,t2_b0,11,5,65,4,5.695674896240234
23,t2_b0,12,5,65,4,4.297556400299072
23,t2_b0,13,5,60,0,
23,t2_b0,14,5,65,4,1.6491613388061523
23,t2_b0,15,5,65,4,1.7380659580230713
23,t2_b0,16,45,105,4,2.3536157608032227
23,t2_b0,18,5,65,4,2.2520816326141357
23,t2_b0,19,5,65,4,1.166130542755127
23,t2_b0,20,5,65,4,2.486398458480835
23,t2_b0,23,5,65,4,0.4582628011703491
23,t2_b0,25,5,65,4,2.5086379051208496
23,t2_b0,26,5,65,4,0.7071212530136108
23,t2_b0,27,5,60,0,
23,t2_b0,28,5,65,4,0.7334856986999512
23,t2_b0,29,5,60,0,
23,t2_b0,30,5,65,4,0.4127309024333954
23,t2_b0,32,5,65,4,0.4289962351322174
23,t2_b0,33,5,65,4,3.038137197494507
23,t2_b0,34,5,60,0,
23,t2_b0,36,5,65,4,1.1516093015670776
23,t2_b0,38,5,60,0,
23,t2_b0,39,5,65,4,0.8787105679512024
23,t2_b0,40,5,65,4,3.659135103225708
23,t2_b0,41,5,65,4,1.8301668167114258
23,t2_b0,42,5,60,0,
23,t2_b0,43,5,60,0,
23,t2_b0,44,5,65,4,0.5481947660446167
23,t2_b0,45,5,65,4,2.050889730453491
23,t2_b0,46,5,65,4,3.5391242504119873
23,t2_b0,47,5,65,4,0.8880895376205444
23,t2_b0,48,5,65,4,3.5460102558135986
23,t2_b0,49,5,65,4,0.6745772957801819
23,t2_b0,50,5,65,4,0.9985843896865845
23,t2_b0,51,5,65,4,1.3694666624069214
23,t2_b0,52,5,65,4,0.7081888914108276
23,t2_b0,54,5,65,4,3.7074472904205322
23,t2_b0,55,5,65,4,1.7024999856948853
23,t2_b0,57,5,60,0,
23,t2_b0,58,5,60,0,
23,t2_b0,59,5,65,4,3.0507795810699463
24,t2_b0,1,5,65,4,17.139732360839844
24,t2_b0,2,5,70,8,1.0293900966644287
24,t2_b0,3,5,70,8,2.3159613609313965
24,t2_b0,4,5,70,8,0.8669320344924927
24,t2_b0,5,5,65,4,23.06610870361328
24,t2_b0,6,5,70,8,2.3973169326782227
24,t2_b0,7,4,67,4,2.0478713512420654
24,t2_b0,9,5,64,4,24.368301391601562
24,t2_b0,10,5,70,8,1.4043234586715698
24,t2_b0,11,5,70,8,5.64486026763916
24,t2_b0,12,5,70,8,3.9536521434783936
24,t2_b0,13,5,65,4,37.355655670166016
24,t2_b0,14,5,70,8,1.3606808185577393
24,t2_b0,15,5,70,8,1.5850850343704224
24,t2_b0,18,5,70,8,2.474600315093994
24,t2_b0,19,5,70,8,1.2958730459213257
24,t2_b0,20,5,70,8,2.6065778732299805
24,t2_b0,23,5,70,8,0.5588876008987427
24,t2_b0,25,5,70,8,2.3161768913269043
24,t2_b0,26,5,70,8,0.7167956233024597
24,t2_b0,27,5,65,4,34.02791976928711
24,t2_b0,28,5,70,8,0.7377306222915649
24,t2_b0,29,5,65,4,18.15568733215332
24,t2_b0,30,5,70,8,0.39921414852142334
24,t2_b0,32,5,70,8,0.6136782169342041
24,t2_b0,33,5,70,8,2.9903674125671387
24,t2_b0,34,5,65,4,39.803558349609375
24,t2_b0,35,5,65,4,39.81190872192383
24,t2_b0,36,5,70,8,1.08344304561615
24,t2_b0,38,5,65,4,33.97291564941406
24,t2_b0,39,5,70,8,1.0210636854171753
24,t2_b0,40,5,70,8,3.3658132553100586
24,t2_b0,41,5,70,8,1.7669615745544434
24,t2_b0,42,5,65,4,26.18968391418457
24,t2_b0,43,5,65,4,24.22748374938965
24,t2_b0,44,5,70,8,0.7069370150566101
24,t2_b0,45,5,70,8,1.960996389389038
24,t2_b0,46,5,70,8,3.2141642570495605
24,t2_b0,47,5,70,8,0.8586068153381348
24,t2_b0,48,5,70,8,3.570504665374756
24,t2_b0,49,5,70,8,0.7886061072349548
24,t2_b0,50,5,70,8,0.9996970891952515
24,t2_b0,51,5,70,8,1.4130510091781616
24,t2_b0,52,5,70,8,0.6679466962814331
24,t2_b0,54,5,70,8,3.766557216644287
24,t2_b0,55,5,70,8,1.5222318172454834
24,t2_b0,57,5,65,4,32.134971618652344
24,t2_b0,58,5,65,4,21.910066604614258
24,t2_b0,59,5,70,8,2.3295514583587646
25,t2_b0,1,5,70,8,17.06485939025879
25,t2_b0,2,5,75,12,1.0720841884613037
25,t2_b0,3,5,75,12,2.341444253921509
25,t2_b0,4,5,75,12,0.8370951414108276
25,t2_b0,5,5,70,8,23.247289657592773
25,t2_b0,6,5,75,12,2.620584487915039
25,t2_b0,7,5,72,8,2.4171884059906006
25,t2_b0,9,5,69,8,24.15005111694336
25,t2_b0,10,5,75,12,1.7024213075637817
25,t2_b0,11,5,75,12,6.195975303649902
25,t2_b0,12,5,75,12,3.6846513748168945
25,t2_b0,13,5,70,8,1.735719084739685
25,t2_b0,14,5,75,12,1.3318233489990234
25,t2_b0,15,5,75,12,1.8710299730300903
25,t2_b0,18,5,75,12,1.9799950122833252
25,t2_b0,19,5,75,12,1.5962448120117188
25,t2_b0,20,5,75,12,2.515259265899658
25,t2_b0,23,5,75,12,0.6719647645950317
25,t2_b0,25,5,75,12,1.5135563611984253
25,t2_b0,26,5,75,12,0.5818723440170288
25,t2_b0,27,5,70,8,34.02187728881836
25,t2_b0,28,5,75,12,0.6749393939971924
25,t2_b0,29,5,70,8,18.076921463012695
25,t2_b0,30,5,75,12,0.3893584609031677
25,t2_b0,32,5,75,12,0.7361292243003845
25,t2_b0,33,5,75,12,2.8161115646362305
25,t2_b0,34,5,70,8,39.66727066040039
25,t2_b0,35,5,70,8,38.408626556396484
25,t2_b0,36,5,75,12,1.0002297163009644
25,t2_b0,38,5,70,8,33.93232345581055
25,t2_b0,39,5,75,12,1.3269248008728027
25,t2_b0,40,5,75,12,2.9316518306732178
25,t2_b0,41,5,75,12,1.5839098691940308
25,t2_b0,42,5,70,8,26.50461196899414
25,t2_b0,43,5,70,8,24.239093780517578
25,t2_b0,44,5,75,12,1.0629366636276245
25,t2_b0,45,5,75,12,2.090251922607422
25,t2_b0,46,5,75,12,3.7169501781463623
25,t2_b0,47,5,75,12,0.9496187567710876
25,t2_b0,48,5,75,12,3.1440043449401855
25,t2_b0,49,5,75,12,0.6650518774986267
25,t2_b0,50,5,75,12,0.8428438901901245
25,t2_b0,51,5,75,12,1.4212634563446045
25,t2_b0,52,5,75,12,0.684088945388794
25,t2_b0,54,5,75,12,3.3854308128356934
25,t2_b0,55,5,75,12,1.4972230195999146
25,t2_b0,57,5,70,8,32.04432678222656
25,t2_b0,58,5,70,8,22.108827590942383
25,t2_b0,59,5,75,12,3.047384262084961
26,t2_b0,1,5,75,12,17.05799674987793
26,t2_b0,2,5,80,16,0.9828580021858215
26,t2_b0,3,5,80,16,2.2793478965759277
26,t2_b0,4,5,80,16,0.8445386290550232
26,t2_b0,5,5,75,12,23.39475440979004
26,t2_b0,6,5,80,16,3.368936777114868
26,t2_b0,7,5,77,12,2.468820333480835
26,t2_b0,8,5,72,8,39.96043014526367
26,t2_b0,9,5,74,12,24.259578704833984
26,t2_b0,10,5,80,16,1.4831385612487793
26,t2_b0,11,5,80,16,4.582667350769043
26,t2_b0,12,5,80,16,3.8402905464172363
26,t2_b0,13,5,75,12,37.342041015625
26,t2_b0,14,5,80,16,1.2574394941329956
26,t2_b0,15,5,80,16,1.4955404996871948
26,t2_b0,18,5,80,16,1.8337271213531494
26,t2_b0,19,5,80,16,1.6143136024475098
26,t2_b0,20,5,80,16,2.533435821533203
26,t2_b0,21,5,70,8,81.42073822021484
26,t2_b0,23,5,80,16,0.8398272395133972
26,t2_b0,25,5,80,16,2.1307129859924316
26,t2_b0,26,5,80,16,0.5750150680541992
26,t2_b0,27,5,75,12,0.7077776789665222
26,t2_b0,28,5,80,16,0.5962350964546204
26,t2_b0,29,5,75,12,18.17818260192871
26,t2_b0,30,5,80,16,0.38097506761550903
26,t2_b0,32,5,80,16,0.7060109972953796
26,t2_b0,33,5,80,16,3.1888628005981445
26,t2_b0,34,5,75,12,40.58338928222656
26,t2_b0,35,5,75,12,39.76885223388672
26,t2_b0,36,5,80,16,0.9703003168106079
26,t2_b0,38,5,75,12,34.209537506103516
26,t2_b0,39,5,80,16,1.2331533432006836
26,t2_b0,40,5,80,16,3.187169075012207
26,t2_b0,41,5,80,16,1.2142943143844604
26,t2_b0,42,5,75,12,26.008821487426758
26,t2_b0,43,5,75,12,24.19189453125
26,t2_b0,44,5,80,16,1.6224989891052246
26,t2_b0,45,5,80,16,2.287755012512207
26,t2_b0,46,5,80,16,3.4914066791534424
26,t2_b0,47,5,80,16,0.921147882938385
26,t2_b0,48,5,80,16,3.7059364318847656
26,t2_b0,49,5,80,16,0.6262436509132385
26,t2_b0,50,5,80,16,0.6545706987380981
26,t2_b0,51,5,80,16,1.171764612197876
26,t2_b0,52,5,80,16,0.7226859331130981
26,t2_b0,54,5,80,16,1.6654876470565796
26,t2_b0,55,5,80,16,1.4501327276229858
26,t2_b0,57,5,75,12,32.02870559692383
26,t2_b0,58,5,75,12,2.567883014678955
26,t2_b0,59,5,80,16,2.242065191268921
27,t2_b0,1,5,80,16,17.0811710357666
27,t2_b0,2,20,100,20,0.48708343505859375
27,t2_b0,3,5,85,20,0.9046007394790649
27,t2_b0,4,5,85,20,0.687804102897644
27,t2_b0,5,5,80,16,4.233179092407227
27,t2_b0,6,5,85,20,3.597215175628662
27,t2_b0,7,5,82,16,2.3583221435546875
27,t2_b0,8,5,77,12,41.191612243652344
27,t2_b0,9,5,79,16,24.441242218017578
27,t2_b0,10,5,85,20,1.055538535118103
27,t2_b0,11,5,85,20,6.450531005859375
27,t2_b0,12,5,85,20,3.235438346862793
27,t2_b0,13,5,80,16,37.208839416503906
27,t2_b0,14,5,85,20,1.4828788042068481
27,t2_b0,15,5,85,20,1.5418908596038818
27,t2_b0,18,5,85,20,1.9978647232055664
27,t2_b0,19,5,85,20,1.0538705587387085
27,t2_b0,20,5,85,20,2.6514413356781006
27,t2_b0,21,5,75,12,31.00457000732422
27,t2_b0,23,5,85,20,0.809596836566925
27,t2_b0,24,5,80,8,45.656593322753906
27,t2_b0,25,5,85,20,2.239985466003418
27,t2_b0,26,5,85,20,0.5020326972007751
27,t2_b0,27,5,80,16,34.165618896484375
27,t2_b0,28,5,85,20,0.6203525066375732
27,t2_b0,29,5,80,16,1.5555918216705322
27,t2_b0,30,5,85,20,0.43501225113868713
27,t2_b0,32,5,85,20,0.5941300988197327
27,t2_b0,33,5,85,20,1.6235218048095703
27,t2_b0,34,5,80,16,1.655763864517212
27,t2_b0,35,5,80,16,39.581886291503906
27,t2_b0,36,5,85,20,0.8675785064697266
27,t2_b0,38,5,80,16,33.868167877197266
27,t2_b0,39,5,85,20,2.079235792160034
27,t2_b0,40,5,85,20,3.6012322902679443
27,t2_b0,41,5,85,20,1.4678760766983032
27,t2_b0,42,5,80,16,26.098913192749023
27,t2_b0,43,5,80,16,24.266687393188477
27,t2_b0,44,5,85,20,1.7425405979156494
27,t2_b0,45,5,85,20,2.247281074523926
27,t2_b0,46,5,85,20,3.327934503555298
27,t2_b0,47,5,85,20,0.9167630672454834
27,t2_b0,48,5,85,20,3.9011080265045166
27,t2_b0,49,5,85,20,0.6491215229034424
27,t2_b0,50,5,85,20,0.9873749017715454
27,t2_b0,51,5,85,20,1.4009885787963867
27,t2_b0,52,5,85,20,0.6144309043884277
27,t2_b0,54,5,85,20,3.8179373741149902
27,t2_b0,55,5,85,20,1.811315894126892
27,t2_b0,57,5,80,16,3.2426328659057617
27,t2_b0,58,45,120,16,4.193765640258789
27,t2_b0,59,5,85,20,2.2743232250213623
28,t2_b0,0,5,85,8,1.3784809112548828
28,t2_b0,1,5,85,20,0.7742134928703308
28,t2_b0,3,5,90,24,2.2995779514312744
28,t2_b0,4,5,90,24,0.6818792819976807
28,t2_b0,5,5,85,20,3.8772497177124023
28,t2_b0,6,5,90,24,3.79205584526062
28,t2_b0,7,5,87,20,4.080158710479736
28,t2_b0,8,5,82,16,41.851383209228516
28,t2_b0,9,5,84,20,25.101411819458008
28,t2_b0,10,5,90,24,1.7991151809692383
28,t2_b0,11,5,90,24,5.565102577209473
28,t2_b0,12,5,90,24,3.4694292545318604
28,t2_b0,13,5,85,20,37.046470642089844
28,t2_b0,14,5,90,24,1.2794862985610962
28,t2_b0,15,5,90,24,1.7826820611953735
28,t2_b0,18,5,90,24,2.0541672706604004
28,t2_b0,19,5,90,24,2.148221969604492
28,t2_b0,20,5,90,24,2.937086820602417
28,t2_b0,21,5,80,16,81.45414733886719
28,t2_b0,23,5,90,24,0.8756676912307739
28,t2_b0,24,5,85,12,44.77228927612305
28,t2_b0,25,5,90,24,2.346707344055176
28,t2_b0,26,5,90,24,0.5779592394828796
28,t2_b0,27,5,85,20,34.12826919555664
28,t2_b0,28,5,90,24,0.6694464087486267
28,t2_b0,29,5,85,20,18.218904495239258
28,t2_b0,30,5,90,24,0.3078778088092804
28,t2_b0,32,5,90,24,0.8448771238327026
28,t2_b0,33,5,90,24,2.3119444847106934
28,t2_b0,34,5,85,20,1.2462925910949707
28,t2_b0,35,5,85,20,39.4718132019043
28,t2_b0,36,5,90,24,1.0704799890518188
28,t2_b0,38,5,85,20,34.36767578125
28,t2_b0,39,5,90,24,2.070903778076172
28,t2_b0,40,5,90,24,2.9923601150512695
28,t2_b0,41,5,90,24,1.60124933719635
28,t2_b0,42,5,85,20,25.858753204345703
28,t2_b0,43,5,85,20,24.171117782592773
28,t2_b0,44,5,90,24,1.0908414125442505
28,t2_b0,45,5,90,24,2.142101764678955
28,t2_b0,46,5,90,24,2.5389552116394043
28,t2_b0,47,5,90,24,0.6962534189224243
28,t2_b0,48,5,90,24,4.267553806304932
28,t2_b0,49,5,90,24,0.8196897506713867
28,t2_b0,50,5,90,24,1.06699538230896
28,t2_b0,51,5,90,24,1.2105592489242554
28,t2_b0,52,5,90,24,0.7509527802467346
28,t2_b0,54,5,90,24,3.971580743789673
28,t2_b0,55,5,90,24,1.538844108581543
28,t2_b0,57,5,85,20,3.3132591247558594
28,t2_b0,59,5,90,24,3.1348447799682617
29,t2_b0,3,5,95,28,2.3433308601379395
29,t2_b0,5,5,90,24,22.828954696655273
29,t2_b0,6,5,95,28,3.2211356163024902
29,t2_b0,7,5,92,24,3.9428491592407227
29,t2_b0,8,5,87,20,41.13153839111328
29,t2_b0,9,5,89,24,25.249610900878906
29,t2_b0,10,5,95,28,1.7997535467147827
29,t2_b0,11,5,95,28,5.88923978805542
29,t2_b0,12,5,95,28,2.695324420928955
29,t2_b0,13,5,90,24,36.92217254638672
29,t2_b0,14,5,95,28,1.3303472995758057
29,t2_b0,15,5,95,28,1.9505236148834229
29,t2_b0,17,5,85,8,21.422142028808594
29,t2_b0,18,5,95,28,1.8698053359985352
29,t2_b0,19,5,95,28,2.0081748962402344
29,t2_b0,20,5,95,28,2.187727928161621
29,t2_b0,21,5,85,20,81.70121765136719
29,t2_b0,23,5,95,28,0.8161330223083496
29,t2_b0,24,5,90,16,45.26455307006836
29,t2_b0,25,5,95,28,1.9098246097564697
29,t2_b0,26,5,95,28,0.7117730975151062
29,t2_b0,27,5,90,24,0.9363374710083008
29,t2_b0,28,5,95,28,0.8700777888298035
29,t2_b0,31,5,85,8,71.13597869873047
29,t2_b0,32,5,95,28,0.9613955020904541
29,t2_b0,33,5,95,28,2.522874355316162
29,t2_b0,34,5,90,24,2.1180858612060547
29,t2_b0,35,5,90,24,39.58505630493164
29,t2_b0,36,5,95,28,1.0973572731018066
29,t2_b0,37,5,90,8,46.37406921386719
29,t2_b0,38,5,90,24,33.8658447265625
29,t2_b0,39,5,95,28,2.1942925453186035
29,t2_b0,40,5,95,28,4.261434078216553
29,t2_b0,41,5,95,28,1.4481830596923828
29,t2_b0,42,39,124,24,3.9942569732666016
29,t2_b0,44,5,95,28,1.2720329761505127
29,t2_b0,45,5,95,28,2.331252336502075
29,t2_b0,46,5,95,28,3.0821497440338135
29,t2_b0,47,5,95,28,0.8623774647712708
29,t2_b0,48,5,95,28,3.981694221496582
29,t2_b0,49,5,95,28,0.8660857081413269
29,t2_b0,50,5,95,28,0.5246537327766418
29,t2_b0,51,5,95,28,0.7374290227890015
29,t2_b0,52,5,95,28,0.6943004131317139
29,t2_b0,54,5,95,28,3.365123748779297
29,t2_b0,55,5,95,28,1.217864990234375
29,t2_b0,57,5,90,24,30.820573806762695
29,t2_b0,59,5,95,28,3.018880605697632
30,t2_b0,5,5,95,28,23.37060546875
30,t2_b0,6,5,100,32,3.825650453567505
30,t2_b0,7,5,97,28,4.681487560272217
30,t2_b0,8,5,92,24,3.749730348587036
30,t2_b0,9,5,94,28,24.151344299316406
30,t2_b0,10,5,100,32,1.5064961910247803
30,t2_b0,11,5,100,32,6.2209343910217285
30,t2_b0,12,5,100,32,2.917479991912842
30,t2_b0,13,5,95,28,1.1090468168258667
30,t2_b0,14,5,100,32,1.1523873805999756
30,t2_b0,15,5,100,32,2.020379066467285
30,t2_b0,17,5,90,12,21.513452529907227
30,t2_b0,20,5,100,32,1.935762882232666
30,t2_b0,21,5,90,24,81.84748077392578
30,t2_b0,23,5,100,32,0.8175058364868164
30,t2_b0,24,5,95,20,2.9487621784210205
30,t2_b0,25,5,100,32,1.4038184881210327
30,t2_b0,26,5,100,32,0.6835708022117615
30,t2_b0,27,5,95,28,34.208526611328125
30,t2_b0,28,5,100,32,0.655138373374939
30,t2_b0,31,5,90,12,1.4378372430801392
30,t2_b0,32,5,100,32,1.0973373651504517
30,t2_b0,33,5,100,32,1.8562711477279663
30,t2_b0,34,5,95,28,40.63517379760742
30,t2_b0,35,5,95,28,2.6491475105285645
30,t2_b0,36,5,100,32,0.9440867900848389
30,t2_b0,37,5,95,12,45.7136344909668
30,t2_b0,38,5,95,28,0.9472969770431519
30,t2_b0,39,5,100,32,2.46746826171875
30,t2_b0,40,5,100,32,2.7663166522979736
30,t2_b0,41,5,100,32,1.528996229171753
30,t2_b0,44,5,100,32,1.5008442401885986
30,t2_b0,45,5,100,32,2.4708220958709717
30,t2_b0,46,5,100,32,3.922518014907837
30,t2_b0,47,5,100,32,0.8383318185806274
30,t2_b0,48,5,100,32,3.8670852184295654
30,t2_b0,49,5,100,32,0.8658246397972107
30,t2_b0,50,5,100,32,0.8084554672241211
30,t2_b0,52,5,100,32,0.8486363887786865
30,t2_b0,54,5,100,32,1.2042936086654663
30,t2_b0,57,5,95,28,31.81728172302246
30,t2_b0,59,5,100,32,2.1921801567077637
31,t2_b0,5,5,100,32,22.983762741088867
31,t2_b0,6,5,105,36,4.309628009796143
31,t2_b0,7,5,102,32,3.9759268760681152
31,t2_b0,8,5,97,28,41.681396484375
31,t2_b0,9,5,99,32,24.371685028076172
31,t2_b0,10,5,105,36,2.115255355834961
31,t2_b0,11,5,105,36,5.310297966003418
31,t2_b0,12,5,105,36,3.191575527191162
31,t2_b0,13,5,100,32,36.8630256652832
31,t2_b0,14,5,105,36,1.0821788311004639
31,t2_b0,15,5,105,36,2.445885181427002
31,t2_b0,17,5,95,16,21.45343017578125
31,t2_b0,20,5,105,36,2.685967206954956
31,t2_b0,21,5,95,28,81.99763488769531
31,t2_b0,23,5,105,36,0.8802164793014526
31,t2_b0,24,5,100,24,43.80864715576172
31,t2_b0,25,5,105,36,1.5003377199172974
31,t2_b0,26,5,105,36,0.7426950931549072
31,t2_b0,27,5,100,32,34.08060073852539
31,t2_b0,28,5,105,36,0.7613989114761353
31,t2_b0,31,5,95,16,32.135074615478516
31,t2_b0,32,45,145,36,1.3374111652374268
31,t2_b0,33,5,105,36,3.060706615447998
31,t2_b0,34,5,100,32,40.79988098144531
31,t2_b0,35,5,100,32,39.34940719604492
31,t2_b0,36,5,105,36,1.1498892307281494
31,t2_b0,37,5,100,16,46.374900817871094
31,t2_b0,38,5,100,32,0.8895504474639893
31,t2_b0,39,5,105,36,2.30433988571167
31,t2_b0,40,5,105,36,3.5667805671691895
31,t2_b0,41,5,105,36,1.2944424152374268
31,t2_b0,43,5,90,24,24.250064849853516
31,t2_b0,44,5,105,36,1.4802237749099731
31,t2_b0,45,5,105,36,2.059169292449951
31,t2_b0,46,5,105,36,2.412832260131836
31,t2_b0,47,5,105,36,1.0126183032989502
31,t2_b0,48,5,105,36,3.75418758392334
31,t2_b0,49,5,105,36,0.7854875922203064
31,t2_b0,50,5,105,36,0.8133271932601929
31,t2_b0,52,5,105,36,0.587260901927948
31,t2_b0,54,5,105,36,1.8660870790481567
31,t2_b0,57,5,100,32,2.524454116821289
31,t2_b0,59,5,105,36,1.9670791625976562
32,t2_b0,3,5,100,32,2.4170384407043457
32,t2_b0,5,5,105,36,3.8625664710998535
32,t2_b0,6,5,110,40,4.108302116394043
32,t2_b0,7,45,147,36,4.617196083068848
32,t2_b0,8,5,102,32,3.912653684616089
32,t2_b0,9,5,104,36,23.8049373626709
32,t2_b0,10,5,110,40,1.9630438089370728
32,t2_b0,11,5,110,40,6.228522300720215
32,t2_b0,12,5,110,40,3.5573785305023193
32,t2_b0,13,5,105,36,36.78647232055664
32,t2_b0,14,5,110,40,1.0451278686523438
32,t2_b0,15,5,110,40,1.902505874633789
32,t2_b0,17,5,100,20,21.555946350097656
32,t2_b0,20,5,110,40,1.512965202331543
32,t2_b0,21,5,100,32,31.548093795776367
32,t2_b0,23,5,110,40,0.8496365547180176
32,t2_b0,24,5,105,28,44.96208572387695
32,t2_b0,25,5,110,40,2.256258487701416
32,t2_b0,26,5,110,40,0.411555677652359
32,t2_b0,27,5,105,36,0.8247426152229309
32,t2_b0,28,5,110,40,0.8409837484359741
32,t2_b0,31,5,100,20,71.10723876953125
32,t2_b0,33,5,110,40,2.381483554840088
32,t2_b0,34,5,105,36,40.57369613647461
32,t2_b0,35,5,105,36,3.2946343421936035
32,t2_b0,36,45,150,40,2.3017256259918213
32,t2_b0,37,5,105,20,46.74549865722656
32,t2_b0,38,5,105,36,0.7275142073631287
32,t2_b0,39,5,110,40,1.8636747598648071
32,t2_b0,40,5,110,40,3.8298659324645996
32,t2_b0,41,5,110,40,1.3918724060058594
32,t2_b0,44,5,110,40,1.646993637084961
32,t2_b0,45,5,110,40,2.063295602798462
32,t2_b0,46,5,110,40,4.360699653625488
32,t2_b0,47,5,110,40,0.8493962287902832
32,t2_b0,48,5,110,40,3.922900676727295
32,t2_b0,49,5,110,40,0.4529516398906708
32,t2_b0,50,5,110,40,1.0447237491607666
32,t2_b0,52,5,110,40,0.8797711133956909
32,t2_b0,53,5,95,8,39.65869903564453
32,t2_b0,54,5,110,40,2.9348554611206055
32,t2_b0,56,5,105,8,6.554773330688477
32,t2_b0,57,5,105,36,31.230297088623047
32,t2_b0,59,5,110,40,1.8659485578536987
33,t2_b0,5,5,110,40,23.400888442993164
33,t2_b0,6,5,115,44,4.142446517944336
33,t2_b0,8,5,107,36,41.003082275390625
33,t2_b0,9,5,109,40,24.257902145385742
33,t2_b0,10,5,115,44,1.950247049331665
33,t2_b0,11,5,115,44,5.06005334854126
33,t2_b0,12,5,115,44,2.383953809738159
33,t2_b0,13,5,110,40,36.291717529296875
33,t2_b0,14,5,115,44,1.6968820095062256
33,t2_b0,15,45,155,44,3.577141523361206
33,t2_b0,17,5,105,24,0.7013645768165588
33,t2_b0,18,5,100,32,1.682065725326538
33,t2_b0,19,40,135,32,2.4161195755004883
33,t2_b0,20,5,115,44,3.075941562652588
33,t2_b0,21,5,105,36,31.367338180541992
33,t2_b0,22,5,90,8,1.6702845096588135
33,t2_b0,23,5,115,44,0.7249714732170105
33,t2_b0,24,5,110,32,44.80380630493164
33,t2_b0,25,5,115,44,1.6887223720550537
33,t2_b0,26,5,115,44,0.840214729309082
33,t2_b0,27,5,110,40,0.5999752283096313
33,t2_b0,28,5,115,44,0.8713053464889526
33,t2_b0,31,5,105,24,41.14051055908203
33,t2_b0,33,5,115,44,3.689269781112671
33,t2_b0,34,5,110,40,40.88655090332031
33,t2_b0,35,5,110,40,39.3963737487793
33,t2_b0,37,5,110,24,2.1345810890197754
33,t2_b0,38,5,110,40,0.9261337518692017
33,t2_b0,39,5,115,44,2.3898732662200928
33,t2_b0,40,5,115,44,2.790440082550049
33,t2_b0,41,5,115,44,1.4637477397918701
33,t2_b0,44,5,115,44,1.2765041589736938
33,t2_b0,45,5,115,44,1.7463090419769287
33,t2_b0,46,5,115,44,3.6185853481292725
33,t2_b0,47,5,115,44,0.788097083568573
33,t2_b0,48,5,115,44,3.676600217819214
33,t2_b0,49,5,115,44,0.7651190161705017
33,t2_b0,50,45,155,44,1.24470853805542
33,t2_b0,52,5,115,44,0.5969007015228271
33,t2_b0,53,5,100,12,39.524383544921875
33,t2_b0,54,5,115,44,3.3846607208251953
33,t2_b0,56,5,110,12,42.598018646240234
33,t2_b0,57,5,110,40,2.1916542053222656
33,t2_b0,59,5,115,44,2.9419615268707275
34,t2_b0,1,5,90,24,17.099225997924805
34,t2_b0,3,5,105,36,2.2457730770111084
34,t2_b0,4,5,95,28,0.8689215183258057
34,t2_b0,5,5,115,44,3.292404890060425
34,t2_b0,6,5,120,48,4.6293840408325195
34,t2_b0,8,5,112,40,41.650352478027344
34,t2_b0,9,5,114,44,2.40897798538208
34,t2_b0,10,5,120,48,1.996346116065979
34,t2_b0,11,41,156,48,5.508811950683594
34,t2_b0,12,5,120,48,3.2331933975219727
34,t2_b0,13,45,155,44,36.93437194824219
34,t2_b0,14,5,120,48,1.2485439777374268
34,t2_b0,17,5,110,28,21.58376121520996
34,t2_b0,20,5,120,48,2.227076292037964
34,t2_b0,21,5,110,40,81.35975646972656
34,t2_b0,22,5,95,12,1.4339373111724854
34,t2_b0,23,5,120,48,0.6216000914573669
34,t2_b0,24,5,115,36,44.16336441040039
34,t2_b0,25,5,120,48,1.9202656745910645
34,t2_b0,26,5,120,48,0.6978631615638733
34,t2_b0,27,5,115,44,34.0395393371582
34,t2_b0,28,5,120,48,0.963344931602478
34,t2_b0,29,5,90,24,17.889936447143555
34,t2_b0,30,5,95,28,0.3523534834384918
34,t2_b0,31,5,110,28,40.677398681640625
34,t2_b0,33,5,120,48,3.0010640621185303
34,t2_b0,34,5,115,44,4.1067328453063965
34,t2_b0,35,5,115,44,1.8773293495178223
34,t2_b0,37,5,115,28,2.1674790382385254
34,t2_b0,38,5,115,44,34.46836853027344
34,t2_b0,39,5,120,48,1.9783700704574585
34,t2_b0,40,5,120,48,4.104435443878174
34,t2_b0,41,5,120,48,1.2806227207183838
34,t2_b0,43,5,95,28,24.044902801513672
34,t2_b0,44,5,120,48,0.8627499938011169
34,t2_b0,45,5,120,48,2.046725273132324
34,t2_b0,46,5,120,48,2.5464115142822266
34,t2_b0,47,5,120,48,0.8910766243934631
34,t2_b0,48,5,120,48,2.427217483520508
34,t2_b0,49,5,120,48,0.8649411201477051
34,t2_b0,51,5,100,32,1.027585744857788
34,t2_b0,52,5,120,48,0.8815439939498901
34,t2_b0,53,5,105,16,0.37199872732162476
34,t2_b0,54,5,120,48,2.636894941329956
34,t2_b0,55,5,100,32,1.7585759162902832
34,t2_b0,56,5,115,16,43.672996520996094
34,t2_b0,57,5,115,44,31.199443817138672
34,t2_b0,59,5,120,48,2.3570754528045654
35,t2_b0,0,5,90,12,1.14719820022583
35,t2_b0,1,5,95,28,16.813451766967773
35,t2_b0,3,5,110,40,0.8294854164123535
35,t2_b0,4,5,100,32,1.0200155973434448
35,t2_b0,5,5,120,48,22.692710876464844
35,t2_b0,6,5,125,52,4.692594528198242
35,t2_b0,8,5,117,44,2.1486549377441406
35,t2_b0,9,5,119,48,23.975486755371094
35,t2_b0,10,5,125,52,1.6530818939208984
35,t2_b0,12,27,147,52,3.543728828430176
35,t2_b0,14,5,125,52,1.1083145141601562
35,t2_b0,16,5,110,8,2.4710512161254883
35,t2_b0,17,5,115,32,21.47168731689453
35,t2_b0,18,5,105,36,2.0528223514556885
35,t2_b0,20,5,125,52,2.2484867572784424
35,t2_b0,21,5,115,44,51.329837799072266
35,t2_b0,22,5,100,16,1.2359050512313843
35,t2_b0,23,5,125,52,0.49834150075912476
35,t2_b0,24,5,120,40,44.298057556152344
35,t2_b0,25,5,125,52,2.290271520614624
35,t2_b0,26,45,165,52,0.896895706653595
35,t2_b0,27,5,120,48,0.6042945384979248
35,t2_b0,28,5,125,52,1.2284398078918457
35,t2_b0,29,5,95,28,1.7392648458480835
35,t2_b0,30,5,100,32,0.27227848768234253
35,t2_b0,31,5,115,32,70.53487396240234
35,t2_b0,33,5,125,52,2.8961524963378906
35,t2_b0,34,5,120,48,3.106724500656128
35,t2_b0,35,5,120,48,37.283206939697266
35,t2_b0,37,5,120,32,45.556522369384766
35,t2_b0,38,5,120,48,33.70464324951172
35,t2_b0,39,5,125,52,2.1748557090759277
35,t2_b0,40,5,125,52,2.947455883026123
35,t2_b0,41,5,125,52,1.5402175188064575
35,t2_b0,43,5,100,32,24.281408309936523
35,t2_b0,44,5,125,52,0.8780906796455383
35,t2_b0,45,5,125,52,1.751774787902832
35,t2_b0,46,5,125,52,2.3598225116729736
35,t2_b0,47,5,125,52,0.814952552318573
35,t2_b0,48,5,125,52,2.9694151878356934
35,t2_b0,49,5,125,52,0.4904194176197052
35,t2_b0,51,5,105,36,1.028448224067688
35,t2_b0,52,5,125,52,0.49964389204978943
35,t2_b0,53,5,110,20,0.49295035004615784
35,t2_b0,54,5,125,52,3.9683685302734375
35,t2_b0,55,5,105,36,1.4403307437896729
35,t2_b0,56,5,120,20,41.585105895996094
35,t2_b0,57,5,120,48,31.178531646728516
35,t2_b0,59,5,125,52,1.915673017501831
36,t2_b0,0,5,95,16,20.3868408203125
36,t2_b0,1,5,100,32,16.811527252197266
36,t2_b0,3,5,115,44,2.259251594543457
36,t2_b0,4,5,105,36,0.7502372860908508
36,t2_b0,5,5,125,52,23.031635284423828
36,t2_b0,6,5,130,56,3.6333119869232178
36,t2_b0,8,5,122,48,41.55587387084961
36,t2_b0,9,5,124,52,24.000362396240234
36,t2_b0,10,5,130,56,1.481339454650879
36,t2_b0,14,5,130,56,1.0703245401382446
36,t2_b0,16,5,115,12,2.3077080249786377
36,t2_b0,17,5,120,36,21.44171905517578
36,t2_b0,18,5,110,40,2.0096988677978516
36,t2_b0,20,5,130,56,2.1394224166870117
36,t2_b0,21,5,120,48,31.259334564208984
36,t2_b0,22,45,145,20,1.0872670412063599
36,t2_b0,23,5,130,56,0.5807889699935913
36,t2_b0,24,5,125,44,2.8391308784484863
36,t2_b0,25,5,130,56,1.2061282396316528
36,t2_b0,27,5,125,52,0.7745022773742676
36,t2_b0,28,5,130,56,1.534846544265747
36,t2_b0,29,5,100,32,1.171527624130249
36,t2_b0,30,5,105,36,0.461516410112381
36,t2_b0,31,5,120,36,40.223670959472656
36,t2_b0,33,5,130,56,2.7983241081237793
36,t2_b0,34,5,125,52,1.6726629734039307
36,t2_b0,35,5,125,52,38.82719802856445
36,t2_b0,37,5,125,36,1.7714308500289917
36,t2_b0,38,5,125,52,33.91265869140625
36,t2_b0,39,5,130,56,2.077390193939209
36,t2_b0,40,5,130,56,3.298773765563965
36,t2_b0,41,5,130,56,1.3576384782791138
36,t2_b0,43,5,105,36,0.33781859278678894
36,t2_b0,44,5,130,56,0.9429935216903687
36,t2_b0,45,5,130,56,1.8572192192077637
36,t2_b0,46,5,130,56,3.6836936473846436
36,t2_b0,47,5,130,56,0.7085874080657959
36,t2_b0,48,5,130,56,4.553868293762207
36,t2_b0,49,5,130,56,0.9759208559989929
36,t2_b0,51,5,110,40,0.9685714840888977
36,t2_b0,52,5,130,56,0.7450529932975769
36,t2_b0,53,5,115,24,0.639353334903717
36,t2_b0,54,5,130,56,2.294912338256836
36,t2_b0,55,5,110,40,1.6187546253204346
36,t2_b0,56,5,125,24,40.57888412475586
36,t2_b0,57,5,125,52,29.941465377807617
36,t2_b0,59,5,130,56,1.1291142702102661
37,t2_b0,0,5,100,20,20.748273849487305
37,t2_b0,1,5,105,36,17.028472900390625
37,t2_b0,2,5,105,24,37.217369079589844
37,t2_b0,3,45,160,48,2.5840718746185303
37,t2_b0,4,5,110,40,0.8159604668617249
37,t2_b0,5,5,130,56,21.351253509521484
37,t2_b0,6,5,135,60,3.964810848236084
37,t2_b0,9,5,129,56,23.353418350219727
37,t2_b0,14,5,135,60,0.9123163819313049
37,t2_b0,16,5,120,16,1.9622794389724731
37,t2_b0,17,5,125,40,0.7200169563293457
37,t2_b0,18,5,115,44,2.2988903522491455
37,t2_b0,20,5,135,60,2.0006489753723145
37,t2_b0,23,5,135,60,0.7357010245323181
37,t2_b0,24,5,130,48,43.88524627685547
37,t2_b0,25,5,135,60,0.9948902130126953
37,t2_b0,27,5,130,56,33.85429000854492
37,t2_b0,28,5,135,60,1.121497392654419
37,t2_b0,29,5,105,36,17.995004653930664
37,t2_b0,30,5,110,40,0.6801835894584656
37,t2_b0,34,5,130,56,2.7484068870544434
37,t2_b0,35,5,130,56,36.884185791015625
37,t2_b0,37,5,130,40,2.4282479286193848
37,t2_b0,38,5,130,56,0.881675124168396
37,t2_b0,39,45,175,60,2.5652663707733154
37,t2_b0,41,5,135,60,1.5868444442749023
37,t2_b0,43,5,110,40,24.548425674438477
37,t2_b0,44,5,135,60,1.0528494119644165
37,t2_b0,46,5,135,60,4.440222263336182
37,t2_b0,47,5,135,60,0.8074805736541748
37,t2_b0,49,5,135,60,0.724780261516571
37,t2_b0,51,5,115,44,0.854430079460144
37,t2_b0,52,5,135,60,0.8917612433433533
37,t2_b0,53,5,120,28,39.79679489135742
37,t2_b0,54,5,135,60,4.203394889831543
37,t2_b0,55,5,115,44,1.534961223602295
37,t2_b0,56,5,130,28,6.411773204803467
37,t2_b0,57,5,130,56,1.3558154106140137
37,t2_b0,58,5,125,20,4.360565185546875
37,t2_b0,59,5,135,60,1.9818298816680908
38,t2_b0,0,5,105,24,20.74102210998535
38,t2_b0,1,5,110,40,17.198030471801758
38,t2_b0,2,5,110,28,36.86581802368164
38,t2_b0,4,5,115,44,0.9330281019210815
38,t2_b0,5,5,135,60,22.66974639892578
38,t2_b0,6,5,140,64,4.1045002937316895
38,t2_b0,9,1,130,60,2.454420804977417
38,t2_b0,14,5,140,64,1.417545199394226
38,t2_b0,16,5,125,20,2.2517099380493164
38,t2_b0,17,5,130,44,0.6261492371559143
38,t2_b0,18,5,120,48,2.1717305183410645
38,t2_b0,20,2,137,64,2.6793885231018066
38,t2_b0,23,5,140,64,0.8107620477676392
38,t2_b0,24,5,135,52,2.114175796508789
38,t2_b0,25,5,140,64,1.142846703529358
38,t2_b0,27,45,175,60,33.7174186706543
38,t2_b0,28,5,140,64,1.8740311861038208
38,t2_b0,29,5,110,40,1.2694753408432007
38,t2_b0,30,5,115,44,0.6747487783432007
38,t2_b0,31,5,125,40,70.88153076171875
38,t2_b0,35,5,135,60,38.14002227783203
38,t2_b0,37,5,135,44,46.7994270324707
38,t2_b0,38,5,135,60,0.8328582644462585
38,t2_b0,41,5,140,64,1.014474868774414
38,t2_b0,43,5,115,44,24.430835723876953
38,t2_b0,44,5,140,64,1.2331454753875732
38,t2_b0,47,45,180,64,0.8561727404594421
38,t2_b0,49,5,140,64,0.625652015209198
38,t2_b0,51,5,120,48,1.1932733058929443
38,t2_b0,52,5,140,64,0.7293075323104858
38,t2_b0,53,5,125,32,0.5481722354888916
38,t2_b0,54,5,140,64,3.624321460723877
38,t2_b0,55,5,120,48,1.1591190099716187
38,t2_b0,56,5,135,32,6.654664039611816
38,t2_b0,57,5,135,60,1.9903122186660767
38,t2_b0,58,5,130,24,23.12687873840332
38,t2_b0,59,5,140,64,1.4528520107269287
39,t2_b0,0,5,110,28,20.29388999938965
39,t2_b0,1,5,115,44,17.359695434570312
39,t2_b0,2,5,115,32,37.315799713134766
39,t2_b0,4,5,120,48,0.9438974261283875
39,t2_b0,5,5,140,64,22.257173538208008
39,t2_b0,6,5,145,68,3.584122657775879
39,t2_b0,9,3,133,64,24.387699127197266
39,t2_b0,14,5,145,68,1.711635708808899
39,t2_b0,16,5,130,24,2.5792648792266846
39,t2_b0,17,5,135,48,21.89946746826172
39,t2_b0,18,5,125,52,2.1381657123565674
39,t2_b0,20,3,140,68,2.1469016075134277
39,t2_b0,23,5,145,68,0.5808281302452087
39,t2_b0,24,5,140,56,1.4010640382766724
39,t2_b0,25,5,145,68,1.3103973865509033
39,t2_b0,28,5,145,68,1.7256439924240112
39,t2_b0,29,5,115,44,17.898237228393555
39,t2_b0,30,5,120,48,0.9990401864051819
39,t2_b0,31,2,127,44,31.729808807373047
39,t2_b0,34,1,131,60,2.8431193828582764
39,t2_b0,35,5,140,64,36.88946533203125
39,t2_b0,37,5,140,48,1.4363102912902832
39,t2_b0,38,5,140,64,33.735843658447266
39,t2_b0,39,5,180,64,2.6502976417541504
39,t2_b0,40,5,135,60,2.3899929523468018
39,t2_b0,41,5,145,68,1.8760021924972534
39,t2_b0,42,5,129,28,4.475081443786621
39,t2_b0,43,5,120,48,24.447233200073242
39,t2_b0,44,5,145,68,1.6851860284805298
39,t2_b0,46,1,136,64,2.4600863456726074
39,t2_b0,48,5,135,60,2.9050204753875732
39,t2_b0,49,5,145,68,0.7234255075454712
39,t2_b0,51,5,125,52,0.5756141543388367
39,t2_b0,52,5,145,68,0.8618506193161011
39,t2_b0,53,5,130,36,0.7309918999671936
39,t2_b0,54,5,145,68,1.1767410039901733
39,t2_b0,55,5,125,52,1.5569491386413574
39,t2_b0,56,5,140,36,43.17451477050781
39,t2_b0,57,5,140,64,3.03934907913208
39,t2_b0,58,5,135,28,3.627018451690674
39,t2_b0,59,5,145,68,2.5738484859466553
40,t2_b0,0,5,115,32,20.364545822143555
40,t2_b0,1,5,120,48,17.646568298339844
40,t2_b0,2,5,120,36,1.0792555809020996
40,t2_b0,4,5,125,52,1.086416482925415
40,t2_b0,5,5,145,68,23.136871337890625
40,t2_b0,6,5,150,72,2.8493289947509766
40,t2_b0,9,5,138,68,4.028660297393799
40,t2_b0,10,2,132,60,1.470504879951477
40,t2_b0,14,5,150,72,0.6906834840774536
40,t2_b0,16,5,135,28,2.160205841064453
40,t2_b0,17,5,140,52,21.944225311279297
40,t2_b0,18,5,130,56,1.5512621402740479
40,t2_b0,20,5,145,72,1.8076196908950806
40,t2_b0,21,1,121,52,31.574304580688477
40,t2_b0,23,5,150,72,1.1978354454040527
40,t2_b0,24,5,145,60,44.04277420043945
40,t2_b0,25,5,150,72,1.645124912261963
40,t2_b0,28,5,150,72,1.9059484004974365
40,t2_b0,29,5,120,48,1.5438683032989502
40,t2_b0,30,5,125,52,1.2298717498779297
40,t2_b0,31,5,132,48,31.6739444732666
40,t2_b0,34,5,136,64,3.241152286529541
40,t2_b0,35,5,145,68,37.48661422729492
40,t2_b0,37,5,145,52,1.1218912601470947
40,t2_b0,38,5,145,68,34.477134704589844
40,t2_b0,40,5,140,64,2.7786366939544678
40,t2_b0,41,5,150,72,1.2480403184890747
40,t2_b0,42,5,134,32,4.912195682525635
40,t2_b0,43,5,125,52,24.23814582824707
40,t2_b0,44,5,150,72,1.9772677421569824
40,t2_b0,46,5,141,68,3.936896800994873
40,t2_b0,48,5,140,64,2.7496519088745117
40,t2_b0,49,5,150,72,0.9573154449462891
40,t2_b0,51,5,130,56,0.8195236325263977
40,t2_b0,52,5,150,72,0.462331622838974
40,t2_b0,53,5,135,40,39.53091049194336
40,t2_b0,54,5,150,72,3.37235689163208
40,t2_b0,55,45,170,56,1.7796711921691895
40,t2_b0,56,5,145,40,40.77968978881836
40,t2_b0,57,5,145,68,2.47353458404541
40,t2_b0,58,5,140,32,23.097591400146484
40,t2_b0,59,5,150,72,2.363269805908203
41,t2_b0,0,5,120,36,0.7528536319732666
41,t2_b0,1,5,125,52,0.6805716156959534
41,t2_b0,2,5,125,40,1.4453270435333252
41,t2_b0,4,5,130,56,0.8994105458259583
41,t2_b0,5,5,150,72,2.691988945007324
41,t2_b0,6,45,195,76,1.918534517288208
41,t2_b0,8,2,124,52,4.645547866821289
41,t2_b0,9,5,143,72,3.4252731800079346
41,t2_b0,10,5,137,64,2.3757920265197754
41,t2_b0,14,5,155,76,1.4809112548828125
41,t2_b0,16,5,140,32,2.1182100772857666
41,t2_b0,17,5,145,56,21.76341438293457
41,t2_b0,18,5,135,60,1.9165582656860352
41,t2_b0,20,5,150,76,2.5843353271484375
41,t2_b0,21,5,126,56,81.29772186279297
41,t2_b0,23,5,155,76,0.7960817813873291
41,t2_b0,24,5,150,64,2.5853219032287598
41,t2_b0,25,5,155,76,1.9786527156829834
41,t2_b0,28,5,155,76,2.2218024730682373
41,t2_b0,29,5,125,52,18.09664535522461
41,t2_b0,30,5,130,56,0.7842919826507568
41,t2_b0,31,5,137,52,1.4349582195281982
41,t2_b0,32,5,150,40,0.9518817663192749
41,t2_b0,33,1,131,60,2.5832438468933105
41,t2_b0,34,5,141,68,40.71251678466797
41,t2_b0,35,5,150,72,37.51824188232422
41,t2_b0,37,5,150,56,45.56708908081055
41,t2_b0,38,5,150,72,0.5457035899162292
41,t2_b0,40,5,145,68,4.251214027404785
41,t2_b0,41,5,155,76,1.7699997425079346
41,t2_b0,42,5,139,36,3.4602088928222656
41,t2_b0,43,5,130,56,24.809654235839844
41,t2_b0,44,5,155,76,1.441540241241455
41,t2_b0,45,3,133,60,2.483408212661743
41,t2_b0,46,40,181,72,2.7776756286621094
41,t2_b0,48,5,145,68,2.8836777210235596
41,t2_b0,49,5,155,76,1.4973645210266113
41,t2_b0,51,5,135,60,1.1895263195037842
41,t2_b0,52,5,155,76,0.6360068321228027
41,t2_b0,53,5,140,44,39.77721405029297
41,t2_b0,54,5,155,76,3.0757319927215576
41,t2_b0,56,5,150,44,41.66395950317383
41,t2_b0,57,5,150,72,2.6654679775238037
41,t2_b0,58,5,145,36,22.29981803894043
41,t2_b0,59,5,155,76,1.1688519716262817
42,t2_b0,0,5,125,40,0.9224541783332825
42,t2_b0,1,5,130,56,1.2970000505447388
42,t2_b0,2,5,130,44,1.2771016359329224
42,t2_b0,4,5,135,60,0.46141302585601807
42,t2_b0,5,5,155,76,2.0637435913085938
42,t2_b0,7,5,152,40,3.158446788787842
42,t2_b0,8,5,129,56,4.756083965301514
42,t2_b0,9,5,148,76,24.684803009033203
42,t2_b0,10,5,142,68,2.2943830490112305
42,t2_b0,14,5,160,80,1.3677897453308105
42,t2_b0,16,5,145,36,2.5120248794555664
42,t2_b0,17,5,150,60,1.3252651691436768
42,t2_b0,18,5,140,64,1.9583998918533325
42,t2_b0,20,5,155,80,3.047062397003174
42,t2_b0,21,5,131,60,31.43696403503418
42,t2_b0,23,5,160,80,0.855963408946991
42,t2_b0,24,5,155,68,1.4861407279968262
42,t2_b0,25,5,160,80,2.0457651615142822
42,t2_b0,28,5,160,80,2.5839810371398926
42,t2_b0,29,5,130,56,1.7677152156829834
42,t2_b0,30,5,135,60,1.0370908975601196
42,t2_b0,31,5,142,56,40.16102600097656
42,t2_b0,32,5,155,44,1.1196480989456177
42,t2_b0,33,5,136,64,3.3215575218200684
42,t2_b0,34,5,146,72,3.3614370822906494
42,t2_b0,35,5,155,76,0.7678887844085693
42,t2_b0,36,5,155,44,2.972651958465576
42,t2_b0,37,5,155,60,2.3622055053710938
42,t2_b0,38,45,195,76,0.8752400875091553
42,t2_b0,40,5,150,72,2.9850006103515625
42,t2_b0,41,5,160,80,0.9127123355865479
42,t2_b0,42,5,144,40,25.323659896850586
42,t2_b0,43,5,135,60,1.1249172687530518
42,t2_b0,44,5,160,80,2.3745791912078857
42,t2_b0,45,5,138,64,2.293736457824707
42,t2_b0,48,5,150,72,2.5804030895233154
42,t2_b0,49,5,160,80,1.1759395599365234
42,t2_b0,51,5,140,64,1.136948823928833
42,t2_b0,52,5,160,80,1.3771858215332031
42,t2_b0,53,5,145,48,39.70201110839844
42,t2_b0,54,5,160,80,2.4752469062805176
42,t2_b0,56,5,155,48,4.816428184509277
42,t2_b0,57,5,155,76,3.331522226333618
42,t2_b0,58,5,150,40,22.006946563720703
42,t2_b0,59,45,200,80,2.2317955493927
43,t2_b0,0,5,130,44,20.69989585876465
43,t2_b0,1,5,135,60,17.40878677368164
43,t2_b0,2,5,135,48,1.4237711429595947
43,t2_b0,4,5,140,64,0.6346559524536133
43,t2_b0,5,5,160,80,22.459104537963867
43,t2_b0,8,5,134,60,42.06657791137695
43,t2_b0,9,2,150,80,24.06332778930664
43,t2_b0,10,5,147,72,1.7663695812225342
43,t2_b0,14,5,165,84,1.1044583320617676
43,t2_b0,15,5,160,48,24.115428924560547
43,t2_b0,16,5,150,40,1.6362452507019043
43,t2_b0,17,5,155,64,1.3393112421035767
43,t2_b0,18,5,145,68,1.36305832862854
43,t2_b0,19,5,140,36,9.230916023254395
43,t2_b0,23,45,205,84,0.6302847266197205
43,t2_b0,24,5,160,72,44.684207916259766
43,t2_b0,25,5,165,84,2.1041693687438965
43,t2_b0,28,5,165,84,1.9425159692764282
43,t2_b0,29,5,135,60,1.894316554069519
43,t2_b0,30,5,140,64,0.5667330622673035
43,t2_b0,32,5,160,48,36.61470031738281
43,t2_b0,34,5,151,76,40.50442886352539
43,t2_b0,35,5,160,80,1.2699569463729858
43,t2_b0,36,5,160,48,2.978135108947754
43,t2_b0,37,5,160,64,1.8791887760162354
43,t2_b0,40,1,151,76,3.5986549854278564
43,t2_b0,41,5,165,84,1.2395730018615723
43,t2_b0,42,5,149,44,3.8382186889648438
43,t2_b0,43,5,140,64,24.975955963134766
43,t2_b0,44,5,165,84,1.7314940690994263
43,t2_b0,45,1,139,68,2.0834801197052
43,t2_b0,48,1,151,76,3.175157070159912
43,t2_b0,49,5,165,84,1.8666269779205322
43,t2_b0,50,5,160,48,1.2985265254974365
43,t2_b0,51,5,145,68,1.31077241897583
43,t2_b0,52,5,165,84,0.9809467196464539
43,t2_b0,53,5,150,52,40.01248550415039
43,t2_b0,54,5,165,84,1.6865731477737427
43,t2_b0,56,5,160,52,40.8635139465332
43,t2_b0,57,5,160,80,2.291477680206299
43,t2_b0,58,5,155,44,2.852909564971924
44,t2_b0,0,5,135,48,0.9172245860099792
44,t2_b0,1,45,180,64,17.320592880249023
44,t2_b0,2,5,140,52,1.5476957559585571
44,t2_b0,4,5,145,68,0.983390748500824
44,t2_b0,5,5,165,84,22.888484954833984
44,t2_b0,7,3,155,44,2.698544979095459
44,t2_b0,8,5,139,64,42.12028884887695
44,t2_b0,9,5,155,84,23.952665328979492
44,t2_b0,10,45,192,76,2.2079391479492188
44,t2_b0,11,5,161,52,21.56886863708496
44,t2_b0,13,5,160,48,1.4997286796569824
44,t2_b0,14,5,170,88,1.09309983253479
44,t2_b0,15,5,165,52,23.4653377532959
44,t2_b0,16,5,155,44,2.0879130363464355
44,t2_b0,17,5,160,68,1.2327871322631836
44,t2_b0,18,5,150,72,1.6757656335830688
44,t2_b0,19,5,145,40,1.7233327627182007
44,t2_b0,20,2,157,84,2.493753671646118
44,t2_b0,21,5,136,64,81.33143615722656
44,t2_b0,24,5,165,76,3.3113853931427
44,t2_b0,25,5,170,88,1.4098830223083496
44,t2_b0,28,5,170,88,2.2180979251861572
44,t2_b0,29,5,140,64,17.993173599243164
44,t2_b0,30,5,145,68,1.2186460494995117
44,t2_b0,31,45,187,60,71.92790222167969
44,t2_b0,32,5,165,52,1.1239447593688965
44,t2_b0,33,2,138,68,3.5484724044799805
44,t2_b0,34,5,156,80,41.09685516357422
44,t2_b0,35,5,165,84,1.9405457973480225
44,t2_b0,36,5,165,52,15.530474662780762
44,t2_b0,37,5,165,68,1.3928046226501465
44,t2_b0,40,5,156,80,2.90590500831604
44,t2_b0,41,5,170,88,1.68610680103302
44,t2_b0,42,5,154,48,26.8061466217041
44,t2_b0,43,5,145,68,0.6913522481918335
44,t2_b0,44,5,170,88,2.0356433391571045
44,t2_b0,45,5,144,72,2.164748191833496
44,t2_b0,48,5,156,80,2.720620632171631
44,t2_b0,49,5,170,88,1.1613705158233643
44,t2_b0,50,5,165,52,1.0732070207595825
44,t2_b0,51,5,150,72,1.062766432762146
44,t2_b0,52,5,170,88,0.7816428542137146
44,t2_b0,53,5,155,56,39.97152328491211
44,t2_b0,54,5,170,88,1.94249427318573
44,t2_b0,56,5,165,56,3.1749184131622314
44,t2_b0,57,5,165,84,1.5078096389770508
44,t2_b0,58,5,160,48,22.620548248291016
45,t2_b0,0,5,140,52,1.069161057472229
45,t2_b0,2,5,145,56,38.16176223754883
45,t2_b0,4,5,150,72,0.5281736254692078
45,t2_b0,5,5,170,88,3.5149879455566406
45,t2_b0,7,5,160,48,4.524815082550049
45,t2_b0,8,5,144,68,3.9349300861358643
45,t2_b0,9,5,160,88,24.287782669067383
45,t2_b0,11,5,166,56,19.50355339050293
45,t2_b0,12,5,152,56,3.244441270828247
45,t2_b0,13,5,165,52,1.2045583724975586
45,t2_b0,14,5,175,92,0.7891989946365356
45,t2_b0,15,5,170,56,3.001479148864746
45,t2_b0,16,45,200,48,2.2780497074127197
45,t2_b0,17,5,165,72,22.180591583251953
45,t2_b0,18,5,155,76,1.4813339710235596
45,t2_b0,19,5,150,44,8.906447410583496
45,t2_b0,20,5,162,88,3.4690403938293457
45,t2_b0,21,5,141,68,31.151325225830078
45,t2_b0,24,5,170,80,3.513270854949951
45,t2_b0,25,5,175,92,0.660766065120697
45,t2_b0,26,5,170,56,0.9023770093917847
45,t2_b0,28,5,175,92,2.4151182174682617
45,t2_b0,29,5,145,68,2.1138851642608643
45,t2_b0,30,5,150,72,1.021019458770752
45,t2_b0,32,5,170,56,0.8673999309539795
45,t2_b0,33,5,143,72,3.2542600631713867
45,t2_b0,34,45,201,84,3.9367828369140625
45,t2_b0,35,5,170,88,1.5548179149627686
45,t2_b0,36,5,170,56,1.869905948638916
45,t2_b0,37,5,170,72,46.36678695678711
45,t2_b0,40,5,161,84,3.47546124458313
45,t2_b0,41,5,175,92,1.340205192565918
45,t2_b0,42,5,159,52,3.358704090118408
45,t2_b0,43,5,150,72,1.2544994354248047
45,t2_b0,44,5,175,92,2.0384299755096436
45,t2_b0,45,5,149,76,2.0300912857055664
45,t2_b0,48,5,161,84,2.7014176845550537
45,t2_b0,49,5,175,92,2.2956767082214355
45,t2_b0,50,5,170,56,33.903255462646484
45,t2_b0,51,5,155,76,0.9364102482795715
45,t2_b0,52,5,175,92,1.5601342916488647
45,t2_b0,53,5,160,60,1.013586163520813
45,t2_b0,54,5,175,92,2.78873610496521
45,t2_b0,56,5,170,60,5.32573938369751
45,t2_b0,57,5,170,88,31.758474349975586
45,t2_b0,58,5,165,52,21.17302131652832
46,t2_b0,0,5,145,56,1.3144760131835938
46,t2_b0,2,5,150,60,2.136268138885498
46,t2_b0,4,45,195,76,0.37756839394569397
46,t2_b0,5,5,175,92,4.3046441078186035
46,t2_b0,7,5,165,52,2.707019805908203
46,t2_b0,8,5,149,72,5.280464172363281
46,t2_b0,9,5,165,92,23.64044761657715
46,t2_b0,11,5,171,60,18.520557403564453
46,t2_b0,12,5,157,60,2.022115468978882
46,t2_b0,13,5,170,56,1.3691562414169312
46,t2_b0,14,5,180,96,1.4592220783233643
46,t2_b0,15,5,175,60,2.527207374572754
46,t2_b0,17,5,170,76,1.3089940547943115
46,t2_b0,18,45,200,80,1.3746086359024048
46,t2_b0,19,5,155,48,2.0953168869018555
46,t2_b0,20,5,167,92,2.8624706268310547
46,t2_b0,21,5,146,72,31.38604736328125
46,t2_b0,22,5,150,24,12.94564151763916
46,t2_b0,24,5,175,84,2.3696417808532715
46,t2_b0,25,5,180,96,0.9162532091140747
46,t2_b0,26,5,175,60,26.389240264892578
46,t2_b0,28,45,220,96,2.2063772678375244
46,t2_b0,29,5,150,72,18.739601135253906
46,t2_b0,30,5,155,76,1.4194810390472412
46,t2_b0,32,5,175,60,1.6099275350570679
46,t2_b0,33,5,148,76,4.269752502441406
46,t2_b0,35,5,175,92,2.9250638484954834
46,t2_b0,36,5,175,60,2.100484609603882
46,t2_b0,37,5,175,76,1.4401524066925049
46,t2_b0,40,5,166,88,3.5063414573669434
46,t2_b0,41,5,180,96,1.8810981512069702
46,t2_b0,42,5,164,56,3.646705389022827
46,t2_b0,43,5,155,76,0.6064274311065674
46,t2_b0,44,5,180,96,1.4030864238739014
46,t2_b0,45,5,154,80,2.2737374305725098
46,t2_b0,48,5,166,88,2.634021520614624
46,t2_b0,49,5,180,96,2.2209842205047607
46,t2_b0,50,45,215,60,6.406585216522217
46,t2_b0,51,5,160,80,1.0753746032714844
46,t2_b0,52,5,180,96,1.8366234302520752
46,t2_b0,53,5,165,64,39.64737319946289
46,t2_b0,54,5,180,96,1.9191198348999023
46,t2_b0,56,5,175,64,43.49174499511719
46,t2_b0,57,5,175,92,30.146282196044922
46,t2_b0,58,5,170,56,22.623363494873047
47,t2_b0,0,5,150,60,20.58143424987793
47,t2_b0,2,5,155,64,3.3239097595214844
47,t2_b0,3,5,165,52,36.00880432128906
47,t2_b0,5,5,180,96,4.78101921081543
47,t2_b0,7,5,170,56,4.2074480056762695
47,t2_b0,8,5,154,76,41.45209884643555
47,t2_b0,9,45,210,96,6.065673828125
47,t2_b0,11,5,176,64,4.530703067779541
47,t2_b0,12,5,162,64,4.831944942474365
47,t2_b0,13,5,175,60,0.8088575601577759
47,t2_b0,14,45,225,100,0.8993034362792969
47,t2_b0,15,5,180,64,2.8855080604553223
47,t2_b0,17,5,175,80,22.16914176940918
47,t2_b0,19,5,160,52,2.709019184112549
47,t2_b0,20,5,172,96,3.129289150238037
47,t2_b0,21,5,151,76,1.4367589950561523
47,t2_b0,22,5,155,28,1.1727228164672852
47,t2_b0,24,5,180,88,1.850743293762207
47,t2_b0,25,5,185,100,1.4939332008361816
47,t2_b0,26,5,180,64,26.26003646850586
47,t2_b0,29,45,195,76,18.30587387084961
47,t2_b0,30,5,160,80,1.3604639768600464
47,t2_b0,32,5,180,64,36.763702392578125
47,t2_b0,33,5,153,80,2.19221830368042
47,t2_b0,35,5,180,96,3.247016429901123
47,t2_b0,36,5,180,64,3.0567564964294434
47,t2_b0,37,5,180,80,1.90982985496521
47,t2_b0,40,5,171,92,3.587188720703125
47,t2_b0,41,5,185,100,1.5664950609207153
47,t2_b0,42,5,169,60,3.630964994430542
47,t2_b0,43,5,160,80,24.2412166595459
47,t2_b0,44,5,185,100,2.380898952484131
47,t2_b0,45,5,159,84,1.826423168182373
47,t2_b0,48,5,171,92,3.205400228500366
47,t2_b0,49,5,185,100,1.37623929977417
47,t2_b0,51,5,165,84,1.2063335180282593
47,t2_b0,52,5,185,100,4.704751968383789
47,t2_b0,53,5,170,68,0.6587149500846863
47,t2_b0,54,5,185,100,4.8856329917907715
47,t2_b0,56,5,180,68,41.479339599609375
47,t2_b0,57,5,180,96,2.0542211532592773
47,t2_b0,58,5,175,60,22.20244598388672
48,t2_b0,0,5,155,64,20.362150192260742
48,t2_b0,2,5,160,68,1.0241899490356445
48,t2_b0,3,5,170,56,3.077333927154541
48,t2_b0,5,5,185,100,22.588733673095703
48,t2_b0,7,5,175,60,43.24553298950195
48,t2_b0,8,5,159,80,41.47179412841797
48,t2_b0,11,5,181,68,19.069866180419922
48,t2_b0,12,5,167,68,5.560401916503906
48,t2_b0,13,5,180,64,36.62791061401367
48,t2_b0,15,5,185,68,24.289203643798828
48,t2_b0,17,5,180,84,0.9747618436813354
48,t2_b0,19,5,165,56,2.778150796890259
48,t2_b0,20,45,217,100,3.0620040893554688
48,t2_b0,21,5,156,80,50.860511779785156
48,t2_b0,22,5,160,32,1.2671443223953247
48,t2_b0,24,5,185,92,44.413063049316406
48,t2_b0,25,5,190,104,0.7921591401100159
48,t2_b0,26,5,185,68,1.1168484687805176
48,t2_b0,27,5,180,64,33.94952392578125
48,t2_b0,30,5,165,84,0.9698584675788879
48,t2_b0,32,5,185,68,36.71758270263672
48,t2_b0,33,5,158,84,2.834531307220459
48,t2_b0,35,5,185,100,37.658267974853516
48,t2_b0,36,5,185,68,2.015608787536621
48,t2_b0,37,5,185,84,45.61856460571289
48,t2_b0,40,5,176,96,2.3842506408691406
48,t2_b0,41,5,190,104,1.6386200189590454
48,t2_b0,42,5,174,64,4.367037296295166
48,t2_b0,43,5,165,84,24.49244499206543
48,t2_b0,44,5,190,104,2.3777694702148438
48,t2_b0,45,5,164,88,1.427886962890625
48,t2_b0,47,5,185,68,1.2358399629592896
48,t2_b0,48,5,176,96,2.6520166397094727
48,t2_b0,49,5,190,104,2.398268461227417
48,t2_b0,51,5,170,88,0.7195245623588562
48,t2_b0,52,5,190,104,3.4385547637939453
48,t2_b0,53,5,175,72,40.10118865966797
48,t2_b0,54,5,190,104,2.749361276626587
48,t2_b0,56,5,185,72,5.817285060882568
48,t2_b0,57,5,185,100,31.237056732177734
48,t2_b0,58,5,180,64,2.367534637451172
49,t2_b0,0,5,160,68,0.8182343244552612
49,t2_b0,2,5,165,72,37.997642517089844
49,t2_b0,3,5,175,60,1.0248675346374512
49,t2_b0,5,5,190,104,2.392742156982422
49,t2_b0,7,5,180,64,3.885002374649048
49,t2_b0,8,5,164,84,42.95473861694336
49,t2_b0,11,5,186,72,4.2615580558776855
49,t2_b0,12,5,172,72,42.24972915649414
49,t2_b0,13,5,185,68,0.978357195854187
49,t2_b0,15,5,190,72,2.8602447509765625
49,t2_b0,17,5,185,88,1.2467857599258423
49,t2_b0,19,5,170,60,10.297343254089355
49,t2_b0,21,5,161,84,0.978169322013855
49,t2_b0,22,5,165,36,1.0922367572784424
49,t2_b0,24,5,190,96,1.930601954460144
49,t2_b0,25,5,195,108,0.9123676419258118
49,t2_b0,26,5,190,72,1.6836681365966797
49,t2_b0,27,5,185,68,0.4843563139438629
49,t2_b0,30,5,170,88,1.0446637868881226
49,t2_b0,32,5,190,72,37.35012435913086
49,t2_b0,33,5,163,88,2.5933101177215576
49,t2_b0,35,5,190,104,3.1715188026428223
49,t2_b0,36,5,190,72,2.928044080734253
49,t2_b0,37,5,190,88,1.199882984161377
49,t2_b0,39,5,185,68,1.5812479257583618
49,t2_b0,40,5,181,100,3.0888147354125977
49,t2_b0,41,5,195,108,1.6699440479278564
49,t2_b0,42,5,179,68,3.5172507762908936
49,t2_b0,43,5,170,88,0.7431215047836304
49,t2_b0,44,5,195,108,3.553943157196045
49,t2_b0,45,5,169,92,2.031705617904663
49,t2_b0,47,5,190,72,0.802668571472168
49,t2_b0,48,5,181,100,2.659708261489868
49,t2_b0,49,5,195,108,2.2892005443573
49,t2_b0,51,5,175,92,0.9973963499069214
49,t2_b0,52,5,195,108,3.0901050567626953
49,t2_b0,53,5,180,76,0.9943151473999023
49,t2_b0,54,5,195,108,4.539343357086182
49,t2_b0,56,5,190,76,3.728738784790039
49,t2_b0,57,5,190,104,1.2393436431884766
49,t2_b0,58,5,185,68,2.744213342666626
50,t2_b0,0,5,165,72,0.8528422117233276
50,t2_b0,2,5,170,76,38.941307067871094
50,t2_b0,3,5,180,64,1.2098029851913452
50,t2_b0,5,5,195,108,3.0620510578155518
50,t2_b0,7,5,185,68,4.244565010070801
50,t2_b0,8,5,169,88,40.82223129272461
50,t2_b0,11,5,191,76,5.028515815734863
50,t2_b0,12,5,177,76,40.23208236694336
50,t2_b0,13,5,190,72,0.9923406839370728
50,t2_b0,15,5,195,76,1.9004473686218262
50,t2_b0,17,5,190,92,22.306976318359375
50,t2_b0,19,5,175,64,9.283331871032715
50,t2_b0,21,5,166,88,51.23279571533203
50,t2_b0,22,5,170,40,1.228413701057434
50,t2_b0,24,5,195,100,2.651556968688965
50,t2_b0,25,5,200,112,0.9616531133651733
50,t2_b0,26,5,195,76,27.0848445892334
50,t2_b0,27,5,190,72,0.6285871267318726
50,t2_b0,30,5,175,92,0.6572074294090271
50,t2_b0,32,5,195,76,36.56378936767578
50,t2_b0,33,5,168,92,3.1137545108795166
50,t2_b0,35,5,195,108,0.8498061895370483
50,t2_b0,36,5,195,76,2.0818920135498047
50,t2_b0,37,5,195,92,1.8024789094924927
50,t2_b0,39,5,190,72,29.32796287536621
50,t2_b0,40,5,186,104,3.450272798538208
50,t2_b0,41,5,200,112,2.0189340114593506
50,t2_b0,42,5,184,72,3.6566834449768066
50,t2_b0,43,5,175,92,1.007927417755127
50,t2_b0,44,5,200,112,1.7401180267333984
50,t2_b0,45,5,174,96,2.3879101276397705
50,t2_b0,47,5,195,76,2.0592362880706787
50,t2_b0,48,5,186,104,2.5994510650634766
50,t2_b0,49,5,200,112,2.4720795154571533
50,t2_b0,51,5,180,96,1.1196526288986206
50,t2_b0,52,5,200,112,3.6508421897888184
50,t2_b0,53,5,185,80,40.18511962890625
50,t2_b0,54,5,200,112,2.937448501586914
50,t2_b0,55,5,175,60,39.80277633666992
50,t2_b0,56,5,195,80,2.182614326477051
50,t2_b0,57,5,195,108,1.4622451066970825
50,t2_b0,58,5,190,72,22.3494815826416
51,t2_b0,0,5,170,76,0.5310925841331482
51,t2_b0,2,5,175,80,38.237876892089844
51,t2_b0,3,5,185,68,37.051815032958984
51,t2_b0,5,5,200,112,25.721010208129883
51,t2_b0,6,5,200,80,14.43005084991455
51,t2_b0,7,5,190,72,4.893333435058594
51,t2_b0,8,5,174,92,1.8926990032196045
51,t2_b0,11,5,196,80,3.3114306926727295
51,t2_b0,12,5,182,80,40.98617172241211
51,t2_b0,13,5,195,76,36.561744689941406
51,t2_b0,15,5,200,80,23.167089462280273
51,t2_b0,17,5,195,96,1.1635494232177734
51,t2_b0,19,5,180,68,1.774715542793274
51,t2_b0,21,5,171,92,31.697057723999023
51,t2_b0,22,5,175,44,1.411602258682251
51,t2_b0,24,5,200,104,2.616425037384033
51,t2_b0,25,5,205,116,1.4830894470214844
51,t2_b0,26,5,200,80,2.474813938140869
51,t2_b0,27,5,195,76,33.97233200073242
51,t2_b0,30,5,180,96,0.8168987035751343
51,t2_b0,32,5,200,80,36.445560455322266
51,t2_b0,33,5,173,96,2.886059284210205
51,t2_b0,35,5,200,112,2.6937947273254395
51,t2_b0,36,5,200,80,3.0731935501098633
51,t2_b0,37,5,200,96,1.5599470138549805
51,t2_b0,39,5,195,76,22.408084869384766
51,t2_b0,40,5,191,108,3.56423282623291
51,t2_b0,41,5,205,116,1.9959585666656494
51,t2_b0,42,5,189,76,3.569911241531372
51,t2_b0,43,5,180,96,0.7459002137184143
51,t2_b0,44,5,205,116,5.23436975479126
51,t2_b0,45,5,179,100,1.1726975440979004
51,t2_b0,46,5,186,76,1.538554310798645
51,t2_b0,47,5,200,80,41.69078063964844
51,t2_b0,48,5,191,108,2.6514503955841064
51,t2_b0,49,5,205,116,3.170903205871582
51,t2_b0,51,5,185,100,1.0440001487731934
51,t2_b0,52,5,205,116,6.706514358520508
51,t2_b0,53,5,190,84,0.947155237197876
51,t2_b0,54,5,205,116,4.4284234046936035
51,t2_b0,55,5,180,64,2.7398314476013184
51,t2_b0,56,5,200,84,2.1913976669311523
51,t2_b0,57,5,200,112,1.659948468208313
51,t2_b0,58,5,195,76,2.5810811519622803
52,t2_b0,0,5,175,80,0.6451851725578308
52,t2_b0,2,5,180,84,37.90359878540039
52,t2_b0,3,5,190,72,37.60680389404297
52,t2_b0,5,5,205,116,3.247086763381958
52,t2_b0,6,5,205,84,3.6904239654541016
52,t2_b0,7,5,195,76,3.204239845275879
52,t2_b0,8,5,179,96,2.3720662593841553
52,t2_b0,11,5,201,84,19.765518188476562
52,t2_b0,12,5,187,84,6.084987163543701
52,t2_b0,13,5,200,80,36.76945114135742
52,t2_b0,15,5,205,84,3.0641188621520996
52,t2_b0,17,5,200,100,1.0547981262207031
52,t2_b0,19,5,185,72,9.283344268798828
52,t2_b0,21,5,176,96,1.224871277809143
52,t2_b0,22,5,180,48,1.749996542930603
52,t2_b0,24,5,205,108,1.9024754762649536
52,t2_b0,25,5,210,120,1.0164669752120972
52,t2_b0,26,5,205,84,2.46327805519104
52,t2_b0,27,5,200,80,0.630038321018219
52,t2_b0,30,5,185,100,0.9175384044647217
52,t2_b0,32,5,205,84,36.60172653198242
52,t2_b0,33,5,178,100,2.911301374435425
52,t2_b0,35,5,205,116,36.99641418457031
52,t2_b0,36,5,205,84,2.995440721511841
52,t2_b0,37,5,205,100,45.99554443359375
52,t2_b0,38,5,200,80,0.1784438192844391
52,t2_b0,39,5,200,80,50.10361862182617
52,t2_b0,40,5,196,112,3.5019829273223877
52,t2_b0,41,5,210,120,1.6771538257598877
52,t2_b0,42,5,194,80,3.006300449371338
52,t2_b0,43,45,225,100,0.7830071449279785
52,t2_b0,44,5,210,120,2.234163522720337
52,t2_b0,45,5,184,104,2.260836124420166
52,t2_b0,46,5,191,80,3.2051236629486084
52,t2_b0,47,5,205,84,1.1688902378082275
52,t2_b0,48,5,196,112,2.278846025466919
52,t2_b0,49,5,210,120,4.251406669616699
52,t2_b0,51,5,190,104,0.7754014730453491
52,t2_b0,52,5,210,120,3.4004857540130615
52,t2_b0,53,5,195,88,1.0780062675476074
52,t2_b0,54,5,210,120,3.451324462890625
52,t2_b0,55,5,185,68,38.851905822753906
52,t2_b0,56,5,205,88,1.8383941650390625
52,t2_b0,57,5,205,116,2.331695556640625
52,t2_b0,58,5,200,80,41.1023063659668
52,t2_b0,59,5,205,84,20.213851928710938
53,t2_b0,0,5,180,84,0.8620067238807678
53,t2_b0,2,5,185,88,2.139025926589966
53,t2_b0,3,5,195,76,2.491079330444336
53,t2_b0,5,5,210,120,26.608318328857422
53,t2_b0,6,5,210,88,4.140354633331299
53,t2_b0,7,5,200,80,2.649085283279419
53,t2_b0,8,5,184,100,3.759564161300659
53,t2_b0,11,5,206,88,4.813410758972168
53,t2_b0,12,5,192,88,2.041064500808716
53,t2_b0,13,5,205,84,37.09294128417969
53,t2_b0,15,5,210,88,22.639188766479492
53,t2_b0,17,45,245,104,1.693145513534546
53,t2_b0,19,5,190,76,1.7442493438720703
53,t2_b0,21,5,181,100,52.54061508178711
53,t2_b0,22,5,185,52,2.176016092300415
53,t2_b0,23,5,210,88,1.0705221891403198
53,t2_b0,24,5,210,112,1.4833195209503174
53,t2_b0,25,5,215,124,1.3632558584213257
53,t2_b0,26,5,210,88,1.6275402307510376
53,t2_b0,27,5,205,84,0.3910966217517853
53,t2_b0,30,5,190,104,0.32086583971977234
53,t2_b0,32,5,210,88,1.0455877780914307
53,t2_b0,33,5,183,104,2.6787109375
53,t2_b0,35,5,210,120,38.40083312988281
53,t2_b0,36,5,210,88,15.79511833190918
53,t2_b0,37,5,210,104,1.4150551557540894
53,t2_b0,38,5,205,84,0.6751782894134521
53,t2_b0,39,5,205,84,2.345128297805786
53,t2_b0,40,5,201,116,3.882462978363037
53,t2_b0,41,5,215,124,1.7580941915512085
53,t2_b0,42,5,199,84,25.636920928955078
53,t2_b0,44,5,215,124,4.088923454284668
53,t2_b0,45,5,189,108,2.402996063232422
53,t2_b0,46,5,196,84,3.7462737560272217
53,t2_b0,47,5,210,88,41.38178634643555
53,t2_b0,48,5,201,116,2.392660617828369
53,t2_b0,49,5,215,124,5.052280902862549
53,t2_b0,51,5,195,108,0.920098066329956
53,t2_b0,52,5,215,124,4.418739318847656
53,t2_b0,53,5,200,92,0.9512877464294434
53,t2_b0,54,5,215,124,3.6338930130004883
53,t2_b0,55,5,190,72,38.814693450927734
53,t2_b0,56,5,210,92,5.854477882385254
53,t2_b0,57,5,210,120,30.64886474609375
53,t2_b0,58,5,205,84,3.2354142665863037
53,t2_b0,59,5,210,88,1.3525803089141846
54,t2_b0,0,5,185,88,20.597562789916992
54,t2_b0,1,5,185,68,1.2554423809051514
54,t2_b0,2,5,190,92,1.4613730907440186
54,t2_b0,3,5,200,80,1.8625677824020386
54,t2_b0,5,5,215,124,4.274574279785156
54,t2_b0,6,5,215,92,3.7456493377685547
54,t2_b0,7,5,205,84,43.922664642333984
54,t2_b0,8,5,189,104,1.170284390449524
54,t2_b0,10,5,197,80,1.940739393234253
54,t2_b0,11,5,211,92,4.387194633483887
54,t2_b0,12,5,197,92,5.075753211975098
54,t2_b0,13,5,210,88,1.9382569789886475
54,t2_b0,15,5,215,92,1.8129420280456543
54,t2_b0,19,5,195,80,3.2068612575531006
54,t2_b0,21,5,186,104,1.9650530815124512
54,t2_b0,22,5,190,56,1.9266084432601929
54,t2_b0,23,5,215,92,17.17806625366211
54,t2_b0,24,5,215,116,4.220926284790039
54,t2_b0,25,45,260,128,1.9917378425598145
54,t2_b0,26,5,215,92,0.8592217564582825
54,t2_b0,27,5,210,88,33.91767120361328
54,t2_b0,30,5,195,108,0.9383845925331116
54,t2_b0,31,5,192,64,32.30542755126953
54,t2_b0,32,5,215,92,1.4952151775360107
54,t2_b0,33,5,188,108,2.2617557048797607
54,t2_b0,35,5,215,124,39.390716552734375
54,t2_b0,36,5,215,92,2.5132150650024414
54,t2_b0,37,5,215,108,1.2740474939346313
54,t2_b0,38,5,210,88,0.6342777609825134
54,t2_b0,39,5,210,88,29.04775047302246
54,t2_b0,40,5,206,120,4.200876712799072
54,t2_b0,41,5,220,128,1.7525379657745361
54,t2_b0,42,5,204,88,4.121421813964844
54,t2_b0,44,5,220,128,3.5810387134552
54,t2_b0,45,5,194,112,2.4786953926086426
54,t2_b0,46,5,201,88,36.62307357788086
54,t2_b0,47,5,215,92,40.791500091552734
54,t2_b0,48,5,206,120,3.1123523712158203
54,t2_b0,49,5,220,128,5.093335151672363
54,t2_b0,51,5,200,112,0.753354012966156
54,t2_b0,52,5,220,128,3.9537220001220703
54,t2_b0,53,5,205,96,40.19279479980469
54,t2_b0,54,5,220,128,3.46128511428833
54,t2_b0,55,5,195,76,1.5373634099960327
54,t2_b0,56,5,215,96,2.953768491744995
54,t2_b0,57,5,215,124,1.7647396326065063
54,t2_b0,58,5,210,88,3.198897361755371
54,t2_b0,59,5,215,92,2.0728509426116943
55,t2_b0,0,5,190,92,1.0200825929641724
55,t2_b0,1,5,190,72,1.6355311870574951
55,t2_b0,2,5,195,96,38.61561965942383
55,t2_b0,3,5,205,84,1.7800610065460205
55,t2_b0,5,5,220,128,3.871659994125366
55,t2_b0,6,5,220,96,4.377129077911377
55,t2_b0,7,5,210,88,4.588417053222656
55,t2_b0,8,5,194,108,4.840593338012695
55,t2_b0,10,5,202,84,40.164710998535156
55,t2_b0,11,5,216,96,4.170504570007324
55,t2_b0,12,5,202,96,2.694639205932617
55,t2_b0,13,5,215,92,37.469261169433594
55,t2_b0,15,5,220,96,2.218488931655884
55,t2_b0,16,5,205,52,2.460353374481201
55,t2_b0,19,5,200,84,3.6847541332244873
55,t2_b0,21,5,191,108,1.2487491369247437
55,t2_b0,22,5,195,60,13.351211547851562
55,t2_b0,23,5,220,96,17.438430786132812
55,t2_b0,24,5,220,120,2.7122344970703125
55,t2_b0,26,5,220,96,29.888439178466797
55,t2_b0,27,5,215,92,33.77484130859375
55,t2_b0,30,5,200,112,1.143733024597168
55,t2_b0,31,5,197,68,32.00379180908203
55,t2_b0,32,5,220,96,0.8111473321914673
55,t2_b0,33,5,193,112,3.051818370819092
55,t2_b0,34,5,206,88,27.1962947845459
55,t2_b0,35,5,220,128,2.3276941776275635
55,t2_b0,36,5,220,96,3.7186460494995117
55,t2_b0,37,5,220,112,2.0833394527435303
55,t2_b0,38,5,215,92,1.5586565732955933
55,t2_b0,39,5,215,92,23.184734344482422
55,t2_b0,40,5,211,124,2.845447301864624
55,t2_b0,41,5,225,132,1.6466898918151855
55,t2_b0,42,5,209,92,2.829834222793579
55,t2_b0,44,5,225,132,2.9056589603424072
55,t2_b0,45,5,199,116,2.6428580284118652
55,t2_b0,46,5,206,92,4.401266574859619
55,t2_b0,47,5,220,96,40.82843780517578
55,t2_b0,48,5,211,124,2.2537176609039307
55,t2_b0,49,5,225,132,1.4147734642028809
55,t2_b0,51,5,205,116,0.7661544680595398
55,t2_b0,52,5,225,132,2.1974117755889893
55,t2_b0,53,5,210,100,1.294461727142334
55,t2_b0,54,5,225,132,4.58030366897583
55,t2_b0,55,5,200,80,39.76838302612305
55,t2_b0,56,5,220,100,2.597315549850464
55,t2_b0,57,5,220,128,2.798668146133423
55,t2_b0,58,5,215,92,21.26128578186035
55,t2_b0,59,5,220,96,1.3599110841751099
56,t2_b0,0,5,195,96,20.755531311035156
56,t2_b0,1,5,195,76,18.05839729309082
56,t2_b0,2,5,200,100,1.9496358633041382
56,t2_b0,3,5,210,88,36.07733154296875
56,t2_b0,4,5,200,80,35.23661422729492
56,t2_b0,5,5,225,132,2.491537094116211
56,t2_b0,6,5,225,100,4.679516315460205
56,t2_b0,7,5,215,92,5.165188789367676
56,t2_b0,8,5,199,112,2.3632020950317383
56,t2_b0,10,5,207,88,1.632246494293213
56,t2_b0,11,5,221,100,5.000636100769043
56,t2_b0,12,5,207,100,4.5264482498168945
56,t2_b0,13,5,220,96,1.8824210166931152
56,t2_b0,15,5,225,100,23.457847595214844
56,t2_b0,16,5,210,56,1.2783336639404297
56,t2_b0,18,5,205,84,8.104759216308594
56,t2_b0,19,5,205,88,3.818474054336548
56,t2_b0,21,5,196,112,31.497894287109375
56,t2_b0,22,5,200,64,1.596929669380188
56,t2_b0,23,5,225,100,0.630761981010437
56,t2_b0,24,5,225,124,44.85920333862305
56,t2_b0,25,5,265,132,2.773002862930298
56,t2_b0,26,5,225,100,1.929203987121582
56,t2_b0,27,5,220,96,33.66676330566406
56,t2_b0,28,5,225,100,6.263919353485107
56,t2_b0,30,5,205,116,1.0447403192520142
56,t2_b0,31,5,202,72,1.9859485626220703
56,t2_b0,32,5,225,100,1.675539493560791
56,t2_b0,33,5,198,116,2.8627688884735107
56,t2_b0,34,5,211,92,3.1621224880218506
56,t2_b0,35,5,225,132,1.462296962738037
56,t2_b0,36,5,225,100,3.526477813720703
56,t2_b0,37,5,225,116,1.70365309715271
56,t2_b0,38,5,220,96,33.85585021972656
56,t2_b0,39,5,220,96,29.593917846679688
56,t2_b0,40,5,216,128,3.693206787109375
56,t2_b0,41,5,230,136,1.7745048999786377
56,t2_b0,42,5,214,96,2.9899144172668457
56,t2_b0,44,5,230,136,5.063623428344727
56,t2_b0,45,5,204,120,2.039668321609497
56,t2_b0,46,5,211,96,2.114280939102173
56,t2_b0,47,5,225,100,40.92338943481445
56,t2_b0,48,5,216,128,2.125840663909912
56,t2_b0,49,5,230,136,2.0586795806884766
56,t2_b0,50,5,220,64,3.8156869411468506
56,t2_b0,51,5,210,120,1.3635534048080444
56,t2_b0,52,5,230,136,2.738234519958496
56,t2_b0,53,5,215,104,39.91262435913086
56,t2_b0,54,5,230,136,2.842742681503296
56,t2_b0,55,5,205,84,1.4627785682678223
56,t2_b0,56,5,225,104,3.276387929916382
56,t2_b0,57,5,225,132,1.5486164093017578
56,t2_b0,58,5,220,96,2.7290868759155273
56,t2_b0,59,5,225,100,2.213538646697998
57,t2_b0,0,5,200,100,1.2816821336746216
57,t2_b0,1,5,200,80,39.75186538696289
57,t2_b0,2,5,205,104,2.7034854888916016
57,t2_b0,3,5,215,92,2.834972620010376
57,t2_b0,4,5,205,84,35.29047775268555
57,t2_b0,5,5,230,136,4.205431938171387
57,t2_b0,6,5,230,104,17.206829071044922
57,t2_b0,7,5,220,96,4.750322341918945
57,t2_b0,8,5,204,116,4.258322238922119
57,t2_b0,9,5,215,100,24.555999755859375
57,t2_b0,10,5,212,92,2.2060046195983887
57,t2_b0,11,5,226,104,3.9040727615356445
57,t2_b0,12,5,212,104,43.06184768676758
57,t2_b0,13,5,225,100,37.73406219482422
57,t2_b0,14,5,230,104,1.4774322509765625
57,t2_b0,15,5,230,104,23.365907669067383
57,t2_b0,16,5,215,60,33.09679412841797
57,t2_b0,18,5,210,88,2.460130214691162
57,t2_b0,19,5,210,92,10.392407417297363
57,t2_b0,21,5,201,116,53.68238830566406
57,t2_b0,22,5,205,68,1.319112777709961
57,t2_b0,23,5,230,104,1.0158705711364746
57,t2_b0,24,5,230,128,2.369898557662964
57,t2_b0,26,5,230,104,2.426375389099121
57,t2_b0,27,5,225,100,0.7600864171981812
57,t2_b0,28,5,230,104,6.951568603515625
57,t2_b0,29,5,200,80,1.54300856590271
57,t2_b0,30,5,210,120,0.6652005314826965
57,t2_b0,31,5,207,76,41.395751953125
57,t2_b0,32,5,230,104,0.616264283657074
57,t2_b0,33,5,203,120,3.059682607650757
57,t2_b0,34,5,216,96,3.7298357486724854
57,t2_b0,35,5,230,136,3.97267746925354
57,t2_b0,36,5,230,104,3.183600902557373
57,t2_b0,37,5,230,120,2.081843376159668
57,t2_b0,38,5,225,100,34.217506408691406
57,t2_b0,39,5,225,100,1.445906400680542
57,t2_b0,40,5,221,132,3.6188132762908936
57,t2_b0,41,5,235,140,1.45713472366333
57,t2_b0,42,5,219,100,2.316781759262085
57,t2_b0,44,5,235,140,2.7366020679473877
57,t2_b0,45,5,209,124,3.3858892917633057
57,t2_b0,46,5,216,100,2.27297306060791
57,t2_b0,47,5,230,104,1.415376901626587
57,t2_b0,48,5,221,132,3.5378260612487793
57,t2_b0,49,5,235,140,3.964719533920288
57,t2_b0,50,5,225,68,3.7354025840759277
57,t2_b0,51,5,215,124,0.9751247763633728
57,t2_b0,52,5,235,140,2.91286301612854
57,t2_b0,53,45,260,108,40.88499450683594
57,t2_b0,54,5,235,140,5.969086647033691
57,t2_b0,55,5,210,88,38.689178466796875
57,t2_b0,56,5,230,108,42.09706497192383
57,t2_b0,57,5,230,136,2.807145595550537
57,t2_b0,58,5,225,100,22.012670516967773
57,t2_b0,59,5,230,104,0.7569027543067932
58,t2_b0,0,5,205,104,0.6650688052177429
58,t2_b0,1,5,205,84,1.1424520015716553
58,t2_b0,2,5,210,108,3.4697282314300537
58,t2_b0,3,5,220,96,36.5684928894043
58,t2_b0,4,5,210,88,35.35485076904297
58,t2_b0,5,5,235,140,22.624149322509766
58,t2_b0,6,5,235,108,5.528298854827881
58,t2_b0,7,5,225,100,3.9474782943725586
58,t2_b0,8,12,216,120,41.23324203491211
58,t2_b0,9,5,220,104,3.966856002807617
58,t2_b0,10,5,217,96,2.1181142330169678
58,t2_b0,11,45,271,108,5.659067153930664
58,t2_b0,12,5,217,108,3.2702505588531494
58,t2_b0,13,5,230,104,2.1219258308410645
58,t2_b0,14,5,235,108,0.9905545711517334
58,t2_b0,15,45,275,108,1.951701283454895
58,t2_b0,16,5,220,64,34.40324020385742
58,t2_b0,18,5,215,92,1.5431281328201294
58,t2_b0,19,45,255,96,12.14749813079834
58,t2_b0,20,5,222,104,40.22483825683594
58,t2_b0,21,5,206,120,1.5342931747436523
58,t2_b0,22,5,210,72,13.140096664428711
58,t2_b0,23,5,235,108,17.038002014160156
58,t2_b0,24,5,235,132,3.6151881217956543
58,t2_b0,26,5,235,108,2.822214365005493
58,t2_b0,27,5,230,104,33.78892135620117
58,t2_b0,28,5,235,108,1.2889435291290283
58,t2_b0,29,5,205,84,1.2594554424285889
58,t2_b0,30,5,215,124,0.7802181243896484
58,t2_b0,31,5,212,80,33.20577621459961
58,t2_b0,32,5,235,108,1.14407479763031
58,t2_b0,33,5,208,124,3.1139445304870605
58,t2_b0,34,5,221,100,29.302326202392578
58,t2_b0,35,5,235,140,4.240857124328613
58,t2_b0,36,5,235,108,17.03789520263672
58,t2_b0,37,5,235,124,45.51664352416992
58,t2_b0,38,5,230,104,0.7776486873626709
58,t2_b0,39,5,230,104,1.1221470832824707
58,t2_b0,40,5,226,136,3.660573959350586
58,t2_b0,41,5,240,144,1.4088149070739746
58,t2_b0,42,5,224,104,25.114229202270508
58,t2_b0,44,5,240,144,4.012404441833496
58,t2_b0,45,5,214,128,3.1297903060913086
58,t2_b0,46,5,221,104,2.4712562561035156
58,t2_b0,47,5,235,108,41.79192352294922
58,t2_b0,48,5,226,136,3.384430170059204
58,t2_b0,49,5,240,144,2.0461623668670654
58,t2_b0,50,5,230,72,2.126530170440674
58,t2_b0,51,5,220,128,1.0379951000213623
58,t2_b0,52,5,240,144,4.061959266662598
58,t2_b0,54,5,240,144,4.370724678039551
58,t2_b0,55,5,215,92,1.7991970777511597
58,t2_b0,56,5,235,112,4.69581937789917
58,t2_b0,57,5,235,140,2.961031436920166
58,t2_b0,58,5,230,104,3.0105583667755127
58,t2_b0,59,5,235,108,2.080655097961426
59,t2_b0,0,5,210,108,20.113557815551758
59,t2_b0,1,5,210,88,56.49694061279297
59,t2_b0,2,5,215,112,39.94716262817383
59,t2_b0,3,5,225,100,2.11920166015625
59,t2_b0,4,5,215,92,0.7342451810836792
59,t2_b0,5,5,240,144,5.333815097808838
59,t2_b0,6,5,240,112,6.100244998931885
59,t2_b0,7,5,230,104,44.697269439697266
59,t2_b0,9,5,225,108,4.710410118103027
59,t2_b0,10,5,222,100,1.2562748193740845
59,t2_b0,12,5,222,112,3.3545706272125244
59,t2_b0,13,5,235,108,37.261444091796875
59,t2_b0,14,5,240,112,1.3226478099822998
59,t2_b0,16,5,225,68,2.548063039779663
59,t2_b0,18,5,220,96,2.909707546234131
59,t2_b0,20,5,227,108,2.3110055923461914
59,t2_b0,21,5,211,124,3.1200480461120605
59,t2_b0,22,5,215,76,1.0919444561004639
59,t2_b0,23,5,240,112,1.626070261001587
59,t2_b0,24,5,240,136,45.4838981628418
59,t2_b0,26,5,240,112,3.1051902770996094
59,t2_b0,27,5,235,108,0.7010641694068909
59,t2_b0,28,5,240,112,2.588899850845337
59,t2_b0,29,5,210,88,1.813571810722351
59,t2_b0,30,5,220,128,0.5550435185432434
59,t2_b0,31,5,217,84,41.88866424560547
59,t2_b0,32,5,240,112,1.1705158948898315
59,t2_b0,33,5,213,128,2.383322238922119
59,t2_b0,34,5,226,104,41.95014572143555
59,t2_b0,35,5,240,144,1.3765677213668823
59,t2_b0,36,5,240,112,3.466217279434204
59,t2_b0,37,5,240,128,1.2052756547927856
59,t2_b0,38,5,235,108,1.022191047668457
59,t2_b0,39,5,235,108,22.97123908996582
59,t2_b0,40,5,231,140,3.26365065574646
59,t2_b0,41,5,245,148,1.0401678085327148
59,t2_b0,42,5,229,108,3.694422960281372
59,t2_b0,44,5,245,148,6.70393180847168
59,t2_b0,45,5,219,132,2.8123185634613037
59,t2_b0,46,5,226,108,2.041482448577881
59,t2_b0,47,5,240,112,1.5362143516540527
59,t2_b0,48,5,231,140,1.9798929691314697
59,t2_b0,49,5,245,148,4.219227313995361
59,t2_b0,50,5,235,76,30.23293113708496
59,t2_b0,51,5,225,132,1.0597825050354004
59,t2_b0,52,5,245,148,6.804354667663574
59,t2_b0,54,5,245,148,4.707981586456299
59,t2_b0,55,5,220,96,0.9732204675674438
59,t2_b0,56,5,240,116,5.97577428817749
59,t2_b0,57,5,240,144,2.2768757343292236
59,t2_b0,58,5,235,108,2.361060380935669
59,t2_b0,59,5,240,112,20.0509033203125
60,t2_b0,0,5,215,112,20.2863712310791
60,t2_b0,1,5,215,92,17.96161651611328
60,t2_b0,2,45,260,116,5.251429080963135
60,t2_b0,3,5,230,104,4.022679328918457
60,t2_b0,4,5,220,96,0.8664402365684509
60,t2_b0,5,5,245,148,5.812639236450195
60,t2_b0,6,5,245,116,8.148110389709473
60,t2_b0,7,3,233,108,5.13063907623291
60,t2_b0,9,5,230,112,45.209510803222656
60,t2_b0,10,5,227,104,1.177268147468567
60,t2_b0,12,5,227,116,40.97380828857422
60,t2_b0,13,5,240,112,1.7667120695114136
60,t2_b0,14,5,245,116,0.8870112895965576
60,t2_b0,16,5,230,72,1.4445281028747559
60,t2_b0,18,5,225,100,10.335559844970703
60,t2_b0,20,5,232,112,39.617286682128906
60,t2_b0,21,5,216,128,33.66426086425781
60,t2_b0,22,5,220,80,1.7841675281524658
60,t2_b0,23,5,245,116,17.53795623779297
60,t2_b0,24,5,245,140,2.147341251373291
60,t2_b0,26,5,245,116,3.5806119441986084
60,t2_b0,27,5,240,112,0.6191166639328003
60,t2_b0,28,5,245,116,3.3412389755249023
60,t2_b0,29,5,215,92,1.7497806549072266
60,t2_b0,30,42,262,132,1.3219306468963623
60,t2_b0,31,5,222,88,33.706939697265625
60,t2_b0,32,5,245,116,0.8971046805381775
60,t2_b0,34,5,231,108,5.8998260498046875
60,t2_b0,35,5,245,148,2.007681131362915
60,t2_b0,36,5,245,116,4.802336692810059
60,t2_b0,37,5,245,132,1.837496042251587
60,t2_b0,38,5,240,112,34.08251953125
60,t2_b0,39,5,240,112,29.020206451416016
60,t2_b0,41,5,250,152,1.5564067363739014
60,t2_b0,42,5,234,112,24.672378540039062
60,t2_b0,44,5,250,152,4.574214935302734
60,t2_b0,45,5,224,136,3.4168996810913086
60,t2_b0,46,5,231,112,2.286196708679199
60,t2_b0,47,5,245,116,1.9679083824157715
60,t2_b0,48,5,236,144,2.545316696166992
60,t2_b0,49,5,250,152,2.8232245445251465
60,t2_b0,50,5,240,80,37.251007080078125
60,t2_b0,51,5,230,136,0.9295087456703186
60,t2_b0,52,5,250,152,4.6513671875
60,t2_b0,54,5,250,152,4.678152561187744
60,t2_b0,55,5,225,100,1.696862816810608
60,t2_b0,56,5,245,120,42.939537048339844
60,t2_b0,57,5,245,148,4.0820536613464355
60,t2_b0,58,5,240,112,2.7699954509735107
60,t2_b0,59,5,245,116,19.933021545410156
61,t2_b0,0,5,220,116,21.143190383911133
61,t2_b0,1,5,220,96,40.1417350769043
61,t2_b0,3,5,235,108,5.911302089691162
61,t2_b0,4,5,225,100,0.756496787071228
61,t2_b0,5,5,250,152,24.287858963012695
61,t2_b0,6,2,247,120,19.102855682373047
61,t2_b0,9,5,235,116,4.5743489265441895
61,t2_b0,10,5,232,108,1.2733585834503174
61,t2_b0,12,5,232,120,5.301305294036865
61,t2_b0,13,2,242,116,37.19670867919922
61,t2_b0,14,5,250,120,0.9849782586097717
61,t2_b0,16,5,235,76,34.29751968383789
61,t2_b0,18,5,230,104,3.2598133087158203
61,t2_b0,20,5,237,116,39.91569519042969
61,t2_b0,21,2,218,132,2.9570178985595703
61,t2_b0,22,45,265,84,13.691977500915527
61,t2_b0,23,5,250,120,0.7152795791625977
61,t2_b0,24,5,250,144,45.07823181152344
61,t2_b0,26,5,250,120,29.145553588867188
61,t2_b0,27,5,245,116,0.6855354309082031
61,t2_b0,28,2,247,120,2.611691951751709
61,t2_b0,29,5,220,96,1.5453131198883057
61,t2_b0,31,5,227,92,2.8148062229156494
61,t2_b0,32,5,250,120,36.81840896606445
61,t2_b0,34,5,236,112,40.32634735107422
61,t2_b0,35,5,250,152,1.1608960628509521
61,t2_b0,36,5,250,120,18.516376495361328
61,t2_b0,37,5,250,136,45.93587112426758
61,t2_b0,38,45,285,116,0.8613455891609192
61,t2_b0,39,5,245,116,50.21791076660156
61,t2_b0,41,5,255,156,1.1341923475265503
61,t2_b0,42,5,239,116,24.623743057250977
61,t2_b0,44,5,255,156,4.551828384399414
61,t2_b0,45,31,255,140,3.9622480869293213
61,t2_b0,46,5,236,116,3.160396099090576
61,t2_b0,47,5,250,120,1.9356523752212524
61,t2_b0,48,5,241,148,4.8785552978515625
61,t2_b0,49,5,255,156,3.0027577877044678
61,t2_b0,50,2,242,84,63.88732147216797
61,t2_b0,51,5,235,140,0.9981645941734314
61,t2_b0,52,5,255,156,6.327023029327393
61,t2_b0,54,5,255,156,3.112168073654175
61,t2_b0,55,5,230,104,1.6166332960128784
61,t2_b0,56,5,250,124,1.8247578144073486
61,t2_b0,57,5,250,152,32.610801696777344
61,t2_b0,58,5,245,116,3.3411383628845215
61,t2_b0,59,5,250,120,1.463842749595642
62,t2_b0,0,5,225,120,1.60821533203125
62,t2_b0,1,5,225,100,40.35090637207031
62,t2_b0,3,5,240,112,5.234868049621582
62,t2_b0,4,5,230,104,0.5510051250457764
62,t2_b0,5,5,255,156,5.522122859954834
62,t2_b0,6,3,250,124,16.618877410888672
62,t2_b0,9,5,240,120,3.0161728858947754
62,t2_b0,10,5,237,112,2.0001049041748047
62,t2_b0,12,5,237,124,4.66472864151001
62,t2_b0,13,2,244,120,2.363037109375
62,t2_b0,14,5,255,124,1.507157325744629
62,t2_b0,16,5,240,80,34.25981903076172
62,t2_b0,18,5,235,108,3.575071334838867
62,t2_b0,20,5,242,120,2.468634605407715
62,t2_b0,21,2,220,136,33.06793975830078
62,t2_b0,23,5,255,124,1.4562779664993286
62,t2_b0,24,5,255,148,3.042170524597168
62,t2_b0,26,5,255,124,27.191831588745117
62,t2_b0,27,5,250,120,0.5645809769630432
62,t2_b0,28,2,249,124,2.7774431705474854
62,t2_b0,29,5,225,100,2.5039501190185547
62,t2_b0,31,5,232,96,2.6222469806671143
62,t2_b0,32,5,255,124,1.1778721809387207
62,t2_b0,34,5,241,116,3.786201000213623
62,t2_b0,35,5,255,156,3.334535598754883
62,t2_b0,36,5,255,124,2.9760403633117676
62,t2_b0,37,5,255,140,46.695499420166016
62,t2_b0,39,5,250,120,1.3546048402786255
62,t2_b0,40,5,236,144,2.773655891418457
62,t2_b0,41,5,260,160,1.2833092212677002
62,t2_b0,42,5,244,120,24.827436447143555
62,t2_b0,43,5,230,104,16.119670867919922
62,t2_b0,44,5,260,160,3.665982961654663
62,t2_b0,46,5,241,120,1.762841820716858
62,t2_b0,47,5,255,124,2.535273551940918
62,t2_b0,48,2,243,152,3.2007012367248535
62,t2_b0,49,5,260,160,3.1999685764312744
62,t2_b0,50,2,244,88,32.79620361328125
62,t2_b0,51,45,280,144,1.6174423694610596
62,t2_b0,52,5,260,160,4.529999256134033
62,t2_b0,54,45,300,160,6.723443984985352
62,t2_b0,55,5,235,108,39.91328048706055
62,t2_b0,56,5,255,128,2.0807113647460938
62,t2_b0,57,45,295,156,34.878238677978516
62,t2_b0,58,5,250,120,22.45569610595703
62,t2_b0,59,5,255,124,19.92426872253418
63,t2_b0,0,5,230,124,1.5481586456298828
63,t2_b0,1,5,230,104,17.539588928222656
63,t2_b0,3,5,245,116,1.9008781909942627
63,t2_b0,4,5,235,108,1.0430693626403809
63,t2_b0,5,5,260,160,26.485389709472656
63,t2_b0,6,5,255,128,6.095844745635986
63,t2_b0,9,5,245,124,4.409418106079102
63,t2_b0,10,5,242,116,2.195096731185913
63,t2_b0,12,5,242,128,5.505087375640869
63,t2_b0,13,3,247,124,1.3880116939544678
63,t2_b0,14,5,260,128,0.8806893825531006
63,t2_b0,16,5,245,84,1.3046355247497559
63,t2_b0,17,5,250,108,1.6308685541152954
63,t2_b0,18,5,240,112,4.452094554901123
63,t2_b0,20,5,247,124,2.797628402709961
63,t2_b0,21,3,223,140,2.4604134559631348
63,t2_b0,23,5,260,128,18.047386169433594
63,t2_b0,24,5,260,152,2.349879503250122
63,t2_b0,26,5,260,128,1.5009702444076538
63,t2_b0,27,5,255,124,0.8498412370681763
63,t2_b0,28,3,252,128,2.552311420440674
63,t2_b0,29,5,230,104,1.3610047101974487
63,t2_b0,31,5,237,100,2.9223713874816895
63,t2_b0,32,5,260,128,37.15714645385742
63,t2_b0,34,5,246,120,40.829994201660156
63,t2_b0,35,5,260,160,3.90218448638916
63,t2_b0,36,45,300,128,21.746356964111328
63,t2_b0,37,5,260,144,1.923026204109192
63,t2_b0,39,5,255,124,29.300251007080078
63,t2_b0,41,5,265,164,0.9191880822181702
63,t2_b0,42,5,249,124,25.281373977661133
63,t2_b0,43,5,235,108,1.3205264806747437
63,t2_b0,44,5,265,164,4.693930149078369
63,t2_b0,46,5,246,124,3.0030527114868164
63,t2_b0,47,5,260,128,1.7661337852478027
63,t2_b0,48,3,246,156,4.016716957092285
63,t2_b0,49,5,265,164,1.7019267082214355
63,t2_b0,50,3,247,92,4.03426456451416
63,t2_b0,52,5,265,164,2.4351210594177246
63,t2_b0,55,5,240,112,1.3341667652130127
63,t2_b0,56,5,260,132,6.123334884643555
63,t2_b0,58,5,255,124,1.9548330307006836
63,t2_b0,59,5,260,128,1.567511796951294
64,t2_b0,0,5,235,128,0.8204572200775146
64,t2_b0,1,5,235,108,1.7852275371551514
64,t2_b0,3,5,250,120,2.03615665435791
64,t2_b0,4,5,240,112,1.2341853380203247
64,t2_b0,5,5,265,164,2.747753143310547
64,t2_b0,6,4,259,132,5.881997585296631
64,t2_b0,9,5,250,128,4.639702320098877
64,t2_b0,10,5,247,120,2.1573619842529297
64,t2_b0,12,43,285,132,6.645997524261475
64,t2_b0,13,4,251,128,38.02204132080078
64,t2_b0,14,5,265,132,22.403690338134766
64,t2_b0,16,5,250,88,34.884300231933594
64,t2_b0,17,4,254,112,43.02307891845703
64,t2_b0,18,5,245,116,10.411127090454102
64,t2_b0,20,5,252,128,40.829078674316406
64,t2_b0,21,4,227,144,2.5275444984436035
64,t2_b0,23,5,265,132,17.93916130065918
64,t2_b0,24,5,265,156,2.4883615970611572
64,t2_b0,26,5,265,132,1.8335623741149902
64,t2_b0,27,5,260,128,0.656139075756073
64,t2_b0,28,5,257,132,2.902949094772339
64,t2_b0,29,5,235,108,2.038545846939087
64,t2_b0,31,5,242,104,35.3135986328125
64,t2_b0,32,5,265,132,1.6281638145446777
64,t2_b0,34,5,251,124,3.321849822998047
64,t2_b0,35,5,265,164,2.329902410507202
64,t2_b0,37,5,265,148,2.150336742401123
64,t2_b0,39,5,260,128,50.79376220703125
64,t2_b0,41,5,270,168,1.3479602336883545
64,t2_b0,42,5,254,128,24.475339889526367
64,t2_b0,43,5,240,112,15.644291877746582
64,t2_b0,44,5,270,168,4.908230304718018
64,t2_b0,46,5,251,128,2.271566867828369
64,t2_b0,47,5,265,132,2.551942825317383
64,t2_b0,48,19,265,160,4.849184989929199
64,t2_b0,49,35,300,168,2.717311143875122
64,t2_b0,50,4,251,96,38.11664962768555
64,t2_b0,52,5,270,168,2.5252723693847656
64,t2_b0,55,5,245,116,2.087386131286621
64,t2_b0,56,5,265,136,2.3190579414367676
64,t2_b0,58,40,295,128,21.82990264892578
64,t2_b0,59,5,265,132,1.8911877870559692
65,t2_b0,0,5,240,132,1.5267689228057861
65,t2_b0,1,5,240,112,1.2388588190078735
65,t2_b0,3,5,255,124,1.0682464838027954
65,t2_b0,4,5,245,116,0.7897806167602539
65,t2_b0,5,5,270,168,4.523083209991455
65,t2_b0,6,1,260,136,7.24849796295166
65,t2_b0,9,5,255,132,45.91487121582031
65,t2_b0,10,5,252,124,2.4159350395202637
65,t2_b0,13,1,252,132,2.28376841545105
65,t2_b0,14,5,270,136,1.1718811988830566
65,t2_b0,16,5,255,92,1.2821123600006104
65,t2_b0,17,2,256,116,42.699462890625
65,t2_b0,18,5,250,120,4.62562894821167
65,t2_b0,20,5,257,132,2.4516024589538574
65,t2_b0,21,1,228,148,33.399505615234375
65,t2_b0,23,5,270,136,1.4804612398147583
65,t2_b0,24,5,270,160,3.1560306549072266
65,t2_b0,26,44,309,136,4.723605155944824
65,t2_b0,27,5,265,132,0.32676202058792114
65,t2_b0,28,1,258,136,3.794419050216675
65,t2_b0,29,5,240,112,18.26166534423828
65,t2_b0,31,5,247,108,41.481658935546875
65,t2_b0,32,5,270,136,37.50550079345703
65,t2_b0,34,5,256,128,3.426229953765869
65,t2_b0,35,5,270,168,3.124025583267212
65,t2_b0,37,5,270,152,1.3598681688308716
65,t2_b0,39,5,265,132,1.260521650314331
65,t2_b0,41,5,275,172,1.5548702478408813
65,t2_b0,42,5,259,132,2.6604301929473877
65,t2_b0,43,5,245,116,1.332152247428894
65,t2_b0,44,5,275,172,2.9952995777130127
65,t2_b0,46,5,256,132,37.37693405151367
65,t2_b0,47,5,270,136,1.2758102416992188
65,t2_b0,50,1,252,100,38.60663604736328
65,t2_b0,52,5,275,172,4.070154666900635
65,t2_b0,55,5,250,120,2.690053701400757
65,t2_b0,56,5,270,140,40.18962478637695
65,t2_b0,59,5,270,136,2.5986571311950684
66,t2_b0,0,5,245,136,1.5584068298339844
66,t2_b0,1,5,245,116,2.949368476867676
66,t2_b0,3,5,260,128,36.29852294921875
66,t2_b0,4,5,250,120,0.772113561630249
66,t2_b0,5,5,275,172,5.757709980010986
66,t2_b0,6,13,273,140,4.476265907287598
66,t2_b0,9,5,260,136,45.906166076660156
66,t2_b0,10,5,257,128,39.355133056640625
66,t2_b0,13,33,285,136,38.328121185302734
66,t2_b0,14,5,275,140,1.0659914016723633
66,t2_b0,16,5,260,96,3.311633348464966
66,t2_b0,17,4,260,120,1.0170444250106812
66,t2_b0,18,5,255,124,3.58028244972229
66,t2_b0,20,5,262,136,1.7681101560592651
66,t2_b0,21,4,232,152,83.8252182006836
66,t2_b0,23,5,275,140,0.8535079956054688
66,t2_b0,24,5,275,164,3.079692840576172
66,t2_b0,25,5,270,136,1.0140912532806396
66,t2_b0,27,5,270,136,0.7651371955871582
66,t2_b0,28,4,262,140,3.8810694217681885
66,t2_b0,29,5,245,116,1.764691948890686
66,t2_b0,31,5,252,112,4.253328323364258
66,t2_b0,32,5,275,140,1.48035728931427
66,t2_b0,34,5,261,132,68.0720443725586
66,t2_b0,35,5,275,172,1.7132638692855835
66,t2_b0,37,5,275,156,2.5213582515716553
66,t2_b0,39,5,270,136,0.9141737222671509
66,t2_b0,41,5,280,176,1.4242116212844849
66,t2_b0,42,5,264,136,2.7400028705596924
66,t2_b0,43,5,250,120,17.883779525756836
66,t2_b0,44,5,280,176,3.874645233154297
66,t2_b0,46,5,261,136,1.689798355102539
66,t2_b0,47,5,275,140,1.727384090423584
66,t2_b0,50,4,256,104,3.6710846424102783
66,t2_b0,52,5,280,176,4.892395973205566
66,t2_b0,55,5,255,124,2.111741065979004
66,t2_b0,56,5,275,144,3.3271067142486572
66,t2_b0,59,5,275,140,1.0978760719299316
67,t2_b0,0,29,274,140,20.682411193847656
67,t2_b0,1,5,250,120,1.290243148803711
67,t2_b0,3,5,265,132,1.3640592098236084
67,t2_b0,4,5,255,124,0.8764891028404236
67,t2_b0,5,32,307,176,4.204657554626465
67,t2_b0,9,5,265,140,2.291361093521118
67,t2_b0,10,5,262,132,1.3942747116088867
67,t2_b0,14,5,280,144,1.0346715450286865
67,t2_b0,16,5,265,100,33.769588470458984
67,t2_b0,17,4,264,124,0.8570014238357544
67,t2_b0,18,5,260,128,6.658705711364746
67,t2_b0,20,5,267,140,3.1198978424072266
67,t2_b0,21,4,236,156,2.2936007976531982
67,t2_b0,23,5,280,144,2.056337594985962
67,t2_b0,24,5,280,168,1.9883736371994019
67,t2_b0,25,1,271,140,2.0780556201934814
67,t2_b0,27,5,275,140,1.1956230401992798
67,t2_b0,28,5,267,144,2.563587188720703
67,t2_b0,29,5,250,120,18.232290267944336
67,t2_b0,31,5,257,116,3.3637309074401855
67,t2_b0,32,5,280,144,2.1269876956939697
67,t2_b0,33,5,218,132,4.036067008972168
67,t2_b0,34,5,266,136,3.2131545543670654
67,t2_b0,35,5,280,176,0.7647916674613953
67,t2_b0,37,5,280,160,1.6667017936706543
67,t2_b0,39,5,275,140,1.0480437278747559
67,t2_b0,41,5,285,180,1.9676870107650757
67,t2_b0,42,39,303,140,2.445249319076538
67,t2_b0,43,5,255,124,16.266130447387695
67,t2_b0,44,5,285,180,3.41092586517334
67,t2_b0,46,5,266,140,3.8635990619659424
67,t2_b0,47,5,280,144,40.274635314941406
67,t2_b0,50,4,260,108,31.26705551147461
67,t2_b0,52,5,285,180,3.7889280319213867
67,t2_b0,53,5,265,112,1.6648694276809692
67,t2_b0,55,5,260,128,39.65608596801758
67,t2_b0,56,5,280,148,40.06745147705078
67,t2_b0,59,5,280,144,1.6036452054977417
68,t2_b0,1,5,255,124,40.82154083251953
68,t2_b0,3,5,270,136,1.7538135051727295
68,t2_b0,4,5,260,128,0.621238112449646
68,t2_b0,8,5,221,124,2.128861904144287
68,t2_b0,9,5,270,144,24.336872100830078
68,t2_b0,10,5,267,136,1.3038763999938965
68,t2_b0,14,5,285,148,22.558155059814453
68,t2_b0,15,5,280,112,2.3941705226898193
68,t2_b0,16,5,270,104,2.528508424758911
68,t2_b0,17,3,267,128,1.8832519054412842
68,t2_b0,18,5,265,132,6.7449164390563965
68,t2_b0,19,3,258,100,14.356948852539062
68,t2_b0,20,5,272,144,2.7103443145751953
68,t2_b0,21,3,239,160,3.3831539154052734
68,t2_b0,23,5,285,148,1.4514683485031128
68,t2_b0,24,5,285,172,3.1619505882263184
68,t2_b0,25,1,272,144,31.256441116333008
68,t2_b0,27,5,280,144,0.9522876739501953
68,t2_b0,28,3,270,148,3.3888018131256104
68,t2_b0,29,5,255,124,2.7508316040039062
68,t2_b0,31,5,262,120,72.26887512207031
68,t2_b0,32,5,285,148,1.0550295114517212
68,t2_b0,33,3,221,136,4.670976638793945
68,t2_b0,34,5,271,140,5.171029090881348
68,t2_b0,35,5,285,180,2.013369083404541
68,t2_b0,37,5,285,164,1.2146822214126587
68,t2_b0,39,5,280,144,1.377217173576355
68,t2_b0,41,5,290,184,1.4497100114822388
68,t2_b0,43,5,260,128,27.32111358642578
68,t2_b0,44,5,290,184,2.36232852935791
68,t2_b0,46,5,271,144,2.3748576641082764
68,t2_b0,47,5,285,148,2.8613786697387695
68,t2_b0,50,3,263,112,35.272071838378906
68,t2_b0,52,5,290,184,6.083635330200195
68,t2_b0,53,5,270,116,17.991771697998047
68,t2_b0,55,5,265,132,1.9242985248565674
68,t2_b0,56,5,285,152,40.64825439453125
68,t2_b0,59,5,285,148,0.8868030905723572
69,t2_b0,1,41,296,128,5.408165454864502
69,t2_b0,3,5,275,140,3.7574291229248047
69,t2_b0,4,5,265,132,0.7822005748748779
69,t2_b0,8,5,226,128,42.23395919799805
69,t2_b0,9,5,275,148,3.4631245136260986
69,t2_b0,10,45,312,140,2.2859439849853516
69,t2_b0,14,5,290,152,0.9161626100540161
69,t2_b0,15,5,285,116,3.1731550693511963
69,t2_b0,16,21,291,108,3.0566227436065674
69,t2_b0,18,5,270,136,9.728039741516113
69,t2_b0,19,5,263,104,5.755543231964111
69,t2_b0,20,5,277,148,41.08366394042969
69,t2_b0,23,5,290,152,1.8818436861038208
69,t2_b0,24,5,290,176,3.446103096008301
69,t2_b0,27,5,285,148,1.1431161165237427
69,t2_b0,29,5,260,128,2.384942054748535
69,t2_b0,31,5,267,124,43.11272430419922
69,t2_b0,32,5,290,152,1.6811103820800781
69,t2_b0,33,5,226,140,2.8520936965942383
69,t2_b0,34,45,316,144,3.5852503776550293
69,t2_b0,35,5,290,184,1.661570429801941
69,t2_b0,37,5,290,168,2.094151020050049
69,t2_b0,39,5,285,148,1.1888219118118286
69,t2_b0,41,5,295,188,1.8998851776123047
69,t2_b0,43,5,265,132,39.2847900390625
69,t2_b0,44,5,295,188,2.730915069580078
69,t2_b0,46,5,276,148,1.7092697620391846
69,t2_b0,47,5,290,152,2.44705867767334
69,t2_b0,52,5,295,188,5.633676052093506
69,t2_b0,53,2,272,120,2.1958703994750977
69,t2_b0,55,5,270,136,1.3905993700027466
69,t2_b0,56,5,290,156,44.212894439697266
69,t2_b0,59,5,290,152,0.658420205116272
70,t2_b0,2,5,265,120,3.997246265411377
70,t2_b0,3,5,280,144,5.318437099456787
70,t2_b0,4,5,270,136,0.8981930017471313
70,t2_b0,7,5,238,112,3.3525679111480713
70,t2_b0,8,5,231,132,42.94457244873047
70,t2_b0,9,5,280,152,5.543972969055176
70,t2_b0,14,5,295,156,22.413955688476562
70,t2_b0,15,5,290,120,1.4690299034118652
70,t2_b0,18,5,275,140,5.640627861022949
70,t2_b0,19,5,268,108,6.640105724334717
70,t2_b0,20,5,282,152,2.4392192363739014
70,t2_b0,21,5,244,164,2.714020013809204
70,t2_b0,23,5,295,156,1.4215846061706543
70,t2_b0,24,5,295,180,2.8124613761901855
70,t2_b0,25,1,273,148,1.4786118268966675
70,t2_b0,27,5,290,152,0.8441670536994934
70,t2_b0,29,5,265,132,19.692649841308594
70,t2_b0,30,5,267,136,1.5489888191223145
70,t2_b0,31,5,272,128,43.68178176879883
70,t2_b0,32,5,295,156,1.1163371801376343
70,t2_b0,35,5,295,188,3.9459662437438965
70,t2_b0,37,5,295,172,1.994370937347412
70,t2_b0,39,5,290,152,49.94231033325195
70,t2_b0,41,5,300,192,1.2836757898330688
70,t2_b0,43,5,270,136,26.934972763061523
70,t2_b0,44,25,320,192,5.00022554397583
70,t2_b0,46,5,281,152,36.502925872802734
70,t2_b0,47,5,295,156,40.41831970214844
70,t2_b0,52,5,300,192,3.5280468463897705
70,t2_b0,53,2,274,124,1.5966670513153076
70,t2_b0,55,5,275,140,2.106163263320923
70,t2_b0,56,5,295,160,40.8700065612793
70,t2_b0,59,5,295,156,20.600126266479492
71,t2_b0,2,5,270,124,4.682767391204834
71,t2_b0,4,5,275,140,1.0226504802703857
71,t2_b0,7,5,243,116,3.5354719161987305
71,t2_b0,8,5,236,136,41.47661590576172
71,t2_b0,9,5,285,156,44.80451202392578
71,t2_b0,14,5,300,160,0.9010905623435974
71,t2_b0,15,5,295,124,2.278721332550049
71,t2_b0,17,1,268,132,2.1303162574768066
71,t2_b0,18,28,303,144,12.349849700927734
71,t2_b0,19,5,273,112,6.977417945861816
71,t2_b0,21,2,246,168,1.7115775346755981
71,t2_b0,22,5,270,88,2.33172345161438
71,t2_b0,23,5,300,160,1.647446870803833
71,t2_b0,24,5,300,184,2.285322904586792
71,t2_b0,25,5,278,152,1.1746363639831543
71,t2_b0,27,5,295,156,1.2426269054412842
71,t2_b0,29,39,304,136,22.445863723754883
71,t2_b0,30,5,272,140,1.9957036972045898
71,t2_b0,31,4,276,132,45.02769088745117
71,t2_b0,32,5,300,160,1.3654515743255615
71,t2_b0,33,1,227,144,3.66609525680542
71,t2_b0,35,5,300,192,1.5746440887451172
71,t2_b0,37,5,300,176,1.4399389028549194
71,t2_b0,38,5,290,120,0.7860122919082642
71,t2_b0,39,5,295,156,28.180343627929688
71,t2_b0,41,5,305,196,1.4339792728424072
71,t2_b0,45,5,260,144,40.296119689941406
71,t2_b0,46,5,286,156,35.44258117675781
71,t2_b0,50,1,264,116,31.762250900268555
71,t2_b0,52,1,301,196,2.4673187732696533
71,t2_b0,53,5,279,128,1.827515959739685
71,t2_b0,54,40,340,164,1.9368104934692383
71,t2_b0,56,5,300,164,1.7047524452209473
71,t2_b0,59,5,300,160,1.7402997016906738
72,t2_b0,2,5,275,128,40.04025650024414
72,t2_b0,4,5,280,144,0.6514190435409546
72,t2_b0,7,5,248,120,4.270079135894775
72,t2_b0,8,5,241,140,2.6859962940216064
72,t2_b0,9,45,330,160,5.358861446380615
72,t2_b0,14,5,305,164,0.8451831340789795
72,t2_b0,15,5,300,128,2.3870577812194824
72,t2_b0,17,1,269,136,1.9300438165664673
72,t2_b0,19,5,278,116,4.74844217300415
72,t2_b0,21,1,247,172,3.077855110168457
72,t2_b0,22,2,272,92,1.6121044158935547
72,t2_b0,23,5,305,164,2.117497205734253
72,t2_b0,24,5,305,188,2.779932737350464
72,t2_b0,25,2,280,156,1.9090642929077148
72,t2_b0,26,11,320,140,5.777858257293701
72,t2_b0,27,5,300,160,1.1809725761413574
72,t2_b0,30,5,277,144,1.561194896697998
72,t2_b0,31,5,281,136,5.368095874786377
72,t2_b0,32,5,305,164,1.641978144645691
72,t2_b0,35,5,305,196,1.7975046634674072
72,t2_b0,37,5,305,180,2.19950008392334
72,t2_b0,38,5,295,124,1.2413660287857056
72,t2_b0,39,5,300,160,1.6117658615112305
72,t2_b0,41,5,310,200,1.7371585369110107
72,t2_b0,45,5,265,148,2.9009222984313965
72,t2_b0,46,5,291,160,36.66508865356445
72,t2_b0,50,2,266,120,30.303279876708984
72,t2_b0,51,5,285,148,1.3782680034637451
72,t2_b0,52,4,305,200,2.313802719116211
72,t2_b0,53,2,281,132,18.578462600708008
72,t2_b0,56,5,305,168,5.460450649261475
72,t2_b0,57,5,300,160,7.892752647399902
72,t2_b0,59,43,343,164,19.60162925720215
73,t2_b0,2,5,280,132,5.311943531036377
73,t2_b0,4,5,285,148,0.9141055345535278
73,t2_b0,7,5,253,124,4.527902126312256
73,t2_b0,8,5,246,144,83.22984313964844
73,t2_b0,14,5,310,168,0.8516374230384827
73,t2_b0,15,5,305,132,2.1083250045776367
73,t2_b0,17,1,270,140,23.053543090820312
73,t2_b0,19,5,283,120,5.436987400054932
73,t2_b0,23,5,310,168,1.7142276763916016
73,t2_b0,24,5,310,192,1.594648838043213
73,t2_b0,27,5,305,164,0.9049563407897949
73,t2_b0,30,5,282,148,4.217138767242432
73,t2_b0,31,5,286,140,35.0394287109375
73,t2_b0,32,5,310,168,1.2226331233978271
73,t2_b0,35,5,310,200,38.92488098144531
73,t2_b0,36,5,305,132,4.863953113555908
73,t2_b0,37,5,310,184,1.9266831874847412
73,t2_b0,38,5,300,128,0.8509966135025024
73,t2_b0,39,5,305,164,22.200056076049805
73,t2_b0,41,5,315,204,0.9418479800224304
73,t2_b0,43,5,275,140,1.8304808139801025
73,t2_b0,45,5,270,152,41.38060760498047
73,t2_b0,46,5,296,164,1.815926194190979
73,t2_b0,51,5,290,152,0.9887213706970215
73,t2_b0,52,5,310,204,3.9695281982421875
73,t2_b0,56,5,310,172,1.52126145362854
73,t2_b0,57,5,305,164,6.597024917602539
74,t2_b0,2,5,285,136,40.478878021240234
74,t2_b0,3,26,306,148,2.7591331005096436
74,t2_b0,4,5,290,152,0.8547941446304321
74,t2_b0,7,5,258,128,2.4426403045654297
74,t2_b0,8,5,251,148,44.80415725708008
74,t2_b0,14,5,315,172,22.659635543823242
74,t2_b0,15,5,310,136,1.8979084491729736
74,t2_b0,17,2,272,144,2.4192142486572266
74,t2_b0,19,5,288,124,5.024008750915527
74,t2_b0,23,5,315,172,1.8036527633666992
74,t2_b0,24,5,315,196,2.7476658821105957
74,t2_b0,25,10,290,160,46.33863067626953
74,t2_b0,27,5,310,168,1.230654001235962
74,t2_b0,30,5,287,152,3.041332244873047
74,t2_b0,31,5,291,144,5.047609806060791
74,t2_b0,32,5,315,172,1.8174220323562622
74,t2_b0,35,5,315,204,3.6866140365600586
74,t2_b0,36,1,306,136,4.776312828063965
74,t2_b0,37,5,315,188,2.884857416152954
74,t2_b0,38,5,305,132,19.25335693359375
74,t2_b0,39,5,310,168,29.043380737304688
74,t2_b0,41,5,320,208,0.7870409488677979
74,t2_b0,43,5,280,144,3.6783862113952637
74,t2_b0,45,5,275,156,40.53733825683594
74,t2_b0,46,5,301,168,2.420039653778076
74,t2_b0,47,5,300,160,40.6449089050293
74,t2_b0,48,5,270,164,3.562877655029297
74,t2_b0,49,5,305,172,33.998573303222656
74,t2_b0,51,5,295,156,1.3151646852493286
74,t2_b0,52,5,315,208,4.4853410720825195
74,t2_b0,56,5,315,176,5.673909664154053
74,t2_b0,57,5,310,168,6.847883701324463
74,t2_b0,58,5,300,132,2.5859947204589844
75,t2_b0,2,5,290,140,4.551600456237793
75,t2_b0,4,5,295,156,0.9622266888618469
75,t2_b0,7,5,263,132,2.4245352745056152
75,t2_b0,8,5,256,152,3.6593618392944336
75,t2_b0,14,5,320,176,2.066338062286377
75,t2_b0,15,5,315,140,2.4982333183288574
75,t2_b0,17,5,277,148,42.87165451049805
75,t2_b0,19,5,293,128,7.613182067871094
75,t2_b0,20,3,285,156,2.355712890625
75,t2_b0,23,5,320,176,17.495147705078125
75,t2_b0,24,5,320,200,1.7657721042633057
75,t2_b0,27,5,315,172,0.8792197704315186
75,t2_b0,30,5,292,156,5.023141384124756
75,t2_b0,31,5,296,148,36.51007080078125
75,t2_b0,32,5,320,176,1.3530018329620361
75,t2_b0,35,5,320,208,2.0437865257263184
75,t2_b0,37,5,320,192,1.9228150844573975
75,t2_b0,38,5,310,136,1.1029069423675537
75,t2_b0,39,5,315,172,1.429224967956543
75,t2_b0,40,5,241,148,3.790067195892334
75,t2_b0,41,5,325,212,1.3778811693191528
75,t2_b0,43,45,325,148,5.160993576049805
75,t2_b0,45,5,280,160,3.1087474822998047
75,t2_b0,46,5,306,172,2.3483808040618896
75,t2_b0,47,5,305,164,2.595628023147583
75,t2_b0,48,5,275,168,24.458406448364258
75,t2_b0,51,5,300,160,1.3059277534484863
75,t2_b0,52,5,320,212,5.644252777099609
75,t2_b0,56,5,320,180,40.97235107421875
75,t2_b0,57,5,315,172,6.447630882263184
75,t2_b0,58,5,305,136,21.4288387298584
76,t2_b0,2,5,295,144,40.1328010559082
76,t2_b0,4,5,300,160,0.8510357141494751
76,t2_b0,6,5,278,144,19.0665283203125
76,t2_b0,7,5,268,136,3.328627109527588
76,t2_b0,8,5,261,156,2.374366283416748
76,t2_b0,13,5,290,140,57.429325103759766
76,t2_b0,14,5,325,180,1.1472429037094116
76,t2_b0,15,5,320,144,22.859525680541992
76,t2_b0,17,20,297,152,3.2741823196411133
76,t2_b0,19,5,298,132,7.675784587860107
76,t2_b0,20,4,289,160,41.347591400146484
76,t2_b0,23,5,325,180,2.183385133743286
76,t2_b0,24,5,325,204,2.8090267181396484
76,t2_b0,27,5,320,176,1.0737640857696533
76,t2_b0,30,5,297,160,2.1700377464294434
76,t2_b0,31,5,301,152,6.613100051879883
76,t2_b0,32,5,325,180,1.095572829246521
76,t2_b0,33,24,251,148,4.265256881713867
76,t2_b0,35,5,325,212,37.746524810791016
76,t2_b0,37,5,325,196,1.600160837173462
76,t2_b0,38,5,315,140,19.59947395324707
76,t2_b0,39,5,320,176,22.000917434692383
76,t2_b0,41,5,330,216,1.3516466617584229
76,t2_b0,45,5,285,164,2.196031093597412
76,t2_b0,46,5,311,176,37.058345794677734
76,t2_b0,47,5,310,168,3.0205307006835938
76,t2_b0,48,5,280,172,4.13383674621582
76,t2_b0,51,5,305,164,1.8200138807296753
76,t2_b0,52,5,325,216,2.592672824859619
76,t2_b0,55,36,311,144,2.9591622352600098
76,t2_b0,56,5,325,184,40.61140441894531
76,t2_b0,57,5,320,176,10.320319175720215
76,t2_b0,58,5,310,140,14.269150733947754
77,t2_b0,0,5,279,144,0.9065210819244385
77,t2_b0,2,5,300,148,40.992835998535156
77,t2_b0,4,5,305,164,1.4347727298736572
77,t2_b0,5,5,312,180,3.002676248550415
77,t2_b0,6,5,283,148,8.123591423034668
77,t2_b0,7,5,273,140,44.96714401245117
77,t2_b0,8,5,266,160,40.484336853027344
77,t2_b0,11,5,276,112,19.099647521972656
77,t2_b0,13,5,295,144,21.09088134765625
77,t2_b0,14,5,330,184,1.2350660562515259
77,t2_b0,15,5,325,148,22.935821533203125
77,t2_b0,19,26,324,136,5.963530540466309
77,t2_b0,20,5,294,164,2.90895938873291
77,t2_b0,22,5,277,96,43.58363342285156
77,t2_b0,23,5,330,184,1.549950361251831
77,t2_b0,24,5,330,208,1.9967451095581055
77,t2_b0,27,5,325,180,1.3055559396743774
77,t2_b0,30,5,302,164,4.119585037231445
77,t2_b0,31,5,306,156,35.1461181640625
77,t2_b0,32,5,330,184,1.5100281238555908
77,t2_b0,35,5,330,216,2.7201404571533203
77,t2_b0,37,5,330,200,2.176903486251831
77,t2_b0,38,5,320,144,34.63090515136719
77,t2_b0,39,5,325,180,1.2235080003738403
77,t2_b0,41,5,335,220,1.0398471355438232
77,t2_b0,45,5,290,168,40.449501037597656
77,t2_b0,46,5,316,180,2.7420272827148438
77,t2_b0,47,5,315,172,2.9872589111328125
77,t2_b0,48,5,285,176,6.246822357177734
77,t2_b0,50,8,274,124,29.1817626953125
77,t2_b0,51,5,310,168,1.7515825033187866
77,t2_b0,52,5,330,220,1.5952852964401245
77,t2_b0,56,5,330,188,40.21938705444336
77,t2_b0,57,5,325,180,6.043635368347168
77,t2_b0,58,5,315,144,3.128310441970825
78,t2_b0,0,5,284,148,2.6337523460388184
78,t2_b0,2,5,305,152,5.294536113739014
78,t2_b0,4,5,310,168,1.2568496465682983
78,t2_b0,5,1,313,184,38.3692626953125
78,t2_b0,6,5,288,152,21.753921508789062
78,t2_b0,7,5,278,144,3.368847370147705
78,t2_b0,8,5,271,164,2.861804723739624
78,t2_b0,11,5,281,116,4.9071807861328125
78,t2_b0,13,5,300,148,3.1682164669036865
78,t2_b0,14,5,335,188,1.833023190498352
78,t2_b0,15,5,330,152,1.526769995689392
78,t2_b0,20,5,299,168,3.809032917022705
78,t2_b0,22,1,278,100,13.762337684631348
78,t2_b0,23,5,335,188,1.9598010778427124
78,t2_b0,24,5,335,212,2.3325743675231934
78,t2_b0,27,5,330,184,1.3037900924682617
78,t2_b0,30,5,307,168,3.4447808265686035
78,t2_b0,31,5,311,160,5.006253719329834
78,t2_b0,32,5,335,188,1.0596539974212646
78,t2_b0,35,5,335,220,2.793797254562378
78,t2_b0,37,5,335,204,45.52691650390625
78,t2_b0,38,5,325,148,1.6366328001022339
78,t2_b0,39,22,347,184,24.45574188232422
78,t2_b0,41,5,340,224,1.1984882354736328
78,t2_b0,45,5,295,172,4.345972537994385
78,t2_b0,46,5,321,184,2.948629856109619
78,t2_b0,47,5,320,176,2.69042706489563
78,t2_b0,48,5,290,180,3.6593544483184814
78,t2_b0,51,5,315,172,35.205535888671875
78,t2_b0,52,5,335,224,2.894908905029297
78,t2_b0,56,5,335,192,2.351740598678589
78,t2_b0,57,5,330,184,41.242008209228516
78,t2_b0,58,5,320,148,2.2233777046203613
79,t2_b0,0,5,289,152,1.8476096391677856
79,t2_b0,1,1,297,132,4.41273832321167
79,t2_b0,2,5,310,156,39.617889404296875
79,t2_b0,4,5,315,172,1.3406791687011719
79,t2_b0,6,5,293,156,5.3233466148376465
79,t2_b0,7,5,283,148,42.85725021362305
79,t2_b0,8,5,276,168,2.974609613418579
79,t2_b0,11,1,282,120,5.720039367675781
79,t2_b0,13,5,305,152,21.32647705078125
79,t2_b0,14,5,340,192,1.4494317770004272
79,t2_b0,15,5,335,156,2.0587408542633057
79,t2_b0,16,14,305,112,1.9873950481414795
79,t2_b0,20,5,304,172,1.8725372552871704
79,t2_b0,22,5,283,104,13.423486709594727
79,t2_b0,23,5,340,192,17.866451263427734
79,t2_b0,24,5,340,216,2.441438913345337
79,t2_b0,27,27,357,188,34.31903839111328
79,t2_b0,30,5,312,172,5.943453788757324
79,t2_b0,31,5,316,164,6.136702060699463
79,t2_b0,32,5,340,192,1.5281299352645874
79,t2_b0,35,5,340,224,1.562448263168335
79,t2_b0,36,5,311,140,35.808841705322266
79,t2_b0,37,5,340,208,0.9277767539024353
79,t2_b0,38,5,330,152,34.940250396728516
79,t2_b0,40,5,246,152,2.928112745285034
79,t2_b0,41,5,345,228,1.714792251586914
79,t2_b0,45,5,300,176,2.3030710220336914
79,t2_b0,46,5,326,188,1.7857248783111572
79,t2_b0,47,5,325,180,2.7341630458831787
79,t2_b0,48,5,295,184,24.65241050720215
79,t2_b0,51,5,320,176,35.47344207763672
79,t2_b0,52,31,366,228,3.204165458679199
79,t2_b0,53,5,286,136,1.9118752479553223
79,t2_b0,56,5,340,196,1.8762335777282715
79,t2_b0,57,5,335,188,5.920988082885742
79,t2_b0,58,5,325,152,23.87029457092285
80,t2_b0,0,5,294,156,1.7823657989501953
80,t2_b0,1,5,302,136,4.905567646026611
80,t2_b0,2,5,315,160,4.532000541687012
80,t2_b0,4,5,320,176,1.655134916305542
80,t2_b0,6,5,298,160,9.837352752685547
80,t2_b0,7,5,288,152,44.5405158996582
80,t2_b0,8,5,281,172,2.567775249481201
80,t2_b0,11,2,284,124,4.589040756225586
80,t2_b0,13,5,310,156,22.062301635742188
80,t2_b0,14,5,345,196,0.64979487657547
80,t2_b0,15,5,340,160,23.75985336303711
80,t2_b0,20,5,309,176,4.414682388305664
80,t2_b0,22,29,312,108,1.0134836435317993
80,t2_b0,23,5,345,196,1.9491502046585083
80,t2_b0,24,5,345,220,3.1957545280456543
80,t2_b0,30,5,317,176,5.312080383300781
80,t2_b0,31,5,321,168,40.40032958984375
80,t2_b0,32,5,345,196,1.2257784605026245
80,t2_b0,35,5,345,228,2.5874857902526855
80,t2_b0,36,2,313,144,4.622740268707275
80,t2_b0,37,5,345,212,46.945228576660156
80,t2_b0,38,5,335,156,19.545549392700195
80,t2_b0,40,2,248,156,5.061679363250732
80,t2_b0,41,5,350,232,1.1932717561721802
80,t2_b0,44,5,325,196,4.491854190826416
80,t2_b0,45,5,305,180,41.06047821044922
80,t2_b0,46,5,331,192,2.209226369857788
80,t2_b0,47,5,330,184,1.6527103185653687
80,t2_b0,48,5,300,188,4.049811363220215
80,t2_b0,51,5,325,180,1.1582034826278687
80,t2_b0,53,2,288,140,1.5923621654510498
80,t2_b0,56,5,345,200,3.065333604812622
80,t2_b0,57,5,340,192,6.856639385223389
80,t2_b0,58,5,330,156,23.08612632751465
81,t2_b0,0,5,299,160,22.32118034362793
81,t2_b0,1,5,307,140,2.5302274227142334
81,t2_b0,2,5,320,164,3.2193760871887207
81,t2_b0,4,5,325,180,0.8768557906150818
81,t2_b0,6,5,303,164,8.690717697143555
81,t2_b0,7,5,293,156,84.27200317382812
81,t2_b0,8,5,286,176,2.537104368209839
81,t2_b0,10,5,317,144,3.249131202697754
81,t2_b0,11,2,286,128,20.502553939819336
81,t2_b0,13,5,315,160,2.918266773223877
81,t2_b0,14,3,348,200,22.63359260559082
81,t2_b0,15,5,345,164,1.8736239671707153
81,t2_b0,18,1,304,148,7.926872253417969
81,t2_b0,20,5,314,180,3.1125574111938477
81,t2_b0,23,5,350,200,1.8184810876846313
81,t2_b0,24,5,350,224,2.9934298992156982
81,t2_b0,29,1,305,140,23.026735305786133
81,t2_b0,30,5,322,180,5.729563236236572
81,t2_b0,31,5,326,172,5.368731498718262
81,t2_b0,32,5,350,200,1.3524208068847656
81,t2_b0,35,26,371,232,3.577353000640869
81,t2_b0,36,2,315,148,5.91571044921875
81,t2_b0,37,5,350,216,1.949400782585144
81,t2_b0,38,5,340,160,1.5144122838974
81,t2_b0,40,3,251,160,4.743555545806885
81,t2_b0,41,5,355,236,1.0216230154037476
81,t2_b0,44,2,327,200,32.40330123901367
81,t2_b0,45,5,310,184,2.363372564315796
81,t2_b0,46,5,336,196,1.833978533744812
81,t2_b0,47,5,335,188,2.8415534496307373
81,t2_b0,48,5,305,192,3.4999732971191406
81,t2_b0,51,5,330,184,1.4023387432098389
81,t2_b0,53,5,293,144,57.22521209716797
81,t2_b0,54,5,345,168,2.769883394241333
81,t2_b0,56,5,350,204,2.344069004058838
81,t2_b0,57,5,345,196,6.0640339851379395
81,t2_b0,58,5,335,160,15.61578369140625
82,t2_b0,0,5,304,164,21.032779693603516
82,t2_b0,4,5,330,184,35.308773040771484
82,t2_b0,7,5,298,160,2.424023389816284
82,t2_b0,8,5,291,180,3.6072890758514404
82,t2_b0,10,2,319,148,41.067081451416016
82,t2_b0,13,5,320,164,2.82403826713562
82,t2_b0,15,5,350,168,2.3760154247283936
82,t2_b0,20,5,319,184,4.297539234161377
82,t2_b0,23,5,355,204,1.2263038158416748
82,t2_b0,24,4,354,228,3.0905380249023438
82,t2_b0,26,5,325,144,17.917150497436523
82,t2_b0,30,5,327,184,5.559954643249512
82,t2_b0,31,5,331,176,36.57209014892578
82,t2_b0,32,5,355,204,1.4623944759368896
82,t2_b0,36,1,316,152,36.970703125
82,t2_b0,37,5,355,220,1.4911375045776367
82,t2_b0,38,5,345,164,2.7088725566864014
82,t2_b0,40,5,256,164,3.816234588623047
82,t2_b0,41,4,359,240,1.477113127708435
82,t2_b0,44,2,329,204,31.400413513183594
82,t2_b0,45,5,315,188,3.4851009845733643
82,t2_b0,46,4,340,200,1.4424443244934082
82,t2_b0,47,5,340,192,1.7457115650177002
82,t2_b0,48,5,310,196,2.8432209491729736
82,t2_b0,51,5,335,188,35.32416915893555
82,t2_b0,53,5,298,148,1.662352204322815
82,t2_b0,54,5,350,172,55.67531967163086
82,t2_b0,56,4,354,208,1.4872995615005493
82,t2_b0,58,5,340,164,22.975309371948242
82,t2_b0,59,5,348,168,0.6830635070800781
83,t2_b0,0,5,309,168,3.4621522426605225
83,t2_b0,2,5,325,168,2.9087326526641846
83,t2_b0,4,5,335,188,36.23340606689453
83,t2_b0,7,5,303,164,81.6554946899414
83,t2_b0,8,5,296,184,81.7158203125
83,t2_b0,10,3,322,152,40.052005767822266
83,t2_b0,13,5,325,168,38.74106216430664
83,t2_b0,15,5,355,172,3.506359100341797
83,t2_b0,20,5,324,188,3.2104296684265137
83,t2_b0,23,5,360,208,1.3757846355438232
83,t2_b0,24,4,358,232,4.4643235206604
83,t2_b0,26,5,330,148,4.7026686668396
83,t2_b0,28,5,275,152,2.843489646911621
83,t2_b0,30,16,343,188,4.738546371459961
83,t2_b0,31,5,336,180,4.869163513183594
83,t2_b0,32,5,360,208,36.88939666748047
83,t2_b0,36,3,319,156,21.698740005493164
83,t2_b0,37,4,359,224,1.6862635612487793
83,t2_b0,38,5,350,168,2.6105291843414307
83,t2_b0,40,2,258,168,3.8607177734375
83,t2_b0,41,5,364,244,1.3861721754074097
83,t2_b0,44,5,334,208,4.72909688949585
83,t2_b0,45,5,320,192,2.9163577556610107
83,t2_b0,46,5,345,204,36.74472427368164
83,t2_b0,47,5,345,196,42.5581169128418
83,t2_b0,48,5,315,200,4.864886283874512
83,t2_b0,51,5,340,192,36.07698059082031
83,t2_b0,53,5,303,152,1.618028998374939
83,t2_b0,54,5,355,176,25.156051635742188
83,t2_b0,56,5,359,212,1.6331769227981567
83,t2_b0,58,5,345,168,34.46307373046875
83,t2_b0,59,5,353,172,2.028386354446411
84,t2_b0,0,5,314,172,21.86989402770996
84,t2_b0,2,1,326,172,41.2764892578125
84,t2_b0,3,5,311,152,3.035809278488159
84,t2_b0,4,16,351,192,1.7160744667053223
84,t2_b0,7,5,308,168,2.453864812850952
84,t2_b0,8,5,301,188,2.348041296005249
84,t2_b0,10,2,324,156,1.9085571765899658
84,t2_b0,13,3,328,172,37.70867919921875
84,t2_b0,15,4,359,176,2.065540313720703
84,t2_b0,20,2,326,192,43.1397705078125
84,t2_b0,23,5,365,212,18.767990112304688
84,t2_b0,24,3,361,236,45.06964111328125
84,t2_b0,25,5,295,164,2.1384637355804443
84,t2_b0,26,5,335,152,64.7885513305664
84,t2_b0,28,5,280,156,33.38872528076172
84,t2_b0,31,13,349,184,44.39261245727539
84,t2_b0,32,5,365,212,1.1346631050109863
84,t2_b0,36,2,321,160,33.401241302490234
84,t2_b0,37,4,363,228,2.339606761932373
84,t2_b0,38,5,355,172,19.983142852783203
84,t2_b0,40,3,261,172,3.291442632675171
84,t2_b0,41,5,369,248,1.3023325204849243
84,t2_b0,42,5,308,144,2.1491482257843018
84,t2_b0,44,2,336,212,3.808509111404419
84,t2_b0,45,5,325,196,2.9708292484283447
84,t2_b0,46,5,350,208,2.2517120838165283
84,t2_b0,47,4,349,200,42.75160217285156
84,t2_b0,48,3,318,204,3.002756357192993
84,t2_b0,51,5,345,196,1.397675633430481
84,t2_b0,54,5,360,180,2.872485876083374
84,t2_b0,56,5,364,216,2.4401602745056152
84,t2_b0,58,5,350,172,22.798175811767578
84,t2_b0,59,5,358,176,1.8669596910476685
85,t2_b0,0,1,315,176,2.3771421909332275
85,t2_b0,1,1,308,144,5.286493301391602
85,t2_b0,2,5,331,176,38.989585876464844
85,t2_b0,3,1,312,156,27.7519588470459
85,t2_b0,6,1,304,168,6.139589786529541
85,t2_b0,7,5,313,172,84.2314453125
85,t2_b0,8,15,316,192,2.825532913208008
85,t2_b0,10,1,325,160,2.4895148277282715
85,t2_b0,13,1,329,176,21.3349609375
85,t2_b0,14,5,353,204,22.678571701049805
85,t2_b0,15,5,364,180,2.1474366188049316
85,t2_b0,20,1,327,196,4.022448539733887
85,t2_b0,23,5,370,216,1.6165988445281982
85,t2_b0,24,1,362,240,45.87718963623047
85,t2_b0,25,5,300,168,1.6720454692840576
85,t2_b0,26,5,340,156,40.234100341796875
85,t2_b0,28,4,284,160,1.335896372795105
85,t2_b0,29,1,306,144,3.7868361473083496
85,t2_b0,32,5,370,216,1.4311147928237915
85,t2_b0,36,1,322,164,33.20686721801758
85,t2_b0,37,4,367,232,3.179523468017578
85,t2_b0,38,5,360,176,2.5313968658447266
85,t2_b0,40,1,262,176,2.489656925201416
85,t2_b0,41,5,374,252,1.05034339427948
85,t2_b0,43,5,330,152,5.092004776000977
85,t2_b0,44,1,337,216,30.44952392578125
85,t2_b0,45,3,328,200,2.2653656005859375
85,t2_b0,46,3,353,212,2.238786220550537
85,t2_b0,47,1,350,204,2.4092483520507812
85,t2_b0,48,1,319,208,3.8242902755737305
85,t2_b0,51,5,350,200,2.470503807067871
85,t2_b0,54,5,365,184,6.945551872253418
85,t2_b0,56,3,367,220,41.272891998291016
85,t2_b0,57,1,346,200,6.67214822769165
85,t2_b0,58,1,351,176,3.2448513507843018
86,t2_b0,0,3,318,180,2.4500129222869873
86,t2_b0,1,1,309,148,2.567780017852783
86,t2_b0,2,1,332,180,6.509677886962891
86,t2_b0,3,5,317,160,27.235485076904297
86,t2_b0,6,1,305,172,8.427109718322754
86,t2_b0,7,15,328,176,2.6103334426879883
86,t2_b0,10,5,330,164,2.379331350326538
86,t2_b0,12,5,290,136,4.762556076049805
86,t2_b0,13,4,333,180,1.9647505283355713
86,t2_b0,14,2,355,208,0.9631354808807373
86,t2_b0,15,1,365,184,2.6015031337738037
86,t2_b0,18,1,305,152,5.026373863220215
86,t2_b0,20,3,330,200,39.29145050048828
86,t2_b0,23,14,384,220,19.535856246948242
86,t2_b0,24,1,363,244,2.629944324493408
86,t2_b0,25,2,302,172,15.605511665344238
86,t2_b0,26,1,341,160,29.59048080444336
86,t2_b0,28,1,285,164,2.278085231781006
86,t2_b0,29,2,308,148,20.469825744628906
86,t2_b0,32,1,371,220,1.5252070426940918
86,t2_b0,33,5,256,152,5.6933817863464355
86,t2_b0,36,5,327,168,6.420958042144775
86,t2_b0,37,6,373,236,3.31196928024292
86,t2_b0,38,4,364,180,34.56906509399414
86,t2_b0,40,4,266,180,5.2635650634765625
86,t2_b0,41,1,375,256,1.6038893461227417
86,t2_b0,43,2,332,156,5.946456432342529
86,t2_b0,44,5,342,220,4.5752458572387695
86,t2_b0,45,5,333,204,40.95044708251953
86,t2_b0,46,1,354,216,1.913905382156372
86,t2_b0,47,3,353,208,41.177886962890625
86,t2_b0,48,4,323,212,3.1603293418884277
86,t2_b0,51,1,351,204,35.35444641113281
86,t2_b0,54,5,370,188,3.748053550720215
86,t2_b0,55,5,316,148,2.9379477500915527
86,t2_b0,56,1,368,224,3.8669075965881348
86,t2_b0,57,2,348,204,66.87359619140625
86,t2_b0,58,3,354,180,4.842304229736328
87,t2_b0,0,4,322,184,2.2807071208953857
87,t2_b0,1,1,310,152,3.0403859615325928
87,t2_b0,3,3,320,164,6.657084941864014
87,t2_b0,6,6,311,176,17.09618377685547
87,t2_b0,9,5,335,164,4.334164142608643
87,t2_b0,10,2,332,168,41.5094108581543
87,t2_b0,12,4,294,140,43.00149917602539
87,t2_b0,13,5,338,184,37.946353912353516
87,t2_b0,14,1,356,212,22.559608459472656
87,t2_b0,15,1,366,188,2.6288907527923584
87,t2_b0,19,5,329,140,7.495419979095459
87,t2_b0,20,3,333,204,3.9796838760375977
87,t2_b0,24,1,364,248,2.6321113109588623
87,t2_b0,25,3,305,176,1.7176512479782104
87,t2_b0,26,1,342,164,2.6958718299865723
87,t2_b0,28,5,290,168,32.47303771972656
87,t2_b0,29,1,309,152,22.176612854003906
87,t2_b0,32,1,372,224,1.6116032600402832
87,t2_b0,33,1,257,156,3.0382609367370605
87,t2_b0,36,2,329,172,18.913192749023438
87,t2_b0,38,1,365,184,19.076807022094727
87,t2_b0,40,4,270,184,3.762972831726074
87,t2_b0,41,5,380,260,1.552534818649292
87,t2_b0,43,1,333,160,2.6433897018432617
87,t2_b0,44,3,345,224,4.238803386688232
87,t2_b0,45,1,334,208,3.117258310317993
87,t2_b0,46,1,355,220,2.6933796405792236
87,t2_b0,47,4,357,212,3.1732709407806396
87,t2_b0,48,5,328,216,2.8430235385894775
87,t2_b0,51,1,352,208,1.7444154024124146
87,t2_b0,54,3,373,192,2.7451062202453613
87,t2_b0,55,4,320,152,4.9942498207092285
87,t2_b0,56,1,369,228,2.7315304279327393
87,t2_b0,57,5,353,208,4.266019821166992
87,t2_b0,58,4,358,184,3.8039894104003906
87,t2_b0,59,2,360,180,19.55072593688965
88,t2_b0,0,3,325,188,21.70410919189453
88,t2_b0,1,5,315,156,2.5678045749664307
88,t2_b0,3,5,325,168,28.781658172607422
88,t2_b0,9,2,337,168,2.94273042678833
88,t2_b0,10,5,337,172,1.916201114654541
88,t2_b0,12,5,299,144,5.344207763671875
88,t2_b0,13,3,341,188,21.473722457885742
88,t2_b0,15,1,367,192,2.4057869911193848
88,t2_b0,19,1,330,144,5.485601425170898
88,t2_b0,20,1,334,208,4.634437084197998
88,t2_b0,24,1,365,252,2.6648526191711426
88,t2_b0,25,1,306,180,1.1312839984893799
88,t2_b0,32,1,373,228,1.436430811882019
88,t2_b0,33,1,258,160,3.0727198123931885
88,t2_b0,36,5,334,176,34.221405029296875
88,t2_b0,38,4,369,188,2.454474925994873
88,t2_b0,39,1,348,188,22.46843910217285
88,t2_b0,40,5,275,188,3.4635045528411865
88,t2_b0,41,4,384,264,1.2193294763565063
88,t2_b0,42,1,309,148,25.514848709106445
88,t2_b0,44,5,350,228,4.225861549377441
88,t2_b0,45,5,339,212,3.0344126224517822
88,t2_b0,46,1,356,224,1.977722406387329
88,t2_b0,47,3,360,216,42.31906509399414
88,t2_b0,48,3,331,220,4.043065071105957
88,t2_b0,51,1,353,212,2.981151580810547
88,t2_b0,54,1,374,196,25.002561569213867
88,t2_b0,55,5,325,156,2.364414930343628
88,t2_b0,56,5,374,232,3.51954984664917
88,t2_b0,58,2,360,188,22.25244140625
88,t2_b0,59,3,363,184,1.574695348739624
89,t2_b0,0,1,326,192,2.0737497806549072
89,t2_b0,3,5,330,172,5.354423522949219
89,t2_b0,7,5,333,180,3.145296096801758
89,t2_b0,10,4,341,176,1.7020409107208252
89,t2_b0,11,5,291,132,4.045710563659668
89,t2_b0,12,4,303,148,7.936017036437988
89,t2_b0,13,1,342,192,36.89624786376953
89,t2_b0,14,5,361,216,2.1499147415161133
89,t2_b0,15,2,369,196,3.8634450435638428
89,t2_b0,18,5,310,156,8.258657455444336
89,t2_b0,19,2,332,148,5.962329387664795
89,t2_b0,24,1,366,256,2.9995102882385254
89,t2_b0,25,5,311,184,1.2074404954910278
89,t2_b0,27,5,362,192,0.9776600003242493
89,t2_b0,32,2,375,232,2.010545253753662
89,t2_b0,36,4,338,180,17.65277671813965
89,t2_b0,39,1,349,192,2.078103542327881
89,t2_b0,40,5,280,192,2.865201234817505
89,t2_b0,44,5,355,232,32.781524658203125
89,t2_b0,46,2,358,228,1.626930832862854
89,t2_b0,47,1,361,220,2.3500800132751465
89,t2_b0,48,1,332,224,23.22071075439453
89,t2_b0,50,5,279,128,37.46744918823242
89,t2_b0,51,2,355,216,2.3842897415161133
89,t2_b0,52,5,371,232,2.7950785160064697
89,t2_b0,54,2,376,200,2.9892868995666504
89,t2_b0,55,4,329,160,3.2385287284851074
89,t2_b0,56,2,376,236,41.22520065307617
89,t2_b0,58,1,361,192,3.6724343299865723
89,t2_b0,59,1,364,188,1.508026361465454
90,t2_b0,0,5,331,196,2.603090763092041
90,t2_b0,3,3,333,176,8.515432357788086
90,t2_b0,10,1,342,180,2.42315673828125
90,t2_b0,11,2,293,136,5.516383171081543
90,t2_b0,12,2,305,152,2.7555153369903564
90,t2_b0,15,1,370,200,2.6542375087738037
90,t2_b0,19,2,334,152,4.389395713806152
90,t2_b0,24,1,367,260,44.16309356689453
90,t2_b0,27,5,367,196,34.351558685302734
90,t2_b0,28,5,295,172,2.0918989181518555
90,t2_b0,32,2,377,236,37.51216506958008
90,t2_b0,36,1,339,184,5.3450751304626465
90,t2_b0,39,1,350,196,31.54615020751953
90,t2_b0,40,3,283,196,3.09855318069458
90,t2_b0,44,2,357,236,4.4845476150512695
90,t2_b0,46,5,363,232,2.9896321296691895
90,t2_b0,51,2,357,220,2.2015044689178467
90,t2_b0,52,2,373,236,2.9531922340393066
90,t2_b0,54,2,378,204,34.11824035644531
91,t2_b0,5,5,318,188,2.9002671241760254
91,t2_b0,10,2,344,184,1.8068783283233643
91,t2_b0,12,3,308,156,4.702704429626465
91,t2_b0,15,5,375,204,3.040405511856079
91,t2_b0,18,5,315,160,10.119510650634766
91,t2_b0,25,5,316,188,1.4340105056762695
91,t2_b0,27,5,372,200,73.03954315185547
91,t2_b0,35,5,376,236,38.70408248901367
91,t2_b0,36,2,341,188,6.4152679443359375
91,t2_b0,39,5,355,200,3.126652240753174
91,t2_b0,40,1,284,200,3.7021007537841797
91,t2_b0,41,5,389,268,1.6076780557632446
91,t2_b0,43,5,338,164,41.54157257080078
91,t2_b0,54,5,383,208,3.2629575729370117
92,t2_b0,10,10,354,188,41.03349685668945
92,t2_b0,11,5,298,140,5.585865497589111
92,t2_b0,12,5,313,160,3.2862658500671387
92,t2_b0,25,5,321,192,1.1348892450332642
92,t2_b0,35,3,379,240,3.13150691986084
92,t2_b0,39,5,360,204,1.692018985748291
92,t2_b0,40,5,289,204,3.278613328933716
92,t2_b0,47,5,366,224,3.1275792121887207
92,t2_b0,58,2,363,196,4.441655158996582
93,t2_b0,16,5,310,116,33.99513244628906
93,t2_b0,25,5,326,196,16.06654930114746
93,t2_b0,35,4,383,244,3.1239473819732666
93,t2_b0,39,5,365,208,29.560712814331055
93,t2_b0,47,5,371,228,2.2529046535491943
93,t2_b0,48,5,337,228,23.8225040435791
93,t2_b0,50,5,284,132,7.024003982543945
93,t2_b0,52,5,378,240,3.8938398361206055
94,t2_b0,1,5,320,160,18.96380043029785
94,t2_b0,4,5,356,196,61.797794342041016
94,t2_b0,19,5,339,156,5.932095527648926
94,t2_b0,25,5,331,200,1.1019353866577148
94,t2_b0,32,5,382,240,1.5265220403671265
94,t2_b0,35,3,386,248,3.2722580432891846
94,t2_b0,39,5,370,212,3.7981529235839844
94,t2_b0,47,4,375,232,1.631722331047058
94,t2_b0,48,4,341,232,3.6152567863464355
94,t2_b0,50,4,288,136,31.51891326904297
94,t2_b0,51,5,362,224,1.847052812576294
95,t2_b0,0,8,339,200,1.7717359066009521
95,t2_b0,4,5,361,200,1.7504713535308838
95,t2_b0,9,11,348,172,2.108947277069092
95,t2_b0,20,5,339,212,40.69789123535156
95,t2_b0,21,5,252,176,3.1713240146636963
95,t2_b0,25,5,336,204,15.56338882446289
95,t2_b0,35,4,390,252,2.8743784427642822
95,t2_b0,39,5,375,216,3.446356773376465
95,t2_b0,47,4,379,236,3.142465114593506
95,t2_b0,48,4,345,236,2.520122528076172
95,t2_b0,50,4,292,140,36.58927917480469
96,t2_b0,4,5,366,204,2.100088596343994
96,t2_b0,19,5,344,160,28.046672821044922
96,t2_b0,20,3,342,216,2.435875654220581
96,t2_b0,23,5,389,224,27.619592666625977
96,t2_b0,25,5,341,208,1.361762523651123
96,t2_b0,29,5,314,156,2.9004859924316406
96,t2_b0,35,5,395,256,3.218327522277832
96,t2_b0,37,5,378,240,3.2401857376098633
96,t2_b0,39,5,380,220,3.600433349609375
96,t2_b0,47,4,383,240,2.447338581085205
96,t2_b0,48,4,349,240,3.880063772201538
96,t2_b0,50,4,296,144,5.8104753494262695
96,t2_b0,59,6,370,192,2.005892038345337
97,t2_b0,4,4,370,208,1.7441047430038452
97,t2_b0,15,5,380,208,2.6967155933380127
97,t2_b0,20,3,345,220,42.91682434082031
97,t2_b0,25,5,346,212,30.94475746154785
97,t2_b0,28,5,300,176,2.715128183364868
97,t2_b0,31,5,354,188,4.868598937988281
97,t2_b0,34,5,321,148,3.7945635318756104
97,t2_b0,35,4,399,260,40.78853225708008
97,t2_b0,37,4,382,244,3.076791286468506
97,t2_b0,39,5,385,224,2.9004757404327393
97,t2_b0,42,5,314,152,25.562448501586914
97,t2_b0,47,3,386,244,3.033541202545166
97,t2_b0,48,3,352,244,4.4252777099609375
97,t2_b0,49,5,310,176,2.7570645809173584
97,t2_b0,50,3,299,148,34.60150909423828
97,t2_b0,57,15,368,212,33.84577941894531
98,t2_b0,1,5,325,164,6.198965072631836
98,t2_b0,4,5,375,212,1.5053269863128662
98,t2_b0,13,1,343,196,2.9198193550109863
98,t2_b0,20,3,348,224,3.5378403663635254
98,t2_b0,22,5,317,112,30.89349365234375
98,t2_b0,25,5,351,216,1.2466552257537842
98,t2_b0,35,3,402,264,3.977924108505249
98,t2_b0,37,2,384,248,2.8104095458984375
98,t2_b0,38,5,374,192,1.0673307180404663
98,t2_b0,39,5,390,228,3.089000940322876
98,t2_b0,42,2,316,156,25.243488311767578
98,t2_b0,43,5,343,168,3.587763547897339
98,t2_b0,45,5,344,216,3.3163223266601562
98,t2_b0,47,5,391,248,2.057823657989502
98,t2_b0,48,5,357,248,24.216598510742188
98,t2_b0,50,5,304,152,3.9562931060791016
98,t2_b0,53,5,308,156,2.0070409774780273
99,t2_b0,4,4,379,216,36.20511245727539
99,t2_b0,5,5,323,192,4.127022743225098
99,t2_b0,13,4,347,200,36.981170654296875
99,t2_b0,20,6,354,228,3.8292489051818848
99,t2_b0,21,5,257,180,1.7187622785568237
99,t2_b0,24,5,372,264,45.70433807373047
99,t2_b0,25,4,355,220,1.1278188228607178
99,t2_b0,27,5,377,204,0.9319031238555908
99,t2_b0,30,5,348,192,4.931670665740967
99,t2_b0,33,10,268,164,24.625165939331055
99,t2_b0,35,1,403,268,3.5007967948913574
99,t2_b0,37,1,385,252,1.7974611520767212
99,t2_b0,39,23,413,232,22.8087215423584
99,t2_b0,42,1,317,160,2.8876805305480957
99,t2_b0,47,4,395,252,4.575427055358887
99,t2_b0,48,4,361,252,3.664337635040283
99,t2_b0,50,4,308,156,3.0188100337982178
100,t2_b0,4,5,384,220,28.561805725097656
100,t2_b0,6,5,316,180,10.138845443725586
100,t2_b0,13,2,349,204,3.7439801692962646
100,t2_b0,25,28,383,224,1.6901277303695679
100,t2_b0,28,5,305,180,7.003294944763184
100,t2_b0,35,1,404,272,1.6888020038604736
100,t2_b0,37,1,386,256,3.0356855392456055
100,t2_b0,40,5,294,208,3.278350353240967
100,t2_b0,42,1,318,164,24.40476417541504
100,t2_b0,45,5,349,220,3.0456371307373047
100,t2_b0,47,2,397,256,40.83991241455078
100,t2_b0,48,2,363,256,24.76911735534668
100,t2_b0,50,2,310,160,3.8153152465820312
101,t2_b0,4,1,385,224,27.070112228393555
101,t2_b0,5,5,328,196,33.947017669677734
101,t2_b0,8,5,321,196,43.82701110839844
101,t2_b0,13,1,350,208,2.4045071601867676
101,t2_b0,14,5,366,220,1.3631209135055542
101,t2_b0,34,5,326,152,28.14604949951172
101,t2_b0,35,1,405,276,39.452606201171875
101,t2_b0,37,5,391,260,1.4101585149765015
101,t2_b0,40,5,299,212,3.236362934112549
101,t2_b0,41,5,394,272,43.13844680786133
101,t2_b0,42,5,323,168,2.9269497394561768
101,t2_b0,46,5,368,236,1.7758581638336182
101,t2_b0,47,1,398,260,44.54393005371094
101,t2_b0,48,1,364,260,2.8206682205200195
101,t2_b0,49,5,315,180,3.281395673751831
101,t2_b0,50,1,311,164,4.413857460021973
102,t2_b0,4,3,388,228,1.7746219635009766
102,t2_b0,5,5,333,200,35.2243537902832
102,t2_b0,10,5,359,192,3.0654618740081787
102,t2_b0,11,5,303,144,4.700387954711914
102,t2_b0,13,3,353,212,37.94432067871094
102,t2_b0,22,5,322,116,2.170107126235962
102,t2_b0,24,5,377,268,3.733074903488159
102,t2_b0,34,5,331,156,3.6536035537719727
102,t2_b0,35,1,406,280,39.995147705078125
102,t2_b0,37,1,392,264,2.729351282119751
102,t2_b0,38,5,379,196,33.211517333984375
102,t2_b0,42,5,328,172,24.405502319335938
102,t2_b0,46,1,369,240,4.917257308959961
102,t2_b0,47,3,401,264,2.8939661979675293
102,t2_b0,48,3,367,264,24.092023849487305
102,t2_b0,50,3,314,168,7.293081760406494
102,t2_b0,52,5,383,244,7.5060248374938965
102,t2_b0,58,5,368,200,3.1657004356384277
103,t2_b0,1,5,330,168,57.87383270263672
103,t2_b0,4,5,393,232,1.9938708543777466
103,t2_b0,5,10,343,204,5.519901275634766
103,t2_b0,13,1,354,216,1.5239076614379883
103,t2_b0,14,5,371,224,1.7339355945587158
103,t2_b0,18,5,320,164,16.486501693725586
103,t2_b0,28,5,310,184,2.855379581451416
103,t2_b0,31,10,364,192,4.50892448425293
103,t2_b0,34,5,336,160,40.137107849121094
103,t2_b0,45,5,354,224,2.1007654666900635
103,t2_b0,47,1,402,268,1.877231478691101
103,t2_b0,48,1,368,268,5.176438808441162
103,t2_b0,50,1,315,172,2.878082752227783
103,t2_b0,53,5,313,160,1.6257402896881104
104,t2_b0,4,5,398,236,0.9557311534881592
104,t2_b0,6,1,317,184,4.840424537658691
104,t2_b0,13,5,359,220,1.7237205505371094
104,t2_b0,15,5,385,212,2.543978214263916
104,t2_b0,23,5,394,228,1.9448190927505493
104,t2_b0,27,5,382,208,1.5977718830108643
104,t2_b0,32,5,387,244,1.8244493007659912
104,t2_b0,35,1,407,284,3.16434907913208
104,t2_b0,36,5,346,192,4.1876749992370605
104,t2_b0,47,24,426,272,3.0700623989105225
104,t2_b0,48,5,373,272,5.003964900970459
104,t2_b0,50,5,320,176,38.09341049194336
104,t2_b0,55,5,334,164,2.745340347290039
105,t2_b0,1,5,335,172,5.042081356048584
105,t2_b0,4,2,400,240,1.6732698678970337
105,t2_b0,6,3,320,188,16.875913619995117
105,t2_b0,11,5,308,148,4.191162586212158
105,t2_b0,13,3,362,224,37.49491882324219
105,t2_b0,19,5,349,164,3.4351015090942383
105,t2_b0,22,5,327,120,13.415417671203613
105,t2_b0,35,5,412,288,4.643796443939209
105,t2_b0,45,5,359,228,3.0236778259277344
105,t2_b0,48,5,378,276,4.109833717346191
105,t2_b0,50,5,325,180,31.588415145874023
105,t2_b0,54,5,388,212,25.714080810546875
106,t2_b0,0,5,344,204,1.5924882888793945
106,t2_b0,3,5,338,180,18.803621292114258
106,t2_b0,4,3,403,244,27.20838737487793
106,t2_b0,6,3,323,192,3.710256576538086
106,t2_b0,10,5,364,196,2.0187888145446777
106,t2_b0,13,3,365,228,38.42501449584961
106,t2_b0,18,10,330,168,6.267436981201172
106,t2_b0,19,5,354,168,11.235485076904297
106,t2_b0,22,5,332,124,14.981969833374023
106,t2_b0,35,5,417,292,39.21446228027344
106,t2_b0,37,19,411,268,2.509807825088501
106,t2_b0,48,2,380,280,24.14267921447754
106,t2_b0,50,5,330,184,62.51613235473633
106,t2_b0,59,5,375,196,1.185701847076416
107,t2_b0,4,4,407,248,1.4932705163955688
107,t2_b0,6,3,326,196,23.950490951538086
107,t2_b0,10,5,369,200,39.868751525878906
107,t2_b0,13,3,368,232,58.60270690917969
107,t2_b0,17,15,312,156,22.617162704467773
107,t2_b0,32,5,392,248,34.56706619262695
107,t2_b0,35,5,422,296,38.12725830078125
107,t2_b0,43,5,348,172,18.061830520629883
107,t2_b0,48,18,398,284,4.866260528564453
107,t2_b0,50,5,335,188,33.18486404418945
107,t2_b0,52,5,388,248,2.975090503692627
107,t2_b0,57,1,369,216,3.96589994430542
107,t2_b0,59,5,380,200,1.1037737131118774
108,t2_b0,0,5,349,208,20.43971824645996
108,t2_b0,4,5,412,252,27.67584991455078
108,t2_b0,6,5,331,200,19.56861114501953
108,t2_b0,10,3,372,204,1.7823154926300049
108,t2_b0,13,5,373,236,21.54684066772461
108,t2_b0,27,5,387,212,1.8862881660461426
108,t2_b0,35,5,427,300,37.79026794433594
108,t2_b0,44,5,362,240,4.95613431930542
108,t2_b0,50,3,338,192,3.724040985107422
108,t2_b0,57,5,374,220,40.2230224609375
109,t2_b0,4,2,414,256,1.8894749879837036
109,t2_b0,6,2,333,204,5.494874477386475
109,t2_b0,10,2,374,208,19.281864166259766
109,t2_b0,13,2,375,240,3.226357936859131
109,t2_b0,23,5,399,232,2.6744155883789062
109,t2_b0,24,5,382,272,46.50315856933594
109,t2_b0,29,5,319,160,19.173057556152344
109,t2_b0,33,5,273,168,28.605281829833984
109,t2_b0,35,3,430,304,2.4993784427642822
109,t2_b0,39,5,418,236,1.888628602027893
109,t2_b0,45,5,364,232,2.0528793334960938
109,t2_b0,50,2,340,196,34.459346771240234
109,t2_b0,57,1,375,224,5.40606689453125
110,t2_b0,4,2,416,260,1.9694812297821045
110,t2_b0,6,2,335,208,17.10719871520996
110,t2_b0,10,2,376,212,2.152164936065674
110,t2_b0,13,2,377,244,2.6928088665008545
110,t2_b0,25,5,388,228,1.315882921218872
110,t2_b0,33,1,274,172,2.8989193439483643
110,t2_b0,35,5,435,308,5.711521148681641
110,t2_b0,38,5,384,200,2.1377766132354736
110,t2_b0,50,2,342,200,33.545352935791016
110,t2_b0,57,1,376,228,31.981985092163086
110,t2_b0,59,5,385,204,1.8865842819213867
111,t2_b0,4,3,419,264,35.70806121826172
111,t2_b0,6,3,338,212,3.7548065185546875
111,t2_b0,10,3,379,216,39.75075912475586
111,t2_b0,11,5,313,152,5.526812553405762
111,t2_b0,13,3,380,248,57.609588623046875
111,t2_b0,20,5,359,232,41.00243377685547
111,t2_b0,22,5,337,128,2.5607471466064453
111,t2_b0,29,5,324,164,2.089690685272217
111,t2_b0,33,2,276,176,3.772791862487793
111,t2_b0,35,4,439,312,2.619843006134033
111,t2_b0,40,5,304,216,3.3792617321014404
111,t2_b0,49,1,316,184,32.77296447753906
111,t2_b0,50,2,344,204,35.94112777709961
111,t2_b0,57,2,378,232,8.075944900512695
112,t2_b0,1,10,345,176,4.589509963989258
112,t2_b0,4,3,422,268,36.33523178100586
112,t2_b0,6,2,340,216,6.170271873474121
112,t2_b0,10,2,381,220,18.37732696533203
112,t2_b0,13,2,382,252,2.7032902240753174
112,t2_b0,16,5,315,120,34.66588592529297
112,t2_b0,25,5,393,232,1.742745041847229
112,t2_b0,33,1,277,180,24.407499313354492
112,t2_b0,35,3,442,316,4.242972373962402
112,t2_b0,40,5,309,220,3.5066559314727783
112,t2_b0,42,5,333,176,38.41200637817383
112,t2_b0,46,1,370,244,36.353782653808594
112,t2_b0,49,2,318,188,4.194520950317383
112,t2_b0,50,3,347,208,7.8396453857421875
112,t2_b0,57,1,379,236,5.958922386169434
113,t2_b0,4,3,425,272,1.9821624755859375
113,t2_b0,6,2,342,220,3.4026031494140625
113,t2_b0,10,2,383,224,2.137909412384033
113,t2_b0,13,5,387,256,2.0279903411865234
113,t2_b0,31,1,365,196,3.537930965423584
113,t2_b0,33,2,279,184,28.903350830078125
113,t2_b0,34,5,341,164,3.118821859359741
113,t2_b0,35,5,447,320,3.2666165828704834
113,t2_b0,36,18,364,196,31.11371421813965
113,t2_b0,40,2,311,224,2.3164007663726807
113,t2_b0,46,2,372,248,37.33152389526367
113,t2_b0,49,2,320,192,3.7346107959747314
113,t2_b0,50,2,349,212,29.630891799926758
113,t2_b0,57,2,381,240,5.615159034729004
114,t2_b0,4,3,428,276,27.00778579711914
114,t2_b0,6,3,345,224,16.851511001586914
114,t2_b0,10,1,384,228,1.503163456916809
114,t2_b0,13,3,390,260,3.0700929164886475
114,t2_b0,21,5,262,184,2.2594363689422607
114,t2_b0,28,5,315,188,32.02750778198242
114,t2_b0,29,5,329,168,4.031940937042236
114,t2_b0,31,2,367,200,6.217220306396484
114,t2_b0,33,2,281,188,25.153663635253906
114,t2_b0,34,1,342,168,3.1696178913116455
114,t2_b0,35,3,450,324,3.4222869873046875
114,t2_b0,40,2,313,228,15.287893295288086
114,t2_b0,43,5,353,176,18.31475830078125
114,t2_b0,45,5,369,236,3.2197976112365723
114,t2_b0,46,5,377,252,1.322571039199829
114,t2_b0,49,2,322,196,34.59925079345703
114,t2_b0,50,3,352,216,3.6180472373962402
114,t2_b0,52,5,393,252,3.2963531017303467
114,t2_b0,57,2,383,244,6.843116283416748
115,t2_b0,4,5,433,280,36.34834671020508
115,t2_b0,6,2,347,228,6.121891021728516
115,t2_b0,8,10,331,200,41.12171173095703
115,t2_b0,10,1,385,232,2.609766721725464
115,t2_b0,11,16,329,156,3.9271485805511475
115,t2_b0,13,1,391,264,3.052466869354248
115,t2_b0,16,5,320,124,34.92041778564453
115,t2_b0,19,5,359,172,32.43556213378906
115,t2_b0,31,1,368,204,3.788975477218628
115,t2_b0,33,1,282,192,3.3569130897521973
115,t2_b0,35,5,455,328,37.51435852050781
115,t2_b0,40,1,314,232,4.130346775054932
115,t2_b0,46,2,379,256,3.5681145191192627
115,t2_b0,49,1,323,200,2.345811367034912
115,t2_b0,50,2,354,220,34.1781120300293
115,t2_b0,54,5,393,216,2.0470855236053467
115,t2_b0,57,1,384,248,4.626654148101807
116,t2_b0,4,3,436,284,36.03565979003906
116,t2_b0,6,3,350,232,19.67534828186035
116,t2_b0,10,2,387,236,18.007932662963867
116,t2_b0,13,2,393,268,39.221126556396484
116,t2_b0,15,5,390,216,2.558363437652588
116,t2_b0,18,2,332,172,9.756562232971191
116,t2_b0,31,1,369,208,43.13231658935547
116,t2_b0,32,5,397,252,1.4552112817764282
116,t2_b0,33,2,284,196,3.5546536445617676
116,t2_b0,35,3,458,332,1.7988358736038208
116,t2_b0,37,5,416,272,2.9738569259643555
116,t2_b0,40,2,316,236,3.7075161933898926
116,t2_b0,46,2,381,260,37.05739974975586
116,t2_b0,49,1,324,204,3.6175637245178223
116,t2_b0,50,5,359,224,2.3056821823120117
116,t2_b0,51,5,367,228,35.60884475708008
116,t2_b0,52,5,398,256,7.607649803161621
116,t2_b0,57,2,386,252,34.03513717651367
117,t2_b0,4,1,437,288,2.5784692764282227
117,t2_b0,6,1,351,236,17.253446578979492
117,t2_b0,10,1,388,240,1.2312970161437988
117,t2_b0,13,1,394,272,2.3690810203552246
117,t2_b0,16,8,328,128,2.1921744346618652
117,t2_b0,17,5,317,160,3.5003561973571777
117,t2_b0,18,1,333,176,9.01475715637207
117,t2_b0,29,5,334,172,4.832789421081543
117,t2_b0,31,1,370,212,4.7915167808532715
117,t2_b0,33,5,289,200,2.252974271774292
117,t2_b0,35,1,459,336,2.2236382961273193
117,t2_b0,40,1,317,240,15.95997142791748
117,t2_b0,44,5,367,244,3.818086862564087
117,t2_b0,46,1,382,264,36.43039321899414
117,t2_b0,48,5,403,288,41.91724395751953
117,t2_b0,49,1,325,208,31.818790435791016
117,t2_b0,50,1,360,228,2.5521717071533203
117,t2_b0,57,1,387,256,4.301633834838867
118,t2_b0,4,2,439,292,1.6954737901687622
118,t2_b0,5,5,348,208,3.7220990657806396
118,t2_b0,6,5,356,240,7.333461284637451
118,t2_b0,10,1,389,244,1.6834875345230103
118,t2_b0,12,1,314,164,7.596064567565918
118,t2_b0,13,1,395,276,2.75602126121521
118,t2_b0,17,5,322,164,2.5839548110961914
118,t2_b0,18,2,335,180,11.235918045043945
118,t2_b0,27,5,392,216,72.53776550292969
118,t2_b0,33,2,291,204,3.094804048538208
118,t2_b0,35,5,464,340,38.1236686706543
118,t2_b0,46,2,384,268,2.776108741760254
118,t2_b0,50,2,362,232,31.002378463745117
118,t2_b0,54,5,398,220,4.8415093421936035
118,t2_b0,57,5,392,260,6.483102798461914
119,t2_b0,4,5,444,296,1.5963037014007568
119,t2_b0,6,1,357,244,5.319454193115234
119,t2_b0,12,2,316,168,6.0461649894714355
119,t2_b0,13,1,396,280,3.2834339141845703
119,t2_b0,17,1,323,168,1.8414361476898193
119,t2_b0,18,1,336,184,13.73875617980957
119,t2_b0,22,5,342,132,1.550893783569336
119,t2_b0,23,2,401,236,18.932464599609375
119,t2_b0,26,5,347,168,15.903157234191895
119,t2_b0,35,1,465,344,39.009178161621094
119,t2_b0,43,5,358,180,7.183866500854492
119,t2_b0,49,5,330,212,1.7702577114105225
119,t2_b0,57,1,393,264,4.948732376098633
120,t2_b0,5,5,353,212,8.008316040039062
120,t2_b0,12,1,317,172,7.8377814292907715
120,t2_b0,18,5,341,188,15.104927062988281
120,t2_b0,23,2,403,240,1.9832379817962646
120,t2_b0,25,5,398,236,1.769976258277893
120,t2_b0,26,1,348,172,27.35256004333496
120,t2_b0,30,5,353,196,3.53373384475708
120,t2_b0,35,1,466,348,2.4595470428466797
120,t2_b0,39,5,423,240,56.86927032470703
120,t2_b0,52,5,403,260,31.675905227661133
120,t2_b0,55,5,339,168,2.5337975025177
120,t2_b0,56,5,381,240,2.8019192218780518
120,t2_b0,59,5,390,208,32.54927444458008
121,t2_b0,12,5,322,176,7.045512676239014
121,t2_b0,14,5,376,228,1.397718071937561
121,t2_b0,18,1,342,192,6.521982192993164
121,t2_b0,26,1,349,176,2.543264389038086
121,t2_b0,30,5,358,200,3.560744047164917
121,t2_b0,33,5,296,208,27.83751678466797
121,t2_b0,40,5,322,244,16.77722930908203
121,t2_b0,51,5,372,232,1.430932879447937
121,t2_b0,52,2,405,264,7.850525856018066
121,t2_b0,59,1,391,212,32.222164154052734
122,t2_b0,12,5,327,180,7.9754862785339355
122,t2_b0,18,2,344,196,10.295680046081543
122,t2_b0,24,5,387,276,3.836249828338623
122,t2_b0,26,2,351,180,18.308887481689453
122,t2_b0,46,5,389,272,2.453583240509033
122,t2_b0,52,1,406,268,3.001891851425171
122,t2_b0,56,5,386,244,2.923201560974121
122,t2_b0,57,9,402,268,5.644968032836914
122,t2_b0,59,5,396,216,1.6323051452636719
123,t2_b0,0,5,354,212,1.7095959186553955
123,t2_b0,12,1,328,184,6.7259321212768555
123,t2_b0,13,5,401,284,21.554170608520508
123,t2_b0,14,5,381,232,1.3302851915359497
123,t2_b0,18,5,349,200,9.966845512390137
123,t2_b0,26,2,353,184,2.876749277114868
123,t2_b0,36,1,365,200,17.327030181884766
123,t2_b0,46,1,390,276,4.007533073425293
123,t2_b0,47,5,431,276,1.7166613340377808
124,t2_b0,3,2,340,184,4.653669834136963
124,t2_b0,7,5,338,184,42.82353591918945
124,t2_b0,12,3,331,188,5.008879661560059
124,t2_b0,13,3,404,288,37.5417594909668
124,t2_b0,17,1,324,172,37.625064849853516
124,t2_b0,18,2,351,204,15.054091453552246
124,t2_b0,26,17,370,188,5.1454010009765625
124,t2_b0,28,5,320,192,3.031158447265625
124,t2_b0,31,5,375,216,3.7318978309631348
124,t2_b0,45,1,370,240,2.327233076095581
124,t2_b0,46,2,392,280,1.7691709995269775
124,t2_b0,47,1,432,280,2.657454013824463
124,t2_b0,56,5,391,248,2.3913934230804443
125,t2_b0,3,5,345,188,5.641241073608398
125,t2_b0,8,1,332,204,44.09189224243164
125,t2_b0,12,5,336,192,40.98346710205078
125,t2_b0,14,5,386,236,2.0008609294891357
125,t2_b0,17,5,329,176,22.41318702697754
125,t2_b0,18,5,356,208,7.452309608459473
125,t2_b0,19,5,364,176,5.229456901550293
125,t2_b0,28,3,323,196,27.87234878540039
125,t2_b0,30,5,363,204,6.690345764160156
125,t2_b0,31,4,379,220,8.054682731628418
125,t2_b0,33,1,297,212,5.3087873458862305
125,t2_b0,35,5,471,352,39.90935134887695
125,t2_b0,45,5,375,244,3.188007354736328
125,t2_b0,46,5,397,284,2.8993334770202637
125,t2_b0,47,1,433,284,3.105874538421631
125,t2_b0,51,5,377,236,1.7069810628890991
126,t2_b0,3,3,348,192,2.511282444000244
126,t2_b0,8,5,337,208,2.715714931488037
126,t2_b0,12,5,341,196,4.504763126373291
126,t2_b0,13,1,405,292,2.741525173187256
126,t2_b0,14,5,391,240,3.1805880069732666
126,t2_b0,17,5,334,180,3.3637285232543945
126,t2_b0,18,5,361,212,15.346096992492676
126,t2_b0,28,4,327,200,31.581993103027344
126,t2_b0,31,4,383,224,6.244897365570068
126,t2_b0,33,5,302,216,4.4039306640625
126,t2_b0,35,9,480,356,3.2355833053588867
126,t2_b0,40,1,323,248,4.692723274230957
126,t2_b0,46,4,401,288,36.745880126953125
127,t2_b0,3,2,350,196,15.630243301391602
127,t2_b0,6,5,362,248,7.580800533294678
127,t2_b0,12,4,345,200,3.9750964641571045
127,t2_b0,13,3,408,296,2.4979395866394043
127,t2_b0,16,5,333,132,1.9002103805541992
127,t2_b0,17,4,338,184,2.5223937034606934
127,t2_b0,18,3,364,216,13.95551872253418
127,t2_b0,23,5,408,244,3.157470464706421
127,t2_b0,28,3,330,204,3.4429244995117188
127,t2_b0,31,2,385,228,44.4178466796875
127,t2_b0,33,3,305,220,3.4371540546417236
127,t2_b0,40,5,328,252,2.7939391136169434
127,t2_b0,44,1,368,248,5.617218017578125
127,t2_b0,46,3,404,292,2.542553424835205
127,t2_b0,53,5,318,164,40.67706298828125
128,t2_b0,0,5,359,216,1.9375152587890625
128,t2_b0,3,2,352,200,34.70136260986328
128,t2_b0,6,3,365,252,3.239614486694336
128,t2_b0,8,5,342,212,41.46436309814453
128,t2_b0,11,5,334,160,4.230703830718994
128,t2_b0,12,2,347,204,6.56196928024292
128,t2_b0,13,1,409,300,2.749563217163086
128,t2_b0,16,1,334,136,4.0587334632873535
128,t2_b0,17,3,341,188,2.4398193359375
128,t2_b0,18,3,367,220,6.958641052246094
128,t2_b0,20,5,364,236,42.62908935546875
128,t2_b0,28,2,332,208,58.002445220947266
128,t2_b0,29,2,336,176,24.005945205688477
128,t2_b0,31,2,387,232,6.129883289337158
128,t2_b0,33,2,307,224,26.143585205078125
128,t2_b0,36,5,370,204,3.6620306968688965
128,t2_b0,40,3,331,256,3.219834804534912
128,t2_b0,44,3,371,252,2.868269920349121
128,t2_b0,45,5,380,248,3.018685817718506
128,t2_b0,46,2,406,296,37.03628158569336
128,t2_b0,49,5,335,216,3.2902231216430664
128,t2_b0,52,9,415,272,6.0512919425964355
128,t2_b0,53,1,319,168,40.05731964111328
129,t2_b0,11,1,335,164,4.666304588317871
129,t2_b0,16,1,335,140,1.1755008697509766
129,t2_b0,17,1,342,192,58.65406799316406
129,t2_b0,19,5,369,180,9.72948932647705
129,t2_b0,24,5,392,280,3.4991049766540527
129,t2_b0,28,5,337,212,3.476637601852417
129,t2_b0,29,2,338,180,5.195584774017334
129,t2_b0,33,5,312,228,50.43688201904297
129,t2_b0,43,5,363,184,40.88894271850586
129,t2_b0,45,1,381,252,3.129079580307007
129,t2_b0,49,1,336,220,1.7727323770523071
129,t2_b0,53,5,324,172,2.0416181087493896
129,t2_b0,55,2,341,172,3.0293593406677246
130,t2_b0,3,1,353,204,5.1613969802856445
130,t2_b0,17,1,343,196,3.688044548034668
130,t2_b0,19,1,370,184,5.071565628051758
130,t2_b0,28,5,342,216,1.8790725469589233
130,t2_b0,29,1,339,184,20.852001190185547
130,t2_b0,33,5,317,232,25.239770889282227
130,t2_b0,37,5,421,276,19.983970642089844
130,t2_b0,43,5,368,188,5.733621120452881
130,t2_b0,49,2,338,224,4.313647747039795
130,t2_b0,52,5,420,276,2.2411913871765137
130,t2_b0,56,5,396,252,2.135667324066162
131,t2_b0,1,5,350,180,58.1496696472168
131,t2_b0,3,1,354,208,2.1005473136901855
131,t2_b0,5,2,355,216,34.17448806762695
131,t2_b0,6,1,366,256,5.143567085266113
131,t2_b0,12,1,348,208,5.889542579650879
131,t2_b0,17,2,345,200,4.192450046539307
131,t2_b0,18,1,368,224,10.834449768066406
131,t2_b0,19,5,375,188,4.788687229156494
131,t2_b0,25,5,403,240,1.5158946514129639
131,t2_b0,28,3,345,220,7.340585708618164
131,t2_b0,29,2,341,188,20.253646850585938
131,t2_b0,31,1,388,236,6.128180980682373
131,t2_b0,32,1,398,256,34.9676399230957
131,t2_b0,33,5,322,236,4.2404327392578125
131,t2_b0,34,5,347,172,27.17536163330078
131,t2_b0,44,5,376,256,6.064220428466797
131,t2_b0,46,1,407,300,1.8699967861175537
131,t2_b0,56,1,397,256,3.3938896656036377
132,t2_b0,1,2,352,184,2.3612327575683594
132,t2_b0,3,5,359,212,3.094975233078003
132,t2_b0,5,2,357,220,4.52570104598999
132,t2_b0,6,1,367,260,19.584842681884766
132,t2_b0,10,5,394,248,2.2414088249206543
132,t2_b0,12,1,349,212,6.558596611022949
132,t2_b0,17,2,347,204,3.401644706726074
132,t2_b0,18,1,369,228,8.253544807434082
132,t2_b0,28,2,347,224,35.937782287597656
132,t2_b0,29,2,343,192,3.8889529705047607
132,t2_b0,32,1,399,260,37.348350524902344
132,t2_b0,43,3,371,192,6.946909427642822
132,t2_b0,44,1,377,260,2.496425151824951
132,t2_b0,46,1,408,304,1.4541611671447754
132,t2_b0,49,12,350,228,2.388420581817627
132,t2_b0,50,5,367,236,1.8684487342834473
132,t2_b0,54,10,408,224,3.774078369140625
132,t2_b0,57,1,403,272,9.171640396118164
133,t2_b0,6,5,372,264,32.99676513671875
133,t2_b0,12,1,350,216,4.873369216918945
133,t2_b0,17,1,348,208,3.0634450912475586
133,t2_b0,18,23,392,232,20.932804107666016
133,t2_b0,24,5,397,284,84.35414123535156
133,t2_b0,28,5,352,228,3.56923770904541
133,t2_b0,29,1,344,196,6.195418357849121
133,t2_b0,33,1,323,240,25.204952239990234
133,t2_b0,40,1,332,260,3.583733081817627
133,t2_b0,45,8,389,256,31.196762084960938
133,t2_b0,46,1,409,308,2.260498046875
133,t2_b0,50,1,368,240,1.439062476158142
134,t2_b0,1,10,362,188,42.37239074707031
134,t2_b0,6,2,374,268,5.752591609954834
134,t2_b0,12,1,351,220,3.536245346069336
134,t2_b0,15,7,397,220,25.42949867248535
134,t2_b0,17,2,350,212,4.08303689956665
134,t2_b0,19,5,380,192,4.232630252838135
134,t2_b0,27,17,409,220,1.2756998538970947
134,t2_b0,28,3,355,232,36.5385856628418
134,t2_b0,29,3,347,200,18.841201782226562
134,t2_b0,31,1,389,240,9.496706008911133
134,t2_b0,33,1,324,244,28.694787979125977
134,t2_b0,40,1,333,264,3.1194441318511963
134,t2_b0,42,5,338,180,3.128772020339966
134,t2_b0,44,1,378,264,6.6378068923950195
134,t2_b0,46,1,410,312,3.5195560455322266
134,t2_b0,56,5,402,260,3.0542385578155518
135,t2_b0,3,5,364,216,6.98601770401001
135,t2_b0,5,2,359,224,3.209423303604126
135,t2_b0,6,1,375,272,18.046751022338867
135,t2_b0,10,2,396,252,2.4875690937042236
135,t2_b0,12,2,353,224,4.798608779907227
135,t2_b0,13,5,414,304,2.6454923152923584
135,t2_b0,17,13,363,216,4.605581760406494
135,t2_b0,28,2,357,236,28.05528450012207
135,t2_b0,29,2,349,204,2.737161874771118
135,t2_b0,31,1,390,244,34.83391571044922
135,t2_b0,33,1,325,248,5.0230841636657715
135,t2_b0,37,5,426,280,4.032524108886719
135,t2_b0,44,2,380,268,4.625173568725586
135,t2_b0,46,1,411,316,36.17646026611328
135,t2_b0,51,1,378,240,1.546831488609314
135,t2_b0,56,5,407,264,6.213150978088379
136,t2_b0,3,2,366,220,38.56785583496094
136,t2_b0,4,5,449,300,1.9999470710754395
136,t2_b0,5,1,360,228,4.8637285232543945
136,t2_b0,6,2,377,276,19.94367218017578
136,t2_b0,10,1,397,256,2.115603446960449
136,t2_b0,12,2,355,228,45.47297668457031
136,t2_b0,13,2,416,308,2.920590877532959
136,t2_b0,16,5,340,144,2.4376444816589355
136,t2_b0,28,2,359,240,33.14189147949219
136,t2_b0,29,5,354,208,2.991669178009033
136,t2_b0,30,5,368,208,2.853447675704956
136,t2_b0,31,2,392,248,33.00790023803711
136,t2_b0,33,2,327,252,3.920171022415161
136,t2_b0,35,5,485,360,2.8478381633758545
136,t2_b0,44,2,382,272,4.856823921203613
136,t2_b0,58,5,373,204,22.548246383666992
137,t2_b0,1,5,367,192,6.702337265014648
137,t2_b0,3,1,367,224,28.676237106323242
137,t2_b0,4,2,451,304,27.373855590820312
137,t2_b0,5,2,362,232,20.944957733154297
137,t2_b0,6,5,382,280,6.794991493225098
137,t2_b0,10,2,399,260,2.496263265609741
137,t2_b0,12,1,356,232,5.53364372253418
137,t2_b0,13,1,417,312,2.491938352584839
137,t2_b0,16,1,341,148,3.3396239280700684
137,t2_b0,28,8,367,244,3.1554441452026367
137,t2_b0,29,2,356,212,4.084018707275391
137,t2_b0,30,5,373,212,5.00487756729126
137,t2_b0,31,1,393,252,72.3999252319336
137,t2_b0,33,1,328,256,29.61406707763672
137,t2_b0,40,2,335,268,17.232852935791016
137,t2_b0,44,10,392,276,27.811355590820312
137,t2_b0,47,10,443,288,2.78602933883667
137,t2_b0,50,5,373,244,4.068277835845947
137,t2_b0,58,1,374,208,36.421607971191406
138,t2_b0,0,3,362,220,2.6445438861846924
138,t2_b0,3,3,370,228,31.277542114257812
138,t2_b0,4,5,456,308,31.200485229492188
138,t2_b0,5,2,364,236,3.861534595489502
138,t2_b0,6,3,385,284,6.306812286376953
138,t2_b0,9,5,353,176,3.124415159225464
138,t2_b0,10,7,406,264,17.725934982299805
138,t2_b0,12,3,359,236,4.668654441833496
138,t2_b0,13,2,419,316,3.125394344329834
138,t2_b0,21,5,267,188,53.112022399902344
138,t2_b0,29,2,358,216,4.068511486053467
138,t2_b0,31,2,395,256,44.8781852722168
138,t2_b0,33,3,331,260,4.512157917022705
138,t2_b0,37,5,431,284,2.1411004066467285
138,t2_b0,40,2,337,272,3.7891132831573486
138,t2_b0,56,10,417,268,3.0598349571228027
139,t2_b0,0,1,363,224,2.462954044342041
139,t2_b0,3,2,372,232,18.610403060913086
139,t2_b0,4,1,457,312,2.2092413902282715
139,t2_b0,5,2,366,240,4.4321794509887695
139,t2_b0,8,5,347,216,1.8899624347686768
139,t2_b0,12,1,360,240,40.85353469848633
139,t2_b0,13,5,424,320,3.194474220275879
139,t2_b0,19,5,385,196,6.845651149749756
139,t2_b0,21,3,270,192,52.10098648071289
139,t2_b0,29,2,360,220,5.036285400390625
139,t2_b0,31,1,396,260,4.526479721069336
139,t2_b0,33,3,334,264,4.355556964874268
139,t2_b0,40,2,339,276,3.209960699081421
139,t2_b0,50,5,378,248,6.542364597320557
139,t2_b0,53,1,325,176,1.811194896697998
139,t2_b0,55,2,343,176,31.30805206298828
140,t2_b0,0,2,365,228,1.8140980005264282
140,t2_b0,5,1,367,244,22.622568130493164
140,t2_b0,6,1,386,288,6.9116644859313965
140,t2_b0,7,1,339,188,3.4161155223846436
140,t2_b0,12,1,361,244,6.091567039489746
140,t2_b0,20,5,369,240,3.466581106185913
140,t2_b0,21,1,271,196,33.24574279785156
140,t2_b0,29,1,361,224,5.138694763183594
140,t2_b0,31,1,397,264,4.276634693145752
140,t2_b0,40,1,340,280,1.8275524377822876
140,t2_b0,41,6,400,276,1.8096122741699219
140,t2_b0,51,5,383,244,2.2650229930877686
140,t2_b0,52,5,425,280,21.224454879760742
141,t2_b0,0,2,367,232,2.459920644760132
141,t2_b0,2,5,337,184,3.2157437801361084
141,t2_b0,3,1,373,236,3.7154290676116943
141,t2_b0,5,1,368,248,35.02086639404297
141,t2_b0,6,1,387,292,18.61054229736328
141,t2_b0,7,4,343,192,42.1475830078125
141,t2_b0,11,5,340,168,3.266181468963623
141,t2_b0,12,1,362,248,43.555885314941406
141,t2_b0,13,1,425,324,2.7167670726776123
141,t2_b0,21,2,273,200,51.484893798828125
141,t2_b0,29,1,362,228,5.920637130737305
141,t2_b0,31,5,402,268,6.205132484436035
141,t2_b0,39,5,428,244,23.309673309326172
141,t2_b0,40,5,345,284,3.8434271812438965
141,t2_b0,55,5,348,180,40.174888610839844
142,t2_b0,0,5,372,236,20.701536178588867
142,t2_b0,2,2,339,188,3.3525919914245605
142,t2_b0,3,1,374,240,6.419839859008789
142,t2_b0,5,1,369,252,21.436756134033203
142,t2_b0,6,5,392,296,5.280523300170898
142,t2_b0,11,6,346,172,21.538969039916992
142,t2_b0,12,1,363,252,40.37890625
142,t2_b0,13,2,427,328,2.787883758544922
142,t2_b0,14,10,401,244,24.61036491394043
142,t2_b0,21,1,274,204,32.88311767578125
142,t2_b0,29,2,364,232,18.743408203125
142,t2_b0,31,2,404,272,7.630042552947998
142,t2_b0,33,1,335,268,3.39384126663208
142,t2_b0,40,1,346,288,4.1608099937438965
142,t2_b0,43,1,372,196,6.208283424377441
142,t2_b0,49,5,355,232,3.0413801670074463
142,t2_b0,54,5,413,228,3.775639533996582
142,t2_b0,55,2,350,184,41.70566940307617
143,t2_b0,4,5,462,316,2.133939266204834
143,t2_b0,9,5,358,180,4.382872581481934
143,t2_b0,18,3,395,236,9.065196990966797
143,t2_b0,24,5,402,288,2.9454152584075928
143,t2_b0,40,1,347,292,2.576815128326416
143,t2_b0,43,1,373,200,24.849945068359375
143,t2_b0,45,4,393,260,1.9894741773605347
143,t2_b0,49,1,356,236,4.641276836395264
143,t2_b0,50,5,383,252,2.8107340335845947
143,t2_b0,54,2,415,232,34.23456573486328
144,t2_b0,3,5,379,244,7.109805107116699
144,t2_b0,6,12,404,300,6.180332183837891
144,t2_b0,21,5,279,208,3.8345072269439697
144,t2_b0,22,1,343,136,1.5840076208114624
144,t2_b0,24,5,407,292,3.5359089374542236
144,t2_b0,29,5,369,236,6.99908447265625
144,t2_b0,32,5,404,264,2.289719820022583
144,t2_b0,34,5,352,176,29.081972122192383
144,t2_b0,42,5,343,184,3.9153494834899902
144,t2_b0,43,5,378,204,4.281264305114746
144,t2_b0,49,5,361,240,3.429736614227295
144,t2_b0,51,5,388,248,2.7671642303466797
144,t2_b0,54,1,416,236,34.77996826171875
145,t2_b0,2,5,344,192,3.1721696853637695
145,t2_b0,15,3,400,224,3.0118179321289062
145,t2_b0,21,10,289,212,52.750030517578125
145,t2_b0,27,5,414,224,2.5795178413391113
145,t2_b0,29,1,370,240,7.1727213859558105
145,t2_b0,32,2,406,268,2.5619683265686035
145,t2_b0,43,2,380,208,4.856827735900879
145,t2_b0,51,2,390,252,5.091811180114746
145,t2_b0,54,1,417,240,8.1994047164917
145,t2_b0,55,5,355,188,40.85618591308594
146,t2_b0,12,6,369,256,5.423462867736816
146,t2_b0,15,1,401,228,3.2363672256469727
146,t2_b0,25,10,413,244,15.511521339416504
146,t2_b0,27,1,415,228,1.0351086854934692
146,t2_b0,29,17,387,244,3.242628574371338
146,t2_b0,51,5,395,256,3.2803537845611572
146,t2_b0,59,5,401,220,1.9667662382125854
147,t2_b0,2,1,345,196,3.026108980178833
147,t2_b0,4,1,463,320,35.61309051513672
147,t2_b0,27,1,416,232,1.3482426404953003
147,t2_b0,35,15,500,364,40.398773193359375
147,t2_b0,44,1,393,280,28.867698669433594
147,t2_b0,47,5,448,292,3.7737741470336914
147,t2_b0,51,1,396,260,2.292534112930298
148,t2_b0,0,11,383,240,3.6574058532714844
148,t2_b0,4,10,473,324,31.70536994934082
148,t2_b0,10,5,411,268,2.329434394836426
148,t2_b0,16,2,343,152,30.79467010498047
148,t2_b0,21,2,291,216,83.17337036132812
148,t2_b0,24,1,408,296,3.5308635234832764
148,t2_b0,34,5,357,180,3.0111799240112305
148,t2_b0,37,1,432,288,32.41987228393555
148,t2_b0,39,16,444,248,30.098148345947266
148,t2_b0,40,1,348,296,2.928278923034668
148,t2_b0,42,5,348,188,24.63494110107422
148,t2_b0,44,5,398,284,4.805717468261719
148,t2_b0,47,1,449,296,4.225196838378906
148,t2_b0,49,2,363,244,4.030709743499756
148,t2_b0,50,1,384,256,2.2574658393859863
148,t2_b0,56,1,418,272,5.0454888343811035
148,t2_b0,59,5,406,224,20.338918685913086
149,t2_b0,3,1,380,248,8.233084678649902
149,t2_b0,8,2,349,220,3.6278998851776123
149,t2_b0,16,1,344,156,33.2037467956543
149,t2_b0,18,5,400,240,12.958889961242676
149,t2_b0,19,3,388,200,3.797389030456543
149,t2_b0,24,3,411,300,4.73466157913208
149,t2_b0,37,5,437,292,6.193373203277588
149,t2_b0,40,4,352,300,18.540658950805664
149,t2_b0,42,2,350,192,4.707279205322266
149,t2_b0,44,1,399,288,26.95958137512207
149,t2_b0,47,2,451,300,3.37539005279541
149,t2_b0,48,1,404,292,6.036617279052734
149,t2_b0,49,2,365,248,4.662347316741943
149,t2_b0,50,10,394,260,4.134827136993408
149,t2_b0,56,2,420,276,49.355133056640625
149,t2_b0,58,2,376,212,24.012142181396484
150,t2_b0,3,5,385,252,3.1588973999023438
150,t2_b0,19,1,389,204,5.195459365844727
150,t2_b0,31,23,427,276,33.870853424072266
150,t2_b0,37,5,442,296,3.3962697982788086
150,t2_b0,40,5,357,304,2.55027174949646
150,t2_b0,41,2,402,280,4.299420356750488
150,t2_b0,43,1,381,212,4.372556686401367
150,t2_b0,44,2,401,292,5.764125347137451
150,t2_b0,47,1,452,304,3.8091654777526855
150,t2_b0,48,5,409,296,4.977425575256348
150,t2_b0,53,7,332,180,2.1484813690185547
150,t2_b0,58,5,381,216,24.442691802978516
151,t2_b0,0,10,393,244,1.7679773569107056
151,t2_b0,3,4,389,256,6.762988567352295
151,t2_b0,5,1,370,256,54.575523376464844
151,t2_b0,10,5,416,272,3.2253873348236084
151,t2_b0,13,5,432,332,3.062407970428467
151,t2_b0,18,5,405,244,8.311656951904297
151,t2_b0,23,1,409,248,1.5940502882003784
151,t2_b0,33,5,340,272,4.531006813049316
151,t2_b0,37,3,445,300,45.1906623840332
151,t2_b0,38,5,389,204,3.5583934783935547
151,t2_b0,40,3,360,308,2.028651475906372
151,t2_b0,43,5,386,216,3.0966644287109375
151,t2_b0,44,1,402,296,30.097810745239258
151,t2_b0,45,5,398,264,7.861255645751953
151,t2_b0,46,5,416,320,3.1349680423736572
151,t2_b0,47,1,453,308,6.53423547744751
151,t2_b0,48,1,410,300,5.795722961425781
151,t2_b0,55,1,356,192,29.240880966186523
151,t2_b0,59,5,411,228,2.811473846435547
152,t2_b0,11,3,349,176,5.8082966804504395
152,t2_b0,14,1,402,248,2.1487314701080322
152,t2_b0,23,5,414,252,3.1311428546905518
152,t2_b0,27,5,421,236,72.0711898803711
152,t2_b0,33,6,346,276,5.122128009796143
152,t2_b0,42,5,355,196,2.4924514293670654
152,t2_b0,44,1,403,300,6.416745185852051
152,t2_b0,47,2,455,312,15.387056350708008
152,t2_b0,48,2,412,304,23.354799270629883
152,t2_b0,54,5,422,244,2.895493984222412
152,t2_b0,56,5,425,280,5.3483710289001465
153,t2_b0,11,1,350,180,4.1973466873168945
153,t2_b0,18,5,410,248,6.055262088775635
153,t2_b0,23,1,415,256,1.877234935760498
153,t2_b0,27,1,422,240,73.12588500976562
153,t2_b0,28,1,368,248,7.226613998413086
153,t2_b0,36,5,375,208,6.260666370391846
153,t2_b0,37,5,450,304,31.37741470336914
153,t2_b0,42,5,360,200,2.9943699836730957
153,t2_b0,44,1,404,304,5.630753040313721
153,t2_b0,57,6,409,276,34.08875274658203
154,t2_b0,6,1,405,304,3.6522693634033203
154,t2_b0,16,5,349,160,3.52754545211792
154,t2_b0,18,5,415,252,8.317075729370117
154,t2_b0,26,1,371,192,2.7476048469543457
154,t2_b0,36,5,380,212,5.9556565284729
154,t2_b0,37,1,451,308,3.691035747528076
154,t2_b0,41,5,407,284,57.45289993286133
154,t2_b0,42,1,361,204,3.4268436431884766
154,t2_b0,44,1,405,308,6.980598449707031
154,t2_b0,46,5,421,324,1.4389482736587524
154,t2_b0,47,1,456,316,3.0225603580474854
154,t2_b0,49,1,366,252,33.887306213378906
154,t2_b0,56,1,426,284,41.02287673950195
154,t2_b0,59,5,416,232,32.55648422241211
155,t2_b0,3,15,404,260,23.93309211730957
155,t2_b0,5,5,375,260,7.1033477783203125
155,t2_b0,6,2,407,308,7.7023515701293945
155,t2_b0,24,1,412,304,2.019429922103882
155,t2_b0,26,5,376,196,6.2612175941467285
155,t2_b0,30,5,378,216,3.963857889175415
155,t2_b0,36,11,391,216,8.704736709594727
155,t2_b0,37,5,456,312,2.815666437149048
155,t2_b0,40,17,377,312,18.725238800048828
155,t2_b0,43,5,391,220,3.5278501510620117
155,t2_b0,44,1,406,312,31.936603546142578
155,t2_b0,46,4,425,328,4.396509170532227
155,t2_b0,47,1,457,320,4.989948272705078
155,t2_b0,49,5,371,256,5.3795013427734375
155,t2_b0,56,1,427,288,3.1226911544799805
156,t2_b0,5,3,378,264,5.820590019226074
156,t2_b0,6,1,408,312,21.16887092590332
156,t2_b0,7,5,348,196,4.918555736541748
156,t2_b0,12,5,374,260,4.589746952056885
156,t2_b0,18,5,420,256,10.359420776367188
156,t2_b0,24,1,413,308,4.041474342346191
156,t2_b0,27,5,427,244,2.062443971633911
156,t2_b0,29,1,388,248,3.5880420207977295
156,t2_b0,37,3,459,316,2.533795118331909
156,t2_b0,38,5,394,208,2.713949203491211
156,t2_b0,43,4,395,224,3.262112855911255
156,t2_b0,46,15,440,332,2.895001173019409
156,t2_b0,47,2,459,324,4.050109386444092
156,t2_b0,51,4,400,264,1.8590519428253174
156,t2_b0,55,1,357,196,5.338192462921143
156,t2_b0,56,5,432,292,3.3602426052093506
157,t2_b0,1,5,372,196,4.722926616668701
157,t2_b0,2,5,350,200,38.48468780517578
157,t2_b0,5,1,379,268,5.634593963623047
157,t2_b0,6,5,413,316,4.67313289642334
157,t2_b0,7,1,349,200,81.78927612304688
157,t2_b0,8,5,354,224,2.8021883964538574
157,t2_b0,11,5,355,184,22.277006149291992
157,t2_b0,12,5,379,264,19.774478912353516
157,t2_b0,13,1,433,336,2.6402056217193604
157,t2_b0,14,5,407,252,23.69698715209961
157,t2_b0,20,6,375,244,4.063618183135986
157,t2_b0,24,5,418,312,45.13072204589844
157,t2_b0,25,13,426,248,2.732996940612793
157,t2_b0,27,1,428,248,1.8939909934997559
157,t2_b0,29,1,389,252,3.960177183151245
157,t2_b0,35,2,502,368,1.6481980085372925
157,t2_b0,37,1,460,320,20.81093406677246
157,t2_b0,38,1,395,212,2.540203332901001
157,t2_b0,43,23,418,228,3.7654242515563965
157,t2_b0,49,1,372,260,32.02993392944336
157,t2_b0,55,1,358,200,3.3614931106567383
157,t2_b0,56,1,433,296,42.056396484375
158,t2_b0,2,5,355,204,30.92425537109375
158,t2_b0,5,1,380,272,54.18012237548828
158,t2_b0,6,2,415,320,23.68056297302246
158,t2_b0,8,1,355,228,4.166772365570068
158,t2_b0,18,1,421,260,4.373748779296875
158,t2_b0,21,3,294,220,54.233882904052734
158,t2_b0,22,5,348,140,1.987941026687622
158,t2_b0,24,1,419,316,2.2124931812286377
158,t2_b0,29,2,391,256,5.427846908569336
158,t2_b0,37,1,461,324,64.78610229492188
158,t2_b0,38,1,396,216,56.2570915222168
158,t2_b0,39,1,445,252,30.226776123046875
158,t2_b0,42,6,367,208,38.772525787353516
158,t2_b0,47,5,464,328,4.4292378425598145
158,t2_b0,49,1,373,264,3.1226956844329834
158,t2_b0,54,5,427,248,6.255696773529053
158,t2_b0,55,1,359,204,8.396190643310547
159,t2_b0,2,4,359,208,70.46123504638672
159,t2_b0,6,4,419,324,9.12608814239502
159,t2_b0,8,5,360,232,44.56512451171875
159,t2_b0,12,5,384,268,6.296395778656006
159,t2_b0,13,1,434,340,2.365654230117798
159,t2_b0,15,6,407,232,4.05704402923584
159,t2_b0,21,2,296,224,33.70649719238281
159,t2_b0,22,5,353,144,1.2498066425323486
159,t2_b0,23,1,416,260,28.40955924987793
159,t2_b0,24,4,423,320,4.769041061401367
159,t2_b0,37,1,462,328,4.128589153289795
159,t2_b0,38,1,397,220,3.167595624923706
159,t2_b0,44,5,411,316,4.255664825439453
159,t2_b0,47,4,468,332,4.231362819671631
159,t2_b0,48,1,413,308,3.674588680267334
159,t2_b0,49,5,378,268,2.5071942806243896
159,t2_b0,50,5,399,264,4.095033168792725
159,t2_b0,52,1,426,284,21.18804931640625
159,t2_b0,55,1,360,208,4.701783180236816
159,t2_b0,56,2,435,300,78.62176513671875
159,t2_b0,58,5,386,220,15.271529197692871
160,t2_b0,2,2,361,212,2.933887243270874
160,t2_b0,5,23,403,276,3.1971564292907715
160,t2_b0,6,2,421,328,17.469383239746094
160,t2_b0,8,2,362,236,3.0583975315093994
160,t2_b0,10,5,421,276,41.208492279052734
160,t2_b0,13,5,439,344,2.0043632984161377
160,t2_b0,17,5,368,220,3.0519328117370605
160,t2_b0,21,1,297,228,35.3886833190918
160,t2_b0,22,2,355,148,31.67928695678711
160,t2_b0,23,5,421,264,1.8105192184448242
160,t2_b0,24,2,425,324,5.004197597503662
160,t2_b0,31,1,428,280,5.785643577575684
160,t2_b0,38,5,402,224,2.7579448223114014
160,t2_b0,44,1,412,320,32.94438171386719
160,t2_b0,47,23,491,336,4.6557536125183105
160,t2_b0,48,2,415,312,2.678065299987793
160,t2_b0,49,2,380,272,2.620393991470337
160,t2_b0,52,15,441,288,4.29150390625
160,t2_b0,53,2,334,184,2.4737818241119385
160,t2_b0,56,2,437,304,42.89059829711914
161,t2_b0,2,1,362,216,2.7602922916412354
161,t2_b0,6,1,422,332,6.133806228637695
161,t2_b0,7,5,354,204,42.880126953125
161,t2_b0,8,1,363,240,2.64456844329834
161,t2_b0,9,5,363,184,25.130674362182617
161,t2_b0,10,1,422,280,2.763472557067871
161,t2_b0,13,15,454,348,2.157911539077759
161,t2_b0,17,5,373,224,2.193406105041504
161,t2_b0,23,1,422,268,3.645792007446289
161,t2_b0,24,1,426,328,2.755855083465576
161,t2_b0,29,5,396,260,3.6297121047973633
161,t2_b0,31,1,429,284,44.030677795410156
161,t2_b0,32,15,421,272,1.6672073602676392
161,t2_b0,35,5,507,372,1.5784484148025513
161,t2_b0,38,3,405,228,33.249366760253906
161,t2_b0,44,1,413,324,6.599415302276611
161,t2_b0,48,1,416,316,25.76544952392578
161,t2_b0,49,1,381,276,3.5253055095672607
161,t2_b0,54,5,432,252,36.95860290527344
161,t2_b0,56,1,438,308,4.8844170570373535
162,t2_b0,1,1,373,200,2.2518224716186523
162,t2_b0,2,1,363,220,3.4602084159851074
162,t2_b0,6,1,423,336,5.2431321144104
162,t2_b0,7,1,355,208,42.630943298339844
162,t2_b0,8,1,364,244,2.6054983139038086
162,t2_b0,9,1,364,188,3.6097748279571533
162,t2_b0,10,5,427,284,40.78376388549805
162,t2_b0,11,5,360,188,4.01157283782959
162,t2_b0,12,1,385,272,5.816554546356201
162,t2_b0,18,5,426,264,7.70496940612793
162,t2_b0,21,5,302,232,3.4766032695770264
162,t2_b0,23,1,423,272,1.8825303316116333
162,t2_b0,24,11,437,332,45.868812561035156
162,t2_b0,31,1,430,288,5.251702308654785
162,t2_b0,33,5,351,280,4.894235134124756
162,t2_b0,35,1,508,376,4.279570579528809
162,t2_b0,38,5,410,232,3.4124906063079834
162,t2_b0,44,1,414,328,32.92404556274414
162,t2_b0,48,1,417,320,26.473590850830078
162,t2_b0,49,1,382,280,4.527664661407471
162,t2_b0,54,1,433,256,25.424297332763672
162,t2_b0,56,1,439,312,6.305870056152344
162,t2_b0,58,1,387,224,2.647352933883667
163,t2_b0,1,1,374,204,2.507812738418579
163,t2_b0,10,6,433,288,2.104912757873535
163,t2_b0,12,5,390,276,6.808828353881836
163,t2_b0,18,5,431,268,9.318357467651367
163,t2_b0,38,4,414,236,3.2408995628356934
163,t2_b0,41,19,426,288,2.5491127967834473
163,t2_b0,48,16,433,324,4.939618110656738
163,t2_b0,50,1,400,268,4.514198303222656
163,t2_b0,55,1,361,212,3.3336057662963867
163,t2_b0,57,5,414,280,33.5937614440918
164,t2_b0,1,2,376,208,20.858898162841797
164,t2_b0,4,5,478,328,28.032766342163086
164,t2_b0,12,5,395,280,6.066884517669678
164,t2_b0,18,5,436,272,7.367381572723389
164,t2_b0,34,5,362,184,40.29951095581055
164,t2_b0,38,1,415,240,39.806644439697266
164,t2_b0,49,24,406,284,33.352962493896484
164,t2_b0,50,1,401,272,31.24633026123047
164,t2_b0,55,2,363,216,28.696292877197266
165,t2_b0,1,5,381,212,3.625483989715576
165,t2_b0,2,5,368,224,3.2383430004119873
165,t2_b0,3,5,409,264,4.274694919586182
165,t2_b0,6,1,424,340,15.912775039672852
165,t2_b0,7,1,356,212,3.4744410514831543
165,t2_b0,8,1,365,248,41.28937530517578
165,t2_b0,9,1,365,192,5.211644172668457
165,t2_b0,12,1,396,284,8.425261497497559
165,t2_b0,23,9,432,276,3.2710072994232178
165,t2_b0,30,5,383,220,5.614583492279053
165,t2_b0,31,1,431,292,4.567091464996338
165,t2_b0,33,1,352,284,4.560023307800293
165,t2_b0,35,1,509,380,2.9424898624420166
165,t2_b0,40,5,382,316,15.956804275512695
165,t2_b0,44,1,415,332,4.929669380187988
165,t2_b0,55,2,365,220,1.8575377464294434
165,t2_b0,56,1,440,316,40.69987106323242
165,t2_b0,58,5,392,228,13.423042297363281
166,t2_b0,1,2,383,216,4.997616291046143
166,t2_b0,7,4,360,216,43.212013244628906
166,t2_b0,35,3,512,384,4.144408226013184
166,t2_b0,40,3,385,320,2.0345559120178223
166,t2_b0,46,5,445,336,1.9846935272216797
166,t2_b0,50,1,402,276,61.783668518066406
166,t2_b0,51,3,403,268,23.095550537109375
166,t2_b0,54,1,434,260,33.15542221069336
166,t2_b0,55,3,368,224,2.1187520027160645
166,t2_b0,57,3,417,284,6.205634117126465
166,t2_b0,58,2,394,232,3.599499225616455
166,t2_b0,59,1,417,236,33.740394592285156
167,t2_b0,2,1,369,228,4.512772083282471
167,t2_b0,3,1,410,268,37.75259780883789
167,t2_b0,6,1,425,344,9.049816131591797
167,t2_b0,7,2,362,220,3.3256783485412598
167,t2_b0,8,1,366,252,4.128696441650391
167,t2_b0,9,1,366,196,4.627386093139648
167,t2_b0,14,18,425,256,1.840834617614746
167,t2_b0,20,5,380,248,43.17223358154297
167,t2_b0,30,1,384,224,3.996638059616089
167,t2_b0,31,1,432,296,3.086933135986328
167,t2_b0,33,1,353,288,4.7823381423950195
167,t2_b0,37,1,463,332,20.80908203125
167,t2_b0,38,1,416,244,4.737329006195068
167,t2_b0,40,1,386,324,5.6736369132995605
167,t2_b0,43,1,419,232,17.858642578125
167,t2_b0,44,1,416,336,6.800909042358398
167,t2_b0,46,1,446,340,3.112114667892456
167,t2_b0,50,3,405,280,36.7476806640625
167,t2_b0,51,1,404,272,36.10456085205078
167,t2_b0,55,2,370,228,5.768536567687988
167,t2_b0,56,5,445,320,12.604158401489258
167,t2_b0,57,1,418,288,1.6243846416473389
167,t2_b0,59,4,421,240,32.97996520996094
168,t2_b0,2,1,370,232,4.782346725463867
168,t2_b0,3,1,411,272,8.486042022705078
168,t2_b0,4,5,483,332,28.052631378173828
168,t2_b0,6,1,426,348,5.267553329467773
168,t2_b0,8,1,367,256,43.12623977661133
168,t2_b0,9,1,367,200,6.590869903564453
168,t2_b0,18,16,452,276,14.39673900604248
168,t2_b0,20,5,385,252,3.643143653869629
168,t2_b0,21,5,307,236,2.1907894611358643
168,t2_b0,25,6,432,252,61.70408630371094
168,t2_b0,30,1,385,228,5.201681613922119
168,t2_b0,31,1,433,300,41.527130126953125
168,t2_b0,33,1,354,292,4.26889181137085
168,t2_b0,37,21,484,336,3.0578861236572266
168,t2_b0,38,5,421,248,2.7301650047302246
168,t2_b0,40,2,388,328,5.081422805786133
168,t2_b0,42,5,372,212,28.157737731933594
168,t2_b0,43,1,420,236,6.013686656951904
168,t2_b0,44,1,417,340,32.46342468261719
168,t2_b0,46,1,447,344,3.254640817642212
168,t2_b0,51,4,408,276,22.463054656982422
168,t2_b0,56,1,446,324,50.97057342529297
168,t2_b0,59,2,423,244,39.40538024902344
169,t2_b0,2,1,371,236,2.430851936340332
169,t2_b0,3,1,412,276,4.463006496429443
169,t2_b0,6,1,427,352,4.816226959228516
169,t2_b0,8,5,372,260,44.57931900024414
169,t2_b0,15,5,412,236,37.59581756591797
169,t2_b0,16,5,354,164,35.31611251831055
169,t2_b0,20,5,390,256,4.658268928527832
169,t2_b0,29,5,401,264,4.5087971687316895
169,t2_b0,31,1,434,304,35.77165985107422
169,t2_b0,33,1,355,296,50.314056396484375
169,t2_b0,38,2,423,252,23.579448699951172
169,t2_b0,40,2,390,332,5.4966816902160645
169,t2_b0,44,5,422,344,26.93935203552246
169,t2_b0,51,3,411,280,1.6941049098968506
169,t2_b0,56,18,464,328,3.2319836616516113
170,t2_b0,1,5,388,220,4.23717737197876
170,t2_b0,2,2,373,240,2.663896322250366
170,t2_b0,3,2,414,280,6.3663716316223145
170,t2_b0,5,5,408,280,4.834722518920898
170,t2_b0,6,2,429,356,4.37329626083374
170,t2_b0,8,2,374,264,2.877877950668335
170,t2_b0,9,1,368,204,31.89142417907715
170,t2_b0,15,2,414,240,2.206784248352051
170,t2_b0,16,5,359,168,63.48241424560547
170,t2_b0,20,4,394,260,23.063875198364258
170,t2_b0,27,15,443,252,72.23591613769531
170,t2_b0,28,6,374,252,1.9272778034210205
170,t2_b0,30,2,387,232,4.278283596038818
170,t2_b0,31,2,436,308,8.5859956741333
170,t2_b0,33,2,357,300,3.5341968536376953
170,t2_b0,38,4,427,256,3.4517111778259277
170,t2_b0,40,1,391,336,24.09284210205078
170,t2_b0,44,5,427,348,6.714807033538818
170,t2_b0,47,5,496,340,18.210376739501953
170,t2_b0,51,3,414,284,1.554307222366333
170,t2_b0,52,3,444,292,21.964340209960938
170,t2_b0,59,5,428,248,21.32649040222168
171,t2_b0,0,5,398,248,2.046856641769409
171,t2_b0,1,1,389,224,44.27582550048828
171,t2_b0,2,1,374,244,3.9978325366973877
171,t2_b0,3,1,415,284,6.244649887084961
171,t2_b0,5,1,409,284,2.225419521331787
171,t2_b0,6,2,431,360,4.568078994750977
171,t2_b0,8,1,375,268,41.02440643310547
171,t2_b0,13,5,459,352,3.174494743347168
171,t2_b0,15,1,415,244,36.91286849975586
171,t2_b0,16,2,361,172,3.4681217670440674
171,t2_b0,17,1,374,228,3.1948444843292236
171,t2_b0,20,3,397,264,4.587869167327881
171,t2_b0,21,5,312,240,4.193609714508057
171,t2_b0,30,1,388,236,2.768613338470459
171,t2_b0,31,5,441,312,4.193169593811035
171,t2_b0,32,5,426,276,37.56831741333008
171,t2_b0,33,1,358,304,4.63235330581665
171,t2_b0,35,5,517,388,3.4990062713623047
171,t2_b0,38,1,428,260,31.503543853759766
171,t2_b0,40,2,393,340,17.043113708496094
171,t2_b0,44,5,432,352,8.892605781555176
171,t2_b0,47,2,498,344,3.546698808670044
171,t2_b0,50,5,410,284,5.312217712402344
171,t2_b0,51,3,417,288,3.536226511001587
171,t2_b0,52,2,446,296,34.18004608154297
171,t2_b0,54,5,439,264,59.249629974365234
171,t2_b0,55,12,382,232,6.396773815155029
171,t2_b0,57,1,419,292,5.003066062927246
171,t2_b0,58,5,399,236,27.152568817138672
171,t2_b0,59,2,430,252,1.302871584892273
172,t2_b0,0,4,402,252,2.3929595947265625
172,t2_b0,3,1,416,288,37.337135314941406
172,t2_b0,8,1,376,272,43.186885833740234
172,t2_b0,9,1,369,208,52.453922271728516
172,t2_b0,12,5,401,288,7.788013458251953
172,t2_b0,13,2,461,356,2.428018093109131
172,t2_b0,16,2,363,176,31.851892471313477
172,t2_b0,17,5,379,232,2.731431484222412
172,t2_b0,24,3,440,336,3.145205020904541
172,t2_b0,29,5,406,268,20.76645278930664
172,t2_b0,30,1,389,240,27.586462020874023
172,t2_b0,31,1,442,316,42.989051818847656
172,t2_b0,33,1,359,308,4.893202781677246
172,t2_b0,35,4,521,392,2.944669485092163
172,t2_b0,40,2,395,344,4.033773899078369
172,t2_b0,43,5,425,240,29.841188430786133
172,t2_b0,44,1,433,356,29.82749366760254
172,t2_b0,52,2,448,300,5.275447845458984
172,t2_b0,54,5,444,268,4.787886142730713
172,t2_b0,58,4,403,240,3.3547568321228027
172,t2_b0,59,5,435,256,3.179428815841675
173,t2_b0,0,1,403,256,21.381399154663086
173,t2_b0,5,5,414,288,37.27189254760742
173,t2_b0,8,1,377,276,4.393395900726318
173,t2_b0,9,1,370,212,44.141483306884766
173,t2_b0,10,5,438,292,2.3259546756744385
173,t2_b0,12,1,402,292,4.230999946594238
173,t2_b0,16,5,368,180,31.092716217041016
173,t2_b0,17,5,384,236,4.252073764801025
173,t2_b0,19,16,405,208,5.191839218139648
173,t2_b0,20,1,398,268,3.19303822517395
173,t2_b0,29,5,411,272,2.347090482711792
173,t2_b0,30,5,394,244,5.211232662200928
173,t2_b0,32,1,427,280,2.9746007919311523
173,t2_b0,35,1,522,396,4.266425609588623
173,t2_b0,38,1,429,264,30.497711181640625
173,t2_b0,41,5,431,292,1.385435700416565
173,t2_b0,43,1,426,244,18.622211456298828
173,t2_b0,44,1,434,360,4.161783218383789
173,t2_b0,48,5,438,328,40.57929611206055
173,t2_b0,50,1,411,288,5.62809944152832
173,t2_b0,54,1,445,272,3.5385537147521973
173,t2_b0,57,1,420,296,7.716475963592529
173,t2_b0,59,1,436,260,39.93980407714844
174,t2_b0,3,1,417,292,44.240821838378906
174,t2_b0,8,1,378,280,6.69149112701416
174,t2_b0,9,1,371,216,4.478273391723633
174,t2_b0,12,2,404,296,6.330695629119873
174,t2_b0,20,5,403,272,3.845209836959839
174,t2_b0,24,5,445,340,4.7442474365234375
174,t2_b0,29,2,413,276,6.092281341552734
174,t2_b0,30,5,399,248,6.244194984436035
174,t2_b0,31,1,443,320,7.676848888397217
174,t2_b0,33,1,360,312,4.527713298797607
174,t2_b0,34,5,367,188,2.333195447921753
174,t2_b0,38,1,430,268,35.45736312866211
174,t2_b0,42,5,377,216,3.2293732166290283
174,t2_b0,43,3,429,248,3.550926923751831
174,t2_b0,44,1,435,364,6.312957763671875
174,t2_b0,48,2,440,332,2.721189260482788
174,t2_b0,49,5,411,288,34.07976150512695
174,t2_b0,50,5,416,292,4.550631046295166
174,t2_b0,54,5,450,276,7.527812480926514
175,t2_b0,3,1,418,296,51.86793518066406
175,t2_b0,8,1,379,284,43.89189529418945
175,t2_b0,9,1,372,220,4.124159812927246
175,t2_b0,12,1,405,300,41.91862487792969
175,t2_b0,21,9,321,244,31.969493865966797
175,t2_b0,23,5,437,280,2.2424628734588623
175,t2_b0,24,1,446,344,4.305533409118652
175,t2_b0,30,9,408,252,2.248629570007324
175,t2_b0,32,5,432,284,2.011258840560913
175,t2_b0,34,5,372,192,67.46971893310547
175,t2_b0,35,5,527,400,3.0811004638671875
175,t2_b0,38,5,435,272,5.233843803405762
175,t2_b0,42,1,378,220,38.20718002319336
175,t2_b0,43,1,430,252,3.1347713470458984
175,t2_b0,45,2,400,268,1.8313461542129517
175,t2_b0,46,5,452,348,29.00604248046875
175,t2_b0,47,5,503,348,3.2495627403259277
175,t2_b0,49,2,413,292,32.44468307495117
175,t2_b0,54,1,451,280,4.309737205505371
175,t2_b0,58,12,415,244,15.698136329650879
176,t2_b0,0,5,408,260,1.6619412899017334
176,t2_b0,1,1,390,228,2.704298496246338
176,t2_b0,8,5,384,288,3.071092128753662
176,t2_b0,9,1,373,224,72.68084716796875
176,t2_b0,17,1,385,240,4.06492805480957
176,t2_b0,23,5,442,284,28.668413162231445
176,t2_b0,24,2,448,348,42.85848617553711
176,t2_b0,38,1,436,276,4.8139495849609375
176,t2_b0,40,1,396,348,22.989259719848633
176,t2_b0,42,1,379,224,7.897984504699707
176,t2_b0,45,1,401,272,44.03717041015625
176,t2_b0,46,3,455,352,3.837423801422119
176,t2_b0,59,5,441,264,20.412675857543945
177,t2_b0,0,3,411,264,2.578132152557373
177,t2_b0,1,5,395,232,21.09761619567871
177,t2_b0,5,5,419,292,3.138031482696533
177,t2_b0,8,1,385,292,5.477850437164307
177,t2_b0,9,1,374,228,3.1347808837890625
177,t2_b0,11,16,376,192,4.459506034851074
177,t2_b0,12,1,406,304,3.4596266746520996
177,t2_b0,14,5,430,260,1.9965852499008179
177,t2_b0,17,2,387,244,4.606034278869629
177,t2_b0,23,2,444,288,2.1480207443237305
177,t2_b0,24,1,449,352,3.160383701324463
177,t2_b0,26,8,384,200,3.1133573055267334
177,t2_b0,29,5,418,280,5.57737398147583
177,t2_b0,40,3,399,352,5.692774772644043
177,t2_b0,42,1,380,228,4.165734767913818
177,t2_b0,45,2,403,276,4.838076591491699
177,t2_b0,48,5,445,336,6.0167646408081055
177,t2_b0,54,15,466,284,3.4275286197662354
177,t2_b0,59,3,444,268,2.070242166519165
178,t2_b0,1,4,399,236,3.7613375186920166
178,t2_b0,5,5,424,296,5.662742614746094
178,t2_b0,8,5,390,296,2.9455201625823975
178,t2_b0,9,4,378,232,3.870577096939087
178,t2_b0,10,5,443,296,2.302625894546509
178,t2_b0,12,4,410,308,5.782249450683594
178,t2_b0,14,3,433,264,1.7590525150299072
178,t2_b0,17,3,390,248,1.9004549980163574
178,t2_b0,18,5,457,280,12.594308853149414
178,t2_b0,20,1,404,276,42.17482376098633
178,t2_b0,23,5,449,292,28.89375114440918
178,t2_b0,24,5,454,356,4.8017096519470215
178,t2_b0,25,5,437,256,1.3196519613265991
178,t2_b0,29,3,421,284,4.513005256652832
178,t2_b0,31,6,449,324,5.993280410766602
178,t2_b0,34,1,373,196,3.8867545127868652
178,t2_b0,37,2,486,340,47.836326599121094
178,t2_b0,38,12,448,280,52.6992301940918
178,t2_b0,40,5,404,356,3.8783273696899414
178,t2_b0,42,1,381,232,21.050989151000977
178,t2_b0,43,1,431,256,5.676318168640137
178,t2_b0,45,5,408,280,5.740294456481934
178,t2_b0,46,1,456,356,2.946486473083496
178,t2_b0,47,1,504,352,4.542739391326904
178,t2_b0,48,1,446,340,4.319173336029053
178,t2_b0,50,1,417,296,6.327449798583984
178,t2_b0,51,1,418,292,35.556007385253906
178,t2_b0,53,5,339,188,40.916748046875
178,t2_b0,57,1,421,300,69.52368927001953
178,t2_b0,59,4,448,272,2.649477481842041
179,t2_b0,0,5,416,268,1.6960664987564087
179,t2_b0,1,4,403,240,58.150875091552734
179,t2_b0,5,1,425,300,3.6631243228912354
179,t2_b0,7,5,367,224,2.5132248401641846
179,t2_b0,8,1,391,300,2.5099642276763916
179,t2_b0,9,1,379,236,2.360517978668213
179,t2_b0,10,5,448,300,1.8771873712539673
179,t2_b0,12,5,415,312,18.342124938964844
179,t2_b0,14,1,434,268,25.53896713256836
179,t2_b0,15,1,416,248,4.259817123413086
179,t2_b0,16,5,373,184,2.5799403190612793
179,t2_b0,17,5,395,252,3.3645644187927246
179,t2_b0,18,1,458,284,3.261767625808716
179,t2_b0,20,3,407,280,23.89986801147461
179,t2_b0,24,2,456,360,46.83081817626953
179,t2_b0,25,1,438,260,1.9320971965789795
179,t2_b0,34,1,374,200,4.671707630157471
179,t2_b0,35,19,546,404,2.6721365451812744
179,t2_b0,40,5,409,360,26.731061935424805
179,t2_b0,41,5,436,296,1.414351463317871
179,t2_b0,45,3,411,284,28.944316864013672
179,t2_b0,47,2,506,356,5.891855716705322
179,t2_b0,50,5,422,300,30.293212890625
179,t2_b0,56,5,469,332,43.93586349487305
179,t2_b0,57,1,422,304,5.813429832458496
179,t2_b0,59,4,452,276,22.17115592956543
180,t2_b0,0,5,421,272,18.24285316467285
180,t2_b0,1,4,407,244,20.415756225585938
180,t2_b0,5,16,441,304,21.302167892456055
180,t2_b0,7,4,371,228,83.81648254394531
180,t2_b0,8,2,393,304,2.5719072818756104
180,t2_b0,9,5,384,240,5.477075576782227
180,t2_b0,10,1,449,304,40.479068756103516
180,t2_b0,12,7,422,316,5.327083110809326
180,t2_b0,14,1,435,272,2.187802791595459
180,t2_b0,15,5,421,252,2.895158052444458
180,t2_b0,16,3,376,188,3.66784930229187
180,t2_b0,17,1,396,256,23.487892150878906
180,t2_b0,18,1,459,288,15.978991508483887
180,t2_b0,24,2,458,364,6.204750061035156
180,t2_b0,25,5,443,264,1.0574109554290771
180,t2_b0,28,5,379,256,56.3347282409668
180,t2_b0,29,1,422,288,22.26678466796875
180,t2_b0,33,16,376,316,25.679784774780273
180,t2_b0,34,5,379,204,2.0568182468414307
180,t2_b0,40,1,410,364,4.504638195037842
180,t2_b0,42,1,382,236,4.473906993865967
180,t2_b0,43,1,432,260,4.1960015296936035
180,t2_b0,45,3,414,288,5.058628559112549
180,t2_b0,47,5,511,360,30.879440307617188
180,t2_b0,48,1,447,344,24.965818405151367
180,t2_b0,49,1,414,296,37.398555755615234
180,t2_b0,50,1,423,304,4.968982219696045
180,t2_b0,51,1,419,296,2.6131412982940674
180,t2_b0,52,1,449,304,7.060614585876465
180,t2_b0,56,2,471,336,5.272998809814453
180,t2_b0,57,2,424,308,7.010846138000488
180,t2_b0,59,1,453,280,2.451608657836914
181,t2_b0,0,1,422,276,35.6064453125
181,t2_b0,1,1,408,248,2.904120922088623
181,t2_b0,4,5,488,336,2.6712236404418945
181,t2_b0,6,5,436,364,9.657248497009277
181,t2_b0,7,1,372,232,4.165170669555664
181,t2_b0,8,1,394,308,3.09725284576416
181,t2_b0,9,1,385,244,3.4844484329223633
181,t2_b0,10,1,450,308,2.7471673488616943
181,t2_b0,13,5,466,360,1.5607717037200928
181,t2_b0,14,1,436,276,1.5415289402008057
181,t2_b0,15,1,422,256,3.3553333282470703
181,t2_b0,16,5,381,192,33.32339096069336
181,t2_b0,17,1,397,260,3.5920398235321045
181,t2_b0,18,1,460,292,6.847745895385742
181,t2_b0,24,1,459,368,3.067626476287842
181,t2_b0,25,1,444,268,15.905567169189453
181,t2_b0,28,5,384,260,29.014236450195312
181,t2_b0,34,5,384,208,2.4976274967193604
181,t2_b0,40,1,411,368,26.204784393310547
181,t2_b0,41,1,437,300,26.75904655456543
181,t2_b0,42,1,383,240,37.73215103149414
181,t2_b0,43,1,433,264,5.661123275756836
181,t2_b0,44,1,436,368,33.03694152832031
181,t2_b0,45,5,419,292,3.664447784423828
181,t2_b0,46,1,457,360,35.17158889770508
181,t2_b0,47,1,512,364,31.45340919494629
181,t2_b0,48,1,448,348,4.706890106201172
181,t2_b0,49,1,415,300,34.735694885253906
181,t2_b0,50,1,424,308,2.5993850231170654
181,t2_b0,51,1,420,300,1.3512259721755981
181,t2_b0,52,5,454,308,26.039804458618164
181,t2_b0,56,5,476,340,16.82758331298828
181,t2_b0,57,5,429,312,3.0253262519836426
181,t2_b0,59,1,454,284,2.473849058151245
182,t2_b0,0,12,434,280,16.922712326049805
182,t2_b0,1,1,409,252,7.2578558921813965
182,t2_b0,2,5,379,248,72.88972473144531
182,t2_b0,3,1,419,300,8.777375221252441
182,t2_b0,4,2,490,340,1.744009017944336
182,t2_b0,6,1,437,368,16.68583869934082
182,t2_b0,7,1,373,236,42.09595489501953
182,t2_b0,8,1,395,312,2.939619541168213
182,t2_b0,9,1,386,248,2.547696828842163
182,t2_b0,10,1,451,312,2.737870216369629
182,t2_b0,13,5,471,364,37.780906677246094
182,t2_b0,14,1,437,280,23.47351837158203
182,t2_b0,15,1,423,260,2.297485113143921
182,t2_b0,16,1,382,196,2.9117908477783203
182,t2_b0,17,1,398,264,4.0807037353515625
182,t2_b0,18,1,461,296,3.950666666030884
182,t2_b0,22,4,359,152,13.08748722076416
182,t2_b0,23,1,450,296,3.3439884185791016
182,t2_b0,24,1,460,372,46.569549560546875
182,t2_b0,25,1,445,272,15.195012092590332
182,t2_b0,28,1,385,264,7.281341075897217
182,t2_b0,29,1,423,292,3.966456651687622
182,t2_b0,34,1,385,212,28.353458404541016
182,t2_b0,37,1,487,344,4.536322593688965
182,t2_b0,40,1,412,372,15.832477569580078
182,t2_b0,42,1,384,244,3.7174763679504395
182,t2_b0,43,1,434,268,3.177327871322632
182,t2_b0,44,4,440,372,6.941652774810791
182,t2_b0,45,1,420,296,5.328481674194336
182,t2_b0,46,1,458,364,62.01921081542969
182,t2_b0,47,2,514,368,6.046932220458984
182,t2_b0,48,1,449,352,4.06271505355835
182,t2_b0,49,1,416,304,5.206256866455078
182,t2_b0,50,1,425,312,3.509890556335449
182,t2_b0,51,1,421,304,35.189208984375
182,t2_b0,52,1,455,312,3.946925640106201
182,t2_b0,56,1,477,344,12.388581275939941
182,t2_b0,57,1,430,316,4.245394706726074
182,t2_b0,59,1,455,288,2.376873731613159
183,t2_b0,1,1,410,256,57.66469955444336
183,t2_b0,3,2,421,304,4.946186542510986
183,t2_b0,7,1,374,240,3.0302088260650635
183,t2_b0,8,1,396,316,3.8481690883636475
183,t2_b0,9,1,387,252,3.134525775909424
183,t2_b0,15,1,424,264,2.1782169342041016
183,t2_b0,16,5,387,200,4.369799613952637
183,t2_b0,17,1,399,268,58.558128356933594
183,t2_b0,19,1,406,212,5.536375999450684
183,t2_b0,22,1,360,156,1.2175991535186768
183,t2_b0,29,1,424,296,4.643607139587402
183,t2_b0,40,1,413,376,5.817068099975586
183,t2_b0,44,1,441,376,26.618650436401367
183,t2_b0,45,1,421,300,30.843599319458008
183,t2_b0,46,1,459,368,60.81548309326172
183,t2_b0,49,1,417,308,38.994468688964844
183,t2_b0,52,3,458,316,4.775808334350586
183,t2_b0,57,5,435,320,31.563501358032227
183,t2_b0,59,1,456,292,1.2291970252990723
184,t2_b0,3,1,422,308,4.572729587554932
184,t2_b0,7,1,375,244,43.23654556274414
184,t2_b0,8,21,417,320,2.837324619293213
184,t2_b0,9,1,388,256,75.86466979980469
184,t2_b0,10,1,452,316,2.141214609146118
184,t2_b0,13,5,476,368,2.7784698009490967
184,t2_b0,16,1,388,204,30.86966896057129
184,t2_b0,17,1,400,272,3.875905990600586
184,t2_b0,18,1,462,300,5.9999308586120605
184,t2_b0,22,5,365,160,2.608574628829956
184,t2_b0,24,1,461,376,43.71308517456055
184,t2_b0,25,1,446,276,2.803055763244629
184,t2_b0,40,1,414,380,6.188714027404785
184,t2_b0,42,5,389,248,22.297685623168945
184,t2_b0,43,1,435,272,4.639283180236816
184,t2_b0,45,1,422,304,33.82168960571289
184,t2_b0,49,1,418,312,2.3952133655548096
184,t2_b0,50,1,426,316,4.367956161499023
184,t2_b0,51,1,422,308,5.162635326385498
184,t2_b0,57,1,436,324,6.841732501983643
184,t2_b0,59,1,457,296,2.2283740043640137
185,t2_b0,3,2,424,312,38.873046875
185,t2_b0,4,5,495,344,1.6504359245300293
185,t2_b0,7,1,376,248,42.680240631103516
185,t2_b0,9,1,389,260,5.197527885437012
185,t2_b0,16,2,390,208,32.399253845214844
185,t2_b0,17,5,405,276,3.362144708633423
185,t2_b0,18,1,463,304,9.679969787597656
185,t2_b0,21,5,326,248,2.3528146743774414
185,t2_b0,22,1,366,164,31.030412673950195
185,t2_b0,23,1,451,300,51.32023239135742
185,t2_b0,25,1,447,280,1.3705049753189087
185,t2_b0,30,5,413,256,7.438775062561035
185,t2_b0,32,5,437,288,2.0676255226135254
185,t2_b0,36,1,392,220,4.416581153869629
185,t2_b0,40,1,415,384,3.7428178787231445
185,t2_b0,43,5,440,276,4.278861045837402
185,t2_b0,44,14,455,380,3.943526029586792
185,t2_b0,47,5,519,372,5.14349889755249
185,t2_b0,48,5,454,356,40.465904235839844
185,t2_b0,57,7,443,328,4.020033836364746
185,t2_b0,58,5,420,248,36.05113220214844
186,t2_b0,1,5,415,260,41.347938537597656
186,t2_b0,4,1,496,348,35.965492248535156
186,t2_b0,6,5,442,372,5.815630912780762
186,t2_b0,7,1,377,252,4.200983047485352
186,t2_b0,9,1,390,264,45.190513610839844
186,t2_b0,10,5,457,320,2.238234281539917
186,t2_b0,28,5,390,268,4.64982795715332
186,t2_b0,37,5,492,348,29.88045883178711
186,t2_b0,38,27,475,284,3.8039023876190186
186,t2_b0,41,5,442,304,1.6935025453567505
186,t2_b0,43,11,451,280,5.080733776092529
186,t2_b0,49,12,430,316,4.345733165740967
187,t2_b0,1,3,418,264,57.40433883666992
187,t2_b0,3,4,428,316,19.23714256286621
187,t2_b0,7,13,390,256,42.57548904418945
187,t2_b0,9,3,393,268,23.527250289916992
187,t2_b0,11,5,381,196,3.8119630813598633
187,t2_b0,15,2,426,268,2.643078327178955
187,t2_b0,19,3,409,216,6.022183895111084
187,t2_b0,21,5,331,252,5.253514289855957
187,t2_b0,26,3,387,204,3.480731248855591
187,t2_b0,36,5,397,224,7.73054838180542
187,t2_b0,47,5,524,376,33.383140563964844
187,t2_b0,54,5,471,288,3.418503761291504
187,t2_b0,58,3,423,252,2.7549502849578857
188,t2_b0,1,5,423,268,57.994266510009766
188,t2_b0,2,1,380,252,2.8084959983825684
188,t2_b0,4,5,501,352,1.406342625617981
188,t2_b0,9,1,394,272,5.028093338012695
188,t2_b0,15,1,427,272,3.0891599655151367
188,t2_b0,17,5,410,280,23.124740600585938
188,t2_b0,19,1,410,220,38.25496292114258
188,t2_b0,23,1,452,304,2.6210811138153076
188,t2_b0,24,1,462,380,3.7346463203430176
188,t2_b0,26,1,388,208,38.66617965698242
188,t2_b0,30,1,414,260,4.417400360107422
188,t2_b0,36,1,398,228,6.077167987823486
188,t2_b0,37,1,493,352,3.1507630348205566
188,t2_b0,39,5,450,256,4.272160053253174
188,t2_b0,40,1,416,388,4.918272018432617
188,t2_b0,42,1,390,252,20.67985725402832
188,t2_b0,45,1,423,308,5.903677463531494
188,t2_b0,46,1,460,372,1.6765778064727783
188,t2_b0,47,1,525,380,6.671298980712891
188,t2_b0,48,9,463,360,5.227546691894531
188,t2_b0,53,5,344,192,70.02818298339844
188,t2_b0,56,1,478,348,39.886295318603516
188,t2_b0,58,1,424,256,15.065725326538086
188,t2_b0,59,1,458,300,2.121166944503784
189,t2_b0,1,1,424,272,39.97357177734375
189,t2_b0,2,1,381,256,3.2850558757781982
189,t2_b0,3,1,429,320,37.61189651489258
189,t2_b0,4,1,502,356,1.4675791263580322
189,t2_b0,9,1,395,276,5.175128936767578
189,t2_b0,10,5,462,324,55.60686492919922
189,t2_b0,11,1,382,200,6.457106590270996
189,t2_b0,15,1,428,276,4.782615661621094
189,t2_b0,17,1,411,284,4.541827201843262
189,t2_b0,19,1,411,224,5.080419063568115
189,t2_b0,20,5,412,284,3.631164073944092
189,t2_b0,21,5,336,256,4.199667930603027
189,t2_b0,23,1,453,308,2.5696637630462646
189,t2_b0,24,1,463,384,42.7254524230957
189,t2_b0,26,1,389,212,4.185910224914551
189,t2_b0,30,1,415,264,36.11000442504883
189,t2_b0,32,5,442,292,1.9509727954864502
189,t2_b0,35,5,551,408,4.826851844787598
189,t2_b0,40,1,417,392,16.95069694519043
189,t2_b0,42,1,391,256,3.6625263690948486
189,t2_b0,45,1,424,312,45.0999870300293
189,t2_b0,47,5,530,384,45.424808502197266
189,t2_b0,51,9,431,312,5.187198638916016
189,t2_b0,53,1,345,196,3.071021795272827
189,t2_b0,54,1,472,292,4.381348609924316
189,t2_b0,55,5,387,236,2.273296594619751
189,t2_b0,56,1,479,352,3.576930046081543
189,t2_b0,58,1,425,260,13.405502319335938
189,t2_b0,59,1,459,304,2.7550535202026367
190,t2_b0,2,2,383,260,3.9763240814208984
190,t2_b0,4,2,504,360,31.54954719543457
190,t2_b0,5,5,446,308,5.7325544357299805
190,t2_b0,12,5,427,320,5.267249584197998
190,t2_b0,18,1,464,308,6.342188358306885
190,t2_b0,19,5,416,228,4.681906223297119
190,t2_b0,20,2,414,288,42.25906753540039
190,t2_b0,21,1,337,260,2.6353604793548584
190,t2_b0,23,5,458,312,3.888430595397949
190,t2_b0,25,5,452,284,1.6262238025665283
190,t2_b0,26,5,394,216,6.328199863433838
190,t2_b0,27,5,448,256,0.8212223649024963
190,t2_b0,28,6,396,272,2.9100756645202637
190,t2_b0,30,1,416,268,6.882628440856934
190,t2_b0,33,5,381,320,23.609935760498047
190,t2_b0,36,2,400,232,5.301393985748291
190,t2_b0,37,2,495,356,2.887824058532715
190,t2_b0,39,1,451,260,3.518683671951294
190,t2_b0,40,5,422,396,4.336445331573486
190,t2_b0,41,1,443,308,25.2198486328125
190,t2_b0,42,2,393,260,5.035231590270996
190,t2_b0,45,2,426,316,38.60808563232422
190,t2_b0,46,2,462,376,29.083683013916016
190,t2_b0,47,5,535,388,3.3519816398620605
190,t2_b0,50,1,427,320,4.571923732757568
190,t2_b0,53,1,346,200,18.410490036010742
191,t2_b0,2,1,384,264,7.987692356109619
191,t2_b0,3,8,437,324,5.926298141479492
191,t2_b0,4,1,505,364,1.094997763633728
191,t2_b0,5,1,447,312,2.6061065196990967
191,t2_b0,12,1,428,324,5.053127765655518
191,t2_b0,17,5,416,288,38.520179748535156
191,t2_b0,18,1,465,312,11.26133918762207
191,t2_b0,20,5,419,292,3.5394577980041504
191,t2_b0,21,5,342,264,4.925194263458252
191,t2_b0,23,1,459,316,3.213967800140381
191,t2_b0,30,1,417,272,3.1823480129241943
191,t2_b0,33,1,382,324,24.75496482849121
191,t2_b0,36,1,401,236,32.403724670410156
191,t2_b0,37,1,496,360,4.0962395668029785
191,t2_b0,40,3,425,400,7.477499485015869
191,t2_b0,42,1,394,264,37.54030227661133
191,t2_b0,45,5,431,320,2.7699713706970215
191,t2_b0,46,5,467,380,61.610443115234375
191,t2_b0,47,1,536,392,5.725034236907959
192,t2_b0,1,5,429,276,3.3880279064178467
192,t2_b0,5,1,448,316,2.9767322540283203
192,t2_b0,11,1,383,204,4.999321937561035
192,t2_b0,12,1,429,328,42.585548400878906
192,t2_b0,15,1,429,280,3.1100687980651855
192,t2_b0,17,5,421,292,4.008739471435547
192,t2_b0,18,1,466,316,16.225297927856445
192,t2_b0,19,7,423,232,6.356042385101318
192,t2_b0,20,5,424,296,43.281803131103516
192,t2_b0,23,1,460,320,19.54581642150879
192,t2_b0,26,1,395,220,28.075468063354492
192,t2_b0,35,1,552,412,40.137203216552734
192,t2_b0,37,1,497,364,3.20623779296875
192,t2_b0,40,4,429,404,2.411769390106201
192,t2_b0,42,1,395,268,4.554562568664551
192,t2_b0,45,5,436,324,30.80417823791504
192,t2_b0,46,2,469,384,2.5393378734588623
192,t2_b0,47,1,537,396,6.0254740715026855
192,t2_b0,50,5,432,324,34.73203659057617
192,t2_b0,54,1,473,296,6.219894886016846
192,t2_b0,55,1,388,240,2.946410655975342
192,t2_b0,56,11,490,356,4.943161487579346
192,t2_b0,58,5,430,264,3.8501923084259033
193,t2_b0,1,3,432,280,3.6922147274017334
193,t2_b0,2,5,389,268,2.7329394817352295
193,t2_b0,4,1,506,368,31.172704696655273
193,t2_b0,5,1,449,320,21.60425567626953
193,t2_b0,9,1,396,280,24.30377197265625
193,t2_b0,11,2,385,208,19.078763961791992
193,t2_b0,12,1,430,332,7.390615463256836
193,t2_b0,14,5,442,284,24.740097045898438
193,t2_b0,15,1,430,284,3.385803461074829
193,t2_b0,17,21,442,296,3.9554286003112793
193,t2_b0,18,4,470,320,7.219644546508789
193,t2_b0,20,5,429,300,3.8020057678222656
193,t2_b0,23,1,461,324,3.5031931400299072
193,t2_b0,26,2,397,224,36.49168395996094
193,t2_b0,30,1,418,276,33.75692367553711
193,t2_b0,35,5,557,416,3.7289505004882812
193,t2_b0,36,5,406,240,5.332921504974365
193,t2_b0,39,2,453,264,2.763279438018799
193,t2_b0,40,5,434,408,4.531458854675293
193,t2_b0,42,1,396,272,38.123287200927734
193,t2_b0,45,5,441,328,2.9424517154693604
193,t2_b0,46,2,471,388,4.040304660797119
193,t2_b0,47,1,538,400,8.105742454528809
193,t2_b0,52,5,463,320,28.16330337524414
193,t2_b0,54,1,474,300,5.273980617523193
193,t2_b0,55,9,397,244,5.624672889709473
193,t2_b0,58,3,433,268,3.154120922088623
194,t2_b0,1,5,437,284,5.387324333190918
194,t2_b0,4,2,508,372,36.100929260253906
194,t2_b0,5,2,451,324,8.33647632598877
194,t2_b0,6,5,447,376,4.260019302368164
194,t2_b0,8,5,422,324,2.481989622116089
194,t2_b0,12,1,431,336,56.90898895263672
194,t2_b0,13,5,481,372,2.5861399173736572
194,t2_b0,15,5,435,288,36.342864990234375
194,t2_b0,20,5,434,304,42.3614616394043
194,t2_b0,22,8,374,168,3.0303688049316406
194,t2_b0,23,1,462,328,24.661680221557617
194,t2_b0,24,2,465,388,7.43950891494751
194,t2_b0,30,5,423,280,27.53449058532715
194,t2_b0,36,1,407,244,19.044023513793945
194,t2_b0,37,1,498,368,21.922842025756836
194,t2_b0,40,5,439,412,6.3036699295043945
194,t2_b0,42,1,397,276,61.168861389160156
194,t2_b0,45,5,446,332,3.751474380493164
194,t2_b0,46,5,476,392,35.91022872924805
194,t2_b0,47,1,539,404,5.441882133483887
194,t2_b0,59,28,487,308,1.9624054431915283
195,t2_b0,1,2,439,288,5.217683792114258
195,t2_b0,2,2,391,272,2.9172182083129883
195,t2_b0,4,3,511,376,2.2275376319885254
195,t2_b0,5,5,456,328,4.248716831207275
195,t2_b0,8,5,427,328,4.805456638336182
195,t2_b0,9,2,398,284,3.221968412399292
195,t2_b0,11,2,387,212,18.200244903564453
195,t2_b0,13,5,486,376,2.924581527709961
195,t2_b0,15,1,436,292,4.371360778808594
195,t2_b0,16,3,393,212,2.266958475112915
195,t2_b0,23,3,465,332,4.702454566955566
195,t2_b0,24,5,470,392,7.103211879730225
195,t2_b0,26,1,398,228,27.527589797973633
195,t2_b0,29,1,425,300,8.460060119628906
195,t2_b0,30,5,428,284,4.517698287963867
195,t2_b0,35,5,562,420,38.05878448486328
195,t2_b0,36,1,408,248,34.060184478759766
195,t2_b0,37,3,501,372,46.688358306884766
195,t2_b0,40,2,441,416,6.2045440673828125
195,t2_b0,42,2,399,280,2.6721243858337402
195,t2_b0,44,5,460,384,33.63396072387695
195,t2_b0,46,2,478,396,3.2270126342773438
195,t2_b0,47,2,541,408,3.0407495498657227
195,t2_b0,52,2,465,324,33.92485809326172
195,t2_b0,54,1,475,304,4.786364555358887
195,t2_b0,57,5,448,332,33.36375045776367
195,t2_b0,58,5,438,272,2.9301304817199707
196,t2_b0,1,3,442,292,3.6790943145751953
196,t2_b0,2,1,392,276,3.115330934524536
196,t2_b0,4,3,514,380,1.14702308177948
196,t2_b0,5,1,457,332,35.34784698486328
196,t2_b0,8,5,432,332,44.26418685913086
196,t2_b0,12,2,433,340,42.07820129394531
196,t2_b0,13,5,491,380,3.3224854469299316
196,t2_b0,20,5,439,308,3.6088144779205322
196,t2_b0,21,5,347,268,2.9659788608551025
196,t2_b0,23,3,468,336,18.809389114379883
196,t2_b0,24,3,473,396,6.157188415527344
196,t2_b0,29,4,429,304,4.552468299865723
196,t2_b0,30,3,431,288,3.965545654296875
196,t2_b0,36,2,410,252,4.4302167892456055
196,t2_b0,37,2,503,376,4.682629585266113
196,t2_b0,38,5,480,288,4.059600830078125
196,t2_b0,40,2,443,420,5.103283882141113
196,t2_b0,42,2,401,284,4.5265045166015625
196,t2_b0,44,1,461,388,4.046624183654785
196,t2_b0,45,11,457,336,68.49600982666016
196,t2_b0,46,2,480,400,3.386977195739746
196,t2_b0,47,3,544,412,2.636418104171753
196,t2_b0,49,17,447,320,3.138840913772583
197,t2_b0,1,1,443,296,42.676849365234375
197,t2_b0,2,5,397,280,4.720996379852295
197,t2_b0,4,1,515,384,1.824521780014038
197,t2_b0,6,1,448,380,20.99755859375
197,t2_b0,8,1,433,336,3.5999505519866943
197,t2_b0,9,1,399,288,22.787416458129883
197,t2_b0,12,2,435,344,22.624813079833984
197,t2_b0,13,5,496,384,38.60921859741211
197,t2_b0,20,5,444,312,3.401543617248535
197,t2_b0,23,1,469,340,3.9302175045013428
197,t2_b0,24,5,478,400,3.4453654289245605
197,t2_b0,27,1,449,260,1.51248037815094
197,t2_b0,29,2,431,308,5.550928592681885
197,t2_b0,36,2,412,256,4.211761474609375
197,t2_b0,37,5,508,380,3.4470579624176025
197,t2_b0,42,2,403,288,40.04142761230469
197,t2_b0,46,2,482,404,36.721649169921875
197,t2_b0,47,1,545,416,42.394378662109375
197,t2_b0,54,5,480,308,64.09452056884766
198,t2_b0,1,5,448,300,41.64552688598633
198,t2_b0,2,1,398,284,4.6016693115234375
198,t2_b0,4,4,519,388,2.4563117027282715
198,t2_b0,8,1,434,340,2.9341325759887695
198,t2_b0,10,5,467,328,13.248235702514648
198,t2_b0,13,1,497,388,37.554046630859375
198,t2_b0,20,1,445,316,65.35847473144531
198,t2_b0,23,5,474,344,4.667631149291992
198,t2_b0,27,5,454,264,33.249263763427734
198,t2_b0,29,1,432,312,3.272892713546753
198,t2_b0,37,5,513,384,3.816930055618286
198,t2_b0,43,5,456,284,4.773757457733154
198,t2_b0,47,5,550,420,3.077707290649414
198,t2_b0,48,5,468,364,4.775805473327637
198,t2_b0,54,12,492,312,6.080082416534424
199,t2_b0,0,5,439,284,22.133481979370117
199,t2_b0,1,3,451,304,3.3570311069488525
199,t2_b0,8,5,439,344,44.12054443359375
199,t2_b0,11,5,392,216,20.197669982910156
199,t2_b0,12,1,436,348,5.347064971923828
199,t2_b0,13,1,498,392,37.372413635253906
199,t2_b0,14,5,447,288,1.5682156085968018
199,t2_b0,15,2,438,296,3.314741373062134
199,t2_b0,20,1,446,320,5.963789463043213
199,t2_b0,23,1,475,348,24.741174697875977
199,t2_b0,24,1,479,404,4.826043128967285
199,t2_b0,27,5,459,268,33.37820816040039
199,t2_b0,29,1,433,316,19.526508331298828
199,t2_b0,34,17,402,216,27.278087615966797
199,t2_b0,37,5,518,388,30.46070671081543
199,t2_b0,38,5,485,292,36.145137786865234
199,t2_b0,40,1,444,424,2.3592751026153564
199,t2_b0,42,1,404,292,4.490227222442627
199,t2_b0,43,5,461,288,3.6595492362976074
199,t2_b0,47,2,552,424,4.604424476623535
199,t2_b0,48,2,470,368,4.355766296386719
199,t2_b0,51,5,436,316,2.7326667308807373
199,t2_b0,58,5,443,276,22.321840286254883
200,t2_b0,1,1,452,308,4.209619522094727
200,t2_b0,2,1,399,288,2.4847443103790283
200,t2_b0,5,5,462,336,2.8631536960601807
200,t2_b0,7,5,395,260,3.426600456237793
200,t2_b0,8,2,441,348,5.167472839355469
200,t2_b0,11,1,393,220,18.23538589477539
200,t2_b0,12,1,437,352,4.64238166809082
200,t2_b0,13,1,499,396,57.96939468383789
200,t2_b0,20,5,451,324,24.491872787475586
200,t2_b0,23,1,476,352,3.820814371109009
200,t2_b0,24,5,484,408,8.88545036315918
200,t2_b0,27,1,460,272,2.7972235679626465
200,t2_b0,28,5,401,276,26.75175666809082
200,t2_b0,37,2,520,392,32.78355407714844
200,t2_b0,40,5,449,428,6.263181209564209
200,t2_b0,41,5,448,312,2.4789481163024902
200,t2_b0,42,2,406,296,21.098358154296875
200,t2_b0,43,1,462,292,3.2652013301849365
200,t2_b0,44,1,462,392,9.923482894897461
200,t2_b0,46,1,483,408,3.2649405002593994
200,t2_b0,47,1,553,428,8.366425514221191
200,t2_b0,51,2,438,320,2.16125750541687
201,t2_b0,1,1,453,312,2.5677077770233154
201,t2_b0,2,3,402,292,2.293682336807251
201,t2_b0,3,5,442,328,5.550378799438477
201,t2_b0,6,5,453,384,5.62864875793457
201,t2_b0,8,1,442,352,82.39529418945312
201,t2_b0,11,5,398,224,4.89186954498291
201,t2_b0,12,3,440,356,21.09380340576172
201,t2_b0,20,1,452,328,3.630838394165039
201,t2_b0,23,12,488,356,2.764599323272705
201,t2_b0,24,4,488,412,2.856384754180908
201,t2_b0,26,5,403,232,5.006404876708984
201,t2_b0,27,5,465,276,2.2450411319732666
201,t2_b0,28,5,406,280,32.24322509765625
201,t2_b0,40,2,451,432,5.046816825866699
201,t2_b0,42,1,407,300,4.583147048950195
201,t2_b0,43,1,463,296,18.175107955932617
201,t2_b0,44,3,465,396,6.412586212158203
201,t2_b0,46,5,488,412,62.99102020263672
201,t2_b0,47,3,556,432,3.7225685119628906
201,t2_b0,58,8,451,280,40.7173957824707
202,t2_b0,1,4,457,316,17.496280670166016
202,t2_b0,8,3,445,356,44.638004302978516
202,t2_b0,11,5,403,228,4.299382209777832
202,t2_b0,12,1,441,360,57.124114990234375
202,t2_b0,13,2,501,400,2.552884340286255
202,t2_b0,14,5,452,292,2.145665168762207
202,t2_b0,19,5,428,236,5.3362226486206055
202,t2_b0,20,2,454,332,5.7331414222717285
202,t2_b0,24,5,493,416,44.1247444152832
202,t2_b0,26,2,405,236,3.024219274520874
202,t2_b0,28,3,409,284,33.645660400390625
202,t2_b0,32,5,447,296,2.9802467823028564
202,t2_b0,36,5,417,260,36.54117965698242
202,t2_b0,38,14,499,296,35.96369171142578
202,t2_b0,40,3,454,436,4.802034854888916
202,t2_b0,41,5,453,316,1.9147874116897583
202,t2_b0,42,1,408,304,3.151679754257202
202,t2_b0,43,5,468,300,2.608120918273926
202,t2_b0,46,1,489,416,3.170295476913452
202,t2_b0,47,1,557,436,30.282669067382812
202,t2_b0,50,5,437,328,3.8127665519714355
202,t2_b0,51,1,439,324,32.06037139892578
202,t2_b0,56,5,495,360,3.224311113357544
203,t2_b0,0,1,440,288,3.3566384315490723
203,t2_b0,1,1,458,320,5.782431125640869
203,t2_b0,3,1,443,332,4.6756062507629395
203,t2_b0,5,5,467,340,33.77992248535156
203,t2_b0,6,5,458,388,21.94149398803711
203,t2_b0,7,5,400,264,3.5295979976654053
203,t2_b0,8,1,446,360,5.1704206466674805
203,t2_b0,12,1,442,364,61.690582275390625
203,t2_b0,13,1,502,404,3.035353422164917
203,t2_b0,14,1,453,296,23.474998474121094
203,t2_b0,16,1,394,216,2.96726393699646
203,t2_b0,17,5,447,300,23.852128982543945
203,t2_b0,18,5,475,324,6.9010910987854
203,t2_b0,19,6,434,240,6.0941162109375
203,t2_b0,20,1,455,336,23.63977813720703
203,t2_b0,24,1,494,420,44.708473205566406
203,t2_b0,26,4,409,240,3.8840463161468506
203,t2_b0,28,1,410,288,3.3156912326812744
203,t2_b0,35,1,563,424,71.13066101074219
203,t2_b0,36,2,419,264,2.950299024581909
203,t2_b0,37,5,525,396,3.7891595363616943
203,t2_b0,39,5,458,268,50.14668655395508
203,t2_b0,40,7,461,440,4.01030158996582
203,t2_b0,42,2,410,308,2.479832172393799
203,t2_b0,43,5,473,304,3.1139020919799805
203,t2_b0,44,5,470,400,6.287477493286133
203,t2_b0,47,2,559,440,15.63803482055664
203,t2_b0,50,1,438,332,31.871183395385742
203,t2_b0,51,3,442,328,32.28872299194336
203,t2_b0,52,1,466,328,3.5950942039489746
203,t2_b0,55,5,402,248,6.06826114654541
203,t2_b0,56,5,500,364,5.283928871154785
203,t2_b0,57,1,449,336,6.1392059326171875
204,t2_b0,1,2,460,324,56.7548942565918
204,t2_b0,3,5,448,336,42.88508987426758
204,t2_b0,5,5,472,344,5.535465240478516
204,t2_b0,6,1,459,392,4.52446985244751
204,t2_b0,7,1,401,268,43.120601654052734
204,t2_b0,8,5,451,364,3.9034042358398438
204,t2_b0,10,5,472,332,1.4971221685409546
204,t2_b0,12,10,452,368,7.307584762573242
204,t2_b0,13,5,507,408,2.0724542140960693
204,t2_b0,14,1,454,300,23.356555938720703
204,t2_b0,17,5,452,304,22.52983856201172
204,t2_b0,18,2,477,328,37.0402946472168
204,t2_b0,20,2,457,340,2.8438796997070312
204,t2_b0,22,5,379,172,2.056398868560791
204,t2_b0,24,1,495,424,86.29788208007812
204,t2_b0,26,9,418,244,38.105648040771484
204,t2_b0,28,1,411,292,4.770824432373047
204,t2_b0,29,1,434,320,3.4582509994506836
204,t2_b0,39,1,459,272,24.254785537719727
204,t2_b0,43,1,474,308,3.0197079181671143
204,t2_b0,46,5,494,420,30.3048038482666
204,t2_b0,47,5,564,444,4.451796054840088
204,t2_b0,50,1,439,336,2.1383609771728516
204,t2_b0,55,1,403,252,26.804306030273438
204,t2_b0,59,5,492,312,2.1474125385284424
205,t2_b0,3,5,453,340,4.9565110206604
205,t2_b0,5,1,473,348,21.61899757385254
205,t2_b0,13,1,508,412,22.265735626220703
205,t2_b0,16,5,399,220,4.284175872802734
205,t2_b0,18,4,481,332,5.660271644592285
205,t2_b0,29,3,437,324,7.000846862792969
205,t2_b0,33,5,387,328,4.887096405029297
205,t2_b0,46,5,499,424,3.572155237197876
205,t2_b0,50,1,440,340,31.317319869995117
205,t2_b0,59,1,493,316,4.084685802459717
206,t2_b0,0,1,441,292,21.58896255493164
206,t2_b0,1,1,461,328,3.9806151390075684
206,t2_b0,2,1,403,296,38.951171875
206,t2_b0,3,2,455,344,6.544723033905029
206,t2_b0,5,2,475,352,34.27287292480469
206,t2_b0,8,1,452,368,2.698884963989258
206,t2_b0,13,5,513,416,3.631934404373169
206,t2_b0,14,1,455,304,1.799721121788025
206,t2_b0,16,1,400,224,3.955414056777954
206,t2_b0,17,1,453,308,4.086782455444336
206,t2_b0,20,1,458,344,3.9637584686279297
206,t2_b0,21,5,352,272,82.09723663330078
206,t2_b0,22,1,380,176,2.9236397743225098
206,t2_b0,24,1,496,428,4.033504962921143
206,t2_b0,25,5,457,288,2.2330899238586426
206,t2_b0,28,1,412,296,3.6583645343780518
206,t2_b0,29,1,438,328,2.5612761974334717
206,t2_b0,30,5,436,292,31.2417049407959
206,t2_b0,31,5,454,328,6.028933525085449
206,t2_b0,33,1,388,332,5.839902877807617
206,t2_b0,35,7,570,428,37.800846099853516
206,t2_b0,36,1,420,268,6.217565059661865
206,t2_b0,37,1,526,400,3.3534693717956543
206,t2_b0,39,1,460,276,30.55097007751465
206,t2_b0,41,5,458,320,25.380197525024414
206,t2_b0,44,1,471,404,6.689043045043945
206,t2_b0,45,5,462,340,2.7292847633361816
206,t2_b0,46,1,500,428,2.840315818786621
206,t2_b0,47,1,565,448,5.019683837890625
206,t2_b0,49,5,452,324,4.677393913269043
206,t2_b0,50,5,445,344,30.313962936401367
206,t2_b0,51,1,443,332,37.09526443481445
206,t2_b0,52,1,467,332,6.444841384887695
206,t2_b0,59,5,498,320,19.429128646850586
207,t2_b0,0,1,442,296,2.060744524002075
207,t2_b0,3,2,457,348,5.030065059661865
207,t2_b0,6,1,460,396,4.3066511154174805
207,t2_b0,9,5,404,292,32.37248992919922
207,t2_b0,10,1,473,336,12.334839820861816
207,t2_b0,14,1,456,308,3.7083258628845215
207,t2_b0,16,2,402,228,4.336661338806152
207,t2_b0,17,1,454,312,3.4285378456115723
207,t2_b0,20,5,463,348,4.636449337005615
207,t2_b0,25,1,458,292,0.712588369846344
207,t2_b0,27,1,466,280,1.0223361253738403
207,t2_b0,29,1,439,332,4.667795181274414
207,t2_b0,30,5,441,296,4.835282325744629
207,t2_b0,43,1,475,312,2.985917568206787
207,t2_b0,45,1,463,344,2.5969128608703613
207,t2_b0,47,5,570,452,4.419800758361816
207,t2_b0,48,5,475,372,4.785780906677246
207,t2_b0,51,1,444,336,35.23247528076172
207,t2_b0,56,5,505,368,4.4317426681518555
208,t2_b0,1,2,463,332,3.840973377227783
208,t2_b0,4,5,524,392,26.847766876220703
208,t2_b0,6,5,465,400,5.170775413513184
208,t2_b0,8,19,471,372,4.919620513916016
208,t2_b0,13,1,514,420,4.231074333190918
208,t2_b0,20,2,465,352,43.02347183227539
208,t2_b0,21,1,353,276,33.53097152709961
208,t2_b0,22,1,381,180,13.102886199951172
208,t2_b0,24,2,498,432,41.48574447631836
208,t2_b0,28,1,413,300,3.549509048461914
208,t2_b0,29,5,444,336,4.413355350494385
208,t2_b0,30,2,443,300,3.934177875518799
208,t2_b0,34,6,408,220,4.607627868652344
208,t2_b0,36,5,425,272,6.946372032165527
208,t2_b0,39,1,461,280,28.34050941467285
208,t2_b0,50,2,447,348,5.044282913208008
208,t2_b0,51,4,448,340,2.162665605545044
208,t2_b0,54,5,497,316,2.798398017883301
209,t2_b0,5,5,480,356,4.780941963195801
209,t2_b0,6,20,485,404,4.031515598297119
209,t2_b0,7,5,406,272,43.4344482421875
209,t2_b0,9,5,409,296,33.840145111083984
209,t2_b0,15,5,443,300,3.788987636566162
209,t2_b0,33,1,389,336,3.5230658054351807
209,t2_b0,46,11,511,432,3.8153319358825684
209,t2_b0,50,5,452,352,3.486069679260254
210,t2_b0,28,5,418,304,35.583473205566406
210,t2_b0,36,19,444,276,3.1029083728790283
210,t2_b0,41,5,463,324,2.008546829223633
210,t2_b0,48,5,480,376,40.66911697387695
210,t2_b0,51,5,453,344,3.656146764755249
211,t2_b0,1,17,480,336,40.42523956298828
211,t2_b0,4,1,525,396,31.942468643188477
211,t2_b0,7,1,407,276,2.232398748397827
211,t2_b0,9,1,410,300,2.659135580062866
211,t2_b0,13,5,519,424,3.7159008979797363
211,t2_b0,14,1,457,312,1.8779116868972778
211,t2_b0,15,1,444,304,3.430762767791748
211,t2_b0,20,1,466,356,3.4307477474212646
211,t2_b0,21,1,354,280,52.237937927246094
211,t2_b0,22,1,382,184,3.2238311767578125
211,t2_b0,23,5,493,360,2.355792999267578
211,t2_b0,24,1,499,436,6.167149543762207
211,t2_b0,25,5,463,296,1.5905770063400269
211,t2_b0,27,5,471,284,1.1360803842544556
211,t2_b0,28,1,419,308,27.676862716674805
211,t2_b0,37,14,540,404,28.886241912841797
211,t2_b0,39,1,462,284,28.10875701904297
211,t2_b0,45,5,468,348,3.1680071353912354
211,t2_b0,50,1,453,356,28.696626663208008
211,t2_b0,54,1,498,320,5.0878496170043945
211,t2_b0,56,5,510,372,7.560452461242676
211,t2_b0,58,5,456,284,4.500405788421631
212,t2_b0,3,5,462,352,5.842743396759033
212,t2_b0,4,2,527,400,37.207611083984375
212,t2_b0,7,1,408,280,3.4358532428741455
212,t2_b0,9,2,412,304,4.184015274047852
212,t2_b0,11,5,408,232,3.6943390369415283
212,t2_b0,13,1,520,428,55.91033172607422
212,t2_b0,14,1,458,316,2.043916940689087
212,t2_b0,15,1,445,308,3.4143552780151367
212,t2_b0,16,14,416,232,3.6307268142700195
212,t2_b0,20,5,471,360,24.04505729675293
212,t2_b0,21,2,356,284,53.38203811645508
212,t2_b0,22,5,387,188,3.064143180847168
212,t2_b0,23,1,494,364,3.5607542991638184
212,t2_b0,24,5,504,440,3.070801258087158
212,t2_b0,25,1,464,300,18.48365020751953
212,t2_b0,28,2,421,312,2.740799903869629
212,t2_b0,32,5,452,300,34.2003173828125
212,t2_b0,33,17,406,340,4.527431488037109
212,t2_b0,38,5,504,300,35.377376556396484
212,t2_b0,39,18,480,288,29.01769256591797
212,t2_b0,50,2,455,360,4.267327308654785
212,t2_b0,53,5,351,204,31.709367752075195
212,t2_b0,54,1,499,324,24.940404891967773
212,t2_b0,55,5,408,256,4.4865403175354
212,t2_b0,56,5,515,376,4.456210613250732
212,t2_b0,58,5,461,288,3.522313117980957
213,t2_b0,5,1,481,360,24.22227668762207
213,t2_b0,19,5,439,244,10.4984130859375
213,t2_b0,20,1,472,364,2.3893673419952393
213,t2_b0,21,1,357,288,33.48811721801758
213,t2_b0,24,5,509,444,4.042784690856934
213,t2_b0,28,1,422,316,3.8399510383605957
213,t2_b0,31,1,455,332,3.847517728805542
213,t2_b0,32,2,454,304,27.42725372314453
213,t2_b0,40,5,466,444,31.555953979492188
213,t2_b0,53,5,356,208,17.897172927856445
213,t2_b0,54,1,500,328,35.76021194458008
213,t2_b0,59,5,503,324,2.7699739933013916
214,t2_b0,4,1,528,404,35.848731994628906
214,t2_b0,5,1,482,364,20.278207778930664
214,t2_b0,12,5,457,372,7.552811622619629
214,t2_b0,13,1,521,432,2.346081018447876
214,t2_b0,14,1,459,320,3.443840265274048
214,t2_b0,17,1,455,316,39.092620849609375
214,t2_b0,19,1,440,248,4.666162967681885
214,t2_b0,20,1,473,368,3.6768081188201904
214,t2_b0,21,14,371,292,3.9212825298309326
214,t2_b0,22,5,392,192,2.0393178462982178
214,t2_b0,24,3,512,448,9.053848266601562
214,t2_b0,26,5,423,248,3.0923759937286377
214,t2_b0,27,5,476,288,2.3627185821533203
214,t2_b0,28,3,425,320,31.62613296508789
214,t2_b0,30,5,448,304,1.8187578916549683
214,t2_b0,31,1,456,336,3.882308006286621
214,t2_b0,38,1,505,304,1.905998945236206
214,t2_b0,40,1,467,448,17.205202102661133
214,t2_b0,42,5,415,312,2.871551752090454
214,t2_b0,45,1,469,352,6.8307294845581055
214,t2_b0,50,5,460,364,3.2813127040863037
214,t2_b0,54,5,505,332,36.561309814453125
214,t2_b0,56,5,520,380,4.408102035522461
214,t2_b0,58,1,462,292,1.6785717010498047
215,t2_b0,4,2,530,408,55.94749450683594
215,t2_b0,5,2,484,368,37.083595275878906
215,t2_b0,17,3,458,320,37.428810119628906
215,t2_b0,18,26,507,336,8.414083480834961
215,t2_b0,19,1,441,252,4.824970722198486
215,t2_b0,20,5,478,372,3.581292152404785
215,t2_b0,31,4,460,340,34.31819534301758
215,t2_b0,38,5,510,308,4.410321235656738
215,t2_b0,42,1,416,316,3.9557416439056396
215,t2_b0,45,3,472,356,41.56085968017578
215,t2_b0,52,5,472,336,24.515056610107422
215,t2_b0,53,1,357,212,2.299348831176758
216,t2_b0,4,2,532,412,2.171752452850342
216,t2_b0,13,1,522,436,2.8216400146484375
216,t2_b0,14,5,464,324,23.839685440063477
216,t2_b0,15,5,450,312,2.5763819217681885
216,t2_b0,17,1,459,324,2.590435266494751
216,t2_b0,19,5,446,256,35.037864685058594
216,t2_b0,20,1,479,376,5.4180707931518555
216,t2_b0,22,1,393,196,31.332277297973633
216,t2_b0,24,1,513,452,2.8244223594665527
216,t2_b0,26,1,424,252,15.639957427978516
216,t2_b0,28,5,430,324,31.417030334472656
216,t2_b0,30,5,453,308,4.2341203689575195
216,t2_b0,35,5,575,432,39.767398834228516
216,t2_b0,42,5,421,320,4.853896617889404
216,t2_b0,45,1,473,360,4.527827739715576
216,t2_b0,50,1,461,368,62.940826416015625
216,t2_b0,52,5,477,340,19.438495635986328
216,t2_b0,54,1,506,336,3.244384288787842
216,t2_b0,58,1,463,296,24.00295066833496
217,t2_b0,4,3,535,416,31.33559799194336
217,t2_b0,17,7,466,328,44.01603317260742
217,t2_b0,22,1,394,200,2.9018168449401855
217,t2_b0,24,1,514,456,4.802728176116943
217,t2_b0,30,5,458,312,3.5678439140319824
217,t2_b0,35,2,577,436,35.00685501098633
217,t2_b0,42,1,422,324,3.8461949825286865
217,t2_b0,50,1,462,372,2.93338680267334
218,t2_b0,0,5,447,300,2.860238552093506
218,t2_b0,2,5,408,300,35.609832763671875
218,t2_b0,4,3,538,420,1.5363960266113281
218,t2_b0,8,5,476,376,4.326899528503418
218,t2_b0,11,5,413,236,17.978132247924805
218,t2_b0,13,13,535,440,23.653425216674805
218,t2_b0,14,21,485,328,3.222588062286377
218,t2_b0,15,1,451,316,22.81992530822754
218,t2_b0,19,5,451,260,8.569303512573242
218,t2_b0,20,3,482,380,3.677278518676758
218,t2_b0,22,5,399,204,2.363149404525757
218,t2_b0,24,5,519,460,3.3021228313446045
218,t2_b0,26,3,427,256,5.054197788238525
218,t2_b0,28,3,433,328,2.8007802963256836
218,t2_b0,30,3,461,316,3.181338310241699
218,t2_b0,34,5,413,224,39.683677673339844
218,t2_b0,35,3,580,440,4.367806434631348
218,t2_b0,38,5,515,312,3.7978620529174805
218,t2_b0,42,2,424,328,3.163229465484619
218,t2_b0,43,22,497,316,4.981754779815674
218,t2_b0,45,1,474,364,3.790064573287964
218,t2_b0,47,5,575,456,30.158092498779297
218,t2_b0,50,5,467,376,3.089733600616455
218,t2_b0,52,1,478,344,3.3825998306274414
218,t2_b0,54,3,509,340,3.86824893951416
218,t2_b0,55,5,413,260,4.503391265869141
218,t2_b0,56,1,521,384,4.4059624671936035
218,t2_b0,58,3,466,300,3.4136252403259277
219,t2_b0,0,5,452,304,4.0989227294921875
219,t2_b0,2,2,410,304,33.78846740722656
219,t2_b0,4,2,540,424,1.3339924812316895
219,t2_b0,6,5,490,408,4.854899883270264
219,t2_b0,8,2,478,380,3.8768105506896973
219,t2_b0,9,5,417,308,45.05075454711914
219,t2_b0,15,5,456,320,25.74608612060547
219,t2_b0,19,3,454,264,6.483137130737305
219,t2_b0,23,5,499,368,24.67791748046875
219,t2_b0,24,16,535,464,5.172532558441162
219,t2_b0,32,5,459,308,33.78030014038086
219,t2_b0,42,1,425,332,3.4219069480895996
219,t2_b0,45,6,480,368,4.147469997406006
219,t2_b0,46,5,516,436,3.4759583473205566
219,t2_b0,47,4,579,460,4.7811689376831055
219,t2_b0,52,2,480,348,5.6616010665893555
219,t2_b0,56,2,523,388,5.835101127624512
219,t2_b0,57,9,458,340,5.01698112487793
220,t2_b0,0,1,453,308,33.928489685058594
220,t2_b0,5,3,487,372,2.692077875137329
220,t2_b0,6,2,492,412,19.726951599121094
220,t2_b0,8,3,481,384,5.7090163230896
220,t2_b0,9,1,418,312,3.74002742767334
220,t2_b0,11,5,418,240,4.601406574249268
220,t2_b0,15,1,457,324,2.6641180515289307
220,t2_b0,19,3,457,268,23.847442626953125
220,t2_b0,20,1,483,384,3.571237802505493
220,t2_b0,22,1,400,208,13.407439231872559
220,t2_b0,23,5,504,372,19.93476676940918
220,t2_b0,26,1,428,260,72.69935607910156
220,t2_b0,28,8,441,332,4.692358016967773
220,t2_b0,30,1,462,320,35.175628662109375
220,t2_b0,31,3,463,344,45.014827728271484
220,t2_b0,32,5,464,312,27.77654457092285
220,t2_b0,34,1,414,228,4.242249011993408
220,t2_b0,35,1,581,444,3.903872013092041
220,t2_b0,36,5,449,280,7.5231242179870605
220,t2_b0,40,3,470,452,6.698304653167725
220,t2_b0,41,5,468,328,2.4052734375
220,t2_b0,42,1,426,336,5.8865461349487305
220,t2_b0,44,1,472,408,34.224308013916016
220,t2_b0,46,5,521,440,1.6800179481506348
220,t2_b0,47,2,581,464,30.23124885559082
220,t2_b0,48,5,485,380,24.335704803466797
220,t2_b0,50,1,468,380,2.671361207962036
220,t2_b0,51,5,458,348,3.6180708408355713
220,t2_b0,52,1,481,352,2.842686176300049
220,t2_b0,53,3,360,216,2.218696117401123
220,t2_b0,54,5,514,344,25.780656814575195
220,t2_b0,56,1,524,392,17.421142578125
220,t2_b0,58,5,471,304,2.409100294113159
221,t2_b0,1,5,485,340,55.6830940246582
221,t2_b0,3,5,467,356,19.428268432617188
221,t2_b0,5,1,488,376,3.31573224067688
221,t2_b0,6,2,494,416,20.9500789642334
221,t2_b0,8,2,483,388,4.600266456604004
221,t2_b0,9,5,423,316,2.738680362701416
221,t2_b0,12,1,458,376,41.95283508300781
221,t2_b0,15,5,462,328,36.77231216430664
221,t2_b0,22,5,405,212,41.7738037109375
221,t2_b0,23,3,507,376,3.138673782348633
221,t2_b0,31,1,464,348,41.60480880737305
221,t2_b0,37,5,545,408,2.073582887649536
221,t2_b0,40,1,471,456,22.83673667907715
221,t2_b0,41,2,470,332,1.8337711095809937
221,t2_b0,42,1,427,340,3.54837703704834
221,t2_b0,44,1,473,412,4.245228290557861
221,t2_b0,46,2,523,444,3.6379048824310303
221,t2_b0,47,1,582,468,8.733785629272461
221,t2_b0,48,5,490,384,25.34214973449707
221,t2_b0,52,2,483,356,3.179377555847168
221,t2_b0,53,1,361,220,31.645843505859375
221,t2_b0,56,2,526,396,16.95465850830078
222,t2_b0,3,5,472,360,4.616175174713135
222,t2_b0,5,2,490,380,50.66539001464844
222,t2_b0,16,5,421,236,30.574874877929688
222,t2_b0,19,18,475,272,63.3455810546875
222,t2_b0,23,1,508,380,3.269897937774658
222,t2_b0,25,1,465,304,2.265921115875244
222,t2_b0,30,5,467,324,3.889355182647705
222,t2_b0,31,2,466,352,3.6761953830718994
222,t2_b0,32,5,469,316,1.5433812141418457
222,t2_b0,33,5,411,344,41.86073684692383
222,t2_b0,38,6,521,316,4.4792585372924805
222,t2_b0,39,5,485,292,2.290526866912842
222,t2_b0,40,1,472,460,5.409669876098633
222,t2_b0,44,2,475,416,5.279665470123291
222,t2_b0,46,2,525,448,36.45097732543945
222,t2_b0,47,3,585,472,2.4905998706817627
222,t2_b0,48,3,493,388,6.77626895904541
222,t2_b0,51,2,460,352,24.053138732910156
222,t2_b0,53,11,372,224,18.94178009033203
222,t2_b0,54,1,515,348,64.9576416015625
222,t2_b0,58,1,472,308,44.94162368774414
222,t2_b0,59,5,508,328,3.1892168521881104
223,t2_b0,1,5,490,344,17.566261291503906
223,t2_b0,5,1,491,384,2.8077216148376465
223,t2_b0,7,5,413,284,44.454280853271484
223,t2_b0,16,1,422,240,2.8897690773010254
223,t2_b0,22,9,414,216,14.260342597961426
223,t2_b0,25,1,466,308,2.1887869834899902
223,t2_b0,30,5,472,328,5.574656009674072
223,t2_b0,31,1,467,356,8.478933334350586
223,t2_b0,32,1,470,320,1.4997148513793945
223,t2_b0,33,5,416,348,3.271641492843628
223,t2_b0,40,1,473,464,5.3311333656311035
223,t2_b0,44,1,476,420,6.934033393859863
223,t2_b0,47,1,586,476,4.640835762023926
223,t2_b0,54,5,520,352,5.474430084228516
223,t2_b0,58,4,476,312,15.452140808105469
224,t2_b0,1,5,495,348,4.235173225402832
224,t2_b0,5,2,493,388,21.943449020385742
224,t2_b0,7,5,418,288,3.5063531398773193
224,t2_b0,16,2,424,244,2.9921987056732178
224,t2_b0,20,5,488,388,4.864745616912842
224,t2_b0,21,5,376,296,33.00265884399414
224,t2_b0,25,4,470,312,1.9074695110321045
224,t2_b0,27,5,481,292,1.7446209192276
224,t2_b0,30,4,476,332,30.040191650390625
224,t2_b0,31,2,469,360,3.518965482711792
224,t2_b0,32,3,473,324,3.1659090518951416
224,t2_b0,33,3,419,352,4.151604175567627
224,t2_b0,37,5,550,412,3.2422842979431152
224,t2_b0,39,2,487,296,2.843552350997925
224,t2_b0,44,2,478,424,4.672543048858643
224,t2_b0,47,2,588,480,4.96750545501709
224,t2_b0,48,2,495,392,24.77699089050293
224,t2_b0,52,13,496,360,5.745524883270264
224,t2_b0,54,3,523,356,34.68897247314453
224,t2_b0,58,3,479,316,36.181392669677734
225,t2_b0,0,10,463,312,3.017751455307007
225,t2_b0,5,6,499,392,33.71112823486328
225,t2_b0,8,5,488,392,4.631412029266357
225,t2_b0,15,5,467,332,3.377453088760376
225,t2_b0,16,1,425,248,2.750026226043701
225,t2_b0,18,5,512,340,8.488306999206543
225,t2_b0,20,5,493,392,4.103863716125488
225,t2_b0,21,1,377,300,2.990817070007324
225,t2_b0,25,7,477,316,15.489997863769531
225,t2_b0,27,1,482,296,0.9014730453491211
225,t2_b0,30,4,480,336,28.002931594848633
225,t2_b0,31,1,470,364,34.3490104675293
225,t2_b0,33,3,422,356,3.9981496334075928
225,t2_b0,39,1,488,300,2.1309409141540527
225,t2_b0,40,5,478,468,6.596704483032227
225,t2_b0,44,1,479,428,33.85393142700195
225,t2_b0,48,1,496,396,23.288930892944336
225,t2_b0,50,1,469,384,5.191010475158691
225,t2_b0,54,2,525,360,4.568262577056885
225,t2_b0,58,2,481,320,24.41810417175293
226,t2_b0,7,1,419,292,5.183821678161621
226,t2_b0,8,1,489,396,3.4867262840270996
226,t2_b0,16,1,426,252,33.800331115722656
226,t2_b0,18,3,515,344,18.347618103027344
226,t2_b0,20,1,494,396,25.20264434814453
226,t2_b0,21,1,378,304,2.498091220855713
226,t2_b0,23,5,513,384,2.3363306522369385
226,t2_b0,27,4,486,300,1.9784473180770874
226,t2_b0,29,5,449,340,4.079189777374268
226,t2_b0,30,2,482,340,4.115327835083008
226,t2_b0,31,2,472,368,4.9765119552612305
226,t2_b0,32,1,474,328,68.1153564453125
226,t2_b0,33,1,423,360,3.9917688369750977
226,t2_b0,39,1,489,304,3.29441499710083
226,t2_b0,40,1,479,472,22.964067459106445
226,t2_b0,44,5,484,432,30.68134117126465
226,t2_b0,47,8,596,484,3.656726837158203
226,t2_b0,48,1,497,400,4.402371883392334
226,t2_b0,50,5,474,388,2.2365965843200684
226,t2_b0,54,5,530,364,5.91701078414917
226,t2_b0,58,1,482,324,21.519811630249023
227,t2_b0,6,5,499,420,17.251617431640625
227,t2_b0,7,5,424,296,43.01372528076172
227,t2_b0,8,2,491,400,41.93452835083008
227,t2_b0,16,1,427,256,2.589160680770874
227,t2_b0,17,5,471,332,2.2776079177856445
227,t2_b0,18,1,516,348,4.8217878341674805
227,t2_b0,20,2,496,400,4.4343647956848145
227,t2_b0,26,1,429,264,3.954616069793701
227,t2_b0,27,5,491,304,1.7501033544540405
227,t2_b0,29,3,452,344,8.074422836303711
227,t2_b0,30,12,494,344,3.643826961517334
227,t2_b0,31,2,474,372,4.814277648925781
227,t2_b0,32,2,476,332,33.97554397583008
227,t2_b0,33,4,427,364,5.062034606933594
227,t2_b0,35,1,582,448,2.718363046646118
227,t2_b0,36,1,450,284,18.482402801513672
227,t2_b0,40,2,481,476,6.717789649963379
227,t2_b0,44,2,486,436,10.4083251953125
227,t2_b0,48,1,498,404,6.004469394683838
227,t2_b0,49,5,457,328,4.767994403839111
227,t2_b0,50,3,477,392,2.536308765411377
227,t2_b0,51,1,461,356,0.9449704885482788
227,t2_b0,54,1,531,368,4.325435638427734
227,t2_b0,58,3,485,328,15.289859771728516
228,t2_b0,1,1,496,352,4.487226486206055
228,t2_b0,2,5,415,308,3.052339792251587
228,t2_b0,6,1,500,424,5.786260604858398
228,t2_b0,8,1,492,404,4.865622043609619
228,t2_b0,10,1,474,340,2.396395444869995
228,t2_b0,12,1,459,380,4.322554111480713
228,t2_b0,13,5,540,444,3.0818557739257812
228,t2_b0,14,5,490,332,24.157081604003906
228,t2_b0,17,3,474,336,3.731590509414673
228,t2_b0,18,1,517,352,39.28675079345703
228,t2_b0,20,1,497,404,3.0135200023651123
228,t2_b0,23,5,518,388,18.56080436706543
228,t2_b0,26,3,432,268,2.1673049926757812
228,t2_b0,29,5,457,348,6.9942426681518555
228,t2_b0,33,1,428,368,28.42514991760254
228,t2_b0,34,1,415,232,39.50532913208008
228,t2_b0,35,2,584,452,3.084397792816162
228,t2_b0,36,2,452,288,17.806472778320312
228,t2_b0,40,1,482,480,50.09717559814453
228,t2_b0,43,5,502,320,4.930968284606934
228,t2_b0,44,16,502,440,9.161163330078125
228,t2_b0,50,1,478,396,4.690203666687012
228,t2_b0,54,1,532,372,4.829512596130371
228,t2_b0,56,1,527,400,41.14693832397461
228,t2_b0,58,1,486,332,21.60982322692871
229,t2_b0,2,10,425,312,4.201818466186523
229,t2_b0,4,5,545,428,62.19755172729492
229,t2_b0,7,1,425,300,2.868873119354248
229,t2_b0,12,1,460,384,8.143601417541504
229,t2_b0,21,5,383,308,3.208819627761841
229,t2_b0,24,5,540,468,2.493168592453003
229,t2_b0,27,1,492,308,1.7341878414154053
229,t2_b0,29,5,462,352,4.208191871643066
229,t2_b0,31,1,475,376,5.8532257080078125
229,t2_b0,32,1,477,336,26.57209014892578
229,t2_b0,33,5,433,372,42.490882873535156
229,t2_b0,35,5,589,456,38.630348205566406
229,t2_b0,39,1,490,308,29.412818908691406
229,t2_b0,40,5,487,484,3.070927143096924
229,t2_b0,42,5,432,344,4.225777626037598
229,t2_b0,43,4,506,324,4.04910945892334
229,t2_b0,45,5,485,372,3.223135471343994
229,t2_b0,48,1,499,408,60.90195846557617
229,t2_b0,49,1,458,332,4.4081501960754395
229,t2_b0,50,1,479,400,3.443537950515747
229,t2_b0,51,1,462,360,37.36415481567383
229,t2_b0,54,7,539,376,25.427730560302734
229,t2_b0,56,8,535,404,43.80569839477539
229,t2_b0,57,5,463,344,3.9200921058654785
230,t2_b0,8,1,493,408,4.2755022048950195
230,t2_b0,12,1,461,388,39.91286849975586
230,t2_b0,14,5,495,336,1.8511592149734497
230,t2_b0,16,5,432,260,33.9369010925293
230,t2_b0,24,1,541,472,6.687305450439453
230,t2_b0,28,5,446,336,38.33946990966797
230,t2_b0,32,1,478,340,25.538833618164062
230,t2_b0,36,5,457,292,3.8310470581054688
230,t2_b0,37,5,555,416,3.3340108394622803
230,t2_b0,42,5,437,348,2.428680896759033
230,t2_b0,46,5,530,452,36.027587890625
230,t2_b0,50,1,480,404,3.152214288711548
230,t2_b0,51,5,467,364,37.91245651245117
230,t2_b0,57,4,467,348,6.986323356628418
231,t2_b0,4,5,550,432,31.242002487182617
231,t2_b0,8,1,494,412,3.2244815826416016
231,t2_b0,12,5,466,392,21.90213394165039
231,t2_b0,14,5,500,340,2.5243277549743652
231,t2_b0,16,1,433,264,3.5566189289093018
231,t2_b0,20,5,502,408,2.826866626739502
231,t2_b0,21,20,403,312,50.70960235595703
231,t2_b0,28,1,447,340,4.094146251678467
231,t2_b0,29,5,467,356,4.749990940093994
231,t2_b0,36,2,459,296,18.766611099243164
231,t2_b0,46,1,531,456,36.09225082397461
231,t2_b0,50,4,484,408,3.6564745903015137
231,t2_b0,51,15,482,368,4.7722697257995605
231,t2_b0,57,4,471,352,32.884315490722656
232,t2_b0,1,5,501,356,4.045562267303467
232,t2_b0,3,1,473,364,2.9754297733306885
232,t2_b0,13,5,545,448,23.651016235351562
232,t2_b0,17,1,475,340,4.607505798339844
232,t2_b0,18,2,519,356,7.134767055511475
232,t2_b0,19,5,480,276,5.58275842666626
232,t2_b0,20,3,505,412,3.457470655441284
232,t2_b0,26,5,437,272,6.502998352050781
232,t2_b0,27,5,497,312,40.64112091064453
232,t2_b0,29,1,468,360,4.580199718475342
232,t2_b0,33,3,436,376,4.945912837982178
232,t2_b0,34,2,417,236,3.161769390106201
232,t2_b0,35,2,591,460,39.96561813354492
232,t2_b0,36,3,462,300,34.88376998901367
232,t2_b0,37,1,556,420,1.8267226219177246
232,t2_b0,38,5,526,320,3.1017048358917236
232,t2_b0,43,1,507,328,4.3476338386535645
232,t2_b0,48,5,504,412,39.73131561279297
232,t2_b0,50,3,487,412,4.352262496948242
232,t2_b0,53,5,377,228,2.192326784133911
232,t2_b0,57,5,476,356,37.50531005859375
232,t2_b0,58,2,488,336,21.244489669799805
232,t2_b0,59,5,513,332,2.6345860958099365
233,t2_b0,1,1,502,360,17.821134567260742
233,t2_b0,6,1,501,428,15.690841674804688
233,t2_b0,7,16,441,304,4.217282295227051
233,t2_b0,8,1,495,416,4.351711273193359
233,t2_b0,14,1,501,344,3.1938090324401855
233,t2_b0,20,5,510,416,5.669793128967285
233,t2_b0,22,5,419,220,2.275818109512329
233,t2_b0,27,5,502,316,2.358959674835205
233,t2_b0,28,1,448,344,31.981592178344727
233,t2_b0,38,2,528,324,5.390382766723633
233,t2_b0,48,3,507,416,3.709343433380127
233,t2_b0,55,5,418,264,3.2808480262756348
233,t2_b0,59,5,518,336,3.728584051132202
234,t2_b0,6,1,502,432,13.555095672607422
234,t2_b0,11,5,423,244,6.068258285522461
234,t2_b0,12,5,471,396,6.624831199645996
234,t2_b0,17,1,476,344,3.4374401569366455
234,t2_b0,18,1,520,360,7.469357490539551
234,t2_b0,20,5,515,420,4.150496959686279
234,t2_b0,22,5,424,224,1.679309368133545
234,t2_b0,27,5,507,320,40.3624267578125
234,t2_b0,33,1,437,380,49.57025146484375
234,t2_b0,34,1,418,240,2.934183359146118
234,t2_b0,35,6,597,464,2.522998332977295
234,t2_b0,36,5,467,304,33.010589599609375
234,t2_b0,38,5,533,328,3.779921531677246
234,t2_b0,43,1,508,332,7.471144199371338
234,t2_b0,48,3,510,420,4.2916646003723145
234,t2_b0,50,1,488,416,3.8243775367736816
234,t2_b0,52,5,501,364,3.5231993198394775
234,t2_b0,53,1,378,232,2.528099536895752
234,t2_b0,55,5,423,268,39.20735168457031
234,t2_b0,57,1,477,360,3.675929307937622
234,t2_b0,58,1,489,340,6.443475246429443
235,t2_b0,0,12,475,316,2.8629021644592285
235,t2_b0,1,1,503,364,3.9130547046661377
235,t2_b0,5,5,504,396,2.784824848175049
235,t2_b0,6,4,506,436,3.36875319480896
235,t2_b0,8,2,497,420,4.0125322341918945
235,t2_b0,12,2,473,400,6.063283920288086
235,t2_b0,14,5,506,348,2.031590461730957
235,t2_b0,15,5,472,336,2.432739019393921
235,t2_b0,20,5,520,424,2.6556591987609863
235,t2_b0,22,3,427,228,2.0375707149505615
235,t2_b0,25,5,482,320,1.3227871656417847
235,t2_b0,27,8,515,324,2.5956740379333496
235,t2_b0,28,2,450,348,4.225131988525391
235,t2_b0,29,1,469,364,5.114507675170898
235,t2_b0,31,1,476,380,4.271036624908447
235,t2_b0,39,1,491,312,49.559669494628906
235,t2_b0,40,1,488,488,22.102155685424805
235,t2_b0,41,5,475,336,1.8092992305755615
235,t2_b0,48,2,512,424,4.732213973999023
235,t2_b0,49,5,463,336,19.11391258239746
236,t2_b0,3,5,478,368,4.039060592651367
236,t2_b0,6,10,516,440,4.390751361846924
236,t2_b0,8,5,502,424,43.117984771728516
236,t2_b0,17,5,481,348,2.667308807373047
236,t2_b0,29,2,471,368,21.436973571777344
236,t2_b0,31,3,479,384,6.035182476043701
236,t2_b0,39,2,493,316,3.214224100112915
236,t2_b0,40,2,490,492,23.47969627380371
236,t2_b0,41,5,480,340,2.15214204788208
236,t2_b0,47,5,601,488,32.464691162109375
236,t2_b0,48,1,513,428,3.276501178741455
236,t2_b0,58,5,494,344,4.114235877990723
237,t2_b0,1,1,504,368,2.9264049530029297
237,t2_b0,3,5,483,372,4.475493907928467
237,t2_b0,8,1,503,428,4.460265159606934
237,t2_b0,9,5,428,320,3.7856216430664062
237,t2_b0,12,1,474,404,4.234501361846924
237,t2_b0,15,1,473,340,2.8428211212158203
237,t2_b0,16,5,438,268,2.70539927482605
237,t2_b0,17,1,482,352,3.5691652297973633
237,t2_b0,24,1,542,476,6.5418701171875
237,t2_b0,25,1,483,324,1.707920789718628
237,t2_b0,29,1,472,372,5.653176307678223
237,t2_b0,30,5,499,348,2.827301025390625
237,t2_b0,31,1,480,388,34.8513298034668
237,t2_b0,40,1,491,496,5.6881794929504395
237,t2_b0,41,5,485,344,14.521712303161621
237,t2_b0,47,1,602,492,28.39197540283203
237,t2_b0,48,1,514,432,5.928734302520752
237,t2_b0,49,1,464,340,3.4394068717956543
237,t2_b0,53,5,383,236,17.662864685058594
237,t2_b0,58,2,496,348,3.7125303745269775
238,t2_b0,3,5,488,376,19.601903915405273
238,t2_b0,9,1,429,324,3.3535118103027344
238,t2_b0,10,5,479,344,3.7552576065063477
238,t2_b0,16,2,440,272,5.233199119567871
238,t2_b0,17,5,487,356,24.44374656677246
238,t2_b0,23,5,523,392,3.267228126525879
238,t2_b0,24,3,545,480,41.55290222167969
238,t2_b0,29,1,473,376,3.9382166862487793
238,t2_b0,30,5,504,352,6.940491676330566
238,t2_b0,31,2,482,392,42.255828857421875
238,t2_b0,34,5,423,244,27.42815589904785
238,t2_b0,39,1,494,320,29.140077590942383
238,t2_b0,40,2,493,500,6.348389148712158
238,t2_b0,43,5,513,336,3.9509856700897217
238,t2_b0,44,5,507,444,7.129602909088135
238,t2_b0,48,1,515,436,38.6112060546875
238,t2_b0,49,2,466,344,3.488340139389038
238,t2_b0,53,5,388,240,3.326072931289673
238,t2_b0,57,5,482,364,33.172279357910156
238,t2_b0,58,5,501,352,15.663612365722656
239,t2_b0,1,21,525,372,42.54808807373047
239,t2_b0,2,7,432,316,34.154300689697266
239,t2_b0,5,1,505,400,4.227964878082275
239,t2_b0,8,4,507,432,4.739896297454834
239,t2_b0,12,1,475,408,9.181435585021973
239,t2_b0,17,3,490,360,23.567787170410156
239,t2_b0,20,1,521,428,25.48822021484375
239,t2_b0,24,11,556,484,3.4739575386047363
239,t2_b0,25,5,488,328,2.0651557445526123
239,t2_b0,31,5,487,396,4.480698585510254
239,t2_b0,33,1,438,384,4.604212284088135
239,t2_b0,34,1,424,248,4.2782301902771
239,t2_b0,36,1,468,308,32.572296142578125
239,t2_b0,39,5,499,324,2.70414662361145
239,t2_b0,41,1,486,348,1.9910881519317627
239,t2_b0,43,5,518,340,6.482160568237305
239,t2_b0,44,5,512,448,3.1018974781036377
239,t2_b0,50,1,489,420,3.2464382648468018
239,t2_b0,52,5,506,368,5.416113376617432
239,t2_b0,53,5,393,244,2.4475643634796143
239,t2_b0,54,5,544,380,33.39241409301758
239,t2_b0,56,5,540,408,5.248345851898193
239,t2_b0,57,5,487,368,36.171451568603516
239,t2_b0,58,5,506,356,2.4767005443573
240,t2_b0,9,1,430,328,3.9151694774627686
240,t2_b0,12,1,476,412,39.03321838378906
240,t2_b0,14,1,507,352,4.805047512054443
240,t2_b0,15,1,474,344,35.819557189941406
240,t2_b0,16,1,441,276,2.5351812839508057
240,t2_b0,19,5,485,280,31.987804412841797
240,t2_b0,20,1,522,432,4.888601303100586
240,t2_b0,22,1,428,232,41.992408752441406
240,t2_b0,25,1,489,332,3.373933792114258
240,t2_b0,28,1,451,352,4.181498050689697
240,t2_b0,29,1,474,380,3.1783788204193115
240,t2_b0,30,1,505,356,3.381944417953491
240,t2_b0,31,1,488,400,6.303793907165527
240,t2_b0,32,5,483,344,33.912662506103516
240,t2_b0,33,2,440,388,5.361059188842773
240,t2_b0,36,5,473,312,6.564116954803467
240,t2_b0,39,1,500,328,3.0785574913024902
240,t2_b0,40,1,494,504,5.20871639251709
240,t2_b0,41,1,487,352,42.883033752441406
240,t2_b0,42,5,442,352,21.785268783569336
240,t2_b0,44,2,514,452,6.598406791687012
240,t2_b0,47,5,607,496,5.065506458282471
240,t2_b0,48,1,516,440,23.56368637084961
240,t2_b0,49,1,467,348,38.24674987792969
240,t2_b0,50,1,490,424,4.190931797027588
240,t2_b0,54,1,545,384,4.810637950897217
240,t2_b0,55,5,428,272,6.650636672973633
240,t2_b0,56,1,541,412,13.422296524047852
240,t2_b0,57,1,488,372,3.3980777263641357
241,t2_b0,11,5,428,248,4.908836841583252
241,t2_b0,12,20,496,416,6.540816307067871
241,t2_b0,19,3,488,284,5.788965225219727
241,t2_b0,20,1,523,436,42.19172668457031
241,t2_b0,21,5,408,316,81.71131896972656
241,t2_b0,28,5,456,356,27.531421661376953
241,t2_b0,30,5,510,360,4.058713912963867
241,t2_b0,33,1,441,392,42.03184509277344
241,t2_b0,36,2,475,316,62.00559997558594
241,t2_b0,39,5,505,332,49.87488555908203
241,t2_b0,40,1,495,508,5.001540184020996
241,t2_b0,42,1,443,356,2.6256022453308105
241,t2_b0,43,5,523,344,3.094297170639038
241,t2_b0,44,1,515,456,27.687744140625
241,t2_b0,46,5,536,460,3.083033800125122
241,t2_b0,47,2,609,500,4.574507713317871
241,t2_b0,48,1,517,444,3.7115719318389893
241,t2_b0,49,1,468,352,4.331647872924805
241,t2_b0,50,7,497,428,34.56869888305664
241,t2_b0,51,5,487,372,24.022550582885742
241,t2_b0,52,5,511,372,3.2930612564086914
241,t2_b0,54,5,550,388,38.702205657958984
241,t2_b0,56,2,543,416,4.494910717010498
241,t2_b0,57,5,493,376,7.587488174438477
242,t2_b0,17,5,495,364,58.57376480102539
242,t2_b0,19,5,493,288,4.483242511749268
242,t2_b0,20,5,528,440,2.795624017715454
242,t2_b0,21,3,411,320,3.4895176887512207
242,t2_b0,25,7,496,336,1.8792160749435425
242,t2_b0,26,5,442,276,3.5299839973449707
242,t2_b0,33,5,446,396,5.270814895629883
242,t2_b0,43,5,528,348,10.42651653289795
242,t2_b0,47,1,610,504,5.910000801086426
242,t2_b0,55,5,433,276,5.0512375831604
242,t2_b0,58,9,515,360,4.15315580368042
243,t2_b0,7,5,446,308,4.192523956298828
243,t2_b0,14,1,508,356,1.5097332000732422
243,t2_b0,15,5,479,348,26.362964630126953
243,t2_b0,17,1,496,368,38.3480110168457
243,t2_b0,19,2,495,292,3.5068533420562744
243,t2_b0,21,1,412,324,4.392731189727783
243,t2_b0,22,5,433,236,2.7306947708129883
243,t2_b0,26,1,443,280,28.191482543945312
243,t2_b0,31,5,493,404,6.700477600097656
243,t2_b0,32,1,484,348,1.5941424369812012
243,t2_b0,33,3,449,400,8.140719413757324
243,t2_b0,37,5,561,424,4.655482769012451
243,t2_b0,40,1,496,512,14.731183052062988
243,t2_b0,41,1,488,356,3.192121982574463
243,t2_b0,43,2,530,352,4.354625701904297
243,t2_b0,47,1,611,508,42.06987380981445
243,t2_b0,51,5,492,376,4.223392009735107
243,t2_b0,59,5,523,340,2.7716588973999023
244,t2_b0,14,1,509,360,23.994747161865234
244,t2_b0,15,1,480,352,25.286836624145508
244,t2_b0,17,2,498,372,2.78214168548584
244,t2_b0,18,5,525,364,6.711094856262207
244,t2_b0,19,13,508,296,4.885021686553955
244,t2_b0,20,5,533,444,62.72492980957031
244,t2_b0,22,5,438,240,2.755387783050537
244,t2_b0,30,5,515,364,3.2189712524414062
244,t2_b0,35,5,602,468,41.31431198120117
244,t2_b0,36,17,492,320,47.29838943481445
244,t2_b0,37,1,562,428,5.633371353149414
244,t2_b0,39,6,511,336,1.9985754489898682
244,t2_b0,40,5,501,516,4.9220194816589355
244,t2_b0,55,6,439,280,29.686222076416016
244,t2_b0,59,1,524,344,1.7218403816223145
245,t2_b0,0,5,480,320,3.2433547973632812
245,t2_b0,10,5,484,348,26.75319480895996
245,t2_b0,11,5,433,252,7.394923210144043
245,t2_b0,14,1,510,364,2.826756715774536
245,t2_b0,17,17,515,376,24.547706604003906
245,t2_b0,18,2,527,368,13.17764663696289
245,t2_b0,20,1,534,448,4.812171459197998
245,t2_b0,27,5,520,328,1.9502822160720825
245,t2_b0,33,1,450,404,5.241810321807861
245,t2_b0,34,2,426,252,4.320700645446777
245,t2_b0,38,1,534,332,21.356794357299805
245,t2_b0,41,10,498,360,18.00114631652832
245,t2_b0,43,5,535,356,3.248816728591919
245,t2_b0,52,1,512,376,35.16215896606445
245,t2_b0,53,1,394,248,17.865737915039062
245,t2_b0,56,5,548,420,8.0158109664917
245,t2_b0,57,1,494,380,5.389260292053223
246,t2_b0,0,1,481,324,5.196412563323975
246,t2_b0,6,5,521,444,3.5739874839782715
246,t2_b0,10,2,486,352,2.8867697715759277
246,t2_b0,20,2,536,452,4.6120147705078125
246,t2_b0,22,5,443,244,1.9531461000442505
246,t2_b0,33,7,457,408,5.0841288566589355
246,t2_b0,38,2,536,336,3.9149627685546875
246,t2_b0,43,5,540,360,4.541814804077148
246,t2_b0,45,5,490,376,3.7325446605682373
246,t2_b0,46,5,541,464,6.205867290496826
246,t2_b0,52,2,514,380,6.912609577178955
246,t2_b0,53,5,399,252,2.4402999877929688
246,t2_b0,57,2,496,384,3.725229024887085
247,t2_b0,0,1,482,328,3.8716156482696533
247,t2_b0,13,5,550,452,3.039320468902588
247,t2_b0,19,5,513,300,2.6189804077148438
247,t2_b0,35,5,607,472,5.495330810546875
247,t2_b0,46,5,546,468,36.95022964477539
247,t2_b0,49,5,473,356,2.6801552772521973
247,t2_b0,51,5,497,380,1.1469645500183105
247,t2_b0,53,1,400,256,31.387941360473633
247,t2_b0,56,1,549,424,80.19084930419922
248,t2_b0,0,5,487,332,7.608400344848633
248,t2_b0,9,6,436,332,3.350925922393799
248,t2_b0,10,1,487,356,2.647763252258301
248,t2_b0,13,5,555,456,3.699977397918701
248,t2_b0,29,5,479,384,4.385664939880371
248,t2_b0,31,5,498,408,4.766264915466309
248,t2_b0,32,5,489,352,1.904930830001831
248,t2_b0,43,5,545,364,17.786487579345703
248,t2_b0,45,5,495,380,8.372766494750977
248,t2_b0,47,5,616,512,11.558712005615234
248,t2_b0,52,13,527,384,2.8800277709960938
248,t2_b0,53,1,401,260,31.57183837890625
248,t2_b0,56,5,554,428,6.770596504211426
249,t2_b0,0,2,489,336,24.08450698852539
249,t2_b0,1,5,530,376,41.14632797241211
249,t2_b0,2,5,437,320,4.1719536781311035
249,t2_b0,8,5,512,436,4.27161169052124
249,t2_b0,13,5,560,460,37.83747863769531
249,t2_b0,15,5,485,356,2.481616497039795
249,t2_b0,18,1,528,372,6.930039882659912
249,t2_b0,20,1,537,456,4.324434280395508
249,t2_b0,24,5,561,488,3.489396810531616
249,t2_b0,31,1,499,412,36.678749084472656
249,t2_b0,34,1,427,256,4.7259955406188965
249,t2_b0,37,1,563,432,6.787125587463379
249,t2_b0,38,1,537,340,2.631526470184326
249,t2_b0,40,1,502,520,18.118928909301758
249,t2_b0,42,1,444,360,20.354448318481445
249,t2_b0,46,1,547,472,2.718261241912842
249,t2_b0,53,2,403,264,3.482128143310547
250,t2_b0,1,5,535,380,18.82333755493164
250,t2_b0,7,1,447,312,3.856102466583252
250,t2_b0,8,1,513,440,3.645427942276001
250,t2_b0,13,1,561,464,2.5020852088928223
250,t2_b0,14,7,517,368,1.5315008163452148
250,t2_b0,16,5,446,280,3.520806312561035
250,t2_b0,22,13,456,248,13.593753814697266
250,t2_b0,34,2,429,260,2.3119406700134277
250,t2_b0,42,1,445,364,2.7510528564453125
250,t2_b0,47,5,621,516,5.023898601531982
250,t2_b0,53,1,404,268,2.2351808547973633
251,t2_b0,0,1,490,340,3.199014902114868
251,t2_b0,1,5,540,384,19.149276733398438
251,t2_b0,2,5,442,324,4.770916938781738
251,t2_b0,3,5,493,380,49.116783142089844
251,t2_b0,5,1,506,404,32.47080612182617
251,t2_b0,6,1,522,448,4.196976661682129
251,t2_b0,8,1,514,444,3.5059077739715576
251,t2_b0,11,1,434,256,4.5924601554870605
251,t2_b0,12,5,501,420,21.404056549072266
251,t2_b0,13,1,562,468,2.1453628540039062
251,t2_b0,16,5,451,284,5.5487446784973145
251,t2_b0,18,1,529,376,6.227139949798584
251,t2_b0,20,2,539,460,42.63117599487305
251,t2_b0,27,1,521,332,1.2690290212631226
251,t2_b0,28,5,461,360,3.985774517059326
251,t2_b0,31,1,500,416,6.276888847351074
251,t2_b0,34,2,431,264,41.201416015625
251,t2_b0,37,5,568,436,3.1509456634521484
251,t2_b0,38,1,538,344,32.63324737548828
251,t2_b0,40,5,507,524,4.703893184661865
251,t2_b0,42,1,446,368,25.770790100097656
251,t2_b0,44,1,516,460,4.369110107421875
251,t2_b0,46,1,548,476,4.20576810836792
251,t2_b0,47,5,626,520,7.372386455535889
251,t2_b0,48,1,518,448,4.30274772644043
251,t2_b0,50,5,502,432,29.111215591430664
251,t2_b0,53,1,405,272,40.649532318115234
251,t2_b0,56,1,555,432,7.202710151672363
252,t2_b0,1,1,541,388,22.275390625
252,t2_b0,3,1,494,384,4.356061935424805
252,t2_b0,5,1,507,408,20.865869522094727
252,t2_b0,6,5,527,452,8.441574096679688
252,t2_b0,20,1,540,464,4.954484939575195
252,t2_b0,25,5,501,340,2.3915302753448486
252,t2_b0,28,2,463,364,4.634746551513672
252,t2_b0,30,16,531,368,4.5458221435546875
252,t2_b0,31,5,505,420,6.102447032928467
252,t2_b0,37,1,569,440,45.55681228637695
252,t2_b0,38,1,539,348,30.942157745361328
252,t2_b0,42,5,451,372,3.3895998001098633
252,t2_b0,44,5,521,464,9.294157981872559
252,t2_b0,46,1,549,480,3.355722665786743
252,t2_b0,48,5,523,452,5.27923583984375
252,t2_b0,50,1,503,436,3.570826768875122
252,t2_b0,53,4,409,276,2.488771915435791
252,t2_b0,58,5,520,364,3.364964008331299
252,t2_b0,59,5,529,348,1.9048206806182861
253,t2_b0,5,1,508,412,7.282191276550293
253,t2_b0,6,5,532,456,20.260717391967773
253,t2_b0,11,6,440,260,4.447816848754883
253,t2_b0,15,7,492,360,3.8818278312683105
253,t2_b0,21,5,417,328,4.340987682342529
253,t2_b0,37,5,574,444,2.6799919605255127
253,t2_b0,46,1,550,484,3.310214042663574
253,t2_b0,58,3,523,368,6.866518974304199
253,t2_b0,59,5,534,352,4.1190409660339355
254,t2_b0,0,5,495,344,3.320617198944092
254,t2_b0,5,5,513,416,2.028818368911743
254,t2_b0,21,2,419,332,4.5027570724487305
254,t2_b0,26,5,448,284,5.5474772453308105
254,t2_b0,32,1,490,356,34.312137603759766
254,t2_b0,34,1,432,268,6.163590908050537
254,t2_b0,35,2,609,476,5.6370673179626465
254,t2_b0,36,5,497,324,5.266043186187744
254,t2_b0,39,5,516,340,6.442681312561035
254,t2_b0,47,7,633,524,4.936952114105225
254,t2_b0,54,5,555,392,3.633742332458496
254,t2_b0,55,5,444,284,2.466923952102661
254,t2_b0,59,5,539,356,4.594919204711914
255,t2_b0,0,1,496,348,3.787142753601074
255,t2_b0,2,5,447,328,4.543874740600586
255,t2_b0,3,5,499,388,6.328586578369141
255,t2_b0,5,2,515,420,37.97630310058594
255,t2_b0,8,1,515,448,4.971131324768066
255,t2_b0,17,15,530,380,37.5893440246582
255,t2_b0,18,1,530,380,5.590437889099121
255,t2_b0,20,1,541,468,6.853280067443848
255,t2_b0,24,5,566,492,6.649046421051025
255,t2_b0,25,5,506,344,30.463829040527344
255,t2_b0,27,1,522,336,2.3224403858184814
255,t2_b0,28,5,468,368,5.464398384094238
255,t2_b0,31,1,506,424,5.154522895812988
255,t2_b0,34,5,437,272,5.48677396774292
255,t2_b0,41,5,503,364,1.7211228609085083
255,t2_b0,44,1,522,468,7.540319442749023
255,t2_b0,45,5,500,384,2.289051055908203
255,t2_b0,54,5,560,396,5.300718784332275
255,t2_b0,55,2,446,288,26.713376998901367
255,t2_b0,56,1,556,436,45.90275573730469
255,t2_b0,57,1,497,388,30.72604751586914
256,t2_b0,20,1,542,472,39.780601501464844
256,t2_b0,26,1,449,288,6.166793346405029
256,t2_b0,32,1,491,360,36.28649139404297
256,t2_b0,33,5,462,412,5.19430685043335
256,t2_b0,35,1,610,480,38.326576232910156
256,t2_b0,36,1,498,328,36.57592010498047
256,t2_b0,54,2,562,400,2.895331859588623
256,t2_b0,56,10,566,440,7.195072650909424
256,t2_b0,59,1,540,360,31.45890235900879
257,t2_b0,3,1,500,392,5.772344589233398
257,t2_b0,5,5,520,424,22.595378875732422
257,t2_b0,18,5,535,384,4.079215049743652
257,t2_b0,19,5,518,304,2.9352774620056152
257,t2_b0,20,1,543,476,4.186513423919678
257,t2_b0,21,5,424,336,32.814353942871094
257,t2_b0,28,1,469,372,7.599267959594727
257,t2_b0,31,1,507,428,4.769167423248291
257,t2_b0,51,5,502,384,33.99110412597656
258,t2_b0,3,2,502,396,36.377540588378906
258,t2_b0,5,5,525,428,2.945697784423828
258,t2_b0,8,5,520,452,3.2589163780212402
258,t2_b0,9,5,441,336,5.16534423828125
258,t2_b0,10,5,492,360,2.7473015785217285
258,t2_b0,18,3,538,388,6.510344982147217
258,t2_b0,28,1,470,376,5.555425643920898
258,t2_b0,29,5,484,388,18.964427947998047
258,t2_b0,31,5,512,432,3.4495110511779785
258,t2_b0,32,1,492,364,2.6402392387390137
258,t2_b0,35,5,615,484,36.526878356933594
258,t2_b0,36,1,499,332,34.22226333618164
258,t2_b0,43,5,550,368,6.571002006530762
258,t2_b0,52,5,532,388,24.638885498046875
258,t2_b0,59,3,543,364,1.6337180137634277
259,t2_b0,2,5,452,332,3.7537360191345215
259,t2_b0,6,5,537,460,3.9937708377838135
259,t2_b0,8,5,525,456,3.708223342895508
259,t2_b0,9,4,445,340,3.8582987785339355
259,t2_b0,19,5,523,308,37.357208251953125
259,t2_b0,20,2,545,480,4.398529529571533
259,t2_b0,21,5,429,340,4.296387195587158
259,t2_b0,28,5,475,380,3.648404121398926
259,t2_b0,29,3,487,392,4.286853313446045
259,t2_b0,52,5,537,392,33.8989372253418
259,t2_b0,59,2,545,368,2.7472965717315674
260,t2_b0,0,1,497,352,5.485236644744873
260,t2_b0,2,1,453,336,34.70085906982422
260,t2_b0,3,1,503,400,5.777960777282715
260,t2_b0,5,1,526,432,2.474713087081909
260,t2_b0,8,2,527,460,41.77643585205078
260,t2_b0,14,5,522,372,2.3577723503112793
260,t2_b0,16,11,462,288,34.858917236328125
260,t2_b0,18,1,539,392,43.07041549682617
260,t2_b0,19,1,524,312,3.8461265563964844
260,t2_b0,20,5,550,484,4.926540851593018
260,t2_b0,22,22,478,252,2.775320291519165
260,t2_b0,23,5,528,396,3.731997013092041
260,t2_b0,27,1,523,340,3.2196121215820312
260,t2_b0,28,1,476,384,6.556552410125732
260,t2_b0,29,1,488,396,5.509557247161865
260,t2_b0,34,2,439,276,2.963327646255493
260,t2_b0,41,1,504,368,1.6572022438049316
260,t2_b0,44,1,523,472,8.576947212219238
260,t2_b0,55,1,447,292,3.524761438369751
260,t2_b0,57,1,498,392,38.10158157348633
261,t2_b0,1,5,546,392,3.8321876525878906
261,t2_b0,6,1,538,464,4.191666603088379
261,t2_b0,8,14,541,464,5.4270477294921875
261,t2_b0,14,3,525,376,1.9501394033432007
261,t2_b0,20,15,565,488,4.878246784210205
261,t2_b0,21,1,430,344,80.8521728515625
261,t2_b0,27,5,528,344,3.100149631500244
261,t2_b0,29,5,493,400,4.270717620849609
261,t2_b0,31,6,518,436,4.782680988311768
261,t2_b0,40,5,512,528,6.360401153564453
261,t2_b0,45,1,501,388,3.30230712890625
262,t2_b0,1,2,548,396,4.306677341461182
262,t2_b0,2,5,458,340,32.49025344848633
262,t2_b0,5,5,531,436,38.5675048828125
262,t2_b0,6,1,539,468,20.747005462646484
262,t2_b0,9,2,447,344,2.251687526702881
262,t2_b0,18,2,541,396,5.629080772399902
262,t2_b0,19,1,525,316,6.20750617980957
262,t2_b0,26,2,451,292,40.453697204589844
262,t2_b0,28,1,477,388,4.747082233428955
262,t2_b0,29,5,498,404,3.170862913131714
262,t2_b0,30,5,536,372,4.511995315551758
262,t2_b0,32,5,497,368,2.4345107078552246
262,t2_b0,34,1,440,280,27.6103572845459
262,t2_b0,35,5,620,488,4.4689412117004395
262,t2_b0,36,2,501,336,7.151838302612305
262,t2_b0,38,5,544,352,4.268380641937256
262,t2_b0,39,5,521,344,2.68479323387146
262,t2_b0,45,4,505,392,3.550933837890625
262,t2_b0,48,5,528,456,27.12053871154785
262,t2_b0,50,1,504,440,34.25506591796875
262,t2_b0,52,2,539,396,23.964168548583984
262,t2_b0,53,5,414,280,1.6122093200683594
262,t2_b0,54,2,564,404,3.625054359436035
262,t2_b0,57,5,503,396,39.92994689941406
262,t2_b0,59,2,547,372,1.98582923412323
263,t2_b0,1,1,549,400,5.008059501647949
263,t2_b0,2,1,459,344,55.31020736694336
263,t2_b0,5,5,536,440,4.797611236572266
263,t2_b0,6,5,544,472,18.97028160095215
263,t2_b0,9,3,450,348,33.59445571899414
263,t2_b0,11,5,445,264,4.306879997253418
263,t2_b0,15,5,497,364,3.239335298538208
263,t2_b0,19,2,527,320,6.714859962463379
263,t2_b0,21,5,435,348,4.796714782714844
263,t2_b0,26,2,453,296,18.1413631439209
263,t2_b0,27,5,533,348,1.6125407218933105
263,t2_b0,30,12,548,376,3.7803492546081543
263,t2_b0,32,1,498,372,36.55588912963867
263,t2_b0,34,5,445,284,3.5261144638061523
263,t2_b0,35,2,622,492,5.918262958526611
263,t2_b0,36,1,502,340,4.625995635986328
263,t2_b0,39,1,522,348,1.9336214065551758
263,t2_b0,41,5,509,372,2.1083099842071533
263,t2_b0,44,5,528,476,29.123647689819336
263,t2_b0,48,2,530,460,4.732095241546631
263,t2_b0,52,1,540,400,41.7911491394043
263,t2_b0,53,5,419,284,40.01898956298828
263,t2_b0,54,3,567,408,24.838529586791992
263,t2_b0,58,1,524,372,2.88150691986084
263,t2_b0,59,2,549,376,2.1683971881866455
264,t2_b0,1,1,550,404,4.485902309417725
264,t2_b0,2,2,461,348,7.665431022644043
264,t2_b0,5,5,541,444,2.790519952774048
264,t2_b0,10,5,497,364,14.097003936767578
264,t2_b0,11,1,446,268,5.934979438781738
264,t2_b0,12,5,506,424,22.76627540588379
264,t2_b0,18,3,544,400,4.310922145843506
264,t2_b0,19,1,528,324,5.123715877532959
264,t2_b0,21,5,440,352,3.484811544418335
264,t2_b0,23,5,533,400,2.2311651706695557
264,t2_b0,26,1,454,300,2.7856006622314453
264,t2_b0,27,2,535,352,3.600755453109741
264,t2_b0,32,1,499,376,2.0612924098968506
264,t2_b0,34,5,450,288,19.606182098388672
264,t2_b0,36,5,507,344,6.770937442779541
264,t2_b0,41,2,511,376,19.121007919311523
264,t2_b0,44,5,533,480,27.4879207611084
264,t2_b0,46,5,555,488,61.30759048461914
264,t2_b0,47,5,638,528,2.3829612731933594
264,t2_b0,48,5,535,464,3.89876651763916
264,t2_b0,53,5,424,288,2.067478895187378
265,t2_b0,0,1,498,356,4.879176616668701
265,t2_b0,2,3,464,352,3.589780807495117
265,t2_b0,3,5,508,404,29.3079776763916
265,t2_b0,5,2,543,448,4.336051940917969
265,t2_b0,17,5,535,384,4.139288902282715
265,t2_b0,18,4,548,404,11.959392547607422
265,t2_b0,19,1,529,328,35.78102493286133
265,t2_b0,21,5,445,356,4.178122520446777
265,t2_b0,23,5,538,404,4.048357009887695
265,t2_b0,26,1,455,304,2.668440580368042
265,t2_b0,27,5,540,356,2.9019486904144287
265,t2_b0,32,1,500,380,2.953260898590088
265,t2_b0,34,22,472,292,4.37266731262207
265,t2_b0,36,1,508,348,6.033069133758545
265,t2_b0,41,1,512,380,2.150801658630371
265,t2_b0,44,3,536,484,33.070125579833984
265,t2_b0,46,1,556,492,3.2048914432525635
265,t2_b0,53,3,427,292,2.5311715602874756
265,t2_b0,54,5,572,412,5.9291486740112305
265,t2_b0,55,1,448,296,3.422212600708008
265,t2_b0,57,5,508,400,6.746331691741943
266,t2_b0,0,4,502,360,6.6177873611450195
266,t2_b0,2,1,465,356,34.177146911621094
266,t2_b0,9,2,452,352,31.29375457763672
266,t2_b0,13,5,567,472,21.109220504760742
266,t2_b0,18,1,549,408,6.994100093841553
266,t2_b0,23,1,539,408,6.42732048034668
266,t2_b0,25,5,511,348,18.823726654052734
266,t2_b0,26,2,457,308,3.4522876739501953
266,t2_b0,32,2,502,384,34.60593795776367
266,t2_b0,33,1,463,416,8.741399765014648
266,t2_b0,35,1,623,496,8.81912899017334
266,t2_b0,36,3,511,352,16.699954986572266
266,t2_b0,37,5,579,448,30.62725257873535
266,t2_b0,38,1,545,356,2.987870216369629
266,t2_b0,41,1,513,384,1.9483253955841064
266,t2_b0,42,5,456,376,36.641971588134766
266,t2_b0,43,1,551,372,4.899075508117676
266,t2_b0,44,3,539,488,29.781692504882812
266,t2_b0,52,1,541,404,8.669334411621094
266,t2_b0,53,5,432,296,46.39672088623047
266,t2_b0,54,2,574,416,33.73458480834961
266,t2_b0,55,2,450,300,28.023693084716797
266,t2_b0,56,5,571,444,5.6342949867248535
266,t2_b0,59,2,551,380,2.676140069961548
267,t2_b0,0,5,507,364,3.35278582572937
267,t2_b0,3,1,509,408,4.5625410079956055
267,t2_b0,13,4,571,476,3.5479488372802734
267,t2_b0,18,4,553,412,17.93132781982422
267,t2_b0,21,1,446,360,2.489210844039917
267,t2_b0,27,1,541,360,38.708274841308594
267,t2_b0,35,1,624,500,4.746888637542725
267,t2_b0,37,1,580,452,3.8102478981018066
267,t2_b0,41,1,514,388,2.032334327697754
267,t2_b0,44,3,542,492,4.488678932189941
267,t2_b0,45,19,524,396,4.110673427581787
267,t2_b0,54,1,575,420,8.07304859161377
267,t2_b0,55,2,452,304,4.271615028381348
268,t2_b0,0,2,509,368,5.008915424346924
268,t2_b0,2,1,466,360,29.673402786254883
268,t2_b0,3,3,512,412,25.196975708007812
268,t2_b0,5,2,545,452,6.851171016693115
268,t2_b0,15,5,502,368,26.28892707824707
268,t2_b0,18,1,554,416,8.810980796813965
268,t2_b0,23,1,540,412,17.092918395996094
268,t2_b0,25,15,526,352,2.8582980632781982
268,t2_b0,27,5,546,364,3.3705267906188965
268,t2_b0,33,1,464,420,5.06781005859375
268,t2_b0,35,2,626,504,6.042042255401611
268,t2_b0,38,2,547,360,55.76704406738281
268,t2_b0,41,1,515,392,1.9455666542053223
268,t2_b0,44,1,543,496,5.4478759765625
268,t2_b0,48,5,540,468,3.740691661834717
268,t2_b0,49,5,478,360,4.615706920623779
268,t2_b0,52,5,546,408,4.148925304412842
268,t2_b0,53,1,433,300,40.14571762084961
268,t2_b0,54,2,577,424,7.8077592849731445
268,t2_b0,55,1,453,308,3.502847671508789
268,t2_b0,57,2,510,404,63.599609375
269,t2_b0,0,1,510,372,3.387230396270752
269,t2_b0,1,15,565,408,40.22272491455078
269,t2_b0,2,5,471,364,4.497910022735596
269,t2_b0,3,2,514,416,19.362089157104492
269,t2_b0,5,3,548,456,24.581687927246094
269,t2_b0,18,5,559,420,7.028430938720703
269,t2_b0,19,5,534,332,6.88881254196167
269,t2_b0,21,5,451,364,34.52873611450195
269,t2_b0,27,5,551,368,2.34365177154541
269,t2_b0,41,3,518,396,1.7676361799240112
269,t2_b0,44,2,545,500,32.42422103881836
269,t2_b0,46,5,561,496,3.2881710529327393
269,t2_b0,49,4,482,364,4.12439489364624
269,t2_b0,51,5,507,388,3.794193744659424
269,t2_b0,55,1,454,312,25.662702560424805
269,t2_b0,57,5,515,408,5.719541549682617
269,t2_b0,59,5,556,384,1.9207639694213867
270,t2_b0,0,5,515,376,5.7217559814453125
270,t2_b0,2,18,489,368,61.645263671875
270,t2_b0,3,2,516,420,27.02419090270996
270,t2_b0,5,5,553,460,2.8929855823516846
270,t2_b0,6,2,546,476,19.217443466186523
270,t2_b0,16,5,467,292,3.3187732696533203
270,t2_b0,17,1,536,388,40.0348014831543
270,t2_b0,18,3,562,424,10.83112621307373
270,t2_b0,22,5,483,256,14.541276931762695
270,t2_b0,23,2,542,416,23.250301361083984
270,t2_b0,27,2,553,372,2.816779613494873
270,t2_b0,28,6,483,392,3.1970038414001465
270,t2_b0,32,5,507,388,4.811758995056152
270,t2_b0,39,6,528,352,30.477073669433594
270,t2_b0,41,2,520,400,42.32940673828125
270,t2_b0,44,3,548,504,4.05380392074585
270,t2_b0,49,1,483,368,34.720680236816406
270,t2_b0,51,5,512,392,25.39440155029297
270,t2_b0,55,3,457,316,27.05720329284668
270,t2_b0,57,2,517,412,5.7503342628479
270,t2_b0,59,3,559,388,2.1034934520721436
271,t2_b0,4,5,555,436,2.9946465492248535
271,t2_b0,5,5,558,464,3.4500937461853027
271,t2_b0,8,5,546,468,42.12405776977539
271,t2_b0,9,2,454,356,5.677451133728027
271,t2_b0,13,1,572,480,2.054373264312744
271,t2_b0,14,5,530,380,2.0862042903900146
271,t2_b0,17,1,537,392,3.473256826400757
271,t2_b0,18,2,564,428,12.736920356750488
271,t2_b0,20,5,570,492,3.3418807983398438
271,t2_b0,22,3,486,260,3.3931028842926025
271,t2_b0,23,2,544,420,4.410772800445557
271,t2_b0,26,2,459,312,8.76162052154541
271,t2_b0,31,5,523,440,44.19157791137695
271,t2_b0,32,1,508,392,3.824557065963745
271,t2_b0,33,2,466,424,26.92304229736328
271,t2_b0,35,2,628,508,38.843685150146484
271,t2_b0,36,2,513,356,36.904075622558594
271,t2_b0,37,10,590,456,23.819814682006836
271,t2_b0,41,11,531,404,42.730201721191406
271,t2_b0,43,1,552,376,4.300828456878662
271,t2_b0,44,5,553,508,5.609557628631592
271,t2_b0,52,1,547,412,21.035682678222656
271,t2_b0,53,2,435,304,31.207151412963867
271,t2_b0,54,1,578,428,4.6367902755737305
271,t2_b0,59,5,564,392,2.216069221496582
272,t2_b0,4,1,556,440,0.9300520420074463
272,t2_b0,5,5,563,468,4.061816215515137
272,t2_b0,9,2,456,360,24.2075138092041
272,t2_b0,13,5,577,484,3.3821585178375244
272,t2_b0,17,5,542,396,3.433364152908325
272,t2_b0,18,5,569,432,9.760605812072754
272,t2_b0,19,5,539,336,3.7192723751068115
272,t2_b0,23,1,545,424,3.725569486618042
272,t2_b0,29,5,503,408,6.6295318603515625
272,t2_b0,31,5,528,444,5.312171936035156
272,t2_b0,33,5,471,428,6.396573543548584
272,t2_b0,36,2,515,360,7.7029218673706055
272,t2_b0,42,5,461,380,4.528872489929199
272,t2_b0,43,1,553,380,3.9299440383911133
272,t2_b0,44,5,558,512,4.590671062469482
272,t2_b0,53,1,436,308,2.3681232929229736
272,t2_b0,54,1,579,432,36.171485900878906
272,t2_b0,57,5,522,416,8.608012199401855
273,t2_b0,0,1,516,380,2.3247880935668945
273,t2_b0,3,1,517,424,7.02427864074707
273,t2_b0,5,5,568,472,3.675764560699463
273,t2_b0,12,1,507,428,7.032106876373291
273,t2_b0,13,1,578,488,5.928485870361328
273,t2_b0,14,1,531,384,24.175010681152344
273,t2_b0,15,1,503,372,23.43636131286621
273,t2_b0,17,2,544,400,23.86308479309082
273,t2_b0,18,5,574,436,7.101720809936523
273,t2_b0,22,1,487,264,3.341339111328125
273,t2_b0,23,1,546,428,3.3181416988372803
273,t2_b0,24,1,567,496,5.078436374664307
273,t2_b0,29,11,514,412,6.951587677001953
273,t2_b0,30,5,553,380,59.09357452392578
273,t2_b0,31,5,533,448,43.212276458740234
273,t2_b0,33,2,473,432,6.885458469390869
273,t2_b0,36,2,517,364,9.200408935546875
273,t2_b0,40,1,513,532,20.352397918701172
273,t2_b0,42,2,463,384,22.669954299926758
273,t2_b0,43,2,555,384,3.5606188774108887
273,t2_b0,44,4,562,516,5.303154945373535
273,t2_b0,48,11,551,472,5.189396381378174
273,t2_b0,49,1,484,372,3.6022043228149414
273,t2_b0,51,1,513,396,3.7257306575775146
273,t2_b0,53,5,441,312,2.564302921295166
273,t2_b0,54,3,582,436,5.883461952209473
273,t2_b0,55,1,458,320,29.60331916809082
273,t2_b0,57,2,524,420,33.85401916503906
273,t2_b0,58,5,529,376,4.684110164642334
273,t2_b0,59,24,588,396,50.525970458984375
274,t2_b0,0,5,521,384,3.8294453620910645
274,t2_b0,3,5,522,428,7.412876605987549
274,t2_b0,5,5,573,476,7.357542037963867
274,t2_b0,10,5,502,368,17.664398193359375
274,t2_b0,12,1,508,432,3.7609496116638184
274,t2_b0,13,3,581,492,23.293357849121094
274,t2_b0,15,5,508,376,4.617658615112305
274,t2_b0,18,5,579,440,5.898232460021973
274,t2_b0,20,4,574,496,40.17646026611328
274,t2_b0,23,1,547,432,2.76499605178833
274,t2_b0,24,5,572,500,7.005320072174072
274,t2_b0,31,5,538,452,7.5518670082092285
274,t2_b0,35,5,633,512,2.939211368560791
274,t2_b0,40,1,514,536,6.042680263519287
274,t2_b0,50,5,509,444,37.390541076660156
274,t2_b0,53,1,442,316,32.421165466308594
274,t2_b0,54,21,603,440,25.902109146118164
274,t2_b0,55,2,460,324,45.050880432128906
274,t2_b0,58,5,534,380,20.721275329589844
275,t2_b0,0,3,524,388,2.406663656234741
275,t2_b0,3,2,524,432,20.169694900512695
275,t2_b0,5,5,578,480,3.1452994346618652
275,t2_b0,9,1,457,364,22.32898712158203
275,t2_b0,10,1,503,372,2.9289045333862305
275,t2_b0,13,1,582,496,4.929648399353027
275,t2_b0,15,5,513,380,3.542842388153076
275,t2_b0,17,1,545,404,3.710719347000122
275,t2_b0,18,5,584,444,12.288890838623047
275,t2_b0,26,1,460,316,5.880964279174805
275,t2_b0,32,1,509,396,2.4667840003967285
275,t2_b0,34,5,477,296,4.452385425567627
275,t2_b0,35,1,634,516,3.1389541625976562
275,t2_b0,44,5,567,520,5.895860195159912
275,t2_b0,52,1,548,416,11.855538368225098
275,t2_b0,53,1,443,320,3.1282806396484375
275,t2_b0,55,3,463,328,4.311479568481445
276,t2_b0,0,1,525,392,4.796809196472168
276,t2_b0,3,4,528,436,7.663295745849609
276,t2_b0,5,21,599,484,3.220867872238159
276,t2_b0,9,1,458,368,3.0648303031921387
276,t2_b0,14,5,536,388,2.683922052383423
276,t2_b0,17,3,548,408,23.37590217590332
276,t2_b0,18,5,589,448,13.02237606048584
276,t2_b0,23,1,548,436,2.6877188682556152
276,t2_b0,26,21,481,320,4.8929314613342285
276,t2_b0,31,1,539,456,5.9878692626953125
276,t2_b0,33,5,478,436,43.67697525024414
276,t2_b0,34,1,478,300,5.6311492919921875
276,t2_b0,35,2,636,520,37.49584197998047
276,t2_b0,44,5,572,524,4.019850730895996
276,t2_b0,46,5,566,500,3.39337420463562
276,t2_b0,49,5,489,376,3.1728804111480713
276,t2_b0,51,3,516,400,8.568076133728027
276,t2_b0,52,4,552,420,5.521166801452637
276,t2_b0,55,5,468,332,27.180389404296875
276,t2_b0,56,5,576,448,4.1194562911987305
276,t2_b0,57,2,526,424,6.203064918518066
276,t2_b0,59,10,598,400,4.354699611663818
277,t2_b0,0,2,527,396,4.4571452140808105
277,t2_b0,4,2,558,444,1.2816646099090576
277,t2_b0,8,1,547,472,5.728118896484375
277,t2_b0,9,2,460,372,44.2974967956543
277,t2_b0,13,18,600,500,4.603734970092773
277,t2_b0,18,5,594,452,6.6247711181640625
277,t2_b0,19,5,544,340,4.709113597869873
277,t2_b0,23,1,549,440,4.829675197601318
277,t2_b0,31,2,541,460,5.548154354095459
277,t2_b0,32,2,511,400,3.842324733734131
277,t2_b0,33,4,482,440,3.8590493202209473
277,t2_b0,34,1,479,304,17.933815002441406
277,t2_b0,35,5,641,524,4.5124430656433105
277,t2_b0,36,3,520,368,36.881370544433594
277,t2_b0,42,5,468,388,6.147377967834473
277,t2_b0,43,1,556,388,16.68895721435547
277,t2_b0,44,5,577,528,29.872339248657227
277,t2_b0,45,5,529,400,18.399978637695312
277,t2_b0,48,8,559,476,3.795417070388794
277,t2_b0,49,4,493,380,31.69727897644043
277,t2_b0,52,1,553,424,6.513948917388916
277,t2_b0,53,2,445,324,38.99658203125
277,t2_b0,55,2,470,336,4.704355716705322
277,t2_b0,56,5,581,452,40.93867492675781
277,t2_b0,57,1,527,428,37.58958435058594
278,t2_b0,0,2,529,400,3.5619895458221436
278,t2_b0,4,5,563,448,3.0630574226379395
278,t2_b0,8,5,552,476,2.5306363105773926
278,t2_b0,12,11,519,436,19.77362632751465
278,t2_b0,18,1,595,456,10.284517288208008
278,t2_b0,19,1,545,344,37.29759979248047
278,t2_b0,20,5,579,500,2.881028890609741
278,t2_b0,23,1,550,444,50.36175537109375
278,t2_b0,24,5,577,504,3.35998272895813
278,t2_b0,25,5,531,356,2.6696958541870117
278,t2_b0,35,5,646,528,6.1931633949279785
278,t2_b0,38,5,552,364,5.5156049728393555
278,t2_b0,42,1,469,392,3.243365526199341
278,t2_b0,44,3,580,532,5.840174198150635
278,t2_b0,55,1,471,340,4.297074317932129
278,t2_b0,57,1,528,432,3.8016304969787598
278,t2_b0,58,5,539,384,2.405522108078003
279,t2_b0,0,3,532,404,3.126521110534668
279,t2_b0,1,5,570,412,4.181333541870117
279,t2_b0,4,1,564,452,2.2931571006774902
279,t2_b0,8,2,554,480,3.696284770965576
279,t2_b0,9,8,468,376,4.8963823318481445
279,t2_b0,10,5,508,376,3.7136099338531494
279,t2_b0,11,3,449,272,4.464666366577148
279,t2_b0,17,8,556,412,3.55142879486084
279,t2_b0,18,5,600,460,7.97892951965332
279,t2_b0,19,1,546,348,37.84619903564453
279,t2_b0,21,5,456,368,2.1958680152893066
279,t2_b0,35,12,658,532,7.554335594177246
279,t2_b0,38,1,553,368,20.420652389526367
279,t2_b0,40,1,515,540,17.643875122070312
279,t2_b0,42,1,470,396,3.780001401901245
279,t2_b0,43,5,561,392,6.808355808258057
279,t2_b0,44,3,583,536,5.317296028137207
279,t2_b0,55,2,473,344,8.734783172607422
279,t2_b0,57,5,533,436,3.715254783630371
279,t2_b0,58,2,541,388,32.52428436279297
280,t2_b0,0,5,537,408,3.8297319412231445
280,t2_b0,1,3,573,416,3.9707884788513184
280,t2_b0,2,5,494,372,2.961073637008667
280,t2_b0,3,1,529,440,27.50447654724121
280,t2_b0,4,3,567,456,26.46368408203125
280,t2_b0,6,5,551,480,17.484840393066406
280,t2_b0,8,3,557,484,3.606433391571045
280,t2_b0,18,5,605,464,8.249080657958984
280,t2_b0,19,5,551,352,6.780869007110596
280,t2_b0,21,5,461,372,3.9991440773010254
280,t2_b0,22,5,492,268,2.905909538269043
280,t2_b0,23,1,551,448,28.12075424194336
280,t2_b0,27,5,558,376,3.805333137512207
280,t2_b0,28,5,488,396,2.438704252243042
280,t2_b0,32,5,516,404,3.041760206222534
280,t2_b0,33,3,485,444,6.7453155517578125
280,t2_b0,34,2,481,308,3.192629337310791
280,t2_b0,36,3,523,372,7.231820583343506
280,t2_b0,38,5,558,372,38.25701141357422
280,t2_b0,39,5,533,356,2.711649179458618
280,t2_b0,43,5,566,396,2.6174306869506836
280,t2_b0,44,5,588,540,46.17730712890625
280,t2_b0,45,3,532,404,2.616499423980713
280,t2_b0,49,1,494,384,31.560710906982422
280,t2_b0,52,1,554,428,20.299680709838867
280,t2_b0,53,3,448,328,2.6594719886779785
280,t2_b0,55,5,478,348,4.985255241394043
280,t2_b0,56,2,583,456,9.094724655151367
280,t2_b0,58,1,542,392,24.082050323486328
281,t2_b0,0,1,538,412,23.098953247070312
281,t2_b0,2,5,499,376,3.297722339630127
281,t2_b0,3,1,530,444,4.962491989135742
281,t2_b0,4,8,575,460,4.614546298980713
281,t2_b0,6,4,555,484,15.835163116455078
281,t2_b0,7,10,457,316,79.49183654785156
281,t2_b0,10,5,513,380,13.517244338989258
281,t2_b0,18,2,607,468,12.271100997924805
281,t2_b0,21,2,463,376,3.315516948699951
281,t2_b0,32,1,517,408,2.0228261947631836
281,t2_b0,37,5,595,460,45.33466720581055
281,t2_b0,39,3,536,360,3.1727383136749268
281,t2_b0,41,5,536,408,2.153069496154785
281,t2_b0,42,8,478,400,20.462940216064453
281,t2_b0,44,2,590,544,32.914405822753906
281,t2_b0,45,1,533,408,4.556482315063477
281,t2_b0,57,5,538,440,3.6315040588378906
281,t2_b0,58,1,543,396,21.28347396850586
282,t2_b0,0,1,539,416,7.053354740142822
282,t2_b0,6,5,560,488,4.828860282897949
282,t2_b0,18,8,615,472,10.881693840026855
282,t2_b0,31,5,546,464,6.691868305206299
282,t2_b0,36,5,528,376,40.33206558227539
282,t2_b0,39,1,537,364,2.8129501342773438
282,t2_b0,44,2,592,548,7.463697910308838
282,t2_b0,45,2,535,412,3.6562564373016357
283,t2_b0,0,1,540,420,4.540603160858154
283,t2_b0,2,5,504,380,37.67778015136719
283,t2_b0,3,1,531,448,7.222417831420898
283,t2_b0,6,1,561,492,4.720240116119385
283,t2_b0,8,1,558,488,5.419510841369629
283,t2_b0,23,1,552,452,27.874422073364258
283,t2_b0,25,5,536,360,1.9254194498062134
283,t2_b0,27,5,563,380,2.3699989318847656
283,t2_b0,29,5,519,416,5.117921829223633
283,t2_b0,30,1,554,384,28.025190353393555
283,t2_b0,31,1,547,468,6.155990123748779
283,t2_b0,32,1,518,412,3.050534725189209
283,t2_b0,33,1,486,448,4.914069652557373
283,t2_b0,34,1,482,312,4.767974853515625
283,t2_b0,36,3,531,380,7.581355571746826
283,t2_b0,43,1,567,400,39.24824905395508
283,t2_b0,44,1,593,552,10.558321952819824
283,t2_b0,45,2,537,416,5.400618076324463
283,t2_b0,49,1,495,388,65.98538970947266
283,t2_b0,52,1,555,432,4.173498153686523
283,t2_b0,53,1,449,332,2.761356830596924
283,t2_b0,55,1,479,352,63.683815002441406
283,t2_b0,56,1,584,460,4.281599998474121
283,t2_b0,57,1,539,444,6.4073615074157715
283,t2_b0,58,5,548,400,3.5512592792510986
284,t2_b0,0,1,541,424,2.9538028240203857
284,t2_b0,2,5,509,384,27.768604278564453
284,t2_b0,3,1,532,452,5.604808807373047
284,t2_b0,5,11,610,488,21.55182456970215
284,t2_b0,6,3,564,496,14.487930297851562
284,t2_b0,8,1,559,492,42.14754867553711
284,t2_b0,10,5,518,384,12.48437786102295
284,t2_b0,16,1,468,296,3.3903629779815674
284,t2_b0,21,5,468,380,2.363171339035034
284,t2_b0,25,1,537,364,1.7178462743759155
284,t2_b0,29,1,520,420,3.9637742042541504
284,t2_b0,30,1,555,388,3.8449044227600098
284,t2_b0,31,1,548,472,5.426618576049805
284,t2_b0,32,1,519,416,56.93845748901367
284,t2_b0,34,1,483,316,3.4704604148864746
284,t2_b0,36,1,532,384,17.1099910736084
284,t2_b0,38,1,559,376,4.5969767570495605
284,t2_b0,40,5,520,544,22.048662185668945
284,t2_b0,43,1,568,404,26.546689987182617
284,t2_b0,44,1,594,556,6.80850076675415
284,t2_b0,46,1,567,504,3.930145740509033
284,t2_b0,47,1,639,532,6.451767444610596
284,t2_b0,49,1,496,392,48.09119415283203
284,t2_b0,50,5,514,448,34.30570602416992
284,t2_b0,53,1,450,336,17.661657333374023
284,t2_b0,54,5,608,444,35.5435905456543
284,t2_b0,56,8,592,464,42.19629669189453
285,t2_b0,0,1,542,428,3.130082368850708
285,t2_b0,2,4,513,388,3.1456024646759033
285,t2_b0,6,1,565,500,4.384922027587891
285,t2_b0,10,5,523,388,2.609057903289795
285,t2_b0,15,5,518,384,22.524396896362305
285,t2_b0,23,1,553,456,2.876552104949951
285,t2_b0,30,1,556,392,3.8181698322296143
285,t2_b0,32,1,520,420,1.1697570085525513
285,t2_b0,43,9,577,408,22.629867553710938
285,t2_b0,44,4,598,560,7.6611175537109375
285,t2_b0,57,1,540,448,4.188379287719727
286,t2_b0,0,1,543,432,3.675981283187866
286,t2_b0,2,1,514,392,25.879018783569336
286,t2_b0,6,5,570,504,19.17441749572754
286,t2_b0,21,2,470,384,3.2354629039764404
286,t2_b0,26,5,486,324,40.38553237915039
286,t2_b0,32,2,522,424,1.7982536554336548
286,t2_b0,33,1,487,452,7.409061908721924
286,t2_b0,34,6,489,320,38.87101745605469
286,t2_b0,36,1,533,388,5.24527645111084
286,t2_b0,48,6,565,480,5.899187088012695
286,t2_b0,51,5,521,404,27.367910385131836
286,t2_b0,52,1,556,436,3.0748391151428223
286,t2_b0,53,1,451,340,4.419764041900635
286,t2_b0,59,5,603,404,3.481049060821533
287,t2_b0,0,1,544,436,4.451517581939697
287,t2_b0,2,2,516,396,8.275985717773438
287,t2_b0,3,1,533,456,4.0308613777160645
287,t2_b0,6,5,575,508,6.655932426452637
287,t2_b0,8,1,560,496,5.222541332244873
287,t2_b0,13,5,605,504,4.569597244262695
287,t2_b0,15,1,519,388,2.964022397994995
287,t2_b0,16,5,473,300,31.357749938964844
287,t2_b0,21,1,471,388,31.936922073364258
287,t2_b0,23,5,558,460,3.2564871311187744
287,t2_b0,31,1,549,476,3.3354969024658203
287,t2_b0,33,3,490,456,7.770798206329346
287,t2_b0,36,2,535,392,9.037764549255371
287,t2_b0,39,5,542,368,3.8002872467041016
287,t2_b0,40,1,521,548,16.542388916015625
287,t2_b0,44,2,600,564,48.55131149291992
287,t2_b0,49,5,501,396,3.4990170001983643
287,t2_b0,51,1,522,408,5.513492584228516
287,t2_b0,52,1,557,440,27.56684112548828
287,t2_b0,53,2,453,344,34.393653869628906
287,t2_b0,55,1,480,356,4.3318939208984375
287,t2_b0,57,1,541,452,40.13593292236328
287,t2_b0,59,1,604,408,3.95721173286438
288,t2_b0,0,2,546,440,6.462385654449463
288,t2_b0,2,5,521,400,26.42983055114746
288,t2_b0,3,5,538,460,2.6976585388183594
288,t2_b0,6,1,576,512,4.36060094833374
288,t2_b0,8,4,564,500,5.333276271820068
288,t2_b0,12,5,524,440,5.170739650726318
288,t2_b0,15,1,520,392,3.501351833343506
288,t2_b0,22,1,493,272,31.94635581970215
288,t2_b0,23,1,559,464,1.793211817741394
288,t2_b0,30,1,557,396,6.405739784240723
288,t2_b0,31,1,550,480,6.498394012451172
288,t2_b0,33,1,491,460,4.353292942047119
288,t2_b0,36,1,536,396,3.387122392654419
288,t2_b0,39,1,543,372,27.96528434753418
288,t2_b0,40,10,531,552,3.010554790496826
288,t2_b0,44,1,601,568,5.833475112915039
288,t2_b0,45,5,542,420,4.762270927429199
288,t2_b0,49,3,504,400,1.777618169784546
288,t2_b0,53,1,454,348,4.236997604370117
288,t2_b0,55,2,482,360,26.11488914489746
288,t2_b0,57,3,544,456,34.41770553588867
289,t2_b0,0,5,551,444,3.4825000762939453
289,t2_b0,2,1,522,404,32.866764068603516
289,t2_b0,6,5,581,516,5.906943321228027
289,t2_b0,8,1,565,504,5.102983474731445
289,t2_b0,9,5,473,380,7.358679294586182
289,t2_b0,11,5,454,276,4.161174297332764
289,t2_b0,15,5,525,396,4.103298187255859
289,t2_b0,17,5,561,416,5.256748199462891
289,t2_b0,21,5,476,392,4.092099666595459
289,t2_b0,30,5,562,400,31.289653778076172
289,t2_b0,31,5,555,484,6.586226940155029
289,t2_b0,32,1,523,428,2.6390836238861084
289,t2_b0,33,2,493,464,31.013790130615234
289,t2_b0,35,5,663,536,4.815779209136963
289,t2_b0,36,3,539,400,5.803440093994141
289,t2_b0,45,1,543,424,5.050294399261475
289,t2_b0,51,1,523,412,23.89339256286621
289,t2_b0,52,1,558,444,3.6822421550750732
289,t2_b0,53,12,466,352,6.613982677459717
289,t2_b0,58,5,553,404,3.5795176029205322
290,t2_b0,2,2,524,408,3.529815912246704
290,t2_b0,6,5,586,520,8.356742858886719
290,t2_b0,8,1,566,508,2.7860097885131836
290,t2_b0,10,5,528,392,17.937198638916016
290,t2_b0,17,3,564,420,25.47646713256836
290,t2_b0,19,5,556,356,6.9953107833862305
290,t2_b0,23,5,564,468,3.485597610473633
290,t2_b0,27,5,568,384,1.8013063669204712
290,t2_b0,33,5,498,468,5.026480197906494
290,t2_b0,36,4,543,404,4.0162482261657715
290,t2_b0,37,5,600,464,21.742923736572266
290,t2_b0,44,1,602,572,9.446413040161133
290,t2_b0,45,1,544,428,43.87794876098633
290,t2_b0,49,5,509,404,2.5859251022338867
290,t2_b0,54,5,613,448,3.904790163040161
290,t2_b0,57,5,549,460,6.924404144287109
290,t2_b0,58,1,554,408,4.89575719833374
291,t2_b0,4,5,580,464,2.5364830493927
291,t2_b0,6,5,591,524,8.412028312683105
291,t2_b0,7,5,462,320,2.627532720565796
291,t2_b0,19,2,558,360,5.007951736450195
291,t2_b0,21,1,477,396,32.46893310546875
291,t2_b0,23,10,574,472,2.3582773208618164
291,t2_b0,24,5,582,508,3.1798436641693115
291,t2_b0,26,1,487,328,71.23453521728516
291,t2_b0,32,5,528,432,4.379417896270752
291,t2_b0,35,1,664,540,3.287322998046875
291,t2_b0,39,1,544,376,28.599933624267578
291,t2_b0,42,5,483,404,4.133852481842041
291,t2_b0,44,5,607,576,7.080251216888428
291,t2_b0,46,2,569,508,34.428306579589844
291,t2_b0,52,5,563,448,5.080152988433838
291,t2_b0,54,3,616,452,6.482542514801025
291,t2_b0,58,5,559,412,3.1892592906951904
291,t2_b0,59,1,605,412,2.236201524734497
292,t2_b0,4,10,590,468,30.901906967163086
292,t2_b0,18,5,620,476,7.191162586212158
292,t2_b0,21,5,482,400,51.272640228271484
292,t2_b0,24,4,586,512,4.16787576675415
292,t2_b0,29,5,525,424,4.398070812225342
293,t2_b0,2,11,535,412,9.517375946044922
293,t2_b0,6,1,592,528,3.533174753189087
293,t2_b0,13,5,610,508,4.207679748535156
293,t2_b0,21,5,487,404,3.3448386192321777
293,t2_b0,28,5,493,400,3.9779906272888184
293,t2_b0,30,5,567,404,30.447214126586914
293,t2_b0,33,1,499,472,28.231334686279297
293,t2_b0,36,10,553,408,4.709016799926758
293,t2_b0,38,5,564,380,5.540587902069092
294,t2_b0,0,1,552,448,22.60842514038086
294,t2_b0,5,4,614,492,40.40026092529297
294,t2_b0,6,2,594,532,4.516575813293457
294,t2_b0,9,5,478,384,6.040480613708496
294,t2_b0,19,5,563,364,6.429107189178467
294,t2_b0,22,1,494,276,2.935776472091675
294,t2_b0,30,1,568,408,2.8299264907836914
294,t2_b0,33,4,503,476,4.130310535430908
294,t2_b0,39,5,549,380,29.918668746948242
294,t2_b0,44,1,608,580,6.178493022918701
294,t2_b0,45,5,549,432,31.142913818359375
294,t2_b0,49,1,510,408,36.369285583496094
294,t2_b0,54,5,621,456,3.7017412185668945
294,t2_b0,55,5,487,364,4.906870365142822
294,t2_b0,56,5,597,468,4.869725227355957
294,t2_b0,58,5,564,416,2.141096353530884
295,t2_b0,0,5,557,452,23.541427612304688
295,t2_b0,3,1,539,464,5.381980895996094
295,t2_b0,9,5,483,388,3.227741241455078
295,t2_b0,14,5,541,392,1.922677993774414
295,t2_b0,22,4,498,280,3.8668785095214844
295,t2_b0,30,1,569,412,4.345844268798828
295,t2_b0,31,2,557,488,34.0635986328125
295,t2_b0,32,1,529,436,5.400484561920166
295,t2_b0,33,1,504,480,6.891132354736328
295,t2_b0,37,5,605,468,2.672438859939575
295,t2_b0,43,5,582,412,39.41978454589844
295,t2_b0,44,4,612,584,47.409950256347656
295,t2_b0,45,2,551,436,9.908716201782227
295,t2_b0,47,7,646,536,6.507973670959473
295,t2_b0,51,5,528,416,6.061575412750244
296,t2_b0,5,1,615,496,4.679168224334717
296,t2_b0,8,5,571,512,8.419231414794922
296,t2_b0,14,2,543,396,2.3644983768463135
296,t2_b0,25,10,547,368,18.04078483581543
296,t2_b0,29,1,526,428,3.632542371749878
296,t2_b0,32,2,531,440,2.9219789505004883
296,t2_b0,33,1,505,484,4.850992202758789
296,t2_b0,34,5,494,324,19.06121063232422
296,t2_b0,42,1,484,408,4.851158618927002
296,t2_b0,44,5,617,588,8.089619636535645
296,t2_b0,48,5,570,484,39.660926818847656
296,t2_b0,51,5,533,420,6.613430976867676
296,t2_b0,52,5,568,452,31.278423309326172
296,t2_b0,54,1,622,460,35.61786651611328
297,t2_b0,6,1,595,536,18.175662994384766
297,t2_b0,7,5,467,324,4.875162601470947
297,t2_b0,8,5,576,516,5.742667198181152
297,t2_b0,10,15,543,396,2.6863722801208496
297,t2_b0,13,5,615,512,3.4025771617889404
297,t2_b0,16,5,478,304,3.537782907485962
297,t2_b0,17,5,569,424,4.482201099395752
297,t2_b0,18,5,625,480,13.723755836486816
297,t2_b0,33,5,510,488,26.079240798950195
297,t2_b0,48,1,571,488,2.8898298740386963
298,t2_b0,6,5,600,540,21.230175018310547
298,t2_b0,7,1,468,328,43.244747161865234
298,t2_b0,22,5,503,284,2.430086374282837
298,t2_b0,33,9,519,492,47.63926696777344
298,t2_b0,40,5,536,556,4.868584632873535
298,t2_b0,41,5,541,412,1.4234473705291748
298,t2_b0,49,5,515,412,5.417737007141113
298,t2_b0,56,5,602,472,4.21712064743042
299,t2_b0,6,1,601,544,18.313962936401367
299,t2_b0,19,5,568,368,14.126558303833008
299,t2_b0,28,5,498,404,26.474937438964844
299,t2_b0,34,1,495,328,5.832200050354004
299,t2_b0,40,1,537,560,3.6374363899230957
299,t2_b0,42,12,496,412,5.236799716949463
299,t2_b0,52,5,573,456,5.261131763458252
299,t2_b0,53,5,471,356,3.4961798191070557
299,t2_b0,56,5,607,476,6.3573689460754395
299,t2_b0,59,5,610,416,5.537477493286133
300,t2_b0,0,1,558,456,21.61663818359375
300,t2_b0,3,1,540,468,6.15643310546875
300,t2_b0,6,1,602,548,10.231082916259766
300,t2_b0,15,1,526,400,3.4184937477111816
300,t2_b0,18,5,630,484,17.279096603393555
300,t2_b0,27,5,573,388,34.4158935546875
300,t2_b0,31,5,562,492,3.022430658340454
300,t2_b0,32,1,532,444,36.36363983154297
300,t2_b0,34,4,499,332,28.684566497802734
300,t2_b0,35,5,669,544,2.9151527881622314
300,t2_b0,44,5,622,592,9.748966217041016
300,t2_b0,46,11,580,512,4.664193630218506
300,t2_b0,49,1,516,416,37.4630126953125
300,t2_b0,55,5,492,368,4.444462776184082
300,t2_b0,56,1,608,480,3.9593985080718994
300,t2_b0,57,5,554,464,6.880967140197754
300,t2_b0,59,1,611,420,2.5315840244293213
301,t2_b0,6,1,603,552,5.982497692108154
301,t2_b0,14,1,544,400,3.250072479248047
301,t2_b0,18,5,635,488,8.364439010620117
301,t2_b0,23,5,579,476,28.15531349182129
301,t2_b0,27,5,578,392,39.85763168334961
301,t2_b0,28,5,503,408,3.659874677658081
301,t2_b0,29,6,532,432,21.40215301513672
301,t2_b0,32,3,535,448,2.1300110816955566
301,t2_b0,45,2,553,440,4.413162708282471
301,t2_b0,51,2,535,424,2.3054399490356445
301,t2_b0,59,2,613,424,4.005275726318359
302,t2_b0,0,1,559,460,3.391489267349243
302,t2_b0,1,5,578,420,4.422201156616211
302,t2_b0,3,1,541,472,6.585233688354492
302,t2_b0,4,5,595,472,30.208778381347656
302,t2_b0,5,5,620,500,7.105061054229736
302,t2_b0,13,5,620,516,2.2121129035949707
302,t2_b0,15,1,527,404,4.669792175292969
302,t2_b0,20,9,588,504,2.9335086345672607
302,t2_b0,22,5,508,288,3.182096481323242
302,t2_b0,31,5,567,496,5.113511085510254
302,t2_b0,43,5,587,416,6.8632073402404785
302,t2_b0,44,2,624,596,5.899502277374268
302,t2_b0,49,1,517,420,5.656888484954834
302,t2_b0,55,1,493,372,4.125202655792236
302,t2_b0,59,1,614,428,3.417196273803711
303,t2_b0,0,1,560,464,3.795729160308838
303,t2_b0,1,10,588,424,19.021453857421875
303,t2_b0,2,5,540,416,4.158965110778809
303,t2_b0,4,2,597,476,2.7129149436950684
303,t2_b0,7,11,479,332,5.14863395690918
303,t2_b0,19,5,573,372,36.94865798950195
303,t2_b0,34,1,500,336,19.006362915039062
303,t2_b0,36,5,558,412,17.328861236572266
303,t2_b0,38,5,569,384,35.035804748535156
303,t2_b0,44,14,638,600,6.062865257263184
303,t2_b0,45,5,558,444,4.125876426696777
303,t2_b0,48,1,572,492,4.625041961669922
303,t2_b0,59,1,615,432,4.145970344543457
304,t2_b0,0,2,562,468,4.587258338928223
304,t2_b0,3,1,542,476,5.2830352783203125
304,t2_b0,24,13,599,516,3.8615944385528564
304,t2_b0,26,2,489,332,7.197393894195557
304,t2_b0,34,2,502,340,2.3235368728637695
304,t2_b0,36,1,559,416,5.213000297546387
304,t2_b0,37,17,622,472,2.8765556812286377
304,t2_b0,48,5,577,496,4.378481864929199
304,t2_b0,53,5,476,360,2.6895558834075928
304,t2_b0,55,1,494,376,27.97408103942871
304,t2_b0,58,5,569,420,4.388208389282227
304,t2_b0,59,1,616,436,5.360184192657471
305,t2_b0,0,5,567,472,6.773703575134277
305,t2_b0,3,3,545,480,25.24519157409668
305,t2_b0,19,5,578,376,4.814719200134277
305,t2_b0,23,5,584,480,3.4351131916046143
305,t2_b0,26,2,491,336,3.697380304336548
305,t2_b0,31,2,569,500,4.278717041015625
305,t2_b0,32,11,546,452,3.060455560684204
305,t2_b0,34,1,503,344,4.479768753051758
305,t2_b0,36,1,560,420,7.871634483337402
305,t2_b0,47,5,651,540,6.071760177612305
305,t2_b0,48,4,581,500,38.349796295166016
305,t2_b0,49,1,518,424,37.9471549987793
305,t2_b0,54,1,623,464,6.189597129821777
305,t2_b0,55,1,495,380,25.97087860107422
305,t2_b0,58,5,574,424,42.147151947021484
305,t2_b0,59,1,617,440,3.3324029445648193
306,t2_b0,0,2,569,476,5.013317584991455
306,t2_b0,6,1,604,556,20.34259796142578
306,t2_b0,12,5,529,444,5.486921310424805
306,t2_b0,13,5,625,520,3.493790626525879
306,t2_b0,18,10,645,492,37.71329116821289
306,t2_b0,25,5,552,372,1.8630421161651611
306,t2_b0,26,1,492,340,17.935832977294922
306,t2_b0,34,2,505,348,5.399819374084473
306,t2_b0,36,1,561,424,5.417827606201172
306,t2_b0,40,5,542,564,4.840090751647949
306,t2_b0,45,1,559,448,8.11177921295166
306,t2_b0,47,4,655,544,5.056687355041504
306,t2_b0,49,3,521,428,2.336634635925293
306,t2_b0,54,8,631,468,7.063487529754639
306,t2_b0,59,1,618,444,3.1248586177825928
307,t2_b0,2,5,545,420,27.404937744140625
307,t2_b0,6,5,609,560,6.952750205993652
307,t2_b0,10,5,548,400,39.33487319946289
307,t2_b0,11,5,459,280,16.846576690673828
307,t2_b0,14,1,545,404,3.258610486984253
307,t2_b0,16,6,484,308,3.0385165214538574
307,t2_b0,17,5,574,428,5.0700507164001465
307,t2_b0,25,5,557,376,2.3196117877960205
307,t2_b0,26,4,496,344,6.097286701202393
307,t2_b0,31,1,570,504,3.7843899726867676
307,t2_b0,32,5,551,456,35.396728515625
307,t2_b0,34,1,506,352,41.90351486206055
307,t2_b0,35,2,671,548,7.1799092292785645
307,t2_b0,39,5,554,384,2.7752845287323
307,t2_b0,45,7,566,452,5.721167087554932
307,t2_b0,47,5,660,548,5.623145580291748
307,t2_b0,48,1,582,504,2.858036756515503
307,t2_b0,50,12,526,452,6.49110746383667
307,t2_b0,51,5,540,428,9.045780181884766
307,t2_b0,58,1,575,428,18.25019645690918
307,t2_b0,59,2,620,448,5.450737953186035
308,t2_b0,0,5,574,480,22.954097747802734
308,t2_b0,3,5,550,484,18.26261329650879
308,t2_b0,4,25,622,480,3.5120136737823486
308,t2_b0,6,2,611,564,8.9625244140625
308,t2_b0,10,1,549,404,2.7676103115081787
308,t2_b0,13,5,630,524,3.556445598602295
308,t2_b0,30,9,578,416,4.93168306350708
308,t2_b0,31,5,575,508,31.94791030883789
308,t2_b0,33,5,524,496,5.130390644073486
308,t2_b0,34,1,507,356,4.057936191558838
308,t2_b0,36,5,566,428,4.073142051696777
308,t2_b0,39,1,555,388,29.806745529174805
308,t2_b0,41,5,546,416,54.702083587646484
308,t2_b0,47,1,661,552,39.53725814819336
308,t2_b0,48,1,583,508,3.2354602813720703
308,t2_b0,49,5,526,432,4.753390312194824
308,t2_b0,51,1,541,432,3.8153557777404785
308,t2_b0,55,5,500,384,3.2922255992889404
308,t2_b0,58,1,576,432,23.30971336364746
308,t2_b0,59,1,621,452,23.009626388549805
309,t2_b0,0,4,578,484,5.150893688201904
309,t2_b0,8,5,581,520,2.707359552383423
309,t2_b0,13,10,640,528,4.173918724060059
309,t2_b0,21,5,492,408,34.34506607055664
309,t2_b0,26,5,501,348,3.849700689315796
309,t2_b0,31,2,577,512,5.206496238708496
309,t2_b0,33,3,527,500,27.071758270263672
309,t2_b0,39,5,560,392,5.730546474456787
309,t2_b0,42,5,501,416,2.350752115249634
309,t2_b0,47,2,663,556,14.931695938110352
309,t2_b0,49,1,527,436,3.5757853984832764
309,t2_b0,51,3,544,436,67.56797790527344
309,t2_b0,52,5,578,460,4.683969974517822
309,t2_b0,53,5,481,364,4.717674255371094
309,t2_b0,55,5,505,388,6.468890190124512
309,t2_b0,59,6,627,456,2.392575263977051
310,t2_b0,3,1,551,488,8.872632026672363
310,t2_b0,6,5,616,568,5.665209770202637
310,t2_b0,12,1,530,448,19.921009063720703
310,t2_b0,15,1,528,408,35.34519958496094
310,t2_b0,33,1,528,504,28.190126419067383
310,t2_b0,34,5,512,360,2.9745354652404785
310,t2_b0,42,5,506,420,22.801067352294922
310,t2_b0,46,5,585,516,2.678541421890259
310,t2_b0,47,1,664,560,6.612581253051758
310,t2_b0,49,2,529,440,5.4628472328186035
310,t2_b0,55,1,506,392,4.993350982666016
310,t2_b0,56,1,609,484,4.171679496765137
311,t2_b0,0,1,579,488,20.24217987060547
311,t2_b0,2,5,550,424,5.8435821533203125
311,t2_b0,6,1,617,572,16.12273406982422
311,t2_b0,9,5,488,392,6.816429138183594
311,t2_b0,12,5,535,452,7.548711776733398
311,t2_b0,17,1,575,432,8.112288475036621
311,t2_b0,21,5,497,412,5.20576810836792
311,t2_b0,25,5,562,380,2.899296760559082
311,t2_b0,26,1,502,352,28.497358322143555
311,t2_b0,27,5,583,396,34.50154495239258
311,t2_b0,28,5,508,412,2.7197821140289307
311,t2_b0,29,5,537,436,4.704908847808838
311,t2_b0,31,1,578,516,7.780590057373047
311,t2_b0,34,2,514,364,5.704439163208008
311,t2_b0,36,5,571,432,13.514998435974121
311,t2_b0,40,6,548,568,5.733168125152588
311,t2_b0,46,2,587,520,2.5270445346832275
311,t2_b0,47,2,666,564,4.858767509460449
311,t2_b0,56,1,610,488,7.46639347076416
311,t2_b0,57,5,559,468,32.4375114440918
311,t2_b0,58,2,578,436,28.036746978759766
312,t2_b0,0,2,581,492,5.843647003173828
312,t2_b0,3,1,552,492,3.501281261444092
312,t2_b0,6,5,622,576,6.669839859008789
312,t2_b0,12,1,536,456,6.933191299438477
312,t2_b0,15,5,533,412,2.835735559463501
312,t2_b0,20,5,593,508,3.4527957439422607
312,t2_b0,22,5,513,292,3.7305142879486084
312,t2_b0,26,1,503,356,40.54275131225586
312,t2_b0,28,5,513,416,34.11488342285156
312,t2_b0,29,3,540,440,6.783285140991211
312,t2_b0,31,1,579,520,4.1907806396484375
312,t2_b0,34,5,519,368,40.65589141845703
312,t2_b0,36,1,572,436,6.589468955993652
312,t2_b0,43,5,592,420,3.6615257263183594
312,t2_b0,46,5,592,524,2.1186776161193848
312,t2_b0,47,3,669,568,4.708549976348877
312,t2_b0,52,1,579,464,4.315495014190674
312,t2_b0,55,5,511,396,4.309255123138428
312,t2_b0,58,1,579,440,3.4473633766174316
313,t2_b0,1,5,593,428,38.761409759521484
313,t2_b0,2,6,556,428,3.996583938598633
313,t2_b0,6,2,624,580,20.113178253173828
313,t2_b0,7,5,484,336,80.13510131835938
313,t2_b0,14,1,546,408,24.926729202270508
313,t2_b0,19,11,589,380,8.136497497558594
313,t2_b0,22,5,518,296,2.703768253326416
313,t2_b0,25,5,567,384,2.4296371936798096
313,t2_b0,28,1,514,420,31.812665939331055
313,t2_b0,29,1,541,444,5.076557159423828
313,t2_b0,31,3,582,524,6.573665142059326
313,t2_b0,38,10,579,388,5.18436861038208
313,t2_b0,44,5,643,604,6.869649887084961
313,t2_b0,46,1,593,528,3.6594083309173584
313,t2_b0,56,7,617,492,42.02519226074219
313,t2_b0,57,5,564,472,4.877579689025879
313,t2_b0,58,3,582,444,3.6555228233337402
314,t2_b0,0,1,582,496,18.76638412475586
314,t2_b0,3,10,562,496,40.59461975097656
314,t2_b0,6,1,625,584,22.01448631286621
314,t2_b0,7,1,485,340,4.125952243804932
314,t2_b0,8,1,582,524,40.88214111328125
314,t2_b0,14,2,548,412,4.67305850982666
314,t2_b0,15,1,534,416,3.833925247192383
314,t2_b0,24,5,604,520,2.806901216506958
314,t2_b0,25,5,572,388,2.2680041790008545
314,t2_b0,31,1,583,528,3.9316911697387695
314,t2_b0,34,5,524,372,27.517616271972656
314,t2_b0,35,5,676,552,5.122303009033203
314,t2_b0,37,5,627,476,3.43863582611084
314,t2_b0,41,5,551,420,16.67971420288086
314,t2_b0,43,6,598,424,26.306066513061523
314,t2_b0,46,5,598,532,3.410186767578125
314,t2_b0,49,1,530,444,3.0388786792755127
314,t2_b0,55,1,512,400,4.819803237915039
314,t2_b0,57,5,569,476,10.01838493347168
315,t2_b0,0,2,584,500,6.855447292327881
315,t2_b0,5,5,625,504,9.05388069152832
315,t2_b0,6,5,630,588,15.753077507019043
315,t2_b0,11,5,464,284,5.384850025177002
315,t2_b0,12,1,537,460,42.11803436279297
315,t2_b0,15,1,535,420,21.596851348876953
315,t2_b0,17,4,579,436,37.184425354003906
315,t2_b0,26,7,510,360,2.811795234680176
315,t2_b0,31,5,588,532,42.22944259643555
315,t2_b0,33,5,533,508,63.10321044921875
315,t2_b0,34,5,529,376,40.440452575683594
315,t2_b0,35,1,677,556,7.003398418426514
315,t2_b0,39,5,565,396,2.4713053703308105
315,t2_b0,41,2,553,424,3.5933704376220703
315,t2_b0,49,5,535,448,4.043074131011963
315,t2_b0,53,3,484,368,33.525054931640625
315,t2_b0,55,4,516,404,5.179730415344238
315,t2_b0,57,6,575,480,3.6260006427764893
315,t2_b0,58,1,583,448,3.803323984146118
316,t2_b0,1,1,594,432,19.849592208862305
316,t2_b0,12,2,539,464,22.00691795349121
316,t2_b0,17,1,580,440,5.569093227386475
316,t2_b0,18,5,650,496,9.997332572937012
316,t2_b0,21,5,502,416,4.059085845947266
316,t2_b0,27,2,585,400,33.91885757446289
316,t2_b0,31,1,589,536,7.983880519866943
316,t2_b0,34,1,530,380,4.6119160652160645
316,t2_b0,35,1,678,560,7.294086456298828
316,t2_b0,41,1,554,428,3.1996781826019287
316,t2_b0,46,1,599,536,4.845554351806641
316,t2_b0,47,5,674,572,6.680997848510742
316,t2_b0,48,1,584,512,6.361619472503662
316,t2_b0,54,5,636,472,83.29631042480469
316,t2_b0,58,1,584,452,2.8780510425567627
317,t2_b0,0,11,595,504,5.3770856857299805
317,t2_b0,1,2,596,436,3.0086631774902344
317,t2_b0,6,1,631,592,18.425365447998047
317,t2_b0,8,1,583,528,82.66946411132812
317,t2_b0,9,5,493,396,7.4139909744262695
317,t2_b0,10,1,550,408,3.7627482414245605
317,t2_b0,12,1,540,468,42.52976989746094
317,t2_b0,14,1,549,416,3.2520060539245605
317,t2_b0,15,1,536,424,5.648557186126709
317,t2_b0,16,5,489,312,3.8037455081939697
317,t2_b0,17,1,581,444,4.65994119644165
317,t2_b0,18,3,653,500,14.713053703308105
317,t2_b0,22,1,519,300,30.492813110351562
317,t2_b0,24,1,605,524,4.996587753295898
317,t2_b0,25,5,577,392,2.4366555213928223
317,t2_b0,27,2,587,404,2.0536422729492188
317,t2_b0,28,5,519,424,4.974545478820801
317,t2_b0,31,5,594,540,5.91366720199585
317,t2_b0,32,5,556,460,3.8610188961029053
317,t2_b0,36,5,577,440,33.595703125
317,t2_b0,45,5,571,456,2.425567626953125
317,t2_b0,48,2,586,516,8.263949394226074
317,t2_b0,50,5,531,456,2.9734549522399902
317,t2_b0,54,1,637,476,6.826859474182129
317,t2_b0,58,1,585,456,21.347991943359375
318,t2_b0,4,5,627,484,1.6961451768875122
318,t2_b0,6,2,633,596,17.04170799255371
318,t2_b0,7,10,495,344,43.10469055175781
318,t2_b0,12,1,541,472,6.857674598693848
318,t2_b0,27,5,592,408,3.739367723464966
318,t2_b0,30,5,583,420,3.922534227371216
318,t2_b0,47,5,679,576,3.6494462490081787
318,t2_b0,48,1,587,520,6.396343231201172
318,t2_b0,50,1,532,460,4.4544806480407715
319,t2_b0,1,5,601,440,3.8992087841033936
319,t2_b0,13,5,645,532,4.876640319824219
319,t2_b0,20,5,598,512,24.19841194152832
319,t2_b0,22,5,524,304,3.4288384914398193
319,t2_b0,31,1,595,544,3.1394457817077637
319,t2_b0,33,1,534,512,27.03297233581543
319,t2_b0,49,1,536,452,4.9196977615356445
319,t2_b0,50,1,533,464,6.457810401916504
319,t2_b0,51,5,549,440,5.713188171386719
319,t2_b0,59,5,632,460,3.7947587966918945
320,t2_b0,7,5,500,348,41.46660232543945
320,t2_b0,18,2,655,504,12.302297592163086
320,t2_b0,28,5,524,428,31.484233856201172
320,t2_b0,33,2,536,516,8.29533863067627
320,t2_b0,37,5,632,480,1.984036922454834
320,t2_b0,46,5,604,540,4.391708850860596
320,t2_b0,49,12,548,456,5.692957878112793
320,t2_b0,52,5,584,468,3.3293378353118896
320,t2_b0,54,5,642,480,5.64914608001709
321,t2_b0,1,5,606,444,19.338485717773438
321,t2_b0,18,4,659,508,10.28714370727539
321,t2_b0,36,5,582,444,8.195844650268555
321,t2_b0,40,5,553,572,18.80996322631836
321,t2_b0,44,5,648,608,6.297616958618164
321,t2_b0,45,5,576,460,16.920785903930664
321,t2_b0,46,2,606,544,1.9444966316223145
321,t2_b0,51,5,554,444,4.281632423400879
321,t2_b0,54,5,647,484,34.53379440307617
322,t2_b0,6,5,638,600,8.339826583862305
322,t2_b0,8,5,588,532,4.974830627441406
322,t2_b0,18,1,660,512,8.569234848022461
322,t2_b0,25,5,582,396,2.7505297660827637
322,t2_b0,28,3,527,432,4.026609420776367
322,t2_b0,31,1,596,548,4.576786994934082
322,t2_b0,40,2,555,576,18.749710083007812
322,t2_b0,44,1,649,612,4.184621334075928
322,t2_b0,50,1,534,468,2.291252613067627
322,t2_b0,54,1,648,488,31.560688018798828
323,t2_b0,1,5,611,448,3.044905424118042
323,t2_b0,2,5,561,432,2.8007798194885254
323,t2_b0,5,5,630,508,5.982211112976074
323,t2_b0,8,1,589,536,4.617382049560547
323,t2_b0,15,1,537,428,44.62346267700195
323,t2_b0,19,5,594,384,3.8450980186462402
323,t2_b0,20,5,603,516,3.849341630935669
323,t2_b0,27,5,597,412,34.65973663330078
323,t2_b0,38,5,584,392,21.395753860473633
323,t2_b0,56,5,622,496,4.580589771270752
324,t2_b0,2,1,562,436,33.59821701049805
324,t2_b0,3,5,567,500,7.494434356689453
324,t2_b0,6,13,651,604,20.00823402404785
324,t2_b0,13,1,646,536,3.850146770477295
324,t2_b0,22,1,525,308,3.4673352241516113
324,t2_b0,23,5,589,484,3.762566089630127
324,t2_b0,27,5,602,416,38.36387634277344
324,t2_b0,29,5,546,448,19.85202407836914
324,t2_b0,43,5,603,428,5.159815311431885
324,t2_b0,48,7,594,524,4.197612762451172
324,t2_b0,50,3,537,472,3.71675705909729
324,t2_b0,54,5,653,492,3.2239701747894287
324,t2_b0,59,5,637,464,2.5661487579345703
325,t2_b0,1,1,612,452,3.5259037017822266
325,t2_b0,2,1,563,440,11.558141708374023
325,t2_b0,3,5,572,504,6.854269981384277
325,t2_b0,4,5,632,488,3.35111403465271
325,t2_b0,13,2,648,540,3.7598228454589844
325,t2_b0,14,1,550,420,3.1333587169647217
325,t2_b0,16,3,492,316,4.244609355926514
325,t2_b0,18,1,661,516,7.803170204162598
325,t2_b0,21,1,503,420,33.69010543823242
325,t2_b0,22,1,526,312,14.493685722351074
325,t2_b0,25,1,583,400,2.2724502086639404
325,t2_b0,26,5,515,364,9.369895935058594
325,t2_b0,27,2,604,420,41.091941833496094
325,t2_b0,30,1,584,424,33.744537353515625
325,t2_b0,34,1,531,384,5.961864471435547
325,t2_b0,35,1,679,564,3.7015957832336426
325,t2_b0,39,5,570,400,23.75931167602539
325,t2_b0,50,1,538,476,17.328237533569336
325,t2_b0,53,5,489,372,19.373271942138672
325,t2_b0,54,2,655,496,4.573017597198486
325,t2_b0,55,5,521,408,10.827874183654785
325,t2_b0,57,5,580,484,4.671874523162842
326,t2_b0,9,5,498,400,3.481440544128418
326,t2_b0,13,1,649,544,3.245323419570923
326,t2_b0,14,2,552,424,44.08000183105469
326,t2_b0,18,3,664,520,3.350644826889038
326,t2_b0,22,1,527,316,2.539064884185791
326,t2_b0,24,1,606,528,60.618553161621094
326,t2_b0,25,2,585,404,2.2408361434936523
326,t2_b0,30,1,585,428,4.437314033508301
326,t2_b0,35,1,680,568,4.777675628662109
326,t2_b0,39,2,572,404,1.5694533586502075
326,t2_b0,45,5,581,464,6.8778076171875
326,t2_b0,50,3,541,480,3.5869946479797363
326,t2_b0,53,1,490,376,30.4405574798584
326,t2_b0,54,2,657,500,2.791811227798462
327,t2_b0,0,5,600,508,4.189350128173828
327,t2_b0,2,5,568,444,6.012925148010254
327,t2_b0,8,15,604,540,5.970817565917969
327,t2_b0,10,5,555,412,2.6647374629974365
327,t2_b0,14,1,553,428,23.427040100097656
327,t2_b0,16,5,497,320,3.9630849361419678
327,t2_b0,22,1,528,320,4.774243354797363
327,t2_b0,25,1,586,408,2.059999465942383
327,t2_b0,26,5,520,368,3.272679090499878
327,t2_b0,30,1,586,432,3.1493372917175293
327,t2_b0,34,1,532,388,10.141154289245605
327,t2_b0,35,5,685,572,5.2938971519470215
327,t2_b0,39,4,576,408,1.9304986000061035
327,t2_b0,40,5,560,580,5.8101420402526855
327,t2_b0,41,5,559,432,25.795513153076172
327,t2_b0,46,5,611,548,2.470644474029541
327,t2_b0,53,1,491,380,2.0520758628845215
328,t2_b0,2,3,571,448,5.6028618812561035
328,t2_b0,16,1,498,324,5.385809898376465
328,t2_b0,21,3,506,424,4.035495758056641
328,t2_b0,24,5,611,532,3.833554267883301
328,t2_b0,46,5,616,552,2.212367534637451
328,t2_b0,47,5,684,580,4.868824005126953
328,t2_b0,51,5,559,448,2.820075511932373
328,t2_b0,53,5,496,384,3.9230833053588867
329,t2_b0,11,4,468,288,4.933223724365234
329,t2_b0,12,5,546,476,7.5130157470703125
329,t2_b0,16,2,500,328,3.016620397567749
329,t2_b0,23,5,594,488,4.709105491638184
329,t2_b0,24,5,616,536,42.1834831237793
329,t2_b0,36,5,587,448,4.879995346069336
329,t2_b0,39,1,577,412,25.70966911315918
329,t2_b0,50,5,546,484,35.01279830932617
329,t2_b0,52,5,589,472,30.434167861938477
330,t2_b0,7,5,505,352,3.118595838546753
330,t2_b0,12,1,547,480,4.666484832763672
330,t2_b0,14,5,558,432,1.8037785291671753
330,t2_b0,27,5,609,424,72.44416046142578
330,t2_b0,35,5,690,576,5.250030517578125
330,t2_b0,36,5,592,452,6.275418281555176
330,t2_b0,39,1,578,416,29.88895034790039
330,t2_b0,43,1,604,432,15.7036714553833
330,t2_b0,44,10,659,616,5.676162242889404
330,t2_b0,49,5,553,460,39.91100311279297
331,t2_b0,7,1,506,356,3.1934878826141357
331,t2_b0,10,5,560,416,39.82288360595703
331,t2_b0,12,5,552,484,24.771503448486328
331,t2_b0,14,5,563,436,3.3670716285705566
331,t2_b0,32,5,561,464,2.145874261856079
331,t2_b0,36,5,597,456,8.325889587402344
331,t2_b0,51,5,564,452,6.091390132904053
331,t2_b0,55,5,526,412,6.103626251220703
331,t2_b0,57,5,585,488,7.344361305236816
331,t2_b0,58,5,590,460,3.2580628395080566
332,t2_b0,3,1,573,508,7.11305046081543
332,t2_b0,13,5,654,548,4.310635566711426
332,t2_b0,20,5,608,520,41.006351470947266
332,t2_b0,28,5,532,436,7.270050048828125
332,t2_b0,30,5,591,436,5.862679481506348
332,t2_b0,31,5,601,552,7.669986248016357
332,t2_b0,57,5,590,492,40.5684814453125
333,t2_b0,5,5,635,512,4.240730285644531
333,t2_b0,13,5,659,552,4.4695000648498535
333,t2_b0,16,4,504,332,7.033493995666504
333,t2_b0,24,5,621,540,4.797786235809326
333,t2_b0,38,5,589,396,3.168917655944824
333,t2_b0,41,4,563,436,4.333805561065674
333,t2_b0,51,5,569,456,27.126718521118164
333,t2_b0,56,5,627,500,5.233423709869385
333,t2_b0,59,1,638,468,33.40093231201172
334,t2_b0,6,5,656,608,4.51706600189209
334,t2_b0,29,5,551,452,4.178743839263916
334,t2_b0,31,1,602,556,4.730363845825195
334,t2_b0,39,1,579,420,3.2866299152374268
334,t2_b0,48,5,599,528,26.204055786132812
334,t2_b0,51,1,570,460,35.83443832397461
334,t2_b0,52,1,590,476,23.014089584350586
334,t2_b0,55,5,531,416,5.128555774688721
335,t2_b0,10,5,565,420,2.8391947746276855
335,t2_b0,12,1,553,488,40.517826080322266
335,t2_b0,27,5,614,428,39.96006774902344
335,t2_b0,39,3,582,424,4.116373538970947
335,t2_b0,52,1,591,480,5.364504814147949
335,t2_b0,53,12,508,388,2.9629664421081543
336,t2_b0,0,5,605,512,3.133594512939453
336,t2_b0,12,5,558,492,5.590546131134033
336,t2_b0,18,5,669,524,28.511932373046875
336,t2_b0,36,5,602,460,9.243399620056152
336,t2_b0,38,10,599,400,30.497465133666992
336,t2_b0,39,4,586,428,2.9268887042999268
336,t2_b0,43,7,611,436,3.0933234691619873
336,t2_b0,50,11,557,488,3.9033658504486084
337,t2_b0,6,3,659,612,6.4070048332214355
337,t2_b0,7,5,511,360,41.59983825683594
337,t2_b0,8,5,609,544,4.698275089263916
337,t2_b0,12,3,561,496,39.98337936401367
337,t2_b0,17,5,586,448,3.398128032684326
337,t2_b0,18,5,674,528,10.665775299072266
337,t2_b0,20,1,609,524,4.182168483734131
337,t2_b0,21,1,507,428,32.83259963989258
337,t2_b0,22,5,533,324,14.467302322387695
337,t2_b0,25,5,591,412,2.3755557537078857
337,t2_b0,34,5,537,392,4.120296955108643
337,t2_b0,45,5,586,468,6.016824722290039
337,t2_b0,47,5,689,584,10.173246383666992
338,t2_b0,0,12,617,516,7.658574104309082
338,t2_b0,8,1,610,548,11.71839714050293
338,t2_b0,9,5,503,404,1.6163198947906494
338,t2_b0,17,2,588,452,5.356863498687744
338,t2_b0,18,5,679,532,14.800222396850586
338,t2_b0,19,5,599,388,3.7953314781188965
338,t2_b0,23,5,599,492,28.800853729248047
338,t2_b0,26,5,525,372,29.046886444091797
338,t2_b0,40,5,565,584,18.52806282043457
338,t2_b0,46,5,621,556,5.061311721801758
338,t2_b0,57,5,595,496,4.823960304260254
339,t2_b0,6,5,664,616,15.858878135681152
339,t2_b0,11,5,473,292,5.120062828063965
339,t2_b0,22,5,538,328,4.959238529205322
339,t2_b0,26,5,530,376,5.692941665649414
339,t2_b0,36,5,607,464,35.176673889160156
339,t2_b0,45,5,591,472,28.53255844116211
339,t2_b0,46,1,622,560,4.743036270141602
339,t2_b0,56,6,633,504,5.603189468383789
340,t2_b0,4,5,637,492,32.01913833618164
340,t2_b0,11,1,474,296,6.824464797973633
340,t2_b0,26,5,535,380,13.946922302246094
340,t2_b0,28,5,537,440,10.58903694152832
340,t2_b0,35,1,691,580,4.379357814788818
340,t2_b0,36,5,612,468,9.722217559814453
340,t2_b0,44,5,664,620,48.63960647583008
340,t2_b0,58,5,595,464,5.164156913757324
341,t2_b0,7,2,513,364,6.041628837585449
341,t2_b0,8,2,612,552,7.286062717437744
341,t2_b0,10,2,567,424,16.994264602661133
341,t2_b0,13,2,661,556,3.4597678184509277
341,t2_b0,14,5,568,440,2.865719795227051
341,t2_b0,15,5,542,432,4.053563117980957
341,t2_b0,20,5,614,528,5.220205307006836
341,t2_b0,24,10,631,544,61.66663360595703
341,t2_b0,35,10,701,584,5.062311172485352
341,t2_b0,37,5,637,484,20.026962280273438
341,t2_b0,44,5,669,624,5.851479530334473
341,t2_b0,49,5,558,464,4.00797700881958
341,t2_b0,54,10,667,504,4.3825201988220215
342,t2_b0,1,5,617,456,7.036394119262695
342,t2_b0,7,5,518,368,3.473343849182129
342,t2_b0,15,1,543,436,4.210112571716309
342,t2_b0,22,5,543,332,4.926103115081787
342,t2_b0,27,3,617,432,3.777597665786743
342,t2_b0,30,5,596,440,5.332059383392334
343,t2_b0,2,5,576,452,28.42435073852539
343,t2_b0,9,5,508,408,4.231387615203857
343,t2_b0,11,5,479,300,7.784343242645264
343,t2_b0,16,5,509,336,3.637310266494751
343,t2_b0,28,5,542,444,4.076894760131836
343,t2_b0,33,2,538,520,6.752957344055176
343,t2_b0,36,1,613,472,6.026832103729248
343,t2_b0,41,5,568,440,2.8304293155670166
343,t2_b0,55,1,532,420,29.982749938964844
343,t2_b0,58,5,600,468,14.572850227355957
343,t2_b0,59,5,643,472,5.1968536376953125
344,t2_b0,1,5,622,460,41.43708419799805
344,t2_b0,11,5,484,304,6.507359027862549
344,t2_b0,15,5,548,440,4.319547653198242
344,t2_b0,18,1,680,536,23.180370330810547
344,t2_b0,28,5,547,448,6.642765045166016
344,t2_b0,44,5,674,628,4.912378311157227
344,t2_b0,47,5,694,588,4.226114273071289
344,t2_b0,48,1,600,532,6.1447601318359375
344,t2_b0,55,5,537,424,27.991134643554688
344,t2_b0,57,1,596,500,6.587208271026611
345,t2_b0,13,2,663,560,24.958938598632812
345,t2_b0,14,5,573,444,2.273336887359619
345,t2_b0,33,1,539,524,25.354387283325195
345,t2_b0,46,5,627,564,3.049409866333008
345,t2_b0,47,5,699,592,3.4653987884521484
345,t2_b0,52,5,596,484,5.060809135437012
345,t2_b0,53,5,513,392,3.5266380310058594
345,t2_b0,55,5,542,428,6.967282772064209
345,t2_b0,58,5,605,472,4.3812665939331055
346,t2_b0,2,15,591,456,7.916039943695068
346,t2_b0,5,5,640,516,5.8304877281188965
346,t2_b0,12,5,566,500,6.799238681793213
346,t2_b0,20,8,622,532,38.3628044128418
346,t2_b0,30,5,601,444,5.636893272399902
346,t2_b0,37,5,642,488,3.062102794647217
346,t2_b0,38,5,604,404,31.01605987548828
346,t2_b0,39,5,591,432,28.67450714111328
346,t2_b0,43,5,616,440,6.230099201202393
346,t2_b0,50,5,562,492,4.1956400871276855
346,t2_b0,55,5,547,432,27.890342712402344
346,t2_b0,57,2,598,504,4.724565505981445
347,t2_b0,15,1,549,444,2.858356475830078
347,t2_b0,17,5,593,456,23.219274520874023
347,t2_b0,25,5,596,416,2.615159034729004
347,t2_b0,28,5,552,452,34.54423522949219
347,t2_b0,29,1,552,456,5.21018123626709
347,t2_b0,30,5,606,448,4.425849914550781
347,t2_b0,32,2,563,468,2.4366908073425293
347,t2_b0,36,2,615,476,5.2558183670043945
347,t2_b0,42,5,511,424,4.468205451965332
347,t2_b0,46,1,628,568,3.399115562438965
348,t2_b0,0,5,622,520,6.1339287757873535
348,t2_b0,7,2,520,372,41.888065338134766
348,t2_b0,10,5,572,428,3.0206379890441895
348,t2_b0,15,2,551,448,3.9937758445739746
348,t2_b0,17,5,598,460,23.513137817382812
348,t2_b0,19,5,604,392,5.27257776260376
348,t2_b0,21,5,512,432,4.084832191467285
348,t2_b0,23,5,604,496,24.734769821166992
348,t2_b0,34,1,538,396,4.63735818862915
348,t2_b0,39,1,592,436,3.7134265899658203
348,t2_b0,40,5,570,588,20.31625747680664
348,t2_b0,43,5,621,444,4.258303642272949
348,t2_b0,44,1,675,632,3.725210666656494
348,t2_b0,49,5,563,468,3.2541255950927734
348,t2_b0,52,5,601,488,39.31779479980469
349,t2_b0,3,5,578,512,7.805596828460693
349,t2_b0,4,1,638,496,3.0110907554626465
349,t2_b0,7,5,525,376,3.4697110652923584
349,t2_b0,10,5,577,432,3.4068195819854736
349,t2_b0,18,1,681,540,6.375972747802734
349,t2_b0,22,1,544,336,5.072606563568115
349,t2_b0,23,4,608,500,12.11161994934082
349,t2_b0,29,1,553,460,28.390974044799805
349,t2_b0,31,5,607,560,7.1683573722839355
349,t2_b0,37,1,643,492,2.6034727096557617
349,t2_b0,41,1,569,444,2.3699800968170166
349,t2_b0,44,5,680,636,9.846380233764648
349,t2_b0,56,5,638,508,6.074677467346191
350,t2_b0,4,1,639,500,1.5846575498580933
350,t2_b0,17,5,603,464,23.993408203125
350,t2_b0,18,1,682,544,35.01408386230469
350,t2_b0,19,5,609,396,5.743268966674805
350,t2_b0,22,1,545,340,4.361913681030273
350,t2_b0,25,16,612,420,16.645536422729492
350,t2_b0,26,5,540,384,5.493339538574219
350,t2_b0,29,1,554,464,8.114302635192871
350,t2_b0,33,2,541,528,5.012299060821533
350,t2_b0,36,5,620,480,7.803559303283691
350,t2_b0,45,5,596,476,3.6265995502471924
350,t2_b0,51,3,573,464,7.23884391784668
351,t2_b0,3,5,583,516,27.3019962310791
351,t2_b0,4,1,640,504,3.987874984741211
351,t2_b0,14,5,578,448,25.149188995361328
351,t2_b0,17,7,610,468,5.668834686279297
351,t2_b0,18,2,684,548,10.847779273986816
351,t2_b0,22,1,546,344,2.8930225372314453
351,t2_b0,24,5,636,548,6.960344314575195
351,t2_b0,29,1,555,468,3.884582757949829
351,t2_b0,32,1,564,472,38.215389251708984
351,t2_b0,33,1,542,532,26.742422103881836
351,t2_b0,35,5,706,588,7.698784828186035
351,t2_b0,40,5,575,592,7.187987804412842
351,t2_b0,45,1,597,480,17.154451370239258
351,t2_b0,50,1,563,496,42.81583023071289
351,t2_b0,53,1,514,396,18.690547943115234
351,t2_b0,54,5,672,508,24.111173629760742
352,t2_b0,4,5,645,508,4.732909679412842
352,t2_b0,7,5,530,380,3.809312105178833
352,t2_b0,21,5,517,436,4.558844089508057
352,t2_b0,27,5,622,436,2.5889158248901367
352,t2_b0,33,5,547,536,6.155854225158691
352,t2_b0,35,5,711,592,6.549761772155762
352,t2_b0,37,6,649,496,29.47068214416504
352,t2_b0,38,5,609,408,35.60301208496094
352,t2_b0,39,5,597,440,6.579026699066162
352,t2_b0,40,5,580,596,7.710445404052734
352,t2_b0,48,5,605,536,13.270740509033203
353,t2_b0,6,5,669,620,7.424428939819336
353,t2_b0,7,11,541,384,43.61326599121094
353,t2_b0,9,5,513,412,34.089385986328125
353,t2_b0,12,18,584,504,7.093278884887695
353,t2_b0,27,5,627,440,2.201597213745117
353,t2_b0,32,5,569,476,31.474729537963867
353,t2_b0,33,4,551,540,4.121882915496826
353,t2_b0,39,5,602,444,4.52260684967041
353,t2_b0,49,5,568,472,5.292777061462402
353,t2_b0,53,5,519,400,4.393400192260742
354,t2_b0,1,5,627,464,4.703939437866211
354,t2_b0,5,5,645,520,43.889404296875
354,t2_b0,26,5,545,388,14.54499340057373
354,t2_b0,29,5,560,472,6.093833923339844
354,t2_b0,35,1,712,596,2.460142135620117
354,t2_b0,50,5,568,500,5.553123474121094
355,t2_b0,13,5,668,564,5.590383529663086
355,t2_b0,15,10,561,452,3.4118053913116455
355,t2_b0,18,8,692,552,5.536873817443848
355,t2_b0,35,5,717,600,2.5980112552642822
355,t2_b0,49,10,578,476,5.306186199188232
355,t2_b0,52,5,606,492,3.737891674041748
355,t2_b0,58,5,610,476,22.622081756591797
356,t2_b0,2,5,596,460,4.042648792266846
356,t2_b0,9,1,514,416,44.59382247924805
356,t2_b0,10,6,583,436,2.9047043323516846
356,t2_b0,14,5,583,452,2.95603084564209
356,t2_b0,20,5,627,536,4.819527626037598
356,t2_b0,35,1,718,604,75.96315002441406
356,t2_b0,40,1,581,600,12.641284942626953
356,t2_b0,55,5,552,436,26.511554718017578
356,t2_b0,57,5,603,508,4.358509540557861
357,t2_b0,2,1,597,464,4.70756196975708
357,t2_b0,3,5,588,520,39.20170974731445
357,t2_b0,5,1,646,524,4.2719550132751465
357,t2_b0,6,3,672,624,8.602724075317383
357,t2_b0,8,5,617,556,79.57328796386719
357,t2_b0,9,5,519,420,4.41210412979126
357,t2_b0,22,1,547,348,3.576364517211914
357,t2_b0,30,1,607,452,4.618669033050537
357,t2_b0,35,5,723,608,7.866158962249756
357,t2_b0,39,5,607,448,31.361989974975586
357,t2_b0,40,5,586,604,20.611804962158203
357,t2_b0,44,5,685,640,7.922256946563721
357,t2_b0,47,1,700,596,41.42965316772461
357,t2_b0,53,1,520,404,20.81415367126465
358,t2_b0,19,5,614,400,4.786565780639648
358,t2_b0,28,5,557,456,6.565029621124268
358,t2_b0,34,5,543,400,43.52775573730469
358,t2_b0,55,5,557,440,6.662531852722168
359,t2_b0,3,1,589,524,8.30215072631836
359,t2_b0,13,5,673,568,4.036572456359863
359,t2_b0,14,10,593,456,23.202810287475586
359,t2_b0,21,5,522,440,6.9375200271606445
359,t2_b0,23,5,613,504,7.360642910003662
359,t2_b0,31,5,612,564,43.49072265625
359,t2_b0,32,1,570,480,36.721927642822266
359,t2_b0,35,1,724,612,4.323725700378418
359,t2_b0,42,10,521,428,3.875819444656372
360,t2_b0,4,5,650,512,2.4382500648498535
360,t2_b0,5,1,647,528,5.064469814300537
360,t2_b0,16,5,514,340,3.559826612472534
360,t2_b0,20,5,632,540,3.4012389183044434
360,t2_b0,22,1,548,352,14.38680362701416
360,t2_b0,25,5,617,424,3.308213472366333
360,t2_b0,29,1,561,476,7.280628681182861
360,t2_b0,35,5,729,616,4.890442371368408
360,t2_b0,36,5,625,484,4.532676696777344
360,t2_b0,45,1,598,484,3.3768887519836426
360,t2_b0,51,5,578,468,64.77024841308594
360,t2_b0,53,1,521,408,18.388256072998047
361,t2_b0,2,5,602,468,6.21031379699707
361,t2_b0,5,5,652,532,3.1283957958221436
361,t2_b0,11,5,489,308,6.5325493812561035
361,t2_b0,16,5,519,344,33.86087417602539
361,t2_b0,17,5,615,472,3.4463424682617188
361,t2_b0,22,1,549,356,3.9687349796295166
361,t2_b0,25,1,618,428,2.329519033432007
361,t2_b0,29,1,562,480,4.076637268066406
361,t2_b0,44,1,686,644,8.13364315032959
361,t2_b0,45,3,601,488,4.285607814788818
361,t2_b0,53,5,526,412,4.66855001449585
361,t2_b0,58,5,615,480,22.600980758666992
361,t2_b0,59,5,648,476,2.4726850986480713
362,t2_b0,1,1,628,468,21.27845001220703
362,t2_b0,2,1,603,472,54.92366027832031
362,t2_b0,21,5,527,444,63.60676193237305
362,t2_b0,32,6,576,484,7.317761421203613
362,t2_b0,37,5,654,500,3.6715104579925537
362,t2_b0,46,5,633,572,5.747646808624268
362,t2_b0,47,5,705,600,3.3599624633789062
362,t2_b0,48,5,610,540,25.553586959838867
362,t2_b0,59,5,653,480,3.339369773864746
363,t2_b0,3,5,594,528,5.131107330322266
363,t2_b0,7,5,546,388,2.981687545776367
363,t2_b0,12,5,589,508,6.657362937927246
363,t2_b0,33,5,556,544,6.536272048950195
363,t2_b0,39,5,612,452,29.37089729309082
363,t2_b0,54,5,677,512,6.419093132019043
364,t2_b0,12,5,594,512,4.5176825523376465
364,t2_b0,13,5,678,572,10.106234550476074
364,t2_b0,35,13,742,620,9.30849552154541
364,t2_b0,51,5,583,472,4.624194145202637
364,t2_b0,58,10,625,484,24.797693252563477
365,t2_b0,15,5,566,456,3.0082621574401855
365,t2_b0,18,5,697,556,8.765722274780273
365,t2_b0,27,5,632,444,3.2696094512939453
365,t2_b0,33,5,561,548,8.987661361694336
365,t2_b0,49,5,583,480,5.056213855743408
365,t2_b0,52,5,611,496,6.099161624908447
365,t2_b0,53,16,542,416,2.6092498302459717
365,t2_b0,55,5,562,444,10.647472381591797
365,t2_b0,56,6,644,512,6.3502726554870605
366,t2_b0,0,1,623,524,7.65108585357666
366,t2_b0,5,1,653,536,5.597054958343506
366,t2_b0,7,1,547,392,6.458767414093018
366,t2_b0,10,5,588,440,7.467261791229248
366,t2_b0,13,1,679,576,3.916215658187866
366,t2_b0,16,1,520,348,31.52353286743164
366,t2_b0,22,1,550,360,2.3046021461486816
366,t2_b0,23,1,614,508,2.509384870529175
366,t2_b0,30,1,608,456,6.3996992111206055
366,t2_b0,34,5,548,404,8.363404273986816
366,t2_b0,38,5,614,412,4.042871475219727
366,t2_b0,40,4,590,608,23.282032012939453
366,t2_b0,43,1,622,448,32.96417236328125
366,t2_b0,47,1,706,604,5.464055061340332
366,t2_b0,49,1,584,484,35.30219650268555
366,t2_b0,54,1,678,516,7.048832893371582
366,t2_b0,55,1,563,448,8.115506172180176
367,t2_b0,3,5,599,532,10.022648811340332
367,t2_b0,4,4,654,516,2.3168675899505615
367,t2_b0,6,5,677,628,7.945842266082764
367,t2_b0,11,5,494,312,5.144362449645996
367,t2_b0,23,5,619,512,2.556981325149536
367,t2_b0,31,5,617,568,5.035973072052002
367,t2_b0,50,1,569,504,2.1280384063720703
367,t2_b0,54,5,683,520,37.74502944946289
368,t2_b0,19,5,619,404,35.34124755859375
368,t2_b0,20,5,637,544,4.29820442199707
368,t2_b0,22,2,552,364,5.537868976593018
368,t2_b0,24,2,638,552,2.842583179473877
368,t2_b0,27,1,633,448,2.3978357315063477
368,t2_b0,28,5,562,460,5.198972225189209
368,t2_b0,31,5,622,572,6.093320846557617
368,t2_b0,34,5,553,408,41.27280044555664
368,t2_b0,47,5,711,608,5.336539268493652
368,t2_b0,52,5,616,500,3.8635499477386475
368,t2_b0,55,2,565,452,26.640705108642578
369,t2_b0,1,5,633,472,6.733541965484619
369,t2_b0,3,7,606,536,4.443876266479492
369,t2_b0,5,1,654,540,3.758622169494629
369,t2_b0,8,9,626,560,5.219581604003906
369,t2_b0,14,5,598,460,3.166569709777832
369,t2_b0,19,1,620,408,6.046742916107178
369,t2_b0,21,5,532,448,32.77374267578125
369,t2_b0,22,2,554,368,6.891867160797119
369,t2_b0,24,5,643,556,19.70746612548828
369,t2_b0,25,5,623,432,2.3577520847320557
369,t2_b0,42,5,526,432,21.435197830200195
369,t2_b0,43,5,627,452,28.256696701049805
369,t2_b0,49,5,589,488,6.795072555541992
369,t2_b0,54,5,688,524,6.610198974609375
369,t2_b0,57,4,607,512,32.708011627197266
370,t2_b0,0,1,624,528,4.884040832519531
370,t2_b0,2,5,608,476,4.5245819091796875
370,t2_b0,4,1,655,520,6.893760681152344
370,t2_b0,7,2,549,396,41.714134216308594
370,t2_b0,10,1,589,444,1.52057683467865
370,t2_b0,12,5,599,516,6.301688194274902
370,t2_b0,15,5,571,460,5.659041404724121
370,t2_b0,16,1,521,352,2.79335880279541
370,t2_b0,27,6,639,452,6.76425313949585
370,t2_b0,28,5,567,464,25.408214569091797
370,t2_b0,29,1,563,484,5.997562408447266
370,t2_b0,36,6,631,488,4.613129138946533
370,t2_b0,39,5,617,456,28.011131286621094
370,t2_b0,43,5,632,456,3.812626600265503
370,t2_b0,54,6,694,528,4.772686958312988
370,t2_b0,59,5,658,484,5.097594738006592
371,t2_b0,9,10,529,424,4.3317437171936035
371,t2_b0,11,5,499,316,17.607004165649414
371,t2_b0,20,5,642,548,4.251736640930176
371,t2_b0,25,5,628,436,3.9157040119171143
371,t2_b0,44,2,688,648,11.351183891296387
371,t2_b0,45,5,606,492,5.598611831665039
371,t2_b0,50,12,581,508,5.981202125549316
372,t2_b0,5,6,660,544,42.84114074707031
372,t2_b0,12,5,604,520,21.63228988647461
372,t2_b0,16,5,526,356,35.75059509277344
372,t2_b0,28,5,572,468,34.7418327331543
372,t2_b0,32,5,581,488,29.410507202148438
372,t2_b0,37,5,659,504,4.265267848968506
372,t2_b0,44,2,690,652,30.658605575561523
372,t2_b0,45,4,610,496,16.281898498535156
373,t2_b0,14,5,603,464,4.5309062004089355
373,t2_b0,15,1,572,464,6.90634822845459
373,t2_b0,21,5,537,452,33.11071014404297
373,t2_b0,30,5,613,460,26.929025650024414
373,t2_b0,41,3,572,448,14.898283004760742
373,t2_b0,42,1,527,436,6.776456832885742
373,t2_b0,51,1,584,476,38.23294448852539
374,t2_b0,4,1,656,524,4.50065803527832
374,t2_b0,7,5,554,400,3.3256547451019287
374,t2_b0,14,5,608,468,3.8069007396698
374,t2_b0,23,5,624,516,3.9533512592315674
374,t2_b0,29,1,564,488,6.49744176864624
374,t2_b0,31,6,628,576,8.51591968536377
374,t2_b0,35,5,747,624,39.43312072753906
374,t2_b0,43,2,634,460,57.8583869934082
374,t2_b0,44,2,692,656,8.192708969116211
374,t2_b0,46,5,638,576,1.9202301502227783
374,t2_b0,47,5,716,612,6.702356338500977
374,t2_b0,51,10,594,480,5.360780715942383
374,t2_b0,58,5,630,488,24.53744125366211
375,t2_b0,0,2,626,532,5.3191399574279785
375,t2_b0,4,2,658,528,59.53520965576172
375,t2_b0,13,8,687,580,25.682050704956055
375,t2_b0,18,5,702,560,9.51547622680664
375,t2_b0,22,1,555,372,7.35740327835083
375,t2_b0,29,5,569,492,5.7561492919921875
375,t2_b0,30,5,618,464,8.49442195892334
375,t2_b0,35,5,752,628,5.75408411026001
375,t2_b0,42,1,528,440,4.7596435546875
375,t2_b0,47,5,721,616,42.54631805419922
375,t2_b0,53,5,547,420,5.711681365966797
375,t2_b0,56,5,649,516,65.68724060058594
376,t2_b0,16,6,532,360,36.81775665283203
376,t2_b0,17,5,620,476,5.3727545738220215
376,t2_b0,22,7,562,376,4.596295356750488
376,t2_b0,32,5,586,492,29.856815338134766
376,t2_b0,38,10,624,416,20.02581787109375
376,t2_b0,40,5,595,612,6.2490644454956055
376,t2_b0,41,5,577,452,2.8896162509918213
376,t2_b0,46,5,643,580,3.12863826751709
376,t2_b0,59,11,669,488,21.601909637451172
377,t2_b0,2,5,613,480,6.190736770629883
377,t2_b0,6,5,682,632,6.00831413269043
377,t2_b0,7,6,560,404,7.125919818878174
377,t2_b0,11,5,504,320,17.269695281982422
377,t2_b0,14,5,613,472,2.5754597187042236
377,t2_b0,42,1,529,444,5.280058860778809
377,t2_b0,46,5,648,584,3.3759007453918457
378,t2_b0,0,5,631,536,7.781815052032471
378,t2_b0,1,5,638,476,5.677202224731445
378,t2_b0,4,5,663,532,2.712233304977417
378,t2_b0,18,3,705,564,6.182727336883545
378,t2_b0,25,7,635,440,3.227153778076172
378,t2_b0,34,5,558,412,18.67457389831543
378,t2_b0,38,5,629,420,7.257188320159912
378,t2_b0,40,4,599,616,5.798969745635986
378,t2_b0,55,3,568,456,7.101156234741211
379,t2_b0,0,1,632,540,9.152785301208496
379,t2_b0,1,5,643,480,4.379093170166016
379,t2_b0,3,5,611,540,7.410179615020752
379,t2_b0,6,5,687,636,10.206131935119629
379,t2_b0,8,5,631,564,7.644148826599121
379,t2_b0,17,6,626,480,39.77433776855469
379,t2_b0,19,5,625,412,7.177926540374756
379,t2_b0,23,2,626,520,7.94902229309082
379,t2_b0,24,5,648,560,5.548627853393555
379,t2_b0,35,1,753,632,4.7014312744140625
379,t2_b0,40,1,600,620,6.6971211433410645
379,t2_b0,42,1,530,448,5.201849460601807
379,t2_b0,49,5,594,492,3.5974981784820557
379,t2_b0,55,4,572,460,4.4557576179504395
379,t2_b0,57,5,612,516,13.423794746398926
380,t2_b0,10,2,591,448,40.15338134765625
380,t2_b0,11,1,505,324,4.283182621002197
380,t2_b0,15,1,573,468,3.113222122192383
380,t2_b0,26,5,550,392,38.066261291503906
380,t2_b0,27,5,644,456,40.48989486694336
380,t2_b0,29,1,570,496,21.211862564086914
380,t2_b0,36,5,636,492,5.028188228607178
380,t2_b0,42,1,531,452,4.672663688659668
380,t2_b0,44,1,693,660,8.351092338562012
380,t2_b0,45,3,613,500,15.283537864685059
380,t2_b0,47,1,722,620,4.22348165512085
380,t2_b0,54,5,699,532,6.9448137283325195
380,t2_b0,55,1,573,464,4.580375671386719
380,t2_b0,57,1,613,520,34.95568084716797
381,t2_b0,9,5,534,428,3.445490837097168
381,t2_b0,15,1,574,472,22.15725326538086
381,t2_b0,20,5,647,552,8.609052658081055
381,t2_b0,27,1,645,460,3.4135689735412598
381,t2_b0,37,1,660,508,46.1251220703125
381,t2_b0,39,5,622,460,21.60017967224121
381,t2_b0,40,2,602,624,25.07688331604004
381,t2_b0,46,5,653,588,4.350643634796143
381,t2_b0,47,5,727,624,3.349520683288574
381,t2_b0,49,5,599,496,33.79209518432617
381,t2_b0,50,5,586,512,34.80295944213867
381,t2_b0,54,2,701,536,6.386536598205566
382,t2_b0,0,2,634,544,7.7101850509643555
382,t2_b0,3,1,612,544,7.438657760620117
382,t2_b0,4,2,665,536,4.504012584686279
382,t2_b0,5,5,665,548,7.503464698791504
382,t2_b0,6,1,688,640,8.56876277923584
382,t2_b0,11,2,507,328,3.9586374759674072
382,t2_b0,12,1,605,524,7.695687770843506
382,t2_b0,14,1,614,476,2.492103099822998
382,t2_b0,20,1,648,556,4.728186130523682
382,t2_b0,23,2,628,524,5.21728515625
382,t2_b0,24,5,653,564,5.294503211975098
382,t2_b0,26,5,555,396,11.615196228027344
382,t2_b0,28,5,577,472,56.011993408203125
382,t2_b0,29,5,575,500,29.990270614624023
382,t2_b0,30,1,619,468,27.428634643554688
382,t2_b0,32,1,587,496,2.6752541065216064
382,t2_b0,33,1,562,552,4.327981948852539
382,t2_b0,34,1,559,416,40.19377136230469
382,t2_b0,37,5,665,512,3.046814203262329
382,t2_b0,40,1,603,628,18.941265106201172
382,t2_b0,41,1,578,456,38.04256820678711
382,t2_b0,43,5,639,464,4.364658355712891
382,t2_b0,47,5,732,628,5.436683654785156
382,t2_b0,48,1,611,544,22.568708419799805
382,t2_b0,53,1,548,424,38.77173614501953
382,t2_b0,58,1,631,492,4.0243682861328125
383,t2_b0,2,2,615,484,8.70751953125
383,t2_b0,12,2,607,528,18.643115997314453
383,t2_b0,14,5,619,480,25.45333480834961
383,t2_b0,21,5,542,456,3.31288743019104
383,t2_b0,23,5,633,528,3.5558712482452393
383,t2_b0,40,6,609,632,4.8825764656066895
383,t2_b0,43,1,640,468,4.490448474884033
383,t2_b0,44,5,698,664,28.231849670410156
383,t2_b0,52,5,621,504,7.7193756103515625
383,t2_b0,55,5,578,468,10.499733924865723
383,t2_b0,56,5,654,520,38.688499450683594
383,t2_b0,57,5,618,524,32.235164642333984
384,t2_b0,3,5,617,548,5.781237602233887
384,t2_b0,11,5,512,332,7.455954551696777
384,t2_b0,15,1,575,476,2.9566519260406494
384,t2_b0,31,5,633,580,5.480836391448975
384,t2_b0,32,1,588,500,2.315751314163208
384,t2_b0,33,1,563,556,26.150148391723633
384,t2_b0,41,1,579,460,2.980161666870117
384,t2_b0,46,1,654,592,7.444331169128418
384,t2_b0,50,1,587,516,49.81382751464844
384,t2_b0,51,5,599,484,24.946943283081055
384,t2_b0,53,1,549,428,2.270298957824707
384,t2_b0,54,1,702,540,6.208083152770996
385,t2_b0,2,5,620,488,4.882428169250488
385,t2_b0,13,5,692,584,4.867155075073242
385,t2_b0,19,5,630,416,4.987761497497559
385,t2_b0,30,5,624,472,6.130851745605469
385,t2_b0,37,5,670,516,3.664769411087036
386,t2_b0,1,4,647,484,16.92940902709961
386,t2_b0,16,5,537,364,8.739376068115234
386,t2_b0,21,5,547,460,34.34638977050781
386,t2_b0,22,5,567,380,3.6255173683166504
386,t2_b0,27,5,650,464,2.5722312927246094
386,t2_b0,35,5,758,636,5.056756496429443
386,t2_b0,53,8,557,432,6.204170227050781
386,t2_b0,59,5,674,492,25.568326950073242
387,t2_b0,0,5,639,548,7.145626068115234
387,t2_b0,2,5,625,492,4.041150093078613
387,t2_b0,3,1,618,552,11.79768180847168
387,t2_b0,7,5,565,408,3.518087387084961
387,t2_b0,11,5,517,336,18.64920997619629
387,t2_b0,14,1,620,484,2.056087017059326
387,t2_b0,15,1,576,480,3.5867202281951904
387,t2_b0,22,1,568,384,3.08829665184021
387,t2_b0,32,1,589,504,35.16243362426758
387,t2_b0,33,1,564,560,4.5242018699646
387,t2_b0,36,1,637,496,6.138042449951172
387,t2_b0,41,3,582,464,2.539386034011841
387,t2_b0,42,5,536,456,5.971697807312012
387,t2_b0,46,5,659,596,36.49687194824219
387,t2_b0,48,1,612,548,14.048972129821777
387,t2_b0,50,1,588,520,31.37053108215332
387,t2_b0,54,1,703,544,4.942722320556641
388,t2_b0,2,6,631,496,8.977203369140625
388,t2_b0,3,5,623,556,8.954992294311523
388,t2_b0,18,5,710,568,35.40576171875
388,t2_b0,25,5,640,444,2.9765806198120117
388,t2_b0,38,5,634,424,6.722417831420898
388,t2_b0,43,5,645,472,6.731091499328613
388,t2_b0,52,5,626,508,27.160320281982422
388,t2_b0,56,13,667,524,4.726738452911377
388,t2_b0,59,5,679,496,22.52138900756836
389,t2_b0,0,1,640,552,7.809527397155762
389,t2_b0,4,5,670,540,1.7330588102340698
389,t2_b0,6,1,689,644,22.843107223510742
389,t2_b0,9,5,539,432,5.785202503204346
389,t2_b0,11,1,518,340,6.660304546356201
389,t2_b0,17,5,631,484,37.93754577636719
389,t2_b0,23,1,634,532,8.102211952209473
389,t2_b0,28,1,578,476,8.094782829284668
389,t2_b0,29,1,576,504,9.746932029724121
389,t2_b0,30,16,640,476,3.6549758911132812
389,t2_b0,41,2,584,468,3.9152162075042725
389,t2_b0,43,1,646,476,10.035162925720215
389,t2_b0,46,1,660,600,3.976231336593628
389,t2_b0,47,1,733,632,7.076479911804199
389,t2_b0,49,1,600,500,3.3125171661376953
389,t2_b0,51,2,601,488,6.225809097290039
389,t2_b0,57,5,623,528,5.922966480255127
390,t2_b0,4,1,671,544,3.8660919666290283
390,t2_b0,10,5,596,452,1.9967530965805054
390,t2_b0,13,1,693,588,22.553266525268555
390,t2_b0,15,5,581,484,4.669453144073486
390,t2_b0,42,5,541,460,4.9143524169921875
390,t2_b0,45,5,618,504,3.4470298290252686
390,t2_b0,51,5,606,492,12.646355628967285
391,t2_b0,5,1,666,552,7.539741516113281
391,t2_b0,7,1,566,412,5.997872352600098
391,t2_b0,13,1,694,592,4.009861946105957
391,t2_b0,20,1,649,560,4.602118968963623
391,t2_b0,22,5,573,388,3.2382090091705322
391,t2_b0,24,1,654,568,5.68065881729126
391,t2_b0,45,1,619,508,4.4907755851745605
391,t2_b0,46,5,665,604,28.49773406982422
391,t2_b0,50,5,593,524,3.8928048610687256
391,t2_b0,52,1,627,512,5.35504150390625
392,t2_b0,4,6,677,548,6.227448463439941
392,t2_b0,5,5,671,556,40.01480484008789
392,t2_b0,7,5,571,416,5.115596771240234
392,t2_b0,10,5,601,456,16.514739990234375
392,t2_b0,13,1,695,596,3.3519957065582275
392,t2_b0,15,10,591,488,21.845081329345703
392,t2_b0,24,1,655,572,22.411542892456055
392,t2_b0,26,5,560,400,4.55572509765625
392,t2_b0,29,5,581,508,4.694080352783203
392,t2_b0,36,5,642,500,35.91769790649414
392,t2_b0,50,1,594,528,62.385284423828125
392,t2_b0,52,5,632,516,9.104352951049805
392,t2_b0,55,1,579,472,6.065118312835693
393,t2_b0,11,5,523,344,19.526611328125
393,t2_b0,12,5,612,532,44.85858917236328
393,t2_b0,13,2,697,600,4.403873920440674
393,t2_b0,20,2,651,564,5.346802711486816
393,t2_b0,33,5,569,564,29.125232696533203
393,t2_b0,40,5,614,636,5.808513641357422
393,t2_b0,43,5,651,480,3.6607284545898438
393,t2_b0,44,10,708,668,4.73816442489624
393,t2_b0,51,1,607,496,4.536646842956543
393,t2_b0,54,13,716,548,62.944862365722656
393,t2_b0,58,5,636,496,3.356968402862549
394,t2_b0,6,5,694,648,46.578285217285156
394,t2_b0,24,3,658,576,6.741900444030762
394,t2_b0,32,5,594,508,5.138584136962891
394,t2_b0,33,1,570,568,5.555010795593262
394,t2_b0,40,5,619,640,22.89895248413086
394,t2_b0,57,5,628,532,7.110466480255127
395,t2_b0,20,2,653,568,43.55850601196289
395,t2_b0,25,5,645,448,2.770905017852783
395,t2_b0,26,5,565,404,3.7185585498809814
395,t2_b0,36,5,647,504,10.37371826171875
395,t2_b0,37,5,675,520,32.80767822265625
395,t2_b0,40,3,622,644,9.447738647460938
395,t2_b0,51,3,610,500,6.210737228393555
395,t2_b0,52,5,637,520,53.529930114746094
396,t2_b0,1,10,657,488,4.261175155639648
396,t2_b0,12,5,617,536,24.860082626342773
396,t2_b0,17,1,632,488,4.935096263885498
396,t2_b0,18,5,715,572,11.863815307617188
396,t2_b0,26,5,570,408,38.944759368896484
396,t2_b0,39,10,632,464,4.837038993835449
396,t2_b0,49,5,605,504,5.077366352081299
396,t2_b0,53,5,562,436,4.195950984954834
396,t2_b0,57,5,633,536,6.725004196166992
397,t2_b0,12,1,618,540,6.68052339553833
397,t2_b0,14,5,625,488,3.2141432762145996
397,t2_b0,19,5,635,420,5.586889743804932
397,t2_b0,24,6,664,580,6.00424337387085
397,t2_b0,31,3,636,584,5.658192157745361
397,t2_b0,33,2,572,572,42.299774169921875
397,t2_b0,38,5,639,428,5.886029243469238
397,t2_b0,48,5,617,552,7.751410484313965
397,t2_b0,52,5,642,524,9.90440559387207
397,t2_b0,59,1,680,500,4.5087809562683105
398,t2_b0,2,5,636,500,44.95025634765625
398,t2_b0,6,5,699,652,19.45566177368164
398,t2_b0,8,5,636,568,5.800121307373047
398,t2_b0,12,5,623,544,8.67348861694336
398,t2_b0,22,5,578,392,7.006567001342773
398,t2_b0,32,1,595,512,4.295093536376953
398,t2_b0,34,11,570,420,31.43455696105957
398,t2_b0,50,4,598,532,6.896337032318115
398,t2_b0,52,7,649,528,4.100255966186523
398,t2_b0,56,5,672,528,14.72761344909668
399,t2_b0,11,1,524,348,5.413629531860352
399,t2_b0,27,1,651,468,39.421478271484375
399,t2_b0,29,2,583,512,4.6612443923950195
399,t2_b0,30,5,645,480,12.143253326416016
399,t2_b0,32,1,596,516,2.5198917388916016
399,t2_b0,41,5,589,472,3.1483094692230225
399,t2_b0,43,5,656,484,40.88029098510742
399,t2_b0,46,1,666,608,2.7812271118164062
399,t2_b0,47,5,738,636,15.40220832824707
399,t2_b0,49,7,612,508,6.885035991668701
400,t2_b0,0,1,641,556,6.708033084869385
400,t2_b0,3,2,625,560,6.460174083709717
400,t2_b0,6,1,700,656,8.534037590026855
400,t2_b0,8,5,641,572,6.831735610961914
400,t2_b0,11,1,525,352,17.395143508911133
400,t2_b0,12,2,625,548,6.469303607940674
400,t2_b0,13,5,702,604,23.122211456298828
400,t2_b0,17,2,634,492,4.46530818939209
400,t2_b0,23,5,639,536,5.46793270111084
400,t2_b0,26,5,575,412,5.912806510925293
400,t2_b0,28,2,580,480,3.5603644847869873
400,t2_b0,31,1,637,588,9.717106819152832
400,t2_b0,40,1,623,648,4.350271701812744
400,t2_b0,42,5,546,464,6.342428684234619
400,t2_b0,45,5,624,512,3.6095330715179443
400,t2_b0,46,1,667,612,7.572002410888672
400,t2_b0,57,5,638,540,29.545442581176758
400,t2_b0,59,1,681,504,5.23508358001709
401,t2_b0,0,5,646,560,6.126493453979492
401,t2_b0,23,6,645,540,34.6402587890625
401,t2_b0,33,12,584,576,4.057624340057373
401,t2_b0,37,5,680,524,4.645341873168945
401,t2_b0,38,5,644,432,21.160846710205078
401,t2_b0,51,5,615,504,6.233889579772949
401,t2_b0,57,5,643,544,38.71445846557617
402,t2_b0,4,5,682,552,28.330530166625977
402,t2_b0,9,5,544,436,3.4193880558013916
402,t2_b0,15,5,596,492,3.2796592712402344
402,t2_b0,16,1,538,368,4.157028675079346
402,t2_b0,21,5,552,464,3.859532594680786
402,t2_b0,29,5,588,516,6.855828762054443
402,t2_b0,32,2,598,520,27.401437759399414
402,t2_b0,35,5,763,640,8.278653144836426
402,t2_b0,56,5,677,532,4.339944362640381
403,t2_b0,0,5,651,564,6.263275623321533
403,t2_b0,3,1,626,564,8.245221138000488
403,t2_b0,5,1,672,560,24.408214569091797
403,t2_b0,7,1,572,420,4.441662788391113
403,t2_b0,12,5,630,552,7.583490371704102
403,t2_b0,15,1,597,496,3.57932710647583
403,t2_b0,20,1,654,572,5.074342250823975
403,t2_b0,21,10,562,468,34.283164978027344
403,t2_b0,31,4,641,592,5.445718288421631
403,t2_b0,35,3,766,644,6.2044901847839355
403,t2_b0,37,1,681,528,8.54802131652832
403,t2_b0,40,2,625,652,6.701389789581299
403,t2_b0,44,5,713,672,11.820340156555176
403,t2_b0,45,1,625,516,39.08667755126953
403,t2_b0,47,1,739,640,7.558325290679932
403,t2_b0,54,5,721,552,4.9546799659729
403,t2_b0,58,5,641,500,24.097558975219727
403,t2_b0,59,3,684,508,3.803924560546875
404,t2_b0,0,11,662,568,19.729610443115234
404,t2_b0,3,1,627,568,7.258742332458496
404,t2_b0,5,5,677,564,2.8096444606781006
404,t2_b0,6,1,701,660,16.30029296875
404,t2_b0,8,5,646,576,45.86418533325195
404,t2_b0,10,5,606,460,3.180781841278076
404,t2_b0,11,1,526,356,15.770726203918457
404,t2_b0,14,1,626,492,4.822611331939697
404,t2_b0,30,5,650,484,5.913214683532715
404,t2_b0,43,5,661,488,7.180032253265381
404,t2_b0,46,1,668,616,34.423641204833984
404,t2_b0,48,1,618,556,7.579169750213623
405,t2_b0,5,5,682,568,7.666286945343018
405,t2_b0,12,5,635,556,6.397417068481445
405,t2_b0,30,5,655,488,5.637882709503174
405,t2_b0,35,1,767,648,36.92148208618164
405,t2_b0,56,1,678,536,30.481658935546875
406,t2_b0,1,5,662,492,5.191681385040283
406,t2_b0,3,5,632,572,37.005767822265625
406,t2_b0,6,1,702,664,30.608301162719727
406,t2_b0,8,13,659,580,5.851578235626221
406,t2_b0,15,5,602,500,22.671165466308594
406,t2_b0,20,1,655,576,5.115988254547119
406,t2_b0,25,5,650,452,2.421113967895508
406,t2_b0,35,5,772,652,3.7586123943328857
406,t2_b0,39,5,637,468,4.083062171936035
406,t2_b0,40,5,630,656,5.482730865478516
406,t2_b0,42,1,547,468,20.048322677612305
406,t2_b0,46,1,669,620,4.454266548156738
406,t2_b0,51,1,616,508,9.83931827545166
407,t2_b0,4,5,687,556,5.662808895111084
407,t2_b0,6,1,703,668,7.049408435821533
407,t2_b0,11,5,531,360,6.559548377990723
407,t2_b0,19,5,640,424,9.177974700927734
407,t2_b0,24,5,669,584,3.4766650199890137
407,t2_b0,29,1,589,520,3.0760645866394043
407,t2_b0,35,2,774,656,5.47049617767334
407,t2_b0,41,5,594,476,2.745678186416626
407,t2_b0,44,1,714,676,30.188146591186523
407,t2_b0,46,1,670,624,3.679901599884033
407,t2_b0,54,1,722,556,3.9694154262542725
407,t2_b0,59,5,689,512,33.58112716674805
408,t2_b0,3,10,642,576,6.653172492980957
408,t2_b0,7,1,573,424,5.066146373748779
408,t2_b0,15,5,607,504,4.19527530670166
408,t2_b0,18,5,720,576,14.099037170410156
408,t2_b0,20,1,656,580,7.5405354499816895
408,t2_b0,22,5,583,396,13.350083351135254
408,t2_b0,26,5,580,416,27.51432228088379
408,t2_b0,27,5,656,472,3.4738426208496094
408,t2_b0,30,1,656,492,5.439990997314453
408,t2_b0,34,5,575,424,7.645388603210449
408,t2_b0,35,5,779,660,6.774725437164307
408,t2_b0,37,6,687,532,3.373102903366089
408,t2_b0,42,1,548,472,4.836360454559326
408,t2_b0,45,1,626,520,4.8103532791137695
408,t2_b0,49,10,622,512,36.33364486694336
408,t2_b0,50,5,603,536,4.278069496154785
408,t2_b0,51,1,617,512,4.46906852722168
408,t2_b0,52,5,654,532,8.318652153015137
408,t2_b0,55,2,581,476,46.33418273925781
408,t2_b0,57,1,644,548,5.687486171722412
408,t2_b0,58,5,646,504,4.558990001678467
409,t2_b0,7,5,578,428,4.979857444763184
409,t2_b0,27,5,661,476,3.646242618560791
409,t2_b0,35,5,784,664,5.025313854217529
409,t2_b0,39,5,642,472,28.57234764099121
409,t2_b0,44,5,719,680,9.888049125671387
409,t2_b0,50,5,608,540,6.300994873046875
410,t2_b0,1,1,663,496,41.44707107543945
410,t2_b0,4,5,692,560,35.8770866394043
410,t2_b0,6,13,716,672,7.520988464355469
410,t2_b0,10,5,611,464,17.355083465576172
410,t2_b0,11,1,532,364,21.995941162109375
410,t2_b0,17,5,639,496,5.332091331481934
410,t2_b0,25,1,651,456,47.562950134277344
410,t2_b0,28,5,585,484,5.7886247634887695
410,t2_b0,29,1,590,524,5.494451522827148
410,t2_b0,32,5,603,524,2.67240571975708
410,t2_b0,41,2,596,480,3.26418399810791
410,t2_b0,46,5,675,628,5.007173538208008
411,t2_b0,11,1,533,368,4.972873210906982
411,t2_b0,14,5,631,496,64.84847259521484
411,t2_b0,22,5,588,400,3.1288719177246094
411,t2_b0,23,5,650,544,13.630244255065918
411,t2_b0,28,5,590,488,35.75484848022461
411,t2_b0,29,1,591,528,6.179147243499756
411,t2_b0,31,1,642,596,32.31460189819336
411,t2_b0,33,5,589,580,8.098234176635742
411,t2_b0,34,2,577,428,41.08786392211914
411,t2_b0,36,5,652,508,4.4147186279296875
411,t2_b0,38,1,645,436,39.14684295654297
411,t2_b0,40,1,631,660,6.066107749938965
411,t2_b0,44,1,720,684,9.9815034866333
411,t2_b0,46,14,689,632,4.143111228942871
411,t2_b0,48,6,624,560,6.0506134033203125
411,t2_b0,51,5,622,516,25.3365535736084
412,t2_b0,9,1,545,440,24.36375617980957
412,t2_b0,14,1,632,500,4.016148567199707
412,t2_b0,16,5,543,372,6.596447944641113
412,t2_b0,18,5,725,580,13.329832077026367
412,t2_b0,23,1,651,548,4.994301795959473
412,t2_b0,31,2,644,600,43.48941421508789
412,t2_b0,35,5,789,668,6.948582649230957
412,t2_b0,40,5,636,664,11.754505157470703
412,t2_b0,42,10,558,476,3.6981184482574463
412,t2_b0,44,5,725,688,8.47065258026123
412,t2_b0,45,5,631,524,3.8635032176971436
412,t2_b0,57,1,645,552,7.239392280578613
412,t2_b0,58,1,647,508,7.340603351593018
412,t2_b0,59,1,690,516,2.8942525386810303
413,t2_b0,4,5,697,564,32.77536392211914
413,t2_b0,20,1,657,584,4.983282089233398
413,t2_b0,21,5,567,472,5.549605846405029
413,t2_b0,31,5,649,604,4.512320518493652
413,t2_b0,35,1,790,672,2.6871161460876465
414,t2_b0,0,6,668,572,8.95307731628418
414,t2_b0,2,5,641,504,3.433077812194824
414,t2_b0,11,1,534,372,5.366499423980713
414,t2_b0,21,5,572,476,4.5882954597473145
414,t2_b0,27,6,667,480,3.2608742713928223
414,t2_b0,29,1,592,532,8.907720565795898
414,t2_b0,31,1,650,608,6.872183322906494
414,t2_b0,36,5,657,512,8.474809646606445
414,t2_b0,40,5,641,668,19.209379196166992
414,t2_b0,43,5,666,492,6.5701751708984375
414,t2_b0,47,5,744,644,2.441720485687256
414,t2_b0,59,1,691,520,21.532636642456055
415,t2_b0,2,5,646,508,29.233020782470703
415,t2_b0,5,5,687,572,4.13918399810791
415,t2_b0,11,2,536,376,5.61470890045166
415,t2_b0,12,5,640,560,6.397207260131836
415,t2_b0,16,5,548,376,6.632753372192383
415,t2_b0,22,5,593,404,37.78911209106445
415,t2_b0,24,5,674,588,2.942737340927124
415,t2_b0,25,5,656,460,2.715822696685791
415,t2_b0,31,1,651,612,7.016992568969727
415,t2_b0,40,5,646,672,5.830131530761719
415,t2_b0,43,3,669,496,4.845294952392578
415,t2_b0,51,2,624,520,12.556038856506348
415,t2_b0,56,5,683,540,30.736263275146484
416,t2_b0,1,5,668,500,4.254886150360107
416,t2_b0,5,1,688,576,7.995043754577637
416,t2_b0,8,5,664,584,3.8321516513824463
416,t2_b0,9,3,548,444,6.344746112823486
416,t2_b0,14,3,635,504,4.52832555770874
416,t2_b0,22,5,598,408,4.826097011566162
416,t2_b0,23,3,654,552,13.429176330566406
416,t2_b0,28,5,595,492,4.459601879119873
416,t2_b0,31,19,670,616,8.70423698425293
416,t2_b0,34,3,580,432,5.6279683113098145
416,t2_b0,38,1,646,440,5.501828670501709
416,t2_b0,40,2,648,676,17.63374137878418
416,t2_b0,43,5,674,500,4.693793296813965
416,t2_b0,44,10,735,692,6.396247863769531
416,t2_b0,50,1,609,544,4.777772903442383
416,t2_b0,53,1,563,440,3.545241355895996
416,t2_b0,56,1,684,544,4.718426704406738
416,t2_b0,58,3,650,512,4.663154602050781
416,t2_b0,59,5,696,524,3.447601079940796
417,t2_b0,12,5,645,564,21.274675369262695
417,t2_b0,13,5,707,608,37.21441650390625
417,t2_b0,14,1,636,508,26.748958587646484
417,t2_b0,18,5,730,584,20.516965866088867
417,t2_b0,21,5,577,480,31.90086555480957
417,t2_b0,23,1,655,556,5.875346660614014
417,t2_b0,34,1,581,436,7.281702518463135
417,t2_b0,40,1,649,680,7.306734561920166
417,t2_b0,43,5,679,504,8.763826370239258
417,t2_b0,47,5,749,648,4.0660295486450195
417,t2_b0,50,5,614,548,6.048101425170898
417,t2_b0,54,5,727,560,7.369302749633789
417,t2_b0,56,1,685,548,4.871857643127441
417,t2_b0,58,5,655,516,4.994489669799805
417,t2_b0,59,2,698,528,2.3887104988098145
418,t2_b0,1,1,669,504,4.273886203765869
418,t2_b0,3,5,647,580,8.878166198730469
418,t2_b0,4,1,698,568,4.963907718658447
418,t2_b0,9,5,553,448,6.286952495574951
418,t2_b0,14,5,641,512,3.2485909461975098
418,t2_b0,20,1,658,588,3.539797067642212
418,t2_b0,22,1,599,412,4.8807830810546875
418,t2_b0,23,5,660,560,3.2772932052612305
418,t2_b0,25,2,658,464,31.67180061340332
418,t2_b0,29,5,597,536,5.977548122406006
418,t2_b0,33,5,594,584,5.9142351150512695
418,t2_b0,34,1,582,440,5.888107776641846
418,t2_b0,37,5,692,536,4.398275375366211
418,t2_b0,40,5,654,684,26.232362747192383
418,t2_b0,43,5,684,508,7.054483890533447
418,t2_b0,45,5,636,528,8.900664329528809
418,t2_b0,47,6,755,652,6.988027095794678
418,t2_b0,49,5,627,516,42.063987731933594
418,t2_b0,55,5,586,480,27.008026123046875
418,t2_b0,58,1,656,520,4.938671112060547
419,t2_b0,4,1,699,572,3.5521342754364014
419,t2_b0,7,5,583,432,5.0842390060424805
419,t2_b0,10,2,613,468,7.308854579925537
419,t2_b0,15,2,609,508,4.947182655334473
419,t2_b0,20,2,660,592,2.7172203063964844
419,t2_b0,33,5,599,588,7.484023094177246
419,t2_b0,59,1,699,532,21.776403427124023
420,t2_b0,6,5,721,676,5.991710662841797
420,t2_b0,7,5,588,436,4.488222122192383
420,t2_b0,13,5,712,612,8.464588165283203
420,t2_b0,14,8,649,516,3.903404474258423
420,t2_b0,19,11,651,428,7.38730525970459
420,t2_b0,22,2,601,416,3.2186856269836426
420,t2_b0,26,5,585,420,29.65780258178711
420,t2_b0,28,1,596,496,3.797374725341797
420,t2_b0,30,5,661,496,4.883060932159424
420,t2_b0,32,5,608,528,3.1531293392181396
420,t2_b0,34,1,583,444,5.187009811401367
420,t2_b0,40,1,655,688,10.232884407043457
420,t2_b0,41,5,601,484,2.376166582107544
420,t2_b0,45,5,641,532,5.374881744384766
420,t2_b0,58,4,660,524,4.986833572387695
420,t2_b0,59,2,701,536,4.292168140411377
421,t2_b0,4,6,705,576,1.9651670455932617
421,t2_b0,6,5,726,680,7.698997974395752
421,t2_b0,8,2,666,588,50.46883773803711
421,t2_b0,9,1,554,452,6.929487705230713
421,t2_b0,23,1,661,564,18.81955909729004
421,t2_b0,24,5,679,592,4.234531402587891
421,t2_b0,34,2,585,448,20.148563385009766
421,t2_b0,39,5,647,476,51.19596481323242
421,t2_b0,46,5,694,636,7.260640621185303
421,t2_b0,48,5,629,564,3.6323156356811523
421,t2_b0,53,5,568,444,4.30324649810791
422,t2_b0,2,5,651,512,9.307038307189941
422,t2_b0,16,5,553,380,3.379180431365967
422,t2_b0,22,5,606,420,2.113349676132202
422,t2_b0,30,1,662,500,11.81393814086914
422,t2_b0,42,5,563,480,4.5873026847839355
422,t2_b0,43,1,685,512,3.3861260414123535
422,t2_b0,50,5,619,552,3.2517151832580566
422,t2_b0,54,5,732,564,34.61838150024414
422,t2_b0,57,5,650,556,9.684459686279297
422,t2_b0,59,1,702,540,23.83005142211914
423,t2_b0,1,1,670,508,3.2441837787628174
423,t2_b0,7,5,593,440,42.28350830078125
423,t2_b0,15,1,610,512,2.5032763481140137
423,t2_b0,17,1,640,500,38.095706939697266
423,t2_b0,21,1,578,484,5.037355899810791
423,t2_b0,24,5,684,596,3.88451886177063
423,t2_b0,35,5,795,676,37.07479476928711
423,t2_b0,36,11,668,516,8.794023513793945
423,t2_b0,40,5,660,692,9.026278495788574
423,t2_b0,48,1,630,568,3.3068370819091797
424,t2_b0,0,5,673,576,22.042016983032227
424,t2_b0,1,5,675,512,4.9687604904174805
424,t2_b0,3,2,649,584,22.689699172973633
424,t2_b0,18,1,731,588,12.597636222839355
424,t2_b0,21,5,583,488,4.747717380523682
424,t2_b0,27,5,672,484,3.8768808841705322
424,t2_b0,28,6,602,500,5.611790657043457
424,t2_b0,48,5,635,572,3.1072890758514404
425,t2_b0,1,1,676,516,4.098030090332031
425,t2_b0,10,2,615,472,3.75469970703125
425,t2_b0,11,5,541,380,19.47695541381836
425,t2_b0,17,1,641,504,7.332150936126709
425,t2_b0,20,3,663,596,3.3291547298431396
425,t2_b0,23,5,666,568,4.610116004943848
425,t2_b0,34,15,600,452,4.268744468688965
425,t2_b0,39,1,648,480,30.366863250732422
425,t2_b0,45,1,642,536,6.778934478759766
425,t2_b0,48,1,636,576,4.885180950164795
425,t2_b0,51,5,629,524,6.213504791259766
425,t2_b0,57,1,651,560,8.761012077331543
426,t2_b0,9,1,555,456,23.83025360107422
426,t2_b0,11,5,546,384,5.853738307952881
426,t2_b0,31,5,675,620,7.535652160644531
426,t2_b0,33,5,604,592,10.160097122192383
426,t2_b0,35,5,800,680,36.62155532836914
426,t2_b0,40,1,661,696,13.687284469604492
426,t2_b0,43,5,690,516,30.556110382080078
426,t2_b0,44,5,740,696,7.429269790649414
426,t2_b0,46,5,699,640,4.919095993041992
426,t2_b0,56,1,686,552,3.850804090499878
426,t2_b0,59,1,703,544,5.840256690979004
427,t2_b0,1,5,681,520,4.307061672210693
427,t2_b0,17,1,642,508,24.306934356689453
427,t2_b0,24,3,687,600,4.302031517028809
427,t2_b0,39,1,649,484,4.1624555587768555
427,t2_b0,45,1,643,540,3.967332363128662
427,t2_b0,48,1,637,580,5.3134765625
428,t2_b0,1,6,687,524,7.336147308349609
428,t2_b0,5,5,693,580,4.948222637176514
428,t2_b0,6,5,731,684,9.722368240356445
428,t2_b0,7,5,598,444,4.690526008605957
428,t2_b0,18,8,739,592,6.759858131408691
428,t2_b0,25,5,663,468,31.422216415405273
428,t2_b0,29,5,602,540,5.50878381729126
428,t2_b0,37,5,697,540,20.959026336669922
428,t2_b0,47,5,760,656,6.7406792640686035
428,t2_b0,50,1,620,556,4.22156286239624
428,t2_b0,52,5,659,536,5.114084720611572
428,t2_b0,59,5,708,548,3.290548086166382
429,t2_b0,2,2,653,516,5.872314929962158
429,t2_b0,6,5,736,688,6.929854393005371
429,t2_b0,9,1,556,460,34.21196746826172
429,t2_b0,13,1,713,616,4.474445343017578
429,t2_b0,30,1,663,504,7.323459625244141
429,t2_b0,32,1,609,532,3.1935830116271973
429,t2_b0,40,1,662,700,9.612019538879395
429,t2_b0,43,6,696,520,7.065237522125244
429,t2_b0,48,5,642,584,7.39237117767334
429,t2_b0,55,5,591,484,6.405080795288086
429,t2_b0,57,2,653,564,5.935149192810059
430,t2_b0,14,5,654,520,4.24180269241333
430,t2_b0,19,5,656,432,5.470226287841797
430,t2_b0,21,1,584,492,51.95531463623047
430,t2_b0,26,5,590,424,4.174103260040283
430,t2_b0,29,5,607,544,10.710330963134766
430,t2_b0,38,5,651,444,6.231256008148193
430,t2_b0,39,1,650,488,5.137065410614014
430,t2_b0,55,5,596,488,5.256165981292725
430,t2_b0,58,5,665,528,4.692785739898682
431,t2_b0,0,5,678,580,7.910696029663086
431,t2_b0,4,5,710,580,3.0299906730651855
431,t2_b0,5,5,698,584,7.432043075561523
431,t2_b0,16,6,559,384,34.0026969909668
431,t2_b0,17,5,647,512,24.047332763671875
431,t2_b0,44,1,741,700,8.377067565917969
431,t2_b0,46,1,700,644,38.6617317199707
431,t2_b0,51,5,634,528,52.16802215576172
431,t2_b0,53,5,573,448,3.0710277557373047
431,t2_b0,57,1,654,568,7.024803161621094
432,t2_b0,4,2,712,584,3.965019702911377
432,t2_b0,8,1,667,592,6.660947799682617
432,t2_b0,12,5,650,568,10.058929443359375
432,t2_b0,13,3,716,620,4.241342067718506
432,t2_b0,21,5,589,496,32.199867248535156
432,t2_b0,22,5,611,424,2.9788870811462402
432,t2_b0,29,5,612,548,5.406364917755127
432,t2_b0,30,1,664,508,3.376155376434326
432,t2_b0,31,5,680,624,7.804657936096191
432,t2_b0,33,5,609,596,4.933626174926758
432,t2_b0,37,5,702,544,5.504945755004883
432,t2_b0,40,1,663,704,5.487778186798096
432,t2_b0,42,5,568,484,26.24994659423828
432,t2_b0,52,5,664,540,24.17430877685547
432,t2_b0,55,5,601,492,9.834369659423828
432,t2_b0,56,1,687,556,40.68966293334961
432,t2_b0,59,1,709,552,2.9142611026763916
433,t2_b0,7,1,599,448,4.2306060791015625
433,t2_b0,13,3,719,624,5.123492240905762
433,t2_b0,15,5,615,516,4.4610490798950195
433,t2_b0,17,2,649,516,3.502068519592285
433,t2_b0,21,5,594,500,5.902565002441406
433,t2_b0,27,1,673,488,33.90026092529297
433,t2_b0,29,2,614,552,23.990646362304688
433,t2_b0,33,1,610,600,42.874595642089844
433,t2_b0,36,5,673,520,32.61623001098633
433,t2_b0,39,3,653,492,5.215878486633301
433,t2_b0,48,3,645,588,7.573594570159912
433,t2_b0,57,6,660,572,6.604636192321777
433,t2_b0,58,2,667,532,28.459487915039062
434,t2_b0,0,1,679,584,5.589019298553467
434,t2_b0,3,5,654,588,7.996297836303711
434,t2_b0,17,1,650,520,4.538074970245361
434,t2_b0,19,1,657,436,5.98977518081665
434,t2_b0,22,5,616,428,4.249619960784912
434,t2_b0,25,5,668,472,2.856680154800415
434,t2_b0,26,1,591,428,16.541475296020508
434,t2_b0,28,5,607,504,2.9928011894226074
434,t2_b0,31,1,681,628,6.046911239624023
434,t2_b0,37,1,703,548,3.0490403175354004
434,t2_b0,39,11,664,496,4.804759979248047
434,t2_b0,41,1,602,488,2.609344482421875
434,t2_b0,42,1,569,488,5.250726699829102
434,t2_b0,46,1,701,648,6.026996612548828
434,t2_b0,48,1,646,592,49.763580322265625
434,t2_b0,55,1,602,496,61.325843811035156
434,t2_b0,58,1,668,536,25.849660873413086
434,t2_b0,59,12,721,556,20.07272720336914
435,t2_b0,5,5,703,588,6.182365417480469
435,t2_b0,10,5,620,476,3.464918613433838
435,t2_b0,20,5,668,600,25.230236053466797
435,t2_b0,21,5,599,504,79.99469757080078
435,t2_b0,23,5,671,572,7.072267055511475
435,t2_b0,34,5,605,456,5.1161909103393555
435,t2_b0,38,5,656,448,35.658897399902344
435,t2_b0,44,1,742,704,7.1658501625061035
435,t2_b0,54,5,737,568,5.0723090171813965
435,t2_b0,55,6,608,500,28.744075775146484
435,t2_b0,56,2,689,560,8.648341178894043
436,t2_b0,0,1,680,588,8.746010780334473
436,t2_b0,2,5,658,520,3.6853861808776855
436,t2_b0,10,5,625,480,2.2209668159484863
436,t2_b0,12,5,655,572,8.45571517944336
436,t2_b0,15,5,620,520,3.03287935256958
436,t2_b0,17,8,658,524,4.5533552169799805
436,t2_b0,23,5,676,576,26.518674850463867
436,t2_b0,32,1,610,536,5.48418664932251
436,t2_b0,46,5,706,652,4.135510444641113
436,t2_b0,48,10,656,596,23.471202850341797
436,t2_b0,54,5,742,572,33.441734313964844
436,t2_b0,58,5,673,540,21.840835571289062
437,t2_b0,11,16,562,388,7.153529167175293
437,t2_b0,21,5,604,508,6.460703372955322
437,t2_b0,24,5,692,604,4.5395426750183105
437,t2_b0,25,5,673,476,15.214034080505371
437,t2_b0,26,1,592,432,6.887634754180908
437,t2_b0,37,1,704,552,30.28701400756836
437,t2_b0,45,5,648,544,3.7453055381774902
437,t2_b0,58,1,674,544,6.167755603790283
438,t2_b0,1,5,692,528,6.022948265075684
438,t2_b0,4,2,714,588,3.82761812210083
438,t2_b0,8,5,672,596,6.859160900115967
438,t2_b0,18,5,744,596,7.945276260375977
438,t2_b0,19,5,662,440,5.392800807952881
438,t2_b0,23,5,681,580,3.386009454727173
438,t2_b0,27,5,678,492,39.45878219604492
438,t2_b0,36,5,678,524,32.79927062988281
438,t2_b0,45,5,653,548,3.8124938011169434
438,t2_b0,50,5,625,560,5.320810794830322
439,t2_b0,4,2,716,592,58.75157928466797
439,t2_b0,9,5,561,464,5.210605144500732
439,t2_b0,19,5,667,444,5.816731929779053
439,t2_b0,20,2,670,604,3.8580172061920166
439,t2_b0,30,2,666,512,29.28692626953125
439,t2_b0,31,5,686,632,6.270991325378418
439,t2_b0,35,1,801,684,40.2482795715332
439,t2_b0,37,5,709,556,32.68296813964844
439,t2_b0,40,5,668,708,5.419327259063721
439,t2_b0,41,1,603,492,43.553375244140625
439,t2_b0,43,5,701,524,3.3157458305358887
439,t2_b0,46,1,707,656,5.4733357429504395
439,t2_b0,47,5,765,660,6.55076789855957
439,t2_b0,54,1,743,576,6.047674179077148
439,t2_b0,56,2,691,564,4.646087169647217
439,t2_b0,58,2,676,548,4.980108261108398
440,t2_b0,0,2,682,592,23.368637084960938
440,t2_b0,2,5,663,524,7.040574550628662
440,t2_b0,4,1,717,596,3.1170127391815186
440,t2_b0,6,5,741,692,8.387186050415039
440,t2_b0,21,2,606,512,5.22497034072876
440,t2_b0,22,1,617,432,8.382004737854004
440,t2_b0,26,1,593,436,3.98681378364563
440,t2_b0,28,1,608,508,32.40244674682617
440,t2_b0,37,5,714,560,2.5160186290740967
440,t2_b0,45,1,654,552,3.899091958999634
440,t2_b0,46,10,717,660,3.9293131828308105
441,t2_b0,10,5,630,484,17.811342239379883
441,t2_b0,16,5,564,388,32.08898162841797
441,t2_b0,29,5,619,556,22.265602111816406
441,t2_b0,30,1,667,516,6.461191177368164
441,t2_b0,37,3,717,564,3.2292137145996094
441,t2_b0,38,5,661,452,3.9216482639312744
441,t2_b0,50,1,626,564,17.614994049072266
442,t2_b0,32,2,612,540,4.849544525146484
442,t2_b0,35,1,802,688,6.577791213989258
442,t2_b0,38,5,666,456,37.97178268432617
442,t2_b0,41,5,608,496,3.4955594539642334
442,t2_b0,43,1,702,528,36.077354431152344
443,t2_b0,5,5,708,592,70.16837310791016
443,t2_b0,7,5,604,452,4.241077899932861
443,t2_b0,8,2,674,600,4.954585075378418
443,t2_b0,9,5,566,468,32.574729919433594
443,t2_b0,13,5,724,628,10.366743087768555
443,t2_b0,33,5,615,604,31.476125717163086
443,t2_b0,42,2,571,492,4.5858259201049805
443,t2_b0,49,5,632,520,5.029133319854736
443,t2_b0,57,5,665,576,4.198919296264648
444,t2_b0,4,1,718,600,4.667219161987305
444,t2_b0,13,6,730,632,39.24650573730469
444,t2_b0,29,5,624,560,7.120314598083496
444,t2_b0,30,1,668,520,5.40976619720459
444,t2_b0,32,1,613,544,3.729503631591797
444,t2_b0,33,2,617,608,5.857759952545166
444,t2_b0,36,5,683,528,7.612028121948242
444,t2_b0,39,5,669,500,1.7681342363357544
444,t2_b0,45,1,655,556,5.199293613433838
444,t2_b0,54,1,744,580,4.566386699676514
444,t2_b0,59,5,726,560,5.69618034362793
445,t2_b0,0,1,683,596,4.681734085083008
445,t2_b0,1,1,693,532,6.409821510314941
445,t2_b0,15,5,625,524,4.87860631942749
445,t2_b0,21,1,607,516,3.5172195434570312
445,t2_b0,23,1,682,584,25.637004852294922
445,t2_b0,26,1,594,440,5.406057357788086
445,t2_b0,30,1,669,524,37.31547546386719
445,t2_b0,32,5,618,548,7.56099271774292
445,t2_b0,34,1,606,460,9.079514503479004
445,t2_b0,39,5,674,504,4.249903678894043
445,t2_b0,43,1,703,532,28.608684539794922
445,t2_b0,45,5,660,560,4.993526935577393
445,t2_b0,50,1,627,568,4.103875160217285
445,t2_b0,55,5,613,504,9.939960479736328
446,t2_b0,0,1,684,600,10.072400093078613
446,t2_b0,2,5,668,528,70.90680694580078
446,t2_b0,4,5,723,604,4.635187149047852
446,t2_b0,17,5,663,528,8.42618465423584
446,t2_b0,19,1,668,448,4.677340984344482
446,t2_b0,21,1,608,520,3.5312254428863525
446,t2_b0,23,1,683,588,3.6152727603912354
446,t2_b0,26,1,595,444,7.679169654846191
446,t2_b0,30,5,674,528,30.416650772094727
446,t2_b0,31,5,691,636,50.53596878051758
446,t2_b0,40,5,673,712,19.80028533935547
446,t2_b0,43,5,708,536,6.1698150634765625
446,t2_b0,48,5,661,600,7.193744659423828
446,t2_b0,50,1,628,572,4.448781967163086
446,t2_b0,51,8,642,532,7.038805961608887
446,t2_b0,55,5,618,508,6.834282398223877
447,t2_b0,1,2,695,536,5.868277072906494
447,t2_b0,3,5,659,592,7.581732749938965
447,t2_b0,11,5,567,392,4.882976055145264
447,t2_b0,18,5,749,600,7.358845233917236
447,t2_b0,24,5,697,608,5.701857566833496
447,t2_b0,25,5,678,480,1.9137773513793945
447,t2_b0,35,2,804,692,5.317153453826904
447,t2_b0,44,5,747,708,9.697157859802246
447,t2_b0,48,1,662,604,5.970706462860107
447,t2_b0,50,5,633,576,8.784914016723633
448,t2_b0,1,1,696,540,56.94279861450195
448,t2_b0,2,2,670,532,26.192813873291016
448,t2_b0,4,1,724,608,30.833589553833008
448,t2_b0,5,1,709,596,6.7509918212890625
448,t2_b0,9,1,567,472,35.737728118896484
448,t2_b0,12,1,656,576,7.679577827453613
448,t2_b0,17,1,664,532,6.107706546783447
448,t2_b0,20,1,671,608,3.7662789821624756
448,t2_b0,27,5,683,496,35.80577087402344
448,t2_b0,29,1,625,564,7.302282810211182
448,t2_b0,30,1,675,532,7.204407215118408
448,t2_b0,39,2,676,508,31.348163604736328
448,t2_b0,45,1,661,564,29.158784866333008
448,t2_b0,48,1,663,608,5.6379289627075195
449,t2_b0,0,1,685,604,6.728521347045898
449,t2_b0,5,5,714,600,11.360146522521973
449,t2_b0,21,5,613,524,4.401622295379639
449,t2_b0,26,1,596,448,16.830101013183594
449,t2_b0,46,6,723,664,4.79404878616333
449,t2_b0,50,8,641,580,6.546201229095459
449,t2_b0,54,10,754,584,9.055126190185547
449,t2_b0,56,4,695,568,5.21578311920166
449,t2_b0,58,5,681,552,5.599366664886475
450,t2_b0,6,5,746,696,6.92218017578125
450,t2_b0,18,10,759,604,13.500887870788574
450,t2_b0,22,1,618,436,3.789637565612793
450,t2_b0,27,5,688,500,34.07398223876953
450,t2_b0,44,5,752,712,7.942201614379883
451,t2_b0,0,1,686,608,8.263285636901855
451,t2_b0,1,1,697,544,40.892494201660156
451,t2_b0,5,1,715,604,9.864180564880371
451,t2_b0,9,1,568,476,30.476444244384766
451,t2_b0,12,1,657,580,10.290633201599121
451,t2_b0,17,1,665,536,6.523444652557373
451,t2_b0,20,1,672,612,3.7952804565429688
451,t2_b0,21,1,614,528,8.161792755126953
451,t2_b0,25,1,679,484,17.753353118896484
451,t2_b0,26,1,597,452,5.58282470703125
451,t2_b0,29,1,626,568,3.295125961303711
451,t2_b0,30,5,680,536,6.772683143615723
451,t2_b0,31,5,696,640,9.04049015045166
451,t2_b0,33,5,622,612,25.130990982055664
451,t2_b0,35,1,805,696,4.748838901519775
451,t2_b0,36,5,688,532,6.325345039367676
451,t2_b0,37,5,722,568,28.753293991088867
451,t2_b0,39,1,677,512,28.035112380981445
451,t2_b0,40,1,674,716,7.6067962646484375
451,t2_b0,45,1,662,568,2.513972759246826
451,t2_b0,56,1,696,572,13.990625381469727
452,t2_b0,3,1,660,596,10.014046669006348
452,t2_b0,4,5,729,612,2.2890560626983643
452,t2_b0,6,5,751,700,8.765599250793457
452,t2_b0,10,1,631,488,1.8787062168121338
452,t2_b0,12,5,662,584,20.99411392211914
452,t2_b0,23,5,688,592,4.384494781494141
452,t2_b0,35,4,809,700,4.320978164672852
452,t2_b0,36,10,698,536,32.21733474731445
452,t2_b0,38,5,671,460,5.632558822631836
452,t2_b0,41,5,613,500,3.7893853187561035
452,t2_b0,44,5,757,716,47.8409423828125
452,t2_b0,56,5,701,576,42.18659210205078
453,t2_b0,1,1,698,548,5.165518283843994
453,t2_b0,4,2,731,616,35.73186492919922
453,t2_b0,7,10,614,456,4.484308242797852
453,t2_b0,8,5,679,604,8.135833740234375
453,t2_b0,16,5,569,392,30.7700138092041
453,t2_b0,17,5,670,540,4.588599681854248
453,t2_b0,20,5,677,616,4.594584941864014
453,t2_b0,22,1,619,440,6.343040943145752
453,t2_b0,24,1,698,612,3.220608711242676
453,t2_b0,26,1,598,456,35.95375061035156
453,t2_b0,29,1,627,572,8.113351821899414
453,t2_b0,30,1,681,540,5.632070541381836
453,t2_b0,42,5,576,496,4.301929950714111
453,t2_b0,43,5,713,540,8.742863655090332
453,t2_b0,49,5,637,524,6.289036273956299
454,t2_b0,0,1,687,612,6.987982273101807
454,t2_b0,1,1,699,552,6.258316516876221
454,t2_b0,3,5,665,600,6.580869197845459
454,t2_b0,4,1,732,620,2.7949507236480713
454,t2_b0,5,11,726,608,8.691073417663574
454,t2_b0,9,1,569,480,5.332926273345947
454,t2_b0,10,5,636,492,2.9140450954437256
454,t2_b0,12,1,663,588,9.413958549499512
454,t2_b0,13,5,735,636,3.9376091957092285
454,t2_b0,15,5,630,528,6.0961408615112305
454,t2_b0,17,1,671,544,6.1665754318237305
454,t2_b0,19,1,669,452,9.733682632446289
454,t2_b0,20,5,682,620,3.6347484588623047
454,t2_b0,21,1,615,532,6.539451599121094
454,t2_b0,23,1,689,596,7.077121734619141
454,t2_b0,24,1,699,616,3.9022068977355957
454,t2_b0,26,1,599,460,5.673252582550049
454,t2_b0,27,1,689,504,36.369117736816406
454,t2_b0,28,1,609,512,6.168941020965576
454,t2_b0,29,1,628,576,32.24466323852539
454,t2_b0,30,2,683,544,31.68126678466797
454,t2_b0,31,5,701,644,46.317230224609375
454,t2_b0,33,1,623,616,4.330928802490234
454,t2_b0,38,1,672,464,4.268270492553711
454,t2_b0,39,5,682,516,30.474079132080078
454,t2_b0,40,1,675,720,7.883874416351318
454,t2_b0,41,1,614,504,2.5778696537017822
454,t2_b0,42,5,581,500,4.163761615753174
454,t2_b0,45,5,667,572,6.856083869934082
454,t2_b0,47,1,766,664,41.017417907714844
454,t2_b0,49,1,638,528,5.564295768737793
454,t2_b0,56,5,706,580,11.730878829956055
454,t2_b0,59,1,727,564,4.480513095855713
455,t2_b0,1,1,700,556,6.013634204864502
455,t2_b0,9,5,574,484,23.045244216918945
455,t2_b0,10,5,641,496,39.00861740112305
455,t2_b0,14,5,659,524,6.7731828689575195
455,t2_b0,22,3,622,444,9.577596664428711
455,t2_b0,25,3,682,488,30.8852596282959
455,t2_b0,29,1,629,580,7.504142761230469
455,t2_b0,31,5,706,648,36.95486831665039
455,t2_b0,32,5,623,552,2.5967559814453125
455,t2_b0,34,5,611,464,40.346500396728516
455,t2_b0,39,5,687,520,23.427766799926758
455,t2_b0,43,5,718,544,5.613171100616455
455,t2_b0,45,2,669,576,8.269120216369629
455,t2_b0,52,5,669,544,10.696533203125
455,t2_b0,56,1,707,584,4.135643005371094
456,t2_b0,15,5,635,532,4.165362358093262
456,t2_b0,24,10,709,620,44.41661834716797
456,t2_b0,37,5,727,572,3.301790475845337
456,t2_b0,40,5,680,724,13.467002868652344
456,t2_b0,48,10,673,612,4.543698310852051
456,t2_b0,51,5,647,536,11.608720779418945
456,t2_b0,55,5,623,512,5.260335922241211
457,t2_b0,1,1,701,560,5.996571063995361
457,t2_b0,3,7,672,604,20.79785919189453
457,t2_b0,4,1,733,624,2.7998602390289307
457,t2_b0,20,1,683,624,4.452030181884766
457,t2_b0,23,5,694,600,32.21928024291992
457,t2_b0,26,5,604,464,75.1336441040039
457,t2_b0,29,7,636,584,4.724127292633057
457,t2_b0,30,1,684,548,6.408211708068848
457,t2_b0,39,1,688,524,5.274284839630127
457,t2_b0,42,1,582,504,27.391326904296875
457,t2_b0,45,1,670,580,6.3082356452941895
457,t2_b0,47,5,771,668,44.34345626831055
457,t2_b0,53,5,578,452,5.128713607788086
457,t2_b0,56,1,708,588,5.42571496963501
457,t2_b0,57,5,670,580,7.902940273284912
458,t2_b0,0,5,692,616,6.905124664306641
458,t2_b0,1,9,710,564,17.718305587768555
458,t2_b0,2,5,675,536,8.16500186920166
458,t2_b0,9,1,575,488,3.3828766345977783
458,t2_b0,11,5,572,396,8.821820259094238
458,t2_b0,12,1,664,592,5.822310924530029
458,t2_b0,13,5,740,640,6.773952960968018
458,t2_b0,25,5,687,492,2.7679872512817383
458,t2_b0,30,5,689,552,3.7405848503112793
458,t2_b0,38,5,677,468,7.945477485656738
458,t2_b0,42,1,583,508,6.627748012542725
458,t2_b0,43,5,723,548,37.95735549926758
458,t2_b0,44,5,762,720,6.053617477416992
458,t2_b0,45,5,675,584,40.97983169555664
458,t2_b0,53,1,579,456,51.592472076416016
458,t2_b0,57,5,675,584,5.193735122680664
458,t2_b0,58,10,691,556,23.774188995361328
459,t2_b0,10,3,644,500,3.256446361541748
459,t2_b0,11,5,577,400,10.831859588623047
459,t2_b0,20,5,688,628,5.6413750648498535
459,t2_b0,22,1,623,448,3.4988930225372314
459,t2_b0,28,3,612,516,26.484289169311523
459,t2_b0,34,2,613,468,2.645738363265991
459,t2_b0,37,5,732,576,2.8711628913879395
459,t2_b0,39,3,691,528,23.666465759277344
459,t2_b0,40,16,696,728,5.019027233123779
459,t2_b0,42,1,584,512,23.77355194091797
459,t2_b0,43,5,728,552,9.771190643310547
459,t2_b0,46,5,728,668,3.231959104537964
459,t2_b0,50,5,646,584,6.978522300720215
459,t2_b0,51,1,648,540,6.145863056182861
459,t2_b0,54,5,759,588,3.678083896636963
459,t2_b0,55,1,624,516,7.04570198059082
459,t2_b0,59,4,731,568,33.72822570800781
460,t2_b0,6,5,756,704,8.697509765625
460,t2_b0,10,5,649,504,2.6395506858825684
460,t2_b0,11,5,582,404,8.00078296661377
460,t2_b0,18,5,764,608,4.449681282043457
460,t2_b0,21,6,621,536,32.70956802368164
460,t2_b0,25,5,692,496,5.513339519500732
460,t2_b0,27,5,694,508,4.296320915222168
460,t2_b0,30,5,694,556,29.779399871826172
460,t2_b0,37,5,737,580,2.9391214847564697
460,t2_b0,53,5,584,460,2.7344202995300293
460,t2_b0,55,5,629,520,52.97073745727539
461,t2_b0,4,2,735,628,4.741717338562012
461,t2_b0,17,7,678,548,5.2567057609558105
461,t2_b0,20,5,693,632,3.9161458015441895
461,t2_b0,27,5,699,512,3.5838043689727783
461,t2_b0,32,1,624,556,4.52484130859375
461,t2_b0,34,1,614,472,5.060441017150879
461,t2_b0,41,5,619,508,2.6795222759246826
461,t2_b0,45,1,676,588,8.895666122436523
461,t2_b0,49,5,643,532,5.154890060424805
461,t2_b0,50,5,651,588,7.24228048324585
461,t2_b0,54,1,760,592,10.666234016418457
461,t2_b0,56,1,709,592,8.506418228149414
462,t2_b0,2,5,680,540,11.398490905761719
462,t2_b0,22,5,628,452,4.69853401184082
462,t2_b0,25,5,697,500,3.307051658630371
462,t2_b0,26,10,614,468,42.06827163696289
462,t2_b0,33,5,628,620,6.433815002441406
462,t2_b0,35,5,814,704,3.9578776359558105
462,t2_b0,36,5,703,540,7.466263771057129
462,t2_b0,42,5,589,516,7.212344169616699
462,t2_b0,44,5,767,724,6.61232328414917
462,t2_b0,49,5,648,536,5.162793159484863
462,t2_b0,56,7,716,596,12.433842658996582
463,t2_b0,2,5,685,544,11.095634460449219
463,t2_b0,7,5,619,460,42.590003967285156
463,t2_b0,14,5,664,528,3.7578535079956055
463,t2_b0,16,5,574,396,6.475602626800537
463,t2_b0,20,1,694,636,4.667850017547607
463,t2_b0,27,1,700,516,3.840841054916382
463,t2_b0,35,5,819,708,6.555915355682373
463,t2_b0,44,5,772,728,31.72968101501465
463,t2_b0,46,5,733,672,3.883228063583374
463,t2_b0,57,1,676,588,34.680152893066406
464,t2_b0,4,5,740,632,4.509357929229736
464,t2_b0,5,3,729,612,5.89975643157959
464,t2_b0,8,1,680,608,5.966381549835205
464,t2_b0,9,5,580,492,5.142780303955078
464,t2_b0,10,1,650,508,3.186094284057617
464,t2_b0,12,5,669,596,7.358333110809326
464,t2_b0,33,5,633,624,6.702527046203613
464,t2_b0,36,5,708,544,8.097965240478516
464,t2_b0,42,5,594,520,25.73317527770996
464,t2_b0,47,1,772,672,6.471903324127197
464,t2_b0,59,1,732,572,23.66179847717285
465,t2_b0,5,5,734,616,36.02870559692383
465,t2_b0,6,1,757,708,9.180996894836426
465,t2_b0,12,1,670,600,6.389021396636963
465,t2_b0,19,5,674,456,5.712291240692139
465,t2_b0,20,1,695,640,5.299165725708008
465,t2_b0,31,5,711,652,80.35673522949219
465,t2_b0,32,1,625,560,57.534725189208984
465,t2_b0,45,1,677,592,36.16529846191406
465,t2_b0,49,1,649,540,39.18764114379883
466,t2_b0,0,7,699,620,7.056975841522217
466,t2_b0,4,2,742,636,7.483642578125
466,t2_b0,6,1,758,712,6.107410430908203
466,t2_b0,9,1,581,496,47.364688873291016
466,t2_b0,12,1,671,604,20.20111656188965
466,t2_b0,13,5,745,644,8.351859092712402
466,t2_b0,15,5,640,536,36.866912841796875
466,t2_b0,20,1,696,644,10.556702613830566
466,t2_b0,24,5,714,624,3.5282576084136963
466,t2_b0,28,5,617,520,38.57331085205078
466,t2_b0,30,2,696,560,6.489755153656006
466,t2_b0,32,1,626,564,3.873509407043457
466,t2_b0,36,1,709,548,9.93750286102295
466,t2_b0,41,6,625,512,2.0355782508850098
466,t2_b0,44,1,773,732,6.421955585479736
466,t2_b0,45,1,678,596,5.83139705657959
466,t2_b0,48,5,678,616,6.337007999420166
466,t2_b0,49,5,654,544,32.76880645751953
466,t2_b0,54,5,765,596,6.494135856628418
466,t2_b0,59,6,738,576,4.263078689575195
467,t2_b0,3,5,677,608,7.803677082061768
467,t2_b0,10,1,651,512,4.714388847351074
467,t2_b0,16,5,579,400,36.81072998046875
467,t2_b0,23,1,695,604,28.828128814697266
467,t2_b0,29,5,641,588,5.887956142425537
467,t2_b0,42,10,604,524,5.363470077514648
467,t2_b0,49,1,655,548,5.138564109802246
467,t2_b0,55,5,634,524,27.041343688964844
468,t2_b0,1,5,715,568,4.17758321762085
468,t2_b0,2,5,690,548,4.35772705078125
468,t2_b0,7,5,624,464,5.797630786895752
468,t2_b0,13,5,750,648,24.995994567871094
468,t2_b0,29,5,646,592,7.982168674468994
468,t2_b0,30,5,701,564,7.775944709777832
468,t2_b0,38,1,678,472,5.757355690002441
468,t2_b0,44,5,778,736,8.336811065673828
468,t2_b0,45,5,683,600,4.057515621185303
468,t2_b0,52,5,674,548,8.752219200134277
468,t2_b0,54,1,766,600,3.9945614337921143
468,t2_b0,58,5,696,560,6.0924530029296875
469,t2_b0,4,5,747,640,3.116919755935669
469,t2_b0,9,5,586,500,42.59051513671875
469,t2_b0,10,1,652,516,2.250798225402832
469,t2_b0,28,5,622,524,6.5491180419921875
469,t2_b0,30,8,709,568,7.840991020202637
469,t2_b0,35,5,824,712,38.0988883972168
469,t2_b0,39,5,696,532,5.43223762512207
469,t2_b0,40,5,701,732,8.589912414550781
469,t2_b0,43,5,733,556,5.041733741760254
469,t2_b0,48,5,683,620,7.635467052459717
470,t2_b0,7,5,629,468,2.537275552749634
470,t2_b0,11,1,583,408,13.236299514770508
470,t2_b0,13,5,755,652,24.05594253540039
470,t2_b0,16,5,584,404,4.886971473693848
470,t2_b0,18,5,769,612,10.190655708312988
470,t2_b0,19,5,679,460,5.195663928985596
470,t2_b0,21,5,626,540,6.712575912475586
470,t2_b0,25,5,702,504,2.810616970062256
470,t2_b0,29,5,651,596,5.58218240737915
470,t2_b0,37,5,742,584,2.782118797302246
470,t2_b0,47,1,773,676,42.4492073059082
470,t2_b0,53,5,589,464,31.78655242919922
470,t2_b0,58,5,701,564,23.429773330688477
471,t2_b0,2,5,695,552,38.59579086303711
471,t2_b0,4,1,748,644,6.286944389343262
471,t2_b0,6,1,759,716,8.332805633544922
471,t2_b0,9,8,594,504,46.40848922729492
471,t2_b0,11,5,588,412,6.979403495788574
471,t2_b0,17,5,683,552,6.884443759918213
471,t2_b0,19,5,684,464,7.040360450744629
471,t2_b0,20,2,698,648,4.275216102600098
471,t2_b0,28,5,627,528,12.243173599243164
471,t2_b0,32,5,631,568,5.328864097595215
471,t2_b0,45,2,685,604,4.374814033508301
471,t2_b0,49,2,657,552,8.01342487335205
471,t2_b0,51,5,653,544,5.128541946411133
472,t2_b0,5,1,735,620,7.178163528442383
472,t2_b0,10,2,654,520,3.7365801334381104
472,t2_b0,12,5,676,608,7.881403923034668
472,t2_b0,20,5,703,652,5.430239677429199
472,t2_b0,26,5,619,472,12.56609058380127
472,t2_b0,32,5,636,572,3.0590622425079346
472,t2_b0,34,5,619,476,70.80940246582031
472,t2_b0,36,5,714,552,10.417901992797852
472,t2_b0,37,1,743,588,20.593360900878906
472,t2_b0,39,1,697,536,4.546339988708496
472,t2_b0,43,1,734,560,5.972715377807617
472,t2_b0,44,1,779,740,35.53868103027344
472,t2_b0,50,5,656,592,4.720939636230469
472,t2_b0,55,1,635,528,9.07419204711914
472,t2_b0,56,5,721,600,3.028136968612671
473,t2_b0,4,1,749,648,4.896876335144043
473,t2_b0,6,1,760,720,10.144737243652344
473,t2_b0,13,1,756,656,4.9654998779296875
473,t2_b0,14,5,669,532,24.58187484741211
473,t2_b0,17,3,686,556,25.89264678955078
473,t2_b0,18,1,770,616,37.128807067871094
473,t2_b0,20,1,704,656,3.9041872024536133
473,t2_b0,21,1,627,544,5.497987747192383
473,t2_b0,23,1,696,608,13.428474426269531
473,t2_b0,24,1,715,628,4.494955539703369
473,t2_b0,27,5,705,520,1.5060760974884033
473,t2_b0,28,1,628,532,4.694386959075928
473,t2_b0,30,5,714,572,4.121356964111328
473,t2_b0,31,2,713,656,45.826332092285156
473,t2_b0,38,2,680,476,9.594613075256348
473,t2_b0,45,1,686,608,43.51799011230469
473,t2_b0,49,1,658,556,5.1930108070373535
473,t2_b0,57,5,681,592,5.706016540527344
474,t2_b0,4,9,758,652,27.35866355895996
474,t2_b0,8,16,696,612,7.630435466766357
474,t2_b0,17,1,687,560,7.617262840270996
474,t2_b0,31,1,714,660,42.90895080566406
474,t2_b0,33,5,638,628,8.223684310913086
474,t2_b0,35,5,829,716,4.076772689819336
474,t2_b0,44,2,781,744,47.92522048950195
474,t2_b0,48,2,685,624,13.444412231445312
475,t2_b0,6,1,761,724,16.60620880126953
475,t2_b0,13,5,761,660,27.273670196533203
475,t2_b0,20,5,709,660,28.394582748413086
475,t2_b0,21,1,628,548,3.8179824352264404
475,t2_b0,26,1,620,476,6.673073768615723
475,t2_b0,32,8,644,576,5.3671183586120605
475,t2_b0,37,1,744,592,2.581355571746826
475,t2_b0,44,5,786,748,47.66056823730469
475,t2_b0,45,2,688,612,3.4152979850769043
475,t2_b0,49,1,659,560,6.662970542907715
476,t2_b0,0,5,704,624,22.35291290283203
476,t2_b0,1,5,720,572,10.194091796875
476,t2_b0,3,5,682,612,10.633554458618164
476,t2_b0,6,5,766,728,45.38841247558594
476,t2_b0,16,5,589,408,4.643076419830322
476,t2_b0,23,20,716,612,10.357398986816406
476,t2_b0,31,5,719,664,32.04653549194336
476,t2_b0,41,5,630,516,3.587899684906006
476,t2_b0,58,2,703,568,4.522022247314453
476,t2_b0,59,5,743,580,3.3972511291503906
477,t2_b0,6,1,767,732,10.065278053283691
477,t2_b0,10,1,655,524,3.483649730682373
477,t2_b0,18,1,771,620,6.377523422241211
477,t2_b0,19,1,685,468,27.560909271240234
477,t2_b0,20,3,712,664,3.746516227722168
477,t2_b0,21,1,629,552,4.631533622741699
477,t2_b0,26,1,621,480,9.008209228515625
477,t2_b0,33,1,639,632,4.35975456237793
477,t2_b0,36,1,715,556,7.214267730712891
477,t2_b0,37,5,749,596,27.786808013916016
477,t2_b0,38,1,681,480,5.1068878173828125
477,t2_b0,42,5,609,528,5.669151306152344
477,t2_b0,45,2,690,616,6.160560607910156
477,t2_b0,46,5,738,676,4.7300848960876465
477,t2_b0,49,2,661,564,6.749573230743408
477,t2_b0,59,1,744,584,2.2415356636047363
478,t2_b0,20,5,717,668,58.80123519897461
478,t2_b0,25,1,703,508,4.502789497375488
478,t2_b0,37,5,754,600,20.55449104309082
478,t2_b0,46,5,743,680,7.760514736175537
478,t2_b0,47,1,774,680,8.5265531539917
478,t2_b0,52,5,679,552,8.536487579345703
478,t2_b0,54,5,771,604,7.716669082641602
479,t2_b0,0,1,705,628,7.234134674072266
479,t2_b0,6,1,768,736,12.44488525390625
479,t2_b0,10,5,660,528,12.453631401062012
479,t2_b0,11,3,591,416,6.653468132019043
479,t2_b0,19,1,686,472,5.465134143829346
479,t2_b0,20,1,718,672,6.118180274963379
479,t2_b0,21,1,630,556,3.959045648574829
479,t2_b0,22,1,629,456,3.3010854721069336
479,t2_b0,24,11,726,632,2.63826847076416
479,t2_b0,26,1,622,484,7.1434783935546875
479,t2_b0,27,2,707,524,34.24665451049805
479,t2_b0,33,1,640,636,8.640276908874512
479,t2_b0,34,13,632,480,5.60455322265625
479,t2_b0,36,1,716,560,47.688575744628906
479,t2_b0,38,5,686,484,5.775468826293945
479,t2_b0,45,5,695,620,39.91194534301758
479,t2_b0,49,1,662,568,7.682901859283447
479,t2_b0,53,1,590,468,3.046177864074707
479,t2_b0,55,5,640,532,27.506664276123047
479,t2_b0,59,5,749,588,4.2092976570129395
480,t2_b0,6,5,773,740,7.786503791809082
480,t2_b0,11,5,596,420,9.934642791748047
480,t2_b0,21,5,635,560,5.363027572631836
480,t2_b0,25,2,705,512,14.747286796569824
480,t2_b0,29,5,656,600,32.512367248535156
480,t2_b0,36,5,721,564,6.924144744873047
480,t2_b0,39,5,702,540,2.403934955596924
480,t2_b0,48,6,691,628,18.236011505126953
480,t2_b0,58,5,708,572,7.395240783691406
481,t2_b0,2,5,700,556,6.630063056945801
481,t2_b0,9,5,599,508,25.88900375366211
481,t2_b0,10,5,665,532,4.037231922149658
481,t2_b0,15,5,645,540,23.11966323852539
481,t2_b0,21,5,640,564,3.533566474914551
481,t2_b0,22,5,634,460,16.70336151123047
481,t2_b0,29,5,661,604,23.12442970275879
481,t2_b0,31,5,724,668,5.74526309967041
481,t2_b0,43,1,735,564,5.283456802368164
481,t2_b0,55,5,645,536,5.0290117263793945
481,t2_b0,56,5,726,604,4.7135210037231445
482,t2_b0,1,1,721,576,20.314369201660156
482,t2_b0,12,5,681,612,38.23725128173828
482,t2_b0,13,1,762,664,5.645895957946777
482,t2_b0,14,1,670,536,4.302457332611084
482,t2_b0,16,2,591,412,5.171537399291992
482,t2_b0,17,1,688,564,45.433013916015625
482,t2_b0,18,5,776,624,7.191730499267578
482,t2_b0,19,10,696,476,4.238430500030518
482,t2_b0,20,7,725,676,38.38117599487305
482,t2_b0,26,5,627,488,37.96083068847656
482,t2_b0,29,1,662,608,8.857117652893066
482,t2_b0,31,5,729,672,8.373842239379883
482,t2_b0,35,5,834,720,4.686540603637695
482,t2_b0,37,6,760,604,7.290226936340332
482,t2_b0,38,1,687,488,4.309808731079102
482,t2_b0,41,5,635,520,2.9923291206359863
482,t2_b0,47,2,776,684,7.818904876708984
482,t2_b0,58,2,710,576,2.863170862197876
483,t2_b0,5,5,740,624,3.172032594680786
483,t2_b0,6,11,784,744,5.760824680328369
483,t2_b0,11,5,601,424,5.609529972076416
483,t2_b0,12,1,682,616,7.650911808013916
483,t2_b0,13,5,767,668,38.79062271118164
483,t2_b0,28,5,633,536,7.772000789642334
483,t2_b0,30,5,719,576,5.542379379272461
483,t2_b0,40,2,703,736,14.005921363830566
483,t2_b0,44,2,788,752,4.503830432891846
483,t2_b0,50,2,658,596,5.6321210861206055
483,t2_b0,56,5,731,608,64.55696105957031
484,t2_b0,1,5,726,580,8.099863052368164
484,t2_b0,2,1,701,560,4.479762077331543
484,t2_b0,4,5,763,656,4.110184192657471
484,t2_b0,7,1,630,472,4.013219833374023
484,t2_b0,8,5,701,616,5.607430458068848
484,t2_b0,12,1,683,620,10.702324867248535
484,t2_b0,15,5,650,544,4.9798970222473145
484,t2_b0,27,5,712,528,4.113766193389893
484,t2_b0,28,1,634,540,32.509822845458984
484,t2_b0,30,5,724,580,6.522341728210449
484,t2_b0,38,1,688,492,4.125392436981201
484,t2_b0,45,5,700,624,4.545185089111328
484,t2_b0,46,5,748,684,6.203834056854248
484,t2_b0,47,2,778,688,41.121341705322266
484,t2_b0,55,1,646,540,7.08226203918457
485,t2_b0,10,6,671,536,5.437795639038086
485,t2_b0,11,1,602,428,7.7158708572387695
485,t2_b0,14,5,675,540,24.79100799560547
485,t2_b0,17,1,689,568,5.716056823730469
485,t2_b0,18,7,783,628,18.7248477935791
485,t2_b0,21,6,646,568,32.70751953125
485,t2_b0,25,10,715,516,4.469188690185547
485,t2_b0,32,5,649,580,40.517539978027344
485,t2_b0,45,5,705,628,3.9235329627990723
485,t2_b0,51,5,658,548,32.82322311401367
485,t2_b0,54,1,772,608,6.479953765869141
485,t2_b0,56,5,736,612,40.873905181884766
485,t2_b0,59,5,754,592,7.198976516723633
486,t2_b0,3,5,687,616,6.827725887298584
486,t2_b0,11,1,603,432,6.857728958129883
486,t2_b0,16,1,592,416,4.572298049926758
486,t2_b0,17,1,690,572,4.910259246826172
486,t2_b0,23,5,721,616,4.961941719055176
486,t2_b0,27,1,713,532,43.351043701171875
486,t2_b0,33,5,645,640,10.437544822692871
486,t2_b0,35,1,835,724,38.42237091064453
486,t2_b0,44,15,803,756,49.60592269897461
486,t2_b0,50,5,663,600,2.827406406402588
487,t2_b0,1,5,731,584,5.502445220947266
487,t2_b0,17,5,695,576,23.489791870117188
487,t2_b0,26,2,629,492,13.819509506225586
487,t2_b0,38,5,693,496,4.418917179107666
487,t2_b0,39,7,709,544,2.4915740489959717
487,t2_b0,42,5,614,532,43.14946365356445
487,t2_b0,56,5,741,616,3.8208272457122803
488,t2_b0,28,5,639,544,29.023883819580078
488,t2_b0,45,5,710,632,4.660180568695068
488,t2_b0,52,1,680,556,11.397860527038574
488,t2_b0,57,5,686,596,3.3560805320739746
489,t2_b0,8,5,706,620,8.85245132446289
489,t2_b0,13,7,774,672,8.15005874633789
489,t2_b0,16,5,597,420,6.4236884117126465
489,t2_b0,24,5,731,636,5.290153980255127
489,t2_b0,34,5,637,484,4.646114349365234
489,t2_b0,38,5,698,500,5.026707649230957
489,t2_b0,46,3,751,688,3.540578842163086
489,t2_b0,49,1,663,572,50.37249755859375
489,t2_b0,56,5,746,620,4.589752674102783
490,t2_b0,0,18,723,632,9.292540550231934
490,t2_b0,5,5,745,628,3.472334861755371
490,t2_b0,16,5,602,424,35.20813751220703
490,t2_b0,29,1,663,612,6.635331630706787
490,t2_b0,31,1,730,676,5.22130012512207
490,t2_b0,33,1,646,644,6.693846702575684
490,t2_b0,36,5,726,568,9.191983222961426
490,t2_b0,37,5,765,608,4.064682960510254
490,t2_b0,38,5,703,504,33.0923957824707
490,t2_b0,40,1,704,740,5.870285511016846
490,t2_b0,41,1,636,524,26.391603469848633
490,t2_b0,43,5,740,568,7.348282814025879
490,t2_b0,45,1,711,636,6.869754791259766
490,t2_b0,48,5,696,632,5.610141277313232
490,t2_b0,49,1,664,576,6.362299919128418
490,t2_b0,51,1,659,552,33.4869270324707
490,t2_b0,53,5,595,472,40.84950256347656
490,t2_b0,59,1,755,596,4.579261302947998
491,t2_b0,4,5,768,660,5.319782257080078
491,t2_b0,45,10,721,640,7.345622539520264
491,t2_b0,51,5,664,556,3.7034084796905518
491,t2_b0,53,5,600,476,4.528170585632324
492,t2_b0,3,5,692,620,11.559844970703125
492,t2_b0,9,5,604,512,4.620034217834473
492,t2_b0,14,1,676,544,24.017038345336914
492,t2_b0,17,1,696,580,3.7032153606414795
492,t2_b0,19,5,701,480,4.982008457183838
492,t2_b0,20,5,730,680,46.183658599853516
492,t2_b0,28,1,640,548,3.604928970336914
492,t2_b0,29,1,664,616,5.597462177276611
492,t2_b0,34,5,642,488,8.209689140319824
492,t2_b0,36,1,727,572,3.997870683670044
492,t2_b0,38,1,704,508,4.229084014892578
492,t2_b0,48,1,697,636,4.794282913208008
492,t2_b0,55,7,653,544,28.917583465576172
492,t2_b0,58,5,715,580,3.3244876861572266
492,t2_b0,59,5,760,600,4.342648506164551
493,t2_b0,4,11,779,664,4.996069431304932
493,t2_b0,6,5,789,748,24.366668701171875
493,t2_b0,14,5,681,548,24.93777084350586
493,t2_b0,22,5,639,464,7.438634872436523
493,t2_b0,23,1,722,620,5.990731716156006
493,t2_b0,24,1,732,640,8.558690071105957
493,t2_b0,27,1,714,536,7.0938520431518555
493,t2_b0,33,5,651,648,4.534598350524902
493,t2_b0,41,1,637,528,14.572782516479492
493,t2_b0,49,6,670,580,4.805490016937256
493,t2_b0,51,1,665,560,7.911284446716309
493,t2_b0,53,5,605,480,32.59904861450195
494,t2_b0,7,5,635,476,3.518892526626587
494,t2_b0,9,5,609,516,5.24941349029541
494,t2_b0,14,6,687,552,4.2035746574401855
494,t2_b0,17,2,698,584,6.558640956878662
494,t2_b0,25,16,731,520,8.663727760314941
494,t2_b0,27,5,719,540,3.0649144649505615
494,t2_b0,36,2,729,576,34.11682891845703
494,t2_b0,41,5,642,532,2.2240774631500244
494,t2_b0,47,5,783,692,4.911670684814453
494,t2_b0,58,1,716,584,4.164684295654297
495,t2_b0,1,1,732,588,9.065627098083496
495,t2_b0,3,5,697,624,9.028822898864746
495,t2_b0,10,5,676,540,3.9331858158111572
495,t2_b0,11,5,608,436,18.033296585083008
495,t2_b0,15,1,651,548,3.4879965782165527
495,t2_b0,16,1,603,428,5.190234184265137
495,t2_b0,18,5,788,632,9.402617454528809
495,t2_b0,21,5,651,572,6.4711503982543945
495,t2_b0,29,5,669,620,23.542097091674805
495,t2_b0,30,5,729,584,11.574973106384277
495,t2_b0,38,2,706,512,31.868331909179688
495,t2_b0,48,5,702,640,4.040281772613525
495,t2_b0,56,1,747,624,4.5988240242004395
495,t2_b0,59,1,761,604,3.3341712951660156
496,t2_b0,1,2,734,592,20.86885643005371
496,t2_b0,6,1,790,752,7.3536272048950195
496,t2_b0,15,5,656,552,6.412683963775635
496,t2_b0,24,1,733,644,4.683324337005615
496,t2_b0,27,5,724,544,71.46141052246094
496,t2_b0,32,5,654,584,6.702695846557617
496,t2_b0,33,2,653,652,32.35171890258789
496,t2_b0,35,5,840,728,69.77955627441406
496,t2_b0,41,2,644,536,2.5995254516601562
496,t2_b0,44,5,808,760,7.996766090393066
496,t2_b0,50,5,668,604,3.2681593894958496
496,t2_b0,54,2,774,612,11.968955993652344
497,t2_b0,23,1,723,624,11.345802307128906
497,t2_b0,26,5,634,496,7.401741027832031
497,t2_b0,28,5,645,552,3.6605470180511475
497,t2_b0,31,10,740,680,7.933599472045898
497,t2_b0,39,5,714,548,29.339664459228516
497,t2_b0,40,1,705,744,7.914514541625977
497,t2_b0,42,5,619,536,2.4499247074127197
497,t2_b0,47,5,788,696,13.778414726257324
497,t2_b0,53,1,606,484,4.384664535522461
497,t2_b0,54,5,779,616,7.755807876586914
497,t2_b0,56,11,758,628,5.029503345489502
497,t2_b0,59,5,766,608,3.59696102142334
498,t2_b0,1,6,740,596,4.859506130218506
498,t2_b0,2,1,702,564,4.102787971496582
498,t2_b0,7,1,636,480,2.3374009132385254
498,t2_b0,12,5,688,624,9.782546043395996
498,t2_b0,16,1,604,432,6.448436737060547
498,t2_b0,26,5,639,500,7.288107872009277
498,t2_b0,29,1,670,624,10.808204650878906
498,t2_b0,33,2,655,656,8.476701736450195
498,t2_b0,35,1,841,732,5.299140930175781
498,t2_b0,44,5,813,764,10.793669700622559
498,t2_b0,52,5,685,560,7.072895050048828
498,t2_b0,53,5,611,488,6.100654125213623
498,t2_b0,54,5,784,620,8.415168762207031
498,t2_b0,57,5,691,600,41.60102462768555
498,t2_b0,59,2,768,612,5.706341743469238
499,t2_b0,3,1,698,628,8.457205772399902
499,t2_b0,6,1,791,756,8.925047874450684
499,t2_b0,13,5,779,676,5.152093887329102
499,t2_b0,15,1,657,556,4.963778495788574
499,t2_b0,16,5,609,436,7.032541275024414
499,t2_b0,20,1,731,684,5.196676731109619
499,t2_b0,21,5,656,576,3.538215160369873
499,t2_b0,22,5,644,468,4.648524761199951
499,t2_b0,30,5,734,588,7.899250507354736
499,t2_b0,32,1,655,588,5.45938777923584
499,t2_b0,46,5,756,692,4.320440292358398
500,t2_b0,0,5,728,636,18.70162010192871
500,t2_b0,5,1,746,632,4.348992347717285
500,t2_b0,16,5,614,440,10.641437530517578
500,t2_b0,37,5,770,612,3.001906394958496
500,t2_b0,41,4,648,540,3.206071376800537
500,t2_b0,42,1,620,540,59.16240310668945
500,t2_b0,43,5,745,572,4.095839977264404
500,t2_b0,48,5,707,644,24.062416076660156
501,t2_b0,8,5,711,624,6.349337100982666
501,t2_b0,10,5,681,544,5.907818794250488
501,t2_b0,21,5,661,580,4.774901866912842
501,t2_b0,24,5,738,648,83.29778289794922
501,t2_b0,28,1,646,556,5.049037933349609
501,t2_b0,34,6,648,492,3.465519666671753
501,t2_b0,35,8,849,736,40.422237396240234
501,t2_b0,37,1,771,616,4.961294651031494
501,t2_b0,40,5,710,748,7.204806327819824
501,t2_b0,45,5,726,644,12.95013427734375
501,t2_b0,46,5,761,696,37.619483947753906
502,t2_b0,6,5,796,760,5.919914722442627
502,t2_b0,12,3,691,628,8.243986129760742
502,t2_b0,18,5,793,636,10.217215538024902
502,t2_b0,20,5,736,688,7.408291816711426
502,t2_b0,22,1,645,472,3.31941294670105
502,t2_b0,23,2,725,628,3.883403778076172
502,t2_b0,29,5,675,628,34.36845397949219
502,t2_b0,36,1,730,580,5.178167819976807
502,t2_b0,40,1,711,752,22.340621948242188
502,t2_b0,47,5,793,700,10.928986549377441
502,t2_b0,50,3,671,608,4.543422698974609
502,t2_b0,53,1,612,492,41.28036880493164
502,t2_b0,55,5,658,548,28.14434242248535
503,t2_b0,0,5,733,640,10.196483612060547
503,t2_b0,4,5,784,668,39.44277572631836
503,t2_b0,12,5,696,632,5.638805389404297
503,t2_b0,30,6,740,592,7.800294399261475
503,t2_b0,37,1,772,620,4.591152191162109
503,t2_b0,45,5,731,648,15.941184043884277
503,t2_b0,48,1,708,648,6.927084445953369
503,t2_b0,49,5,675,584,8.128886222839355
503,t2_b0,51,5,670,564,7.438809871673584
503,t2_b0,53,10,622,496,7.610993385314941
504,t2_b0,3,1,699,632,9.723636627197266
504,t2_b0,5,3,749,636,5.077332019805908
504,t2_b0,9,5,614,520,6.859208583831787
504,t2_b0,14,5,692,556,4.038807392120361
504,t2_b0,17,5,703,588,4.465790748596191
504,t2_b0,22,1,646,476,5.146546363830566
504,t2_b0,23,1,726,632,6.078559398651123
504,t2_b0,25,5,736,524,6.440968990325928
504,t2_b0,40,2,713,756,9.301543235778809
504,t2_b0,45,5,736,652,6.301277160644531
505,t2_b0,7,17,653,484,2.7661588191986084
505,t2_b0,10,1,682,548,7.3755388259887695
505,t2_b0,11,5,613,440,18.692672729492188
505,t2_b0,12,3,699,636,9.335519790649414
505,t2_b0,13,1,780,680,6.649733066558838
505,t2_b0,17,2,705,592,5.503880500793457
505,t2_b0,19,5,706,484,3.8952112197875977
505,t2_b0,22,5,651,480,9.355754852294922
505,t2_b0,24,1,739,652,3.269052743911743
505,t2_b0,32,1,656,592,4.504238128662109
505,t2_b0,39,1,715,552,2.37705397605896
505,t2_b0,51,5,675,568,42.82127380371094
505,t2_b0,52,1,686,564,9.212690353393555
505,t2_b0,55,1,659,552,5.829693794250488
505,t2_b0,57,5,696,604,8.68452262878418
505,t2_b0,58,1,717,588,5.446544170379639
506,t2_b0,3,4,703,636,5.820856094360352
506,t2_b0,8,6,717,628,6.659308433532715
506,t2_b0,11,1,614,444,9.377161026000977
506,t2_b0,24,7,746,656,60.5496940612793
506,t2_b0,27,5,729,548,33.75444412231445
506,t2_b0,36,1,731,584,9.34067440032959
506,t2_b0,38,5,711,516,23.50919532775879
506,t2_b0,40,1,714,760,8.491771697998047
506,t2_b0,45,5,741,656,8.07528018951416
506,t2_b0,48,2,710,652,4.914093017578125
506,t2_b0,50,1,672,612,4.835646629333496
506,t2_b0,55,5,664,556,4.234536170959473
507,t2_b0,5,5,754,640,6.005577564239502
507,t2_b0,10,5,687,552,6.609297275543213
507,t2_b0,23,2,728,636,3.8263494968414307
507,t2_b0,31,5,745,684,42.30659866333008
507,t2_b0,39,8,723,556,6.4163618087768555
507,t2_b0,40,5,719,764,7.44183874130249
507,t2_b0,43,10,755,576,7.115427017211914
507,t2_b0,48,5,715,656,23.986106872558594
507,t2_b0,50,5,677,616,50.08216857910156
507,t2_b0,56,5,763,632,40.71230697631836
508,t2_b0,0,5,738,644,16.932964324951172
508,t2_b0,1,5,745,600,4.260892868041992
508,t2_b0,9,1,615,524,9.903197288513184
508,t2_b0,10,1,688,556,17.153703689575195
508,t2_b0,13,1,781,684,7.359825134277344
508,t2_b0,16,5,619,444,5.340216636657715
508,t2_b0,17,3,708,596,6.168580532073975
508,t2_b0,26,5,644,504,5.259191036224365
508,t2_b0,33,5,660,660,27.48354721069336
508,t2_b0,40,10,729,768,9.660712242126465
508,t2_b0,44,1,814,768,8.185318946838379
508,t2_b0,47,6,799,704,42.5438346862793
508,t2_b0,52,1,687,568,10.624761581420898
508,t2_b0,54,5,789,624,34.9958381652832
508,t2_b0,55,2,666,560,6.1577301025390625
508,t2_b0,56,5,768,636,4.5393877029418945
508,t2_b0,58,5,722,592,7.367252826690674
508,t2_b0,59,5,773,616,24.473379135131836
509,t2_b0,2,1,703,568,5.092164039611816
509,t2_b0,12,1,700,640,4.519941329956055
509,t2_b0,13,5,786,688,7.6228790283203125
509,t2_b0,15,5,662,560,35.261138916015625
509,t2_b0,18,5,798,640,8.80254077911377
509,t2_b0,31,1,746,688,10.367857933044434
509,t2_b0,32,5,661,596,4.900994777679443
509,t2_b0,36,1,732,588,34.356929779052734
509,t2_b0,38,1,712,520,4.500882148742676
509,t2_b0,46,1,762,700,38.67363739013672
509,t2_b0,58,5,727,596,4.142910003662109
510,t2_b0,0,1,739,648,7.666398525238037
510,t2_b0,2,1,704,572,6.866520881652832
510,t2_b0,11,1,615,448,6.64442253112793
510,t2_b0,16,1,620,448,5.40720796585083
510,t2_b0,19,1,707,488,25.553104400634766
510,t2_b0,29,5,680,632,6.06585693359375
510,t2_b0,31,2,748,692,9.106231689453125
510,t2_b0,36,4,736,592,7.053390979766846
510,t2_b0,37,1,773,624,23.046384811401367
510,t2_b0,41,5,653,544,2.8910791873931885
510,t2_b0,48,8,723,660,5.999640464782715
510,t2_b0,49,5,680,588,30.924917221069336
510,t2_b0,54,5,794,628,24.60733985900879
510,t2_b0,57,1,697,608,6.4150919914245605
511,t2_b0,5,1,755,644,71.60587310791016
511,t2_b0,15,5,667,564,3.4403388500213623
511,t2_b0,20,1,737,692,12.259054183959961
511,t2_b0,21,6,667,584,9.163778305053711
511,t2_b0,23,1,729,640,8.61379337310791
511,t2_b0,28,5,651,560,7.919708251953125
511,t2_b0,34,5,653,496,5.649434566497803
511,t2_b0,35,5,854,740,8.954791069030762
511,t2_b0,45,5,746,660,6.4235615730285645
511,t2_b0,56,5,773,640,4.42863655090332
512,t2_b0,1,1,746,604,21.40557861328125
512,t2_b0,4,1,785,672,7.317479133605957
512,t2_b0,6,3,799,764,19.201332092285156
512,t2_b0,9,1,616,528,3.1317131519317627
512,t2_b0,10,5,693,560,4.05605936050415
512,t2_b0,12,7,707,644,22.71773910522461
512,t2_b0,13,1,787,692,7.703907489776611
512,t2_b0,14,5,697,560,5.56000280380249
512,t2_b0,17,1,709,600,6.74125337600708
512,t2_b0,25,5,741,528,3.410003900527954
512,t2_b0,33,5,665,664,3.745507001876831
512,t2_b0,38,1,713,524,4.742866516113281
512,t2_b0,44,1,815,772,7.236661434173584
512,t2_b0,50,2,679,620,5.5286712646484375
512,t2_b0,52,1,688,572,4.544896125793457
512,t2_b0,55,1,667,564,5.891732215881348
512,t2_b0,56,5,778,644,28.539709091186523
512,t2_b0,59,5,778,620,34.071529388427734
513,t2_b0,2,5,709,576,13.34962272644043
513,t2_b0,6,5,804,768,9.80693244934082
513,t2_b0,23,1,730,644,3.2852859497070312
513,t2_b0,25,5,746,532,3.8325135707855225
513,t2_b0,30,5,745,596,5.532172679901123
513,t2_b0,35,1,855,744,5.8410820960998535
513,t2_b0,38,1,714,528,6.277338027954102
513,t2_b0,51,5,680,572,6.803923606872559
513,t2_b0,53,5,627,500,39.76993179321289
514,t2_b0,0,1,740,652,40.709312438964844
514,t2_b0,5,1,756,648,7.720021724700928
514,t2_b0,9,5,621,532,6.291942119598389
514,t2_b0,10,5,698,564,38.97270202636719
514,t2_b0,11,1,616,452,22.937768936157227
514,t2_b0,16,1,621,452,35.596317291259766
514,t2_b0,23,5,735,648,4.904436111450195
514,t2_b0,28,5,656,564,4.408083438873291
514,t2_b0,29,1,681,636,7.203946113586426
514,t2_b0,37,5,778,628,32.927364349365234
514,t2_b0,41,1,654,548,3.0351173877716064
514,t2_b0,44,5,820,776,51.948585510253906
514,t2_b0,54,1,795,632,5.862048149108887
514,t2_b0,57,1,698,612,66.47816467285156
514,t2_b0,58,1,728,600,5.993036270141602
515,t2_b0,2,11,720,580,42.8692626953125
515,t2_b0,6,10,814,772,8.065150260925293
515,t2_b0,7,5,658,488,4.253618240356445
515,t2_b0,13,5,792,696,6.326205730438232
515,t2_b0,22,5,656,484,7.041989326477051
515,t2_b0,23,5,740,652,10.476762771606445
515,t2_b0,29,1,682,640,8.778915405273438
515,t2_b0,49,5,685,592,4.518826007843018
515,t2_b0,52,1,689,576,9.65373706817627
515,t2_b0,53,1,628,504,35.032405853271484
515,t2_b0,58,1,729,604,3.361287832260132
515,t2_b0,59,5,783,624,4.4263739585876465
516,t2_b0,3,5,708,640,19.272705078125
516,t2_b0,8,5,722,632,9.020556449890137
516,t2_b0,10,1,699,568,4.322044849395752
516,t2_b0,11,5,621,456,17.983715057373047
516,t2_b0,13,5,797,700,3.652338981628418
516,t2_b0,16,5,626,456,6.132946014404297
516,t2_b0,17,1,710,604,8.185977935791016
516,t2_b0,20,1,738,696,6.332759380340576
516,t2_b0,24,5,751,660,4.470457077026367
516,t2_b0,42,5,625,544,4.666998386383057
516,t2_b0,44,1,821,780,8.654293060302734
516,t2_b0,52,1,690,580,36.48274230957031
516,t2_b0,54,1,796,636,3.3638951778411865
516,t2_b0,55,1,668,568,4.044125556945801
516,t2_b0,57,1,699,616,7.090717315673828
516,t2_b0,58,1,730,608,6.719062328338623
516,t2_b0,59,5,788,628,6.00698709487915
517,t2_b0,0,1,741,656,10.41980266571045
517,t2_b0,3,5,713,644,8.181068420410156
517,t2_b0,7,5,663,492,8.055870056152344
517,t2_b0,18,5,803,644,36.78600311279297
517,t2_b0,19,1,708,492,4.250317573547363
517,t2_b0,26,1,645,508,4.87111759185791
517,t2_b0,28,1,657,568,4.127286434173584
517,t2_b0,29,1,683,644,32.37611389160156
517,t2_b0,30,1,746,600,6.6933817863464355
517,t2_b0,37,1,779,632,7.363398551940918
517,t2_b0,39,5,728,560,6.421529769897461
517,t2_b0,41,1,655,552,26.573335647583008
517,t2_b0,43,5,760,580,8.290223121643066
517,t2_b0,57,1,700,620,41.146812438964844
517,t2_b0,58,5,735,612,6.081181526184082
518,t2_b0,9,1,622,536,46.277435302734375
518,t2_b0,13,1,798,704,7.072333335876465
518,t2_b0,17,7,717,608,22.771400451660156
518,t2_b0,24,5,756,664,4.636402130126953
518,t2_b0,26,5,650,512,14.870527267456055
518,t2_b0,27,5,734,552,4.849172115325928
518,t2_b0,30,5,751,604,4.036355972290039
518,t2_b0,33,6,671,668,8.044608116149902
518,t2_b0,40,5,734,772,21.580551147460938
518,t2_b0,44,10,831,784,6.028695106506348
518,t2_b0,47,5,804,708,5.853377342224121
518,t2_b0,54,5,801,640,6.70683479309082
518,t2_b0,55,1,669,572,27.571155548095703
518,t2_b0,56,1,779,648,5.626465320587158
519,t2_b0,1,5,751,608,5.697949409484863
519,t2_b0,22,1,657,488,5.828066825866699
519,t2_b0,27,5,739,556,2.597799062728882
519,t2_b0,29,5,688,648,7.5339274406433105
519,t2_b0,32,5,666,600,4.452146530151367
519,t2_b0,39,1,729,564,8.31564712524414
519,t2_b0,42,1,626,548,3.191575288772583
519,t2_b0,46,5,767,704,29.0388126373291
519,t2_b0,47,1,805,712,4.216203689575195
519,t2_b0,49,5,690,596,6.3187174797058105
519,t2_b0,53,5,633,508,40.462528228759766
519,t2_b0,58,5,740,616,4.353675842285156
520,t2_b0,5,2,758,652,7.517159461975098
520,t2_b0,13,12,810,708,26.419910430908203
520,t2_b0,31,5,753,696,10.481937408447266
520,t2_b0,36,5,741,596,7.021911144256592
520,t2_b0,38,1,715,532,5.010223388671875
520,t2_b0,44,5,836,788,8.154302597045898
520,t2_b0,46,1,768,708,4.885425090789795
520,t2_b0,48,5,728,664,5.046866416931152
520,t2_b0,55,5,674,576,29.232166290283203
521,t2_b0,1,5,756,612,33.00739288330078
521,t2_b0,9,1,623,540,74.02043151855469
521,t2_b0,10,5,704,572,16.28335952758789
521,t2_b0,14,1,698,564,24.38237190246582
521,t2_b0,21,5,672,588,6.876043796539307
521,t2_b0,25,6,752,536,3.6753931045532227
521,t2_b0,26,5,655,516,5.823056697845459
521,t2_b0,28,5,662,572,3.4175050258636475
521,t2_b0,29,7,695,652,5.457266807556152
521,t2_b0,37,2,781,636,5.918338775634766
521,t2_b0,41,5,660,556,4.673609733581543
521,t2_b0,45,1,747,664,4.978575706481934
521,t2_b0,49,5,695,600,7.338576316833496
521,t2_b0,52,5,695,584,33.8095588684082
521,t2_b0,59,5,793,632,5.733275413513184
522,t2_b0,4,1,786,676,28.724018096923828
522,t2_b0,5,1,759,656,42.21487045288086
522,t2_b0,12,5,712,648,6.185218811035156
522,t2_b0,14,1,699,568,22.58832359313965
522,t2_b0,15,5,672,568,4.163489818572998
522,t2_b0,23,1,741,656,4.4069108963012695
522,t2_b0,32,5,671,604,63.144649505615234
522,t2_b0,38,1,716,536,65.07713317871094
522,t2_b0,46,1,769,712,4.697051048278809
522,t2_b0,50,5,684,624,4.830461025238037
522,t2_b0,58,5,745,620,23.354455947875977
523,t2_b0,7,1,664,496,4.9958014488220215
523,t2_b0,9,1,624,544,3.4500460624694824
523,t2_b0,10,1,705,576,17.502239227294922
523,t2_b0,13,5,815,712,23.08391761779785
523,t2_b0,15,5,677,572,5.52533483505249
523,t2_b0,21,5,677,592,6.318441390991211
523,t2_b0,23,5,746,660,7.748100280761719
523,t2_b0,31,5,758,700,46.75
523,t2_b0,35,5,860,748,3.4466042518615723
523,t2_b0,43,4,764,584,7.81912899017334
523,t2_b0,45,1,748,668,4.03794527053833
523,t2_b0,47,1,806,716,4.672970294952393
523,t2_b0,48,1,729,668,25.40365219116211
523,t2_b0,50,1,685,628,7.987956523895264
523,t2_b0,52,1,696,588,8.768427848815918
523,t2_b0,55,1,675,580,6.386536598205566
523,t2_b0,56,1,780,652,7.722417831420898
523,t2_b0,57,5,705,624,7.0620245933532715
523,t2_b0,59,1,794,636,4.265935897827148
524,t2_b0,0,1,742,660,8.278218269348145
524,t2_b0,5,5,764,660,6.221434593200684
524,t2_b0,9,5,629,548,6.493767738342285
524,t2_b0,32,5,676,608,6.493661880493164
524,t2_b0,35,1,861,752,5.3987040519714355
524,t2_b0,55,6,681,584,28.282329559326172
524,t2_b0,57,5,710,628,8.087884902954102
524,t2_b0,59,5,799,640,6.436122894287109
525,t2_b0,0,5,747,664,8.462977409362793
525,t2_b0,2,5,725,584,35.21565628051758
525,t2_b0,3,5,718,648,6.906112194061279
525,t2_b0,6,5,819,776,6.743762969970703
525,t2_b0,7,5,669,500,4.625
525,t2_b0,19,1,709,496,6.89324951171875
525,t2_b0,23,5,751,664,13.84493350982666
525,t2_b0,30,6,757,608,11.191139221191406
525,t2_b0,42,5,631,552,3.606511354446411
525,t2_b0,47,5,811,720,7.294506549835205
525,t2_b0,48,5,734,672,4.820937633514404
525,t2_b0,50,1,686,632,36.365814208984375
526,t2_b0,9,1,630,552,5.3874664306640625
526,t2_b0,10,5,710,580,4.7008891105651855
526,t2_b0,11,5,626,460,12.496292114257812
526,t2_b0,12,1,713,652,8.226606369018555
526,t2_b0,16,5,631,460,40.474830627441406
526,t2_b0,20,5,743,700,4.961333751678467
526,t2_b0,39,1,730,568,3.340217113494873
526,t2_b0,41,5,665,560,3.845106601715088
526,t2_b0,42,7,638,556,5.7207746505737305
526,t2_b0,48,1,735,676,4.947539329528809
526,t2_b0,50,1,687,636,5.554964065551758
526,t2_b0,51,6,686,576,8.820223808288574
526,t2_b0,52,5,701,592,6.149325847625732
526,t2_b0,53,5,638,512,2.6770694255828857
526,t2_b0,56,1,781,656,3.7539706230163574
526,t2_b0,58,5,750,624,25.233047485351562
526,t2_b0,59,1,800,644,6.941928863525391
527,t2_b0,3,3,721,652,26.66191864013672
527,t2_b0,8,5,727,636,23.49830436706543
527,t2_b0,14,5,704,572,25.4318790435791
527,t2_b0,16,2,633,464,5.092489242553711
527,t2_b0,22,1,658,492,5.603153705596924
527,t2_b0,28,1,663,576,4.369086742401123
527,t2_b0,32,5,681,612,7.328561305999756
527,t2_b0,34,1,654,500,5.045408248901367
527,t2_b0,40,5,739,776,6.566694259643555
527,t2_b0,45,1,749,672,7.109405517578125
527,t2_b0,46,1,770,716,2.4078071117401123
527,t2_b0,55,5,686,588,30.24043083190918
527,t2_b0,57,1,711,632,7.0070953369140625
528,t2_b0,16,2,635,468,30.630653381347656
528,t2_b0,17,5,722,612,9.47884750366211
528,t2_b0,26,5,660,520,5.2240753173828125
528,t2_b0,32,5,686,616,3.14048433303833
528,t2_b0,33,5,676,672,5.625657081604004
528,t2_b0,39,4,734,572,10.371623992919922
528,t2_b0,43,5,769,588,40.9957275390625
528,t2_b0,50,5,692,640,17.409812927246094
528,t2_b0,52,5,706,596,7.0230560302734375
529,t2_b0,0,1,748,668,5.941399574279785
529,t2_b0,2,5,730,588,29.97350311279297
529,t2_b0,6,1,820,780,30.165081024169922
529,t2_b0,8,1,728,640,4.830743312835693
529,t2_b0,15,1,678,576,4.079052448272705
529,t2_b0,16,5,640,472,5.868839263916016
529,t2_b0,19,1,710,500,4.448737621307373
529,t2_b0,27,5,744,560,3.2831897735595703
529,t2_b0,28,5,668,580,6.360733509063721
529,t2_b0,32,11,697,620,6.335704803466797
529,t2_b0,35,1,862,756,5.079075336456299
529,t2_b0,41,1,666,564,3.650960922241211
529,t2_b0,46,6,776,720,6.430832386016846
529,t2_b0,54,6,807,644,10.369401931762695
529,t2_b0,57,1,712,636,9.547266960144043
529,t2_b0,58,1,751,628,5.664493083953857
530,t2_b0,2,5,735,592,4.4380879402160645
530,t2_b0,5,5,769,664,4.117590427398682
530,t2_b0,10,7,717,584,6.476386070251465
530,t2_b0,33,5,681,676,6.657235145568848
530,t2_b0,44,5,841,792,6.026415824890137
531,t2_b0,0,5,753,672,4.931206226348877
531,t2_b0,1,5,761,616,32.907291412353516
531,t2_b0,16,5,645,476,4.783639907836914
531,t2_b0,19,1,711,504,5.466625213623047
531,t2_b0,25,5,757,540,4.321491718292236
531,t2_b0,26,5,665,524,9.087335586547852
531,t2_b0,29,5,700,656,29.581302642822266
531,t2_b0,31,1,759,704,44.145748138427734
531,t2_b0,37,5,786,640,5.603428363800049
531,t2_b0,41,1,667,568,2.7685813903808594
531,t2_b0,49,5,700,604,5.128345489501953
531,t2_b0,53,1,639,516,6.523865699768066
531,t2_b0,56,5,786,660,9.146696090698242
531,t2_b0,58,1,752,632,25.630393981933594
532,t2_b0,17,5,727,616,3.9595794677734375
532,t2_b0,18,1,804,648,10.240138053894043
532,t2_b0,22,2,660,496,33.10402297973633
532,t2_b0,28,1,669,584,8.852008819580078
532,t2_b0,29,10,710,660,5.564054012298584
532,t2_b0,38,5,721,540,6.828327178955078
532,t2_b0,39,5,739,576,4.392310619354248
532,t2_b0,40,1,740,780,23.4346923828125
532,t2_b0,41,1,668,572,15.887870788574219
532,t2_b0,47,1,812,724,3.765138626098633
532,t2_b0,48,6,741,680,5.199295997619629
532,t2_b0,50,1,693,644,17.80133628845215
532,t2_b0,59,3,803,648,19.501365661621094
533,t2_b0,1,1,762,620,3.73164439201355
533,t2_b0,2,5,740,596,11.320405006408691
533,t2_b0,7,5,674,504,5.706714153289795
533,t2_b0,11,1,627,464,7.176471710205078
533,t2_b0,12,5,718,656,7.49822473526001
533,t2_b0,13,5,820,716,7.941194534301758
533,t2_b0,21,7,684,596,7.075067520141602
533,t2_b0,27,5,749,564,2.92460298538208
533,t2_b0,37,1,787,644,5.842789173126221
533,t2_b0,38,10,731,544,4.1615891456604
533,t2_b0,50,5,698,648,3.817913770675659
533,t2_b0,52,2,708,600,7.854379653930664
534,t2_b0,7,5,679,508,4.013054370880127
534,t2_b0,17,5,732,620,6.717541694641113
534,t2_b0,28,26,695,588,6.640611171722412
534,t2_b0,36,5,746,600,10.225799560546875
534,t2_b0,58,5,757,636,22.497556686401367
535,t2_b0,0,1,754,676,8.302572250366211
535,t2_b0,4,1,787,680,28.764375686645508
535,t2_b0,5,5,774,668,4.350875377655029
535,t2_b0,14,1,705,576,29.689861297607422
535,t2_b0,18,5,809,652,35.08123016357422
535,t2_b0,19,1,712,508,35.085601806640625
535,t2_b0,20,5,748,704,8.2499361038208
535,t2_b0,23,1,752,668,8.037808418273926
535,t2_b0,30,5,762,612,6.604461669921875
535,t2_b0,31,1,760,708,41.080936431884766
535,t2_b0,35,1,863,760,36.32433319091797
535,t2_b0,39,2,741,580,4.589272499084473
535,t2_b0,53,6,645,520,22.89875602722168
535,t2_b0,56,5,791,664,4.0272297859191895
535,t2_b0,57,1,713,640,6.726073265075684
536,t2_b0,5,5,779,672,23.162012100219727
536,t2_b0,7,5,684,512,2.122980833053589
536,t2_b0,9,5,635,556,10.870414733886719
536,t2_b0,14,5,710,580,4.4052886962890625
536,t2_b0,22,5,665,500,3.2788641452789307
536,t2_b0,24,5,761,668,3.9781250953674316
536,t2_b0,30,1,763,616,6.750429630279541
536,t2_b0,31,5,765,712,10.13258171081543
536,t2_b0,34,5,659,504,7.867605209350586
536,t2_b0,42,5,643,560,7.878312110900879
536,t2_b0,47,1,813,728,6.041165828704834
536,t2_b0,50,1,699,652,3.2811498641967773
536,t2_b0,51,5,691,580,5.9384894371032715
537,t2_b0,3,5,726,656,7.733636379241943
537,t2_b0,11,5,632,468,17.421764373779297
537,t2_b0,20,5,753,708,3.0617892742156982
537,t2_b0,23,1,753,672,18.95109748840332
537,t2_b0,40,1,741,784,18.208932876586914
537,t2_b0,45,5,754,676,6.650041580200195
537,t2_b0,55,5,691,592,10.311661720275879
537,t2_b0,56,3,794,668,4.594337463378906
537,t2_b0,58,10,767,640,2.827375650405884
538,t2_b0,1,1,763,624,3.690487861633301
538,t2_b0,2,3,743,600,8.481643676757812
538,t2_b0,4,5,792,684,8.987929344177246
538,t2_b0,14,5,715,584,5.9744110107421875
538,t2_b0,26,5,670,528,7.076247215270996
538,t2_b0,35,5,868,764,5.71843147277832
538,t2_b0,40,7,748,788,8.520204544067383
538,t2_b0,43,5,774,592,3.2065272331237793
538,t2_b0,47,2,815,732,4.6242170333862305
538,t2_b0,50,1,700,656,5.976687908172607
538,t2_b0,55,5,696,596,7.801989555358887
539,t2_b0,6,5,825,784,11.438236236572266
539,t2_b0,8,5,733,644,24.041215896606445
539,t2_b0,22,11,676,504,8.098137855529785
539,t2_b0,32,5,702,624,34.046974182128906
539,t2_b0,37,5,792,648,4.392545700073242
539,t2_b0,46,5,781,724,6.305665969848633
539,t2_b0,54,5,812,648,26.369800567626953
540,t2_b0,4,5,797,688,7.601711273193359
540,t2_b0,10,5,722,588,3.9958138465881348
540,t2_b0,11,5,637,472,8.666373252868652
540,t2_b0,13,1,821,720,6.99990701675415
540,t2_b0,14,5,720,588,3.237574577331543
540,t2_b0,17,5,737,624,59.02285385131836
540,t2_b0,18,1,810,656,11.595722198486328
540,t2_b0,23,1,754,676,5.230262279510498
540,t2_b0,27,5,754,568,3.9349913597106934
540,t2_b0,37,1,793,652,2.5084497928619385
540,t2_b0,44,5,846,796,10.801406860351562
540,t2_b0,47,1,816,736,3.7785186767578125
540,t2_b0,50,1,701,660,7.82512092590332
540,t2_b0,51,5,696,584,59.57441711425781
540,t2_b0,54,5,817,652,10.841113090515137
541,t2_b0,1,1,764,628,10.517833709716797
541,t2_b0,5,1,780,676,3.864342212677002
541,t2_b0,13,1,822,724,6.180940628051758
541,t2_b0,25,1,758,544,4.690993309020996
541,t2_b0,30,1,764,620,5.298222541809082
541,t2_b0,36,5,751,604,8.149080276489258
541,t2_b0,43,5,779,596,5.065889835357666
541,t2_b0,47,1,817,740,7.949807643890381
541,t2_b0,50,5,706,664,50.636146545410156
541,t2_b0,55,2,698,600,11.184754371643066
542,t2_b0,0,5,759,680,7.536540508270264
542,t2_b0,16,1,646,480,36.46973419189453
542,t2_b0,18,1,811,660,21.003313064575195
542,t2_b0,20,7,760,712,8.625591278076172
542,t2_b0,23,2,756,680,4.365695476531982
542,t2_b0,29,5,715,664,8.293225288391113
542,t2_b0,34,10,669,508,4.156116485595703
542,t2_b0,41,5,673,576,16.80643081665039
542,t2_b0,48,5,746,684,8.691495895385742
542,t2_b0,55,5,703,604,8.106648445129395
542,t2_b0,59,5,808,652,5.409911155700684
543,t2_b0,1,1,765,632,5.0141448974609375
543,t2_b0,12,5,723,660,5.247854709625244
543,t2_b0,18,5,816,664,6.777249336242676
543,t2_b0,21,5,689,600,6.53321647644043
543,t2_b0,26,20,690,532,5.726703643798828
543,t2_b0,27,1,755,572,34.72696304321289
543,t2_b0,31,5,770,716,7.716773986816406
543,t2_b0,38,5,736,548,6.577300071716309
543,t2_b0,45,5,759,680,4.304484844207764
543,t2_b0,49,10,710,608,5.14809513092041
543,t2_b0,50,1,707,668,5.327417373657227
543,t2_b0,52,5,713,604,37.61489486694336
544,t2_b0,0,2,761,684,5.112724781036377
544,t2_b0,3,5,731,660,6.778875827789307
544,t2_b0,9,1,636,560,24.106109619140625
544,t2_b0,11,5,642,476,7.81289005279541
544,t2_b0,15,5,683,580,34.65531921386719
544,t2_b0,19,5,717,512,5.307612419128418
544,t2_b0,28,5,700,592,6.394126892089844
544,t2_b0,46,5,786,728,5.793184757232666
544,t2_b0,48,3,749,688,5.951196193695068
544,t2_b0,51,5,701,588,6.646404266357422
544,t2_b0,55,5,708,608,41.462318420410156
544,t2_b0,57,5,718,644,7.465941905975342
544,t2_b0,59,5,813,656,7.167101860046387
545,t2_b0,0,5,766,688,5.8432793617248535
545,t2_b0,17,1,738,628,6.950413227081299
545,t2_b0,21,5,694,604,7.474294662475586
545,t2_b0,23,7,763,684,5.4979729652404785
545,t2_b0,30,5,769,624,7.838346004486084
545,t2_b0,39,5,746,584,4.812620639801025
545,t2_b0,53,5,650,524,4.539606094360352
545,t2_b0,54,5,822,656,7.755340576171875
545,t2_b0,59,5,818,660,3.625051498413086
546,t2_b0,1,1,766,636,10.830120086669922
546,t2_b0,3,5,736,664,6.480896472930908
546,t2_b0,7,5,689,516,2.859813690185547
546,t2_b0,15,1,684,584,5.173220157623291
546,t2_b0,17,6,744,632,7.429930210113525
546,t2_b0,25,5,763,548,7.117213249206543
546,t2_b0,27,1,756,576,2.4227147102355957
546,t2_b0,29,5,720,668,7.06306791305542
546,t2_b0,42,10,653,564,8.355732917785645
546,t2_b0,43,1,780,600,7.236177444458008
546,t2_b0,44,1,847,800,33.99766540527344
546,t2_b0,45,5,764,684,8.932109832763672
546,t2_b0,48,5,754,692,5.441844940185547
546,t2_b0,50,11,718,672,4.048050880432129
547,t2_b0,5,1,781,680,6.158413887023926
547,t2_b0,14,5,725,592,6.3901567459106445
547,t2_b0,21,12,706,608,50.52444839477539
547,t2_b0,25,5,768,552,8.310491561889648
547,t2_b0,29,5,725,672,9.114416122436523
547,t2_b0,33,1,682,680,8.506831169128418
547,t2_b0,39,5,751,588,3.387935161590576
547,t2_b0,52,5,718,608,11.41378402709961
547,t2_b0,56,5,799,672,6.088856220245361
547,t2_b0,58,5,772,644,3.4975945949554443
548,t2_b0,0,1,767,692,23.666168212890625
548,t2_b0,2,5,748,604,4.063216209411621
548,t2_b0,5,5,786,684,5.920675754547119
548,t2_b0,7,1,690,520,3.377776861190796
548,t2_b0,9,1,637,564,50.98896789550781
548,t2_b0,19,1,718,516,4.464991569519043
548,t2_b0,24,5,766,672,3.7316596508026123
548,t2_b0,25,5,773,556,18.7296085357666
548,t2_b0,27,6,762,580,2.9766488075256348
548,t2_b0,28,1,701,596,8.315141677856445
548,t2_b0,31,1,771,720,5.798149585723877
548,t2_b0,35,5,873,768,4.83170223236084
548,t2_b0,40,5,753,792,8.290597915649414
548,t2_b0,46,1,787,732,5.448482036590576
548,t2_b0,48,5,759,696,6.975095272064209
548,t2_b0,51,1,702,592,40.83847427368164
548,t2_b0,56,5,804,676,8.893574714660645
548,t2_b0,57,1,719,648,30.995283126831055
549,t2_b0,0,5,772,696,6.314209461212158
549,t2_b0,5,5,791,688,5.374381065368652
549,t2_b0,6,5,830,788,6.348796844482422
549,t2_b0,7,1,691,524,5.590212821960449
549,t2_b0,9,1,638,568,7.920426368713379
549,t2_b0,10,5,727,592,3.95707631111145
549,t2_b0,18,5,821,668,12.234715461730957
549,t2_b0,19,1,719,520,8.554801940917969
549,t2_b0,22,5,681,508,3.4596991539001465
549,t2_b0,28,1,702,600,9.810892105102539
549,t2_b0,31,1,772,724,5.26328182220459
549,t2_b0,51,1,703,596,8.803376197814941
549,t2_b0,52,1,719,612,7.677845001220703
549,t2_b0,57,1,720,652,8.63201904296875
550,t2_b0,1,3,769,640,41.25102615356445
550,t2_b0,9,5,643,572,30.54059600830078
550,t2_b0,13,1,823,728,5.43157958984375
550,t2_b0,16,1,647,484,7.78179407119751
550,t2_b0,19,3,722,524,4.234941482543945
550,t2_b0,29,1,726,676,5.869595527648926
550,t2_b0,33,1,683,684,7.601349830627441
550,t2_b0,35,5,878,772,4.409473896026611
550,t2_b0,37,5,798,656,6.689480304718018
550,t2_b0,39,3,754,592,31.289989471435547
550,t2_b0,43,1,781,604,4.672151565551758
550,t2_b0,44,5,852,804,9.717618942260742
550,t2_b0,55,5,713,612,5.292646408081055
550,t2_b0,56,5,809,680,15.687492370605469
551,t2_b0,9,9,652,576,5.553276062011719
551,t2_b0,10,5,732,596,5.681948184967041
551,t2_b0,13,5,828,732,7.318900108337402
551,t2_b0,14,6,731,596,4.774576663970947
551,t2_b0,16,5,652,488,4.466405868530273
551,t2_b0,36,5,756,608,39.8947868347168
551,t2_b0,45,1,765,688,42.45232391357422
551,t2_b0,47,5,822,744,6.412378787994385
551,t2_b0,50,5,723,676,21.279972076416016
551,t2_b0,53,1,651,528,5.868760108947754
552,t2_b0,4,6,803,692,7.184858798980713
552,t2_b0,6,1,831,792,5.989781379699707
552,t2_b0,20,5,765,716,26.47905731201172
552,t2_b0,29,5,731,680,4.746741771697998
552,t2_b0,34,5,674,512,6.534071922302246
552,t2_b0,37,2,800,660,4.920836448669434
552,t2_b0,39,1,755,596,7.002432346343994
552,t2_b0,51,4,707,600,23.03602409362793
552,t2_b0,54,5,827,660,4.793716907501221
552,t2_b0,55,5,718,616,7.168875694274902
553,t2_b0,3,1,737,668,6.263143539428711
553,t2_b0,5,1,792,692,8.777572631835938
553,t2_b0,7,5,696,528,4.431823253631592
553,t2_b0,10,1,733,600,3.2503528594970703
553,t2_b0,18,5,826,672,11.000100135803223
553,t2_b0,24,1,767,676,9.96855640411377
553,t2_b0,26,5,695,536,7.570531845092773
553,t2_b0,29,1,732,684,45.14318084716797
553,t2_b0,30,5,774,628,7.367004871368408
553,t2_b0,31,14,786,728,46.5496711730957
553,t2_b0,32,1,703,628,12.457944869995117
553,t2_b0,33,5,688,688,6.682524681091309
553,t2_b0,34,5,679,516,40.82733154296875
553,t2_b0,36,5,761,612,8.162050247192383
553,t2_b0,37,1,801,664,4.599316120147705
553,t2_b0,39,1,756,600,3.220695734024048
553,t2_b0,47,5,827,748,6.401352882385254
553,t2_b0,49,6,716,612,3.4418342113494873
554,t2_b0,2,3,751,608,7.762827396392822
554,t2_b0,5,5,797,696,5.972347736358643
554,t2_b0,8,1,734,648,45.52988815307617
554,t2_b0,11,5,647,480,6.046737194061279
554,t2_b0,13,1,829,736,37.85325241088867
554,t2_b0,15,6,690,588,5.2107930183410645
554,t2_b0,16,1,653,492,6.446107864379883
554,t2_b0,20,1,766,720,6.897434234619141
554,t2_b0,26,5,700,540,4.799894332885742
554,t2_b0,28,4,706,604,57.36122131347656
554,t2_b0,35,1,879,776,5.879876136779785
554,t2_b0,37,2,803,668,4.06665563583374
554,t2_b0,38,5,741,552,35.26203155517578
554,t2_b0,40,5,758,796,8.46764850616455
554,t2_b0,41,1,674,580,3.842343807220459
554,t2_b0,43,3,784,608,28.80963134765625
554,t2_b0,45,1,766,692,4.461141586303711
554,t2_b0,53,5,656,532,4.717554092407227
554,t2_b0,54,5,832,664,35.9061164855957
554,t2_b0,57,1,721,656,32.02092361450195
555,t2_b0,0,1,773,700,4.98785400390625
555,t2_b0,5,5,802,700,6.938436985015869
555,t2_b0,7,1,697,532,4.950856685638428
555,t2_b0,10,5,738,604,3.794541835784912
555,t2_b0,12,1,724,664,5.341279983520508
555,t2_b0,16,6,659,496,34.50709533691406
555,t2_b0,22,5,686,512,7.055266380310059
555,t2_b0,23,15,778,688,4.411741733551025
555,t2_b0,36,5,766,616,8.692521095275879
555,t2_b0,38,1,742,556,4.828765869140625
555,t2_b0,39,11,767,604,3.6616199016571045
555,t2_b0,40,5,763,800,7.100917816162109
555,t2_b0,46,1,788,736,32.577178955078125
555,t2_b0,48,3,762,700,39.335323333740234
555,t2_b0,52,1,720,616,13.486796379089355
555,t2_b0,53,5,661,536,7.965643405914307
555,t2_b0,56,1,810,684,3.9327850341796875
555,t2_b0,57,1,722,660,67.7308120727539
556,t2_b0,17,5,749,636,10.851675987243652
556,t2_b0,22,5,691,516,5.405801773071289
556,t2_b0,24,6,773,680,4.215915679931641
556,t2_b0,37,5,808,672,3.306455612182617
556,t2_b0,42,5,658,568,3.8733396530151367
556,t2_b0,48,5,767,704,6.595912933349609
556,t2_b0,53,5,666,540,4.056702613830566
557,t2_b0,0,3,776,704,7.3376898765563965
557,t2_b0,7,1,698,536,5.114571571350098
557,t2_b0,12,1,725,668,6.230131149291992
557,t2_b0,13,2,831,740,41.129676818847656
557,t2_b0,21,5,711,612,7.701726913452148
557,t2_b0,29,1,733,688,6.02030611038208
557,t2_b0,33,5,693,692,8.334917068481445
557,t2_b0,38,2,744,560,6.6986083984375
557,t2_b0,40,2,765,804,7.574796676635742
557,t2_b0,45,2,768,696,7.075864315032959
557,t2_b0,46,2,790,740,4.653324127197266
557,t2_b0,52,5,725,620,9.551548957824707
557,t2_b0,56,1,811,688,5.706047058105469
557,t2_b0,57,3,725,664,5.181524753570557
558,t2_b0,6,5,836,796,44.8621940612793
558,t2_b0,13,5,836,744,4.007938861846924
558,t2_b0,25,5,778,560,16.990863800048828
558,t2_b0,27,5,767,584,4.758592128753662
558,t2_b0,29,5,738,692,28.89423179626465
558,t2_b0,32,5,708,632,7.753768444061279
558,t2_b0,37,5,813,676,4.774538993835449
558,t2_b0,39,5,772,608,6.4401445388793945
558,t2_b0,47,1,828,752,29.357898712158203
558,t2_b0,52,6,731,624,8.16227912902832
558,t2_b0,55,5,723,620,7.937394142150879
558,t2_b0,58,5,777,648,5.382637977600098
559,t2_b0,3,2,739,672,10.529731750488281
559,t2_b0,5,2,804,704,7.712436676025391
559,t2_b0,9,11,663,580,8.666682243347168
559,t2_b0,11,5,652,484,19.209545135498047
559,t2_b0,13,1,837,748,4.5889973640441895
559,t2_b0,17,1,750,640,11.062506675720215
559,t2_b0,22,1,692,520,20.408649444580078
559,t2_b0,29,1,739,696,6.030134677886963
559,t2_b0,30,3,777,632,6.186527252197266
559,t2_b0,33,1,694,696,8.336380958557129
559,t2_b0,34,5,684,520,5.221707820892334
559,t2_b0,35,1,880,780,5.314284324645996
559,t2_b0,37,1,814,680,32.278892517089844
559,t2_b0,40,1,766,808,5.741907119750977
559,t2_b0,42,5,663,572,6.042294979095459
559,t2_b0,43,20,804,612,17.206727981567383
559,t2_b0,53,1,667,544,20.311988830566406
559,t2_b0,57,2,727,668,31.596797943115234
559,t2_b0,58,4,781,652,7.184335231781006
559,t2_b0,59,11,829,664,4.08521842956543
560,t2_b0,1,5,774,644,6.9778923988342285
560,t2_b0,5,5,809,708,24.394268035888672
560,t2_b0,7,5,703,540,4.43170166015625
560,t2_b0,8,6,740,652,6.774897575378418
560,t2_b0,11,5,657,488,19.490522384643555
560,t2_b0,13,5,842,752,6.538971424102783
560,t2_b0,19,5,727,528,7.063438415527344
560,t2_b0,22,5,697,524,4.52011775970459
560,t2_b0,30,5,782,636,5.734589099884033
560,t2_b0,56,5,816,692,10.450531005859375
560,t2_b0,58,5,786,656,24.509109497070312
561,t2_b0,2,2,753,612,5.7107014656066895
561,t2_b0,7,2,705,544,5.712569713592529
561,t2_b0,13,1,843,756,4.643006801605225
561,t2_b0,14,5,736,600,3.6126768589019775
561,t2_b0,17,1,751,644,25.235612869262695
561,t2_b0,18,2,828,676,20.921052932739258
561,t2_b0,19,5,732,532,12.322037696838379
561,t2_b0,20,3,769,724,5.022668361663818
561,t2_b0,22,5,702,528,33.67401885986328
561,t2_b0,27,1,768,588,8.846622467041016
561,t2_b0,29,1,740,700,31.838176727294922
561,t2_b0,32,15,723,636,4.045017242431641
561,t2_b0,33,1,695,700,7.520814895629883
561,t2_b0,34,1,685,524,4.569631099700928
561,t2_b0,44,5,857,808,13.632805824279785
561,t2_b0,47,2,830,756,16.135828018188477
561,t2_b0,50,5,728,680,5.627814292907715
561,t2_b0,53,5,672,548,31.513154983520508
561,t2_b0,55,5,728,624,5.284995079040527
561,t2_b0,58,5,791,660,6.75292444229126
562,t2_b0,0,1,777,708,6.375520706176758
562,t2_b0,4,5,808,696,7.09954833984375
562,t2_b0,12,1,726,672,42.10915756225586
562,t2_b0,25,5,783,564,10.613739013671875
562,t2_b0,33,7,702,704,10.730657577514648
562,t2_b0,38,1,745,564,23.56342315673828
562,t2_b0,42,5,668,576,9.082026481628418
562,t2_b0,46,1,791,744,34.5955810546875
562,t2_b0,47,5,835,760,7.97817850112915
562,t2_b0,48,2,769,708,39.58058547973633
562,t2_b0,51,5,712,604,11.507530212402344
562,t2_b0,56,1,817,696,6.607572555541992
563,t2_b0,0,3,780,712,24.892122268676758
563,t2_b0,4,5,813,700,5.1486945152282715
563,t2_b0,12,5,731,676,6.51719331741333
563,t2_b0,18,5,833,680,10.067536354064941
563,t2_b0,19,1,733,536,9.043390274047852
563,t2_b0,22,7,709,532,33.774444580078125
563,t2_b0,26,1,701,544,4.603667736053467
563,t2_b0,31,5,791,732,3.7956318855285645
563,t2_b0,34,5,690,528,21.134540557861328
563,t2_b0,35,1,881,784,6.412063121795654
563,t2_b0,46,5,796,748,6.251991271972656
563,t2_b0,47,5,840,764,4.155206203460693
563,t2_b0,49,5,721,616,6.258625030517578
563,t2_b0,56,6,823,700,8.891399383544922
564,t2_b0,2,5,758,616,5.661917686462402
564,t2_b0,4,5,818,704,7.974179267883301
564,t2_b0,15,5,695,592,5.503405570983887
564,t2_b0,17,5,756,648,4.449512958526611
564,t2_b0,18,5,838,684,10.393718719482422
564,t2_b0,27,1,769,592,6.1911845207214355
564,t2_b0,28,5,711,608,27.952102661132812
564,t2_b0,49,1,722,620,5.651039123535156
564,t2_b0,54,5,837,668,13.777022361755371
565,t2_b0,10,5,743,608,16.03972053527832
565,t2_b0,11,5,662,492,5.9105224609375
565,t2_b0,16,5,664,500,6.231805324554443
565,t2_b0,17,5,761,652,4.462409973144531
565,t2_b0,19,1,734,540,6.140081405639648
565,t2_b0,20,5,774,728,4.85710334777832
565,t2_b0,23,5,783,692,32.020721435546875
565,t2_b0,25,5,788,568,19.365079879760742
565,t2_b0,31,1,792,736,9.782388687133789
565,t2_b0,35,1,882,788,3.5203030109405518
565,t2_b0,36,5,771,620,32.45524978637695
565,t2_b0,37,12,826,684,4.916614055633545
565,t2_b0,41,1,675,584,3.899653911590576
565,t2_b0,49,1,723,624,9.609786033630371
565,t2_b0,53,1,673,552,19.220731735229492
566,t2_b0,1,5,779,648,42.1762809753418
566,t2_b0,3,1,740,676,6.370223045349121
566,t2_b0,5,1,810,712,9.562836647033691
566,t2_b0,11,5,667,496,9.20396900177002
566,t2_b0,13,1,844,760,6.219407081604004
566,t2_b0,24,5,778,684,84.79949951171875
566,t2_b0,27,1,770,596,2.4752707481384277
566,t2_b0,29,1,741,704,3.178366184234619
566,t2_b0,30,1,783,640,33.3895149230957
566,t2_b0,34,5,695,532,7.884688377380371
566,t2_b0,47,1,841,768,4.35954475402832
566,t2_b0,53,5,678,556,5.054544925689697
566,t2_b0,55,5,733,628,43.583133697509766
566,t2_b0,58,1,792,664,21.49298858642578
567,t2_b0,5,5,815,716,5.398848056793213
567,t2_b0,16,2,666,504,10.162029266357422
567,t2_b0,27,5,775,600,4.8772969245910645
567,t2_b0,37,5,831,688,3.5797054767608643
567,t2_b0,41,5,680,588,2.2014920711517334
567,t2_b0,45,5,773,700,10.6066255569458
568,t2_b0,10,5,748,612,6.537449359893799
568,t2_b0,14,5,741,604,24.087865829467773
568,t2_b0,23,5,788,696,28.88873863220215
568,t2_b0,27,5,780,604,3.3603670597076416
568,t2_b0,31,5,797,740,8.186355590820312
568,t2_b0,39,5,777,612,28.110910415649414
568,t2_b0,45,1,774,704,28.404272079467773
568,t2_b0,47,1,842,772,9.379561424255371
568,t2_b0,52,5,736,628,8.601850509643555
569,t2_b0,2,1,759,620,9.767778396606445
569,t2_b0,3,1,741,680,6.9030327796936035
569,t2_b0,4,1,819,708,30.86244010925293
569,t2_b0,5,5,820,720,8.206466674804688
569,t2_b0,9,5,668,584,5.948862552642822
569,t2_b0,10,5,753,616,4.389985084533691
569,t2_b0,13,6,850,764,4.360934734344482
569,t2_b0,19,1,735,544,4.347821235656738
569,t2_b0,21,5,716,616,8.32012939453125
569,t2_b0,26,1,702,548,19.206579208374023
569,t2_b0,28,1,712,612,10.815130233764648
569,t2_b0,29,1,742,708,6.978122234344482
569,t2_b0,30,1,784,644,8.963420867919922
569,t2_b0,31,2,799,744,5.70711612701416
569,t2_b0,35,1,883,792,40.56071472167969
569,t2_b0,36,1,772,624,21.92102813720703
569,t2_b0,38,1,746,568,6.048050403594971
569,t2_b0,40,5,771,812,6.1645307540893555
569,t2_b0,42,1,669,580,4.058868408203125
569,t2_b0,43,5,809,616,32.592872619628906
569,t2_b0,49,1,724,628,7.232458591461182
569,t2_b0,50,5,733,684,4.062898635864258
569,t2_b0,52,5,741,632,32.77693176269531
569,t2_b0,53,5,683,560,4.691680431365967
569,t2_b0,57,5,732,672,6.353981018066406
569,t2_b0,59,5,834,668,4.746442794799805
570,t2_b0,3,1,742,684,11.6092529296875
570,t2_b0,4,1,820,712,4.414732456207275
570,t2_b0,8,5,745,656,6.95632266998291
570,t2_b0,11,12,679,500,13.806737899780273
570,t2_b0,12,1,732,680,6.252773761749268
570,t2_b0,19,1,736,548,12.241141319274902
570,t2_b0,25,1,789,572,6.86779260635376
570,t2_b0,27,2,782,608,38.7557487487793
570,t2_b0,28,1,713,616,30.14617919921875
570,t2_b0,29,1,743,712,9.252912521362305
570,t2_b0,30,1,785,648,5.441194534301758
570,t2_b0,35,1,884,796,5.910340309143066
570,t2_b0,36,1,773,628,15.600746154785156
570,t2_b0,39,2,779,616,32.25493240356445
570,t2_b0,41,1,681,592,3.452939987182617
570,t2_b0,46,2,798,752,39.72734069824219
570,t2_b0,49,1,725,632,6.630676746368408
570,t2_b0,53,2,685,564,45.461669921875
570,t2_b0,54,1,838,672,5.181512355804443
570,t2_b0,57,5,737,676,39.42634582519531
570,t2_b0,58,1,793,668,8.245081901550293
571,t2_b0,6,5,841,800,7.57273006439209
571,t2_b0,7,5,710,548,4.048835754394531
571,t2_b0,10,5,758,620,4.017470359802246
571,t2_b0,15,5,700,596,3.3389487266540527
571,t2_b0,19,5,741,552,15.005146980285645
571,t2_b0,21,5,721,620,10.075260162353516
571,t2_b0,24,5,783,688,5.431272983551025
571,t2_b0,26,5,707,552,9.728880882263184
571,t2_b0,32,5,728,640,35.826202392578125
571,t2_b0,38,5,751,572,4.1991753578186035
571,t2_b0,39,1,780,620,4.429171085357666
571,t2_b0,41,6,687,596,19.025371551513672
571,t2_b0,42,5,674,584,4.214642524719238
571,t2_b0,57,5,742,680,7.163618087768555
571,t2_b0,58,10,803,672,6.899077415466309
571,t2_b0,59,5,839,672,21.411819458007812
572,t2_b0,19,5,746,556,30.13861846923828
572,t2_b0,24,5,788,692,6.538212776184082
572,t2_b0,32,1,729,644,8.634732246398926
572,t2_b0,33,5,707,708,8.812012672424316
572,t2_b0,35,1,885,800,6.015938758850098
572,t2_b0,36,5,778,632,6.413609504699707
572,t2_b0,46,10,808,756,7.339230537414551
572,t2_b0,48,5,774,712,4.065905570983887
572,t2_b0,49,10,735,636,6.795058727264404
572,t2_b0,51,5,717,608,6.888803005218506
572,t2_b0,53,1,686,568,6.598117828369141
572,t2_b0,54,1,839,676,7.813127517700195
572,t2_b0,59,5,844,676,5.602444171905518
573,t2_b0,0,5,785,716,22.512052536010742
573,t2_b0,2,10,769,624,8.49488639831543
573,t2_b0,15,1,701,600,2.2254014015197754
573,t2_b0,16,5,671,508,33.52825927734375
573,t2_b0,22,5,714,536,3.51335072517395
573,t2_b0,23,1,789,700,4.948269367218018
573,t2_b0,35,1,886,804,40.86014938354492
573,t2_b0,42,1,675,588,5.907878875732422
573,t2_b0,53,1,687,572,42.67082977294922
573,t2_b0,56,5,828,704,5.14188814163208
574,t2_b0,1,7,786,652,8.63031005859375
574,t2_b0,12,15,747,684,5.328697204589844
574,t2_b0,18,5,843,688,7.873800754547119
574,t2_b0,24,5,793,696,10.218374252319336
574,t2_b0,42,10,685,592,59.825157165527344
574,t2_b0,55,5,738,632,4.0471062660217285
575,t2_b0,14,5,746,608,5.818694114685059
575,t2_b0,20,5,779,732,5.598621368408203
575,t2_b0,23,5,794,704,5.972829818725586
575,t2_b0,38,5,756,576,6.026363849639893
576,t2_b0,4,1,821,716,5.465241432189941
576,t2_b0,7,1,711,552,41.392120361328125
576,t2_b0,19,5,751,560,10.926429748535156
576,t2_b0,20,1,780,736,6.087527751922607
576,t2_b0,25,1,790,576,4.689020156860352
576,t2_b0,28,1,714,620,6.081937789916992
576,t2_b0,35,1,887,808,9.005867958068848
576,t2_b0,39,5,785,624,8.315654754638672
576,t2_b0,53,1,688,576,6.88228702545166
576,t2_b0,57,1,743,684,6.623642921447754
576,t2_b0,58,5,808,676,24.938907623291016
577,t2_b0,6,5,846,804,8.169681549072266
577,t2_b0,8,5,750,660,8.727776527404785
577,t2_b0,19,10,761,564,8.073627471923828
577,t2_b0,24,5,798,700,6.322319984436035
577,t2_b0,37,5,836,692,6.802664756774902
577,t2_b0,39,5,790,628,7.298737525939941
577,t2_b0,53,12,700,580,4.459880828857422
577,t2_b0,56,5,833,708,4.007357597351074
578,t2_b0,3,1,743,688,6.771244525909424
578,t2_b0,5,1,821,724,7.283489227294922
578,t2_b0,8,5,755,664,9.788725852966309
578,t2_b0,17,5,766,656,4.582326412200928
578,t2_b0,24,10,808,704,5.979729175567627
578,t2_b0,29,1,744,716,7.698388576507568
578,t2_b0,30,5,790,652,4.634771823883057
578,t2_b0,34,1,696,536,5.772699356079102
578,t2_b0,40,5,776,816,10.151066780090332
578,t2_b0,43,1,810,620,3.792271852493286
578,t2_b0,47,5,847,776,6.457841873168945
578,t2_b0,48,5,779,716,7.1940178871154785
578,t2_b0,51,1,718,612,7.242328643798828
578,t2_b0,55,1,739,636,7.070969581604004
579,t2_b0,0,5,790,720,9.746025085449219
579,t2_b0,13,5,855,768,5.973605632781982
579,t2_b0,31,5,804,748,10.693700790405273
579,t2_b0,35,9,896,812,7.569955825805664
579,t2_b0,50,2,735,688,35.313297271728516
579,t2_b0,56,5,838,712,5.733231067657471
579,t2_b0,57,6,749,688,4.672966003417969
579,t2_b0,59,7,851,680,22.95661163330078
580,t2_b0,3,1,744,692,21.746463775634766
580,t2_b0,4,5,826,720,8.131672859191895
580,t2_b0,5,1,822,728,8.202130317687988
580,t2_b0,7,5,716,556,4.029101848602295
580,t2_b0,8,5,760,668,7.050032138824463
580,t2_b0,10,5,763,624,7.731371879577637
580,t2_b0,11,5,684,504,8.643467903137207
580,t2_b0,18,1,844,692,11.963680267333984
580,t2_b0,25,5,795,580,15.686541557312012
580,t2_b0,27,5,787,612,4.613375663757324
580,t2_b0,29,5,749,720,12.730338096618652
580,t2_b0,30,1,791,656,6.855804443359375
580,t2_b0,50,5,740,692,2.787391185760498
581,t2_b0,16,5,676,512,11.266730308532715
581,t2_b0,17,1,767,660,7.345816612243652
581,t2_b0,26,5,712,556,4.148748397827148
581,t2_b0,31,5,809,752,8.854190826416016
581,t2_b0,36,5,783,636,9.450488090515137
581,t2_b0,40,1,777,820,6.0507965087890625
581,t2_b0,41,5,692,600,43.90687561035156
581,t2_b0,47,5,852,780,5.546661376953125
581,t2_b0,50,5,745,696,6.130619525909424
582,t2_b0,7,5,721,560,44.81663513183594
582,t2_b0,10,5,768,628,3.623164176940918
582,t2_b0,22,5,719,540,4.799302101135254
582,t2_b0,46,5,813,760,3.361304759979248
582,t2_b0,49,5,740,640,10.537281036376953
582,t2_b0,50,1,746,700,7.456372261047363
582,t2_b0,54,5,844,680,5.333148956298828
583,t2_b0,0,1,791,724,9.539041519165039
583,t2_b0,2,5,774,628,44.04071807861328
583,t2_b0,15,5,706,604,6.640102386474609
583,t2_b0,25,1,796,584,8.011027336120605
583,t2_b0,28,1,715,624,6.7855987548828125
583,t2_b0,36,5,788,640,5.361588478088379
583,t2_b0,44,5,862,812,7.449604034423828
583,t2_b0,47,5,857,784,4.860844612121582
584,t2_b0,1,5,791,656,7.48836612701416
584,t2_b0,8,5,765,672,11.710670471191406
584,t2_b0,9,20,688,588,32.345458984375
584,t2_b0,12,5,752,688,40.740379333496094
584,t2_b0,23,7,801,708,6.870036602020264
584,t2_b0,26,5,717,560,15.319416046142578
584,t2_b0,32,5,734,648,7.395153999328613
584,t2_b0,42,5,690,596,5.057878494262695
585,t2_b0,15,5,711,608,23.309131622314453
585,t2_b0,16,2,678,516,7.477311134338379
585,t2_b0,20,5,785,740,6.881176471710205
585,t2_b0,26,5,722,564,48.90860366821289
585,t2_b0,27,3,790,616,5.293149948120117
585,t2_b0,38,5,761,580,8.12855339050293
585,t2_b0,41,5,697,604,44.69865036010742
585,t2_b0,51,5,723,616,3.442166805267334
585,t2_b0,54,5,849,684,7.286716938018799
586,t2_b0,2,1,775,632,4.568323135375977
586,t2_b0,3,3,747,696,61.26046371459961
586,t2_b0,5,3,825,732,9.849244117736816
586,t2_b0,11,1,685,508,8.313127517700195
586,t2_b0,13,5,860,772,7.855908393859863
586,t2_b0,20,5,790,744,4.570188045501709
586,t2_b0,21,2,723,624,64.03749084472656
586,t2_b0,22,2,721,544,5.720644950866699
586,t2_b0,28,5,720,628,4.684316158294678
586,t2_b0,29,3,752,724,37.94672393798828
586,t2_b0,30,2,793,660,8.564689636230469
586,t2_b0,34,3,699,540,6.33222770690918
586,t2_b0,37,5,841,696,3.4090404510498047
586,t2_b0,39,2,792,632,4.913639068603516
586,t2_b0,43,1,811,624,6.169386863708496
586,t2_b0,44,1,863,816,33.11368942260742
586,t2_b0,47,2,859,788,8.50108528137207
586,t2_b0,49,1,741,644,37.982765197753906
586,t2_b0,54,5,854,688,5.149338245391846
586,t2_b0,55,3,742,640,4.170338153839111
586,t2_b0,58,5,813,680,22.763769149780273
587,t2_b0,6,5,851,808,8.412288665771484
587,t2_b0,14,4,750,612,3.9801979064941406
587,t2_b0,19,5,766,568,5.127572059631348
587,t2_b0,25,1,797,588,5.486745357513428
587,t2_b0,27,5,795,620,4.724161148071289
587,t2_b0,37,5,846,700,5.100273132324219
587,t2_b0,45,5,779,708,15.937685012817383
587,t2_b0,53,5,705,584,6.535312175750732
588,t2_b0,1,5,796,660,6.631155490875244
588,t2_b0,2,1,776,636,8.882672309875488
588,t2_b0,3,1,748,700,38.67776870727539
588,t2_b0,6,2,853,812,11.349123001098633
588,t2_b0,15,5,716,612,4.466428756713867
588,t2_b0,17,1,768,664,4.399190425872803
588,t2_b0,24,5,813,708,3.0409932136535645
588,t2_b0,29,1,753,728,14.389436721801758
588,t2_b0,30,1,794,664,13.189692497253418
588,t2_b0,33,5,712,712,6.5263261795043945
588,t2_b0,34,1,700,544,7.591233730316162
588,t2_b0,47,5,864,792,6.803654670715332
588,t2_b0,52,5,746,636,5.828516483306885
588,t2_b0,55,1,743,644,5.4931640625
589,t2_b0,11,5,690,512,10.609210968017578
589,t2_b0,20,5,795,748,3.8426222801208496
589,t2_b0,35,5,901,816,6.673394680023193
589,t2_b0,54,5,859,692,7.61027193069458
589,t2_b0,57,5,754,692,6.871784687042236
589,t2_b0,59,6,857,684,34.46634292602539
590,t2_b0,4,5,831,724,5.642664909362793
590,t2_b0,14,5,755,616,5.843249320983887
590,t2_b0,15,5,721,616,3.3204152584075928
590,t2_b0,16,1,679,520,6.539656639099121
590,t2_b0,17,5,773,668,6.6113386154174805
590,t2_b0,19,5,771,572,3.301098346710205
590,t2_b0,26,1,723,568,37.357730865478516
590,t2_b0,40,2,779,824,6.594601631164551
590,t2_b0,42,5,695,600,25.464984893798828
590,t2_b0,53,1,706,588,3.9128000736236572
591,t2_b0,34,5,705,548,3.561814546585083
591,t2_b0,39,1,793,636,8.499429702758789
591,t2_b0,41,5,702,608,6.407744407653809
591,t2_b0,44,1,864,820,9.90915584564209
592,t2_b0,5,2,827,736,7.333448886871338
592,t2_b0,6,23,876,816,47.226341247558594
592,t2_b0,7,5,726,564,8.752890586853027
592,t2_b0,8,5,770,676,5.911319255828857
592,t2_b0,10,5,773,632,5.2551589012146
592,t2_b0,21,1,724,628,6.652495861053467
592,t2_b0,50,5,751,704,10.11935043334961
592,t2_b0,54,5,864,696,4.721857070922852
592,t2_b0,55,2,745,648,5.134584426879883
593,t2_b0,3,1,749,704,9.602426528930664
593,t2_b0,10,5,778,636,4.943892002105713
593,t2_b0,11,6,696,516,19.950641632080078
593,t2_b0,22,1,722,548,6.485659122467041
593,t2_b0,29,1,754,732,32.30906677246094
593,t2_b0,30,1,795,668,10.189979553222656
593,t2_b0,31,1,810,756,8.597747802734375
593,t2_b0,39,2,795,640,4.380765438079834
593,t2_b0,41,5,707,612,3.796487331390381
593,t2_b0,46,10,823,764,7.762694358825684
593,t2_b0,47,1,865,796,5.98210334777832
594,t2_b0,0,1,792,728,5.129637718200684
594,t2_b0,9,5,693,592,7.932889461517334
594,t2_b0,13,1,861,776,3.2682464122772217
594,t2_b0,23,5,806,712,5.9029130935668945
594,t2_b0,32,10,744,652,4.533520698547363
594,t2_b0,33,1,713,716,9.985699653625488
594,t2_b0,34,5,710,552,14.302282333374023
594,t2_b0,36,15,803,644,7.46854829788208
594,t2_b0,38,1,762,584,8.07563304901123
594,t2_b0,42,1,696,604,22.2401065826416
594,t2_b0,45,5,784,712,6.404027938842773
594,t2_b0,49,1,742,648,5.5644965171813965
594,t2_b0,52,5,751,640,26.81987953186035
594,t2_b0,53,5,711,592,3.972111701965332
595,t2_b0,0,5,797,732,8.078059196472168
595,t2_b0,4,1,832,728,34.25278854370117
595,t2_b0,9,1,694,596,5.953908920288086
595,t2_b0,12,1,753,692,20.863666534423828
595,t2_b0,14,5,760,620,7.582826614379883
595,t2_b0,16,1,680,524,4.183154582977295
595,t2_b0,18,5,849,696,10.319149017333984
595,t2_b0,23,1,807,716,34.68358612060547
595,t2_b0,26,1,724,572,6.3033766746521
595,t2_b0,27,1,796,624,6.323065757751465
595,t2_b0,29,8,762,736,34.100341796875
595,t2_b0,35,1,902,820,5.562840461730957
595,t2_b0,40,1,780,828,21.566068649291992
595,t2_b0,41,10,717,616,42.517127990722656
595,t2_b0,43,1,812,628,24.249711990356445
595,t2_b0,48,5,784,720,14.134294509887695
595,t2_b0,53,5,716,596,19.60900115966797
595,t2_b0,57,6,760,696,5.335692405700684
596,t2_b0,3,1,750,708,5.395617961883545
596,t2_b0,13,1,862,780,6.266654968261719
596,t2_b0,18,1,850,700,9.576157569885254
596,t2_b0,21,1,725,632,4.614742279052734
596,t2_b0,28,5,725,632,5.135283470153809
596,t2_b0,30,1,796,672,5.001969814300537
596,t2_b0,34,5,715,556,4.606368064880371
596,t2_b0,39,1,796,644,3.756520986557007
596,t2_b0,44,1,865,824,6.877980709075928
596,t2_b0,54,2,866,700,7.6782073974609375
597,t2_b0,0,5,802,736,9.469466209411621
597,t2_b0,7,5,731,568,7.515596866607666
597,t2_b0,10,5,783,640,3.9843084812164307
597,t2_b0,17,1,774,672,7.603121757507324
597,t2_b0,19,5,776,576,12.774818420410156
597,t2_b0,25,5,802,592,4.0294084548950195
597,t2_b0,27,1,797,628,37.97345733642578
597,t2_b0,37,5,851,704,7.1134748458862305
597,t2_b0,44,5,870,828,8.774819374084473
597,t2_b0,45,5,789,716,39.000064849853516
598,t2_b0,3,1,751,712,3.5257349014282227
598,t2_b0,5,2,829,740,34.6061897277832
598,t2_b0,15,5,726,620,40.44260025024414
598,t2_b0,16,1,681,528,6.109186172485352
598,t2_b0,23,1,808,720,5.436602592468262
598,t2_b0,24,1,814,712,3.8874897956848145
598,t2_b0,25,5,807,596,3.7983269691467285
598,t2_b0,28,2,727,636,31.78217124938965
598,t2_b0,30,1,797,676,16.124698638916016
598,t2_b0,33,1,714,720,29.148460388183594
598,t2_b0,39,1,797,648,7.689083099365234
598,t2_b0,40,5,785,832,8.317590713500977
598,t2_b0,49,1,743,652,5.157260894775391
598,t2_b0,55,2,747,652,30.782854080200195
598,t2_b0,57,5,765,700,7.0782976150512695
599,t2_b0,0,6,808,740,6.018346786499023
599,t2_b0,1,5,801,664,8.618186950683594
599,t2_b0,12,6,759,696,7.066287994384766
599,t2_b0,14,5,765,624,24.528730392456055
599,t2_b0,21,1,726,636,10.62187671661377
599,t2_b0,22,1,723,552,5.752131462097168
599,t2_b0,33,6,720,724,6.168267726898193
599,t2_b0,53,5,721,600,4.092703819274902
599,t2_b0,59,5,862,688,6.617646217346191
600,t2_b0,2,5,781,640,35.98478698730469
600,t2_b0,3,2,753,716,7.7198262214660645
600,t2_b0,5,3,832,744,49.247947692871094
600,t2_b0,17,6,780,676,5.0987958908081055
600,t2_b0,30,1,798,680,30.97397232055664
600,t2_b0,34,2,717,560,28.372356414794922
600,t2_b0,43,1,813,632,6.071581840515137
600,t2_b0,45,1,790,720,4.902857780456543
600,t2_b0,51,1,724,620,11.208179473876953
600,t2_b0,55,1,748,656,11.00451374053955
600,t2_b0,56,1,839,716,11.327661514282227
601,t2_b0,14,5,770,628,26.846099853515625
601,t2_b0,28,5,732,640,5.328005790710449
601,t2_b0,42,5,701,608,5.60473108291626
601,t2_b0,44,5,875,832,7.01507043838501
601,t2_b0,52,10,761,644,34.69688034057617
602,t2_b0,6,5,881,820,10.54626750946045
602,t2_b0,8,5,775,680,6.743288040161133
602,t2_b0,34,5,722,564,45.8903694152832
602,t2_b0,37,5,856,708,3.561180591583252
603,t2_b0,3,5,758,720,9.259591102600098
603,t2_b0,4,5,837,732,7.12918758392334
603,t2_b0,9,5,699,600,9.074172973632812
603,t2_b0,11,15,711,520,8.029791831970215
603,t2_b0,15,5,731,624,3.770773410797119
603,t2_b0,21,1,727,640,4.810707092285156
603,t2_b0,23,5,813,724,6.255331993103027
603,t2_b0,31,5,815,760,6.721626281738281
603,t2_b0,39,5,802,652,4.495779991149902
603,t2_b0,44,5,880,836,7.988000392913818
603,t2_b0,45,1,791,724,5.872041702270508
603,t2_b0,46,5,828,768,63.12360382080078
603,t2_b0,47,5,870,800,1.9613513946533203
603,t2_b0,49,1,744,656,6.797816276550293
603,t2_b0,50,1,752,708,5.2013020515441895
603,t2_b0,58,1,814,684,3.441861152648926
604,t2_b0,1,4,805,668,5.5249738693237305
604,t2_b0,8,5,780,684,4.918281078338623
604,t2_b0,26,3,727,576,13.274091720581055
604,t2_b0,32,5,749,656,5.930322170257568
604,t2_b0,35,2,904,824,4.282454013824463
604,t2_b0,36,5,808,648,7.548323631286621
604,t2_b0,37,5,861,712,30.48812484741211
604,t2_b0,50,10,762,712,9.229354858398438
605,t2_b0,8,5,785,688,44.6864013671875
605,t2_b0,29,5,767,740,10.08052921295166
605,t2_b0,40,1,786,836,17.58796501159668
605,t2_b0,41,5,722,620,3.326598644256592
605,t2_b0,43,5,818,636,9.474091529846191
605,t2_b0,48,5,789,724,4.26905632019043
605,t2_b0,55,1,749,660,42.30942153930664
605,t2_b0,59,3,865,692,9.91633129119873
606,t2_b0,4,5,842,736,8.609560012817383
606,t2_b0,10,5,788,644,7.5312981605529785
606,t2_b0,13,5,867,784,5.280076026916504
606,t2_b0,30,1,799,684,8.552003860473633
606,t2_b0,34,1,723,568,6.115000247955322
606,t2_b0,40,10,796,840,8.50000286102295
606,t2_b0,43,5,823,640,6.613832473754883
606,t2_b0,54,5,871,704,5.820169925689697
606,t2_b0,55,1,750,664,32.24969482421875
607,t2_b0,1,5,810,672,7.127057075500488
607,t2_b0,7,5,736,572,4.521813869476318
607,t2_b0,10,5,793,648,4.735134601593018
607,t2_b0,19,5,781,580,6.243143558502197
607,t2_b0,20,1,796,752,4.5282182693481445
607,t2_b0,23,5,818,728,25.73003578186035
607,t2_b0,24,1,815,716,5.910074710845947
607,t2_b0,25,5,812,600,35.878658294677734
607,t2_b0,27,5,802,632,36.74220657348633
607,t2_b0,30,1,800,688,6.070559501647949
607,t2_b0,34,1,724,572,6.670294761657715
607,t2_b0,38,5,767,588,5.757686614990234
607,t2_b0,39,5,807,656,5.886501789093018
607,t2_b0,51,1,725,624,10.16114616394043
607,t2_b0,55,5,755,668,6.244757652282715
607,t2_b0,56,1,840,720,5.98257303237915
607,t2_b0,58,11,825,688,8.117166519165039
608,t2_b0,1,5,815,676,7.273331165313721
608,t2_b0,3,2,760,724,5.2899489402771
608,t2_b0,4,5,847,740,4.379121780395508
608,t2_b0,16,5,686,532,4.139246463775635
608,t2_b0,26,5,732,580,10.083799362182617
608,t2_b0,31,5,820,764,5.357574462890625
608,t2_b0,32,2,751,660,7.532700061798096
608,t2_b0,34,2,726,576,7.278986930847168
608,t2_b0,38,1,768,592,6.302446365356445
608,t2_b0,43,1,824,644,29.433626174926758
608,t2_b0,49,6,750,660,5.721583366394043
608,t2_b0,56,5,845,724,7.0453877449035645
608,t2_b0,57,5,770,704,39.22568130493164
609,t2_b0,0,16,824,744,6.966969966888428
609,t2_b0,12,5,764,700,8.652417182922363
609,t2_b0,22,5,728,556,3.6075174808502197
609,t2_b0,33,5,725,728,8.28986930847168
609,t2_b0,35,1,905,828,6.5972442626953125
609,t2_b0,39,6,813,660,7.3118181228637695
609,t2_b0,55,1,756,672,30.36600685119629
610,t2_b0,2,5,786,644,4.874969005584717
610,t2_b0,5,5,837,748,7.8405070304870605
610,t2_b0,12,5,769,704,23.816516876220703
610,t2_b0,14,1,771,632,3.176877975463867
610,t2_b0,17,5,785,680,5.453078269958496
610,t2_b0,31,5,825,768,8.20280933380127
610,t2_b0,41,1,723,624,4.117026329040527
610,t2_b0,43,5,829,648,5.898594856262207
610,t2_b0,48,5,794,728,6.37714147567749
611,t2_b0,3,3,763,728,7.235153675079346
611,t2_b0,5,5,842,752,3.8609976768493652
611,t2_b0,10,5,798,652,12.715158462524414
611,t2_b0,28,5,737,644,54.86494827270508
611,t2_b0,42,5,706,612,6.779073715209961
611,t2_b0,48,5,799,732,5.15550422668457
611,t2_b0,52,5,766,648,7.676823616027832
612,t2_b0,2,1,787,648,7.28265380859375
612,t2_b0,7,5,741,576,6.248367786407471
612,t2_b0,8,5,790,692,20.827850341796875
612,t2_b0,21,2,729,644,8.501026153564453
612,t2_b0,25,1,813,604,4.264869213104248
612,t2_b0,29,5,772,744,36.60479736328125
612,t2_b0,37,1,862,716,5.089632511138916
612,t2_b0,48,1,800,736,6.654300689697266
612,t2_b0,53,2,723,604,56.993141174316406
612,t2_b0,57,2,772,708,6.3714399337768555
613,t2_b0,4,5,852,744,7.135077953338623
613,t2_b0,6,5,886,824,6.448742866516113
613,t2_b0,11,5,716,524,22.55180549621582
613,t2_b0,15,5,736,628,2.470876455307007
613,t2_b0,16,1,687,536,4.530179500579834
613,t2_b0,20,2,798,756,7.2677202224731445
613,t2_b0,24,2,817,720,42.145877838134766
613,t2_b0,26,5,737,584,3.574737071990967
613,t2_b0,28,5,742,648,4.933804988861084
613,t2_b0,30,2,802,692,35.76163864135742
613,t2_b0,34,14,740,580,5.72755765914917
613,t2_b0,37,5,867,720,44.5396728515625
613,t2_b0,41,5,728,628,5.168099880218506
613,t2_b0,43,1,830,652,5.325750827789307
613,t2_b0,44,5,885,840,27.86779022216797
613,t2_b0,45,5,796,728,10.216160774230957
613,t2_b0,46,5,833,772,6.569733142852783
613,t2_b0,48,5,805,740,13.133868217468262
613,t2_b0,51,2,727,628,9.062968254089355
613,t2_b0,55,2,758,676,8.502615928649902
613,t2_b0,56,1,846,728,7.467784881591797
614,t2_b0,0,5,829,748,7.985854625701904
614,t2_b0,1,1,816,680,8.510313034057617
614,t2_b0,7,12,753,580,41.62744903564453
614,t2_b0,13,1,868,788,8.687036514282227
614,t2_b0,14,5,776,636,43.65070343017578
614,t2_b0,17,5,790,684,6.7850799560546875
614,t2_b0,20,1,799,760,7.140599250793457
614,t2_b0,25,3,816,608,2.7415432929992676
614,t2_b0,27,1,803,636,35.98703384399414
614,t2_b0,28,5,747,652,11.15748119354248
614,t2_b0,43,1,831,656,5.526726245880127
614,t2_b0,50,5,767,716,9.22327709197998
614,t2_b0,51,1,728,632,7.60546350479126
614,t2_b0,55,1,759,680,12.005188941955566
614,t2_b0,56,1,847,732,7.352215766906738
615,t2_b0,16,2,689,540,6.011695861816406
615,t2_b0,41,5,733,632,4.317386627197266
615,t2_b0,45,5,801,732,7.091638565063477
615,t2_b0,55,1,760,684,6.6332902908325195
615,t2_b0,59,5,870,696,4.983762741088867
616,t2_b0,9,5,704,604,8.301119804382324
616,t2_b0,13,5,873,792,44.122215270996094
616,t2_b0,18,5,855,704,16.694372177124023
616,t2_b0,29,5,777,748,38.03559875488281
616,t2_b0,30,5,807,696,7.906085968017578
616,t2_b0,33,5,730,732,6.600566387176514
616,t2_b0,40,5,801,844,5.133814811706543
616,t2_b0,53,6,729,608,6.050734519958496
617,t2_b0,1,5,821,684,6.229696750640869
617,t2_b0,16,1,690,544,36.37294006347656
617,t2_b0,17,2,792,688,6.775029182434082
617,t2_b0,18,10,865,708,8.192251205444336
617,t2_b0,20,2,801,764,8.929390907287598
617,t2_b0,23,5,823,732,24.29953956604004
617,t2_b0,24,1,818,724,4.936394691467285
617,t2_b0,27,1,804,640,7.806257724761963
617,t2_b0,33,5,735,736,7.749573707580566
617,t2_b0,41,5,738,636,15.824376106262207
617,t2_b0,43,2,833,660,8.337728500366211
617,t2_b0,48,2,807,744,6.664394378662109
617,t2_b0,51,2,730,636,6.904211521148682
617,t2_b0,54,5,876,708,5.185363292694092
617,t2_b0,55,1,761,688,6.685126304626465
617,t2_b0,56,1,848,736,5.048955917358398
617,t2_b0,58,5,830,692,4.790505409240723
618,t2_b0,1,10,831,688,8.469440460205078
618,t2_b0,9,5,709,608,8.3004732131958
618,t2_b0,32,5,756,664,8.114764213562012
618,t2_b0,42,5,711,616,7.103678226470947
618,t2_b0,49,5,755,664,5.680152416229248
619,t2_b0,8,11,801,696,24.073352813720703
619,t2_b0,11,5,721,528,12.9549560546875
619,t2_b0,21,5,734,648,3.4499423503875732
619,t2_b0,22,15,743,560,4.7382073402404785
619,t2_b0,23,5,828,736,8.665485382080078
619,t2_b0,28,5,752,656,4.132541179656982
619,t2_b0,35,5,910,832,6.272082328796387
619,t2_b0,39,5,818,664,3.5135045051574707
619,t2_b0,40,5,806,848,7.925754547119141
619,t2_b0,50,5,772,720,63.20114517211914
620,t2_b0,11,5,726,532,10.082571983337402
620,t2_b0,17,1,793,692,25.512781143188477
620,t2_b0,24,1,819,728,4.231881141662598
620,t2_b0,28,5,757,660,5.090912342071533
620,t2_b0,30,10,817,700,6.613636493682861
620,t2_b0,35,5,915,836,5.1335930824279785
620,t2_b0,47,1,871,804,6.255375862121582
620,t2_b0,51,2,732,640,7.134531021118164
620,t2_b0,55,5,766,692,29.351709365844727
620,t2_b0,56,2,850,740,5.658083438873291
620,t2_b0,58,5,835,696,23.384796142578125
621,t2_b0,3,5,768,732,5.598951816558838
621,t2_b0,10,5,803,656,18.14986801147461
621,t2_b0,13,1,874,796,8.052434921264648
621,t2_b0,20,1,802,768,7.637151718139648
621,t2_b0,21,5,739,652,10.120739936828613
621,t2_b0,35,5,920,840,12.80739688873291
621,t2_b0,43,1,834,664,8.642107963562012
622,t2_b0,2,5,792,652,8.482990264892578
622,t2_b0,9,5,714,612,11.212423324584961
622,t2_b0,11,2,728,536,13.25153923034668
622,t2_b0,14,5,781,640,6.715911388397217
622,t2_b0,16,1,691,548,6.460588455200195
622,t2_b0,17,1,794,696,3.5279464721679688
622,t2_b0,19,1,782,584,7.88686990737915
622,t2_b0,20,1,803,772,7.480358123779297
622,t2_b0,21,1,740,656,6.049424171447754
622,t2_b0,23,1,829,740,28.94277572631836
622,t2_b0,24,2,821,732,47.39892578125
622,t2_b0,28,5,762,664,10.525015830993652
622,t2_b0,31,5,830,772,82.15618133544922
622,t2_b0,38,2,770,596,6.490464210510254
622,t2_b0,40,1,807,852,4.836313724517822
622,t2_b0,42,10,721,620,3.870018720626831
622,t2_b0,43,1,835,668,25.27488899230957
622,t2_b0,46,1,834,776,7.892289161682129
622,t2_b0,51,1,733,644,55.430442810058594
622,t2_b0,52,2,768,652,47.78691482543945
622,t2_b0,54,5,881,712,7.097753524780273
622,t2_b0,56,1,851,744,6.687041282653809
622,t2_b0,57,2,774,712,5.694802761077881
623,t2_b0,4,5,857,748,3.866302490234375
623,t2_b0,16,5,696,552,5.060336589813232
623,t2_b0,19,1,783,588,5.602678298950195
623,t2_b0,26,5,742,588,9.42912769317627
623,t2_b0,34,5,745,584,21.921741485595703
623,t2_b0,36,2,810,652,11.708457946777344
623,t2_b0,37,5,872,724,3.4877710342407227
623,t2_b0,52,5,773,656,6.733606815338135
624,t2_b0,0,5,834,752,6.909768104553223
624,t2_b0,2,5,797,656,8.857454299926758
624,t2_b0,7,5,758,584,44.931304931640625
624,t2_b0,11,1,729,540,8.703161239624023
624,t2_b0,13,1,875,800,9.661439895629883
624,t2_b0,16,5,701,556,3.5967347621917725
624,t2_b0,17,5,799,700,3.6816306114196777
624,t2_b0,20,1,804,776,7.863950729370117
624,t2_b0,23,5,834,744,24.676654815673828
624,t2_b0,24,1,822,736,7.063138484954834
624,t2_b0,25,5,821,612,19.078792572021484
624,t2_b0,26,5,747,592,16.089494705200195
624,t2_b0,29,5,782,752,6.305515766143799
624,t2_b0,35,1,921,844,6.508872032165527
624,t2_b0,43,1,836,672,8.217301368713379
624,t2_b0,45,5,806,736,44.88934326171875
624,t2_b0,51,1,734,648,36.63892364501953
624,t2_b0,56,1,852,748,18.29473876953125
625,t2_b0,5,5,847,756,5.020534038543701
625,t2_b0,6,5,891,828,9.282817840576172
625,t2_b0,10,5,808,660,3.1717004776000977
625,t2_b0,19,1,784,592,6.179518699645996
625,t2_b0,20,1,805,780,40.89030075073242
625,t2_b0,21,5,745,660,37.26976013183594
625,t2_b0,31,5,835,776,42.55368423461914
625,t2_b0,38,5,775,600,38.29296112060547
625,t2_b0,40,1,808,856,19.38187026977539
625,t2_b0,45,5,811,740,8.793671607971191
625,t2_b0,57,6,780,716,10.337163925170898
626,t2_b0,13,1,876,804,6.362470626831055
626,t2_b0,17,5,804,704,4.669051647186279
626,t2_b0,20,1,806,784,42.131004333496094
626,t2_b0,24,5,827,740,8.360926628112793
626,t2_b0,26,5,752,596,9.238009452819824
626,t2_b0,32,5,761,668,5.903270721435547
626,t2_b0,35,1,922,848,2.922348737716675
626,t2_b0,38,5,780,604,5.348597049713135
626,t2_b0,43,1,837,676,5.444502353668213
626,t2_b0,51,1,735,652,8.630975723266602
626,t2_b0,53,5,734,612,41.54508972167969
626,t2_b0,56,5,857,752,8.655561447143555
626,t2_b0,58,5,840,700,23.140409469604492
627,t2_b0,11,1,730,544,17.7872314453125
627,t2_b0,15,15,751,632,6.22753381729126
627,t2_b0,17,5,809,708,6.116566181182861
627,t2_b0,18,5,870,712,8.176032066345215
627,t2_b0,19,5,789,596,9.094637870788574
627,t2_b0,20,5,811,788,7.992033004760742
627,t2_b0,27,5,809,644,5.745232105255127
627,t2_b0,43,1,838,680,6.245880126953125
627,t2_b0,44,5,890,844,9.86807918548584
627,t2_b0,48,5,812,748,13.144194602966309
627,t2_b0,51,1,736,656,6.885982513427734
627,t2_b0,52,5,778,660,9.888731002807617
628,t2_b0,1,5,836,692,6.987306118011475
628,t2_b0,4,5,862,752,5.4469757080078125
628,t2_b0,9,5,719,616,6.563930034637451
628,t2_b0,11,1,731,548,12.967015266418457
628,t2_b0,13,5,881,808,6.975125312805176
628,t2_b0,16,5,706,560,11.82905101776123
628,t2_b0,20,1,812,792,6.882734298706055
628,t2_b0,35,5,927,852,6.472706317901611
628,t2_b0,37,1,873,728,47.77167510986328
628,t2_b0,43,6,844,684,3.8050453662872314
628,t2_b0,45,1,812,744,3.5331506729125977
628,t2_b0,46,5,839,780,6.531676769256592
628,t2_b0,50,5,777,724,20.047510147094727
628,t2_b0,51,1,737,660,4.075881481170654
628,t2_b0,56,1,858,756,7.359784126281738
629,t2_b0,8,5,806,700,7.891935348510742
629,t2_b0,14,5,786,644,4.0008320808410645
629,t2_b0,17,5,814,712,10.972407341003418
629,t2_b0,18,5,875,716,9.372772216796875
629,t2_b0,22,5,748,564,4.346345901489258
629,t2_b0,36,2,812,656,7.72106409072876
629,t2_b0,41,5,743,640,3.3719630241394043
629,t2_b0,45,5,817,748,6.851712226867676
629,t2_b0,48,5,817,752,23.736806869506836
629,t2_b0,51,1,738,664,7.09950065612793
629,t2_b0,52,5,783,664,10.446375846862793
630,t2_b0,12,5,774,708,61.114200592041016
630,t2_b0,19,11,800,600,6.307767868041992
630,t2_b0,30,5,822,704,5.641250133514404
630,t2_b0,33,5,740,740,6.895843982696533
630,t2_b0,39,10,828,668,7.843979835510254
630,t2_b0,46,5,844,784,5.414279937744141
630,t2_b0,47,5,876,808,7.51749849319458
630,t2_b0,48,5,822,756,4.125914096832275
630,t2_b0,49,5,760,668,3.7204856872558594
630,t2_b0,54,5,886,716,5.778753280639648
630,t2_b0,55,5,771,696,6.821384429931641
631,t2_b0,1,1,837,696,10.50560474395752
631,t2_b0,7,5,763,588,8.923860549926758
631,t2_b0,11,5,736,552,8.990296363830566
631,t2_b0,12,1,775,712,8.738373756408691
631,t2_b0,13,1,882,812,4.844840049743652
631,t2_b0,20,1,813,796,6.575432300567627
631,t2_b0,26,1,753,600,30.518911361694336
631,t2_b0,33,10,750,744,6.996274948120117
631,t2_b0,35,1,928,856,42.34531021118164
631,t2_b0,45,1,818,752,29.09425926208496
631,t2_b0,51,6,744,668,8.41494369506836
631,t2_b0,52,5,788,668,35.634525299072266
631,t2_b0,56,1,859,760,5.6329851150512695
632,t2_b0,10,1,809,664,21.132160186767578
632,t2_b0,11,5,741,556,18.66736602783203
632,t2_b0,18,5,880,720,10.651643753051758
632,t2_b0,23,5,839,748,9.771453857421875
632,t2_b0,30,5,827,708,10.718130111694336
632,t2_b0,40,1,809,860,7.208362102508545
632,t2_b0,42,5,726,624,7.37818717956543
633,t2_b0,4,5,867,756,3.989332675933838
633,t2_b0,18,5,885,724,11.809785842895508
633,t2_b0,20,5,818,800,4.812544345855713
633,t2_b0,23,5,844,752,6.04625940322876
633,t2_b0,28,5,767,668,4.778237342834473
633,t2_b0,30,5,832,712,15.66848373413086
633,t2_b0,35,5,933,860,41.43588638305664
633,t2_b0,46,6,850,788,9.127143859863281
633,t2_b0,47,5,881,812,19.905221939086914
633,t2_b0,54,5,891,720,9.27640151977539
633,t2_b0,55,1,772,700,28.922531127929688
633,t2_b0,58,1,841,704,5.134684085845947
634,t2_b0,6,1,892,832,14.856985092163086
634,t2_b0,11,1,742,560,8.21043586730957
634,t2_b0,13,1,883,816,5.9918365478515625
634,t2_b0,20,1,819,804,9.49128532409668
634,t2_b0,26,7,760,604,6.5303425788879395
634,t2_b0,31,2,837,780,8.218915939331055
634,t2_b0,32,5,766,672,6.257741928100586
634,t2_b0,37,1,874,732,6.640266418457031
634,t2_b0,42,5,731,628,37.505699157714844
634,t2_b0,50,10,787,728,3.5382256507873535
635,t2_b0,4,5,872,760,2.3718085289001465
635,t2_b0,5,5,852,760,6.370457649230957
635,t2_b0,29,5,787,756,5.145293712615967
635,t2_b0,34,5,750,588,9.159543991088867
635,t2_b0,53,5,739,616,8.682607650756836
635,t2_b0,56,2,861,764,6.39910888671875
635,t2_b0,57,5,785,720,5.905267238616943
636,t2_b0,2,5,802,660,4.299248695373535
636,t2_b0,4,15,887,764,3.199967622756958
636,t2_b0,5,5,857,764,10.46263313293457
636,t2_b0,14,5,791,648,43.83119201660156
636,t2_b0,21,5,750,664,3.2807564735412598
636,t2_b0,24,5,832,744,6.361682891845703
636,t2_b0,25,2,823,616,4.607152938842773
636,t2_b0,28,1,768,672,6.269019603729248
636,t2_b0,31,5,842,784,4.16936731338501
636,t2_b0,45,2,820,756,6.540227890014648
637,t2_b0,9,1,720,620,6.246865272521973
637,t2_b0,11,5,747,564,6.1504669189453125
637,t2_b0,15,5,756,636,5.364043235778809
637,t2_b0,31,1,843,788,8.570555686950684
637,t2_b0,32,1,767,676,6.281649589538574
637,t2_b0,37,5,879,736,4.749029159545898
637,t2_b0,44,5,895,848,7.665072441101074
637,t2_b0,48,5,827,760,24.254356384277344
637,t2_b0,49,1,761,672,37.3953742980957
637,t2_b0,54,1,892,724,7.556694030761719
637,t2_b0,59,1,871,700,35.24031448364258
638,t2_b0,6,1,893,836,6.397708415985107
638,t2_b0,13,1,884,820,29.559358596801758
638,t2_b0,15,5,761,640,5.930583477020264
638,t2_b0,16,5,711,564,65.97440338134766
638,t2_b0,18,1,886,728,16.514217376708984
638,t2_b0,23,1,845,756,3.6049044132232666
638,t2_b0,28,1,769,676,5.619168281555176
638,t2_b0,38,1,781,608,5.587088108062744
638,t2_b0,39,5,833,672,4.2911696434021
638,t2_b0,43,5,849,688,5.942894458770752
638,t2_b0,45,3,823,760,5.639492988586426
638,t2_b0,47,1,882,816,9.201432228088379
638,t2_b0,48,5,832,764,5.075424671173096
638,t2_b0,55,1,773,704,29.673011779785156
639,t2_b0,0,5,839,756,4.349400997161865
639,t2_b0,3,5,773,736,10.090995788574219
639,t2_b0,17,5,819,716,3.187157392501831
639,t2_b0,31,17,860,792,9.353227615356445
639,t2_b0,32,5,772,680,4.480291366577148
639,t2_b0,36,5,817,660,12.988947868347168
639,t2_b0,42,5,736,632,24.809871673583984
639,t2_b0,54,5,897,728,9.133720397949219
640,t2_b0,5,11,868,768,8.30712890625
640,t2_b0,7,5,768,592,5.812223434448242
640,t2_b0,13,5,889,824,6.912136077880859
640,t2_b0,14,6,797,652,3.1099393367767334
640,t2_b0,15,5,766,644,3.580627679824829
640,t2_b0,18,5,891,732,13.390608787536621
640,t2_b0,19,5,805,604,13.201555252075195
640,t2_b0,23,5,850,760,6.567883014678955
640,t2_b0,28,5,774,680,4.135225772857666
640,t2_b0,37,1,880,740,5.712183952331543
640,t2_b0,45,5,828,764,48.03267288208008
641,t2_b0,6,5,898,840,11.7733154296875
641,t2_b0,8,5,811,704,43.40594482421875
641,t2_b0,11,2,749,568,8.929563522338867
641,t2_b0,12,5,780,716,19.805164337158203
641,t2_b0,13,5,894,828,9.026100158691406
641,t2_b0,16,1,712,568,8.318690299987793
641,t2_b0,22,1,749,568,29.796592712402344
641,t2_b0,27,1,810,648,4.346808433532715
641,t2_b0,33,5,755,748,6.999651908874512
641,t2_b0,41,5,748,644,5.163741111755371
641,t2_b0,51,5,749,672,6.250607967376709
641,t2_b0,52,1,789,672,10.199325561523438
642,t2_b0,2,5,807,664,5.708401679992676
642,t2_b0,7,5,773,596,7.636987686157227
642,t2_b0,8,5,816,708,5.090581893920898
642,t2_b0,9,1,721,624,5.606921195983887
642,t2_b0,10,5,814,668,5.913379669189453
642,t2_b0,24,5,837,748,6.633968353271484
642,t2_b0,40,5,814,864,4.824587821960449
642,t2_b0,44,5,900,852,7.642426490783691
642,t2_b0,49,5,766,676,7.184238433837891
642,t2_b0,52,5,794,676,7.184019565582275
642,t2_b0,59,5,876,704,3.3962247371673584
643,t2_b0,19,5,810,608,13.739786148071289
643,t2_b0,21,1,751,668,54.89823532104492
643,t2_b0,28,1,775,684,12.406704902648926
643,t2_b0,35,5,938,864,3.9412195682525635
643,t2_b0,36,5,822,664,4.867422103881836
643,t2_b0,46,5,855,792,5.63168478012085
643,t2_b0,55,2,775,708,10.578763961791992
643,t2_b0,58,5,846,708,5.047013282775879
643,t2_b0,59,5,881,708,3.849459409713745
644,t2_b0,13,5,899,832,28.187694549560547
644,t2_b0,20,5,824,808,3.7887868881225586
644,t2_b0,26,5,765,608,11.949231147766113
644,t2_b0,28,5,780,688,7.787360191345215
644,t2_b0,49,1,767,680,19.649765014648438
644,t2_b0,50,5,792,732,9.408672332763672
645,t2_b0,0,5,844,760,10.61927604675293
645,t2_b0,2,5,812,668,29.363101959228516
645,t2_b0,8,7,823,712,43.407142639160156
645,t2_b0,9,1,722,628,6.573240280151367
645,t2_b0,10,5,819,672,15.910117149353027
645,t2_b0,32,6,778,684,6.680629253387451
645,t2_b0,41,5,753,648,28.388320922851562
645,t2_b0,42,5,741,636,37.53246307373047
645,t2_b0,53,5,744,620,6.497028350830078
645,t2_b0,56,5,866,768,6.797111988067627
646,t2_b0,4,5,892,768,8.307398796081543
646,t2_b0,9,1,723,632,4.20438289642334
646,t2_b0,25,5,828,620,5.326646327972412
646,t2_b0,27,5,815,652,3.199404239654541
646,t2_b0,34,1,751,592,6.886275768280029
646,t2_b0,36,5,827,668,6.9992218017578125
646,t2_b0,47,5,887,820,6.970757484436035
646,t2_b0,54,1,898,732,3.1922998428344727
646,t2_b0,55,5,780,712,8.734846115112305
646,t2_b0,57,5,790,724,8.07253646850586
647,t2_b0,12,5,785,720,4.570709228515625
647,t2_b0,13,5,904,836,9.125975608825684
647,t2_b0,19,6,816,612,5.945333480834961
647,t2_b0,20,5,829,812,25.217727661132812
647,t2_b0,44,5,905,856,8.173074722290039
648,t2_b0,3,15,788,740,5.8780717849731445
648,t2_b0,18,2,893,736,6.935168266296387
648,t2_b0,24,5,842,752,4.269100189208984
648,t2_b0,26,5,770,612,5.749931812286377
648,t2_b0,30,15,847,716,14.578240394592285
648,t2_b0,36,5,832,672,11.637563705444336
648,t2_b0,38,11,792,612,7.667114734649658
648,t2_b0,39,5,838,676,3.958242416381836
648,t2_b0,41,5,758,652,4.705600738525391
648,t2_b0,44,5,910,860,8.581512451171875
648,t2_b0,46,5,860,796,5.983332633972168
648,t2_b0,50,5,797,736,7.047930717468262
649,t2_b0,15,5,771,648,3.343329668045044
649,t2_b0,17,5,824,720,5.865206718444824
649,t2_b0,23,1,851,764,8.228300094604492
649,t2_b0,26,1,771,616,8.479376792907715
649,t2_b0,27,1,816,656,7.324345111846924
649,t2_b0,31,5,865,796,8.438806533813477
649,t2_b0,35,1,939,868,34.18354415893555
649,t2_b0,36,5,837,676,9.399141311645508
649,t2_b0,50,1,798,740,5.636867523193359
649,t2_b0,52,12,806,680,5.378157138824463
649,t2_b0,58,5,851,712,25.8226318359375
650,t2_b0,5,5,873,772,5.704609394073486
650,t2_b0,14,5,802,656,10.075515747070312
650,t2_b0,37,5,885,744,3.58219313621521
650,t2_b0,45,5,833,768,5.902592658996582
650,t2_b0,46,5,865,800,5.954394340515137
650,t2_b0,48,7,839,768,6.296978950500488
650,t2_b0,54,7,905,736,16.268993377685547
651,t2_b0,9,4,727,636,10.702188491821289
651,t2_b0,10,1,820,676,8.821064949035645
651,t2_b0,11,5,754,572,5.578786373138428
651,t2_b0,12,5,790,724,22.319290161132812
651,t2_b0,15,5,776,652,6.41585111618042
651,t2_b0,20,5,834,816,6.910085201263428
651,t2_b0,25,1,829,624,23.940237045288086
651,t2_b0,28,2,782,692,5.584928035736084
651,t2_b0,34,2,753,596,8.498044967651367
651,t2_b0,43,1,850,692,11.828235626220703
651,t2_b0,46,1,866,804,7.875814437866211
651,t2_b0,51,1,750,676,14.781843185424805
651,t2_b0,55,1,781,716,7.986571311950684
652,t2_b0,1,5,842,700,6.558547019958496
652,t2_b0,5,5,878,776,6.995814323425293
652,t2_b0,6,1,899,844,7.173825263977051
652,t2_b0,7,10,783,600,8.139769554138184
652,t2_b0,16,1,713,572,4.8578410148620605
652,t2_b0,22,1,750,572,4.220171928405762
652,t2_b0,24,1,843,756,6.668560028076172
652,t2_b0,26,1,772,620,69.9238052368164
652,t2_b0,31,5,870,800,8.366954803466797
652,t2_b0,35,1,940,872,7.835233688354492
652,t2_b0,36,1,838,680,7.595508098602295
652,t2_b0,41,1,759,656,3.5920767784118652
652,t2_b0,42,1,742,640,25.846508026123047
652,t2_b0,51,5,755,680,34.08824157714844
652,t2_b0,53,1,745,624,6.43621826171875
652,t2_b0,55,4,785,720,7.5693864822387695
652,t2_b0,58,1,852,716,5.414494514465332
653,t2_b0,0,5,849,764,6.244224548339844
653,t2_b0,16,5,718,576,5.228997230529785
653,t2_b0,17,5,829,724,3.388636827468872
653,t2_b0,18,1,894,740,15.371382713317871
653,t2_b0,21,1,752,672,7.472888946533203
653,t2_b0,29,1,788,760,9.953543663024902
653,t2_b0,33,5,760,752,35.05867004394531
653,t2_b0,40,5,819,868,27.754093170166016
653,t2_b0,45,5,838,772,5.659865856170654
653,t2_b0,47,2,889,824,6.334036350250244
653,t2_b0,53,1,746,628,4.3555402755737305
653,t2_b0,59,5,886,712,5.313564777374268
654,t2_b0,17,5,834,728,4.245028495788574
654,t2_b0,29,5,793,764,6.593664169311523
654,t2_b0,31,5,875,804,8.456613540649414
654,t2_b0,49,5,772,684,51.96464538574219
654,t2_b0,50,5,803,744,7.143604278564453
654,t2_b0,53,5,751,632,4.629005432128906
655,t2_b0,2,5,817,672,61.27972412109375
655,t2_b0,8,5,828,716,8.43681526184082
655,t2_b0,16,5,723,580,15.487930297851562
655,t2_b0,28,2,784,696,7.451957702636719
655,t2_b0,32,5,783,688,8.956491470336914
655,t2_b0,35,1,941,876,9.745927810668945
655,t2_b0,41,5,764,660,6.691710472106934
655,t2_b0,57,5,795,728,9.662395477294922
656,t2_b0,11,5,759,576,8.78200912475586
656,t2_b0,14,1,803,660,4.275509357452393
656,t2_b0,18,5,899,744,11.39000415802002
656,t2_b0,20,5,839,820,6.468188762664795
656,t2_b0,26,1,773,624,30.581886291503906
656,t2_b0,33,1,761,756,7.320940971374512
656,t2_b0,45,5,843,776,4.202601432800293
656,t2_b0,46,5,871,808,7.761208534240723
656,t2_b0,47,5,894,828,31.3944149017334
656,t2_b0,49,2,774,688,6.510830402374268
656,t2_b0,53,1,752,636,70.3482894897461
657,t2_b0,0,1,850,768,8.029522895812988
657,t2_b0,10,1,821,680,7.906662940979004
657,t2_b0,17,5,839,732,7.146799087524414
657,t2_b0,19,5,821,616,6.003346920013428
657,t2_b0,20,1,840,824,6.375424385070801
657,t2_b0,25,1,830,628,20.882265090942383
657,t2_b0,34,2,755,600,8.33704948425293
657,t2_b0,43,1,851,696,10.886392593383789
657,t2_b0,49,5,779,692,35.64295959472656
657,t2_b0,50,5,808,748,22.92961311340332
657,t2_b0,51,1,756,684,6.577657222747803
658,t2_b0,3,5,793,744,8.05450439453125
658,t2_b0,15,5,781,656,38.04219055175781
658,t2_b0,21,6,758,676,6.508032321929932
658,t2_b0,30,5,852,720,8.641550064086914
658,t2_b0,34,8,763,604,8.950329780578613
658,t2_b0,37,5,890,748,4.843144416809082
658,t2_b0,38,5,797,616,5.767736434936523
658,t2_b0,41,1,765,664,4.856869220733643
658,t2_b0,44,5,915,864,8.954216003417969
658,t2_b0,58,1,853,720,4.679897785186768
659,t2_b0,37,5,895,752,9.613249778747559
659,t2_b0,40,5,824,872,6.796361923217773
659,t2_b0,43,2,853,700,5.698774814605713
659,t2_b0,45,5,848,780,4.791782379150391
659,t2_b0,52,5,811,684,3.444211721420288
660,t2_b0,0,1,851,772,6.9145660400390625
660,t2_b0,25,5,835,632,10.42988395690918
660,t2_b0,45,5,853,784,5.364138603210449
660,t2_b0,48,5,844,772,6.625219345092773
660,t2_b0,54,5,910,740,5.439112663269043
660,t2_b0,56,1,867,772,5.76777982711792
660,t2_b0,59,5,891,716,7.421536445617676
661,t2_b0,3,1,794,748,6.950459957122803
661,t2_b0,5,5,883,780,43.38376998901367
661,t2_b0,9,5,732,640,5.223324298858643
661,t2_b0,13,1,905,840,33.28751754760742
661,t2_b0,18,1,900,748,25.706844329833984
661,t2_b0,27,5,821,660,6.454248428344727
661,t2_b0,30,5,857,724,30.33694839477539
661,t2_b0,35,1,942,880,7.127638816833496
661,t2_b0,36,5,843,684,38.029701232910156
661,t2_b0,39,5,843,680,8.270401000976562
661,t2_b0,46,7,878,812,29.625274658203125
661,t2_b0,47,1,895,832,5.649316787719727
661,t2_b0,59,5,896,720,7.043910026550293
662,t2_b0,6,5,904,848,10.13226318359375
662,t2_b0,7,5,788,604,45.601078033447266
662,t2_b0,24,5,848,760,4.115396022796631
662,t2_b0,38,5,802,620,7.343771457672119
662,t2_b0,51,5,761,688,12.198893547058105
662,t2_b0,54,5,915,744,8.214860916137695
662,t2_b0,55,5,790,724,8.039093017578125
662,t2_b0,59,5,901,724,35.889469146728516
663,t2_b0,0,5,856,776,7.088932037353516
663,t2_b0,2,1,818,676,43.19876480102539
663,t2_b0,4,5,897,772,4.414865970611572
663,t2_b0,7,8,796,608,4.450038909912109
663,t2_b0,8,5,833,720,45.40461730957031
663,t2_b0,9,5,737,644,6.227510452270508
663,t2_b0,10,1,822,684,4.891448974609375
663,t2_b0,11,1,760,580,13.158073425292969
663,t2_b0,12,5,795,728,23.51521110534668
663,t2_b0,13,5,910,844,6.3505167961120605
663,t2_b0,14,1,804,664,4.389654636383057
663,t2_b0,15,1,782,660,29.09189224243164
663,t2_b0,18,1,901,752,10.185798645019531
663,t2_b0,20,1,841,828,6.132538795471191
663,t2_b0,22,10,760,576,3.6275277137756348
663,t2_b0,25,1,836,636,17.722368240356445
663,t2_b0,33,1,762,760,9.332777976989746
663,t2_b0,51,5,766,692,6.530932903289795
663,t2_b0,56,3,870,776,8.946662902832031
664,t2_b0,1,5,847,704,9.429276466369629
664,t2_b0,3,1,795,752,14.671966552734375
664,t2_b0,10,5,827,688,17.591245651245117
664,t2_b0,23,5,856,768,4.610018730163574
664,t2_b0,29,5,798,768,6.409829139709473
664,t2_b0,36,5,848,688,32.7113037109375
664,t2_b0,37,5,900,756,5.841702461242676
664,t2_b0,38,5,807,624,4.30501127243042
664,t2_b0,42,5,747,644,5.338705539703369
664,t2_b0,52,5,816,688,34.931026458740234
665,t2_b0,5,1,884,784,5.737378120422363
665,t2_b0,6,1,905,852,6.68468713760376
665,t2_b0,10,1,828,692,4.480698585510254
665,t2_b0,11,1,761,584,7.260257244110107
665,t2_b0,14,5,809,668,7.197831153869629
665,t2_b0,19,5,826,620,9.598072052001953
665,t2_b0,20,1,842,832,8.788227081298828
665,t2_b0,25,1,837,640,16.989347457885742
665,t2_b0,28,5,789,700,7.735583305358887
665,t2_b0,29,1,799,772,7.177433490753174
665,t2_b0,33,5,767,764,8.996060371398926
665,t2_b0,42,1,748,648,6.427787780761719
665,t2_b0,51,11,777,696,8.453880310058594
666,t2_b0,2,5,823,680,5.246218681335449
666,t2_b0,8,5,838,724,8.354225158691406
666,t2_b0,13,5,915,848,41.7497673034668
666,t2_b0,16,5,728,584,11.65007495880127
666,t2_b0,25,16,853,644,6.071416854858398
666,t2_b0,26,6,779,628,14.150699615478516
666,t2_b0,27,5,826,664,6.657471656799316
666,t2_b0,30,5,862,728,39.81463623046875
666,t2_b0,33,10,777,768,8.25680923461914
666,t2_b0,44,10,925,868,7.408883094787598
666,t2_b0,45,11,864,788,6.882017612457275
666,t2_b0,53,5,757,640,6.2884345054626465
667,t2_b0,5,5,889,788,10.619044303894043
667,t2_b0,6,5,910,856,9.963043212890625
667,t2_b0,14,5,814,672,3.2188258171081543
667,t2_b0,50,5,813,752,34.95656967163086
667,t2_b0,52,5,821,692,10.097697257995605
667,t2_b0,57,5,800,732,6.710384368896484
668,t2_b0,10,7,835,696,6.456476211547852
668,t2_b0,11,1,762,588,19.660104751586914
668,t2_b0,19,5,831,624,4.833549499511719
668,t2_b0,20,5,847,836,6.558280944824219
668,t2_b0,21,5,763,680,35.208168029785156
668,t2_b0,24,1,849,764,7.114141941070557
668,t2_b0,29,1,800,776,9.517669677734375
668,t2_b0,34,5,768,608,41.0118293762207
668,t2_b0,39,5,848,684,6.9931960105896
668,t2_b0,41,5,770,668,4.854743957519531
668,t2_b0,56,5,875,780,8.861199378967285
668,t2_b0,58,5,858,724,4.993431568145752
669,t2_b0,0,1,857,780,9.121196746826172
669,t2_b0,3,5,800,756,8.07610034942627
669,t2_b0,6,5,915,860,9.231029510498047
669,t2_b0,19,5,836,628,4.684685230255127
669,t2_b0,21,5,768,684,10.203003883361816
669,t2_b0,31,1,876,808,7.626847267150879
669,t2_b0,32,1,784,692,6.047181129455566
669,t2_b0,39,1,849,688,6.632007598876953
669,t2_b0,40,1,825,876,7.96978759765625
669,t2_b0,43,5,858,704,16.566728591918945
669,t2_b0,48,1,845,776,6.617130756378174
669,t2_b0,49,1,780,696,3.7773842811584473
669,t2_b0,50,1,814,756,4.152166366577148
669,t2_b0,59,1,902,728,7.646226406097412
670,t2_b0,8,5,843,728,28.748737335205078
670,t2_b0,11,5,767,592,7.761507034301758
670,t2_b0,17,5,844,736,5.685642719268799
670,t2_b0,21,5,773,688,8.668014526367188
670,t2_b0,27,5,831,668,36.70265579223633
670,t2_b0,32,5,789,696,5.931125164031982
670,t2_b0,46,10,888,816,5.115612506866455
670,t2_b0,49,5,785,700,8.451915740966797
671,t2_b0,6,1,916,864,9.903607368469238
671,t2_b0,20,1,848,840,3.6335480213165283
671,t2_b0,28,5,794,704,5.131335735321045
671,t2_b0,35,5,947,884,6.345524787902832
671,t2_b0,37,1,901,760,5.582439422607422
671,t2_b0,42,1,749,652,4.116425514221191
671,t2_b0,47,5,900,836,31.334754943847656
671,t2_b0,52,1,822,696,7.5915985107421875
671,t2_b0,54,5,920,748,9.101188659667969
671,t2_b0,57,1,801,736,11.80130672454834
672,t2_b0,0,1,858,784,7.352109909057617
672,t2_b0,1,5,852,708,4.7972211837768555
672,t2_b0,2,1,824,684,4.814746379852295
672,t2_b0,16,5,733,588,5.234480381011963
672,t2_b0,17,5,849,740,26.710979461669922
672,t2_b0,28,5,799,708,11.70804214477539
672,t2_b0,37,1,902,764,7.086101531982422
672,t2_b0,43,5,863,708,4.7248640060424805
672,t2_b0,50,5,819,760,7.524174690246582
672,t2_b0,53,5,762,644,7.453546047210693
672,t2_b0,55,5,795,728,32.1599235534668
673,t2_b0,7,5,801,612,5.682050704956055
673,t2_b0,12,5,800,732,6.914679050445557
673,t2_b0,14,5,819,676,8.932194709777832
673,t2_b0,15,5,787,664,5.919650554656982
673,t2_b0,18,5,906,756,7.875842094421387
673,t2_b0,22,5,765,580,14.858053207397461
673,t2_b0,37,5,907,768,6.2394585609436035
674,t2_b0,5,1,890,792,8.709650039672852
674,t2_b0,6,1,917,868,5.541904449462891
674,t2_b0,11,1,768,596,7.893478870391846
674,t2_b0,13,5,920,852,7.842019557952881
674,t2_b0,17,5,854,744,38.73476028442383
674,t2_b0,20,5,853,844,42.52167510986328
674,t2_b0,23,5,861,772,7.855086803436279
674,t2_b0,36,5,853,692,7.8412861824035645
674,t2_b0,38,5,812,628,24.915359497070312
674,t2_b0,52,1,823,700,9.30909252166748
674,t2_b0,55,2,797,732,3.7350964546203613
674,t2_b0,57,5,806,740,8.740644454956055
675,t2_b0,47,5,905,840,4.176233291625977
675,t2_b0,50,5,824,764,34.45024490356445
675,t2_b0,51,5,782,700,7.460018157958984
675,t2_b0,57,5,811,744,6.425938606262207
675,t2_b0,59,5,907,732,34.59840774536133
676,t2_b0,17,5,859,748,7.611053943634033
676,t2_b0,25,5,858,648,6.643056869506836
676,t2_b0,26,5,784,632,21.040924072265625
676,t2_b0,29,5,805,780,12.635589599609375
676,t2_b0,33,5,782,772,9.956938743591309
676,t2_b0,34,6,774,612,9.464385986328125
676,t2_b0,42,5,754,656,7.565720558166504
676,t2_b0,44,5,930,872,6.6743669509887695
676,t2_b0,45,5,869,792,5.367074012756348
676,t2_b0,53,5,767,648,10.354056358337402
677,t2_b0,6,1,918,872,8.379956245422363
677,t2_b0,11,1,769,600,7.3604736328125
677,t2_b0,14,1,820,680,3.984806776046753
677,t2_b0,15,5,792,668,5.569947719573975
677,t2_b0,19,5,841,632,7.185292720794678
677,t2_b0,22,1,766,584,5.188691139221191
677,t2_b0,28,5,804,712,6.003878593444824
677,t2_b0,32,1,790,700,4.762619495391846
677,t2_b0,36,5,858,696,10.064201354980469
677,t2_b0,55,5,802,736,7.641912937164307
678,t2_b0,3,5,805,760,6.811244010925293
678,t2_b0,9,5,742,648,8.738197326660156
678,t2_b0,10,5,840,700,5.870849609375
678,t2_b0,17,5,864,752,4.299483299255371
678,t2_b0,22,5,771,588,7.4272356033325195
678,t2_b0,28,5,809,716,4.334830284118652
678,t2_b0,35,5,952,888,7.579150199890137
678,t2_b0,36,5,863,700,8.945230484008789
678,t2_b0,38,5,817,632,7.340903282165527
678,t2_b0,40,1,826,880,8.370536804199219
678,t2_b0,43,1,864,712,6.580855369567871
678,t2_b0,59,5,912,736,6.083124160766602
679,t2_b0,14,5,825,684,5.371731281280518
679,t2_b0,39,5,854,692,8.234922409057617
679,t2_b0,48,5,850,780,5.7038164138793945
679,t2_b0,53,5,772,652,19.963661193847656
680,t2_b0,0,11,869,788,7.9315338134765625
680,t2_b0,3,5,810,764,8.215630531311035
680,t2_b0,15,5,797,672,5.102425575256348
680,t2_b0,27,5,836,672,6.9355268478393555
680,t2_b0,28,5,814,720,7.045187950134277
680,t2_b0,30,5,867,732,6.151349067687988
680,t2_b0,39,5,859,696,7.407322883605957
680,t2_b0,41,5,775,672,3.315103530883789
680,t2_b0,46,5,893,820,6.299095630645752
680,t2_b0,49,14,799,704,6.068559169769287
680,t2_b0,59,6,918,740,6.744054794311523
681,t2_b0,11,1,770,604,8.506454467773438
681,t2_b0,38,5,822,636,5.7870988845825195
681,t2_b0,56,3,878,784,9.380873680114746
682,t2_b0,22,1,772,592,5.6846818923950195
682,t2_b0,24,5,854,768,45.0002326965332
682,t2_b0,35,5,957,892,6.034546852111816
682,t2_b0,40,5,831,884,18.907466888427734
682,t2_b0,44,5,935,876,9.015022277832031
682,t2_b0,48,1,851,784,16.02936363220215
682,t2_b0,52,5,828,704,6.522591590881348
682,t2_b0,57,5,816,748,7.369035243988037
683,t2_b0,4,5,902,776,6.901998519897461
683,t2_b0,8,5,848,732,7.354243278503418
683,t2_b0,11,5,775,608,17.94414520263672
683,t2_b0,32,6,796,704,6.686764717102051
683,t2_b0,37,5,912,772,11.783306121826172
683,t2_b0,38,5,827,640,5.069337844848633
683,t2_b0,47,5,910,844,5.330115795135498
683,t2_b0,50,1,825,768,7.354850769042969
683,t2_b0,57,5,821,752,5.380007743835449
684,t2_b0,2,5,829,688,9.184296607971191
684,t2_b0,13,5,925,856,60.02430725097656
684,t2_b0,20,1,854,848,28.08343505859375
684,t2_b0,23,15,876,776,7.179721355438232
684,t2_b0,24,5,859,772,7.241917610168457
684,t2_b0,29,5,810,784,8.342219352722168
684,t2_b0,31,5,881,812,48.04109573364258
684,t2_b0,36,5,868,704,8.614572525024414
684,t2_b0,41,5,780,676,28.246444702148438
684,t2_b0,42,1,755,660,2.8723111152648926
685,t2_b0,1,5,857,712,8.768951416015625
685,t2_b0,5,1,891,796,7.170876502990723
685,t2_b0,13,5,930,860,26.442066192626953
685,t2_b0,15,1,798,676,7.589174747467041
685,t2_b0,18,5,911,760,14.129988670349121
685,t2_b0,26,5,789,636,12.394556999206543
686,t2_b0,11,6,781,612,7.537049293518066
686,t2_b0,25,5,863,652,33.79865646362305
686,t2_b0,27,5,841,676,5.8272247314453125
686,t2_b0,31,5,886,816,4.764919757843018
686,t2_b0,34,5,779,616,9.278557777404785
686,t2_b0,37,5,917,776,30.15341567993164
686,t2_b0,54,5,925,752,36.130226135253906
686,t2_b0,57,5,826,756,6.927903175354004
687,t2_b0,9,10,752,652,6.64384126663208
687,t2_b0,19,5,846,636,6.575484752655029
687,t2_b0,21,5,778,692,5.407298564910889
687,t2_b0,31,4,890,820,9.074527740478516
687,t2_b0,41,5,785,680,44.22752380371094
687,t2_b0,44,5,940,880,8.498603820800781
687,t2_b0,54,2,927,756,37.28410339355469
687,t2_b0,55,5,807,740,6.55240535736084
688,t2_b0,10,1,841,704,18.45339584350586
688,t2_b0,18,5,916,764,7.8661065101623535
688,t2_b0,20,1,855,852,5.820037841796875
688,t2_b0,25,1,864,656,3.1367223262786865
688,t2_b0,33,5,787,776,8.304153442382812
688,t2_b0,43,5,869,716,39.63248062133789
688,t2_b0,54,5,932,760,34.34777069091797
689,t2_b0,14,5,830,688,25.57726287841797
689,t2_b0,16,5,738,592,8.285819053649902
689,t2_b0,17,5,869,756,7.311507701873779
689,t2_b0,45,5,874,796,34.32280349731445
689,t2_b0,55,5,812,744,7.698385238647461
689,t2_b0,56,1,879,788,8.278633117675781
689,t2_b0,59,10,928,744,7.024049758911133
690,t2_b0,0,5,874,792,11.887625694274902
690,t2_b0,1,1,858,716,8.263955116271973
690,t2_b0,27,10,851,680,7.8316545486450195
690,t2_b0,28,5,819,724,7.58550500869751
690,t2_b0,44,5,945,884,7.4687066078186035
690,t2_b0,45,10,884,800,9.606842994689941
690,t2_b0,49,5,804,708,22.308643341064453
690,t2_b0,51,2,784,704,9.231685638427734
690,t2_b0,55,5,817,748,32.40800094604492
691,t2_b0,12,5,805,736,8.186986923217773
691,t2_b0,13,5,935,864,9.053360939025879
691,t2_b0,30,14,881,736,30.329591751098633
691,t2_b0,31,1,891,824,9.17995834350586
691,t2_b0,42,5,760,664,5.842939376831055
691,t2_b0,58,5,863,728,9.000205993652344
692,t2_b0,4,5,907,780,6.3493971824646
692,t2_b0,6,1,919,876,5.435961723327637
692,t2_b0,21,1,779,696,10.268963813781738
692,t2_b0,22,5,777,596,8.724063873291016
692,t2_b0,24,1,860,776,21.291667938232422
692,t2_b0,27,5,856,684,2.8883841037750244
692,t2_b0,29,1,811,788,6.166871070861816
692,t2_b0,31,5,896,828,12.650073051452637
692,t2_b0,35,5,962,896,34.46466827392578
692,t2_b0,39,1,860,700,4.7464189529418945
692,t2_b0,41,5,790,684,4.270139217376709
692,t2_b0,52,5,833,708,12.206588745117188
692,t2_b0,57,1,827,760,9.382713317871094
693,t2_b0,0,5,879,796,4.2791314125061035
693,t2_b0,32,5,801,708,30.669904708862305
693,t2_b0,38,5,832,644,7.221321105957031
693,t2_b0,40,1,832,888,5.517821311950684
693,t2_b0,49,6,810,712,7.120576858520508
693,t2_b0,54,5,937,764,6.754931926727295
693,t2_b0,55,5,822,752,8.800088882446289
694,t2_b0,1,5,863,720,41.25237274169922
694,t2_b0,3,5,815,768,7.349570274353027
694,t2_b0,7,5,806,616,6.532648086547852
694,t2_b0,14,5,835,692,24.090652465820312
694,t2_b0,19,5,851,640,46.914886474609375
694,t2_b0,23,5,881,780,13.22271728515625
694,t2_b0,32,2,803,712,7.305718421936035
694,t2_b0,35,6,968,900,3.8656833171844482
694,t2_b0,37,5,922,780,5.622014999389648
694,t2_b0,38,2,834,648,7.294579982757568
694,t2_b0,43,5,874,720,11.8511323928833
694,t2_b0,51,5,789,708,4.463149070739746
695,t2_b0,5,5,896,800,41.21037673950195
695,t2_b0,11,5,786,616,10.316965103149414
695,t2_b0,15,5,803,680,6.355319976806641
695,t2_b0,50,5,830,772,9.257030487060547
695,t2_b0,53,5,777,656,4.096256732940674
695,t2_b0,56,2,881,792,44.86068344116211
696,t2_b0,2,6,835,692,7.75134801864624
696,t2_b0,6,5,924,880,10.412418365478516
696,t2_b0,9,5,757,656,7.214461326599121
696,t2_b0,12,5,810,740,20.806493759155273
696,t2_b0,36,5,873,708,8.285309791564941
696,t2_b0,41,5,795,688,16.633468627929688
696,t2_b0,47,5,915,848,5.641006946563721
696,t2_b0,50,5,835,776,11.036123275756836
696,t2_b0,57,5,832,764,35.627681732177734
697,t2_b0,7,5,811,620,8.685952186584473
697,t2_b0,12,5,815,744,24.19059944152832
697,t2_b0,19,5,856,644,8.473164558410645
697,t2_b0,41,5,800,692,5.171465873718262
697,t2_b0,51,5,794,712,11.531983375549316
697,t2_b0,52,5,838,712,3.621797561645508
697,t2_b0,57,5,837,768,6.736333847045898
698,t2_b0,10,5,846,708,6.8294477462768555
698,t2_b0,14,5,840,696,4.004960536956787
698,t2_b0,16,1,739,596,7.0550642013549805
698,t2_b0,18,5,921,768,6.788898468017578
698,t2_b0,20,5,860,856,6.791015148162842
698,t2_b0,25,5,869,660,4.742615222930908
698,t2_b0,36,5,878,712,6.535942077636719
698,t2_b0,40,5,837,892,5.2787580490112305
698,t2_b0,42,5,765,668,5.022315502166748
698,t2_b0,48,5,856,788,5.79517126083374
699,t2_b0,1,6,869,724,6.665982246398926
699,t2_b0,17,5,874,760,7.51741361618042
699,t2_b0,26,5,794,640,35.29609680175781
699,t2_b0,34,5,784,620,9.451199531555176
699,t2_b0,36,5,883,716,23.025094985961914
699,t2_b0,55,5,827,756,6.083275318145752
699,t2_b0,59,6,934,748,8.068924903869629
700,t2_b0,30,5,886,740,7.858736515045166
700,t2_b0,36,5,888,720,23.522010803222656
700,t2_b0,42,15,780,672,5.432396411895752
700,t2_b0,44,5,950,888,4.44863748550415
700,t2_b0,45,5,889,804,6.687081336975098
700,t2_b0,47,5,920,852,41.20988082885742
700,t2_b0,55,5,832,760,6.671494007110596
701,t2_b0,34,5,789,624,8.458706855773926
701,t2_b0,47,5,925,856,10.459888458251953
702,t2_b0,13,5,940,868,7.798163890838623
702,t2_b0,19,5,861,648,27.230478286743164
702,t2_b0,25,5,874,664,8.352506637573242
702,t2_b0,27,5,861,688,2.810913562774658
702,t2_b0,52,5,843,716,6.486634731292725
702,t2_b0,57,5,842,772,34.49638748168945
703,t2_b0,8,5,853,736,51.726806640625
703,t2_b0,49,5,815,716,5.546308994293213
703,t2_b0,51,15,809,716,9.010549545288086
703,t2_b0,54,5,942,768,5.731066703796387
703,t2_b0,57,5,847,776,7.508365631103516
704,t2_b0,6,5,929,884,10.897796630859375
704,t2_b0,22,5,782,600,14.766600608825684
704,t2_b0,24,5,865,780,8.643681526184082
704,t2_b0,25,5,879,668,4.827586650848389
704,t2_b0,35,5,973,904,9.744306564331055
704,t2_b0,39,5,865,704,8.535015106201172
704,t2_b0,46,5,898,824,5.865750789642334
705,t2_b0,11,5,791,620,10.688287734985352
705,t2_b0,16,5,744,600,11.646428108215332
705,t2_b0,18,2,923,772,6.263617515563965
705,t2_b0,21,5,784,700,11.369183540344238
705,t2_b0,39,5,870,708,6.439520835876465
705,t2_b0,43,1,875,724,24.636920928955078
705,t2_b0,49,5,820,720,7.82790994644165
705,t2_b0,53,5,782,660,8.146601676940918
705,t2_b0,56,5,886,796,16.117361068725586
706,t2_b0,2,5,840,696,5.002133846282959
706,t2_b0,3,5,820,772,7.361932754516602
706,t2_b0,5,5,901,804,37.846336364746094
706,t2_b0,9,5,762,660,6.849454879760742
706,t2_b0,15,5,808,684,5.024138927459717
706,t2_b0,24,5,870,784,6.930480003356934
706,t2_b0,33,5,792,780,13.712363243103027
706,t2_b0,34,5,794,628,7.798582553863525
706,t2_b0,38,5,839,652,32.89625549316406
706,t2_b0,46,10,908,828,6.347325325012207
706,t2_b0,48,5,861,792,16.018278121948242
706,t2_b0,53,1,783,664,4.987194061279297
706,t2_b0,56,5,891,800,45.944828033447266
707,t2_b0,26,5,799,644,10.13690185546875
707,t2_b0,28,5,824,728,8.605793952941895
707,t2_b0,37,5,927,784,4.59932279586792
707,t2_b0,39,10,880,712,5.722143173217773
707,t2_b0,55,10,842,764,8.342592239379883
708,t2_b0,1,20,889,728,9.139213562011719
708,t2_b0,7,5,816,624,4.567193031311035
708,t2_b0,12,5,820,748,10.612906455993652
708,t2_b0,22,5,787,604,10.818604469299316
708,t2_b0,26,5,804,648,10.465482711791992
708,t2_b0,27,5,866,692,40.95749282836914
708,t2_b0,33,5,797,784,6.211211681365967
708,t2_b0,34,5,799,632,6.067136764526367
708,t2_b0,40,5,842,896,6.416481971740723
708,t2_b0,41,5,805,696,16.186559677124023
708,t2_b0,58,10,873,732,17.91330909729004
709,t2_b0,2,5,845,700,38.64668655395508
709,t2_b0,6,5,934,888,7.48240327835083
709,t2_b0,20,5,865,860,5.2654266357421875
709,t2_b0,25,5,884,672,5.5634050369262695
709,t2_b0,28,5,829,732,5.530459403991699
709,t2_b0,31,5,901,832,5.009623050689697
709,t2_b0,59,5,939,752,4.753764629364014
710,t2_b0,0,5,884,800,7.273804664611816
710,t2_b0,4,5,912,784,5.327281951904297
710,t2_b0,23,5,886,784,13.12720012664795
710,t2_b0,29,5,816,792,10.242349624633789
710,t2_b0,30,5,891,744,6.518927574157715
710,t2_b0,36,5,893,724,6.536523818969727
710,t2_b0,40,5,847,900,14.984968185424805
710,t2_b0,42,5,785,676,4.240177631378174
710,t2_b0,44,5,955,892,7.52141809463501
711,t2_b0,3,5,825,776,7.684810638427734
711,t2_b0,4,2,914,788,6.797229290008545
711,t2_b0,17,6,880,764,7.276593208312988
711,t2_b0,26,5,809,652,45.90486526489258
711,t2_b0,43,5,880,728,7.963514804840088
711,t2_b0,47,5,930,860,40.48929214477539
711,t2_b0,59,5,944,756,4.964909076690674
712,t2_b0,12,6,826,752,9.251306533813477
712,t2_b0,18,5,928,776,7.949060440063477
712,t2_b0,19,1,862,652,8.07119369506836
712,t2_b0,34,5,804,636,8.00412368774414
712,t2_b0,36,5,898,728,18.807758331298828
712,t2_b0,49,5,825,724,7.1911797523498535
712,t2_b0,50,15,850,780,7.569278717041016
713,t2_b0,0,5,889,804,6.095732688903809
713,t2_b0,3,5,830,780,9.873712539672852
713,t2_b0,8,5,858,740,9.635832786560059
713,t2_b0,28,10,839,736,5.791810989379883
713,t2_b0,40,5,852,904,5.470831871032715
713,t2_b0,49,5,830,728,6.4902238845825195
713,t2_b0,51,5,814,720,5.822829723358154
713,t2_b0,52,5,848,720,5.4222235679626465
713,t2_b0,57,5,852,780,5.420778274536133
714,t2_b0,20,3,868,864,8.494495391845703
714,t2_b0,23,5,891,788,28.426250457763672
714,t2_b0,30,5,896,748,6.552858352661133
714,t2_b0,32,5,808,716,69.43144989013672
714,t2_b0,43,5,885,732,8.34224796295166
715,t2_b0,0,5,894,808,6.038002014160156
715,t2_b0,9,5,767,664,10.172962188720703
715,t2_b0,11,5,796,624,5.130115032196045
715,t2_b0,16,5,749,604,9.625679016113281
715,t2_b0,21,5,789,704,6.457762718200684
715,t2_b0,31,5,906,836,7.298574924468994
715,t2_b0,44,5,960,896,6.540263652801514
715,t2_b0,45,5,894,808,6.316564083099365
715,t2_b0,47,5,935,864,9.471189498901367
715,t2_b0,53,5,788,668,43.68358612060547
715,t2_b0,54,5,947,772,4.14579439163208
716,t2_b0,0,6,900,812,6.409221172332764
716,t2_b0,3,1,831,784,5.674977779388428
716,t2_b0,6,1,935,892,46.83403778076172
716,t2_b0,21,5,794,708,5.253395080566406
716,t2_b0,23,1,892,792,7.262370586395264
716,t2_b0,24,5,875,788,48.44170379638672
716,t2_b0,26,5,814,656,31.105186462402344
716,t2_b0,32,5,813,720,38.44017028808594
716,t2_b0,33,6,803,788,42.9272575378418
716,t2_b0,40,1,853,908,38.405235290527344
716,t2_b0,41,1,806,700,4.302984237670898
716,t2_b0,46,4,912,832,5.858382225036621
716,t2_b0,51,1,815,724,11.425920486450195
717,t2_b0,2,5,850,704,9.420292854309082
717,t2_b0,4,5,919,792,7.079447269439697
717,t2_b0,6,5,940,896,45.40591049194336
717,t2_b0,16,5,754,608,7.055067539215088
717,t2_b0,21,5,799,712,7.434244632720947
717,t2_b0,24,5,880,792,7.1184000968933105
717,t2_b0,37,5,932,788,23.331886291503906
717,t2_b0,39,5,885,716,4.567675590515137
717,t2_b0,54,5,952,776,7.299371242523193
717,t2_b0,55,5,847,768,12.751446723937988
718,t2_b0,1,5,894,732,7.208127021789551
718,t2_b0,3,5,836,788,5.282718658447266
718,t2_b0,7,5,821,628,3.587261199951172
718,t2_b0,13,1,941,872,23.646072387695312
718,t2_b0,14,5,845,700,3.601644515991211
718,t2_b0,16,1,755,612,3.4125776290893555
718,t2_b0,22,5,792,608,15.175138473510742
718,t2_b0,27,1,867,696,7.310780048370361
718,t2_b0,47,1,936,868,28.4317684173584
718,t2_b0,48,5,866,796,5.260566234588623
718,t2_b0,57,1,853,784,10.297274589538574
718,t2_b0,58,5,878,736,24.370573043823242
719,t2_b0,4,5,924,796,32.88802719116211
719,t2_b0,6,1,941,900,9.4653959274292
719,t2_b0,7,5,826,632,10.167171478271484
719,t2_b0,40,1,854,912,8.773458480834961
719,t2_b0,45,1,895,812,33.07866668701172
719,t2_b0,47,1,937,872,32.39867401123047
719,t2_b0,48,5,871,800,6.597253322601318
719,t2_b0,51,1,816,728,7.741434097290039
720,t2_b0,13,1,942,876,12.254660606384277
720,t2_b0,30,5,901,752,5.926931858062744
720,t2_b0,32,5,818,724,9.46290397644043
720,t2_b0,44,5,965,900,9.69722843170166
721,t2_b0,9,5,772,668,10.004914283752441
721,t2_b0,14,5,850,704,24.9350643157959
721,t2_b0,15,5,813,688,4.414485454559326
721,t2_b0,17,5,885,768,7.0632734298706055
721,t2_b0,20,5,873,868,4.554452896118164
721,t2_b0,29,9,825,796,10.110519409179688
721,t2_b0,38,5,844,656,7.058032989501953
721,t2_b0,54,5,957,780,4.687444686889648
721,t2_b0,55,5,852,772,8.125333786010742
721,t2_b0,56,5,896,804,9.868829727172852
721,t2_b0,57,5,858,788,5.946718692779541
722,t2_b0,8,5,863,744,5.5387067794799805
722,t2_b0,11,5,801,628,23.418310165405273
722,t2_b0,12,5,831,756,6.950343132019043
722,t2_b0,18,20,948,780,11.033324241638184
722,t2_b0,19,5,867,656,8.347434997558594
722,t2_b0,26,5,819,660,8.989049911499023
722,t2_b0,30,5,906,756,7.47078275680542
722,t2_b0,36,5,903,732,8.493009567260742
722,t2_b0,41,15,821,704,5.131314277648926
722,t2_b0,50,5,855,784,9.053356170654297
723,t2_b0,11,5,806,632,9.453611373901367
723,t2_b0,22,5,797,612,7.371428489685059
723,t2_b0,28,5,844,740,4.869609832763672
723,t2_b0,34,5,809,640,6.490528106689453
723,t2_b0,36,5,908,736,6.680721759796143
723,t2_b0,38,5,849,660,4.877636909484863
723,t2_b0,42,5,790,680,5.2571001052856445
723,t2_b0,49,5,835,732,8.705199241638184
723,t2_b0,55,5,857,776,8.220258712768555
724,t2_b0,1,5,899,736,8.63296127319336
724,t2_b0,16,5,760,616,37.79669189453125
724,t2_b0,21,5,804,716,4.323378086090088
724,t2_b0,31,10,916,840,7.845444679260254
724,t2_b0,37,5,937,792,3.333636522293091
724,t2_b0,50,5,860,788,7.947865962982178
724,t2_b0,59,5,949,760,6.035828113555908
725,t2_b0,5,1,902,808,4.356441020965576
725,t2_b0,39,5,890,720,4.063267230987549
725,t2_b0,52,5,853,724,35.39352035522461
725,t2_b0,53,5,793,672,5.084634780883789
725,t2_b0,59,5,954,764,6.202560901641846
726,t2_b0,0,5,905,816,6.815649032592773
726,t2_b0,1,15,914,740,7.689992904663086
726,t2_b0,6,5,946,904,15.275533676147461
726,t2_b0,10,5,851,712,4.015767574310303
726,t2_b0,15,5,818,692,7.43351936340332
726,t2_b0,23,5,897,796,7.231935501098633
726,t2_b0,33,5,808,792,10.397541999816895
726,t2_b0,37,5,942,796,5.041121959686279
726,t2_b0,39,5,895,724,4.968873500823975
726,t2_b0,42,5,795,684,11.92300796508789
726,t2_b0,43,5,890,736,5.377249717712402
726,t2_b0,49,5,840,736,5.351386070251465
726,t2_b0,51,5,821,732,5.518391132354736
726,t2_b0,54,5,962,784,22.202600479125977
727,t2_b0,38,5,854,664,35.60567092895508
727,t2_b0,43,5,895,740,9.579811096191406
728,t2_b0,3,5,841,792,9.639769554138184
728,t2_b0,7,5,831,636,6.536068439483643
728,t2_b0,24,5,885,796,6.617873191833496
728,t2_b0,26,5,824,664,15.303841590881348
728,t2_b0,37,5,947,800,33.2772331237793
728,t2_b0,38,5,859,668,6.2735795974731445
728,t2_b0,46,5,917,836,8.930774688720703
729,t2_b0,0,5,910,820,11.988122940063477
729,t2_b0,5,5,907,812,7.09842586517334
729,t2_b0,22,5,802,616,5.655228137969971
729,t2_b0,24,5,890,800,6.91025972366333
729,t2_b0,39,5,900,728,8.437332153320312
729,t2_b0,42,5,800,688,5.278876304626465
729,t2_b0,58,5,883,740,3.7009799480438232
730,t2_b0,4,5,929,800,64.04351043701172
730,t2_b0,7,5,836,640,44.02703857421875
730,t2_b0,13,5,947,880,10.419716835021973
730,t2_b0,14,5,855,708,7.038538932800293
730,t2_b0,15,5,823,696,4.794796943664551
730,t2_b0,24,5,895,804,6.159764289855957
730,t2_b0,25,5,889,676,4.910709857940674
730,t2_b0,28,5,849,744,6.273218631744385
730,t2_b0,38,5,864,672,7.481434345245361
730,t2_b0,39,5,905,732,6.6497111320495605
730,t2_b0,44,5,970,904,55.039920806884766
730,t2_b0,45,5,900,816,42.3100700378418
730,t2_b0,48,5,876,804,8.220047950744629
731,t2_b0,13,5,952,884,7.109989643096924
731,t2_b0,17,5,890,772,13.740214347839355
731,t2_b0,20,5,878,872,40.451568603515625
731,t2_b0,26,5,829,668,7.475199222564697
731,t2_b0,29,5,830,800,7.826601505279541
731,t2_b0,33,5,813,796,7.369083881378174
731,t2_b0,36,10,918,740,7.130551338195801
731,t2_b0,44,5,975,908,7.07342004776001
732,t2_b0,3,5,846,796,7.123043537139893
732,t2_b0,18,5,953,784,21.60039710998535
732,t2_b0,30,5,911,760,13.482922554016113
732,t2_b0,41,5,826,708,5.363711833953857
732,t2_b0,53,5,798,676,4.956552028656006
733,t2_b0,15,5,828,700,5.013082981109619
733,t2_b0,39,5,910,736,6.469977855682373
734,t2_b0,0,5,915,824,7.1055426597595215
734,t2_b0,5,5,912,816,3.791325092315674
734,t2_b0,28,5,854,748,3.2528605461120605
734,t2_b0,30,5,916,764,4.342465400695801
734,t2_b0,31,5,921,844,7.145129680633545
734,t2_b0,38,10,874,676,8.759705543518066
734,t2_b0,47,5,942,876,6.258457183837891
734,t2_b0,59,5,959,768,5.827781677246094
735,t2_b0,2,5,855,708,6.334303855895996
735,t2_b0,5,5,917,820,8.52000617980957
735,t2_b0,6,5,951,908,6.57858419418335
735,t2_b0,9,10,782,672,51.66592788696289
735,t2_b0,27,5,872,700,39.39856719970703
735,t2_b0,30,5,921,768,7.2183942794799805
735,t2_b0,42,5,805,692,3.183824300765991
735,t2_b0,51,5,826,736,10.78744888305664
735,t2_b0,53,5,803,680,4.201274394989014
736,t2_b0,1,5,919,744,9.576213836669922
736,t2_b0,10,5,856,716,13.677706718444824
736,t2_b0,11,5,811,636,24.972919464111328
736,t2_b0,12,5,836,760,7.296172142028809
736,t2_b0,21,5,809,720,60.69169998168945
736,t2_b0,49,5,845,740,7.768303394317627
736,t2_b0,54,5,967,788,18.188201904296875
736,t2_b0,57,5,863,792,8.331016540527344
737,t2_b0,6,5,956,912,22.902633666992188
737,t2_b0,17,5,895,776,8.996713638305664
737,t2_b0,28,5,859,752,11.249784469604492
737,t2_b0,29,5,835,804,6.198307037353516
737,t2_b0,31,5,926,848,9.3702974319458
737,t2_b0,41,5,831,712,20.613327026367188
737,t2_b0,42,5,810,696,38.79121017456055
737,t2_b0,43,10,905,744,9.066596031188965
737,t2_b0,51,5,831,740,4.906642913818359
737,t2_b0,52,5,858,728,6.008637428283691
738,t2_b0,0,5,920,828,6.2226691246032715
738,t2_b0,32,5,823,728,8.123812675476074
738,t2_b0,34,15,824,644,9.594808578491211
738,t2_b0,37,5,952,804,6.532939434051514
738,t2_b0,40,14,868,916,9.61063289642334
738,t2_b0,45,5,905,820,3.3864803314208984
738,t2_b0,46,5,922,840,10.413028717041016
738,t2_b0,58,5,888,744,4.835702896118164
739,t2_b0,10,5,861,720,8.124351501464844
739,t2_b0,12,5,841,764,42.87179183959961
739,t2_b0,19,10,877,660,12.64553451538086
739,t2_b0,25,5,894,680,1.8688099384307861
739,t2_b0,29,5,840,808,10.452939987182617
739,t2_b0,37,5,957,808,6.042471408843994
739,t2_b0,42,5,815,700,38.95161056518555
739,t2_b0,52,5,863,732,7.345301151275635
740,t2_b0,7,5,841,644,5.399979114532471
740,t2_b0,14,5,860,712,8.059800148010254
740,t2_b0,18,5,958,788,8.902326583862305
740,t2_b0,28,5,864,756,4.630642890930176
740,t2_b0,29,5,845,812,7.959661960601807
740,t2_b0,35,5,978,908,11.750269889831543
740,t2_b0,42,5,820,704,5.829198837280273
740,t2_b0,44,5,980,912,6.029914855957031
740,t2_b0,48,5,881,808,7.803907871246338
740,t2_b0,54,5,972,792,18.059946060180664
740,t2_b0,56,10,906,808,6.555427551269531
741,t2_b0,1,5,924,748,7.532665729522705
741,t2_b0,23,1,898,800,7.911903381347656
741,t2_b0,24,5,900,808,7.461214542388916
741,t2_b0,26,5,834,672,9.426023483276367
741,t2_b0,27,5,877,704,9.674166679382324
741,t2_b0,29,5,850,816,11.879473686218262
741,t2_b0,33,5,818,800,7.707907199859619
741,t2_b0,36,5,923,744,6.487807750701904
741,t2_b0,41,5,836,716,6.206361770629883
741,t2_b0,53,18,821,684,7.597558498382568
742,t2_b0,3,5,851,800,8.18044376373291
742,t2_b0,11,5,816,640,35.07024383544922
742,t2_b0,32,5,828,732,6.016141891479492
742,t2_b0,44,1,981,916,51.549591064453125
743,t2_b0,4,5,934,804,6.00201416015625
743,t2_b0,6,5,961,916,8.970067977905273
743,t2_b0,7,5,846,648,44.509986877441406
743,t2_b0,31,5,931,852,6.3309006690979
743,t2_b0,49,5,850,744,5.572699546813965
744,t2_b0,12,5,846,768,41.05464172363281
744,t2_b0,16,5,765,620,4.78400182723999
744,t2_b0,32,5,833,736,6.2961273193359375
744,t2_b0,38,5,879,680,21.567272186279297
744,t2_b0,41,5,841,720,32.96250534057617
744,t2_b0,47,5,947,880,9.622063636779785
744,t2_b0,49,5,855,748,5.256110191345215
745,t2_b0,4,10,944,808,6.330368995666504
745,t2_b0,8,5,868,748,10.544445991516113
745,t2_b0,9,5,787,676,7.140629291534424
745,t2_b0,10,5,866,724,7.000053882598877
745,t2_b0,15,5,833,704,28.06663703918457
745,t2_b0,20,5,883,876,12.079946517944336
745,t2_b0,30,5,926,772,7.639776229858398
746,t2_b0,8,1,869,752,7.45975923538208
746,t2_b0,12,5,851,772,4.53546667098999
746,t2_b0,15,5,838,708,8.980340957641602
746,t2_b0,45,20,925,824,7.108343601226807
747,t2_b0,3,5,856,804,11.476524353027344
747,t2_b0,13,1,953,888,8.963996887207031
747,t2_b0,15,10,848,712,39.381675720214844
747,t2_b0,35,5,983,912,8.058839797973633
747,t2_b0,43,5,910,748,3.7772560119628906
747,t2_b0,44,5,986,920,11.040401458740234
747,t2_b0,46,5,927,844,8.94325065612793
747,t2_b0,51,5,836,744,37.66018295288086
748,t2_b0,5,5,922,824,5.663341522216797
748,t2_b0,9,5,792,680,5.827958106994629
748,t2_b0,19,5,882,664,30.128652572631836
748,t2_b0,34,5,829,648,11.529707908630371
748,t2_b0,40,5,873,920,5.683461666107178
748,t2_b0,51,1,837,748,7.774975299835205
748,t2_b0,54,5,977,796,5.614388465881348
748,t2_b0,55,5,862,780,8.759587287902832
748,t2_b0,58,5,893,748,6.274209976196289
748,t2_b0,59,5,964,772,6.535342693328857
749,t2_b0,2,5,860,712,7.629739761352539
749,t2_b0,9,5,797,684,8.81347370147705
749,t2_b0,17,5,900,780,6.261661529541016
749,t2_b0,21,5,814,724,10.313106536865234
749,t2_b0,22,5,807,620,6.766740798950195
749,t2_b0,24,5,905,812,48.49319839477539
749,t2_b0,25,1,895,684,4.076599597930908
749,t2_b0,32,5,838,740,6.687925338745117
749,t2_b0,52,5,868,736,34.52437210083008
750,t2_b0,28,5,869,760,5.085431098937988
750,t2_b0,30,5,931,776,7.404638290405273
750,t2_b0,42,5,825,708,9.315134048461914
750,t2_b0,52,5,873,740,37.14186477661133
750,t2_b0,56,4,910,812,5.496908187866211
751,t2_b0,23,5,903,804,14.093320846557617
751,t2_b0,27,5,882,708,34.66139602661133
751,t2_b0,40,5,878,924,21.110187530517578
751,t2_b0,43,5,915,752,7.987504005432129
751,t2_b0,53,5,826,688,7.323105812072754
752,t2_b0,0,5,925,832,19.814889907836914
752,t2_b0,2,5,865,716,29.850805282592773
752,t2_b0,11,5,821,644,9.140793800354004
752,t2_b0,14,5,865,716,5.938112258911133
752,t2_b0,32,11,849,744,7.494350433349609
752,t2_b0,47,5,952,884,4.5302276611328125
752,t2_b0,54,5,982,800,8.756965637207031
752,t2_b0,59,5,969,776,5.665471076965332
753,t2_b0,1,5,929,752,25.615379333496094
753,t2_b0,5,5,927,828,5.042920112609863
753,t2_b0,28,5,874,764,4.425698280334473
753,t2_b0,29,5,855,820,28.752004623413086
753,t2_b0,31,5,936,856,7.3101091384887695
753,t2_b0,33,5,823,804,6.996101379394531
754,t2_b0,9,5,802,688,35.912288665771484
754,t2_b0,10,5,871,728,17.950708389282227
754,t2_b0,24,5,910,816,3.805417060852051
754,t2_b0,30,5,936,780,6.007511138916016
754,t2_b0,31,5,941,860,8.136070251464844
754,t2_b0,34,5,834,652,9.06949234008789
754,t2_b0,35,5,988,916,6.135402679443359
754,t2_b0,42,5,830,712,26.543977737426758
754,t2_b0,49,5,860,752,9.629047393798828
754,t2_b0,51,1,838,752,6.527844429016113
754,t2_b0,55,1,863,784,6.5430731773376465
754,t2_b0,58,5,898,752,2.5969371795654297
755,t2_b0,2,1,866,720,6.461417198181152
755,t2_b0,4,5,949,812,7.616999626159668
755,t2_b0,5,1,928,832,23.667245864868164
755,t2_b0,6,5,966,920,9.399520874023438
755,t2_b0,16,1,766,624,32.00878143310547
755,t2_b0,17,1,901,784,8.81474494934082
755,t2_b0,20,5,888,880,5.71988582611084
755,t2_b0,22,1,808,624,4.104397296905518
755,t2_b0,24,5,915,820,47.89181900024414
755,t2_b0,26,10,844,676,4.484734058380127
755,t2_b0,30,5,941,784,34.353031158447266
755,t2_b0,39,1,911,740,6.206915378570557
755,t2_b0,50,1,861,792,36.862945556640625
755,t2_b0,55,5,868,788,8.87060832977295
755,t2_b0,56,5,915,816,8.912063598632812
755,t2_b0,57,1,864,796,12.8851900100708
755,t2_b0,59,1,970,780,4.048210144042969
756,t2_b0,10,5,876,732,6.1473069190979
756,t2_b0,18,5,963,792,7.916727066040039
756,t2_b0,35,5,993,920,8.942022323608398
756,t2_b0,37,5,962,812,5.48107385635376
756,t2_b0,45,5,930,828,7.249902725219727
756,t2_b0,54,5,987,804,6.119731903076172
756,t2_b0,55,5,873,792,3.8850317001342773
757,t2_b0,1,5,934,756,5.68240213394165
757,t2_b0,11,5,826,648,7.840342998504639
757,t2_b0,15,5,853,716,6.206325531005859
757,t2_b0,28,5,879,768,4.265868186950684
757,t2_b0,40,5,883,928,8.602693557739258
757,t2_b0,44,5,991,924,5.8337883949279785
757,t2_b0,53,5,831,692,8.08740234375
757,t2_b0,57,5,869,800,5.941100597381592
758,t2_b0,6,5,971,924,27.506052017211914
758,t2_b0,10,5,881,736,4.927555084228516
758,t2_b0,19,5,887,668,6.009936332702637
758,t2_b0,21,5,819,728,8.021953582763672
758,t2_b0,35,10,1003,924,7.323767185211182
758,t2_b0,39,5,916,744,32.32583999633789
758,t2_b0,57,5,874,804,5.699553966522217
759,t2_b0,3,5,861,808,8.572633743286133
759,t2_b0,7,5,851,652,6.8748931884765625
759,t2_b0,8,5,874,756,12.17995834350586
759,t2_b0,15,5,858,720,5.9423017501831055
759,t2_b0,25,5,900,688,6.435000419616699
759,t2_b0,37,5,967,816,7.25832462310791
759,t2_b0,38,5,884,684,34.918968200683594
759,t2_b0,40,5,888,932,40.330867767333984
759,t2_b0,46,5,932,848,9.153182983398438
759,t2_b0,50,5,866,796,33.66242218017578
759,t2_b0,51,5,843,756,6.9839701652526855
759,t2_b0,53,5,836,696,12.75439739227295
760,t2_b0,1,5,939,760,8.329882621765137
760,t2_b0,6,5,976,928,7.2423834800720215
760,t2_b0,7,5,856,656,4.343979835510254
760,t2_b0,41,5,846,724,66.2581558227539
760,t2_b0,44,5,996,928,7.095122337341309
760,t2_b0,47,5,957,888,6.274232387542725
760,t2_b0,48,5,886,812,27.438377380371094
760,t2_b0,53,5,841,700,76.80293273925781
761,t2_b0,17,5,906,788,9.065025329589844
761,t2_b0,20,5,893,884,8.49954891204834
761,t2_b0,23,5,908,808,16.234426498413086
761,t2_b0,38,5,889,688,8.015434265136719
761,t2_b0,51,5,848,760,9.2019681930542
761,t2_b0,53,5,846,704,7.880257606506348
761,t2_b0,56,5,920,820,6.502236843109131
761,t2_b0,59,5,975,784,8.943146705627441
762,t2_b0,32,5,854,748,5.857555389404297
762,t2_b0,34,5,839,656,9.506467819213867
762,t2_b0,39,5,921,748,6.928679466247559
762,t2_b0,42,5,835,716,7.182480335235596
762,t2_b0,46,1,933,852,11.333944320678711
762,t2_b0,53,5,851,708,6.461884498596191
763,t2_b0,6,5,981,932,5.843100547790527
763,t2_b0,12,5,856,776,8.159392356872559
763,t2_b0,23,5,913,812,11.778458595275879
763,t2_b0,29,5,860,824,5.585700988769531
763,t2_b0,33,5,828,808,7.495810031890869
763,t2_b0,38,5,894,692,7.808250427246094
763,t2_b0,45,5,935,832,4.974724769592285
763,t2_b0,49,1,861,756,7.831136703491211
763,t2_b0,53,5,856,712,4.3277459144592285
763,t2_b0,55,1,874,796,7.863308906555176
764,t2_b0,3,5,866,812,49.001686096191406
764,t2_b0,18,5,968,796,12.866674423217773
764,t2_b0,23,10,923,816,9.802389144897461
764,t2_b0,27,10,892,712,40.330081939697266
764,t2_b0,39,5,926,752,3.3239057064056396
764,t2_b0,51,5,853,764,14.160270690917969
765,t2_b0,11,5,831,652,22.16436767578125
765,t2_b0,26,5,849,680,39.80986404418945
765,t2_b0,36,5,928,748,10.410228729248047
765,t2_b0,43,5,920,756,6.6140546798706055
765,t2_b0,50,5,871,800,5.6888346672058105
766,t2_b0,5,5,933,836,12.96492862701416
766,t2_b0,19,5,892,672,8.611454963684082
766,t2_b0,24,6,921,824,8.7991361618042
766,t2_b0,45,11,946,836,7.843332290649414
767,t2_b0,2,1,867,724,27.768938064575195
767,t2_b0,3,5,871,816,13.287209510803223
767,t2_b0,5,5,938,840,8.771193504333496
767,t2_b0,10,5,886,740,6.0120134353637695
767,t2_b0,40,5,893,936,5.810666561126709
767,t2_b0,43,5,925,760,24.091949462890625
768,t2_b0,7,1,857,660,4.814164161682129
768,t2_b0,9,5,807,692,37.7552490234375
768,t2_b0,21,5,824,732,6.0966596603393555
768,t2_b0,22,5,813,628,9.785691261291504
768,t2_b0,35,5,1008,928,8.960960388183594
768,t2_b0,41,5,851,728,7.689404010772705
769,t2_b0,16,1,767,628,5.278415203094482
769,t2_b0,17,1,907,792,7.2241411209106445
769,t2_b0,49,5,866,760,23.520265579223633
769,t2_b0,55,5,879,800,28.212406158447266
769,t2_b0,57,5,879,808,13.313909530639648
770,t2_b0,1,5,944,764,7.979000091552734
770,t2_b0,5,5,943,844,73.82562255859375
770,t2_b0,6,5,986,936,9.581421852111816
770,t2_b0,8,5,879,760,24.502138137817383
770,t2_b0,13,5,958,892,11.200160026550293
770,t2_b0,31,5,946,864,8.934964179992676
770,t2_b0,33,5,833,812,9.066850662231445
770,t2_b0,36,5,933,752,6.980328559875488
770,t2_b0,57,5,884,812,5.71833610534668
770,t2_b0,58,5,903,756,8.254305839538574
771,t2_b0,19,5,897,676,4.686995029449463
771,t2_b0,31,5,951,868,10.023714065551758
771,t2_b0,55,5,884,804,4.316740036010742
771,t2_b0,59,5,980,788,7.095024108886719
772,t2_b0,5,5,948,848,8.790877342224121
772,t2_b0,28,5,884,772,5.56993293762207
772,t2_b0,30,5,946,788,7.6346893310546875
772,t2_b0,34,5,844,660,9.968695640563965
772,t2_b0,35,5,1013,932,9.558938980102539
772,t2_b0,36,5,938,756,9.792511940002441
772,t2_b0,46,5,938,856,8.86019229888916
773,t2_b0,17,5,912,796,5.2304511070251465
773,t2_b0,21,5,829,736,7.5804290771484375
773,t2_b0,32,5,859,752,5.799947738647461
773,t2_b0,34,5,849,664,42.88775634765625
773,t2_b0,38,5,899,696,34.26873016357422
773,t2_b0,39,5,931,756,4.800976753234863
773,t2_b0,53,5,861,716,11.563942909240723
773,t2_b0,59,5,985,792,8.92333984375
774,t2_b0,0,5,930,836,8.474387168884277
774,t2_b0,1,5,949,768,9.577187538146973
774,t2_b0,12,5,861,780,6.597248077392578
774,t2_b0,18,5,973,800,8.94571304321289
774,t2_b0,22,5,818,632,5.949245929718018
774,t2_b0,23,5,928,820,13.186225891113281
774,t2_b0,27,5,897,716,5.732696533203125
774,t2_b0,29,5,865,828,23.750221252441406
774,t2_b0,35,5,1018,936,9.834678649902344
774,t2_b0,39,5,936,760,5.532721042633057
774,t2_b0,49,5,871,764,7.259698867797852
774,t2_b0,51,5,858,768,40.68740463256836
774,t2_b0,56,5,925,824,7.230752944946289
775,t2_b0,0,5,935,840,5.717718124389648
775,t2_b0,18,1,974,804,13.652974128723145
775,t2_b0,19,10,907,680,7.090778350830078
775,t2_b0,33,5,838,816,6.3682475090026855
775,t2_b0,37,5,972,820,7.528532028198242
775,t2_b0,45,10,956,840,6.012211322784424
775,t2_b0,50,5,876,804,10.632485389709473
775,t2_b0,52,5,878,744,6.9160614013671875
776,t2_b0,9,5,812,696,27.29671287536621
776,t2_b0,16,5,772,632,6.175130367279053
776,t2_b0,24,5,926,828,4.596952438354492
776,t2_b0,26,10,859,684,11.38463306427002
776,t2_b0,27,5,902,720,5.580497741699219
776,t2_b0,28,5,889,776,4.660321235656738
777,t2_b0,0,5,940,844,11.928937911987305
777,t2_b0,2,5,872,728,43.22735595703125
777,t2_b0,3,5,876,820,7.098296165466309
777,t2_b0,5,5,953,852,75.06344604492188
777,t2_b0,8,5,884,764,8.927620887756348
777,t2_b0,10,5,891,744,4.846737384796143
777,t2_b0,48,5,891,816,40.78713607788086
777,t2_b0,53,5,866,720,6.726686477661133
777,t2_b0,57,11,895,816,8.936014175415039
778,t2_b0,0,5,945,848,8.813088417053223
778,t2_b0,7,5,862,664,5.7248382568359375
778,t2_b0,14,5,870,720,4.2740678787231445
778,t2_b0,42,5,840,720,30.709627151489258
779,t2_b0,11,5,836,656,9.797497749328613
779,t2_b0,14,10,880,724,9.071091651916504
779,t2_b0,37,5,977,824,10.329161643981934
779,t2_b0,40,5,898,940,8.41366195678711
779,t2_b0,41,5,856,732,6.425665378570557
779,t2_b0,58,1,904,760,23.17502212524414
780,t2_b0,4,5,954,816,4.263237953186035
780,t2_b0,6,5,991,940,19.953556060791016
780,t2_b0,7,5,867,668,8.82239055633545
780,t2_b0,13,5,963,896,6.654679298400879
780,t2_b0,17,5,917,800,7.570213794708252
780,t2_b0,23,5,933,824,21.335851669311523
780,t2_b0,32,5,864,756,4.526463031768799
780,t2_b0,48,5,896,820,7.760012149810791
780,t2_b0,51,5,863,772,7.4556803703308105
781,t2_b0,1,5,954,772,23.466325759887695
781,t2_b0,21,5,834,740,5.6055097579956055
781,t2_b0,26,10,869,688,13.932348251342773
781,t2_b0,28,5,894,780,6.431002616882324
781,t2_b0,34,5,854,668,6.504308700561523
781,t2_b0,37,10,987,828,4.4483642578125
781,t2_b0,44,5,1001,932,9.233344078063965
781,t2_b0,48,5,901,824,6.7206244468688965
781,t2_b0,50,5,881,808,12.232521057128906
781,t2_b0,55,5,889,808,6.8600358963012695
782,t2_b0,8,5,889,768,9.757965087890625
782,t2_b0,16,5,777,636,12.294120788574219
782,t2_b0,20,5,898,888,9.237138748168945
782,t2_b0,30,5,951,792,10.81393814086914
782,t2_b0,39,5,941,764,4.2784624099731445
782,t2_b0,41,5,861,736,7.324252605438232
783,t2_b0,12,10,871,784,24.1584529876709
783,t2_b0,21,5,839,744,54.165523529052734
783,t2_b0,23,5,938,828,30.79459571838379
783,t2_b0,34,5,859,672,31.83160972595215
783,t2_b0,35,5,1023,940,3.748434066772461
783,t2_b0,36,5,943,760,7.72763729095459
783,t2_b0,54,5,992,808,6.915116310119629
783,t2_b0,55,1,890,812,7.002396583557129
784,t2_b0,2,5,877,732,8.321803092956543
784,t2_b0,5,5,958,856,5.741574287414551
784,t2_b0,11,5,841,660,7.926615238189697
784,t2_b0,22,5,823,636,5.403556823730469
784,t2_b0,31,5,956,872,7.309779167175293
784,t2_b0,49,5,876,768,9.805313110351562
784,t2_b0,52,5,883,748,5.0918378829956055
784,t2_b0,59,5,990,796,7.489475250244141
785,t2_b0,5,5,963,860,7.293149471282959
785,t2_b0,9,5,817,700,12.610172271728516
785,t2_b0,19,5,912,684,4.79541540145874
785,t2_b0,34,5,864,676,10.05032730102539
785,t2_b0,38,5,904,700,6.250675678253174
785,t2_b0,44,10,1011,936,4.660629749298096
785,t2_b0,45,5,961,844,3.985389232635498
785,t2_b0,50,1,882,812,5.603524208068848
785,t2_b0,53,5,871,724,10.209933280944824
786,t2_b0,7,5,872,672,5.147187232971191
786,t2_b0,24,5,931,832,8.138775825500488
786,t2_b0,25,5,905,692,5.575477123260498
786,t2_b0,28,10,904,784,7.011009216308594
786,t2_b0,54,5,997,812,3.5883607864379883
786,t2_b0,55,5,895,816,8.237265586853027
787,t2_b0,0,5,950,852,12.916437149047852
787,t2_b0,10,5,896,748,9.997735023498535
787,t2_b0,29,5,870,832,8.192426681518555
787,t2_b0,57,5,900,820,9.22146987915039
788,t2_b0,1,5,959,776,11.289284706115723
788,t2_b0,20,5,903,892,44.51983642578125
788,t2_b0,21,5,844,748,9.021610260009766
788,t2_b0,24,5,936,836,63.15823745727539
788,t2_b0,30,5,956,796,13.974514961242676
788,t2_b0,31,5,961,876,7.717660427093506
788,t2_b0,32,5,869,760,6.076631546020508
788,t2_b0,39,5,946,768,5.506615161895752
788,t2_b0,46,5,943,860,6.510967254638672
789,t2_b0,5,5,968,864,6.547333240509033
789,t2_b0,10,5,901,752,12.02308464050293
789,t2_b0,14,5,885,728,7.307369232177734
789,t2_b0,27,5,907,724,6.552508354187012
789,t2_b0,29,2,872,836,8.814653396606445
789,t2_b0,33,5,843,820,31.797378540039062
789,t2_b0,34,5,869,680,10.362380981445312
789,t2_b0,40,5,903,944,9.188455581665039
789,t2_b0,45,5,966,848,9.270977973937988
789,t2_b0,58,5,909,764,15.810674667358398
789,t2_b0,59,5,995,800,3.1652257442474365
790,t2_b0,36,5,948,764,9.520858764648438
790,t2_b0,53,5,876,728,23.50788116455078
791,t2_b0,1,2,961,780,6.691909313201904
791,t2_b0,26,5,874,692,7.561402320861816
791,t2_b0,37,5,992,832,6.40128231048584
791,t2_b0,51,5,868,776,13.21519660949707
791,t2_b0,54,5,1002,816,34.57987976074219
791,t2_b0,56,5,930,828,5.061955451965332
792,t2_b0,8,5,894,772,6.32804536819458
792,t2_b0,16,5,782,640,8.473743438720703
792,t2_b0,22,5,828,640,6.487964630126953
792,t2_b0,25,5,910,696,17.8608455657959
792,t2_b0,29,1,873,840,7.108761310577393
792,t2_b0,43,5,930,764,6.15772819519043
792,t2_b0,45,1,967,852,8.16775131225586
792,t2_b0,51,5,873,780,7.745099067687988
792,t2_b0,56,10,940,832,8.233449935913086
793,t2_b0,5,5,973,868,8.104241371154785
793,t2_b0,7,5,877,676,81.81414794921875
793,t2_b0,8,1,895,776,9.527053833007812
793,t2_b0,12,5,876,788,7.509670734405518
793,t2_b0,13,5,968,900,6.734195709228516
793,t2_b0,17,5,922,804,9.05514144897461
793,t2_b0,22,10,838,644,4.504990577697754
793,t2_b0,35,5,1028,944,9.566230773925781
793,t2_b0,37,5,997,836,10.884745597839355
793,t2_b0,47,5,962,892,5.61358118057251
794,t2_b0,11,5,846,664,10.410447120666504
794,t2_b0,18,5,979,808,10.315977096557617
794,t2_b0,20,1,904,896,8.699176788330078
794,t2_b0,26,5,879,696,11.089327812194824
794,t2_b0,30,5,961,800,6.495044708251953
794,t2_b0,42,1,841,724,7.336836338043213
794,t2_b0,49,5,881,772,42.129940032958984
794,t2_b0,57,5,905,824,7.556206226348877
795,t2_b0,15,5,863,724,6.26621150970459
795,t2_b0,17,1,923,808,7.885910987854004
795,t2_b0,23,2,940,832,9.053023338317871
795,t2_b0,25,5,915,700,3.790666103363037
795,t2_b0,26,5,884,700,8.076339721679688
795,t2_b0,38,5,909,704,38.84183120727539
795,t2_b0,39,2,948,772,4.616020679473877
795,t2_b0,44,5,1016,940,4.683399677276611
795,t2_b0,47,5,967,896,7.243007659912109
795,t2_b0,55,10,905,820,5.069666385650635
796,t2_b0,5,5,978,872,3.9481279850006104
796,t2_b0,11,5,851,668,4.077088832855225
796,t2_b0,23,5,945,836,5.714199542999268
796,t2_b0,28,5,909,788,8.426748275756836
796,t2_b0,30,5,966,804,3.711057662963867
796,t2_b0,31,5,966,880,45.318878173828125
796,t2_b0,52,5,888,752,7.195003986358643
797,t2_b0,12,5,881,792,7.04696798324585
797,t2_b0,19,5,917,688,9.706297874450684
797,t2_b0,20,5,909,900,44.52591323852539
797,t2_b0,31,5,971,884,10.006523132324219
797,t2_b0,32,5,874,764,10.410696983337402
797,t2_b0,34,10,879,684,6.467555999755859
798,t2_b0,2,5,882,736,5.924386978149414
798,t2_b0,13,5,973,904,8.98580265045166
798,t2_b0,17,1,924,812,5.661271572113037
798,t2_b0,28,5,914,792,5.171850204467773
798,t2_b0,40,5,908,948,11.354850769042969
798,t2_b0,41,5,866,740,5.232499122619629
798,t2_b0,46,5,948,864,7.121121406555176
798,t2_b0,50,5,887,816,32.72370910644531
798,t2_b0,54,5,1007,820,5.127011299133301
799,t2_b0,3,5,881,824,4.795892715454102
799,t2_b0,5,5,983,876,4.787368297576904
799,t2_b0,9,5,822,704,26.21030616760254
799,t2_b0,10,5,906,756,16.350849151611328
799,t2_b0,16,5,787,644,4.704636096954346
799,t2_b0,19,5,922,692,25.14162254333496
799,t2_b0,23,10,955,840,4.4405012130737305
799,t2_b0,27,5,912,728,8.560691833496094
800,t2_b0,17,5,929,816,5.119187831878662
800,t2_b0,58,5,914,768,10.909215927124023
801,t2_b0,1,5,966,784,7.737781047821045
801,t2_b0,5,5,988,880,10.370828628540039
801,t2_b0,21,5,849,752,5.514864444732666
801,t2_b0,33,5,848,824,9.358051300048828
801,t2_b0,40,5,913,952,10.15419864654541
802,t2_b0,0,5,955,856,29.262821197509766
802,t2_b0,3,5,886,828,6.586181640625
802,t2_b0,7,5,882,680,6.816734313964844
802,t2_b0,14,5,890,732,5.418452262878418
802,t2_b0,20,5,914,904,7.192095756530762
802,t2_b0,21,5,854,756,36.171730041503906
802,t2_b0,24,5,941,840,8.687799453735352
802,t2_b0,30,5,971,808,4.965335369110107
802,t2_b0,36,5,953,768,5.2457475662231445
802,t2_b0,42,1,842,728,5.042026519775391
802,t2_b0,51,5,878,784,12.204425811767578
802,t2_b0,52,5,893,756,4.161390781402588
802,t2_b0,56,5,945,836,6.3919782638549805
803,t2_b0,22,5,843,648,5.575709819793701
803,t2_b0,30,5,976,812,20.84581756591797
803,t2_b0,31,5,976,888,12.501779556274414
803,t2_b0,37,5,1002,840,5.322391510009766
803,t2_b0,48,5,906,828,8.286066055297852
804,t2_b0,0,5,960,860,12.105768203735352
804,t2_b0,10,5,911,760,6.164124488830566
804,t2_b0,18,10,989,812,9.088273048400879
804,t2_b0,24,5,946,844,6.614376544952393
804,t2_b0,25,5,920,704,21.274473190307617
804,t2_b0,41,5,871,744,3.931786298751831
804,t2_b0,42,5,847,732,8.065540313720703
804,t2_b0,46,5,953,868,8.919702529907227
804,t2_b0,50,5,892,820,3.8717918395996094
804,t2_b0,57,5,910,828,7.277593612670898
805,t2_b0,1,5,971,788,7.158907890319824
805,t2_b0,24,10,956,848,5.177679061889648
805,t2_b0,37,5,1007,844,5.431560039520264
805,t2_b0,38,5,914,708,5.023304462432861
805,t2_b0,42,5,852,736,4.53380012512207
805,t2_b0,48,5,911,832,14.045777320861816
805,t2_b0,50,5,897,824,5.0683817863464355
805,t2_b0,55,5,910,824,7.55223274230957
805,t2_b0,57,5,915,832,14.737531661987305
806,t2_b0,0,5,965,864,14.523160934448242
806,t2_b0,4,5,959,820,6.312966346740723
806,t2_b0,10,5,916,764,16.153182983398438
806,t2_b0,28,1,915,796,8.044754981994629
806,t2_b0,37,5,1012,848,12.849478721618652
807,t2_b0,4,5,964,824,10.37938117980957
807,t2_b0,8,5,900,780,8.728193283081055
807,t2_b0,34,5,884,688,11.148825645446777
807,t2_b0,49,5,886,776,7.226586818695068
807,t2_b0,57,5,920,836,10.674331665039062
808,t2_b0,8,5,905,784,7.224550247192383
808,t2_b0,11,5,856,672,19.426212310791016
808,t2_b0,14,1,891,736,6.547025680541992
808,t2_b0,27,5,917,732,6.608306407928467
808,t2_b0,38,5,919,712,24.42208480834961
808,t2_b0,50,5,902,828,5.097322463989258
808,t2_b0,52,5,898,760,9.437674522399902
808,t2_b0,54,5,1012,824,7.190368175506592
809,t2_b0,3,5,891,832,7.8142805099487305
809,t2_b0,6,5,996,944,8.740307807922363
809,t2_b0,10,5,921,768,4.421765327453613
809,t2_b0,16,5,792,648,5.5195841789245605
809,t2_b0,23,5,960,844,14.39200496673584
809,t2_b0,27,1,918,736,3.612769842147827
809,t2_b0,35,1,1029,948,11.677447319030762
809,t2_b0,39,5,953,776,3.8710639476776123
809,t2_b0,41,5,876,748,6.195374965667725
809,t2_b0,53,1,877,732,5.3225178718566895
810,t2_b0,1,5,976,792,6.339572906494141
810,t2_b0,2,5,887,740,11.683629989624023
810,t2_b0,6,5,1001,948,11.206867218017578
810,t2_b0,21,5,859,760,8.79428482055664
810,t2_b0,22,5,848,652,5.591469764709473
810,t2_b0,28,5,920,800,30.683883666992188
810,t2_b0,32,5,879,768,9.153326988220215
810,t2_b0,39,2,955,780,9.211624145507812
810,t2_b0,40,5,918,956,9.00037956237793
810,t2_b0,53,8,885,736,4.758478164672852
810,t2_b0,57,5,925,840,6.657013416290283
811,t2_b0,5,5,993,884,6.921034812927246
811,t2_b0,17,5,934,820,8.118874549865723
811,t2_b0,19,5,927,696,6.8804612159729
811,t2_b0,33,5,853,828,12.20923137664795
811,t2_b0,35,1,1030,952,43.49317932128906
811,t2_b0,39,2,957,784,5.23231315612793
811,t2_b0,42,5,857,740,8.73659896850586
811,t2_b0,56,5,950,840,5.615805625915527
812,t2_b0,5,6,999,888,7.1083221435546875
812,t2_b0,7,5,887,684,44.70013427734375
812,t2_b0,10,5,926,772,6.098620891571045
812,t2_b0,12,5,886,796,8.201367378234863
812,t2_b0,13,5,978,908,6.614268779754639
812,t2_b0,17,1,935,824,5.250914096832275
812,t2_b0,20,5,919,908,7.31463098526001
812,t2_b0,21,5,864,764,9.564497947692871
812,t2_b0,35,1,1031,956,5.458634376525879
812,t2_b0,36,5,958,772,5.121004104614258
812,t2_b0,37,1,1013,852,4.513356685638428
812,t2_b0,42,1,858,744,5.032009124755859
812,t2_b0,50,5,907,832,41.126583099365234
812,t2_b0,51,4,882,788,26.44269561767578
812,t2_b0,55,5,915,828,9.841056823730469
812,t2_b0,57,1,926,844,14.643716812133789
813,t2_b0,11,5,861,676,8.585983276367188
813,t2_b0,31,5,981,892,8.253637313842773
813,t2_b0,32,5,884,772,6.701607704162598
813,t2_b0,38,5,924,716,3.6428112983703613
813,t2_b0,45,5,972,856,8.348982810974121
814,t2_b0,13,5,983,912,11.017149925231934
814,t2_b0,15,5,868,728,3.6400954723358154
814,t2_b0,18,5,994,816,8.081680297851562
814,t2_b0,25,1,921,708,6.467162132263184
814,t2_b0,28,5,925,804,7.435445785522461
814,t2_b0,29,5,878,844,8.92234992980957
814,t2_b0,46,5,958,872,40.84673309326172
814,t2_b0,57,5,931,848,9.116691589355469
815,t2_b0,0,5,970,868,12.46002197265625
815,t2_b0,11,5,866,680,8.332880020141602
815,t2_b0,14,5,896,740,7.771608352661133
815,t2_b0,24,5,961,852,7.6598639488220215
815,t2_b0,35,5,1036,960,4.467077732086182
815,t2_b0,41,5,881,752,20.867372512817383
815,t2_b0,49,5,891,780,7.756043910980225
815,t2_b0,59,5,1000,804,6.216066837310791
816,t2_b0,24,5,966,856,5.055868625640869
816,t2_b0,58,5,919,772,25.96617317199707
817,t2_b0,18,5,999,820,14.905587196350098
817,t2_b0,35,5,1041,964,9.136467933654785
817,t2_b0,47,5,972,900,9.986955642700195
818,t2_b0,4,5,969,828,5.232786655426025
818,t2_b0,9,5,827,708,6.509305953979492
818,t2_b0,19,5,932,700,9.464377403259277
818,t2_b0,26,5,889,704,8.197108268737793
819,t2_b0,12,5,891,800,7.859850883483887
819,t2_b0,21,5,869,768,10.52818775177002
819,t2_b0,22,5,853,656,36.69908905029297
819,t2_b0,23,5,965,848,3.4203784465789795
819,t2_b0,27,5,923,740,37.11003494262695
819,t2_b0,28,10,935,808,8.018863677978516
819,t2_b0,42,5,863,748,10.158617973327637
819,t2_b0,43,5,935,768,11.960107803344727
819,t2_b0,44,5,1021,944,6.176233291625977
819,t2_b0,48,5,916,836,9.35846996307373
819,t2_b0,51,5,887,792,7.893538475036621
820,t2_b0,1,5,981,796,10.870388984680176
820,t2_b0,2,5,892,744,5.5282816886901855
820,t2_b0,4,10,979,832,33.327083587646484
820,t2_b0,7,5,892,688,6.707256317138672
820,t2_b0,9,5,832,712,10.392504692077637
820,t2_b0,12,5,896,804,44.14607238769531
820,t2_b0,16,5,797,652,10.196468353271484
820,t2_b0,40,5,923,960,8.963098526000977
820,t2_b0,50,5,912,836,7.484660625457764
820,t2_b0,53,5,890,740,7.2673139572143555
820,t2_b0,54,5,1017,828,7.874351978302002
820,t2_b0,55,5,920,832,33.053035736083984
820,t2_b0,57,1,932,852,8.296956062316895
821,t2_b0,6,5,1006,952,11.968694686889648
821,t2_b0,20,5,924,912,60.72888946533203
821,t2_b0,24,5,971,860,5.674637794494629
821,t2_b0,26,5,894,708,10.584687232971191
821,t2_b0,27,1,924,744,5.922776699066162
822,t2_b0,2,5,897,748,6.44052791595459
822,t2_b0,5,5,1004,892,24.228429794311523
822,t2_b0,10,5,931,776,19.700244903564453
822,t2_b0,12,5,901,808,44.35301971435547
822,t2_b0,14,5,901,744,3.729994297027588
822,t2_b0,35,5,1046,968,7.787525653839111
822,t2_b0,38,5,929,720,11.43878173828125
822,t2_b0,55,5,925,836,7.8577775955200195
823,t2_b0,1,5,986,800,7.931462287902832
823,t2_b0,10,5,936,780,8.412760734558105
823,t2_b0,14,5,906,748,5.628443241119385
823,t2_b0,16,10,807,656,9.217808723449707
823,t2_b0,25,1,922,712,5.81354284286499
823,t2_b0,31,5,986,896,13.323567390441895
823,t2_b0,32,5,889,776,5.949400901794434
823,t2_b0,45,5,977,860,4.886835098266602
823,t2_b0,57,5,937,856,12.35669231414795
823,t2_b0,58,5,924,776,4.224049091339111
824,t2_b0,1,5,991,804,5.5216193199157715
824,t2_b0,2,5,902,752,8.210854530334473
824,t2_b0,8,5,910,788,6.943575859069824
824,t2_b0,15,5,873,732,37.214691162109375
824,t2_b0,18,15,1014,824,6.769661903381348
824,t2_b0,30,5,981,816,14.161680221557617
824,t2_b0,44,5,1026,948,49.94599151611328
824,t2_b0,46,5,963,876,12.583118438720703
824,t2_b0,47,5,977,904,7.308844089508057
825,t2_b0,30,5,986,820,9.252764701843262
825,t2_b0,35,1,1047,972,12.119002342224121
825,t2_b0,40,5,928,964,7.872580528259277
825,t2_b0,41,5,886,756,4.57584810256958
825,t2_b0,49,5,896,784,45.84939193725586
825,t2_b0,50,5,917,840,4.48300838470459
826,t2_b0,11,5,871,684,10.281347274780273
826,t2_b0,13,6,989,916,8.388293266296387
826,t2_b0,24,5,976,864,46.165157318115234
826,t2_b0,34,10,894,692,13.932971954345703
826,t2_b0,35,5,1052,976,40.17946243286133
826,t2_b0,42,5,868,752,6.597290992736816
826,t2_b0,57,5,942,860,41.9723014831543
826,t2_b0,58,5,929,780,6.280280113220215
827,t2_b0,3,5,896,836,26.970745086669922
827,t2_b0,12,5,906,812,7.6845383644104
827,t2_b0,15,5,878,736,22.880489349365234
827,t2_b0,29,5,883,848,5.3052659034729
827,t2_b0,33,5,858,832,5.574524402618408
827,t2_b0,42,5,873,756,8.658082962036133
828,t2_b0,17,1,936,828,8.29859733581543
828,t2_b0,19,5,937,704,15.42245864868164
828,t2_b0,23,5,970,852,35.906578063964844
828,t2_b0,39,5,962,788,4.854881286621094
829,t2_b0,0,5,975,872,9.415291786193848
829,t2_b0,22,5,858,660,7.363539218902588
829,t2_b0,28,5,940,812,9.092348098754883
829,t2_b0,43,5,940,772,33.74644470214844
829,t2_b0,45,5,982,864,18.930816650390625
829,t2_b0,48,5,921,840,8.222427368164062
829,t2_b0,53,5,895,744,71.97915649414062
829,t2_b0,56,5,955,844,6.500413417816162
830,t2_b0,3,5,901,840,6.18974494934082
830,t2_b0,4,5,984,836,5.5198869705200195
830,t2_b0,7,5,897,692,6.216825008392334
830,t2_b0,9,5,837,716,8.679691314697266
830,t2_b0,23,5,975,856,63.44411849975586
830,t2_b0,31,5,991,900,5.200379371643066
830,t2_b0,39,1,963,792,4.2763776779174805
830,t2_b0,52,5,903,764,12.78405475616455
830,t2_b0,53,5,900,748,5.222207546234131
830,t2_b0,58,5,934,784,26.06146240234375
831,t2_b0,0,5,980,876,7.0879011154174805
831,t2_b0,2,5,907,756,5.561418056488037
831,t2_b0,4,5,989,840,33.1004753112793
831,t2_b0,9,5,842,720,8.241247177124023
831,t2_b0,15,5,883,740,4.3347039222717285
831,t2_b0,19,1,938,708,8.631417274475098
831,t2_b0,25,1,923,716,36.87666702270508
831,t2_b0,33,10,868,836,7.342032432556152
831,t2_b0,40,5,933,968,6.478252410888672
831,t2_b0,52,1,904,768,5.715120315551758
832,t2_b0,0,15,995,880,13.190570831298828
832,t2_b0,6,5,1011,956,6.172185897827148
832,t2_b0,20,5,929,916,4.5881571769714355
832,t2_b0,38,5,934,724,6.4241485595703125
832,t2_b0,41,5,891,760,15.575151443481445
832,t2_b0,43,5,945,776,9.058589935302734
832,t2_b0,44,5,1031,952,6.5447235107421875
832,t2_b0,45,5,987,868,4.7451300621032715
833,t2_b0,3,5,906,844,42.22359085083008
833,t2_b0,6,5,1016,960,8.733779907226562
833,t2_b0,9,1,843,724,37.29707717895508
833,t2_b0,16,5,812,660,6.504306316375732
833,t2_b0,21,5,874,772,8.259970664978027
833,t2_b0,26,5,899,712,12.036002159118652
833,t2_b0,29,5,888,852,5.404894828796387
833,t2_b0,36,1,959,776,5.20853328704834
833,t2_b0,38,5,939,728,6.453028678894043
833,t2_b0,43,5,950,780,8.809505462646484
833,t2_b0,50,5,922,844,4.8800368309021
833,t2_b0,57,5,947,864,6.6446943283081055
833,t2_b0,59,1,1001,808,7.535571098327637
834,t2_b0,1,5,996,808,8.315372467041016
834,t2_b0,2,5,912,760,12.007293701171875
834,t2_b0,3,5,911,848,6.253961563110352
834,t2_b0,4,5,994,844,5.966536045074463
834,t2_b0,5,5,1009,896,9.749685287475586
834,t2_b0,6,5,1021,964,7.99975061416626
834,t2_b0,8,5,915,792,43.22513198852539
834,t2_b0,18,5,1019,828,9.455879211425781
834,t2_b0,23,1,976,860,6.824270248413086
834,t2_b0,26,5,904,716,11.522614479064941
834,t2_b0,30,10,996,824,7.681867599487305
834,t2_b0,40,5,938,972,19.672746658325195
834,t2_b0,46,5,968,880,7.967800617218018
834,t2_b0,47,5,982,908,9.216703414916992
835,t2_b0,6,5,1026,968,46.02982711791992
835,t2_b0,8,5,920,796,6.721524715423584
835,t2_b0,19,5,943,712,7.34570837020874
835,t2_b0,31,5,996,904,33.872650146484375
835,t2_b0,44,5,1036,956,10.581771850585938
835,t2_b0,46,3,971,884,5.236769676208496
835,t2_b0,57,5,952,868,5.902616024017334
836,t2_b0,13,5,994,920,9.455100059509277
836,t2_b0,14,5,911,752,6.009627819061279
836,t2_b0,24,5,981,868,6.435335159301758
836,t2_b0,25,5,928,720,33.34325408935547
836,t2_b0,27,5,929,748,5.66134786605835
836,t2_b0,34,5,899,696,8.760446548461914
836,t2_b0,35,5,1057,980,6.345052719116211
836,t2_b0,36,5,964,780,6.380914688110352
836,t2_b0,44,5,1041,960,10.951211929321289
836,t2_b0,53,5,905,752,8.979727745056152
837,t2_b0,4,5,999,848,39.782958984375
837,t2_b0,6,5,1031,972,18.34996223449707
837,t2_b0,8,5,925,800,42.26906204223633
837,t2_b0,12,5,911,816,7.823922157287598
837,t2_b0,16,5,817,664,2.9490437507629395
837,t2_b0,23,15,991,864,12.805793762207031
837,t2_b0,25,5,933,724,5.856800079345703
837,t2_b0,38,5,944,732,6.290255069732666
837,t2_b0,43,5,955,784,24.56669807434082
837,t2_b0,51,5,892,796,11.862835884094238
837,t2_b0,56,5,960,848,6.669011116027832
837,t2_b0,59,5,1006,812,7.11850643157959
838,t2_b0,4,5,1004,852,35.76243209838867
838,t2_b0,5,5,1014,900,10.037578582763672
838,t2_b0,11,5,876,688,7.480550289154053
838,t2_b0,14,5,916,756,27.490123748779297
838,t2_b0,20,5,934,920,7.642003059387207
838,t2_b0,27,5,934,752,5.527423858642578
838,t2_b0,40,5,943,976,18.911787033081055
838,t2_b0,44,5,1046,964,14.05959701538086
838,t2_b0,57,5,957,872,9.760281562805176
839,t2_b0,42,5,878,760,9.692524909973145
839,t2_b0,46,5,976,888,35.8822135925293
839,t2_b0,54,5,1022,832,8.097973823547363
840,t2_b0,35,5,1062,984,6.31502628326416
840,t2_b0,39,5,968,796,5.518791198730469
840,t2_b0,46,5,981,892,64.09159088134766
840,t2_b0,47,5,987,912,5.473538398742676
840,t2_b0,50,10,932,848,37.838619232177734
841,t2_b0,3,5,916,852,6.299849987030029
841,t2_b0,7,5,902,696,4.997312068939209
841,t2_b0,16,5,822,668,5.7949323654174805
841,t2_b0,33,5,873,840,6.863897323608398
842,t2_b0,0,5,1000,884,15.701960563659668
842,t2_b0,9,5,848,728,17.206575393676758
843,t2_b0,12,5,916,820,7.9741339683532715
843,t2_b0,55,5,930,840,7.997828960418701
844,t2_b0,2,5,917,764,4.428592681884766
844,t2_b0,28,5,945,816,4.259009838104248
844,t2_b0,30,5,1001,828,8.379118919372559
844,t2_b0,33,5,878,844,10.991336822509766
844,t2_b0,37,5,1018,856,10.777658462524414
845,t2_b0,17,5,941,832,7.995907783508301
845,t2_b0,30,5,1006,832,9.105968475341797
845,t2_b0,37,5,1023,860,51.88954544067383
845,t2_b0,44,5,1051,968,49.61664962768555
845,t2_b0,45,5,992,872,10.974985122680664
845,t2_b0,54,5,1027,836,7.811009407043457
845,t2_b0,55,5,935,844,8.925646781921387
845,t2_b0,56,5,965,852,6.627551078796387
845,t2_b0,58,5,939,788,6.246506214141846
846,t2_b0,16,5,827,672,6.9983811378479
846,t2_b0,26,5,909,720,11.433245658874512
846,t2_b0,36,5,969,784,6.62684440612793
846,t2_b0,40,5,948,980,10.889087677001953
846,t2_b0,45,5,997,876,42.49526596069336
846,t2_b0,53,5,910,756,4.748824119567871
846,t2_b0,56,5,970,856,43.06534194946289
847,t2_b0,4,5,1009,856,60.668495178222656
847,t2_b0,8,5,930,804,49.46635437011719
847,t2_b0,9,5,853,732,8.17927074432373
847,t2_b0,16,5,832,676,7.226905345916748
847,t2_b0,23,5,996,868,5.619621276855469
847,t2_b0,28,5,950,820,6.017853736877441
847,t2_b0,30,5,1011,836,5.657385349273682
847,t2_b0,41,10,901,764,4.377127647399902
848,t2_b0,5,5,1019,904,38.05647659301758
848,t2_b0,11,5,881,692,11.600126266479492
848,t2_b0,12,5,921,824,6.345668792724609
848,t2_b0,14,5,921,760,7.241019248962402
848,t2_b0,22,6,864,664,5.88694953918457
848,t2_b0,25,5,938,728,4.165640830993652
848,t2_b0,27,5,939,756,7.722489356994629
848,t2_b0,29,5,893,856,7.21237850189209
848,t2_b0,51,5,897,800,26.0009765625
848,t2_b0,59,5,1011,816,5.201882839202881
849,t2_b0,5,5,1024,908,9.522500038146973
849,t2_b0,19,1,944,716,6.660120487213135
849,t2_b0,26,5,914,724,38.09292984008789
849,t2_b0,28,5,955,824,33.68863296508789
849,t2_b0,31,2,998,908,7.549625396728516
849,t2_b0,42,1,879,764,13.962508201599121
849,t2_b0,43,5,960,788,7.145686149597168
849,t2_b0,48,5,926,844,9.2203950881958
849,t2_b0,53,1,911,760,9.28913402557373
849,t2_b0,56,5,975,860,7.806180477142334
850,t2_b0,0,5,1005,888,5.898373603820801
850,t2_b0,4,5,1014,860,9.260968208312988
850,t2_b0,5,1,1025,912,6.582088470458984
850,t2_b0,14,5,926,764,5.761712074279785
850,t2_b0,39,5,973,800,8.712631225585938
850,t2_b0,42,10,889,768,6.981350898742676
850,t2_b0,45,5,1002,880,12.19553279876709
850,t2_b0,50,5,937,852,3.990868091583252
850,t2_b0,56,5,980,864,9.341167449951172
850,t2_b0,57,5,962,876,16.349191665649414
851,t2_b0,3,5,921,856,6.050820350646973
851,t2_b0,5,5,1030,916,39.247314453125
851,t2_b0,7,5,907,700,45.202327728271484
851,t2_b0,9,5,858,736,6.187914848327637
851,t2_b0,15,5,888,744,6.798594951629639
851,t2_b0,21,5,879,776,35.26679992675781
851,t2_b0,29,5,898,860,23.588106155395508
851,t2_b0,32,5,894,780,38.04045867919922
851,t2_b0,47,5,992,916,28.13055992126465
852,t2_b0,2,5,922,768,41.60189437866211
852,t2_b0,6,5,1036,976,19.75739288330078
852,t2_b0,13,5,999,924,9.503562927246094
852,t2_b0,14,5,931,768,5.231969833374023
852,t2_b0,30,5,1016,840,5.859861850738525
852,t2_b0,31,5,1003,912,8.125584602355957
852,t2_b0,32,2,896,784,9.104462623596191
852,t2_b0,37,5,1028,864,23.53466796875
852,t2_b0,46,1,982,896,7.067612648010254
852,t2_b0,48,5,931,848,7.22598123550415
852,t2_b0,52,5,909,772,4.376491069793701
852,t2_b0,54,5,1032,840,7.560220241546631
853,t2_b0,0,5,1010,892,14.308704376220703
853,t2_b0,1,5,1001,812,19.923147201538086
853,t2_b0,8,5,935,808,24.687719345092773
853,t2_b0,38,5,949,736,8.581947326660156
853,t2_b0,39,5,978,804,5.185427188873291
853,t2_b0,47,10,1002,920,8.835615158081055
853,t2_b0,49,5,901,788,8.299558639526367
853,t2_b0,53,5,916,764,6.682086944580078
854,t2_b0,1,5,1006,816,10.471761703491211
854,t2_b0,5,1,1031,920,7.419042587280273
854,t2_b0,16,1,833,680,4.879914283752441
854,t2_b0,19,1,945,720,3.5616705417633057
854,t2_b0,20,5,939,924,6.062263488769531
854,t2_b0,25,1,939,732,4.466860771179199
854,t2_b0,27,5,944,760,8.102571487426758
854,t2_b0,28,1,956,828,8.929412841796875
854,t2_b0,33,1,879,848,8.227319717407227
854,t2_b0,48,5,936,852,26.991334915161133
854,t2_b0,50,5,942,856,6.26521635055542
854,t2_b0,53,5,921,768,9.754758834838867
854,t2_b0,55,5,940,848,6.945811748504639
855,t2_b0,5,5,1036,924,7.207699298858643
855,t2_b0,8,5,940,812,27.854717254638672
855,t2_b0,9,5,863,740,5.4797492027282715
855,t2_b0,10,1,937,784,3.8525643348693848
855,t2_b0,17,5,946,836,4.429105758666992
855,t2_b0,30,5,1021,844,7.490869998931885
855,t2_b0,34,5,904,700,10.709362030029297
855,t2_b0,44,1,1052,972,9.407278060913086
855,t2_b0,45,5,1007,884,6.892139434814453
855,t2_b0,49,5,906,792,10.851134300231934
855,t2_b0,58,5,944,792,5.487704277038574
856,t2_b0,12,5,926,828,6.3558244705200195
856,t2_b0,14,5,936,772,29.651269912719727
856,t2_b0,25,5,944,736,2.914001941680908
856,t2_b0,27,5,949,764,35.95200729370117
856,t2_b0,34,5,909,704,8.77049446105957
856,t2_b0,40,5,953,984,6.166702747344971
857,t2_b0,5,5,1041,928,7.8222432136535645
857,t2_b0,23,5,1001,872,6.550451278686523
857,t2_b0,28,5,961,832,7.420797348022461
857,t2_b0,41,5,906,768,9.019381523132324
857,t2_b0,51,5,902,804,10.17146110534668
857,t2_b0,53,5,926,772,10.598285675048828
857,t2_b0,58,5,949,796,6.384159088134766
858,t2_b0,5,5,1046,932,6.859128952026367
858,t2_b0,9,5,868,744,48.076812744140625
858,t2_b0,10,5,942,788,8.046724319458008
858,t2_b0,17,15,961,840,14.184432983398438
858,t2_b0,20,5,944,928,9.548808097839355
858,t2_b0,22,5,869,668,12.009902954101562
858,t2_b0,27,5,954,768,8.251646041870117
858,t2_b0,31,1,1004,916,5.73476505279541
858,t2_b0,33,1,880,852,7.313904285430908
858,t2_b0,35,1,1063,988,7.371649265289307
858,t2_b0,36,5,974,788,36.53564453125
858,t2_b0,37,5,1033,868,7.222652435302734
858,t2_b0,39,5,983,808,7.985169410705566
858,t2_b0,44,20,1072,976,7.331652641296387
858,t2_b0,46,5,987,900,42.21581268310547
859,t2_b0,6,15,1051,980,7.919836521148682
859,t2_b0,9,10,878,748,10.031418800354004
859,t2_b0,11,5,886,696,19.98143196105957
859,t2_b0,14,5,941,776,8.18886947631836
859,t2_b0,19,6,951,724,32.73408508300781
859,t2_b0,25,5,949,740,7.510897159576416
859,t2_b0,26,5,919,728,9.766729354858398
859,t2_b0,27,5,959,772,4.435128211975098
859,t2_b0,29,5,903,864,8.346364974975586
859,t2_b0,31,1,1005,920,7.7706098556518555
859,t2_b0,33,5,885,856,7.574768543243408
859,t2_b0,41,5,911,772,45.79970169067383
860,t2_b0,2,5,927,772,7.201508522033691
860,t2_b0,18,5,1024,832,13.002652168273926
860,t2_b0,20,5,949,932,6.86501407623291
860,t2_b0,30,5,1026,848,5.062570571899414
860,t2_b0,31,18,1023,924,47.883487701416016
860,t2_b0,32,5,901,788,8.398247718811035
860,t2_b0,38,5,954,740,9.450347900390625
860,t2_b0,42,5,894,772,10.194842338562012
860,t2_b0,56,5,985,868,6.131542205810547
860,t2_b0,57,5,967,880,10.228779792785645
861,t2_b0,15,5,893,748,24.81071662902832
861,t2_b0,24,5,986,872,7.731986045837402
861,t2_b0,37,5,1038,872,13.886245727539062
861,t2_b0,42,2,896,776,15.754766464233398
862,t2_b0,7,5,912,704,43.52994918823242
862,t2_b0,24,5,991,876,11.24986743927002
862,t2_b0,52,5,914,776,5.256500720977783
862,t2_b0,53,2,928,776,36.86588668823242
862,t2_b0,54,5,1037,844,10.08281421661377
862,t2_b0,55,2,942,852,8.423794746398926
863,t2_b0,0,5,1015,896,12.592246055603027
863,t2_b0,4,5,1019,864,8.978377342224121
863,t2_b0,7,5,917,708,9.584815979003906
863,t2_b0,12,4,930,832,10.738056182861328
863,t2_b0,21,5,884,780,6.9627203941345215
863,t2_b0,27,5,964,776,9.332850456237793
863,t2_b0,34,5,914,708,9.499750137329102
863,t2_b0,40,5,958,988,26.7664794921875
863,t2_b0,47,5,1007,924,8.664413452148438
863,t2_b0,52,5,919,780,5.033823490142822
864,t2_b0,5,1,1047,936,25.27574348449707
864,t2_b0,7,5,922,712,10.467016220092773
864,t2_b0,8,5,945,816,7.8004608154296875
864,t2_b0,24,5,996,880,6.674907207489014
864,t2_b0,33,1,886,860,11.042802810668945
864,t2_b0,35,5,1068,992,7.840640068054199
864,t2_b0,47,5,1012,928,4.994550704956055
864,t2_b0,51,1,903,808,9.41879653930664
864,t2_b0,53,1,929,780,10.998042106628418
865,t2_b0,2,5,932,776,9.351686477661133
865,t2_b0,4,1,1020,868,9.818612098693848
865,t2_b0,13,5,1004,928,8.586280822753906
865,t2_b0,16,1,834,684,5.823558807373047
865,t2_b0,25,1,950,744,5.033604621887207
865,t2_b0,28,1,962,836,3.975235939025879
865,t2_b0,33,10,896,864,9.252534866333008
865,t2_b0,34,1,915,712,34.339412689208984
865,t2_b0,39,1,984,812,5.97683048248291
865,t2_b0,43,5,965,792,7.696127414703369
865,t2_b0,47,5,1017,932,6.321566104888916
865,t2_b0,52,5,924,784,22.705625534057617
865,t2_b0,55,1,943,856,7.38025426864624
866,t2_b0,25,5,955,748,5.198925018310547
866,t2_b0,35,5,1073,996,18.29765510559082
866,t2_b0,36,5,979,792,7.222982406616211
866,t2_b0,47,5,1022,936,5.193336009979248
866,t2_b0,49,5,911,796,9.41298770904541
866,t2_b0,54,5,1042,848,9.160096168518066
866,t2_b0,56,5,990,872,37.709354400634766
866,t2_b0,58,5,954,800,22.12070655822754
867,t2_b0,16,5,839,688,9.411212921142578
867,t2_b0,32,5,906,792,10.336372375488281
867,t2_b0,36,5,984,796,7.246525764465332
867,t2_b0,40,5,963,992,5.398050785064697
867,t2_b0,49,5,916,800,7.296542644500732
867,t2_b0,51,5,908,812,12.596770286560059
867,t2_b0,55,5,948,860,7.539421081542969
868,t2_b0,4,5,1025,872,7.4470086097717285
868,t2_b0,10,5,947,792,7.333484649658203
868,t2_b0,17,5,966,844,29.712675094604492
868,t2_b0,44,5,1077,980,50.685874938964844
868,t2_b0,46,5,992,904,7.468418121337891
868,t2_b0,53,5,934,784,9.549932479858398
868,t2_b0,54,5,1047,852,7.17657995223999
868,t2_b0,57,5,972,884,10.705082893371582
868,t2_b0,59,5,1016,820,28.188032150268555
869,t2_b0,6,5,1056,984,8.169729232788086
869,t2_b0,9,5,883,752,10.253971099853516
869,t2_b0,19,5,956,728,12.296638488769531
869,t2_b0,20,3,952,936,44.68479537963867
870,t2_b0,9,5,888,756,9.873998641967773
870,t2_b0,16,5,844,692,6.952299118041992
870,t2_b0,18,5,1029,836,6.246886253356934
870,t2_b0,24,5,1001,884,4.309004306793213
870,t2_b0,31,5,1028,928,13.384193420410156
870,t2_b0,38,5,959,744,5.350828170776367
870,t2_b0,41,5,916,776,7.1940693855285645
870,t2_b0,44,5,1082,984,10.23531723022461
870,t2_b0,46,5,997,908,6.429062366485596
871,t2_b0,2,5,937,780,7.759989261627197
871,t2_b0,3,5,926,860,52.32271957397461
871,t2_b0,24,5,1006,888,5.073206901550293
871,t2_b0,26,5,924,732,42.332176208496094
871,t2_b0,37,5,1043,876,5.50437068939209
871,t2_b0,41,5,921,780,6.706303596496582
871,t2_b0,42,5,901,780,31.558435440063477
871,t2_b0,48,5,941,856,6.409560203552246
871,t2_b0,56,5,995,876,15.218066215515137
871,t2_b0,58,5,959,804,18.61391830444336
872,t2_b0,11,5,891,700,10.007540702819824
872,t2_b0,15,5,898,752,23.264368057250977
872,t2_b0,19,5,961,732,10.955573081970215
872,t2_b0,22,5,874,672,6.87734317779541
872,t2_b0,54,5,1052,856,12.063986778259277
873,t2_b0,12,5,935,836,8.674943923950195
873,t2_b0,19,5,966,736,11.224159240722656
873,t2_b0,24,5,1011,892,3.552529811859131
873,t2_b0,27,5,969,780,7.7258381843566895
873,t2_b0,30,5,1031,852,30.576690673828125
873,t2_b0,32,5,911,796,8.94413948059082
873,t2_b0,37,5,1048,880,34.3501091003418
873,t2_b0,42,5,906,784,7.543190956115723
873,t2_b0,50,5,947,860,6.269562721252441
873,t2_b0,57,5,977,888,10.966129302978516
874,t2_b0,7,5,927,716,7.458975791931152
874,t2_b0,8,5,950,820,44.86903381347656
874,t2_b0,15,1,899,756,5.04964017868042
874,t2_b0,18,1,1030,840,17.05429458618164
874,t2_b0,19,5,971,740,7.188188552856445
874,t2_b0,27,1,970,784,7.274415969848633
874,t2_b0,37,5,1053,884,9.246780395507812
874,t2_b0,44,1,1083,988,7.71201229095459
874,t2_b0,48,5,946,860,5.557583808898926
874,t2_b0,50,1,948,864,7.795682430267334
875,t2_b0,9,5,893,760,11.517318725585938
875,t2_b0,11,5,896,704,17.682544708251953
875,t2_b0,17,1,967,848,7.777573585510254
875,t2_b0,29,5,908,868,4.953297138214111
875,t2_b0,30,5,1036,856,8.154139518737793
875,t2_b0,33,5,901,868,5.303342819213867
875,t2_b0,51,5,913,816,9.747989654541016
876,t2_b0,1,5,1011,820,11.103015899658203
876,t2_b0,12,5,940,840,10.146827697753906
876,t2_b0,21,5,889,784,35.31884765625
876,t2_b0,35,5,1078,1000,9.781953811645508
876,t2_b0,40,5,968,996,22.846426010131836
877,t2_b0,23,5,1006,876,6.164924144744873
877,t2_b0,36,5,989,800,7.746809482574463
877,t2_b0,40,5,973,1000,8.030569076538086
877,t2_b0,46,5,1002,912,4.894428730010986
877,t2_b0,55,5,953,864,6.871642112731934
878,t2_b0,1,5,1016,824,12.523697853088379
878,t2_b0,2,5,942,784,10.012055397033691
878,t2_b0,25,5,960,752,21.774770736694336
878,t2_b0,36,5,994,804,7.471811771392822
878,t2_b0,44,1,1084,992,9.632887840270996
879,t2_b0,8,5,955,824,43.327579498291016
879,t2_b0,20,5,957,940,8.540029525756836
879,t2_b0,26,5,929,736,7.564284324645996
879,t2_b0,28,5,967,840,9.568704605102539
879,t2_b0,29,5,913,872,6.43612813949585
879,t2_b0,35,5,1083,1004,14.504545211791992
879,t2_b0,39,5,989,816,6.480401992797852
879,t2_b0,42,5,911,788,9.198221206665039
879,t2_b0,45,5,1012,888,7.527926445007324
879,t2_b0,46,5,1007,916,64.53119659423828
879,t2_b0,51,5,918,820,5.055281639099121
879,t2_b0,57,5,982,892,10.969552993774414
880,t2_b0,1,5,1021,828,7.705986499786377
880,t2_b0,13,5,1009,932,4.448304176330566
880,t2_b0,18,5,1035,844,8.271181106567383
880,t2_b0,20,5,962,944,8.434473991394043
880,t2_b0,38,5,964,748,5.645378589630127
880,t2_b0,43,5,970,796,29.377975463867188
881,t2_b0,0,5,1020,900,9.299406051635742
881,t2_b0,1,5,1026,832,9.529974937438965
881,t2_b0,9,5,898,764,10.246903419494629
881,t2_b0,13,5,1014,936,10.033001899719238
881,t2_b0,17,5,972,852,38.39378356933594
881,t2_b0,24,5,1016,896,5.82441520690918
881,t2_b0,27,5,975,788,8.436400413513184
881,t2_b0,31,5,1033,932,7.653336524963379
881,t2_b0,41,5,926,784,6.700588226318359
881,t2_b0,45,5,1017,892,6.542905330657959
881,t2_b0,46,5,1012,920,4.453846454620361
881,t2_b0,58,5,964,808,6.493035316467285
882,t2_b0,19,5,976,744,13.748699188232422
882,t2_b0,21,11,900,788,4.842473983764648
882,t2_b0,22,5,879,676,7.7276177406311035
882,t2_b0,47,5,1027,940,7.470889568328857
883,t2_b0,23,5,1011,880,4.723424434661865
883,t2_b0,27,5,980,792,10.59535026550293
883,t2_b0,32,5,916,800,38.615081787109375
883,t2_b0,35,5,1088,1008,4.391829013824463
883,t2_b0,37,5,1058,888,7.755984306335449
883,t2_b0,45,5,1022,896,7.70988655090332
883,t2_b0,52,5,929,788,8.143156051635742
884,t2_b0,2,5,947,788,5.121605396270752
884,t2_b0,15,5,904,760,8.157577514648438
884,t2_b0,44,1,1085,996,13.624772071838379
884,t2_b0,45,5,1027,900,6.7467041015625
884,t2_b0,53,5,939,788,5.4934983253479
884,t2_b0,56,10,1005,880,19.78541374206543
884,t2_b0,57,5,987,896,14.984126091003418
884,t2_b0,58,5,969,812,5.802072048187256
885,t2_b0,4,5,1030,876,7.380114555358887
885,t2_b0,6,5,1061,988,5.774603366851807
885,t2_b0,11,5,901,708,13.649038314819336
885,t2_b0,15,5,909,764,5.793278217315674
885,t2_b0,24,15,1031,900,43.36939239501953
885,t2_b0,41,5,931,788,7.011491775512695
886,t2_b0,0,5,1025,904,6.7470245361328125
886,t2_b0,11,5,906,712,8.511667251586914
886,t2_b0,14,1,942,780,5.318004608154297
886,t2_b0,18,1,1036,848,10.55410385131836
886,t2_b0,54,10,1062,860,7.652803897857666
887,t2_b0,3,5,931,864,6.262777328491211
887,t2_b0,5,5,1052,940,41.610836029052734
887,t2_b0,8,5,960,828,10.692614555358887
887,t2_b0,18,5,1041,852,13.49563217163086
887,t2_b0,24,5,1036,904,22.6483097076416
887,t2_b0,31,5,1038,936,8.394621849060059
887,t2_b0,40,5,978,1004,6.488951683044434
888,t2_b0,0,5,1030,908,6.699427604675293
888,t2_b0,9,5,903,768,47.66279602050781
888,t2_b0,10,10,957,796,5.449827194213867
888,t2_b0,25,5,965,756,8.133646965026855
888,t2_b0,26,5,934,740,59.49104690551758
888,t2_b0,27,5,985,796,5.2404680252075195
888,t2_b0,35,5,1093,1012,8.00149917602539
889,t2_b0,11,5,911,716,8.183059692382812
889,t2_b0,13,1,1015,940,38.7484130859375
889,t2_b0,18,5,1046,856,6.746658802032471
889,t2_b0,20,5,967,948,7.0358171463012695
889,t2_b0,26,5,939,744,13.548580169677734
889,t2_b0,29,5,918,876,5.833742618560791
889,t2_b0,44,15,1100,1000,11.592195510864258
889,t2_b0,49,5,921,804,40.41975402832031
889,t2_b0,51,10,928,824,12.440529823303223
889,t2_b0,58,5,974,816,5.614322185516357
890,t2_b0,5,5,1057,944,9.898942947387695
890,t2_b0,8,5,965,832,11.679931640625
890,t2_b0,13,5,1020,944,7.1661505699157715
890,t2_b0,14,5,947,784,8.789892196655273
890,t2_b0,28,5,972,844,34.91014099121094
890,t2_b0,38,5,969,752,43.24652099609375
890,t2_b0,45,5,1032,904,8.649124145507812
890,t2_b0,49,5,926,808,20.989688873291016
890,t2_b0,57,5,992,900,6.649580955505371
890,t2_b0,59,5,1021,824,4.834455966949463
891,t2_b0,6,10,1071,992,11.352150917053223
891,t2_b0,9,5,908,772,46.345420837402344
891,t2_b0,14,5,952,788,4.628500461578369
892,t2_b0,3,5,936,868,8.231830596923828
892,t2_b0,12,10,950,844,5.4058732986450195
892,t2_b0,16,5,849,696,4.768593788146973
892,t2_b0,17,5,977,856,7.047445774078369
892,t2_b0,21,5,905,792,9.820732116699219
892,t2_b0,27,5,990,800,4.570102691650391
892,t2_b0,37,5,1063,892,6.705033779144287
892,t2_b0,44,5,1105,1004,7.551092624664307
893,t2_b0,18,5,1051,860,6.142275810241699
893,t2_b0,21,5,910,796,5.855068206787109
893,t2_b0,23,5,1016,884,30.04122543334961
893,t2_b0,32,5,921,804,6.583371162414551
893,t2_b0,34,5,920,716,9.348235130310059
893,t2_b0,48,5,951,864,5.4582672119140625
893,t2_b0,49,5,931,812,8.422842979431152
893,t2_b0,57,5,997,904,9.379251480102539
894,t2_b0,2,5,952,792,36.734588623046875
894,t2_b0,18,5,1056,864,26.49540901184082
894,t2_b0,30,5,1041,860,7.61278772354126
894,t2_b0,33,5,906,872,8.73302173614502
894,t2_b0,45,5,1037,908,7.68557596206665
894,t2_b0,48,10,961,868,6.460242748260498
894,t2_b0,49,5,936,816,7.334106922149658
894,t2_b0,55,5,958,868,6.63267183303833
894,t2_b0,56,5,1010,884,5.39536190032959
895,t2_b0,15,5,914,768,25.484634399414062
895,t2_b0,37,1,1064,896,7.986086845397949
896,t2_b0,11,10,921,720,7.928927898406982
896,t2_b0,24,10,1046,908,8.70485782623291
896,t2_b0,41,5,936,792,5.5147318840026855
896,t2_b0,46,5,1017,924,11.053327560424805
896,t2_b0,53,5,944,792,9.606532096862793
896,t2_b0,54,5,1067,864,6.852852821350098
896,t2_b0,57,5,1002,908,11.189476013183594
897,t2_b0,5,5,1062,948,6.252903938293457
897,t2_b0,9,5,913,776,10.916825294494629
897,t2_b0,19,5,981,748,5.966311454772949
897,t2_b0,21,5,915,800,60.467037200927734
897,t2_b0,22,5,884,680,8.16213607788086
897,t2_b0,36,5,999,808,7.648050785064697
897,t2_b0,38,5,974,756,40.7125358581543
897,t2_b0,40,5,983,1008,21.439607620239258
897,t2_b0,45,5,1042,912,20.419309616088867
898,t2_b0,2,5,957,796,30.5173397064209
898,t2_b0,7,5,932,720,5.160356521606445
898,t2_b0,10,5,962,800,10.847847938537598
898,t2_b0,26,5,944,748,13.987680435180664
898,t2_b0,27,10,1000,804,5.909278869628906
898,t2_b0,31,5,1043,940,11.768747329711914
898,t2_b0,35,5,1098,1016,13.07970905303955
898,t2_b0,36,10,1009,812,6.646442413330078
898,t2_b0,52,5,934,792,6.318615436553955
899,t2_b0,20,5,972,952,5.071981906890869
899,t2_b0,29,5,923,880,9.439004898071289
899,t2_b0,51,5,933,828,10.719439506530762
900,t2_b0,8,5,970,836,13.28455924987793
900,t2_b0,9,5,918,780,8.27186393737793
900,t2_b0,28,5,977,848,7.195459365844727
900,t2_b0,41,5,941,796,42.543556213378906
901,t2_b0,2,5,962,800,13.176125526428223
901,t2_b0,6,5,1076,996,12.48056411743164
901,t2_b0,15,5,919,772,6.991381645202637
901,t2_b0,32,5,926,808,7.454395771026611
901,t2_b0,56,5,1015,888,53.48640060424805
902,t2_b0,12,5,955,848,11.934392929077148
902,t2_b0,16,11,860,700,6.4712018966674805
902,t2_b0,22,5,889,684,7.17172384262085
902,t2_b0,29,5,928,884,6.379159450531006
902,t2_b0,44,5,1110,1008,10.894678115844727
902,t2_b0,49,5,941,820,25.932209014892578
902,t2_b0,57,5,1007,912,11.29211711883545
903,t2_b0,2,5,967,804,43.0467643737793
903,t2_b0,7,5,937,724,4.125131607055664
903,t2_b0,12,1,956,852,9.224461555480957
903,t2_b0,13,5,1025,948,14.176021575927734
903,t2_b0,19,5,986,752,13.58056354522705
903,t2_b0,23,5,1021,888,30.84728240966797
903,t2_b0,34,10,930,720,7.683577537536621
903,t2_b0,39,5,994,820,7.9462761878967285
903,t2_b0,44,5,1115,1012,10.312070846557617
903,t2_b0,49,5,946,824,8.103937149047852
903,t2_b0,50,5,953,868,23.863285064697266
904,t2_b0,18,5,1061,868,7.467043876647949
904,t2_b0,32,5,931,812,5.516118049621582
904,t2_b0,39,6,1000,824,24.160078048706055
904,t2_b0,48,5,966,872,26.24134635925293
904,t2_b0,50,5,958,872,9.269107818603516
904,t2_b0,52,5,939,796,5.000633239746094
904,t2_b0,56,5,1020,892,5.854238510131836
905,t2_b0,12,5,961,856,9.078468322753906
905,t2_b0,14,1,953,792,24.284921646118164
905,t2_b0,19,5,991,756,6.087810039520264
905,t2_b0,37,5,1069,900,10.397090911865234
905,t2_b0,52,5,944,800,7.601103782653809
906,t2_b0,11,5,926,724,9.385380744934082
906,t2_b0,20,5,977,956,45.08586883544922
906,t2_b0,24,5,1051,912,9.568763732910156
906,t2_b0,30,5,1046,864,8.504870414733887
906,t2_b0,33,5,911,876,6.942251682281494
906,t2_b0,42,5,916,792,6.351233959197998
906,t2_b0,46,5,1022,928,18.28251075744629
906,t2_b0,53,5,949,796,8.09323501586914
907,t2_b0,2,5,972,808,6.497819423675537
907,t2_b0,10,5,967,804,41.20849609375
907,t2_b0,23,5,1026,892,16.11518096923828
907,t2_b0,24,1,1052,916,9.352054595947266
907,t2_b0,32,5,936,816,12.167696952819824
907,t2_b0,38,5,979,760,6.167463779449463
907,t2_b0,50,5,963,876,6.563272953033447
907,t2_b0,52,5,949,804,10.144967079162598
907,t2_b0,56,5,1025,896,15.637073516845703
908,t2_b0,1,5,1031,836,11.426677703857422
908,t2_b0,2,5,977,812,9.220979690551758
908,t2_b0,5,5,1067,952,43.74100875854492
908,t2_b0,8,5,975,840,8.476277351379395
908,t2_b0,12,1,962,860,19.595626831054688
908,t2_b0,14,1,954,796,6.732505798339844
908,t2_b0,26,5,949,752,10.864556312561035
908,t2_b0,27,5,1005,808,4.941174507141113
908,t2_b0,35,5,1103,1020,7.826990127563477
908,t2_b0,36,5,1014,816,8.525596618652344
908,t2_b0,42,5,921,796,16.813919067382812
908,t2_b0,55,5,963,872,5.378483772277832
909,t2_b0,3,5,941,872,29.26765251159668
909,t2_b0,5,1,1068,956,5.46474552154541
909,t2_b0,7,5,942,728,7.346596717834473
909,t2_b0,13,5,1030,952,9.48753833770752
909,t2_b0,40,5,988,1012,8.232686042785645
909,t2_b0,54,5,1072,868,13.154841423034668
909,t2_b0,58,1,975,820,29.724201202392578
910,t2_b0,2,5,982,816,10.08393669128418
910,t2_b0,9,5,923,784,9.498567581176758
910,t2_b0,12,5,967,864,8.823548316955566
910,t2_b0,17,5,982,860,5.066084384918213
910,t2_b0,19,5,996,760,8.84610652923584
910,t2_b0,28,5,982,852,5.562129020690918
910,t2_b0,32,5,941,820,9.206534385681152
910,t2_b0,41,5,946,800,7.1440653800964355
910,t2_b0,49,5,951,828,9.544404029846191
910,t2_b0,53,5,954,800,12.266834259033203
910,t2_b0,55,5,968,876,8.509486198425293
910,t2_b0,58,1,976,824,25.880590438842773
911,t2_b0,2,10,992,820,7.340034008026123
911,t2_b0,8,5,980,844,6.646425724029541
911,t2_b0,20,5,982,960,8.031940460205078
911,t2_b0,28,5,987,856,11.184633255004883
911,t2_b0,30,5,1051,868,11.202362060546875
911,t2_b0,45,5,1047,916,19.958824157714844
912,t2_b0,4,4,1034,880,5.238007545471191
912,t2_b0,7,5,947,732,8.666343688964844
912,t2_b0,16,5,865,704,9.533035278320312
912,t2_b0,22,5,894,688,36.006229400634766
912,t2_b0,25,5,970,760,20.3250675201416
912,t2_b0,48,5,971,876,5.914102554321289
912,t2_b0,49,5,956,832,4.083528518676758
913,t2_b0,0,5,1035,912,9.355819702148438
913,t2_b0,4,5,1039,884,9.730411529541016
913,t2_b0,7,5,952,736,6.787971496582031
913,t2_b0,8,5,985,848,13.491116523742676
913,t2_b0,34,5,935,724,8.271871566772461
913,t2_b0,43,5,975,800,6.013341903686523
913,t2_b0,47,5,1032,944,8.47021770477295
913,t2_b0,51,5,938,832,6.836154460906982
913,t2_b0,53,5,959,804,8.75441837310791
913,t2_b0,54,5,1077,872,28.045869827270508
913,t2_b0,59,5,1026,828,5.755483150482178
914,t2_b0,10,5,972,808,4.026360988616943
914,t2_b0,16,5,870,708,3.1024844646453857
914,t2_b0,22,5,899,692,3.0990333557128906
914,t2_b0,24,5,1057,920,6.312171459197998
914,t2_b0,39,5,1005,828,24.54669761657715
914,t2_b0,57,5,1012,916,6.87974739074707
915,t2_b0,9,5,928,788,6.653518199920654
915,t2_b0,18,5,1066,872,14.680195808410645
915,t2_b0,20,5,987,964,8.690042495727539
915,t2_b0,34,10,945,728,10.744157791137695
915,t2_b0,38,5,984,764,7.2079081535339355
915,t2_b0,44,5,1120,1016,10.403953552246094
915,t2_b0,56,5,1030,900,14.331878662109375
916,t2_b0,6,5,1081,1000,6.726876258850098
916,t2_b0,8,5,990,852,7.638515472412109
916,t2_b0,17,5,987,864,4.654279708862305
916,t2_b0,32,5,946,824,10.117799758911133
916,t2_b0,46,10,1032,932,9.76644515991211
916,t2_b0,51,5,943,836,8.843160629272461
917,t2_b0,5,5,1073,960,5.837436676025391
917,t2_b0,16,5,875,712,9.600639343261719
917,t2_b0,19,5,1001,764,7.596920490264893
917,t2_b0,20,5,992,968,5.8754730224609375
917,t2_b0,28,5,992,860,5.333207130432129
917,t2_b0,32,5,951,828,5.28245210647583
917,t2_b0,47,5,1037,948,11.470951080322266
917,t2_b0,48,5,976,880,22.795795440673828
917,t2_b0,53,5,964,808,11.85920238494873
917,t2_b0,59,5,1031,832,8.453587532043457
918,t2_b0,12,5,972,868,7.350162029266357
918,t2_b0,28,5,997,864,5.424795150756836
918,t2_b0,35,5,1108,1024,3.293142318725586
918,t2_b0,59,5,1036,836,9.727996826171875
919,t2_b0,0,5,1040,916,11.478720664978027
919,t2_b0,8,1,991,856,8.950315475463867
919,t2_b0,13,5,1035,956,11.107742309570312
919,t2_b0,28,5,1002,868,10.576064109802246
919,t2_b0,37,5,1074,904,45.60520935058594
919,t2_b0,40,5,993,1016,28.7627010345459
919,t2_b0,41,5,951,804,7.201647758483887
919,t2_b0,45,5,1052,920,11.153581619262695
919,t2_b0,53,5,969,812,6.983757019042969
920,t2_b0,19,5,1006,768,7.054906368255615
920,t2_b0,22,5,904,696,8.797640800476074
920,t2_b0,43,5,980,804,38.30876159667969
920,t2_b0,47,5,1042,952,8.53756046295166
920,t2_b0,49,5,961,836,23.805814743041992
920,t2_b0,55,5,973,880,5.317862510681152
921,t2_b0,2,5,997,824,6.814841270446777
921,t2_b0,3,5,946,876,8.50825309753418
921,t2_b0,6,5,1086,1004,25.491785049438477
921,t2_b0,28,5,1007,872,7.637740612030029
921,t2_b0,31,5,1048,944,7.841067790985107
921,t2_b0,40,5,998,1020,10.073141098022461
921,t2_b0,42,5,926,800,9.284228324890137
921,t2_b0,51,5,948,840,34.07514572143555
922,t2_b0,3,10,956,880,6.318841457366943
922,t2_b0,23,5,1031,896,6.911118507385254
922,t2_b0,25,5,975,764,4.963475227355957
922,t2_b0,27,10,1015,812,7.703263282775879
922,t2_b0,40,5,1003,1024,8.865097045898438
922,t2_b0,41,5,956,808,4.812318801879883
923,t2_b0,4,15,1054,888,6.781634330749512
923,t2_b0,12,10,982,872,40.16389846801758
923,t2_b0,32,7,958,832,13.26063060760498
923,t2_b0,44,15,1135,1020,14.003113746643066
923,t2_b0,45,5,1057,924,7.819382667541504
923,t2_b0,50,5,968,880,9.684906959533691
923,t2_b0,52,5,954,808,6.807262897491455
923,t2_b0,54,5,1082,876,9.593879699707031
923,t2_b0,55,5,978,884,10.66486930847168
924,t2_b0,7,5,957,740,9.654644966125488
924,t2_b0,9,15,943,792,4.532716751098633
924,t2_b0,10,5,977,812,7.282351493835449
924,t2_b0,19,5,1011,772,5.472526550292969
924,t2_b0,22,5,909,700,7.204257011413574
924,t2_b0,29,5,933,888,9.48421859741211
924,t2_b0,38,5,989,768,5.58173942565918
924,t2_b0,48,5,981,884,14.653443336486816
925,t2_b0,5,5,1078,964,11.20698356628418
925,t2_b0,11,10,936,728,10.290717124938965
925,t2_b0,18,5,1071,876,13.038204193115234
925,t2_b0,34,5,950,732,9.283512115478516
925,t2_b0,39,5,1010,832,6.65813684463501
925,t2_b0,40,5,1008,1028,11.509403228759766
925,t2_b0,56,5,1035,904,5.07977294921875
926,t2_b0,0,1,1041,920,23.358430862426758
926,t2_b0,14,1,955,800,6.693558692932129
926,t2_b0,31,1,1049,948,9.418938636779785
926,t2_b0,45,1,1058,928,3.747490406036377
926,t2_b0,46,5,1037,936,11.649649620056152
926,t2_b0,55,1,979,888,7.451212406158447
927,t2_b0,10,5,982,816,7.334171295166016
927,t2_b0,56,5,1040,908,8.061461448669434
928,t2_b0,5,10,1088,968,8.924616813659668
928,t2_b0,17,5,992,868,7.07716703414917
928,t2_b0,58,5,981,828,7.338325023651123
929,t2_b0,1,5,1036,840,7.554378032684326
929,t2_b0,8,5,996,860,23.590988159179688
929,t2_b0,10,5,987,820,8.793045043945312
929,t2_b0,15,5,924,776,3.649188995361328
929,t2_b0,34,5,955,736,10.221826553344727
929,t2_b0,38,10,999,772,7.413008213043213
929,t2_b0,45,5,1063,932,41.32377243041992
929,t2_b0,53,5,974,816,7.44879150390625
930,t2_b0,0,5,1046,924,7.0513105392456055
930,t2_b0,5,5,1093,972,52.66957473754883
930,t2_b0,20,5,997,972,7.234128952026367
930,t2_b0,35,5,1113,1028,11.717789649963379
930,t2_b0,37,5,1079,908,11.920382499694824
930,t2_b0,43,5,985,808,10.123116493225098
930,t2_b0,48,5,986,888,6.665531158447266
931,t2_b0,1,5,1041,844,8.16463851928711
931,t2_b0,25,5,980,768,8.332690238952637
931,t2_b0,28,5,1012,876,14.073949813842773
931,t2_b0,36,4,1018,820,10.153674125671387
931,t2_b0,43,5,990,812,8.113151550292969
931,t2_b0,51,5,953,844,10.421480178833008
931,t2_b0,53,5,979,820,8.36589527130127
931,t2_b0,59,10,1046,840,9.020471572875977
932,t2_b0,3,5,961,884,12.107622146606445
932,t2_b0,18,5,1076,880,11.475370407104492
932,t2_b0,27,5,1020,816,4.482433795928955
932,t2_b0,28,5,1017,880,11.883835792541504
932,t2_b0,39,5,1015,836,6.787773609161377
932,t2_b0,41,5,961,812,8.488080024719238
932,t2_b0,42,5,931,804,40.43724060058594
932,t2_b0,56,5,1045,912,12.794258117675781
933,t2_b0,3,1,962,888,7.19522762298584
933,t2_b0,4,5,1059,892,6.888576984405518
933,t2_b0,6,5,1091,1008,6.8290839195251465
933,t2_b0,7,10,967,744,4.900290012359619
933,t2_b0,12,5,987,876,6.617079257965088
933,t2_b0,14,5,960,804,26.414569854736328
933,t2_b0,24,5,1062,924,5.312522888183594
933,t2_b0,27,5,1025,820,15.388372421264648
933,t2_b0,30,5,1056,872,8.392213821411133
933,t2_b0,32,5,963,836,5.228743553161621
933,t2_b0,44,5,1140,1024,7.395196437835693
933,t2_b0,52,5,959,812,8.781509399414062
934,t2_b0,9,5,948,796,47.47165298461914
934,t2_b0,17,5,997,872,6.7998809814453125
934,t2_b0,22,5,914,704,11.017781257629395
934,t2_b0,33,5,916,880,8.349077224731445
934,t2_b0,44,5,1145,1028,12.316096305847168
934,t2_b0,55,1,980,892,10.818645477294922
935,t2_b0,11,5,941,732,7.914788246154785
935,t2_b0,18,5,1081,884,10.565910339355469
935,t2_b0,21,5,920,804,5.038039207458496
935,t2_b0,22,5,919,708,33.839176177978516
935,t2_b0,27,5,1030,824,6.557861804962158
935,t2_b0,29,11,944,892,25.418514251708984
935,t2_b0,30,5,1061,876,8.0089111328125
935,t2_b0,37,5,1084,912,6.000657558441162
935,t2_b0,40,5,1013,1032,7.234509468078613
935,t2_b0,55,5,985,896,42.238548278808594
936,t2_b0,3,5,967,892,12.573809623718262
936,t2_b0,9,5,953,800,9.513273239135742
936,t2_b0,19,5,1016,776,34.11029052734375
936,t2_b0,31,5,1054,952,9.488298416137695
936,t2_b0,36,5,1023,824,6.814934253692627
936,t2_b0,41,5,966,816,6.541084289550781
936,t2_b0,43,5,995,816,6.471171855926514
936,t2_b0,47,5,1047,956,12.611312866210938
936,t2_b0,48,5,991,892,7.171643257141113
937,t2_b0,13,5,1040,960,7.839962959289551
937,t2_b0,28,5,1022,884,9.037742614746094
937,t2_b0,58,5,986,832,5.65133810043335
938,t2_b0,23,5,1036,900,9.200145721435547
938,t2_b0,40,5,1018,1036,5.721571922302246
938,t2_b0,47,5,1052,960,45.922664642333984
938,t2_b0,49,5,966,840,7.287779331207275
938,t2_b0,56,5,1050,916,8.19669246673584
939,t2_b0,4,5,1064,896,7.842703342437744
939,t2_b0,26,5,954,756,8.99173355102539
939,t2_b0,38,5,1004,776,7.330500602722168
939,t2_b0,45,12,1075,936,8.606222152709961
939,t2_b0,49,5,971,844,8.439486503601074
939,t2_b0,50,5,973,884,6.738738059997559
940,t2_b0,0,2,1048,928,6.039371967315674
940,t2_b0,4,1,1065,900,4.682116985321045
940,t2_b0,5,5,1098,976,9.307406425476074
940,t2_b0,10,5,992,824,6.826818466186523
940,t2_b0,14,2,962,808,4.403923988342285
940,t2_b0,16,5,880,716,15.189523696899414
940,t2_b0,23,5,1041,904,28.778854370117188
940,t2_b0,28,5,1027,888,7.052513599395752
940,t2_b0,31,5,1059,956,10.529212951660156
940,t2_b0,35,5,1118,1032,39.25043487548828
940,t2_b0,38,5,1009,780,7.973060607910156
940,t2_b0,48,1,992,896,34.02137756347656
940,t2_b0,55,5,990,900,8.802865982055664
940,t2_b0,56,6,1056,920,44.3531608581543
941,t2_b0,8,5,1001,864,8.470687866210938
941,t2_b0,11,5,946,736,7.425298690795898
941,t2_b0,14,5,967,812,6.025452613830566
941,t2_b0,18,5,1086,888,8.541885375976562
941,t2_b0,59,5,1051,844,6.844222068786621
942,t2_b0,3,5,972,896,8.354559898376465
942,t2_b0,9,5,958,804,8.58474349975586
942,t2_b0,16,5,885,720,7.7797932624816895
942,t2_b0,18,5,1091,892,13.224721908569336
942,t2_b0,51,5,958,848,6.367115497589111
943,t2_b0,5,5,1103,980,7.429213047027588
943,t2_b0,6,5,1096,1012,19.77066421508789
943,t2_b0,7,5,972,748,8.147424697875977
943,t2_b0,8,5,1006,868,13.095758438110352
943,t2_b0,15,5,929,780,30.353227615356445
943,t2_b0,52,5,964,816,22.52760124206543
943,t2_b0,54,5,1087,880,61.24604034423828
943,t2_b0,55,10,1000,904,9.148603439331055
943,t2_b0,57,10,1022,920,11.965926170349121
944,t2_b0,24,10,1072,928,8.48983383178711
944,t2_b0,27,5,1035,828,7.914233207702637
944,t2_b0,35,5,1123,1036,8.281493186950684
944,t2_b0,54,5,1092,884,9.807353973388672
945,t2_b0,21,5,925,808,5.813159942626953
945,t2_b0,29,5,949,896,5.594753742218018
945,t2_b0,30,5,1066,880,7.724421501159668
945,t2_b0,41,5,971,820,10.115321159362793
945,t2_b0,44,5,1150,1032,8.97632884979248
945,t2_b0,48,5,997,900,6.733168601989746
945,t2_b0,52,5,969,820,5.066874980926514
946,t2_b0,4,5,1070,904,6.620370864868164
946,t2_b0,6,5,1101,1016,16.48015022277832
946,t2_b0,15,5,934,784,4.618419170379639
946,t2_b0,19,5,1021,780,5.673219680786133
946,t2_b0,25,5,985,772,34.22794723510742
946,t2_b0,27,5,1040,832,39.12950897216797
946,t2_b0,33,5,921,884,8.506050109863281
946,t2_b0,43,5,1000,820,40.34795379638672
946,t2_b0,44,5,1155,1036,11.710623741149902
946,t2_b0,48,5,1002,904,5.475032806396484
946,t2_b0,49,5,976,848,7.384781837463379
946,t2_b0,59,5,1056,848,7.089195251464844
947,t2_b0,2,5,1002,828,26.62331771850586
947,t2_b0,9,5,963,808,47.301876068115234
947,t2_b0,18,5,1096,896,9.333438873291016
947,t2_b0,19,5,1026,784,6.582306861877441
947,t2_b0,20,5,1002,976,44.54676818847656
947,t2_b0,22,5,924,712,7.654463768005371
947,t2_b0,29,5,954,900,8.418521881103516
947,t2_b0,37,5,1089,916,13.712616920471191
947,t2_b0,40,10,1028,1040,6.830643177032471
947,t2_b0,58,5,991,836,6.363162040710449
948,t2_b0,0,1,1049,932,16.50011444091797
948,t2_b0,7,1,973,752,6.833497524261475
948,t2_b0,21,1,926,812,7.487793445587158
948,t2_b0,22,5,929,716,6.411855697631836
948,t2_b0,29,5,959,904,4.950160980224609
948,t2_b0,32,5,968,840,4.702677249908447
948,t2_b0,42,5,936,808,6.60736608505249
948,t2_b0,52,25,994,824,7.421982765197754
949,t2_b0,5,5,1108,984,9.194498062133789
949,t2_b0,11,5,951,740,12.202598571777344
949,t2_b0,18,5,1101,900,13.950631141662598
949,t2_b0,20,5,1007,980,8.168012619018555
949,t2_b0,22,5,934,720,36.4916877746582
949,t2_b0,45,5,1080,940,8.553563117980957
949,t2_b0,46,15,1052,940,8.518924713134766
949,t2_b0,49,5,981,852,7.19575309753418
950,t2_b0,10,5,997,828,6.752039432525635
950,t2_b0,23,5,1046,908,8.453011512756348
950,t2_b0,25,5,990,776,3.74054217338562
950,t2_b0,28,5,1032,892,10.312725067138672
950,t2_b0,56,5,1061,924,8.728164672851562
951,t2_b0,2,5,1007,832,38.077186584472656
951,t2_b0,14,5,972,816,9.930912971496582
951,t2_b0,28,5,1037,896,7.509784698486328
951,t2_b0,31,5,1064,960,9.871219635009766
951,t2_b0,32,5,973,844,3.8253965377807617
951,t2_b0,34,5,960,740,10.053600311279297
951,t2_b0,35,5,1128,1040,10.363030433654785
951,t2_b0,38,5,1014,784,5.615451812744141
952,t2_b0,16,5,890,724,5.005213737487793
952,t2_b0,24,5,1077,932,9.092907905578613
952,t2_b0,29,5,964,908,7.049654483795166
952,t2_b0,31,5,1069,964,7.7779059410095215
952,t2_b0,34,5,965,744,7.432980060577393
952,t2_b0,51,5,963,852,6.7011823654174805
953,t2_b0,3,5,977,900,7.9126715660095215
953,t2_b0,8,5,1011,872,14.711459159851074
953,t2_b0,16,5,895,728,5.034144401550293
953,t2_b0,31,5,1074,968,10.956329345703125
953,t2_b0,42,5,941,812,7.649689674377441
953,t2_b0,50,5,978,888,7.909930229187012
953,t2_b0,55,5,1005,908,33.139930725097656
953,t2_b0,57,5,1027,924,32.403541564941406
954,t2_b0,0,5,1054,936,8.282135009765625
954,t2_b0,3,1,978,904,40.27015686035156
954,t2_b0,10,5,1002,832,14.603496551513672
954,t2_b0,18,5,1106,904,8.756750106811523
954,t2_b0,21,5,931,816,5.362181663513184
954,t2_b0,23,5,1051,912,9.061232566833496
954,t2_b0,26,5,959,760,18.534523010253906
954,t2_b0,31,5,1079,972,44.05000686645508
954,t2_b0,39,5,1020,840,3.8076539039611816
955,t2_b0,2,5,1012,836,8.954026222229004
955,t2_b0,3,5,983,908,10.547991752624512
955,t2_b0,10,10,1012,836,4.411969184875488
955,t2_b0,23,5,1056,916,12.116827964782715
955,t2_b0,35,5,1133,1044,43.95989227294922
955,t2_b0,45,5,1085,944,6.843938827514648
955,t2_b0,57,5,1032,928,7.24494743347168
956,t2_b0,4,5,1075,908,10.23682975769043
956,t2_b0,6,5,1106,1020,8.302072525024414
956,t2_b0,13,5,1045,964,11.313445091247559
956,t2_b0,14,5,977,820,4.163805961608887
956,t2_b0,17,10,1007,876,43.375606536865234
956,t2_b0,19,5,1031,788,9.324007987976074
956,t2_b0,26,10,969,764,10.502853393554688
956,t2_b0,33,5,926,888,10.337461471557617
956,t2_b0,43,5,1005,824,5.79780387878418
956,t2_b0,44,5,1160,1040,16.3692626953125
957,t2_b0,2,5,1017,840,5.111140251159668
957,t2_b0,6,5,1111,1024,11.81737995147705
957,t2_b0,27,5,1045,836,39.508731842041016
957,t2_b0,38,5,1019,788,11.504749298095703
957,t2_b0,40,5,1033,1044,8.522497177124023
958,t2_b0,13,5,1050,968,15.074284553527832
958,t2_b0,18,10,1116,908,14.435399055480957
958,t2_b0,25,5,995,780,8.213578224182129
958,t2_b0,52,5,999,828,20.752113342285156
958,t2_b0,59,15,1071,852,7.483245849609375
959,t2_b0,4,5,1080,912,5.297884464263916
959,t2_b0,5,5,1113,988,6.097439289093018
959,t2_b0,9,5,968,812,7.934842586517334
959,t2_b0,11,5,956,744,7.571506500244141
959,t2_b0,22,5,939,724,5.692447662353516
959,t2_b0,46,5,1057,944,9.486757278442383
960,t2_b0,12,5,992,880,6.256132125854492
960,t2_b0,22,5,944,728,4.5266594886779785
960,t2_b0,48,5,1007,908,5.636072158813477
960,t2_b0,52,1,1000,832,4.249341011047363
961,t2_b0,4,5,1085,916,7.789708614349365
961,t2_b0,7,5,978,756,8.84469223022461
961,t2_b0,14,5,982,824,4.9707441329956055
961,t2_b0,36,5,1028,828,10.92041015625
961,t2_b0,52,5,1005,836,31.884199142456055
962,t2_b0,3,5,988,912,7.641650676727295
962,t2_b0,12,5,997,884,5.881342887878418
962,t2_b0,20,5,1012,984,6.063499927520752
962,t2_b0,24,5,1082,936,30.745542526245117
962,t2_b0,31,5,1084,976,5.897119522094727
962,t2_b0,34,5,970,748,12.688051223754883
962,t2_b0,36,5,1033,832,7.546239852905273
962,t2_b0,52,5,1010,840,32.874507904052734
962,t2_b0,56,5,1066,928,45.021270751953125
963,t2_b0,3,5,993,916,30.233280181884766
963,t2_b0,6,5,1116,1028,8.227738380432129
963,t2_b0,8,5,1016,876,25.216339111328125
963,t2_b0,50,5,983,892,6.335233688354492
963,t2_b0,55,5,1010,912,6.304181098937988
964,t2_b0,0,5,1059,940,26.320478439331055
964,t2_b0,16,5,900,732,35.18830490112305
964,t2_b0,41,5,976,824,9.876174926757812
964,t2_b0,56,5,1071,932,11.142601013183594
965,t2_b0,1,5,1046,848,43.92184066772461
965,t2_b0,10,5,1017,840,8.040419578552246
965,t2_b0,23,15,1071,920,19.724594116210938
965,t2_b0,28,5,1042,900,8.424196243286133
965,t2_b0,32,5,978,848,5.189154148101807
965,t2_b0,35,5,1138,1048,42.50083541870117
965,t2_b0,36,5,1038,836,5.698831558227539
965,t2_b0,37,5,1094,920,11.67030143737793
965,t2_b0,47,5,1057,964,6.3315229415893555
965,t2_b0,52,5,1015,844,21.429506301879883
965,t2_b0,53,1,980,824,7.890744686126709
965,t2_b0,58,5,996,840,4.903231143951416
966,t2_b0,2,5,1022,844,36.2479133605957
966,t2_b0,4,5,1090,920,8.116975784301758
966,t2_b0,17,5,1012,880,28.8409423828125
966,t2_b0,21,15,946,820,7.97372579574585
966,t2_b0,26,5,974,768,10.420658111572266
966,t2_b0,28,5,1047,904,34.075050354003906
966,t2_b0,43,5,1010,828,33.023292541503906
966,t2_b0,53,10,990,828,6.015052795410156
966,t2_b0,58,5,1001,844,5.7422919273376465
967,t2_b0,2,5,1027,848,7.580654144287109
967,t2_b0,7,5,983,760,47.92169189453125
967,t2_b0,8,5,1021,880,10.32982349395752
967,t2_b0,10,5,1022,844,6.055142879486084
967,t2_b0,12,5,1002,888,7.6713714599609375
967,t2_b0,17,5,1017,884,7.142432689666748
967,t2_b0,26,5,979,772,31.19843292236328
967,t2_b0,27,5,1050,840,4.729639530181885
967,t2_b0,54,5,1097,888,9.1907320022583
967,t2_b0,56,5,1076,936,7.687660217285156
968,t2_b0,0,5,1064,944,9.74822998046875
968,t2_b0,6,5,1121,1032,7.113973140716553
968,t2_b0,11,5,961,748,11.869999885559082
968,t2_b0,12,5,1007,892,8.767361640930176
968,t2_b0,16,5,905,736,29.902568817138672
968,t2_b0,18,5,1121,912,19.915485382080078
968,t2_b0,19,15,1046,792,5.750553607940674
968,t2_b0,29,5,969,912,8.93822956085205
968,t2_b0,36,5,1043,840,4.210907936096191
968,t2_b0,38,5,1024,792,7.110906600952148
968,t2_b0,43,5,1015,832,42.46537399291992
968,t2_b0,44,5,1165,1044,52.98663330078125
968,t2_b0,57,5,1037,932,5.3135528564453125
968,t2_b0,59,5,1076,856,6.641225814819336
969,t2_b0,0,5,1069,948,6.54523229598999
969,t2_b0,5,5,1118,992,42.97581100463867
969,t2_b0,11,5,966,752,6.371962070465088
969,t2_b0,22,15,959,732,5.029275894165039
969,t2_b0,37,5,1099,924,4.739295959472656
969,t2_b0,48,5,1012,912,15.379368782043457
970,t2_b0,0,5,1074,952,9.861477851867676
970,t2_b0,13,5,1055,972,10.73382568359375
970,t2_b0,27,5,1055,844,6.440523147583008
970,t2_b0,44,5,1170,1048,11.26029109954834
970,t2_b0,45,5,1090,948,7.016860008239746
970,t2_b0,51,5,968,856,9.60314655303955
970,t2_b0,57,5,1042,936,12.002492904663086
971,t2_b0,2,5,1032,852,41.2877311706543
971,t2_b0,7,5,988,764,45.273521423339844
971,t2_b0,13,5,1060,976,8.01584243774414
971,t2_b0,14,5,987,828,6.990364074707031
971,t2_b0,31,5,1089,980,7.374950408935547
971,t2_b0,32,5,983,852,4.923023700714111
971,t2_b0,42,5,946,816,7.8153157234191895
971,t2_b0,46,5,1062,948,6.958813190460205
971,t2_b0,52,5,1020,848,33.66492462158203
971,t2_b0,54,5,1102,892,10.023334503173828
972,t2_b0,3,5,998,920,9.363570213317871
972,t2_b0,41,5,981,828,8.370241165161133
972,t2_b0,48,5,1017,916,10.811022758483887
973,t2_b0,0,5,1079,956,12.155625343322754
973,t2_b0,11,5,971,756,9.222526550292969
973,t2_b0,12,5,1012,896,58.346031188964844
973,t2_b0,13,5,1065,980,7.916711330413818
973,t2_b0,18,5,1126,916,37.093719482421875
973,t2_b0,30,5,1071,884,7.346245288848877
973,t2_b0,36,10,1053,844,6.510219573974609
973,t2_b0,39,5,1025,844,4.9835100173950195
973,t2_b0,48,5,1022,920,7.503987789154053
973,t2_b0,54,5,1107,896,7.198080539703369
973,t2_b0,55,5,1015,916,7.29082727432251
974,t2_b0,46,5,1067,952,8.696430206298828
974,t2_b0,49,5,986,856,5.499360084533691
974,t2_b0,50,5,988,896,20.103641510009766
975,t2_b0,1,5,1051,852,9.655378341674805
975,t2_b0,10,10,1032,848,42.00791549682617
975,t2_b0,12,5,1017,900,47.4727668762207
975,t2_b0,23,5,1076,924,4.498348236083984
975,t2_b0,24,5,1087,940,9.950906753540039
975,t2_b0,31,5,1094,984,47.548370361328125
975,t2_b0,32,5,988,856,7.736386299133301
975,t2_b0,33,5,931,892,9.703648567199707
975,t2_b0,35,5,1143,1052,10.167501449584961
976,t2_b0,2,5,1037,856,12.785442352294922
976,t2_b0,6,5,1126,1036,15.813909530639648
976,t2_b0,21,5,951,824,8.76513385772705
976,t2_b0,29,1,970,916,8.297750473022461
976,t2_b0,44,15,1185,1052,11.827051162719727
976,t2_b0,47,5,1062,968,4.948441505432129
976,t2_b0,53,5,995,832,9.187782287597656
976,t2_b0,58,5,1006,848,5.15076208114624
977,t2_b0,3,5,1003,924,10.59501838684082
977,t2_b0,5,5,1123,996,12.088279724121094
977,t2_b0,25,5,1000,784,7.921537399291992
977,t2_b0,26,5,984,776,7.270855903625488
977,t2_b0,28,5,1052,908,9.505640029907227
977,t2_b0,30,5,1076,888,5.803300857543945
977,t2_b0,31,5,1099,988,45.518341064453125
977,t2_b0,37,5,1104,928,5.6849822998046875
977,t2_b0,49,5,991,860,7.775415420532227
978,t2_b0,9,5,973,816,14.274882316589355
978,t2_b0,19,5,1051,796,5.474236011505127
978,t2_b0,23,1,1077,928,7.310253143310547
978,t2_b0,30,5,1081,892,34.34976577758789
978,t2_b0,53,5,1000,836,4.430179119110107
978,t2_b0,56,5,1081,940,8.876908302307129
979,t2_b0,9,5,978,820,8.12016773223877
979,t2_b0,12,5,1022,904,7.431529998779297
979,t2_b0,18,5,1131,920,8.954378128051758
979,t2_b0,20,5,1017,988,8.059168815612793
979,t2_b0,21,5,956,828,8.904104232788086
979,t2_b0,22,5,964,736,4.814265727996826
979,t2_b0,38,5,1029,796,8.588265419006348
979,t2_b0,50,5,993,900,9.295289993286133
980,t2_b0,5,5,1128,1000,12.440450668334961
980,t2_b0,29,5,975,920,8.19855785369873
980,t2_b0,48,25,1047,924,3.640127658843994
980,t2_b0,51,5,973,860,10.883273124694824
980,t2_b0,53,5,1005,840,11.812549591064453
980,t2_b0,57,5,1047,940,36.70529556274414
981,t2_b0,7,5,993,768,11.270286560058594
981,t2_b0,20,5,1022,992,12.341177940368652
981,t2_b0,25,5,1005,788,7.723520278930664
981,t2_b0,29,5,980,924,8.9569730758667
981,t2_b0,32,5,993,860,38.877723693847656
981,t2_b0,35,5,1148,1056,4.492988109588623
981,t2_b0,59,5,1081,860,23.696130752563477
982,t2_b0,0,5,1084,960,7.103475093841553
982,t2_b0,3,5,1008,928,29.26599884033203
982,t2_b0,8,5,1026,884,5.384981155395508
982,t2_b0,21,5,961,832,4.305088996887207
982,t2_b0,40,5,1038,1048,8.103815078735352
982,t2_b0,45,5,1095,952,2.7141222953796387
983,t2_b0,11,1,972,760,7.842190742492676
983,t2_b0,13,5,1070,984,8.93315315246582
983,t2_b0,21,5,966,836,8.749641418457031
983,t2_b0,30,5,1086,896,10.947820663452148
983,t2_b0,36,5,1058,848,7.015567779541016
983,t2_b0,41,5,986,832,5.841609477996826
983,t2_b0,58,5,1011,852,7.388311386108398
984,t2_b0,0,5,1089,964,8.551399230957031
984,t2_b0,14,5,992,832,6.749816417694092
984,t2_b0,15,5,939,788,5.725870132446289
984,t2_b0,33,5,936,896,6.330402374267578
984,t2_b0,46,5,1072,956,37.50818634033203
985,t2_b0,10,5,1037,852,4.397850513458252
985,t2_b0,22,5,969,740,5.620271682739258
985,t2_b0,27,5,1060,848,7.825016498565674
985,t2_b0,28,5,1057,912,8.269594192504883
985,t2_b0,54,5,1112,900,17.973464965820312
985,t2_b0,57,5,1052,944,15.478925704956055
986,t2_b0,26,5,989,780,16.89181900024414
986,t2_b0,40,5,1043,1052,6.208963871002197
986,t2_b0,44,5,1190,1056,11.160195350646973
986,t2_b0,50,5,998,904,6.063600540161133
987,t2_b0,8,5,1031,888,15.250399589538574
987,t2_b0,15,5,944,792,39.4056396484375
987,t2_b0,39,5,1030,848,5.210830211639404
987,t2_b0,59,5,1086,864,12.876456260681152
988,t2_b0,1,5,1056,856,11.06177043914795
988,t2_b0,2,5,1042,860,9.151862144470215
988,t2_b0,7,5,998,772,10.1201753616333
988,t2_b0,21,5,971,840,6.488910675048828
988,t2_b0,24,5,1092,944,5.851088047027588
988,t2_b0,31,5,1104,992,7.279804706573486
988,t2_b0,39,5,1035,852,6.156489372253418
988,t2_b0,50,5,1003,908,10.882583618164062
989,t2_b0,6,5,1131,1040,8.988985061645508
989,t2_b0,8,5,1036,892,5.917641639709473
989,t2_b0,34,5,975,752,7.448853969573975
989,t2_b0,36,5,1063,852,6.3397417068481445
989,t2_b0,59,5,1091,868,5.330619812011719
990,t2_b0,0,10,1099,968,12.121552467346191
990,t2_b0,5,5,1133,1004,9.110382080078125
990,t2_b0,19,5,1056,800,6.600413799285889
990,t2_b0,20,10,1032,996,10.94687271118164
990,t2_b0,25,15,1020,792,7.672495365142822
990,t2_b0,37,5,1109,932,7.688359260559082
990,t2_b0,39,5,1040,856,5.161163806915283
990,t2_b0,44,5,1195,1060,11.016754150390625
990,t2_b0,48,5,1052,928,11.113692283630371
990,t2_b0,53,5,1010,844,24.69575309753418
990,t2_b0,59,20,1111,872,7.061480522155762
991,t2_b0,12,5,1027,908,7.261920928955078
991,t2_b0,15,5,949,796,3.3279340267181396
991,t2_b0,19,5,1061,804,26.84552764892578
991,t2_b0,21,5,976,844,7.974998474121094
991,t2_b0,29,5,985,928,7.743820667266846
991,t2_b0,36,5,1068,856,7.178116798400879
991,t2_b0,38,5,1034,800,39.758907318115234
991,t2_b0,44,5,1200,1064,11.068886756896973
992,t2_b0,6,5,1136,1044,7.837809085845947
992,t2_b0,18,5,1136,924,11.40607738494873
992,t2_b0,29,5,990,932,6.0504608154296875
992,t2_b0,31,5,1109,996,10.451430320739746
992,t2_b0,52,5,1025,852,10.63052749633789
992,t2_b0,56,5,1086,944,15.10364818572998
992,t2_b0,57,5,1057,948,67.32633972167969
992,t2_b0,58,5,1016,856,5.6720805168151855
993,t2_b0,11,5,977,764,22.606704711914062
993,t2_b0,13,5,1075,988,11.237958908081055
993,t2_b0,30,5,1091,900,8.662049293518066
993,t2_b0,33,5,941,900,6.34170389175415
993,t2_b0,40,5,1048,1056,8.242257118225098
993,t2_b0,55,1,1016,920,10.99586296081543
994,t2_b0,1,5,1061,860,61.302833557128906
994,t2_b0,6,5,1141,1048,11.506673812866211
994,t2_b0,10,5,1042,856,6.349370956420898
994,t2_b0,28,5,1062,916,11.829446792602539
994,t2_b0,37,5,1114,936,9.550214767456055
994,t2_b0,38,5,1039,804,4.844516277313232
994,t2_b0,48,5,1057,932,8.270564079284668
995,t2_b0,7,5,1003,776,46.47553634643555
995,t2_b0,15,5,954,800,7.634851932525635
995,t2_b0,27,15,1075,852,7.357986927032471
995,t2_b0,31,5,1114,1000,48.05718231201172
995,t2_b0,45,5,1100,956,7.381060600280762
995,t2_b0,49,10,1001,864,7.587825775146484
996,t2_b0,10,5,1047,860,16.828405380249023
996,t2_b0,11,10,987,768,10.474501609802246
996,t2_b0,12,5,1032,912,11.186929702758789
996,t2_b0,13,5,1080,992,57.023826599121094
996,t2_b0,31,5,1119,1004,35.360599517822266
996,t2_b0,33,5,946,904,9.022762298583984
996,t2_b0,35,5,1153,1060,41.897708892822266
997,t2_b0,9,5,983,824,14.444077491760254
997,t2_b0,10,5,1052,864,5.623894691467285
997,t2_b0,12,5,1037,916,7.204078674316406
997,t2_b0,32,5,998,864,40.99700164794922
997,t2_b0,35,5,1158,1064,14.46527099609375
997,t2_b0,37,5,1119,940,6.398013114929199
998,t2_b0,8,5,1041,896,7.209991455078125
998,t2_b0,17,5,1022,888,25.839536666870117
998,t2_b0,24,5,1097,948,9.158490180969238
998,t2_b0,42,5,951,820,4.700644016265869
998,t2_b0,46,5,1077,960,7.216230392456055
998,t2_b0,50,5,1008,912,7.190248012542725
998,t2_b0,51,5,978,864,11.08264446258545
998,t2_b0,57,5,1062,952,6.6954755783081055
999,t2_b0,4,5,1095,924,5.424626350402832
999,t2_b0,7,8,1011,780,43.43912887573242
999,t2_b0,9,5,988,828,6.8421950340271
999,t2_b0,17,5,1027,892,12.421916007995605
999,t2_b0,22,5,974,744,6.620035648345947
999,t2_b0,33,10,956,908,9.649887084960938
999,t2_b0,34,5,980,756,3.901846408843994
999,t2_b0,37,5,1124,944,21.221948623657227
999,t2_b0,46,5,1082,964,9.012136459350586
999,t2_b0,50,5,1013,916,7.429991722106934
999,t2_b0,55,5,1021,924,6.011910915374756
999,t2_b0,58,5,1021,860,6.656075477600098
1000,t2_b0,0,5,1104,972,13.846007347106934
1000,t2_b0,10,5,1057,868,6.549253463745117
1000,t2_b0,17,15,1042,896,12.316978454589844
1000,t2_b0,20,5,1037,1000,7.343220233917236
1000,t2_b0,22,5,979,748,5.170420169830322
1000,t2_b0,25,5,1025,796,32.47327423095703
1000,t2_b0,57,5,1067,956,9.619133949279785
1000,t2_b0,59,5,1116,876,6.585671424865723
