step,contact_threshold_rx_power_dbm,contact_threshold_snr_db,feasible_contact_decisions,feasible_contact_pairs,greedy_comm_bytes,greedy_comm_cumulative_mb,greedy_comm_mb,greedy_events,local_policy_initial_pull_probability,model_transfer_snr_min_db,network_half_duplex_rejections,network_mean_direction_capacity_bytes,network_mean_sinr_db,network_min_sinr_db,network_raw_contact_pairs,network_raw_directed_candidates,network_rejected_transfers,network_scheduled_transfers,network_shortlisted_directed_candidates,network_sinr_or_airtime_rejections,network_transfer_proposals,noise_floor_dbm,propagation_loss_contact_threshold_db,rssi_gossip_threshold_dbm,snr_min_db,t2_b0_comm_bytes,t2_b0_comm_cumulative_mb,t2_b0_comm_cumulative_vs_greedy_ratio,t2_b0_comm_mb,t2_b0_comm_vs_greedy_ratio,t2_b0_events,t2_b0_metadata_bytes,t2_b0_model_bytes,t2_b0_model_messages,t2_b0_policy_bytes,t2_b0_policy_messages,t2_b0_pull_events,t2_b0_scalar_bytes,t2_b0_scalar_control_bytes,t2_b0_scalar_control_messages,t2_b0_scalar_loss_bytes,t2_b0_scalar_loss_messages,t2_b0_scalar_messages,t2_b0_selected_providers,t2_b0_training_sample_bytes,t2_b0_training_sample_messages,t2_b0_valid_pull_events
1,-47.5,57.5,0,0,0,0.0,0.0,0,0.0,57.5,,,,,0,,,0,0,,0,-105.0,70.5,-47.5,5.0,0,0.0,nan,0.0,nan,0,0,0,0,0,0,0,0,0,0,0,0,0,0,0,0,0
2,-47.5,57.5,2,1,0,0.0,0.0,0,0.0,57.5,1,562500.0,67.51023864746094,67.51023864746094,1,2,1,1,2,0,2,-105.0,70.5,-47.5,5.0,496084,0.496084,nan,0.496084,nan,1,144,289160,2,206648,2,1,132,64,16,68,17,33,1,0,0,1
3,-47.5,57.5,12,6,0,0.0,0.0,0,0.0,57.5,5,562500.0,34.72320662758217,20.49797340638158,6,12,5,6,12,0,11,-105.0,70.5,-47.5,5.0,2976432,3.472516,nan,2.976432,nan,6,792,1734960,12,1239888,12,6,792,384,96,408,102,198,6,0,0,6
4,-47.5,57.5,16,8,0,0.0,0.0,0,0.0,57.5,2,562500.0,42.81085328280682,32.67278226818676,8,16,2,6,16,0,8,-105.0,70.5,-47.5,5.0,3389584,6.8621,nan,3.389584,nan,6,648,1734960,12,1653184,16,6,792,384,96,408,102,198,6,0,0,6
5,-47.5,57.5,20,10,0,0.0,0.0,0,0.0,57.5,1,562500.0,49.36434070057077,35.573725653469126,10,20,1,2,20,0,3,-105.0,70.5,-47.5,5.0,2645568,9.507668,nan,2.645568,nan,2,504,578320,4,2066480,20,2,264,128,32,136,34,66,2,0,0,2
6,-47.5,57.5,22,11,0,0.0,0.0,0,0.0,57.5,1,562500.0,40.80260558474214,22.025118962933256,11,22,1,4,22,0,5,-105.0,70.5,-47.5,5.0,3430872,12.93854,nan,3.430872,nan,4,576,1156640,8,2273128,22,4,528,256,64,272,68,132,4,0,0,4
7,-47.5,57.5,24,12,0,0.0,0.0,0,0.0,57.5,1,562500.0,40.25937883508219,32.66299690240634,12,24,1,5,24,0,6,-105.0,70.5,-47.5,5.0,3926956,16.865496,nan,3.926956,nan,5,720,1445800,10,2479776,24,5,660,320,80,340,85,165,5,0,0,5
8,-47.5,57.5,26,13,0,0.0,0.0,0,0.0,57.5,0,562500.0,49.417831223055735,36.326077086605196,13,26,0,3,26,0,3,-105.0,70.5,-47.5,5.0,3554516,20.420012,nan,3.554516,nan,3,216,867480,6,2686424,26,3,396,192,48,204,51,99,3,0,0,3
9,-47.5,57.5,32,16,0,0.0,0.0,0,0.0,57.5,1,562500.0,34.389047937872775,20.361482508125256,16,32,1,4,32,0,5,-105.0,70.5,-47.5,5.0,4464400,24.884412,nan,4.4644,nan,4,864,1156640,8,3306368,32,4,528,256,64,272,68,132,4,0,0,4
10,-47.5,57.5,34,17,0,0.0,0.0,0,0.0,57.5,2,562500.0,64.14214134216309,59.39167785644531,17,34,2,2,34,0,4,-105.0,70.5,-47.5,5.0,4092248,28.97666,nan,4.092248,nan,2,648,578320,4,3513016,34,2,264,128,32,136,34,66,2,0,0,2
11,-47.5,57.5,40,20,0,0.0,0.0,0,0.0,57.5,2,562500.0,42.395303051424165,29.369960008256992,20,40,2,5,40,0,7,-105.0,70.5,-47.5,5.0,5580572,34.557232,nan,5.580572,nan,5,1152,1445800,10,4132960,40,5,660,320,80,340,85,165,5,0,0,5
12,-47.5,57.5,54,27,0,0.0,0.0,0,0.0,57.5,2,562500.0,42.70499016099882,26.66142645181948,27,54,2,5,54,0,7,-105.0,70.5,-47.5,5.0,7027612,41.584844,nan,7.027612,nan,5,1656,1445800,10,5579496,54,5,660,320,80,340,85,165,5,0,0,5
13,-47.5,57.5,56,28,0,0.0,0.0,0,0.0,57.5,1,562500.0,50.643328723057955,36.804084768548385,28,56,1,5,56,0,6,-105.0,70.5,-47.5,5.0,7234044,48.818888,nan,7.234044,nan,5,1440,1445800,10,5786144,56,5,660,320,80,340,85,165,5,0,0,5
14,-47.5,57.5,56,28,0,0.0,0.0,0,0.0,57.5,2,562500.0,50.00666223371057,34.154590746581455,28,56,2,4,56,0,6,-105.0,70.5,-47.5,5.0,6944320,55.763208,nan,6.94432,nan,4,1008,1156640,8,5786144,56,4,528,256,64,272,68,132,4,0,0,4
15,-47.5,57.5,50,25,0,0.0,0.0,0,0.0,57.5,3,562500.0,63.68641789754232,60.055240631103516,25,50,3,3,50,0,6,-105.0,70.5,-47.5,5.0,6035156,61.798364,nan,6.035156,nan,3,1080,867480,6,5166200,50,3,396,192,48,204,51,99,3,0,0,3
16,-47.5,57.5,48,24,0,0.0,0.0,0,0.0,57.5,2,562500.0,47.965534416438125,27.003313566106062,24,48,2,5,48,0,7,-105.0,70.5,-47.5,5.0,6407524,68.205888,nan,6.407524,nan,5,1512,1445800,10,4959552,48,5,660,320,80,340,85,165,5,0,0,5
17,-47.5,57.5,42,21,0,0.0,0.0,0,0.0,57.5,1,562500.0,44.46170167386571,27.495042779212557,21,42,1,5,42,0,6,-105.0,70.5,-47.5,5.0,5786788,73.992676,nan,5.786788,nan,5,720,1445800,10,4339608,42,5,660,320,80,340,85,165,5,0,0,5
18,-47.5,57.5,38,19,0,0.0,0.0,0,0.0,57.5,1,562500.0,23.109259683267453,18.148178370162288,19,38,1,4,38,0,5,-105.0,70.5,-47.5,5.0,5084128,79.076804,nan,5.084128,nan,4,648,1156640,8,3926312,38,4,528,256,64,272,68,132,4,0,0,4
19,-47.5,57.5,38,19,0,0.0,0.0,0,0.0,57.5,1,562500.0,35.72831803259289,27.30801187695015,19,38,1,4,38,0,5,-105.0,70.5,-47.5,5.0,5083984,84.160788,nan,5.083984,nan,4,504,1156640,8,3926312,38,4,528,256,64,272,68,132,4,0,0,4
20,-47.5,57.5,44,22,0,0.0,0.0,0,0.0,57.5,1,562500.0,49.66405433539551,37.58352098586737,22,44,1,3,44,0,4,-105.0,70.5,-47.5,5.0,5414852,89.57564,nan,5.414852,nan,3,720,867480,6,4546256,44,3,396,192,48,204,51,99,3,0,0,3
21,-47.5,57.5,48,24,0,0.0,0.0,0,0.0,57.5,1,562500.0,50.92463140503709,25.733717433282667,24,48,1,4,48,0,5,-105.0,70.5,-47.5,5.0,6117512,95.693152,nan,6.117512,nan,4,792,1156640,8,4959552,48,4,528,256,64,272,68,132,4,0,0,4
22,-47.5,57.5,48,24,0,0.0,0.0,0,0.0,57.5,3,562500.0,57.92720439780464,40.994630834938455,24,48,3,3,48,0,6,-105.0,70.5,-47.5,5.0,5828436,101.521588,nan,5.828436,nan,3,1008,867480,6,4959552,48,3,396,192,48,204,51,99,3,0,0,3
23,-47.5,57.5,44,22,0,0.0,0.0,0,0.0,57.5,3,562500.0,47.811677196371555,39.59634595269171,22,44,3,4,44,0,7,-105.0,70.5,-47.5,5.0,5704864,107.226452,nan,5.704864,nan,4,1440,1156640,8,4546256,44,4,528,256,64,272,68,132,4,0,0,4
24,-47.5,57.5,42,21,0,0.0,0.0,0,0.0,57.5,2,562500.0,46.6193296494208,38.48409693117903,21,42,2,4,42,0,6,-105.0,70.5,-47.5,5.0,5497928,112.72438,nan,5.497928,nan,4,1152,1156640,8,4339608,42,4,528,256,64,272,68,132,4,0,0,4
25,-47.5,57.5,40,20,0,0.0,0.0,0,0.0,57.5,1,562500.0,49.66858737250232,40.24002068458118,20,40,1,4,40,0,5,-105.0,70.5,-47.5,5.0,5290992,118.015372,nan,5.290992,nan,4,864,1156640,8,4132960,40,4,528,256,64,272,68,132,4,0,0,4
26,-47.5,57.5,34,17,0,0.0,0.0,0,0.0,57.5,0,562500.0,50.92794548519382,26.608926757204937,17,34,0,4,34,0,4,-105.0,70.5,-47.5,5.0,4670616,122.685988,nan,4.670616,nan,4,432,1156640,8,3513016,34,4,528,256,64,272,68,132,4,0,0,4
27,-47.5,57.5,34,17,0,0.0,0.0,0,0.0,57.5,1,562500.0,40.72446554986875,28.574772731124874,17,34,1,4,34,0,5,-105.0,70.5,-47.5,5.0,4670760,127.356748,nan,4.67076,nan,4,576,1156640,8,3513016,34,4,528,256,64,272,68,132,4,0,0,4
28,-47.5,57.5,34,17,0,0.0,0.0,0,0.0,57.5,1,562500.0,39.85798459433859,37.38813186428385,17,34,1,4,34,0,5,-105.0,70.5,-47.5,5.0,4670976,132.027724,nan,4.670976,nan,4,792,1156640,8,3513016,34,4,528,256,64,272,68,132,4,0,0,4
29,-47.5,57.5,36,18,0,0.0,0.0,0,0.0,57.5,1,562500.0,52.17649796768091,39.881511793925036,18,36,1,4,36,0,5,-105.0,70.5,-47.5,5.0,4877696,136.90542,nan,4.877696,nan,4,864,1156640,8,3719664,36,4,528,256,64,272,68,132,4,0,0,4
30,-47.5,57.5,40,20,0,0.0,0.0,0,0.0,57.5,2,562500.0,37.44417070050756,24.491077949524595,20,40,2,4,40,0,6,-105.0,70.5,-47.5,5.0,5290920,142.19634,nan,5.29092,nan,4,792,1156640,8,4132960,40,4,528,256,64,272,68,132,4,0,0,4
31,-47.5,57.5,46,23,0,0.0,0.0,0,0.0,57.5,0,562500.0,51.37855316894417,38.58355163832912,23,46,0,6,46,0,6,-105.0,70.5,-47.5,5.0,6489520,148.68586,nan,6.48952,nan,6,864,1734960,12,4752904,46,6,792,384,96,408,102,198,6,0,0,6
32,-47.5,57.5,46,23,0,0.0,0.0,0,0.0,57.5,1,562500.0,45.94018281754055,28.574772731124874,23,46,1,3,46,0,4,-105.0,70.5,-47.5,5.0,5621572,154.307432,nan,5.621572,nan,3,792,867480,6,4752904,46,3,396,192,48,204,51,99,3,0,0,3
33,-47.5,57.5,44,22,0,0.0,0.0,0,0.0,57.5,1,562500.0,48.190857852741274,23.467178035871328,22,44,1,4,44,0,5,-105.0,70.5,-47.5,5.0,5704288,160.01172,nan,5.704288,nan,4,864,1156640,8,4546256,44,4,528,256,64,272,68,132,4,0,0,4
34,-47.5,57.5,42,21,0,0.0,0.0,0,0.0,57.5,1,562500.0,42.33571358609577,20.190158669332703,21,42,1,4,42,0,5,-105.0,70.5,-47.5,5.0,5497712,165.509432,nan,5.497712,nan,4,936,1156640,8,4339608,42,4,528,256,64,272,68,132,4,0,0,4
35,-47.5,57.5,38,19,0,0.0,0.0,0,0.0,57.5,2,562500.0,61.15837097167969,60.21068572998047,19,38,2,2,38,0,4,-105.0,70.5,-47.5,5.0,4505400,170.014832,nan,4.5054,nan,2,504,578320,4,3926312,38,2,264,128,32,136,34,66,2,0,0,2
36,-47.5,57.5,36,18,0,0.0,0.0,0,0.0,57.5,0,562500.0,38.923917274071734,18.982574883385073,18,36,0,6,36,0,6,-105.0,70.5,-47.5,5.0,5456136,175.470968,nan,5.456136,nan,6,720,1734960,12,3719664,36,6,792,384,96,408,102,198,6,0,0,6
37,-47.5,57.5,36,18,0,0.0,0.0,0,0.0,57.5,2,562500.0,29.56475259404509,28.574772731124874,18,36,2,2,36,0,4,-105.0,70.5,-47.5,5.0,4298968,179.769936,nan,4.298968,nan,2,720,578320,4,3719664,36,2,264,128,32,136,34,66,2,0,0,2
38,-47.5,57.5,36,18,0,0.0,0.0,0,0.0,57.5,1,562500.0,53.56372214891107,31.656195009421133,18,36,1,4,36,0,5,-105.0,70.5,-47.5,5.0,4877624,184.64756,nan,4.877624,nan,4,792,1156640,8,3719664,36,4,528,256,64,272,68,132,4,0,0,4
39,-47.5,57.5,36,18,0,0.0,0.0,0,0.0,57.5,1,562500.0,33.53703432029775,21.391491910370508,18,36,1,4,36,0,5,-105.0,70.5,-47.5,5.0,4877696,189.525256,nan,4.877696,nan,4,864,1156640,8,3719664,36,4,528,256,64,272,68,132,4,0,0,4
40,-47.5,57.5,36,18,0,0.0,0.0,0,0.0,57.5,2,562500.0,60.210683822631836,60.2106819152832,18,36,2,2,36,0,4,-105.0,70.5,-47.5,5.0,4298824,193.82408,nan,4.298824,nan,2,576,578320,4,3719664,36,2,264,128,32,136,34,66,2,0,0,2
41,-47.5,57.5,36,18,0,0.0,0.0,0,0.0,57.5,0,562500.0,47.23238665999289,23.224861444509045,18,36,0,6,36,0,6,-105.0,70.5,-47.5,5.0,5456136,199.280216,nan,5.456136,nan,6,720,1734960,12,3719664,36,6,792,384,96,408,102,198,6,0,0,6
42,-47.5,57.5,36,18,0,0.0,0.0,0,0.0,57.5,1,562500.0,44.11892574523082,28.72283904661351,18,36,1,3,36,0,4,-105.0,70.5,-47.5,5.0,4588260,203.868476,nan,4.58826,nan,3,720,867480,6,3719664,36,3,396,192,48,204,51,99,3,0,0,3
43,-47.5,57.5,38,19,0,0.0,0.0,0,0.0,57.5,1,562500.0,52.78840557472653,48.34516571564778,19,38,1,3,38,0,4,-105.0,70.5,-47.5,5.0,4794764,208.66324,nan,4.794764,nan,3,576,867480,6,3926312,38,3,396,192,48,204,51,99,3,0,0,3
44,-47.5,57.5,44,22,0,0.0,0.0,0,0.0,57.5,1,562500.0,38.492312891763405,18.288245478688367,22,44,1,5,44,0,6,-105.0,70.5,-47.5,5.0,5993724,214.656964,nan,5.993724,nan,5,1008,1445800,10,4546256,44,5,660,320,80,340,85,165,5,0,0,5
45,-47.5,57.5,48,24,0,0.0,0.0,0,0.0,57.5,2,562500.0,55.116947603708084,42.7551080010235,24,48,2,4,48,0,6,-105.0,70.5,-47.5,5.0,6117800,220.774764,nan,6.1178,nan,4,1080,1156640,8,4959552,48,4,528,256,64,272,68,132,4,0,0,4
46,-47.5,57.5,62,31,0,0.0,0.0,0,0.0,57.5,1,562500.0,40.068093951631504,21.777586283444215,31,62,1,5,62,0,6,-105.0,70.5,-47.5,5.0,7853844,228.628608,nan,7.853844,nan,5,1296,1445800,10,6406088,62,5,660,320,80,340,85,165,5,0,0,5
47,-47.5,57.5,64,32,0,0.0,0.0,0,0.0,57.5,1,562500.0,51.98067856220518,38.74273506642328,32,64,1,4,64,0,5,-105.0,70.5,-47.5,5.0,7771272,236.39988,nan,7.771272,nan,4,1368,1156640,8,6612736,64,4,528,256,64,272,68,132,4,0,0,4
48,-47.5,57.5,66,33,0,0.0,0.0,0,0.0,57.5,1,562500.0,47.47747821339891,40.25849814656924,33,66,1,4,66,0,5,-105.0,70.5,-47.5,5.0,7977560,244.37744,nan,7.97756,nan,4,1008,1156640,8,6819384,66,4,528,256,64,272,68,132,4,0,0,4
49,-47.5,57.5,74,37,0,0.0,0.0,0,0.0,57.5,1,562500.0,42.57378600915061,33.13551376453494,37,74,1,4,74,0,5,-105.0,70.5,-47.5,5.0,8804224,253.181664,nan,8.804224,nan,4,1080,1156640,8,7645976,74,4,528,256,64,272,68,132,4,0,0,4
50,-47.5,57.5,76,38,0,0.0,0.0,0,0.0,57.5,2,562500.0,51.92496335661978,43.81834180990044,38,76,2,3,76,0,5,-105.0,70.5,-47.5,5.0,8721868,261.903532,nan,8.721868,nan,3,1368,867480,6,7852624,76,3,396,192,48,204,51,99,3,0,0,3
51,-47.5,57.5,74,37,0,0.0,0.0,0,0.0,57.5,2,562500.0,47.23267998153842,40.7372169654182,37,74,2,4,74,0,6,-105.0,70.5,-47.5,5.0,8804656,270.708188,nan,8.804656,nan,4,1512,1156640,8,7645976,74,4,528,256,64,272,68,132,4,0,0,4
52,-47.5,57.5,66,33,0,0.0,0.0,0,0.0,57.5,3,562500.0,22.57749826806774,19.25366829899218,33,66,3,3,66,0,6,-105.0,70.5,-47.5,5.0,7688988,278.397176,nan,7.688988,nan,3,1728,867480,6,6819384,66,3,396,192,48,204,51,99,3,0,0,3
53,-47.5,57.5,68,34,0,0.0,0.0,0,0.0,57.5,1,562500.0,44.94526201096536,18.989832818243503,34,68,1,5,68,0,6,-105.0,70.5,-47.5,5.0,8474076,286.871252,nan,8.474076,nan,5,1584,1445800,10,7026032,68,5,660,320,80,340,85,165,5,0,0,5
54,-47.5,57.5,64,32,0,0.0,0.0,0,0.0,57.5,2,562500.0,32.22973380300637,19.140518246774512,32,64,2,4,64,0,6,-105.0,70.5,-47.5,5.0,7771272,294.642524,nan,7.771272,nan,4,1368,1156640,8,6612736,64,4,528,256,64,272,68,132,4,0,0,4
55,-47.5,57.5,62,31,0,0.0,0.0,0,0.0,57.5,2,562500.0,51.57927698576585,42.983960653178485,31,62,2,3,62,0,5,-105.0,70.5,-47.5,5.0,7275044,301.917568,nan,7.275044,nan,3,1080,867480,6,6406088,62,3,396,192,48,204,51,99,3,0,0,3
56,-47.5,57.5,58,29,0,0.0,0.0,0,0.0,57.5,2,562500.0,36.3324228882128,18.715834552936236,29,58,2,3,58,0,5,-105.0,70.5,-47.5,5.0,6861604,308.779172,nan,6.861604,nan,3,936,867480,6,5992792,58,3,396,192,48,204,51,99,3,0,0,3
57,-47.5,57.5,52,26,0,0.0,0.0,0,0.0,57.5,2,562500.0,44.20993973758806,24.12082921716635,26,52,2,3,52,0,5,-105.0,70.5,-47.5,5.0,6241876,315.021048,nan,6.241876,nan,3,1152,867480,6,5372848,52,3,396,192,48,204,51,99,3,0,0,3
58,-47.5,57.5,52,26,0,0.0,0.0,0,0.0,57.5,3,562500.0,50.449876685727425,44.423378560602345,26,52,3,3,52,0,6,-105.0,70.5,-47.5,5.0,6242308,321.263356,nan,6.242308,nan,3,1584,867480,6,5372848,52,3,396,192,48,204,51,99,3,0,0,3
59,-47.5,57.5,44,22,0,0.0,0.0,0,0.0,57.5,1,523140.44855423184,37.93455607646691,7.39309564069721,22,44,1,7,44,0,8,-105.0,70.5,-47.5,5.0,6572884,327.83624,nan,6.572884,nan,7,1584,2024120,14,4546256,44,7,924,448,112,476,119,231,7,0,0,7
60,-47.5,57.5,42,21,0,0.0,0.0,0,0.0,57.5,0,562500.0,38.56563282541075,20.966846587365332,21,42,0,5,42,0,5,-105.0,70.5,-47.5,5.0,5786716,333.622956,nan,5.786716,nan,5,648,1445800,10,4339608,42,5,660,320,80,340,85,165,5,0,0,5
61,-47.5,57.5,42,21,0,0.0,0.0,0,0.0,57.5,0,562500.0,53.66249839010379,43.27108221545659,21,42,0,4,42,0,4,-105.0,70.5,-47.5,5.0,5497208,339.120164,nan,5.497208,nan,4,432,1156640,8,4339608,42,4,528,256,64,272,68,132,4,0,0,4
62,-47.5,57.5,50,25,0,0.0,0.0,0,0.0,57.5,0,562500.0,46.517814352020224,27.783228777603405,25,50,0,4,50,0,4,-105.0,70.5,-47.5,5.0,6324304,345.444468,nan,6.324304,nan,4,936,1156640,8,5166200,50,4,528,256,64,272,68,132,4,0,0,4
63,-47.5,57.5,46,23,0,0.0,0.0,0,0.0,57.5,0,562500.0,39.3434660263164,29.094595107401673,23,46,0,4,46,0,4,-105.0,70.5,-47.5,5.0,5911008,351.355476,nan,5.911008,nan,4,936,1156640,8,4752904,46,4,528,256,64,272,68,132,4,0,0,4
64,-47.5,57.5,54,27,0,0.0,0.0,0,0.0,57.5,0,562500.0,49.62400252547894,27.32109215456566,27,54,0,4,54,0,4,-105.0,70.5,-47.5,5.0,6737528,358.093004,nan,6.737528,nan,4,864,1156640,8,5579496,54,4,528,256,64,272,68,132,4,0,0,4
65,-47.5,57.5,56,28,0,0.0,0.0,0,0.0,57.5,0,562500.0,66.83564758300781,66.83564758300781,28,56,0,1,56,0,1,-105.0,70.5,-47.5,5.0,6075652,364.168656,nan,6.075652,nan,1,216,289160,2,5786144,56,1,132,64,16,68,17,33,1,0,0,1
66,-47.5,57.5,54,27,0,0.0,0.0,0,0.0,57.5,1,562500.0,32.88981275063461,28.858796238268923,27,54,1,2,54,0,3,-105.0,70.5,-47.5,5.0,6158440,370.327096,nan,6.15844,nan,2,360,578320,4,5579496,54,2,264,128,32,136,34,66,2,0,0,2
67,-47.5,57.5,46,23,0,0.0,0.0,0,0.0,57.5,2,562500.0,65.57280731201172,58.17524337768555,23,46,2,2,46,0,4,-105.0,70.5,-47.5,5.0,5332496,375.659592,nan,5.332496,nan,2,1008,578320,4,4752904,46,2,264,128,32,136,34,66,2,0,0,2
68,-47.5,57.5,46,23,0,0.0,0.0,0,0.0,57.5,2,562500.0,28.227638337424704,18.975257115557877,23,46,2,4,46,0,6,-105.0,70.5,-47.5,5.0,5911728,381.57132,nan,5.911728,nan,4,1656,1156640,8,4752904,46,4,528,256,64,272,68,132,4,0,0,4
69,-47.5,57.5,42,21,0,0.0,0.0,0,0.0,57.5,4,562500.0,49.63627269638576,34.44931353815531,21,42,4,3,42,0,7,-105.0,70.5,-47.5,5.0,5209068,386.780388,nan,5.209068,nan,3,1584,867480,6,4339608,42,3,396,192,48,204,51,99,3,0,0,3
70,-47.5,57.5,42,21,0,0.0,0.0,0,0.0,57.5,3,562500.0,47.95231658204086,31.10127684509751,21,42,3,3,42,0,6,-105.0,70.5,-47.5,5.0,5208708,391.989096,nan,5.208708,nan,3,1224,867480,6,4339608,42,3,396,192,48,204,51,99,3,0,0,3
71,-47.5,57.5,52,26,0,0.0,0.0,0,0.0,57.5,3,562500.0,43.9215330394163,27.642429972287022,26,52,3,5,52,0,8,-105.0,70.5,-47.5,5.0,6820748,398.809844,nan,6.820748,nan,5,1440,1445800,10,5372848,52,5,660,320,80,340,85,165,5,0,0,5
72,-47.5,57.5,56,28,0,0.0,0.0,0,0.0,57.5,3,562500.0,42.559157796544056,37.530147739698734,28,56,3,2,56,0,5,-105.0,70.5,-47.5,5.0,6366240,405.176084,nan,6.36624,nan,2,1512,578320,4,5786144,56,2,264,128,32,136,34,66,2,0,0,2
73,-47.5,57.5,58,29,0,0.0,0.0,0,0.0,57.5,5,562500.0,39.19336283132949,27.820493102650733,29,58,5,5,58,0,10,-105.0,70.5,-47.5,5.0,7441268,412.617352,nan,7.441268,nan,5,2016,1445800,10,5992792,58,5,660,320,80,340,85,165,5,0,0,5
74,-47.5,57.5,54,27,0,0.0,0.0,0,0.0,57.5,3,562500.0,45.218040503186764,20.011794235878106,27,54,3,5,54,0,8,-105.0,70.5,-47.5,5.0,7027828,419.64518,nan,7.027828,nan,5,1872,1445800,10,5579496,54,5,660,320,80,340,85,165,5,0,0,5
75,-47.5,57.5,46,23,0,0.0,0.0,0,0.0,57.5,3,562500.0,41.1702370701541,19.683199900057737,23,46,3,4,46,0,7,-105.0,70.5,-47.5,5.0,5911440,425.55662,nan,5.91144,nan,4,1368,1156640,8,4752904,46,4,528,256,64,272,68,132,4,0,0,4
76,-47.5,57.5,42,21,0,0.0,0.0,0,0.0,57.5,1,562500.0,48.56826570991094,37.880012515253014,21,42,1,3,42,0,4,-105.0,70.5,-47.5,5.0,5208060,430.76468,nan,5.20806,nan,3,576,867480,6,4339608,42,3,396,192,48,204,51,99,3,0,0,3
77,-47.5,57.5,48,24,0,0.0,0.0,0,0.0,57.5,3,562500.0,59.27627086639404,58.02797317504883,24,48,3,2,48,0,5,-105.0,70.5,-47.5,5.0,5539648,436.304328,nan,5.539648,nan,2,1512,578320,4,4959552,48,2,264,128,32,136,34,66,2,0,0,2
78,-47.5,57.5,50,25,0,0.0,0.0,0,0.0,57.5,3,562500.0,46.21988803306226,27.006629917997323,25,50,3,4,50,0,7,-105.0,70.5,-47.5,5.0,6325456,442.629784,nan,6.325456,nan,4,2088,1156640,8,5166200,50,4,528,256,64,272,68,132,4,0,0,4
79,-47.5,57.5,50,25,0,0.0,0.0,0,0.0,57.5,1,562500.0,26.17767833047314,20.122172506944676,25,50,1,6,50,0,7,-105.0,70.5,-47.5,5.0,6904040,449.533824,nan,6.90404,nan,6,2088,1734960,12,5166200,50,6,792,384,96,408,102,198,6,0,0,6
80,-47.5,57.5,54,27,0,0.0,0.0,0,0.0,57.5,3,562500.0,19.691533107137282,19.683146495198805,27,54,3,2,54,0,5,-105.0,70.5,-47.5,5.0,6159880,455.693704,nan,6.15988,nan,2,1800,578320,4,5579496,54,2,264,128,32,136,34,66,2,0,0,2
81,-47.5,57.5,56,28,0,0.0,0.0,0,0.0,57.5,2,562500.0,40.154549459117874,23.101306854410268,28,56,2,5,56,0,7,-105.0,70.5,-47.5,5.0,7234620,462.928324,nan,7.23462,nan,5,2016,1445800,10,5786144,56,5,660,320,80,340,85,165,5,0,0,5
82,-47.5,57.5,52,26,0,0.0,0.0,0,0.0,57.5,0,562500.0,36.8883551146339,21.754120574262284,26,52,0,4,52,0,4,-105.0,70.5,-47.5,5.0,6531960,469.460284,nan,6.53196,nan,4,1944,1156640,8,5372848,52,4,528,256,64,272,68,132,4,0,0,4
83,-47.5,57.5,54,27,0,0.0,0.0,0,0.0,57.5,0,562500.0,23.906372357146036,18.516954894745773,27,54,0,4,54,0,4,-105.0,70.5,-47.5,5.0,6738680,476.198964,nan,6.73868,nan,4,2016,1156640,8,5579496,54,4,528,256,64,272,68,132,4,0,0,4
84,-47.5,57.5,56,28,0,0.0,0.0,0,0.0,57.5,0,562500.0,51.58744255313457,42.331506742529356,28,56,0,3,56,0,3,-105.0,70.5,-47.5,5.0,6656396,482.85536,nan,6.656396,nan,3,2376,867480,6,5786144,56,3,396,192,48,204,51,99,3,0,0,3
85,-47.5,57.5,56,28,0,0.0,0.0,0,0.0,57.5,1,562500.0,19.03331104550751,18.52036771935426,28,56,1,2,56,0,3,-105.0,70.5,-47.5,5.0,6367176,489.222536,nan,6.367176,nan,2,2448,578320,4,5786144,56,2,264,128,32,136,34,66,2,0,0,2
86,-47.5,57.5,56,28,0,0.0,0.0,0,0.0,57.5,3,562500.0,39.08275539307133,18.14339374089273,28,56,3,5,56,0,8,-105.0,70.5,-47.5,5.0,7235340,496.457876,nan,7.23534,nan,5,2736,1445800,10,5786144,56,5,660,320,80,340,85,165,5,0,0,5
87,-47.5,57.5,58,29,0,0.0,0.0,0,0.0,57.5,1,562500.0,67.40320587158203,67.40320587158203,29,58,1,1,58,0,2,-105.0,70.5,-47.5,5.0,6284172,502.742048,nan,6.284172,nan,1,2088,289160,2,5992792,58,1,132,64,16,68,17,33,1,0,0,1
88,-47.5,57.5,58,29,0,0.0,0.0,0,0.0,57.5,0,562500.0,38.18816080640272,18.516954894745773,29,58,0,5,58,0,5,-105.0,70.5,-47.5,5.0,7442060,510.184108,nan,7.44206,nan,5,2808,1445800,10,5992792,58,5,660,320,80,340,85,165,5,0,0,5
89,-47.5,57.5,58,29,0,0.0,0.0,0,0.0,57.5,0,562500.0,35.1752347542208,19.565160052797243,29,58,0,3,58,0,3,-105.0,70.5,-47.5,5.0,6863620,517.047728,nan,6.86362,nan,3,2952,867480,6,5992792,58,3,396,192,48,204,51,99,3,0,0,3
90,-47.5,57.5,58,29,0,0.0,0.0,0,0.0,57.5,2,562500.0,19.448724048188197,19.332288043579155,29,58,2,2,58,0,4,-105.0,70.5,-47.5,5.0,6574472,523.6222,nan,6.574472,nan,2,3096,578320,4,5992792,58,2,264,128,32,136,34,66,2,0,0,2
91,-47.5,57.5,68,34,0,0.0,0.0,0,0.0,57.5,4,562500.0,39.4402023240017,21.893634996442017,34,68,4,5,68,0,9,-105.0,70.5,-47.5,5.0,8476020,532.09822,nan,8.47602,nan,5,3528,1445800,10,7026032,68,5,660,320,80,340,85,165,5,0,0,5
92,-47.5,57.5,66,33,0,0.0,0.0,0,0.0,57.5,1,562500.0,43.0986765367035,29.18775174263037,33,66,1,5,66,0,6,-105.0,70.5,-47.5,5.0,8268652,540.366872,nan,8.268652,nan,5,2808,1445800,10,6819384,66,5,660,320,80,340,85,165,5,0,0,5
93,-47.5,57.5,66,33,0,0.0,0.0,0,0.0,57.5,0,562500.0,48.13431751342591,32.243033362149525,33,66,0,3,66,0,3,-105.0,70.5,-47.5,5.0,7689708,548.05658,nan,7.689708,nan,3,2448,867480,6,6819384,66,3,396,192,48,204,51,99,3,0,0,3
94,-47.5,57.5,68,34,0,0.0,0.0,0,0.0,57.5,1,562500.0,51.12721614075473,41.622045183412354,34,68,1,3,68,0,4,-105.0,70.5,-47.5,5.0,7896788,555.953368,nan,7.896788,nan,3,2880,867480,6,7026032,68,3,396,192,48,204,51,99,3,0,0,3
95,-47.5,57.5,64,32,0,0.0,0.0,0,0.0,57.5,0,562500.0,57.259156788648774,38.93179125878444,32,64,0,3,64,0,3,-105.0,70.5,-47.5,5.0,7483276,563.436644,nan,7.483276,nan,3,2664,867480,6,6612736,64,3,396,192,48,204,51,99,3,0,0,3
96,-47.5,57.5,48,24,0,0.0,0.0,0,0.0,57.5,4,562500.0,44.672183548279435,37.01296263493737,24,48,4,5,48,0,9,-105.0,70.5,-47.5,5.0,6408100,569.844744,nan,6.4081,nan,5,2088,1445800,10,4959552,48,5,660,320,80,340,85,165,5,0,0,5
97,-47.5,57.5,32,16,0,0.0,0.0,0,0.0,57.5,1,562500.0,38.0241373597594,19.832210458941987,16,32,1,3,32,0,4,-105.0,70.5,-47.5,5.0,4175684,574.020428,nan,4.175684,nan,3,1440,867480,6,3306368,32,3,396,192,48,204,51,99,3,0,0,3
98,-47.5,57.5,22,11,0,0.0,0.0,0,0.0,57.5,2,562500.0,35.61859598273937,18.84440656237078,11,22,2,3,22,0,5,-105.0,70.5,-47.5,5.0,3141940,577.162368,nan,3.14194,nan,3,936,867480,6,2273128,22,3,396,192,48,204,51,99,3,0,0,3
99,-47.5,57.5,20,10,0,0.0,0.0,0,0.0,57.5,0,562500.0,67.64984512329102,67.64984512329102,10,20,0,1,20,0,1,-105.0,70.5,-47.5,5.0,2356564,579.518932,nan,2.356564,nan,1,792,289160,2,2066480,20,1,132,64,16,68,17,33,1,0,0,1
100,-47.5,57.5,20,10,0,0.0,0.0,0,0.0,57.5,2,562500.0,39.487768254520866,28.295617839860473,10,20,2,3,20,0,5,-105.0,70.5,-47.5,5.0,2935292,582.454224,nan,2.935292,nan,3,936,867480,6,2066480,20,3,396,192,48,204,51,99,3,0,0,3
101,-47.5,57.5,18,9,0,0.0,0.0,0,0.0,57.5,1,562500.0,38.03642775706359,23.81441345524559,9,18,1,3,18,0,4,-105.0,70.5,-47.5,5.0,2728428,585.182652,nan,2.728428,nan,3,720,867480,6,1859832,18,3,396,192,48,204,51,99,3,0,0,3
102,-47.5,57.5,22,11,0,0.0,0.0,0,0.0,57.5,1,562500.0,60.36504554748535,60.23569869995117,11,22,1,2,22,0,3,-105.0,70.5,-47.5,5.0,2852504,588.035156,nan,2.852504,nan,2,792,578320,4,2273128,22,2,264,128,32,136,34,66,2,0,0,2
103,-47.5,57.5,22,11,0,0.0,0.0,0,0.0,57.5,0,562500.0,50.70953408166656,43.89787012054106,11,22,0,3,22,0,3,-105.0,70.5,-47.5,5.0,3141796,591.176952,nan,3.141796,nan,3,792,867480,6,2273128,22,3,396,192,48,204,51,99,3,0,0,3
104,-47.5,57.5,26,13,0,0.0,0.0,0,0.0,57.5,1,562500.0,39.937636796307366,22.156918030506674,13,26,1,3,26,0,4,-105.0,70.5,-47.5,5.0,3555380,594.732332,nan,3.55538,nan,3,1080,867480,6,2686424,26,3,396,192,48,204,51,99,3,0,0,3
105,-47.5,57.5,16,8,0,0.0,0.0,0,0.0,57.5,0,562500.0,46.316279507862816,44.58381178920071,8,16,0,2,16,0,2,-105.0,70.5,-47.5,5.0,2232272,596.964604,nan,2.232272,nan,2,504,578320,4,1653184,16,2,264,128,32,136,34,66,2,0,0,2
106,-47.5,57.5,12,6,0,0.0,0.0,0,0.0,57.5,2,562500.0,60.64499092102051,58.77354431152344,6,12,2,2,12,0,4,-105.0,70.5,-47.5,5.0,1818904,598.783508,nan,1.818904,nan,2,432,578320,4,1239888,12,2,264,128,32,136,34,66,2,0,0,2
107,-47.5,57.5,8,4,0,0.0,0.0,0,0.0,57.5,0,562500.0,70.50885391235352,70.50885391235352,4,8,0,1,8,0,1,-105.0,70.5,-47.5,5.0,1116100,599.899608,nan,1.1161,nan,1,216,289160,2,826592,8,1,132,64,16,68,17,33,1,0,0,1
108,-47.5,57.5,14,7,0,0.0,0.0,0,0.0,57.5,0,562500.0,24.05157854982867,21.520754360030253,7,14,0,2,14,0,2,-105.0,70.5,-47.5,5.0,2025768,601.925376,nan,2.025768,nan,2,648,578320,4,1446536,14,2,264,128,32,136,34,66,2,0,0,2
109,-47.5,57.5,16,8,0,0.0,0.0,0,0.0,57.5,1,562500.0,53.32090299018968,42.925307568412066,8,16,1,4,16,0,5,-105.0,70.5,-47.5,5.0,2811144,604.73652,nan,2.811144,nan,4,792,1156640,8,1653184,16,4,528,256,64,272,68,132,4,0,0,4
110,-47.5,57.5,18,9,0,0.0,0.0,0,0.0,57.5,3,562500.0,44.806507750743975,18.1981900237211,9,18,3,4,18,0,7,-105.0,70.5,-47.5,5.0,3017936,607.754456,nan,3.017936,nan,4,936,1156640,8,1859832,18,4,528,256,64,272,68,132,4,0,0,4
111,-47.5,57.5,28,14,0,0.0,0.0,0,0.0,57.5,1,562500.0,54.05690432775047,36.700958187787826,14,28,1,5,28,0,6,-105.0,70.5,-47.5,5.0,4340684,612.09514,nan,4.340684,nan,5,1152,1445800,10,2893072,28,5,660,320,80,340,85,165,5,0,0,5
112,-47.5,57.5,38,19,0,0.0,0.0,0,0.0,57.5,1,562500.0,49.50391913253265,41.70950560929206,19,38,1,3,38,0,4,-105.0,70.5,-47.5,5.0,4795196,616.890336,nan,4.795196,nan,3,1008,867480,6,3926312,38,3,396,192,48,204,51,99,3,0,0,3
113,-47.5,57.5,44,22,0,0.0,0.0,0,0.0,57.5,1,562500.0,49.48210361028899,39.86340263844808,22,44,1,3,44,0,4,-105.0,70.5,-47.5,5.0,5415356,622.305692,nan,5.415356,nan,3,1224,867480,6,4546256,44,3,396,192,48,204,51,99,3,0,0,3
114,-47.5,57.5,46,23,0,0.0,0.0,0,0.0,57.5,2,562500.0,57.74219273594881,48.36293189475655,23,46,2,3,46,0,5,-105.0,70.5,-47.5,5.0,5622004,627.927696,nan,5.622004,nan,3,1224,867480,6,4752904,46,3,396,192,48,204,51,99,3,0,0,3
115,-47.5,57.5,48,24,0,0.0,0.0,0,0.0,57.5,1,562500.0,54.321709582344724,37.39299945344235,24,48,1,5,48,0,6,-105.0,70.5,-47.5,5.0,6407308,634.335004,nan,6.407308,nan,5,1296,1445800,10,4959552,48,5,660,320,80,340,85,165,5,0,0,5
116,-47.5,57.5,54,27,0,0.0,0.0,0,0.0,57.5,2,562500.0,26.37929925393812,19.071183879051958,27,54,2,4,54,0,6,-105.0,70.5,-47.5,5.0,6737888,641.072892,nan,6.737888,nan,4,1224,1156640,8,5579496,54,4,528,256,64,272,68,132,4,0,0,4
117,-47.5,57.5,50,25,0,0.0,0.0,0,0.0,57.5,2,562500.0,51.80929883080262,46.59849548760218,25,50,2,3,50,0,5,-105.0,70.5,-47.5,5.0,6034940,647.107832,nan,6.03494,nan,3,864,867480,6,5166200,50,3,396,192,48,204,51,99,3,0,0,3
118,-47.5,57.5,52,26,0,0.0,0.0,0,0.0,57.5,0,562500.0,50.66630724190385,35.3047273799607,26,52,0,4,52,0,4,-105.0,70.5,-47.5,5.0,6531096,653.638928,nan,6.531096,nan,4,1080,1156640,8,5372848,52,4,528,256,64,272,68,132,4,0,0,4
119,-47.5,57.5,50,25,0,0.0,0.0,0,0.0,57.5,0,562500.0,34.78606602898189,24.989587048532634,25,50,0,4,50,0,4,-105.0,70.5,-47.5,5.0,6324232,659.96316,nan,6.324232,nan,4,864,1156640,8,5166200,50,4,528,256,64,272,68,132,4,0,0,4
120,-47.5,57.5,46,23,0,0.0,0.0,0,0.0,57.5,1,562500.0,63.69436581929525,59.9081916809082,23,46,1,3,46,0,4,-105.0,70.5,-47.5,5.0,5621644,665.584804,nan,5.621644,nan,3,864,867480,6,4752904,46,3,396,192,48,204,51,99,3,0,0,3
121,-47.5,57.5,48,24,0,0.0,0.0,0,0.0,57.5,0,562500.0,38.98533763490241,19.071183879051958,24,48,0,4,48,0,4,-105.0,70.5,-47.5,5.0,6117872,671.702676,nan,6.117872,nan,4,1152,1156640,8,4959552,48,4,528,256,64,272,68,132,4,0,0,4
122,-47.5,57.5,46,23,0,0.0,0.0,0,0.0,57.5,1,562500.0,40.39242114625495,19.071183879051958,23,46,1,4,46,0,5,-105.0,70.5,-47.5,5.0,5911080,677.613756,nan,5.91108,nan,4,1008,1156640,8,4752904,46,4,528,256,64,272,68,132,4,0,0,4
123,-47.5,57.5,48,24,0,0.0,0.0,0,0.0,57.5,1,562500.0,64.8619441986084,62.3206787109375,24,48,1,2,48,0,3,-105.0,70.5,-47.5,5.0,5539216,683.152972,nan,5.539216,nan,2,1080,578320,4,4959552,48,2,264,128,32,136,34,66,2,0,0,2
124,-47.5,57.5,56,28,0,0.0,0.0,0,0.0,57.5,1,562500.0,53.210011063715015,39.97749308315571,28,56,1,4,56,0,5,-105.0,70.5,-47.5,5.0,6945184,690.098156,nan,6.945184,nan,4,1872,1156640,8,5786144,56,4,528,256,64,272,68,132,4,0,0,4
125,-47.5,57.5,68,34,0,0.0,0.0,0,0.0,57.5,2,562500.0,67.46285247802734,67.39823150634766,34,68,2,2,68,0,4,-105.0,70.5,-47.5,5.0,7606488,697.704644,nan,7.606488,nan,2,1872,578320,4,7026032,68,2,264,128,32,136,34,66,2,0,0,2
126,-47.5,57.5,64,32,0,0.0,0.0,0,0.0,57.5,1,562500.0,50.2147295567265,40.19911012457183,32,64,1,5,64,0,6,-105.0,70.5,-47.5,5.0,8061284,705.765928,nan,8.061284,nan,5,2088,1445800,10,6612736,64,5,660,320,80,340,85,165,5,0,0,5
127,-47.5,57.5,60,30,0,0.0,0.0,0,0.0,57.5,0,562500.0,48.85914284368297,31.580603996808897,30,60,0,3,60,0,3,-105.0,70.5,-47.5,5.0,7069116,712.835044,nan,7.069116,nan,3,1800,867480,6,6199440,60,3,396,192,48,204,51,99,3,0,0,3
128,-47.5,57.5,54,27,0,0.0,0.0,0,0.0,57.5,2,562500.0,22.722008548827866,18.866432246083097,27,54,2,2,54,0,4,-105.0,70.5,-47.5,5.0,6160168,718.995212,nan,6.160168,nan,2,2088,578320,4,5579496,54,2,264,128,32,136,34,66,2,0,0,2
129,-47.5,57.5,50,25,0,0.0,0.0,0,0.0,57.5,2,562500.0,54.61416409603646,39.28470964384759,25,50,2,3,50,0,5,-105.0,70.5,-47.5,5.0,6036236,725.031448,nan,6.036236,nan,3,2160,867480,6,5166200,50,3,396,192,48,204,51,99,3,0,0,3
130,-47.5,57.5,48,24,0,0.0,0.0,0,0.0,57.5,3,562500.0,57.41774049621004,37.656390271992855,24,48,3,3,48,0,6,-105.0,70.5,-47.5,5.0,5829516,730.860964,nan,5.829516,nan,3,2088,867480,6,4959552,48,3,396,192,48,204,51,99,3,0,0,3
131,-47.5,57.5,46,23,0,0.0,0.0,0,0.0,57.5,4,562500.0,26.13826491074442,20.138533123851907,23,46,4,4,46,0,8,-105.0,70.5,-47.5,5.0,5912016,736.77298,nan,5.912016,nan,4,1944,1156640,8,4752904,46,4,528,256,64,272,68,132,4,0,0,4
132,-47.5,57.5,50,25,0,0.0,0.0,0,0.0,57.5,0,562500.0,52.37453053438447,46.13851361910723,25,50,0,4,50,0,4,-105.0,70.5,-47.5,5.0,6325024,743.098004,nan,6.325024,nan,4,1656,1156640,8,5166200,50,4,528,256,64,272,68,132,4,0,0,4
133,-47.5,57.5,52,26,0,0.0,0.0,0,0.0,57.5,2,562500.0,39.755193280040224,18.59513481032622,26,52,2,4,52,0,6,-105.0,70.5,-47.5,5.0,6531960,749.629964,nan,6.53196,nan,4,1944,1156640,8,5372848,52,4,528,256,64,272,68,132,4,0,0,4
134,-47.5,57.5,52,26,0,0.0,0.0,0,0.0,57.5,1,562500.0,41.53253851956484,20.58445137623252,26,52,1,3,52,0,4,-105.0,70.5,-47.5,5.0,6242884,755.872848,nan,6.242884,nan,3,2160,867480,6,5372848,52,3,396,192,48,204,51,99,3,0,0,3
135,-47.5,57.5,52,26,0,0.0,0.0,0,0.0,57.5,0,562500.0,57.45806353493258,42.363341085105226,26,52,0,5,52,0,5,-105.0,70.5,-47.5,5.0,6821612,762.69446,nan,6.821612,nan,5,2304,1445800,10,5372848,52,5,660,320,80,340,85,165,5,0,0,5
136,-47.5,57.5,60,30,0,0.0,0.0,0,0.0,57.5,2,562500.0,48.08452021264511,38.153697544864954,30,60,2,4,60,0,6,-105.0,70.5,-47.5,5.0,7358552,770.053012,nan,7.358552,nan,4,1944,1156640,8,6199440,60,4,528,256,64,272,68,132,4,0,0,4
137,-47.5,57.5,60,30,0,0.0,0.0,0,0.0,57.5,0,562500.0,42.547662454981655,39.07856392510659,30,60,0,2,60,0,2,-105.0,70.5,-47.5,5.0,6779608,776.83262,nan,6.779608,nan,2,1584,578320,4,6199440,60,2,264,128,32,136,34,66,2,0,0,2
138,-47.5,57.5,60,30,0,0.0,0.0,0,0.0,57.5,1,562500.0,48.171382705672315,41.85017226280262,30,60,1,5,60,0,6,-105.0,70.5,-47.5,5.0,7647988,784.480608,nan,7.647988,nan,5,2088,1445800,10,6199440,60,5,660,320,80,340,85,165,5,0,0,5
139,-47.5,57.5,66,33,0,0.0,0.0,0,0.0,57.5,0,562500.0,59.70980405807495,57.77385330200195,33,66,0,4,66,0,4,-105.0,70.5,-47.5,5.0,7978352,792.45896,nan,7.978352,nan,4,1800,1156640,8,6819384,66,4,528,256,64,272,68,132,4,0,0,4
140,-47.5,57.5,74,37,0,0.0,0.0,0,0.0,57.5,1,562500.0,54.087120114420806,48.49582026167009,37,74,1,3,74,0,4,-105.0,70.5,-47.5,5.0,8516156,800.975116,nan,8.516156,nan,3,2304,867480,6,7645976,74,3,396,192,48,204,51,99,3,0,0,3
141,-47.5,57.5,76,38,0,0.0,0.0,0,0.0,57.5,0,562500.0,47.514031026855776,39.71713706069914,38,76,0,5,76,0,5,-105.0,70.5,-47.5,5.0,9301244,810.27636,nan,9.301244,nan,5,2160,1445800,10,7852624,76,5,660,320,80,340,85,165,5,0,0,5
142,-47.5,57.5,70,35,0,0.0,0.0,0,0.0,57.5,1,562500.0,32.33371131988613,21.93923266421431,35,70,1,2,70,0,3,-105.0,70.5,-47.5,5.0,7812704,818.089064,nan,7.812704,nan,2,1440,578320,4,7232680,70,2,264,128,32,136,34,66,2,0,0,2
143,-47.5,57.5,74,37,0,0.0,0.0,0,0.0,57.5,1,562500.0,63.928688049316406,60.41698455810547,37,74,1,2,74,0,3,-105.0,70.5,-47.5,5.0,8226576,826.31564,nan,8.226576,nan,2,2016,578320,4,7645976,74,2,264,128,32,136,34,66,2,0,0,2
144,-47.5,57.5,82,41,0,0.0,0.0,0,0.0,57.5,1,562500.0,43.59600126512119,22.360950948640003,41,82,1,4,82,0,5,-105.0,70.5,-47.5,5.0,9632040,835.94768,nan,9.63204,nan,4,2304,1156640,8,8472568,82,4,528,256,64,272,68,132,4,0,0,4
145,-47.5,57.5,86,43,0,0.0,0.0,0,0.0,57.5,2,562500.0,36.396743910135505,24.680279882514803,43,86,2,4,86,0,6,-105.0,70.5,-47.5,5.0,10045624,845.993304,nan,10.045624,nan,4,2592,1156640,8,8885864,86,4,528,256,64,272,68,132,4,0,0,4
146,-47.5,57.5,82,41,0,0.0,0.0,0,0.0,57.5,3,562500.0,41.61681771929601,20.235647428534964,41,82,3,6,82,0,9,-105.0,70.5,-47.5,5.0,10210984,856.204288,nan,10.210984,nan,6,2664,1734960,12,8472568,82,6,792,384,96,408,102,198,6,0,0,6
147,-47.5,57.5,70,35,0,0.0,0.0,0,0.0,57.5,0,562500.0,69.89445781707764,65.88161849975586,35,70,0,2,70,0,2,-105.0,70.5,-47.5,5.0,7812344,864.016632,nan,7.812344,nan,2,1080,578320,4,7232680,70,2,264,128,32,136,34,66,2,0,0,2
148,-47.5,57.5,64,32,0,0.0,0.0,0,0.0,57.5,0,562500.0,52.65249016263137,38.25000954781395,32,64,0,5,64,0,5,-105.0,70.5,-47.5,5.0,8060204,872.076836,nan,8.060204,nan,5,1008,1445800,10,6612736,64,5,660,320,80,340,85,165,5,0,0,5
149,-47.5,57.5,62,31,0,0.0,0.0,0,0.0,57.5,1,562500.0,53.16886541599156,48.26857538163363,31,62,1,4,62,0,5,-105.0,70.5,-47.5,5.0,7564696,879.641532,nan,7.564696,nan,4,1440,1156640,8,6406088,62,4,528,256,64,272,68,132,4,0,0,4
150,-47.5,57.5,40,20,0,0.0,0.0,0,0.0,57.5,0,562500.0,43.92199133069847,29.903572571031283,20,40,0,3,40,0,3,-105.0,70.5,-47.5,5.0,5001484,884.643016,nan,5.001484,nan,3,648,867480,6,4132960,40,3,396,192,48,204,51,99,3,0,0,3
151,-47.5,57.5,50,25,0,0.0,0.0,0,0.0,57.5,3,562500.0,33.00192337401644,19.968552838860727,25,50,3,4,50,0,7,-105.0,70.5,-47.5,5.0,6324736,890.967752,nan,6.324736,nan,4,1368,1156640,8,5166200,50,4,528,256,64,272,68,132,4,0,0,4
152,-47.5,57.5,38,19,0,0.0,0.0,0,0.0,57.5,0,562500.0,45.23911569443883,23.110382263268612,19,38,0,6,38,0,6,-105.0,70.5,-47.5,5.0,5663144,896.630896,nan,5.663144,nan,6,1080,1734960,12,3926312,38,6,792,384,96,408,102,198,6,0,0,6
153,-47.5,57.5,36,18,0,0.0,0.0,0,0.0,57.5,1,562500.0,46.137731958260986,36.23738545016668,18,36,1,3,36,0,4,-105.0,70.5,-47.5,5.0,4588116,901.219012,nan,4.588116,nan,3,576,867480,6,3719664,36,3,396,192,48,204,51,99,3,0,0,3
154,-47.5,57.5,32,16,0,0.0,0.0,0,0.0,57.5,2,562500.0,36.09578704446557,18.30595312563261,16,32,2,4,32,0,6,-105.0,70.5,-47.5,5.0,4464544,905.683556,nan,4.464544,nan,4,1008,1156640,8,3306368,32,4,528,256,64,272,68,132,4,0,0,4
155,-47.5,57.5,32,16,0,0.0,0.0,0,0.0,57.5,1,562500.0,45.09067061647471,36.52598720039264,16,32,1,5,32,0,6,-105.0,70.5,-47.5,5.0,4753692,910.437248,nan,4.753692,nan,5,864,1445800,10,3306368,32,5,660,320,80,340,85,165,5,0,0,5
156,-47.5,57.5,30,15,0,0.0,0.0,0,0.0,57.5,1,562500.0,39.69275275137639,29.092757147544997,15,30,1,4,30,0,5,-105.0,70.5,-47.5,5.0,4257680,914.694928,nan,4.25768,nan,4,792,1156640,8,3099720,30,4,528,256,64,272,68,132,4,0,0,4
157,-47.5,57.5,32,16,0,0.0,0.0,0,0.0,57.5,0,562500.0,44.03161129328147,19.33587978880942,16,32,0,4,32,0,4,-105.0,70.5,-47.5,5.0,4464184,919.159112,nan,4.464184,nan,4,648,1156640,8,3306368,32,4,528,256,64,272,68,132,4,0,0,4
158,-47.5,57.5,36,18,0,0.0,0.0,0,0.0,57.5,0,562500.0,33.84883131506041,18.150983810427736,18,36,0,4,36,0,4,-105.0,70.5,-47.5,5.0,4877336,924.036448,nan,4.877336,nan,4,504,1156640,8,3719664,36,4,528,256,64,272,68,132,4,0,0,4
159,-47.5,57.5,34,17,0,0.0,0.0,0,0.0,57.5,1,562500.0,52.289330707709645,41.29100965190276,17,34,1,3,34,0,4,-105.0,70.5,-47.5,5.0,4381540,928.417988,nan,4.38154,nan,3,648,867480,6,3513016,34,3,396,192,48,204,51,99,3,0,0,3
160,-47.5,57.5,40,20,0,0.0,0.0,0,0.0,57.5,1,562500.0,29.346203024133143,19.318188880938106,20,40,1,4,40,0,5,-105.0,70.5,-47.5,5.0,5290992,933.70898,nan,5.290992,nan,4,864,1156640,8,4132960,40,4,528,256,64,272,68,132,4,0,0,4
161,-47.5,57.5,42,21,0,0.0,0.0,0,0.0,57.5,1,562500.0,31.851417698205104,19.318188880938106,21,42,1,5,42,0,6,-105.0,70.5,-47.5,5.0,5786860,939.49584,nan,5.78686,nan,5,792,1445800,10,4339608,42,5,660,320,80,340,85,165,5,0,0,5
162,-47.5,57.5,44,22,0,0.0,0.0,0,0.0,57.5,0,562500.0,55.34074367605313,44.70596006473638,22,44,0,3,44,0,3,-105.0,70.5,-47.5,5.0,5414708,944.910548,nan,5.414708,nan,3,576,867480,6,4546256,44,3,396,192,48,204,51,99,3,0,0,3
163,-47.5,57.5,48,24,0,0.0,0.0,0,0.0,57.5,0,562500.0,41.19235611992386,31.61003818802014,24,48,0,4,48,0,4,-105.0,70.5,-47.5,5.0,6117224,951.027772,nan,6.117224,nan,4,504,1156640,8,4959552,48,4,528,256,64,272,68,132,4,0,0,4
164,-47.5,57.5,46,23,0,0.0,0.0,0,0.0,57.5,1,562500.0,47.17520308687866,35.2325423791376,23,46,1,3,46,0,4,-105.0,70.5,-47.5,5.0,5621716,956.649488,nan,5.621716,nan,3,936,867480,6,4752904,46,3,396,192,48,204,51,99,3,0,0,3
165,-47.5,57.5,48,24,0,0.0,0.0,0,0.0,57.5,2,562500.0,50.91498176094884,36.83069261035028,24,48,2,4,48,0,6,-105.0,70.5,-47.5,5.0,6118016,962.767504,nan,6.118016,nan,4,1296,1156640,8,4959552,48,4,528,256,64,272,68,132,4,0,0,4
166,-47.5,57.5,46,23,0,0.0,0.0,0,0.0,57.5,2,562500.0,35.652225616029284,19.318188880938106,23,46,2,3,46,0,5,-105.0,70.5,-47.5,5.0,5621644,968.389148,nan,5.621644,nan,3,864,867480,6,4752904,46,3,396,192,48,204,51,99,3,0,0,3
167,-47.5,57.5,42,21,0,0.0,0.0,0,0.0,57.5,0,562500.0,52.1830662478137,39.733013087285784,21,42,0,4,42,0,4,-105.0,70.5,-47.5,5.0,5497352,973.8865,nan,5.497352,nan,4,576,1156640,8,4339608,42,4,528,256,64,272,68,132,4,0,0,4
168,-47.5,57.5,42,21,0,0.0,0.0,0,0.0,57.5,0,562500.0,45.101668742156505,40.4226060024704,21,42,0,4,42,0,4,-105.0,70.5,-47.5,5.0,5497424,979.383924,nan,5.497424,nan,4,648,1156640,8,4339608,42,4,528,256,64,272,68,132,4,0,0,4
169,-47.5,57.5,46,23,0,0.0,0.0,0,0.0,57.5,1,562500.0,62.49951934814453,58.2746696472168,23,46,1,3,46,0,4,-105.0,70.5,-47.5,5.0,5621500,985.005424,nan,5.6215,nan,3,720,867480,6,4752904,46,3,396,192,48,204,51,99,3,0,0,3
170,-47.5,57.5,48,24,0,0.0,0.0,0,0.0,57.5,1,562500.0,51.6402269200013,37.92189749779489,24,48,1,4,48,0,5,-105.0,70.5,-47.5,5.0,6117944,991.123368,nan,6.117944,nan,4,1224,1156640,8,4959552,48,4,528,256,64,272,68,132,4,0,0,4
171,-47.5,57.5,48,24,0,0.0,0.0,0,0.0,57.5,1,562500.0,37.57537354107845,19.041697840052993,24,48,1,3,48,0,4,-105.0,70.5,-47.5,5.0,5828292,996.95166,nan,5.828292,nan,3,864,867480,6,4959552,48,3,396,192,48,204,51,99,3,0,0,3
172,-47.5,57.5,50,25,0,0.0,0.0,0,0.0,57.5,0,562500.0,53.36360046618946,41.30641902522814,25,50,0,4,50,0,4,-105.0,70.5,-47.5,5.0,6324088,1003.275748,nan,6.324088,nan,4,720,1156640,8,5166200,50,4,528,256,64,272,68,132,4,0,0,4
173,-47.5,57.5,50,25,0,0.0,0.0,0,0.0,57.5,0,562500.0,44.336131421007956,31.09653147545521,25,50,0,4,50,0,4,-105.0,70.5,-47.5,5.0,6324016,1009.599764,nan,6.324016,nan,4,648,1156640,8,5166200,50,4,528,256,64,272,68,132,4,0,0,4
174,-47.5,57.5,50,25,0,0.0,0.0,0,0.0,57.5,2,562500.0,64.45682907104492,58.41587829589844,25,50,2,3,50,0,5,-105.0,70.5,-47.5,5.0,6035012,1015.634776,nan,6.035012,nan,3,936,867480,6,5166200,50,3,396,192,48,204,51,99,3,0,0,3
175,-47.5,57.5,50,25,0,0.0,0.0,0,0.0,57.5,2,562500.0,30.956522741521475,19.318188880938106,25,50,2,4,50,0,6,-105.0,70.5,-47.5,5.0,6324808,1021.959584,nan,6.324808,nan,4,1440,1156640,8,5166200,50,4,528,256,64,272,68,132,4,0,0,4
176,-47.5,57.5,50,25,0,0.0,0.0,0,0.0,57.5,2,562500.0,46.53218932869408,25.997132834528017,25,50,2,4,50,0,6,-105.0,70.5,-47.5,5.0,6324520,1028.284104,nan,6.32452,nan,4,1152,1156640,8,5166200,50,4,528,256,64,272,68,132,4,0,0,4
177,-47.5,57.5,48,24,0,0.0,0.0,0,0.0,57.5,0,562500.0,48.54983536907248,20.285852011774104,24,48,0,5,48,0,5,-105.0,70.5,-47.5,5.0,6406876,1034.69098,nan,6.406876,nan,5,864,1445800,10,4959552,48,5,660,320,80,340,85,165,5,0,0,5
178,-47.5,57.5,48,24,0,0.0,0.0,0,0.0,57.5,0,562500.0,47.0337995536067,44.453767834533934,24,48,0,4,48,0,4,-105.0,70.5,-47.5,5.0,6117368,1040.808348,nan,6.117368,nan,4,648,1156640,8,4959552,48,4,528,256,64,272,68,132,4,0,0,4
179,-47.5,57.5,48,24,0,0.0,0.0,0,0.0,57.5,0,562500.0,61.34818744659424,60.35683822631836,24,48,0,4,48,0,4,-105.0,70.5,-47.5,5.0,6117512,1046.92586,nan,6.117512,nan,4,792,1156640,8,4959552,48,4,528,256,64,272,68,132,4,0,0,4
180,-47.5,57.5,48,24,0,0.0,0.0,0,0.0,57.5,1,562500.0,41.36910770921973,25.997132834528017,24,48,1,3,48,0,4,-105.0,70.5,-47.5,5.0,5828364,1052.754224,nan,5.828364,nan,3,936,867480,6,4959552,48,3,396,192,48,204,51,99,3,0,0,3
181,-47.5,57.5,60,30,0,0.0,0.0,0,0.0,57.5,1,562500.0,66.42355966567993,65.96896362304688,30,60,1,4,60,0,5,-105.0,70.5,-47.5,5.0,7357832,1060.112056,nan,7.357832,nan,4,1224,1156640,8,6199440,60,4,528,256,64,272,68,132,4,0,0,4
182,-47.5,57.5,58,29,0,0.0,0.0,0,0.0,57.5,1,562500.0,61.42056973775228,59.752933502197266,29,58,1,3,58,0,4,-105.0,70.5,-47.5,5.0,6861460,1066.973516,nan,6.86146,nan,3,792,867480,6,5992792,58,3,396,192,48,204,51,99,3,0,0,3
183,-47.5,57.5,66,33,0,0.0,0.0,0,0.0,57.5,1,562500.0,50.742286039614754,33.62350830476351,33,66,1,4,66,0,5,-105.0,70.5,-47.5,5.0,7977632,1074.951148,nan,7.977632,nan,4,1080,1156640,8,6819384,66,4,528,256,64,272,68,132,4,0,0,4
184,-47.5,57.5,66,33,0,0.0,0.0,0,0.0,57.5,3,562500.0,66.50206565856934,61.92475891113281,33,66,3,2,66,0,5,-105.0,70.5,-47.5,5.0,7399192,1082.35034,nan,7.399192,nan,2,1224,578320,4,6819384,66,2,264,128,32,136,34,66,2,0,0,2
185,-47.5,57.5,70,35,0,0.0,0.0,0,0.0,57.5,2,562500.0,53.48477364112025,39.00716714046148,35,70,2,5,70,0,7,-105.0,70.5,-47.5,5.0,8681012,1091.031352,nan,8.681012,nan,5,1872,1445800,10,7232680,70,5,660,320,80,340,85,165,5,0,0,5
186,-47.5,57.5,66,33,0,0.0,0.0,0,0.0,57.5,2,562500.0,55.72407283911049,49.32073191952006,33,66,2,4,66,0,6,-105.0,70.5,-47.5,5.0,7978136,1099.009488,nan,7.978136,nan,4,1584,1156640,8,6819384,66,4,528,256,64,272,68,132,4,0,0,4
187,-47.5,57.5,54,27,0,0.0,0.0,0,0.0,57.5,1,562500.0,56.96467794654503,49.32031578354988,27,54,1,4,54,0,5,-105.0,70.5,-47.5,5.0,6737744,1105.747232,nan,6.737744,nan,4,1080,1156640,8,5579496,54,4,528,256,64,272,68,132,4,0,0,4
188,-47.5,57.5,56,28,0,0.0,0.0,0,0.0,57.5,2,562500.0,41.646161412265336,27.49229983932482,28,56,2,4,56,0,6,-105.0,70.5,-47.5,5.0,6944824,1112.692056,nan,6.944824,nan,4,1512,1156640,8,5786144,56,4,528,256,64,272,68,132,4,0,0,4
189,-47.5,57.5,56,28,0,0.0,0.0,0,0.0,57.5,2,562500.0,61.79896545410156,58.72615432739258,28,56,2,3,56,0,5,-105.0,70.5,-47.5,5.0,6654812,1119.346868,nan,6.654812,nan,3,792,867480,6,5786144,56,3,396,192,48,204,51,99,3,0,0,3
190,-47.5,57.5,56,28,0,0.0,0.0,0,0.0,57.5,1,562500.0,52.160585355298224,43.22974731761636,28,56,1,4,56,0,5,-105.0,70.5,-47.5,5.0,6944464,1126.291332,nan,6.944464,nan,4,1152,1156640,8,5786144,56,4,528,256,64,272,68,132,4,0,0,4
191,-47.5,57.5,54,27,0,0.0,0.0,0,0.0,57.5,1,562500.0,56.76931946372415,48.936889214254855,27,54,1,3,54,0,4,-105.0,70.5,-47.5,5.0,6448668,1132.74,nan,6.448668,nan,3,1296,867480,6,5579496,54,3,396,192,48,204,51,99,3,0,0,3
192,-47.5,57.5,48,24,0,0.0,0.0,0,0.0,57.5,2,562500.0,49.35551404880837,42.90169338701932,24,48,2,3,48,0,5,-105.0,70.5,-47.5,5.0,5828796,1138.568796,nan,5.828796,nan,3,1368,867480,6,4959552,48,3,396,192,48,204,51,99,3,0,0,3
193,-47.5,57.5,42,21,0,0.0,0.0,0,0.0,57.5,2,562500.0,51.97082440659805,46.26090571702011,21,42,2,3,42,0,5,-105.0,70.5,-47.5,5.0,5208852,1143.777648,nan,5.208852,nan,3,1368,867480,6,4339608,42,3,396,192,48,204,51,99,3,0,0,3
194,-47.5,57.5,40,20,0,0.0,0.0,0,0.0,57.5,2,562500.0,54.619542260982115,38.483493398051856,20,40,2,3,40,0,5,-105.0,70.5,-47.5,5.0,5001772,1148.77942,nan,5.001772,nan,3,936,867480,6,4132960,40,3,396,192,48,204,51,99,3,0,0,3
195,-47.5,57.5,32,16,0,0.0,0.0,0,0.0,57.5,1,562500.0,38.630695791852325,18.245141259956334,16,32,1,3,32,0,4,-105.0,70.5,-47.5,5.0,4174748,1152.954168,nan,4.174748,nan,3,504,867480,6,3306368,32,3,396,192,48,204,51,99,3,0,0,3
196,-47.5,57.5,28,14,0,0.0,0.0,0,0.0,57.5,1,562500.0,64.2367057800293,60.14484405517578,14,28,1,2,28,0,3,-105.0,70.5,-47.5,5.0,3472016,1156.426184,nan,3.472016,nan,2,360,578320,4,2893072,28,2,264,128,32,136,34,66,2,0,0,2
197,-47.5,57.5,20,10,0,0.0,0.0,0,0.0,57.5,1,562500.0,40.25270725596504,35.714573458064066,10,20,1,2,20,0,3,-105.0,70.5,-47.5,5.0,2645568,1159.071752,nan,2.645568,nan,2,504,578320,4,2066480,20,2,264,128,32,136,34,66,2,0,0,2
198,-47.5,57.5,18,9,0,0.0,0.0,0,0.0,57.5,1,562500.0,55.14001179140185,53.7206778599578,9,18,1,2,18,0,3,-105.0,70.5,-47.5,5.0,2438920,1161.510672,nan,2.43892,nan,2,504,578320,4,1859832,18,2,264,128,32,136,34,66,2,0,0,2
199,-47.5,57.5,22,11,0,0.0,0.0,0,0.0,57.5,2,562500.0,63.95526885986328,63.31169128417969,11,22,2,2,22,0,4,-105.0,70.5,-47.5,5.0,2852432,1164.363104,nan,2.852432,nan,2,720,578320,4,2273128,22,2,264,128,32,136,34,66,2,0,0,2
200,-47.5,57.5,20,10,0,0.0,0.0,0,0.0,57.5,2,562500.0,59.85393142700195,57.64485549926758,10,20,2,3,20,0,5,-105.0,70.5,-47.5,5.0,2935076,1167.29818,nan,2.935076,nan,3,720,867480,6,2066480,20,3,396,192,48,204,51,99,3,0,0,3
201,-47.5,57.5,20,10,0,0.0,0.0,0,0.0,57.5,1,562500.0,62.75620142618815,60.04121780395508,10,20,1,3,20,0,4,-105.0,70.5,-47.5,5.0,2934860,1170.23304,nan,2.93486,nan,3,504,867480,6,2066480,20,3,396,192,48,204,51,99,3,0,0,3
202,-47.5,57.5,26,13,0,0.0,0.0,0,0.0,57.5,1,562500.0,47.45839795549568,30.711713410165736,13,26,1,4,26,0,5,-105.0,70.5,-47.5,5.0,3844312,1174.077352,nan,3.844312,nan,4,720,1156640,8,2686424,26,4,528,256,64,272,68,132,4,0,0,4
203,-47.5,57.5,30,15,0,0.0,0.0,0,0.0,57.5,1,562500.0,50.14608522264713,45.34672391972934,15,30,1,2,30,0,3,-105.0,70.5,-47.5,5.0,3678736,1177.756088,nan,3.678736,nan,2,432,578320,4,3099720,30,2,264,128,32,136,34,66,2,0,0,2
204,-47.5,57.5,28,14,0,0.0,0.0,0,0.0,57.5,1,562500.0,61.55072784423828,61.12186813354492,14,28,1,2,28,0,3,-105.0,70.5,-47.5,5.0,3472232,1181.22832,nan,3.472232,nan,2,576,578320,4,2893072,28,2,264,128,32,136,34,66,2,0,0,2
205,-47.5,57.5,30,15,0,0.0,0.0,0,0.0,57.5,3,562500.0,52.29101479430513,41.91444460563748,15,30,3,4,30,0,7,-105.0,70.5,-47.5,5.0,4258040,1185.48636,nan,4.25804,nan,4,1152,1156640,8,3099720,30,4,528,256,64,272,68,132,4,0,0,4
206,-47.5,57.5,34,17,0,0.0,0.0,0,0.0,57.5,0,562500.0,53.81237157601422,34.24513611645737,17,34,0,5,34,0,5,-105.0,70.5,-47.5,5.0,4960196,1190.446556,nan,4.960196,nan,5,720,1445800,10,3513016,34,5,660,320,80,340,85,165,5,0,0,5
207,-47.5,57.5,30,15,0,0.0,0.0,0,0.0,57.5,0,562500.0,43.406005341340894,27.50781189569803,15,30,0,5,30,0,5,-105.0,70.5,-47.5,5.0,4546828,1194.993384,nan,4.546828,nan,5,648,1445800,10,3099720,30,5,660,320,80,340,85,165,5,0,0,5
208,-47.5,57.5,32,16,0,0.0,0.0,0,0.0,57.5,1,562500.0,49.68401764841257,46.97860952823201,16,32,1,2,32,0,3,-105.0,70.5,-47.5,5.0,3885672,1198.879056,nan,3.885672,nan,2,720,578320,4,3306368,32,2,264,128,32,136,34,66,2,0,0,2
209,-47.5,57.5,46,23,0,0.0,0.0,0,0.0,57.5,2,562500.0,47.084353046340325,19.957774994159475,23,46,2,5,46,0,7,-105.0,70.5,-47.5,5.0,6200228,1205.079284,nan,6.200228,nan,5,864,1445800,10,4752904,46,5,660,320,80,340,85,165,5,0,0,5
210,-47.5,57.5,50,25,0,0.0,0.0,0,0.0,57.5,2,562500.0,49.96106392004865,23.230746649303192,25,50,2,5,50,0,7,-105.0,70.5,-47.5,5.0,6614388,1211.693672,nan,6.614388,nan,5,1728,1445800,10,5166200,50,5,660,320,80,340,85,165,5,0,0,5
211,-47.5,57.5,52,26,0,0.0,0.0,0,0.0,57.5,2,562500.0,55.207456726384414,45.58831965710734,26,52,2,4,52,0,6,-105.0,70.5,-47.5,5.0,6531168,1218.22484,nan,6.531168,nan,4,1152,1156640,8,5372848,52,4,528,256,64,272,68,132,4,0,0,4
212,-47.5,57.5,56,28,0,0.0,0.0,0,0.0,57.5,1,562500.0,50.48264081229058,41.56898158345038,28,56,1,3,56,0,4,-105.0,70.5,-47.5,5.0,6654956,1224.879796,nan,6.654956,nan,3,936,867480,6,5786144,56,3,396,192,48,204,51,99,3,0,0,3
213,-47.5,57.5,60,30,0,0.0,0.0,0,0.0,57.5,1,562500.0,42.77794166708222,28.473475662176394,30,60,1,5,60,0,6,-105.0,70.5,-47.5,5.0,7647124,1232.52692,nan,7.647124,nan,5,1224,1445800,10,6199440,60,5,660,320,80,340,85,165,5,0,0,5
214,-47.5,57.5,60,30,0,0.0,0.0,0,0.0,57.5,1,562500.0,52.219577205759954,40.58205941289643,30,60,1,4,60,0,5,-105.0,70.5,-47.5,5.0,7357760,1239.88468,nan,7.35776,nan,4,1152,1156640,8,6199440,60,4,528,256,64,272,68,132,4,0,0,4
215,-47.5,57.5,64,32,0,0.0,0.0,0,0.0,57.5,3,562500.0,67.08783531188965,62.38071823120117,32,64,3,2,64,0,5,-105.0,70.5,-47.5,5.0,7192904,1247.077584,nan,7.192904,nan,2,1584,578320,4,6612736,64,2,264,128,32,136,34,66,2,0,0,2
216,-47.5,57.5,64,32,0,0.0,0.0,0,0.0,57.5,2,562500.0,49.18168911306835,20.941669175580788,32,64,2,4,64,0,6,-105.0,70.5,-47.5,5.0,7771488,1254.849072,nan,7.771488,nan,4,1584,1156640,8,6612736,64,4,528,256,64,272,68,132,4,0,0,4
217,-47.5,57.5,62,31,0,0.0,0.0,0,0.0,57.5,1,562500.0,36.62060991983746,21.273048149957123,31,62,1,4,62,0,5,-105.0,70.5,-47.5,5.0,7564552,1262.413624,nan,7.564552,nan,4,1296,1156640,8,6406088,62,4,528,256,64,272,68,132,4,0,0,4
218,-47.5,57.5,64,32,0,0.0,0.0,0,0.0,57.5,1,562500.0,50.55678736309633,33.1920821279579,32,64,1,4,64,0,5,-105.0,70.5,-47.5,5.0,7771272,1270.184896,nan,7.771272,nan,4,1368,1156640,8,6612736,64,4,528,256,64,272,68,132,4,0,0,4
219,-47.5,57.5,68,34,0,0.0,0.0,0,0.0,57.5,1,562500.0,51.55809608370864,30.981098651439716,34,68,1,5,68,0,6,-105.0,70.5,-47.5,5.0,8473716,1278.658612,nan,8.473716,nan,5,1224,1445800,10,7026032,68,5,660,320,80,340,85,165,5,0,0,5
220,-47.5,57.5,66,33,0,0.0,0.0,0,0.0,57.5,2,562500.0,64.32799021402995,58.23373031616211,33,66,2,3,66,0,5,-105.0,70.5,-47.5,5.0,7688772,1286.347384,nan,7.688772,nan,3,1512,867480,6,6819384,66,3,396,192,48,204,51,99,3,0,0,3
221,-47.5,57.5,68,34,0,0.0,0.0,0,0.0,57.5,2,562500.0,49.88769013991788,32.23681214982216,34,68,2,4,68,0,6,-105.0,70.5,-47.5,5.0,8184856,1294.53224,nan,8.184856,nan,4,1656,1156640,8,7026032,68,4,528,256,64,272,68,132,4,0,0,4
222,-47.5,57.5,68,34,0,0.0,0.0,0,0.0,57.5,1,562500.0,51.40121102902934,31.763593449336675,34,68,1,4,68,0,5,-105.0,70.5,-47.5,5.0,8184352,1302.716592,nan,8.184352,nan,4,1152,1156640,8,7026032,68,4,528,256,64,272,68,132,4,0,0,4
223,-47.5,57.5,70,35,0,0.0,0.0,0,0.0,57.5,2,562500.0,65.04140853881836,61.796077728271484,35,70,2,3,70,0,5,-105.0,70.5,-47.5,5.0,8102140,1310.818732,nan,8.10214,nan,3,1584,867480,6,7232680,70,3,396,192,48,204,51,99,3,0,0,3
224,-47.5,57.5,70,35,0,0.0,0.0,0,0.0,57.5,2,562500.0,49.36107703123533,24.180077108224978,35,70,2,4,70,0,6,-105.0,70.5,-47.5,5.0,8391360,1319.210092,nan,8.39136,nan,4,1512,1156640,8,7232680,70,4,528,256,64,272,68,132,4,0,0,4
225,-47.5,57.5,70,35,0,0.0,0.0,0,0.0,57.5,3,562500.0,48.228662722312585,39.28478156829271,35,70,3,3,70,0,6,-105.0,70.5,-47.5,5.0,8102500,1327.312592,nan,8.1025,nan,3,1944,867480,6,7232680,70,3,396,192,48,204,51,99,3,0,0,3
226,-47.5,57.5,70,35,0,0.0,0.0,0,0.0,57.5,2,562500.0,40.6461061493723,25.531922531893187,35,70,2,5,70,0,7,-105.0,70.5,-47.5,5.0,8680868,1335.99346,nan,8.680868,nan,5,1728,1445800,10,7232680,70,5,660,320,80,340,85,165,5,0,0,5
227,-47.5,57.5,70,35,0,0.0,0.0,0,0.0,57.5,2,562500.0,43.706780357850505,26.376418835620413,35,70,2,3,70,0,5,-105.0,70.5,-47.5,5.0,8101852,1344.095312,nan,8.101852,nan,3,1296,867480,6,7232680,70,3,396,192,48,204,51,99,3,0,0,3
228,-47.5,57.5,70,35,0,0.0,0.0,0,0.0,57.5,2,562500.0,33.956186163346274,18.68324013967961,35,70,2,5,70,0,7,-105.0,70.5,-47.5,5.0,8680940,1352.776252,nan,8.68094,nan,5,1800,1445800,10,7232680,70,5,660,320,80,340,85,165,5,0,0,5
229,-47.5,57.5,66,33,0,0.0,0.0,0,0.0,57.5,3,562500.0,45.80916753388133,27.274921471447747,33,66,3,3,66,0,6,-105.0,70.5,-47.5,5.0,7688700,1360.464952,nan,7.6887,nan,3,1440,867480,6,6819384,66,3,396,192,48,204,51,99,3,0,0,3
230,-47.5,57.5,64,32,0,0.0,0.0,0,0.0,57.5,2,562500.0,43.22612862639344,33.08461733943001,32,64,2,5,64,0,7,-105.0,70.5,-47.5,5.0,8060852,1368.525804,nan,8.060852,nan,5,1656,1445800,10,6612736,64,5,660,320,80,340,85,165,5,0,0,5
231,-47.5,57.5,50,25,0,0.0,0.0,0,0.0,57.5,2,562500.0,52.18961752393142,39.23830981865216,25,50,2,3,50,0,5,-105.0,70.5,-47.5,5.0,6035084,1374.560888,nan,6.035084,nan,3,1008,867480,6,5166200,50,3,396,192,48,204,51,99,3,0,0,3
232,-47.5,57.5,44,22,0,0.0,0.0,0,0.0,57.5,2,562500.0,52.80312020950098,41.19388006228898,22,44,2,3,44,0,5,-105.0,70.5,-47.5,5.0,5415068,1379.975956,nan,5.415068,nan,3,936,867480,6,4546256,44,3,396,192,48,204,51,99,3,0,0,3
233,-47.5,57.5,40,20,0,0.0,0.0,0,0.0,57.5,1,562500.0,53.69802057814561,41.74127677808072,20,40,1,5,40,0,6,-105.0,70.5,-47.5,5.0,5580284,1385.55624,nan,5.580284,nan,5,864,1445800,10,4132960,40,5,660,320,80,340,85,165,5,0,0,5
234,-47.5,57.5,36,18,0,0.0,0.0,0,0.0,57.5,0,562500.0,54.53388357470394,33.00253013053608,18,36,0,5,36,0,5,-105.0,70.5,-47.5,5.0,5166988,1390.723228,nan,5.166988,nan,5,864,1445800,10,3719664,36,5,660,320,80,340,85,165,5,0,0,5
235,-47.5,57.5,32,16,0,0.0,0.0,0,0.0,57.5,1,562500.0,63.04953066507975,59.4096565246582,16,32,1,3,32,0,4,-105.0,70.5,-47.5,5.0,4174748,1394.897976,nan,4.174748,nan,3,504,867480,6,3306368,32,3,396,192,48,204,51,99,3,0,0,3
236,-47.5,57.5,30,15,0,0.0,0.0,0,0.0,57.5,2,562500.0,45.01938886396573,40.304416654810865,15,30,2,4,30,0,6,-105.0,70.5,-47.5,5.0,4257536,1399.155512,nan,4.257536,nan,4,648,1156640,8,3099720,30,4,528,256,64,272,68,132,4,0,0,4
237,-47.5,57.5,36,18,0,0.0,0.0,0,0.0,57.5,0,562500.0,45.981661932793045,39.50860469700254,18,36,0,5,36,0,5,-105.0,70.5,-47.5,5.0,5166700,1404.322212,nan,5.1667,nan,5,576,1445800,10,3719664,36,5,660,320,80,340,85,165,5,0,0,5
238,-47.5,57.5,36,18,0,0.0,0.0,0,0.0,57.5,1,562500.0,37.02873133375668,35.628368209498305,18,36,1,2,36,0,3,-105.0,70.5,-47.5,5.0,4298752,1408.620964,nan,4.298752,nan,2,504,578320,4,3719664,36,2,264,128,32,136,34,66,2,0,0,2
239,-47.5,57.5,40,20,0,0.0,0.0,0,0.0,57.5,1,562500.0,50.828114306091315,38.366599022469074,20,40,1,3,40,0,4,-105.0,70.5,-47.5,5.0,5001772,1413.622736,nan,5.001772,nan,3,936,867480,6,4132960,40,3,396,192,48,204,51,99,3,0,0,3
240,-47.5,57.5,46,23,0,0.0,0.0,0,0.0,57.5,2,562500.0,64.12828254699707,57.699378967285156,23,46,2,3,46,0,5,-105.0,70.5,-47.5,5.0,5621860,1419.244596,nan,5.62186,nan,3,1080,867480,6,4752904,46,3,396,192,48,204,51,99,3,0,0,3
241,-47.5,57.5,46,23,0,0.0,0.0,0,0.0,57.5,2,562500.0,41.77230667160277,19.75763324860434,23,46,2,5,46,0,7,-105.0,70.5,-47.5,5.0,6200660,1425.445256,nan,6.20066,nan,5,1296,1445800,10,4752904,46,5,660,320,80,340,85,165,5,0,0,5
242,-47.5,57.5,52,26,0,0.0,0.0,0,0.0,57.5,0,562500.0,48.44502222852028,24.350053767401455,26,52,0,5,52,0,5,-105.0,70.5,-47.5,5.0,6820388,1432.265644,nan,6.820388,nan,5,1080,1445800,10,5372848,52,5,660,320,80,340,85,165,5,0,0,5
243,-47.5,57.5,48,24,0,0.0,0.0,0,0.0,57.5,2,562500.0,64.32852935791016,63.56294250488281,24,48,2,2,48,0,4,-105.0,70.5,-47.5,5.0,5539000,1437.804644,nan,5.539,nan,2,864,578320,4,4959552,48,2,264,128,32,136,34,66,2,0,0,2
244,-47.5,57.5,38,19,0,0.0,0.0,0,0.0,57.5,2,562500.0,61.95823097229004,60.959617614746094,19,38,2,2,38,0,4,-105.0,70.5,-47.5,5.0,4505832,1442.310476,nan,4.505832,nan,2,936,578320,4,3926312,38,2,264,128,32,136,34,66,2,0,0,2
245,-47.5,57.5,40,20,0,0.0,0.0,0,0.0,57.5,1,562500.0,59.59556007385254,57.82282638549805,20,40,1,3,40,0,4,-105.0,70.5,-47.5,5.0,5001844,1447.31232,nan,5.001844,nan,3,1008,867480,6,4132960,40,3,396,192,48,204,51,99,3,0,0,3
246,-47.5,57.5,40,20,0,0.0,0.0,0,0.0,57.5,3,562500.0,60.017822265625,59.8249626159668,20,40,3,2,40,0,5,-105.0,70.5,-47.5,5.0,4712264,1452.024584,nan,4.712264,nan,2,720,578320,4,4132960,40,2,264,128,32,136,34,66,2,0,0,2
247,-47.5,57.5,46,23,0,0.0,0.0,0,0.0,57.5,4,562500.0,46.69264090555032,27.413501687556938,23,46,4,4,46,0,8,-105.0,70.5,-47.5,5.0,5911296,1457.93588,nan,5.911296,nan,4,1224,1156640,8,4752904,46,4,528,256,64,272,68,132,4,0,0,4
248,-47.5,57.5,52,26,0,0.0,0.0,0,0.0,57.5,3,562500.0,54.020041941939596,38.87530856163307,26,52,3,5,52,0,8,-105.0,70.5,-47.5,5.0,6820964,1464.756844,nan,6.820964,nan,5,1656,1445800,10,5372848,52,5,660,320,80,340,85,165,5,0,0,5
249,-47.5,57.5,54,27,0,0.0,0.0,0,0.0,57.5,2,562500.0,53.71190351687966,36.38529066636254,27,54,2,5,54,0,7,-105.0,70.5,-47.5,5.0,7027252,1471.784096,nan,7.027252,nan,5,1296,1445800,10,5579496,54,5,660,320,80,340,85,165,5,0,0,5
250,-47.5,57.5,60,30,0,0.0,0.0,0,0.0,57.5,1,562500.0,54.76821669109091,36.244205747222836,30,60,1,4,60,0,5,-105.0,70.5,-47.5,5.0,7357616,1479.141712,nan,7.357616,nan,4,1008,1156640,8,6199440,60,4,528,256,64,272,68,132,4,0,0,4
251,-47.5,57.5,60,30,0,0.0,0.0,0,0.0,57.5,3,562500.0,44.80271015685027,42.5186274517365,30,60,3,2,60,0,5,-105.0,70.5,-47.5,5.0,6779176,1485.920888,nan,6.779176,nan,2,1152,578320,4,6199440,60,2,264,128,32,136,34,66,2,0,0,2
252,-47.5,57.5,58,29,0,0.0,0.0,0,0.0,57.5,2,562500.0,32.72453245441321,18.915993184647505,29,58,2,6,58,0,8,-105.0,70.5,-47.5,5.0,7730128,1493.651016,nan,7.730128,nan,6,1584,1734960,12,5992792,58,6,792,384,96,408,102,198,6,0,0,6
253,-47.5,57.5,56,28,0,0.0,0.0,0,0.0,57.5,2,562500.0,49.864981806057884,27.26580560783868,28,56,2,4,56,0,6,-105.0,70.5,-47.5,5.0,6944392,1500.595408,nan,6.944392,nan,4,1080,1156640,8,5786144,56,4,528,256,64,272,68,132,4,0,0,4
254,-47.5,57.5,58,29,0,0.0,0.0,0,0.0,57.5,1,562500.0,37.912234771912026,18.693634494813143,29,58,1,5,58,0,6,-105.0,70.5,-47.5,5.0,7440332,1508.03574,nan,7.440332,nan,5,1080,1445800,10,5992792,58,5,660,320,80,340,85,165,5,0,0,5
255,-47.5,57.5,54,27,0,0.0,0.0,0,0.0,57.5,1,562500.0,45.006637914749405,34.499847229927276,27,54,1,4,54,0,5,-105.0,70.5,-47.5,5.0,6737600,1514.77334,nan,6.7376,nan,4,936,1156640,8,5579496,54,4,528,256,64,272,68,132,4,0,0,4
256,-47.5,57.5,54,27,0,0.0,0.0,0,0.0,57.5,3,562500.0,40.674588635692864,37.2324446250779,27,54,3,2,54,0,5,-105.0,70.5,-47.5,5.0,6159232,1520.932572,nan,6.159232,nan,2,1152,578320,4,5579496,54,2,264,128,32,136,34,66,2,0,0,2
257,-47.5,57.5,50,25,0,0.0,0.0,0,0.0,57.5,2,562500.0,49.872595731087614,22.285929202437202,25,50,2,4,50,0,6,-105.0,70.5,-47.5,5.0,6324520,1527.257092,nan,6.32452,nan,4,1152,1156640,8,5166200,50,4,528,256,64,272,68,132,4,0,0,4
258,-47.5,57.5,50,25,0,0.0,0.0,0,0.0,57.5,1,562500.0,52.34478018049894,31.533893433489276,25,50,1,5,50,0,6,-105.0,70.5,-47.5,5.0,6613668,1533.87076,nan,6.613668,nan,5,1008,1445800,10,5166200,50,5,660,320,80,340,85,165,5,0,0,5
259,-47.5,57.5,48,24,0,0.0,0.0,0,0.0,57.5,0,562500.0,48.3953665483525,28.727536866417914,24,48,0,4,48,0,4,-105.0,70.5,-47.5,5.0,6117584,1539.988344,nan,6.117584,nan,4,864,1156640,8,4959552,48,4,528,256,64,272,68,132,4,0,0,4
260,-47.5,57.5,44,22,0,0.0,0.0,0,0.0,57.5,0,562500.0,50.11374289268291,32.86957926200703,22,44,0,4,44,0,4,-105.0,70.5,-47.5,5.0,5704000,1545.692344,nan,5.704,nan,4,576,1156640,8,4546256,44,4,528,256,64,272,68,132,4,0,0,4
261,-47.5,57.5,44,22,0,0.0,0.0,0,0.0,57.5,2,562500.0,40.72198374767687,36.37093503438098,22,44,2,2,44,0,4,-105.0,70.5,-47.5,5.0,5125560,1550.817904,nan,5.12556,nan,2,720,578320,4,4546256,44,2,264,128,32,136,34,66,2,0,0,2
262,-47.5,57.5,46,23,0,0.0,0.0,0,0.0,57.5,1,562500.0,49.0957212490092,31.633781379926944,23,46,1,4,46,0,5,-105.0,70.5,-47.5,5.0,5910936,1556.72884,nan,5.910936,nan,4,864,1156640,8,4752904,46,4,528,256,64,272,68,132,4,0,0,4
263,-47.5,57.5,46,23,0,0.0,0.0,0,0.0,57.5,1,562500.0,64.97451543807983,60.21068572998047,23,46,1,4,46,0,5,-105.0,70.5,-47.5,5.0,5911080,1562.63992,nan,5.91108,nan,4,1008,1156640,8,4752904,46,4,528,256,64,272,68,132,4,0,0,4
264,-47.5,57.5,48,24,0,0.0,0.0,0,0.0,57.5,0,562500.0,42.953147019062826,18.153192983351882,24,48,0,4,48,0,4,-105.0,70.5,-47.5,5.0,6117584,1568.757504,nan,6.117584,nan,4,864,1156640,8,4959552,48,4,528,256,64,272,68,132,4,0,0,4
265,-47.5,57.5,48,24,0,0.0,0.0,0,0.0,57.5,1,562500.0,46.66188820831028,32.86957926200703,24,48,1,3,48,0,4,-105.0,70.5,-47.5,5.0,5827932,1574.585436,nan,5.827932,nan,3,504,867480,6,4959552,48,3,396,192,48,204,51,99,3,0,0,3
266,-47.5,57.5,48,24,0,0.0,0.0,0,0.0,57.5,3,562500.0,40.678499901432836,37.24027095678189,24,48,3,2,48,0,5,-105.0,70.5,-47.5,5.0,5539000,1580.124436,nan,5.539,nan,2,864,578320,4,4959552,48,2,264,128,32,136,34,66,2,0,0,2
267,-47.5,57.5,54,27,0,0.0,0.0,0,0.0,57.5,2,562500.0,40.3895637049127,21.97011905164754,27,54,2,5,54,0,7,-105.0,70.5,-47.5,5.0,7027396,1587.151832,nan,7.027396,nan,5,1440,1445800,10,5579496,54,5,660,320,80,340,85,165,5,0,0,5
268,-47.5,57.5,56,28,0,0.0,0.0,0,0.0,57.5,1,562500.0,53.23243749994377,31.533893433489276,28,56,1,5,56,0,6,-105.0,70.5,-47.5,5.0,7233972,1594.385804,nan,7.233972,nan,5,1368,1445800,10,5786144,56,5,660,320,80,340,85,165,5,0,0,5
269,-47.5,57.5,56,28,0,0.0,0.0,0,0.0,57.5,0,562500.0,62.941039085388184,58.258724212646484,28,56,0,4,56,0,4,-105.0,70.5,-47.5,5.0,6944248,1601.330052,nan,6.944248,nan,4,936,1156640,8,5786144,56,4,528,256,64,272,68,132,4,0,0,4
270,-47.5,57.5,56,28,0,0.0,0.0,0,0.0,57.5,1,562500.0,46.66188820831028,32.86957926200703,28,56,1,3,56,0,4,-105.0,70.5,-47.5,5.0,6654596,1607.984648,nan,6.654596,nan,3,576,867480,6,5786144,56,3,396,192,48,204,51,99,3,0,0,3
271,-47.5,57.5,68,34,0,0.0,0.0,0,0.0,57.5,3,562500.0,42.26198931774968,38.48324023699568,34,68,3,2,68,0,5,-105.0,70.5,-47.5,5.0,7605840,1615.590488,nan,7.60584,nan,2,1224,578320,4,7026032,68,2,264,128,32,136,34,66,2,0,0,2
272,-47.5,57.5,64,32,0,0.0,0.0,0,0.0,57.5,2,562500.0,35.549742594353084,21.38044622032392,32,64,2,5,64,0,7,-105.0,70.5,-47.5,5.0,8061068,1623.651556,nan,8.061068,nan,5,1872,1445800,10,6612736,64,5,660,320,80,340,85,165,5,0,0,5
273,-47.5,57.5,66,33,0,0.0,0.0,0,0.0,57.5,1,562500.0,51.7287667369617,32.16573157885753,33,66,1,5,66,0,6,-105.0,70.5,-47.5,5.0,8267356,1631.918912,nan,8.267356,nan,5,1512,1445800,10,6819384,66,5,660,320,80,340,85,165,5,0,0,5
274,-47.5,57.5,68,34,0,0.0,0.0,0,0.0,57.5,0,562500.0,65.270987033844,63.824649810791016,34,68,0,4,68,0,4,-105.0,70.5,-47.5,5.0,8184352,1640.103264,nan,8.184352,nan,4,1152,1156640,8,7026032,68,4,528,256,64,272,68,132,4,0,0,4
275,-47.5,57.5,68,34,0,0.0,0.0,0,0.0,57.5,1,562500.0,36.00289837169268,29.350484707131276,34,68,1,2,68,0,3,-105.0,70.5,-47.5,5.0,7605480,1647.708744,nan,7.60548,nan,2,864,578320,4,7026032,68,2,264,128,32,136,34,66,2,0,0,2
276,-47.5,57.5,60,30,0,0.0,0.0,0,0.0,57.5,2,562500.0,47.46936999114815,37.550725870209995,30,60,2,3,60,0,5,-105.0,70.5,-47.5,5.0,7068396,1654.77714,nan,7.068396,nan,3,1080,867480,6,6199440,60,3,396,192,48,204,51,99,3,0,0,3
277,-47.5,57.5,46,23,0,0.0,0.0,0,0.0,57.5,2,562500.0,39.72336842321583,25.081938674129187,23,46,2,5,46,0,7,-105.0,70.5,-47.5,5.0,6200516,1660.977656,nan,6.200516,nan,5,1152,1445800,10,4752904,46,5,660,320,80,340,85,165,5,0,0,5
278,-47.5,57.5,46,23,0,0.0,0.0,0,0.0,57.5,2,562500.0,43.70841597121669,30.50014529708083,23,46,2,3,46,0,5,-105.0,70.5,-47.5,5.0,5622004,1666.59966,nan,5.622004,nan,3,1224,867480,6,4752904,46,3,396,192,48,204,51,99,3,0,0,3
279,-47.5,57.5,48,24,0,0.0,0.0,0,0.0,57.5,2,562500.0,62.278666178385414,58.27534484863281,24,48,2,3,48,0,5,-105.0,70.5,-47.5,5.0,5828868,1672.428528,nan,5.828868,nan,3,1440,867480,6,4959552,48,3,396,192,48,204,51,99,3,0,0,3
280,-47.5,57.5,52,26,0,0.0,0.0,0,0.0,57.5,2,562500.0,30.219552471123826,19.767133062392016,26,52,2,4,52,0,6,-105.0,70.5,-47.5,5.0,6531312,1678.95984,nan,6.531312,nan,4,1296,1156640,8,5372848,52,4,528,256,64,272,68,132,4,0,0,4
281,-47.5,57.5,54,27,0,0.0,0.0,0,0.0,57.5,1,562500.0,48.66070058760264,40.227561453691635,27,54,1,3,54,0,4,-105.0,70.5,-47.5,5.0,6447948,1685.407788,nan,6.447948,nan,3,576,867480,6,5579496,54,3,396,192,48,204,51,99,3,0,0,3
282,-47.5,57.5,54,27,0,0.0,0.0,0,0.0,57.5,1,562500.0,62.774675369262695,60.71181869506836,27,54,1,2,54,0,3,-105.0,70.5,-47.5,5.0,6159232,1691.56702,nan,6.159232,nan,2,1152,578320,4,5579496,54,2,264,128,32,136,34,66,2,0,0,2
283,-47.5,57.5,50,25,0,0.0,0.0,0,0.0,57.5,2,562500.0,61.566932678222656,57.97134780883789,25,50,2,3,50,0,5,-105.0,70.5,-47.5,5.0,6035156,1697.602176,nan,6.035156,nan,3,1080,867480,6,5166200,50,3,396,192,48,204,51,99,3,0,0,3
284,-47.5,57.5,54,27,0,0.0,0.0,0,0.0,57.5,1,562500.0,45.18930762420067,24.113988254586644,27,54,1,6,54,0,7,-105.0,70.5,-47.5,5.0,7317048,1704.919224,nan,7.317048,nan,6,1800,1734960,12,5579496,54,6,792,384,96,408,102,198,6,0,0,6
285,-47.5,57.5,52,26,0,0.0,0.0,0,0.0,57.5,0,562500.0,37.285377658543766,29.154100734521265,26,52,0,2,52,0,2,-105.0,70.5,-47.5,5.0,5951864,1710.871088,nan,5.951864,nan,2,432,578320,4,5372848,52,2,264,128,32,136,34,66,2,0,0,2
286,-47.5,57.5,48,24,0,0.0,0.0,0,0.0,57.5,1,562500.0,51.77742210226174,44.87902369697274,24,48,1,3,48,0,4,-105.0,70.5,-47.5,5.0,5828076,1716.699164,nan,5.828076,nan,3,648,867480,6,4959552,48,3,396,192,48,204,51,99,3,0,0,3
287,-47.5,57.5,46,23,0,0.0,0.0,0,0.0,57.5,2,562500.0,47.73408766968139,30.616354011070626,23,46,2,5,46,0,7,-105.0,70.5,-47.5,5.0,6200732,1722.899896,nan,6.200732,nan,5,1368,1445800,10,4752904,46,5,660,320,80,340,85,165,5,0,0,5
288,-47.5,57.5,46,23,0,0.0,0.0,0,0.0,57.5,2,562500.0,52.52766355017081,40.16352476998877,23,46,2,3,46,0,5,-105.0,70.5,-47.5,5.0,5621860,1728.521756,nan,5.62186,nan,3,1080,867480,6,4752904,46,3,396,192,48,204,51,99,3,0,0,3
289,-47.5,57.5,42,21,0,0.0,0.0,0,0.0,57.5,2,562500.0,51.683089104771234,40.22174572542098,21,42,2,3,42,0,5,-105.0,70.5,-47.5,5.0,5208780,1733.730536,nan,5.20878,nan,3,1296,867480,6,4339608,42,3,396,192,48,204,51,99,3,0,0,3
290,-47.5,57.5,40,20,0,0.0,0.0,0,0.0,57.5,0,562500.0,48.665013098009325,27.961415509190964,20,40,0,4,40,0,4,-105.0,70.5,-47.5,5.0,5290848,1739.021384,nan,5.290848,nan,4,720,1156640,8,4132960,40,4,528,256,64,272,68,132,4,0,0,4
291,-47.5,57.5,40,20,0,0.0,0.0,0,0.0,57.5,1,562500.0,61.99564259328671,58.781519752308284,20,40,1,4,40,0,5,-105.0,70.5,-47.5,5.0,5290776,1744.31216,nan,5.290776,nan,4,648,1156640,8,4132960,40,4,528,256,64,272,68,132,4,0,0,4
292,-47.5,57.5,34,17,0,0.0,0.0,0,0.0,57.5,0,562500.0,66.67745208740234,62.39556121826172,17,34,0,3,34,0,3,-105.0,70.5,-47.5,5.0,4381468,1748.693628,nan,4.381468,nan,3,576,867480,6,3513016,34,3,396,192,48,204,51,99,3,0,0,3
293,-47.5,57.5,34,17,0,0.0,0.0,0,0.0,57.5,1,562500.0,63.146535873413086,59.51082229614258,17,34,1,3,34,0,4,-105.0,70.5,-47.5,5.0,4381612,1753.07524,nan,4.381612,nan,3,720,867480,6,3513016,34,3,396,192,48,204,51,99,3,0,0,3
294,-47.5,57.5,34,17,0,0.0,0.0,0,0.0,57.5,0,562500.0,66.12253379821777,63.56118392944336,17,34,0,3,34,0,3,-105.0,70.5,-47.5,5.0,4381396,1757.456636,nan,4.381396,nan,3,504,867480,6,3513016,34,3,396,192,48,204,51,99,3,0,0,3
295,-47.5,57.5,44,22,0,0.0,0.0,0,0.0,57.5,1,562500.0,44.4926369070499,27.75578790764036,22,44,1,3,44,0,4,-105.0,70.5,-47.5,5.0,5414924,1762.87156,nan,5.414924,nan,3,792,867480,6,4546256,44,3,396,192,48,204,51,99,3,0,0,3
296,-47.5,57.5,42,21,0,0.0,0.0,0,0.0,57.5,1,562500.0,54.19432971701864,47.207041519350724,21,42,1,3,42,0,4,-105.0,70.5,-47.5,5.0,5208348,1768.079908,nan,5.208348,nan,3,864,867480,6,4339608,42,3,396,192,48,204,51,99,3,0,0,3
297,-47.5,57.5,44,22,0,0.0,0.0,0,0.0,57.5,1,562500.0,37.15323660171303,23.224647864223872,22,44,1,2,44,0,3,-105.0,70.5,-47.5,5.0,5125632,1773.20554,nan,5.125632,nan,2,792,578320,4,4546256,44,2,264,128,32,136,34,66,2,0,0,2
298,-47.5,57.5,38,19,0,0.0,0.0,0,0.0,57.5,2,562500.0,62.69825744628906,58.843299865722656,19,38,2,3,38,0,5,-105.0,70.5,-47.5,5.0,4795340,1778.00088,nan,4.79534,nan,3,1152,867480,6,3926312,38,3,396,192,48,204,51,99,3,0,0,3
299,-47.5,57.5,42,21,0,0.0,0.0,0,0.0,57.5,1,562500.0,65.48829205830891,61.6584587097168,21,42,1,3,42,0,4,-105.0,70.5,-47.5,5.0,5208564,1783.209444,nan,5.208564,nan,3,1080,867480,6,4339608,42,3,396,192,48,204,51,99,3,0,0,3
300,-47.5,57.5,40,20,0,0.0,0.0,0,0.0,57.5,0,562500.0,47.644235508334404,28.460171917882366,20,40,0,4,40,0,4,-105.0,70.5,-47.5,5.0,5290920,1788.500364,nan,5.29092,nan,4,792,1156640,8,4132960,40,4,528,256,64,272,68,132,4,0,0,4
301,-47.5,57.5,48,24,0,0.0,0.0,0,0.0,57.5,1,562500.0,60.597793102264404,57.701412200927734,24,48,1,4,48,0,5,-105.0,70.5,-47.5,5.0,6117656,1794.61802,nan,6.117656,nan,4,936,1156640,8,4959552,48,4,528,256,64,272,68,132,4,0,0,4
302,-47.5,57.5,60,30,0,0.0,0.0,0,0.0,57.5,2,562500.0,44.759981254999175,28.668265443844522,30,60,2,5,60,0,7,-105.0,70.5,-47.5,5.0,7647196,1802.265216,nan,7.647196,nan,5,1296,1445800,10,6199440,60,5,660,320,80,340,85,165,5,0,0,5
303,-47.5,57.5,68,34,0,0.0,0.0,0,0.0,57.5,3,562500.0,47.75654112155061,25.6948395296861,34,68,3,3,68,0,6,-105.0,70.5,-47.5,5.0,7895852,1810.161068,nan,7.895852,nan,3,1944,867480,6,7026032,68,3,396,192,48,204,51,99,3,0,0,3
304,-47.5,57.5,68,34,0,0.0,0.0,0,0.0,57.5,1,562500.0,66.63759899139404,61.443084716796875,34,68,1,4,68,0,5,-105.0,70.5,-47.5,5.0,8184784,1818.345852,nan,8.184784,nan,4,1584,1156640,8,7026032,68,4,528,256,64,272,68,132,4,0,0,4
305,-47.5,57.5,70,35,0,0.0,0.0,0,0.0,57.5,0,562500.0,47.643669065670466,28.457967022862842,35,70,0,4,70,0,4,-105.0,70.5,-47.5,5.0,8391000,1826.736852,nan,8.391,nan,4,1152,1156640,8,7232680,70,4,528,256,64,272,68,132,4,0,0,4
306,-47.5,57.5,76,38,0,0.0,0.0,0,0.0,57.5,0,562500.0,62.13318061828613,59.08694839477539,38,76,0,3,76,0,3,-105.0,70.5,-47.5,5.0,8721652,1835.458504,nan,8.721652,nan,3,1152,867480,6,7852624,76,3,396,192,48,204,51,99,3,0,0,3
307,-47.5,57.5,78,39,0,0.0,0.0,0,0.0,57.5,2,562500.0,56.57830388129132,37.55426095931139,39,78,2,4,78,0,6,-105.0,70.5,-47.5,5.0,9217952,1844.676456,nan,9.217952,nan,4,1512,1156640,8,8059272,78,4,528,256,64,272,68,132,4,0,0,4
308,-47.5,57.5,78,39,0,0.0,0.0,0,0.0,57.5,2,562500.0,40.46442721470448,20.297904661350845,39,78,2,5,78,0,7,-105.0,70.5,-47.5,5.0,9507748,1854.184204,nan,9.507748,nan,5,2016,1445800,10,8059272,78,5,660,320,80,340,85,165,5,0,0,5
309,-47.5,57.5,80,40,0,0.0,0.0,0,0.0,57.5,1,562500.0,57.96509274152364,45.89648713669523,40,80,1,5,80,0,6,-105.0,70.5,-47.5,5.0,9714324,1863.898528,nan,9.714324,nan,5,1944,1445800,10,8265920,80,5,660,320,80,340,85,165,5,0,0,5
310,-47.5,57.5,82,41,0,0.0,0.0,0,0.0,57.5,1,562500.0,44.21591441721874,22.585679563076248,41,82,1,4,82,0,5,-105.0,70.5,-47.5,5.0,9630888,1873.529416,nan,9.630888,nan,4,1152,1156640,8,8472568,82,4,528,256,64,272,68,132,4,0,0,4
311,-47.5,57.5,80,40,0,0.0,0.0,0,0.0,57.5,2,562500.0,65.69138717651367,61.796077728271484,40,80,2,3,80,0,5,-105.0,70.5,-47.5,5.0,9135164,1882.66458,nan,9.135164,nan,3,1368,867480,6,8265920,80,3,396,192,48,204,51,99,3,0,0,3
312,-47.5,57.5,80,40,0,0.0,0.0,0,0.0,57.5,1,562500.0,51.79133768829454,35.61463401805588,40,80,1,5,80,0,6,-105.0,70.5,-47.5,5.0,9714036,1892.378616,nan,9.714036,nan,5,1656,1445800,10,8265920,80,5,660,320,80,340,85,165,5,0,0,5
313,-47.5,57.5,80,40,0,0.0,0.0,0,0.0,57.5,2,562500.0,38.593452985317064,20.68266846180152,40,80,2,3,80,0,5,-105.0,70.5,-47.5,5.0,9135668,1901.514284,nan,9.135668,nan,3,1872,867480,6,8265920,80,3,396,192,48,204,51,99,3,0,0,3
314,-47.5,57.5,80,40,0,0.0,0.0,0,0.0,57.5,2,562500.0,43.42345843573477,20.1634911069834,40,80,2,4,80,0,6,-105.0,70.5,-47.5,5.0,9424960,1910.939244,nan,9.42496,nan,4,1872,1156640,8,8265920,80,4,528,256,64,272,68,132,4,0,0,4
315,-47.5,57.5,80,40,0,0.0,0.0,0,0.0,57.5,2,562500.0,47.72710041465409,28.457234574129515,40,80,2,4,80,0,6,-105.0,70.5,-47.5,5.0,9424888,1920.364132,nan,9.424888,nan,4,1800,1156640,8,8265920,80,4,528,256,64,272,68,132,4,0,0,4
316,-47.5,57.5,84,42,0,0.0,0.0,0,0.0,57.5,1,562500.0,37.574788360894765,24.145629208674304,42,84,1,5,84,0,6,-105.0,70.5,-47.5,5.0,10127332,1930.491464,nan,10.127332,nan,5,1656,1445800,10,8679216,84,5,660,320,80,340,85,165,5,0,0,5
317,-47.5,57.5,84,42,0,0.0,0.0,0,0.0,57.5,1,562500.0,50.48323236771793,35.21178865736233,42,84,1,4,84,0,5,-105.0,70.5,-47.5,5.0,9837824,1940.329288,nan,9.837824,nan,4,1440,1156640,8,8679216,84,4,528,256,64,272,68,132,4,0,0,4
318,-47.5,57.5,78,39,0,0.0,0.0,0,0.0,57.5,3,562500.0,63.53637886047363,63.339603424072266,39,78,3,2,78,0,5,-105.0,70.5,-47.5,5.0,8639512,1948.9688,nan,8.639512,nan,2,1656,578320,4,8059272,78,2,264,128,32,136,34,66,2,0,0,2
319,-47.5,57.5,76,38,0,0.0,0.0,0,0.0,57.5,4,562500.0,32.243723687702065,18.514723422962966,38,76,4,3,76,0,7,-105.0,70.5,-47.5,5.0,8722876,1957.691676,nan,8.722876,nan,3,2376,867480,6,7852624,76,3,396,192,48,204,51,99,3,0,0,3
320,-47.5,57.5,66,33,0,0.0,0.0,0,0.0,57.5,3,562500.0,45.70733909064697,30.778845669222466,33,66,3,5,66,0,8,-105.0,70.5,-47.5,5.0,8268076,1965.959752,nan,8.268076,nan,5,2232,1445800,10,6819384,66,5,660,320,80,340,85,165,5,0,0,5
321,-47.5,57.5,60,30,0,0.0,0.0,0,0.0,57.5,3,562500.0,40.81724680737214,36.007186828395355,30,60,3,4,60,0,7,-105.0,70.5,-47.5,5.0,7358048,1973.3178,nan,7.358048,nan,4,1440,1156640,8,6199440,60,4,528,256,64,272,68,132,4,0,0,4
322,-47.5,57.5,52,26,0,0.0,0.0,0,0.0,57.5,3,562500.0,36.6959436260717,20.870036074324293,26,52,3,3,52,0,6,-105.0,70.5,-47.5,5.0,6241948,1979.559748,nan,6.241948,nan,3,1224,867480,6,5372848,52,3,396,192,48,204,51,99,3,0,0,3
323,-47.5,57.5,42,21,0,0.0,0.0,0,0.0,57.5,1,510891.5977982193,42.510193318542846,13.156529481973555,21,42,1,5,42,0,6,-105.0,70.5,-47.5,5.0,5787148,1985.346896,nan,5.787148,nan,5,1080,1445800,10,4339608,42,5,660,320,80,340,85,165,5,0,0,5
324,-47.5,57.5,34,17,0,0.0,0.0,0,0.0,57.5,1,562500.0,36.72514369994485,19.217785383515867,17,34,1,5,34,0,6,-105.0,70.5,-47.5,5.0,4960268,1990.307164,nan,4.960268,nan,5,792,1445800,10,3513016,34,5,660,320,80,340,85,165,5,0,0,5
325,-47.5,57.5,38,19,0,0.0,0.0,0,0.0,57.5,1,562500.0,48.596836211678514,37.532863533989826,19,38,1,3,38,0,4,-105.0,70.5,-47.5,5.0,4794980,1995.102144,nan,4.79498,nan,3,792,867480,6,3926312,38,3,396,192,48,204,51,99,3,0,0,3
326,-47.5,57.5,34,17,0,0.0,0.0,0,0.0,57.5,3,562500.0,20.79507340765968,18.14897369442172,17,34,3,4,34,0,7,-105.0,70.5,-47.5,5.0,4671192,1999.773336,nan,4.671192,nan,4,1008,1156640,8,3513016,34,4,528,256,64,272,68,132,4,0,0,4
327,-47.5,57.5,40,20,0,0.0,0.0,0,0.0,57.5,0,562500.0,43.82981673658818,28.6899779479453,20,40,0,3,40,0,3,-105.0,70.5,-47.5,5.0,5001412,2004.774748,nan,5.001412,nan,3,576,867480,6,4132960,40,3,396,192,48,204,51,99,3,0,0,3
328,-47.5,57.5,42,21,0,0.0,0.0,0,0.0,57.5,1,562500.0,42.46255509326996,34.385021105307814,21,42,1,5,42,0,6,-105.0,70.5,-47.5,5.0,5787004,2010.561752,nan,5.787004,nan,5,936,1445800,10,4339608,42,5,660,320,80,340,85,165,5,0,0,5
329,-47.5,57.5,34,17,0,0.0,0.0,0,0.0,57.5,1,562500.0,39.14398684659786,34.75761321155536,17,34,1,2,34,0,3,-105.0,70.5,-47.5,5.0,4092248,2014.654,nan,4.092248,nan,2,648,578320,4,3513016,34,2,264,128,32,136,34,66,2,0,0,2
330,-47.5,57.5,38,19,0,0.0,0.0,0,0.0,57.5,3,562500.0,60.98527908325195,58.84410095214844,19,38,3,3,38,0,6,-105.0,70.5,-47.5,5.0,4795412,2019.449412,nan,4.795412,nan,3,1224,867480,6,3926312,38,3,396,192,48,204,51,99,3,0,0,3
331,-47.5,57.5,46,23,0,0.0,0.0,0,0.0,57.5,2,562500.0,49.55165659121196,33.899179165240675,23,46,2,4,46,0,6,-105.0,70.5,-47.5,5.0,5911440,2025.360852,nan,5.91144,nan,4,1368,1156640,8,4752904,46,4,528,256,64,272,68,132,4,0,0,4
332,-47.5,57.5,50,25,0,0.0,0.0,0,0.0,57.5,2,562500.0,53.541520910061756,37.79683304776909,25,50,2,4,50,0,6,-105.0,70.5,-47.5,5.0,6324520,2031.685372,nan,6.32452,nan,4,1152,1156640,8,5166200,50,4,528,256,64,272,68,132,4,0,0,4
333,-47.5,57.5,54,27,0,0.0,0.0,0,0.0,57.5,1,562500.0,39.957096774271015,30.757447203277874,27,54,1,5,54,0,6,-105.0,70.5,-47.5,5.0,7026892,2038.712264,nan,7.026892,nan,5,936,1445800,10,5579496,54,5,660,320,80,340,85,165,5,0,0,5
334,-47.5,57.5,56,28,0,0.0,0.0,0,0.0,57.5,1,562500.0,47.240685463611705,40.17089463224175,28,56,1,3,56,0,4,-105.0,70.5,-47.5,5.0,6654956,2045.36722,nan,6.654956,nan,3,936,867480,6,5786144,56,3,396,192,48,204,51,99,3,0,0,3
335,-47.5,57.5,52,26,0,0.0,0.0,0,0.0,57.5,0,521138.7632729278,39.39556554243041,12.788509381389021,26,52,0,6,52,0,6,-105.0,70.5,-47.5,5.0,7109896,2052.477116,nan,7.109896,nan,6,1296,1734960,12,5372848,52,6,792,384,96,408,102,198,6,0,0,6
336,-47.5,57.5,52,26,0,0.0,0.0,0,0.0,57.5,1,562500.0,39.62154137788757,31.927887347436933,26,52,1,4,52,0,5,-105.0,70.5,-47.5,5.0,6530880,2059.007996,nan,6.53088,nan,4,864,1156640,8,5372848,52,4,528,256,64,272,68,132,4,0,0,4
337,-47.5,57.5,50,25,0,0.0,0.0,0,0.0,57.5,2,562500.0,49.558053780235504,44.057584496571195,25,50,2,3,50,0,5,-105.0,70.5,-47.5,5.0,6034868,2065.042864,nan,6.034868,nan,3,792,867480,6,5166200,50,3,396,192,48,204,51,99,3,0,0,3
338,-47.5,57.5,46,23,0,0.0,0.0,0,0.0,57.5,2,562500.0,44.22083508970565,36.591287591127234,23,46,2,4,46,0,6,-105.0,70.5,-47.5,5.0,5911224,2070.954088,nan,5.911224,nan,4,1152,1156640,8,4752904,46,4,528,256,64,272,68,132,4,0,0,4
339,-47.5,57.5,46,23,0,0.0,0.0,0,0.0,57.5,1,562500.0,46.683242962774365,33.521837844332424,23,46,1,3,46,0,4,-105.0,70.5,-47.5,5.0,5621788,2076.575876,nan,5.621788,nan,3,1008,867480,6,4752904,46,3,396,192,48,204,51,99,3,0,0,3
340,-47.5,57.5,48,24,0,0.0,0.0,0,0.0,57.5,2,562500.0,48.99979208664299,37.05740964399807,24,48,2,3,48,0,5,-105.0,70.5,-47.5,5.0,5828364,2082.40424,nan,5.828364,nan,3,936,867480,6,4959552,48,3,396,192,48,204,51,99,3,0,0,3
341,-47.5,57.5,54,27,0,0.0,0.0,0,0.0,57.5,3,562500.0,36.87087644480833,19.714142496942365,27,54,3,5,54,0,8,-105.0,70.5,-47.5,5.0,7027396,2089.431636,nan,7.027396,nan,5,1440,1445800,10,5579496,54,5,660,320,80,340,85,165,5,0,0,5
342,-47.5,57.5,54,27,0,0.0,0.0,0,0.0,57.5,3,562500.0,57.100222354051176,50.31870839769976,27,54,3,4,54,0,7,-105.0,70.5,-47.5,5.0,6738032,2096.169668,nan,6.738032,nan,4,1368,1156640,8,5579496,54,4,528,256,64,272,68,132,4,0,0,4
343,-47.5,57.5,52,26,0,0.0,0.0,0,0.0,57.5,2,562500.0,29.08938417381956,18.109153143387054,26,52,2,5,52,0,7,-105.0,70.5,-47.5,5.0,6820604,2102.990272,nan,6.820604,nan,5,1296,1445800,10,5372848,52,5,660,320,80,340,85,165,5,0,0,5
344,-47.5,57.5,52,26,0,0.0,0.0,0,0.0,57.5,1,562500.0,51.70115011981211,37.92190889684528,26,52,1,4,52,0,5,-105.0,70.5,-47.5,5.0,6531096,2109.521368,nan,6.531096,nan,4,1080,1156640,8,5372848,52,4,528,256,64,272,68,132,4,0,0,4
345,-47.5,57.5,52,26,0,0.0,0.0,0,0.0,57.5,1,562500.0,50.62495023874878,31.718623254032074,26,52,1,4,52,0,5,-105.0,70.5,-47.5,5.0,6531024,2116.052392,nan,6.531024,nan,4,1008,1156640,8,5372848,52,4,528,256,64,272,68,132,4,0,0,4
346,-47.5,57.5,52,26,0,0.0,0.0,0,0.0,57.5,1,562500.0,52.26983224944704,36.7997181643412,26,52,1,4,52,0,5,-105.0,70.5,-47.5,5.0,6531096,2122.583488,nan,6.531096,nan,4,1080,1156640,8,5372848,52,4,528,256,64,272,68,132,4,0,0,4
347,-47.5,57.5,50,25,0,0.0,0.0,0,0.0,57.5,1,562500.0,56.27264272780731,51.23236282071008,25,50,1,4,50,0,5,-105.0,70.5,-47.5,5.0,6324304,2128.907792,nan,6.324304,nan,4,936,1156640,8,5166200,50,4,528,256,64,272,68,132,4,0,0,4
348,-47.5,57.5,48,24,0,0.0,0.0,0,0.0,57.5,1,562500.0,45.138733117530556,31.05994522569128,24,48,1,3,48,0,4,-105.0,70.5,-47.5,5.0,5828004,2134.735796,nan,5.828004,nan,3,576,867480,6,4959552,48,3,396,192,48,204,51,99,3,0,0,3
349,-47.5,57.5,48,24,0,0.0,0.0,0,0.0,57.5,0,562500.0,55.564886082644435,37.92190889684528,24,48,0,5,48,0,5,-105.0,70.5,-47.5,5.0,6407092,2141.142888,nan,6.407092,nan,5,1080,1445800,10,4959552,48,5,660,320,80,340,85,165,5,0,0,5
350,-47.5,57.5,48,24,0,0.0,0.0,0,0.0,57.5,1,562500.0,48.1891526058868,36.92422007356483,24,48,1,3,48,0,4,-105.0,70.5,-47.5,5.0,5828148,2146.971036,nan,5.828148,nan,3,720,867480,6,4959552,48,3,396,192,48,204,51,99,3,0,0,3
351,-47.5,57.5,48,24,0,0.0,0.0,0,0.0,57.5,1,562500.0,50.50811445312136,36.7997181643412,24,48,1,4,48,0,5,-105.0,70.5,-47.5,5.0,6117800,2153.088836,nan,6.1178,nan,4,1080,1156640,8,4959552,48,4,528,256,64,272,68,132,4,0,0,4
352,-47.5,57.5,48,24,0,0.0,0.0,0,0.0,57.5,1,562500.0,54.273717784907355,51.23236282071008,24,48,1,3,48,0,4,-105.0,70.5,-47.5,5.0,5828220,2158.917056,nan,5.82822,nan,3,792,867480,6,4959552,48,3,396,192,48,204,51,99,3,0,0,3
353,-47.5,57.5,48,24,0,0.0,0.0,0,0.0,57.5,1,562500.0,40.0926774923179,36.7997181643412,24,48,1,4,48,0,5,-105.0,70.5,-47.5,5.0,6117584,2165.03464,nan,6.117584,nan,4,864,1156640,8,4959552,48,4,528,256,64,272,68,132,4,0,0,4
354,-47.5,57.5,52,26,0,0.0,0.0,0,0.0,57.5,1,562500.0,43.50513087087108,32.8779243580425,26,52,1,5,52,0,6,-105.0,70.5,-47.5,5.0,6820532,2171.855172,nan,6.820532,nan,5,1224,1445800,10,5372848,52,5,660,320,80,340,85,165,5,0,0,5
355,-47.5,57.5,52,26,0,0.0,0.0,0,0.0,57.5,2,562500.0,48.1891526058868,36.92422007356483,26,52,2,3,52,0,5,-105.0,70.5,-47.5,5.0,6241732,2178.096904,nan,6.241732,nan,3,1008,867480,6,5372848,52,3,396,192,48,204,51,99,3,0,0,3
356,-47.5,57.5,52,26,0,0.0,0.0,0,0.0,57.5,2,562500.0,43.31313122113173,19.714127238153306,26,52,2,4,52,0,6,-105.0,70.5,-47.5,5.0,6531384,2184.628288,nan,6.531384,nan,4,1368,1156640,8,5372848,52,4,528,256,64,272,68,132,4,0,0,4
357,-47.5,57.5,52,26,0,0.0,0.0,0,0.0,57.5,2,562500.0,56.29758916317105,51.20565249048554,26,52,2,4,52,0,6,-105.0,70.5,-47.5,5.0,6531312,2191.1596,nan,6.531312,nan,4,1296,1156640,8,5372848,52,4,528,256,64,272,68,132,4,0,0,4
358,-47.5,57.5,52,26,0,0.0,0.0,0,0.0,57.5,2,562500.0,39.93939250404384,19.678166264096788,26,52,2,4,52,0,6,-105.0,70.5,-47.5,5.0,6531096,2197.690696,nan,6.531096,nan,4,1080,1156640,8,5372848,52,4,528,256,64,272,68,132,4,0,0,4
359,-47.5,57.5,52,26,0,0.0,0.0,0,0.0,57.5,1,562500.0,42.49524693049234,33.504365059447636,26,52,1,5,52,0,6,-105.0,70.5,-47.5,5.0,6820532,2204.511228,nan,6.820532,nan,5,1224,1445800,10,5372848,52,5,660,320,80,340,85,165,5,0,0,5
360,-47.5,57.5,52,26,0,0.0,0.0,0,0.0,57.5,2,562500.0,48.18914754348822,36.92418969917331,26,52,2,3,52,0,5,-105.0,70.5,-47.5,5.0,6241732,2210.75296,nan,6.241732,nan,3,1008,867480,6,5372848,52,3,396,192,48,204,51,99,3,0,0,3
361,-47.5,57.5,62,31,0,0.0,0.0,0,0.0,57.5,1,562500.0,46.95434776557535,19.714142496942365,31,62,1,5,62,0,6,-105.0,70.5,-47.5,5.0,7854060,2218.60702,nan,7.85406,nan,5,1512,1445800,10,6406088,62,5,660,320,80,340,85,165,5,0,0,5
362,-47.5,57.5,62,31,0,0.0,0.0,0,0.0,57.5,0,562500.0,48.07439771699114,39.6099590669901,31,62,0,5,62,0,5,-105.0,70.5,-47.5,5.0,7853772,2226.460792,nan,7.853772,nan,5,1224,1445800,10,6406088,62,5,660,320,80,340,85,165,5,0,0,5
363,-47.5,57.5,64,32,0,0.0,0.0,0,0.0,57.5,1,562500.0,51.372285471247785,35.063687181522816,32,64,1,3,64,0,4,-105.0,70.5,-47.5,5.0,7481332,2233.942124,nan,7.481332,nan,3,720,867480,6,6612736,64,3,396,192,48,204,51,99,3,0,0,3
364,-47.5,57.5,62,31,0,0.0,0.0,0,0.0,57.5,2,562500.0,57.76151634291873,54.69099595193582,31,62,2,3,62,0,5,-105.0,70.5,-47.5,5.0,7275188,2241.217312,nan,7.275188,nan,3,1224,867480,6,6406088,62,3,396,192,48,204,51,99,3,0,0,3
365,-47.5,57.5,60,30,0,0.0,0.0,0,0.0,57.5,2,562500.0,50.42705929705053,36.99996097694883,30,60,2,4,60,0,6,-105.0,70.5,-47.5,5.0,7358048,2248.57536,nan,7.358048,nan,4,1440,1156640,8,6199440,60,4,528,256,64,272,68,132,4,0,0,4
366,-47.5,57.5,58,29,0,0.0,0.0,0,0.0,57.5,2,562500.0,55.73140981503067,39.599870988520834,29,58,2,4,58,0,6,-105.0,70.5,-47.5,5.0,7151400,2255.72676,nan,7.1514,nan,4,1440,1156640,8,5992792,58,4,528,256,64,272,68,132,4,0,0,4
367,-47.5,57.5,44,22,0,0.0,0.0,0,0.0,57.5,2,562500.0,57.828078662877154,46.48506238676568,22,44,2,4,44,0,6,-105.0,70.5,-47.5,5.0,5704720,2261.43148,nan,5.70472,nan,4,1296,1156640,8,4546256,44,4,528,256,64,272,68,132,4,0,0,4
368,-47.5,57.5,28,14,0,0.0,0.0,0,0.0,57.5,0,562500.0,46.70356010099893,36.798952324173065,14,28,0,5,28,0,5,-105.0,70.5,-47.5,5.0,4340108,2265.771588,nan,4.340108,nan,5,576,1445800,10,2893072,28,5,660,320,80,340,85,165,5,0,0,5
369,-47.5,57.5,28,14,0,0.0,0.0,0,0.0,57.5,0,562500.0,36.80300397430655,22.03661635658358,14,28,0,3,28,0,3,-105.0,70.5,-47.5,5.0,3761308,2269.532896,nan,3.761308,nan,3,360,867480,6,2893072,28,3,396,192,48,204,51,99,3,0,0,3
370,-47.5,57.5,32,16,0,0.0,0.0,0,0.0,57.5,0,562500.0,61.25343322753906,60.609737396240234,16,32,0,2,32,0,2,-105.0,70.5,-47.5,5.0,3885312,2273.418208,nan,3.885312,nan,2,360,578320,4,3306368,32,2,264,128,32,136,34,66,2,0,0,2
371,-47.5,57.5,32,16,0,0.0,0.0,0,0.0,57.5,1,562500.0,38.006009176784175,25.612207603611353,16,32,1,3,32,0,4,-105.0,70.5,-47.5,5.0,4174892,2277.5931,nan,4.174892,nan,3,648,867480,6,3306368,32,3,396,192,48,204,51,99,3,0,0,3
372,-47.5,57.5,32,16,0,0.0,0.0,0,0.0,57.5,1,562500.0,63.730441411336265,58.406272888183594,16,32,1,3,32,0,4,-105.0,70.5,-47.5,5.0,4174964,2281.768064,nan,4.174964,nan,3,720,867480,6,3306368,32,3,396,192,48,204,51,99,3,0,0,3
373,-47.5,57.5,28,14,0,0.0,0.0,0,0.0,57.5,0,562500.0,43.56620217971808,25.60826266796194,14,28,0,3,28,0,3,-105.0,70.5,-47.5,5.0,3761380,2285.529444,nan,3.76138,nan,3,432,867480,6,2893072,28,3,396,192,48,204,51,99,3,0,0,3
374,-47.5,57.5,26,13,0,0.0,0.0,0,0.0,57.5,0,562500.0,37.298519909329755,34.66957640808548,13,26,0,2,26,0,2,-105.0,70.5,-47.5,5.0,3265224,2288.794668,nan,3.265224,nan,2,216,578320,4,2686424,26,2,264,128,32,136,34,66,2,0,0,2
375,-47.5,57.5,20,10,0,0.0,0.0,0,0.0,57.5,2,562500.0,66.11737442016602,66.11737442016602,10,20,2,1,20,0,3,-105.0,70.5,-47.5,5.0,2356204,2291.150872,nan,2.356204,nan,1,432,289160,2,2066480,20,1,132,64,16,68,17,33,1,0,0,1
376,-47.5,57.5,20,10,0,0.0,0.0,0,0.0,57.5,1,562500.0,47.432777918078195,35.91737055159307,10,20,1,3,20,0,4,-105.0,70.5,-47.5,5.0,2935004,2294.085876,nan,2.935004,nan,3,648,867480,6,2066480,20,3,396,192,48,204,51,99,3,0,0,3
377,-47.5,57.5,16,8,0,0.0,0.0,0,0.0,57.5,1,562500.0,42.45882911157694,20.25946013709589,8,16,1,3,16,0,4,-105.0,70.5,-47.5,5.0,2521492,2296.607368,nan,2.521492,nan,3,432,867480,6,1653184,16,3,396,192,48,204,51,99,3,0,0,3
378,-47.5,57.5,26,13,0,0.0,0.0,0,0.0,57.5,1,562500.0,36.13735233043894,18.312222104613557,13,26,1,3,26,0,4,-105.0,70.5,-47.5,5.0,3554876,2300.162244,nan,3.554876,nan,3,576,867480,6,2686424,26,3,396,192,48,204,51,99,3,0,0,3
379,-47.5,57.5,24,12,0,0.0,0.0,0,0.0,57.5,0,562500.0,61.030998865763344,59.26527404785156,12,24,0,3,24,0,3,-105.0,70.5,-47.5,5.0,3348012,2303.510256,nan,3.348012,nan,3,360,867480,6,2479776,24,3,396,192,48,204,51,99,3,0,0,3
380,-47.5,57.5,30,15,0,0.0,0.0,0,0.0,57.5,3,562500.0,65.06818771362305,64.64473342895508,15,30,3,2,30,0,5,-105.0,70.5,-47.5,5.0,3679024,2307.18928,nan,3.679024,nan,2,720,578320,4,3099720,30,2,264,128,32,136,34,66,2,0,0,2
381,-47.5,57.5,32,16,0,0.0,0.0,0,0.0,57.5,3,562500.0,51.81210158127657,32.45098438855989,16,32,3,4,32,0,7,-105.0,70.5,-47.5,5.0,4464760,2311.65404,nan,4.46476,nan,4,1224,1156640,8,3306368,32,4,528,256,64,272,68,132,4,0,0,4
382,-47.5,57.5,30,15,0,0.0,0.0,0,0.0,57.5,2,562500.0,61.73867934026547,59.47853469848633,15,30,2,4,30,0,6,-105.0,70.5,-47.5,5.0,4257896,2315.911936,nan,4.257896,nan,4,1008,1156640,8,3099720,30,4,528,256,64,272,68,132,4,0,0,4
383,-47.5,57.5,32,16,0,0.0,0.0,0,0.0,57.5,2,562500.0,47.70048258716997,30.086231158824877,16,32,2,4,32,0,6,-105.0,70.5,-47.5,5.0,4464472,2320.376408,nan,4.464472,nan,4,936,1156640,8,3306368,32,4,528,256,64,272,68,132,4,0,0,4
384,-47.5,57.5,32,16,0,0.0,0.0,0,0.0,57.5,1,562500.0,50.55515390632931,24.45398362470098,16,32,1,3,32,0,4,-105.0,70.5,-47.5,5.0,4174964,2324.551372,nan,4.174964,nan,3,720,867480,6,3306368,32,3,396,192,48,204,51,99,3,0,0,3
385,-47.5,57.5,32,16,0,0.0,0.0,0,0.0,57.5,0,562500.0,46.69539343295523,28.7220691746538,16,32,0,3,32,0,3,-105.0,70.5,-47.5,5.0,4174820,2328.726192,nan,4.17482,nan,3,576,867480,6,3306368,32,3,396,192,48,204,51,99,3,0,0,3
386,-47.5,57.5,34,17,0,0.0,0.0,0,0.0,57.5,1,562500.0,47.678096523274995,21.40245285985028,17,34,1,5,34,0,6,-105.0,70.5,-47.5,5.0,4960484,2333.686676,nan,4.960484,nan,5,1008,1445800,10,3513016,34,5,660,320,80,340,85,165,5,0,0,5
387,-47.5,57.5,36,18,0,0.0,0.0,0,0.0,57.5,1,562500.0,32.94764947455627,22.56552414185849,18,36,1,4,36,0,5,-105.0,70.5,-47.5,5.0,4877408,2338.564084,nan,4.877408,nan,4,576,1156640,8,3719664,36,4,528,256,64,272,68,132,4,0,0,4
388,-47.5,57.5,46,23,0,0.0,0.0,0,0.0,57.5,1,562500.0,61.91582361857096,60.52992630004883,23,46,1,3,46,0,4,-105.0,70.5,-47.5,5.0,5621716,2344.1858,nan,5.621716,nan,3,936,867480,6,4752904,46,3,396,192,48,204,51,99,3,0,0,3
389,-47.5,57.5,54,27,0,0.0,0.0,0,0.0,57.5,1,562500.0,53.886769096811754,24.456459346426907,27,54,1,4,54,0,5,-105.0,70.5,-47.5,5.0,6737960,2350.92376,nan,6.73796,nan,4,1296,1156640,8,5579496,54,4,528,256,64,272,68,132,4,0,0,4
390,-47.5,57.5,50,25,0,0.0,0.0,0,0.0,57.5,1,562500.0,66.05333137512207,57.82627868652344,25,50,1,2,50,0,3,-105.0,70.5,-47.5,5.0,5745144,2356.668904,nan,5.745144,nan,2,360,578320,4,5166200,50,2,264,128,32,136,34,66,2,0,0,2
391,-47.5,57.5,54,27,0,0.0,0.0,0,0.0,57.5,1,562500.0,39.647530716605615,23.224865257679067,27,54,1,5,54,0,6,-105.0,70.5,-47.5,5.0,7027180,2363.696084,nan,7.02718,nan,5,1224,1445800,10,5579496,54,5,660,320,80,340,85,165,5,0,0,5
392,-47.5,57.5,52,26,0,0.0,0.0,0,0.0,57.5,1,562500.0,43.755537730732044,31.00079216727888,26,52,1,3,52,0,4,-105.0,70.5,-47.5,5.0,6241444,2369.937528,nan,6.241444,nan,3,720,867480,6,5372848,52,3,396,192,48,204,51,99,3,0,0,3
393,-47.5,57.5,42,21,0,0.0,0.0,0,0.0,57.5,1,562500.0,64.83355204264323,60.2106819152832,21,42,1,3,42,0,4,-105.0,70.5,-47.5,5.0,5208132,2375.14566,nan,5.208132,nan,3,648,867480,6,4339608,42,3,396,192,48,204,51,99,3,0,0,3
394,-47.5,57.5,36,18,0,0.0,0.0,0,0.0,57.5,0,562500.0,35.62763716093455,28.72283904661351,18,36,0,4,36,0,4,-105.0,70.5,-47.5,5.0,4877768,2380.023428,nan,4.877768,nan,4,936,1156640,8,3719664,36,4,528,256,64,272,68,132,4,0,0,4
395,-47.5,57.5,42,21,0,0.0,0.0,0,0.0,57.5,1,562500.0,64.08972040812175,59.69084548950195,21,42,1,3,42,0,4,-105.0,70.5,-47.5,5.0,5207916,2385.231344,nan,5.207916,nan,3,432,867480,6,4339608,42,3,396,192,48,204,51,99,3,0,0,3
396,-47.5,57.5,48,24,0,0.0,0.0,0,0.0,57.5,0,562500.0,45.98534455797954,23.24902755015954,24,48,0,3,48,0,3,-105.0,70.5,-47.5,5.0,5828220,2391.059564,nan,5.82822,nan,3,792,867480,6,4959552,48,3,396,192,48,204,51,99,3,0,0,3
397,-47.5,57.5,54,27,0,0.0,0.0,0,0.0,57.5,1,562500.0,43.374228016684306,23.613407439063,27,54,1,3,54,0,4,-105.0,70.5,-47.5,5.0,6448164,2397.507728,nan,6.448164,nan,3,792,867480,6,5579496,54,3,396,192,48,204,51,99,3,0,0,3
398,-47.5,57.5,56,28,0,0.0,0.0,0,0.0,57.5,4,562500.0,48.27640104778471,37.955634247911796,28,56,4,3,56,0,7,-105.0,70.5,-47.5,5.0,6655316,2404.163044,nan,6.655316,nan,3,1296,867480,6,5786144,56,3,396,192,48,204,51,99,3,0,0,3
399,-47.5,57.5,54,27,0,0.0,0.0,0,0.0,57.5,2,562500.0,48.340608420940434,31.763593449336675,27,54,2,6,54,0,8,-105.0,70.5,-47.5,5.0,7316760,2411.479804,nan,7.31676,nan,6,1512,1734960,12,5579496,54,6,792,384,96,408,102,198,6,0,0,6
400,-47.5,57.5,56,28,0,0.0,0.0,0,0.0,57.5,2,562500.0,52.13111421185492,40.190988253637016,28,56,2,4,56,0,6,-105.0,70.5,-47.5,5.0,6944680,2418.424484,nan,6.94468,nan,4,1368,1156640,8,5786144,56,4,528,256,64,272,68,132,4,0,0,4
401,-47.5,57.5,64,32,0,0.0,0.0,0,0.0,57.5,2,562500.0,50.97737502704141,45.288773831959745,32,64,2,3,64,0,5,-105.0,70.5,-47.5,5.0,7481836,2425.90632,nan,7.481836,nan,3,1224,867480,6,6612736,64,3,396,192,48,204,51,99,3,0,0,3
402,-47.5,57.5,70,35,0,0.0,0.0,0,0.0,57.5,3,562500.0,53.1111536710757,46.528722343235785,35,70,3,3,70,0,6,-105.0,70.5,-47.5,5.0,8102428,2434.008748,nan,8.102428,nan,3,1872,867480,6,7232680,70,3,396,192,48,204,51,99,3,0,0,3
403,-47.5,57.5,64,32,0,0.0,0.0,0,0.0,57.5,4,562500.0,43.8574259842706,23.46472600830204,32,64,4,3,64,0,7,-105.0,70.5,-47.5,5.0,7482628,2441.491376,nan,7.482628,nan,3,2016,867480,6,6612736,64,3,396,192,48,204,51,99,3,0,0,3
404,-47.5,57.5,60,30,0,0.0,0.0,0,0.0,57.5,4,562500.0,33.79817338019809,18.846004011304597,30,60,4,3,60,0,7,-105.0,70.5,-47.5,5.0,7069404,2448.56078,nan,7.069404,nan,3,2088,867480,6,6199440,60,3,396,192,48,204,51,99,3,0,0,3
405,-47.5,57.5,58,29,0,0.0,0.0,0,0.0,57.5,2,562500.0,54.698049396950466,40.19912149257265,29,58,2,5,58,0,7,-105.0,70.5,-47.5,5.0,7440908,2456.001688,nan,7.440908,nan,5,1656,1445800,10,5992792,58,5,660,320,80,340,85,165,5,0,0,5
406,-47.5,57.5,58,29,0,0.0,0.0,0,0.0,57.5,0,562500.0,63.866091182611655,60.31538772583008,29,58,0,4,58,0,4,-105.0,70.5,-47.5,5.0,7151256,2463.152944,nan,7.151256,nan,4,1296,1156640,8,5992792,58,4,528,256,64,272,68,132,4,0,0,4
407,-47.5,57.5,58,29,0,0.0,0.0,0,0.0,57.5,1,562500.0,49.814470398646705,33.48288243372614,29,58,1,3,58,0,4,-105.0,70.5,-47.5,5.0,6861676,2470.01462,nan,6.861676,nan,3,1008,867480,6,5992792,58,3,396,192,48,204,51,99,3,0,0,3
408,-47.5,57.5,52,26,0,0.0,0.0,0,0.0,57.5,2,562500.0,50.27265895301235,40.09015501678868,26,52,2,3,52,0,5,-105.0,70.5,-47.5,5.0,6241732,2476.256352,nan,6.241732,nan,3,1008,867480,6,5372848,52,3,396,192,48,204,51,99,3,0,0,3
409,-47.5,57.5,54,27,0,0.0,0.0,0,0.0,57.5,3,562500.0,58.68541601557842,36.59274050282064,27,54,3,3,54,0,6,-105.0,70.5,-47.5,5.0,6449244,2482.705596,nan,6.449244,nan,3,1872,867480,6,5579496,54,3,396,192,48,204,51,99,3,0,0,3
410,-47.5,57.5,56,28,0,0.0,0.0,0,0.0,57.5,2,562500.0,51.21643704653309,35.69591547260335,28,56,2,5,56,0,7,-105.0,70.5,-47.5,5.0,7234044,2489.93964,nan,7.234044,nan,5,1440,1445800,10,5786144,56,5,660,320,80,340,85,165,5,0,0,5
411,-47.5,57.5,46,23,0,0.0,0.0,0,0.0,57.5,0,562500.0,35.682329070600005,27.319469527826506,23,46,0,4,46,0,4,-105.0,70.5,-47.5,5.0,5910792,2495.850432,nan,5.910792,nan,4,720,1156640,8,4752904,46,4,528,256,64,272,68,132,4,0,0,4
412,-47.5,57.5,38,19,0,0.0,0.0,0,0.0,57.5,1,562500.0,36.02614416545189,31.000024982212146,19,38,1,2,38,0,3,-105.0,70.5,-47.5,5.0,4505400,2500.355832,nan,4.5054,nan,2,504,578320,4,3926312,38,2,264,128,32,136,34,66,2,0,0,2
413,-47.5,57.5,38,19,0,0.0,0.0,0,0.0,57.5,2,562500.0,50.778012721284526,31.55076872427849,19,38,2,5,38,0,7,-105.0,70.5,-47.5,5.0,5373708,2505.72954,nan,5.373708,nan,5,936,1445800,10,3926312,38,5,660,320,80,340,85,165,5,0,0,5
414,-47.5,57.5,36,18,0,0.0,0.0,0,0.0,57.5,0,562500.0,42.50215891973793,30.929554898542193,18,36,0,5,36,0,5,-105.0,70.5,-47.5,5.0,5166988,2510.896528,nan,5.166988,nan,5,864,1445800,10,3719664,36,5,660,320,80,340,85,165,5,0,0,5
415,-47.5,57.5,38,19,0,0.0,0.0,0,0.0,57.5,2,562500.0,62.40807914733887,61.1956672668457,19,38,2,2,38,0,4,-105.0,70.5,-47.5,5.0,4505688,2515.402216,nan,4.505688,nan,2,792,578320,4,3926312,38,2,264,128,32,136,34,66,2,0,0,2
416,-47.5,57.5,38,19,0,0.0,0.0,0,0.0,57.5,1,562500.0,45.23201379388295,30.021087339953823,19,38,1,3,38,0,4,-105.0,70.5,-47.5,5.0,4794836,2520.197052,nan,4.794836,nan,3,648,867480,6,3926312,38,3,396,192,48,204,51,99,3,0,0,3
417,-47.5,57.5,32,16,0,0.0,0.0,0,0.0,57.5,1,562500.0,67.61944389343262,62.68829345703125,16,32,1,2,32,0,3,-105.0,70.5,-47.5,5.0,3885384,2524.082436,nan,3.885384,nan,2,432,578320,4,3306368,32,2,264,128,32,136,34,66,2,0,0,2
418,-47.5,57.5,38,19,0,0.0,0.0,0,0.0,57.5,2,562500.0,40.78316628337526,22.81890576312506,19,38,2,5,38,0,7,-105.0,70.5,-47.5,5.0,5373780,2529.456216,nan,5.37378,nan,5,1008,1445800,10,3926312,38,5,660,320,80,340,85,165,5,0,0,5
419,-47.5,57.5,42,21,0,0.0,0.0,0,0.0,57.5,0,562500.0,57.233980869212324,51.05138375131344,21,42,0,5,42,0,5,-105.0,70.5,-47.5,5.0,5787076,2535.243292,nan,5.787076,nan,5,1008,1445800,10,4339608,42,5,660,320,80,340,85,165,5,0,0,5
420,-47.5,57.5,42,21,0,0.0,0.0,0,0.0,57.5,2,562500.0,43.784075635631915,32.5952067389924,21,42,2,3,42,0,5,-105.0,70.5,-47.5,5.0,5208348,2540.45164,nan,5.208348,nan,3,864,867480,6,4339608,42,3,396,192,48,204,51,99,3,0,0,3
421,-47.5,57.5,50,25,0,0.0,0.0,0,0.0,57.5,1,562500.0,40.808223960450704,29.03646300761671,25,50,1,5,50,0,6,-105.0,70.5,-47.5,5.0,6613812,2547.065452,nan,6.613812,nan,5,1152,1445800,10,5166200,50,5,660,320,80,340,85,165,5,0,0,5
422,-47.5,57.5,42,21,0,0.0,0.0,0,0.0,57.5,1,562500.0,51.09306072538924,43.13172050746815,21,42,1,3,42,0,4,-105.0,70.5,-47.5,5.0,5208492,2552.273944,nan,5.208492,nan,3,1008,867480,6,4339608,42,3,396,192,48,204,51,99,3,0,0,3
423,-47.5,57.5,36,18,0,0.0,0.0,0,0.0,57.5,0,562500.0,63.48210620880127,61.43416976928711,18,36,0,2,36,0,2,-105.0,70.5,-47.5,5.0,4298752,2556.572696,nan,4.298752,nan,2,504,578320,4,3719664,36,2,264,128,32,136,34,66,2,0,0,2
424,-47.5,57.5,38,19,0,0.0,0.0,0,0.0,57.5,0,562500.0,20.012666212464758,18.227706100160898,19,38,0,4,38,0,4,-105.0,70.5,-47.5,5.0,5084128,2561.656824,nan,5.084128,nan,4,648,1156640,8,3926312,38,4,528,256,64,272,68,132,4,0,0,4
425,-47.5,57.5,44,22,0,0.0,0.0,0,0.0,57.5,1,562500.0,49.17696903925072,35.63141526121872,22,44,1,4,44,0,5,-105.0,70.5,-47.5,5.0,5704360,2567.361184,nan,5.70436,nan,4,936,1156640,8,4546256,44,4,528,256,64,272,68,132,4,0,0,4
426,-47.5,57.5,46,23,0,0.0,0.0,0,0.0,57.5,2,562500.0,45.95354473685255,32.31761228247771,23,46,2,5,46,0,7,-105.0,70.5,-47.5,5.0,6200372,2573.561556,nan,6.200372,nan,5,1008,1445800,10,4752904,46,5,660,320,80,340,85,165,5,0,0,5
427,-47.5,57.5,48,24,0,0.0,0.0,0,0.0,57.5,1,562500.0,52.60490690064661,39.95885048597858,24,48,1,4,48,0,5,-105.0,70.5,-47.5,5.0,6117656,2579.679212,nan,6.117656,nan,4,936,1156640,8,4959552,48,4,528,256,64,272,68,132,4,0,0,4
428,-47.5,57.5,56,28,0,0.0,0.0,0,0.0,57.5,1,562500.0,57.511796641823516,51.212889545285556,28,56,1,5,56,0,6,-105.0,70.5,-47.5,5.0,7233900,2586.913112,nan,7.2339,nan,5,1296,1445800,10,5786144,56,5,660,320,80,340,85,165,5,0,0,5
429,-47.5,57.5,58,29,0,0.0,0.0,0,0.0,57.5,1,562500.0,44.00752959377454,33.4553699137781,29,58,1,5,58,0,6,-105.0,70.5,-47.5,5.0,7440404,2594.353516,nan,7.440404,nan,5,1152,1445800,10,5992792,58,5,660,320,80,340,85,165,5,0,0,5
430,-47.5,57.5,56,28,0,0.0,0.0,0,0.0,57.5,0,562500.0,43.54185594652697,35.860836947629195,28,56,0,5,56,0,5,-105.0,70.5,-47.5,5.0,7233756,2601.587272,nan,7.233756,nan,5,1152,1445800,10,5786144,56,5,660,320,80,340,85,165,5,0,0,5
431,-47.5,57.5,56,28,0,0.0,0.0,0,0.0,57.5,0,562500.0,39.26550973276676,18.07600407379946,28,56,0,4,56,0,4,-105.0,70.5,-47.5,5.0,6944032,2608.531304,nan,6.944032,nan,4,720,1156640,8,5786144,56,4,528,256,64,272,68,132,4,0,0,4
432,-47.5,57.5,58,29,0,0.0,0.0,0,0.0,57.5,0,562500.0,50.37334579738263,29.350094751049095,29,58,0,4,58,0,4,-105.0,70.5,-47.5,5.0,7150824,2615.682128,nan,7.150824,nan,4,864,1156640,8,5992792,58,4,528,256,64,272,68,132,4,0,0,4
433,-47.5,57.5,56,28,0,0.0,0.0,0,0.0,57.5,1,562500.0,52.4219660874985,45.07726037540785,28,56,1,3,56,0,4,-105.0,70.5,-47.5,5.0,6654740,2622.336868,nan,6.65474,nan,3,720,867480,6,5786144,56,3,396,192,48,204,51,99,3,0,0,3
434,-47.5,57.5,58,29,0,0.0,0.0,0,0.0,57.5,1,562500.0,38.32965718158888,29.246675455770287,29,58,1,4,58,0,5,-105.0,70.5,-47.5,5.0,7151040,2629.487908,nan,7.15104,nan,4,1080,1156640,8,5992792,58,4,528,256,64,272,68,132,4,0,0,4
435,-47.5,57.5,58,29,0,0.0,0.0,0,0.0,57.5,0,562500.0,47.56117052065851,37.57020432934206,29,58,0,5,58,0,5,-105.0,70.5,-47.5,5.0,7440332,2636.92824,nan,7.440332,nan,5,1080,1445800,10,5992792,58,5,660,320,80,340,85,165,5,0,0,5
436,-47.5,57.5,60,30,0,0.0,0.0,0,0.0,57.5,0,562500.0,39.3897857507354,18.10126499909243,30,60,0,4,60,0,4,-105.0,70.5,-47.5,5.0,7357400,2644.28564,nan,7.3574,nan,4,792,1156640,8,6199440,60,4,528,256,64,272,68,132,4,0,0,4
437,-47.5,57.5,58,29,0,0.0,0.0,0,0.0,57.5,1,562500.0,36.26697624129712,21.00805143522335,29,58,1,3,58,0,4,-105.0,70.5,-47.5,5.0,6861532,2651.147172,nan,6.861532,nan,3,864,867480,6,5992792,58,3,396,192,48,204,51,99,3,0,0,3
438,-47.5,57.5,56,28,0,0.0,0.0,0,0.0,57.5,0,562500.0,40.227586296812774,19.014739881290566,28,56,0,5,56,0,5,-105.0,70.5,-47.5,5.0,7233684,2658.380856,nan,7.233684,nan,5,1080,1445800,10,5786144,56,5,660,320,80,340,85,165,5,0,0,5
439,-47.5,57.5,48,24,0,0.0,0.0,0,0.0,57.5,1,562500.0,48.80324284331465,37.683334274036284,24,48,1,3,48,0,4,-105.0,70.5,-47.5,5.0,5828220,2664.209076,nan,5.82822,nan,3,792,867480,6,4959552,48,3,396,192,48,204,51,99,3,0,0,3
440,-47.5,57.5,48,24,0,0.0,0.0,0,0.0,57.5,0,562500.0,40.27198370615879,35.860836947629195,24,48,0,4,48,0,4,-105.0,70.5,-47.5,5.0,6117584,2670.32666,nan,6.117584,nan,4,864,1156640,8,4959552,48,4,528,256,64,272,68,132,4,0,0,4
441,-47.5,57.5,48,24,0,0.0,0.0,0,0.0,57.5,0,562500.0,39.26550973276676,18.07600407379946,24,48,0,4,48,0,4,-105.0,70.5,-47.5,5.0,6117368,2676.444028,nan,6.117368,nan,4,648,1156640,8,4959552,48,4,528,256,64,272,68,132,4,0,0,4
442,-47.5,57.5,48,24,0,0.0,0.0,0,0.0,57.5,1,562500.0,35.921256447847576,21.00805143522335,24,48,1,3,48,0,4,-105.0,70.5,-47.5,5.0,5828220,2682.272248,nan,5.82822,nan,3,792,867480,6,4959552,48,3,396,192,48,204,51,99,3,0,0,3
443,-47.5,57.5,52,26,0,0.0,0.0,0,0.0,57.5,0,562500.0,47.35122646357889,30.48039206031715,26,52,0,5,52,0,5,-105.0,70.5,-47.5,5.0,6820172,2689.09242,nan,6.820172,nan,5,864,1445800,10,5372848,52,5,660,320,80,340,85,165,5,0,0,5
444,-47.5,57.5,56,28,0,0.0,0.0,0,0.0,57.5,1,562500.0,33.848648418316486,19.699915904378496,28,56,1,4,56,0,5,-105.0,70.5,-47.5,5.0,6944248,2696.036668,nan,6.944248,nan,4,936,1156640,8,5786144,56,4,528,256,64,272,68,132,4,0,0,4
445,-47.5,57.5,58,29,0,0.0,0.0,0,0.0,57.5,0,562500.0,44.631184044680126,18.14339374089273,29,58,0,5,58,0,5,-105.0,70.5,-47.5,5.0,7440404,2703.477072,nan,7.440404,nan,5,1152,1445800,10,5992792,58,5,660,320,80,340,85,165,5,0,0,5
446,-47.5,57.5,60,30,0,0.0,0.0,0,0.0,57.5,0,562500.0,39.26550973276676,18.07600407379946,30,60,0,4,60,0,4,-105.0,70.5,-47.5,5.0,7357328,2710.8344,nan,7.357328,nan,4,720,1156640,8,6199440,60,4,528,256,64,272,68,132,4,0,0,4
447,-47.5,57.5,60,30,0,0.0,0.0,0,0.0,57.5,1,562500.0,47.120173699488696,29.350094751049095,30,60,1,3,60,0,4,-105.0,70.5,-47.5,5.0,7068252,2717.902652,nan,7.068252,nan,3,936,867480,6,6199440,60,3,396,192,48,204,51,99,3,0,0,3
448,-47.5,57.5,58,29,0,0.0,0.0,0,0.0,57.5,1,562500.0,58.50178627374957,52.514710879245854,29,58,1,4,58,0,5,-105.0,70.5,-47.5,5.0,7151040,2725.053692,nan,7.15104,nan,4,1080,1156640,8,5992792,58,4,528,256,64,272,68,132,4,0,0,4
449,-47.5,57.5,50,25,0,0.0,0.0,0,0.0,57.5,1,562500.0,41.35763116824919,37.683334274036284,25,50,1,4,50,0,5,-105.0,70.5,-47.5,5.0,6324448,2731.37814,nan,6.324448,nan,4,1080,1156640,8,5166200,50,4,528,256,64,272,68,132,4,0,0,4
450,-47.5,57.5,48,24,0,0.0,0.0,0,0.0,57.5,0,562500.0,42.20958476166071,18.14339374089273,24,48,0,4,48,0,4,-105.0,70.5,-47.5,5.0,6117584,2737.495724,nan,6.117584,nan,4,864,1156640,8,4959552,48,4,528,256,64,272,68,132,4,0,0,4
451,-47.5,57.5,54,27,0,0.0,0.0,0,0.0,57.5,0,562500.0,52.627972764395565,33.77308791597297,27,54,0,4,54,0,4,-105.0,70.5,-47.5,5.0,6737456,2744.23318,nan,6.737456,nan,4,792,1156640,8,5579496,54,4,528,256,64,272,68,132,4,0,0,4
452,-47.5,57.5,50,25,0,0.0,0.0,0,0.0,57.5,1,562500.0,47.64039346138606,32.07045104745525,25,50,1,3,50,0,4,-105.0,70.5,-47.5,5.0,6034868,2750.268048,nan,6.034868,nan,3,792,867480,6,5166200,50,3,396,192,48,204,51,99,3,0,0,3
453,-47.5,57.5,52,26,0,0.0,0.0,0,0.0,57.5,1,562500.0,48.504051744749894,40.35339851402475,26,52,1,3,52,0,4,-105.0,70.5,-47.5,5.0,6241660,2756.509708,nan,6.24166,nan,3,936,867480,6,5372848,52,3,396,192,48,204,51,99,3,0,0,3
454,-47.5,57.5,50,25,0,0.0,0.0,0,0.0,57.5,1,562500.0,45.3224305952059,34.2290751221862,25,50,1,5,50,0,6,-105.0,70.5,-47.5,5.0,6613740,2763.123448,nan,6.61374,nan,5,1080,1445800,10,5166200,50,5,660,320,80,340,85,165,5,0,0,5
455,-47.5,57.5,48,24,0,0.0,0.0,0,0.0,57.5,1,562500.0,40.83229654242723,32.347863442461545,24,48,1,4,48,0,5,-105.0,70.5,-47.5,5.0,6117584,2769.241032,nan,6.117584,nan,4,864,1156640,8,4959552,48,4,528,256,64,272,68,132,4,0,0,4
456,-47.5,57.5,44,22,0,0.0,0.0,0,0.0,57.5,1,562500.0,50.899338781097796,36.79642807527117,22,44,1,4,44,0,5,-105.0,70.5,-47.5,5.0,5704216,2774.945248,nan,5.704216,nan,4,792,1156640,8,4546256,44,4,528,256,64,272,68,132,4,0,0,4
457,-47.5,57.5,40,20,0,0.0,0.0,0,0.0,57.5,1,562500.0,46.00407356994418,24.543905381509962,20,40,1,4,40,0,5,-105.0,70.5,-47.5,5.0,5290920,2780.236168,nan,5.29092,nan,4,792,1156640,8,4132960,40,4,528,256,64,272,68,132,4,0,0,4
458,-47.5,57.5,30,15,0,0.0,0.0,0,0.0,57.5,1,562500.0,35.74421530561464,19.227762726856696,15,30,1,4,30,0,5,-105.0,70.5,-47.5,5.0,4257824,2784.493992,nan,4.257824,nan,4,936,1156640,8,3099720,30,4,528,256,64,272,68,132,4,0,0,4
459,-47.5,57.5,30,15,0,0.0,0.0,0,0.0,57.5,1,562500.0,52.587416839451684,41.6068158438497,15,30,1,4,30,0,5,-105.0,70.5,-47.5,5.0,4257320,2788.751312,nan,4.25732,nan,4,432,1156640,8,3099720,30,4,528,256,64,272,68,132,4,0,0,4
460,-47.5,57.5,20,10,0,0.0,0.0,0,0.0,57.5,1,562500.0,68.12405204772949,63.38282775878906,10,20,1,2,20,0,3,-105.0,70.5,-47.5,5.0,2645352,2791.396664,nan,2.645352,nan,2,288,578320,4,2066480,20,2,264,128,32,136,34,66,2,0,0,2
461,-47.5,57.5,24,12,0,0.0,0.0,0,0.0,57.5,2,562500.0,40.96678651243585,20.623138839677214,12,24,2,4,24,0,6,-105.0,70.5,-47.5,5.0,3637520,2795.034184,nan,3.63752,nan,4,576,1156640,8,2479776,24,4,528,256,64,272,68,132,4,0,0,4
462,-47.5,57.5,22,11,0,0.0,0.0,0,0.0,57.5,0,562500.0,43.17905945665544,31.28969274221444,11,22,0,4,22,0,4,-105.0,70.5,-47.5,5.0,3430728,2798.464912,nan,3.430728,nan,4,432,1156640,8,2273128,22,4,528,256,64,272,68,132,4,0,0,4
463,-47.5,57.5,18,9,0,0.0,0.0,0,0.0,57.5,1,562500.0,62.36126899719238,61.173095703125,9,18,1,2,18,0,3,-105.0,70.5,-47.5,5.0,2438776,2800.903688,nan,2.438776,nan,2,360,578320,4,1859832,18,2,264,128,32,136,34,66,2,0,0,2
464,-47.5,57.5,12,6,0,0.0,0.0,0,0.0,57.5,2,562500.0,40.82184050715357,25.36615919960472,6,12,2,4,12,0,6,-105.0,70.5,-47.5,5.0,2397560,2803.301248,nan,2.39756,nan,4,504,1156640,8,1239888,12,4,528,256,64,272,68,132,4,0,0,4
465,-47.5,57.5,14,7,0,0.0,0.0,0,0.0,57.5,1,562500.0,48.594398229691855,42.53371134112606,7,14,1,3,14,0,4,-105.0,70.5,-47.5,5.0,2314844,2805.616092,nan,2.314844,nan,3,432,867480,6,1446536,14,3,396,192,48,204,51,99,3,0,0,3
466,-47.5,57.5,12,6,0,0.0,0.0,0,0.0,57.5,1,562500.0,71.3763198852539,71.3763198852539,6,12,1,1,12,0,2,-105.0,70.5,-47.5,5.0,1529468,2807.14556,nan,1.529468,nan,1,288,289160,2,1239888,12,1,132,64,16,68,17,33,1,0,0,1
467,-47.5,57.5,10,5,0,0.0,0.0,0,0.0,57.5,0,562500.0,59.841816492587036,57.60800824718133,5,10,0,3,10,0,3,-105.0,70.5,-47.5,5.0,1901404,2809.046964,nan,1.901404,nan,3,288,867480,6,1033240,10,3,396,192,48,204,51,99,3,0,0,3
468,-47.5,57.5,10,5,0,0.0,0.0,0,0.0,57.5,0,562500.0,60.4526424407959,58.97321701049805,5,10,0,2,10,0,2,-105.0,70.5,-47.5,5.0,1612040,2810.659004,nan,1.61204,nan,2,216,578320,4,1033240,10,2,264,128,32,136,34,66,2,0,0,2
469,-47.5,57.5,22,11,0,0.0,0.0,0,0.0,57.5,2,562500.0,63.69939867655436,59.110565185546875,11,22,2,3,22,0,5,-105.0,70.5,-47.5,5.0,3141580,2813.800584,nan,3.14158,nan,3,576,867480,6,2273128,22,3,396,192,48,204,51,99,3,0,0,3
470,-47.5,57.5,34,17,0,0.0,0.0,0,0.0,57.5,1,562500.0,58.05480299057533,38.4910837954715,17,34,1,3,34,0,4,-105.0,70.5,-47.5,5.0,4381684,2818.182268,nan,4.381684,nan,3,792,867480,6,3513016,34,3,396,192,48,204,51,99,3,0,0,3
471,-47.5,57.5,38,19,0,0.0,0.0,0,0.0,57.5,2,562500.0,45.753670393904024,23.83136681030092,19,38,2,4,38,0,6,-105.0,70.5,-47.5,5.0,5084704,2823.266972,nan,5.084704,nan,4,1224,1156640,8,3926312,38,4,528,256,64,272,68,132,4,0,0,4
472,-47.5,57.5,44,22,0,0.0,0.0,0,0.0,57.5,3,562500.0,66.67310206095378,64.79924774169922,22,44,3,3,44,0,6,-105.0,70.5,-47.5,5.0,5415284,2828.682256,nan,5.415284,nan,3,1152,867480,6,4546256,44,3,396,192,48,204,51,99,3,0,0,3
473,-47.5,57.5,56,28,0,0.0,0.0,0,0.0,57.5,3,562500.0,39.64795001684964,36.81322697933326,28,56,3,2,56,0,5,-105.0,70.5,-47.5,5.0,6366240,2835.048496,nan,6.36624,nan,2,1512,578320,4,5786144,56,2,264,128,32,136,34,66,2,0,0,2
474,-47.5,57.5,58,29,0,0.0,0.0,0,0.0,57.5,4,562500.0,42.47503487333256,36.64926697062002,29,58,4,4,58,0,8,-105.0,70.5,-47.5,5.0,7151904,2842.2004,nan,7.151904,nan,4,1944,1156640,8,5992792,58,4,528,256,64,272,68,132,4,0,0,4
475,-47.5,57.5,54,27,0,0.0,0.0,0,0.0,57.5,3,562500.0,55.28083923546862,43.91117195769982,27,54,3,4,54,0,7,-105.0,70.5,-47.5,5.0,6738104,2848.938504,nan,6.738104,nan,4,1440,1156640,8,5579496,54,4,528,256,64,272,68,132,4,0,0,4
476,-47.5,57.5,48,24,0,0.0,0.0,0,0.0,57.5,2,562500.0,36.37652323850209,18.557946401612103,24,48,2,3,48,0,5,-105.0,70.5,-47.5,5.0,5828508,2854.767012,nan,5.828508,nan,3,1080,867480,6,4959552,48,3,396,192,48,204,51,99,3,0,0,3
477,-47.5,57.5,46,23,0,0.0,0.0,0,0.0,57.5,1,562500.0,40.108946574721195,18.068280860233017,23,46,1,3,46,0,4,-105.0,70.5,-47.5,5.0,5621788,2860.3888,nan,5.621788,nan,3,1008,867480,6,4752904,46,3,396,192,48,204,51,99,3,0,0,3
478,-47.5,57.5,40,20,0,0.0,0.0,0,0.0,57.5,2,562500.0,50.0834368685535,34.49728192304609,20,40,2,3,40,0,5,-105.0,70.5,-47.5,5.0,5001844,2865.390644,nan,5.001844,nan,3,1008,867480,6,4132960,40,3,396,192,48,204,51,99,3,0,0,3
479,-47.5,57.5,40,20,0,0.0,0.0,0,0.0,57.5,1,562500.0,63.508524576822914,58.387123107910156,20,40,1,3,40,0,4,-105.0,70.5,-47.5,5.0,5001916,2870.39256,nan,5.001916,nan,3,1080,867480,6,4132960,40,3,396,192,48,204,51,99,3,0,0,3
480,-47.5,57.5,42,21,0,0.0,0.0,0,0.0,57.5,3,562500.0,45.7063205809582,31.641079958666253,21,42,3,3,42,0,6,-105.0,70.5,-47.5,5.0,5208924,2875.601484,nan,5.208924,nan,3,1440,867480,6,4339608,42,3,396,192,48,204,51,99,3,0,0,3
481,-47.5,57.5,38,19,0,0.0,0.0,0,0.0,57.5,2,562500.0,52.27554243900264,46.03432993150709,19,38,2,3,38,0,5,-105.0,70.5,-47.5,5.0,4795556,2880.39704,nan,4.795556,nan,3,1368,867480,6,3926312,38,3,396,192,48,204,51,99,3,0,0,3
482,-47.5,57.5,46,23,0,0.0,0.0,0,0.0,57.5,2,562500.0,44.452678777561175,25.362552009667205,23,46,2,5,46,0,7,-105.0,70.5,-47.5,5.0,6200588,2886.597628,nan,6.200588,nan,5,1224,1445800,10,4752904,46,5,660,320,80,340,85,165,5,0,0,5
483,-47.5,57.5,52,26,0,0.0,0.0,0,0.0,57.5,3,562500.0,41.70064674091951,21.643158197818927,26,52,3,3,52,0,6,-105.0,70.5,-47.5,5.0,6241948,2892.839576,nan,6.241948,nan,3,1224,867480,6,5372848,52,3,396,192,48,204,51,99,3,0,0,3
484,-47.5,57.5,54,27,0,0.0,0.0,0,0.0,57.5,3,562500.0,65.81672477722168,64.23024368286133,27,54,3,2,54,0,5,-105.0,70.5,-47.5,5.0,6159520,2898.999096,nan,6.15952,nan,2,1440,578320,4,5579496,54,2,264,128,32,136,34,66,2,0,0,2
485,-47.5,57.5,54,27,0,0.0,0.0,0,0.0,57.5,3,562500.0,34.12947812281561,21.335400560098012,27,54,3,4,54,0,7,-105.0,70.5,-47.5,5.0,6738680,2905.737776,nan,6.73868,nan,4,2016,1156640,8,5579496,54,4,528,256,64,272,68,132,4,0,0,4
486,-47.5,57.5,58,29,0,0.0,0.0,0,0.0,57.5,3,562500.0,40.76008088354637,22.421567611046544,29,58,3,6,58,0,9,-105.0,70.5,-47.5,5.0,7730488,2913.468264,nan,7.730488,nan,6,1944,1734960,12,5992792,58,6,792,384,96,408,102,198,6,0,0,6
487,-47.5,57.5,52,26,0,0.0,0.0,0,0.0,57.5,1,562500.0,51.38819108685983,42.77037836334402,26,52,1,3,52,0,4,-105.0,70.5,-47.5,5.0,6241516,2919.70978,nan,6.241516,nan,3,792,867480,6,5372848,52,3,396,192,48,204,51,99,3,0,0,3
488,-47.5,57.5,54,27,0,0.0,0.0,0,0.0,57.5,1,562500.0,56.06101050794046,50.97163182934718,27,54,1,4,54,0,5,-105.0,70.5,-47.5,5.0,6737528,2926.447308,nan,6.737528,nan,4,864,1156640,8,5579496,54,4,528,256,64,272,68,132,4,0,0,4
489,-47.5,57.5,56,28,0,0.0,0.0,0,0.0,57.5,2,562500.0,47.84353841168087,40.8377188402296,28,56,2,3,56,0,5,-105.0,70.5,-47.5,5.0,6655172,2933.10248,nan,6.655172,nan,3,1152,867480,6,5786144,56,3,396,192,48,204,51,99,3,0,0,3
490,-47.5,57.5,54,27,0,0.0,0.0,0,0.0,57.5,3,562500.0,64.99186888109614,60.21068572998047,27,54,3,3,54,0,6,-105.0,70.5,-47.5,5.0,6449100,2939.55158,nan,6.4491,nan,3,1728,867480,6,5579496,54,3,396,192,48,204,51,99,3,0,0,3
491,-47.5,57.5,54,27,0,0.0,0.0,0,0.0,57.5,3,562500.0,45.82759376751568,39.993540483461075,27,54,3,4,54,0,7,-105.0,70.5,-47.5,5.0,6738536,2946.290116,nan,6.738536,nan,4,1872,1156640,8,5579496,54,4,528,256,64,272,68,132,4,0,0,4
492,-47.5,57.5,60,30,0,0.0,0.0,0,0.0,57.5,1,562500.0,38.441723710458454,19.10568112382688,30,60,1,5,60,0,6,-105.0,70.5,-47.5,5.0,7647484,2953.9376,nan,7.647484,nan,5,1584,1445800,10,6199440,60,5,660,320,80,340,85,165,5,0,0,5
493,-47.5,57.5,58,29,0,0.0,0.0,0,0.0,57.5,0,562500.0,50.70204153157932,45.10733780747713,29,58,0,5,58,0,5,-105.0,70.5,-47.5,5.0,7440260,2961.37786,nan,7.44026,nan,5,1008,1445800,10,5992792,58,5,660,320,80,340,85,165,5,0,0,5
494,-47.5,57.5,64,32,0,0.0,0.0,0,0.0,57.5,1,562500.0,50.596332604783754,33.61571722872846,32,64,1,4,64,0,5,-105.0,70.5,-47.5,5.0,7770984,2969.148844,nan,7.770984,nan,4,1080,1156640,8,6612736,64,4,528,256,64,272,68,132,4,0,0,4
495,-47.5,57.5,66,33,0,0.0,0.0,0,0.0,57.5,2,562500.0,65.00281579068273,60.21068572998047,33,66,2,3,66,0,5,-105.0,70.5,-47.5,5.0,7689132,2976.837976,nan,7.689132,nan,3,1872,867480,6,6819384,66,3,396,192,48,204,51,99,3,0,0,3
496,-47.5,57.5,70,35,0,0.0,0.0,0,0.0,57.5,1,562500.0,47.564923395536916,32.437328199297454,35,70,1,5,70,0,6,-105.0,70.5,-47.5,5.0,8680868,2985.518844,nan,8.680868,nan,5,1728,1445800,10,7232680,70,5,660,320,80,340,85,165,5,0,0,5
497,-47.5,57.5,76,38,0,0.0,0.0,0,0.0,57.5,1,562500.0,50.528126916146775,31.52609759811432,38,76,1,4,76,0,5,-105.0,70.5,-47.5,5.0,9010872,2994.529716,nan,9.010872,nan,4,1080,1156640,8,7852624,76,4,528,256,64,272,68,132,4,0,0,4
498,-47.5,57.5,78,39,0,0.0,0.0,0,0.0,57.5,2,562500.0,52.87257869391632,44.821277195007305,39,78,2,3,78,0,5,-105.0,70.5,-47.5,5.0,8928444,3003.45816,nan,8.928444,nan,3,1296,867480,6,8059272,78,3,396,192,48,204,51,99,3,0,0,3
499,-47.5,57.5,74,37,0,0.0,0.0,0,0.0,57.5,3,562500.0,53.80076395966045,42.37747315793965,37,74,3,3,74,0,6,-105.0,70.5,-47.5,5.0,8515436,3011.973596,nan,8.515436,nan,3,1584,867480,6,7645976,74,3,396,192,48,204,51,99,3,0,0,3
500,-47.5,57.5,72,36,0,0.0,0.0,0,0.0,57.5,4,562500.0,52.94008353119114,39.96111602768674,36,72,4,3,72,0,7,-105.0,70.5,-47.5,5.0,8309580,3020.283176,nan,8.30958,nan,3,2376,867480,6,7439328,72,3,396,192,48,204,51,99,3,0,0,3
501,-47.5,57.5,54,27,0,0.0,0.0,0,0.0,57.5,4,562500.0,43.65167898615004,38.134575717297544,27,54,4,4,54,0,8,-105.0,70.5,-47.5,5.0,6738608,3027.021784,nan,6.738608,nan,4,1944,1156640,8,5579496,54,4,528,256,64,272,68,132,4,0,0,4
502,-47.5,57.5,50,25,0,0.0,0.0,0,0.0,57.5,3,562500.0,43.93062937014531,24.027383575409132,25,50,3,4,50,0,7,-105.0,70.5,-47.5,5.0,6324952,3033.346736,nan,6.324952,nan,4,1584,1156640,8,5166200,50,4,528,256,64,272,68,132,4,0,0,4
503,-47.5,57.5,48,24,0,0.0,0.0,0,0.0,57.5,1,562500.0,50.76542988404471,18.22686841283803,24,48,1,4,48,0,5,-105.0,70.5,-47.5,5.0,6117728,3039.464464,nan,6.117728,nan,4,1008,1156640,8,4959552,48,4,528,256,64,272,68,132,4,0,0,4
504,-47.5,57.5,44,22,0,0.0,0.0,0,0.0,57.5,2,562500.0,59.96099090576172,58.161354064941406,22,44,2,3,44,0,5,-105.0,70.5,-47.5,5.0,5414852,3044.879316,nan,5.414852,nan,3,720,867480,6,4546256,44,3,396,192,48,204,51,99,3,0,0,3
505,-47.5,57.5,46,23,0,0.0,0.0,0,0.0,57.5,1,562500.0,39.398616709886944,22.781640743664195,23,46,1,5,46,0,6,-105.0,70.5,-47.5,5.0,6200372,3051.079688,nan,6.200372,nan,5,1008,1445800,10,4752904,46,5,660,320,80,340,85,165,5,0,0,5
506,-47.5,57.5,44,22,0,0.0,0.0,0,0.0,57.5,1,562500.0,33.91264450941493,24.913948494294793,22,44,1,5,44,0,6,-105.0,70.5,-47.5,5.0,5993724,3057.073412,nan,5.993724,nan,5,1008,1445800,10,4546256,44,5,660,320,80,340,85,165,5,0,0,5
507,-47.5,57.5,38,19,0,0.0,0.0,0,0.0,57.5,2,562500.0,63.99717140197754,60.407493591308594,19,38,2,2,38,0,4,-105.0,70.5,-47.5,5.0,4505616,3061.579028,nan,4.505616,nan,2,720,578320,4,3926312,38,2,264,128,32,136,34,66,2,0,0,2
508,-47.5,57.5,36,18,0,0.0,0.0,0,0.0,57.5,3,562500.0,48.34636592480064,40.09520135048901,18,36,3,3,36,0,6,-105.0,70.5,-47.5,5.0,4588548,3066.167576,nan,4.588548,nan,3,1008,867480,6,3719664,36,3,396,192,48,204,51,99,3,0,0,3
509,-47.5,57.5,38,19,0,0.0,0.0,0,0.0,57.5,1,562500.0,42.445518169119666,32.58755362530182,19,38,1,4,38,0,5,-105.0,70.5,-47.5,5.0,5084272,3071.251848,nan,5.084272,nan,4,792,1156640,8,3926312,38,4,528,256,64,272,68,132,4,0,0,4
510,-47.5,57.5,50,25,0,0.0,0.0,0,0.0,57.5,3,562500.0,50.27377026224708,35.863679303003565,25,50,3,4,50,0,7,-105.0,70.5,-47.5,5.0,6324520,3077.576368,nan,6.32452,nan,4,1152,1156640,8,5166200,50,4,528,256,64,272,68,132,4,0,0,4
511,-47.5,57.5,56,28,0,0.0,0.0,0,0.0,57.5,2,562500.0,54.534328869447435,45.09257104337802,28,56,2,5,56,0,7,-105.0,70.5,-47.5,5.0,7234476,3084.810844,nan,7.234476,nan,5,1872,1445800,10,5786144,56,5,660,320,80,340,85,165,5,0,0,5
512,-47.5,57.5,64,32,0,0.0,0.0,0,0.0,57.5,1,562500.0,61.2402458190918,57.52427291870117,32,64,1,4,64,0,5,-105.0,70.5,-47.5,5.0,7771560,3092.582404,nan,7.77156,nan,4,1656,1156640,8,6612736,64,4,528,256,64,272,68,132,4,0,0,4
513,-47.5,57.5,68,34,0,0.0,0.0,0,0.0,57.5,2,562500.0,41.93086840044768,26.637254851754115,34,68,2,3,68,0,5,-105.0,70.5,-47.5,5.0,7895132,3100.477536,nan,7.895132,nan,3,1224,867480,6,7026032,68,3,396,192,48,204,51,99,3,0,0,3
514,-47.5,57.5,68,34,0,0.0,0.0,0,0.0,57.5,3,562500.0,50.702287607768696,33.11101787119089,34,68,3,4,68,0,7,-105.0,70.5,-47.5,5.0,8185144,3108.66268,nan,8.185144,nan,4,1944,1156640,8,7026032,68,4,528,256,64,272,68,132,4,0,0,4
515,-47.5,57.5,60,30,0,0.0,0.0,0,0.0,57.5,1,562500.0,51.708366895710824,38.7124914804912,30,60,1,4,60,0,5,-105.0,70.5,-47.5,5.0,7358048,3116.020728,nan,7.358048,nan,4,1440,1156640,8,6199440,60,4,528,256,64,272,68,132,4,0,0,4
516,-47.5,57.5,54,27,0,0.0,0.0,0,0.0,57.5,2,562500.0,52.206803249162185,47.43263145717519,27,54,2,3,54,0,5,-105.0,70.5,-47.5,5.0,6448308,3122.469036,nan,6.448308,nan,3,936,867480,6,5579496,54,3,396,192,48,204,51,99,3,0,0,3
517,-47.5,57.5,44,22,0,0.0,0.0,0,0.0,57.5,0,562500.0,39.47612184950773,18.96831875180331,22,44,0,4,44,0,4,-105.0,70.5,-47.5,5.0,5704216,3128.173252,nan,5.704216,nan,4,792,1156640,8,4546256,44,4,528,256,64,272,68,132,4,0,0,4
518,-47.5,57.5,48,24,0,0.0,0.0,0,0.0,57.5,1,562500.0,47.773624340410336,29.257688495044146,24,48,1,4,48,0,5,-105.0,70.5,-47.5,5.0,6117800,3134.291052,nan,6.1178,nan,4,1080,1156640,8,4959552,48,4,528,256,64,272,68,132,4,0,0,4
519,-47.5,57.5,48,24,0,0.0,0.0,0,0.0,57.5,1,562500.0,26.536095178438934,19.143874632780168,24,48,1,4,48,0,5,-105.0,70.5,-47.5,5.0,6117656,3140.408708,nan,6.117656,nan,4,936,1156640,8,4959552,48,4,528,256,64,272,68,132,4,0,0,4
520,-47.5,57.5,58,29,0,0.0,0.0,0,0.0,57.5,2,562500.0,46.948524739310706,27.184782768175477,29,58,2,4,58,0,6,-105.0,70.5,-47.5,5.0,7151400,3147.560108,nan,7.1514,nan,4,1440,1156640,8,5992792,58,4,528,256,64,272,68,132,4,0,0,4
521,-47.5,57.5,64,32,0,0.0,0.0,0,0.0,57.5,2,562500.0,36.96721079693303,19.01879722547229,32,64,2,4,64,0,6,-105.0,70.5,-47.5,5.0,7771344,3155.331452,nan,7.771344,nan,4,1440,1156640,8,6612736,64,4,528,256,64,272,68,132,4,0,0,4
522,-47.5,57.5,60,30,0,0.0,0.0,0,0.0,57.5,2,562500.0,32.63039654375472,18.302305091321546,30,60,2,3,60,0,5,-105.0,70.5,-47.5,5.0,7068684,3162.400136,nan,7.068684,nan,3,1368,867480,6,6199440,60,3,396,192,48,204,51,99,3,0,0,3
523,-47.5,57.5,62,31,0,0.0,0.0,0,0.0,57.5,2,562500.0,41.28420980027274,29.610759605316204,31,62,2,5,62,0,7,-105.0,70.5,-47.5,5.0,7854276,3170.254412,nan,7.854276,nan,5,1728,1445800,10,6406088,62,5,660,320,80,340,85,165,5,0,0,5
524,-47.5,57.5,60,30,0,0.0,0.0,0,0.0,57.5,2,562500.0,32.15224807606505,19.332272785027087,30,60,2,5,60,0,7,-105.0,70.5,-47.5,5.0,7647484,3177.901896,nan,7.647484,nan,5,1584,1445800,10,6199440,60,5,660,320,80,340,85,165,5,0,0,5
525,-47.5,57.5,48,24,0,0.0,0.0,0,0.0,57.5,1,562500.0,46.707463452782825,22.750950910571206,24,48,1,3,48,0,4,-105.0,70.5,-47.5,5.0,5828364,3183.73026,nan,5.828364,nan,3,936,867480,6,4959552,48,3,396,192,48,204,51,99,3,0,0,3
526,-47.5,57.5,46,23,0,0.0,0.0,0,0.0,57.5,1,562500.0,42.80841487042417,34.030345828690606,23,46,1,4,46,0,5,-105.0,70.5,-47.5,5.0,5910864,3189.641124,nan,5.910864,nan,4,792,1156640,8,4752904,46,4,528,256,64,272,68,132,4,0,0,4
527,-47.5,57.5,52,26,0,0.0,0.0,0,0.0,57.5,0,562500.0,29.364452496580142,18.995063594332603,26,52,0,4,52,0,4,-105.0,70.5,-47.5,5.0,6530736,3196.17186,nan,6.530736,nan,4,720,1156640,8,5372848,52,4,528,256,64,272,68,132,4,0,0,4
528,-47.5,57.5,54,27,0,0.0,0.0,0,0.0,57.5,2,562500.0,44.948512194083925,30.753907482009737,27,54,2,3,54,0,5,-105.0,70.5,-47.5,5.0,6448308,3202.620168,nan,6.448308,nan,3,936,867480,6,5579496,54,3,396,192,48,204,51,99,3,0,0,3
529,-47.5,57.5,58,29,0,0.0,0.0,0,0.0,57.5,1,562500.0,29.101565330086704,19.033174567588812,29,58,1,5,58,0,6,-105.0,70.5,-47.5,5.0,7440548,3210.060716,nan,7.440548,nan,5,1296,1445800,10,5992792,58,5,660,320,80,340,85,165,5,0,0,5
530,-47.5,57.5,62,31,0,0.0,0.0,0,0.0,57.5,2,562500.0,44.468122197328796,18.81243340520841,31,62,2,3,62,0,5,-105.0,70.5,-47.5,5.0,7275476,3217.336192,nan,7.275476,nan,3,1512,867480,6,6406088,62,3,396,192,48,204,51,99,3,0,0,3
531,-47.5,57.5,60,30,0,0.0,0.0,0,0.0,57.5,2,562500.0,42.81749587286687,34.03342853069236,30,60,2,4,60,0,6,-105.0,70.5,-47.5,5.0,7357904,3224.694096,nan,7.357904,nan,4,1296,1156640,8,6199440,60,4,528,256,64,272,68,132,4,0,0,4
532,-47.5,57.5,60,30,0,0.0,0.0,0,0.0,57.5,1,562500.0,29.364772400950073,18.995063594332603,30,60,1,4,60,0,5,-105.0,70.5,-47.5,5.0,7357760,3232.051856,nan,7.35776,nan,4,1152,1156640,8,6199440,60,4,528,256,64,272,68,132,4,0,0,4
533,-47.5,57.5,60,30,0,0.0,0.0,0,0.0,57.5,2,562500.0,51.88395781270955,44.121615500890385,30,60,2,3,60,0,5,-105.0,70.5,-47.5,5.0,7068468,3239.120324,nan,7.068468,nan,3,1152,867480,6,6199440,60,3,396,192,48,204,51,99,3,0,0,3
534,-47.5,57.5,60,30,0,0.0,0.0,0,0.0,57.5,1,562500.0,42.68650992466479,19.23919492281342,30,60,1,4,60,0,5,-105.0,70.5,-47.5,5.0,7357976,3246.4783,nan,7.357976,nan,4,1368,1156640,8,6199440,60,4,528,256,64,272,68,132,4,0,0,4
535,-47.5,57.5,60,30,0,0.0,0.0,0,0.0,57.5,2,562500.0,51.26474842727938,36.37024869710252,30,60,2,3,60,0,5,-105.0,70.5,-47.5,5.0,7068828,3253.547128,nan,7.068828,nan,3,1512,867480,6,6199440,60,3,396,192,48,204,51,99,3,0,0,3
536,-47.5,57.5,60,30,0,0.0,0.0,0,0.0,57.5,2,562500.0,44.21696808340452,40.55103401536033,30,60,2,4,60,0,6,-105.0,70.5,-47.5,5.0,7357904,3260.905032,nan,7.357904,nan,4,1296,1156640,8,6199440,60,4,528,256,64,272,68,132,4,0,0,4
537,-47.5,57.5,60,30,0,0.0,0.0,0,0.0,57.5,2,562500.0,29.36477050255054,18.995063594332603,30,60,2,4,60,0,6,-105.0,70.5,-47.5,5.0,7358192,3268.263224,nan,7.358192,nan,4,1584,1156640,8,6199440,60,4,528,256,64,272,68,132,4,0,0,4
538,-47.5,57.5,60,30,0,0.0,0.0,0,0.0,57.5,1,562500.0,56.45162188116029,44.12396216088059,30,60,1,5,60,0,6,-105.0,70.5,-47.5,5.0,7647484,3275.910708,nan,7.647484,nan,5,1584,1445800,10,6199440,60,5,660,320,80,340,85,165,5,0,0,5
539,-47.5,57.5,60,30,0,0.0,0.0,0,0.0,57.5,1,562500.0,35.52450919991979,19.033174567588812,30,60,1,3,60,0,4,-105.0,70.5,-47.5,5.0,7068324,3282.979032,nan,7.068324,nan,3,1008,867480,6,6199440,60,3,396,192,48,204,51,99,3,0,0,3
540,-47.5,57.5,60,30,0,0.0,0.0,0,0.0,57.5,0,562500.0,38.87982190777511,19.37075143146944,30,60,0,5,60,0,5,-105.0,70.5,-47.5,5.0,7647196,3290.626228,nan,7.647196,nan,5,1296,1445800,10,6199440,60,5,660,320,80,340,85,165,5,0,0,5
541,-47.5,57.5,68,34,0,0.0,0.0,0,0.0,57.5,1,562500.0,52.58682579993296,44.181643525155394,34,68,1,3,68,0,4,-105.0,70.5,-47.5,5.0,7894484,3298.520712,nan,7.894484,nan,3,576,867480,6,7026032,68,3,396,192,48,204,51,99,3,0,0,3
542,-47.5,57.5,70,35,0,0.0,0.0,0,0.0,57.5,1,562500.0,53.146437599695076,43.331650037897106,35,70,1,4,70,0,5,-105.0,70.5,-47.5,5.0,8391144,3306.911856,nan,8.391144,nan,4,1296,1156640,8,7232680,70,4,528,256,64,272,68,132,4,0,0,4
543,-47.5,57.5,68,34,0,0.0,0.0,0,0.0,57.5,2,562500.0,52.67656653962562,41.09176473196803,34,68,2,3,68,0,5,-105.0,70.5,-47.5,5.0,7895204,3314.80706,nan,7.895204,nan,3,1296,867480,6,7026032,68,3,396,192,48,204,51,99,3,0,0,3
544,-47.5,57.5,66,33,0,0.0,0.0,0,0.0,57.5,0,562500.0,50.681949444525095,21.310849807399684,33,66,0,5,66,0,5,-105.0,70.5,-47.5,5.0,8267356,3323.074416,nan,8.267356,nan,5,1512,1445800,10,6819384,66,5,660,320,80,340,85,165,5,0,0,5
545,-47.5,57.5,68,34,0,0.0,0.0,0,0.0,57.5,1,562500.0,52.42201395694612,40.862226238069624,34,68,1,4,68,0,5,-105.0,70.5,-47.5,5.0,8184568,3331.258984,nan,8.184568,nan,4,1368,1156640,8,7026032,68,4,528,256,64,272,68,132,4,0,0,4
546,-47.5,57.5,68,34,0,0.0,0.0,0,0.0,57.5,1,562500.0,42.063386827036595,30.082518850001428,34,68,1,4,68,0,5,-105.0,70.5,-47.5,5.0,8184136,3339.44312,nan,8.184136,nan,4,936,1156640,8,7026032,68,4,528,256,64,272,68,132,4,0,0,4
547,-47.5,57.5,60,30,0,0.0,0.0,0,0.0,57.5,1,562500.0,53.6344265735853,42.272279476628455,30,60,1,4,60,0,5,-105.0,70.5,-47.5,5.0,7357544,3346.800664,nan,7.357544,nan,4,936,1156640,8,6199440,60,4,528,256,64,272,68,132,4,0,0,4
548,-47.5,57.5,54,27,0,0.0,0.0,0,0.0,57.5,1,562500.0,53.155246311411275,43.234571702758224,27,54,1,4,54,0,5,-105.0,70.5,-47.5,5.0,6737672,3353.538336,nan,6.737672,nan,4,1008,1156640,8,5579496,54,4,528,256,64,272,68,132,4,0,0,4
549,-47.5,57.5,50,25,0,0.0,0.0,0,0.0,57.5,0,562500.0,38.99915615007702,24.7058270409766,25,50,0,5,50,0,5,-105.0,70.5,-47.5,5.0,6613524,3360.15186,nan,6.613524,nan,5,864,1445800,10,5166200,50,5,660,320,80,340,85,165,5,0,0,5
550,-47.5,57.5,36,18,0,0.0,0.0,0,0.0,57.5,1,562500.0,50.69425018691927,41.32815168003848,18,36,1,3,36,0,4,-105.0,70.5,-47.5,5.0,4588260,3364.74012,nan,4.58826,nan,3,720,867480,6,3719664,36,3,396,192,48,204,51,99,3,0,0,3
551,-47.5,57.5,22,11,0,0.0,0.0,0,0.0,57.5,0,562500.0,61.00662803649902,59.14303970336914,11,22,0,2,22,0,2,-105.0,70.5,-47.5,5.0,2851928,3367.592048,nan,2.851928,nan,2,216,578320,4,2273128,22,2,264,128,32,136,34,66,2,0,0,2
552,-47.5,57.5,20,10,0,0.0,0.0,0,0.0,57.5,1,562500.0,53.05819885684534,34.417126649126544,10,20,1,2,20,0,3,-105.0,70.5,-47.5,5.0,2645568,3370.237616,nan,2.645568,nan,2,504,578320,4,2066480,20,2,264,128,32,136,34,66,2,0,0,2
553,-47.5,57.5,20,10,0,0.0,0.0,0,0.0,57.5,0,562500.0,64.73068618774414,64.73068618774414,10,20,0,1,20,0,1,-105.0,70.5,-47.5,5.0,2355988,3372.593604,nan,2.355988,nan,1,216,289160,2,2066480,20,1,132,64,16,68,17,33,1,0,0,1
554,-47.5,57.5,20,10,0,0.0,0.0,0,0.0,57.5,1,562500.0,49.70476489572638,43.02583020670169,10,20,1,3,20,0,4,-105.0,70.5,-47.5,5.0,2934860,3375.528464,nan,2.93486,nan,3,504,867480,6,2066480,20,3,396,192,48,204,51,99,3,0,0,3
555,-47.5,57.5,20,10,0,0.0,0.0,0,0.0,57.5,0,562500.0,29.73524200315376,21.634797812337556,10,20,0,3,20,0,3,-105.0,70.5,-47.5,5.0,2934788,3378.463252,nan,2.934788,nan,3,432,867480,6,2066480,20,3,396,192,48,204,51,99,3,0,0,3
556,-47.5,57.5,18,9,0,0.0,0.0,0,0.0,57.5,2,562500.0,36.07740733511898,21.05196090734994,9,18,2,5,18,0,7,-105.0,70.5,-47.5,5.0,3306940,3381.770192,nan,3.30694,nan,5,648,1445800,10,1859832,18,5,660,320,80,340,85,165,5,0,0,5
557,-47.5,57.5,20,10,0,0.0,0.0,0,0.0,57.5,0,562500.0,43.008165227550016,22.044449451304274,10,20,0,4,20,0,4,-105.0,70.5,-47.5,5.0,3224152,3384.994344,nan,3.224152,nan,4,504,1156640,8,2066480,20,4,528,256,64,272,68,132,4,0,0,4
558,-47.5,57.5,18,9,0,0.0,0.0,0,0.0,57.5,0,562500.0,62.41995611559321,58.216156005859375,9,18,0,3,18,0,3,-105.0,70.5,-47.5,5.0,2728068,3387.722412,nan,2.728068,nan,3,360,867480,6,1859832,18,3,396,192,48,204,51,99,3,0,0,3
559,-47.5,57.5,14,7,0,0.0,0.0,0,0.0,57.5,0,562500.0,59.19396209716797,59.19396209716797,7,14,0,1,14,0,1,-105.0,70.5,-47.5,5.0,1735900,3389.458312,nan,1.7359,nan,1,72,289160,2,1446536,14,1,132,64,16,68,17,33,1,0,0,1
560,-47.5,57.5,16,8,0,0.0,0.0,0,0.0,57.5,0,562500.0,60.050533294677734,60.050533294677734,8,16,0,1,16,0,1,-105.0,70.5,-47.5,5.0,1942620,3391.400932,nan,1.94262,nan,1,144,289160,2,1653184,16,1,132,64,16,68,17,33,1,0,0,1
561,-47.5,57.5,24,12,0,0.0,0.0,0,0.0,57.5,1,562500.0,33.637757187339126,18.98944324269283,12,24,1,6,24,0,7,-105.0,70.5,-47.5,5.0,4216320,3395.617252,nan,4.21632,nan,6,792,1734960,12,2479776,24,6,792,384,96,408,102,198,6,0,0,6
562,-47.5,57.5,28,14,0,0.0,0.0,0,0.0,57.5,1,562500.0,49.017642464324155,37.83455863877679,14,28,1,3,28,0,4,-105.0,70.5,-47.5,5.0,3761380,3399.378632,nan,3.76138,nan,3,432,867480,6,2893072,28,3,396,192,48,204,51,99,3,0,0,3
563,-47.5,57.5,26,13,0,0.0,0.0,0,0.0,57.5,1,562500.0,56.04631329181246,40.404117680676165,13,26,1,3,26,0,4,-105.0,70.5,-47.5,5.0,3554732,3402.933364,nan,3.554732,nan,3,432,867480,6,2686424,26,3,396,192,48,204,51,99,3,0,0,3
564,-47.5,57.5,20,10,0,0.0,0.0,0,0.0,57.5,0,562500.0,49.35829530253363,39.56569828406423,10,20,0,3,20,0,3,-105.0,70.5,-47.5,5.0,2934716,3405.86808,nan,2.934716,nan,3,360,867480,6,2066480,20,3,396,192,48,204,51,99,3,0,0,3
565,-47.5,57.5,20,10,0,0.0,0.0,0,0.0,57.5,0,562500.0,62.51590919494629,62.515907287597656,10,20,0,1,20,0,1,-105.0,70.5,-47.5,5.0,2355844,3408.223924,nan,2.355844,nan,1,72,289160,2,2066480,20,1,132,64,16,68,17,33,1,0,0,1
566,-47.5,57.5,18,9,0,0.0,0.0,0,0.0,57.5,1,562500.0,67.79778671264648,67.79778671264648,9,18,1,1,18,0,2,-105.0,70.5,-47.5,5.0,2149412,3410.373336,nan,2.149412,nan,1,288,289160,2,1859832,18,1,132,64,16,68,17,33,1,0,0,1
567,-47.5,57.5,18,9,0,0.0,0.0,0,0.0,57.5,1,562500.0,36.062658302930004,26.47319668918909,9,18,1,4,18,0,5,-105.0,70.5,-47.5,5.0,3017576,3413.390912,nan,3.017576,nan,4,576,1156640,8,1859832,18,4,528,256,64,272,68,132,4,0,0,4
568,-47.5,57.5,18,9,0,0.0,0.0,0,0.0,57.5,2,562500.0,63.9401741027832,60.21068572998047,9,18,2,2,18,0,4,-105.0,70.5,-47.5,5.0,2438848,3415.82976,nan,2.438848,nan,2,432,578320,4,1859832,18,2,264,128,32,136,34,66,2,0,0,2
569,-47.5,57.5,22,11,0,0.0,0.0,0,0.0,57.5,2,562500.0,51.695445320652304,39.56721673093887,11,22,2,4,22,0,6,-105.0,70.5,-47.5,5.0,3430944,3419.260704,nan,3.430944,nan,4,648,1156640,8,2273128,22,4,528,256,64,272,68,132,4,0,0,4
570,-47.5,57.5,34,17,0,0.0,0.0,0,0.0,57.5,2,562500.0,47.4280175715773,24.282655893099594,17,34,2,4,34,0,6,-105.0,70.5,-47.5,5.0,4670904,3423.931608,nan,4.670904,nan,4,720,1156640,8,3513016,34,4,528,256,64,272,68,132,4,0,0,4
571,-47.5,57.5,40,20,0,0.0,0.0,0,0.0,57.5,2,562500.0,50.33119133748119,31.452226944741245,20,40,2,3,40,0,5,-105.0,70.5,-47.5,5.0,5001916,3428.933524,nan,5.001916,nan,3,1080,867480,6,4132960,40,3,396,192,48,204,51,99,3,0,0,3
572,-47.5,57.5,46,23,0,0.0,0.0,0,0.0,57.5,2,562500.0,56.63916553285276,40.39637918025021,23,46,2,4,46,0,6,-105.0,70.5,-47.5,5.0,5911296,3434.84482,nan,5.911296,nan,4,1224,1156640,8,4752904,46,4,528,256,64,272,68,132,4,0,0,4
573,-47.5,57.5,46,23,0,0.0,0.0,0,0.0,57.5,3,562500.0,55.31211584991468,38.191150001506394,23,46,3,3,46,0,6,-105.0,70.5,-47.5,5.0,5622076,3440.466896,nan,5.622076,nan,3,1296,867480,6,4752904,46,3,396,192,48,204,51,99,3,0,0,3
574,-47.5,57.5,48,24,0,0.0,0.0,0,0.0,57.5,2,562500.0,39.43071555497063,21.600376607728528,24,48,2,5,48,0,7,-105.0,70.5,-47.5,5.0,6407380,3446.874276,nan,6.40738,nan,5,1368,1445800,10,4959552,48,5,660,320,80,340,85,165,5,0,0,5
575,-47.5,57.5,48,24,0,0.0,0.0,0,0.0,57.5,1,562500.0,47.00482996295771,18.6821008929989,24,48,1,5,48,0,6,-105.0,70.5,-47.5,5.0,6407236,3453.281512,nan,6.407236,nan,5,1224,1445800,10,4959552,48,5,660,320,80,340,85,165,5,0,0,5
576,-47.5,57.5,46,23,0,0.0,0.0,0,0.0,57.5,2,562500.0,43.5297980254198,21.798664183690573,23,46,2,3,46,0,5,-105.0,70.5,-47.5,5.0,5621644,3458.903156,nan,5.621644,nan,3,864,867480,6,4752904,46,3,396,192,48,204,51,99,3,0,0,3
577,-47.5,57.5,50,25,0,0.0,0.0,0,0.0,57.5,1,562500.0,50.27264943109403,35.71151199191435,25,50,1,4,50,0,5,-105.0,70.5,-47.5,5.0,6324304,3465.22746,nan,6.324304,nan,4,936,1156640,8,5166200,50,4,528,256,64,272,68,132,4,0,0,4
578,-47.5,57.5,52,26,0,0.0,0.0,0,0.0,57.5,2,562500.0,51.24991032615674,39.35266342013701,26,52,2,4,52,0,6,-105.0,70.5,-47.5,5.0,6531096,3471.758556,nan,6.531096,nan,4,1080,1156640,8,5372848,52,4,528,256,64,272,68,132,4,0,0,4
579,-47.5,57.5,54,27,0,0.0,0.0,0,0.0,57.5,0,562500.0,35.750036240607166,24.20494229463886,27,54,0,6,54,0,6,-105.0,70.5,-47.5,5.0,7316328,3479.074884,nan,7.316328,nan,6,1080,1734960,12,5579496,54,6,792,384,96,408,102,198,6,0,0,6
580,-47.5,57.5,54,27,0,0.0,0.0,0,0.0,57.5,1,562500.0,62.72746785481771,58.70165252685547,27,54,1,3,54,0,4,-105.0,70.5,-47.5,5.0,6448236,3485.52312,nan,6.448236,nan,3,864,867480,6,5579496,54,3,396,192,48,204,51,99,3,0,0,3
581,-47.5,57.5,50,25,0,0.0,0.0,0,0.0,57.5,2,562500.0,59.39122436858792,43.96307534974467,25,50,2,3,50,0,5,-105.0,70.5,-47.5,5.0,6035228,3491.558348,nan,6.035228,nan,3,1152,867480,6,5166200,50,3,396,192,48,204,51,99,3,0,0,3
582,-47.5,57.5,48,24,0,0.0,0.0,0,0.0,57.5,1,562500.0,33.31335276563907,19.28560379892973,24,48,1,4,48,0,5,-105.0,70.5,-47.5,5.0,6117656,3497.676004,nan,6.117656,nan,4,936,1156640,8,4959552,48,4,528,256,64,272,68,132,4,0,0,4
583,-47.5,57.5,48,24,0,0.0,0.0,0,0.0,57.5,1,562500.0,49.996935590583135,35.942744672122764,24,48,1,4,48,0,5,-105.0,70.5,-47.5,5.0,6117512,3503.793516,nan,6.117512,nan,4,792,1156640,8,4959552,48,4,528,256,64,272,68,132,4,0,0,4
584,-47.5,57.5,52,26,0,0.0,0.0,0,0.0,57.5,1,562500.0,58.36706019884731,47.43262390459322,26,52,1,4,52,0,5,-105.0,70.5,-47.5,5.0,6530952,3510.324468,nan,6.530952,nan,4,936,1156640,8,5372848,52,4,528,256,64,272,68,132,4,0,0,4
585,-47.5,57.5,58,29,0,0.0,0.0,0,0.0,57.5,3,562500.0,32.58544576511432,19.654902952472433,29,58,3,3,58,0,6,-105.0,70.5,-47.5,5.0,6861892,3517.18636,nan,6.861892,nan,3,1224,867480,6,5992792,58,3,396,192,48,204,51,99,3,0,0,3
586,-47.5,57.5,66,33,0,0.0,0.0,0,0.0,57.5,2,562500.0,45.391906538615125,25.407918805228547,33,66,2,5,66,0,7,-105.0,70.5,-47.5,5.0,8267356,3525.453716,nan,8.267356,nan,5,1512,1445800,10,6819384,66,5,660,320,80,340,85,165,5,0,0,5
587,-47.5,57.5,64,32,0,0.0,0.0,0,0.0,57.5,0,562500.0,42.50979872839718,22.51526740353505,32,64,0,6,64,0,6,-105.0,70.5,-47.5,5.0,8349712,3533.803428,nan,8.349712,nan,6,1224,1734960,12,6612736,64,6,792,384,96,408,102,198,6,0,0,6
588,-47.5,57.5,70,35,0,0.0,0.0,0,0.0,57.5,1,562500.0,32.22828484151091,18.326907130505074,35,70,1,3,70,0,4,-105.0,70.5,-47.5,5.0,8101420,3541.904848,nan,8.10142,nan,3,864,867480,6,7232680,70,3,396,192,48,204,51,99,3,0,0,3
589,-47.5,57.5,72,36,0,0.0,0.0,0,0.0,57.5,2,562500.0,50.52781300200283,41.557995636154494,36,72,2,3,72,0,5,-105.0,70.5,-47.5,5.0,8308572,3550.21342,nan,8.308572,nan,3,1368,867480,6,7439328,72,3,396,192,48,204,51,99,3,0,0,3
590,-47.5,57.5,62,31,0,0.0,0.0,0,0.0,57.5,4,562500.0,65.29940795898438,63.90321731567383,31,62,4,2,62,0,6,-105.0,70.5,-47.5,5.0,6986040,3557.19946,nan,6.98604,nan,2,1368,578320,4,6406088,62,2,264,128,32,136,34,66,2,0,0,2
591,-47.5,57.5,50,25,0,0.0,0.0,0,0.0,57.5,2,562500.0,42.52943556789185,38.978309070698714,25,50,2,4,50,0,6,-105.0,70.5,-47.5,5.0,6324520,3563.52398,nan,6.32452,nan,4,1152,1156640,8,5166200,50,4,528,256,64,272,68,132,4,0,0,4
592,-47.5,57.5,52,26,0,0.0,0.0,0,0.0,57.5,1,562500.0,48.17841664036436,21.75869323082872,26,52,1,5,52,0,6,-105.0,70.5,-47.5,5.0,6820676,3570.344656,nan,6.820676,nan,5,1368,1445800,10,5372848,52,5,660,320,80,340,85,165,5,0,0,5
593,-47.5,57.5,46,23,0,0.0,0.0,0,0.0,57.5,1,562500.0,48.44961578011654,35.662161199481524,23,46,1,4,46,0,5,-105.0,70.5,-47.5,5.0,5910720,3576.255376,nan,5.91072,nan,4,648,1156640,8,4752904,46,4,528,256,64,272,68,132,4,0,0,4
594,-47.5,57.5,38,19,0,0.0,0.0,0,0.0,57.5,0,562500.0,40.05729103038553,26.970089706881495,19,38,0,5,38,0,5,-105.0,70.5,-47.5,5.0,5373564,3581.62894,nan,5.373564,nan,5,792,1445800,10,3926312,38,5,660,320,80,340,85,165,5,0,0,5
595,-47.5,57.5,42,21,0,0.0,0.0,0,0.0,57.5,1,562500.0,59.348676681518555,57.96622085571289,21,42,1,3,42,0,4,-105.0,70.5,-47.5,5.0,5208132,3586.837072,nan,5.208132,nan,3,648,867480,6,4339608,42,3,396,192,48,204,51,99,3,0,0,3
596,-47.5,57.5,36,18,0,0.0,0.0,0,0.0,57.5,0,562500.0,44.18843538749695,31.92504556331364,18,36,0,3,36,0,3,-105.0,70.5,-47.5,5.0,4588044,3591.425116,nan,4.588044,nan,3,504,867480,6,3719664,36,3,396,192,48,204,51,99,3,0,0,3
597,-47.5,57.5,36,18,0,0.0,0.0,0,0.0,57.5,2,562500.0,44.26616828394996,30.772992867458598,18,36,2,3,36,0,5,-105.0,70.5,-47.5,5.0,4588188,3596.013304,nan,4.588188,nan,3,648,867480,6,3719664,36,3,396,192,48,204,51,99,3,0,0,3
598,-47.5,57.5,46,23,0,0.0,0.0,0,0.0,57.5,2,562500.0,38.0581936164126,26.162250415900267,23,46,2,5,46,0,7,-105.0,70.5,-47.5,5.0,6200516,3602.21382,nan,6.200516,nan,5,1152,1445800,10,4752904,46,5,660,320,80,340,85,165,5,0,0,5
599,-47.5,57.5,48,24,0,0.0,0.0,0,0.0,57.5,1,562500.0,41.410130204444485,21.680322289197363,24,48,1,4,48,0,5,-105.0,70.5,-47.5,5.0,6118088,3608.331908,nan,6.118088,nan,4,1368,1156640,8,4959552,48,4,528,256,64,272,68,132,4,0,0,4
600,-47.5,57.5,44,22,0,0.0,0.0,0,0.0,57.5,1,562500.0,41.520242265422205,31.13962911124183,22,44,1,6,44,0,7,-105.0,70.5,-47.5,5.0,6282944,3614.614852,nan,6.282944,nan,6,936,1734960,12,4546256,44,6,792,384,96,408,102,198,6,0,0,6
601,-47.5,57.5,44,22,0,0.0,0.0,0,0.0,57.5,0,562500.0,49.28205715456159,30.75868070051882,22,44,0,4,44,0,4,-105.0,70.5,-47.5,5.0,5704144,3620.318996,nan,5.704144,nan,4,720,1156640,8,4546256,44,4,528,256,64,272,68,132,4,0,0,4
602,-47.5,57.5,46,23,0,0.0,0.0,0,0.0,57.5,0,562500.0,45.76424240261659,35.44273609413302,23,46,0,3,46,0,3,-105.0,70.5,-47.5,5.0,5621212,3625.940208,nan,5.621212,nan,3,432,867480,6,4752904,46,3,396,192,48,204,51,99,3,0,0,3
603,-47.5,57.5,46,23,0,0.0,0.0,0,0.0,57.5,0,562500.0,48.55420649201162,34.809196407204986,23,46,0,3,46,0,3,-105.0,70.5,-47.5,5.0,5621428,3631.561636,nan,5.621428,nan,3,648,867480,6,4752904,46,3,396,192,48,204,51,99,3,0,0,3
604,-47.5,57.5,46,23,0,0.0,0.0,0,0.0,57.5,0,562500.0,54.560264864897306,39.88928963094838,23,46,0,4,46,0,4,-105.0,70.5,-47.5,5.0,5911008,3637.472644,nan,5.911008,nan,4,936,1156640,8,4752904,46,4,528,256,64,272,68,132,4,0,0,4
605,-47.5,57.5,46,23,0,0.0,0.0,0,0.0,57.5,0,562500.0,35.4847010365649,18.727865930539735,23,46,0,3,46,0,3,-105.0,70.5,-47.5,5.0,5621572,3643.094216,nan,5.621572,nan,3,792,867480,6,4752904,46,3,396,192,48,204,51,99,3,0,0,3
606,-47.5,57.5,48,24,0,0.0,0.0,0,0.0,57.5,1,562500.0,37.467180305340065,24.93651769333946,24,48,1,4,48,0,5,-105.0,70.5,-47.5,5.0,6117584,3649.2118,nan,6.117584,nan,4,864,1156640,8,4959552,48,4,528,256,64,272,68,132,4,0,0,4
607,-47.5,57.5,60,30,0,0.0,0.0,0,0.0,57.5,3,562500.0,37.93394980076075,31.246544849566543,30,60,3,4,60,0,7,-105.0,70.5,-47.5,5.0,7357544,3656.569344,nan,7.357544,nan,4,936,1156640,8,6199440,60,4,528,256,64,272,68,132,4,0,0,4
608,-47.5,57.5,54,27,0,0.0,0.0,0,0.0,57.5,2,562500.0,43.139678164205705,23.797813193897795,27,54,2,5,54,0,7,-105.0,70.5,-47.5,5.0,7027252,3663.596596,nan,7.027252,nan,5,1296,1445800,10,5579496,54,5,660,320,80,340,85,165,5,0,0,5
609,-47.5,57.5,48,24,0,0.0,0.0,0,0.0,57.5,2,562500.0,37.817834929079694,28.376611179300983,24,48,2,4,48,0,6,-105.0,70.5,-47.5,5.0,6118304,3669.7149,nan,6.118304,nan,4,1584,1156640,8,4959552,48,4,528,256,64,272,68,132,4,0,0,4
610,-47.5,57.5,54,27,0,0.0,0.0,0,0.0,57.5,2,562500.0,60.92047627766927,57.96562194824219,27,54,2,3,54,0,5,-105.0,70.5,-47.5,5.0,6448740,3676.16364,nan,6.44874,nan,3,1368,867480,6,5579496,54,3,396,192,48,204,51,99,3,0,0,3
611,-47.5,57.5,60,30,0,0.0,0.0,0,0.0,57.5,2,562500.0,62.32172203063965,57.712371826171875,30,60,2,3,60,0,5,-105.0,70.5,-47.5,5.0,7068756,3683.232396,nan,7.068756,nan,3,1440,867480,6,6199440,60,3,396,192,48,204,51,99,3,0,0,3
612,-47.5,57.5,62,31,0,0.0,0.0,0,0.0,57.5,2,562500.0,57.65029642872793,47.43968342335813,31,62,2,4,62,0,6,-105.0,70.5,-47.5,5.0,7564624,3690.79702,nan,7.564624,nan,4,1368,1156640,8,6406088,62,4,528,256,64,272,68,132,4,0,0,4
613,-47.5,57.5,62,31,0,0.0,0.0,0,0.0,57.5,2,562500.0,45.924768851884416,29.593791382813457,31,62,2,6,62,0,8,-105.0,70.5,-47.5,5.0,8143208,3698.940228,nan,8.143208,nan,6,1368,1734960,12,6406088,62,6,792,384,96,408,102,198,6,0,0,6
614,-47.5,57.5,56,28,0,0.0,0.0,0,0.0,57.5,1,562500.0,45.29289737020955,31.86728633586381,28,56,1,5,56,0,6,-105.0,70.5,-47.5,5.0,7233900,3706.174128,nan,7.2339,nan,5,1296,1445800,10,5786144,56,5,660,320,80,340,85,165,5,0,0,5
615,-47.5,57.5,54,27,0,0.0,0.0,0,0.0,57.5,2,562500.0,50.96169941090481,40.224242789445384,27,54,2,3,54,0,5,-105.0,70.5,-47.5,5.0,6448452,3712.62258,nan,6.448452,nan,3,1080,867480,6,5579496,54,3,396,192,48,204,51,99,3,0,0,3
616,-47.5,57.5,52,26,0,0.0,0.0,0,0.0,57.5,1,562500.0,33.03969235350732,19.225496796400876,26,52,1,5,52,0,6,-105.0,70.5,-47.5,5.0,6820316,3719.442896,nan,6.820316,nan,5,1008,1445800,10,5372848,52,5,660,320,80,340,85,165,5,0,0,5
617,-47.5,57.5,50,25,0,0.0,0.0,0,0.0,57.5,2,562500.0,53.43650085452236,46.379328261991894,25,50,2,3,50,0,5,-105.0,70.5,-47.5,5.0,6034868,3725.477764,nan,6.034868,nan,3,792,867480,6,5166200,50,3,396,192,48,204,51,99,3,0,0,3
618,-47.5,57.5,46,23,0,0.0,0.0,0,0.0,57.5,1,562500.0,47.78466478024228,41.68962782377374,23,46,1,5,46,0,6,-105.0,70.5,-47.5,5.0,6200156,3731.67792,nan,6.200156,nan,5,792,1445800,10,4752904,46,5,660,320,80,340,85,165,5,0,0,5
619,-47.5,57.5,44,22,0,0.0,0.0,0,0.0,57.5,0,562500.0,52.52817789015421,36.830874874982634,22,44,0,5,44,0,5,-105.0,70.5,-47.5,5.0,5993724,3737.671644,nan,5.993724,nan,5,1008,1445800,10,4546256,44,5,660,320,80,340,85,165,5,0,0,5
620,-47.5,57.5,44,22,0,0.0,0.0,0,0.0,57.5,1,562500.0,39.126906427372845,38.86065531556298,22,44,1,2,44,0,3,-105.0,70.5,-47.5,5.0,5125416,3742.79706,nan,5.125416,nan,2,576,578320,4,4546256,44,2,264,128,32,136,34,66,2,0,0,2
621,-47.5,57.5,44,22,0,0.0,0.0,0,0.0,57.5,1,562500.0,31.17353508819359,19.029710552766677,22,44,1,4,44,0,5,-105.0,70.5,-47.5,5.0,5704144,3748.501204,nan,5.704144,nan,4,720,1156640,8,4546256,44,4,528,256,64,272,68,132,4,0,0,4
622,-47.5,57.5,44,22,0,0.0,0.0,0,0.0,57.5,2,562500.0,51.03899286908942,46.379328261991894,22,44,2,3,44,0,5,-105.0,70.5,-47.5,5.0,5414780,3753.915984,nan,5.41478,nan,3,648,867480,6,4546256,44,3,396,192,48,204,51,99,3,0,0,3
623,-47.5,57.5,44,22,0,0.0,0.0,0,0.0,57.5,1,562500.0,49.35412934973475,42.327653502915396,22,44,1,5,44,0,6,-105.0,70.5,-47.5,5.0,5993436,3759.90942,nan,5.993436,nan,5,720,1445800,10,4546256,44,5,660,320,80,340,85,165,5,0,0,5
624,-47.5,57.5,44,22,0,0.0,0.0,0,0.0,57.5,0,562500.0,41.05654978725231,31.593969843841016,22,44,0,5,44,0,5,-105.0,70.5,-47.5,5.0,5993724,3765.903144,nan,5.993724,nan,5,1008,1445800,10,4546256,44,5,660,320,80,340,85,165,5,0,0,5
625,-47.5,57.5,44,22,0,0.0,0.0,0,0.0,57.5,0,562500.0,39.13661830759497,38.88007526665031,22,44,0,2,44,0,2,-105.0,70.5,-47.5,5.0,5125416,3771.02856,nan,5.125416,nan,2,576,578320,4,4546256,44,2,264,128,32,136,34,66,2,0,0,2
626,-47.5,57.5,46,23,0,0.0,0.0,0,0.0,57.5,2,562500.0,32.246944679237195,19.029710552766677,23,46,2,3,46,0,5,-105.0,70.5,-47.5,5.0,5621644,3776.650204,nan,5.621644,nan,3,864,867480,6,4752904,46,3,396,192,48,204,51,99,3,0,0,3
627,-47.5,57.5,46,23,0,0.0,0.0,0,0.0,57.5,2,562500.0,44.9109054585234,40.240058447497034,23,46,2,4,46,0,6,-105.0,70.5,-47.5,5.0,5911224,3782.561428,nan,5.911224,nan,4,1152,1156640,8,4752904,46,4,528,256,64,272,68,132,4,0,0,4
628,-47.5,57.5,46,23,0,0.0,0.0,0,0.0,57.5,1,562500.0,49.35412934973475,42.327653502915396,23,46,1,5,46,0,6,-105.0,70.5,-47.5,5.0,6200300,3788.761728,nan,6.2003,nan,5,936,1445800,10,4752904,46,5,660,320,80,340,85,165,5,0,0,5
629,-47.5,57.5,46,23,0,0.0,0.0,0,0.0,57.5,0,562500.0,46.97811954356512,36.830874874982634,23,46,0,6,46,0,6,-105.0,70.5,-47.5,5.0,6489880,3795.251608,nan,6.48988,nan,6,1224,1734960,12,4752904,46,6,792,384,96,408,102,198,6,0,0,6
630,-47.5,57.5,46,23,0,0.0,0.0,0,0.0,57.5,0,562500.0,55.0639320462379,45.515124396328105,23,46,0,3,46,0,3,-105.0,70.5,-47.5,5.0,5621428,3800.873036,nan,5.621428,nan,3,648,867480,6,4752904,46,3,396,192,48,204,51,99,3,0,0,3
631,-47.5,57.5,60,30,0,0.0,0.0,0,0.0,57.5,1,562500.0,49.55439152930242,38.03329326173228,30,60,1,3,60,0,4,-105.0,70.5,-47.5,5.0,7068468,3807.941504,nan,7.068468,nan,3,1152,867480,6,6199440,60,3,396,192,48,204,51,99,3,0,0,3
632,-47.5,57.5,58,29,0,0.0,0.0,0,0.0,57.5,2,562500.0,43.325492456012306,28.2459170609164,29,58,2,3,58,0,5,-105.0,70.5,-47.5,5.0,6861964,3814.803468,nan,6.861964,nan,3,1296,867480,6,5992792,58,3,396,192,48,204,51,99,3,0,0,3
633,-47.5,57.5,60,30,0,0.0,0.0,0,0.0,57.5,1,562500.0,49.76685919743987,38.97809507319804,30,60,1,5,60,0,6,-105.0,70.5,-47.5,5.0,7647340,3822.450808,nan,7.64734,nan,5,1440,1445800,10,6199440,60,5,660,320,80,340,85,165,5,0,0,5
634,-47.5,57.5,62,31,0,0.0,0.0,0,0.0,57.5,0,562500.0,50.14810442081396,40.51910817622142,31,62,0,6,62,0,6,-105.0,70.5,-47.5,5.0,8143136,3830.593944,nan,8.143136,nan,6,1296,1734960,12,6406088,62,6,792,384,96,408,102,198,6,0,0,6
635,-47.5,57.5,62,31,0,0.0,0.0,0,0.0,57.5,0,562500.0,51.7897321729022,41.65601624679464,31,62,0,3,62,0,3,-105.0,70.5,-47.5,5.0,7274828,3837.868772,nan,7.274828,nan,3,864,867480,6,6406088,62,3,396,192,48,204,51,99,3,0,0,3
636,-47.5,57.5,44,22,0,0.0,0.0,0,0.0,57.5,0,562500.0,51.26291637235465,42.95927089119908,22,44,0,3,44,0,3,-105.0,70.5,-47.5,5.0,5415068,3843.28384,nan,5.415068,nan,3,936,867480,6,4546256,44,3,396,192,48,204,51,99,3,0,0,3
637,-47.5,57.5,38,19,0,0.0,0.0,0,0.0,57.5,1,562500.0,44.929497961206714,37.75439316652938,19,38,1,3,38,0,4,-105.0,70.5,-47.5,5.0,4794692,3848.078532,nan,4.794692,nan,3,504,867480,6,3926312,38,3,396,192,48,204,51,99,3,0,0,3
638,-47.5,57.5,32,16,0,0.0,0.0,0,0.0,57.5,1,562500.0,38.83588130352081,30.44692524009637,16,32,1,4,32,0,5,-105.0,70.5,-47.5,5.0,4464112,3852.542644,nan,4.464112,nan,4,576,1156640,8,3306368,32,4,528,256,64,272,68,132,4,0,0,4
639,-47.5,57.5,30,15,0,0.0,0.0,0,0.0,57.5,0,562500.0,43.355826650677265,22.763323373399764,15,30,0,4,30,0,4,-105.0,70.5,-47.5,5.0,4257464,3856.800108,nan,4.257464,nan,4,576,1156640,8,3099720,30,4,528,256,64,272,68,132,4,0,0,4
640,-47.5,57.5,28,14,0,0.0,0.0,0,0.0,57.5,0,562500.0,33.180642739251475,19.820176523178414,14,28,0,3,28,0,3,-105.0,70.5,-47.5,5.0,3761380,3860.561488,nan,3.76138,nan,3,432,867480,6,2893072,28,3,396,192,48,204,51,99,3,0,0,3
641,-47.5,57.5,28,14,0,0.0,0.0,0,0.0,57.5,0,562500.0,38.75007632756186,19.348978515880052,14,28,0,4,28,0,4,-105.0,70.5,-47.5,5.0,4050672,3864.61216,nan,4.050672,nan,4,432,1156640,8,2893072,28,4,528,256,64,272,68,132,4,0,0,4
642,-47.5,57.5,28,14,0,0.0,0.0,0,0.0,57.5,1,562500.0,60.73065185546875,60.73065185546875,14,28,1,1,28,0,2,-105.0,70.5,-47.5,5.0,3182652,3867.794812,nan,3.182652,nan,1,288,289160,2,2893072,28,1,132,64,16,68,17,33,1,0,0,1
643,-47.5,57.5,22,11,0,0.0,0.0,0,0.0,57.5,1,562500.0,67.14367294311523,62.64457702636719,11,22,1,2,22,0,3,-105.0,70.5,-47.5,5.0,2852072,3870.646884,nan,2.852072,nan,2,360,578320,4,2273128,22,2,264,128,32,136,34,66,2,0,0,2
644,-47.5,57.5,18,9,0,0.0,0.0,0,0.0,57.5,1,562500.0,54.54342557972348,40.76903530976398,9,18,1,3,18,0,4,-105.0,70.5,-47.5,5.0,2728068,3873.374952,nan,2.728068,nan,3,360,867480,6,1859832,18,3,396,192,48,204,51,99,3,0,0,3
645,-47.5,57.5,14,7,0,0.0,0.0,0,0.0,57.5,1,562500.0,61.81724166870117,57.85015106201172,7,14,1,3,14,0,4,-105.0,70.5,-47.5,5.0,2314772,3875.689724,nan,2.314772,nan,3,360,867480,6,1446536,14,3,396,192,48,204,51,99,3,0,0,3
646,-47.5,57.5,16,8,0,0.0,0.0,0,0.0,57.5,3,562500.0,40.6743774485924,27.184191340916147,8,16,3,3,16,0,6,-105.0,70.5,-47.5,5.0,2521636,3878.21136,nan,2.521636,nan,3,576,867480,6,1653184,16,3,396,192,48,204,51,99,3,0,0,3
647,-47.5,57.5,14,7,0,0.0,0.0,0,0.0,57.5,1,562500.0,49.202673911023886,43.442639807195455,7,14,1,3,14,0,4,-105.0,70.5,-47.5,5.0,2314844,3880.526204,nan,2.314844,nan,3,432,867480,6,1446536,14,3,396,192,48,204,51,99,3,0,0,3
648,-47.5,57.5,18,9,0,0.0,0.0,0,0.0,57.5,2,562500.0,60.90935134887695,60.677581787109375,9,18,2,2,18,0,4,-105.0,70.5,-47.5,5.0,2438848,3882.965052,nan,2.438848,nan,2,432,578320,4,1859832,18,2,264,128,32,136,34,66,2,0,0,2
649,-47.5,57.5,26,13,0,0.0,0.0,0,0.0,57.5,3,562500.0,30.443431704230683,18.895532372584476,13,26,3,5,26,0,8,-105.0,70.5,-47.5,5.0,4133820,3887.098872,nan,4.13382,nan,5,936,1445800,10,2686424,26,5,660,320,80,340,85,165,5,0,0,5
650,-47.5,57.5,26,13,0,0.0,0.0,0,0.0,57.5,1,562500.0,43.63813328779548,21.93080444697823,13,26,1,4,26,0,5,-105.0,70.5,-47.5,5.0,3844384,3890.943256,nan,3.844384,nan,4,792,1156640,8,2686424,26,4,528,256,64,272,68,132,4,0,0,4
651,-47.5,57.5,24,12,0,0.0,0.0,0,0.0,57.5,2,562500.0,46.08197261365015,43.41091277199197,12,24,2,4,24,0,6,-105.0,70.5,-47.5,5.0,3637592,3894.580848,nan,3.637592,nan,4,648,1156640,8,2479776,24,4,528,256,64,272,68,132,4,0,0,4
652,-47.5,57.5,24,12,0,0.0,0.0,0,0.0,57.5,2,562500.0,43.874178261841706,20.658284302050063,12,24,2,4,24,0,6,-105.0,70.5,-47.5,5.0,3637664,3898.218512,nan,3.637664,nan,4,720,1156640,8,2479776,24,4,528,256,64,272,68,132,4,0,0,4
653,-47.5,57.5,22,11,0,0.0,0.0,0,0.0,57.5,0,562500.0,48.35815586849168,21.92367528011715,11,22,0,4,22,0,4,-105.0,70.5,-47.5,5.0,3430800,3901.649312,nan,3.4308,nan,4,504,1156640,8,2273128,22,4,528,256,64,272,68,132,4,0,0,4
654,-47.5,57.5,32,16,0,0.0,0.0,0,0.0,57.5,1,562500.0,63.46559715270996,59.4896240234375,16,32,1,2,32,0,3,-105.0,70.5,-47.5,5.0,3885744,3905.535056,nan,3.885744,nan,2,792,578320,4,3306368,32,2,264,128,32,136,34,66,2,0,0,2
655,-47.5,57.5,32,16,0,0.0,0.0,0,0.0,57.5,1,562500.0,64.33785057067871,59.505409240722656,16,32,1,3,32,0,4,-105.0,70.5,-47.5,5.0,4175108,3909.710164,nan,4.175108,nan,3,864,867480,6,3306368,32,3,396,192,48,204,51,99,3,0,0,3
656,-47.5,57.5,32,16,0,0.0,0.0,0,0.0,57.5,0,562500.0,34.830940623937245,22.248654331346668,16,32,0,2,32,0,2,-105.0,70.5,-47.5,5.0,3885312,3913.595476,nan,3.885312,nan,2,360,578320,4,3306368,32,2,264,128,32,136,34,66,2,0,0,2
657,-47.5,57.5,34,17,0,0.0,0.0,0,0.0,57.5,1,562500.0,50.09026111897601,33.469145570025056,17,34,1,3,34,0,4,-105.0,70.5,-47.5,5.0,4381540,3917.977016,nan,4.38154,nan,3,648,867480,6,3513016,34,3,396,192,48,204,51,99,3,0,0,3
658,-47.5,57.5,34,17,0,0.0,0.0,0,0.0,57.5,1,562500.0,59.91678237915039,58.746826171875,17,34,1,3,34,0,4,-105.0,70.5,-47.5,5.0,4381612,3922.358628,nan,4.381612,nan,3,720,867480,6,3513016,34,3,396,192,48,204,51,99,3,0,0,3
659,-47.5,57.5,38,19,0,0.0,0.0,0,0.0,57.5,1,562500.0,43.71054006732422,22.6720030044239,19,38,1,4,38,0,5,-105.0,70.5,-47.5,5.0,5084488,3927.443116,nan,5.084488,nan,4,1008,1156640,8,3926312,38,4,528,256,64,272,68,132,4,0,0,4
660,-47.5,57.5,42,21,0,0.0,0.0,0,0.0,57.5,2,562500.0,53.565279332520475,38.61519460829125,21,42,2,3,42,0,5,-105.0,70.5,-47.5,5.0,5208492,3932.651608,nan,5.208492,nan,3,1008,867480,6,4339608,42,3,396,192,48,204,51,99,3,0,0,3
661,-47.5,57.5,46,23,0,0.0,0.0,0,0.0,57.5,1,562500.0,58.340894400123396,41.868177766780754,23,46,1,3,46,0,4,-105.0,70.5,-47.5,5.0,5621716,3938.273324,nan,5.621716,nan,3,936,867480,6,4752904,46,3,396,192,48,204,51,99,3,0,0,3
662,-47.5,57.5,48,24,0,0.0,0.0,0,0.0,57.5,2,562500.0,40.03169499995661,36.735730402157024,24,48,2,4,48,0,6,-105.0,70.5,-47.5,5.0,6117800,3944.391124,nan,6.1178,nan,4,1080,1156640,8,4959552,48,4,528,256,64,272,68,132,4,0,0,4
663,-47.5,57.5,42,21,0,0.0,0.0,0,0.0,57.5,2,562500.0,55.07672031972053,45.716514122076426,21,42,2,4,42,0,6,-105.0,70.5,-47.5,5.0,5498000,3949.889124,nan,5.498,nan,4,1224,1156640,8,4339608,42,4,528,256,64,272,68,132,4,0,0,4
664,-47.5,57.5,36,18,0,0.0,0.0,0,0.0,57.5,1,562500.0,34.357020934762204,18.948001756974644,18,36,1,5,36,0,6,-105.0,70.5,-47.5,5.0,5167132,3955.056256,nan,5.167132,nan,5,1008,1445800,10,3719664,36,5,660,320,80,340,85,165,5,0,0,5
665,-47.5,57.5,40,20,0,0.0,0.0,0,0.0,57.5,1,562500.0,37.77368809698093,21.62566740386731,20,40,1,3,40,0,4,-105.0,70.5,-47.5,5.0,5001268,3960.057524,nan,5.001268,nan,3,432,867480,6,4132960,40,3,396,192,48,204,51,99,3,0,0,3
666,-47.5,57.5,48,24,0,0.0,0.0,0,0.0,57.5,3,562500.0,36.8119753533034,30.233676450319628,24,48,3,4,48,0,7,-105.0,70.5,-47.5,5.0,6118232,3966.175756,nan,6.118232,nan,4,1512,1156640,8,4959552,48,4,528,256,64,272,68,132,4,0,0,4
667,-47.5,57.5,58,29,0,0.0,0.0,0,0.0,57.5,2,562500.0,51.21572920233494,23.124087327266906,29,58,2,4,58,0,6,-105.0,70.5,-47.5,5.0,7151400,3973.327156,nan,7.1514,nan,4,1440,1156640,8,5992792,58,4,528,256,64,272,68,132,4,0,0,4
668,-47.5,57.5,62,31,0,0.0,0.0,0,0.0,57.5,1,562500.0,63.57006359100342,61.442291259765625,31,62,1,4,62,0,5,-105.0,70.5,-47.5,5.0,7564984,3980.89214,nan,7.564984,nan,4,1728,1156640,8,6406088,62,4,528,256,64,272,68,132,4,0,0,4
669,-47.5,57.5,72,36,0,0.0,0.0,0,0.0,57.5,2,562500.0,50.364232229958645,40.1588128715101,36,72,2,3,72,0,5,-105.0,70.5,-47.5,5.0,8308644,3989.200784,nan,8.308644,nan,3,1440,867480,6,7439328,72,3,396,192,48,204,51,99,3,0,0,3
670,-47.5,57.5,76,38,0,0.0,0.0,0,0.0,57.5,0,562500.0,52.0847787724457,41.36804936606218,38,76,0,4,76,0,4,-105.0,70.5,-47.5,5.0,9011232,3998.212016,nan,9.011232,nan,4,1440,1156640,8,7852624,76,4,528,256,64,272,68,132,4,0,0,4
671,-47.5,57.5,76,38,0,0.0,0.0,0,0.0,57.5,1,562500.0,60.534674326578774,57.90052795410156,38,76,1,3,76,0,4,-105.0,70.5,-47.5,5.0,8721940,4006.933956,nan,8.72194,nan,3,1440,867480,6,7852624,76,3,396,192,48,204,51,99,3,0,0,3
672,-47.5,57.5,76,38,0,0.0,0.0,0,0.0,57.5,3,562500.0,61.930975596110024,58.00990295410156,38,76,3,3,76,0,6,-105.0,70.5,-47.5,5.0,8722300,4015.656256,nan,8.7223,nan,3,1800,867480,6,7852624,76,3,396,192,48,204,51,99,3,0,0,3
673,-47.5,57.5,68,34,0,0.0,0.0,0,0.0,57.5,4,562500.0,64.52996349334717,61.008270263671875,34,68,4,4,68,0,8,-105.0,70.5,-47.5,5.0,8185360,4023.841616,nan,8.18536,nan,4,2160,1156640,8,7026032,68,4,528,256,64,272,68,132,4,0,0,4
674,-47.5,57.5,64,32,0,0.0,0.0,0,0.0,57.5,1,562500.0,47.101535874028684,23.083325910155512,32,64,1,6,64,0,7,-105.0,70.5,-47.5,5.0,8350144,4032.19176,nan,8.350144,nan,6,1656,1734960,12,6612736,64,6,792,384,96,408,102,198,6,0,0,6
675,-47.5,57.5,58,29,0,0.0,0.0,0,0.0,57.5,0,562500.0,45.532917982453704,38.70421832113307,29,58,0,4,58,0,4,-105.0,70.5,-47.5,5.0,7151112,4039.342872,nan,7.151112,nan,4,1152,1156640,8,5992792,58,4,528,256,64,272,68,132,4,0,0,4
676,-47.5,57.5,60,30,0,0.0,0.0,0,0.0,57.5,1,562500.0,52.06705914201175,45.20507122782931,30,60,1,3,60,0,4,-105.0,70.5,-47.5,5.0,7068396,4046.411268,nan,7.068396,nan,3,1080,867480,6,6199440,60,3,396,192,48,204,51,99,3,0,0,3
677,-47.5,57.5,62,31,0,0.0,0.0,0,0.0,57.5,1,562500.0,43.19075872869563,19.47785681780701,31,62,1,4,62,0,5,-105.0,70.5,-47.5,5.0,7564696,4053.975964,nan,7.564696,nan,4,1440,1156640,8,6406088,62,4,528,256,64,272,68,132,4,0,0,4
678,-47.5,57.5,64,32,0,0.0,0.0,0,0.0,57.5,2,562500.0,53.25293589866693,43.50212838444559,32,64,2,4,64,0,6,-105.0,70.5,-47.5,5.0,7771128,4061.747092,nan,7.771128,nan,4,1224,1156640,8,6612736,64,4,528,256,64,272,68,132,4,0,0,4
679,-47.5,57.5,72,36,0,0.0,0.0,0,0.0,57.5,2,562500.0,55.69117117946205,45.57669012699964,36,72,2,4,72,0,6,-105.0,70.5,-47.5,5.0,8598224,4070.345316,nan,8.598224,nan,4,1728,1156640,8,7439328,72,4,528,256,64,272,68,132,4,0,0,4
680,-47.5,57.5,74,37,0,0.0,0.0,0,0.0,57.5,2,562500.0,54.666476966174706,45.80366587526139,37,74,2,3,74,0,5,-105.0,70.5,-47.5,5.0,8515364,4078.86068,nan,8.515364,nan,3,1512,867480,6,7645976,74,3,396,192,48,204,51,99,3,0,0,3
681,-47.5,57.5,64,32,0,0.0,0.0,0,0.0,57.5,1,562500.0,51.41811635826703,28.968034114621155,32,64,1,4,64,0,5,-105.0,70.5,-47.5,5.0,7771344,4086.632024,nan,7.771344,nan,4,1440,1156640,8,6612736,64,4,528,256,64,272,68,132,4,0,0,4
682,-47.5,57.5,58,29,0,0.0,0.0,0,0.0,57.5,2,562500.0,52.4566370652569,36.32449432469935,29,58,2,3,58,0,5,-105.0,70.5,-47.5,5.0,6862036,4093.49406,nan,6.862036,nan,3,1368,867480,6,5992792,58,3,396,192,48,204,51,99,3,0,0,3
683,-47.5,57.5,62,31,0,0.0,0.0,0,0.0,57.5,2,562500.0,62.32912635803223,59.145259857177734,31,62,2,4,62,0,6,-105.0,70.5,-47.5,5.0,7564840,4101.0589,nan,7.56484,nan,4,1584,1156640,8,6406088,62,4,528,256,64,272,68,132,4,0,0,4
684,-47.5,57.5,50,25,0,0.0,0.0,0,0.0,57.5,1,562500.0,49.39181176839031,30.32067435126922,25,50,1,4,50,0,5,-105.0,70.5,-47.5,5.0,6324448,4107.383348,nan,6.324448,nan,4,1080,1156640,8,5166200,50,4,528,256,64,272,68,132,4,0,0,4
685,-47.5,57.5,44,22,0,0.0,0.0,0,0.0,57.5,1,562500.0,42.79949303012209,24.646482710403074,22,44,1,5,44,0,6,-105.0,70.5,-47.5,5.0,5993868,4113.377216,nan,5.993868,nan,5,1152,1445800,10,4546256,44,5,660,320,80,340,85,165,5,0,0,5
686,-47.5,57.5,38,19,0,0.0,0.0,0,0.0,57.5,0,562500.0,43.7449974630757,21.83197231565543,19,38,0,4,38,0,4,-105.0,70.5,-47.5,5.0,5084272,4118.461488,nan,5.084272,nan,4,792,1156640,8,3926312,38,4,528,256,64,272,68,132,4,0,0,4
687,-47.5,57.5,38,19,0,0.0,0.0,0,0.0,57.5,0,562500.0,48.43912787452977,40.212513550329746,19,38,0,3,38,0,3,-105.0,70.5,-47.5,5.0,4794836,4123.256324,nan,4.794836,nan,3,648,867480,6,3926312,38,3,396,192,48,204,51,99,3,0,0,3
688,-47.5,57.5,34,17,0,0.0,0.0,0,0.0,57.5,2,562500.0,51.88748042557632,41.67093133320866,17,34,2,3,34,0,5,-105.0,70.5,-47.5,5.0,4381540,4127.637864,nan,4.38154,nan,3,648,867480,6,3513016,34,3,396,192,48,204,51,99,3,0,0,3
689,-47.5,57.5,30,15,0,0.0,0.0,0,0.0,57.5,1,562500.0,61.8193244934082,58.829566955566406,15,30,1,3,30,0,4,-105.0,70.5,-47.5,5.0,3968172,4131.606036,nan,3.968172,nan,3,576,867480,6,3099720,30,3,396,192,48,204,51,99,3,0,0,3
690,-47.5,57.5,24,12,0,0.0,0.0,0,0.0,57.5,1,562500.0,48.14215289723368,29.368720842769818,12,24,1,5,24,0,6,-105.0,70.5,-47.5,5.0,3926884,4135.53292,nan,3.926884,nan,5,648,1445800,10,2479776,24,5,660,320,80,340,85,165,5,0,0,5
691,-47.5,57.5,22,11,0,0.0,0.0,0,0.0,57.5,1,562500.0,65.90060551961263,62.77430725097656,11,22,1,3,22,0,4,-105.0,70.5,-47.5,5.0,3141436,4138.674356,nan,3.141436,nan,3,432,867480,6,2273128,22,3,396,192,48,204,51,99,3,0,0,3
692,-47.5,57.5,22,11,0,0.0,0.0,0,0.0,57.5,0,562500.0,45.02959573402831,30.083008293025454,11,22,0,3,22,0,3,-105.0,70.5,-47.5,5.0,3141436,4141.815792,nan,3.141436,nan,3,432,867480,6,2273128,22,3,396,192,48,204,51,99,3,0,0,3
693,-47.5,57.5,24,12,0,0.0,0.0,0,0.0,57.5,1,562500.0,36.849667444412404,21.51014334824058,12,24,1,3,24,0,4,-105.0,70.5,-47.5,5.0,3348084,4145.163876,nan,3.348084,nan,3,432,867480,6,2479776,24,3,396,192,48,204,51,99,3,0,0,3
694,-47.5,57.5,24,12,0,0.0,0.0,0,0.0,57.5,1,562500.0,41.51500027316255,26.884069752501997,12,24,1,4,24,0,5,-105.0,70.5,-47.5,5.0,3637448,4148.801324,nan,3.637448,nan,4,504,1156640,8,2479776,24,4,528,256,64,272,68,132,4,0,0,4
695,-47.5,57.5,28,14,0,0.0,0.0,0,0.0,57.5,1,562500.0,28.953487978531232,21.970311022362306,14,28,1,3,28,0,4,-105.0,70.5,-47.5,5.0,3761524,4152.562848,nan,3.761524,nan,3,576,867480,6,2893072,28,3,396,192,48,204,51,99,3,0,0,3
696,-47.5,57.5,32,16,0,0.0,0.0,0,0.0,57.5,2,562500.0,48.079216613805094,29.13890044441942,16,32,2,4,32,0,6,-105.0,70.5,-47.5,5.0,4464328,4157.027176,nan,4.464328,nan,4,792,1156640,8,3306368,32,4,528,256,64,272,68,132,4,0,0,4
697,-47.5,57.5,30,15,0,0.0,0.0,0,0.0,57.5,2,562500.0,50.8745143290558,36.47356262915753,15,30,2,5,30,0,7,-105.0,70.5,-47.5,5.0,4547116,4161.574292,nan,4.547116,nan,5,936,1445800,10,3099720,30,5,660,320,80,340,85,165,5,0,0,5
698,-47.5,57.5,32,16,0,0.0,0.0,0,0.0,57.5,1,562500.0,50.781528218803686,38.30832191738026,16,32,1,4,32,0,5,-105.0,70.5,-47.5,5.0,4464040,4166.038332,nan,4.46404,nan,4,504,1156640,8,3306368,32,4,528,256,64,272,68,132,4,0,0,4
699,-47.5,57.5,38,19,0,0.0,0.0,0,0.0,57.5,1,562500.0,32.34478444032935,18.007807399195272,19,38,1,4,38,0,5,-105.0,70.5,-47.5,5.0,5084200,4171.122532,nan,5.0842,nan,4,720,1156640,8,3926312,38,4,528,256,64,272,68,132,4,0,0,4
700,-47.5,57.5,42,21,0,0.0,0.0,0,0.0,57.5,1,562500.0,53.856745876464274,36.89131642839351,21,42,1,4,42,0,5,-105.0,70.5,-47.5,5.0,5497784,4176.620316,nan,5.497784,nan,4,1008,1156640,8,4339608,42,4,528,256,64,272,68,132,4,0,0,4
701,-47.5,57.5,46,23,0,0.0,0.0,0,0.0,57.5,1,562500.0,51.46878213616708,32.52970261207326,23,46,1,4,46,0,5,-105.0,70.5,-47.5,5.0,5911152,4182.531468,nan,5.911152,nan,4,1080,1156640,8,4752904,46,4,528,256,64,272,68,132,4,0,0,4
702,-47.5,57.5,42,21,0,0.0,0.0,0,0.0,57.5,1,562500.0,42.76074742430683,32.33388214769502,21,42,1,4,42,0,5,-105.0,70.5,-47.5,5.0,5497640,4188.029108,nan,5.49764,nan,4,864,1156640,8,4339608,42,4,528,256,64,272,68,132,4,0,0,4
703,-47.5,57.5,40,20,0,0.0,0.0,0,0.0,57.5,0,562500.0,31.870579427366206,18.538625915673038,20,40,0,4,40,0,4,-105.0,70.5,-47.5,5.0,5290704,4193.319812,nan,5.290704,nan,4,576,1156640,8,4132960,40,4,528,256,64,272,68,132,4,0,0,4
704,-47.5,57.5,42,21,0,0.0,0.0,0,0.0,57.5,0,562500.0,31.26521950670862,18.805247698137634,21,42,0,4,42,0,4,-105.0,70.5,-47.5,5.0,5497280,4198.817092,nan,5.49728,nan,4,504,1156640,8,4339608,42,4,528,256,64,272,68,132,4,0,0,4
705,-47.5,57.5,38,19,0,0.0,0.0,0,0.0,57.5,1,562500.0,64.62137985229492,61.83955383300781,19,38,1,2,38,0,3,-105.0,70.5,-47.5,5.0,4505400,4203.322492,nan,4.5054,nan,2,504,578320,4,3926312,38,2,264,128,32,136,34,66,2,0,0,2
706,-47.5,57.5,38,19,0,0.0,0.0,0,0.0,57.5,1,562500.0,52.18952578910495,35.398322518014204,19,38,1,4,38,0,5,-105.0,70.5,-47.5,5.0,5084200,4208.406692,nan,5.0842,nan,4,720,1156640,8,3926312,38,4,528,256,64,272,68,132,4,0,0,4
707,-47.5,57.5,38,19,0,0.0,0.0,0,0.0,57.5,1,562500.0,39.93257971490641,18.995063594332603,19,38,1,4,38,0,5,-105.0,70.5,-47.5,5.0,5084272,4213.490964,nan,5.084272,nan,4,792,1156640,8,3926312,38,4,528,256,64,272,68,132,4,0,0,4
708,-47.5,57.5,40,20,0,0.0,0.0,0,0.0,57.5,1,562500.0,37.58504904444634,18.538625915673038,20,40,1,5,40,0,6,-105.0,70.5,-47.5,5.0,5580284,4219.071248,nan,5.580284,nan,5,864,1445800,10,4132960,40,5,660,320,80,340,85,165,5,0,0,5
709,-47.5,57.5,42,21,0,0.0,0.0,0,0.0,57.5,2,562500.0,26.767469433889925,21.662822325672543,21,42,2,4,42,0,6,-105.0,70.5,-47.5,5.0,5497568,4224.568816,nan,5.497568,nan,4,792,1156640,8,4339608,42,4,528,256,64,272,68,132,4,0,0,4
710,-47.5,57.5,42,21,0,0.0,0.0,0,0.0,57.5,2,562500.0,53.45773242931574,45.083453757462955,21,42,2,3,42,0,5,-105.0,70.5,-47.5,5.0,5208204,4229.77702,nan,5.208204,nan,3,720,867480,6,4339608,42,3,396,192,48,204,51,99,3,0,0,3
711,-47.5,57.5,42,21,0,0.0,0.0,0,0.0,57.5,1,562500.0,47.403938990344514,35.39897460333121,21,42,1,5,42,0,6,-105.0,70.5,-47.5,5.0,5786860,4235.56388,nan,5.78686,nan,5,792,1445800,10,4339608,42,5,660,320,80,340,85,165,5,0,0,5
712,-47.5,57.5,42,21,0,0.0,0.0,0,0.0,57.5,1,562500.0,39.93257971490641,18.995063594332603,21,42,1,4,42,0,5,-105.0,70.5,-47.5,5.0,5497568,4241.061448,nan,5.497568,nan,4,792,1156640,8,4339608,42,4,528,256,64,272,68,132,4,0,0,4
713,-47.5,57.5,44,22,0,0.0,0.0,0,0.0,57.5,0,562500.0,29.742129239868092,18.538625915673038,22,44,0,5,44,0,5,-105.0,70.5,-47.5,5.0,5993580,4247.055028,nan,5.99358,nan,5,864,1445800,10,4546256,44,5,660,320,80,340,85,165,5,0,0,5
714,-47.5,57.5,44,22,0,0.0,0.0,0,0.0,57.5,0,562500.0,32.640406426874634,18.805247698137634,22,44,0,4,44,0,4,-105.0,70.5,-47.5,5.0,5704000,4252.759028,nan,5.704,nan,4,576,1156640,8,4546256,44,4,528,256,64,272,68,132,4,0,0,4
715,-47.5,57.5,44,22,0,0.0,0.0,0,0.0,57.5,1,562500.0,32.82438280922557,18.014591538482208,22,44,1,3,44,0,4,-105.0,70.5,-47.5,5.0,5414780,4258.173808,nan,5.41478,nan,3,648,867480,6,4546256,44,3,396,192,48,204,51,99,3,0,0,3
716,-47.5,57.5,44,22,0,0.0,0.0,0,0.0,57.5,1,562500.0,52.189689761917,35.39897460333121,22,44,1,4,44,0,5,-105.0,70.5,-47.5,5.0,5704144,4263.877952,nan,5.704144,nan,4,720,1156640,8,4546256,44,4,528,256,64,272,68,132,4,0,0,4
717,-47.5,57.5,44,22,0,0.0,0.0,0,0.0,57.5,1,562500.0,19.819037565214288,19.304982603943838,22,44,1,4,44,0,5,-105.0,70.5,-47.5,5.0,5704144,4269.582096,nan,5.704144,nan,4,720,1156640,8,4546256,44,4,528,256,64,272,68,132,4,0,0,4
718,-47.5,57.5,44,22,0,0.0,0.0,0,0.0,57.5,0,562500.0,27.36615531329581,18.16526696102352,22,44,0,5,44,0,5,-105.0,70.5,-47.5,5.0,5993508,4275.575604,nan,5.993508,nan,5,792,1445800,10,4546256,44,5,660,320,80,340,85,165,5,0,0,5
719,-47.5,57.5,44,22,0,0.0,0.0,0,0.0,57.5,0,562500.0,33.42902867525789,19.023910980991346,22,44,0,4,44,0,4,-105.0,70.5,-47.5,5.0,5704000,4281.279604,nan,5.704,nan,4,576,1156640,8,4546256,44,4,528,256,64,272,68,132,4,0,0,4
720,-47.5,57.5,44,22,0,0.0,0.0,0,0.0,57.5,0,562500.0,30.054099221798438,18.520360090009067,22,44,0,4,44,0,4,-105.0,70.5,-47.5,5.0,5704072,4286.983676,nan,5.704072,nan,4,648,1156640,8,4546256,44,4,528,256,64,272,68,132,4,0,0,4
721,-47.5,57.5,58,29,0,0.0,0.0,0,0.0,57.5,0,562500.0,51.77902842774482,34.75648421636832,29,58,0,4,58,0,4,-105.0,70.5,-47.5,5.0,7150680,4294.134356,nan,7.15068,nan,4,720,1156640,8,5992792,58,4,528,256,64,272,68,132,4,0,0,4
722,-47.5,57.5,56,28,0,0.0,0.0,0,0.0,57.5,1,562500.0,52.48783755318649,44.7957667168836,28,56,1,3,56,0,4,-105.0,70.5,-47.5,5.0,6654812,4300.789168,nan,6.654812,nan,3,792,867480,6,5786144,56,3,396,192,48,204,51,99,3,0,0,3
723,-47.5,57.5,60,30,0,0.0,0.0,0,0.0,57.5,0,562500.0,57.77702242719605,43.59170960805784,30,60,0,5,60,0,5,-105.0,70.5,-47.5,5.0,7647196,4308.436364,nan,7.647196,nan,5,1296,1445800,10,6199440,60,5,660,320,80,340,85,165,5,0,0,5
724,-47.5,57.5,66,33,0,0.0,0.0,0,0.0,57.5,0,562500.0,42.58105689109121,23.183710865968187,33,66,0,4,66,0,4,-105.0,70.5,-47.5,5.0,7977488,4316.413852,nan,7.977488,nan,4,936,1156640,8,6819384,66,4,528,256,64,272,68,132,4,0,0,4
725,-47.5,57.5,68,34,0,0.0,0.0,0,0.0,57.5,0,562500.0,56.17689524522379,43.80496961060806,34,68,0,4,68,0,4,-105.0,70.5,-47.5,5.0,8183992,4324.597844,nan,8.183992,nan,4,792,1156640,8,7026032,68,4,528,256,64,272,68,132,4,0,0,4
726,-47.5,57.5,58,29,0,0.0,0.0,0,0.0,57.5,0,562500.0,50.82463084876666,37.56939500549795,29,58,0,4,58,0,4,-105.0,70.5,-47.5,5.0,7150824,4331.748668,nan,7.150824,nan,4,864,1156640,8,5992792,58,4,528,256,64,272,68,132,4,0,0,4
727,-47.5,57.5,44,22,0,0.0,0.0,0,0.0,57.5,1,562500.0,59.87944221496582,59.70777893066406,22,44,1,2,44,0,3,-105.0,70.5,-47.5,5.0,5125344,4336.874012,nan,5.125344,nan,2,504,578320,4,4546256,44,2,264,128,32,136,34,66,2,0,0,2
728,-47.5,57.5,36,18,0,0.0,0.0,0,0.0,57.5,1,562500.0,34.456279745615795,19.946727568745615,18,36,1,3,36,0,4,-105.0,70.5,-47.5,5.0,4588332,4341.462344,nan,4.588332,nan,3,792,867480,6,3719664,36,3,396,192,48,204,51,99,3,0,0,3
729,-47.5,57.5,38,19,0,0.0,0.0,0,0.0,57.5,1,562500.0,33.54568589125598,20.450575417433132,19,38,1,4,38,0,5,-105.0,70.5,-47.5,5.0,5084560,4346.546904,nan,5.08456,nan,4,1080,1156640,8,3926312,38,4,528,256,64,272,68,132,4,0,0,4
730,-47.5,57.5,38,19,0,0.0,0.0,0,0.0,57.5,0,562500.0,50.39267199630527,43.549611587788476,19,38,0,2,38,0,2,-105.0,70.5,-47.5,5.0,4505400,4351.052304,nan,4.5054,nan,2,504,578320,4,3926312,38,2,264,128,32,136,34,66,2,0,0,2
731,-47.5,57.5,36,18,0,0.0,0.0,0,0.0,57.5,0,562500.0,44.88719474508556,22.09366056941722,18,36,0,4,36,0,4,-105.0,70.5,-47.5,5.0,4877336,4355.92964,nan,4.877336,nan,4,504,1156640,8,3719664,36,4,528,256,64,272,68,132,4,0,0,4
732,-47.5,57.5,30,15,0,0.0,0.0,0,0.0,57.5,1,562500.0,59.87704372406006,59.53195571899414,15,30,1,2,30,0,3,-105.0,70.5,-47.5,5.0,3678952,4359.608592,nan,3.678952,nan,2,648,578320,4,3099720,30,2,264,128,32,136,34,66,2,0,0,2
733,-47.5,57.5,32,16,0,0.0,0.0,0,0.0,57.5,1,562500.0,60.36405372619629,60.231285095214844,16,32,1,2,32,0,3,-105.0,70.5,-47.5,5.0,3885600,4363.494192,nan,3.8856,nan,2,648,578320,4,3306368,32,2,264,128,32,136,34,66,2,0,0,2
734,-47.5,57.5,38,19,0,0.0,0.0,0,0.0,57.5,2,562500.0,56.981665975936586,43.47341820479696,19,38,2,3,38,0,5,-105.0,70.5,-47.5,5.0,4795268,4368.28946,nan,4.795268,nan,3,1080,867480,6,3926312,38,3,396,192,48,204,51,99,3,0,0,3
735,-47.5,57.5,34,17,0,0.0,0.0,0,0.0,57.5,1,562500.0,64.59734426097528,62.396414619251644,17,34,1,2,34,0,3,-105.0,70.5,-47.5,5.0,4092464,4372.381924,nan,4.092464,nan,2,864,578320,4,3513016,34,2,264,128,32,136,34,66,2,0,0,2
736,-47.5,57.5,38,19,0,0.0,0.0,0,0.0,57.5,2,562500.0,41.53498349787128,19.60833517938076,19,38,2,4,38,0,6,-105.0,70.5,-47.5,5.0,5084272,4377.466196,nan,5.084272,nan,4,792,1156640,8,3926312,38,4,528,256,64,272,68,132,4,0,0,4
737,-47.5,57.5,42,21,0,0.0,0.0,0,0.0,57.5,2,562500.0,40.44183156499911,19.575663412811803,21,42,2,3,42,0,5,-105.0,70.5,-47.5,5.0,5208492,4382.674688,nan,5.208492,nan,3,1008,867480,6,4339608,42,3,396,192,48,204,51,99,3,0,0,3
738,-47.5,57.5,36,18,0,0.0,0.0,0,0.0,57.5,1,562500.0,45.54429863052306,18.37800193189541,18,36,1,4,36,0,5,-105.0,70.5,-47.5,5.0,4877912,4387.5526,nan,4.877912,nan,4,1080,1156640,8,3719664,36,4,528,256,64,272,68,132,4,0,0,4
739,-47.5,57.5,32,16,0,0.0,0.0,0,0.0,57.5,0,562500.0,63.024227142333984,62.2344856262207,16,32,0,2,32,0,2,-105.0,70.5,-47.5,5.0,3885456,4391.438056,nan,3.885456,nan,2,504,578320,4,3306368,32,2,264,128,32,136,34,66,2,0,0,2
740,-47.5,57.5,30,15,0,0.0,0.0,0,0.0,57.5,0,562500.0,39.4142847937289,21.824702974577193,15,30,0,3,30,0,3,-105.0,70.5,-47.5,5.0,3968100,4395.406156,nan,3.9681,nan,3,504,867480,6,3099720,30,3,396,192,48,204,51,99,3,0,0,3
741,-47.5,57.5,34,17,0,0.0,0.0,0,0.0,57.5,0,562500.0,43.303572650705824,35.04676703926889,17,34,0,4,34,0,4,-105.0,70.5,-47.5,5.0,4670688,4400.076844,nan,4.670688,nan,4,504,1156640,8,3513016,34,4,528,256,64,272,68,132,4,0,0,4
742,-47.5,57.5,36,18,0,0.0,0.0,0,0.0,57.5,1,562500.0,47.218243065715285,29.960681161934627,18,36,1,3,36,0,4,-105.0,70.5,-47.5,5.0,4588116,4404.66496,nan,4.588116,nan,3,576,867480,6,3719664,36,3,396,192,48,204,51,99,3,0,0,3
743,-47.5,57.5,38,19,0,0.0,0.0,0,0.0,57.5,0,562500.0,59.04397010803223,57.734561920166016,19,38,0,3,38,0,3,-105.0,70.5,-47.5,5.0,4794836,4409.459796,nan,4.794836,nan,3,648,867480,6,3926312,38,3,396,192,48,204,51,99,3,0,0,3
744,-47.5,57.5,38,19,0,0.0,0.0,0,0.0,57.5,1,562500.0,44.89031965170022,32.78814536773192,19,38,1,3,38,0,4,-105.0,70.5,-47.5,5.0,4794620,4414.254416,nan,4.79462,nan,3,432,867480,6,3926312,38,3,396,192,48,204,51,99,3,0,0,3
745,-47.5,57.5,42,21,0,0.0,0.0,0,0.0,57.5,2,562500.0,49.08864044101559,36.14269949672051,21,42,2,5,42,0,7,-105.0,70.5,-47.5,5.0,5786932,4420.041348,nan,5.786932,nan,5,864,1445800,10,4339608,42,5,660,320,80,340,85,165,5,0,0,5
746,-47.5,57.5,46,23,0,0.0,0.0,0,0.0,57.5,2,562500.0,33.73982982700001,18.59513862502348,23,46,2,5,46,0,7,-105.0,70.5,-47.5,5.0,6200444,4426.241792,nan,6.200444,nan,5,1080,1445800,10,4752904,46,5,660,320,80,340,85,165,5,0,0,5
747,-47.5,57.5,48,24,0,0.0,0.0,0,0.0,57.5,3,562500.0,28.37565442621498,18.59513862502348,24,48,3,4,48,0,7,-105.0,70.5,-47.5,5.0,6117944,4432.359736,nan,6.117944,nan,4,1224,1156640,8,4959552,48,4,528,256,64,272,68,132,4,0,0,4
748,-47.5,57.5,52,26,0,0.0,0.0,0,0.0,57.5,2,562500.0,41.93075475893487,18.87377326561731,26,52,2,4,52,0,6,-105.0,70.5,-47.5,5.0,6531384,4438.89112,nan,6.531384,nan,4,1368,1156640,8,5372848,52,4,528,256,64,272,68,132,4,0,0,4
749,-47.5,57.5,44,22,0,0.0,0.0,0,0.0,57.5,1,562500.0,48.70918420096985,37.97625019277892,22,44,1,3,44,0,4,-105.0,70.5,-47.5,5.0,5414924,4444.306044,nan,5.414924,nan,3,792,867480,6,4546256,44,3,396,192,48,204,51,99,3,0,0,3
750,-47.5,57.5,52,26,0,0.0,0.0,0,0.0,57.5,2,562500.0,39.87184601951561,21.304027873662047,26,52,2,4,52,0,6,-105.0,70.5,-47.5,5.0,6531384,4450.837428,nan,6.531384,nan,4,1368,1156640,8,5372848,52,4,528,256,64,272,68,132,4,0,0,4
751,-47.5,57.5,50,25,0,0.0,0.0,0,0.0,57.5,1,562500.0,27.425643172180575,18.186940626502373,25,50,1,4,50,0,5,-105.0,70.5,-47.5,5.0,6324304,4457.161732,nan,6.324304,nan,4,936,1156640,8,5166200,50,4,528,256,64,272,68,132,4,0,0,4
752,-47.5,57.5,62,31,0,0.0,0.0,0,0.0,57.5,3,562500.0,52.548821424372406,40.24002823716464,31,62,3,4,62,0,7,-105.0,70.5,-47.5,5.0,7564696,4464.726428,nan,7.564696,nan,4,1440,1156640,8,6406088,62,4,528,256,64,272,68,132,4,0,0,4
753,-47.5,57.5,70,35,0,0.0,0.0,0,0.0,57.5,2,562500.0,38.725053937282766,24.88352643806548,35,70,2,5,70,0,7,-105.0,70.5,-47.5,5.0,8680868,4473.407296,nan,8.680868,nan,5,1728,1445800,10,7232680,70,5,660,320,80,340,85,165,5,0,0,5
754,-47.5,57.5,64,32,0,0.0,0.0,0,0.0,57.5,1,562500.0,45.51169524822302,36.71543487606412,32,64,1,5,64,0,6,-105.0,70.5,-47.5,5.0,8060492,4481.467788,nan,8.060492,nan,5,1296,1445800,10,6612736,64,5,660,320,80,340,85,165,5,0,0,5
755,-47.5,57.5,64,32,0,0.0,0.0,0,0.0,57.5,1,562500.0,63.07270812988281,60.21068572998047,32,64,1,3,64,0,4,-105.0,70.5,-47.5,5.0,7481692,4488.94948,nan,7.481692,nan,3,1080,867480,6,6612736,64,3,396,192,48,204,51,99,3,0,0,3
756,-47.5,57.5,60,30,0,0.0,0.0,0,0.0,57.5,1,562500.0,24.590727143696697,18.186940626502373,30,60,1,4,60,0,5,-105.0,70.5,-47.5,5.0,7357976,4496.307456,nan,7.357976,nan,4,1368,1156640,8,6199440,60,4,528,256,64,272,68,132,4,0,0,4
757,-47.5,57.5,54,27,0,0.0,0.0,0,0.0,57.5,2,562500.0,40.76640266764709,21.65442827960428,27,54,2,3,54,0,5,-105.0,70.5,-47.5,5.0,6448236,4502.755692,nan,6.448236,nan,3,864,867480,6,5579496,54,3,396,192,48,204,51,99,3,0,0,3
758,-47.5,57.5,52,26,0,0.0,0.0,0,0.0,57.5,1,562500.0,38.28019652396243,25.352676466228612,26,52,1,5,52,0,6,-105.0,70.5,-47.5,5.0,6820388,4509.57608,nan,6.820388,nan,5,1080,1445800,10,5372848,52,5,660,320,80,340,85,165,5,0,0,5
759,-47.5,57.5,50,25,0,0.0,0.0,0,0.0,57.5,0,562500.0,49.87849797431172,31.992925954354302,25,50,0,5,50,0,5,-105.0,70.5,-47.5,5.0,6613740,4516.18982,nan,6.61374,nan,5,1080,1445800,10,5166200,50,5,660,320,80,340,85,165,5,0,0,5
760,-47.5,57.5,44,22,0,0.0,0.0,0,0.0,57.5,0,562500.0,62.043627421061196,58.51698684692383,22,44,0,3,44,0,3,-105.0,70.5,-47.5,5.0,5414708,4521.604528,nan,5.414708,nan,3,576,867480,6,4546256,44,3,396,192,48,204,51,99,3,0,0,3
761,-47.5,57.5,44,22,0,0.0,0.0,0,0.0,57.5,0,562500.0,62.69277620315552,59.05878448486328,22,44,0,4,44,0,4,-105.0,70.5,-47.5,5.0,5703928,4527.308456,nan,5.703928,nan,4,504,1156640,8,4546256,44,4,528,256,64,272,68,132,4,0,0,4
762,-47.5,57.5,46,23,0,0.0,0.0,0,0.0,57.5,3,562500.0,48.79659590423862,40.072723604171394,23,46,3,3,46,0,6,-105.0,70.5,-47.5,5.0,5621644,4532.9301,nan,5.621644,nan,3,864,867480,6,4752904,46,3,396,192,48,204,51,99,3,0,0,3
763,-47.5,57.5,44,22,0,0.0,0.0,0,0.0,57.5,1,562500.0,45.64582037287097,28.846562034718062,22,44,1,5,44,0,6,-105.0,70.5,-47.5,5.0,5993940,4538.92404,nan,5.99394,nan,5,1224,1445800,10,4546256,44,5,660,320,80,340,85,165,5,0,0,5
764,-47.5,57.5,44,22,0,0.0,0.0,0,0.0,57.5,0,562500.0,40.45077425938236,23.64673047264162,22,44,0,5,44,0,5,-105.0,70.5,-47.5,5.0,5993796,4544.917836,nan,5.993796,nan,5,1080,1445800,10,4546256,44,5,660,320,80,340,85,165,5,0,0,5
765,-47.5,57.5,48,24,0,0.0,0.0,0,0.0,57.5,0,562500.0,41.236222557698454,23.191570838399322,24,48,0,5,48,0,5,-105.0,70.5,-47.5,5.0,6406804,4551.32464,nan,6.406804,nan,5,792,1445800,10,4959552,48,5,660,320,80,340,85,165,5,0,0,5
766,-47.5,57.5,54,27,0,0.0,0.0,0,0.0,57.5,0,562500.0,62.15798759460449,58.51698684692383,27,54,0,2,54,0,2,-105.0,70.5,-47.5,5.0,6158656,4557.483296,nan,6.158656,nan,2,576,578320,4,5579496,54,2,264,128,32,136,34,66,2,0,0,2
767,-47.5,57.5,60,30,0,0.0,0.0,0,0.0,57.5,2,562500.0,51.62467689878346,39.37662803141704,30,60,2,3,60,0,5,-105.0,70.5,-47.5,5.0,7068252,4564.551548,nan,7.068252,nan,3,936,867480,6,6199440,60,3,396,192,48,204,51,99,3,0,0,3
768,-47.5,57.5,60,30,0,0.0,0.0,0,0.0,57.5,3,562500.0,50.15739292470906,42.19133017652446,30,60,3,3,60,0,6,-105.0,70.5,-47.5,5.0,7068828,4571.620376,nan,7.068828,nan,3,1512,867480,6,6199440,60,3,396,192,48,204,51,99,3,0,0,3
769,-47.5,57.5,60,30,0,0.0,0.0,0,0.0,57.5,1,562500.0,40.258982176432355,22.876737098498854,30,60,1,6,60,0,7,-105.0,70.5,-47.5,5.0,7936632,4579.557008,nan,7.936632,nan,6,1440,1734960,12,6199440,60,6,792,384,96,408,102,198,6,0,0,6
770,-47.5,57.5,60,30,0,0.0,0.0,0,0.0,57.5,1,562500.0,43.726611384515735,39.5640390616208,30,60,1,4,60,0,5,-105.0,70.5,-47.5,5.0,7357688,4586.914696,nan,7.357688,nan,4,1080,1156640,8,6199440,60,4,528,256,64,272,68,132,4,0,0,4
771,-47.5,57.5,64,32,0,0.0,0.0,0,0.0,57.5,0,562500.0,39.68380992202916,18.822914150229327,32,64,0,5,64,0,5,-105.0,70.5,-47.5,5.0,8060132,4594.974828,nan,8.060132,nan,5,936,1445800,10,6612736,64,5,660,320,80,340,85,165,5,0,0,5
772,-47.5,57.5,50,25,0,0.0,0.0,0,0.0,57.5,0,562500.0,63.38816738128662,61.0987548828125,25,50,0,4,50,0,4,-105.0,70.5,-47.5,5.0,6324160,4601.298988,nan,6.32416,nan,4,792,1156640,8,5166200,50,4,528,256,64,272,68,132,4,0,0,4
773,-47.5,57.5,46,23,0,0.0,0.0,0,0.0,57.5,0,562500.0,53.9313620282763,42.80665624698817,23,46,0,4,46,0,4,-105.0,70.5,-47.5,5.0,5910936,4607.209924,nan,5.910936,nan,4,864,1156640,8,4752904,46,4,528,256,64,272,68,132,4,0,0,4
774,-47.5,57.5,46,23,0,0.0,0.0,0,0.0,57.5,0,562500.0,39.88421775852751,21.337248891251697,23,46,0,4,46,0,4,-105.0,70.5,-47.5,5.0,5910936,4613.12086,nan,5.910936,nan,4,864,1156640,8,4752904,46,4,528,256,64,272,68,132,4,0,0,4
775,-47.5,57.5,50,25,0,0.0,0.0,0,0.0,57.5,1,562500.0,50.96670546051636,44.01444668186686,25,50,1,3,50,0,4,-105.0,70.5,-47.5,5.0,6034724,4619.155584,nan,6.034724,nan,3,648,867480,6,5166200,50,3,396,192,48,204,51,99,3,0,0,3
776,-47.5,57.5,50,25,0,0.0,0.0,0,0.0,57.5,2,562500.0,56.66978763066286,46.24365952645817,25,50,2,4,50,0,6,-105.0,70.5,-47.5,5.0,6324520,4625.480104,nan,6.32452,nan,4,1152,1156640,8,5166200,50,4,528,256,64,272,68,132,4,0,0,4
777,-47.5,57.5,52,26,0,0.0,0.0,0,0.0,57.5,1,562500.0,41.62796842425764,19.19505338395027,26,52,1,4,52,0,5,-105.0,70.5,-47.5,5.0,6530880,4632.010984,nan,6.53088,nan,4,864,1156640,8,5372848,52,4,528,256,64,272,68,132,4,0,0,4
778,-47.5,57.5,44,22,0,0.0,0.0,0,0.0,57.5,0,562500.0,45.04165647491396,20.816135014028283,22,44,0,4,44,0,4,-105.0,70.5,-47.5,5.0,5704144,4637.715128,nan,5.704144,nan,4,720,1156640,8,4546256,44,4,528,256,64,272,68,132,4,0,0,4
779,-47.5,57.5,42,21,0,0.0,0.0,0,0.0,57.5,0,562500.0,64.61839230855306,61.04781723022461,21,42,0,3,42,0,3,-105.0,70.5,-47.5,5.0,5207916,4642.923044,nan,5.207916,nan,3,432,867480,6,4339608,42,3,396,192,48,204,51,99,3,0,0,3
780,-47.5,57.5,36,18,0,0.0,0.0,0,0.0,57.5,1,562500.0,57.09302374547565,40.03435124573094,18,36,1,3,36,0,4,-105.0,70.5,-47.5,5.0,4588188,4647.511232,nan,4.588188,nan,3,648,867480,6,3719664,36,3,396,192,48,204,51,99,3,0,0,3
781,-47.5,57.5,32,16,0,0.0,0.0,0,0.0,57.5,2,562500.0,49.66247549055771,40.4226060024704,16,32,2,3,32,0,5,-105.0,70.5,-47.5,5.0,4174748,4651.68598,nan,4.174748,nan,3,504,867480,6,3306368,32,3,396,192,48,204,51,99,3,0,0,3
782,-47.5,57.5,36,18,0,0.0,0.0,0,0.0,57.5,0,562500.0,44.7063033285412,19.071626079502447,18,36,0,6,36,0,6,-105.0,70.5,-47.5,5.0,5456208,4657.142188,nan,5.456208,nan,6,792,1734960,12,3719664,36,6,792,384,96,408,102,198,6,0,0,6
783,-47.5,57.5,40,20,0,0.0,0.0,0,0.0,57.5,1,562500.0,34.39453147259859,22.514477027327903,20,40,1,4,40,0,5,-105.0,70.5,-47.5,5.0,5290776,4662.432964,nan,5.290776,nan,4,648,1156640,8,4132960,40,4,528,256,64,272,68,132,4,0,0,4
784,-47.5,57.5,42,21,0,0.0,0.0,0,0.0,57.5,1,562500.0,38.80085802125104,23.011713952461754,21,42,1,3,42,0,4,-105.0,70.5,-47.5,5.0,5208348,4667.641312,nan,5.208348,nan,3,864,867480,6,4339608,42,3,396,192,48,204,51,99,3,0,0,3
785,-47.5,57.5,38,19,0,0.0,0.0,0,0.0,57.5,1,562500.0,52.57165158712565,40.240167921527295,19,38,1,3,38,0,4,-105.0,70.5,-47.5,5.0,4794980,4672.436292,nan,4.79498,nan,3,792,867480,6,3926312,38,3,396,192,48,204,51,99,3,0,0,3
786,-47.5,57.5,38,19,0,0.0,0.0,0,0.0,57.5,0,562500.0,52.120726999954755,42.70180307938528,19,38,0,4,38,0,4,-105.0,70.5,-47.5,5.0,5084056,4677.520348,nan,5.084056,nan,4,576,1156640,8,3926312,38,4,528,256,64,272,68,132,4,0,0,4
787,-47.5,57.5,38,19,0,0.0,0.0,0,0.0,57.5,0,562500.0,47.20741024397107,20.671453104033052,19,38,0,4,38,0,4,-105.0,70.5,-47.5,5.0,5084200,4682.604548,nan,5.0842,nan,4,720,1156640,8,3926312,38,4,528,256,64,272,68,132,4,0,0,4
788,-47.5,57.5,38,19,0,0.0,0.0,0,0.0,57.5,0,562500.0,49.90204467180533,44.12396216088059,19,38,0,3,38,0,3,-105.0,70.5,-47.5,5.0,4794764,4687.399312,nan,4.794764,nan,3,576,867480,6,3926312,38,3,396,192,48,204,51,99,3,0,0,3
789,-47.5,57.5,40,20,0,0.0,0.0,0,0.0,57.5,0,562500.0,38.38319243076644,18.450014160282652,20,40,0,4,40,0,4,-105.0,70.5,-47.5,5.0,5290776,4692.690088,nan,5.290776,nan,4,648,1156640,8,4132960,40,4,528,256,64,272,68,132,4,0,0,4
790,-47.5,57.5,40,20,0,0.0,0.0,0,0.0,57.5,0,562500.0,43.20024612244484,33.07502583580862,20,40,0,4,40,0,4,-105.0,70.5,-47.5,5.0,5290776,4697.980864,nan,5.290776,nan,4,648,1156640,8,4132960,40,4,528,256,64,272,68,132,4,0,0,4
791,-47.5,57.5,38,19,0,0.0,0.0,0,0.0,57.5,0,562500.0,50.20513228154086,40.78005458035126,19,38,0,3,38,0,3,-105.0,70.5,-47.5,5.0,4794548,4702.775412,nan,4.794548,nan,3,360,867480,6,3926312,38,3,396,192,48,204,51,99,3,0,0,3
792,-47.5,57.5,36,18,0,0.0,0.0,0,0.0,57.5,1,562500.0,63.922959645589195,58.331947326660156,18,36,1,3,36,0,4,-105.0,70.5,-47.5,5.0,4588188,4707.3636,nan,4.588188,nan,3,648,867480,6,3719664,36,3,396,192,48,204,51,99,3,0,0,3
793,-47.5,57.5,36,18,0,0.0,0.0,0,0.0,57.5,1,562500.0,47.363888222772225,36.47413438235607,18,36,1,3,36,0,4,-105.0,70.5,-47.5,5.0,4588188,4711.951788,nan,4.588188,nan,3,648,867480,6,3719664,36,3,396,192,48,204,51,99,3,0,0,3
794,-47.5,57.5,38,19,0,0.0,0.0,0,0.0,57.5,0,562500.0,49.25646165918878,31.142226604632306,19,38,0,5,38,0,5,-105.0,70.5,-47.5,5.0,5373492,4717.32528,nan,5.373492,nan,5,720,1445800,10,3926312,38,5,660,320,80,340,85,165,5,0,0,5
795,-47.5,57.5,38,19,0,0.0,0.0,0,0.0,57.5,0,562500.0,41.959405052016045,19.317002510088496,19,38,0,4,38,0,4,-105.0,70.5,-47.5,5.0,5084128,4722.409408,nan,5.084128,nan,4,648,1156640,8,3926312,38,4,528,256,64,272,68,132,4,0,0,4
796,-47.5,57.5,38,19,0,0.0,0.0,0,0.0,57.5,1,562500.0,51.89468586023552,40.78005458035126,19,38,1,3,38,0,4,-105.0,70.5,-47.5,5.0,4794692,4727.2041,nan,4.794692,nan,3,504,867480,6,3926312,38,3,396,192,48,204,51,99,3,0,0,3
797,-47.5,57.5,38,19,0,0.0,0.0,0,0.0,57.5,2,562500.0,62.022698720296226,58.331947326660156,19,38,2,3,38,0,5,-105.0,70.5,-47.5,5.0,4794980,4731.99908,nan,4.79498,nan,3,792,867480,6,3926312,38,3,396,192,48,204,51,99,3,0,0,3
798,-47.5,57.5,38,19,0,0.0,0.0,0,0.0,57.5,1,562500.0,39.72995925556593,31.533901052536883,19,38,1,4,38,0,5,-105.0,70.5,-47.5,5.0,5084272,4737.083352,nan,5.084272,nan,4,792,1156640,8,3926312,38,4,528,256,64,272,68,132,4,0,0,4
799,-47.5,57.5,38,19,0,0.0,0.0,0,0.0,57.5,0,562500.0,40.5699654693692,19.318188880938106,19,38,0,4,38,0,4,-105.0,70.5,-47.5,5.0,5084056,4742.167408,nan,5.084056,nan,4,576,1156640,8,3926312,38,4,528,256,64,272,68,132,4,0,0,4
800,-47.5,57.5,38,19,0,0.0,0.0,0,0.0,57.5,0,562500.0,45.52864873530474,41.43768813375728,19,38,0,4,38,0,4,-105.0,70.5,-47.5,5.0,5084128,4747.251536,nan,5.084128,nan,4,648,1156640,8,3926312,38,4,528,256,64,272,68,132,4,0,0,4
801,-47.5,57.5,40,20,0,0.0,0.0,0,0.0,57.5,2,562500.0,33.70429383231825,18.995063594332603,20,40,2,3,40,0,5,-105.0,70.5,-47.5,5.0,5001484,4752.25302,nan,5.001484,nan,3,648,867480,6,4132960,40,3,396,192,48,204,51,99,3,0,0,3
802,-47.5,57.5,40,20,0,0.0,0.0,0,0.0,57.5,3,562500.0,31.56576975206743,18.07600407379946,20,40,3,3,40,0,6,-105.0,70.5,-47.5,5.0,5001700,4757.25472,nan,5.0017,nan,3,864,867480,6,4132960,40,3,396,192,48,204,51,99,3,0,0,3
803,-47.5,57.5,42,21,0,0.0,0.0,0,0.0,57.5,2,562500.0,37.82384996780233,31.533901052536883,21,42,2,4,42,0,6,-105.0,70.5,-47.5,5.0,5497712,4762.752432,nan,5.497712,nan,4,936,1156640,8,4339608,42,4,528,256,64,272,68,132,4,0,0,4
804,-47.5,57.5,42,21,0,0.0,0.0,0,0.0,57.5,0,562500.0,49.58663161011393,32.782454739313394,21,42,0,5,42,0,5,-105.0,70.5,-47.5,5.0,5786860,4768.539292,nan,5.78686,nan,5,792,1445800,10,4339608,42,5,660,320,80,340,85,165,5,0,0,5
805,-47.5,57.5,42,21,0,0.0,0.0,0,0.0,57.5,0,562500.0,19.1946592739358,18.884471846366345,21,42,0,4,42,0,4,-105.0,70.5,-47.5,5.0,5497424,4774.036716,nan,5.497424,nan,4,648,1156640,8,4339608,42,4,528,256,64,272,68,132,4,0,0,4
806,-47.5,57.5,42,21,0,0.0,0.0,0,0.0,57.5,1,562500.0,23.346841587464592,19.123885674439993,21,42,1,3,42,0,4,-105.0,70.5,-47.5,5.0,5208132,4779.244848,nan,5.208132,nan,3,648,867480,6,4339608,42,3,396,192,48,204,51,99,3,0,0,3
807,-47.5,57.5,42,21,0,0.0,0.0,0,0.0,57.5,2,562500.0,31.55408039225659,18.14339374089273,21,42,2,3,42,0,5,-105.0,70.5,-47.5,5.0,5208276,4784.453124,nan,5.208276,nan,3,792,867480,6,4339608,42,3,396,192,48,204,51,99,3,0,0,3
808,-47.5,57.5,42,21,0,0.0,0.0,0,0.0,57.5,1,562500.0,40.98425058371153,31.533901052536883,21,42,1,4,42,0,5,-105.0,70.5,-47.5,5.0,5497568,4789.950692,nan,5.497568,nan,4,792,1156640,8,4339608,42,4,528,256,64,272,68,132,4,0,0,4
809,-47.5,57.5,42,21,0,0.0,0.0,0,0.0,57.5,0,562500.0,44.81307686768286,19.318188880938106,21,42,0,5,42,0,5,-105.0,70.5,-47.5,5.0,5786788,4795.73748,nan,5.786788,nan,5,720,1445800,10,4339608,42,5,660,320,80,340,85,165,5,0,0,5
810,-47.5,57.5,42,21,0,0.0,0.0,0,0.0,57.5,0,562500.0,19.1946592739358,18.884471846366345,21,42,0,4,42,0,4,-105.0,70.5,-47.5,5.0,5497424,4801.234904,nan,5.497424,nan,4,648,1156640,8,4339608,42,4,528,256,64,272,68,132,4,0,0,4
811,-47.5,57.5,54,27,0,0.0,0.0,0,0.0,57.5,1,562500.0,39.52462020736862,25.027545047402544,27,54,1,3,54,0,4,-105.0,70.5,-47.5,5.0,6448236,4807.68314,nan,6.448236,nan,3,864,867480,6,5579496,54,3,396,192,48,204,51,99,3,0,0,3
812,-47.5,57.5,52,26,0,0.0,0.0,0,0.0,57.5,2,562500.0,65.78560320536296,64.6643180847168,26,52,2,3,52,0,5,-105.0,70.5,-47.5,5.0,6241732,4813.924872,nan,6.241732,nan,3,1008,867480,6,5372848,52,3,396,192,48,204,51,99,3,0,0,3
813,-47.5,57.5,58,29,0,0.0,0.0,0,0.0,57.5,0,562500.0,46.68687009970468,34.89613706774285,29,58,0,5,58,0,5,-105.0,70.5,-47.5,5.0,7440476,4821.365348,nan,7.440476,nan,5,1224,1445800,10,5992792,58,5,660,320,80,340,85,165,5,0,0,5
814,-47.5,57.5,60,30,0,0.0,0.0,0,0.0,57.5,0,562500.0,47.05061887719641,42.69374550615207,30,60,0,4,60,0,4,-105.0,70.5,-47.5,5.0,7357544,4828.722892,nan,7.357544,nan,4,936,1156640,8,6199440,60,4,528,256,64,272,68,132,4,0,0,4
815,-47.5,57.5,60,30,0,0.0,0.0,0,0.0,57.5,0,562500.0,45.78348946673032,39.004947423625076,30,60,0,4,60,0,4,-105.0,70.5,-47.5,5.0,7357328,4836.08022,nan,7.357328,nan,4,720,1156640,8,6199440,60,4,528,256,64,272,68,132,4,0,0,4
816,-47.5,57.5,58,29,0,0.0,0.0,0,0.0,57.5,0,562500.0,44.08877913320619,21.843064355589856,29,58,0,5,58,0,5,-105.0,70.5,-47.5,5.0,7440404,4843.520624,nan,7.440404,nan,5,1152,1445800,10,5992792,58,5,660,320,80,340,85,165,5,0,0,5
817,-47.5,57.5,42,21,0,0.0,0.0,0,0.0,57.5,1,562500.0,37.048543906483694,19.18341482141658,21,42,1,3,42,0,4,-105.0,70.5,-47.5,5.0,5208348,4848.728972,nan,5.208348,nan,3,864,867480,6,4339608,42,3,396,192,48,204,51,99,3,0,0,3
818,-47.5,57.5,34,17,0,0.0,0.0,0,0.0,57.5,0,562500.0,51.49313752411692,43.16958788241433,17,34,0,4,34,0,4,-105.0,70.5,-47.5,5.0,4670688,4853.39966,nan,4.670688,nan,4,504,1156640,8,3513016,34,4,528,256,64,272,68,132,4,0,0,4
819,-47.5,57.5,32,16,0,0.0,0.0,0,0.0,57.5,0,562500.0,49.83789117168842,37.74616474492022,16,32,0,3,32,0,3,-105.0,70.5,-47.5,5.0,4174748,4857.574408,nan,4.174748,nan,3,504,867480,6,3306368,32,3,396,192,48,204,51,99,3,0,0,3
820,-47.5,57.5,28,14,0,0.0,0.0,0,0.0,57.5,0,562500.0,60.75839614868164,60.75839614868164,14,28,0,1,28,0,1,-105.0,70.5,-47.5,5.0,3182436,4860.756844,nan,3.182436,nan,1,72,289160,2,2893072,28,1,132,64,16,68,17,33,1,0,0,1
821,-47.5,57.5,28,14,0,0.0,0.0,0,0.0,57.5,0,562500.0,45.38235031340407,41.168263688915935,14,28,0,2,28,0,2,-105.0,70.5,-47.5,5.0,3472088,4864.228932,nan,3.472088,nan,2,432,578320,4,2893072,28,2,264,128,32,136,34,66,2,0,0,2
822,-47.5,57.5,24,12,0,0.0,0.0,0,0.0,57.5,0,562500.0,66.15278244018555,58.960330963134766,12,24,0,3,24,0,3,-105.0,70.5,-47.5,5.0,3348300,4867.577232,nan,3.3483,nan,3,648,867480,6,2479776,24,3,396,192,48,204,51,99,3,0,0,3
823,-47.5,57.5,28,14,0,0.0,0.0,0,0.0,57.5,2,562500.0,41.33556966940899,30.75463475702999,14,28,2,3,28,0,5,-105.0,70.5,-47.5,5.0,3761596,4871.338828,nan,3.761596,nan,3,648,867480,6,2893072,28,3,396,192,48,204,51,99,3,0,0,3
824,-47.5,57.5,32,16,0,0.0,0.0,0,0.0,57.5,2,562500.0,50.5038071802629,42.038018902322705,16,32,2,3,32,0,5,-105.0,70.5,-47.5,5.0,4175036,4875.513864,nan,4.175036,nan,3,792,867480,6,3306368,32,3,396,192,48,204,51,99,3,0,0,3
825,-47.5,57.5,26,13,0,0.0,0.0,0,0.0,57.5,1,562500.0,63.11714744567871,62.01063919067383,13,26,1,2,26,0,3,-105.0,70.5,-47.5,5.0,3265584,4878.779448,nan,3.265584,nan,2,576,578320,4,2686424,26,2,264,128,32,136,34,66,2,0,0,2
826,-47.5,57.5,28,14,0,0.0,0.0,0,0.0,57.5,1,562500.0,40.999440277440186,19.851573999252764,14,28,1,4,28,0,5,-105.0,70.5,-47.5,5.0,4050960,4882.830408,nan,4.05096,nan,4,720,1156640,8,2893072,28,4,528,256,64,272,68,132,4,0,0,4
827,-47.5,57.5,24,12,0,0.0,0.0,0,0.0,57.5,0,562500.0,65.26531028747559,63.37113571166992,12,24,0,2,24,0,2,-105.0,70.5,-47.5,5.0,3058720,4885.889128,nan,3.05872,nan,2,360,578320,4,2479776,24,2,264,128,32,136,34,66,2,0,0,2
828,-47.5,57.5,26,13,0,0.0,0.0,0,0.0,57.5,0,562500.0,73.21357727050781,73.21357727050781,13,26,0,1,26,0,1,-105.0,70.5,-47.5,5.0,2975860,4888.864988,nan,2.97586,nan,1,144,289160,2,2686424,26,1,132,64,16,68,17,33,1,0,0,1
829,-47.5,57.5,32,16,0,0.0,0.0,0,0.0,57.5,0,562500.0,62.37944507598877,57.573387145996094,16,32,0,4,32,0,4,-105.0,70.5,-47.5,5.0,4464328,4893.329316,nan,4.464328,nan,4,792,1156640,8,3306368,32,4,528,256,64,272,68,132,4,0,0,4
830,-47.5,57.5,26,13,0,0.0,0.0,0,0.0,57.5,1,562500.0,63.47719764709473,59.563079833984375,13,26,1,2,26,0,3,-105.0,70.5,-47.5,5.0,3265512,4896.594828,nan,3.265512,nan,2,504,578320,4,2686424,26,2,264,128,32,136,34,66,2,0,0,2
831,-47.5,57.5,26,13,0,0.0,0.0,0,0.0,57.5,1,562500.0,33.81324125064957,21.153618390803505,13,26,1,3,26,0,4,-105.0,70.5,-47.5,5.0,3555020,4900.149848,nan,3.55502,nan,3,720,867480,6,2686424,26,3,396,192,48,204,51,99,3,0,0,3
832,-47.5,57.5,28,14,0,0.0,0.0,0,0.0,57.5,1,562500.0,61.241024017333984,58.089134216308594,14,28,1,2,28,0,3,-105.0,70.5,-47.5,5.0,3472088,4903.621936,nan,3.472088,nan,2,432,578320,4,2893072,28,2,264,128,32,136,34,66,2,0,0,2
833,-47.5,57.5,34,17,0,0.0,0.0,0,0.0,57.5,2,562500.0,46.698980491771145,37.64938828103129,17,34,2,5,34,0,7,-105.0,70.5,-47.5,5.0,4960412,4908.582348,nan,4.960412,nan,5,936,1445800,10,3513016,34,5,660,320,80,340,85,165,5,0,0,5
834,-47.5,57.5,30,15,0,0.0,0.0,0,0.0,57.5,1,562500.0,46.22628373608108,40.39708162562974,15,30,1,4,30,0,5,-105.0,70.5,-47.5,5.0,4257608,4912.839956,nan,4.257608,nan,4,720,1156640,8,3099720,30,4,528,256,64,272,68,132,4,0,0,4
835,-47.5,57.5,28,14,0,0.0,0.0,0,0.0,57.5,2,562500.0,62.78512001037598,58.05625534057617,14,28,2,2,28,0,4,-105.0,70.5,-47.5,5.0,3472448,4916.312404,nan,3.472448,nan,2,792,578320,4,2893072,28,2,264,128,32,136,34,66,2,0,0,2
836,-47.5,57.5,30,15,0,0.0,0.0,0,0.0,57.5,2,562500.0,40.081414664142685,18.940624528233595,15,30,2,5,30,0,7,-105.0,70.5,-47.5,5.0,4547116,4920.85952,nan,4.547116,nan,5,936,1445800,10,3099720,30,5,660,320,80,340,85,165,5,0,0,5
837,-47.5,57.5,38,19,0,0.0,0.0,0,0.0,57.5,1,562500.0,49.29846819541696,30.333854400532402,19,38,1,4,38,0,5,-105.0,70.5,-47.5,5.0,5084056,4925.943576,nan,5.084056,nan,4,576,1156640,8,3926312,38,4,528,256,64,272,68,132,4,0,0,4
838,-47.5,57.5,46,23,0,0.0,0.0,0,0.0,57.5,2,562500.0,63.33335781097412,60.13837814331055,23,46,2,2,46,0,4,-105.0,70.5,-47.5,5.0,5332280,4931.275856,nan,5.33228,nan,2,792,578320,4,4752904,46,2,264,128,32,136,34,66,2,0,0,2
839,-47.5,57.5,48,24,0,0.0,0.0,0,0.0,57.5,2,562500.0,42.79223079780454,21.34924991839458,24,48,2,5,48,0,7,-105.0,70.5,-47.5,5.0,6407308,4937.683164,nan,6.407308,nan,5,1296,1445800,10,4959552,48,5,660,320,80,340,85,165,5,0,0,5
840,-47.5,57.5,56,28,0,0.0,0.0,0,0.0,57.5,2,562500.0,44.612205845411005,25.314389144452385,28,56,2,4,56,0,6,-105.0,70.5,-47.5,5.0,6944824,4944.627988,nan,6.944824,nan,4,1512,1156640,8,5786144,56,4,528,256,64,272,68,132,4,0,0,4
841,-47.5,57.5,58,29,0,0.0,0.0,0,0.0,57.5,2,562500.0,51.53296611857404,31.65983421231504,29,58,2,4,58,0,6,-105.0,70.5,-47.5,5.0,7151328,4951.779316,nan,7.151328,nan,4,1368,1156640,8,5992792,58,4,528,256,64,272,68,132,4,0,0,4
842,-47.5,57.5,62,31,0,0.0,0.0,0,0.0,57.5,1,562500.0,62.6866652170817,58.124969482421875,31,62,1,3,62,0,4,-105.0,70.5,-47.5,5.0,7274972,4959.054288,nan,7.274972,nan,3,1008,867480,6,6406088,62,3,396,192,48,204,51,99,3,0,0,3
843,-47.5,57.5,60,30,0,0.0,0.0,0,0.0,57.5,1,562500.0,55.327425810740934,40.24002823716464,30,60,1,4,60,0,5,-105.0,70.5,-47.5,5.0,7357976,4966.412264,nan,7.357976,nan,4,1368,1156640,8,6199440,60,4,528,256,64,272,68,132,4,0,0,4
844,-47.5,57.5,64,32,0,0.0,0.0,0,0.0,57.5,2,562500.0,63.775696436564125,61.60422897338867,32,64,2,3,64,0,5,-105.0,70.5,-47.5,5.0,7482124,4973.894388,nan,7.482124,nan,3,1512,867480,6,6612736,64,3,396,192,48,204,51,99,3,0,0,3
845,-47.5,57.5,74,37,0,0.0,0.0,0,0.0,57.5,3,562500.0,47.93256388703161,23.626129202537665,37,74,3,4,74,0,7,-105.0,70.5,-47.5,5.0,8805304,4982.699692,nan,8.805304,nan,4,2160,1156640,8,7645976,74,4,528,256,64,272,68,132,4,0,0,4
846,-47.5,57.5,74,37,0,0.0,0.0,0,0.0,57.5,2,562500.0,53.867726502036966,31.65983421231504,37,74,2,5,74,0,7,-105.0,70.5,-47.5,5.0,9094236,4991.793928,nan,9.094236,nan,5,1800,1445800,10,7645976,74,5,660,320,80,340,85,165,5,0,0,5
847,-47.5,57.5,74,37,0,0.0,0.0,0,0.0,57.5,2,562500.0,63.433570861816406,61.3843879699707,37,74,2,2,74,0,4,-105.0,70.5,-47.5,5.0,8225424,5000.019352,nan,8.225424,nan,2,864,578320,4,7645976,74,2,264,128,32,136,34,66,2,0,0,2
848,-47.5,57.5,74,37,0,0.0,0.0,0,0.0,57.5,3,562500.0,42.100261052610335,38.2895013433856,37,74,3,4,74,0,7,-105.0,70.5,-47.5,5.0,8805088,5008.82444,nan,8.805088,nan,4,1944,1156640,8,7645976,74,4,528,256,64,272,68,132,4,0,0,4
849,-47.5,57.5,68,34,0,0.0,0.0,0,0.0,57.5,3,562500.0,40.81767741357956,19.84545143879998,34,68,3,4,68,0,7,-105.0,70.5,-47.5,5.0,8185576,5017.010016,nan,8.185576,nan,4,2376,1156640,8,7026032,68,4,528,256,64,272,68,132,4,0,0,4
850,-47.5,57.5,68,34,0,0.0,0.0,0,0.0,57.5,3,562500.0,35.61883488911205,20.771310582162847,34,68,3,4,68,0,7,-105.0,70.5,-47.5,5.0,8185432,5025.195448,nan,8.185432,nan,4,2232,1156640,8,7026032,68,4,528,256,64,272,68,132,4,0,0,4
851,-47.5,57.5,68,34,0,0.0,0.0,0,0.0,57.5,2,562500.0,43.44747326291371,28.992786391870293,34,68,2,5,68,0,7,-105.0,70.5,-47.5,5.0,8474292,5033.66974,nan,8.474292,nan,5,1800,1445800,10,7026032,68,5,660,320,80,340,85,165,5,0,0,5
852,-47.5,57.5,68,34,0,0.0,0.0,0,0.0,57.5,1,562500.0,42.28250034592863,24.31387115955543,34,68,1,3,68,0,4,-105.0,70.5,-47.5,5.0,7894916,5041.564656,nan,7.894916,nan,3,1008,867480,6,7026032,68,3,396,192,48,204,51,99,3,0,0,3
853,-47.5,57.5,68,34,0,0.0,0.0,0,0.0,57.5,2,562500.0,46.49718883023424,31.992922151157472,34,68,2,3,68,0,5,-105.0,70.5,-47.5,5.0,7895636,5049.460292,nan,7.895636,nan,3,1728,867480,6,7026032,68,3,396,192,48,204,51,99,3,0,0,3
854,-47.5,57.5,68,34,0,0.0,0.0,0,0.0,57.5,1,562500.0,53.65974004094854,31.65983421231504,34,68,1,5,68,0,6,-105.0,70.5,-47.5,5.0,8474364,5057.934656,nan,8.474364,nan,5,1872,1445800,10,7026032,68,5,660,320,80,340,85,165,5,0,0,5
855,-47.5,57.5,72,36,0,0.0,0.0,0,0.0,57.5,1,562500.0,41.17832251921577,20.77210785389137,36,72,1,5,72,0,6,-105.0,70.5,-47.5,5.0,8887300,5066.821956,nan,8.8873,nan,5,1512,1445800,10,7439328,72,5,660,320,80,340,85,165,5,0,0,5
856,-47.5,57.5,72,36,0,0.0,0.0,0,0.0,57.5,1,562500.0,53.18411988173592,37.65257115573251,36,72,1,4,72,0,5,-105.0,70.5,-47.5,5.0,8597504,5075.41946,nan,8.597504,nan,4,1008,1156640,8,7439328,72,4,528,256,64,272,68,132,4,0,0,4
857,-47.5,57.5,72,36,0,0.0,0.0,0,0.0,57.5,2,562500.0,62.1081600189209,59.434654235839844,36,72,2,2,72,0,4,-105.0,70.5,-47.5,5.0,8018776,5083.438236,nan,8.018776,nan,2,864,578320,4,7439328,72,2,264,128,32,136,34,66,2,0,0,2
858,-47.5,57.5,74,37,0,0.0,0.0,0,0.0,57.5,2,562500.0,51.16842567607418,42.00237190591078,37,74,2,4,74,0,6,-105.0,70.5,-47.5,5.0,8804872,5092.243108,nan,8.804872,nan,4,1728,1156640,8,7645976,74,4,528,256,64,272,68,132,4,0,0,4
859,-47.5,57.5,74,37,0,0.0,0.0,0,0.0,57.5,2,562500.0,51.878803413837105,37.172542833325025,37,74,2,4,74,0,6,-105.0,70.5,-47.5,5.0,8805232,5101.04834,nan,8.805232,nan,4,2088,1156640,8,7645976,74,4,528,256,64,272,68,132,4,0,0,4
860,-47.5,57.5,74,37,0,0.0,0.0,0,0.0,57.5,2,562500.0,41.267377943514155,19.548825830055968,37,74,2,4,74,0,6,-105.0,70.5,-47.5,5.0,8804728,5109.853068,nan,8.804728,nan,4,1584,1156640,8,7645976,74,4,528,256,64,272,68,132,4,0,0,4
861,-47.5,57.5,62,31,0,0.0,0.0,0,0.0,57.5,1,562500.0,60.31996536254883,59.59682846069336,31,62,1,3,62,0,4,-105.0,70.5,-47.5,5.0,7275332,5117.1284,nan,7.275332,nan,3,1368,867480,6,6406088,62,3,396,192,48,204,51,99,3,0,0,3
862,-47.5,57.5,62,31,0,0.0,0.0,0,0.0,57.5,0,562500.0,36.629660997496856,20.38037739497384,31,62,0,5,62,0,5,-105.0,70.5,-47.5,5.0,7853988,5124.982388,nan,7.853988,nan,5,1440,1445800,10,6406088,62,5,660,320,80,340,85,165,5,0,0,5
863,-47.5,57.5,48,24,0,0.0,0.0,0,0.0,57.5,1,562500.0,48.38256985116308,37.92910440676928,24,48,1,3,48,0,4,-105.0,70.5,-47.5,5.0,5828076,5130.810464,nan,5.828076,nan,3,648,867480,6,4959552,48,3,396,192,48,204,51,99,3,0,0,3
864,-47.5,57.5,38,19,0,0.0,0.0,0,0.0,57.5,1,562500.0,47.23278184040427,25.154975431474725,19,38,1,4,38,0,5,-105.0,70.5,-47.5,5.0,5084488,5135.894952,nan,5.084488,nan,4,1008,1156640,8,3926312,38,4,528,256,64,272,68,132,4,0,0,4
865,-47.5,57.5,36,18,0,0.0,0.0,0,0.0,57.5,2,562500.0,59.953999519348145,59.2943229675293,18,36,2,2,36,0,4,-105.0,70.5,-47.5,5.0,4298968,5140.19392,nan,4.298968,nan,2,720,578320,4,3719664,36,2,264,128,32,136,34,66,2,0,0,2
866,-47.5,57.5,32,16,0,0.0,0.0,0,0.0,57.5,2,562500.0,42.87534092114072,29.970297478268858,16,32,2,3,32,0,5,-105.0,70.5,-47.5,5.0,4175036,5144.368956,nan,4.175036,nan,3,792,867480,6,3306368,32,3,396,192,48,204,51,99,3,0,0,3
867,-47.5,57.5,30,15,0,0.0,0.0,0,0.0,57.5,2,562500.0,41.70682105225693,31.611460400468836,15,30,2,4,30,0,6,-105.0,70.5,-47.5,5.0,4257824,5148.62678,nan,4.257824,nan,4,936,1156640,8,3099720,30,4,528,256,64,272,68,132,4,0,0,4
868,-47.5,57.5,38,19,0,0.0,0.0,0,0.0,57.5,4,562500.0,46.70536799988558,28.879014602804276,19,38,4,5,38,0,9,-105.0,70.5,-47.5,5.0,5373852,5154.000632,nan,5.373852,nan,5,1080,1445800,10,3926312,38,5,660,320,80,340,85,165,5,0,0,5
869,-47.5,57.5,36,18,0,0.0,0.0,0,0.0,57.5,2,562500.0,33.49213390361634,18.531653441163172,18,36,2,5,36,0,7,-105.0,70.5,-47.5,5.0,5166988,5159.16762,nan,5.166988,nan,5,864,1445800,10,3719664,36,5,660,320,80,340,85,165,5,0,0,5
870,-47.5,57.5,36,18,0,0.0,0.0,0,0.0,57.5,0,562500.0,42.56723676565843,27.854120026564683,18,36,0,3,36,0,3,-105.0,70.5,-47.5,5.0,4588116,5163.755736,nan,4.588116,nan,3,576,867480,6,3719664,36,3,396,192,48,204,51,99,3,0,0,3
871,-47.5,57.5,40,20,0,0.0,0.0,0,0.0,57.5,1,562500.0,44.68810416381004,23.954806549162125,20,40,1,3,40,0,4,-105.0,70.5,-47.5,5.0,5001628,5168.757364,nan,5.001628,nan,3,792,867480,6,4132960,40,3,396,192,48,204,51,99,3,0,0,3
872,-47.5,57.5,46,23,0,0.0,0.0,0,0.0,57.5,2,562500.0,39.33311406861172,34.83165691659235,23,46,2,4,46,0,6,-105.0,70.5,-47.5,5.0,5911080,5174.668444,nan,5.91108,nan,4,1008,1156640,8,4752904,46,4,528,256,64,272,68,132,4,0,0,4
873,-47.5,57.5,44,22,0,0.0,0.0,0,0.0,57.5,2,562500.0,69.14413261413574,65.24432754516602,22,44,2,2,44,0,4,-105.0,70.5,-47.5,5.0,5125776,5179.79422,nan,5.125776,nan,2,936,578320,4,4546256,44,2,264,128,32,136,34,66,2,0,0,2
874,-47.5,57.5,44,22,0,0.0,0.0,0,0.0,57.5,3,562500.0,37.20659533699789,18.279494100034285,22,44,3,5,44,0,8,-105.0,70.5,-47.5,5.0,5993940,5185.78816,nan,5.99394,nan,5,1224,1445800,10,4546256,44,5,660,320,80,340,85,165,5,0,0,5
875,-47.5,57.5,48,24,0,0.0,0.0,0,0.0,57.5,1,562500.0,47.40036606751041,32.15548149734814,24,48,1,5,48,0,6,-105.0,70.5,-47.5,5.0,6406876,5192.195036,nan,6.406876,nan,5,864,1445800,10,4959552,48,5,660,320,80,340,85,165,5,0,0,5
876,-47.5,57.5,46,23,0,0.0,0.0,0,0.0,57.5,1,562500.0,53.86857832516672,43.86829916939496,23,46,1,4,46,0,5,-105.0,70.5,-47.5,5.0,5911080,5198.106116,nan,5.91108,nan,4,1008,1156640,8,4752904,46,4,528,256,64,272,68,132,4,0,0,4
877,-47.5,57.5,46,23,0,0.0,0.0,0,0.0,57.5,2,562500.0,45.507501817740184,34.11329964096887,23,46,2,4,46,0,6,-105.0,70.5,-47.5,5.0,5910864,5204.01698,nan,5.910864,nan,4,792,1156640,8,4752904,46,4,528,256,64,272,68,132,4,0,0,4
878,-47.5,57.5,42,21,0,0.0,0.0,0,0.0,57.5,1,562500.0,32.894467462952,18.39906929519658,21,42,1,5,42,0,6,-105.0,70.5,-47.5,5.0,5787076,5209.804056,nan,5.787076,nan,5,1008,1445800,10,4339608,42,5,660,320,80,340,85,165,5,0,0,5
879,-47.5,57.5,38,19,0,0.0,0.0,0,0.0,57.5,0,562500.0,32.53358267098799,20.299744196286902,19,38,0,4,38,0,4,-105.0,70.5,-47.5,5.0,5084200,5214.888256,nan,5.0842,nan,4,720,1156640,8,3926312,38,4,528,256,64,272,68,132,4,0,0,4
880,-47.5,57.5,36,18,0,0.0,0.0,0,0.0,57.5,2,562500.0,61.826822824984504,58.42384610728875,18,36,2,3,36,0,5,-105.0,70.5,-47.5,5.0,4588044,5219.4763,nan,4.588044,nan,3,504,867480,6,3719664,36,3,396,192,48,204,51,99,3,0,0,3
881,-47.5,57.5,44,22,0,0.0,0.0,0,0.0,57.5,1,562500.0,34.968740965403185,19.266670202131827,22,44,1,6,44,0,7,-105.0,70.5,-47.5,5.0,6283016,5225.759316,nan,6.283016,nan,6,1008,1734960,12,4546256,44,6,792,384,96,408,102,198,6,0,0,6
882,-47.5,57.5,40,20,0,0.0,0.0,0,0.0,57.5,0,562500.0,40.136538745129855,28.903281301981643,20,40,0,5,40,0,5,-105.0,70.5,-47.5,5.0,5580212,5231.339528,nan,5.580212,nan,5,792,1445800,10,4132960,40,5,660,320,80,340,85,165,5,0,0,5
883,-47.5,57.5,40,20,0,0.0,0.0,0,0.0,57.5,1,562500.0,47.481739202163666,46.379328261991894,20,40,1,2,40,0,3,-105.0,70.5,-47.5,5.0,4712048,5236.051576,nan,4.712048,nan,2,504,578320,4,4132960,40,2,264,128,32,136,34,66,2,0,0,2
884,-47.5,57.5,42,21,0,0.0,0.0,0,0.0,57.5,2,562500.0,24.53590501482834,20.67422608005289,21,42,2,2,42,0,4,-105.0,70.5,-47.5,5.0,4918984,5240.97056,nan,4.918984,nan,2,792,578320,4,4339608,42,2,264,128,32,136,34,66,2,0,0,2
885,-47.5,57.5,42,21,0,0.0,0.0,0,0.0,57.5,2,562500.0,40.51311377540445,25.874309301237144,21,42,2,5,42,0,7,-105.0,70.5,-47.5,5.0,5787004,5246.757564,nan,5.787004,nan,5,936,1445800,10,4339608,42,5,660,320,80,340,85,165,5,0,0,5
886,-47.5,57.5,48,24,0,0.0,0.0,0,0.0,57.5,2,562500.0,54.852024728208754,43.065412346251826,24,48,2,5,48,0,7,-105.0,70.5,-47.5,5.0,6407164,5253.164728,nan,6.407164,nan,5,1152,1445800,10,4959552,48,5,660,320,80,340,85,165,5,0,0,5
887,-47.5,57.5,50,25,0,0.0,0.0,0,0.0,57.5,0,562500.0,36.299221110796985,19.68314268050154,25,50,0,6,50,0,6,-105.0,70.5,-47.5,5.0,6903032,5260.06776,nan,6.903032,nan,6,1080,1734960,12,5166200,50,6,792,384,96,408,102,198,6,0,0,6
888,-47.5,57.5,52,26,0,0.0,0.0,0,0.0,57.5,1,562500.0,53.43109141390989,46.379328261991894,26,52,1,3,52,0,4,-105.0,70.5,-47.5,5.0,6241588,5266.309348,nan,6.241588,nan,3,864,867480,6,5372848,52,3,396,192,48,204,51,99,3,0,0,3
889,-47.5,57.5,54,27,0,0.0,0.0,0,0.0,57.5,1,562500.0,41.62690464763657,19.94082653055433,27,54,1,4,54,0,5,-105.0,70.5,-47.5,5.0,6737528,5273.046876,nan,6.737528,nan,4,864,1156640,8,5579496,54,4,528,256,64,272,68,132,4,0,0,4
890,-47.5,57.5,52,26,0,0.0,0.0,0,0.0,57.5,2,562500.0,47.321577483784544,40.240009317300334,26,52,2,3,52,0,5,-105.0,70.5,-47.5,5.0,6241516,5279.288392,nan,6.241516,nan,3,792,867480,6,5372848,52,3,396,192,48,204,51,99,3,0,0,3
891,-47.5,57.5,50,25,0,0.0,0.0,0,0.0,57.5,2,562500.0,53.9832241235731,43.065579588872524,25,50,2,4,50,0,6,-105.0,70.5,-47.5,5.0,6324448,5285.61284,nan,6.324448,nan,4,1080,1156640,8,5166200,50,4,528,256,64,272,68,132,4,0,0,4
892,-47.5,57.5,50,25,0,0.0,0.0,0,0.0,57.5,0,562500.0,46.934116519597644,36.7352791001492,25,50,0,6,50,0,6,-105.0,70.5,-47.5,5.0,6903104,5292.515944,nan,6.903104,nan,6,1152,1734960,12,5166200,50,6,792,384,96,408,102,198,6,0,0,6
893,-47.5,57.5,48,24,0,0.0,0.0,0,0.0,57.5,1,562500.0,53.43109141390989,46.379328261991894,24,48,1,3,48,0,4,-105.0,70.5,-47.5,5.0,5828076,5298.34402,nan,5.828076,nan,3,648,867480,6,4959552,48,3,396,192,48,204,51,99,3,0,0,3
894,-47.5,57.5,48,24,0,0.0,0.0,0,0.0,57.5,1,562500.0,52.31884000216243,36.17389439386893,24,48,1,4,48,0,5,-105.0,70.5,-47.5,5.0,6117368,5304.461388,nan,6.117368,nan,4,648,1156640,8,4959552,48,4,528,256,64,272,68,132,4,0,0,4
895,-47.5,57.5,48,24,0,0.0,0.0,0,0.0,57.5,2,562500.0,47.43988141851761,40.240009317300334,24,48,2,3,48,0,5,-105.0,70.5,-47.5,5.0,5828148,5310.289536,nan,5.828148,nan,3,720,867480,6,4959552,48,3,396,192,48,204,51,99,3,0,0,3
896,-47.5,57.5,46,23,0,0.0,0.0,0,0.0,57.5,2,562500.0,53.9832241235731,43.065579588872524,23,46,2,4,46,0,6,-105.0,70.5,-47.5,5.0,5911224,5316.20076,nan,5.911224,nan,4,1152,1156640,8,4752904,46,4,528,256,64,272,68,132,4,0,0,4
897,-47.5,57.5,46,23,0,0.0,0.0,0,0.0,57.5,0,562500.0,34.531329738994565,19.28683904765245,23,46,0,6,46,0,6,-105.0,70.5,-47.5,5.0,6489808,5322.690568,nan,6.489808,nan,6,1152,1734960,12,4752904,46,6,792,384,96,408,102,198,6,0,0,6
898,-47.5,57.5,46,23,0,0.0,0.0,0,0.0,57.5,0,562500.0,53.43109141390989,46.379328261991894,23,46,0,3,46,0,3,-105.0,70.5,-47.5,5.0,5621284,5328.311852,nan,5.621284,nan,3,504,867480,6,4752904,46,3,396,192,48,204,51,99,3,0,0,3
899,-47.5,57.5,46,23,0,0.0,0.0,0,0.0,57.5,1,562500.0,39.85719953226154,20.76717118147647,23,46,1,3,46,0,4,-105.0,70.5,-47.5,5.0,5621356,5333.933208,nan,5.621356,nan,3,576,867480,6,4752904,46,3,396,192,48,204,51,99,3,0,0,3
900,-47.5,57.5,46,23,0,0.0,0.0,0,0.0,57.5,1,562500.0,52.060403655746114,40.240009317300334,23,46,1,4,46,0,5,-105.0,70.5,-47.5,5.0,5910792,5339.844,nan,5.910792,nan,4,720,1156640,8,4752904,46,4,528,256,64,272,68,132,4,0,0,4
901,-47.5,57.5,62,31,0,0.0,0.0,0,0.0,57.5,1,562500.0,44.23436609660294,32.45541168987162,31,62,1,5,62,0,6,-105.0,70.5,-47.5,5.0,7853916,5347.697916,nan,7.853916,nan,5,1368,1445800,10,6406088,62,5,660,320,80,340,85,165,5,0,0,5
902,-47.5,57.5,58,29,0,0.0,0.0,0,0.0,57.5,0,562500.0,42.708417395906075,31.092650957091244,29,58,0,5,58,0,5,-105.0,70.5,-47.5,5.0,7440404,5355.13832,nan,7.440404,nan,5,1152,1445800,10,5992792,58,5,660,320,80,340,85,165,5,0,0,5
903,-47.5,57.5,64,32,0,0.0,0.0,0,0.0,57.5,0,562500.0,51.4526333710849,40.29967459829986,32,64,0,4,64,0,4,-105.0,70.5,-47.5,5.0,7770696,5362.909016,nan,7.770696,nan,4,792,1156640,8,6612736,64,4,528,256,64,272,68,132,4,0,0,4
904,-47.5,57.5,64,32,0,0.0,0.0,0,0.0,57.5,1,562500.0,35.95755222868076,22.380648302950206,32,64,1,3,64,0,4,-105.0,70.5,-47.5,5.0,7481620,5370.390636,nan,7.48162,nan,3,1008,867480,6,6612736,64,3,396,192,48,204,51,99,3,0,0,3
905,-47.5,57.5,64,32,0,0.0,0.0,0,0.0,57.5,1,562500.0,55.830953794929265,41.39778731650442,32,64,1,4,64,0,5,-105.0,70.5,-47.5,5.0,7770984,5378.16162,nan,7.770984,nan,4,1080,1156640,8,6612736,64,4,528,256,64,272,68,132,4,0,0,4
906,-47.5,57.5,64,32,0,0.0,0.0,0,0.0,57.5,1,562500.0,52.86455548886114,39.57371025564321,32,64,1,4,64,0,5,-105.0,70.5,-47.5,5.0,7770984,5385.932604,nan,7.770984,nan,4,1080,1156640,8,6612736,64,4,528,256,64,272,68,132,4,0,0,4
907,-47.5,57.5,54,27,0,0.0,0.0,0,0.0,57.5,1,562500.0,31.69890164960423,18.376908688036593,27,54,1,4,54,0,5,-105.0,70.5,-47.5,5.0,6737600,5392.670204,nan,6.7376,nan,4,936,1156640,8,5579496,54,4,528,256,64,272,68,132,4,0,0,4
908,-47.5,57.5,36,18,0,0.0,0.0,0,0.0,57.5,2,562500.0,50.056140757240826,39.69070476386093,18,36,2,3,36,0,5,-105.0,70.5,-47.5,5.0,4588332,5397.258536,nan,4.588332,nan,3,792,867480,6,3719664,36,3,396,192,48,204,51,99,3,0,0,3
909,-47.5,57.5,26,13,0,0.0,0.0,0,0.0,57.5,1,562500.0,45.913783932144995,18.93471594757553,13,26,1,4,26,0,5,-105.0,70.5,-47.5,5.0,3844168,5401.102704,nan,3.844168,nan,4,576,1156640,8,2686424,26,4,528,256,64,272,68,132,4,0,0,4
910,-47.5,57.5,28,14,0,0.0,0.0,0,0.0,57.5,1,562500.0,42.737353225108755,29.669009344028225,14,28,1,3,28,0,4,-105.0,70.5,-47.5,5.0,3761452,5404.864156,nan,3.761452,nan,3,504,867480,6,2893072,28,3,396,192,48,204,51,99,3,0,0,3
911,-47.5,57.5,28,14,0,0.0,0.0,0,0.0,57.5,1,562500.0,23.09404790171962,22.4243677389612,14,28,1,2,28,0,3,-105.0,70.5,-47.5,5.0,3472160,5408.336316,nan,3.47216,nan,2,504,578320,4,2893072,28,2,264,128,32,136,34,66,2,0,0,2
912,-47.5,57.5,28,14,0,0.0,0.0,0,0.0,57.5,1,562500.0,51.36182828502068,20.411825722247187,14,28,1,4,28,0,5,-105.0,70.5,-47.5,5.0,4050960,5412.387276,nan,4.05096,nan,4,720,1156640,8,2893072,28,4,528,256,64,272,68,132,4,0,0,4
913,-47.5,57.5,26,13,0,0.0,0.0,0,0.0,57.5,1,562500.0,49.92508065866505,38.280228767372456,13,26,1,4,26,0,5,-105.0,70.5,-47.5,5.0,3844168,5416.231444,nan,3.844168,nan,4,576,1156640,8,2686424,26,4,528,256,64,272,68,132,4,0,0,4
914,-47.5,57.5,28,14,0,0.0,0.0,0,0.0,57.5,1,562500.0,45.90530337321289,20.5804363905606,14,28,1,4,28,0,5,-105.0,70.5,-47.5,5.0,4050816,5420.28226,nan,4.050816,nan,4,576,1156640,8,2893072,28,4,528,256,64,272,68,132,4,0,0,4
915,-47.5,57.5,20,10,0,0.0,0.0,0,0.0,57.5,0,562500.0,36.08331315907292,33.04356465965336,10,20,0,2,20,0,2,-105.0,70.5,-47.5,5.0,2645280,5422.92754,nan,2.64528,nan,2,216,578320,4,2066480,20,2,264,128,32,136,34,66,2,0,0,2
916,-47.5,57.5,18,9,0,0.0,0.0,0,0.0,57.5,0,562500.0,38.142290426839736,35.51769376470459,9,18,0,2,18,0,2,-105.0,70.5,-47.5,5.0,2438632,5425.366172,nan,2.438632,nan,2,216,578320,4,1859832,18,2,264,128,32,136,34,66,2,0,0,2
917,-47.5,57.5,18,9,0,0.0,0.0,0,0.0,57.5,1,562500.0,65.41629600524902,62.457481384277344,9,18,1,2,18,0,3,-105.0,70.5,-47.5,5.0,2438920,5427.805092,nan,2.43892,nan,2,504,578320,4,1859832,18,2,264,128,32,136,34,66,2,0,0,2
918,-47.5,57.5,14,7,0,0.0,0.0,0,0.0,57.5,0,562500.0,61.00894673665365,59.382354736328125,7,14,0,3,14,0,3,-105.0,70.5,-47.5,5.0,2314700,5430.119792,nan,2.3147,nan,3,288,867480,6,1446536,14,3,396,192,48,204,51,99,3,0,0,3
919,-47.5,57.5,20,10,0,0.0,0.0,0,0.0,57.5,2,562500.0,46.66981162446516,39.12695773780417,10,20,2,5,20,0,7,-105.0,70.5,-47.5,5.0,3513516,5433.633308,nan,3.513516,nan,5,576,1445800,10,2066480,20,5,660,320,80,340,85,165,5,0,0,5
920,-47.5,57.5,22,11,0,0.0,0.0,0,0.0,57.5,0,562500.0,49.54985508066092,42.44221475696776,11,22,0,2,22,0,2,-105.0,70.5,-47.5,5.0,2851928,5436.485236,nan,2.851928,nan,2,216,578320,4,2273128,22,2,264,128,32,136,34,66,2,0,0,2
921,-47.5,57.5,22,11,0,0.0,0.0,0,0.0,57.5,0,562500.0,50.449274765166386,43.133527002599294,11,22,0,3,22,0,3,-105.0,70.5,-47.5,5.0,3141436,5439.626672,nan,3.141436,nan,3,432,867480,6,2273128,22,3,396,192,48,204,51,99,3,0,0,3
922,-47.5,57.5,20,10,0,0.0,0.0,0,0.0,57.5,0,562500.0,59.38760280609131,58.231781005859375,10,20,0,2,20,0,2,-105.0,70.5,-47.5,5.0,2645496,5442.272168,nan,2.645496,nan,2,432,578320,4,2066480,20,2,264,128,32,136,34,66,2,0,0,2
923,-47.5,57.5,20,10,0,0.0,0.0,0,0.0,57.5,1,562500.0,45.26632582794847,36.816882088459984,10,20,1,3,20,0,4,-105.0,70.5,-47.5,5.0,2934644,5445.206812,nan,2.934644,nan,3,288,867480,6,2066480,20,3,396,192,48,204,51,99,3,0,0,3
924,-47.5,57.5,18,9,0,0.0,0.0,0,0.0,57.5,1,562500.0,56.23107968700647,51.59820879099915,9,18,1,4,18,0,5,-105.0,70.5,-47.5,5.0,3017504,5448.224316,nan,3.017504,nan,4,504,1156640,8,1859832,18,4,528,256,64,272,68,132,4,0,0,4
925,-47.5,57.5,16,8,0,0.0,0.0,0,0.0,57.5,1,562500.0,45.869342950887265,22.876201503555205,8,16,1,3,16,0,4,-105.0,70.5,-47.5,5.0,2521492,5450.745808,nan,2.521492,nan,3,432,867480,6,1653184,16,3,396,192,48,204,51,99,3,0,0,3
926,-47.5,57.5,20,10,0,0.0,0.0,0,0.0,57.5,1,562500.0,60.965136210123696,59.140769958496094,10,20,1,3,20,0,4,-105.0,70.5,-47.5,5.0,2935004,5453.680812,nan,2.935004,nan,3,648,867480,6,2066480,20,3,396,192,48,204,51,99,3,0,0,3
927,-47.5,57.5,26,13,0,0.0,0.0,0,0.0,57.5,0,562500.0,63.58034133911133,60.19335174560547,13,26,0,3,26,0,3,-105.0,70.5,-47.5,5.0,3554732,5457.235544,nan,3.554732,nan,3,432,867480,6,2686424,26,3,396,192,48,204,51,99,3,0,0,3
928,-47.5,57.5,30,15,0,0.0,0.0,0,0.0,57.5,1,562500.0,41.09123685796626,36.614188584406705,15,30,1,4,30,0,5,-105.0,70.5,-47.5,5.0,4257536,5461.49308,nan,4.257536,nan,4,648,1156640,8,3099720,30,4,528,256,64,272,68,132,4,0,0,4
929,-47.5,57.5,32,16,0,0.0,0.0,0,0.0,57.5,0,562500.0,48.254871758629186,22.835279292769286,16,32,0,3,32,0,3,-105.0,70.5,-47.5,5.0,4174532,5465.667612,nan,4.174532,nan,3,288,867480,6,3306368,32,3,396,192,48,204,51,99,3,0,0,3
930,-47.5,57.5,32,16,0,0.0,0.0,0,0.0,57.5,1,562500.0,55.67025089359504,48.58869712717489,16,32,1,4,32,0,5,-105.0,70.5,-47.5,5.0,4464112,5470.131724,nan,4.464112,nan,4,576,1156640,8,3306368,32,4,528,256,64,272,68,132,4,0,0,4
931,-47.5,57.5,36,18,0,0.0,0.0,0,0.0,57.5,1,562500.0,53.65210878321274,40.270222784760605,18,36,1,4,36,0,5,-105.0,70.5,-47.5,5.0,4877768,5475.009492,nan,4.877768,nan,4,936,1156640,8,3719664,36,4,528,256,64,272,68,132,4,0,0,4
932,-47.5,57.5,36,18,0,0.0,0.0,0,0.0,57.5,3,562500.0,50.269796027715444,44.14838629410886,18,36,3,3,36,0,6,-105.0,70.5,-47.5,5.0,4588548,5479.59804,nan,4.588548,nan,3,1008,867480,6,3719664,36,3,396,192,48,204,51,99,3,0,0,3
933,-47.5,57.5,32,16,0,0.0,0.0,0,0.0,57.5,2,562500.0,51.181550341832335,40.21475273218935,16,32,2,5,32,0,7,-105.0,70.5,-47.5,5.0,4753764,5484.351804,nan,4.753764,nan,5,936,1445800,10,3306368,32,5,660,320,80,340,85,165,5,0,0,5
934,-47.5,57.5,32,16,0,0.0,0.0,0,0.0,57.5,0,562500.0,42.26947184402785,18.58924403872641,16,32,0,4,32,0,4,-105.0,70.5,-47.5,5.0,4464112,5488.815916,nan,4.464112,nan,4,576,1156640,8,3306368,32,4,528,256,64,272,68,132,4,0,0,4
935,-47.5,57.5,36,18,0,0.0,0.0,0,0.0,57.5,0,562500.0,46.58475815481515,43.537911404342566,18,36,0,2,36,0,2,-105.0,70.5,-47.5,5.0,4298608,5493.114524,nan,4.298608,nan,2,360,578320,4,3719664,36,2,264,128,32,136,34,66,2,0,0,2
936,-47.5,57.5,38,19,0,0.0,0.0,0,0.0,57.5,1,562500.0,46.98227884239964,37.85812206393118,19,38,1,3,38,0,4,-105.0,70.5,-47.5,5.0,4794980,5497.909504,nan,4.79498,nan,3,792,867480,6,3926312,38,3,396,192,48,204,51,99,3,0,0,3
937,-47.5,57.5,36,18,0,0.0,0.0,0,0.0,57.5,3,562500.0,66.83047485351562,66.83047485351562,18,36,3,1,36,0,4,-105.0,70.5,-47.5,5.0,4009964,5501.919468,nan,4.009964,nan,1,1008,289160,2,3719664,36,1,132,64,16,68,17,33,1,0,0,1
938,-47.5,57.5,40,20,0,0.0,0.0,0,0.0,57.5,3,562500.0,57.64484244656993,47.223002695350544,20,40,3,4,40,0,7,-105.0,70.5,-47.5,5.0,5291568,5507.211036,nan,5.291568,nan,4,1440,1156640,8,4132960,40,4,528,256,64,272,68,132,4,0,0,4
939,-47.5,57.5,42,21,0,0.0,0.0,0,0.0,57.5,4,562500.0,46.14019733451816,39.20273332529333,21,42,4,5,42,0,9,-105.0,70.5,-47.5,5.0,5787436,5512.998472,nan,5.787436,nan,5,1368,1445800,10,4339608,42,5,660,320,80,340,85,165,5,0,0,5
940,-47.5,57.5,48,24,0,0.0,0.0,0,0.0,57.5,2,562500.0,41.09409020344582,23.767484656226298,24,48,2,6,48,0,8,-105.0,70.5,-47.5,5.0,6696528,5519.695,nan,6.696528,nan,6,1224,1734960,12,4959552,48,6,792,384,96,408,102,198,6,0,0,6
941,-47.5,57.5,52,26,0,0.0,0.0,0,0.0,57.5,2,562500.0,43.19850980159201,19.891540576903687,26,52,2,4,52,0,6,-105.0,70.5,-47.5,5.0,6531096,5526.226096,nan,6.531096,nan,4,1080,1156640,8,5372848,52,4,528,256,64,272,68,132,4,0,0,4
942,-47.5,57.5,46,23,0,0.0,0.0,0,0.0,57.5,2,562500.0,65.00971984863281,60.2106819152832,23,46,2,3,46,0,5,-105.0,70.5,-47.5,5.0,5622004,5531.8481,nan,5.622004,nan,3,1224,867480,6,4752904,46,3,396,192,48,204,51,99,3,0,0,3
943,-47.5,57.5,48,24,0,0.0,0.0,0,0.0,57.5,2,562500.0,42.07369866231897,23.62611776012094,24,48,2,3,48,0,5,-105.0,70.5,-47.5,5.0,5828436,5537.676536,nan,5.828436,nan,3,1008,867480,6,4959552,48,3,396,192,48,204,51,99,3,0,0,3
944,-47.5,57.5,52,26,0,0.0,0.0,0,0.0,57.5,1,562500.0,41.347512022376144,19.24139165844299,26,52,1,6,52,0,7,-105.0,70.5,-47.5,5.0,7109968,5544.786504,nan,7.109968,nan,6,1368,1734960,12,5372848,52,6,792,384,96,408,102,198,6,0,0,6
945,-47.5,57.5,48,24,0,0.0,0.0,0,0.0,57.5,1,562500.0,51.80854406455002,38.196090446538335,24,48,1,4,48,0,5,-105.0,70.5,-47.5,5.0,6117368,5550.903872,nan,6.117368,nan,4,648,1156640,8,4959552,48,4,528,256,64,272,68,132,4,0,0,4
946,-47.5,57.5,52,26,0,0.0,0.0,0,0.0,57.5,2,562500.0,47.085318892510564,38.5282193816884,26,52,2,4,52,0,6,-105.0,70.5,-47.5,5.0,6531024,5557.434896,nan,6.531024,nan,4,1008,1156640,8,5372848,52,4,528,256,64,272,68,132,4,0,0,4
947,-47.5,57.5,54,27,0,0.0,0.0,0,0.0,57.5,3,562500.0,33.79894152028605,21.276552234105196,27,54,3,4,54,0,7,-105.0,70.5,-47.5,5.0,6738032,5564.172928,nan,6.738032,nan,4,1368,1156640,8,5579496,54,4,528,256,64,272,68,132,4,0,0,4
948,-47.5,57.5,56,28,0,0.0,0.0,0,0.0,57.5,3,562500.0,56.2398133394501,47.510123151531545,28,56,3,4,56,0,7,-105.0,70.5,-47.5,5.0,6944824,5571.117752,nan,6.944824,nan,4,1512,1156640,8,5786144,56,4,528,256,64,272,68,132,4,0,0,4
949,-47.5,57.5,66,33,0,0.0,0.0,0,0.0,57.5,2,562500.0,46.586578350544166,41.187553972866475,33,66,2,5,66,0,7,-105.0,70.5,-47.5,5.0,8267428,5579.38518,nan,8.267428,nan,5,1584,1445800,10,6819384,66,5,660,320,80,340,85,165,5,0,0,5
950,-47.5,57.5,72,36,0,0.0,0.0,0,0.0,57.5,3,562500.0,55.013792947181365,44.11288102161366,36,72,3,3,72,0,6,-105.0,70.5,-47.5,5.0,8308860,5587.69404,nan,8.30886,nan,3,1656,867480,6,7439328,72,3,396,192,48,204,51,99,3,0,0,3
951,-47.5,57.5,62,31,0,0.0,0.0,0,0.0,57.5,2,562500.0,47.42094841607368,38.22882739815947,31,62,2,5,62,0,7,-105.0,70.5,-47.5,5.0,7854132,5595.548172,nan,7.854132,nan,5,1584,1445800,10,6406088,62,5,660,320,80,340,85,165,5,0,0,5
952,-47.5,57.5,56,28,0,0.0,0.0,0,0.0,57.5,3,562500.0,49.29753252616863,38.09555943234908,28,56,3,3,56,0,6,-105.0,70.5,-47.5,5.0,6655244,5602.203416,nan,6.655244,nan,3,1224,867480,6,5786144,56,3,396,192,48,204,51,99,3,0,0,3
953,-47.5,57.5,42,21,0,0.0,0.0,0,0.0,57.5,2,562500.0,56.63952418294927,46.34085699602608,21,42,2,4,42,0,6,-105.0,70.5,-47.5,5.0,5497928,5607.701344,nan,5.497928,nan,4,1152,1156640,8,4339608,42,4,528,256,64,272,68,132,4,0,0,4
954,-47.5,57.5,46,23,0,0.0,0.0,0,0.0,57.5,1,562500.0,42.486878664564,36.437144189601895,23,46,1,4,46,0,5,-105.0,70.5,-47.5,5.0,5911152,5613.612496,nan,5.911152,nan,4,1080,1156640,8,4752904,46,4,528,256,64,272,68,132,4,0,0,4
955,-47.5,57.5,48,24,0,0.0,0.0,0,0.0,57.5,2,562500.0,63.533912658691406,60.291046142578125,24,48,2,3,48,0,5,-105.0,70.5,-47.5,5.0,5828292,5619.440788,nan,5.828292,nan,3,864,867480,6,4959552,48,3,396,192,48,204,51,99,3,0,0,3
956,-47.5,57.5,40,20,0,0.0,0.0,0,0.0,57.5,2,562500.0,49.21225905881973,34.192491331380026,20,40,2,5,40,0,7,-105.0,70.5,-47.5,5.0,5580284,5625.021072,nan,5.580284,nan,5,864,1445800,10,4132960,40,5,660,320,80,340,85,165,5,0,0,5
957,-47.5,57.5,48,24,0,0.0,0.0,0,0.0,57.5,1,562500.0,46.85324778311619,28.19747382944175,24,48,1,4,48,0,5,-105.0,70.5,-47.5,5.0,6117440,5631.138512,nan,6.11744,nan,4,720,1156640,8,4959552,48,4,528,256,64,272,68,132,4,0,0,4
958,-47.5,57.5,50,25,0,0.0,0.0,0,0.0,57.5,1,562500.0,65.5336348215739,58.97328567504883,25,50,1,3,50,0,4,-105.0,70.5,-47.5,5.0,6034868,5637.17338,nan,6.034868,nan,3,792,867480,6,5166200,50,3,396,192,48,204,51,99,3,0,0,3
959,-47.5,57.5,50,25,0,0.0,0.0,0,0.0,57.5,1,562500.0,50.15162545635961,39.931854392325995,25,50,1,4,50,0,5,-105.0,70.5,-47.5,5.0,6324592,5643.497972,nan,6.324592,nan,4,1224,1156640,8,5166200,50,4,528,256,64,272,68,132,4,0,0,4
960,-47.5,57.5,38,19,0,0.0,0.0,0,0.0,57.5,0,562500.0,35.162289356902306,24.538428914743037,19,38,0,4,38,0,4,-105.0,70.5,-47.5,5.0,5084200,5648.582172,nan,5.0842,nan,4,720,1156640,8,3926312,38,4,528,256,64,272,68,132,4,0,0,4
961,-47.5,57.5,40,20,0,0.0,0.0,0,0.0,57.5,0,562500.0,36.72207482359913,30.2719406085212,20,40,0,4,40,0,4,-105.0,70.5,-47.5,5.0,5290992,5653.873164,nan,5.290992,nan,4,864,1156640,8,4132960,40,4,528,256,64,272,68,132,4,0,0,4
962,-47.5,57.5,40,20,0,0.0,0.0,0,0.0,57.5,1,562500.0,59.977046966552734,59.977046966552734,20,40,1,1,40,0,2,-105.0,70.5,-47.5,5.0,4422684,5658.295848,nan,4.422684,nan,1,432,289160,2,4132960,40,1,132,64,16,68,17,33,1,0,0,1
963,-47.5,57.5,44,22,0,0.0,0.0,0,0.0,57.5,2,562500.0,47.149413762984125,20.888810366159618,22,44,2,4,44,0,6,-105.0,70.5,-47.5,5.0,5704432,5664.00028,nan,5.704432,nan,4,1008,1156640,8,4546256,44,4,528,256,64,272,68,132,4,0,0,4
964,-47.5,57.5,38,19,0,0.0,0.0,0,0.0,57.5,0,562500.0,41.49856369017168,18.97376447258367,19,38,0,5,38,0,5,-105.0,70.5,-47.5,5.0,5373420,5669.3737,nan,5.37342,nan,5,648,1445800,10,3926312,38,5,660,320,80,340,85,165,5,0,0,5
965,-47.5,57.5,42,21,0,0.0,0.0,0,0.0,57.5,1,562500.0,39.11742736040901,23.88407747662621,21,42,1,5,42,0,6,-105.0,70.5,-47.5,5.0,5786788,5675.160488,nan,5.786788,nan,5,720,1445800,10,4339608,42,5,660,320,80,340,85,165,5,0,0,5
966,-47.5,57.5,34,17,0,0.0,0.0,0,0.0,57.5,1,562500.0,62.15436553955078,59.37677001953125,17,34,1,3,34,0,4,-105.0,70.5,-47.5,5.0,4381468,5679.541956,nan,4.381468,nan,3,576,867480,6,3513016,34,3,396,192,48,204,51,99,3,0,0,3
967,-47.5,57.5,30,15,0,0.0,0.0,0,0.0,57.5,1,562500.0,23.59162339440845,19.78745125008217,15,30,1,2,30,0,3,-105.0,70.5,-47.5,5.0,3678664,5683.22062,nan,3.678664,nan,2,360,578320,4,3099720,30,2,264,128,32,136,34,66,2,0,0,2
968,-47.5,57.5,28,14,0,0.0,0.0,0,0.0,57.5,1,562500.0,41.52197917979334,36.81306364523002,14,28,1,4,28,0,5,-105.0,70.5,-47.5,5.0,4050816,5687.271436,nan,4.050816,nan,4,576,1156640,8,2893072,28,4,528,256,64,272,68,132,4,0,0,4
969,-47.5,57.5,32,16,0,0.0,0.0,0,0.0,57.5,2,562500.0,41.351227626215255,18.131998612132616,16,32,2,4,32,0,6,-105.0,70.5,-47.5,5.0,4464400,5691.735836,nan,4.4644,nan,4,864,1156640,8,3306368,32,4,528,256,64,272,68,132,4,0,0,4
970,-47.5,57.5,36,18,0,0.0,0.0,0,0.0,57.5,1,562500.0,42.578800854681,24.86522387067336,18,36,1,6,36,0,7,-105.0,70.5,-47.5,5.0,5456496,5697.192332,nan,5.456496,nan,6,1080,1734960,12,3719664,36,6,792,384,96,408,102,198,6,0,0,6
971,-47.5,57.5,42,21,0,0.0,0.0,0,0.0,57.5,1,562500.0,44.28972934165069,26.26136116051937,21,42,1,4,42,0,5,-105.0,70.5,-47.5,5.0,5497424,5702.689756,nan,5.497424,nan,4,648,1156640,8,4339608,42,4,528,256,64,272,68,132,4,0,0,4
972,-47.5,57.5,46,23,0,0.0,0.0,0,0.0,57.5,1,562500.0,44.40482971991326,29.851895215517168,23,46,1,3,46,0,4,-105.0,70.5,-47.5,5.0,5621284,5708.31104,nan,5.621284,nan,3,504,867480,6,4752904,46,3,396,192,48,204,51,99,3,0,0,3
973,-47.5,57.5,46,23,0,0.0,0.0,0,0.0,57.5,0,562500.0,49.27983449711317,36.92418969917331,23,46,0,5,46,0,5,-105.0,70.5,-47.5,5.0,6200228,5714.511268,nan,6.200228,nan,5,864,1445800,10,4752904,46,5,660,320,80,340,85,165,5,0,0,5
974,-47.5,57.5,44,22,0,0.0,0.0,0,0.0,57.5,0,562500.0,43.05421022638147,36.620380749422466,22,44,0,4,44,0,4,-105.0,70.5,-47.5,5.0,5704216,5720.215484,nan,5.704216,nan,4,792,1156640,8,4546256,44,4,528,256,64,272,68,132,4,0,0,4
975,-47.5,57.5,42,21,0,0.0,0.0,0,0.0,57.5,0,562500.0,40.429362414702126,21.435027888339032,21,42,0,3,42,0,3,-105.0,70.5,-47.5,5.0,5207988,5725.423472,nan,5.207988,nan,3,504,867480,6,4339608,42,3,396,192,48,204,51,99,3,0,0,3
976,-47.5,57.5,40,20,0,0.0,0.0,0,0.0,57.5,0,562500.0,49.42103569566669,37.88052368468661,20,40,0,3,40,0,3,-105.0,70.5,-47.5,5.0,5001268,5730.42474,nan,5.001268,nan,3,432,867480,6,4132960,40,3,396,192,48,204,51,99,3,0,0,3
977,-47.5,57.5,38,19,0,0.0,0.0,0,0.0,57.5,1,562500.0,44.213283601773774,20.23644572800048,19,38,1,4,38,0,5,-105.0,70.5,-47.5,5.0,5083984,5735.508724,nan,5.083984,nan,4,504,1156640,8,3926312,38,4,528,256,64,272,68,132,4,0,0,4
978,-47.5,57.5,36,18,0,0.0,0.0,0,0.0,57.5,1,562500.0,41.74796145851161,19.678166264096788,18,36,1,4,36,0,5,-105.0,70.5,-47.5,5.0,4877480,5740.386204,nan,4.87748,nan,4,648,1156640,8,3719664,36,4,528,256,64,272,68,132,4,0,0,4
979,-47.5,57.5,38,19,0,0.0,0.0,0,0.0,57.5,0,562500.0,45.33386161156431,37.92189749779489,19,38,0,5,38,0,5,-105.0,70.5,-47.5,5.0,5373636,5745.75984,nan,5.373636,nan,5,864,1445800,10,3926312,38,5,660,320,80,340,85,165,5,0,0,5
980,-47.5,57.5,42,21,0,0.0,0.0,0,0.0,57.5,0,562500.0,45.102028767745914,35.39897460333121,21,42,0,3,42,0,3,-105.0,70.5,-47.5,5.0,5208060,5750.9679,nan,5.20806,nan,3,576,867480,6,4339608,42,3,396,192,48,204,51,99,3,0,0,3
981,-47.5,57.5,42,21,0,0.0,0.0,0,0.0,57.5,0,562500.0,54.785321850308925,37.880527499383874,21,42,0,4,42,0,4,-105.0,70.5,-47.5,5.0,5497352,5756.465252,nan,5.497352,nan,4,576,1156640,8,4339608,42,4,528,256,64,272,68,132,4,0,0,4
982,-47.5,57.5,42,21,0,0.0,0.0,0,0.0,57.5,1,562500.0,51.57216451769916,45.21853421855316,21,42,1,3,42,0,4,-105.0,70.5,-47.5,5.0,5207988,5761.67324,nan,5.207988,nan,3,504,867480,6,4339608,42,3,396,192,48,204,51,99,3,0,0,3
983,-47.5,57.5,42,21,0,0.0,0.0,0,0.0,57.5,1,562500.0,43.54609292441561,19.678166264096788,21,42,1,4,42,0,5,-105.0,70.5,-47.5,5.0,5497568,5767.170808,nan,5.497568,nan,4,792,1156640,8,4339608,42,4,528,256,64,272,68,132,4,0,0,4
984,-47.5,57.5,40,20,0,0.0,0.0,0,0.0,57.5,0,562500.0,34.83408717033523,18.097671306550495,20,40,0,5,40,0,5,-105.0,70.5,-47.5,5.0,5580284,5772.751092,nan,5.580284,nan,5,864,1445800,10,4132960,40,5,660,320,80,340,85,165,5,0,0,5
985,-47.5,57.5,38,19,0,0.0,0.0,0,0.0,57.5,0,562500.0,45.102028767745914,35.39897460333121,19,38,0,3,38,0,3,-105.0,70.5,-47.5,5.0,4794692,5777.545784,nan,4.794692,nan,3,504,867480,6,3926312,38,3,396,192,48,204,51,99,3,0,0,3
986,-47.5,57.5,38,19,0,0.0,0.0,0,0.0,57.5,1,562500.0,48.11296596873635,32.35622639689265,19,38,1,3,38,0,4,-105.0,70.5,-47.5,5.0,4794764,5782.340548,nan,4.794764,nan,3,576,867480,6,3926312,38,3,396,192,48,204,51,99,3,0,0,3
987,-47.5,57.5,38,19,0,0.0,0.0,0,0.0,57.5,1,562500.0,62.7327626546224,60.2106819152832,19,38,1,3,38,0,4,-105.0,70.5,-47.5,5.0,4794764,5787.135312,nan,4.794764,nan,3,576,867480,6,3926312,38,3,396,192,48,204,51,99,3,0,0,3
988,-47.5,57.5,40,20,0,0.0,0.0,0,0.0,57.5,2,562500.0,44.89249102596332,36.92418969917331,20,40,2,4,40,0,6,-105.0,70.5,-47.5,5.0,5290848,5792.42616,nan,5.290848,nan,4,720,1156640,8,4132960,40,4,528,256,64,272,68,132,4,0,0,4
989,-47.5,57.5,46,23,0,0.0,0.0,0,0.0,57.5,0,562500.0,31.703693867193874,18.097671306550495,23,46,0,6,46,0,6,-105.0,70.5,-47.5,5.0,6489880,5798.91604,nan,6.48988,nan,6,1224,1734960,12,4752904,46,6,792,384,96,408,102,198,6,0,0,6
990,-47.5,57.5,46,23,0,0.0,0.0,0,0.0,57.5,1,562500.0,46.382203136481586,38.59325365169986,23,46,1,3,46,0,4,-105.0,70.5,-47.5,5.0,5621572,5804.537612,nan,5.621572,nan,3,792,867480,6,4752904,46,3,396,192,48,204,51,99,3,0,0,3
991,-47.5,57.5,56,28,0,0.0,0.0,0,0.0,57.5,2,562500.0,49.839777413079325,39.4870630638051,28,56,2,3,56,0,5,-105.0,70.5,-47.5,5.0,6655028,5811.19264,nan,6.655028,nan,3,1008,867480,6,5786144,56,3,396,192,48,204,51,99,3,0,0,3
992,-47.5,57.5,58,29,0,0.0,0.0,0,0.0,57.5,2,562500.0,42.41030467155806,18.688331883255874,29,58,2,4,58,0,6,-105.0,70.5,-47.5,5.0,7151040,5818.34368,nan,7.15104,nan,4,1080,1156640,8,5992792,58,4,528,256,64,272,68,132,4,0,0,4
993,-47.5,57.5,60,30,0,0.0,0.0,0,0.0,57.5,1,562500.0,46.07420303215311,38.78639588228348,30,60,1,5,60,0,6,-105.0,70.5,-47.5,5.0,7646980,5825.99066,nan,7.64698,nan,5,1080,1445800,10,6199440,60,5,660,320,80,340,85,165,5,0,0,5
994,-47.5,57.5,60,30,0,0.0,0.0,0,0.0,57.5,0,562500.0,43.33268402817066,33.497342388162565,30,60,0,5,60,0,5,-105.0,70.5,-47.5,5.0,7646980,5833.63764,nan,7.64698,nan,5,1080,1445800,10,6199440,60,5,660,320,80,340,85,165,5,0,0,5
995,-47.5,57.5,60,30,0,0.0,0.0,0,0.0,57.5,1,562500.0,48.47649765034223,38.72758061302099,30,60,1,3,60,0,4,-105.0,70.5,-47.5,5.0,7068396,5840.706036,nan,7.068396,nan,3,1080,867480,6,6199440,60,3,396,192,48,204,51,99,3,0,0,3
996,-47.5,57.5,48,24,0,0.0,0.0,0,0.0,57.5,0,562500.0,60.60757637023926,57.540626525878906,24,48,0,4,48,0,4,-105.0,70.5,-47.5,5.0,6117728,5846.823764,nan,6.117728,nan,4,1008,1156640,8,4959552,48,4,528,256,64,272,68,132,4,0,0,4
997,-47.5,57.5,38,19,0,0.0,0.0,0,0.0,57.5,1,562500.0,63.22678470611572,59.63566207885742,19,38,1,2,38,0,3,-105.0,70.5,-47.5,5.0,4505328,5851.329092,nan,4.505328,nan,2,432,578320,4,3926312,38,2,264,128,32,136,34,66,2,0,0,2
998,-47.5,57.5,36,18,0,0.0,0.0,0,0.0,57.5,2,562500.0,45.58207135917144,40.37662852562335,18,36,2,2,36,0,4,-105.0,70.5,-47.5,5.0,4298824,5855.627916,nan,4.298824,nan,2,576,578320,4,3719664,36,2,264,128,32,136,34,66,2,0,0,2
999,-47.5,57.5,40,20,0,0.0,0.0,0,0.0,57.5,1,562500.0,62.97860383987427,58.13118362426758,20,40,1,4,40,0,5,-105.0,70.5,-47.5,5.0,5290704,5860.91862,nan,5.290704,nan,4,576,1156640,8,4132960,40,4,528,256,64,272,68,132,4,0,0,4
1000,-47.5,57.5,32,16,0,0.0,0.0,0,0.0,57.5,1,562500.0,51.40971049897723,39.07278432147728,16,32,1,4,32,0,5,-105.0,70.5,-47.5,5.0,4464328,5865.382948,nan,4.464328,nan,4,792,1156640,8,3306368,32,4,528,256,64,272,68,132,4,0,0,4
