step,contact_threshold_rx_power_dbm,contact_threshold_snr_db,feasible_contact_decisions,feasible_contact_pairs,greedy_comm_bytes,greedy_comm_cumulative_mb,greedy_comm_mb,greedy_events,local_policy_initial_pull_probability,model_transfer_snr_min_db,network_half_duplex_rejections,network_mean_direction_capacity_bytes,network_mean_sinr_db,network_min_sinr_db,network_raw_contact_pairs,network_raw_directed_candidates,network_rejected_transfers,network_scheduled_transfers,network_shortlisted_directed_candidates,network_sinr_or_airtime_rejections,network_transfer_proposals,noise_floor_dbm,propagation_loss_contact_threshold_db,rssi_gossip_threshold_dbm,snr_min_db,t2_b0_comm_bytes,t2_b0_comm_cumulative_mb,t2_b0_comm_cumulative_vs_greedy_ratio,t2_b0_comm_mb,t2_b0_comm_vs_greedy_ratio,t2_b0_events,t2_b0_metadata_bytes,t2_b0_model_bytes,t2_b0_model_messages,t2_b0_policy_bytes,t2_b0_policy_messages,t2_b0_pull_events,t2_b0_scalar_bytes,t2_b0_scalar_control_bytes,t2_b0_scalar_control_messages,t2_b0_scalar_loss_bytes,t2_b0_scalar_loss_messages,t2_b0_scalar_messages,t2_b0_selected_providers,t2_b0_training_sample_bytes,t2_b0_training_sample_messages,t2_b0_valid_pull_events
1,-47.5,57.5,0,0,0,0.0,0.0,0,0.0,57.5,,,,,0,,,0,0,,0,-105.0,70.5,-47.5,5.0,0,0.0,nan,0.0,nan,0,0,0,0,0,0,0,0,0,0,0,0,0,0,0,0,0
2,-47.5,57.5,6,3,0,0.0,0.0,0,0.0,57.5,0,562500.0,23.663489955512656,19.845603567595134,3,6,0,2,6,0,2,-105.0,70.5,-47.5,5.0,578584,0.578584,nan,0.578584,nan,2,0,578320,4,0,0,2,264,128,32,136,34,66,2,0,0,2
3,-47.5,57.5,10,5,0,0.0,0.0,0,0.0,57.5,0,562500.0,60.99731431560174,59.87401853160516,5,10,0,2,10,0,2,-105.0,70.5,-47.5,5.0,578584,1.157168,nan,0.578584,nan,2,0,578320,4,0,0,2,264,128,32,136,34,66,2,0,0,2
4,-47.5,57.5,28,14,0,0.0,0.0,0,0.0,57.5,0,562500.0,56.670126744368574,38.33508002255124,14,28,0,4,28,0,4,-105.0,70.5,-47.5,5.0,1157168,2.314336,nan,1.157168,nan,4,0,1156640,8,0,0,4,528,256,64,272,68,132,4,0,0,4
5,-47.5,57.5,30,15,0,0.0,0.0,0,0.0,57.5,1,562500.0,63.11014366149902,63.11014175415039,15,30,1,1,30,0,2,-105.0,70.5,-47.5,5.0,289292,2.603628,nan,0.289292,nan,1,0,289160,2,0,0,1,132,64,16,68,17,33,1,0,0,1
6,-47.5,57.5,40,20,0,0.0,0.0,0,0.0,57.5,1,562500.0,37.37510284504352,33.462637962153316,20,40,1,2,40,0,3,-105.0,70.5,-47.5,5.0,578584,3.182212,nan,0.578584,nan,2,0,578320,4,0,0,2,264,128,32,136,34,66,2,0,0,2
7,-47.5,57.5,38,19,0,0.0,0.0,0,0.0,57.5,0,562500.0,32.99538931030513,30.776812000723464,19,38,0,2,38,0,2,-105.0,70.5,-47.5,5.0,578584,3.760796,nan,0.578584,nan,2,0,578320,4,0,0,2,264,128,32,136,34,66,2,0,0,2
8,-47.5,57.5,42,21,0,0.0,0.0,0,0.0,57.5,0,562500.0,36.88798355042551,18.823537833675402,21,42,0,3,42,0,3,-105.0,70.5,-47.5,5.0,867876,4.628672,nan,0.867876,nan,3,0,867480,6,0,0,3,396,192,48,204,51,99,3,0,0,3
9,-47.5,57.5,46,23,0,0.0,0.0,0,0.0,57.5,1,562500.0,65.91988945007324,63.984771728515625,23,46,1,2,46,0,3,-105.0,70.5,-47.5,5.0,578584,5.207256,nan,0.578584,nan,2,0,578320,4,0,0,2,264,128,32,136,34,66,2,0,0,2
10,-47.5,57.5,50,25,0,0.0,0.0,0,0.0,57.5,1,562500.0,61.92112604777018,57.68394088745117,25,50,1,3,50,0,4,-105.0,70.5,-47.5,5.0,867876,6.075132,nan,0.867876,nan,3,0,867480,6,0,0,3,396,192,48,204,51,99,3,0,0,3
11,-47.5,57.5,50,25,0,0.0,0.0,0,0.0,57.5,0,562500.0,41.092014532897686,21.437094728334625,25,50,0,3,50,0,3,-105.0,70.5,-47.5,5.0,867876,6.943008,nan,0.867876,nan,3,0,867480,6,0,0,3,396,192,48,204,51,99,3,0,0,3
12,-47.5,57.5,48,24,0,0.0,0.0,0,0.0,57.5,2,562500.0,46.916497932818984,46.10117405611892,24,48,2,2,48,0,4,-105.0,70.5,-47.5,5.0,578584,7.521592,nan,0.578584,nan,2,0,578320,4,0,0,2,264,128,32,136,34,66,2,0,0,2
13,-47.5,57.5,46,23,0,0.0,0.0,0,0.0,57.5,0,562500.0,43.820817500849934,39.96733689509685,23,46,0,2,46,0,2,-105.0,70.5,-47.5,5.0,578584,8.100176,nan,0.578584,nan,2,0,578320,4,0,0,2,264,128,32,136,34,66,2,0,0,2
14,-47.5,57.5,44,22,0,0.0,0.0,0,0.0,57.5,0,562500.0,61.662384033203125,61.662384033203125,22,44,0,1,44,0,1,-105.0,70.5,-47.5,5.0,289292,8.389468,nan,0.289292,nan,1,0,289160,2,0,0,1,132,64,16,68,17,33,1,0,0,1
15,-47.5,57.5,44,22,0,0.0,0.0,0,0.0,57.5,0,0.0,nan,nan,22,44,0,0,44,0,0,-105.0,70.5,-47.5,5.0,0,8.389468,nan,0.0,nan,0,0,0,0,0,0,0,0,0,0,0,0,0,0,0,0,0
16,-47.5,57.5,52,26,0,0.0,0.0,0,0.0,57.5,0,562500.0,44.4115718644004,31.235584055738165,26,52,0,3,52,0,3,-105.0,70.5,-47.5,5.0,867876,9.257344,nan,0.867876,nan,3,0,867480,6,0,0,3,396,192,48,204,51,99,3,0,0,3
17,-47.5,57.5,46,23,0,0.0,0.0,0,0.0,57.5,0,562500.0,61.997426986694336,59.74654006958008,23,46,0,3,46,0,3,-105.0,70.5,-47.5,5.0,867876,10.12522,nan,0.867876,nan,3,0,867480,6,0,0,3,396,192,48,204,51,99,3,0,0,3
18,-47.5,57.5,40,20,0,0.0,0.0,0,0.0,57.5,1,562500.0,40.659203322479016,20.970014878806428,20,40,1,3,40,0,4,-105.0,70.5,-47.5,5.0,867876,10.993096,nan,0.867876,nan,3,0,867480,6,0,0,3,396,192,48,204,51,99,3,0,0,3
19,-47.5,57.5,48,24,0,0.0,0.0,0,0.0,57.5,0,562500.0,49.511382461708585,24.974822912356768,24,48,0,5,48,0,5,-105.0,70.5,-47.5,5.0,1446460,12.439556,nan,1.44646,nan,5,0,1445800,10,0,0,5,660,320,80,340,85,165,5,0,0,5
20,-47.5,57.5,40,20,0,0.0,0.0,0,0.0,57.5,0,562500.0,60.21068572998047,60.21068572998047,20,40,0,1,40,0,1,-105.0,70.5,-47.5,5.0,289292,12.728848,nan,0.289292,nan,1,0,289160,2,0,0,1,132,64,16,68,17,33,1,0,0,1
21,-47.5,57.5,40,20,0,0.0,0.0,0,0.0,57.5,0,0.0,nan,nan,20,40,0,0,40,0,0,-105.0,70.5,-47.5,5.0,0,12.728848,nan,0.0,nan,0,0,0,0,0,0,0,0,0,0,0,0,0,0,0,0,0
22,-47.5,57.5,42,21,0,0.0,0.0,0,0.0,57.5,1,562500.0,38.13268543018501,23.40209765929455,21,42,1,3,42,0,4,-105.0,70.5,-47.5,5.0,867876,13.596724,nan,0.867876,nan,3,0,867480,6,0,0,3,396,192,48,204,51,99,3,0,0,3
23,-47.5,57.5,42,21,0,0.0,0.0,0,0.0,57.5,2,562500.0,46.29151169923177,19.387444392501827,21,42,2,4,42,0,6,-105.0,70.5,-47.5,5.0,1157168,14.753892,nan,1.157168,nan,4,0,1156640,8,0,0,4,528,256,64,272,68,132,4,0,0,4
24,-47.5,57.5,52,26,0,0.0,0.0,0,0.0,57.5,0,562500.0,42.997831635579324,21.263278651354227,26,52,0,3,52,0,3,-105.0,70.5,-47.5,5.0,867876,15.621768,nan,0.867876,nan,3,0,867480,6,0,0,3,396,192,48,204,51,99,3,0,0,3
25,-47.5,57.5,50,25,0,0.0,0.0,0,0.0,57.5,0,562500.0,60.21068572998047,60.21068572998047,25,50,0,1,50,0,1,-105.0,70.5,-47.5,5.0,289292,15.91106,nan,0.289292,nan,1,0,289160,2,0,0,1,132,64,16,68,17,33,1,0,0,1
26,-47.5,57.5,50,25,0,0.0,0.0,0,0.0,57.5,0,562500.0,40.46493717556911,38.9458041110725,25,50,0,2,50,0,2,-105.0,70.5,-47.5,5.0,578584,16.489644,nan,0.578584,nan,2,0,578320,4,0,0,2,264,128,32,136,34,66,2,0,0,2
27,-47.5,57.5,46,23,0,0.0,0.0,0,0.0,57.5,0,562500.0,60.21068572998047,60.21068572998047,23,46,0,1,46,0,1,-105.0,70.5,-47.5,5.0,289292,16.778936,nan,0.289292,nan,1,0,289160,2,0,0,1,132,64,16,68,17,33,1,0,0,1
28,-47.5,57.5,44,22,0,0.0,0.0,0,0.0,57.5,1,562500.0,41.11631019354469,22.866813350812727,22,44,1,3,44,0,4,-105.0,70.5,-47.5,5.0,867876,17.646812,nan,0.867876,nan,3,0,867480,6,0,0,3,396,192,48,204,51,99,3,0,0,3
29,-47.5,57.5,38,19,0,0.0,0.0,0,0.0,57.5,0,562500.0,34.29784620341935,20.11062752475741,19,38,0,3,38,0,3,-105.0,70.5,-47.5,5.0,867876,18.514688,nan,0.867876,nan,3,0,867480,6,0,0,3,396,192,48,204,51,99,3,0,0,3
30,-47.5,57.5,36,18,0,0.0,0.0,0,0.0,57.5,0,562500.0,37.60655967531512,32.36360408967395,18,36,0,2,36,0,2,-105.0,70.5,-47.5,5.0,578584,19.093272,nan,0.578584,nan,2,0,578320,4,0,0,2,264,128,32,136,34,66,2,0,0,2
31,-47.5,57.5,34,17,0,0.0,0.0,0,0.0,57.5,0,562500.0,62.10605430603027,62.10605239868164,17,34,0,1,34,0,1,-105.0,70.5,-47.5,5.0,289292,19.382564,nan,0.289292,nan,1,0,289160,2,0,0,1,132,64,16,68,17,33,1,0,0,1
32,-47.5,57.5,38,19,0,0.0,0.0,0,0.0,57.5,1,562500.0,45.169338478532154,30.2093800807313,19,38,1,3,38,0,4,-105.0,70.5,-47.5,5.0,867876,20.25044,nan,0.867876,nan,3,0,867480,6,0,0,3,396,192,48,204,51,99,3,0,0,3
33,-47.5,57.5,46,23,0,0.0,0.0,0,0.0,57.5,0,562500.0,41.95666640381885,41.555495910414,23,46,0,2,46,0,2,-105.0,70.5,-47.5,5.0,578584,20.829024,nan,0.578584,nan,2,0,578320,4,0,0,2,264,128,32,136,34,66,2,0,0,2
34,-47.5,57.5,46,23,0,0.0,0.0,0,0.0,57.5,0,562500.0,67.5613899230957,67.5613899230957,23,46,0,1,46,0,1,-105.0,70.5,-47.5,5.0,289292,21.118316,nan,0.289292,nan,1,0,289160,2,0,0,1,132,64,16,68,17,33,1,0,0,1
35,-47.5,57.5,48,24,0,0.0,0.0,0,0.0,57.5,0,562500.0,40.88963573992772,30.988453360656578,24,48,0,3,48,0,3,-105.0,70.5,-47.5,5.0,867876,21.986192,nan,0.867876,nan,3,0,867480,6,0,0,3,396,192,48,204,51,99,3,0,0,3
36,-47.5,57.5,56,28,0,0.0,0.0,0,0.0,57.5,1,562500.0,67.52299499511719,67.52299499511719,28,56,1,2,56,0,3,-105.0,70.5,-47.5,5.0,578584,22.564776,nan,0.578584,nan,2,0,578320,4,0,0,2,264,128,32,136,34,66,2,0,0,2
37,-47.5,57.5,50,25,0,0.0,0.0,0,0.0,57.5,0,562500.0,63.709083557128906,63.709083557128906,25,50,0,1,50,0,1,-105.0,70.5,-47.5,5.0,289292,22.854068,nan,0.289292,nan,1,0,289160,2,0,0,1,132,64,16,68,17,33,1,0,0,1
38,-47.5,57.5,48,24,0,0.0,0.0,0,0.0,57.5,0,562500.0,42.0099541963339,30.64739310955469,24,48,0,3,48,0,3,-105.0,70.5,-47.5,5.0,867876,23.721944,nan,0.867876,nan,3,0,867480,6,0,0,3,396,192,48,204,51,99,3,0,0,3
39,-47.5,57.5,46,23,0,0.0,0.0,0,0.0,57.5,0,562500.0,42.83459468402149,30.199713839538056,23,46,0,3,46,0,3,-105.0,70.5,-47.5,5.0,867876,24.58982,nan,0.867876,nan,3,0,867480,6,0,0,3,396,192,48,204,51,99,3,0,0,3
40,-47.5,57.5,42,21,0,0.0,0.0,0,0.0,57.5,0,562500.0,41.630424042207494,22.23989538595238,21,42,0,3,42,0,3,-105.0,70.5,-47.5,5.0,867876,25.457696,nan,0.867876,nan,3,0,867480,6,0,0,3,396,192,48,204,51,99,3,0,0,3
41,-47.5,57.5,40,20,0,0.0,0.0,0,0.0,57.5,0,0.0,nan,nan,20,40,0,0,40,0,0,-105.0,70.5,-47.5,5.0,0,25.457696,nan,0.0,nan,0,0,0,0,0,0,0,0,0,0,0,0,0,0,0,0,0
42,-47.5,57.5,46,23,0,0.0,0.0,0,0.0,57.5,0,562500.0,54.12451996676565,31.763593449336675,23,46,0,4,46,0,4,-105.0,70.5,-47.5,5.0,1157168,26.614864,nan,1.157168,nan,4,0,1156640,8,0,0,4,528,256,64,272,68,132,4,0,0,4
43,-47.5,57.5,46,23,0,0.0,0.0,0,0.0,57.5,0,562500.0,62.64938545227051,57.62851333618164,23,46,0,2,46,0,2,-105.0,70.5,-47.5,5.0,578584,27.193448,nan,0.578584,nan,2,0,578320,4,0,0,2,264,128,32,136,34,66,2,0,0,2
44,-47.5,57.5,48,24,0,0.0,0.0,0,0.0,57.5,0,562500.0,67.52299499511719,67.52299499511719,24,48,0,1,48,0,1,-105.0,70.5,-47.5,5.0,289292,27.48274,nan,0.289292,nan,1,0,289160,2,0,0,1,132,64,16,68,17,33,1,0,0,1
45,-47.5,57.5,48,24,0,0.0,0.0,0,0.0,57.5,0,562500.0,59.706438064575195,59.20219421386719,24,48,0,2,48,0,2,-105.0,70.5,-47.5,5.0,578584,28.061324,nan,0.578584,nan,2,0,578320,4,0,0,2,264,128,32,136,34,66,2,0,0,2
46,-47.5,57.5,58,29,0,0.0,0.0,0,0.0,57.5,0,562500.0,49.138412114534226,27.37123994629293,29,58,0,4,58,0,4,-105.0,70.5,-47.5,5.0,1157168,29.218492,nan,1.157168,nan,4,0,1156640,8,0,0,4,528,256,64,272,68,132,4,0,0,4
47,-47.5,57.5,58,29,0,0.0,0.0,0,0.0,57.5,0,562500.0,65.63970947265625,65.63970947265625,29,58,0,1,58,0,1,-105.0,70.5,-47.5,5.0,289292,29.507784,nan,0.289292,nan,1,0,289160,2,0,0,1,132,64,16,68,17,33,1,0,0,1
48,-47.5,57.5,60,30,0,0.0,0.0,0,0.0,57.5,0,562500.0,52.37512987820287,37.33246421152053,30,60,0,3,60,0,3,-105.0,70.5,-47.5,5.0,867876,30.37566,nan,0.867876,nan,3,0,867480,6,0,0,3,396,192,48,204,51,99,3,0,0,3
49,-47.5,57.5,62,31,0,0.0,0.0,0,0.0,57.5,0,0.0,nan,nan,31,62,0,0,62,0,0,-105.0,70.5,-47.5,5.0,0,30.37566,nan,0.0,nan,0,0,0,0,0,0,0,0,0,0,0,0,0,0,0,0,0
50,-47.5,57.5,64,32,0,0.0,0.0,0,0.0,57.5,0,562500.0,52.950650952128306,47.33515347258291,32,64,0,3,64,0,3,-105.0,70.5,-47.5,5.0,867876,31.243536,nan,0.867876,nan,3,0,867480,6,0,0,3,396,192,48,204,51,99,3,0,0,3
51,-47.5,57.5,62,31,0,0.0,0.0,0,0.0,57.5,1,562500.0,64.49935595194499,58.61878204345703,31,62,1,3,62,0,4,-105.0,70.5,-47.5,5.0,867876,32.111412,nan,0.867876,nan,3,0,867480,6,0,0,3,396,192,48,204,51,99,3,0,0,3
52,-47.5,57.5,56,28,0,0.0,0.0,0,0.0,57.5,1,562500.0,47.894367502899634,38.26703395584328,28,56,1,3,56,0,4,-105.0,70.5,-47.5,5.0,867876,32.979288,nan,0.867876,nan,3,0,867480,6,0,0,3,396,192,48,204,51,99,3,0,0,3
53,-47.5,57.5,68,34,0,0.0,0.0,0,0.0,57.5,1,562500.0,74.82785987854004,74.82785987854004,34,68,1,1,68,0,2,-105.0,70.5,-47.5,5.0,289292,33.26858,nan,0.289292,nan,1,0,289160,2,0,0,1,132,64,16,68,17,33,1,0,0,1
54,-47.5,57.5,64,32,0,0.0,0.0,0,0.0,57.5,0,0.0,nan,nan,32,64,0,0,64,0,0,-105.0,70.5,-47.5,5.0,0,33.26858,nan,0.0,nan,0,0,0,0,0,0,0,0,0,0,0,0,0,0,0,0,0
55,-47.5,57.5,66,33,0,0.0,0.0,0,0.0,57.5,0,562500.0,62.70106887817383,60.97998809814453,33,66,0,3,66,0,3,-105.0,70.5,-47.5,5.0,867876,34.136456,nan,0.867876,nan,3,0,867480,6,0,0,3,396,192,48,204,51,99,3,0,0,3
56,-47.5,57.5,66,33,0,0.0,0.0,0,0.0,57.5,0,562500.0,63.48983383178711,63.48983383178711,33,66,0,1,66,0,1,-105.0,70.5,-47.5,5.0,289292,34.425748,nan,0.289292,nan,1,0,289160,2,0,0,1,132,64,16,68,17,33,1,0,0,1
57,-47.5,57.5,64,32,0,0.0,0.0,0,0.0,57.5,0,562500.0,60.25083923339844,60.25083923339844,32,64,0,1,64,0,1,-105.0,70.5,-47.5,5.0,289292,34.71504,nan,0.289292,nan,1,0,289160,2,0,0,1,132,64,16,68,17,33,1,0,0,1
58,-47.5,57.5,66,33,0,0.0,0.0,0,0.0,57.5,0,0.0,nan,nan,33,66,0,0,66,0,0,-105.0,70.5,-47.5,5.0,0,34.71504,nan,0.0,nan,0,0,0,0,0,0,0,0,0,0,0,0,0,0,0,0,0
59,-47.5,57.5,64,32,0,0.0,0.0,0,0.0,57.5,1,562500.0,64.42267163594563,57.88288116455078,32,64,1,3,64,0,4,-105.0,70.5,-47.5,5.0,867876,35.582916,nan,0.867876,nan,3,0,867480,6,0,0,3,396,192,48,204,51,99,3,0,0,3
60,-47.5,57.5,52,26,0,0.0,0.0,0,0.0,57.5,0,562500.0,50.682558609680946,44.02536941214387,26,52,0,3,52,0,3,-105.0,70.5,-47.5,5.0,867876,36.450792,nan,0.867876,nan,3,0,867480,6,0,0,3,396,192,48,204,51,99,3,0,0,3
61,-47.5,57.5,54,27,0,0.0,0.0,0,0.0,57.5,0,562500.0,59.08118152618408,57.719207763671875,27,54,0,2,54,0,2,-105.0,70.5,-47.5,5.0,578584,37.029376,nan,0.578584,nan,2,0,578320,4,0,0,2,264,128,32,136,34,66,2,0,0,2
62,-47.5,57.5,54,27,0,0.0,0.0,0,0.0,57.5,1,562500.0,63.81139087677002,60.376380920410156,27,54,1,2,54,0,3,-105.0,70.5,-47.5,5.0,578584,37.60796,nan,0.578584,nan,2,0,578320,4,0,0,2,264,128,32,136,34,66,2,0,0,2
63,-47.5,57.5,58,29,0,0.0,0.0,0,0.0,57.5,0,562500.0,64.42524337768555,64.13689041137695,29,58,0,2,58,0,2,-105.0,70.5,-47.5,5.0,578584,38.186544,nan,0.578584,nan,2,0,578320,4,0,0,2,264,128,32,136,34,66,2,0,0,2
64,-47.5,57.5,62,31,0,0.0,0.0,0,0.0,57.5,2,562500.0,31.732124542283387,27.568113727252754,31,62,2,2,62,0,4,-105.0,70.5,-47.5,5.0,578584,38.765128,nan,0.578584,nan,2,0,578320,4,0,0,2,264,128,32,136,34,66,2,0,0,2
65,-47.5,57.5,74,37,0,0.0,0.0,0,0.0,57.5,0,562500.0,42.39872709273388,29.966941221917615,37,74,0,3,74,0,3,-105.0,70.5,-47.5,5.0,867876,39.633004,nan,0.867876,nan,3,0,867480,6,0,0,3,396,192,48,204,51,99,3,0,0,3
66,-47.5,57.5,78,39,0,0.0,0.0,0,0.0,57.5,0,562500.0,45.63248447572451,35.26702298878677,39,78,0,3,78,0,3,-105.0,70.5,-47.5,5.0,867876,40.50088,nan,0.867876,nan,3,0,867480,6,0,0,3,396,192,48,204,51,99,3,0,0,3
67,-47.5,57.5,74,37,0,0.0,0.0,0,0.0,57.5,0,562500.0,71.90633010864258,69.57350158691406,37,74,0,2,74,0,2,-105.0,70.5,-47.5,5.0,578584,41.079464,nan,0.578584,nan,2,0,578320,4,0,0,2,264,128,32,136,34,66,2,0,0,2
68,-47.5,57.5,70,35,0,0.0,0.0,0,0.0,57.5,0,562500.0,65.96770286560059,65.96770095825195,35,70,0,1,70,0,1,-105.0,70.5,-47.5,5.0,289292,41.368756,nan,0.289292,nan,1,0,289160,2,0,0,1,132,64,16,68,17,33,1,0,0,1
69,-47.5,57.5,72,36,0,0.0,0.0,0,0.0,57.5,0,562500.0,63.30047353108724,60.99322509765625,36,72,0,3,72,0,3,-105.0,70.5,-47.5,5.0,867876,42.236632,nan,0.867876,nan,3,0,867480,6,0,0,3,396,192,48,204,51,99,3,0,0,3
70,-47.5,57.5,70,35,0,0.0,0.0,0,0.0,57.5,0,562500.0,66.21672058105469,66.21672058105469,35,70,0,1,70,0,1,-105.0,70.5,-47.5,5.0,289292,42.525924,nan,0.289292,nan,1,0,289160,2,0,0,1,132,64,16,68,17,33,1,0,0,1
71,-47.5,57.5,62,31,0,0.0,0.0,0,0.0,57.5,0,562500.0,67.52546310424805,67.52546310424805,31,62,0,1,62,0,1,-105.0,70.5,-47.5,5.0,289292,42.815216,nan,0.289292,nan,1,0,289160,2,0,0,1,132,64,16,68,17,33,1,0,0,1
72,-47.5,57.5,62,31,0,0.0,0.0,0,0.0,57.5,0,0.0,nan,nan,31,62,0,0,62,0,0,-105.0,70.5,-47.5,5.0,0,42.815216,nan,0.0,nan,0,0,0,0,0,0,0,0,0,0,0,0,0,0,0,0,0
73,-47.5,57.5,60,30,0,0.0,0.0,0,0.0,57.5,0,562500.0,29.77263849974272,24.245884069688387,30,60,0,2,60,0,2,-105.0,70.5,-47.5,5.0,578584,43.3938,nan,0.578584,nan,2,0,578320,4,0,0,2,264,128,32,136,34,66,2,0,0,2
74,-47.5,57.5,54,27,0,0.0,0.0,0,0.0,57.5,1,562500.0,68.4367094039917,62.28510284423828,27,54,1,2,54,0,3,-105.0,70.5,-47.5,5.0,578584,43.972384,nan,0.578584,nan,2,0,578320,4,0,0,2,264,128,32,136,34,66,2,0,0,2
75,-47.5,57.5,54,27,0,0.0,0.0,0,0.0,57.5,0,0.0,nan,nan,27,54,0,0,54,0,0,-105.0,70.5,-47.5,5.0,0,43.972384,nan,0.0,nan,0,0,0,0,0,0,0,0,0,0,0,0,0,0,0,0,0
76,-47.5,57.5,52,26,0,0.0,0.0,0,0.0,57.5,0,0.0,nan,nan,26,52,0,0,52,0,0,-105.0,70.5,-47.5,5.0,0,43.972384,nan,0.0,nan,0,0,0,0,0,0,0,0,0,0,0,0,0,0,0,0,0
77,-47.5,57.5,52,26,0,0.0,0.0,0,0.0,57.5,1,562500.0,67.52546310424805,67.52546310424805,26,52,1,1,52,0,2,-105.0,70.5,-47.5,5.0,289292,44.261676,nan,0.289292,nan,1,0,289160,2,0,0,1,132,64,16,68,17,33,1,0,0,1
78,-47.5,57.5,48,24,0,0.0,0.0,0,0.0,57.5,0,562500.0,67.22743320465088,60.956233978271484,24,48,0,2,48,0,2,-105.0,70.5,-47.5,5.0,578584,44.84026,nan,0.578584,nan,2,0,578320,4,0,0,2,264,128,32,136,34,66,2,0,0,2
79,-47.5,57.5,52,26,0,0.0,0.0,0,0.0,57.5,3,562500.0,45.034005406528884,31.841615435426846,26,52,3,3,52,0,6,-105.0,70.5,-47.5,5.0,867876,45.708136,nan,0.867876,nan,3,0,867480,6,0,0,3,396,192,48,204,51,99,3,0,0,3
80,-47.5,57.5,58,29,0,0.0,0.0,0,0.0,57.5,0,562500.0,49.5975977970904,35.31955094082369,29,58,0,4,58,0,4,-105.0,70.5,-47.5,5.0,1157168,46.865304,nan,1.157168,nan,4,0,1156640,8,0,0,4,528,256,64,272,68,132,4,0,0,4
81,-47.5,57.5,64,32,0,0.0,0.0,0,0.0,57.5,1,562500.0,54.69975520468754,40.37339794098671,32,64,1,5,64,0,6,-105.0,70.5,-47.5,5.0,1446460,48.311764,nan,1.44646,nan,5,0,1445800,10,0,0,5,660,320,80,340,85,165,5,0,0,5
82,-47.5,57.5,64,32,0,0.0,0.0,0,0.0,57.5,1,562500.0,62.63379033406576,60.956233978271484,32,64,1,3,64,0,4,-105.0,70.5,-47.5,5.0,867876,49.17964,nan,0.867876,nan,3,0,867480,6,0,0,3,396,192,48,204,51,99,3,0,0,3
83,-47.5,57.5,66,33,0,0.0,0.0,0,0.0,57.5,0,562500.0,60.157487869262695,58.868492126464844,33,66,0,2,66,0,2,-105.0,70.5,-47.5,5.0,578584,49.758224,nan,0.578584,nan,2,0,578320,4,0,0,2,264,128,32,136,34,66,2,0,0,2
84,-47.5,57.5,68,34,0,0.0,0.0,0,0.0,57.5,0,562500.0,67.41997909545898,67.41997909545898,34,68,0,1,68,0,1,-105.0,70.5,-47.5,5.0,289292,50.047516,nan,0.289292,nan,1,0,289160,2,0,0,1,132,64,16,68,17,33,1,0,0,1
85,-47.5,57.5,70,35,0,0.0,0.0,0,0.0,57.5,0,562500.0,60.28351020812988,60.21068572998047,35,70,0,2,70,0,2,-105.0,70.5,-47.5,5.0,578584,50.6261,nan,0.578584,nan,2,0,578320,4,0,0,2,264,128,32,136,34,66,2,0,0,2
86,-47.5,57.5,68,34,0,0.0,0.0,0,0.0,57.5,0,0.0,nan,nan,34,68,0,0,68,0,0,-105.0,70.5,-47.5,5.0,0,50.6261,nan,0.0,nan,0,0,0,0,0,0,0,0,0,0,0,0,0,0,0,0,0
87,-47.5,57.5,70,35,0,0.0,0.0,0,0.0,57.5,0,562500.0,48.460482657234316,40.981093374242796,35,70,0,3,70,0,3,-105.0,70.5,-47.5,5.0,867876,51.493976,nan,0.867876,nan,3,0,867480,6,0,0,3,396,192,48,204,51,99,3,0,0,3
88,-47.5,57.5,70,35,0,0.0,0.0,0,0.0,57.5,1,562500.0,43.212141411490315,31.30660168623209,35,70,1,3,70,0,4,-105.0,70.5,-47.5,5.0,867876,52.361852,nan,0.867876,nan,3,0,867480,6,0,0,3,396,192,48,204,51,99,3,0,0,3
89,-47.5,57.5,70,35,0,0.0,0.0,0,0.0,57.5,0,562500.0,38.2676076404375,37.20277713433116,35,70,0,2,70,0,2,-105.0,70.5,-47.5,5.0,578584,52.940436,nan,0.578584,nan,2,0,578320,4,0,0,2,264,128,32,136,34,66,2,0,0,2
90,-47.5,57.5,70,35,0,0.0,0.0,0,0.0,57.5,0,562500.0,57.696781158447266,57.696781158447266,35,70,0,1,70,0,1,-105.0,70.5,-47.5,5.0,289292,53.229728,nan,0.289292,nan,1,0,289160,2,0,0,1,132,64,16,68,17,33,1,0,0,1
91,-47.5,57.5,72,36,0,0.0,0.0,0,0.0,57.5,0,562500.0,68.94501304626465,64.39139938354492,36,72,0,2,72,0,2,-105.0,70.5,-47.5,5.0,578584,53.808312,nan,0.578584,nan,2,0,578320,4,0,0,2,264,128,32,136,34,66,2,0,0,2
92,-47.5,57.5,70,35,0,0.0,0.0,0,0.0,57.5,0,562500.0,66.490234375,66.490234375,35,70,0,1,70,0,1,-105.0,70.5,-47.5,5.0,289292,54.097604,nan,0.289292,nan,1,0,289160,2,0,0,1,132,64,16,68,17,33,1,0,0,1
93,-47.5,57.5,74,37,0,0.0,0.0,0,0.0,57.5,0,562500.0,51.45855285598938,43.01022532506177,37,74,0,3,74,0,3,-105.0,70.5,-47.5,5.0,867876,54.96548,nan,0.867876,nan,3,0,867480,6,0,0,3,396,192,48,204,51,99,3,0,0,3
94,-47.5,57.5,72,36,0,0.0,0.0,0,0.0,57.5,0,562500.0,63.90624237060547,63.90624237060547,36,72,0,1,72,0,1,-105.0,70.5,-47.5,5.0,289292,55.254772,nan,0.289292,nan,1,0,289160,2,0,0,1,132,64,16,68,17,33,1,0,0,1
95,-47.5,57.5,66,33,0,0.0,0.0,0,0.0,57.5,0,562500.0,64.5506197611491,58.44936752319336,33,66,0,3,66,0,3,-105.0,70.5,-47.5,5.0,867876,56.122648,nan,0.867876,nan,3,0,867480,6,0,0,3,396,192,48,204,51,99,3,0,0,3
96,-47.5,57.5,54,27,0,0.0,0.0,0,0.0,57.5,0,562500.0,61.349377950032554,58.35067367553711,27,54,0,3,54,0,3,-105.0,70.5,-47.5,5.0,867876,56.990524,nan,0.867876,nan,3,0,867480,6,0,0,3,396,192,48,204,51,99,3,0,0,3
97,-47.5,57.5,46,23,0,0.0,0.0,0,0.0,57.5,0,562500.0,59.76216061909994,57.71234130859375,23,46,0,3,46,0,3,-105.0,70.5,-47.5,5.0,867876,57.8584,nan,0.867876,nan,3,0,867480,6,0,0,3,396,192,48,204,51,99,3,0,0,3
98,-47.5,57.5,38,19,0,0.0,0.0,0,0.0,57.5,1,562500.0,60.52144241333008,58.795135498046875,19,38,1,2,38,0,3,-105.0,70.5,-47.5,5.0,578584,58.436984,nan,0.578584,nan,2,0,578320,4,0,0,2,264,128,32,136,34,66,2,0,0,2
99,-47.5,57.5,32,16,0,0.0,0.0,0,0.0,57.5,0,0.0,nan,nan,16,32,0,0,32,0,0,-105.0,70.5,-47.5,5.0,0,58.436984,nan,0.0,nan,0,0,0,0,0,0,0,0,0,0,0,0,0,0,0,0,0
100,-47.5,57.5,36,18,0,0.0,0.0,0,0.0,57.5,0,562500.0,58.95633316040039,58.95633316040039,18,36,0,1,36,0,1,-105.0,70.5,-47.5,5.0,289292,58.726276,nan,0.289292,nan,1,0,289160,2,0,0,1,132,64,16,68,17,33,1,0,0,1
101,-47.5,57.5,32,16,0,0.0,0.0,0,0.0,57.5,0,562500.0,59.75217819213867,59.579715728759766,16,32,0,2,32,0,2,-105.0,70.5,-47.5,5.0,578584,59.30486,nan,0.578584,nan,2,0,578320,4,0,0,2,264,128,32,136,34,66,2,0,0,2
102,-47.5,57.5,28,14,0,0.0,0.0,0,0.0,57.5,0,562500.0,65.2709846496582,65.2709846496582,14,28,0,1,28,0,1,-105.0,70.5,-47.5,5.0,289292,59.594152,nan,0.289292,nan,1,0,289160,2,0,0,1,132,64,16,68,17,33,1,0,0,1
103,-47.5,57.5,28,14,0,0.0,0.0,0,0.0,57.5,0,562500.0,62.99168395996094,62.99168014526367,14,28,0,1,28,0,1,-105.0,70.5,-47.5,5.0,289292,59.883444,nan,0.289292,nan,1,0,289160,2,0,0,1,132,64,16,68,17,33,1,0,0,1
104,-47.5,57.5,30,15,0,0.0,0.0,0,0.0,57.5,1,562500.0,62.0400587717692,59.24068832397461,15,30,1,3,30,0,4,-105.0,70.5,-47.5,5.0,867876,60.75132,nan,0.867876,nan,3,0,867480,6,0,0,3,396,192,48,204,51,99,3,0,0,3
105,-47.5,57.5,30,15,0,0.0,0.0,0,0.0,57.5,1,562500.0,43.1487103438596,19.964212988843613,15,30,1,3,30,0,4,-105.0,70.5,-47.5,5.0,867876,61.619196,nan,0.867876,nan,3,0,867480,6,0,0,3,396,192,48,204,51,99,3,0,0,3
106,-47.5,57.5,28,14,0,0.0,0.0,0,0.0,57.5,0,562500.0,54.40109195560017,47.3657957788584,14,28,0,4,28,0,4,-105.0,70.5,-47.5,5.0,1157168,62.776364,nan,1.157168,nan,4,0,1156640,8,0,0,4,528,256,64,272,68,132,4,0,0,4
107,-47.5,57.5,22,11,0,0.0,0.0,0,0.0,57.5,0,562500.0,59.66099166870117,59.66099166870117,11,22,0,1,22,0,1,-105.0,70.5,-47.5,5.0,289292,63.065656,nan,0.289292,nan,1,0,289160,2,0,0,1,132,64,16,68,17,33,1,0,0,1
108,-47.5,57.5,24,12,0,0.0,0.0,0,0.0,57.5,2,562500.0,62.87328338623047,61.80859375,12,24,2,2,24,0,4,-105.0,70.5,-47.5,5.0,578584,63.64424,nan,0.578584,nan,2,0,578320,4,0,0,2,264,128,32,136,34,66,2,0,0,2
109,-47.5,57.5,20,10,0,0.0,0.0,0,0.0,57.5,2,562500.0,36.81345626663944,25.095130700555238,10,20,2,3,20,0,5,-105.0,70.5,-47.5,5.0,867876,64.512116,nan,0.867876,nan,3,0,867480,6,0,0,3,396,192,48,204,51,99,3,0,0,3
110,-47.5,57.5,16,8,0,0.0,0.0,0,0.0,57.5,0,562500.0,62.621681213378906,62.621681213378906,8,16,0,1,16,0,1,-105.0,70.5,-47.5,5.0,289292,64.801408,nan,0.289292,nan,1,0,289160,2,0,0,1,132,64,16,68,17,33,1,0,0,1
111,-47.5,57.5,14,7,0,0.0,0.0,0,0.0,57.5,0,562500.0,37.89809017225103,21.375940633279853,7,14,0,3,14,0,3,-105.0,70.5,-47.5,5.0,867876,65.669284,nan,0.867876,nan,3,0,867480,6,0,0,3,396,192,48,204,51,99,3,0,0,3
112,-47.5,57.5,16,8,0,0.0,0.0,0,0.0,57.5,0,0.0,nan,nan,8,16,0,0,16,0,0,-105.0,70.5,-47.5,5.0,0,65.669284,nan,0.0,nan,0,0,0,0,0,0,0,0,0,0,0,0,0,0,0,0,0
113,-47.5,57.5,24,12,0,0.0,0.0,0,0.0,57.5,0,562500.0,63.94239044189453,63.94239044189453,12,24,0,1,24,0,1,-105.0,70.5,-47.5,5.0,289292,65.958576,nan,0.289292,nan,1,0,289160,2,0,0,1,132,64,16,68,17,33,1,0,0,1
114,-47.5,57.5,26,13,0,0.0,0.0,0,0.0,57.5,0,562500.0,66.5634994506836,66.5634994506836,13,26,0,1,26,0,1,-105.0,70.5,-47.5,5.0,289292,66.247868,nan,0.289292,nan,1,0,289160,2,0,0,1,132,64,16,68,17,33,1,0,0,1
115,-47.5,57.5,32,16,0,0.0,0.0,0,0.0,57.5,0,562500.0,59.95995903015137,58.581214904785156,16,32,0,2,32,0,2,-105.0,70.5,-47.5,5.0,578584,66.826452,nan,0.578584,nan,2,0,578320,4,0,0,2,264,128,32,136,34,66,2,0,0,2
116,-47.5,57.5,32,16,0,0.0,0.0,0,0.0,57.5,0,562500.0,59.6623592376709,59.662357330322266,16,32,0,1,32,0,1,-105.0,70.5,-47.5,5.0,289292,67.115744,nan,0.289292,nan,1,0,289160,2,0,0,1,132,64,16,68,17,33,1,0,0,1
117,-47.5,57.5,34,17,0,0.0,0.0,0,0.0,57.5,2,562500.0,59.78481674194336,59.78481674194336,17,34,2,1,34,0,3,-105.0,70.5,-47.5,5.0,289292,67.405036,nan,0.289292,nan,1,0,289160,2,0,0,1,132,64,16,68,17,33,1,0,0,1
118,-47.5,57.5,38,19,0,0.0,0.0,0,0.0,57.5,0,562500.0,48.79884245883762,38.630473369988266,19,38,0,3,38,0,3,-105.0,70.5,-47.5,5.0,867876,68.272912,nan,0.867876,nan,3,0,867480,6,0,0,3,396,192,48,204,51,99,3,0,0,3
119,-47.5,57.5,38,19,0,0.0,0.0,0,0.0,57.5,1,562500.0,63.053579330444336,61.441097259521484,19,38,1,2,38,0,3,-105.0,70.5,-47.5,5.0,578584,68.851496,nan,0.578584,nan,2,0,578320,4,0,0,2,264,128,32,136,34,66,2,0,0,2
120,-47.5,57.5,44,22,0,0.0,0.0,0,0.0,57.5,0,0.0,nan,nan,22,44,0,0,44,0,0,-105.0,70.5,-47.5,5.0,0,68.851496,nan,0.0,nan,0,0,0,0,0,0,0,0,0,0,0,0,0,0,0,0,0
121,-47.5,57.5,50,25,0,0.0,0.0,0,0.0,57.5,0,562500.0,43.65132692448253,41.2171545627,25,50,0,2,50,0,2,-105.0,70.5,-47.5,5.0,578584,69.43008,nan,0.578584,nan,2,0,578320,4,0,0,2,264,128,32,136,34,66,2,0,0,2
122,-47.5,57.5,54,27,0,0.0,0.0,0,0.0,57.5,1,562500.0,67.90767669677734,67.90767669677734,27,54,1,1,54,0,2,-105.0,70.5,-47.5,5.0,289292,69.719372,nan,0.289292,nan,1,0,289160,2,0,0,1,132,64,16,68,17,33,1,0,0,1
123,-47.5,57.5,54,27,0,0.0,0.0,0,0.0,57.5,0,562500.0,61.35597610473633,61.35597610473633,27,54,0,1,54,0,1,-105.0,70.5,-47.5,5.0,289292,70.008664,nan,0.289292,nan,1,0,289160,2,0,0,1,132,64,16,68,17,33,1,0,0,1
124,-47.5,57.5,66,33,0,0.0,0.0,0,0.0,57.5,0,562500.0,48.46645990970048,38.472734495666664,33,66,0,3,66,0,3,-105.0,70.5,-47.5,5.0,867876,70.87654,nan,0.867876,nan,3,0,867480,6,0,0,3,396,192,48,204,51,99,3,0,0,3
125,-47.5,57.5,84,42,0,0.0,0.0,0,0.0,57.5,1,562500.0,52.26297183001194,32.48250335189344,42,84,1,5,84,0,6,-105.0,70.5,-47.5,5.0,1446460,72.323,nan,1.44646,nan,5,0,1445800,10,0,0,5,660,320,80,340,85,165,5,0,0,5
126,-47.5,57.5,90,45,0,0.0,0.0,0,0.0,57.5,0,562500.0,60.054405212402344,60.054405212402344,45,90,0,1,90,0,1,-105.0,70.5,-47.5,5.0,289292,72.612292,nan,0.289292,nan,1,0,289160,2,0,0,1,132,64,16,68,17,33,1,0,0,1
127,-47.5,57.5,88,44,0,0.0,0.0,0,0.0,57.5,0,562500.0,61.25388717651367,61.25388717651367,44,88,0,1,88,0,1,-105.0,70.5,-47.5,5.0,289292,72.901584,nan,0.289292,nan,1,0,289160,2,0,0,1,132,64,16,68,17,33,1,0,0,1
128,-47.5,57.5,84,42,0,0.0,0.0,0,0.0,57.5,0,562500.0,60.924808502197266,60.21068572998047,42,84,0,2,84,0,2,-105.0,70.5,-47.5,5.0,578584,73.480168,nan,0.578584,nan,2,0,578320,4,0,0,2,264,128,32,136,34,66,2,0,0,2
129,-47.5,57.5,76,38,0,0.0,0.0,0,0.0,57.5,0,562500.0,63.40150547027588,59.399784088134766,38,76,0,2,76,0,2,-105.0,70.5,-47.5,5.0,578584,74.058752,nan,0.578584,nan,2,0,578320,4,0,0,2,264,128,32,136,34,66,2,0,0,2
130,-47.5,57.5,78,39,0,0.0,0.0,0,0.0,57.5,0,562500.0,61.44229507446289,61.44229507446289,39,78,0,1,78,0,1,-105.0,70.5,-47.5,5.0,289292,74.348044,nan,0.289292,nan,1,0,289160,2,0,0,1,132,64,16,68,17,33,1,0,0,1
131,-47.5,57.5,78,39,0,0.0,0.0,0,0.0,57.5,0,562500.0,35.84421762225878,26.67526284438369,39,78,0,2,78,0,2,-105.0,70.5,-47.5,5.0,578584,74.926628,nan,0.578584,nan,2,0,578320,4,0,0,2,264,128,32,136,34,66,2,0,0,2
132,-47.5,57.5,80,40,0,0.0,0.0,0,0.0,57.5,0,562500.0,64.22206687927246,61.796077728271484,40,80,0,2,80,0,2,-105.0,70.5,-47.5,5.0,578584,75.505212,nan,0.578584,nan,2,0,578320,4,0,0,2,264,128,32,136,34,66,2,0,0,2
133,-47.5,57.5,88,44,0,0.0,0.0,0,0.0,57.5,2,562500.0,39.98984639334342,18.60736921562445,44,88,2,3,88,0,5,-105.0,70.5,-47.5,5.0,867876,76.373088,nan,0.867876,nan,3,0,867480,6,0,0,3,396,192,48,204,51,99,3,0,0,3
134,-47.5,57.5,86,43,0,0.0,0.0,0,0.0,57.5,0,562500.0,51.01017476724256,38.48197327119111,43,86,0,4,86,0,4,-105.0,70.5,-47.5,5.0,1157168,77.530256,nan,1.157168,nan,4,0,1156640,8,0,0,4,528,256,64,272,68,132,4,0,0,4
135,-47.5,57.5,82,41,0,0.0,0.0,0,0.0,57.5,0,562500.0,39.33265343203797,23.771162122481826,41,82,0,3,82,0,3,-105.0,70.5,-47.5,5.0,867876,78.398132,nan,0.867876,nan,3,0,867480,6,0,0,3,396,192,48,204,51,99,3,0,0,3
136,-47.5,57.5,80,40,0,0.0,0.0,0,0.0,57.5,0,562500.0,66.7483901977539,66.7483901977539,40,80,0,1,80,0,1,-105.0,70.5,-47.5,5.0,289292,78.687424,nan,0.289292,nan,1,0,289160,2,0,0,1,132,64,16,68,17,33,1,0,0,1
137,-47.5,57.5,80,40,0,0.0,0.0,0,0.0,57.5,0,562500.0,58.124643325805664,58.12464141845703,40,80,0,1,80,0,1,-105.0,70.5,-47.5,5.0,289292,78.976716,nan,0.289292,nan,1,0,289160,2,0,0,1,132,64,16,68,17,33,1,0,0,1
138,-47.5,57.5,78,39,0,0.0,0.0,0,0.0,57.5,0,562500.0,43.422372253214526,25.52200125144544,39,78,0,3,78,0,3,-105.0,70.5,-47.5,5.0,867876,79.844592,nan,0.867876,nan,3,0,867480,6,0,0,3,396,192,48,204,51,99,3,0,0,3
139,-47.5,57.5,74,37,0,0.0,0.0,0,0.0,57.5,0,562500.0,47.04034871961998,28.99601381130507,37,74,0,3,74,0,3,-105.0,70.5,-47.5,5.0,867876,80.712468,nan,0.867876,nan,3,0,867480,6,0,0,3,396,192,48,204,51,99,3,0,0,3
140,-47.5,57.5,72,36,0,0.0,0.0,0,0.0,57.5,0,562500.0,63.99354553222656,61.01742935180664,36,72,0,2,72,0,2,-105.0,70.5,-47.5,5.0,578584,81.291052,nan,0.578584,nan,2,0,578320,4,0,0,2,264,128,32,136,34,66,2,0,0,2
141,-47.5,57.5,60,30,0,0.0,0.0,0,0.0,57.5,0,562500.0,59.26779365539551,59.267791748046875,30,60,0,1,60,0,1,-105.0,70.5,-47.5,5.0,289292,81.580344,nan,0.289292,nan,1,0,289160,2,0,0,1,132,64,16,68,17,33,1,0,0,1
142,-47.5,57.5,54,27,0,0.0,0.0,0,0.0,57.5,0,0.0,nan,nan,27,54,0,0,54,0,0,-105.0,70.5,-47.5,5.0,0,81.580344,nan,0.0,nan,0,0,0,0,0,0,0,0,0,0,0,0,0,0,0,0,0
143,-47.5,57.5,48,24,0,0.0,0.0,0,0.0,57.5,1,562500.0,61.92384338378906,61.92384338378906,24,48,1,1,48,0,2,-105.0,70.5,-47.5,5.0,289292,81.869636,nan,0.289292,nan,1,0,289160,2,0,0,1,132,64,16,68,17,33,1,0,0,1
144,-47.5,57.5,40,20,0,0.0,0.0,0,0.0,57.5,0,562500.0,61.53449058532715,61.53448486328125,20,40,0,1,40,0,1,-105.0,70.5,-47.5,5.0,289292,82.158928,nan,0.289292,nan,1,0,289160,2,0,0,1,132,64,16,68,17,33,1,0,0,1
145,-47.5,57.5,46,23,0,0.0,0.0,0,0.0,57.5,3,562500.0,34.691913410199426,18.347795344251313,23,46,3,3,46,0,6,-105.0,70.5,-47.5,5.0,867876,83.026804,nan,0.867876,nan,3,0,867480,6,0,0,3,396,192,48,204,51,99,3,0,0,3
146,-47.5,57.5,34,17,0,0.0,0.0,0,0.0,57.5,0,562500.0,48.88447552009328,43.15210764528976,17,34,0,3,34,0,3,-105.0,70.5,-47.5,5.0,867876,83.89468,nan,0.867876,nan,3,0,867480,6,0,0,3,396,192,48,204,51,99,3,0,0,3
147,-47.5,57.5,34,17,0,0.0,0.0,0,0.0,57.5,0,562500.0,33.717784400656775,19.194159171799516,17,34,0,4,34,0,4,-105.0,70.5,-47.5,5.0,1157168,85.051848,nan,1.157168,nan,4,0,1156640,8,0,0,4,528,256,64,272,68,132,4,0,0,4
148,-47.5,57.5,38,19,0,0.0,0.0,0,0.0,57.5,0,562500.0,39.55090178152487,37.61730711184885,19,38,0,2,38,0,2,-105.0,70.5,-47.5,5.0,578584,85.630432,nan,0.578584,nan,2,0,578320,4,0,0,2,264,128,32,136,34,66,2,0,0,2
149,-47.5,57.5,40,20,0,0.0,0.0,0,0.0,57.5,0,562500.0,62.58371162414551,60.33371353149414,20,40,0,2,40,0,2,-105.0,70.5,-47.5,5.0,578584,86.209016,nan,0.578584,nan,2,0,578320,4,0,0,2,264,128,32,136,34,66,2,0,0,2
150,-47.5,57.5,38,19,0,0.0,0.0,0,0.0,57.5,0,562500.0,59.66037368774414,57.657039642333984,19,38,0,2,38,0,2,-105.0,70.5,-47.5,5.0,578584,86.7876,nan,0.578584,nan,2,0,578320,4,0,0,2,264,128,32,136,34,66,2,0,0,2
151,-47.5,57.5,44,22,0,0.0,0.0,0,0.0,57.5,0,562500.0,39.71838205730038,39.15290669305789,22,44,0,2,44,0,2,-105.0,70.5,-47.5,5.0,578584,87.366184,nan,0.578584,nan,2,0,578320,4,0,0,2,264,128,32,136,34,66,2,0,0,2
152,-47.5,57.5,42,21,0,0.0,0.0,0,0.0,57.5,0,562500.0,58.47688579559326,58.2778205871582,21,42,0,2,42,0,2,-105.0,70.5,-47.5,5.0,578584,87.944768,nan,0.578584,nan,2,0,578320,4,0,0,2,264,128,32,136,34,66,2,0,0,2
153,-47.5,57.5,42,21,0,0.0,0.0,0,0.0,57.5,0,562500.0,57.82674026489258,57.82670593261719,21,42,0,1,42,0,1,-105.0,70.5,-47.5,5.0,289292,88.23406,nan,0.289292,nan,1,0,289160,2,0,0,1,132,64,16,68,17,33,1,0,0,1
154,-47.5,57.5,36,18,0,0.0,0.0,0,0.0,57.5,1,562500.0,64.77814102172852,64.77814102172852,18,36,1,1,36,0,2,-105.0,70.5,-47.5,5.0,289292,88.523352,nan,0.289292,nan,1,0,289160,2,0,0,1,132,64,16,68,17,33,1,0,0,1
155,-47.5,57.5,38,19,0,0.0,0.0,0,0.0,57.5,1,562500.0,33.96058339328648,19.754547817975222,19,38,1,3,38,0,4,-105.0,70.5,-47.5,5.0,867876,89.391228,nan,0.867876,nan,3,0,867480,6,0,0,3,396,192,48,204,51,99,3,0,0,3
156,-47.5,57.5,34,17,0,0.0,0.0,0,0.0,57.5,0,562500.0,68.25032806396484,68.25032806396484,17,34,0,1,34,0,1,-105.0,70.5,-47.5,5.0,289292,89.68052,nan,0.289292,nan,1,0,289160,2,0,0,1,132,64,16,68,17,33,1,0,0,1
157,-47.5,57.5,34,17,0,0.0,0.0,0,0.0,57.5,0,562500.0,62.59780502319336,60.02836990356445,17,34,0,2,34,0,2,-105.0,70.5,-47.5,5.0,578584,90.259104,nan,0.578584,nan,2,0,578320,4,0,0,2,264,128,32,136,34,66,2,0,0,2
158,-47.5,57.5,36,18,0,0.0,0.0,0,0.0,57.5,0,562500.0,61.48469924926758,60.74260330200195,18,36,0,2,36,0,2,-105.0,70.5,-47.5,5.0,578584,90.837688,nan,0.578584,nan,2,0,578320,4,0,0,2,264,128,32,136,34,66,2,0,0,2
159,-47.5,57.5,40,20,0,0.0,0.0,0,0.0,57.5,1,562500.0,60.21017074584961,60.21017074584961,20,40,1,1,40,0,2,-105.0,70.5,-47.5,5.0,289292,91.12698,nan,0.289292,nan,1,0,289160,2,0,0,1,132,64,16,68,17,33,1,0,0,1
160,-47.5,57.5,40,20,0,0.0,0.0,0,0.0,57.5,0,562500.0,52.999906239014145,36.830874874982634,20,40,0,4,40,0,4,-105.0,70.5,-47.5,5.0,1157168,92.284148,nan,1.157168,nan,4,0,1156640,8,0,0,4,528,256,64,272,68,132,4,0,0,4
161,-47.5,57.5,42,21,0,0.0,0.0,0,0.0,57.5,1,562500.0,60.703256607055664,59.566959381103516,21,42,1,2,42,0,3,-105.0,70.5,-47.5,5.0,578584,92.862732,nan,0.578584,nan,2,0,578320,4,0,0,2,264,128,32,136,34,66,2,0,0,2
162,-47.5,57.5,36,18,0,0.0,0.0,0,0.0,57.5,0,562500.0,64.62137985229492,61.83955383300781,18,36,0,2,36,0,2,-105.0,70.5,-47.5,5.0,578584,93.441316,nan,0.578584,nan,2,0,578320,4,0,0,2,264,128,32,136,34,66,2,0,0,2
163,-47.5,57.5,46,23,0,0.0,0.0,0,0.0,57.5,0,562500.0,67.5290756225586,67.5290756225586,23,46,0,1,46,0,1,-105.0,70.5,-47.5,5.0,289292,93.730608,nan,0.289292,nan,1,0,289160,2,0,0,1,132,64,16,68,17,33,1,0,0,1
164,-47.5,57.5,44,22,0,0.0,0.0,0,0.0,57.5,1,562500.0,64.57597160339355,61.601104736328125,22,44,1,2,44,0,3,-105.0,70.5,-47.5,5.0,578584,94.309192,nan,0.578584,nan,2,0,578320,4,0,0,2,264,128,32,136,34,66,2,0,0,2
165,-47.5,57.5,40,20,0,0.0,0.0,0,0.0,57.5,0,562500.0,61.7855224609375,61.7855224609375,20,40,0,1,40,0,1,-105.0,70.5,-47.5,5.0,289292,94.598484,nan,0.289292,nan,1,0,289160,2,0,0,1,132,64,16,68,17,33,1,0,0,1
166,-47.5,57.5,40,20,0,0.0,0.0,0,0.0,57.5,0,562500.0,61.31262715657552,60.37346649169922,20,40,0,3,40,0,3,-105.0,70.5,-47.5,5.0,867876,95.46636,nan,0.867876,nan,3,0,867480,6,0,0,3,396,192,48,204,51,99,3,0,0,3
167,-47.5,57.5,40,20,0,0.0,0.0,0,0.0,57.5,1,562500.0,60.21068572998047,60.21068572998047,20,40,1,1,40,0,2,-105.0,70.5,-47.5,5.0,289292,95.755652,nan,0.289292,nan,1,0,289160,2,0,0,1,132,64,16,68,17,33,1,0,0,1
168,-47.5,57.5,40,20,0,0.0,0.0,0,0.0,57.5,0,562500.0,60.28351020812988,60.21068572998047,20,40,0,2,40,0,2,-105.0,70.5,-47.5,5.0,578584,96.334236,nan,0.578584,nan,2,0,578320,4,0,0,2,264,128,32,136,34,66,2,0,0,2
169,-47.5,57.5,44,22,0,0.0,0.0,0,0.0,57.5,2,562500.0,45.86524557455752,29.851742616109153,22,44,2,3,44,0,5,-105.0,70.5,-47.5,5.0,867876,97.202112,nan,0.867876,nan,3,0,867480,6,0,0,3,396,192,48,204,51,99,3,0,0,3
170,-47.5,57.5,46,23,0,0.0,0.0,0,0.0,57.5,0,562500.0,50.737225195042804,42.74125632591747,23,46,0,3,46,0,3,-105.0,70.5,-47.5,5.0,867876,98.069988,nan,0.867876,nan,3,0,867480,6,0,0,3,396,192,48,204,51,99,3,0,0,3
171,-47.5,57.5,46,23,0,0.0,0.0,0,0.0,57.5,0,562500.0,67.52908325195312,67.52908325195312,23,46,0,1,46,0,1,-105.0,70.5,-47.5,5.0,289292,98.35928,nan,0.289292,nan,1,0,289160,2,0,0,1,132,64,16,68,17,33,1,0,0,1
172,-47.5,57.5,46,23,0,0.0,0.0,0,0.0,57.5,0,0.0,nan,nan,23,46,0,0,46,0,0,-105.0,70.5,-47.5,5.0,0,98.35928,nan,0.0,nan,0,0,0,0,0,0,0,0,0,0,0,0,0,0,0,0,0
173,-47.5,57.5,46,23,0,0.0,0.0,0,0.0,57.5,1,562500.0,52.06991779046585,41.142527764952305,23,46,1,4,46,0,5,-105.0,70.5,-47.5,5.0,1157168,99.516448,nan,1.157168,nan,4,0,1156640,8,0,0,4,528,256,64,272,68,132,4,0,0,4
174,-47.5,57.5,46,23,0,0.0,0.0,0,0.0,57.5,0,562500.0,48.53700898909794,47.44941612514394,23,46,0,2,46,0,2,-105.0,70.5,-47.5,5.0,578584,100.095032,nan,0.578584,nan,2,0,578320,4,0,0,2,264,128,32,136,34,66,2,0,0,2
175,-47.5,57.5,46,23,0,0.0,0.0,0,0.0,57.5,0,562500.0,67.52908325195312,67.52908325195312,23,46,0,1,46,0,1,-105.0,70.5,-47.5,5.0,289292,100.384324,nan,0.289292,nan,1,0,289160,2,0,0,1,132,64,16,68,17,33,1,0,0,1
176,-47.5,57.5,46,23,0,0.0,0.0,0,0.0,57.5,0,562500.0,67.40320587158203,67.40320587158203,23,46,0,1,46,0,1,-105.0,70.5,-47.5,5.0,289292,100.673616,nan,0.289292,nan,1,0,289160,2,0,0,1,132,64,16,68,17,33,1,0,0,1
177,-47.5,57.5,46,23,0,0.0,0.0,0,0.0,57.5,0,562500.0,67.41999053955078,67.41999053955078,23,46,0,1,46,0,1,-105.0,70.5,-47.5,5.0,289292,100.962908,nan,0.289292,nan,1,0,289160,2,0,0,1,132,64,16,68,17,33,1,0,0,1
178,-47.5,57.5,46,23,0,0.0,0.0,0,0.0,57.5,0,562500.0,42.29943600742698,32.30879939738725,23,46,0,2,46,0,2,-105.0,70.5,-47.5,5.0,578584,101.541492,nan,0.578584,nan,2,0,578320,4,0,0,2,264,128,32,136,34,66,2,0,0,2
179,-47.5,57.5,46,23,0,0.0,0.0,0,0.0,57.5,0,562500.0,59.402387619018555,58.59408950805664,23,46,0,2,46,0,2,-105.0,70.5,-47.5,5.0,578584,102.120076,nan,0.578584,nan,2,0,578320,4,0,0,2,264,128,32,136,34,66,2,0,0,2
180,-47.5,57.5,46,23,0,0.0,0.0,0,0.0,57.5,1,562500.0,42.17837851045964,36.92422007356483,23,46,1,2,46,0,3,-105.0,70.5,-47.5,5.0,578584,102.69866,nan,0.578584,nan,2,0,578320,4,0,0,2,264,128,32,136,34,66,2,0,0,2
181,-47.5,57.5,56,28,0,0.0,0.0,0,0.0,57.5,0,562500.0,54.969713222598976,33.59763849702808,28,56,0,5,56,0,5,-105.0,70.5,-47.5,5.0,1446460,104.14512,nan,1.44646,nan,5,0,1445800,10,0,0,5,660,320,80,340,85,165,5,0,0,5
182,-47.5,57.5,54,27,0,0.0,0.0,0,0.0,57.5,0,562500.0,62.2065544128418,59.1898193359375,27,54,0,2,54,0,2,-105.0,70.5,-47.5,5.0,578584,104.723704,nan,0.578584,nan,2,0,578320,4,0,0,2,264,128,32,136,34,66,2,0,0,2
183,-47.5,57.5,58,29,0,0.0,0.0,0,0.0,57.5,0,562500.0,63.81389617919922,63.81389617919922,29,58,0,1,58,0,1,-105.0,70.5,-47.5,5.0,289292,105.012996,nan,0.289292,nan,1,0,289160,2,0,0,1,132,64,16,68,17,33,1,0,0,1
184,-47.5,57.5,58,29,0,0.0,0.0,0,0.0,57.5,0,562500.0,61.55574417114258,59.21391296386719,29,58,0,2,58,0,2,-105.0,70.5,-47.5,5.0,578584,105.59158,nan,0.578584,nan,2,0,578320,4,0,0,2,264,128,32,136,34,66,2,0,0,2
185,-47.5,57.5,64,32,0,0.0,0.0,0,0.0,57.5,0,562500.0,62.65276336669922,57.56145095825195,32,64,0,2,64,0,2,-105.0,70.5,-47.5,5.0,578584,106.170164,nan,0.578584,nan,2,0,578320,4,0,0,2,264,128,32,136,34,66,2,0,0,2
186,-47.5,57.5,58,29,0,0.0,0.0,0,0.0,57.5,0,562500.0,61.462684631347656,61.462684631347656,29,58,0,1,58,0,1,-105.0,70.5,-47.5,5.0,289292,106.459456,nan,0.289292,nan,1,0,289160,2,0,0,1,132,64,16,68,17,33,1,0,0,1
187,-47.5,57.5,50,25,0,0.0,0.0,0,0.0,57.5,0,562500.0,51.782610133672115,44.45987933425147,25,50,0,3,50,0,3,-105.0,70.5,-47.5,5.0,867876,107.327332,nan,0.867876,nan,3,0,867480,6,0,0,3,396,192,48,204,51,99,3,0,0,3
188,-47.5,57.5,48,24,0,0.0,0.0,0,0.0,57.5,1,562500.0,44.25047406501462,40.67322327126292,24,48,1,2,48,0,3,-105.0,70.5,-47.5,5.0,578584,107.905916,nan,0.578584,nan,2,0,578320,4,0,0,2,264,128,32,136,34,66,2,0,0,2
189,-47.5,57.5,40,20,0,0.0,0.0,0,0.0,57.5,1,562500.0,49.5027792953116,42.26266643474897,20,40,1,3,40,0,4,-105.0,70.5,-47.5,5.0,867876,108.773792,nan,0.867876,nan,3,0,867480,6,0,0,3,396,192,48,204,51,99,3,0,0,3
190,-47.5,57.5,32,16,0,0.0,0.0,0,0.0,57.5,0,562500.0,31.89421923043459,22.44743799366175,16,32,0,2,32,0,2,-105.0,70.5,-47.5,5.0,578584,109.352376,nan,0.578584,nan,2,0,578320,4,0,0,2,264,128,32,136,34,66,2,0,0,2
191,-47.5,57.5,38,19,0,0.0,0.0,0,0.0,57.5,0,562500.0,47.577390064993146,20.519524803768952,19,38,0,3,38,0,3,-105.0,70.5,-47.5,5.0,867876,110.220252,nan,0.867876,nan,3,0,867480,6,0,0,3,396,192,48,204,51,99,3,0,0,3
192,-47.5,57.5,36,18,0,0.0,0.0,0,0.0,57.5,0,562500.0,63.05286121368408,58.94766616821289,18,36,0,2,36,0,2,-105.0,70.5,-47.5,5.0,578584,110.798836,nan,0.578584,nan,2,0,578320,4,0,0,2,264,128,32,136,34,66,2,0,0,2
193,-47.5,57.5,40,20,0,0.0,0.0,0,0.0,57.5,0,0.0,nan,nan,20,40,0,0,40,0,0,-105.0,70.5,-47.5,5.0,0,110.798836,nan,0.0,nan,0,0,0,0,0,0,0,0,0,0,0,0,0,0,0,0,0
194,-47.5,57.5,36,18,0,0.0,0.0,0,0.0,57.5,0,562500.0,49.07746420297207,42.591945693619465,18,36,0,2,36,0,2,-105.0,70.5,-47.5,5.0,578584,111.37742,nan,0.578584,nan,2,0,578320,4,0,0,2,264,128,32,136,34,66,2,0,0,2
195,-47.5,57.5,30,15,0,0.0,0.0,0,0.0,57.5,0,562500.0,48.091975479272385,44.645636947286135,15,30,0,2,30,0,2,-105.0,70.5,-47.5,5.0,578584,111.956004,nan,0.578584,nan,2,0,578320,4,0,0,2,264,128,32,136,34,66,2,0,0,2
196,-47.5,57.5,28,14,0,0.0,0.0,0,0.0,57.5,0,0.0,nan,nan,14,28,0,0,28,0,0,-105.0,70.5,-47.5,5.0,0,111.956004,nan,0.0,nan,0,0,0,0,0,0,0,0,0,0,0,0,0,0,0,0,0
197,-47.5,57.5,28,14,0,0.0,0.0,0,0.0,57.5,0,562500.0,49.8022167467984,41.053117156717995,14,28,0,2,28,0,2,-105.0,70.5,-47.5,5.0,578584,112.534588,nan,0.578584,nan,2,0,578320,4,0,0,2,264,128,32,136,34,66,2,0,0,2
198,-47.5,57.5,24,12,0,0.0,0.0,0,0.0,57.5,0,0.0,nan,nan,12,24,0,0,24,0,0,-105.0,70.5,-47.5,5.0,0,112.534588,nan,0.0,nan,0,0,0,0,0,0,0,0,0,0,0,0,0,0,0,0,0
199,-47.5,57.5,24,12,0,0.0,0.0,0,0.0,57.5,0,562500.0,56.5317886697387,50.077035598283445,12,24,0,4,24,0,4,-105.0,70.5,-47.5,5.0,1157168,113.691756,nan,1.157168,nan,4,0,1156640,8,0,0,4,528,256,64,272,68,132,4,0,0,4
200,-47.5,57.5,28,14,0,0.0,0.0,0,0.0,57.5,0,562500.0,49.08480444891594,34.868771493761926,14,28,0,3,28,0,3,-105.0,70.5,-47.5,5.0,867876,114.559632,nan,0.867876,nan,3,0,867480,6,0,0,3,396,192,48,204,51,99,3,0,0,3
201,-47.5,57.5,26,13,0,0.0,0.0,0,0.0,57.5,0,562500.0,67.40320777893066,67.40320587158203,13,26,0,2,26,0,2,-105.0,70.5,-47.5,5.0,578584,115.138216,nan,0.578584,nan,2,0,578320,4,0,0,2,264,128,32,136,34,66,2,0,0,2
202,-47.5,57.5,26,13,0,0.0,0.0,0,0.0,57.5,0,562500.0,60.75343704223633,60.75343704223633,13,26,0,1,26,0,1,-105.0,70.5,-47.5,5.0,289292,115.427508,nan,0.289292,nan,1,0,289160,2,0,0,1,132,64,16,68,17,33,1,0,0,1
203,-47.5,57.5,34,17,0,0.0,0.0,0,0.0,57.5,0,562500.0,47.03313863429762,38.230171999912386,17,34,0,3,34,0,3,-105.0,70.5,-47.5,5.0,867876,116.295384,nan,0.867876,nan,3,0,867480,6,0,0,3,396,192,48,204,51,99,3,0,0,3
204,-47.5,57.5,32,16,0,0.0,0.0,0,0.0,57.5,0,562500.0,43.862350377939705,43.53382591376858,16,32,0,2,32,0,2,-105.0,70.5,-47.5,5.0,578584,116.873968,nan,0.578584,nan,2,0,578320,4,0,0,2,264,128,32,136,34,66,2,0,0,2
205,-47.5,57.5,40,20,0,0.0,0.0,0,0.0,57.5,1,562500.0,41.1096568056648,28.572565782281202,20,40,1,4,40,0,5,-105.0,70.5,-47.5,5.0,1157168,118.031136,nan,1.157168,nan,4,0,1156640,8,0,0,4,528,256,64,272,68,132,4,0,0,4
206,-47.5,57.5,38,19,0,0.0,0.0,0,0.0,57.5,1,562500.0,46.90164272013129,31.40493100946266,19,38,1,3,38,0,4,-105.0,70.5,-47.5,5.0,867876,118.899012,nan,0.867876,nan,3,0,867480,6,0,0,3,396,192,48,204,51,99,3,0,0,3
207,-47.5,57.5,42,21,0,0.0,0.0,0,0.0,57.5,0,562500.0,67.86577796936035,67.86577606201172,21,42,0,1,42,0,1,-105.0,70.5,-47.5,5.0,289292,119.188304,nan,0.289292,nan,1,0,289160,2,0,0,1,132,64,16,68,17,33,1,0,0,1
208,-47.5,57.5,52,26,0,0.0,0.0,0,0.0,57.5,0,562500.0,60.06494140625,60.06494140625,26,52,0,1,52,0,1,-105.0,70.5,-47.5,5.0,289292,119.477596,nan,0.289292,nan,1,0,289160,2,0,0,1,132,64,16,68,17,33,1,0,0,1
209,-47.5,57.5,54,27,0,0.0,0.0,0,0.0,57.5,0,562500.0,58.940104484558105,57.66952133178711,27,54,0,2,54,0,2,-105.0,70.5,-47.5,5.0,578584,120.05618,nan,0.578584,nan,2,0,578320,4,0,0,2,264,128,32,136,34,66,2,0,0,2
210,-47.5,57.5,60,30,0,0.0,0.0,0,0.0,57.5,0,562500.0,60.2106819152832,60.2106819152832,30,60,0,1,60,0,1,-105.0,70.5,-47.5,5.0,289292,120.345472,nan,0.289292,nan,1,0,289160,2,0,0,1,132,64,16,68,17,33,1,0,0,1
211,-47.5,57.5,56,28,0,0.0,0.0,0,0.0,57.5,0,562500.0,41.89473023787781,35.097862705432306,28,56,0,2,56,0,2,-105.0,70.5,-47.5,5.0,578584,120.924056,nan,0.578584,nan,2,0,578320,4,0,0,2,264,128,32,136,34,66,2,0,0,2
212,-47.5,57.5,54,27,0,0.0,0.0,0,0.0,57.5,0,562500.0,67.4032096862793,67.4032096862793,27,54,0,1,54,0,1,-105.0,70.5,-47.5,5.0,289292,121.213348,nan,0.289292,nan,1,0,289160,2,0,0,1,132,64,16,68,17,33,1,0,0,1
213,-47.5,57.5,60,30,0,0.0,0.0,0,0.0,57.5,0,562500.0,58.715599060058594,58.715599060058594,30,60,0,1,60,0,1,-105.0,70.5,-47.5,5.0,289292,121.50264,nan,0.289292,nan,1,0,289160,2,0,0,1,132,64,16,68,17,33,1,0,0,1
214,-47.5,57.5,66,33,0,0.0,0.0,0,0.0,57.5,0,562500.0,67.52747344970703,67.52747344970703,33,66,0,1,66,0,1,-105.0,70.5,-47.5,5.0,289292,121.791932,nan,0.289292,nan,1,0,289160,2,0,0,1,132,64,16,68,17,33,1,0,0,1
215,-47.5,57.5,64,32,0,0.0,0.0,0,0.0,57.5,0,562500.0,39.977866155421644,38.81944474981598,32,64,0,2,64,0,2,-105.0,70.5,-47.5,5.0,578584,122.370516,nan,0.578584,nan,2,0,578320,4,0,0,2,264,128,32,136,34,66,2,0,0,2
216,-47.5,57.5,66,33,0,0.0,0.0,0,0.0,57.5,0,562500.0,67.67025375366211,67.67025375366211,33,66,0,1,66,0,1,-105.0,70.5,-47.5,5.0,289292,122.659808,nan,0.289292,nan,1,0,289160,2,0,0,1,132,64,16,68,17,33,1,0,0,1
217,-47.5,57.5,70,35,0,0.0,0.0,0,0.0,57.5,1,562500.0,67.52747344970703,67.52747344970703,35,70,1,1,70,0,2,-105.0,70.5,-47.5,5.0,289292,122.9491,nan,0.289292,nan,1,0,289160,2,0,0,1,132,64,16,68,17,33,1,0,0,1
218,-47.5,57.5,72,36,0,0.0,0.0,0,0.0,57.5,2,562500.0,47.539407551290665,18.777776172663657,36,72,2,4,72,0,6,-105.0,70.5,-47.5,5.0,1157168,124.106268,nan,1.157168,nan,4,0,1156640,8,0,0,4,528,256,64,272,68,132,4,0,0,4
219,-47.5,57.5,80,40,0,0.0,0.0,0,0.0,57.5,0,562500.0,49.739866677431884,42.32301936832134,40,80,0,3,80,0,3,-105.0,70.5,-47.5,5.0,867876,124.974144,nan,0.867876,nan,3,0,867480,6,0,0,3,396,192,48,204,51,99,3,0,0,3
220,-47.5,57.5,80,40,0,0.0,0.0,0,0.0,57.5,1,562500.0,55.09518347737035,46.13857038341011,40,80,1,5,80,0,6,-105.0,70.5,-47.5,5.0,1446460,126.420604,nan,1.44646,nan,5,0,1445800,10,0,0,5,660,320,80,340,85,165,5,0,0,5
221,-47.5,57.5,80,40,0,0.0,0.0,0,0.0,57.5,0,562500.0,59.57046127319336,57.90052795410156,40,80,0,2,80,0,2,-105.0,70.5,-47.5,5.0,578584,126.999188,nan,0.578584,nan,2,0,578320,4,0,0,2,264,128,32,136,34,66,2,0,0,2
222,-47.5,57.5,78,39,0,0.0,0.0,0,0.0,57.5,0,562500.0,48.98964994608326,40.19914415248246,39,78,0,3,78,0,3,-105.0,70.5,-47.5,5.0,867876,127.867064,nan,0.867876,nan,3,0,867480,6,0,0,3,396,192,48,204,51,99,3,0,0,3
223,-47.5,57.5,74,37,0,0.0,0.0,0,0.0,57.5,0,562500.0,60.21068572998047,60.21068572998047,37,74,0,1,74,0,1,-105.0,70.5,-47.5,5.0,289292,128.156356,nan,0.289292,nan,1,0,289160,2,0,0,1,132,64,16,68,17,33,1,0,0,1
224,-47.5,57.5,74,37,0,0.0,0.0,0,0.0,57.5,0,562500.0,58.79372024536133,58.79370880126953,37,74,0,1,74,0,1,-105.0,70.5,-47.5,5.0,289292,128.445648,nan,0.289292,nan,1,0,289160,2,0,0,1,132,64,16,68,17,33,1,0,0,1
225,-47.5,57.5,72,36,0,0.0,0.0,0,0.0,57.5,0,562500.0,62.162164052327476,58.61083984375,36,72,0,3,72,0,3,-105.0,70.5,-47.5,5.0,867876,129.313524,nan,0.867876,nan,3,0,867480,6,0,0,3,396,192,48,204,51,99,3,0,0,3
226,-47.5,57.5,82,41,0,0.0,0.0,0,0.0,57.5,1,562500.0,64.26417541503906,61.796077728271484,41,82,1,2,82,0,3,-105.0,70.5,-47.5,5.0,578584,129.892108,nan,0.578584,nan,2,0,578320,4,0,0,2,264,128,32,136,34,66,2,0,0,2
227,-47.5,57.5,82,41,0,0.0,0.0,0,0.0,57.5,0,562500.0,49.715302589183096,40.10857104864549,41,82,0,3,82,0,3,-105.0,70.5,-47.5,5.0,867876,130.759984,nan,0.867876,nan,3,0,867480,6,0,0,3,396,192,48,204,51,99,3,0,0,3
228,-47.5,57.5,84,42,0,0.0,0.0,0,0.0,57.5,0,562500.0,65.01884078979492,62.80647277832031,42,84,0,3,84,0,3,-105.0,70.5,-47.5,5.0,867876,131.62786,nan,0.867876,nan,3,0,867480,6,0,0,3,396,192,48,204,51,99,3,0,0,3
229,-47.5,57.5,80,40,0,0.0,0.0,0,0.0,57.5,0,562500.0,68.56874084472656,68.56874084472656,40,80,0,1,80,0,1,-105.0,70.5,-47.5,5.0,289292,131.917152,nan,0.289292,nan,1,0,289160,2,0,0,1,132,64,16,68,17,33,1,0,0,1
230,-47.5,57.5,78,39,0,0.0,0.0,0,0.0,57.5,1,562500.0,67.33111572265625,67.33111572265625,39,78,1,1,78,0,2,-105.0,70.5,-47.5,5.0,289292,132.206444,nan,0.289292,nan,1,0,289160,2,0,0,1,132,64,16,68,17,33,1,0,0,1
231,-47.5,57.5,90,45,0,0.0,0.0,0,0.0,57.5,0,562500.0,59.28222942352295,58.01162338256836,45,90,0,2,90,0,2,-105.0,70.5,-47.5,5.0,578584,132.785028,nan,0.578584,nan,2,0,578320,4,0,0,2,264,128,32,136,34,66,2,0,0,2
232,-47.5,57.5,82,41,0,0.0,0.0,0,0.0,57.5,0,562500.0,60.465261459350586,59.795230865478516,41,82,0,2,82,0,2,-105.0,70.5,-47.5,5.0,578584,133.363612,nan,0.578584,nan,2,0,578320,4,0,0,2,264,128,32,136,34,66,2,0,0,2
233,-47.5,57.5,70,35,0,0.0,0.0,0,0.0,57.5,1,562500.0,58.33423042297363,57.7258415222168,35,70,1,2,70,0,3,-105.0,70.5,-47.5,5.0,578584,133.942196,nan,0.578584,nan,2,0,578320,4,0,0,2,264,128,32,136,34,66,2,0,0,2
234,-47.5,57.5,68,34,0,0.0,0.0,0,0.0,57.5,0,562500.0,58.56636619567871,58.25062942504883,34,68,0,2,68,0,2,-105.0,70.5,-47.5,5.0,578584,134.52078,nan,0.578584,nan,2,0,578320,4,0,0,2,264,128,32,136,34,66,2,0,0,2
235,-47.5,57.5,66,33,0,0.0,0.0,0,0.0,57.5,0,562500.0,59.696303367614746,58.59077835083008,33,66,0,2,66,0,2,-105.0,70.5,-47.5,5.0,578584,135.099364,nan,0.578584,nan,2,0,578320,4,0,0,2,264,128,32,136,34,66,2,0,0,2
236,-47.5,57.5,56,28,0,0.0,0.0,0,0.0,57.5,0,562500.0,73.16354942321777,73.16354942321777,28,56,0,1,56,0,1,-105.0,70.5,-47.5,5.0,289292,135.388656,nan,0.289292,nan,1,0,289160,2,0,0,1,132,64,16,68,17,33,1,0,0,1
237,-47.5,57.5,58,29,0,0.0,0.0,0,0.0,57.5,0,562500.0,42.53954271884884,36.91638914435134,29,58,0,2,58,0,2,-105.0,70.5,-47.5,5.0,578584,135.96724,nan,0.578584,nan,2,0,578320,4,0,0,2,264,128,32,136,34,66,2,0,0,2
238,-47.5,57.5,52,26,0,0.0,0.0,0,0.0,57.5,0,562500.0,64.75687408447266,64.56758117675781,26,52,0,2,52,0,2,-105.0,70.5,-47.5,5.0,578584,136.545824,nan,0.578584,nan,2,0,578320,4,0,0,2,264,128,32,136,34,66,2,0,0,2
239,-47.5,57.5,52,26,0,0.0,0.0,0,0.0,57.5,0,0.0,nan,nan,26,52,0,0,52,0,0,-105.0,70.5,-47.5,5.0,0,136.545824,nan,0.0,nan,0,0,0,0,0,0,0,0,0,0,0,0,0,0,0,0,0
240,-47.5,57.5,42,21,0,0.0,0.0,0,0.0,57.5,0,562500.0,60.466487407684326,58.329559326171875,21,42,0,4,42,0,4,-105.0,70.5,-47.5,5.0,1157168,137.702992,nan,1.157168,nan,4,0,1156640,8,0,0,4,528,256,64,272,68,132,4,0,0,4
241,-47.5,57.5,36,18,0,0.0,0.0,0,0.0,57.5,1,562500.0,40.19654749375157,36.61716391884489,18,36,1,2,36,0,3,-105.0,70.5,-47.5,5.0,578584,138.281576,nan,0.578584,nan,2,0,578320,4,0,0,2,264,128,32,136,34,66,2,0,0,2
242,-47.5,57.5,36,18,0,0.0,0.0,0,0.0,57.5,0,562500.0,28.48269258327954,18.75174981934969,18,36,0,2,36,0,2,-105.0,70.5,-47.5,5.0,578584,138.86016,nan,0.578584,nan,2,0,578320,4,0,0,2,264,128,32,136,34,66,2,0,0,2
243,-47.5,57.5,32,16,0,0.0,0.0,0,0.0,57.5,1,562500.0,59.08868598937988,59.088680267333984,16,32,1,1,32,0,2,-105.0,70.5,-47.5,5.0,289292,139.149452,nan,0.289292,nan,1,0,289160,2,0,0,1,132,64,16,68,17,33,1,0,0,1
244,-47.5,57.5,26,13,0,0.0,0.0,0,0.0,57.5,0,562500.0,62.585500717163086,60.2106819152832,13,26,0,3,26,0,3,-105.0,70.5,-47.5,5.0,867876,140.017328,nan,0.867876,nan,3,0,867480,6,0,0,3,396,192,48,204,51,99,3,0,0,3
245,-47.5,57.5,30,15,0,0.0,0.0,0,0.0,57.5,0,562500.0,57.976844787597656,57.976844787597656,15,30,0,1,30,0,1,-105.0,70.5,-47.5,5.0,289292,140.30662,nan,0.289292,nan,1,0,289160,2,0,0,1,132,64,16,68,17,33,1,0,0,1
246,-47.5,57.5,28,14,0,0.0,0.0,0,0.0,57.5,0,562500.0,60.2106819152832,60.2106819152832,14,28,0,1,28,0,1,-105.0,70.5,-47.5,5.0,289292,140.595912,nan,0.289292,nan,1,0,289160,2,0,0,1,132,64,16,68,17,33,1,0,0,1
247,-47.5,57.5,30,15,0,0.0,0.0,0,0.0,57.5,1,562500.0,42.215790447512305,38.2712632652093,15,30,1,2,30,0,3,-105.0,70.5,-47.5,5.0,578584,141.174496,nan,0.578584,nan,2,0,578320,4,0,0,2,264,128,32,136,34,66,2,0,0,2
248,-47.5,57.5,32,16,0,0.0,0.0,0,0.0,57.5,1,562500.0,47.43166788831215,38.69163646745503,16,32,1,3,32,0,4,-105.0,70.5,-47.5,5.0,867876,142.042372,nan,0.867876,nan,3,0,867480,6,0,0,3,396,192,48,204,51,99,3,0,0,3
249,-47.5,57.5,32,16,0,0.0,0.0,0,0.0,57.5,2,562500.0,45.334607914107565,28.012077674012428,16,32,2,4,32,0,6,-105.0,70.5,-47.5,5.0,1157168,143.19954,nan,1.157168,nan,4,0,1156640,8,0,0,4,528,256,64,272,68,132,4,0,0,4
250,-47.5,57.5,26,13,0,0.0,0.0,0,0.0,57.5,1,562500.0,43.038628194203014,37.450162896313145,13,26,1,2,26,0,3,-105.0,70.5,-47.5,5.0,578584,143.778124,nan,0.578584,nan,2,0,578320,4,0,0,2,264,128,32,136,34,66,2,0,0,2
251,-47.5,57.5,26,13,0,0.0,0.0,0,0.0,57.5,0,562500.0,60.28434944152832,60.28434753417969,13,26,0,1,26,0,1,-105.0,70.5,-47.5,5.0,289292,144.067416,nan,0.289292,nan,1,0,289160,2,0,0,1,132,64,16,68,17,33,1,0,0,1
252,-47.5,57.5,34,17,0,0.0,0.0,0,0.0,57.5,0,562500.0,58.881829261779785,57.703983306884766,17,34,0,2,34,0,2,-105.0,70.5,-47.5,5.0,578584,144.646,nan,0.578584,nan,2,0,578320,4,0,0,2,264,128,32,136,34,66,2,0,0,2
253,-47.5,57.5,28,14,0,0.0,0.0,0,0.0,57.5,0,0.0,nan,nan,14,28,0,0,28,0,0,-105.0,70.5,-47.5,5.0,0,144.646,nan,0.0,nan,0,0,0,0,0,0,0,0,0,0,0,0,0,0,0,0,0
254,-47.5,57.5,28,14,0,0.0,0.0,0,0.0,57.5,0,562500.0,64.76705551147461,64.76705551147461,14,28,0,1,28,0,1,-105.0,70.5,-47.5,5.0,289292,144.935292,nan,0.289292,nan,1,0,289160,2,0,0,1,132,64,16,68,17,33,1,0,0,1
255,-47.5,57.5,34,17,0,0.0,0.0,0,0.0,57.5,0,562500.0,60.82828712463379,60.2106819152832,17,34,0,2,34,0,2,-105.0,70.5,-47.5,5.0,578584,145.513876,nan,0.578584,nan,2,0,578320,4,0,0,2,264,128,32,136,34,66,2,0,0,2
256,-47.5,57.5,42,21,0,0.0,0.0,0,0.0,57.5,0,562500.0,50.28331550307284,41.46960343797989,21,42,0,2,42,0,2,-105.0,70.5,-47.5,5.0,578584,146.09246,nan,0.578584,nan,2,0,578320,4,0,0,2,264,128,32,136,34,66,2,0,0,2
257,-47.5,57.5,44,22,0,0.0,0.0,0,0.0,57.5,0,562500.0,58.445640563964844,58.445640563964844,22,44,0,1,44,0,1,-105.0,70.5,-47.5,5.0,289292,146.381752,nan,0.289292,nan,1,0,289160,2,0,0,1,132,64,16,68,17,33,1,0,0,1
258,-47.5,57.5,56,28,0,0.0,0.0,0,0.0,57.5,1,562500.0,60.82399368286133,60.82399368286133,28,56,1,1,56,0,2,-105.0,70.5,-47.5,5.0,289292,146.671044,nan,0.289292,nan,1,0,289160,2,0,0,1,132,64,16,68,17,33,1,0,0,1
259,-47.5,57.5,56,28,0,0.0,0.0,0,0.0,57.5,0,562500.0,51.87403176487253,36.82337280231998,28,56,0,4,56,0,4,-105.0,70.5,-47.5,5.0,1157168,147.828212,nan,1.157168,nan,4,0,1156640,8,0,0,4,528,256,64,272,68,132,4,0,0,4
260,-47.5,57.5,54,27,0,0.0,0.0,0,0.0,57.5,1,562500.0,44.089490855330304,30.30580968858095,27,54,1,3,54,0,4,-105.0,70.5,-47.5,5.0,867876,148.696088,nan,0.867876,nan,3,0,867480,6,0,0,3,396,192,48,204,51,99,3,0,0,3
261,-47.5,57.5,56,28,0,0.0,0.0,0,0.0,57.5,0,562500.0,37.217724302751535,17.998526127858465,28,56,0,4,56,0,4,-105.0,70.5,-47.5,5.0,1157168,149.853256,nan,1.157168,nan,4,0,1156640,8,0,0,4,528,256,64,272,68,132,4,0,0,4
262,-47.5,57.5,52,26,0,0.0,0.0,0,0.0,57.5,0,562500.0,40.54508147430705,25.161393780913844,26,52,0,3,52,0,3,-105.0,70.5,-47.5,5.0,867876,150.721132,nan,0.867876,nan,3,0,867480,6,0,0,3,396,192,48,204,51,99,3,0,0,3
263,-47.5,57.5,48,24,0,0.0,0.0,0,0.0,57.5,1,562500.0,41.84891659228245,34.986251251778356,24,48,1,2,48,0,3,-105.0,70.5,-47.5,5.0,578584,151.299716,nan,0.578584,nan,2,0,578320,4,0,0,2,264,128,32,136,34,66,2,0,0,2
264,-47.5,57.5,54,27,0,0.0,0.0,0,0.0,57.5,1,562500.0,61.21836471557617,58.62932205200195,27,54,1,2,54,0,3,-105.0,70.5,-47.5,5.0,578584,151.8783,nan,0.578584,nan,2,0,578320,4,0,0,2,264,128,32,136,34,66,2,0,0,2
265,-47.5,57.5,54,27,0,0.0,0.0,0,0.0,57.5,0,562500.0,63.45107936859131,59.482177734375,27,54,0,2,54,0,2,-105.0,70.5,-47.5,5.0,578584,152.456884,nan,0.578584,nan,2,0,578320,4,0,0,2,264,128,32,136,34,66,2,0,0,2
266,-47.5,57.5,56,28,0,0.0,0.0,0,0.0,57.5,0,562500.0,67.52546310424805,67.52546310424805,28,56,0,1,56,0,1,-105.0,70.5,-47.5,5.0,289292,152.746176,nan,0.289292,nan,1,0,289160,2,0,0,1,132,64,16,68,17,33,1,0,0,1
267,-47.5,57.5,54,27,0,0.0,0.0,0,0.0,57.5,0,0.0,nan,nan,27,54,0,0,54,0,0,-105.0,70.5,-47.5,5.0,0,152.746176,nan,0.0,nan,0,0,0,0,0,0,0,0,0,0,0,0,0,0,0,0,0
268,-47.5,57.5,54,27,0,0.0,0.0,0,0.0,57.5,0,562500.0,40.63976716933601,34.735612047230624,27,54,0,4,54,0,4,-105.0,70.5,-47.5,5.0,1157168,153.903344,nan,1.157168,nan,4,0,1156640,8,0,0,4,528,256,64,272,68,132,4,0,0,4
269,-47.5,57.5,50,25,0,0.0,0.0,0,0.0,57.5,0,562500.0,67.56755065917969,67.50382995605469,25,50,0,2,50,0,2,-105.0,70.5,-47.5,5.0,578584,154.481928,nan,0.578584,nan,2,0,578320,4,0,0,2,264,128,32,136,34,66,2,0,0,2
270,-47.5,57.5,48,24,0,0.0,0.0,0,0.0,57.5,0,562500.0,60.2106819152832,60.2106819152832,24,48,0,1,48,0,1,-105.0,70.5,-47.5,5.0,289292,154.77122,nan,0.289292,nan,1,0,289160,2,0,0,1,132,64,16,68,17,33,1,0,0,1
271,-47.5,57.5,58,29,0,0.0,0.0,0,0.0,57.5,0,0.0,nan,nan,29,58,0,0,58,0,0,-105.0,70.5,-47.5,5.0,0,154.77122,nan,0.0,nan,0,0,0,0,0,0,0,0,0,0,0,0,0,0,0,0,0
272,-47.5,57.5,56,28,0,0.0,0.0,0,0.0,57.5,1,562500.0,36.663318992124424,31.534851991796447,28,56,1,2,56,0,3,-105.0,70.5,-47.5,5.0,578584,155.349804,nan,0.578584,nan,2,0,578320,4,0,0,2,264,128,32,136,34,66,2,0,0,2
273,-47.5,57.5,60,30,0,0.0,0.0,0,0.0,57.5,0,562500.0,39.77914580299162,34.17972564408194,30,60,0,2,60,0,2,-105.0,70.5,-47.5,5.0,578584,155.928388,nan,0.578584,nan,2,0,578320,4,0,0,2,264,128,32,136,34,66,2,0,0,2
274,-47.5,57.5,58,29,0,0.0,0.0,0,0.0,57.5,1,562500.0,50.233028025322334,27.720609416489527,29,58,1,5,58,0,6,-105.0,70.5,-47.5,5.0,1446460,157.374848,nan,1.44646,nan,5,0,1445800,10,0,0,5,660,320,80,340,85,165,5,0,0,5
275,-47.5,57.5,56,28,0,0.0,0.0,0,0.0,57.5,0,562500.0,62.18682098388672,61.176273345947266,28,56,0,3,56,0,3,-105.0,70.5,-47.5,5.0,867876,158.242724,nan,0.867876,nan,3,0,867480,6,0,0,3,396,192,48,204,51,99,3,0,0,3
276,-47.5,57.5,44,22,0,0.0,0.0,0,0.0,57.5,0,562500.0,42.42236167671625,40.74037719603303,22,44,0,2,44,0,2,-105.0,70.5,-47.5,5.0,578584,158.821308,nan,0.578584,nan,2,0,578320,4,0,0,2,264,128,32,136,34,66,2,0,0,2
277,-47.5,57.5,38,19,0,0.0,0.0,0,0.0,57.5,0,562500.0,49.47001087573152,39.94810314043828,19,38,0,2,38,0,2,-105.0,70.5,-47.5,5.0,578584,159.399892,nan,0.578584,nan,2,0,578320,4,0,0,2,264,128,32,136,34,66,2,0,0,2
278,-47.5,57.5,30,15,0,0.0,0.0,0,0.0,57.5,0,562500.0,36.79446491854164,21.325026819299396,15,30,0,3,30,0,3,-105.0,70.5,-47.5,5.0,867876,160.267768,nan,0.867876,nan,3,0,867480,6,0,0,3,396,192,48,204,51,99,3,0,0,3
279,-47.5,57.5,32,16,0,0.0,0.0,0,0.0,57.5,0,562500.0,64.77877140045166,57.83403015136719,16,32,0,2,32,0,2,-105.0,70.5,-47.5,5.0,578584,160.846352,nan,0.578584,nan,2,0,578320,4,0,0,2,264,128,32,136,34,66,2,0,0,2
280,-47.5,57.5,24,12,0,0.0,0.0,0,0.0,57.5,0,562500.0,63.857261657714844,63.857261657714844,12,24,0,1,24,0,1,-105.0,70.5,-47.5,5.0,289292,161.135644,nan,0.289292,nan,1,0,289160,2,0,0,1,132,64,16,68,17,33,1,0,0,1
281,-47.5,57.5,30,15,0,0.0,0.0,0,0.0,57.5,0,562500.0,35.31474314311923,32.885446619694655,15,30,0,2,30,0,2,-105.0,70.5,-47.5,5.0,578584,161.714228,nan,0.578584,nan,2,0,578320,4,0,0,2,264,128,32,136,34,66,2,0,0,2
282,-47.5,57.5,30,15,0,0.0,0.0,0,0.0,57.5,0,562500.0,41.957472967762186,30.225766001921855,15,30,0,3,30,0,3,-105.0,70.5,-47.5,5.0,867876,162.582104,nan,0.867876,nan,3,0,867480,6,0,0,3,396,192,48,204,51,99,3,0,0,3
283,-47.5,57.5,26,13,0,0.0,0.0,0,0.0,57.5,0,562500.0,61.75879764556885,57.98297119140625,13,26,0,2,26,0,2,-105.0,70.5,-47.5,5.0,578584,163.160688,nan,0.578584,nan,2,0,578320,4,0,0,2,264,128,32,136,34,66,2,0,0,2
284,-47.5,57.5,24,12,0,0.0,0.0,0,0.0,57.5,0,562500.0,59.35015569286004,57.93480954723016,12,24,0,2,24,0,2,-105.0,70.5,-47.5,5.0,578584,163.739272,nan,0.578584,nan,2,0,578320,4,0,0,2,264,128,32,136,34,66,2,0,0,2
285,-47.5,57.5,14,7,0,0.0,0.0,0,0.0,57.5,0,562500.0,63.02372169494629,58.64423370361328,7,14,0,2,14,0,2,-105.0,70.5,-47.5,5.0,578584,164.317856,nan,0.578584,nan,2,0,578320,4,0,0,2,264,128,32,136,34,66,2,0,0,2
286,-47.5,57.5,14,7,0,0.0,0.0,0,0.0,57.5,0,562500.0,68.89937210083008,68.89937210083008,7,14,0,1,14,0,1,-105.0,70.5,-47.5,5.0,289292,164.607148,nan,0.289292,nan,1,0,289160,2,0,0,1,132,64,16,68,17,33,1,0,0,1
287,-47.5,57.5,14,7,0,0.0,0.0,0,0.0,57.5,0,562500.0,57.729116439819336,57.7291145324707,7,14,0,1,14,0,1,-105.0,70.5,-47.5,5.0,289292,164.89644,nan,0.289292,nan,1,0,289160,2,0,0,1,132,64,16,68,17,33,1,0,0,1
288,-47.5,57.5,16,8,0,0.0,0.0,0,0.0,57.5,0,0.0,nan,nan,8,16,0,0,16,0,0,-105.0,70.5,-47.5,5.0,0,164.89644,nan,0.0,nan,0,0,0,0,0,0,0,0,0,0,0,0,0,0,0,0,0
289,-47.5,57.5,16,8,0,0.0,0.0,0,0.0,57.5,0,562500.0,71.22472381591797,71.22472381591797,8,16,0,1,16,0,1,-105.0,70.5,-47.5,5.0,289292,165.185732,nan,0.289292,nan,1,0,289160,2,0,0,1,132,64,16,68,17,33,1,0,0,1
290,-47.5,57.5,16,8,0,0.0,0.0,0,0.0,57.5,0,562500.0,59.98427200317383,59.9842643737793,8,16,0,1,16,0,1,-105.0,70.5,-47.5,5.0,289292,165.475024,nan,0.289292,nan,1,0,289160,2,0,0,1,132,64,16,68,17,33,1,0,0,1
291,-47.5,57.5,16,8,0,0.0,0.0,0,0.0,57.5,1,562500.0,48.25995403126899,32.53570334367077,8,16,1,3,16,0,4,-105.0,70.5,-47.5,5.0,867876,166.3429,nan,0.867876,nan,3,0,867480,6,0,0,3,396,192,48,204,51,99,3,0,0,3
292,-47.5,57.5,22,11,0,0.0,0.0,0,0.0,57.5,0,562500.0,62.24717712402344,60.2106819152832,11,22,0,2,22,0,2,-105.0,70.5,-47.5,5.0,578584,166.921484,nan,0.578584,nan,2,0,578320,4,0,0,2,264,128,32,136,34,66,2,0,0,2
293,-47.5,57.5,28,14,0,0.0,0.0,0,0.0,57.5,1,562500.0,61.50307273864746,61.0648307800293,14,28,1,2,28,0,3,-105.0,70.5,-47.5,5.0,578584,167.500068,nan,0.578584,nan,2,0,578320,4,0,0,2,264,128,32,136,34,66,2,0,0,2
294,-47.5,57.5,34,17,0,0.0,0.0,0,0.0,57.5,0,562500.0,58.96089553833008,58.96089172363281,17,34,0,1,34,0,1,-105.0,70.5,-47.5,5.0,289292,167.78936,nan,0.289292,nan,1,0,289160,2,0,0,1,132,64,16,68,17,33,1,0,0,1
295,-47.5,57.5,40,20,0,0.0,0.0,0,0.0,57.5,0,562500.0,64.14629554748535,62.79275894165039,20,40,0,2,40,0,2,-105.0,70.5,-47.5,5.0,578584,168.367944,nan,0.578584,nan,2,0,578320,4,0,0,2,264,128,32,136,34,66,2,0,0,2
296,-47.5,57.5,40,20,0,0.0,0.0,0,0.0,57.5,0,562500.0,59.19206619262695,59.19206619262695,20,40,0,1,40,0,1,-105.0,70.5,-47.5,5.0,289292,168.657236,nan,0.289292,nan,1,0,289160,2,0,0,1,132,64,16,68,17,33,1,0,0,1
297,-47.5,57.5,38,19,0,0.0,0.0,0,0.0,57.5,1,562500.0,67.40320587158203,67.40320587158203,19,38,1,1,38,0,2,-105.0,70.5,-47.5,5.0,289292,168.946528,nan,0.289292,nan,1,0,289160,2,0,0,1,132,64,16,68,17,33,1,0,0,1
298,-47.5,57.5,40,20,0,0.0,0.0,0,0.0,57.5,1,562500.0,59.31460952758789,59.31460189819336,20,40,1,1,40,0,2,-105.0,70.5,-47.5,5.0,289292,169.23582,nan,0.289292,nan,1,0,289160,2,0,0,1,132,64,16,68,17,33,1,0,0,1
299,-47.5,57.5,36,18,0,0.0,0.0,0,0.0,57.5,0,562500.0,61.12202072143555,59.413787841796875,18,36,0,3,36,0,3,-105.0,70.5,-47.5,5.0,867876,170.103696,nan,0.867876,nan,3,0,867480,6,0,0,3,396,192,48,204,51,99,3,0,0,3
300,-47.5,57.5,44,22,0,0.0,0.0,0,0.0,57.5,0,562500.0,58.3350944519043,57.88142776489258,22,44,0,2,44,0,2,-105.0,70.5,-47.5,5.0,578584,170.68228,nan,0.578584,nan,2,0,578320,4,0,0,2,264,128,32,136,34,66,2,0,0,2
301,-47.5,57.5,46,23,0,0.0,0.0,0,0.0,57.5,1,562500.0,59.04343032836914,58.51698684692383,23,46,1,2,46,0,3,-105.0,70.5,-47.5,5.0,578584,171.260864,nan,0.578584,nan,2,0,578320,4,0,0,2,264,128,32,136,34,66,2,0,0,2
302,-47.5,57.5,50,25,0,0.0,0.0,0,0.0,57.5,2,562500.0,64.63949966430664,61.60475158691406,25,50,2,3,50,0,5,-105.0,70.5,-47.5,5.0,867876,172.12874,nan,0.867876,nan,3,0,867480,6,0,0,3,396,192,48,204,51,99,3,0,0,3
303,-47.5,57.5,60,30,0,0.0,0.0,0,0.0,57.5,1,562500.0,44.7028050891299,36.45394911714352,30,60,1,3,60,0,4,-105.0,70.5,-47.5,5.0,867876,172.996616,nan,0.867876,nan,3,0,867480,6,0,0,3,396,192,48,204,51,99,3,0,0,3
304,-47.5,57.5,60,30,0,0.0,0.0,0,0.0,57.5,2,562500.0,50.59847518211819,41.024599253294156,30,60,2,3,60,0,5,-105.0,70.5,-47.5,5.0,867876,173.864492,nan,0.867876,nan,3,0,867480,6,0,0,3,396,192,48,204,51,99,3,0,0,3
305,-47.5,57.5,70,35,0,0.0,0.0,0,0.0,57.5,1,562500.0,67.52299499511719,67.52299499511719,35,70,1,1,70,0,2,-105.0,70.5,-47.5,5.0,289292,174.153784,nan,0.289292,nan,1,0,289160,2,0,0,1,132,64,16,68,17,33,1,0,0,1
306,-47.5,57.5,70,35,0,0.0,0.0,0,0.0,57.5,0,562500.0,41.88362284989319,20.173625323455585,35,70,0,3,70,0,3,-105.0,70.5,-47.5,5.0,867876,175.02166,nan,0.867876,nan,3,0,867480,6,0,0,3,396,192,48,204,51,99,3,0,0,3
307,-47.5,57.5,68,34,0,0.0,0.0,0,0.0,57.5,0,562500.0,64.97561645507812,62.188316345214844,34,68,0,2,68,0,2,-105.0,70.5,-47.5,5.0,578584,175.600244,nan,0.578584,nan,2,0,578320,4,0,0,2,264,128,32,136,34,66,2,0,0,2
308,-47.5,57.5,62,31,0,0.0,0.0,0,0.0,57.5,1,562500.0,60.15330378214518,58.74444580078125,31,62,1,3,62,0,4,-105.0,70.5,-47.5,5.0,867876,176.46812,nan,0.867876,nan,3,0,867480,6,0,0,3,396,192,48,204,51,99,3,0,0,3
309,-47.5,57.5,62,31,0,0.0,0.0,0,0.0,57.5,0,562500.0,61.40374183654785,61.36519241333008,31,62,0,2,62,0,2,-105.0,70.5,-47.5,5.0,578584,177.046704,nan,0.578584,nan,2,0,578320,4,0,0,2,264,128,32,136,34,66,2,0,0,2
310,-47.5,57.5,58,29,0,0.0,0.0,0,0.0,57.5,0,562500.0,58.78311634063721,58.51698684692383,29,58,0,2,58,0,2,-105.0,70.5,-47.5,5.0,578584,177.625288,nan,0.578584,nan,2,0,578320,4,0,0,2,264,128,32,136,34,66,2,0,0,2
311,-47.5,57.5,52,26,0,0.0,0.0,0,0.0,57.5,0,562500.0,61.83785629272461,57.89973449707031,26,52,0,3,52,0,3,-105.0,70.5,-47.5,5.0,867876,178.493164,nan,0.867876,nan,3,0,867480,6,0,0,3,396,192,48,204,51,99,3,0,0,3
312,-47.5,57.5,54,27,0,0.0,0.0,0,0.0,57.5,0,562500.0,64.68357276916504,61.60422897338867,27,54,0,2,54,0,2,-105.0,70.5,-47.5,5.0,578584,179.071748,nan,0.578584,nan,2,0,578320,4,0,0,2,264,128,32,136,34,66,2,0,0,2
313,-47.5,57.5,54,27,0,0.0,0.0,0,0.0,57.5,1,562500.0,25.474707481315072,23.677989073186268,27,54,1,2,54,0,3,-105.0,70.5,-47.5,5.0,578584,179.650332,nan,0.578584,nan,2,0,578320,4,0,0,2,264,128,32,136,34,66,2,0,0,2
314,-47.5,57.5,52,26,0,0.0,0.0,0,0.0,57.5,0,562500.0,37.569142497023165,20.57397567183157,26,52,0,3,52,0,3,-105.0,70.5,-47.5,5.0,867876,180.518208,nan,0.867876,nan,3,0,867480,6,0,0,3,396,192,48,204,51,99,3,0,0,3
315,-47.5,57.5,54,27,0,0.0,0.0,0,0.0,57.5,0,562500.0,61.645362854003906,61.645362854003906,27,54,0,1,54,0,1,-105.0,70.5,-47.5,5.0,289292,180.8075,nan,0.289292,nan,1,0,289160,2,0,0,1,132,64,16,68,17,33,1,0,0,1
316,-47.5,57.5,54,27,0,0.0,0.0,0,0.0,57.5,0,562500.0,52.396361458018795,46.993642696888685,27,54,0,3,54,0,3,-105.0,70.5,-47.5,5.0,867876,181.675376,nan,0.867876,nan,3,0,867480,6,0,0,3,396,192,48,204,51,99,3,0,0,3
317,-47.5,57.5,60,30,0,0.0,0.0,0,0.0,57.5,0,562500.0,32.79728903952967,24.564822541340327,30,60,0,2,60,0,2,-105.0,70.5,-47.5,5.0,578584,182.25396,nan,0.578584,nan,2,0,578320,4,0,0,2,264,128,32,136,34,66,2,0,0,2
318,-47.5,57.5,64,32,0,0.0,0.0,0,0.0,57.5,0,562500.0,56.294773974735975,42.03358839446822,32,64,0,2,64,0,2,-105.0,70.5,-47.5,5.0,578584,182.832544,nan,0.578584,nan,2,0,578320,4,0,0,2,264,128,32,136,34,66,2,0,0,2
319,-47.5,57.5,62,31,0,0.0,0.0,0,0.0,57.5,0,562500.0,67.19801712036133,67.19801712036133,31,62,0,1,62,0,1,-105.0,70.5,-47.5,5.0,289292,183.121836,nan,0.289292,nan,1,0,289160,2,0,0,1,132,64,16,68,17,33,1,0,0,1
320,-47.5,57.5,70,35,0,0.0,0.0,0,0.0,57.5,0,562500.0,44.06159054530432,32.03495907709567,35,70,0,3,70,0,3,-105.0,70.5,-47.5,5.0,867876,183.989712,nan,0.867876,nan,3,0,867480,6,0,0,3,396,192,48,204,51,99,3,0,0,3
321,-47.5,57.5,66,33,0,0.0,0.0,0,0.0,57.5,1,562500.0,48.22341592271365,37.63838222207125,33,66,1,3,66,0,4,-105.0,70.5,-47.5,5.0,867876,184.857588,nan,0.867876,nan,3,0,867480,6,0,0,3,396,192,48,204,51,99,3,0,0,3
322,-47.5,57.5,54,27,0,0.0,0.0,0,0.0,57.5,1,562500.0,37.75812103941359,22.402465837914608,27,54,1,3,54,0,4,-105.0,70.5,-47.5,5.0,867876,185.725464,nan,0.867876,nan,3,0,867480,6,0,0,3,396,192,48,204,51,99,3,0,0,3
323,-47.5,57.5,52,26,0,0.0,0.0,0,0.0,57.5,1,562500.0,60.264814376831055,59.395259857177734,26,52,1,2,52,0,3,-105.0,70.5,-47.5,5.0,578584,186.304048,nan,0.578584,nan,2,0,578320,4,0,0,2,264,128,32,136,34,66,2,0,0,2
324,-47.5,57.5,40,20,0,0.0,0.0,0,0.0,57.5,0,562500.0,39.15046026585994,28.104670030453427,20,40,0,2,40,0,2,-105.0,70.5,-47.5,5.0,578584,186.882632,nan,0.578584,nan,2,0,578320,4,0,0,2,264,128,32,136,34,66,2,0,0,2
325,-47.5,57.5,44,22,0,0.0,0.0,0,0.0,57.5,0,562500.0,57.81515121459961,57.6016845703125,22,44,0,2,44,0,2,-105.0,70.5,-47.5,5.0,578584,187.461216,nan,0.578584,nan,2,0,578320,4,0,0,2,264,128,32,136,34,66,2,0,0,2
326,-47.5,57.5,36,18,0,0.0,0.0,0,0.0,57.5,0,562500.0,61.125526428222656,61.125526428222656,18,36,0,1,36,0,1,-105.0,70.5,-47.5,5.0,289292,187.750508,nan,0.289292,nan,1,0,289160,2,0,0,1,132,64,16,68,17,33,1,0,0,1
327,-47.5,57.5,42,21,0,0.0,0.0,0,0.0,57.5,2,562500.0,38.30850911384222,19.724367945852222,21,42,2,3,42,0,5,-105.0,70.5,-47.5,5.0,867876,188.618384,nan,0.867876,nan,3,0,867480,6,0,0,3,396,192,48,204,51,99,3,0,0,3
328,-47.5,57.5,40,20,0,0.0,0.0,0,0.0,57.5,0,562500.0,33.87622503333087,21.606469130997446,20,40,0,2,40,0,2,-105.0,70.5,-47.5,5.0,578584,189.196968,nan,0.578584,nan,2,0,578320,4,0,0,2,264,128,32,136,34,66,2,0,0,2
329,-47.5,57.5,40,20,0,0.0,0.0,0,0.0,57.5,0,562500.0,58.0389289855957,57.506065368652344,20,40,0,2,40,0,2,-105.0,70.5,-47.5,5.0,578584,189.775552,nan,0.578584,nan,2,0,578320,4,0,0,2,264,128,32,136,34,66,2,0,0,2
330,-47.5,57.5,34,17,0,0.0,0.0,0,0.0,57.5,0,562500.0,46.3998156820521,31.90411467327456,17,34,0,3,34,0,3,-105.0,70.5,-47.5,5.0,867876,190.643428,nan,0.867876,nan,3,0,867480,6,0,0,3,396,192,48,204,51,99,3,0,0,3
331,-47.5,57.5,32,16,0,0.0,0.0,0,0.0,57.5,0,0.0,nan,nan,16,32,0,0,32,0,0,-105.0,70.5,-47.5,5.0,0,190.643428,nan,0.0,nan,0,0,0,0,0,0,0,0,0,0,0,0,0,0,0,0,0
332,-47.5,57.5,36,18,0,0.0,0.0,0,0.0,57.5,0,562500.0,33.20255094631252,31.224871216559155,18,36,0,2,36,0,2,-105.0,70.5,-47.5,5.0,578584,191.222012,nan,0.578584,nan,2,0,578320,4,0,0,2,264,128,32,136,34,66,2,0,0,2
333,-47.5,57.5,28,14,0,0.0,0.0,0,0.0,57.5,0,562500.0,63.365553855895996,58.5313606262207,14,28,0,4,28,0,4,-105.0,70.5,-47.5,5.0,1157168,192.37918,nan,1.157168,nan,4,0,1156640,8,0,0,4,528,256,64,272,68,132,4,0,0,4
334,-47.5,57.5,40,20,0,0.0,0.0,0,0.0,57.5,0,562500.0,43.659662395413854,30.793872577350513,20,40,0,3,40,0,3,-105.0,70.5,-47.5,5.0,867876,193.247056,nan,0.867876,nan,3,0,867480,6,0,0,3,396,192,48,204,51,99,3,0,0,3
335,-47.5,57.5,46,23,0,0.0,0.0,0,0.0,57.5,0,562500.0,58.07398223876953,58.07398223876953,23,46,0,1,46,0,1,-105.0,70.5,-47.5,5.0,289292,193.536348,nan,0.289292,nan,1,0,289160,2,0,0,1,132,64,16,68,17,33,1,0,0,1
336,-47.5,57.5,42,21,0,0.0,0.0,0,0.0,57.5,0,562500.0,67.44876098632812,67.3936996459961,21,42,0,2,42,0,2,-105.0,70.5,-47.5,5.0,578584,194.114932,nan,0.578584,nan,2,0,578320,4,0,0,2,264,128,32,136,34,66,2,0,0,2
337,-47.5,57.5,50,25,0,0.0,0.0,0,0.0,57.5,0,562500.0,46.9463023934683,33.645514895099176,25,50,0,3,50,0,3,-105.0,70.5,-47.5,5.0,867876,194.982808,nan,0.867876,nan,3,0,867480,6,0,0,3,396,192,48,204,51,99,3,0,0,3
338,-47.5,57.5,58,29,0,0.0,0.0,0,0.0,57.5,0,562500.0,63.84736251831055,60.2106819152832,29,58,0,2,58,0,2,-105.0,70.5,-47.5,5.0,578584,195.561392,nan,0.578584,nan,2,0,578320,4,0,0,2,264,128,32,136,34,66,2,0,0,2
339,-47.5,57.5,62,31,0,0.0,0.0,0,0.0,57.5,0,562500.0,42.817633092299175,38.90050437443486,31,62,0,2,62,0,2,-105.0,70.5,-47.5,5.0,578584,196.139976,nan,0.578584,nan,2,0,578320,4,0,0,2,264,128,32,136,34,66,2,0,0,2
340,-47.5,57.5,62,31,0,0.0,0.0,0,0.0,57.5,0,562500.0,67.63127136230469,67.63127136230469,31,62,0,1,62,0,1,-105.0,70.5,-47.5,5.0,289292,196.429268,nan,0.289292,nan,1,0,289160,2,0,0,1,132,64,16,68,17,33,1,0,0,1
341,-47.5,57.5,62,31,0,0.0,0.0,0,0.0,57.5,0,562500.0,64.00375556945801,60.50368118286133,31,62,0,2,62,0,2,-105.0,70.5,-47.5,5.0,578584,197.007852,nan,0.578584,nan,2,0,578320,4,0,0,2,264,128,32,136,34,66,2,0,0,2
342,-47.5,57.5,64,32,0,0.0,0.0,0,0.0,57.5,0,562500.0,49.96521769172435,29.76502263130953,32,64,0,4,64,0,4,-105.0,70.5,-47.5,5.0,1157168,198.16502,nan,1.157168,nan,4,0,1156640,8,0,0,4,528,256,64,272,68,132,4,0,0,4
343,-47.5,57.5,66,33,0,0.0,0.0,0,0.0,57.5,0,562500.0,63.2682580947876,57.91328430175781,33,66,0,4,66,0,4,-105.0,70.5,-47.5,5.0,1157168,199.322188,nan,1.157168,nan,4,0,1156640,8,0,0,4,528,256,64,272,68,132,4,0,0,4
344,-47.5,57.5,64,32,0,0.0,0.0,0,0.0,57.5,0,0.0,nan,nan,32,64,0,0,64,0,0,-105.0,70.5,-47.5,5.0,0,199.322188,nan,0.0,nan,0,0,0,0,0,0,0,0,0,0,0,0,0,0,0,0,0
345,-47.5,57.5,64,32,0,0.0,0.0,0,0.0,57.5,0,0.0,nan,nan,32,64,0,0,64,0,0,-105.0,70.5,-47.5,5.0,0,199.322188,nan,0.0,nan,0,0,0,0,0,0,0,0,0,0,0,0,0,0,0,0,0
346,-47.5,57.5,62,31,0,0.0,0.0,0,0.0,57.5,0,562500.0,65.09704971313477,65.09704971313477,31,62,0,1,62,0,1,-105.0,70.5,-47.5,5.0,289292,199.61148,nan,0.289292,nan,1,0,289160,2,0,0,1,132,64,16,68,17,33,1,0,0,1
347,-47.5,57.5,60,30,0,0.0,0.0,0,0.0,57.5,0,562500.0,45.48853169048922,40.24011131557362,30,60,0,2,60,0,2,-105.0,70.5,-47.5,5.0,578584,200.190064,nan,0.578584,nan,2,0,578320,4,0,0,2,264,128,32,136,34,66,2,0,0,2
348,-47.5,57.5,60,30,0,0.0,0.0,0,0.0,57.5,0,0.0,nan,nan,30,60,0,0,60,0,0,-105.0,70.5,-47.5,5.0,0,200.190064,nan,0.0,nan,0,0,0,0,0,0,0,0,0,0,0,0,0,0,0,0,0
349,-47.5,57.5,60,30,0,0.0,0.0,0,0.0,57.5,1,562500.0,51.94847167742213,39.26726873711604,30,60,1,5,60,0,6,-105.0,70.5,-47.5,5.0,1446460,201.636524,nan,1.44646,nan,5,0,1445800,10,0,0,5,660,320,80,340,85,165,5,0,0,5
350,-47.5,57.5,60,30,0,0.0,0.0,0,0.0,57.5,0,562500.0,63.06208165486654,60.2106819152832,30,60,0,3,60,0,3,-105.0,70.5,-47.5,5.0,867876,202.5044,nan,0.867876,nan,3,0,867480,6,0,0,3,396,192,48,204,51,99,3,0,0,3
351,-47.5,57.5,60,30,0,0.0,0.0,0,0.0,57.5,0,562500.0,67.4032096862793,67.4032096862793,30,60,0,1,60,0,1,-105.0,70.5,-47.5,5.0,289292,202.793692,nan,0.289292,nan,1,0,289160,2,0,0,1,132,64,16,68,17,33,1,0,0,1
352,-47.5,57.5,60,30,0,0.0,0.0,0,0.0,57.5,0,562500.0,61.44648361206055,61.44648361206055,30,60,0,1,60,0,1,-105.0,70.5,-47.5,5.0,289292,203.082984,nan,0.289292,nan,1,0,289160,2,0,0,1,132,64,16,68,17,33,1,0,0,1
353,-47.5,57.5,60,30,0,0.0,0.0,0,0.0,57.5,0,562500.0,62.91913604736328,58.435062408447266,30,60,0,2,60,0,2,-105.0,70.5,-47.5,5.0,578584,203.661568,nan,0.578584,nan,2,0,578320,4,0,0,2,264,128,32,136,34,66,2,0,0,2
354,-47.5,57.5,60,30,0,0.0,0.0,0,0.0,57.5,0,562500.0,41.92723046701192,30.275314277876166,30,60,0,3,60,0,3,-105.0,70.5,-47.5,5.0,867876,204.529444,nan,0.867876,nan,3,0,867480,6,0,0,3,396,192,48,204,51,99,3,0,0,3
355,-47.5,57.5,60,30,0,0.0,0.0,0,0.0,57.5,0,562500.0,65.32979583740234,65.32979583740234,30,60,0,1,60,0,1,-105.0,70.5,-47.5,5.0,289292,204.818736,nan,0.289292,nan,1,0,289160,2,0,0,1,132,64,16,68,17,33,1,0,0,1
356,-47.5,57.5,60,30,0,0.0,0.0,0,0.0,57.5,0,562500.0,32.520450197358834,18.23811798839801,30,60,0,3,60,0,3,-105.0,70.5,-47.5,5.0,867876,205.686612,nan,0.867876,nan,3,0,867480,6,0,0,3,396,192,48,204,51,99,3,0,0,3
357,-47.5,57.5,60,30,0,0.0,0.0,0,0.0,57.5,0,562500.0,67.50382232666016,67.50382232666016,30,60,0,1,60,0,1,-105.0,70.5,-47.5,5.0,289292,205.975904,nan,0.289292,nan,1,0,289160,2,0,0,1,132,64,16,68,17,33,1,0,0,1
358,-47.5,57.5,60,30,0,0.0,0.0,0,0.0,57.5,0,0.0,nan,nan,30,60,0,0,60,0,0,-105.0,70.5,-47.5,5.0,0,205.975904,nan,0.0,nan,0,0,0,0,0,0,0,0,0,0,0,0,0,0,0,0,0
359,-47.5,57.5,60,30,0,0.0,0.0,0,0.0,57.5,0,562500.0,57.99359130859375,57.99359130859375,30,60,0,1,60,0,1,-105.0,70.5,-47.5,5.0,289292,206.265196,nan,0.289292,nan,1,0,289160,2,0,0,1,132,64,16,68,17,33,1,0,0,1
360,-47.5,57.5,60,30,0,0.0,0.0,0,0.0,57.5,1,562500.0,64.63939666748047,61.18518829345703,30,60,1,3,60,0,4,-105.0,70.5,-47.5,5.0,867876,207.133072,nan,0.867876,nan,3,0,867480,6,0,0,3,396,192,48,204,51,99,3,0,0,3
361,-47.5,57.5,70,35,0,0.0,0.0,0,0.0,57.5,2,562500.0,44.789477929601254,31.378064875020964,35,70,2,3,70,0,5,-105.0,70.5,-47.5,5.0,867876,208.000948,nan,0.867876,nan,3,0,867480,6,0,0,3,396,192,48,204,51,99,3,0,0,3
362,-47.5,57.5,66,33,0,0.0,0.0,0,0.0,57.5,1,562500.0,41.41197885186067,34.92596823272032,33,66,1,4,66,0,5,-105.0,70.5,-47.5,5.0,1157168,209.158116,nan,1.157168,nan,4,0,1156640,8,0,0,4,528,256,64,272,68,132,4,0,0,4
363,-47.5,57.5,68,34,0,0.0,0.0,0,0.0,57.5,0,562500.0,59.839080810546875,58.68804931640625,34,68,0,2,68,0,2,-105.0,70.5,-47.5,5.0,578584,209.7367,nan,0.578584,nan,2,0,578320,4,0,0,2,264,128,32,136,34,66,2,0,0,2
364,-47.5,57.5,66,33,0,0.0,0.0,0,0.0,57.5,0,562500.0,63.75624656677246,63.615806579589844,33,66,0,2,66,0,2,-105.0,70.5,-47.5,5.0,578584,210.315284,nan,0.578584,nan,2,0,578320,4,0,0,2,264,128,32,136,34,66,2,0,0,2
365,-47.5,57.5,66,33,0,0.0,0.0,0,0.0,57.5,1,562500.0,61.29343605041504,58.84098434448242,33,66,1,2,66,0,3,-105.0,70.5,-47.5,5.0,578584,210.893868,nan,0.578584,nan,2,0,578320,4,0,0,2,264,128,32,136,34,66,2,0,0,2
366,-47.5,57.5,52,26,0,0.0,0.0,0,0.0,57.5,0,562500.0,64.04254722595215,60.90182876586914,26,52,0,2,52,0,2,-105.0,70.5,-47.5,5.0,578584,211.472452,nan,0.578584,nan,2,0,578320,4,0,0,2,264,128,32,136,34,66,2,0,0,2
367,-47.5,57.5,48,24,0,0.0,0.0,0,0.0,57.5,0,562500.0,58.8059024810791,58.35891342163086,24,48,0,2,48,0,2,-105.0,70.5,-47.5,5.0,578584,212.051036,nan,0.578584,nan,2,0,578320,4,0,0,2,264,128,32,136,34,66,2,0,0,2
368,-47.5,57.5,40,20,0,0.0,0.0,0,0.0,57.5,0,562500.0,67.53960800170898,67.53960800170898,20,40,0,1,40,0,1,-105.0,70.5,-47.5,5.0,289292,212.340328,nan,0.289292,nan,1,0,289160,2,0,0,1,132,64,16,68,17,33,1,0,0,1
369,-47.5,57.5,40,20,0,0.0,0.0,0,0.0,57.5,1,562500.0,55.07168211046783,42.22367175245437,20,40,1,4,40,0,5,-105.0,70.5,-47.5,5.0,1157168,213.497496,nan,1.157168,nan,4,0,1156640,8,0,0,4,528,256,64,272,68,132,4,0,0,4
370,-47.5,57.5,34,17,0,0.0,0.0,0,0.0,57.5,1,562500.0,34.62229643629992,28.499696089725994,17,34,1,2,34,0,3,-105.0,70.5,-47.5,5.0,578584,214.07608,nan,0.578584,nan,2,0,578320,4,0,0,2,264,128,32,136,34,66,2,0,0,2
371,-47.5,57.5,28,14,0,0.0,0.0,0,0.0,57.5,1,562500.0,62.28627395629883,62.105953216552734,14,28,1,2,28,0,3,-105.0,70.5,-47.5,5.0,578584,214.654664,nan,0.578584,nan,2,0,578320,4,0,0,2,264,128,32,136,34,66,2,0,0,2
372,-47.5,57.5,26,13,0,0.0,0.0,0,0.0,57.5,0,562500.0,44.81832350543891,42.94959211676624,13,26,0,2,26,0,2,-105.0,70.5,-47.5,5.0,578584,215.233248,nan,0.578584,nan,2,0,578320,4,0,0,2,264,128,32,136,34,66,2,0,0,2
373,-47.5,57.5,26,13,0,0.0,0.0,0,0.0,57.5,1,562500.0,63.174888610839844,60.60477066040039,13,26,1,2,26,0,3,-105.0,70.5,-47.5,5.0,578584,215.811832,nan,0.578584,nan,2,0,578320,4,0,0,2,264,128,32,136,34,66,2,0,0,2
374,-47.5,57.5,24,12,0,0.0,0.0,0,0.0,57.5,0,562500.0,68.21194839477539,68.21194839477539,12,24,0,1,24,0,1,-105.0,70.5,-47.5,5.0,289292,216.101124,nan,0.289292,nan,1,0,289160,2,0,0,1,132,64,16,68,17,33,1,0,0,1
375,-47.5,57.5,26,13,0,0.0,0.0,0,0.0,57.5,1,562500.0,61.51270039876302,57.76959991455078,13,26,1,3,26,0,4,-105.0,70.5,-47.5,5.0,867876,216.969,nan,0.867876,nan,3,0,867480,6,0,0,3,396,192,48,204,51,99,3,0,0,3
376,-47.5,57.5,24,12,0,0.0,0.0,0,0.0,57.5,0,562500.0,38.113575930100886,19.487552322783802,12,24,0,3,24,0,3,-105.0,70.5,-47.5,5.0,867876,217.836876,nan,0.867876,nan,3,0,867480,6,0,0,3,396,192,48,204,51,99,3,0,0,3
377,-47.5,57.5,20,10,0,0.0,0.0,0,0.0,57.5,0,562500.0,57.62913703918457,57.62913131713867,10,20,0,1,20,0,1,-105.0,70.5,-47.5,5.0,289292,218.126168,nan,0.289292,nan,1,0,289160,2,0,0,1,132,64,16,68,17,33,1,0,0,1
378,-47.5,57.5,20,10,0,0.0,0.0,0,0.0,57.5,0,562500.0,65.31778335571289,63.22535705566406,10,20,0,2,20,0,2,-105.0,70.5,-47.5,5.0,578584,218.704752,nan,0.578584,nan,2,0,578320,4,0,0,2,264,128,32,136,34,66,2,0,0,2
379,-47.5,57.5,18,9,0,0.0,0.0,0,0.0,57.5,0,562500.0,50.97359041118436,50.97291512539344,9,18,0,2,18,0,2,-105.0,70.5,-47.5,5.0,578584,219.283336,nan,0.578584,nan,2,0,578320,4,0,0,2,264,128,32,136,34,66,2,0,0,2
380,-47.5,57.5,18,9,0,0.0,0.0,0,0.0,57.5,0,0.0,nan,nan,9,18,0,0,18,0,0,-105.0,70.5,-47.5,5.0,0,219.283336,nan,0.0,nan,0,0,0,0,0,0,0,0,0,0,0,0,0,0,0,0,0
381,-47.5,57.5,24,12,0,0.0,0.0,0,0.0,57.5,0,562500.0,57.90053176879883,57.90053176879883,12,24,0,1,24,0,1,-105.0,70.5,-47.5,5.0,289292,219.572628,nan,0.289292,nan,1,0,289160,2,0,0,1,132,64,16,68,17,33,1,0,0,1
382,-47.5,57.5,32,16,0,0.0,0.0,0,0.0,57.5,1,562500.0,39.82111971532416,28.668265443844522,16,32,1,2,32,0,3,-105.0,70.5,-47.5,5.0,578584,220.151212,nan,0.578584,nan,2,0,578320,4,0,0,2,264,128,32,136,34,66,2,0,0,2
383,-47.5,57.5,40,20,0,0.0,0.0,0,0.0,57.5,0,562500.0,59.14112091064453,58.85676574707031,20,40,0,3,40,0,3,-105.0,70.5,-47.5,5.0,867876,221.019088,nan,0.867876,nan,3,0,867480,6,0,0,3,396,192,48,204,51,99,3,0,0,3
384,-47.5,57.5,46,23,0,0.0,0.0,0,0.0,57.5,0,562500.0,63.79429626464844,63.79429626464844,23,46,0,1,46,0,1,-105.0,70.5,-47.5,5.0,289292,221.30838,nan,0.289292,nan,1,0,289160,2,0,0,1,132,64,16,68,17,33,1,0,0,1
385,-47.5,57.5,40,20,0,0.0,0.0,0,0.0,57.5,1,562500.0,46.22106846355422,43.38300274998851,20,40,1,2,40,0,3,-105.0,70.5,-47.5,5.0,578584,221.886964,nan,0.578584,nan,2,0,578320,4,0,0,2,264,128,32,136,34,66,2,0,0,2
386,-47.5,57.5,36,18,0,0.0,0.0,0,0.0,57.5,0,562500.0,69.88030624389648,69.88030624389648,18,36,0,1,36,0,1,-105.0,70.5,-47.5,5.0,289292,222.176256,nan,0.289292,nan,1,0,289160,2,0,0,1,132,64,16,68,17,33,1,0,0,1
387,-47.5,57.5,40,20,0,0.0,0.0,0,0.0,57.5,0,0.0,nan,nan,20,40,0,0,40,0,0,-105.0,70.5,-47.5,5.0,0,222.176256,nan,0.0,nan,0,0,0,0,0,0,0,0,0,0,0,0,0,0,0,0,0
388,-47.5,57.5,44,22,0,0.0,0.0,0,0.0,57.5,0,562500.0,45.223074109006035,30.254729013787987,22,44,0,3,44,0,3,-105.0,70.5,-47.5,5.0,867876,223.044132,nan,0.867876,nan,3,0,867480,6,0,0,3,396,192,48,204,51,99,3,0,0,3
389,-47.5,57.5,44,22,0,0.0,0.0,0,0.0,57.5,0,562500.0,66.02274703979492,64.28257751464844,22,44,0,2,44,0,2,-105.0,70.5,-47.5,5.0,578584,223.622716,nan,0.578584,nan,2,0,578320,4,0,0,2,264,128,32,136,34,66,2,0,0,2
390,-47.5,57.5,54,27,0,0.0,0.0,0,0.0,57.5,0,562500.0,57.545867919921875,57.545867919921875,27,54,0,1,54,0,1,-105.0,70.5,-47.5,5.0,289292,223.912008,nan,0.289292,nan,1,0,289160,2,0,0,1,132,64,16,68,17,33,1,0,0,1
391,-47.5,57.5,58,29,0,0.0,0.0,0,0.0,57.5,0,562500.0,32.22017020763171,22.40603583199872,29,58,0,2,58,0,2,-105.0,70.5,-47.5,5.0,578584,224.490592,nan,0.578584,nan,2,0,578320,4,0,0,2,264,128,32,136,34,66,2,0,0,2
392,-47.5,57.5,56,28,0,0.0,0.0,0,0.0,57.5,0,562500.0,41.145940445207,18.001879760987602,28,56,0,4,56,0,4,-105.0,70.5,-47.5,5.0,1157168,225.64776,nan,1.157168,nan,4,0,1156640,8,0,0,4,528,256,64,272,68,132,4,0,0,4
393,-47.5,57.5,56,28,0,0.0,0.0,0,0.0,57.5,1,562500.0,30.491491272657,19.22864714238328,28,56,1,4,56,0,5,-105.0,70.5,-47.5,5.0,1157168,226.804928,nan,1.157168,nan,4,0,1156640,8,0,0,4,528,256,64,272,68,132,4,0,0,4
394,-47.5,57.5,48,24,0,0.0,0.0,0,0.0,57.5,0,562500.0,60.2106819152832,60.2106819152832,24,48,0,1,48,0,1,-105.0,70.5,-47.5,5.0,289292,227.09422,nan,0.289292,nan,1,0,289160,2,0,0,1,132,64,16,68,17,33,1,0,0,1
395,-47.5,57.5,46,23,0,0.0,0.0,0,0.0,57.5,0,562500.0,67.79667663574219,67.79667663574219,23,46,0,1,46,0,1,-105.0,70.5,-47.5,5.0,289292,227.383512,nan,0.289292,nan,1,0,289160,2,0,0,1,132,64,16,68,17,33,1,0,0,1
396,-47.5,57.5,46,23,0,0.0,0.0,0,0.0,57.5,0,562500.0,57.90052795410156,57.90052795410156,23,46,0,1,46,0,1,-105.0,70.5,-47.5,5.0,289292,227.672804,nan,0.289292,nan,1,0,289160,2,0,0,1,132,64,16,68,17,33,1,0,0,1
397,-47.5,57.5,54,27,0,0.0,0.0,0,0.0,57.5,1,562500.0,61.44229698181152,61.44229507446289,27,54,1,2,54,0,3,-105.0,70.5,-47.5,5.0,578584,228.251388,nan,0.578584,nan,2,0,578320,4,0,0,2,264,128,32,136,34,66,2,0,0,2
398,-47.5,57.5,54,27,0,0.0,0.0,0,0.0,57.5,0,562500.0,34.34556391107876,29.265709225675135,27,54,0,2,54,0,2,-105.0,70.5,-47.5,5.0,578584,228.829972,nan,0.578584,nan,2,0,578320,4,0,0,2,264,128,32,136,34,66,2,0,0,2
399,-47.5,57.5,58,29,0,0.0,0.0,0,0.0,57.5,0,562500.0,46.376587728009675,37.82637500452453,29,58,0,4,58,0,4,-105.0,70.5,-47.5,5.0,1157168,229.98714,nan,1.157168,nan,4,0,1156640,8,0,0,4,528,256,64,272,68,132,4,0,0,4
400,-47.5,57.5,54,27,0,0.0,0.0,0,0.0,57.5,0,562500.0,67.52747344970703,67.52747344970703,27,54,0,1,54,0,1,-105.0,70.5,-47.5,5.0,289292,230.276432,nan,0.289292,nan,1,0,289160,2,0,0,1,132,64,16,68,17,33,1,0,0,1
401,-47.5,57.5,52,26,0,0.0,0.0,0,0.0,57.5,0,562500.0,60.32012176513672,60.32012176513672,26,52,0,1,52,0,1,-105.0,70.5,-47.5,5.0,289292,230.565724,nan,0.289292,nan,1,0,289160,2,0,0,1,132,64,16,68,17,33,1,0,0,1
402,-47.5,57.5,50,25,0,0.0,0.0,0,0.0,57.5,0,0.0,nan,nan,25,50,0,0,50,0,0,-105.0,70.5,-47.5,5.0,0,230.565724,nan,0.0,nan,0,0,0,0,0,0,0,0,0,0,0,0,0,0,0,0,0
403,-47.5,57.5,50,25,0,0.0,0.0,0,0.0,57.5,0,562500.0,72.88837432861328,72.88837432861328,25,50,0,1,50,0,1,-105.0,70.5,-47.5,5.0,289292,230.855016,nan,0.289292,nan,1,0,289160,2,0,0,1,132,64,16,68,17,33,1,0,0,1
404,-47.5,57.5,50,25,0,0.0,0.0,0,0.0,57.5,0,562500.0,61.19225056966146,58.11561965942383,25,50,0,3,50,0,3,-105.0,70.5,-47.5,5.0,867876,231.722892,nan,0.867876,nan,3,0,867480,6,0,0,3,396,192,48,204,51,99,3,0,0,3
405,-47.5,57.5,58,29,0,0.0,0.0,0,0.0,57.5,1,562500.0,43.87467861502056,18.578423090005,29,58,1,4,58,0,5,-105.0,70.5,-47.5,5.0,1157168,232.88006,nan,1.157168,nan,4,0,1156640,8,0,0,4,528,256,64,272,68,132,4,0,0,4
406,-47.5,57.5,64,32,0,0.0,0.0,0,0.0,57.5,2,562500.0,50.520114338236915,46.263004496730595,32,64,2,3,64,0,5,-105.0,70.5,-47.5,5.0,867876,233.747936,nan,0.867876,nan,3,0,867480,6,0,0,3,396,192,48,204,51,99,3,0,0,3
407,-47.5,57.5,64,32,0,0.0,0.0,0,0.0,57.5,0,562500.0,22.97314050685688,20.50781352312199,32,64,0,2,64,0,2,-105.0,70.5,-47.5,5.0,578584,234.32652,nan,0.578584,nan,2,0,578320,4,0,0,2,264,128,32,136,34,66,2,0,0,2
408,-47.5,57.5,64,32,0,0.0,0.0,0,0.0,57.5,0,562500.0,67.98644256591797,67.98644256591797,32,64,0,1,64,0,1,-105.0,70.5,-47.5,5.0,289292,234.615812,nan,0.289292,nan,1,0,289160,2,0,0,1,132,64,16,68,17,33,1,0,0,1
409,-47.5,57.5,64,32,0,0.0,0.0,0,0.0,57.5,0,562500.0,59.98911666870117,59.98911666870117,32,64,0,1,64,0,1,-105.0,70.5,-47.5,5.0,289292,234.905104,nan,0.289292,nan,1,0,289160,2,0,0,1,132,64,16,68,17,33,1,0,0,1
410,-47.5,57.5,66,33,0,0.0,0.0,0,0.0,57.5,0,562500.0,56.28822398960769,42.61836213019028,33,66,0,4,66,0,4,-105.0,70.5,-47.5,5.0,1157168,236.062272,nan,1.157168,nan,4,0,1156640,8,0,0,4,528,256,64,272,68,132,4,0,0,4
411,-47.5,57.5,58,29,0,0.0,0.0,0,0.0,57.5,2,562500.0,51.45155886257596,43.91379903589961,29,58,2,3,58,0,5,-105.0,70.5,-47.5,5.0,867876,236.930148,nan,0.867876,nan,3,0,867480,6,0,0,3,396,192,48,204,51,99,3,0,0,3
412,-47.5,57.5,60,30,0,0.0,0.0,0,0.0,57.5,0,562500.0,44.9622671145995,42.15399624838824,30,60,0,2,60,0,2,-105.0,70.5,-47.5,5.0,578584,237.508732,nan,0.578584,nan,2,0,578320,4,0,0,2,264,128,32,136,34,66,2,0,0,2
413,-47.5,57.5,46,23,0,0.0,0.0,0,0.0,57.5,2,562500.0,63.61643981933594,63.61643981933594,23,46,2,1,46,0,3,-105.0,70.5,-47.5,5.0,289292,237.798024,nan,0.289292,nan,1,0,289160,2,0,0,1,132,64,16,68,17,33,1,0,0,1
414,-47.5,57.5,40,20,0,0.0,0.0,0,0.0,57.5,0,562500.0,61.043704986572266,61.043704986572266,20,40,0,1,40,0,1,-105.0,70.5,-47.5,5.0,289292,238.087316,nan,0.289292,nan,1,0,289160,2,0,0,1,132,64,16,68,17,33,1,0,0,1
415,-47.5,57.5,42,21,0,0.0,0.0,0,0.0,57.5,0,562500.0,59.80819892883301,58.13747787475586,21,42,0,4,42,0,4,-105.0,70.5,-47.5,5.0,1157168,239.244484,nan,1.157168,nan,4,0,1156640,8,0,0,4,528,256,64,272,68,132,4,0,0,4
416,-47.5,57.5,40,20,0,0.0,0.0,0,0.0,57.5,0,562500.0,59.10352897644043,59.1035270690918,20,40,0,1,40,0,1,-105.0,70.5,-47.5,5.0,289292,239.533776,nan,0.289292,nan,1,0,289160,2,0,0,1,132,64,16,68,17,33,1,0,0,1
417,-47.5,57.5,44,22,0,0.0,0.0,0,0.0,57.5,0,562500.0,59.948890686035156,59.948890686035156,22,44,0,1,44,0,1,-105.0,70.5,-47.5,5.0,289292,239.823068,nan,0.289292,nan,1,0,289160,2,0,0,1,132,64,16,68,17,33,1,0,0,1
418,-47.5,57.5,48,24,0,0.0,0.0,0,0.0,57.5,0,562500.0,53.168874419718904,39.49952222620479,24,48,0,4,48,0,4,-105.0,70.5,-47.5,5.0,1157168,240.980236,nan,1.157168,nan,4,0,1156640,8,0,0,4,528,256,64,272,68,132,4,0,0,4
419,-47.5,57.5,44,22,0,0.0,0.0,0,0.0,57.5,1,562500.0,67.40320587158203,67.40320587158203,22,44,1,1,44,0,2,-105.0,70.5,-47.5,5.0,289292,241.269528,nan,0.289292,nan,1,0,289160,2,0,0,1,132,64,16,68,17,33,1,0,0,1
420,-47.5,57.5,44,22,0,0.0,0.0,0,0.0,57.5,1,562500.0,54.18033283573067,45.990852353494205,22,44,1,4,44,0,5,-105.0,70.5,-47.5,5.0,1157168,242.426696,nan,1.157168,nan,4,0,1156640,8,0,0,4,528,256,64,272,68,132,4,0,0,4
421,-47.5,57.5,44,22,0,0.0,0.0,0,0.0,57.5,0,562500.0,61.10892295837402,61.10892105102539,22,44,0,1,44,0,1,-105.0,70.5,-47.5,5.0,289292,242.715988,nan,0.289292,nan,1,0,289160,2,0,0,1,132,64,16,68,17,33,1,0,0,1
422,-47.5,57.5,36,18,0,0.0,0.0,0,0.0,57.5,0,562500.0,47.384410891977126,38.35285918772841,18,36,0,3,36,0,3,-105.0,70.5,-47.5,5.0,867876,243.583864,nan,0.867876,nan,3,0,867480,6,0,0,3,396,192,48,204,51,99,3,0,0,3
423,-47.5,57.5,40,20,0,0.0,0.0,0,0.0,57.5,0,562500.0,58.393832524617515,58.09326934814453,20,40,0,3,40,0,3,-105.0,70.5,-47.5,5.0,867876,244.45174,nan,0.867876,nan,3,0,867480,6,0,0,3,396,192,48,204,51,99,3,0,0,3
424,-47.5,57.5,40,20,0,0.0,0.0,0,0.0,57.5,0,562500.0,60.21068572998047,60.21068572998047,20,40,0,1,40,0,1,-105.0,70.5,-47.5,5.0,289292,244.741032,nan,0.289292,nan,1,0,289160,2,0,0,1,132,64,16,68,17,33,1,0,0,1
425,-47.5,57.5,36,18,0,0.0,0.0,0,0.0,57.5,0,562500.0,67.63127136230469,67.63127136230469,18,36,0,1,36,0,1,-105.0,70.5,-47.5,5.0,289292,245.030324,nan,0.289292,nan,1,0,289160,2,0,0,1,132,64,16,68,17,33,1,0,0,1
426,-47.5,57.5,38,19,0,0.0,0.0,0,0.0,57.5,0,562500.0,65.80712509155273,64.08878707885742,19,38,0,2,38,0,2,-105.0,70.5,-47.5,5.0,578584,245.608908,nan,0.578584,nan,2,0,578320,4,0,0,2,264,128,32,136,34,66,2,0,0,2
427,-47.5,57.5,34,17,0,0.0,0.0,0,0.0,57.5,0,562500.0,50.80350099017186,38.072217136427426,17,34,0,4,34,0,4,-105.0,70.5,-47.5,5.0,1157168,246.766076,nan,1.157168,nan,4,0,1156640,8,0,0,4,528,256,64,272,68,132,4,0,0,4
428,-47.5,57.5,40,20,0,0.0,0.0,0,0.0,57.5,1,562500.0,62.545884132385254,58.00971603393555,20,40,1,2,40,0,3,-105.0,70.5,-47.5,5.0,578584,247.34466,nan,0.578584,nan,2,0,578320,4,0,0,2,264,128,32,136,34,66,2,0,0,2
429,-47.5,57.5,40,20,0,0.0,0.0,0,0.0,57.5,0,562500.0,60.56932703653971,59.65774154663086,20,40,0,3,40,0,3,-105.0,70.5,-47.5,5.0,867876,248.212536,nan,0.867876,nan,3,0,867480,6,0,0,3,396,192,48,204,51,99,3,0,0,3
430,-47.5,57.5,46,23,0,0.0,0.0,0,0.0,57.5,0,562500.0,60.97648048400879,60.5064811706543,23,46,0,2,46,0,2,-105.0,70.5,-47.5,5.0,578584,248.79112,nan,0.578584,nan,2,0,578320,4,0,0,2,264,128,32,136,34,66,2,0,0,2
431,-47.5,57.5,48,24,0,0.0,0.0,0,0.0,57.5,0,0.0,nan,nan,24,48,0,0,48,0,0,-105.0,70.5,-47.5,5.0,0,248.79112,nan,0.0,nan,0,0,0,0,0,0,0,0,0,0,0,0,0,0,0,0,0
432,-47.5,57.5,46,23,0,0.0,0.0,0,0.0,57.5,0,562500.0,64.51931762695312,61.75505065917969,23,46,0,2,46,0,2,-105.0,70.5,-47.5,5.0,578584,249.369704,nan,0.578584,nan,2,0,578320,4,0,0,2,264,128,32,136,34,66,2,0,0,2
433,-47.5,57.5,44,22,0,0.0,0.0,0,0.0,57.5,3,562500.0,46.6815633186803,24.4477721742826,22,44,3,5,44,0,8,-105.0,70.5,-47.5,5.0,1446460,250.816164,nan,1.44646,nan,5,0,1445800,10,0,0,5,660,320,80,340,85,165,5,0,0,5
434,-47.5,57.5,42,21,0,0.0,0.0,0,0.0,57.5,0,562500.0,44.413301324880905,36.37093503438098,21,42,0,4,42,0,4,-105.0,70.5,-47.5,5.0,1157168,251.973332,nan,1.157168,nan,4,0,1156640,8,0,0,4,528,256,64,272,68,132,4,0,0,4
435,-47.5,57.5,44,22,0,0.0,0.0,0,0.0,57.5,0,0.0,nan,nan,22,44,0,0,44,0,0,-105.0,70.5,-47.5,5.0,0,251.973332,nan,0.0,nan,0,0,0,0,0,0,0,0,0,0,0,0,0,0,0,0,0
436,-47.5,57.5,46,23,0,0.0,0.0,0,0.0,57.5,0,562500.0,67.40320587158203,67.40320587158203,23,46,0,1,46,0,1,-105.0,70.5,-47.5,5.0,289292,252.262624,nan,0.289292,nan,1,0,289160,2,0,0,1,132,64,16,68,17,33,1,0,0,1
437,-47.5,57.5,48,24,0,0.0,0.0,0,0.0,57.5,0,0.0,nan,nan,24,48,0,0,48,0,0,-105.0,70.5,-47.5,5.0,0,252.262624,nan,0.0,nan,0,0,0,0,0,0,0,0,0,0,0,0,0,0,0,0,0
438,-47.5,57.5,48,24,0,0.0,0.0,0,0.0,57.5,0,562500.0,61.44647979736328,61.44647979736328,24,48,0,1,48,0,1,-105.0,70.5,-47.5,5.0,289292,252.551916,nan,0.289292,nan,1,0,289160,2,0,0,1,132,64,16,68,17,33,1,0,0,1
439,-47.5,57.5,48,24,0,0.0,0.0,0,0.0,57.5,0,562500.0,65.55984115600586,61.83955383300781,24,48,0,3,48,0,3,-105.0,70.5,-47.5,5.0,867876,253.419792,nan,0.867876,nan,3,0,867480,6,0,0,3,396,192,48,204,51,99,3,0,0,3
440,-47.5,57.5,48,24,0,0.0,0.0,0,0.0,57.5,0,0.0,nan,nan,24,48,0,0,48,0,0,-105.0,70.5,-47.5,5.0,0,253.419792,nan,0.0,nan,0,0,0,0,0,0,0,0,0,0,0,0,0,0,0,0,0
441,-47.5,57.5,46,23,0,0.0,0.0,0,0.0,57.5,0,562500.0,39.96568499661038,39.06584313563181,23,46,0,2,46,0,2,-105.0,70.5,-47.5,5.0,578584,253.998376,nan,0.578584,nan,2,0,578320,4,0,0,2,264,128,32,136,34,66,2,0,0,2
442,-47.5,57.5,46,23,0,0.0,0.0,0,0.0,57.5,1,562500.0,55.19124823677146,46.52690030787048,23,46,1,4,46,0,5,-105.0,70.5,-47.5,5.0,1157168,255.155544,nan,1.157168,nan,4,0,1156640,8,0,0,4,528,256,64,272,68,132,4,0,0,4
443,-47.5,57.5,44,22,0,0.0,0.0,0,0.0,57.5,0,562500.0,60.27137565612793,60.21068572998047,22,44,0,2,44,0,2,-105.0,70.5,-47.5,5.0,578584,255.734128,nan,0.578584,nan,2,0,578320,4,0,0,2,264,128,32,136,34,66,2,0,0,2
444,-47.5,57.5,46,23,0,0.0,0.0,0,0.0,57.5,0,562500.0,64.6297721862793,61.83955383300781,23,46,0,2,46,0,2,-105.0,70.5,-47.5,5.0,578584,256.312712,nan,0.578584,nan,2,0,578320,4,0,0,2,264,128,32,136,34,66,2,0,0,2
445,-47.5,57.5,48,24,0,0.0,0.0,0,0.0,57.5,0,562500.0,57.993587493896484,57.993587493896484,24,48,0,1,48,0,1,-105.0,70.5,-47.5,5.0,289292,256.602004,nan,0.289292,nan,1,0,289160,2,0,0,1,132,64,16,68,17,33,1,0,0,1
446,-47.5,57.5,48,24,0,0.0,0.0,0,0.0,57.5,0,562500.0,63.47326532999674,60.33206558227539,24,48,0,3,48,0,3,-105.0,70.5,-47.5,5.0,867876,257.46988,nan,0.867876,nan,3,0,867480,6,0,0,3,396,192,48,204,51,99,3,0,0,3
447,-47.5,57.5,48,24,0,0.0,0.0,0,0.0,57.5,0,562500.0,35.25951821973026,31.402692104409677,24,48,0,2,48,0,2,-105.0,70.5,-47.5,5.0,578584,258.048464,nan,0.578584,nan,2,0,578320,4,0,0,2,264,128,32,136,34,66,2,0,0,2
448,-47.5,57.5,48,24,0,0.0,0.0,0,0.0,57.5,0,0.0,nan,nan,24,48,0,0,48,0,0,-105.0,70.5,-47.5,5.0,0,258.048464,nan,0.0,nan,0,0,0,0,0,0,0,0,0,0,0,0,0,0,0,0,0
449,-47.5,57.5,48,24,0,0.0,0.0,0,0.0,57.5,0,562500.0,63.02571487426758,60.21068572998047,24,48,0,3,48,0,3,-105.0,70.5,-47.5,5.0,867876,258.91634,nan,0.867876,nan,3,0,867480,6,0,0,3,396,192,48,204,51,99,3,0,0,3
450,-47.5,57.5,48,24,0,0.0,0.0,0,0.0,57.5,0,562500.0,57.993587493896484,57.993587493896484,24,48,0,1,48,0,1,-105.0,70.5,-47.5,5.0,289292,259.205632,nan,0.289292,nan,1,0,289160,2,0,0,1,132,64,16,68,17,33,1,0,0,1
451,-47.5,57.5,56,28,0,0.0,0.0,0,0.0,57.5,0,562500.0,40.892913475983775,34.30358465879438,28,56,0,2,56,0,2,-105.0,70.5,-47.5,5.0,578584,259.784216,nan,0.578584,nan,2,0,578320,4,0,0,2,264,128,32,136,34,66,2,0,0,2
452,-47.5,57.5,54,27,0,0.0,0.0,0,0.0,57.5,2,562500.0,49.125998602383625,39.68041343903425,27,54,2,3,54,0,5,-105.0,70.5,-47.5,5.0,867876,260.652092,nan,0.867876,nan,3,0,867480,6,0,0,3,396,192,48,204,51,99,3,0,0,3
453,-47.5,57.5,60,30,0,0.0,0.0,0,0.0,57.5,1,562500.0,47.19990519581133,34.74441149257731,30,60,1,3,60,0,4,-105.0,70.5,-47.5,5.0,867876,261.519968,nan,0.867876,nan,3,0,867480,6,0,0,3,396,192,48,204,51,99,3,0,0,3
454,-47.5,57.5,60,30,0,0.0,0.0,0,0.0,57.5,0,562500.0,61.88587188720703,61.88587188720703,30,60,0,1,60,0,1,-105.0,70.5,-47.5,5.0,289292,261.80926,nan,0.289292,nan,1,0,289160,2,0,0,1,132,64,16,68,17,33,1,0,0,1
455,-47.5,57.5,64,32,0,0.0,0.0,0,0.0,57.5,0,562500.0,58.976240158081055,58.976234436035156,32,64,0,1,64,0,1,-105.0,70.5,-47.5,5.0,289292,262.098552,nan,0.289292,nan,1,0,289160,2,0,0,1,132,64,16,68,17,33,1,0,0,1
456,-47.5,57.5,54,27,0,0.0,0.0,0,0.0,57.5,0,562500.0,60.91190052032471,60.82310485839844,27,54,0,2,54,0,2,-105.0,70.5,-47.5,5.0,578584,262.677136,nan,0.578584,nan,2,0,578320,4,0,0,2,264,128,32,136,34,66,2,0,0,2
457,-47.5,57.5,42,21,0,0.0,0.0,0,0.0,57.5,1,562500.0,38.579479990954255,21.947019953380153,21,42,1,3,42,0,4,-105.0,70.5,-47.5,5.0,867876,263.545012,nan,0.867876,nan,3,0,867480,6,0,0,3,396,192,48,204,51,99,3,0,0,3
458,-47.5,57.5,32,16,0,0.0,0.0,0,0.0,57.5,3,562500.0,46.83727291063761,38.38368072505186,16,32,3,2,32,0,5,-105.0,70.5,-47.5,5.0,578584,264.123596,nan,0.578584,nan,2,0,578320,4,0,0,2,264,128,32,136,34,66,2,0,0,2
459,-47.5,57.5,26,13,0,0.0,0.0,0,0.0,57.5,0,562500.0,34.77187634160985,20.001004897214564,13,26,0,3,26,0,3,-105.0,70.5,-47.5,5.0,867876,264.991472,nan,0.867876,nan,3,0,867480,6,0,0,3,396,192,48,204,51,99,3,0,0,3
460,-47.5,57.5,28,14,0,0.0,0.0,0,0.0,57.5,2,562500.0,61.96309026082357,58.661006927490234,14,28,2,3,28,0,5,-105.0,70.5,-47.5,5.0,867876,265.859348,nan,0.867876,nan,3,0,867480,6,0,0,3,396,192,48,204,51,99,3,0,0,3
461,-47.5,57.5,20,10,0,0.0,0.0,0,0.0,57.5,0,562500.0,39.88180500210166,34.0052910021987,10,20,0,2,20,0,2,-105.0,70.5,-47.5,5.0,578584,266.437932,nan,0.578584,nan,2,0,578320,4,0,0,2,264,128,32,136,34,66,2,0,0,2
462,-47.5,57.5,18,9,0,0.0,0.0,0,0.0,57.5,0,562500.0,60.71927452087402,58.78129577636719,9,18,0,2,18,0,2,-105.0,70.5,-47.5,5.0,578584,267.016516,nan,0.578584,nan,2,0,578320,4,0,0,2,264,128,32,136,34,66,2,0,0,2
463,-47.5,57.5,8,4,0,0.0,0.0,0,0.0,57.5,0,562500.0,60.715715408325195,58.15558624267578,4,8,0,2,8,0,2,-105.0,70.5,-47.5,5.0,578584,267.5951,nan,0.578584,nan,2,0,578320,4,0,0,2,264,128,32,136,34,66,2,0,0,2
464,-47.5,57.5,10,5,0,0.0,0.0,0,0.0,57.5,0,562500.0,28.40641050224942,21.948978088543644,5,10,0,2,10,0,2,-105.0,70.5,-47.5,5.0,578584,268.173684,nan,0.578584,nan,2,0,578320,4,0,0,2,264,128,32,136,34,66,2,0,0,2
465,-47.5,57.5,14,7,0,0.0,0.0,0,0.0,57.5,0,0.0,nan,nan,7,14,0,0,14,0,0,-105.0,70.5,-47.5,5.0,0,268.173684,nan,0.0,nan,0,0,0,0,0,0,0,0,0,0,0,0,0,0,0,0,0
466,-47.5,57.5,12,6,0,0.0,0.0,0,0.0,57.5,1,562500.0,31.302440412980825,27.390521502382285,6,12,1,2,12,0,3,-105.0,70.5,-47.5,5.0,578584,268.752268,nan,0.578584,nan,2,0,578320,4,0,0,2,264,128,32,136,34,66,2,0,0,2
467,-47.5,57.5,12,6,0,0.0,0.0,0,0.0,57.5,0,562500.0,63.91104507446289,63.91104507446289,6,12,0,1,12,0,1,-105.0,70.5,-47.5,5.0,289292,269.04156,nan,0.289292,nan,1,0,289160,2,0,0,1,132,64,16,68,17,33,1,0,0,1
468,-47.5,57.5,16,8,0,0.0,0.0,0,0.0,57.5,0,562500.0,40.57008556157363,20.882665830746344,8,16,0,4,16,0,4,-105.0,70.5,-47.5,5.0,1157168,270.198728,nan,1.157168,nan,4,0,1156640,8,0,0,4,528,256,64,272,68,132,4,0,0,4
469,-47.5,57.5,14,7,0,0.0,0.0,0,0.0,57.5,1,562500.0,32.26642018327038,27.265966513233803,7,14,1,2,14,0,3,-105.0,70.5,-47.5,5.0,578584,270.777312,nan,0.578584,nan,2,0,578320,4,0,0,2,264,128,32,136,34,66,2,0,0,2
470,-47.5,57.5,20,10,0,0.0,0.0,0,0.0,57.5,1,562500.0,38.866619206341376,20.581988281314292,10,20,1,3,20,0,4,-105.0,70.5,-47.5,5.0,867876,271.645188,nan,0.867876,nan,3,0,867480,6,0,0,3,396,192,48,204,51,99,3,0,0,3
471,-47.5,57.5,16,8,0,0.0,0.0,0,0.0,57.5,0,0.0,nan,nan,8,16,0,0,16,0,0,-105.0,70.5,-47.5,5.0,0,271.645188,nan,0.0,nan,0,0,0,0,0,0,0,0,0,0,0,0,0,0,0,0,0
472,-47.5,57.5,18,9,0,0.0,0.0,0,0.0,57.5,0,562500.0,58.91096115112305,58.91096115112305,9,18,0,1,18,0,1,-105.0,70.5,-47.5,5.0,289292,271.93448,nan,0.289292,nan,1,0,289160,2,0,0,1,132,64,16,68,17,33,1,0,0,1
473,-47.5,57.5,24,12,0,0.0,0.0,0,0.0,57.5,0,562500.0,48.90371813341764,38.890671830907856,12,24,0,3,24,0,3,-105.0,70.5,-47.5,5.0,867876,272.802356,nan,0.867876,nan,3,0,867480,6,0,0,3,396,192,48,204,51,99,3,0,0,3
474,-47.5,57.5,28,14,0,0.0,0.0,0,0.0,57.5,0,0.0,nan,nan,14,28,0,0,28,0,0,-105.0,70.5,-47.5,5.0,0,272.802356,nan,0.0,nan,0,0,0,0,0,0,0,0,0,0,0,0,0,0,0,0,0
475,-47.5,57.5,30,15,0,0.0,0.0,0,0.0,57.5,0,562500.0,48.62448929485342,39.69781494176828,15,30,0,3,30,0,3,-105.0,70.5,-47.5,5.0,867876,273.670232,nan,0.867876,nan,3,0,867480,6,0,0,3,396,192,48,204,51,99,3,0,0,3
476,-47.5,57.5,32,16,0,0.0,0.0,0,0.0,57.5,1,562500.0,39.18014425305681,38.120248750495385,16,32,1,2,32,0,3,-105.0,70.5,-47.5,5.0,578584,274.248816,nan,0.578584,nan,2,0,578320,4,0,0,2,264,128,32,136,34,66,2,0,0,2
477,-47.5,57.5,30,15,0,0.0,0.0,0,0.0,57.5,0,562500.0,50.65456439849932,34.73310485322659,15,30,0,2,30,0,2,-105.0,70.5,-47.5,5.0,578584,274.8274,nan,0.578584,nan,2,0,578320,4,0,0,2,264,128,32,136,34,66,2,0,0,2
478,-47.5,57.5,30,15,0,0.0,0.0,0,0.0,57.5,0,562500.0,33.81461689846849,24.389317836490175,15,30,0,4,30,0,4,-105.0,70.5,-47.5,5.0,1157168,275.984568,nan,1.157168,nan,4,0,1156640,8,0,0,4,528,256,64,272,68,132,4,0,0,4
479,-47.5,57.5,32,16,0,0.0,0.0,0,0.0,57.5,0,562500.0,27.737655602783782,20.717667350897372,16,32,0,2,32,0,2,-105.0,70.5,-47.5,5.0,578584,276.563152,nan,0.578584,nan,2,0,578320,4,0,0,2,264,128,32,136,34,66,2,0,0,2
480,-47.5,57.5,34,17,0,0.0,0.0,0,0.0,57.5,0,562500.0,60.2106819152832,60.2106819152832,17,34,0,1,34,0,1,-105.0,70.5,-47.5,5.0,289292,276.852444,nan,0.289292,nan,1,0,289160,2,0,0,1,132,64,16,68,17,33,1,0,0,1
481,-47.5,57.5,36,18,0,0.0,0.0,0,0.0,57.5,0,562500.0,50.53228643230769,40.05258169080372,18,36,0,3,36,0,3,-105.0,70.5,-47.5,5.0,867876,277.72032,nan,0.867876,nan,3,0,867480,6,0,0,3,396,192,48,204,51,99,3,0,0,3
482,-47.5,57.5,40,20,0,0.0,0.0,0,0.0,57.5,0,562500.0,33.924263746013914,29.48952422330772,20,40,0,2,40,0,2,-105.0,70.5,-47.5,5.0,578584,278.298904,nan,0.578584,nan,2,0,578320,4,0,0,2,264,128,32,136,34,66,2,0,0,2
483,-47.5,57.5,40,20,0,0.0,0.0,0,0.0,57.5,2,562500.0,67.45716094970703,67.24406814575195,20,40,2,2,40,0,4,-105.0,70.5,-47.5,5.0,578584,278.877488,nan,0.578584,nan,2,0,578320,4,0,0,2,264,128,32,136,34,66,2,0,0,2
484,-47.5,57.5,42,21,0,0.0,0.0,0,0.0,57.5,1,562500.0,38.02129981989659,34.48587963439308,21,42,1,2,42,0,3,-105.0,70.5,-47.5,5.0,578584,279.456072,nan,0.578584,nan,2,0,578320,4,0,0,2,264,128,32,136,34,66,2,0,0,2
485,-47.5,57.5,44,22,0,0.0,0.0,0,0.0,57.5,0,562500.0,67.1384048461914,67.1384048461914,22,44,0,1,44,0,1,-105.0,70.5,-47.5,5.0,289292,279.745364,nan,0.289292,nan,1,0,289160,2,0,0,1,132,64,16,68,17,33,1,0,0,1
486,-47.5,57.5,42,21,0,0.0,0.0,0,0.0,57.5,0,562500.0,67.7629165649414,67.7629165649414,21,42,0,1,42,0,1,-105.0,70.5,-47.5,5.0,289292,280.034656,nan,0.289292,nan,1,0,289160,2,0,0,1,132,64,16,68,17,33,1,0,0,1
487,-47.5,57.5,42,21,0,0.0,0.0,0,0.0,57.5,0,562500.0,60.30410385131836,60.30410385131836,21,42,0,1,42,0,1,-105.0,70.5,-47.5,5.0,289292,280.323948,nan,0.289292,nan,1,0,289160,2,0,0,1,132,64,16,68,17,33,1,0,0,1
488,-47.5,57.5,38,19,0,0.0,0.0,0,0.0,57.5,0,562500.0,62.24393844604492,62.24393844604492,19,38,0,1,38,0,1,-105.0,70.5,-47.5,5.0,289292,280.61324,nan,0.289292,nan,1,0,289160,2,0,0,1,132,64,16,68,17,33,1,0,0,1
489,-47.5,57.5,42,21,0,0.0,0.0,0,0.0,57.5,1,562500.0,63.98680114746094,60.21068572998047,21,42,1,2,42,0,3,-105.0,70.5,-47.5,5.0,578584,281.191824,nan,0.578584,nan,2,0,578320,4,0,0,2,264,128,32,136,34,66,2,0,0,2
490,-47.5,57.5,42,21,0,0.0,0.0,0,0.0,57.5,1,562500.0,53.91804948098557,40.240024422467364,21,42,1,4,42,0,5,-105.0,70.5,-47.5,5.0,1157168,282.348992,nan,1.157168,nan,4,0,1156640,8,0,0,4,528,256,64,272,68,132,4,0,0,4
491,-47.5,57.5,46,23,0,0.0,0.0,0,0.0,57.5,1,562500.0,59.95975399017334,58.315277099609375,23,46,1,2,46,0,3,-105.0,70.5,-47.5,5.0,578584,282.927576,nan,0.578584,nan,2,0,578320,4,0,0,2,264,128,32,136,34,66,2,0,0,2
492,-47.5,57.5,48,24,0,0.0,0.0,0,0.0,57.5,0,562500.0,61.44229507446289,61.44229507446289,24,48,0,1,48,0,1,-105.0,70.5,-47.5,5.0,289292,283.216868,nan,0.289292,nan,1,0,289160,2,0,0,1,132,64,16,68,17,33,1,0,0,1
493,-47.5,57.5,48,24,0,0.0,0.0,0,0.0,57.5,0,562500.0,47.61244154568606,39.00636487377305,24,48,0,3,48,0,3,-105.0,70.5,-47.5,5.0,867876,284.084744,nan,0.867876,nan,3,0,867480,6,0,0,3,396,192,48,204,51,99,3,0,0,3
494,-47.5,57.5,40,20,0,0.0,0.0,0,0.0,57.5,0,562500.0,63.80635070800781,60.2106819152832,20,40,0,2,40,0,2,-105.0,70.5,-47.5,5.0,578584,284.663328,nan,0.578584,nan,2,0,578320,4,0,0,2,264,128,32,136,34,66,2,0,0,2
495,-47.5,57.5,40,20,0,0.0,0.0,0,0.0,57.5,0,562500.0,67.4822998046875,67.4032096862793,20,40,0,2,40,0,2,-105.0,70.5,-47.5,5.0,578584,285.241912,nan,0.578584,nan,2,0,578320,4,0,0,2,264,128,32,136,34,66,2,0,0,2
496,-47.5,57.5,58,29,0,0.0,0.0,0,0.0,57.5,0,562500.0,63.013705253601074,59.87557601928711,29,58,0,2,58,0,2,-105.0,70.5,-47.5,5.0,578584,285.820496,nan,0.578584,nan,2,0,578320,4,0,0,2,264,128,32,136,34,66,2,0,0,2
497,-47.5,57.5,60,30,0,0.0,0.0,0,0.0,57.5,0,562500.0,59.15961170196533,59.09663772583008,30,60,0,2,60,0,2,-105.0,70.5,-47.5,5.0,578584,286.39908,nan,0.578584,nan,2,0,578320,4,0,0,2,264,128,32,136,34,66,2,0,0,2
498,-47.5,57.5,64,32,0,0.0,0.0,0,0.0,57.5,0,562500.0,61.59376525878906,59.514984130859375,32,64,0,2,64,0,2,-105.0,70.5,-47.5,5.0,578584,286.977664,nan,0.578584,nan,2,0,578320,4,0,0,2,264,128,32,136,34,66,2,0,0,2
499,-47.5,57.5,62,31,0,0.0,0.0,0,0.0,57.5,0,562500.0,62.40547180175781,58.655487060546875,31,62,0,2,62,0,2,-105.0,70.5,-47.5,5.0,578584,287.556248,nan,0.578584,nan,2,0,578320,4,0,0,2,264,128,32,136,34,66,2,0,0,2
500,-47.5,57.5,66,33,0,0.0,0.0,0,0.0,57.5,0,562500.0,67.37768936157227,67.37768936157227,33,66,0,1,66,0,1,-105.0,70.5,-47.5,5.0,289292,287.84554,nan,0.289292,nan,1,0,289160,2,0,0,1,132,64,16,68,17,33,1,0,0,1
501,-47.5,57.5,48,24,0,0.0,0.0,0,0.0,57.5,0,562500.0,51.51947278023588,38.108851915373315,24,48,0,3,48,0,3,-105.0,70.5,-47.5,5.0,867876,288.713416,nan,0.867876,nan,3,0,867480,6,0,0,3,396,192,48,204,51,99,3,0,0,3
502,-47.5,57.5,42,21,0,0.0,0.0,0,0.0,57.5,0,562500.0,61.38983917236328,61.38983917236328,21,42,0,1,42,0,1,-105.0,70.5,-47.5,5.0,289292,289.002708,nan,0.289292,nan,1,0,289160,2,0,0,1,132,64,16,68,17,33,1,0,0,1
503,-47.5,57.5,48,24,0,0.0,0.0,0,0.0,57.5,0,562500.0,67.63429069519043,60.8997688293457,24,48,0,2,48,0,2,-105.0,70.5,-47.5,5.0,578584,289.581292,nan,0.578584,nan,2,0,578320,4,0,0,2,264,128,32,136,34,66,2,0,0,2
504,-47.5,57.5,50,25,0,0.0,0.0,0,0.0,57.5,0,562500.0,35.35675276583858,19.388572230247263,25,50,0,3,50,0,3,-105.0,70.5,-47.5,5.0,867876,290.449168,nan,0.867876,nan,3,0,867480,6,0,0,3,396,192,48,204,51,99,3,0,0,3
505,-47.5,57.5,50,25,0,0.0,0.0,0,0.0,57.5,0,562500.0,59.47952651977539,57.960853576660156,25,50,0,3,50,0,3,-105.0,70.5,-47.5,5.0,867876,291.317044,nan,0.867876,nan,3,0,867480,6,0,0,3,396,192,48,204,51,99,3,0,0,3
506,-47.5,57.5,50,25,0,0.0,0.0,0,0.0,57.5,1,562500.0,60.13590049743652,59.41851043701172,25,50,1,4,50,0,5,-105.0,70.5,-47.5,5.0,1157168,292.474212,nan,1.157168,nan,4,0,1156640,8,0,0,4,528,256,64,272,68,132,4,0,0,4
507,-47.5,57.5,48,24,0,0.0,0.0,0,0.0,57.5,0,562500.0,57.503971099853516,57.503971099853516,24,48,0,1,48,0,1,-105.0,70.5,-47.5,5.0,289292,292.763504,nan,0.289292,nan,1,0,289160,2,0,0,1,132,64,16,68,17,33,1,0,0,1
508,-47.5,57.5,48,24,0,0.0,0.0,0,0.0,57.5,0,562500.0,59.49051284790039,59.49051284790039,24,48,0,1,48,0,1,-105.0,70.5,-47.5,5.0,289292,293.052796,nan,0.289292,nan,1,0,289160,2,0,0,1,132,64,16,68,17,33,1,0,0,1
509,-47.5,57.5,50,25,0,0.0,0.0,0,0.0,57.5,1,562500.0,62.55929183959961,57.7535514831543,25,50,1,3,50,0,4,-105.0,70.5,-47.5,5.0,867876,293.920672,nan,0.867876,nan,3,0,867480,6,0,0,3,396,192,48,204,51,99,3,0,0,3
510,-47.5,57.5,42,21,0,0.0,0.0,0,0.0,57.5,0,562500.0,65.65766191482544,60.13545227050781,21,42,0,4,42,0,4,-105.0,70.5,-47.5,5.0,1157168,295.07784,nan,1.157168,nan,4,0,1156640,8,0,0,4,528,256,64,272,68,132,4,0,0,4
511,-47.5,57.5,44,22,0,0.0,0.0,0,0.0,57.5,0,562500.0,61.54133605957031,61.54133605957031,22,44,0,1,44,0,1,-105.0,70.5,-47.5,5.0,289292,295.367132,nan,0.289292,nan,1,0,289160,2,0,0,1,132,64,16,68,17,33,1,0,0,1
512,-47.5,57.5,40,20,0,0.0,0.0,0,0.0,57.5,0,562500.0,50.29313807794607,40.43899904216737,20,40,0,4,40,0,4,-105.0,70.5,-47.5,5.0,1157168,296.5243,nan,1.157168,nan,4,0,1156640,8,0,0,4,528,256,64,272,68,132,4,0,0,4
513,-47.5,57.5,36,18,0,0.0,0.0,0,0.0,57.5,0,0.0,nan,nan,18,36,0,0,36,0,0,-105.0,70.5,-47.5,5.0,0,296.5243,nan,0.0,nan,0,0,0,0,0,0,0,0,0,0,0,0,0,0,0,0,0
514,-47.5,57.5,38,19,0,0.0,0.0,0,0.0,57.5,1,562500.0,50.003418093724505,34.35059762142093,19,38,1,5,38,0,6,-105.0,70.5,-47.5,5.0,1446460,297.97076,nan,1.44646,nan,5,0,1445800,10,0,0,5,660,320,80,340,85,165,5,0,0,5
515,-47.5,57.5,36,18,0,0.0,0.0,0,0.0,57.5,0,562500.0,62.206600189208984,62.206600189208984,18,36,0,1,36,0,1,-105.0,70.5,-47.5,5.0,289292,298.260052,nan,0.289292,nan,1,0,289160,2,0,0,1,132,64,16,68,17,33,1,0,0,1
516,-47.5,57.5,34,17,0,0.0,0.0,0,0.0,57.5,0,562500.0,60.2106819152832,60.2106819152832,17,34,0,2,34,0,2,-105.0,70.5,-47.5,5.0,578584,298.838636,nan,0.578584,nan,2,0,578320,4,0,0,2,264,128,32,136,34,66,2,0,0,2
517,-47.5,57.5,38,19,0,0.0,0.0,0,0.0,57.5,0,562500.0,62.61786079406738,57.70664596557617,19,38,0,2,38,0,2,-105.0,70.5,-47.5,5.0,578584,299.41722,nan,0.578584,nan,2,0,578320,4,0,0,2,264,128,32,136,34,66,2,0,0,2
518,-47.5,57.5,40,20,0,0.0,0.0,0,0.0,57.5,0,562500.0,57.74027442932129,57.74026107788086,20,40,0,1,40,0,1,-105.0,70.5,-47.5,5.0,289292,299.706512,nan,0.289292,nan,1,0,289160,2,0,0,1,132,64,16,68,17,33,1,0,0,1
519,-47.5,57.5,46,23,0,0.0,0.0,0,0.0,57.5,0,562500.0,39.07477152946702,19.959913185461144,23,46,0,3,46,0,3,-105.0,70.5,-47.5,5.0,867876,300.574388,nan,0.867876,nan,3,0,867480,6,0,0,3,396,192,48,204,51,99,3,0,0,3
520,-47.5,57.5,50,25,0,0.0,0.0,0,0.0,57.5,0,562500.0,40.24005276385574,40.240009317300334,25,50,0,2,50,0,2,-105.0,70.5,-47.5,5.0,578584,301.152972,nan,0.578584,nan,2,0,578320,4,0,0,2,264,128,32,136,34,66,2,0,0,2
521,-47.5,57.5,52,26,0,0.0,0.0,0,0.0,57.5,0,0.0,nan,nan,26,52,0,0,52,0,0,-105.0,70.5,-47.5,5.0,0,301.152972,nan,0.0,nan,0,0,0,0,0,0,0,0,0,0,0,0,0,0,0,0,0
522,-47.5,57.5,58,29,0,0.0,0.0,0,0.0,57.5,0,562500.0,49.45386791079882,33.41123611454167,29,58,0,4,58,0,4,-105.0,70.5,-47.5,5.0,1157168,302.31014,nan,1.157168,nan,4,0,1156640,8,0,0,4,528,256,64,272,68,132,4,0,0,4
523,-47.5,57.5,62,31,0,0.0,0.0,0,0.0,57.5,1,562500.0,39.05366536388763,34.02979018062557,31,62,1,2,62,0,3,-105.0,70.5,-47.5,5.0,578584,302.888724,nan,0.578584,nan,2,0,578320,4,0,0,2,264,128,32,136,34,66,2,0,0,2
524,-47.5,57.5,62,31,0,0.0,0.0,0,0.0,57.5,0,562500.0,39.073137397429505,34.033162124548376,31,62,0,2,62,0,2,-105.0,70.5,-47.5,5.0,578584,303.467308,nan,0.578584,nan,2,0,578320,4,0,0,2,264,128,32,136,34,66,2,0,0,2
525,-47.5,57.5,62,31,0,0.0,0.0,0,0.0,57.5,2,562500.0,41.7653196581564,18.06635645674071,31,62,2,4,62,0,6,-105.0,70.5,-47.5,5.0,1157168,304.624476,nan,1.157168,nan,4,0,1156640,8,0,0,4,528,256,64,272,68,132,4,0,0,4
526,-47.5,57.5,60,30,0,0.0,0.0,0,0.0,57.5,0,562500.0,61.679073333740234,61.679073333740234,30,60,0,1,60,0,1,-105.0,70.5,-47.5,5.0,289292,304.913768,nan,0.289292,nan,1,0,289160,2,0,0,1,132,64,16,68,17,33,1,0,0,1
527,-47.5,57.5,56,28,0,0.0,0.0,0,0.0,57.5,0,0.0,nan,nan,28,56,0,0,56,0,0,-105.0,70.5,-47.5,5.0,0,304.913768,nan,0.0,nan,0,0,0,0,0,0,0,0,0,0,0,0,0,0,0,0,0
528,-47.5,57.5,48,24,0,0.0,0.0,0,0.0,57.5,0,562500.0,28.03123258309953,27.285748865419354,24,48,0,2,48,0,2,-105.0,70.5,-47.5,5.0,578584,305.492352,nan,0.578584,nan,2,0,578320,4,0,0,2,264,128,32,136,34,66,2,0,0,2
529,-47.5,57.5,46,23,0,0.0,0.0,0,0.0,57.5,0,562500.0,67.50382614135742,67.50382614135742,23,46,0,1,46,0,1,-105.0,70.5,-47.5,5.0,289292,305.781644,nan,0.289292,nan,1,0,289160,2,0,0,1,132,64,16,68,17,33,1,0,0,1
530,-47.5,57.5,50,25,0,0.0,0.0,0,0.0,57.5,1,562500.0,39.64548257048357,20.76717881002213,25,50,1,3,50,0,4,-105.0,70.5,-47.5,5.0,867876,306.64952,nan,0.867876,nan,3,0,867480,6,0,0,3,396,192,48,204,51,99,3,0,0,3
531,-47.5,57.5,54,27,0,0.0,0.0,0,0.0,57.5,0,562500.0,45.864285268314454,38.84307856010273,27,54,0,3,54,0,3,-105.0,70.5,-47.5,5.0,867876,307.517396,nan,0.867876,nan,3,0,867480,6,0,0,3,396,192,48,204,51,99,3,0,0,3
532,-47.5,57.5,54,27,0,0.0,0.0,0,0.0,57.5,0,562500.0,63.58358287811279,59.7471809387207,27,54,0,2,54,0,2,-105.0,70.5,-47.5,5.0,578584,308.09598,nan,0.578584,nan,2,0,578320,4,0,0,2,264,128,32,136,34,66,2,0,0,2
533,-47.5,57.5,52,26,0,0.0,0.0,0,0.0,57.5,0,562500.0,47.058147749833886,27.076219149646384,26,52,0,4,52,0,4,-105.0,70.5,-47.5,5.0,1157168,309.253148,nan,1.157168,nan,4,0,1156640,8,0,0,4,528,256,64,272,68,132,4,0,0,4
534,-47.5,57.5,50,25,0,0.0,0.0,0,0.0,57.5,0,562500.0,61.44647979736328,61.44647979736328,25,50,0,1,50,0,1,-105.0,70.5,-47.5,5.0,289292,309.54244,nan,0.289292,nan,1,0,289160,2,0,0,1,132,64,16,68,17,33,1,0,0,1
535,-47.5,57.5,48,24,0,0.0,0.0,0,0.0,57.5,0,562500.0,61.0709285736084,60.3563346862793,24,48,0,2,48,0,2,-105.0,70.5,-47.5,5.0,578584,310.121024,nan,0.578584,nan,2,0,578320,4,0,0,2,264,128,32,136,34,66,2,0,0,2
536,-47.5,57.5,50,25,0,0.0,0.0,0,0.0,57.5,0,0.0,nan,nan,25,50,0,0,50,0,0,-105.0,70.5,-47.5,5.0,0,310.121024,nan,0.0,nan,0,0,0,0,0,0,0,0,0,0,0,0,0,0,0,0,0
537,-47.5,57.5,46,23,0,0.0,0.0,0,0.0,57.5,0,562500.0,50.4890296054474,44.802898592259204,23,46,0,3,46,0,3,-105.0,70.5,-47.5,5.0,867876,310.9889,nan,0.867876,nan,3,0,867480,6,0,0,3,396,192,48,204,51,99,3,0,0,3
538,-47.5,57.5,46,23,0,0.0,0.0,0,0.0,57.5,0,562500.0,32.93572966154641,31.201335847297432,23,46,0,2,46,0,2,-105.0,70.5,-47.5,5.0,578584,311.567484,nan,0.578584,nan,2,0,578320,4,0,0,2,264,128,32,136,34,66,2,0,0,2
539,-47.5,57.5,44,22,0,0.0,0.0,0,0.0,57.5,1,562500.0,40.269665428394894,33.006128122795715,22,44,1,2,44,0,3,-105.0,70.5,-47.5,5.0,578584,312.146068,nan,0.578584,nan,2,0,578320,4,0,0,2,264,128,32,136,34,66,2,0,0,2
540,-47.5,57.5,46,23,0,0.0,0.0,0,0.0,57.5,0,562500.0,48.32510206370051,36.92419351387058,23,46,0,3,46,0,3,-105.0,70.5,-47.5,5.0,867876,313.013944,nan,0.867876,nan,3,0,867480,6,0,0,3,396,192,48,204,51,99,3,0,0,3
541,-47.5,57.5,56,28,0,0.0,0.0,0,0.0,57.5,0,562500.0,48.382414150281896,38.45332530201395,28,56,0,3,56,0,3,-105.0,70.5,-47.5,5.0,867876,313.88182,nan,0.867876,nan,3,0,867480,6,0,0,3,396,192,48,204,51,99,3,0,0,3
542,-47.5,57.5,54,27,0,0.0,0.0,0,0.0,57.5,0,562500.0,63.36228942871094,60.33131408691406,27,54,0,2,54,0,2,-105.0,70.5,-47.5,5.0,578584,314.460404,nan,0.578584,nan,2,0,578320,4,0,0,2,264,128,32,136,34,66,2,0,0,2
543,-47.5,57.5,64,32,0,0.0,0.0,0,0.0,57.5,0,562500.0,62.117679595947266,62.08687210083008,32,64,0,2,64,0,2,-105.0,70.5,-47.5,5.0,578584,315.038988,nan,0.578584,nan,2,0,578320,4,0,0,2,264,128,32,136,34,66,2,0,0,2
544,-47.5,57.5,62,31,0,0.0,0.0,0,0.0,57.5,0,562500.0,65.07388687133789,65.07388687133789,31,62,0,1,62,0,1,-105.0,70.5,-47.5,5.0,289292,315.32828,nan,0.289292,nan,1,0,289160,2,0,0,1,132,64,16,68,17,33,1,0,0,1
545,-47.5,57.5,70,35,0,0.0,0.0,0,0.0,57.5,0,0.0,nan,nan,35,70,0,0,70,0,0,-105.0,70.5,-47.5,5.0,0,315.32828,nan,0.0,nan,0,0,0,0,0,0,0,0,0,0,0,0,0,0,0,0,0
546,-47.5,57.5,62,31,0,0.0,0.0,0,0.0,57.5,1,562500.0,57.742000579833984,57.74199676513672,31,62,1,1,62,0,2,-105.0,70.5,-47.5,5.0,289292,315.617572,nan,0.289292,nan,1,0,289160,2,0,0,1,132,64,16,68,17,33,1,0,0,1
547,-47.5,57.5,56,28,0,0.0,0.0,0,0.0,57.5,0,562500.0,60.20912742614746,59.10280990600586,28,56,0,2,56,0,2,-105.0,70.5,-47.5,5.0,578584,316.196156,nan,0.578584,nan,2,0,578320,4,0,0,2,264,128,32,136,34,66,2,0,0,2
548,-47.5,57.5,48,24,0,0.0,0.0,0,0.0,57.5,0,562500.0,59.52768325805664,59.52768325805664,24,48,0,1,48,0,1,-105.0,70.5,-47.5,5.0,289292,316.485448,nan,0.289292,nan,1,0,289160,2,0,0,1,132,64,16,68,17,33,1,0,0,1
549,-47.5,57.5,46,23,0,0.0,0.0,0,0.0,57.5,1,562500.0,66.23871231079102,66.23871231079102,23,46,1,1,46,0,2,-105.0,70.5,-47.5,5.0,289292,316.77474,nan,0.289292,nan,1,0,289160,2,0,0,1,132,64,16,68,17,33,1,0,0,1
550,-47.5,57.5,42,21,0,0.0,0.0,0,0.0,57.5,1,562500.0,60.369211196899414,57.71943664550781,21,42,1,4,42,0,5,-105.0,70.5,-47.5,5.0,1157168,317.931908,nan,1.157168,nan,4,0,1156640,8,0,0,4,528,256,64,272,68,132,4,0,0,4
551,-47.5,57.5,44,22,0,0.0,0.0,0,0.0,57.5,0,562500.0,42.600146901940946,26.230470563069606,22,44,0,3,44,0,3,-105.0,70.5,-47.5,5.0,867876,318.799784,nan,0.867876,nan,3,0,867480,6,0,0,3,396,192,48,204,51,99,3,0,0,3
552,-47.5,57.5,48,24,0,0.0,0.0,0,0.0,57.5,1,562500.0,61.2848014831543,61.2848014831543,24,48,1,1,48,0,2,-105.0,70.5,-47.5,5.0,289292,319.089076,nan,0.289292,nan,1,0,289160,2,0,0,1,132,64,16,68,17,33,1,0,0,1
553,-47.5,57.5,52,26,0,0.0,0.0,0,0.0,57.5,1,562500.0,36.84946011596386,19.632503857006597,26,52,1,4,52,0,5,-105.0,70.5,-47.5,5.0,1157168,320.246244,nan,1.157168,nan,4,0,1156640,8,0,0,4,528,256,64,272,68,132,4,0,0,4
554,-47.5,57.5,52,26,0,0.0,0.0,0,0.0,57.5,0,562500.0,58.3729133605957,58.37290954589844,26,52,0,1,52,0,1,-105.0,70.5,-47.5,5.0,289292,320.535536,nan,0.289292,nan,1,0,289160,2,0,0,1,132,64,16,68,17,33,1,0,0,1
555,-47.5,57.5,44,22,0,0.0,0.0,0,0.0,57.5,0,562500.0,45.129029391316415,34.17156709274005,22,44,0,3,44,0,3,-105.0,70.5,-47.5,5.0,867876,321.403412,nan,0.867876,nan,3,0,867480,6,0,0,3,396,192,48,204,51,99,3,0,0,3
556,-47.5,57.5,38,19,0,0.0,0.0,0,0.0,57.5,1,562500.0,52.75287011928214,36.804343975089175,19,38,1,3,38,0,4,-105.0,70.5,-47.5,5.0,867876,322.271288,nan,0.867876,nan,3,0,867480,6,0,0,3,396,192,48,204,51,99,3,0,0,3
557,-47.5,57.5,26,13,0,0.0,0.0,0,0.0,57.5,0,562500.0,59.76406478881836,57.88872528076172,13,26,0,2,26,0,2,-105.0,70.5,-47.5,5.0,578584,322.849872,nan,0.578584,nan,2,0,578320,4,0,0,2,264,128,32,136,34,66,2,0,0,2
558,-47.5,57.5,18,9,0,0.0,0.0,0,0.0,57.5,0,562500.0,59.693376541137695,59.17811584472656,9,18,0,2,18,0,2,-105.0,70.5,-47.5,5.0,578584,323.428456,nan,0.578584,nan,2,0,578320,4,0,0,2,264,128,32,136,34,66,2,0,0,2
559,-47.5,57.5,20,10,0,0.0,0.0,0,0.0,57.5,0,562500.0,49.44995406163488,38.824450457419324,10,20,0,2,20,0,2,-105.0,70.5,-47.5,5.0,578584,324.00704,nan,0.578584,nan,2,0,578320,4,0,0,2,264,128,32,136,34,66,2,0,0,2
560,-47.5,57.5,24,12,0,0.0,0.0,0,0.0,57.5,0,562500.0,32.980170825615865,18.648863222795008,12,24,0,3,24,0,3,-105.0,70.5,-47.5,5.0,867876,324.874916,nan,0.867876,nan,3,0,867480,6,0,0,3,396,192,48,204,51,99,3,0,0,3
561,-47.5,57.5,22,11,0,0.0,0.0,0,0.0,57.5,0,0.0,nan,nan,11,22,0,0,22,0,0,-105.0,70.5,-47.5,5.0,0,324.874916,nan,0.0,nan,0,0,0,0,0,0,0,0,0,0,0,0,0,0,0,0,0
562,-47.5,57.5,20,10,0,0.0,0.0,0,0.0,57.5,0,562500.0,40.82397187197881,39.18722828468817,10,20,0,2,20,0,2,-105.0,70.5,-47.5,5.0,578584,325.4535,nan,0.578584,nan,2,0,578320,4,0,0,2,264,128,32,136,34,66,2,0,0,2
563,-47.5,57.5,22,11,0,0.0,0.0,0,0.0,57.5,1,562500.0,46.36623553919179,37.91931777965334,11,22,1,4,22,0,5,-105.0,70.5,-47.5,5.0,1157168,326.610668,nan,1.157168,nan,4,0,1156640,8,0,0,4,528,256,64,272,68,132,4,0,0,4
564,-47.5,57.5,18,9,0,0.0,0.0,0,0.0,57.5,0,562500.0,64.58528137207031,64.58528137207031,9,18,0,1,18,0,1,-105.0,70.5,-47.5,5.0,289292,326.89996,nan,0.289292,nan,1,0,289160,2,0,0,1,132,64,16,68,17,33,1,0,0,1
565,-47.5,57.5,20,10,0,0.0,0.0,0,0.0,57.5,0,562500.0,58.121599197387695,58.12159729003906,10,20,0,1,20,0,1,-105.0,70.5,-47.5,5.0,289292,327.189252,nan,0.289292,nan,1,0,289160,2,0,0,1,132,64,16,68,17,33,1,0,0,1
566,-47.5,57.5,28,14,0,0.0,0.0,0,0.0,57.5,0,562500.0,60.21068572998047,60.21068572998047,14,28,0,1,28,0,1,-105.0,70.5,-47.5,5.0,289292,327.478544,nan,0.289292,nan,1,0,289160,2,0,0,1,132,64,16,68,17,33,1,0,0,1
567,-47.5,57.5,32,16,0,0.0,0.0,0,0.0,57.5,0,0.0,nan,nan,16,32,0,0,32,0,0,-105.0,70.5,-47.5,5.0,0,327.478544,nan,0.0,nan,0,0,0,0,0,0,0,0,0,0,0,0,0,0,0,0,0
568,-47.5,57.5,38,19,0,0.0,0.0,0,0.0,57.5,0,562500.0,42.04218946232508,39.49984689641873,19,38,0,2,38,0,2,-105.0,70.5,-47.5,5.0,578584,328.057128,nan,0.578584,nan,2,0,578320,4,0,0,2,264,128,32,136,34,66,2,0,0,2
569,-47.5,57.5,42,21,0,0.0,0.0,0,0.0,57.5,0,562500.0,51.220195779408066,43.69289917603973,21,42,0,3,42,0,3,-105.0,70.5,-47.5,5.0,867876,328.925004,nan,0.867876,nan,3,0,867480,6,0,0,3,396,192,48,204,51,99,3,0,0,3
570,-47.5,57.5,42,21,0,0.0,0.0,0,0.0,57.5,0,562500.0,74.48131370544434,74.48131370544434,21,42,0,1,42,0,1,-105.0,70.5,-47.5,5.0,289292,329.214296,nan,0.289292,nan,1,0,289160,2,0,0,1,132,64,16,68,17,33,1,0,0,1
571,-47.5,57.5,44,22,0,0.0,0.0,0,0.0,57.5,0,562500.0,55.96180067904589,47.6586290898223,22,44,0,4,44,0,4,-105.0,70.5,-47.5,5.0,1157168,330.371464,nan,1.157168,nan,4,0,1156640,8,0,0,4,528,256,64,272,68,132,4,0,0,4
572,-47.5,57.5,42,21,0,0.0,0.0,0,0.0,57.5,0,562500.0,67.7629165649414,67.7629165649414,21,42,0,1,42,0,1,-105.0,70.5,-47.5,5.0,289292,330.660756,nan,0.289292,nan,1,0,289160,2,0,0,1,132,64,16,68,17,33,1,0,0,1
573,-47.5,57.5,42,21,0,0.0,0.0,0,0.0,57.5,2,562500.0,67.66497039794922,67.66497039794922,21,42,2,1,42,0,3,-105.0,70.5,-47.5,5.0,289292,330.950048,nan,0.289292,nan,1,0,289160,2,0,0,1,132,64,16,68,17,33,1,0,0,1
574,-47.5,57.5,40,20,0,0.0,0.0,0,0.0,57.5,0,562500.0,40.2400754216048,40.24006218538255,20,40,0,2,40,0,2,-105.0,70.5,-47.5,5.0,578584,331.528632,nan,0.578584,nan,2,0,578320,4,0,0,2,264,128,32,136,34,66,2,0,0,2
575,-47.5,57.5,44,22,0,0.0,0.0,0,0.0,57.5,1,562500.0,21.355379220570597,20.844692143717985,22,44,1,2,44,0,3,-105.0,70.5,-47.5,5.0,578584,332.107216,nan,0.578584,nan,2,0,578320,4,0,0,2,264,128,32,136,34,66,2,0,0,2
576,-47.5,57.5,48,24,0,0.0,0.0,0,0.0,57.5,0,562500.0,34.3186406468947,19.940888303120122,24,48,0,3,48,0,3,-105.0,70.5,-47.5,5.0,867876,332.975092,nan,0.867876,nan,3,0,867480,6,0,0,3,396,192,48,204,51,99,3,0,0,3
577,-47.5,57.5,50,25,0,0.0,0.0,0,0.0,57.5,0,562500.0,28.570745071270338,25.64412352497772,25,50,0,2,50,0,2,-105.0,70.5,-47.5,5.0,578584,333.553676,nan,0.578584,nan,2,0,578320,4,0,0,2,264,128,32,136,34,66,2,0,0,2
578,-47.5,57.5,50,25,0,0.0,0.0,0,0.0,57.5,1,562500.0,67.19612312316895,60.21068572998047,25,50,1,2,50,0,3,-105.0,70.5,-47.5,5.0,578584,334.13226,nan,0.578584,nan,2,0,578320,4,0,0,2,264,128,32,136,34,66,2,0,0,2
579,-47.5,57.5,46,23,0,0.0,0.0,0,0.0,57.5,1,562500.0,26.72326545299856,22.975093532697493,23,46,1,2,46,0,3,-105.0,70.5,-47.5,5.0,578584,334.710844,nan,0.578584,nan,2,0,578320,4,0,0,2,264,128,32,136,34,66,2,0,0,2
580,-47.5,57.5,48,24,0,0.0,0.0,0,0.0,57.5,0,562500.0,61.83677291870117,61.83677291870117,24,48,0,1,48,0,1,-105.0,70.5,-47.5,5.0,289292,335.000136,nan,0.289292,nan,1,0,289160,2,0,0,1,132,64,16,68,17,33,1,0,0,1
581,-47.5,57.5,48,24,0,0.0,0.0,0,0.0,57.5,0,562500.0,35.629889699997484,19.115293012731797,24,48,0,4,48,0,4,-105.0,70.5,-47.5,5.0,1157168,336.157304,nan,1.157168,nan,4,0,1156640,8,0,0,4,528,256,64,272,68,132,4,0,0,4
582,-47.5,57.5,48,24,0,0.0,0.0,0,0.0,57.5,0,562500.0,63.13995170593262,58.51698684692383,24,48,0,2,48,0,2,-105.0,70.5,-47.5,5.0,578584,336.735888,nan,0.578584,nan,2,0,578320,4,0,0,2,264,128,32,136,34,66,2,0,0,2
583,-47.5,57.5,48,24,0,0.0,0.0,0,0.0,57.5,0,562500.0,63.07145563761393,60.2106819152832,24,48,0,3,48,0,3,-105.0,70.5,-47.5,5.0,867876,337.603764,nan,0.867876,nan,3,0,867480,6,0,0,3,396,192,48,204,51,99,3,0,0,3
584,-47.5,57.5,48,24,0,0.0,0.0,0,0.0,57.5,0,0.0,nan,nan,24,48,0,0,48,0,0,-105.0,70.5,-47.5,5.0,0,337.603764,nan,0.0,nan,0,0,0,0,0,0,0,0,0,0,0,0,0,0,0,0,0
585,-47.5,57.5,48,24,0,0.0,0.0,0,0.0,57.5,0,562500.0,49.14354758883125,36.132186824486546,24,48,0,3,48,0,3,-105.0,70.5,-47.5,5.0,867876,338.47164,nan,0.867876,nan,3,0,867480,6,0,0,3,396,192,48,204,51,99,3,0,0,3
586,-47.5,57.5,62,31,0,0.0,0.0,0,0.0,57.5,0,0.0,nan,nan,31,62,0,0,62,0,0,-105.0,70.5,-47.5,5.0,0,338.47164,nan,0.0,nan,0,0,0,0,0,0,0,0,0,0,0,0,0,0,0,0,0
587,-47.5,57.5,62,31,0,0.0,0.0,0,0.0,57.5,0,562500.0,57.029391182097186,40.97123065466029,31,62,0,3,62,0,3,-105.0,70.5,-47.5,5.0,867876,339.339516,nan,0.867876,nan,3,0,867480,6,0,0,3,396,192,48,204,51,99,3,0,0,3
588,-47.5,57.5,62,31,0,0.0,0.0,0,0.0,57.5,0,562500.0,62.92913818359375,62.92913818359375,31,62,0,1,62,0,1,-105.0,70.5,-47.5,5.0,289292,339.628808,nan,0.289292,nan,1,0,289160,2,0,0,1,132,64,16,68,17,33,1,0,0,1
589,-47.5,57.5,64,32,0,0.0,0.0,0,0.0,57.5,0,562500.0,62.5259370803833,61.930484771728516,32,64,0,2,64,0,2,-105.0,70.5,-47.5,5.0,578584,340.207392,nan,0.578584,nan,2,0,578320,4,0,0,2,264,128,32,136,34,66,2,0,0,2
590,-47.5,57.5,66,33,0,0.0,0.0,0,0.0,57.5,1,562500.0,62.82780838012695,58.92512512207031,33,66,1,2,66,0,3,-105.0,70.5,-47.5,5.0,578584,340.785976,nan,0.578584,nan,2,0,578320,4,0,0,2,264,128,32,136,34,66,2,0,0,2
591,-47.5,57.5,74,37,0,0.0,0.0,0,0.0,57.5,0,562500.0,61.06787300109863,60.86164093017578,37,74,0,2,74,0,2,-105.0,70.5,-47.5,5.0,578584,341.36456,nan,0.578584,nan,2,0,578320,4,0,0,2,264,128,32,136,34,66,2,0,0,2
592,-47.5,57.5,64,32,0,0.0,0.0,0,0.0,57.5,0,0.0,nan,nan,32,64,0,0,64,0,0,-105.0,70.5,-47.5,5.0,0,341.36456,nan,0.0,nan,0,0,0,0,0,0,0,0,0,0,0,0,0,0,0,0,0
593,-47.5,57.5,56,28,0,0.0,0.0,0,0.0,57.5,0,562500.0,43.49307816235388,38.20087596221215,28,56,0,4,56,0,4,-105.0,70.5,-47.5,5.0,1157168,342.521728,nan,1.157168,nan,4,0,1156640,8,0,0,4,528,256,64,272,68,132,4,0,0,4
594,-47.5,57.5,48,24,0,0.0,0.0,0,0.0,57.5,0,562500.0,61.8048791885376,59.68709945678711,24,48,0,2,48,0,2,-105.0,70.5,-47.5,5.0,578584,343.100312,nan,0.578584,nan,2,0,578320,4,0,0,2,264,128,32,136,34,66,2,0,0,2
595,-47.5,57.5,50,25,0,0.0,0.0,0,0.0,57.5,0,562500.0,60.81159019470215,60.811588287353516,25,50,0,1,50,0,1,-105.0,70.5,-47.5,5.0,289292,343.389604,nan,0.289292,nan,1,0,289160,2,0,0,1,132,64,16,68,17,33,1,0,0,1
596,-47.5,57.5,44,22,0,0.0,0.0,0,0.0,57.5,0,562500.0,65.13364791870117,65.13364791870117,22,44,0,1,44,0,1,-105.0,70.5,-47.5,5.0,289292,343.678896,nan,0.289292,nan,1,0,289160,2,0,0,1,132,64,16,68,17,33,1,0,0,1
597,-47.5,57.5,50,25,0,0.0,0.0,0,0.0,57.5,1,562500.0,41.39911790081027,37.44229455295668,25,50,1,2,50,0,3,-105.0,70.5,-47.5,5.0,578584,344.25748,nan,0.578584,nan,2,0,578320,4,0,0,2,264,128,32,136,34,66,2,0,0,2
598,-47.5,57.5,46,23,0,0.0,0.0,0,0.0,57.5,0,562500.0,62.380306243896484,62.380306243896484,23,46,0,1,46,0,1,-105.0,70.5,-47.5,5.0,289292,344.546772,nan,0.289292,nan,1,0,289160,2,0,0,1,132,64,16,68,17,33,1,0,0,1
599,-47.5,57.5,52,26,0,0.0,0.0,0,0.0,57.5,1,562500.0,43.89363563513486,32.15860043228817,26,52,1,3,52,0,4,-105.0,70.5,-47.5,5.0,867876,345.414648,nan,0.867876,nan,3,0,867480,6,0,0,3,396,192,48,204,51,99,3,0,0,3
600,-47.5,57.5,52,26,0,0.0,0.0,0,0.0,57.5,1,562500.0,74.60258483886719,74.60258483886719,26,52,1,1,52,0,2,-105.0,70.5,-47.5,5.0,289292,345.70394,nan,0.289292,nan,1,0,289160,2,0,0,1,132,64,16,68,17,33,1,0,0,1
601,-47.5,57.5,52,26,0,0.0,0.0,0,0.0,57.5,1,562500.0,62.37630653381348,57.90945053100586,26,52,1,3,52,0,4,-105.0,70.5,-47.5,5.0,867876,346.571816,nan,0.867876,nan,3,0,867480,6,0,0,3,396,192,48,204,51,99,3,0,0,3
602,-47.5,57.5,54,27,0,0.0,0.0,0,0.0,57.5,2,562500.0,41.54092730398811,18.53419103838951,27,54,2,4,54,0,6,-105.0,70.5,-47.5,5.0,1157168,347.728984,nan,1.157168,nan,4,0,1156640,8,0,0,4,528,256,64,272,68,132,4,0,0,4
603,-47.5,57.5,48,24,0,0.0,0.0,0,0.0,57.5,1,562500.0,23.519881417998075,22.391300489574384,24,48,1,2,48,0,3,-105.0,70.5,-47.5,5.0,578584,348.307568,nan,0.578584,nan,2,0,578320,4,0,0,2,264,128,32,136,34,66,2,0,0,2
604,-47.5,57.5,46,23,0,0.0,0.0,0,0.0,57.5,1,562500.0,43.32410453240639,37.751851792288335,23,46,1,2,46,0,3,-105.0,70.5,-47.5,5.0,578584,348.886152,nan,0.578584,nan,2,0,578320,4,0,0,2,264,128,32,136,34,66,2,0,0,2
605,-47.5,57.5,38,19,0,0.0,0.0,0,0.0,57.5,0,562500.0,39.190311966313914,18.799134290061744,19,38,0,4,38,0,4,-105.0,70.5,-47.5,5.0,1157168,350.04332,nan,1.157168,nan,4,0,1156640,8,0,0,4,528,256,64,272,68,132,4,0,0,4
606,-47.5,57.5,34,17,0,0.0,0.0,0,0.0,57.5,0,0.0,nan,nan,17,34,0,0,34,0,0,-105.0,70.5,-47.5,5.0,0,350.04332,nan,0.0,nan,0,0,0,0,0,0,0,0,0,0,0,0,0,0,0,0,0
607,-47.5,57.5,40,20,0,0.0,0.0,0,0.0,57.5,0,0.0,nan,nan,20,40,0,0,40,0,0,-105.0,70.5,-47.5,5.0,0,350.04332,nan,0.0,nan,0,0,0,0,0,0,0,0,0,0,0,0,0,0,0,0,0
608,-47.5,57.5,42,21,0,0.0,0.0,0,0.0,57.5,0,562500.0,27.084156047517816,21.757044218161113,21,42,0,2,42,0,2,-105.0,70.5,-47.5,5.0,578584,350.621904,nan,0.578584,nan,2,0,578320,4,0,0,2,264,128,32,136,34,66,2,0,0,2
609,-47.5,57.5,36,18,0,0.0,0.0,0,0.0,57.5,0,0.0,nan,nan,18,36,0,0,36,0,0,-105.0,70.5,-47.5,5.0,0,350.621904,nan,0.0,nan,0,0,0,0,0,0,0,0,0,0,0,0,0,0,0,0,0
610,-47.5,57.5,44,22,0,0.0,0.0,0,0.0,57.5,0,562500.0,43.23755968930516,41.11815972804585,22,44,0,2,44,0,2,-105.0,70.5,-47.5,5.0,578584,351.200488,nan,0.578584,nan,2,0,578320,4,0,0,2,264,128,32,136,34,66,2,0,0,2
611,-47.5,57.5,54,27,0,0.0,0.0,0,0.0,57.5,1,562500.0,62.076812744140625,62.076812744140625,27,54,1,1,54,0,2,-105.0,70.5,-47.5,5.0,289292,351.48978,nan,0.289292,nan,1,0,289160,2,0,0,1,132,64,16,68,17,33,1,0,0,1
612,-47.5,57.5,54,27,0,0.0,0.0,0,0.0,57.5,1,562500.0,68.77031135559082,67.44038009643555,27,54,1,2,54,0,3,-105.0,70.5,-47.5,5.0,578584,352.068364,nan,0.578584,nan,2,0,578320,4,0,0,2,264,128,32,136,34,66,2,0,0,2
613,-47.5,57.5,58,29,0,0.0,0.0,0,0.0,57.5,3,562500.0,30.75037843078977,24.777195961209433,29,58,3,4,58,0,7,-105.0,70.5,-47.5,5.0,1157168,353.225532,nan,1.157168,nan,4,0,1156640,8,0,0,4,528,256,64,272,68,132,4,0,0,4
614,-47.5,57.5,56,28,0,0.0,0.0,0,0.0,57.5,2,562500.0,35.17807027062122,30.830081074782537,28,56,2,4,56,0,6,-105.0,70.5,-47.5,5.0,1157168,354.3827,nan,1.157168,nan,4,0,1156640,8,0,0,4,528,256,64,272,68,132,4,0,0,4
615,-47.5,57.5,60,30,0,0.0,0.0,0,0.0,57.5,0,562500.0,40.486028990240584,30.87763889803021,30,60,0,4,60,0,4,-105.0,70.5,-47.5,5.0,1157168,355.539868,nan,1.157168,nan,4,0,1156640,8,0,0,4,528,256,64,272,68,132,4,0,0,4
616,-47.5,57.5,58,29,0,0.0,0.0,0,0.0,57.5,0,562500.0,61.390350341796875,61.390350341796875,29,58,0,1,58,0,1,-105.0,70.5,-47.5,5.0,289292,355.82916,nan,0.289292,nan,1,0,289160,2,0,0,1,132,64,16,68,17,33,1,0,0,1
617,-47.5,57.5,58,29,0,0.0,0.0,0,0.0,57.5,0,562500.0,64.2841796875,64.2841796875,29,58,0,1,58,0,1,-105.0,70.5,-47.5,5.0,289292,356.118452,nan,0.289292,nan,1,0,289160,2,0,0,1,132,64,16,68,17,33,1,0,0,1
618,-47.5,57.5,54,27,0,0.0,0.0,0,0.0,57.5,0,562500.0,61.00643539428711,61.00643539428711,27,54,0,1,54,0,1,-105.0,70.5,-47.5,5.0,289292,356.407744,nan,0.289292,nan,1,0,289160,2,0,0,1,132,64,16,68,17,33,1,0,0,1
619,-47.5,57.5,52,26,0,0.0,0.0,0,0.0,57.5,0,562500.0,47.021693586470384,37.80060439273202,26,52,0,3,52,0,3,-105.0,70.5,-47.5,5.0,867876,357.27562,nan,0.867876,nan,3,0,867480,6,0,0,3,396,192,48,204,51,99,3,0,0,3
620,-47.5,57.5,52,26,0,0.0,0.0,0,0.0,57.5,0,562500.0,59.489925384521484,59.489925384521484,26,52,0,1,52,0,1,-105.0,70.5,-47.5,5.0,289292,357.564912,nan,0.289292,nan,1,0,289160,2,0,0,1,132,64,16,68,17,33,1,0,0,1
621,-47.5,57.5,40,20,0,0.0,0.0,0,0.0,57.5,1,562500.0,40.1301505133205,37.92183682296711,20,40,1,2,40,0,3,-105.0,70.5,-47.5,5.0,578584,358.143496,nan,0.578584,nan,2,0,578320,4,0,0,2,264,128,32,136,34,66,2,0,0,2
622,-47.5,57.5,42,21,0,0.0,0.0,0,0.0,57.5,0,562500.0,43.392461692538376,29.070909998870313,21,42,0,4,42,0,4,-105.0,70.5,-47.5,5.0,1157168,359.300664,nan,1.157168,nan,4,0,1156640,8,0,0,4,528,256,64,272,68,132,4,0,0,4
623,-47.5,57.5,38,19,0,0.0,0.0,0,0.0,57.5,0,0.0,nan,nan,19,38,0,0,38,0,0,-105.0,70.5,-47.5,5.0,0,359.300664,nan,0.0,nan,0,0,0,0,0,0,0,0,0,0,0,0,0,0,0,0,0
624,-47.5,57.5,44,22,0,0.0,0.0,0,0.0,57.5,1,562500.0,46.694244170543016,31.533893433489276,22,44,1,4,44,0,5,-105.0,70.5,-47.5,5.0,1157168,360.457832,nan,1.157168,nan,4,0,1156640,8,0,0,4,528,256,64,272,68,132,4,0,0,4
625,-47.5,57.5,46,23,0,0.0,0.0,0,0.0,57.5,0,562500.0,67.41094589233398,67.29642868041992,23,46,0,2,46,0,2,-105.0,70.5,-47.5,5.0,578584,361.036416,nan,0.578584,nan,2,0,578320,4,0,0,2,264,128,32,136,34,66,2,0,0,2
626,-47.5,57.5,46,23,0,0.0,0.0,0,0.0,57.5,0,562500.0,60.90140914916992,60.3563346862793,23,46,0,2,46,0,2,-105.0,70.5,-47.5,5.0,578584,361.615,nan,0.578584,nan,2,0,578320,4,0,0,2,264,128,32,136,34,66,2,0,0,2
627,-47.5,57.5,46,23,0,0.0,0.0,0,0.0,57.5,0,562500.0,59.32038879394531,58.435707092285156,23,46,0,2,46,0,2,-105.0,70.5,-47.5,5.0,578584,362.193584,nan,0.578584,nan,2,0,578320,4,0,0,2,264,128,32,136,34,66,2,0,0,2
628,-47.5,57.5,46,23,0,0.0,0.0,0,0.0,57.5,0,562500.0,60.21068572998047,60.21068572998047,23,46,0,1,46,0,1,-105.0,70.5,-47.5,5.0,289292,362.482876,nan,0.289292,nan,1,0,289160,2,0,0,1,132,64,16,68,17,33,1,0,0,1
629,-47.5,57.5,46,23,0,0.0,0.0,0,0.0,57.5,0,562500.0,19.35642661663411,19.029710552766677,23,46,0,2,46,0,2,-105.0,70.5,-47.5,5.0,578584,363.06146,nan,0.578584,nan,2,0,578320,4,0,0,2,264,128,32,136,34,66,2,0,0,2
630,-47.5,57.5,46,23,0,0.0,0.0,0,0.0,57.5,0,562500.0,60.21068572998047,60.21068572998047,23,46,0,1,46,0,1,-105.0,70.5,-47.5,5.0,289292,363.350752,nan,0.289292,nan,1,0,289160,2,0,0,1,132,64,16,68,17,33,1,0,0,1
631,-47.5,57.5,58,29,0,0.0,0.0,0,0.0,57.5,1,562500.0,59.17930793762207,57.60365295410156,29,58,1,2,58,0,3,-105.0,70.5,-47.5,5.0,578584,363.929336,nan,0.578584,nan,2,0,578320,4,0,0,2,264,128,32,136,34,66,2,0,0,2
632,-47.5,57.5,58,29,0,0.0,0.0,0,0.0,57.5,0,562500.0,64.96502685546875,64.96502685546875,29,58,0,1,58,0,1,-105.0,70.5,-47.5,5.0,289292,364.218628,nan,0.289292,nan,1,0,289160,2,0,0,1,132,64,16,68,17,33,1,0,0,1
633,-47.5,57.5,64,32,0,0.0,0.0,0,0.0,57.5,0,562500.0,58.680660247802734,58.680660247802734,32,64,0,1,64,0,1,-105.0,70.5,-47.5,5.0,289292,364.50792,nan,0.289292,nan,1,0,289160,2,0,0,1,132,64,16,68,17,33,1,0,0,1
634,-47.5,57.5,58,29,0,0.0,0.0,0,0.0,57.5,0,562500.0,51.10359788265928,40.615825822991596,29,58,0,3,58,0,3,-105.0,70.5,-47.5,5.0,867876,365.375796,nan,0.867876,nan,3,0,867480,6,0,0,3,396,192,48,204,51,99,3,0,0,3
635,-47.5,57.5,62,31,0,0.0,0.0,0,0.0,57.5,0,562500.0,60.962589263916016,60.962589263916016,31,62,0,1,62,0,1,-105.0,70.5,-47.5,5.0,289292,365.665088,nan,0.289292,nan,1,0,289160,2,0,0,1,132,64,16,68,17,33,1,0,0,1
636,-47.5,57.5,62,31,0,0.0,0.0,0,0.0,57.5,0,562500.0,42.01790688275841,41.0723547307344,31,62,0,2,62,0,2,-105.0,70.5,-47.5,5.0,578584,366.243672,nan,0.578584,nan,2,0,578320,4,0,0,2,264,128,32,136,34,66,2,0,0,2
637,-47.5,57.5,48,24,0,0.0,0.0,0,0.0,57.5,1,562500.0,50.23810361572382,41.15536251976876,24,48,1,3,48,0,4,-105.0,70.5,-47.5,5.0,867876,367.111548,nan,0.867876,nan,3,0,867480,6,0,0,3,396,192,48,204,51,99,3,0,0,3
638,-47.5,57.5,42,21,0,0.0,0.0,0,0.0,57.5,2,562500.0,65.16468048095703,62.55164337158203,21,42,2,2,42,0,4,-105.0,70.5,-47.5,5.0,578584,367.690132,nan,0.578584,nan,2,0,578320,4,0,0,2,264,128,32,136,34,66,2,0,0,2
639,-47.5,57.5,42,21,0,0.0,0.0,0,0.0,57.5,2,562500.0,41.750201275254824,26.504897121378686,21,42,2,5,42,0,7,-105.0,70.5,-47.5,5.0,1446460,369.136592,nan,1.44646,nan,5,0,1445800,10,0,0,5,660,320,80,340,85,165,5,0,0,5
640,-47.5,57.5,46,23,0,0.0,0.0,0,0.0,57.5,0,562500.0,43.59367538943193,26.48099427696573,23,46,0,3,46,0,3,-105.0,70.5,-47.5,5.0,867876,370.004468,nan,0.867876,nan,3,0,867480,6,0,0,3,396,192,48,204,51,99,3,0,0,3
641,-47.5,57.5,44,22,0,0.0,0.0,0,0.0,57.5,0,562500.0,60.54168510437012,58.40724182128906,22,44,0,2,44,0,2,-105.0,70.5,-47.5,5.0,578584,370.583052,nan,0.578584,nan,2,0,578320,4,0,0,2,264,128,32,136,34,66,2,0,0,2
642,-47.5,57.5,44,22,0,0.0,0.0,0,0.0,57.5,1,562500.0,47.07158470131064,41.369349053997496,22,44,1,2,44,0,3,-105.0,70.5,-47.5,5.0,578584,371.161636,nan,0.578584,nan,2,0,578320,4,0,0,2,264,128,32,136,34,66,2,0,0,2
643,-47.5,57.5,36,18,0,0.0,0.0,0,0.0,57.5,0,562500.0,63.15317153930664,63.15317153930664,18,36,0,1,36,0,1,-105.0,70.5,-47.5,5.0,289292,371.450928,nan,0.289292,nan,1,0,289160,2,0,0,1,132,64,16,68,17,33,1,0,0,1
644,-47.5,57.5,34,17,0,0.0,0.0,0,0.0,57.5,0,562500.0,58.31160640716553,58.28539276123047,17,34,0,2,34,0,2,-105.0,70.5,-47.5,5.0,578584,372.029512,nan,0.578584,nan,2,0,578320,4,0,0,2,264,128,32,136,34,66,2,0,0,2
645,-47.5,57.5,26,13,0,0.0,0.0,0,0.0,57.5,2,562500.0,61.918904530713654,57.75190353393555,13,26,2,3,26,0,5,-105.0,70.5,-47.5,5.0,867876,372.897388,nan,0.867876,nan,3,0,867480,6,0,0,3,396,192,48,204,51,99,3,0,0,3
646,-47.5,57.5,28,14,0,0.0,0.0,0,0.0,57.5,1,562500.0,41.976957031888695,28.842806666069542,14,28,1,3,28,0,4,-105.0,70.5,-47.5,5.0,867876,373.765264,nan,0.867876,nan,3,0,867480,6,0,0,3,396,192,48,204,51,99,3,0,0,3
647,-47.5,57.5,30,15,0,0.0,0.0,0,0.0,57.5,1,562500.0,64.5124071653332,60.43241391734735,15,30,1,2,30,0,3,-105.0,70.5,-47.5,5.0,578584,374.343848,nan,0.578584,nan,2,0,578320,4,0,0,2,264,128,32,136,34,66,2,0,0,2
648,-47.5,57.5,26,13,0,0.0,0.0,0,0.0,57.5,2,562500.0,60.83390522003174,58.503868103027344,13,26,2,2,26,0,4,-105.0,70.5,-47.5,5.0,578584,374.922432,nan,0.578584,nan,2,0,578320,4,0,0,2,264,128,32,136,34,66,2,0,0,2
649,-47.5,57.5,34,17,0,0.0,0.0,0,0.0,57.5,1,562500.0,55.500766462207196,35.75852335328169,17,34,1,4,34,0,5,-105.0,70.5,-47.5,5.0,1157168,376.0796,nan,1.157168,nan,4,0,1156640,8,0,0,4,528,256,64,272,68,132,4,0,0,4
650,-47.5,57.5,36,18,0,0.0,0.0,0,0.0,57.5,0,562500.0,61.59904479980469,61.59904479980469,18,36,0,1,36,0,1,-105.0,70.5,-47.5,5.0,289292,376.368892,nan,0.289292,nan,1,0,289160,2,0,0,1,132,64,16,68,17,33,1,0,0,1
651,-47.5,57.5,36,18,0,0.0,0.0,0,0.0,57.5,0,562500.0,58.67964172363281,58.67964172363281,18,36,0,1,36,0,1,-105.0,70.5,-47.5,5.0,289292,376.658184,nan,0.289292,nan,1,0,289160,2,0,0,1,132,64,16,68,17,33,1,0,0,1
652,-47.5,57.5,42,21,0,0.0,0.0,0,0.0,57.5,0,562500.0,57.72216033935547,57.7221565246582,21,42,0,1,42,0,1,-105.0,70.5,-47.5,5.0,289292,376.947476,nan,0.289292,nan,1,0,289160,2,0,0,1,132,64,16,68,17,33,1,0,0,1
653,-47.5,57.5,42,21,0,0.0,0.0,0,0.0,57.5,0,562500.0,58.72513389587402,58.72513198852539,21,42,0,1,42,0,1,-105.0,70.5,-47.5,5.0,289292,377.236768,nan,0.289292,nan,1,0,289160,2,0,0,1,132,64,16,68,17,33,1,0,0,1
654,-47.5,57.5,42,21,0,0.0,0.0,0,0.0,57.5,2,562500.0,64.53204345703125,62.485713958740234,21,42,2,2,42,0,4,-105.0,70.5,-47.5,5.0,578584,377.815352,nan,0.578584,nan,2,0,578320,4,0,0,2,264,128,32,136,34,66,2,0,0,2
655,-47.5,57.5,44,22,0,0.0,0.0,0,0.0,57.5,0,562500.0,54.63581503994291,51.63496086577855,22,44,0,3,44,0,3,-105.0,70.5,-47.5,5.0,867876,378.683228,nan,0.867876,nan,3,0,867480,6,0,0,3,396,192,48,204,51,99,3,0,0,3
656,-47.5,57.5,46,23,0,0.0,0.0,0,0.0,57.5,1,562500.0,65.77816581726074,65.77816390991211,23,46,1,1,46,0,2,-105.0,70.5,-47.5,5.0,289292,378.97252,nan,0.289292,nan,1,0,289160,2,0,0,1,132,64,16,68,17,33,1,0,0,1
657,-47.5,57.5,52,26,0,0.0,0.0,0,0.0,57.5,0,0.0,nan,nan,26,52,0,0,52,0,0,-105.0,70.5,-47.5,5.0,0,378.97252,nan,0.0,nan,0,0,0,0,0,0,0,0,0,0,0,0,0,0,0,0,0
658,-47.5,57.5,56,28,0,0.0,0.0,0,0.0,57.5,0,562500.0,43.18581213310861,22.50821936909462,28,56,0,3,56,0,3,-105.0,70.5,-47.5,5.0,867876,379.840396,nan,0.867876,nan,3,0,867480,6,0,0,3,396,192,48,204,51,99,3,0,0,3
659,-47.5,57.5,60,30,0,0.0,0.0,0,0.0,57.5,0,562500.0,57.81148147583008,57.81148147583008,30,60,0,1,60,0,1,-105.0,70.5,-47.5,5.0,289292,380.129688,nan,0.289292,nan,1,0,289160,2,0,0,1,132,64,16,68,17,33,1,0,0,1
660,-47.5,57.5,58,29,0,0.0,0.0,0,0.0,57.5,1,562500.0,62.227210998535156,62.227210998535156,29,58,1,1,58,0,2,-105.0,70.5,-47.5,5.0,289292,380.41898,nan,0.289292,nan,1,0,289160,2,0,0,1,132,64,16,68,17,33,1,0,0,1
661,-47.5,57.5,54,27,0,0.0,0.0,0,0.0,57.5,0,562500.0,40.341491772010905,25.298816660024436,27,54,0,3,54,0,3,-105.0,70.5,-47.5,5.0,867876,381.286856,nan,0.867876,nan,3,0,867480,6,0,0,3,396,192,48,204,51,99,3,0,0,3
662,-47.5,57.5,60,30,0,0.0,0.0,0,0.0,57.5,1,562500.0,48.53997965689196,22.79640394577641,30,60,1,5,60,0,6,-105.0,70.5,-47.5,5.0,1446460,382.733316,nan,1.44646,nan,5,0,1445800,10,0,0,5,660,320,80,340,85,165,5,0,0,5
663,-47.5,57.5,64,32,0,0.0,0.0,0,0.0,57.5,0,562500.0,59.01422119140625,59.01422119140625,32,64,0,1,64,0,1,-105.0,70.5,-47.5,5.0,289292,383.022608,nan,0.289292,nan,1,0,289160,2,0,0,1,132,64,16,68,17,33,1,0,0,1
664,-47.5,57.5,64,32,0,0.0,0.0,0,0.0,57.5,0,562500.0,62.34002685546875,62.34002685546875,32,64,0,1,64,0,1,-105.0,70.5,-47.5,5.0,289292,383.3119,nan,0.289292,nan,1,0,289160,2,0,0,1,132,64,16,68,17,33,1,0,0,1
665,-47.5,57.5,66,33,0,0.0,0.0,0,0.0,57.5,2,562500.0,36.08330051801248,21.811415032649855,33,66,2,4,66,0,6,-105.0,70.5,-47.5,5.0,1157168,384.469068,nan,1.157168,nan,4,0,1156640,8,0,0,4,528,256,64,272,68,132,4,0,0,4
666,-47.5,57.5,66,33,0,0.0,0.0,0,0.0,57.5,0,562500.0,61.0709228515625,60.25598907470703,33,66,0,2,66,0,2,-105.0,70.5,-47.5,5.0,578584,385.047652,nan,0.578584,nan,2,0,578320,4,0,0,2,264,128,32,136,34,66,2,0,0,2
667,-47.5,57.5,66,33,0,0.0,0.0,0,0.0,57.5,0,0.0,nan,nan,33,66,0,0,66,0,0,-105.0,70.5,-47.5,5.0,0,385.047652,nan,0.0,nan,0,0,0,0,0,0,0,0,0,0,0,0,0,0,0,0,0
668,-47.5,57.5,66,33,0,0.0,0.0,0,0.0,57.5,0,562500.0,61.442291259765625,61.442291259765625,33,66,0,1,66,0,1,-105.0,70.5,-47.5,5.0,289292,385.336944,nan,0.289292,nan,1,0,289160,2,0,0,1,132,64,16,68,17,33,1,0,0,1
669,-47.5,57.5,70,35,0,0.0,0.0,0,0.0,57.5,0,562500.0,44.01175190919137,23.862821793221688,35,70,0,3,70,0,3,-105.0,70.5,-47.5,5.0,867876,386.20482,nan,0.867876,nan,3,0,867480,6,0,0,3,396,192,48,204,51,99,3,0,0,3
670,-47.5,57.5,72,36,0,0.0,0.0,0,0.0,57.5,0,562500.0,60.21068572998047,60.21068572998047,36,72,0,1,72,0,1,-105.0,70.5,-47.5,5.0,289292,386.494112,nan,0.289292,nan,1,0,289160,2,0,0,1,132,64,16,68,17,33,1,0,0,1
671,-47.5,57.5,72,36,0,0.0,0.0,0,0.0,57.5,0,562500.0,62.66704177856445,57.81108856201172,36,72,0,2,72,0,2,-105.0,70.5,-47.5,5.0,578584,387.072696,nan,0.578584,nan,2,0,578320,4,0,0,2,264,128,32,136,34,66,2,0,0,2
672,-47.5,57.5,74,37,0,0.0,0.0,0,0.0,57.5,1,562500.0,62.60714912414551,57.811092376708984,37,74,1,2,74,0,3,-105.0,70.5,-47.5,5.0,578584,387.65128,nan,0.578584,nan,2,0,578320,4,0,0,2,264,128,32,136,34,66,2,0,0,2
673,-47.5,57.5,72,36,0,0.0,0.0,0,0.0,57.5,0,562500.0,63.54943084716797,61.442291259765625,36,72,0,3,72,0,3,-105.0,70.5,-47.5,5.0,867876,388.519156,nan,0.867876,nan,3,0,867480,6,0,0,3,396,192,48,204,51,99,3,0,0,3
674,-47.5,57.5,76,38,0,0.0,0.0,0,0.0,57.5,1,562500.0,59.78276824951172,58.12324523925781,38,76,1,2,76,0,3,-105.0,70.5,-47.5,5.0,578584,389.09774,nan,0.578584,nan,2,0,578320,4,0,0,2,264,128,32,136,34,66,2,0,0,2
675,-47.5,57.5,78,39,0,0.0,0.0,0,0.0,57.5,0,0.0,nan,nan,39,78,0,0,78,0,0,-105.0,70.5,-47.5,5.0,0,389.09774,nan,0.0,nan,0,0,0,0,0,0,0,0,0,0,0,0,0,0,0,0,0
676,-47.5,57.5,80,40,0,0.0,0.0,0,0.0,57.5,1,562500.0,64.24898338317871,60.97049331665039,40,80,1,2,80,0,3,-105.0,70.5,-47.5,5.0,578584,389.676324,nan,0.578584,nan,2,0,578320,4,0,0,2,264,128,32,136,34,66,2,0,0,2
677,-47.5,57.5,84,42,0,0.0,0.0,0,0.0,57.5,0,562500.0,45.899691570647576,23.1089970658445,42,84,0,4,84,0,4,-105.0,70.5,-47.5,5.0,1157168,390.833492,nan,1.157168,nan,4,0,1156640,8,0,0,4,528,256,64,272,68,132,4,0,0,4
678,-47.5,57.5,84,42,0,0.0,0.0,0,0.0,57.5,0,562500.0,62.211302757263184,61.26972198486328,42,84,0,2,84,0,2,-105.0,70.5,-47.5,5.0,578584,391.412076,nan,0.578584,nan,2,0,578320,4,0,0,2,264,128,32,136,34,66,2,0,0,2
679,-47.5,57.5,82,41,0,0.0,0.0,0,0.0,57.5,0,562500.0,63.647287368774414,60.28752899169922,41,82,0,2,82,0,2,-105.0,70.5,-47.5,5.0,578584,391.99066,nan,0.578584,nan,2,0,578320,4,0,0,2,264,128,32,136,34,66,2,0,0,2
680,-47.5,57.5,78,39,0,0.0,0.0,0,0.0,57.5,0,562500.0,65.66874504089355,62.97969055175781,39,78,0,2,78,0,2,-105.0,70.5,-47.5,5.0,578584,392.569244,nan,0.578584,nan,2,0,578320,4,0,0,2,264,128,32,136,34,66,2,0,0,2
681,-47.5,57.5,72,36,0,0.0,0.0,0,0.0,57.5,1,562500.0,62.22612953186035,60.829566955566406,36,72,1,2,72,0,3,-105.0,70.5,-47.5,5.0,578584,393.147828,nan,0.578584,nan,2,0,578320,4,0,0,2,264,128,32,136,34,66,2,0,0,2
682,-47.5,57.5,58,29,0,0.0,0.0,0,0.0,57.5,1,562500.0,33.620862387884344,20.13585382605287,29,58,1,4,58,0,5,-105.0,70.5,-47.5,5.0,1157168,394.304996,nan,1.157168,nan,4,0,1156640,8,0,0,4,528,256,64,272,68,132,4,0,0,4
683,-47.5,57.5,52,26,0,0.0,0.0,0,0.0,57.5,0,562500.0,50.1207005107304,39.919670955506525,26,52,0,2,52,0,2,-105.0,70.5,-47.5,5.0,578584,394.88358,nan,0.578584,nan,2,0,578320,4,0,0,2,264,128,32,136,34,66,2,0,0,2
684,-47.5,57.5,40,20,0,0.0,0.0,0,0.0,57.5,0,562500.0,59.74025917053223,58.298118591308594,20,40,0,3,40,0,3,-105.0,70.5,-47.5,5.0,867876,395.751456,nan,0.867876,nan,3,0,867480,6,0,0,3,396,192,48,204,51,99,3,0,0,3
685,-47.5,57.5,40,20,0,0.0,0.0,0,0.0,57.5,0,0.0,nan,nan,20,40,0,0,40,0,0,-105.0,70.5,-47.5,5.0,0,395.751456,nan,0.0,nan,0,0,0,0,0,0,0,0,0,0,0,0,0,0,0,0,0
686,-47.5,57.5,42,21,0,0.0,0.0,0,0.0,57.5,0,562500.0,58.07448768615723,58.074485778808594,21,42,0,1,42,0,1,-105.0,70.5,-47.5,5.0,289292,396.040748,nan,0.289292,nan,1,0,289160,2,0,0,1,132,64,16,68,17,33,1,0,0,1
687,-47.5,57.5,44,22,0,0.0,0.0,0,0.0,57.5,0,562500.0,58.11189333597819,57.81201171875,22,44,0,3,44,0,3,-105.0,70.5,-47.5,5.0,867876,396.908624,nan,0.867876,nan,3,0,867480,6,0,0,3,396,192,48,204,51,99,3,0,0,3
688,-47.5,57.5,44,22,0,0.0,0.0,0,0.0,57.5,0,562500.0,43.48296142921563,38.20425609463137,22,44,0,2,44,0,2,-105.0,70.5,-47.5,5.0,578584,397.487208,nan,0.578584,nan,2,0,578320,4,0,0,2,264,128,32,136,34,66,2,0,0,2
689,-47.5,57.5,40,20,0,0.0,0.0,0,0.0,57.5,0,562500.0,63.00558376312256,61.01836395263672,20,40,0,2,40,0,2,-105.0,70.5,-47.5,5.0,578584,398.065792,nan,0.578584,nan,2,0,578320,4,0,0,2,264,128,32,136,34,66,2,0,0,2
690,-47.5,57.5,40,20,0,0.0,0.0,0,0.0,57.5,0,0.0,nan,nan,20,40,0,0,40,0,0,-105.0,70.5,-47.5,5.0,0,398.065792,nan,0.0,nan,0,0,0,0,0,0,0,0,0,0,0,0,0,0,0,0,0
691,-47.5,57.5,38,19,0,0.0,0.0,0,0.0,57.5,0,562500.0,59.61502742767334,58.88066864013672,19,38,0,2,38,0,2,-105.0,70.5,-47.5,5.0,578584,398.644376,nan,0.578584,nan,2,0,578320,4,0,0,2,264,128,32,136,34,66,2,0,0,2
692,-47.5,57.5,32,16,0,0.0,0.0,0,0.0,57.5,0,562500.0,60.65494728088379,60.654945373535156,16,32,0,1,32,0,1,-105.0,70.5,-47.5,5.0,289292,398.933668,nan,0.289292,nan,1,0,289160,2,0,0,1,132,64,16,68,17,33,1,0,0,1
693,-47.5,57.5,36,18,0,0.0,0.0,0,0.0,57.5,0,562500.0,59.79544162750244,58.37453079223633,18,36,0,2,36,0,2,-105.0,70.5,-47.5,5.0,578584,399.512252,nan,0.578584,nan,2,0,578320,4,0,0,2,264,128,32,136,34,66,2,0,0,2
694,-47.5,57.5,34,17,0,0.0,0.0,0,0.0,57.5,1,562500.0,46.83284218583502,25.465516276796198,17,34,1,4,34,0,5,-105.0,70.5,-47.5,5.0,1157168,400.66942,nan,1.157168,nan,4,0,1156640,8,0,0,4,528,256,64,272,68,132,4,0,0,4
695,-47.5,57.5,30,15,0,0.0,0.0,0,0.0,57.5,0,562500.0,62.3701114654541,60.2994384765625,15,30,0,2,30,0,2,-105.0,70.5,-47.5,5.0,578584,401.248004,nan,0.578584,nan,2,0,578320,4,0,0,2,264,128,32,136,34,66,2,0,0,2
696,-47.5,57.5,30,15,0,0.0,0.0,0,0.0,57.5,0,562500.0,46.59436826935537,41.127137677256144,15,30,0,4,30,0,4,-105.0,70.5,-47.5,5.0,1157168,402.405172,nan,1.157168,nan,4,0,1156640,8,0,0,4,528,256,64,272,68,132,4,0,0,4
697,-47.5,57.5,44,22,0,0.0,0.0,0,0.0,57.5,1,562500.0,42.643777806843175,18.362383716586255,22,44,1,4,44,0,5,-105.0,70.5,-47.5,5.0,1157168,403.56234,nan,1.157168,nan,4,0,1156640,8,0,0,4,528,256,64,272,68,132,4,0,0,4
698,-47.5,57.5,46,23,0,0.0,0.0,0,0.0,57.5,0,562500.0,60.438777923583984,60.438777923583984,23,46,0,1,46,0,1,-105.0,70.5,-47.5,5.0,289292,403.851632,nan,0.289292,nan,1,0,289160,2,0,0,1,132,64,16,68,17,33,1,0,0,1
699,-47.5,57.5,50,25,0,0.0,0.0,0,0.0,57.5,0,562500.0,58.9903678894043,58.9903678894043,25,50,0,1,50,0,1,-105.0,70.5,-47.5,5.0,289292,404.140924,nan,0.289292,nan,1,0,289160,2,0,0,1,132,64,16,68,17,33,1,0,0,1
700,-47.5,57.5,50,25,0,0.0,0.0,0,0.0,57.5,0,562500.0,27.619755345176234,27.04932624541875,25,50,0,2,50,0,2,-105.0,70.5,-47.5,5.0,578584,404.719508,nan,0.578584,nan,2,0,578320,4,0,0,2,264,128,32,136,34,66,2,0,0,2
701,-47.5,57.5,50,25,0,0.0,0.0,0,0.0,57.5,0,562500.0,42.18169736031159,36.82979937560133,25,50,0,2,50,0,2,-105.0,70.5,-47.5,5.0,578584,405.298092,nan,0.578584,nan,2,0,578320,4,0,0,2,264,128,32,136,34,66,2,0,0,2
702,-47.5,57.5,46,23,0,0.0,0.0,0,0.0,57.5,0,562500.0,60.21068572998047,60.21068572998047,23,46,0,1,46,0,1,-105.0,70.5,-47.5,5.0,289292,405.587384,nan,0.289292,nan,1,0,289160,2,0,0,1,132,64,16,68,17,33,1,0,0,1
703,-47.5,57.5,44,22,0,0.0,0.0,0,0.0,57.5,0,562500.0,62.477664947509766,57.53535079956055,22,44,0,2,44,0,2,-105.0,70.5,-47.5,5.0,578584,406.165968,nan,0.578584,nan,2,0,578320,4,0,0,2,264,128,32,136,34,66,2,0,0,2
704,-47.5,57.5,42,21,0,0.0,0.0,0,0.0,57.5,0,0.0,nan,nan,21,42,0,0,42,0,0,-105.0,70.5,-47.5,5.0,0,406.165968,nan,0.0,nan,0,0,0,0,0,0,0,0,0,0,0,0,0,0,0,0,0
705,-47.5,57.5,50,25,0,0.0,0.0,0,0.0,57.5,1,562500.0,58.08649826049805,58.08649826049805,25,50,1,1,50,0,2,-105.0,70.5,-47.5,5.0,289292,406.45526,nan,0.289292,nan,1,0,289160,2,0,0,1,132,64,16,68,17,33,1,0,0,1
706,-47.5,57.5,52,26,0,0.0,0.0,0,0.0,57.5,0,562500.0,59.83856773376465,59.838565826416016,26,52,0,1,52,0,1,-105.0,70.5,-47.5,5.0,289292,406.744552,nan,0.289292,nan,1,0,289160,2,0,0,1,132,64,16,68,17,33,1,0,0,1
707,-47.5,57.5,56,28,0,0.0,0.0,0,0.0,57.5,1,562500.0,36.39679677635636,19.911787851229622,28,56,1,3,56,0,4,-105.0,70.5,-47.5,5.0,867876,407.612428,nan,0.867876,nan,3,0,867480,6,0,0,3,396,192,48,204,51,99,3,0,0,3
708,-47.5,57.5,54,27,0,0.0,0.0,0,0.0,57.5,2,562500.0,54.926841588380555,37.746290634583,27,54,2,4,54,0,6,-105.0,70.5,-47.5,5.0,1157168,408.769596,nan,1.157168,nan,4,0,1156640,8,0,0,4,528,256,64,272,68,132,4,0,0,4
709,-47.5,57.5,52,26,0,0.0,0.0,0,0.0,57.5,0,562500.0,44.98124215790944,34.70386407026758,26,52,0,3,52,0,3,-105.0,70.5,-47.5,5.0,867876,409.637472,nan,0.867876,nan,3,0,867480,6,0,0,3,396,192,48,204,51,99,3,0,0,3
710,-47.5,57.5,48,24,0,0.0,0.0,0,0.0,57.5,0,562500.0,31.20527600489772,23.950881211677437,24,48,0,2,48,0,2,-105.0,70.5,-47.5,5.0,578584,410.216056,nan,0.578584,nan,2,0,578320,4,0,0,2,264,128,32,136,34,66,2,0,0,2
711,-47.5,57.5,46,23,0,0.0,0.0,0,0.0,57.5,0,0.0,nan,nan,23,46,0,0,46,0,0,-105.0,70.5,-47.5,5.0,0,410.216056,nan,0.0,nan,0,0,0,0,0,0,0,0,0,0,0,0,0,0,0,0,0
712,-47.5,57.5,46,23,0,0.0,0.0,0,0.0,57.5,0,562500.0,67.40320587158203,67.40320587158203,23,46,0,1,46,0,1,-105.0,70.5,-47.5,5.0,289292,410.505348,nan,0.289292,nan,1,0,289160,2,0,0,1,132,64,16,68,17,33,1,0,0,1
713,-47.5,57.5,46,23,0,0.0,0.0,0,0.0,57.5,0,562500.0,40.270137471879764,36.3909832430869,23,46,0,2,46,0,2,-105.0,70.5,-47.5,5.0,578584,411.083932,nan,0.578584,nan,2,0,578320,4,0,0,2,264,128,32,136,34,66,2,0,0,2
714,-47.5,57.5,46,23,0,0.0,0.0,0,0.0,57.5,0,562500.0,63.90373611450195,60.30364990234375,23,46,0,2,46,0,2,-105.0,70.5,-47.5,5.0,578584,411.662516,nan,0.578584,nan,2,0,578320,4,0,0,2,264,128,32,136,34,66,2,0,0,2
715,-47.5,57.5,46,23,0,0.0,0.0,0,0.0,57.5,0,562500.0,34.32559026505253,20.882200757478152,23,46,0,3,46,0,3,-105.0,70.5,-47.5,5.0,867876,412.530392,nan,0.867876,nan,3,0,867480,6,0,0,3,396,192,48,204,51,99,3,0,0,3
716,-47.5,57.5,46,23,0,0.0,0.0,0,0.0,57.5,2,562500.0,49.252901718285926,29.548721524170595,23,46,2,4,46,0,6,-105.0,70.5,-47.5,5.0,1157168,413.68756,nan,1.157168,nan,4,0,1156640,8,0,0,4,528,256,64,272,68,132,4,0,0,4
717,-47.5,57.5,48,24,0,0.0,0.0,0,0.0,57.5,0,562500.0,65.05491002400716,60.21068572998047,24,48,0,3,48,0,3,-105.0,70.5,-47.5,5.0,867876,414.555436,nan,0.867876,nan,3,0,867480,6,0,0,3,396,192,48,204,51,99,3,0,0,3
718,-47.5,57.5,48,24,0,0.0,0.0,0,0.0,57.5,0,0.0,nan,nan,24,48,0,0,48,0,0,-105.0,70.5,-47.5,5.0,0,414.555436,nan,0.0,nan,0,0,0,0,0,0,0,0,0,0,0,0,0,0,0,0,0
719,-47.5,57.5,46,23,0,0.0,0.0,0,0.0,57.5,0,562500.0,67.52908325195312,67.52908325195312,23,46,0,1,46,0,1,-105.0,70.5,-47.5,5.0,289292,414.844728,nan,0.289292,nan,1,0,289160,2,0,0,1,132,64,16,68,17,33,1,0,0,1
720,-47.5,57.5,48,24,0,0.0,0.0,0,0.0,57.5,1,562500.0,60.575687408447266,60.295352935791016,24,48,1,2,48,0,3,-105.0,70.5,-47.5,5.0,578584,415.423312,nan,0.578584,nan,2,0,578320,4,0,0,2,264,128,32,136,34,66,2,0,0,2
721,-47.5,57.5,60,30,0,0.0,0.0,0,0.0,57.5,0,562500.0,41.59723780930643,33.085911893310524,30,60,0,4,60,0,4,-105.0,70.5,-47.5,5.0,1157168,416.58048,nan,1.157168,nan,4,0,1156640,8,0,0,4,528,256,64,272,68,132,4,0,0,4
722,-47.5,57.5,58,29,0,0.0,0.0,0,0.0,57.5,0,562500.0,46.481590827698966,28.060308493351865,29,58,0,4,58,0,4,-105.0,70.5,-47.5,5.0,1157168,417.737648,nan,1.157168,nan,4,0,1156640,8,0,0,4,528,256,64,272,68,132,4,0,0,4
723,-47.5,57.5,60,30,0,0.0,0.0,0,0.0,57.5,0,0.0,nan,nan,30,60,0,0,60,0,0,-105.0,70.5,-47.5,5.0,0,417.737648,nan,0.0,nan,0,0,0,0,0,0,0,0,0,0,0,0,0,0,0,0,0
724,-47.5,57.5,62,31,0,0.0,0.0,0,0.0,57.5,1,562500.0,62.38385772705078,58.846946716308594,31,62,1,2,62,0,3,-105.0,70.5,-47.5,5.0,578584,418.316232,nan,0.578584,nan,2,0,578320,4,0,0,2,264,128,32,136,34,66,2,0,0,2
725,-47.5,57.5,66,33,0,0.0,0.0,0,0.0,57.5,1,562500.0,34.58124749107631,19.69895051839001,33,66,1,3,66,0,4,-105.0,70.5,-47.5,5.0,867876,419.184108,nan,0.867876,nan,3,0,867480,6,0,0,3,396,192,48,204,51,99,3,0,0,3
726,-47.5,57.5,58,29,0,0.0,0.0,0,0.0,57.5,0,562500.0,63.07137107849121,58.4836540222168,29,58,0,2,58,0,2,-105.0,70.5,-47.5,5.0,578584,419.762692,nan,0.578584,nan,2,0,578320,4,0,0,2,264,128,32,136,34,66,2,0,0,2
727,-47.5,57.5,46,23,0,0.0,0.0,0,0.0,57.5,0,562500.0,43.12615328711105,25.89688021338892,23,46,0,4,46,0,4,-105.0,70.5,-47.5,5.0,1157168,420.91986,nan,1.157168,nan,4,0,1156640,8,0,0,4,528,256,64,272,68,132,4,0,0,4
728,-47.5,57.5,34,17,0,0.0,0.0,0,0.0,57.5,0,562500.0,59.88605499267578,59.88605499267578,17,34,0,1,34,0,1,-105.0,70.5,-47.5,5.0,289292,421.209152,nan,0.289292,nan,1,0,289160,2,0,0,1,132,64,16,68,17,33,1,0,0,1
729,-47.5,57.5,34,17,0,0.0,0.0,0,0.0,57.5,2,562500.0,54.67404649851361,49.32960809799856,17,34,2,3,34,0,5,-105.0,70.5,-47.5,5.0,867876,422.077028,nan,0.867876,nan,3,0,867480,6,0,0,3,396,192,48,204,51,99,3,0,0,3
730,-47.5,57.5,28,14,0,0.0,0.0,0,0.0,57.5,1,562500.0,61.0112419128418,58.65640640258789,14,28,1,3,28,0,4,-105.0,70.5,-47.5,5.0,867876,422.944904,nan,0.867876,nan,3,0,867480,6,0,0,3,396,192,48,204,51,99,3,0,0,3
731,-47.5,57.5,34,17,0,0.0,0.0,0,0.0,57.5,2,562500.0,33.50281537381289,26.489414297071118,17,34,2,4,34,0,6,-105.0,70.5,-47.5,5.0,1157168,424.102072,nan,1.157168,nan,4,0,1156640,8,0,0,4,528,256,64,272,68,132,4,0,0,4
732,-47.5,57.5,32,16,0,0.0,0.0,0,0.0,57.5,0,562500.0,41.85814061687398,37.82238346813408,16,32,0,2,32,0,2,-105.0,70.5,-47.5,5.0,578584,424.680656,nan,0.578584,nan,2,0,578320,4,0,0,2,264,128,32,136,34,66,2,0,0,2
733,-47.5,57.5,40,20,0,0.0,0.0,0,0.0,57.5,0,562500.0,60.11834416942255,60.09594617442743,20,40,0,2,40,0,2,-105.0,70.5,-47.5,5.0,578584,425.25924,nan,0.578584,nan,2,0,578320,4,0,0,2,264,128,32,136,34,66,2,0,0,2
734,-47.5,57.5,32,16,0,0.0,0.0,0,0.0,57.5,0,562500.0,64.94361645749181,60.12570571899414,16,32,0,3,32,0,3,-105.0,70.5,-47.5,5.0,867876,426.127116,nan,0.867876,nan,3,0,867480,6,0,0,3,396,192,48,204,51,99,3,0,0,3
735,-47.5,57.5,26,13,0,0.0,0.0,0,0.0,57.5,0,0.0,nan,nan,13,26,0,0,26,0,0,-105.0,70.5,-47.5,5.0,0,426.127116,nan,0.0,nan,0,0,0,0,0,0,0,0,0,0,0,0,0,0,0,0,0
736,-47.5,57.5,20,10,0,0.0,0.0,0,0.0,57.5,1,562500.0,63.66184997558594,63.66184997558594,10,20,1,1,20,0,2,-105.0,70.5,-47.5,5.0,289292,426.416408,nan,0.289292,nan,1,0,289160,2,0,0,1,132,64,16,68,17,33,1,0,0,1
737,-47.5,57.5,24,12,0,0.0,0.0,0,0.0,57.5,0,562500.0,59.41788101196289,57.51921081542969,12,24,0,2,24,0,2,-105.0,70.5,-47.5,5.0,578584,426.994992,nan,0.578584,nan,2,0,578320,4,0,0,2,264,128,32,136,34,66,2,0,0,2
738,-47.5,57.5,24,12,0,0.0,0.0,0,0.0,57.5,0,562500.0,63.95474624633789,60.06559371948242,12,24,0,2,24,0,2,-105.0,70.5,-47.5,5.0,578584,427.573576,nan,0.578584,nan,2,0,578320,4,0,0,2,264,128,32,136,34,66,2,0,0,2
739,-47.5,57.5,24,12,0,0.0,0.0,0,0.0,57.5,0,562500.0,60.37578201293945,60.37578201293945,12,24,0,1,24,0,1,-105.0,70.5,-47.5,5.0,289292,427.862868,nan,0.289292,nan,1,0,289160,2,0,0,1,132,64,16,68,17,33,1,0,0,1
740,-47.5,57.5,28,14,0,0.0,0.0,0,0.0,57.5,0,562500.0,60.431148529052734,60.43113708496094,14,28,0,1,28,0,1,-105.0,70.5,-47.5,5.0,289292,428.15216,nan,0.289292,nan,1,0,289160,2,0,0,1,132,64,16,68,17,33,1,0,0,1
741,-47.5,57.5,30,15,0,0.0,0.0,0,0.0,57.5,1,562500.0,63.551551818847656,59.57383346557617,15,30,1,2,30,0,3,-105.0,70.5,-47.5,5.0,578584,428.730744,nan,0.578584,nan,2,0,578320,4,0,0,2,264,128,32,136,34,66,2,0,0,2
742,-47.5,57.5,24,12,0,0.0,0.0,0,0.0,57.5,0,562500.0,65.54739379882812,64.61258316040039,12,24,0,2,24,0,2,-105.0,70.5,-47.5,5.0,578584,429.309328,nan,0.578584,nan,2,0,578320,4,0,0,2,264,128,32,136,34,66,2,0,0,2
743,-47.5,57.5,20,10,0,0.0,0.0,0,0.0,57.5,0,562500.0,60.99722480773926,60.997222900390625,10,20,0,1,20,0,1,-105.0,70.5,-47.5,5.0,289292,429.59862,nan,0.289292,nan,1,0,289160,2,0,0,1,132,64,16,68,17,33,1,0,0,1
744,-47.5,57.5,28,14,0,0.0,0.0,0,0.0,57.5,1,562500.0,61.63832473754883,58.03704833984375,14,28,1,2,28,0,3,-105.0,70.5,-47.5,5.0,578584,430.177204,nan,0.578584,nan,2,0,578320,4,0,0,2,264,128,32,136,34,66,2,0,0,2
745,-47.5,57.5,24,12,0,0.0,0.0,0,0.0,57.5,0,562500.0,42.44053808584505,41.427700424869506,12,24,0,2,24,0,2,-105.0,70.5,-47.5,5.0,578584,430.755788,nan,0.578584,nan,2,0,578320,4,0,0,2,264,128,32,136,34,66,2,0,0,2
746,-47.5,57.5,28,14,0,0.0,0.0,0,0.0,57.5,0,0.0,nan,nan,14,28,0,0,28,0,0,-105.0,70.5,-47.5,5.0,0,430.755788,nan,0.0,nan,0,0,0,0,0,0,0,0,0,0,0,0,0,0,0,0,0
747,-47.5,57.5,44,22,0,0.0,0.0,0,0.0,57.5,1,562500.0,47.00722770473228,37.73385181881022,22,44,1,3,44,0,4,-105.0,70.5,-47.5,5.0,867876,431.623664,nan,0.867876,nan,3,0,867480,6,0,0,3,396,192,48,204,51,99,3,0,0,3
748,-47.5,57.5,40,20,0,0.0,0.0,0,0.0,57.5,1,562500.0,43.248212346937045,41.20204375781854,20,40,1,2,40,0,3,-105.0,70.5,-47.5,5.0,578584,432.202248,nan,0.578584,nan,2,0,578320,4,0,0,2,264,128,32,136,34,66,2,0,0,2
749,-47.5,57.5,42,21,0,0.0,0.0,0,0.0,57.5,0,562500.0,41.55703995981647,24.261645032763553,21,42,0,3,42,0,3,-105.0,70.5,-47.5,5.0,867876,433.070124,nan,0.867876,nan,3,0,867480,6,0,0,3,396,192,48,204,51,99,3,0,0,3
750,-47.5,57.5,42,21,0,0.0,0.0,0,0.0,57.5,0,0.0,nan,nan,21,42,0,0,42,0,0,-105.0,70.5,-47.5,5.0,0,433.070124,nan,0.0,nan,0,0,0,0,0,0,0,0,0,0,0,0,0,0,0,0,0
751,-47.5,57.5,50,25,0,0.0,0.0,0,0.0,57.5,0,562500.0,65.2110366821289,65.2110366821289,25,50,0,1,50,0,1,-105.0,70.5,-47.5,5.0,289292,433.359416,nan,0.289292,nan,1,0,289160,2,0,0,1,132,64,16,68,17,33,1,0,0,1
752,-47.5,57.5,52,26,0,0.0,0.0,0,0.0,57.5,1,562500.0,63.22576332092285,58.79450225830078,26,52,1,2,52,0,3,-105.0,70.5,-47.5,5.0,578584,433.938,nan,0.578584,nan,2,0,578320,4,0,0,2,264,128,32,136,34,66,2,0,0,2
753,-47.5,57.5,60,30,0,0.0,0.0,0,0.0,57.5,1,562500.0,46.15492364565306,39.58105560424953,30,60,1,4,60,0,5,-105.0,70.5,-47.5,5.0,1157168,435.095168,nan,1.157168,nan,4,0,1156640,8,0,0,4,528,256,64,272,68,132,4,0,0,4
754,-47.5,57.5,58,29,0,0.0,0.0,0,0.0,57.5,1,562500.0,61.360321044921875,61.31840133666992,29,58,1,2,58,0,3,-105.0,70.5,-47.5,5.0,578584,435.673752,nan,0.578584,nan,2,0,578320,4,0,0,2,264,128,32,136,34,66,2,0,0,2
755,-47.5,57.5,64,32,0,0.0,0.0,0,0.0,57.5,0,562500.0,67.30250549316406,63.560211181640625,32,64,0,2,64,0,2,-105.0,70.5,-47.5,5.0,578584,436.252336,nan,0.578584,nan,2,0,578320,4,0,0,2,264,128,32,136,34,66,2,0,0,2
756,-47.5,57.5,66,33,0,0.0,0.0,0,0.0,57.5,1,562500.0,39.56187538495179,38.72637871266683,33,66,1,2,66,0,3,-105.0,70.5,-47.5,5.0,578584,436.83092,nan,0.578584,nan,2,0,578320,4,0,0,2,264,128,32,136,34,66,2,0,0,2
757,-47.5,57.5,62,31,0,0.0,0.0,0,0.0,57.5,1,562500.0,36.98744668449459,24.67353850138288,31,62,1,6,62,0,7,-105.0,70.5,-47.5,5.0,1735752,438.566672,nan,1.735752,nan,6,0,1734960,12,0,0,6,792,384,96,408,102,198,6,0,0,6
758,-47.5,57.5,58,29,0,0.0,0.0,0,0.0,57.5,1,562500.0,67.4032096862793,67.4032096862793,29,58,1,1,58,0,2,-105.0,70.5,-47.5,5.0,289292,438.855964,nan,0.289292,nan,1,0,289160,2,0,0,1,132,64,16,68,17,33,1,0,0,1
759,-47.5,57.5,56,28,0,0.0,0.0,0,0.0,57.5,0,562500.0,63.93536949157715,60.2106819152832,28,56,0,2,56,0,2,-105.0,70.5,-47.5,5.0,578584,439.434548,nan,0.578584,nan,2,0,578320,4,0,0,2,264,128,32,136,34,66,2,0,0,2
760,-47.5,57.5,58,29,0,0.0,0.0,0,0.0,57.5,0,562500.0,61.752655029296875,57.52543258666992,29,58,0,2,58,0,2,-105.0,70.5,-47.5,5.0,578584,440.013132,nan,0.578584,nan,2,0,578320,4,0,0,2,264,128,32,136,34,66,2,0,0,2
761,-47.5,57.5,56,28,0,0.0,0.0,0,0.0,57.5,2,562500.0,40.97005256668605,19.45842840139305,28,56,2,3,56,0,5,-105.0,70.5,-47.5,5.0,867876,440.881008,nan,0.867876,nan,3,0,867480,6,0,0,3,396,192,48,204,51,99,3,0,0,3
762,-47.5,57.5,56,28,0,0.0,0.0,0,0.0,57.5,0,562500.0,59.978111267089844,58.51871871948242,28,56,0,2,56,0,2,-105.0,70.5,-47.5,5.0,578584,441.459592,nan,0.578584,nan,2,0,578320,4,0,0,2,264,128,32,136,34,66,2,0,0,2
763,-47.5,57.5,58,29,0,0.0,0.0,0,0.0,57.5,0,562500.0,58.517333984375,58.517333984375,29,58,0,1,58,0,1,-105.0,70.5,-47.5,5.0,289292,441.748884,nan,0.289292,nan,1,0,289160,2,0,0,1,132,64,16,68,17,33,1,0,0,1
764,-47.5,57.5,54,27,0,0.0,0.0,0,0.0,57.5,0,562500.0,41.51446817549389,36.89032424080291,27,54,0,2,54,0,2,-105.0,70.5,-47.5,5.0,578584,442.327468,nan,0.578584,nan,2,0,578320,4,0,0,2,264,128,32,136,34,66,2,0,0,2
765,-47.5,57.5,48,24,0,0.0,0.0,0,0.0,57.5,0,0.0,nan,nan,24,48,0,0,48,0,0,-105.0,70.5,-47.5,5.0,0,442.327468,nan,0.0,nan,0,0,0,0,0,0,0,0,0,0,0,0,0,0,0,0,0
766,-47.5,57.5,60,30,0,0.0,0.0,0,0.0,57.5,0,0.0,nan,nan,30,60,0,0,60,0,0,-105.0,70.5,-47.5,5.0,0,442.327468,nan,0.0,nan,0,0,0,0,0,0,0,0,0,0,0,0,0,0,0,0,0
767,-47.5,57.5,60,30,0,0.0,0.0,0,0.0,57.5,0,562500.0,59.28274154663086,59.28274154663086,30,60,0,1,60,0,1,-105.0,70.5,-47.5,5.0,289292,442.61676,nan,0.289292,nan,1,0,289160,2,0,0,1,132,64,16,68,17,33,1,0,0,1
768,-47.5,57.5,54,27,0,0.0,0.0,0,0.0,57.5,0,562500.0,59.69047927856445,57.91209030151367,27,54,0,2,54,0,2,-105.0,70.5,-47.5,5.0,578584,443.195344,nan,0.578584,nan,2,0,578320,4,0,0,2,264,128,32,136,34,66,2,0,0,2
769,-47.5,57.5,58,29,0,0.0,0.0,0,0.0,57.5,0,562500.0,61.71396446228027,58.99522399902344,29,58,0,3,58,0,3,-105.0,70.5,-47.5,5.0,867876,444.06322,nan,0.867876,nan,3,0,867480,6,0,0,3,396,192,48,204,51,99,3,0,0,3
770,-47.5,57.5,60,30,0,0.0,0.0,0,0.0,57.5,0,562500.0,65.1357192993164,60.4344367980957,30,60,0,2,60,0,2,-105.0,70.5,-47.5,5.0,578584,444.641804,nan,0.578584,nan,2,0,578320,4,0,0,2,264,128,32,136,34,66,2,0,0,2
771,-47.5,57.5,64,32,0,0.0,0.0,0,0.0,57.5,0,562500.0,60.928449630737305,60.786312103271484,32,64,0,2,64,0,2,-105.0,70.5,-47.5,5.0,578584,445.220388,nan,0.578584,nan,2,0,578320,4,0,0,2,264,128,32,136,34,66,2,0,0,2
772,-47.5,57.5,66,33,0,0.0,0.0,0,0.0,57.5,0,562500.0,59.685760498046875,59.685760498046875,33,66,0,1,66,0,1,-105.0,70.5,-47.5,5.0,289292,445.50968,nan,0.289292,nan,1,0,289160,2,0,0,1,132,64,16,68,17,33,1,0,0,1
773,-47.5,57.5,62,31,0,0.0,0.0,0,0.0,57.5,1,562500.0,46.315015152143985,39.06610322231126,31,62,1,3,62,0,4,-105.0,70.5,-47.5,5.0,867876,446.377556,nan,0.867876,nan,3,0,867480,6,0,0,3,396,192,48,204,51,99,3,0,0,3
774,-47.5,57.5,52,26,0,0.0,0.0,0,0.0,57.5,0,562500.0,46.919286317249295,37.057348691447444,26,52,0,3,52,0,3,-105.0,70.5,-47.5,5.0,867876,447.245432,nan,0.867876,nan,3,0,867480,6,0,0,3,396,192,48,204,51,99,3,0,0,3
775,-47.5,57.5,42,21,0,0.0,0.0,0,0.0,57.5,0,562500.0,50.492175378078095,32.88241092494916,21,42,0,3,42,0,3,-105.0,70.5,-47.5,5.0,867876,448.113308,nan,0.867876,nan,3,0,867480,6,0,0,3,396,192,48,204,51,99,3,0,0,3
776,-47.5,57.5,30,15,0,0.0,0.0,0,0.0,57.5,0,562500.0,49.37080144324425,25.084088810488822,15,30,0,4,30,0,4,-105.0,70.5,-47.5,5.0,1157168,449.270476,nan,1.157168,nan,4,0,1156640,8,0,0,4,528,256,64,272,68,132,4,0,0,4
777,-47.5,57.5,24,12,0,0.0,0.0,0,0.0,57.5,1,562500.0,43.370805748499905,41.39571487612507,12,24,1,2,24,0,3,-105.0,70.5,-47.5,5.0,578584,449.84906,nan,0.578584,nan,2,0,578320,4,0,0,2,264,128,32,136,34,66,2,0,0,2
778,-47.5,57.5,24,12,0,0.0,0.0,0,0.0,57.5,0,562500.0,40.576401201336566,29.13462907495857,12,24,0,3,24,0,3,-105.0,70.5,-47.5,5.0,867876,450.716936,nan,0.867876,nan,3,0,867480,6,0,0,3,396,192,48,204,51,99,3,0,0,3
779,-47.5,57.5,26,13,0,0.0,0.0,0,0.0,57.5,0,562500.0,62.889835357666016,62.889835357666016,13,26,0,1,26,0,1,-105.0,70.5,-47.5,5.0,289292,451.006228,nan,0.289292,nan,1,0,289160,2,0,0,1,132,64,16,68,17,33,1,0,0,1
780,-47.5,57.5,22,11,0,0.0,0.0,0,0.0,57.5,1,562500.0,29.096742185326086,27.14975684821832,11,22,1,2,22,0,3,-105.0,70.5,-47.5,5.0,578584,451.584812,nan,0.578584,nan,2,0,578320,4,0,0,2,264,128,32,136,34,66,2,0,0,2
781,-47.5,57.5,20,10,0,0.0,0.0,0,0.0,57.5,1,562500.0,60.02557740764276,58.83669934825555,10,20,1,2,20,0,3,-105.0,70.5,-47.5,5.0,578584,452.163396,nan,0.578584,nan,2,0,578320,4,0,0,2,264,128,32,136,34,66,2,0,0,2
782,-47.5,57.5,22,11,0,0.0,0.0,0,0.0,57.5,0,562500.0,63.56692559292884,58.92812728881836,11,22,0,3,22,0,3,-105.0,70.5,-47.5,5.0,867876,453.031272,nan,0.867876,nan,3,0,867480,6,0,0,3,396,192,48,204,51,99,3,0,0,3
783,-47.5,57.5,22,11,0,0.0,0.0,0,0.0,57.5,0,562500.0,64.56811141967773,64.56811141967773,11,22,0,1,22,0,1,-105.0,70.5,-47.5,5.0,289292,453.320564,nan,0.289292,nan,1,0,289160,2,0,0,1,132,64,16,68,17,33,1,0,0,1
784,-47.5,57.5,22,11,0,0.0,0.0,0,0.0,57.5,0,562500.0,60.24841117858887,57.99626159667969,11,22,0,2,22,0,2,-105.0,70.5,-47.5,5.0,578584,453.899148,nan,0.578584,nan,2,0,578320,4,0,0,2,264,128,32,136,34,66,2,0,0,2
785,-47.5,57.5,26,13,0,0.0,0.0,0,0.0,57.5,1,562500.0,41.946452687353066,32.39314503128685,13,26,1,5,26,0,6,-105.0,70.5,-47.5,5.0,1446460,455.345608,nan,1.44646,nan,5,0,1445800,10,0,0,5,660,320,80,340,85,165,5,0,0,5
786,-47.5,57.5,34,17,0,0.0,0.0,0,0.0,57.5,0,562500.0,60.17504119873047,60.17504119873047,17,34,0,1,34,0,1,-105.0,70.5,-47.5,5.0,289292,455.6349,nan,0.289292,nan,1,0,289160,2,0,0,1,132,64,16,68,17,33,1,0,0,1
787,-47.5,57.5,38,19,0,0.0,0.0,0,0.0,57.5,0,0.0,nan,nan,19,38,0,0,38,0,0,-105.0,70.5,-47.5,5.0,0,455.6349,nan,0.0,nan,0,0,0,0,0,0,0,0,0,0,0,0,0,0,0,0,0
788,-47.5,57.5,38,19,0,0.0,0.0,0,0.0,57.5,0,562500.0,25.947233491207783,23.07861406981017,19,38,0,2,38,0,2,-105.0,70.5,-47.5,5.0,578584,456.213484,nan,0.578584,nan,2,0,578320,4,0,0,2,264,128,32,136,34,66,2,0,0,2
789,-47.5,57.5,42,21,0,0.0,0.0,0,0.0,57.5,0,0.0,nan,nan,21,42,0,0,42,0,0,-105.0,70.5,-47.5,5.0,0,456.213484,nan,0.0,nan,0,0,0,0,0,0,0,0,0,0,0,0,0,0,0,0,0
790,-47.5,57.5,40,20,0,0.0,0.0,0,0.0,57.5,0,562500.0,63.37309455871582,63.37309265136719,20,40,0,1,40,0,1,-105.0,70.5,-47.5,5.0,289292,456.502776,nan,0.289292,nan,1,0,289160,2,0,0,1,132,64,16,68,17,33,1,0,0,1
791,-47.5,57.5,42,21,0,0.0,0.0,0,0.0,57.5,0,562500.0,58.95246410369873,58.77528762817383,21,42,0,2,42,0,2,-105.0,70.5,-47.5,5.0,578584,457.08136,nan,0.578584,nan,2,0,578320,4,0,0,2,264,128,32,136,34,66,2,0,0,2
792,-47.5,57.5,38,19,0,0.0,0.0,0,0.0,57.5,1,562500.0,57.07871992192694,36.61616195069001,19,38,1,3,38,0,4,-105.0,70.5,-47.5,5.0,867876,457.949236,nan,0.867876,nan,3,0,867480,6,0,0,3,396,192,48,204,51,99,3,0,0,3
793,-47.5,57.5,32,16,0,0.0,0.0,0,0.0,57.5,0,562500.0,49.01298814418178,41.29100965190276,16,32,0,3,32,0,3,-105.0,70.5,-47.5,5.0,867876,458.817112,nan,0.867876,nan,3,0,867480,6,0,0,3,396,192,48,204,51,99,3,0,0,3
794,-47.5,57.5,32,16,0,0.0,0.0,0,0.0,57.5,1,562500.0,61.06798553466797,61.06798553466797,16,32,1,1,32,0,2,-105.0,70.5,-47.5,5.0,289292,459.106404,nan,0.289292,nan,1,0,289160,2,0,0,1,132,64,16,68,17,33,1,0,0,1
795,-47.5,57.5,32,16,0,0.0,0.0,0,0.0,57.5,2,562500.0,55.19046083104015,39.76966602856017,16,32,2,4,32,0,6,-105.0,70.5,-47.5,5.0,1157168,460.263572,nan,1.157168,nan,4,0,1156640,8,0,0,4,528,256,64,272,68,132,4,0,0,4
796,-47.5,57.5,32,16,0,0.0,0.0,0,0.0,57.5,0,562500.0,65.12687174479167,60.37295913696289,16,32,0,3,32,0,3,-105.0,70.5,-47.5,5.0,867876,461.131448,nan,0.867876,nan,3,0,867480,6,0,0,3,396,192,48,204,51,99,3,0,0,3
797,-47.5,57.5,40,20,0,0.0,0.0,0,0.0,57.5,0,562500.0,44.815806319848285,30.099701828150632,20,40,0,3,40,0,3,-105.0,70.5,-47.5,5.0,867876,461.999324,nan,0.867876,nan,3,0,867480,6,0,0,3,396,192,48,204,51,99,3,0,0,3
798,-47.5,57.5,42,21,0,0.0,0.0,0,0.0,57.5,1,562500.0,67.63127326965332,67.63127136230469,21,42,1,1,42,0,2,-105.0,70.5,-47.5,5.0,289292,462.288616,nan,0.289292,nan,1,0,289160,2,0,0,1,132,64,16,68,17,33,1,0,0,1
799,-47.5,57.5,42,21,0,0.0,0.0,0,0.0,57.5,1,562500.0,67.55083847045898,67.55083847045898,21,42,1,1,42,0,2,-105.0,70.5,-47.5,5.0,289292,462.577908,nan,0.289292,nan,1,0,289160,2,0,0,1,132,64,16,68,17,33,1,0,0,1
800,-47.5,57.5,42,21,0,0.0,0.0,0,0.0,57.5,0,562500.0,67.52546310424805,67.52546310424805,21,42,0,1,42,0,1,-105.0,70.5,-47.5,5.0,289292,462.8672,nan,0.289292,nan,1,0,289160,2,0,0,1,132,64,16,68,17,33,1,0,0,1
801,-47.5,57.5,42,21,0,0.0,0.0,0,0.0,57.5,0,0.0,nan,nan,21,42,0,0,42,0,0,-105.0,70.5,-47.5,5.0,0,462.8672,nan,0.0,nan,0,0,0,0,0,0,0,0,0,0,0,0,0,0,0,0,0
802,-47.5,57.5,42,21,0,0.0,0.0,0,0.0,57.5,0,562500.0,43.206451525273316,27.07034169828221,21,42,0,3,42,0,3,-105.0,70.5,-47.5,5.0,867876,463.735076,nan,0.867876,nan,3,0,867480,6,0,0,3,396,192,48,204,51,99,3,0,0,3
803,-47.5,57.5,38,19,0,0.0,0.0,0,0.0,57.5,0,0.0,nan,nan,19,38,0,0,38,0,0,-105.0,70.5,-47.5,5.0,0,463.735076,nan,0.0,nan,0,0,0,0,0,0,0,0,0,0,0,0,0,0,0,0,0
804,-47.5,57.5,38,19,0,0.0,0.0,0,0.0,57.5,0,562500.0,67.4032096862793,67.4032096862793,19,38,0,1,38,0,1,-105.0,70.5,-47.5,5.0,289292,464.024368,nan,0.289292,nan,1,0,289160,2,0,0,1,132,64,16,68,17,33,1,0,0,1
805,-47.5,57.5,40,20,0,0.0,0.0,0,0.0,57.5,2,562500.0,47.49375818536057,47.43257103651569,20,40,2,2,40,0,4,-105.0,70.5,-47.5,5.0,578584,464.602952,nan,0.578584,nan,2,0,578320,4,0,0,2,264,128,32,136,34,66,2,0,0,2
806,-47.5,57.5,46,23,0,0.0,0.0,0,0.0,57.5,1,562500.0,55.212903876711394,42.33151043289757,23,46,1,4,46,0,5,-105.0,70.5,-47.5,5.0,1157168,465.76012,nan,1.157168,nan,4,0,1156640,8,0,0,4,528,256,64,272,68,132,4,0,0,4
807,-47.5,57.5,46,23,0,0.0,0.0,0,0.0,57.5,0,562500.0,39.80111070294845,35.4530135872639,23,46,0,2,46,0,2,-105.0,70.5,-47.5,5.0,578584,466.338704,nan,0.578584,nan,2,0,578320,4,0,0,2,264,128,32,136,34,66,2,0,0,2
808,-47.5,57.5,46,23,0,0.0,0.0,0,0.0,57.5,0,562500.0,43.62370520392357,19.36425170499094,23,46,0,4,46,0,4,-105.0,70.5,-47.5,5.0,1157168,467.495872,nan,1.157168,nan,4,0,1156640,8,0,0,4,528,256,64,272,68,132,4,0,0,4
809,-47.5,57.5,44,22,0,0.0,0.0,0,0.0,57.5,0,562500.0,33.712828340000904,19.944110988580157,22,44,0,3,44,0,3,-105.0,70.5,-47.5,5.0,867876,468.363748,nan,0.867876,nan,3,0,867480,6,0,0,3,396,192,48,204,51,99,3,0,0,3
810,-47.5,57.5,46,23,0,0.0,0.0,0,0.0,57.5,0,562500.0,60.2106819152832,60.2106819152832,23,46,0,1,46,0,1,-105.0,70.5,-47.5,5.0,289292,468.65304,nan,0.289292,nan,1,0,289160,2,0,0,1,132,64,16,68,17,33,1,0,0,1
811,-47.5,57.5,56,28,0,0.0,0.0,0,0.0,57.5,0,562500.0,67.65285682678223,67.6528549194336,28,56,0,1,56,0,1,-105.0,70.5,-47.5,5.0,289292,468.942332,nan,0.289292,nan,1,0,289160,2,0,0,1,132,64,16,68,17,33,1,0,0,1
812,-47.5,57.5,56,28,0,0.0,0.0,0,0.0,57.5,0,0.0,nan,nan,28,56,0,0,56,0,0,-105.0,70.5,-47.5,5.0,0,468.942332,nan,0.0,nan,0,0,0,0,0,0,0,0,0,0,0,0,0,0,0,0,0
813,-47.5,57.5,58,29,0,0.0,0.0,0,0.0,57.5,2,562500.0,55.547086885968305,43.07868453802339,29,58,2,3,58,0,5,-105.0,70.5,-47.5,5.0,867876,469.810208,nan,0.867876,nan,3,0,867480,6,0,0,3,396,192,48,204,51,99,3,0,0,3
814,-47.5,57.5,62,31,0,0.0,0.0,0,0.0,57.5,2,562500.0,41.39256891401782,18.20464911474631,31,62,2,3,62,0,5,-105.0,70.5,-47.5,5.0,867876,470.678084,nan,0.867876,nan,3,0,867480,6,0,0,3,396,192,48,204,51,99,3,0,0,3
815,-47.5,57.5,62,31,0,0.0,0.0,0,0.0,57.5,1,562500.0,48.0942531392508,37.704774428497984,31,62,1,3,62,0,4,-105.0,70.5,-47.5,5.0,867876,471.54596,nan,0.867876,nan,3,0,867480,6,0,0,3,396,192,48,204,51,99,3,0,0,3
816,-47.5,57.5,66,33,0,0.0,0.0,0,0.0,57.5,1,562500.0,61.602481842041016,61.602481842041016,33,66,1,1,66,0,2,-105.0,70.5,-47.5,5.0,289292,471.835252,nan,0.289292,nan,1,0,289160,2,0,0,1,132,64,16,68,17,33,1,0,0,1
817,-47.5,57.5,52,26,0,0.0,0.0,0,0.0,57.5,1,562500.0,67.90542984008789,67.90542984008789,26,52,1,1,52,0,2,-105.0,70.5,-47.5,5.0,289292,472.124544,nan,0.289292,nan,1,0,289160,2,0,0,1,132,64,16,68,17,33,1,0,0,1
818,-47.5,57.5,40,20,0,0.0,0.0,0,0.0,57.5,0,562500.0,42.534478235097744,28.122853059433275,20,40,0,3,40,0,3,-105.0,70.5,-47.5,5.0,867876,472.99242,nan,0.867876,nan,3,0,867480,6,0,0,3,396,192,48,204,51,99,3,0,0,3
819,-47.5,57.5,36,18,0,0.0,0.0,0,0.0,57.5,1,562500.0,61.92185974121094,61.92185974121094,18,36,1,1,36,0,2,-105.0,70.5,-47.5,5.0,289292,473.281712,nan,0.289292,nan,1,0,289160,2,0,0,1,132,64,16,68,17,33,1,0,0,1
820,-47.5,57.5,32,16,0,0.0,0.0,0,0.0,57.5,1,562500.0,23.9469341418478,18.189067605040883,16,32,1,3,32,0,4,-105.0,70.5,-47.5,5.0,867876,474.149588,nan,0.867876,nan,3,0,867480,6,0,0,3,396,192,48,204,51,99,3,0,0,3
821,-47.5,57.5,44,22,0,0.0,0.0,0,0.0,57.5,1,562500.0,62.71755027770996,58.99983596801758,22,44,1,2,44,0,3,-105.0,70.5,-47.5,5.0,578584,474.728172,nan,0.578584,nan,2,0,578320,4,0,0,2,264,128,32,136,34,66,2,0,0,2
822,-47.5,57.5,52,26,0,0.0,0.0,0,0.0,57.5,0,562500.0,48.08894365814299,40.00616582753182,26,52,0,3,52,0,3,-105.0,70.5,-47.5,5.0,867876,475.596048,nan,0.867876,nan,3,0,867480,6,0,0,3,396,192,48,204,51,99,3,0,0,3
823,-47.5,57.5,58,29,0,0.0,0.0,0,0.0,57.5,1,562500.0,49.99343543946145,48.625914978762594,29,58,1,2,58,0,3,-105.0,70.5,-47.5,5.0,578584,476.174632,nan,0.578584,nan,2,0,578320,4,0,0,2,264,128,32,136,34,66,2,0,0,2
824,-47.5,57.5,64,32,0,0.0,0.0,0,0.0,57.5,0,562500.0,61.34862041473389,61.262489318847656,32,64,0,2,64,0,2,-105.0,70.5,-47.5,5.0,578584,476.753216,nan,0.578584,nan,2,0,578320,4,0,0,2,264,128,32,136,34,66,2,0,0,2
825,-47.5,57.5,56,28,0,0.0,0.0,0,0.0,57.5,0,562500.0,59.59374237060547,58.99849319458008,28,56,0,2,56,0,2,-105.0,70.5,-47.5,5.0,578584,477.3318,nan,0.578584,nan,2,0,578320,4,0,0,2,264,128,32,136,34,66,2,0,0,2
826,-47.5,57.5,46,23,0,0.0,0.0,0,0.0,57.5,0,562500.0,45.28141159414471,23.244993620985852,23,46,0,3,46,0,3,-105.0,70.5,-47.5,5.0,867876,478.199676,nan,0.867876,nan,3,0,867480,6,0,0,3,396,192,48,204,51,99,3,0,0,3
827,-47.5,57.5,52,26,0,0.0,0.0,0,0.0,57.5,0,562500.0,61.3021183013916,61.30211639404297,26,52,0,1,52,0,1,-105.0,70.5,-47.5,5.0,289292,478.488968,nan,0.289292,nan,1,0,289160,2,0,0,1,132,64,16,68,17,33,1,0,0,1
828,-47.5,57.5,54,27,0,0.0,0.0,0,0.0,57.5,0,0.0,nan,nan,27,54,0,0,54,0,0,-105.0,70.5,-47.5,5.0,0,478.488968,nan,0.0,nan,0,0,0,0,0,0,0,0,0,0,0,0,0,0,0,0,0
829,-47.5,57.5,60,30,0,0.0,0.0,0,0.0,57.5,0,0.0,nan,nan,30,60,0,0,60,0,0,-105.0,70.5,-47.5,5.0,0,478.488968,nan,0.0,nan,0,0,0,0,0,0,0,0,0,0,0,0,0,0,0,0,0
830,-47.5,57.5,60,30,0,0.0,0.0,0,0.0,57.5,1,562500.0,65.61791610717773,65.61791610717773,30,60,1,1,60,0,2,-105.0,70.5,-47.5,5.0,289292,478.77826,nan,0.289292,nan,1,0,289160,2,0,0,1,132,64,16,68,17,33,1,0,0,1
831,-47.5,57.5,64,32,0,0.0,0.0,0,0.0,57.5,1,562500.0,61.37266540527344,60.88232421875,32,64,1,2,64,0,3,-105.0,70.5,-47.5,5.0,578584,479.356844,nan,0.578584,nan,2,0,578320,4,0,0,2,264,128,32,136,34,66,2,0,0,2
832,-47.5,57.5,54,27,0,0.0,0.0,0,0.0,57.5,0,562500.0,62.473684310913086,59.06052017211914,27,54,0,2,54,0,2,-105.0,70.5,-47.5,5.0,578584,479.935428,nan,0.578584,nan,2,0,578320,4,0,0,2,264,128,32,136,34,66,2,0,0,2
833,-47.5,57.5,56,28,0,0.0,0.0,0,0.0,57.5,1,562500.0,59.57778549194336,59.51295471191406,28,56,1,2,56,0,3,-105.0,70.5,-47.5,5.0,578584,480.514012,nan,0.578584,nan,2,0,578320,4,0,0,2,264,128,32,136,34,66,2,0,0,2
834,-47.5,57.5,54,27,0,0.0,0.0,0,0.0,57.5,1,562500.0,61.59816932678223,59.40765380859375,27,54,1,2,54,0,3,-105.0,70.5,-47.5,5.0,578584,481.092596,nan,0.578584,nan,2,0,578320,4,0,0,2,264,128,32,136,34,66,2,0,0,2
835,-47.5,57.5,52,26,0,0.0,0.0,0,0.0,57.5,1,562500.0,62.16636085510254,62.01612854003906,26,52,1,2,52,0,3,-105.0,70.5,-47.5,5.0,578584,481.67118,nan,0.578584,nan,2,0,578320,4,0,0,2,264,128,32,136,34,66,2,0,0,2
836,-47.5,57.5,52,26,0,0.0,0.0,0,0.0,57.5,1,562500.0,43.23655949545223,41.75593274834813,26,52,1,2,52,0,3,-105.0,70.5,-47.5,5.0,578584,482.249764,nan,0.578584,nan,2,0,578320,4,0,0,2,264,128,32,136,34,66,2,0,0,2
837,-47.5,57.5,58,29,0,0.0,0.0,0,0.0,57.5,1,562500.0,45.73330972609201,38.064134946081495,29,58,1,3,58,0,4,-105.0,70.5,-47.5,5.0,867876,483.11764,nan,0.867876,nan,3,0,867480,6,0,0,3,396,192,48,204,51,99,3,0,0,3
838,-47.5,57.5,60,30,0,0.0,0.0,0,0.0,57.5,0,562500.0,61.28392219543457,58.399993896484375,30,60,0,2,60,0,2,-105.0,70.5,-47.5,5.0,578584,483.696224,nan,0.578584,nan,2,0,578320,4,0,0,2,264,128,32,136,34,66,2,0,0,2
839,-47.5,57.5,66,33,0,0.0,0.0,0,0.0,57.5,0,562500.0,61.78207270304362,59.122371673583984,33,66,0,3,66,0,3,-105.0,70.5,-47.5,5.0,867876,484.5641,nan,0.867876,nan,3,0,867480,6,0,0,3,396,192,48,204,51,99,3,0,0,3
840,-47.5,57.5,64,32,0,0.0,0.0,0,0.0,57.5,0,562500.0,59.70648193359375,57.69410705566406,32,64,0,2,64,0,2,-105.0,70.5,-47.5,5.0,578584,485.142684,nan,0.578584,nan,2,0,578320,4,0,0,2,264,128,32,136,34,66,2,0,0,2
841,-47.5,57.5,52,26,0,0.0,0.0,0,0.0,57.5,1,562500.0,63.35588455200195,61.569602966308594,26,52,1,2,52,0,3,-105.0,70.5,-47.5,5.0,578584,485.721268,nan,0.578584,nan,2,0,578320,4,0,0,2,264,128,32,136,34,66,2,0,0,2
842,-47.5,57.5,56,28,0,0.0,0.0,0,0.0,57.5,1,562500.0,69.86458587646484,69.86458587646484,28,56,1,1,56,0,2,-105.0,70.5,-47.5,5.0,289292,486.01056,nan,0.289292,nan,1,0,289160,2,0,0,1,132,64,16,68,17,33,1,0,0,1
843,-47.5,57.5,42,21,0,0.0,0.0,0,0.0,57.5,0,562500.0,42.2712805106802,36.825045847818586,21,42,0,2,42,0,2,-105.0,70.5,-47.5,5.0,578584,486.589144,nan,0.578584,nan,2,0,578320,4,0,0,2,264,128,32,136,34,66,2,0,0,2
844,-47.5,57.5,42,21,0,0.0,0.0,0,0.0,57.5,0,562500.0,58.516984939575195,58.51698303222656,21,42,0,1,42,0,1,-105.0,70.5,-47.5,5.0,289292,486.878436,nan,0.289292,nan,1,0,289160,2,0,0,1,132,64,16,68,17,33,1,0,0,1
845,-47.5,57.5,40,20,0,0.0,0.0,0,0.0,57.5,0,562500.0,42.299984492447166,40.240058447497034,20,40,0,2,40,0,2,-105.0,70.5,-47.5,5.0,578584,487.45702,nan,0.578584,nan,2,0,578320,4,0,0,2,264,128,32,136,34,66,2,0,0,2
846,-47.5,57.5,42,21,0,0.0,0.0,0,0.0,57.5,2,562500.0,54.47296359084341,49.923862719044614,21,42,2,3,42,0,5,-105.0,70.5,-47.5,5.0,867876,488.324896,nan,0.867876,nan,3,0,867480,6,0,0,3,396,192,48,204,51,99,3,0,0,3
847,-47.5,57.5,40,20,0,0.0,0.0,0,0.0,57.5,0,562500.0,42.86099204216521,24.866572133061315,20,40,0,3,40,0,3,-105.0,70.5,-47.5,5.0,867876,489.192772,nan,0.867876,nan,3,0,867480,6,0,0,3,396,192,48,204,51,99,3,0,0,3
848,-47.5,57.5,46,23,0,0.0,0.0,0,0.0,57.5,1,562500.0,53.448843632372046,20.562743940975814,23,46,1,4,46,0,5,-105.0,70.5,-47.5,5.0,1157168,490.34994,nan,1.157168,nan,4,0,1156640,8,0,0,4,528,256,64,272,68,132,4,0,0,4
849,-47.5,57.5,48,24,0,0.0,0.0,0,0.0,57.5,0,562500.0,61.05677032470703,57.654457092285156,24,48,0,3,48,0,3,-105.0,70.5,-47.5,5.0,867876,491.217816,nan,0.867876,nan,3,0,867480,6,0,0,3,396,192,48,204,51,99,3,0,0,3
850,-47.5,57.5,48,24,0,0.0,0.0,0,0.0,57.5,0,562500.0,63.80694580078125,60.2106819152832,24,48,0,2,48,0,2,-105.0,70.5,-47.5,5.0,578584,491.7964,nan,0.578584,nan,2,0,578320,4,0,0,2,264,128,32,136,34,66,2,0,0,2
851,-47.5,57.5,50,25,0,0.0,0.0,0,0.0,57.5,0,0.0,nan,nan,25,50,0,0,50,0,0,-105.0,70.5,-47.5,5.0,0,491.7964,nan,0.0,nan,0,0,0,0,0,0,0,0,0,0,0,0,0,0,0,0,0
852,-47.5,57.5,56,28,0,0.0,0.0,0,0.0,57.5,0,562500.0,39.145857952114,33.224577203004195,28,56,0,2,56,0,2,-105.0,70.5,-47.5,5.0,578584,492.374984,nan,0.578584,nan,2,0,578320,4,0,0,2,264,128,32,136,34,66,2,0,0,2
853,-47.5,57.5,60,30,0,0.0,0.0,0,0.0,57.5,1,562500.0,61.45555019378662,58.51698303222656,30,60,1,2,60,0,3,-105.0,70.5,-47.5,5.0,578584,492.953568,nan,0.578584,nan,2,0,578320,4,0,0,2,264,128,32,136,34,66,2,0,0,2
854,-47.5,57.5,60,30,0,0.0,0.0,0,0.0,57.5,0,562500.0,45.74864314321653,30.233449547196308,30,60,0,3,60,0,3,-105.0,70.5,-47.5,5.0,867876,493.821444,nan,0.867876,nan,3,0,867480,6,0,0,3,396,192,48,204,51,99,3,0,0,3
855,-47.5,57.5,64,32,0,0.0,0.0,0,0.0,57.5,1,562500.0,31.939638104108127,22.72147636528189,32,64,1,2,64,0,3,-105.0,70.5,-47.5,5.0,578584,494.400028,nan,0.578584,nan,2,0,578320,4,0,0,2,264,128,32,136,34,66,2,0,0,2
856,-47.5,57.5,58,29,0,0.0,0.0,0,0.0,57.5,0,562500.0,61.60422897338867,61.60422897338867,29,58,0,1,58,0,1,-105.0,70.5,-47.5,5.0,289292,494.68932,nan,0.289292,nan,1,0,289160,2,0,0,1,132,64,16,68,17,33,1,0,0,1
857,-47.5,57.5,58,29,0,0.0,0.0,0,0.0,57.5,0,562500.0,65.16056060791016,65.16056060791016,29,58,0,1,58,0,1,-105.0,70.5,-47.5,5.0,289292,494.978612,nan,0.289292,nan,1,0,289160,2,0,0,1,132,64,16,68,17,33,1,0,0,1
858,-47.5,57.5,60,30,0,0.0,0.0,0,0.0,57.5,0,562500.0,58.439348220825195,58.43933868408203,30,60,0,1,60,0,1,-105.0,70.5,-47.5,5.0,289292,495.267904,nan,0.289292,nan,1,0,289160,2,0,0,1,132,64,16,68,17,33,1,0,0,1
859,-47.5,57.5,64,32,0,0.0,0.0,0,0.0,57.5,0,562500.0,67.17978858947754,64.64019012451172,32,64,0,2,64,0,2,-105.0,70.5,-47.5,5.0,578584,495.846488,nan,0.578584,nan,2,0,578320,4,0,0,2,264,128,32,136,34,66,2,0,0,2
860,-47.5,57.5,66,33,0,0.0,0.0,0,0.0,57.5,1,562500.0,43.72353426642451,40.51811858461595,33,66,1,4,66,0,5,-105.0,70.5,-47.5,5.0,1157168,497.003656,nan,1.157168,nan,4,0,1156640,8,0,0,4,528,256,64,272,68,132,4,0,0,4
861,-47.5,57.5,64,32,0,0.0,0.0,0,0.0,57.5,0,562500.0,49.34795410742219,40.17899445098113,32,64,0,3,64,0,3,-105.0,70.5,-47.5,5.0,867876,497.871532,nan,0.867876,nan,3,0,867480,6,0,0,3,396,192,48,204,51,99,3,0,0,3
862,-47.5,57.5,60,30,0,0.0,0.0,0,0.0,57.5,0,562500.0,45.78939797868208,21.664323332621343,30,60,0,4,60,0,4,-105.0,70.5,-47.5,5.0,1157168,499.0287,nan,1.157168,nan,4,0,1156640,8,0,0,4,528,256,64,272,68,132,4,0,0,4
863,-47.5,57.5,46,23,0,0.0,0.0,0,0.0,57.5,0,562500.0,59.35997200012207,59.35995864868164,23,46,0,1,46,0,1,-105.0,70.5,-47.5,5.0,289292,499.317992,nan,0.289292,nan,1,0,289160,2,0,0,1,132,64,16,68,17,33,1,0,0,1
864,-47.5,57.5,42,21,0,0.0,0.0,0,0.0,57.5,0,0.0,nan,nan,21,42,0,0,42,0,0,-105.0,70.5,-47.5,5.0,0,499.317992,nan,0.0,nan,0,0,0,0,0,0,0,0,0,0,0,0,0,0,0,0,0
865,-47.5,57.5,40,20,0,0.0,0.0,0,0.0,57.5,0,562500.0,53.01668086440133,42.70800619414538,20,40,0,4,40,0,4,-105.0,70.5,-47.5,5.0,1157168,500.47516,nan,1.157168,nan,4,0,1156640,8,0,0,4,528,256,64,272,68,132,4,0,0,4
866,-47.5,57.5,40,20,0,0.0,0.0,0,0.0,57.5,0,562500.0,36.44859164883268,23.084371063824744,20,40,0,4,40,0,4,-105.0,70.5,-47.5,5.0,1157168,501.632328,nan,1.157168,nan,4,0,1156640,8,0,0,4,528,256,64,272,68,132,4,0,0,4
867,-47.5,57.5,36,18,0,0.0,0.0,0,0.0,57.5,0,562500.0,61.61222839355469,61.61222839355469,18,36,0,1,36,0,1,-105.0,70.5,-47.5,5.0,289292,501.92162,nan,0.289292,nan,1,0,289160,2,0,0,1,132,64,16,68,17,33,1,0,0,1
868,-47.5,57.5,40,20,0,0.0,0.0,0,0.0,57.5,0,562500.0,59.966514587402344,59.966514587402344,20,40,0,1,40,0,1,-105.0,70.5,-47.5,5.0,289292,502.210912,nan,0.289292,nan,1,0,289160,2,0,0,1,132,64,16,68,17,33,1,0,0,1
869,-47.5,57.5,44,22,0,0.0,0.0,0,0.0,57.5,1,562500.0,41.70754072613602,35.78756142246561,22,44,1,2,44,0,3,-105.0,70.5,-47.5,5.0,578584,502.789496,nan,0.578584,nan,2,0,578320,4,0,0,2,264,128,32,136,34,66,2,0,0,2
870,-47.5,57.5,38,19,0,0.0,0.0,0,0.0,57.5,0,562500.0,63.26232719421387,58.3230094909668,19,38,0,2,38,0,2,-105.0,70.5,-47.5,5.0,578584,503.36808,nan,0.578584,nan,2,0,578320,4,0,0,2,264,128,32,136,34,66,2,0,0,2
871,-47.5,57.5,38,19,0,0.0,0.0,0,0.0,57.5,0,562500.0,62.5300673063244,62.05452237682,19,38,0,2,38,0,2,-105.0,70.5,-47.5,5.0,578584,503.946664,nan,0.578584,nan,2,0,578320,4,0,0,2,264,128,32,136,34,66,2,0,0,2
872,-47.5,57.5,32,16,0,0.0,0.0,0,0.0,57.5,0,562500.0,65.78115590413411,61.9425163269043,16,32,0,3,32,0,3,-105.0,70.5,-47.5,5.0,867876,504.81454,nan,0.867876,nan,3,0,867480,6,0,0,3,396,192,48,204,51,99,3,0,0,3
873,-47.5,57.5,32,16,0,0.0,0.0,0,0.0,57.5,0,562500.0,62.241655349731445,62.00878143310547,16,32,0,2,32,0,2,-105.0,70.5,-47.5,5.0,578584,505.393124,nan,0.578584,nan,2,0,578320,4,0,0,2,264,128,32,136,34,66,2,0,0,2
874,-47.5,57.5,34,17,0,0.0,0.0,0,0.0,57.5,2,562500.0,41.187045552572584,35.031264012634146,17,34,2,4,34,0,6,-105.0,70.5,-47.5,5.0,1157168,506.550292,nan,1.157168,nan,4,0,1156640,8,0,0,4,528,256,64,272,68,132,4,0,0,4
875,-47.5,57.5,36,18,0,0.0,0.0,0,0.0,57.5,0,562500.0,42.40076392784554,31.82254589447477,18,36,0,5,36,0,5,-105.0,70.5,-47.5,5.0,1446460,507.996752,nan,1.44646,nan,5,0,1445800,10,0,0,5,660,320,80,340,85,165,5,0,0,5
876,-47.5,57.5,40,20,0,0.0,0.0,0,0.0,57.5,1,562500.0,63.539710998535156,63.539710998535156,20,40,1,1,40,0,2,-105.0,70.5,-47.5,5.0,289292,508.286044,nan,0.289292,nan,1,0,289160,2,0,0,1,132,64,16,68,17,33,1,0,0,1
877,-47.5,57.5,44,22,0,0.0,0.0,0,0.0,57.5,1,562500.0,36.91147372197851,34.84788329146935,22,44,1,2,44,0,3,-105.0,70.5,-47.5,5.0,578584,508.864628,nan,0.578584,nan,2,0,578320,4,0,0,2,264,128,32,136,34,66,2,0,0,2
878,-47.5,57.5,42,21,0,0.0,0.0,0,0.0,57.5,0,562500.0,60.2106819152832,60.2106819152832,21,42,0,1,42,0,1,-105.0,70.5,-47.5,5.0,289292,509.15392,nan,0.289292,nan,1,0,289160,2,0,0,1,132,64,16,68,17,33,1,0,0,1
879,-47.5,57.5,42,21,0,0.0,0.0,0,0.0,57.5,0,562500.0,22.008759826470463,18.171549584201163,21,42,0,2,42,0,2,-105.0,70.5,-47.5,5.0,578584,509.732504,nan,0.578584,nan,2,0,578320,4,0,0,2,264,128,32,136,34,66,2,0,0,2
880,-47.5,57.5,40,20,0,0.0,0.0,0,0.0,57.5,0,562500.0,67.63127326965332,67.63127136230469,20,40,0,1,40,0,1,-105.0,70.5,-47.5,5.0,289292,510.021796,nan,0.289292,nan,1,0,289160,2,0,0,1,132,64,16,68,17,33,1,0,0,1
881,-47.5,57.5,42,21,0,0.0,0.0,0,0.0,57.5,0,562500.0,61.63188552856445,61.63188552856445,21,42,0,1,42,0,1,-105.0,70.5,-47.5,5.0,289292,510.311088,nan,0.289292,nan,1,0,289160,2,0,0,1,132,64,16,68,17,33,1,0,0,1
882,-47.5,57.5,42,21,0,0.0,0.0,0,0.0,57.5,0,0.0,nan,nan,21,42,0,0,42,0,0,-105.0,70.5,-47.5,5.0,0,510.311088,nan,0.0,nan,0,0,0,0,0,0,0,0,0,0,0,0,0,0,0,0,0
883,-47.5,57.5,42,21,0,0.0,0.0,0,0.0,57.5,1,562500.0,64.46490287780762,61.42714309692383,21,42,1,2,42,0,3,-105.0,70.5,-47.5,5.0,578584,510.889672,nan,0.578584,nan,2,0,578320,4,0,0,2,264,128,32,136,34,66,2,0,0,2
884,-47.5,57.5,38,19,0,0.0,0.0,0,0.0,57.5,0,562500.0,63.80694580078125,60.21068572998047,19,38,0,2,38,0,2,-105.0,70.5,-47.5,5.0,578584,511.468256,nan,0.578584,nan,2,0,578320,4,0,0,2,264,128,32,136,34,66,2,0,0,2
885,-47.5,57.5,38,19,0,0.0,0.0,0,0.0,57.5,1,562500.0,35.595028571690484,19.683138865868756,19,38,1,3,38,0,4,-105.0,70.5,-47.5,5.0,867876,512.336132,nan,0.867876,nan,3,0,867480,6,0,0,3,396,192,48,204,51,99,3,0,0,3
886,-47.5,57.5,38,19,0,0.0,0.0,0,0.0,57.5,0,562500.0,40.80012592549211,19.68314268050154,19,38,0,5,38,0,5,-105.0,70.5,-47.5,5.0,1446460,513.782592,nan,1.44646,nan,5,0,1445800,10,0,0,5,660,320,80,340,85,165,5,0,0,5
887,-47.5,57.5,38,19,0,0.0,0.0,0,0.0,57.5,0,562500.0,61.44648361206055,61.44648361206055,19,38,0,1,38,0,1,-105.0,70.5,-47.5,5.0,289292,514.071884,nan,0.289292,nan,1,0,289160,2,0,0,1,132,64,16,68,17,33,1,0,0,1
888,-47.5,57.5,38,19,0,0.0,0.0,0,0.0,57.5,0,0.0,nan,nan,19,38,0,0,38,0,0,-105.0,70.5,-47.5,5.0,0,514.071884,nan,0.0,nan,0,0,0,0,0,0,0,0,0,0,0,0,0,0,0,0,0
889,-47.5,57.5,38,19,0,0.0,0.0,0,0.0,57.5,1,562500.0,67.46614265441895,67.4032096862793,19,38,1,2,38,0,3,-105.0,70.5,-47.5,5.0,578584,514.650468,nan,0.578584,nan,2,0,578320,4,0,0,2,264,128,32,136,34,66,2,0,0,2
890,-47.5,57.5,38,19,0,0.0,0.0,0,0.0,57.5,0,0.0,nan,nan,19,38,0,0,38,0,0,-105.0,70.5,-47.5,5.0,0,514.650468,nan,0.0,nan,0,0,0,0,0,0,0,0,0,0,0,0,0,0,0,0,0
891,-47.5,57.5,38,19,0,0.0,0.0,0,0.0,57.5,0,0.0,nan,nan,19,38,0,0,38,0,0,-105.0,70.5,-47.5,5.0,0,514.650468,nan,0.0,nan,0,0,0,0,0,0,0,0,0,0,0,0,0,0,0,0,0
892,-47.5,57.5,38,19,0,0.0,0.0,0,0.0,57.5,0,562500.0,60.21068572998047,60.21068572998047,19,38,0,1,38,0,1,-105.0,70.5,-47.5,5.0,289292,514.93976,nan,0.289292,nan,1,0,289160,2,0,0,1,132,64,16,68,17,33,1,0,0,1
893,-47.5,57.5,40,20,0,0.0,0.0,0,0.0,57.5,0,562500.0,62.71721267700195,57.93059539794922,20,40,0,2,40,0,2,-105.0,70.5,-47.5,5.0,578584,515.518344,nan,0.578584,nan,2,0,578320,4,0,0,2,264,128,32,136,34,66,2,0,0,2
894,-47.5,57.5,42,21,0,0.0,0.0,0,0.0,57.5,0,562500.0,49.22678266128176,37.92189749779489,21,42,0,3,42,0,3,-105.0,70.5,-47.5,5.0,867876,516.38622,nan,0.867876,nan,3,0,867480,6,0,0,3,396,192,48,204,51,99,3,0,0,3
895,-47.5,57.5,40,20,0,0.0,0.0,0,0.0,57.5,0,562500.0,59.310797914344846,50.17195369407013,20,40,0,4,40,0,4,-105.0,70.5,-47.5,5.0,1157168,517.543388,nan,1.157168,nan,4,0,1156640,8,0,0,4,528,256,64,272,68,132,4,0,0,4
896,-47.5,57.5,42,21,0,0.0,0.0,0,0.0,57.5,4,562500.0,42.98354063422812,18.56387158217694,21,42,4,4,42,0,8,-105.0,70.5,-47.5,5.0,1157168,518.700556,nan,1.157168,nan,4,0,1156640,8,0,0,4,528,256,64,272,68,132,4,0,0,4
897,-47.5,57.5,42,21,0,0.0,0.0,0,0.0,57.5,1,562500.0,54.82197818019395,36.83082552916578,21,42,1,4,42,0,5,-105.0,70.5,-47.5,5.0,1157168,519.857724,nan,1.157168,nan,4,0,1156640,8,0,0,4,528,256,64,272,68,132,4,0,0,4
898,-47.5,57.5,42,21,0,0.0,0.0,0,0.0,57.5,0,562500.0,67.50382614135742,67.50382614135742,21,42,0,1,42,0,1,-105.0,70.5,-47.5,5.0,289292,520.147016,nan,0.289292,nan,1,0,289160,2,0,0,1,132,64,16,68,17,33,1,0,0,1
899,-47.5,57.5,42,21,0,0.0,0.0,0,0.0,57.5,0,0.0,nan,nan,21,42,0,0,42,0,0,-105.0,70.5,-47.5,5.0,0,520.147016,nan,0.0,nan,0,0,0,0,0,0,0,0,0,0,0,0,0,0,0,0,0
900,-47.5,57.5,42,21,0,0.0,0.0,0,0.0,57.5,1,562500.0,20.99923836216638,20.012392862419862,21,42,1,2,42,0,3,-105.0,70.5,-47.5,5.0,578584,520.7256,nan,0.578584,nan,2,0,578320,4,0,0,2,264,128,32,136,34,66,2,0,0,2
901,-47.5,57.5,56,28,0,0.0,0.0,0,0.0,57.5,1,562500.0,59.16107940673828,57.53424072265625,28,56,1,2,56,0,3,-105.0,70.5,-47.5,5.0,578584,521.304184,nan,0.578584,nan,2,0,578320,4,0,0,2,264,128,32,136,34,66,2,0,0,2
902,-47.5,57.5,56,28,0,0.0,0.0,0,0.0,57.5,0,562500.0,44.75502436512259,24.388770849708422,28,56,0,3,56,0,3,-105.0,70.5,-47.5,5.0,867876,522.17206,nan,0.867876,nan,3,0,867480,6,0,0,3,396,192,48,204,51,99,3,0,0,3
903,-47.5,57.5,62,31,0,0.0,0.0,0,0.0,57.5,0,562500.0,63.50706100463867,63.093021392822266,31,62,0,2,62,0,2,-105.0,70.5,-47.5,5.0,578584,522.750644,nan,0.578584,nan,2,0,578320,4,0,0,2,264,128,32,136,34,66,2,0,0,2
904,-47.5,57.5,60,30,0,0.0,0.0,0,0.0,57.5,0,562500.0,62.98361015319824,62.15633773803711,30,60,0,2,60,0,2,-105.0,70.5,-47.5,5.0,578584,523.329228,nan,0.578584,nan,2,0,578320,4,0,0,2,264,128,32,136,34,66,2,0,0,2
905,-47.5,57.5,64,32,0,0.0,0.0,0,0.0,57.5,0,562500.0,45.67406542253277,28.892012405887975,32,64,0,3,64,0,3,-105.0,70.5,-47.5,5.0,867876,524.197104,nan,0.867876,nan,3,0,867480,6,0,0,3,396,192,48,204,51,99,3,0,0,3
906,-47.5,57.5,52,26,0,0.0,0.0,0,0.0,57.5,1,562500.0,57.88393783569336,57.587852478027344,26,52,1,2,52,0,3,-105.0,70.5,-47.5,5.0,578584,524.775688,nan,0.578584,nan,2,0,578320,4,0,0,2,264,128,32,136,34,66,2,0,0,2
907,-47.5,57.5,36,18,0,0.0,0.0,0,0.0,57.5,0,562500.0,60.983314514160156,60.409358978271484,18,36,0,2,36,0,2,-105.0,70.5,-47.5,5.0,578584,525.354272,nan,0.578584,nan,2,0,578320,4,0,0,2,264,128,32,136,34,66,2,0,0,2
908,-47.5,57.5,32,16,0,0.0,0.0,0,0.0,57.5,1,562500.0,40.5675109575909,37.093131526142756,16,32,1,2,32,0,3,-105.0,70.5,-47.5,5.0,578584,525.932856,nan,0.578584,nan,2,0,578320,4,0,0,2,264,128,32,136,34,66,2,0,0,2
909,-47.5,57.5,30,15,0,0.0,0.0,0,0.0,57.5,0,562500.0,65.54104105631511,64.3805923461914,15,30,0,3,30,0,3,-105.0,70.5,-47.5,5.0,867876,526.800732,nan,0.867876,nan,3,0,867480,6,0,0,3,396,192,48,204,51,99,3,0,0,3
910,-47.5,57.5,28,14,0,0.0,0.0,0,0.0,57.5,0,562500.0,51.35724382355661,41.713333812334376,14,28,0,3,28,0,3,-105.0,70.5,-47.5,5.0,867876,527.668608,nan,0.867876,nan,3,0,867480,6,0,0,3,396,192,48,204,51,99,3,0,0,3
911,-47.5,57.5,28,14,0,0.0,0.0,0,0.0,57.5,0,562500.0,71.84725570678711,71.84725570678711,14,28,0,1,28,0,1,-105.0,70.5,-47.5,5.0,289292,527.9579,nan,0.289292,nan,1,0,289160,2,0,0,1,132,64,16,68,17,33,1,0,0,1
912,-47.5,57.5,36,18,0,0.0,0.0,0,0.0,57.5,0,562500.0,33.10721605323734,27.372233058588677,18,36,0,2,36,0,2,-105.0,70.5,-47.5,5.0,578584,528.536484,nan,0.578584,nan,2,0,578320,4,0,0,2,264,128,32,136,34,66,2,0,0,2
913,-47.5,57.5,36,18,0,0.0,0.0,0,0.0,57.5,0,562500.0,55.240705788052,31.51133544326695,18,36,0,3,36,0,3,-105.0,70.5,-47.5,5.0,867876,529.40436,nan,0.867876,nan,3,0,867480,6,0,0,3,396,192,48,204,51,99,3,0,0,3
914,-47.5,57.5,26,13,0,0.0,0.0,0,0.0,57.5,0,562500.0,66.03660583496094,66.03660583496094,13,26,0,1,26,0,1,-105.0,70.5,-47.5,5.0,289292,529.693652,nan,0.289292,nan,1,0,289160,2,0,0,1,132,64,16,68,17,33,1,0,0,1
915,-47.5,57.5,26,13,0,0.0,0.0,0,0.0,57.5,1,562500.0,66.92866134643555,66.92866134643555,13,26,1,1,26,0,2,-105.0,70.5,-47.5,5.0,289292,529.982944,nan,0.289292,nan,1,0,289160,2,0,0,1,132,64,16,68,17,33,1,0,0,1
916,-47.5,57.5,30,15,0,0.0,0.0,0,0.0,57.5,0,562500.0,39.773952071576595,20.704492202988934,15,30,0,3,30,0,3,-105.0,70.5,-47.5,5.0,867876,530.85082,nan,0.867876,nan,3,0,867480,6,0,0,3,396,192,48,204,51,99,3,0,0,3
917,-47.5,57.5,28,14,0,0.0,0.0,0,0.0,57.5,0,562500.0,59.34656524658203,59.34656524658203,14,28,0,1,28,0,1,-105.0,70.5,-47.5,5.0,289292,531.140112,nan,0.289292,nan,1,0,289160,2,0,0,1,132,64,16,68,17,33,1,0,0,1
918,-47.5,57.5,18,9,0,0.0,0.0,0,0.0,57.5,0,562500.0,60.21068572998047,60.21068572998047,9,18,0,1,18,0,1,-105.0,70.5,-47.5,5.0,289292,531.429404,nan,0.289292,nan,1,0,289160,2,0,0,1,132,64,16,68,17,33,1,0,0,1
919,-47.5,57.5,16,8,0,0.0,0.0,0,0.0,57.5,0,562500.0,63.03033638000488,58.657466888427734,8,16,0,2,16,0,2,-105.0,70.5,-47.5,5.0,578584,532.007988,nan,0.578584,nan,2,0,578320,4,0,0,2,264,128,32,136,34,66,2,0,0,2
920,-47.5,57.5,14,7,0,0.0,0.0,0,0.0,57.5,1,562500.0,63.07223892211914,62.2813606262207,7,14,1,2,14,0,3,-105.0,70.5,-47.5,5.0,578584,532.586572,nan,0.578584,nan,2,0,578320,4,0,0,2,264,128,32,136,34,66,2,0,0,2
921,-47.5,57.5,20,10,0,0.0,0.0,0,0.0,57.5,2,562500.0,47.20277763362723,39.94314861052308,10,20,2,3,20,0,5,-105.0,70.5,-47.5,5.0,867876,533.454448,nan,0.867876,nan,3,0,867480,6,0,0,3,396,192,48,204,51,99,3,0,0,3
922,-47.5,57.5,22,11,0,0.0,0.0,0,0.0,57.5,1,562500.0,62.40277290344238,62.2178840637207,11,22,1,2,22,0,3,-105.0,70.5,-47.5,5.0,578584,534.033032,nan,0.578584,nan,2,0,578320,4,0,0,2,264,128,32,136,34,66,2,0,0,2
923,-47.5,57.5,26,13,0,0.0,0.0,0,0.0,57.5,0,562500.0,57.68289566040039,57.68289566040039,13,26,0,1,26,0,1,-105.0,70.5,-47.5,5.0,289292,534.322324,nan,0.289292,nan,1,0,289160,2,0,0,1,132,64,16,68,17,33,1,0,0,1
924,-47.5,57.5,32,16,0,0.0,0.0,0,0.0,57.5,0,0.0,nan,nan,16,32,0,0,32,0,0,-105.0,70.5,-47.5,5.0,0,534.322324,nan,0.0,nan,0,0,0,0,0,0,0,0,0,0,0,0,0,0,0,0,0
925,-47.5,57.5,24,12,0,0.0,0.0,0,0.0,57.5,0,0.0,nan,nan,12,24,0,0,24,0,0,-105.0,70.5,-47.5,5.0,0,534.322324,nan,0.0,nan,0,0,0,0,0,0,0,0,0,0,0,0,0,0,0,0,0
926,-47.5,57.5,30,15,0,0.0,0.0,0,0.0,57.5,1,562500.0,29.808865840522582,20.57157263334481,15,30,1,2,30,0,3,-105.0,70.5,-47.5,5.0,578584,534.900908,nan,0.578584,nan,2,0,578320,4,0,0,2,264,128,32,136,34,66,2,0,0,2
927,-47.5,57.5,32,16,0,0.0,0.0,0,0.0,57.5,1,562500.0,37.04062547934247,18.456711471789127,16,32,1,4,32,0,5,-105.0,70.5,-47.5,5.0,1157168,536.058076,nan,1.157168,nan,4,0,1156640,8,0,0,4,528,256,64,272,68,132,4,0,0,4
928,-47.5,57.5,38,19,0,0.0,0.0,0,0.0,57.5,0,562500.0,39.17661032504058,19.20903839988203,19,38,0,3,38,0,3,-105.0,70.5,-47.5,5.0,867876,536.925952,nan,0.867876,nan,3,0,867480,6,0,0,3,396,192,48,204,51,99,3,0,0,3
929,-47.5,57.5,46,23,0,0.0,0.0,0,0.0,57.5,1,562500.0,43.4919149702366,26.658726910558155,23,46,1,3,46,0,4,-105.0,70.5,-47.5,5.0,867876,537.793828,nan,0.867876,nan,3,0,867480,6,0,0,3,396,192,48,204,51,99,3,0,0,3
930,-47.5,57.5,42,21,0,0.0,0.0,0,0.0,57.5,0,562500.0,60.95697148640951,60.2106819152832,21,42,0,3,42,0,3,-105.0,70.5,-47.5,5.0,867876,538.661704,nan,0.867876,nan,3,0,867480,6,0,0,3,396,192,48,204,51,99,3,0,0,3
931,-47.5,57.5,46,23,0,0.0,0.0,0,0.0,57.5,2,562500.0,45.268560978374296,33.6947986879019,23,46,2,3,46,0,5,-105.0,70.5,-47.5,5.0,867876,539.52958,nan,0.867876,nan,3,0,867480,6,0,0,3,396,192,48,204,51,99,3,0,0,3
932,-47.5,57.5,44,22,0,0.0,0.0,0,0.0,57.5,0,562500.0,58.4664363861084,58.41588592529297,22,44,0,2,44,0,2,-105.0,70.5,-47.5,5.0,578584,540.108164,nan,0.578584,nan,2,0,578320,4,0,0,2,264,128,32,136,34,66,2,0,0,2
933,-47.5,57.5,44,22,0,0.0,0.0,0,0.0,57.5,1,562500.0,42.20716961788634,21.163885847929095,22,44,1,3,44,0,4,-105.0,70.5,-47.5,5.0,867876,540.97604,nan,0.867876,nan,3,0,867480,6,0,0,3,396,192,48,204,51,99,3,0,0,3
934,-47.5,57.5,52,26,0,0.0,0.0,0,0.0,57.5,0,562500.0,67.67025375366211,67.67025375366211,26,52,0,1,52,0,1,-105.0,70.5,-47.5,5.0,289292,541.265332,nan,0.289292,nan,1,0,289160,2,0,0,1,132,64,16,68,17,33,1,0,0,1
935,-47.5,57.5,52,26,0,0.0,0.0,0,0.0,57.5,0,562500.0,65.12278366088867,65.12278366088867,26,52,0,1,52,0,1,-105.0,70.5,-47.5,5.0,289292,541.554624,nan,0.289292,nan,1,0,289160,2,0,0,1,132,64,16,68,17,33,1,0,0,1
936,-47.5,57.5,56,28,0,0.0,0.0,0,0.0,57.5,0,0.0,nan,nan,28,56,0,0,56,0,0,-105.0,70.5,-47.5,5.0,0,541.554624,nan,0.0,nan,0,0,0,0,0,0,0,0,0,0,0,0,0,0,0,0,0
937,-47.5,57.5,58,29,0,0.0,0.0,0,0.0,57.5,0,562500.0,56.408563151422996,38.78545319133432,29,58,0,4,58,0,4,-105.0,70.5,-47.5,5.0,1157168,542.711792,nan,1.157168,nan,4,0,1156640,8,0,0,4,528,256,64,272,68,132,4,0,0,4
938,-47.5,57.5,52,26,0,0.0,0.0,0,0.0,57.5,0,562500.0,60.21068572998047,60.21068572998047,26,52,0,1,52,0,1,-105.0,70.5,-47.5,5.0,289292,543.001084,nan,0.289292,nan,1,0,289160,2,0,0,1,132,64,16,68,17,33,1,0,0,1
939,-47.5,57.5,54,27,0,0.0,0.0,0,0.0,57.5,0,562500.0,62.4849739074707,58.60942459106445,27,54,0,3,54,0,3,-105.0,70.5,-47.5,5.0,867876,543.86896,nan,0.867876,nan,3,0,867480,6,0,0,3,396,192,48,204,51,99,3,0,0,3
940,-47.5,57.5,56,28,0,0.0,0.0,0,0.0,57.5,0,562500.0,62.96009826660156,58.51698684692383,28,56,0,2,56,0,2,-105.0,70.5,-47.5,5.0,578584,544.447544,nan,0.578584,nan,2,0,578320,4,0,0,2,264,128,32,136,34,66,2,0,0,2
941,-47.5,57.5,56,28,0,0.0,0.0,0,0.0,57.5,0,562500.0,40.26130127846318,20.56679641298966,28,56,0,3,56,0,3,-105.0,70.5,-47.5,5.0,867876,545.31542,nan,0.867876,nan,3,0,867480,6,0,0,3,396,192,48,204,51,99,3,0,0,3
942,-47.5,57.5,62,31,0,0.0,0.0,0,0.0,57.5,0,562500.0,58.2681827545166,57.65629196166992,31,62,0,2,62,0,2,-105.0,70.5,-47.5,5.0,578584,545.894004,nan,0.578584,nan,2,0,578320,4,0,0,2,264,128,32,136,34,66,2,0,0,2
943,-47.5,57.5,64,32,0,0.0,0.0,0,0.0,57.5,0,562500.0,62.740867614746094,57.81148147583008,32,64,0,2,64,0,2,-105.0,70.5,-47.5,5.0,578584,546.472588,nan,0.578584,nan,2,0,578320,4,0,0,2,264,128,32,136,34,66,2,0,0,2
944,-47.5,57.5,64,32,0,0.0,0.0,0,0.0,57.5,0,0.0,nan,nan,32,64,0,0,64,0,0,-105.0,70.5,-47.5,5.0,0,546.472588,nan,0.0,nan,0,0,0,0,0,0,0,0,0,0,0,0,0,0,0,0,0
945,-47.5,57.5,64,32,0,0.0,0.0,0,0.0,57.5,1,562500.0,29.20892284265212,23.544554388803295,32,64,1,2,64,0,3,-105.0,70.5,-47.5,5.0,578584,547.051172,nan,0.578584,nan,2,0,578320,4,0,0,2,264,128,32,136,34,66,2,0,0,2
946,-47.5,57.5,64,32,0,0.0,0.0,0,0.0,57.5,0,562500.0,58.56391143798828,58.51698684692383,32,64,0,2,64,0,2,-105.0,70.5,-47.5,5.0,578584,547.629756,nan,0.578584,nan,2,0,578320,4,0,0,2,264,128,32,136,34,66,2,0,0,2
947,-47.5,57.5,64,32,0,0.0,0.0,0,0.0,57.5,0,562500.0,59.12357711791992,59.12357711791992,32,64,0,1,64,0,1,-105.0,70.5,-47.5,5.0,289292,547.919048,nan,0.289292,nan,1,0,289160,2,0,0,1,132,64,16,68,17,33,1,0,0,1
948,-47.5,57.5,64,32,0,0.0,0.0,0,0.0,57.5,0,562500.0,65.68495750427246,64.74826049804688,32,64,0,2,64,0,2,-105.0,70.5,-47.5,5.0,578584,548.497632,nan,0.578584,nan,2,0,578320,4,0,0,2,264,128,32,136,34,66,2,0,0,2
949,-47.5,57.5,62,31,0,0.0,0.0,0,0.0,57.5,0,0.0,nan,nan,31,62,0,0,62,0,0,-105.0,70.5,-47.5,5.0,0,548.497632,nan,0.0,nan,0,0,0,0,0,0,0,0,0,0,0,0,0,0,0,0,0
950,-47.5,57.5,60,30,0,0.0,0.0,0,0.0,57.5,1,562500.0,60.145925521850586,58.172454833984375,30,60,1,3,60,0,4,-105.0,70.5,-47.5,5.0,867876,549.365508,nan,0.867876,nan,3,0,867480,6,0,0,3,396,192,48,204,51,99,3,0,0,3
951,-47.5,57.5,58,29,0,0.0,0.0,0,0.0,57.5,1,562500.0,40.806051987643286,21.611208776521075,29,58,1,3,58,0,4,-105.0,70.5,-47.5,5.0,867876,550.233384,nan,0.867876,nan,3,0,867480,6,0,0,3,396,192,48,204,51,99,3,0,0,3
952,-47.5,57.5,48,24,0,0.0,0.0,0,0.0,57.5,0,562500.0,59.4674441019694,58.34407424926758,24,48,0,3,48,0,3,-105.0,70.5,-47.5,5.0,867876,551.10126,nan,0.867876,nan,3,0,867480,6,0,0,3,396,192,48,204,51,99,3,0,0,3
953,-47.5,57.5,40,20,0,0.0,0.0,0,0.0,57.5,0,562500.0,58.34756278991699,58.34756088256836,20,40,0,1,40,0,1,-105.0,70.5,-47.5,5.0,289292,551.390552,nan,0.289292,nan,1,0,289160,2,0,0,1,132,64,16,68,17,33,1,0,0,1
954,-47.5,57.5,32,16,0,0.0,0.0,0,0.0,57.5,1,562500.0,45.226036653370386,32.20691639234403,16,32,1,3,32,0,4,-105.0,70.5,-47.5,5.0,867876,552.258428,nan,0.867876,nan,3,0,867480,6,0,0,3,396,192,48,204,51,99,3,0,0,3
955,-47.5,57.5,38,19,0,0.0,0.0,0,0.0,57.5,1,562500.0,45.69775357962317,36.18316854083436,19,38,1,3,38,0,4,-105.0,70.5,-47.5,5.0,867876,553.126304,nan,0.867876,nan,3,0,867480,6,0,0,3,396,192,48,204,51,99,3,0,0,3
956,-47.5,57.5,36,18,0,0.0,0.0,0,0.0,57.5,0,562500.0,60.03210735321045,58.355628967285156,18,36,0,2,36,0,2,-105.0,70.5,-47.5,5.0,578584,553.704888,nan,0.578584,nan,2,0,578320,4,0,0,2,264,128,32,136,34,66,2,0,0,2
957,-47.5,57.5,42,21,0,0.0,0.0,0,0.0,57.5,0,562500.0,59.993391036987305,59.99338150024414,21,42,0,1,42,0,1,-105.0,70.5,-47.5,5.0,289292,553.99418,nan,0.289292,nan,1,0,289160,2,0,0,1,132,64,16,68,17,33,1,0,0,1
958,-47.5,57.5,38,19,0,0.0,0.0,0,0.0,57.5,0,562500.0,60.35844866434733,57.61729431152344,19,38,0,3,38,0,3,-105.0,70.5,-47.5,5.0,867876,554.862056,nan,0.867876,nan,3,0,867480,6,0,0,3,396,192,48,204,51,99,3,0,0,3
959,-47.5,57.5,44,22,0,0.0,0.0,0,0.0,57.5,1,562500.0,58.879180908203125,58.31796646118164,22,44,1,2,44,0,3,-105.0,70.5,-47.5,5.0,578584,555.44064,nan,0.578584,nan,2,0,578320,4,0,0,2,264,128,32,136,34,66,2,0,0,2
960,-47.5,57.5,46,23,0,0.0,0.0,0,0.0,57.5,0,562500.0,46.29452515883668,36.521898772108734,23,46,0,3,46,0,3,-105.0,70.5,-47.5,5.0,867876,556.308516,nan,0.867876,nan,3,0,867480,6,0,0,3,396,192,48,204,51,99,3,0,0,3
961,-47.5,57.5,44,22,0,0.0,0.0,0,0.0,57.5,1,562500.0,65.53761291503906,65.53761291503906,22,44,1,1,44,0,2,-105.0,70.5,-47.5,5.0,289292,556.597808,nan,0.289292,nan,1,0,289160,2,0,0,1,132,64,16,68,17,33,1,0,0,1
962,-47.5,57.5,54,27,0,0.0,0.0,0,0.0,57.5,0,562500.0,71.05784130096436,67.50382614135742,27,54,0,2,54,0,2,-105.0,70.5,-47.5,5.0,578584,557.176392,nan,0.578584,nan,2,0,578320,4,0,0,2,264,128,32,136,34,66,2,0,0,2
963,-47.5,57.5,48,24,0,0.0,0.0,0,0.0,57.5,0,562500.0,61.19242286682129,58.73793029785156,24,48,0,3,48,0,3,-105.0,70.5,-47.5,5.0,867876,558.044268,nan,0.867876,nan,3,0,867480,6,0,0,3,396,192,48,204,51,99,3,0,0,3
964,-47.5,57.5,48,24,0,0.0,0.0,0,0.0,57.5,0,0.0,nan,nan,24,48,0,0,48,0,0,-105.0,70.5,-47.5,5.0,0,558.044268,nan,0.0,nan,0,0,0,0,0,0,0,0,0,0,0,0,0,0,0,0,0
965,-47.5,57.5,48,24,0,0.0,0.0,0,0.0,57.5,0,562500.0,62.88454246520996,62.88454055786133,24,48,0,1,48,0,1,-105.0,70.5,-47.5,5.0,289292,558.33356,nan,0.289292,nan,1,0,289160,2,0,0,1,132,64,16,68,17,33,1,0,0,1
966,-47.5,57.5,48,24,0,0.0,0.0,0,0.0,57.5,0,562500.0,48.88477715431935,33.870113641375205,24,48,0,4,48,0,4,-105.0,70.5,-47.5,5.0,1157168,559.490728,nan,1.157168,nan,4,0,1156640,8,0,0,4,528,256,64,272,68,132,4,0,0,4
967,-47.5,57.5,52,26,0,0.0,0.0,0,0.0,57.5,0,562500.0,42.966748878687106,32.759441045533734,26,52,0,3,52,0,3,-105.0,70.5,-47.5,5.0,867876,560.358604,nan,0.867876,nan,3,0,867480,6,0,0,3,396,192,48,204,51,99,3,0,0,3
968,-47.5,57.5,46,23,0,0.0,0.0,0,0.0,57.5,1,562500.0,59.47732162475586,59.47732162475586,23,46,1,1,46,0,2,-105.0,70.5,-47.5,5.0,289292,560.647896,nan,0.289292,nan,1,0,289160,2,0,0,1,132,64,16,68,17,33,1,0,0,1
969,-47.5,57.5,38,19,0,0.0,0.0,0,0.0,57.5,0,0.0,nan,nan,19,38,0,0,38,0,0,-105.0,70.5,-47.5,5.0,0,560.647896,nan,0.0,nan,0,0,0,0,0,0,0,0,0,0,0,0,0,0,0,0,0
970,-47.5,57.5,40,20,0,0.0,0.0,0,0.0,57.5,0,562500.0,61.03730010986328,59.442222595214844,20,40,0,2,40,0,2,-105.0,70.5,-47.5,5.0,578584,561.22648,nan,0.578584,nan,2,0,578320,4,0,0,2,264,128,32,136,34,66,2,0,0,2
971,-47.5,57.5,40,20,0,0.0,0.0,0,0.0,57.5,1,562500.0,64.47515296936035,61.44647979736328,20,40,1,2,40,0,3,-105.0,70.5,-47.5,5.0,578584,561.805064,nan,0.578584,nan,2,0,578320,4,0,0,2,264,128,32,136,34,66,2,0,0,2
972,-47.5,57.5,46,23,0,0.0,0.0,0,0.0,57.5,1,562500.0,61.88345718383789,57.915096282958984,23,46,1,3,46,0,4,-105.0,70.5,-47.5,5.0,867876,562.67294,nan,0.867876,nan,3,0,867480,6,0,0,3,396,192,48,204,51,99,3,0,0,3
973,-47.5,57.5,54,27,0,0.0,0.0,0,0.0,57.5,0,562500.0,67.46433639526367,67.4032096862793,27,54,0,2,54,0,2,-105.0,70.5,-47.5,5.0,578584,563.251524,nan,0.578584,nan,2,0,578320,4,0,0,2,264,128,32,136,34,66,2,0,0,2
974,-47.5,57.5,54,27,0,0.0,0.0,0,0.0,57.5,1,562500.0,47.409346590877476,40.20551401467658,27,54,1,3,54,0,4,-105.0,70.5,-47.5,5.0,867876,564.1194,nan,0.867876,nan,3,0,867480,6,0,0,3,396,192,48,204,51,99,3,0,0,3
975,-47.5,57.5,56,28,0,0.0,0.0,0,0.0,57.5,1,562500.0,50.454682020141256,42.525603906507015,28,56,1,3,56,0,4,-105.0,70.5,-47.5,5.0,867876,564.987276,nan,0.867876,nan,3,0,867480,6,0,0,3,396,192,48,204,51,99,3,0,0,3
976,-47.5,57.5,56,28,0,0.0,0.0,0,0.0,57.5,2,562500.0,45.168807380859924,30.97601143116199,28,56,2,3,56,0,5,-105.0,70.5,-47.5,5.0,867876,565.855152,nan,0.867876,nan,3,0,867480,6,0,0,3,396,192,48,204,51,99,3,0,0,3
977,-47.5,57.5,56,28,0,0.0,0.0,0,0.0,57.5,0,562500.0,65.50197792053223,61.785518646240234,28,56,0,2,56,0,2,-105.0,70.5,-47.5,5.0,578584,566.433736,nan,0.578584,nan,2,0,578320,4,0,0,2,264,128,32,136,34,66,2,0,0,2
978,-47.5,57.5,58,29,0,0.0,0.0,0,0.0,57.5,0,0.0,nan,nan,29,58,0,0,58,0,0,-105.0,70.5,-47.5,5.0,0,566.433736,nan,0.0,nan,0,0,0,0,0,0,0,0,0,0,0,0,0,0,0,0,0
979,-47.5,57.5,60,30,0,0.0,0.0,0,0.0,57.5,0,0.0,nan,nan,30,60,0,0,60,0,0,-105.0,70.5,-47.5,5.0,0,566.433736,nan,0.0,nan,0,0,0,0,0,0,0,0,0,0,0,0,0,0,0,0,0
980,-47.5,57.5,60,30,0,0.0,0.0,0,0.0,57.5,0,562500.0,63.815330505371094,60.2106819152832,30,60,0,2,60,0,2,-105.0,70.5,-47.5,5.0,578584,567.01232,nan,0.578584,nan,2,0,578320,4,0,0,2,264,128,32,136,34,66,2,0,0,2
981,-47.5,57.5,60,30,0,0.0,0.0,0,0.0,57.5,0,0.0,nan,nan,30,60,0,0,60,0,0,-105.0,70.5,-47.5,5.0,0,567.01232,nan,0.0,nan,0,0,0,0,0,0,0,0,0,0,0,0,0,0,0,0,0
982,-47.5,57.5,58,29,0,0.0,0.0,0,0.0,57.5,0,562500.0,74.5655632019043,74.5655632019043,29,58,0,1,58,0,1,-105.0,70.5,-47.5,5.0,289292,567.301612,nan,0.289292,nan,1,0,289160,2,0,0,1,132,64,16,68,17,33,1,0,0,1
983,-47.5,57.5,56,28,0,0.0,0.0,0,0.0,57.5,0,562500.0,63.583404541015625,61.785518646240234,28,56,0,2,56,0,2,-105.0,70.5,-47.5,5.0,578584,567.880196,nan,0.578584,nan,2,0,578320,4,0,0,2,264,128,32,136,34,66,2,0,0,2
984,-47.5,57.5,54,27,0,0.0,0.0,0,0.0,57.5,0,562500.0,51.80873571078758,47.5548886898412,27,54,0,3,54,0,3,-105.0,70.5,-47.5,5.0,867876,568.748072,nan,0.867876,nan,3,0,867480,6,0,0,3,396,192,48,204,51,99,3,0,0,3
985,-47.5,57.5,52,26,0,0.0,0.0,0,0.0,57.5,0,562500.0,42.27797793945477,21.00088977543098,26,52,0,4,52,0,4,-105.0,70.5,-47.5,5.0,1157168,569.90524,nan,1.157168,nan,4,0,1156640,8,0,0,4,528,256,64,272,68,132,4,0,0,4
986,-47.5,57.5,50,25,0,0.0,0.0,0,0.0,57.5,0,562500.0,38.818760403048074,37.92190889684528,25,50,0,2,50,0,2,-105.0,70.5,-47.5,5.0,578584,570.483824,nan,0.578584,nan,2,0,578320,4,0,0,2,264,128,32,136,34,66,2,0,0,2
987,-47.5,57.5,50,25,0,0.0,0.0,0,0.0,57.5,0,562500.0,64.24266052246094,60.956233978271484,25,50,0,2,50,0,2,-105.0,70.5,-47.5,5.0,578584,571.062408,nan,0.578584,nan,2,0,578320,4,0,0,2,264,128,32,136,34,66,2,0,0,2
988,-47.5,57.5,50,25,0,0.0,0.0,0,0.0,57.5,1,562500.0,67.52907943725586,67.52907943725586,25,50,1,1,50,0,2,-105.0,70.5,-47.5,5.0,289292,571.3517,nan,0.289292,nan,1,0,289160,2,0,0,1,132,64,16,68,17,33,1,0,0,1
989,-47.5,57.5,50,25,0,0.0,0.0,0,0.0,57.5,0,562500.0,61.78552055358887,61.785518646240234,25,50,0,1,50,0,1,-105.0,70.5,-47.5,5.0,289292,571.640992,nan,0.289292,nan,1,0,289160,2,0,0,1,132,64,16,68,17,33,1,0,0,1
990,-47.5,57.5,50,25,0,0.0,0.0,0,0.0,57.5,0,562500.0,61.78552055358887,61.785518646240234,25,50,0,1,50,0,1,-105.0,70.5,-47.5,5.0,289292,571.930284,nan,0.289292,nan,1,0,289160,2,0,0,1,132,64,16,68,17,33,1,0,0,1
991,-47.5,57.5,64,32,0,0.0,0.0,0,0.0,57.5,0,562500.0,57.855868339538574,57.84814453125,32,64,0,2,64,0,2,-105.0,70.5,-47.5,5.0,578584,572.508868,nan,0.578584,nan,2,0,578320,4,0,0,2,264,128,32,136,34,66,2,0,0,2
992,-47.5,57.5,60,30,0,0.0,0.0,0,0.0,57.5,0,562500.0,64.80461502075195,64.80461502075195,30,60,0,1,60,0,1,-105.0,70.5,-47.5,5.0,289292,572.79816,nan,0.289292,nan,1,0,289160,2,0,0,1,132,64,16,68,17,33,1,0,0,1
993,-47.5,57.5,68,34,0,0.0,0.0,0,0.0,57.5,2,562500.0,47.74268134849641,28.672568614120372,34,68,2,3,68,0,5,-105.0,70.5,-47.5,5.0,867876,573.666036,nan,0.867876,nan,3,0,867480,6,0,0,3,396,192,48,204,51,99,3,0,0,3
994,-47.5,57.5,64,32,0,0.0,0.0,0,0.0,57.5,2,562500.0,56.849001322317825,43.65710806476066,32,64,2,5,64,0,7,-105.0,70.5,-47.5,5.0,1446460,575.112496,nan,1.44646,nan,5,0,1445800,10,0,0,5,660,320,80,340,85,165,5,0,0,5
995,-47.5,57.5,66,33,0,0.0,0.0,0,0.0,57.5,0,562500.0,57.889536821606185,41.05428784832972,33,66,0,4,66,0,4,-105.0,70.5,-47.5,5.0,1157168,576.269664,nan,1.157168,nan,4,0,1156640,8,0,0,4,528,256,64,272,68,132,4,0,0,4
996,-47.5,57.5,60,30,0,0.0,0.0,0,0.0,57.5,0,562500.0,66.91700744628906,66.91700744628906,30,60,0,1,60,0,1,-105.0,70.5,-47.5,5.0,289292,576.558956,nan,0.289292,nan,1,0,289160,2,0,0,1,132,64,16,68,17,33,1,0,0,1
997,-47.5,57.5,50,25,0,0.0,0.0,0,0.0,57.5,0,562500.0,48.91730094280759,39.534537637592635,25,50,0,3,50,0,3,-105.0,70.5,-47.5,5.0,867876,577.426832,nan,0.867876,nan,3,0,867480,6,0,0,3,396,192,48,204,51,99,3,0,0,3
998,-47.5,57.5,48,24,0,0.0,0.0,0,0.0,57.5,1,562500.0,61.86824417114258,58.575313568115234,24,48,1,2,48,0,3,-105.0,70.5,-47.5,5.0,578584,578.005416,nan,0.578584,nan,2,0,578320,4,0,0,2,264,128,32,136,34,66,2,0,0,2
999,-47.5,57.5,40,20,0,0.0,0.0,0,0.0,57.5,0,562500.0,59.030569076538086,59.03056716918945,20,40,0,1,40,0,1,-105.0,70.5,-47.5,5.0,289292,578.294708,nan,0.289292,nan,1,0,289160,2,0,0,1,132,64,16,68,17,33,1,0,0,1
1000,-47.5,57.5,38,19,0,0.0,0.0,0,0.0,57.5,3,562500.0,39.71848912896345,19.301377896720815,19,38,3,6,38,0,9,-105.0,70.5,-47.5,5.0,1735752,580.03046,nan,1.735752,nan,6,0,1734960,12,0,0,6,792,384,96,408,102,198,6,0,0,6
