step,mode,receiver_idx,provider_idx,target_gain,online_prediction,base_loss,weighted_loss,propensity,importance_weight,receiver_policy_version,provider_policy_version
2,t2_b0,5,10,0.0,-0.12002639472484589,0.007203167770057917,0.007203167770057917,0.1,1.0,1,1
2,t2_b0,3,7,0.0,-0.11926699429750443,0.0071123079396784306,0.0071123079396784306,0.1,1.0,1,1
3,t2_b0,8,16,0.0,-0.12212951481342316,0.007457809057086706,0.007457809057086706,0.1,1.0,1,1
4,t2_b0,10,5,0.20984245611622684,-0.05092040076851845,0.03399863839149475,0.03399863839149475,0.9500000000000001,1.0,3,3
4,t2_b0,7,3,0.21978262677663066,-0.049915023148059845,0.03636840730905533,0.03636840730905533,0.05,1.0,3,3
5,t2_b0,21,28,0.0,-0.1177455484867096,0.006932007148861885,0.006932007148861885,1.0,1.0,1,1
5,t2_b0,1,13,0.0,-0.11819299310445786,0.0069847917184233665,0.0069847917184233665,0.9500000000000001,1.0,4,4
5,t2_b0,12,5,0.47092275815011,-0.014968909323215485,0.11804535984992981,0.11804535984992981,0.05,1.0,4,4
6,t2_b0,15,12,0.8705378833872633,0.023753657937049866,0.3585217595100403,0.3585217595100403,0.9500000000000001,1.0,5,5
6,t2_b0,6,17,0.0,-0.11906396597623825,0.00708811404183507,0.00708811404183507,0.1,1.0,5,5
6,t2_b0,25,26,0.0,-0.11886852979660034,0.007064863573759794,0.007064863573759794,0.05,1.0,3,3
7,t2_b0,12,15,0.005734731874102064,0.027615785598754883,0.000239390239585191,0.000239390239585191,0.9333333333333333,1.0,6,6
7,t2_b0,23,18,0.29325138840917314,-0.11946697533130646,0.08516822010278702,0.08516822010278702,0.9500000000000001,1.0,4,4
7,t2_b0,2,4,0.0,-0.01408948004245758,9.925672202371061e-05,9.925672202371061e-05,0.025,1.0,6,6
8,t2_b0,4,2,0.7912009574695632,0.02161140739917755,0.29613402485847473,0.29613402485847473,0.925,1.0,7,7
8,t2_b0,21,28,0.0,-0.049811746925115585,0.0012406050227582455,0.0012406050227582455,0.1,1.0,4,4
8,t2_b0,14,22,0.0,-0.12087619304656982,0.007305527105927467,0.007305527105927467,0.9500000000000001,1.0,5,5
8,t2_b0,10,15,0.2161630661385967,0.04375148564577103,0.014862878248095512,0.014862878248095512,0.925,1.0,7,7
8,t2_b0,16,8,0.8147028739887149,-0.05161996930837631,0.37525761127471924,0.37525761127471924,0.1,1.0,6,6
9,t2_b0,18,12,0.2683309254195012,0.05321240425109863,0.02313799038529396,0.02313799038529396,0.9333333333333333,1.0,8,8
9,t2_b0,28,21,0.7779851360879604,0.014363087713718414,0.2915593087673187,0.2915593087673187,0.9500000000000001,1.0,5,5
9,t2_b0,31,23,0.8346912284684249,-0.05066091567277908,0.3919242024421692,0.3919242024421692,0.1,1.0,6,8
9,t2_b0,13,1,0.0,-0.05018153041601181,0.001259092940017581,0.001259092940017581,0.03333333333333333,1.0,8,8
9,t2_b0,11,2,0.764850522404164,0.042398519814014435,0.2609684467315674,0.2609684467315674,0.9333333333333333,1.0,8,8
10,t2_b0,23,18,0.21948830863227992,0.05109747499227524,0.014177737757563591,0.014177737757563591,0.9500000000000001,1.0,9,9
10,t2_b0,25,9,0.1486451909721474,0.011412173509597778,0.009416450746357441,0.009416450746357441,0.925,1.0,9,9
10,t2_b0,19,15,0.9576419136161264,0.07391242682933807,0.390488862991333,0.390488862991333,0.9500000000000001,1.0,9,9
10,t2_b0,17,0,0.4887596058396601,0.0006037354469299316,0.11914807558059692,0.11914807558059692,0.92,1.0,9,9
10,t2_b0,29,28,0.9198403789851942,0.08715646713972092,0.34668126702308655,0.34668126702308655,0.9500000000000001,1.0,6,6
10,t2_b0,26,5,0.8573476429213507,0.025440305471420288,0.3460349440574646,0.3460349440574646,0.9333333333333333,1.0,9,9
10,t2_b0,1,8,0.59390184296979,0.003305211663246155,0.17440222203731537,0.17440222203731537,0.9333333333333333,1.0,9,9
10,t2_b0,36,4,0.8891359393430945,0.04764002561569214,0.3540576994419098,0.3540576994419098,0.9500000000000001,1.0,9,9
11,t2_b0,5,1,0.2687297154196725,0.04508552700281143,0.025008363649249077,0.025008363649249077,0.9166666666666667,1.0,10,10
11,t2_b0,27,22,0.32610301066679176,-0.06729422509670258,0.07738067954778671,0.07738067954778671,1.0,1.0,8,8
11,t2_b0,3,7,0.2499998425594972,0.001815401017665863,0.03079775907099247,0.03079775907099247,0.9333333333333333,1.0,10,10
11,t2_b0,0,6,0.0,0.033779874444007874,0.0005705399671569467,0.0005705399671569467,0.92,1.0,10,10
11,t2_b0,33,34,0.0,0.10280415415763855,0.005284347105771303,0.005284347105771303,0.9333333333333333,1.0,7,7
11,t2_b0,36,2,0.0,0.08610367029905319,0.003706921124830842,0.003706921124830842,0.9500000000000001,1.0,10,10
12,t2_b0,35,37,0.0,-0.04274187609553337,0.0009134339634329081,0.0009134339634329081,0.1,1.0,11,11
12,t2_b0,14,3,0.03442500536328997,0.028444811701774597,1.7881357052829117e-05,1.7881357052829117e-05,0.9500000000000001,1.0,11,11
12,t2_b0,34,28,0.8870558903544565,0.06573527306318283,0.33728376030921936,0.33728376030921936,0.9333333333333333,1.0,11,11
12,t2_b0,16,32,0.0,0.05087492614984512,0.0012941290624439716,0.0012941290624439716,0.9166666666666667,1.0,11,11
12,t2_b0,24,15,0.9484262954572928,0.09612609446048737,0.3632078468799591,0.3632078468799591,0.9333333333333333,1.0,11,11
12,t2_b0,22,27,0.7164494373018798,0.0019222944974899292,0.2552745044231415,0.2552745044231415,1.0,1.0,9,9
12,t2_b0,20,38,0.5129579033864479,0.07912371307611465,0.09410607069730759,0.09410607069730759,0.9500000000000001,1.0,11,7
13,t2_b0,18,23,0.0,0.06884953379631042,0.00237012910656631,0.00237012910656631,0.9166666666666667,1.0,12,12
13,t2_b0,7,14,0.0,0.05184118449687958,0.001343754236586392,0.001343754236586392,0.9333333333333333,1.0,12,12
13,t2_b0,38,20,0.4875290785552428,0.15045711398124695,0.056808751076459885,0.056808751076459885,1.0,1.0,12,12
13,t2_b0,30,21,0.43776835031653527,0.012408137321472168,0.09046564996242523,0.09046564996242523,0.925,1.0,12,12
13,t2_b0,27,22,0.11768226724143638,0.03830983489751816,0.0031499918550252914,0.0031499918550252914,1.0,1.0,10,12
13,t2_b0,9,32,0.0,0.0606716126203537,0.0018405222799628973,0.0018405222799628973,0.9142857142857143,1.0,12,12
14,t2_b0,29,34,0.06724159174607514,0.07427005469799042,2.4699627829249948e-05,2.4699627829249948e-05,0.925,1.0,13,13
14,t2_b0,32,18,0.924170878844717,0.06028744578361511,0.37314724922180176,0.37314724922180176,0.92,1.0,13,13
14,t2_b0,37,0,0.6775995159220458,0.027609221637248993,0.21124367415905,0.21124367415905,0.92,1.0,13,13
14,t2_b0,9,23,0.3722695945989091,0.06369315832853317,0.047609709203243256,0.047609709203243256,0.9142857142857143,1.0,13,13
15,t2_b0,20,2,0.0,0.1257064938545227,0.007901061326265335,0.007901061326265335,0.925,1.0,14,14
15,t2_b0,0,6,0.0,0.040151193737983704,0.0008060591644607484,0.0008060591644607484,0.925,1.0,14,14
16,t2_b0,39,27,0.9197959754505651,0.08904976397752762,0.34506964683532715,0.34506964683532715,1.0,1.0,15,15
16,t2_b0,11,7,0.0,0.05965161323547363,0.0017791574355214834,0.0017791574355214834,0.9500000000000001,1.0,15,15
16,t2_b0,5,31,0.9468963862434169,0.07126429677009583,0.3833657503128052,0.3833657503128052,1.0,1.0,15,15
17,t2_b0,31,5,0.011075175895489267,0.07928242534399033,0.002326114336028695,0.002326114336028695,0.92,1.0,16,16
17,t2_b0,2,38,-0.028675203458373214,0.1258442997932434,0.01193813793361187,0.01193813793361187,0.925,1.0,16,16
17,t2_b0,22,39,0.010442757896084481,0.08194182813167572,0.0025560585781931877,0.0025560585781931877,0.9166666666666667,1.0,16,16
18,t2_b0,13,21,0.0,0.06498140096664429,0.002111291280016303,0.002111291280016303,0.925,1.0,17,17
18,t2_b0,33,34,0.7807514894032755,0.09137754142284393,0.23761819303035736,0.23761819303035736,0.9333333333333333,1.0,17,17
19,t2_b0,24,19,0.023273805008492056,0.08506923168897629,0.0019093374721705914,0.0019093374721705914,0.05,1.0,18,18
19,t2_b0,18,26,0.9659178103062976,0.08983094245195389,0.3837641179561615,0.3837641179561615,0.9500000000000001,1.0,18,18
19,t2_b0,4,36,0.0,0.11063554883003235,0.006120112258940935,0.006120112258940935,0.9333333333333333,1.0,18,18
20,t2_b0,15,19,0.25157253896691756,0.08437144756317139,0.01397810410708189,0.01397810410708189,0.9500000000000001,1.0,19,19
20,t2_b0,35,37,0.4381974653628305,0.02165071666240692,0.08675560355186462,0.08675560355186462,0.92,1.0,19,19
21,t2_b0,26,18,0.00768276922775964,0.08366897702217102,0.0028869519010186195,0.0028869519010186195,0.925,1.0,20,20
21,t2_b0,6,35,0.16097853615389976,0.049770012497901917,0.006183668505400419,0.006183668505400419,0.925,1.0,20,20
22,t2_b0,17,36,0.0,0.12193525582551956,0.007434103172272444,0.007434103172272444,0.9333333333333333,1.0,21,21
22,t2_b0,37,30,0.0,0.037702493369579315,0.0007107389974407852,0.0007107389974407852,0.925,1.0,21,21
23,t2_b0,14,36,0.9703932113232769,0.1410379707813263,0.34391504526138306,0.34391504526138306,0.9500000000000001,1.0,22,22
23,t2_b0,8,0,0.27934665207550025,0.05886385589838028,0.02430633082985878,0.02430633082985878,0.925,1.0,22,22
23,t2_b0,28,38,0.04133185309185591,0.10746399313211441,0.002186730271205306,0.002186730271205306,0.925,1.0,22,22
24,t2_b0,39,3,-0.19086981029173677,0.10422581434249878,0.04354071244597435,0.04354071244597435,0.9166666666666667,1.0,23,23
24,t2_b0,10,30,0.973143050896891,0.05451095104217529,0.42194247245788574,0.42194247245788574,1.0,1.0,23,23
25,t2_b0,19,3,0.006176549971984312,0.0968078151345253,0.004107012879103422,0.004107012879103422,0.9166666666666667,1.0,24,24
25,t2_b0,10,30,-0.0497998569413561,0.09610074758529663,0.010643493384122849,0.010643493384122849,0.9333333333333333,1.0,24,24
26,t2_b0,1,21,0.032380262530021464,0.07929506152868271,0.0011004990665242076,0.0011004990665242076,0.925,1.0,25,25
26,t2_b0,30,10,0.031945529276810054,0.0934453010559082,0.0018911109073087573,0.0018911109073087573,0.92,1.0,25,25
27,t2_b0,32,9,-0.0010731043379502135,0.08435836434364319,0.003649268066510558,0.003649268066510558,0.925,1.0,26,26
27,t2_b0,12,39,0.0759911523194594,0.10312287509441376,0.0003680651425383985,0.0003680651425383985,0.9090909090909091,1.0,26,26
27,t2_b0,16,38,0.8558460983920189,0.11510694772005081,0.2743472456932068,0.2743472456932068,0.92,1.0,26,26
27,t2_b0,21,1,0.2185406694786593,0.09270203113555908,0.007917681708931923,0.007917681708931923,0.9333333333333333,1.0,26,26
28,t2_b0,3,39,-0.017275840529236565,0.10648094862699509,0.0076578715816140175,0.0076578715816140175,0.91,1.0,27,27
29,t2_b0,34,29,-0.05218347496507855,0.12047451734542847,0.014905392192304134,0.014905392192304134,0.9500000000000001,1.0,28,28
29,t2_b0,17,39,0.6435643744466477,0.10076333582401276,0.14731650054454803,0.14731650054454803,1.0,1.0,28,28
29,t2_b0,14,2,0.04526622525780344,0.15141788125038147,0.005634087137877941,0.005634087137877941,0.9333333333333333,1.0,28,28
30,t2_b0,25,18,0.19030437977121908,0.09283718466758728,0.004749927669763565,0.004749927669763565,0.9333333333333333,1.0,29,29
30,t2_b0,5,31,-0.10013555729089846,0.11957137286663055,0.024135565385222435,0.024135565385222435,0.92,1.0,29,29
30,t2_b0,32,2,0.9504489951050447,0.1523931920528412,0.3184465169906616,0.3184465169906616,0.9500000000000001,1.0,29,29
31,t2_b0,16,30,0.6205626557887409,0.1190207377076149,0.1257721483707428,0.1257721483707428,0.9333333333333333,1.0,30,30
31,t2_b0,36,14,0.05722652450271092,0.14475122094154358,0.003830286208540201,0.003830286208540201,0.925,1.0,30,30
31,t2_b0,35,32,0.9525798503180252,0.1834823489189148,0.2957554757595062,0.2957554757595062,1.0,1.0,30,30
32,t2_b0,7,39,0.0691877781112149,0.1113673523068428,0.000889558345079422,0.000889558345079422,0.9142857142857143,1.0,31,31
32,t2_b0,38,12,0.9169739809688642,0.13336017727851868,0.307025283575058,0.307025283575058,0.9500000000000001,1.0,31,31
33,t2_b0,27,17,0.0,0.1140361875295639,0.006502125877887011,0.006502125877887011,1.0,1.0,32,32
33,t2_b0,38,31,0.6491873048767033,0.14113298058509827,0.12905962765216827,0.12905962765216827,0.9333333333333333,1.0,32,32
33,t2_b0,18,9,0.0,0.12825217843055725,0.008224310353398323,0.008224310353398323,0.9333333333333333,1.0,32,32
34,t2_b0,9,18,0.06454713720422692,0.12589889764785767,0.001882019336335361,0.001882019336335361,0.925,1.0,33,33
34,t2_b0,29,35,0.09376044340730096,0.15912801027297974,0.0021364593412727118,0.0021364593412727118,1.0,1.0,33,33
34,t2_b0,37,17,0.9496064512171625,0.09826982021331787,0.3623870611190796,0.3623870611190796,1.0,1.0,33,33
35,t2_b0,20,11,0.11370713014260905,0.11424421519041061,1.442288350972376e-07,1.442288350972376e-07,0.92,1.0,34,34
35,t2_b0,12,30,0.8764204761532748,0.14016735553741455,0.2710343301296234,0.2710343301296234,0.9333333333333333,1.0,34,34
35,t2_b0,0,10,0.0,0.12282060086727142,0.007542449980974197,0.007542449980974197,0.9166666666666667,1.0,34,34
36,t2_b0,29,25,0.9707862026323302,0.146378755569458,0.339823842048645,0.339823842048645,0.9333333333333333,1.0,35,35
36,t2_b0,31,5,-0.021051495667378146,0.12179585546255112,0.010202684439718723,0.010202684439718723,0.9125,1.0,35,35
36,t2_b0,11,24,-0.28255593369475107,0.12040901929140091,0.08119037747383118,0.08119037747383118,0.92,1.0,35,35
36,t2_b0,23,13,0.6188742310496018,0.13663966953754425,0.11627510190010071,0.11627510190010071,0.925,1.0,35,35
37,t2_b0,2,14,0.02324266532193394,0.15146905183792114,0.008221003226935863,0.008221003226935863,0.92,1.0,36,36
37,t2_b0,22,35,-0.018155629613723124,0.13379058241844177,0.011543826200067997,0.011543826200067997,0.925,1.0,36,36
38,t2_b0,13,23,0.01612038639315688,0.12023922801017761,0.0054203663021326065,0.0054203663021326065,0.92,1.0,37,37
39,t2_b0,24,17,0.1610896889880081,0.11399565637111664,0.001108923926949501,0.001108923926949501,0.9500000000000001,1.0,38,38
39,t2_b0,4,14,0.005075806120864055,0.13636842370033264,0.008618874475359917,0.008618874475359917,0.925,1.0,38,38
39,t2_b0,19,36,0.890887848897717,0.15673218667507172,0.2694922685623169,0.2694922685623169,0.9333333333333333,1.0,38,38
40,t2_b0,15,11,-0.16536085843911907,0.12751811742782593,0.042889051139354706,0.042889051139354706,0.9333333333333333,1.0,39,39
41,t2_b0,6,28,-0.05283949782824637,0.1071004867553711,0.01279040053486824,0.01279040053486824,0.92,1.0,40,40
41,t2_b0,26,23,0.055865523197456586,0.13520002365112305,0.003146981354802847,0.003146981354802847,0.92,1.0,40,40
41,t2_b0,35,30,-0.12521224863452138,0.12880125641822815,0.032261431217193604,0.032261431217193604,0.9333333333333333,1.0,40,40
42,t2_b0,17,3,-0.018351846484580922,0.14380910992622375,0.013148088939487934,0.013148088939487934,0.9142857142857143,1.0,41,41
43,t2_b0,28,21,0.06473821744916218,0.10972008854150772,0.001011684536933899,0.001011684536933899,0.925,1.0,42,42
43,t2_b0,27,2,0.11012740982949487,0.15883013606071472,0.0011859777150675654,0.0011859777150675654,0.9333333333333333,1.0,42,42
43,t2_b0,37,3,-0.12959518771423995,0.14849895238876343,0.03866817429661751,0.03866817429661751,0.9166666666666667,1.0,42,42
43,t2_b0,8,35,-0.09921258861331654,0.11537779867649078,0.02302451618015766,0.02302451618015766,0.925,1.0,42,42
44,t2_b0,19,36,-0.010616398959775175,0.16352476179599762,0.0151625731959939,0.0151625731959939,0.9333333333333333,1.0,43,43
44,t2_b0,39,3,0.03857131824089913,0.1451415717601776,0.005678609944880009,0.005678609944880009,0.92,1.0,43,43
44,t2_b0,24,32,0.4774168559348374,0.054383739829063416,0.0894785076379776,0.0894785076379776,0.05,1.0,43,2
45,t2_b0,10,30,0.15328274435743325,0.1289447695016861,0.0002961685531772673,0.0002961685531772673,0.92,1.0,44,44
45,t2_b0,32,24,0.011251425085316506,0.11928869783878326,0.005836025811731815,0.005836025811731815,1.0,1.0,44,44
46,t2_b0,30,12,0.0,0.12123898416757584,0.0073494454845786095,0.0073494454845786095,0.9166666666666667,1.0,45,45
46,t2_b0,21,6,0.0,0.11804816871881485,0.0069676851853728294,0.0069676851853728294,0.925,1.0,45,45
47,t2_b0,1,21,-0.026598650382107167,0.12998902797698975,0.012259850278496742,0.012259850278496742,0.925,1.0,46,46
47,t2_b0,12,16,0.0,0.10777425020933151,0.005807644687592983,0.005807644687592983,0.025,1.0,46,46
47,t2_b0,32,2,0.007211056953996091,0.15089963376522064,0.010323203168809414,0.010323203168809414,0.9333333333333333,1.0,46,46
48,t2_b0,3,5,0.016976063410127508,0.13436701893806458,0.006890317890793085,0.006890317890793085,0.9166666666666667,1.0,47,47
48,t2_b0,33,8,0.7262694179908121,0.14068074524402618,0.17145705223083496,0.17145705223083496,0.9333333333333333,1.0,47,47
49,t2_b0,14,36,0.1512597302049373,0.15954382717609406,3.43130886903964e-05,3.43130886903964e-05,0.9333333333333333,1.0,48,48
49,t2_b0,23,9,0.5535736919478338,0.1493995040655136,0.0816783681511879,0.0816783681511879,1.0,1.0,48,48
50,t2_b0,5,11,-0.07082368075042514,0.14946603775024414,0.024263780564069748,0.024263780564069748,0.9166666666666667,1.0,49,49
50,t2_b0,25,18,0.0,0.1350170522928238,0.00911480188369751,0.00911480188369751,0.9142857142857143,1.0,49,49
51,t2_b0,36,27,0.07812983986567301,0.13909190893173218,0.001858186791650951,0.001858186791650951,0.9142857142857143,1.0,50,50
51,t2_b0,16,30,0.1368394500782267,0.14715400338172913,5.319501360645518e-05,5.319501360645518e-05,0.9333333333333333,1.0,50,50
52,t2_b0,7,31,0.12899323930990594,0.13562503457069397,2.1990330424159765e-05,2.1990330424159765e-05,0.9142857142857143,1.0,51,51
52,t2_b0,27,4,0.1563917092081457,0.15991732478141785,6.214979748619953e-06,6.214979748619953e-06,0.9125,1.0,51,51
53,t2_b0,38,3,-0.006929133351365437,0.15906673669815063,0.013777313753962517,0.013777313753962517,0.92,1.0,52,52
53,t2_b0,34,16,0.9683881145553243,0.13734665513038635,0.34531494975090027,0.34531494975090027,0.9500000000000001,1.0,52,52
53,t2_b0,35,32,0.9401668508970724,0.1250241994857788,0.33222874999046326,0.33222874999046326,1.0,1.0,52,52
53,t2_b0,18,21,-0.27715699237407415,0.1534895896911621,0.09272823482751846,0.09272823482751846,0.9166666666666667,1.0,52,52
54,t2_b0,9,25,0.05452355333459996,0.13854679465293884,0.0035299521405249834,0.0035299521405249834,1.0,1.0,53,53
54,t2_b0,29,21,-0.3953217983034555,0.15690267086029053,0.15247592329978943,0.15247592329978943,0.9333333333333333,1.0,53,53
55,t2_b0,20,38,-0.16825273415479347,0.1369219720363617,0.04656580090522766,0.04656580090522766,0.011111111111111112,1.0,54,54
55,t2_b0,0,28,0.012481150065879992,0.13532108068466187,0.007544823922216892,0.007544823922216892,0.9500000000000001,1.0,54,54
56,t2_b0,31,2,-0.5485705346977237,0.14223885536193848,0.23860879242420197,0.23860879242420197,0.9111111111111111,1.0,55,55
57,t2_b0,22,19,-0.0017020357182572022,0.13471853733062744,0.009305287152528763,0.009305287152528763,0.01,1.0,56,56
57,t2_b0,2,4,0.0,0.1366388499736786,0.009335087612271309,0.009335087612271309,0.9111111111111111,1.0,56,56
58,t2_b0,33,8,0.03386306674594322,0.15476864576339722,0.007309079635888338,0.007309079635888338,0.925,1.0,57,57
58,t2_b0,13,7,-0.21598268474965765,0.14146575331687927,0.06388469785451889,0.06388469785451889,0.9333333333333333,1.0,57,57
58,t2_b0,11,4,0.0,0.1315072476863861,0.008647077716886997,0.008647077716886997,0.91,1.0,57,57
59,t2_b0,25,35,0.9179811152746219,0.12603673338890076,0.3135879635810852,0.3135879635810852,1.0,1.0,58,58
59,t2_b0,4,2,0.014856656742878479,0.1321238875389099,0.006875801365822554,0.006875801365822554,0.91,1.0,58,58
60,t2_b0,15,4,-0.033038396066095606,0.13746118545532227,0.014535052701830864,0.014535052701830864,0.9090909090909091,1.0,59,59
60,t2_b0,35,22,-0.492138799295946,0.16167736053466797,0.21373778581619263,0.21373778581619263,0.9166666666666667,1.0,59,59
61,t2_b0,24,22,0.17127601175192436,0.1575653851032257,9.399072587257251e-05,9.399072587257251e-05,0.91,1.0,60,60
61,t2_b0,26,8,0.13648551722591773,0.14519700407981873,3.794500298681669e-05,3.794500298681669e-05,0.925,1.0,60,60
61,t2_b0,6,3,-0.3912386357002302,0.12972384691238403,0.13570095598697662,0.13570095598697662,0.9333333333333333,1.0,60,60
62,t2_b0,17,28,-0.6452337182190503,0.1459486186504364,0.3129847049713135,0.3129847049713135,0.9166666666666667,1.0,61,61
62,t2_b0,37,11,-0.1547770103394851,0.14993295073509216,0.04642408341169357,0.04642408341169357,0.9333333333333333,1.0,61,61
63,t2_b0,8,26,0.006108029090792078,0.14793413877487183,0.010057322680950165,0.010057322680950165,0.925,1.0,62,62
63,t2_b0,28,16,-0.015339539869665424,0.12642690539360046,0.010048862546682358,0.010048862546682358,0.92,1.0,62,62
64,t2_b0,19,30,0.16749677584275846,0.14901556074619293,0.00017077756638173014,0.00017077756638173014,0.925,1.0,63,63
65,t2_b0,21,20,0.6050399125749619,0.15211018919944763,0.10257265716791153,0.10257265716791153,1.0,1.0,64,64
65,t2_b0,30,31,-0.8230307027092385,0.13749803602695465,0.46130773425102234,0.46130773425102234,0.9166666666666667,1.0,64,64
65,t2_b0,39,8,-0.39369291773410914,0.15753114223480225,0.1519239842891693,0.1519239842891693,0.9500000000000001,1.0,64,64
66,t2_b0,1,11,0.0,0.13215205073356628,0.008732082322239876,0.008732082322239876,0.92,1.0,65,65
66,t2_b0,21,20,-0.4075433444029621,0.16186781227588654,0.16211453080177307,0.16211453080177307,0.9500000000000001,1.0,65,65
67,t2_b0,32,5,-0.4988411302883541,0.12556833028793335,0.19494357705116272,0.19494357705116272,0.9166666666666667,1.0,66,66
67,t2_b0,12,26,-0.5929718097444415,0.14872127771377563,0.27505430579185486,0.27505430579185486,0.925,1.0,66,66
67,t2_b0,15,8,0.8780910345074773,0.1573653668165207,0.2597227394580841,0.2597227394580841,0.9500000000000001,1.0,66,66
68,t2_b0,3,16,-0.2547926777003666,0.12404457479715347,0.07175883650779724,0.07175883650779724,0.92,1.0,67,67
68,t2_b0,23,28,-0.5378367808087214,0.1421145349740982,0.23116689920425415,0.23116689920425415,0.925,1.0,67,67
69,t2_b0,22,37,0.9526143100751628,0.13116933405399323,0.3373859226703644,0.3373859226703644,0.9500000000000001,1.0,68,68
69,t2_b0,14,30,-0.23516626354367381,0.14283175766468048,0.07144125550985336,0.07144125550985336,0.9142857142857143,1.0,68,68
69,t2_b0,34,12,0.0,0.11956999450922012,0.007148491684347391,0.007148491684347391,0.025,1.0,68,68
70,t2_b0,28,6,0.9376917877051242,0.1516227424144745,0.308952271938324,0.308952271938324,1.0,1.0,69,69
70,t2_b0,20,25,0.9327159256108108,0.11698118597269058,0.3327115774154663,0.3327115774154663,1.0,1.0,69,69
70,t2_b0,5,8,-0.7368702830056989,0.1498163938522339,0.3931066393852234,0.3931066393852234,0.9125,1.0,69,69
71,t2_b0,16,3,-1.0,0.1382642388343811,0.6382641792297363,0.6382641792297363,0.925,1.0,70,70
71,t2_b0,36,13,-0.5799887604992889,0.13701260089874268,0.2570454776287079,0.2570454776287079,0.9166666666666667,1.0,70,70
71,t2_b0,25,32,-0.08569726427923703,0.12006665021181107,0.0211693923920393,0.0211693923920393,0.025,1.0,70,70
72,t2_b0,7,3,0.005400884612331098,0.11865293979644775,0.006413014605641365,0.006413014605641365,0.925,1.0,71,71
72,t2_b0,27,30,-0.5811162303393864,0.14209529757499695,0.2615174651145935,0.2615174651145935,0.9142857142857143,1.0,71,71
73,t2_b0,38,8,-0.7123100925677286,0.1407667100429535,0.3638700246810913,0.3638700246810913,0.9166666666666667,1.0,72,72
73,t2_b0,18,11,-0.7025284890637387,0.1484401971101761,0.3620738387107849,0.3620738387107849,0.92,1.0,72,72
74,t2_b0,6,12,0.9620216498665971,0.1415601372718811,0.3365785479545593,0.3365785479545593,1.0,1.0,73,73
75,t2_b0,20,32,-0.08018898282876098,0.11277931928634644,0.01861838437616825,0.01861838437616825,0.9333333333333333,1.0,74,74
75,t2_b0,29,23,0.9658080401401724,0.11575020849704742,0.36129915714263916,0.36129915714263916,1.0,1.0,74,74
75,t2_b0,0,3,-0.7391334786642403,0.1256708949804306,0.3739433288574219,0.3739433288574219,0.92,1.0,74,74
76,t2_b0,31,39,0.09770230091306924,0.13304096460342407,0.0006244105170480907,0.0006244105170480907,0.9333333333333333,1.0,75,75
76,t2_b0,11,1,-0.27607619267769834,0.1163972020149231,0.07701768726110458,0.07701768726110458,0.9142857142857143,1.0,75,75
77,t2_b0,22,36,-0.04776756018108933,0.1375652551651001,0.01717412658035755,0.01717412658035755,0.9333333333333333,1.0,76,76
77,t2_b0,2,13,-1.0,0.12144193798303604,0.6214419603347778,0.6214419603347778,0.9166666666666667,1.0,76,76
78,t2_b0,33,39,-1.0,0.12905439734458923,0.6290544271469116,0.6290544271469116,0.9500000000000001,1.0,77,77
78,t2_b0,13,4,0.006178046079445577,0.11576871573925018,0.0060050575993955135,0.0060050575993955135,0.9142857142857143,1.0,77,77
79,t2_b0,4,11,-0.04317696626411226,0.10975438356399536,0.011693998239934444,0.011693998239934444,0.9166666666666667,1.0,78,78
79,t2_b0,26,38,0.9382031942213175,0.11667700856924057,0.3374526798725128,0.3374526798725128,0.9500000000000001,1.0,78,78
79,t2_b0,24,5,-0.010554692406202024,0.11668742448091507,0.008095278404653072,0.008095278404653072,0.92,1.0,78,78
80,t2_b0,35,5,-0.44587609962312164,0.12041553854942322,0.16034311056137085,0.16034311056137085,0.9166666666666667,1.0,79,79
80,t2_b0,15,31,-0.2171628521228591,0.14284268021583557,0.06480199098587036,0.06480199098587036,0.925,1.0,79,79
81,t2_b0,26,38,0.1289758137682322,0.1274358332157135,1.1857621302624466e-06,1.1857621302624466e-06,0.9500000000000001,1.0,80,80
81,t2_b0,6,33,-0.0020115783383767073,0.11875659972429276,0.007292476017028093,0.007292476017028093,1.0,1.0,80,80
81,t2_b0,12,17,0.9606592811755044,0.10949880629777908,0.3622370660305023,0.3622370660305023,0.9500000000000001,1.0,80,80
82,t2_b0,37,1,0.10965891404458683,0.13274428248405457,0.00026646716287359595,0.00026646716287359595,0.92,1.0,81,81
82,t2_b0,17,3,0.0,0.13534876704216003,0.00915964413434267,0.00915964413434267,0.9166666666666667,1.0,81,81
83,t2_b0,28,11,-0.18399000301416354,0.12934933602809906,0.04909077659249306,0.04909077659249306,0.9166666666666667,1.0,82,82
83,t2_b0,8,30,-0.06865667950246662,0.12457337230443954,0.018668929114937782,0.018668929114937782,1.0,1.0,82,82
84,t2_b0,19,1,-0.031579559901062,0.13021758198738098,0.013089156709611416,0.013089156709611416,0.9333333333333333,1.0,83,83
84,t2_b0,39,31,0.0,0.1417551040649414,0.010047255083918571,0.010047255083918571,0.9333333333333333,1.0,83,83
85,t2_b0,30,8,0.0,0.1204492598772049,0.007254011929035187,0.007254011929035187,0.9500000000000001,1.0,84,84
86,t2_b0,1,11,-0.09387130973058995,0.11286359280347824,0.021369658410549164,0.021369658410549164,0.9111111111111111,1.0,85,85
86,t2_b0,21,36,-0.4354647860208481,0.1229991465806961,0.155940979719162,0.155940979719162,0.925,1.0,85,85
87,t2_b0,12,23,0.2326376642864689,0.09766954183578491,0.009108196012675762,0.009108196012675762,0.9500000000000001,1.0,86,86
87,t2_b0,32,20,0.004027575923010145,0.10952620208263397,0.005564980208873749,0.005564980208873749,0.92,1.0,86,86
88,t2_b0,3,7,0.0,0.11087282001972198,0.006146390922367573,0.006146390922367573,0.92,1.0,87,87
88,t2_b0,5,20,0.9541120649341917,0.12475620955228806,0.34391555190086365,0.34391555190086365,1.0,1.0,87,87
88,t2_b0,23,17,-0.2695367400775839,0.10875254124403,0.07155138999223709,0.07155138999223709,0.9333333333333333,1.0,87,87
89,t2_b0,14,13,-0.1766311797113951,0.12814444303512573,0.04644409194588661,0.04644409194588661,0.9166666666666667,1.0,88,88
89,t2_b0,34,17,-0.4464181024056878,0.09254706650972366,0.14524172246456146,0.14524172246456146,0.016666666666666666,1.0,88,88
90,t2_b0,38,33,0.9728766667352625,0.1399056613445282,0.34692031145095825,0.34692031145095825,1.0,1.0,89,89
90,t2_b0,25,5,0.0,0.10036831349134445,0.005036899354308844,0.005036899354308844,0.92,1.0,89,89
91,t2_b0,5,32,-0.5784208441752359,0.11281293630599976,0.2389020472764969,0.2389020472764969,0.925,1.0,90,90
91,t2_b0,16,7,-0.5407929280383234,0.12223318964242935,0.21980184316635132,0.21980184316635132,0.016666666666666666,1.0,90,90
91,t2_b0,36,13,0.028854493981003478,0.113510362803936,0.003583307843655348,0.003583307843655348,0.9142857142857143,1.0,90,90
92,t2_b0,27,8,0.08020810374056757,0.13010504841804504,0.0012448526686057448,0.0012448526686057448,0.925,1.0,91,91
92,t2_b0,7,16,-0.3636353508196095,0.09699537605047226,0.10609034448862076,0.10609034448862076,0.016666666666666666,1.0,91,91
93,t2_b0,18,13,0.0,0.1260949820280075,0.00794997252523899,0.00794997252523899,0.9142857142857143,1.0,92,92
93,t2_b0,38,31,-1.0,0.1543712317943573,0.6543712615966797,0.6543712615966797,0.92,1.0,92,92
94,t2_b0,29,3,-0.6894913397301137,0.11890282481908798,0.3267505466938019,0.3267505466938019,0.9333333333333333,1.0,93,93
95,t2_b0,12,39,0.8741815495305109,0.14404548704624176,0.26654934883117676,0.26654934883117676,0.9500000000000001,1.0,94,94
95,t2_b0,0,11,-0.6190866107488477,0.10228051990270615,0.26018527150154114,0.26018527150154114,0.016666666666666666,1.0,94,94
95,t2_b0,20,32,0.0,0.0993708148598671,0.004937279503792524,0.004937279503792524,0.925,1.0,94,94
96,t2_b0,11,2,0.0,0.08800636976957321,0.0038725605700165033,0.0038725605700165033,0.9166666666666667,1.0,95,95
96,t2_b0,31,38,0.012339127513330867,0.1269267201423645,0.006565157789736986,0.006565157789736986,0.92,1.0,95,95
97,t2_b0,22,13,-0.16298077949147655,0.12561994791030884,0.041645195335149765,0.041645195335149765,0.925,1.0,96,96
97,t2_b0,2,11,0.32869595725881445,0.08949743211269379,0.028607966378331184,0.028607966378331184,0.9166666666666667,1.0,96,96
98,t2_b0,33,31,-0.9686643531331637,0.12638264894485474,0.5950469970703125,0.5950469970703125,0.9166666666666667,1.0,97,97
98,t2_b0,13,36,-0.10215640083329774,0.10461148619651794,0.021376479417085648,0.021376479417085648,0.9166666666666667,1.0,97,97
99,t2_b0,4,2,0.06924208262183916,0.07879355549812317,4.561531750368886e-05,4.561531750368886e-05,0.92,1.0,98,98
99,t2_b0,17,13,0.9211460027735265,0.11830537766218185,0.3222765028476715,0.3222765028476715,0.925,1.0,98,98
99,t2_b0,24,27,0.0,0.09268948435783386,0.004295670427381992,0.004295670427381992,0.925,1.0,98,98
100,t2_b0,15,33,-0.03130466308354661,0.10885488986968994,0.009822349064052105,0.009822349064052105,0.925,1.0,99,99
100,t2_b0,30,28,0.899383669702696,0.08228197693824768,0.3338276147842407,0.3338276147842407,1.0,1.0,99,99
100,t2_b0,35,32,0.0,0.09673808515071869,0.004679128527641296,0.004679128527641296,0.9333333333333333,1.0,99,99
101,t2_b0,26,33,-0.19176920349294388,0.11383294314146042,0.04669633135199547,0.04669633135199547,0.9166666666666667,1.0,100,100
102,t2_b0,39,13,0.9225908410284896,0.13006429374217987,0.3140491545200348,0.3140491545200348,0.925,1.0,101,101
102,t2_b0,37,36,-0.7022216796700619,0.10279695689678192,0.32402753829956055,0.32402753829956055,0.92,1.0,101,101
102,t2_b0,6,33,0.25961580260564604,0.11558578163385391,0.010372325778007507,0.010372325778007507,0.92,1.0,101,101
103,t2_b0,28,4,-0.10012222087197015,0.09174419939517975,0.01840636320412159,0.01840636320412159,0.92,1.0,102,102
103,t2_b0,17,13,0.5117547852028935,0.12678688764572144,0.07410015165805817,0.07410015165805817,0.9166666666666667,1.0,102,102
104,t2_b0,9,20,0.9591608429130697,0.10486938804388046,0.36490699648857117,0.36490699648857117,0.9500000000000001,1.0,103,103
104,t2_b0,19,0,0.08765516908611357,0.10543308407068253,0.0001580270763952285,0.0001580270763952285,0.016666666666666666,1.0,103,103
104,t2_b0,39,13,0.1048906123969934,0.14052706956863403,0.0006349784671328962,0.0006349784671328962,0.925,1.0,103,103
104,t2_b0,31,25,0.9168479940664677,0.10497944802045822,0.32956525683403015,0.32956525683403015,1.0,1.0,103,103
105,t2_b0,30,4,-0.03630602664429879,0.10461802035570145,0.009929793886840343,0.009929793886840343,0.925,1.0,104,104
106,t2_b0,10,20,0.9099909633806448,0.11249051243066788,0.31800347566604614,0.31800347566604614,0.9333333333333333,1.0,105,105
106,t2_b0,21,39,0.03900995435972361,0.08724816888570786,0.0011634626425802708,0.0011634626425802708,0.0125,1.0,105,105
107,t2_b0,32,33,-0.40018618588195737,0.11450303345918655,0.13245248794555664,0.13245248794555664,0.92,1.0,106,106
108,t2_b0,23,33,0.07275889043435729,0.09871833026409149,0.00033694625017233193,0.00033694625017233193,0.92,1.0,107,107
109,t2_b0,34,0,0.436571628288878,0.10526590794324875,0.054881736636161804,0.054881736636161804,0.9166666666666667,1.0,108,108
109,t2_b0,12,33,0.11903922567983281,0.10202335566282272,0.00014476985961664468,0.00014476985961664468,0.92,1.0,108,108
110,t2_b0,14,0,0.2342627689434998,0.10591445863246918,0.008236643858253956,0.008236643858253956,0.91,1.0,109,109
110,t2_b0,25,17,0.9769384539504294,0.09046770632266998,0.39291518926620483,0.39291518926620483,0.9500000000000001,1.0,109,109
110,t2_b0,5,35,0.2440994329019508,0.10137585550546646,0.01018501166254282,0.01018501166254282,0.92,1.0,109,109
111,t2_b0,36,34,-0.011644135302327165,0.08848100155591965,0.005012521054595709,0.005012521054595709,0.01,1.0,110,110
111,t2_b0,16,0,0.015620342382749716,0.10505440086126328,0.003999225329607725,0.003999225329607725,0.9111111111111111,1.0,110,110
112,t2_b0,27,36,-0.13844841635518312,0.10241874307394028,0.029008496552705765,0.029008496552705765,0.9166666666666667,1.0,111,111
112,t2_b0,3,37,0.0,0.08711377531290054,0.003794404910877347,0.003794404910877347,1.0,1.0,109,109
113,t2_b0,38,23,-0.979565488490876,0.10690531134605408,0.5864708423614502,0.5864708423614502,0.9333333333333333,1.0,112,112
113,t2_b0,7,37,0.8339307582743583,0.09741335362195969,0.2712289094924927,0.2712289094924927,1.0,1.0,110,110
114,t2_b0,9,20,0.21687587884684303,0.09803314507007599,0.007061798125505447,0.007061798125505447,0.9333333333333333,1.0,113,113
114,t2_b0,29,0,0.14945277284919237,0.10517875105142593,0.000980094657279551,0.000980094657279551,0.9166666666666667,1.0,113,113
115,t2_b0,0,36,0.01355209663332598,0.08696255832910538,0.0026945476420223713,0.0026945476420223713,0.91,1.0,114,114
115,t2_b0,20,35,0.0,0.09483379870653152,0.004496724810451269,0.004496724810451269,0.9166666666666667,1.0,114,114
116,t2_b0,18,0,0.8802828980562014,0.0968596413731575,0.306876003742218,0.306876003742218,0.92,1.0,115,115
116,t2_b0,31,21,-0.7282304975284826,0.09948740899562836,0.34255847334861755,0.34255847334861755,0.9333333333333333,1.0,115,115
116,t2_b0,4,23,0.5241956604476884,0.10596877336502075,0.08745686709880829,0.08745686709880829,0.9333333333333333,1.0,115,115
117,t2_b0,22,28,0.0028098139665183883,0.08149191737174988,0.0030954366084188223,0.0030954366084188223,0.9500000000000001,1.0,116,116
118,t2_b0,33,3,-1.0,0.10928628593683243,0.6092863082885742,0.6092863082885742,0.925,1.0,117,117
119,t2_b0,1,36,-0.18440398712582556,0.09260249882936478,0.03836629539728165,0.03836629539728165,0.9500000000000001,1.0,118,118
119,t2_b0,4,23,-0.6055495816444828,0.11149832606315613,0.2570788562297821,0.2570788562297821,0.92,1.0,118,118
119,t2_b0,26,32,0.534269828759027,0.09193512797355652,0.09782998263835907,0.09782998263835907,0.05,1.0,118,118
119,t2_b0,24,35,0.004431704682844258,0.07707367092370987,0.002638427773490548,0.002638427773490548,0.9166666666666667,1.0,118,118
120,t2_b0,15,33,0.0,0.06903359293937683,0.002382818376645446,0.002382818376645446,0.92,1.0,119,119
120,t2_b0,35,20,0.0,0.07993914186954498,0.0031951332930475473,0.0031951332930475473,0.9142857142857143,1.0,119,119
120,t2_b0,32,4,0.6153240024853145,0.10525770485401154,0.130083829164505,0.130083829164505,0.9500000000000001,1.0,119,119
121,t2_b0,6,3,-0.6893322059550844,0.10585905611515045,0.3161645531654358,0.3161645531654358,0.925,1.0,120,120
121,t2_b0,26,4,0.6639921381477928,0.12051074206829071,0.14768601953983307,0.14768601953983307,0.9500000000000001,1.0,120,120
121,t2_b0,37,31,0.9817779263942054,0.08728428184986115,0.40005943179130554,0.40005943179130554,1.0,1.0,120,120
122,t2_b0,37,31,0.019647331253173764,0.10809566080570221,0.003911553416401148,0.003911553416401148,1.0,1.0,121,121
122,t2_b0,17,27,-0.04826786469140174,0.08750360459089279,0.009216945618391037,0.009216945618391037,0.9142857142857143,1.0,121,121
123,t2_b0,28,33,0.0,0.0701916515827179,0.0024634338915348053,0.0024634338915348053,0.92,1.0,122,122
124,t2_b0,39,15,-0.40255176338596943,0.07922428101301193,0.11605408787727356,0.11605408787727356,0.9166666666666667,1.0,123,123
124,t2_b0,19,1,0.0655552536008095,0.10406031459569931,0.000741319905500859,0.000741319905500859,0.9142857142857143,1.0,123,123
125,t2_b0,30,29,-0.25175361385465267,0.07551150023937225,0.053551238030195236,0.053551238030195236,0.925,1.0,124,124
125,t2_b0,10,20,0.011744245699589902,0.08976951986551285,0.003043971722945571,0.003043971722945571,0.9333333333333333,1.0,124,124
125,t2_b0,2,28,0.012877000149778665,0.07580430805683136,0.0019799228757619858,0.0019799228757619858,1.0,1.0,124,124
126,t2_b0,1,24,0.0,0.08492080122232437,0.003605771344155073,0.003605771344155073,0.9142857142857143,1.0,125,125
127,t2_b0,21,1,-0.042642556117624866,0.10645509511232376,0.011115054599940777,0.011115054599940777,0.9142857142857143,1.0,126,126
127,t2_b0,12,3,-0.2766531354411046,0.11520036309957504,0.07677458971738815,0.07677458971738815,0.9166666666666667,1.0,126,126
128,t2_b0,3,23,0.0,0.08810273557901382,0.0038810460828244686,0.0038810460828244686,0.925,1.0,127,127
129,t2_b0,23,3,-0.13432638969159955,0.10101628303527832,0.027693085372447968,0.027693085372447968,0.925,1.0,128,128
129,t2_b0,4,22,0.9481538501831912,0.07664911448955536,0.3797602355480194,0.3797602355480194,1.0,1.0,128,128
129,t2_b0,14,1,0.052609141799805706,0.10131660848855972,0.00118620868306607,0.00118620868306607,0.9125,1.0,128,128
129,t2_b0,34,18,-0.015803399473571296,0.07495031505823135,0.004118117969483137,0.004118117969483137,0.016666666666666666,1.0,128,128
129,t2_b0,32,21,-0.10740614875733316,0.0844918042421341,0.018412413075566292,0.018412413075566292,0.9500000000000001,1.0,128,128
130,t2_b0,25,2,-0.23021042065870184,0.1047568991780281,0.05610154941678047,0.05610154941678047,0.92,1.0,129,129
130,t2_b0,5,35,0.11789549114894102,0.08278035372495651,0.0006165364757180214,0.0006165364757180214,0.9142857142857143,1.0,129,129
131,t2_b0,36,14,0.0005916611863819606,0.07660890370607376,0.002889310708269477,0.002889310708269477,0.9166666666666667,1.0,130,130
132,t2_b0,27,1,-0.30363134129431263,0.09947992861270905,0.08124934881925583,0.08124934881925583,0.9142857142857143,1.0,131,131
133,t2_b0,38,23,0.0,0.0748768225312233,0.0028032693080604076,0.0028032693080604076,1.0,1.0,132,132
133,t2_b0,18,36,-0.062200429702107846,0.1022590771317482,0.013523465022444725,0.013523465022444725,0.9333333333333333,1.0,132,132
134,t2_b0,9,20,0.04022588020282798,0.0822676345705986,0.0008837546338327229,0.0008837546338327229,0.9333333333333333,1.0,133,133
134,t2_b0,22,18,0.9822565459933259,0.10576946288347244,0.3841148018836975,0.3841148018836975,1.0,1.0,133,133
135,t2_b0,20,35,-0.2983406692569942,0.08067242056131363,0.07182545959949493,0.07182545959949493,0.9111111111111111,1.0,134,134
136,t2_b0,31,9,-0.17752350744913262,0.07289082556962967,0.0313536711037159,0.0313536711037159,0.014285714285714287,1.0,135,135
136,t2_b0,7,29,0.9659619868161795,0.08034007996320724,0.39216306805610657,0.39216306805610657,0.9500000000000001,1.0,133,133
137,t2_b0,16,9,0.8421375988057379,0.07987651228904724,0.29052093625068665,0.29052093625068665,0.9500000000000001,1.0,136,136
137,t2_b0,22,36,-0.17960800477799263,0.1039191484451294,0.040193818509578705,0.040193818509578705,0.9333333333333333,1.0,136,136
137,t2_b0,2,33,0.0,0.07048869878053665,0.002484328346326947,0.002484328346326947,0.9333333333333333,1.0,136,136
137,t2_b0,29,39,9.994786204175201e-05,0.0849837213754654,0.003602627431973815,0.003602627431973815,0.9500000000000001,1.0,134,134
138,t2_b0,25,22,0.9772999791261645,0.09404589235782623,0.390068918466568,0.390068918466568,1.0,1.0,137,137
138,t2_b0,33,12,-0.0012868692083450799,0.057347118854522705,0.0017189722275361419,0.0017189722275361419,0.02,1.0,137,137
138,t2_b0,39,29,0.9660824062423771,0.0947115570306778,0.37964358925819397,0.37964358925819397,0.9500000000000001,1.0,135,135
139,t2_b0,4,2,-0.0584056237934195,0.07919564843177795,0.009467055089771748,0.009467055089771748,0.9333333333333333,1.0,138,138
139,t2_b0,24,1,-0.4551176964761718,0.09666723012924194,0.1522333025932312,0.1522333025932312,0.92,1.0,138,138
140,t2_b0,35,1,-0.39677133224690025,0.09230347722768784,0.11959709227085114,0.11959709227085114,0.9125,1.0,139,139
140,t2_b0,15,2,-0.04090207621404761,0.0739942193031311,0.006600579712539911,0.006600579712539911,0.925,1.0,139,139
141,t2_b0,6,2,-0.3589747584151841,0.0790863037109375,0.09594874829053879,0.09594874829053879,0.9166666666666667,1.0,140,140
142,t2_b0,17,1,0.041186634586408914,0.10114134103059769,0.001797283417545259,0.001797283417545259,0.92,1.0,141,141
142,t2_b0,26,2,-0.27287797433853916,0.08529976010322571,0.06414563953876495,0.06414563953876495,0.9166666666666667,1.0,141,141
143,t2_b0,37,1,0.23444597952812438,0.1025749146938324,0.008694987744092941,0.008694987744092941,0.92,1.0,142,142
143,t2_b0,28,3,0.01345897252893741,0.09520885348320007,0.003341521369293332,0.003341521369293332,0.9500000000000001,1.0,142,142
144,t2_b0,19,18,-0.005184830455979838,0.06675021350383759,0.002587325172498822,0.002587325172498822,0.011111111111111112,1.0,143,143
144,t2_b0,39,7,0.0,0.07367406040430069,0.00271393358707428,0.00271393358707428,1.0,1.0,143,143
144,t2_b0,0,36,-0.07176726735435235,0.07729852199554443,0.011110304854810238,0.011110304854810238,0.9333333333333333,1.0,143,143
145,t2_b0,10,20,0.0,0.07224395871162415,0.002609594725072384,0.002609594725072384,0.925,1.0,144,144
145,t2_b0,30,36,-0.12076490357644484,0.08551286906003952,0.02127525955438614,0.02127525955438614,0.9166666666666667,1.0,144,144
146,t2_b0,21,2,-0.028421853534637057,0.08432112634181976,0.0063554891385138035,0.0063554891385138035,0.925,1.0,145,145
146,t2_b0,1,3,0.03903676542892684,0.0817095935344696,0.0009104851051233709,0.0009104851051233709,0.9500000000000001,1.0,145,145
147,t2_b0,12,6,0.0,0.055042944848537445,0.0015148628735914826,0.0015148628735914826,0.925,1.0,146,146
147,t2_b0,29,15,0.5401372815808781,0.06855610758066177,0.11119440943002701,0.11119440943002701,1.0,1.0,146,146
147,t2_b0,32,37,0.06278983482303366,0.06642968952655792,6.624270554311806e-06,6.624270554311806e-06,0.02,1.0,146,146
148,t2_b0,3,31,0.0,0.06918651610612869,0.0023933870252221823,0.0023933870252221823,0.925,1.0,147,147
149,t2_b0,14,36,0.0,0.08059211820363998,0.0032475448679178953,0.0032475448679178953,0.9125,1.0,148,148
150,t2_b0,5,35,0.016308663181541776,0.07453304529190063,0.0016950392164289951,0.0016950392164289951,0.9111111111111111,1.0,149,149
150,t2_b0,25,3,-0.28252795505587974,0.10447806119918823,0.07488682866096497,0.07488682866096497,0.9125,1.0,149,149
151,t2_b0,36,39,0.10407604719934878,0.06343672424554825,0.0008257774170488119,0.0008257774170488119,0.02,1.0,150,150
151,t2_b0,16,5,0.02040204564489833,0.07255668938159943,0.001360053545795381,0.001360053545795381,0.925,1.0,150,150
152,t2_b0,27,24,0.05155790377224915,0.06262858211994171,6.127997767180204e-05,6.127997767180204e-05,0.025,1.0,151,151
152,t2_b0,23,36,0.5346165171166134,0.08426064997911453,0.10141021013259888,0.10141021013259888,0.9500000000000001,1.0,151,151
153,t2_b0,38,29,0.0,0.05298811197280884,0.0014038700610399246,0.0014038700610399246,0.9500000000000001,1.0,152,152
153,t2_b0,18,20,-0.06406783080141296,0.07638773322105408,0.009863884188234806,0.009863884188234806,0.92,1.0,152,152
153,t2_b0,7,14,-0.1764650716832682,0.07522274553775787,0.0316733792424202,0.0316733792424202,0.925,1.0,152,152
154,t2_b0,9,20,0.12518506298535942,0.07507576793432236,0.0012554704444482923,0.0012554704444482923,0.9166666666666667,1.0,153,153
154,t2_b0,29,12,-0.7119754772252184,0.05179736018180847,0.2916744649410248,0.2916744649410248,0.925,1.0,153,153
155,t2_b0,0,3,-0.12125944851296067,0.07899072766304016,0.020050067454576492,0.020050067454576492,0.9166666666666667,1.0,154,154
155,t2_b0,20,35,-0.11102910691279874,0.07413063943386078,0.01714206486940384,0.01714206486940384,0.9142857142857143,1.0,154,154
156,t2_b0,31,3,-0.017945865541761603,0.09434904903173447,0.006305073853582144,0.006305073853582144,0.9125,1.0,155,155
157,t2_b0,22,38,0.0,0.046405695378780365,0.0010767442872747779,0.0010767442872747779,0.9500000000000001,1.0,156,156
157,t2_b0,2,3,0.03340148708309996,0.06336338818073273,0.0004488578124437481,0.0004488578124437481,0.92,1.0,156,156
157,t2_b0,33,21,0.7925777183220454,0.06823019683361053,0.26233968138694763,0.26233968138694763,1.0,1.0,156,156
158,t2_b0,15,36,0.8970593668124727,0.08715669065713882,0.3279711604118347,0.3279711604118347,1.0,1.0,156,156
158,t2_b0,33,21,0.04959166117589085,0.07451910525560379,0.0003106887452304363,0.0003106887452304363,0.9333333333333333,1.0,157,157
159,t2_b0,6,33,0.9138124123642306,0.10172290354967117,0.3297446668148041,0.3297446668148041,0.9500000000000001,1.0,158,158
159,t2_b0,24,27,0.048056090043673526,0.05873997509479523,5.70727170270402e-05,5.70727170270402e-05,0.9166666666666667,1.0,158,158
159,t2_b0,4,1,-0.2042498864173772,0.09298033267259598,0.044172901660203934,0.044172901660203934,0.925,1.0,158,158
159,t2_b0,28,21,0.5100317173985058,0.08279632776975632,0.09126503020524979,0.09126503020524979,0.9333333333333333,1.0,158,158
160,t2_b0,15,36,0.09753059962521929,0.08803617209196091,4.507204357651062e-05,4.507204357651062e-05,0.9500000000000001,1.0,159,159
160,t2_b0,35,23,-0.00864028807705809,0.049413710832595825,0.0016851334366947412,0.0016851334366947412,0.02,1.0,159,159
161,t2_b0,26,12,-0.01437449959467556,0.04664541035890579,0.0018617146415635943,0.0018617146415635943,1.0,1.0,160,160
161,t2_b0,6,28,0.0,0.07867507636547089,0.003094883868470788,0.003094883868470788,0.9500000000000001,1.0,160,160
162,t2_b0,18,14,0.9222250044865504,0.07466131448745728,0.35918208956718445,0.35918208956718445,1.0,1.0,159,159
162,t2_b0,37,3,-0.049175048522406256,0.08761979639530182,0.009356415830552578,0.009356415830552578,0.92,1.0,161,161
162,t2_b0,17,1,0.016426546176678238,0.10073257237672806,0.003553752787411213,0.003553752787411213,0.925,1.0,161,161
163,t2_b0,28,21,-0.05050860768707511,0.08508601784706116,0.009192951023578644,0.009192951023578644,0.9500000000000001,1.0,162,162
164,t2_b0,39,35,0.014800638655792024,0.0540149062871933,0.0007688794285058975,0.0007688794285058975,0.9500000000000001,1.0,163,163
164,t2_b0,19,27,0.09139192526415234,0.05615959316492081,0.0006206587422639132,0.0006206587422639132,0.9333333333333333,1.0,163,163
165,t2_b0,24,26,0.9290362418655659,0.05359531193971634,0.38319844007492065,0.38319844007492065,1.0,1.0,163,163
165,t2_b0,10,20,0.0,0.06648147106170654,0.002209892962127924,0.002209892962127924,0.92,1.0,164,164
165,t2_b0,30,23,0.010899172935835685,0.04133523255586624,0.00046317686792463064,0.00046317686792463064,0.9500000000000001,1.0,164,164
166,t2_b0,36,10,0.8407659829280913,0.071134552359581,0.2961662709712982,0.2961662709712982,0.9333333333333333,1.0,165,165
166,t2_b0,25,6,0.9307153657530269,0.08574143052101135,0.3569904565811157,0.3569904565811157,1.0,1.0,165,165
166,t2_b0,1,21,-0.02818261461249339,0.06522670388221741,0.004362650215625763,0.004362650215625763,0.9333333333333333,1.0,165,165
167,t2_b0,14,7,0.9216694470541343,0.045529961585998535,0.3838101923465729,0.3838101923465729,1.0,1.0,166,166
167,t2_b0,21,17,0.0,0.05650138109922409,0.0015962030738592148,0.0015962030738592148,0.025,1.0,166,166
167,t2_b0,32,31,0.02875615917534631,0.054368242621421814,0.0003279894299339503,0.0003279894299339503,0.016666666666666666,1.0,166,166
168,t2_b0,26,38,0.9311500542137646,0.060891903936862946,0.37867462635040283,0.37867462635040283,0.9500000000000001,1.0,167,167
168,t2_b0,3,2,0.0,0.05948759615421295,0.0017693870468065143,0.0017693870468065143,0.9166666666666667,1.0,167,167
168,t2_b0,23,30,0.03271038123095192,0.0464370995759964,9.42114056670107e-05,9.42114056670107e-05,1.0,1.0,167,167
168,t2_b0,12,32,0.9171806441679192,0.062366798520088196,0.36535337567329407,0.36535337567329407,0.03333333333333333,1.0,167,167
169,t2_b0,14,30,0.2657974683278254,0.06137627363204956,0.020894011482596397,0.020894011482596397,0.925,1.0,168,168
170,t2_b0,25,28,0.13103432173709836,0.06631778180599213,0.00209411489777267,0.00209411489777267,0.9500000000000001,1.0,169,169
170,t2_b0,5,20,0.0274301873383105,0.06734941154718399,0.0007967721903696656,0.0007967721903696656,0.92,1.0,169,169
171,t2_b0,16,5,0.0483520903141462,0.07098729908466339,0.00025617636856622994,0.00025617636856622994,0.925,1.0,170,170
171,t2_b0,36,10,-0.19185162404800452,0.06655953824520111,0.0333881676197052,0.0333881676197052,0.9333333333333333,1.0,170,170
172,t2_b0,7,30,0.019317428177362737,0.06763670593500137,0.0011673764092847705,0.0011673764092847705,0.925,1.0,171,171
172,t2_b0,27,22,-0.0996249837502792,0.05733508616685867,0.012318232096731663,0.012318232096731663,0.92,1.0,171,171
173,t2_b0,38,26,0.9398356587698612,0.058996737003326416,0.38793861865997314,0.38793861865997314,1.0,1.0,172,172
173,t2_b0,18,39,0.2151946740964096,0.07132916152477264,0.010348642244935036,0.010348642244935036,0.9333333333333333,1.0,172,172
174,t2_b0,29,22,0.07403282353670576,0.0545373260974884,0.00019003715715371072,0.00019003715715371072,0.9500000000000001,1.0,173,173
174,t2_b0,9,20,-0.010023330398013616,0.07448436319828033,0.003570775268599391,0.003570775268599391,0.92,1.0,173,173
175,t2_b0,35,28,0.9638494004279736,0.0643930584192276,0.40451088547706604,0.40451088547706604,0.9333333333333333,1.0,174,174
175,t2_b0,0,3,0.04927630097180552,0.06231248378753662,8.497104863636196e-05,8.497104863636196e-05,0.92,1.0,174,174
175,t2_b0,20,10,-0.30442095588294904,0.06765910238027573,0.06922178715467453,0.06922178715467453,0.925,1.0,174,174
176,t2_b0,31,3,-0.06498324228498405,0.07380151748657227,0.009630605578422546,0.009630605578422546,0.92,1.0,175,175
177,t2_b0,22,27,-0.027217321507980972,0.058073632419109344,0.0036372733302414417,0.0036372733302414417,0.9333333333333333,1.0,176,176
177,t2_b0,14,28,0.9189371778533937,0.061311811208724976,0.36776062846183777,0.36776062846183777,1.0,1.0,176,176
177,t2_b0,2,3,0.059359465076779284,0.0477050244808197,6.791298801545054e-05,6.791298801545054e-05,0.92,1.0,176,176
178,t2_b0,33,30,-0.3189874230680879,0.06385630369186401,0.07328466325998306,0.07328466325998306,0.92,1.0,177,177
179,t2_b0,4,1,-0.14043385520870272,0.08305517584085464,0.0249736700206995,0.0249736700206995,0.925,1.0,178,178
179,t2_b0,24,29,0.0010807716794326851,0.0474943146109581,0.0010771085508167744,0.0010771085508167744,1.0,1.0,178,178
180,t2_b0,15,30,0.18384423622610385,0.06541575491428375,0.007012652698904276,0.007012652698904276,0.92,1.0,179,179
180,t2_b0,35,28,0.06364258170657719,0.06441999971866608,3.0218777169466193e-07,3.0218777169466193e-07,0.9333333333333333,1.0,179,179
181,t2_b0,26,27,-0.5466800756053379,0.07636547088623047,0.19409288465976715,0.19409288465976715,0.925,1.0,180,180
181,t2_b0,6,21,-0.5550970696284444,0.0757971853017807,0.19901376962661743,0.19901376962661743,0.92,1.0,180,180
182,t2_b0,37,3,-0.09632797032218189,0.07457634806632996,0.014604141004383564,0.014604141004383564,0.9166666666666667,1.0,181,181
182,t2_b0,17,1,-0.05342284982160949,0.08584876358509064,0.009698291309177876,0.009698291309177876,0.92,1.0,181,181
183,t2_b0,28,1,-0.3814284534827459,0.09740408509969711,0.11464030295610428,0.11464030295610428,0.9166666666666667,1.0,182,182
184,t2_b0,39,30,0.07843080283533473,0.07124008238315582,2.5853221814031713e-05,2.5853221814031713e-05,0.925,1.0,183,183
184,t2_b0,19,27,0.037435835398415634,0.047879718244075775,5.453732592286542e-05,5.453732592286542e-05,0.925,1.0,183,183
185,t2_b0,10,5,-0.32607258345035056,0.05646556615829468,0.07316771149635315,0.07316771149635315,0.925,1.0,184,184
185,t2_b0,30,39,0.028952630927126684,0.07340436428785324,0.0009879784192889929,0.0009879784192889929,0.925,1.0,184,184
186,t2_b0,21,35,0.0,0.05122330039739609,0.0013119132490828633,0.0013119132490828633,0.02,1.0,185,185
186,t2_b0,1,17,-0.012148952880402403,0.04664631932973862,0.0017284420318901539,0.0017284420318901539,0.925,1.0,185,185
187,t2_b0,12,36,0.9548651779619569,0.05649832636117935,0.4035314619541168,0.4035314619541168,1.0,1.0,186,186
187,t2_b0,32,3,-0.07061098689785948,0.08066151291131973,0.011441685259342194,0.011441685259342194,0.9166666666666667,1.0,186,186
188,t2_b0,3,2,-0.04253314560090026,0.047447800636291504,0.004048285074532032,0.004048285074532032,0.92,1.0,187,187
188,t2_b0,23,20,-0.05073890313539874,0.06632048636674881,0.006851451005786657,0.006851451005786657,0.925,1.0,187,187
189,t2_b0,14,1,-1.0,0.08286640793085098,0.5828664302825928,0.5828664302825928,0.92,1.0,188,188
190,t2_b0,5,20,0.032434124180315216,0.06099257618188858,0.00040779256960377097,0.00040779256960377097,0.92,1.0,189,189
190,t2_b0,21,28,0.9436384310038965,0.04581837356090546,0.40304043889045715,0.40304043889045715,1.0,1.0,189,189
190,t2_b0,25,14,-0.013928416826778553,0.04310803860425949,0.001626578625291586,0.001626578625291586,0.02,1.0,189,189
191,t2_b0,16,3,-0.3553879173524923,0.08031099289655685,0.09491677582263947,0.09491677582263947,0.9166666666666667,1.0,190,190
191,t2_b0,36,12,0.009478462753322665,0.048000507056713104,0.0007419738685712218,0.0007419738685712218,0.9500000000000001,1.0,190,190
191,t2_b0,17,39,0.9712674455553233,0.06556417793035507,0.4101492464542389,0.4101492464542389,0.9333333333333333,1.0,190,190
192,t2_b0,7,20,0.0,0.07035449147224426,0.0024748772848397493,0.0024748772848397493,0.9166666666666667,1.0,191,191
192,t2_b0,19,27,0.9891187387322636,0.06785444170236588,0.4243639409542084,0.4243639409542084,0.9500000000000001,1.0,191,191
193,t2_b0,27,22,-0.06147912572065455,0.05314449220895767,0.006569287274032831,0.006569287274032831,0.9333333333333333,1.0,192,192
193,t2_b0,38,20,-1.0,0.06959524750709534,0.569595217704773,0.569595217704773,0.9166666666666667,1.0,192,192
194,t2_b0,9,20,-0.0017612058205350746,0.06392369419336319,0.0021572529803961515,0.0021572529803961515,0.9142857142857143,1.0,193,193
194,t2_b0,8,12,0.9762186545761302,0.05040033161640167,0.4285697937011719,0.4285697937011719,1.0,1.0,193,193
194,t2_b0,29,31,-0.3390795916200945,0.04606887698173523,0.07416967302560806,0.07416967302560806,0.9166666666666667,1.0,193,193
195,t2_b0,0,14,0.0,0.04007629305124283,0.000803054659627378,0.000803054659627378,1.0,1.0,194,194
195,t2_b0,18,20,0.0,0.06813280284404755,0.0023210393264889717,0.0023210393264889717,0.9166666666666667,1.0,194,194
196,t2_b0,11,12,0.9937643046723542,0.06508158147335052,0.4312257766723633,0.4312257766723633,0.9500000000000001,1.0,195,195
196,t2_b0,31,29,0.008145105279583205,0.038398079574108124,0.00045762123772874475,0.00045762123772874475,0.925,1.0,195,195
196,t2_b0,22,27,0.06289938645657327,-0.11940548568964005,0.016617532819509506,0.016617532819509506,1.0,1.0,1,1
196,t2_b0,20,18,0.38412890251626186,0.06031486392021179,0.05242776498198509,0.05242776498198509,0.9125,1.0,195,195
197,t2_b0,2,3,0.035388863124708896,0.052110008895397186,0.0001397983287461102,0.0001397983287461102,0.9125,1.0,196,196
198,t2_b0,26,21,0.9521834995017493,0.04291550815105438,0.4133841097354889,0.4133841097354889,1.0,1.0,197,197
199,t2_b0,27,17,0.9416205246892062,0.002564668655395508,0.44091296195983887,0.44091296195983887,0.9500000000000001,1.0,198,198
199,t2_b0,13,11,0.9798860711464937,0.07467469573020935,0.4097037613391876,0.4097037613391876,1.0,1.0,198,198
199,t2_b0,4,3,-0.09401052764299549,0.07428455352783203,0.014161617495119572,0.014161617495119572,0.9142857142857143,1.0,198,198
199,t2_b0,24,29,-0.0008478221490735156,0.04235105216503143,0.0009330714237876236,0.0009330714237876236,0.925,1.0,198,198
200,t2_b0,31,37,0.9624928649419026,0.04282592236995697,0.4228936433792114,0.4228936433792114,1.0,1.0,199,199
200,t2_b0,22,27,0.9310811569641182,0.006698720157146454,0.4272414445877075,0.4272414445877075,1.0,1.0,199,199
200,t2_b0,35,29,0.0,0.04835262894630432,0.001168988412246108,0.001168988412246108,0.925,1.0,199,199
200,t2_b0,15,5,-0.08487399620392902,0.056324250996112823,0.009968472644686699,0.009968472644686699,0.9142857142857143,1.0,199,199
201,t2_b0,26,4,-0.5206298864667845,0.038184016942977905,0.15613649785518646,0.15613649785518646,0.925,1.0,200,200
201,t2_b0,34,11,0.9940543890369132,0.07588565349578857,0.42151689529418945,0.42151689529418945,0.9500000000000001,1.0,200,200
202,t2_b0,6,4,0.15813489130208608,0.04312841594219208,0.006613244768232107,0.006613244768232107,0.92,1.0,201,201
202,t2_b0,37,31,0.0,0.049361586570739746,0.0012182830832898617,0.0012182830832898617,1.0,1.0,201,201
202,t2_b0,17,20,0.2661215061215033,0.06463028490543365,0.020299356430768967,0.020299356430768967,0.9166666666666667,1.0,201,201
203,t2_b0,39,3,0.9581120225034796,0.08226686716079712,0.38355234265327454,0.38355234265327454,0.9500000000000001,1.0,202,202
203,t2_b0,8,5,0.16972849587379205,0.05818364769220352,0.006221127230674028,0.006221127230674028,0.91,1.0,202,202
204,t2_b0,39,3,0.21971312665334022,0.08437153697013855,0.009158671833574772,0.009158671833574772,0.92,1.0,203,203
204,t2_b0,19,29,0.06904121571655229,0.04949018359184265,0.0001911214058054611,0.0001911214058054611,0.9333333333333333,1.0,203,203
205,t2_b0,10,17,-0.30511386477981367,0.05413199961185455,0.06452878564596176,0.06452878564596176,0.01,1.0,204,204
205,t2_b0,30,3,-0.1977153932126242,0.08990828692913055,0.04136369004845619,0.04136369004845619,0.9083333333333333,1.0,204,204
205,t2_b0,33,34,0.9451281957826374,0.0644223764538765,0.38782137632369995,0.38782137632369995,1.0,1.0,204,204
206,t2_b0,18,33,0.9427294252798516,0.13002973794937134,0.3302403688430786,0.3302403688430786,1.0,1.0,205,205
206,t2_b0,1,36,0.0,0.038160838186740875,0.0007281248108483851,0.0007281248108483851,0.9333333333333333,1.0,205,205
206,t2_b0,21,4,0.06437701149056863,0.0422665998339653,0.0002444351266603917,0.0002444351266603917,0.9333333333333333,1.0,205,205
207,t2_b0,12,31,0.1955021594909885,0.048442110419273376,0.010813329368829727,0.010813329368829727,0.016666666666666666,1.0,206,206
207,t2_b0,32,3,0.01659683946655756,0.08220883458852768,0.0021524669136852026,0.0021524669136852026,0.9111111111111111,1.0,206,206
208,t2_b0,3,2,-0.010101795965832992,0.04961740970611572,0.001783191692084074,0.001783191692084074,0.9125,1.0,207,207
209,t2_b0,14,29,-0.17969607979035815,0.04942335933446884,0.026247860863804817,0.026247860863804817,0.9166666666666667,1.0,208,208
209,t2_b0,23,3,0.0,0.08293890208005905,0.00343943084590137,0.00343943084590137,0.9083333333333333,1.0,208,208
209,t2_b0,34,8,0.26780578299110475,0.03571268916130066,0.02693360298871994,0.02693360298871994,0.0125,1.0,208,208
210,t2_b0,25,1,-0.5215830325794093,0.08363145589828491,0.1831422746181488,0.1831422746181488,0.9125,1.0,209,209
210,t2_b0,37,36,0.9371787333827065,0.04064372181892395,0.40188753604888916,0.40188753604888916,1.0,1.0,209,209
210,t2_b0,5,20,-0.051774074684091884,0.055155664682388306,0.005716984160244465,0.005716984160244465,0.9125,1.0,209,209
211,t2_b0,36,1,-0.3624770878874654,0.0846211239695549,0.09994841367006302,0.09994841367006302,0.9333333333333333,1.0,210,210
211,t2_b0,28,27,0.44709356237350206,0.05716867744922638,0.07602071017026901,0.07602071017026901,1.0,1.0,207,207
212,t2_b0,7,20,0.012455949699009925,0.05734051764011383,0.0010073123266920447,0.0010073123266920447,0.91,1.0,211,211
212,t2_b0,27,28,0.005813463551505021,0.08755864948034286,0.0033411376643925905,0.0033411376643925905,1.0,1.0,208,208
213,t2_b0,18,32,-0.6175524485085935,0.04735252261161804,0.22104929387569427,0.22104929387569427,0.9333333333333333,1.0,212,212
214,t2_b0,29,24,0.0,0.03922966122627258,0.000769483158364892,0.000769483158364892,0.9142857142857143,1.0,213,213
214,t2_b0,12,18,0.9383094286596433,0.04729290306568146,0.3969552516937256,0.3969552516937256,0.9333333333333333,1.0,213,213
214,t2_b0,9,20,-0.04090976227731347,0.05719175934791565,0.0048119546845555305,0.0048119546845555305,0.9111111111111111,1.0,213,213
214,t2_b0,13,4,0.948127836825991,0.045494355261325836,0.4073736071586609,0.4073736071586609,0.9500000000000001,1.0,213,213
215,t2_b0,20,10,-0.006454083070862562,0.0504535511136055,0.0016192394541576505,0.0016192394541576505,0.02,1.0,214,214
215,t2_b0,0,14,0.07996432815646784,0.030628874897956848,0.001216993317939341,0.001216993317939341,0.9333333333333333,1.0,214,214
216,t2_b0,31,1,-0.029297815489873084,0.07265500724315643,0.005197188816964626,0.005197188816964626,0.9125,1.0,215,215
216,t2_b0,11,3,0.5754419192537774,0.08837062120437622,0.11861921101808548,0.11861921101808548,0.9076923076923077,1.0,215,215
217,t2_b0,2,3,0.03571188460785534,0.05896374583244324,0.0002703245263546705,0.0002703245263546705,0.9111111111111111,1.0,216,216
218,t2_b0,16,21,0.8193778152839816,0.06697415560483932,0.2830556333065033,0.2830556333065033,0.9500000000000001,1.0,217,217
218,t2_b0,33,3,0.36522806468759256,0.0844736248254776,0.039411529898643494,0.039411529898643494,0.91,1.0,217,217
218,t2_b0,13,6,0.06952088320682472,0.05288858711719513,0.00013831663818564266,0.00013831663818564266,1.0,1.0,217,217
219,t2_b0,27,28,0.980963378198912,0.06547602266073227,0.41905853152275085,0.41905853152275085,1.0,1.0,218,218
219,t2_b0,4,2,-0.041830130100282435,0.08115500211715698,0.007562671322375536,0.007562671322375536,0.9111111111111111,1.0,218,218
219,t2_b0,24,25,0.0,0.033989258110523224,0.0005776348407380283,0.0005776348407380283,0.92,1.0,218,218
219,t2_b0,36,20,0.916425668599632,0.06053260713815689,0.36627641320228577,0.36627641320228577,1.0,1.0,218,218
220,t2_b0,35,29,-0.5107380672318158,0.0383228063583374,0.15073393285274506,0.15073393285274506,0.014285714285714287,1.0,219,219
220,t2_b0,15,5,0.047914672421173164,0.05509322136640549,2.576578117441386e-05,2.576578117441386e-05,0.91,1.0,219,219
221,t2_b0,6,30,-0.0664584472058346,0.050817981362342834,0.006876880303025246,0.006876880303025246,0.9166666666666667,1.0,220,220
222,t2_b0,37,1,0.11004213756073285,0.06817414611577988,0.0008764644735492766,0.0008764644735492766,0.9333333333333333,1.0,221,221
222,t2_b0,38,16,0.6984856603288337,0.09299861639738083,0.18330729007720947,0.18330729007720947,1.0,1.0,221,221
222,t2_b0,17,20,0.1589611566907014,0.05911365896463394,0.00498476205393672,0.00498476205393672,0.9111111111111111,1.0,221,221
223,t2_b0,8,5,-0.24592125843361518,0.05846483260393143,0.0463254414498806,0.0463254414498806,0.9090909090909091,1.0,222,222
223,t2_b0,22,20,0.8816977065409982,0.06084960699081421,0.33689579367637634,0.33689579367637634,0.9500000000000001,1.0,222,222
223,t2_b0,28,21,-0.08605430455189719,0.08396650105714798,0.014453536830842495,0.014453536830842495,0.925,1.0,222,222
224,t2_b0,19,29,-0.18470887982304504,0.043724425137043,0.026090888306498528,0.026090888306498528,0.92,1.0,223,223
224,t2_b0,39,30,-0.0728931932742422,0.05329080671072006,0.00796120148152113,0.00796120148152113,0.9166666666666667,1.0,223,223
225,t2_b0,10,20,-0.10662943563953985,0.06114984303712845,0.014074943959712982,0.014074943959712982,0.9090909090909091,1.0,224,224
225,t2_b0,30,32,-0.22697640839666114,0.05396898835897446,0.03946515545248985,0.03946515545248985,0.9090909090909091,1.0,224,224
226,t2_b0,1,0,0.0,0.035963669419288635,0.0006466927588917315,0.0006466927588917315,0.92,1.0,225,225
226,t2_b0,21,27,0.00807948716543531,0.05650496482849121,0.0011725134681910276,0.0011725134681910276,0.9166666666666667,1.0,225,225
227,t2_b0,12,34,-0.2463645112560035,0.0501168891787529,0.04395060986280441,0.04395060986280441,0.03333333333333333,1.0,226,226
227,t2_b0,32,30,-0.010012835951903772,0.050196170806884766,0.0018125622300431132,0.0018125622300431132,0.9083333333333333,1.0,226,226
228,t2_b0,23,30,0.00585131275120308,0.05312170833349228,0.0011172450613230467,0.0011172450613230467,0.9090909090909091,1.0,227,227
228,t2_b0,31,20,0.9761491428897995,0.06449337303638458,0.4155581295490265,0.4155581295490265,0.9500000000000001,1.0,227,227
229,t2_b0,14,1,-0.016876610568928703,0.06458678841590881,0.0033181423787027597,0.0033181423787027597,0.9166666666666667,1.0,228,228
229,t2_b0,34,33,0.18123947323433112,0.051402561366558075,0.008428812958300114,0.008428812958300114,0.009090909090909092,1.0,228,228
229,t2_b0,6,4,0.6387333818107279,-0.11918952316045761,0.28722354769706726,0.28722354769706726,0.1,1.0,3,3
230,t2_b0,25,27,0.0,0.05590509623289108,0.001562689896672964,0.001562689896672964,0.9166666666666667,1.0,229,229
230,t2_b0,5,20,0.02583663010625521,0.05516332387924194,0.0004300274886190891,0.0004300274886190891,0.9142857142857143,1.0,229,229
231,t2_b0,16,27,-0.004081417914863461,0.0462174192070961,0.0012649864656850696,0.0012649864656850696,0.9166666666666667,1.0,230,230
231,t2_b0,4,13,0.6046746264345463,0.020053699612617493,0.17089082300662994,0.17089082300662994,0.9500000000000001,1.0,230,230
231,t2_b0,36,5,-0.3151228984790315,0.05672972649335861,0.06913719326257706,0.06913719326257706,0.9142857142857143,1.0,230,230
232,t2_b0,7,32,-0.003850013804830297,0.05676109343767166,0.001836853101849556,0.001836853101849556,0.91,1.0,231,231
232,t2_b0,27,1,0.17230300856977454,0.07128296792507172,0.005102524068206549,0.005102524068206549,0.9125,1.0,231,231
233,t2_b0,18,32,0.05346296839901104,0.056373804807662964,4.236487711750669e-06,4.236487711750669e-06,0.92,1.0,232,232
233,t2_b0,38,21,-0.20980490296715013,0.05343479663133621,0.03464757278561592,0.03464757278561592,0.9333333333333333,1.0,232,232
234,t2_b0,9,10,0.0,0.05267401784658432,0.0013872761046513915,0.0013872761046513915,0.9333333333333333,1.0,233,233
234,t2_b0,29,21,0.9091605247779333,0.055170848965644836,0.3646492063999176,0.3646492063999176,0.9500000000000001,1.0,233,233
235,t2_b0,0,27,0.017115392000156358,0.036305323243141174,0.00018412673671264201,0.00018412673671264201,0.9166666666666667,1.0,234,234
236,t2_b0,11,32,-0.03329528771748402,0.05638711899518967,0.004021467175334692,0.004021467175334692,0.92,1.0,235,235
236,t2_b0,31,10,-0.10085043504701609,0.05712775141000748,0.01247855182737112,0.01247855182737112,0.9333333333333333,1.0,235,235
237,t2_b0,22,10,-0.12316510460856969,0.06916318833827972,0.018495088443160057,0.018495088443160057,0.925,1.0,236,236
238,t2_b0,21,25,0.9773073144759287,0.04743336886167526,0.4323327839374542,0.4323327839374542,1.0,1.0,237,237
238,t2_b0,13,7,0.06444235078684116,0.0541466549038887,5.300068369251676e-05,5.300068369251676e-05,0.9166666666666667,1.0,237,237
238,t2_b0,30,1,0.9386934172728725,0.07269502431154251,0.37497660517692566,0.37497660517692566,0.9500000000000001,1.0,237,237
239,t2_b0,33,7,-0.11246116044736794,0.054219476878643036,0.013891217298805714,0.013891217298805714,0.9142857142857143,1.0,238,238
239,t2_b0,20,37,0.9689016685854265,0.03984349966049194,0.4315745532512665,0.4315745532512665,1.0,1.0,238,238
239,t2_b0,4,39,0.13134104840722652,0.06032295525074005,0.002521785208955407,0.002521785208955407,0.92,1.0,238,238
240,t2_b0,15,39,0.0,0.06674681603908539,0.002227568766102195,0.002227568766102195,0.9111111111111111,1.0,239,239
240,t2_b0,24,6,-0.0140855306068623,0.041364215314388275,0.0015373372007161379,0.0015373372007161379,1.0,1.0,239,239
240,t2_b0,35,38,-8.012046557112182e-06,0.04493577778339386,0.0010099721839651465,0.0010099721839651465,0.9500000000000001,1.0,239,239
241,t2_b0,6,4,0.5911791830378759,0.06988970190286636,0.13587135076522827,0.13587135076522827,0.925,1.0,240,240
242,t2_b0,37,1,-0.29573330426338906,0.07279602438211441,0.0679069310426712,0.0679069310426712,0.925,1.0,241,241
242,t2_b0,17,39,-0.06752067012890497,0.06700798124074936,0.009048978798091412,0.009048978798091412,0.9142857142857143,1.0,241,241
242,t2_b0,9,12,0.9055143223260449,0.06964409351348877,0.3493395149707794,0.3493395149707794,0.9500000000000001,1.0,241,241
243,t2_b0,28,27,-0.04524533076854698,0.03804588317871094,0.00346871349029243,0.00346871349029243,0.9500000000000001,1.0,242,242
243,t2_b0,8,11,0.24269960073312666,0.06746509671211243,0.01535356417298317,0.01535356417298317,0.9333333333333333,1.0,242,242
243,t2_b0,23,14,0.9682626016361985,0.04211333394050598,0.42887622117996216,0.42887622117996216,1.0,1.0,242,242
244,t2_b0,25,38,0.9382446939530926,0.0421033650636673,0.40153464674949646,0.40153464674949646,1.0,1.0,243,243
244,t2_b0,39,22,0.009668710066827072,0.07198423147201538,0.0019416122231632471,0.0019416122231632471,0.9333333333333333,1.0,243,243
244,t2_b0,19,1,-0.2190060136999895,0.07360653579235077,0.04281105473637581,0.04281105473637581,0.92,1.0,243,243
245,t2_b0,35,1,0.9052031690870784,0.07799021154642105,0.3421406149864197,0.3421406149864197,0.9500000000000001,1.0,244,244
245,t2_b0,30,19,0.032302379559042124,0.04614363610744476,9.579019388183951e-05,9.579019388183951e-05,1.0,1.0,244,244
246,t2_b0,2,13,0.0,0.040785305202007294,0.0008317205356433988,0.0008317205356433988,1.0,1.0,245,245
246,t2_b0,11,8,0.9372601308419135,0.09582635015249252,0.3540054261684418,0.3540054261684418,1.0,1.0,243,243
246,t2_b0,21,28,0.2241125222437294,0.041603200137615204,0.016654828563332558,0.016654828563332558,0.9500000000000001,1.0,245,245
246,t2_b0,1,27,-0.0020485587479214793,0.03160808980464935,0.0005663850461132824,0.0005663850461132824,0.9166666666666667,1.0,245,245
247,t2_b0,12,15,-0.4908428950305059,0.07200168818235397,0.15839700400829315,0.15839700400829315,0.92,1.0,246,246
248,t2_b0,23,0,-0.4908708442568525,0.06908152252435684,0.15677332878112793,0.15677332878112793,1.0,1.0,247,247
248,t2_b0,32,8,0.9712773286611565,0.1074104979634285,0.37313297390937805,0.37313297390937805,1.0,1.0,245,245
249,t2_b0,34,2,-0.3508501645204325,0.10176340490579605,0.10242951661348343,0.10242951661348343,0.9111111111111111,1.0,248,248
249,t2_b0,10,20,0.9436165121278501,0.03659742325544357,0.4113418161869049,0.4113418161869049,1.0,1.0,248,248
249,t2_b0,14,0,0.0,0.0735057070851326,0.0027015444356948137,0.0027015444356948137,0.9500000000000001,1.0,248,248
249,t2_b0,24,22,0.9448576035622478,0.06863532215356827,0.3838827311992645,0.3838827311992645,1.0,1.0,248,248
250,t2_b0,8,27,0.9997687689130096,0.036174409091472626,0.46425706148147583,0.46425706148147583,1.0,1.0,249,249
250,t2_b0,25,5,-0.09897158034242146,0.045506641268730164,0.010436980053782463,0.010436980053782463,0.9500000000000001,1.0,249,249
251,t2_b0,5,38,0.0,0.046497851610183716,0.001081025111488998,0.001081025111488998,0.9500000000000001,1.0,250,250
251,t2_b0,16,1,0.27302737767941077,0.0715247169137001,0.020301666110754013,0.020301666110754013,0.9166666666666667,1.0,250,250
251,t2_b0,36,2,0.18984851006331085,0.10135211795568466,0.003915805835276842,0.003915805835276842,0.9166666666666667,1.0,250,250
252,t2_b0,7,2,-0.14078170769833476,0.1035899668931961,0.029858756810426712,0.029858756810426712,0.9111111111111111,1.0,251,251
253,t2_b0,38,5,-0.24423974858227293,0.04711177945137024,0.04244285449385643,0.04244285449385643,0.9333333333333333,1.0,252,252
253,t2_b0,18,7,-0.12873552812172742,0.06312436610460281,0.018405111506581306,0.018405111506581306,0.92,1.0,252,252
254,t2_b0,29,38,0.0,0.042339690029621124,0.000896324694622308,0.000896324694622308,0.9500000000000001,1.0,253,253
254,t2_b0,9,18,0.0189657991699252,0.06122186779975891,0.0008927876478992403,0.0008927876478992403,0.9333333333333333,1.0,253,253
255,t2_b0,20,1,-0.25474140819391633,0.07769565284252167,0.05525719374418259,0.05525719374418259,0.925,1.0,254,254
255,t2_b0,27,17,0.9677689909845258,0.0661483183503151,0.40645986795425415,0.40645986795425415,0.9500000000000001,1.0,254,254
255,t2_b0,0,24,0.0030384265146398146,0.0437004417181015,0.0008266997756436467,0.0008266997756436467,0.9333333333333333,1.0,254,254
256,t2_b0,11,31,0.22489454188253663,0.06452229619026184,0.012859627604484558,0.012859627604484558,0.9333333333333333,1.0,255,255
257,t2_b0,22,2,0.050276741223178704,0.09006547927856445,0.0007915718597359955,0.0007915718597359955,0.92,1.0,256,256
258,t2_b0,31,2,-0.22410934399767976,0.09333108365535736,0.05038420855998993,0.05038420855998993,0.925,1.0,257,257
258,t2_b0,13,4,0.2488164126025673,0.06722233444452286,0.016488203778862953,0.016488203778862953,0.9166666666666667,1.0,257,257
258,t2_b0,33,36,0.0,0.0648643895983696,0.0021036944817751646,0.0021036944817751646,0.9166666666666667,1.0,257,257
259,t2_b0,24,38,0.007167576152240993,0.045094460248947144,0.0007192242192104459,0.0007192242192104459,0.03333333333333333,1.0,258,258
259,t2_b0,4,13,0.0008868089123902028,0.07776176929473877,0.0029548800084739923,0.0029548800084739923,0.9333333333333333,1.0,258,258
259,t2_b0,2,0,0.0,0.04648526757955551,0.0010804400080814958,0.0010804400080814958,0.9142857142857143,1.0,258,258
260,t2_b0,15,2,0.9194233204466897,0.0805649533867836,0.35184168815612793,0.35184168815612793,0.9166666666666667,1.0,259,259
261,t2_b0,6,13,-0.001842188340219986,0.0823897272348404,0.003547507571056485,0.003547507571056485,0.9333333333333333,1.0,260,260
262,t2_b0,37,1,0.015908355370301466,0.07743215560913086,0.0018925891490653157,0.0018925891490653157,0.925,1.0,261,261
262,t2_b0,7,32,0.9601280275759007,0.043958768248558044,0.419683039188385,0.419683039188385,1.0,1.0,261,261
263,t2_b0,17,23,0.9814109833939517,0.05089736729860306,0.43292778730392456,0.43292778730392456,1.0,1.0,262,262
263,t2_b0,28,30,-0.05626672601874364,0.054515041410923004,0.006136300042271614,0.006136300042271614,0.925,1.0,262,262
263,t2_b0,8,1,0.030388602139957487,0.07987913489341736,0.0012246564729139209,0.0012246564729139209,0.925,1.0,262,262
264,t2_b0,19,28,0.007511518317734753,0.0542861670255661,0.0010939338244497776,0.0010939338244497776,0.9333333333333333,1.0,263,263
264,t2_b0,35,1,0.9325752867224886,0.08617312461137772,0.3581983149051666,0.3581983149051666,0.9500000000000001,1.0,263,263
265,t2_b0,10,1,0.15789073830692535,0.08183126151561737,0.002892521908506751,0.002892521908506751,0.9333333333333333,1.0,264,264
265,t2_b0,30,28,-0.22140198940895828,0.058237142860889435,0.03909901902079582,0.03909901902079582,0.9333333333333333,1.0,264,264
266,t2_b0,1,37,-0.004693352930726229,0.03992662578821182,0.000995471142232418,0.000995471142232418,0.9166666666666667,1.0,265,265
267,t2_b0,12,34,-0.23486365711800722,0.07698062062263489,0.04862343147397041,0.04862343147397041,0.925,1.0,266,266
267,t2_b0,32,11,0.0,0.04637803137302399,0.0010754609247669578,0.0010754609247669578,0.92,1.0,266,266
268,t2_b0,23,2,-0.23071978077832606,0.0804736465215683,0.04842066764831543,0.04842066764831543,0.925,1.0,267,267
269,t2_b0,34,18,-0.014072732158726198,0.07438605278730392,0.003912478219717741,0.003912478219717741,0.025,1.0,268,268
269,t2_b0,14,2,-0.14167642892215246,0.07937348634004593,0.024431530386209488,0.024431530386209488,0.925,1.0,268,268
270,t2_b0,5,38,-0.032149891075488435,0.04977995157241821,0.0033562500029802322,0.0033562500029802322,0.9500000000000001,1.0,269,269
270,t2_b0,25,14,-0.31264817025235725,0.042406074702739716,0.06303176283836365,0.06303176283836365,0.025,1.0,269,269
271,t2_b0,36,1,-0.0016393618004986751,0.08327687531709671,0.003605383448302746,0.003605383448302746,0.9142857142857143,1.0,270,270
272,t2_b0,27,30,0.9506851805868166,0.057040467858314514,0.3993004560470581,0.3993004560470581,0.9500000000000001,1.0,271,271
272,t2_b0,7,11,0.1569302945323984,0.04975955933332443,0.005742783658206463,0.005742783658206463,0.9333333333333333,1.0,271,271
273,t2_b0,18,34,-0.020332911494532774,0.07727563381195068,0.004763714037835598,0.004763714037835598,0.925,1.0,272,272
273,t2_b0,38,5,0.04294368009085034,0.049623966217041016,2.2313119188765995e-05,2.2313119188765995e-05,0.9333333333333333,1.0,272,272
273,t2_b0,15,27,0.9821495060008906,0.12175615131855011,0.37013834714889526,0.37013834714889526,1.0,1.0,272,272
274,t2_b0,29,5,-0.7754695770782911,0.048743002116680145,0.33966320753097534,0.33966320753097534,0.9333333333333333,1.0,273,273
274,t2_b0,9,12,0.028744972374090405,0.0739804357290268,0.0010231235064566135,0.0010231235064566135,0.9500000000000001,1.0,273,273
275,t2_b0,0,11,-0.07822971019519531,0.03740290552377701,0.00668545113876462,0.00668545113876462,0.92,1.0,274,274
275,t2_b0,20,1,-0.2520550888978092,0.08433888107538223,0.056580446660518646,0.056580446660518646,0.92,1.0,274,274
276,t2_b0,31,0,-0.0952917136556263,0.05313806235790253,0.011015700176358223,0.011015700176358223,0.92,1.0,275,275
277,t2_b0,11,0,0.0,0.05503559112548828,0.0015144580975174904,0.0015144580975174904,0.92,1.0,276,276
277,t2_b0,22,2,-0.08737833156279919,0.06905943155288696,0.012236385606229305,0.012236385606229305,0.92,1.0,276,276
278,t2_b0,2,5,-0.0035416039081925077,0.03310161828994751,0.0006713628536090255,0.0006713628536090255,0.9166666666666667,1.0,277,277
278,t2_b0,13,6,0.10323558874167586,0.0784541517496109,0.0003070597886107862,0.0003070597886107862,0.92,1.0,277,277
279,t2_b0,4,6,0.01898822195873404,0.08228159695863724,0.0020030257292091846,0.0020030257292091846,0.9166666666666667,1.0,278,278
279,t2_b0,16,10,0.9886598251167836,0.05000201612710953,0.4405391812324524,0.4405391812324524,0.9500000000000001,1.0,278,278
279,t2_b0,24,2,0.0,0.07035829871892929,0.0024751450400799513,0.0024751450400799513,0.9333333333333333,1.0,278,278
279,t2_b0,26,12,0.985322340364408,0.08159254491329193,0.4083637595176697,0.4083637595176697,0.9500000000000001,1.0,278,278
279,t2_b0,21,14,0.9699335128161145,0.03710880130529404,0.43508097529411316,0.43508097529411316,0.9500000000000001,1.0,278,278
280,t2_b0,15,19,-1.0,0.06764882802963257,0.5676488876342773,0.5676488876342773,0.925,1.0,279,279
280,t2_b0,35,37,-1.0,0.05099751800298691,0.5509974956512451,0.5509974956512451,0.9333333333333333,1.0,279,279
280,t2_b0,33,28,-0.4215243809045204,0.06629373878240585,0.11898326128721237,0.11898326128721237,0.92,1.0,279,279
281,t2_b0,6,4,0.0004965756370720159,0.083516426384449,0.003446148009970784,0.003446148009970784,0.925,1.0,280,280
281,t2_b0,26,3,0.6044690667046614,0.10960551351308823,0.12244496494531631,0.12244496494531631,0.9333333333333333,1.0,280,280
282,t2_b0,3,12,-0.08020767355145428,0.0644032284617424,0.010456157848238945,0.010456157848238945,0.9333333333333333,1.0,281,281
282,t2_b0,37,35,0.08444749149503168,0.05138719826936722,0.0005464914138428867,0.0005464914138428867,0.925,1.0,281,281
282,t2_b0,17,11,-1.0,0.04051440954208374,0.5405144691467285,0.5405144691467285,0.925,1.0,281,281
283,t2_b0,8,33,-0.6533947542226013,0.05858062207698822,0.2534544765949249,0.2534544765949249,0.92,1.0,282,282
283,t2_b0,36,3,0.6503645248403597,0.08549948781728745,0.15953625738620758,0.15953625738620758,1.0,1.0,282,282
283,t2_b0,28,19,-0.007988846955258,0.06417053937911987,0.0026034885086119175,0.0026034885086119175,0.925,1.0,282,282
284,t2_b0,19,28,0.0033470999050387675,0.06678788363933563,0.0020123666618019342,0.0020123666618019342,0.92,1.0,283,283
285,t2_b0,10,33,-0.35730321789673486,0.056550249457359314,0.08563734591007233,0.08563734591007233,0.92,1.0,284,284
285,t2_b0,30,6,-0.19518117418309444,0.0765102431178093,0.0369081124663353,0.0369081124663353,0.9142857142857143,1.0,284,284
286,t2_b0,21,0,0.19063326017667512,0.06973995268344879,0.00730759697034955,0.00730759697034955,0.92,1.0,285,285
286,t2_b0,32,33,0.9621543003357352,0.05647728592157364,0.4101254343986511,0.4101254343986511,0.9500000000000001,1.0,285,285
286,t2_b0,1,11,-0.012960482621255253,0.027729064226150513,0.0008278195746243,0.0008278195746243,0.9500000000000001,1.0,285,285
286,t2_b0,14,5,0.9817889337527698,0.04354212433099747,0.4401535093784332,0.4401535093784332,0.9500000000000001,1.0,285,285
287,t2_b0,12,36,0.03811151649969936,0.057089656591415405,0.0001800849277060479,0.0001800849277060479,1.0,1.0,286,286
287,t2_b0,32,33,-0.5018639922794996,0.06615426391363144,0.16132237017154694,0.16132237017154694,0.9333333333333333,1.0,286,286
288,t2_b0,39,12,0.9741294350626709,0.04923489689826965,0.4277149736881256,0.4277149736881256,0.9500000000000001,1.0,287,287
288,t2_b0,23,17,-0.005512421674971682,0.042977459728717804,0.0011756342137232423,0.0011756342137232423,0.9500000000000001,1.0,287,287
288,t2_b0,3,13,-0.0036401292821523464,0.05413985997438431,0.0016692635836079717,0.0016692635836079717,0.016666666666666666,1.0,287,287
289,t2_b0,34,0,-0.04988922456051964,0.07137410342693329,0.007352396845817566,0.007352396845817566,0.925,1.0,288,288
289,t2_b0,14,1,-0.32651464577122996,0.06761345267295837,0.07766847312450409,0.07766847312450409,0.9333333333333333,1.0,288,288
290,t2_b0,25,0,0.049829584507534,0.07228515297174454,0.00025212630862370133,0.00025212630862370133,0.925,1.0,289,289
290,t2_b0,5,24,0.004735889276252116,0.042566925287246704,0.0007155935745686293,0.0007155935745686293,1.0,1.0,289,289
291,t2_b0,37,39,0.9846823027682813,0.06777757406234741,0.4203571677207947,0.4203571677207947,1.0,1.0,290,290
291,t2_b0,36,6,-0.06957770592856949,0.05895617604255676,0.008260480128228664,0.008260480128228664,0.92,1.0,290,290
291,t2_b0,16,38,0.0,0.06540674716234207,0.0021390211768448353,0.0021390211768448353,0.92,1.0,290,290
292,t2_b0,27,6,0.20227688354693396,0.06668496876955032,0.00919258501380682,0.00919258501380682,0.92,1.0,291,291
292,t2_b0,5,0,0.9997988101689085,0.06944925338029861,0.4327751696109772,0.4327751696109772,1.0,1.0,291,291
292,t2_b0,7,4,-0.12981170847889825,0.06372176855802536,0.018727604299783707,0.018727604299783707,0.02,1.0,291,291
293,t2_b0,12,15,0.9763566504418753,0.06675182282924652,0.413690447807312,0.413690447807312,1.0,1.0,292,292
293,t2_b0,31,25,0.6103140661222182,0.055371835827827454,0.15398044884204865,0.15398044884204865,1.0,1.0,292,292
293,t2_b0,38,22,0.037243078843167014,0.06720937043428421,0.00044898930354975164,0.00044898930354975164,0.9142857142857143,1.0,292,292
293,t2_b0,18,3,0.20423776061287074,0.09125494956970215,0.006382557563483715,0.006382557563483715,0.925,1.0,292,292
294,t2_b0,9,38,-0.3405132652948683,0.06775957345962524,0.08334334939718246,0.08334334939718246,0.9125,1.0,293,293
294,t2_b0,29,5,0.0,0.05204213410615921,0.001354191917926073,0.001354191917926073,0.925,1.0,293,293
295,t2_b0,20,38,0.001239482512030965,0.06931040436029434,0.002316824859008193,0.002316824859008193,0.9166666666666667,1.0,294,294
296,t2_b0,31,29,-0.22229839566167556,0.05176404118537903,0.037555113434791565,0.037555113434791565,0.925,1.0,295,295
296,t2_b0,11,21,0.0,0.036902204155921936,0.0006808863254263997,0.0006808863254263997,1.0,1.0,295,295
297,t2_b0,33,13,0.9727598595758964,0.07232152670621872,0.405394583940506,0.405394583940506,0.9500000000000001,1.0,296,296
297,t2_b0,22,16,-0.012090179169586582,0.06701100617647171,0.0031284985598176718,0.0031284985598176718,0.9333333333333333,1.0,296,296
297,t2_b0,24,14,0.9287100402187792,0.038302041590213776,0.3964131772518158,0.3964131772518158,1.0,1.0,296,296
298,t2_b0,21,35,0.9471572466065559,0.06732217222452164,0.3870548605918884,0.3870548605918884,1.0,1.0,297,297
298,t2_b0,13,6,-0.013754695704137048,0.07094074785709381,0.003586658975109458,0.003586658975109458,0.9166666666666667,1.0,297,297
299,t2_b0,24,17,-0.7751022349003165,0.03870958834886551,0.3311448395252228,0.3311448395252228,0.03333333333333333,1.0,298,298
299,t2_b0,4,6,-0.00111636826475554,0.07647862285375595,0.003010491142049432,0.003010491142049432,0.92,1.0,298,298
300,t2_b0,35,27,-0.026576709378801112,0.07241646945476532,0.004899824969470501,0.004899824969470501,0.925,1.0,299,299
300,t2_b0,33,13,0.14904259699387143,0.08098533749580383,0.0023158949334174395,0.0023158949334174395,0.92,1.0,299,299
300,t2_b0,15,6,0.16919507862323996,0.0712805911898613,0.004793623927980661,0.004793623927980661,0.9166666666666667,1.0,299,299
301,t2_b0,9,4,0.9384614877962664,0.09655200690031052,0.35440579056739807,0.35440579056739807,0.9500000000000001,1.0,300,300
301,t2_b0,29,24,0.9518651661738189,0.03834152966737747,0.4172627031803131,0.4172627031803131,1.0,1.0,300,300
301,t2_b0,26,32,-0.07314739443682888,0.06828179955482483,0.0100011071190238,0.0100011071190238,1.0,1.0,300,300
301,t2_b0,6,30,0.014250895348256123,0.08100507408380508,0.0022280600387603045,0.0022280600387603045,0.92,1.0,300,300
302,t2_b0,17,1,-0.45540281350430273,0.0697009488940239,0.13786697387695312,0.13786697387695312,0.9500000000000001,1.0,301,301
302,t2_b0,37,3,0.08085430026551262,0.10556546598672867,0.0003053209511563182,0.0003053209511563182,0.9166666666666667,1.0,301,301
303,t2_b0,8,27,0.0,0.06948081403970718,0.00241379183717072,0.00241379183717072,0.9142857142857143,1.0,302,302
303,t2_b0,23,7,0.9765058157172385,0.08851427584886551,0.39426448941230774,0.39426448941230774,0.9500000000000001,1.0,302,302
303,t2_b0,28,15,-0.106413362422808,0.06967168301343918,0.015502973459661007,0.015502973459661007,0.9333333333333333,1.0,302,302
303,t2_b0,2,29,-0.010522438324449605,0.027550719678401947,0.0007247827597893775,0.0007247827597893775,1.0,1.0,302,302
304,t2_b0,19,15,-0.025937899003401363,0.06476305425167084,0.004113331437110901,0.004113331437110901,0.925,1.0,303,303
304,t2_b0,39,12,-0.004248061836512698,0.07180508971214294,0.002892040880396962,0.002892040880396962,1.0,1.0,303,303
305,t2_b0,30,15,-0.009847981110999403,0.08002688735723495,0.004038746003061533,0.004038746003061533,0.9166666666666667,1.0,304,304
305,t2_b0,26,35,0.9758982231902102,0.06858538091182709,0.4116082787513733,0.4116082787513733,0.9500000000000001,1.0,304,304
305,t2_b0,10,22,-0.19755678433202314,0.06633937358856201,0.034820593893527985,0.034820593893527985,0.9142857142857143,1.0,304,304
306,t2_b0,1,24,-0.04389601817606031,0.01644323021173477,0.0018204125808551908,0.0018204125808551908,1.0,1.0,305,305
306,t2_b0,21,26,0.3609879754236158,0.07469029724597931,0.040983181446790695,0.040983181446790695,0.925,1.0,305,305
307,t2_b0,32,38,-0.13072709236087693,0.06574901938438416,0.019301433116197586,0.019301433116197586,0.9333333333333333,1.0,306,306
307,t2_b0,27,24,0.9627264874559073,0.03344307094812393,0.4317837953567505,0.4317837953567505,1.0,1.0,306,306
307,t2_b0,12,19,-0.44340778068706727,0.0712159126996994,0.13241878151893616,0.13241878151893616,0.025,1.0,306,306
308,t2_b0,3,36,0.0011703020038593564,0.04936628043651581,0.0011614260729402304,0.0011614260729402304,0.016666666666666666,1.0,307,307
308,t2_b0,23,6,0.264920028833745,0.07396330684423447,0.018232231959700584,0.018232231959700584,0.92,1.0,307,307
309,t2_b0,14,10,0.9829694316259929,0.06906408071517944,0.4176114797592163,0.4176114797592163,0.9333333333333333,1.0,308,308
309,t2_b0,34,3,0.006271138376099196,0.09054772555828094,0.0035512715112417936,0.0035512715112417936,0.925,1.0,308,308
309,t2_b0,11,33,0.47849996194278266,0.08043703436851501,0.07922704517841339,0.07922704517841339,1.0,1.0,308,308
310,t2_b0,5,34,-0.1790292327960941,0.05313237011432648,0.026949502527713776,0.026949502527713776,1.0,1.0,309,309
311,t2_b0,36,3,-0.06085248231217912,0.09903082996606827,0.012781337834894657,0.012781337834894657,0.9142857142857143,1.0,310,310
311,t2_b0,16,22,-0.9411328037668591,0.07015883177518845,0.5112916231155396,0.5112916231155396,0.9166666666666667,1.0,310,310
312,t2_b0,7,30,-0.2108985735664259,0.06693089008331299,0.03859460726380348,0.03859460726380348,0.9111111111111111,1.0,311,311
312,t2_b0,27,1,-0.08625525072724059,0.06371349096298218,0.011245312169194221,0.011245312169194221,0.9500000000000001,1.0,311,311
312,t2_b0,0,5,0.0,0.04758964478969574,0.001132387202233076,0.001132387202233076,1.0,1.0,311,311
313,t2_b0,18,3,-0.012800316721375438,0.09934937953948975,0.0062887766398489475,0.0062887766398489475,0.925,1.0,312,312
313,t2_b0,25,2,0.8521870985420283,0.06288836896419525,0.31149622797966003,0.31149622797966003,0.925,1.0,312,312
313,t2_b0,38,22,0.0733535451876885,0.0692410096526146,8.456469004158862e-06,8.456469004158862e-06,0.9125,1.0,312,312
314,t2_b0,29,2,0.020522006770004975,0.06642419844865799,0.0010535056935623288,0.0010535056935623288,0.9333333333333333,1.0,313,313
314,t2_b0,9,33,-0.024066582388928927,0.06910998374223709,0.004340936429798603,0.004340936429798603,0.03333333333333333,1.0,313,313
315,t2_b0,39,13,0.40420234584562276,0.06898128241300583,0.056186575442552567,0.056186575442552567,0.92,1.0,314,314
315,t2_b0,0,5,0.002115823906605162,0.027162641286849976,0.00031367153860628605,0.00031367153860628605,1.0,1.0,314,314
315,t2_b0,20,38,-0.0488093394196701,0.07125488668680191,0.007207709364593029,0.007207709364593029,0.925,1.0,314,314
316,t2_b0,11,30,0.08299457015736564,0.07150717824697495,6.598011532332748e-05,6.598011532332748e-05,0.9166666666666667,1.0,315,315
316,t2_b0,31,6,-0.17130003540799832,0.06422895193099976,0.027736952528357506,0.027736952528357506,0.0125,1.0,315,315
317,t2_b0,2,24,0.009628168495618365,0.009443864226341248,1.698399643146331e-08,1.698399643146331e-08,0.9333333333333333,1.0,316,316
317,t2_b0,22,17,-0.11505810142087057,0.06618381291627884,0.01642431505024433,0.01642431505024433,0.9142857142857143,1.0,316,316
318,t2_b0,13,3,-0.11975281045208747,0.10405932366847992,0.025045935064554214,0.025045935064554214,0.9142857142857143,1.0,317,317
318,t2_b0,33,4,-0.06032839674803194,0.06684135645627975,0.008086074143648148,0.008086074143648148,0.9166666666666667,1.0,317,317
319,t2_b0,4,30,-0.1132890214276588,0.07032998651266098,0.016857970505952835,0.016857970505952835,0.9125,1.0,318,318
319,t2_b0,24,1,-0.11112194179688666,0.06177974492311478,0.0149474972859025,0.0149474972859025,0.925,1.0,318,318
320,t2_b0,35,22,-0.19435738352727291,0.067832350730896,0.03437172994017601,0.03437172994017601,0.9166666666666667,1.0,319,319
320,t2_b0,15,30,-0.18995271036683095,0.07233422249555588,0.03439721837639809,0.03439721837639809,0.92,1.0,319,319
321,t2_b0,26,35,0.0044934177433610225,0.06257429718971252,0.001686694216914475,0.001686694216914475,0.9333333333333333,1.0,320,320
321,t2_b0,6,30,-0.14552296828389993,0.06922149658203125,0.023057593032717705,0.023057593032717705,0.9166666666666667,1.0,320,320
322,t2_b0,37,13,-0.03257355273378522,0.06128006428480148,0.004404250532388687,0.004404250532388687,0.9500000000000001,1.0,321,321
322,t2_b0,17,16,0.061885406713611854,0.06622140854597092,9.400461749464739e-06,9.400461749464739e-06,0.9125,1.0,321,321
323,t2_b0,8,17,-0.6860752308998204,0.06574747711420059,0.2826187014579773,0.2826187014579773,0.9111111111111111,1.0,322,322
323,t2_b0,28,15,-0.0039179849090861495,0.06989805400371552,0.0027244037482887506,0.0027244037482887506,0.925,1.0,322,322
324,t2_b0,19,15,-0.07896413089346524,0.06541130691766739,0.010422134771943092,0.010422134771943092,0.9166666666666667,1.0,323,323
324,t2_b0,39,4,-0.201686570243195,0.07187698781490326,0.037418510764837265,0.037418510764837265,0.9333333333333333,1.0,323,323
325,t2_b0,10,17,-0.005025826812856307,0.060493215918540955,0.002146372338756919,0.002146372338756919,0.9111111111111111,1.0,324,324
325,t2_b0,30,4,-0.04794221466122695,0.06944455206394196,0.006889826618134975,0.006889826618134975,0.92,1.0,324,324
326,t2_b0,21,17,-0.05296218447946337,0.061925798654556274,0.006599624175578356,0.006599624175578356,0.92,1.0,325,325
326,t2_b0,34,32,0.9471155219842187,0.0652182474732399,0.3888714015483856,0.3888714015483856,0.9500000000000001,1.0,325,325
326,t2_b0,1,3,0.027942917901538612,0.052223414182662964,0.00029477124917320907,0.00029477124917320907,0.925,1.0,325,325
327,t2_b0,12,15,0.19864274444232766,0.06546825170516968,0.008867722935974598,0.008867722935974598,0.9333333333333333,1.0,326,326
327,t2_b0,32,16,-0.046644240460846385,0.06545049697160721,0.0062826150096952915,0.0062826150096952915,0.925,1.0,326,326
328,t2_b0,11,25,0.46577032347230135,0.03270526975393295,0.09377267211675644,0.09377267211675644,1.0,1.0,325,325
328,t2_b0,3,1,-0.0014183422325946865,0.03413837403059006,0.000632139970548451,0.000632139970548451,0.925,1.0,327,327
328,t2_b0,23,9,0.9798459125747021,0.07221995294094086,0.41189244389533997,0.41189244389533997,1.0,1.0,327,327
329,t2_b0,34,14,-1.0,0.06199122220277786,0.5619912147521973,0.5619912147521973,0.03333333333333333,1.0,328,328
329,t2_b0,17,23,0.9909874118424578,0.13750572502613068,0.36421552300453186,0.36421552300453186,1.0,1.0,328,328
330,t2_b0,25,11,0.06847259155327856,0.061348721385002136,2.537478030717466e-05,2.537478030717466e-05,1.0,1.0,327,327
330,t2_b0,14,32,0.13126513156008002,0.06023867428302765,0.0025223789270967245,0.0025223789270967245,0.925,1.0,329,329
331,t2_b0,16,32,0.1298125076077298,0.0617937371134758,0.0023132767528295517,0.0023132767528295517,0.9125,1.0,330,330
331,t2_b0,36,3,0.10784390394971165,0.06998506933450699,0.0007166457362473011,0.0007166457362473011,0.925,1.0,330,330
332,t2_b0,18,21,0.9912319537932309,0.060501426458358765,0.4331296980381012,0.4331296980381012,0.9333333333333333,1.0,331,331
332,t2_b0,7,27,0.007333259029242461,0.059234097599983215,0.00134684843942523,0.00134684843942523,0.91,1.0,331,331
332,t2_b0,38,22,0.35183804955488296,-0.11891470849514008,0.11080408841371536,0.11080408841371536,1.0,1.0,4,4
333,t2_b0,18,35,-1.0,0.06548338383436203,0.5654833316802979,0.5654833316802979,0.9333333333333333,1.0,332,332
333,t2_b0,27,2,-0.2094954794447693,0.09523836523294449,0.04643135890364647,0.04643135890364647,0.9111111111111111,1.0,332,332
333,t2_b0,38,25,-0.09722246490324433,0.0464792475104332,0.010325090028345585,0.010325090028345585,0.9500000000000001,1.0,330,330
334,t2_b0,9,13,-0.04375078042369627,0.04143504053354263,0.0036283123772591352,0.0036283123772591352,0.925,1.0,333,333
334,t2_b0,22,38,0.5324070393049498,0.07165928930044174,0.1061442419886589,0.1061442419886589,1.0,1.0,331,331
334,t2_b0,29,2,0.15629299596531404,0.09044166654348373,0.00216819834895432,0.00216819834895432,0.925,1.0,333,333
335,t2_b0,0,15,-0.2341522187674604,0.04722774773836136,0.039587344974279404,0.039587344974279404,0.02,1.0,334,334
335,t2_b0,20,7,-0.42865424423400766,0.06141192466020584,0.12008242309093475,0.12008242309093475,0.9166666666666667,1.0,334,334
336,t2_b0,11,3,-0.3676955620747025,0.07849100977182388,0.09954123198986053,0.09954123198986053,0.9500000000000001,1.0,335,335
336,t2_b0,31,20,-0.10403902973780893,0.058910734951496124,0.013276313431560993,0.013276313431560993,0.9125,1.0,335,335
337,t2_b0,22,38,0.20699096494722166,0.07720335572957993,0.00842241384088993,0.00842241384088993,1.0,1.0,334,336
337,t2_b0,2,24,-0.09092280772137104,0.038189634680747986,0.008335012942552567,0.008335012942552567,0.9333333333333333,1.0,336,336
338,t2_b0,33,9,-0.02941265919820511,0.0331268236041069,0.0019555932376533747,0.0019555932376533747,0.03333333333333333,1.0,337,337
339,t2_b0,4,30,-0.03288197318872663,0.04752412438392639,0.0032325703650712967,0.0032325703650712967,0.9333333333333333,1.0,338,338
339,t2_b0,24,2,-0.12381282891308958,0.09010255336761475,0.022879894822835922,0.022879894822835922,0.9142857142857143,1.0,338,338
340,t2_b0,35,7,-0.08166617680032175,0.05661343038082123,0.00956062600016594,0.00956062600016594,0.9142857142857143,1.0,339,339
340,t2_b0,15,30,-0.0983014162984285,0.051085710525512695,0.011158255860209465,0.011158255860209465,0.02,1.0,339,339
341,t2_b0,26,35,0.22985012306626354,0.05239781737327576,0.015744661912322044,0.015744661912322044,0.925,1.0,340,340
341,t2_b0,6,4,0.0074579879689425825,0.046868108212947845,0.0007765788468532264,0.0007765788468532264,0.05,1.0,340,340
342,t2_b0,37,36,-0.007836994275165383,0.03421223908662796,0.0008840690134093165,0.0008840690134093165,1.0,1.0,341,341
342,t2_b0,17,1,-0.22645264857891262,0.07256616652011871,0.04470612108707428,0.04470612108707428,0.9500000000000001,1.0,341,341
343,t2_b0,8,10,0.0,0.05390886217355728,0.0014530826592817903,0.0014530826592817903,0.011111111111111112,1.0,342,342
343,t2_b0,28,0,0.015679625366233935,0.07706961780786514,0.0018843654543161392,0.0018843654543161392,0.9166666666666667,1.0,342,342
344,t2_b0,13,23,0.8619857289131716,0.03455125540494919,0.342323899269104,0.342323899269104,1.0,1.0,343,343
344,t2_b0,19,0,-0.05584722140205571,0.0729571133852005,0.008295277133584023,0.008295277133584023,0.9142857142857143,1.0,343,343
344,t2_b0,39,4,-0.3554733963030724,0.05004904419183731,0.08222422003746033,0.08222422003746033,1.0,1.0,343,343
345,t2_b0,30,4,0.07673385551191542,0.04949784278869629,0.0003709002339746803,0.0003709002339746803,0.925,1.0,344,344
345,t2_b0,10,27,-0.03263035236086442,0.05029948800802231,0.0034386792685836554,0.0034386792685836554,0.01,1.0,344,344
346,t2_b0,21,26,0.0,0.048994697630405426,0.0012002402218058705,0.0012002402218058705,0.02,1.0,345,345
346,t2_b0,36,4,0.9749391853753029,0.047505974769592285,0.43006616830825806,0.43006616830825806,0.9500000000000001,1.0,345,345
346,t2_b0,1,9,-0.007802988129164548,0.017489150166511536,0.0003198461199644953,0.0003198461199644953,0.9333333333333333,1.0,345,345
347,t2_b0,12,15,0.04020154695780402,0.0463472381234169,1.8884749806602485e-05,1.8884749806602485e-05,0.9333333333333333,1.0,346,346
347,t2_b0,32,14,0.03538330595107073,0.04930949956178665,9.696943016024306e-05,9.696943016024306e-05,0.92,1.0,346,346
348,t2_b0,3,25,-0.01484410772944304,0.006689481437206268,0.00023184774909168482,0.00023184774909168482,0.9500000000000001,1.0,347,347
349,t2_b0,37,25,0.9318375868926243,0.04055975377559662,0.3971880376338959,0.3971880376338959,0.9333333333333333,1.0,348,348
349,t2_b0,14,32,0.0232095533784965,0.049593664705753326,0.0003480606828816235,0.0003480606828816235,0.925,1.0,348,348
349,t2_b0,34,10,-0.07648650604616213,0.04950835555791855,0.007937352173030376,0.007937352173030376,0.025,1.0,348,348
350,t2_b0,25,3,0.0,0.059743866324424744,0.001784664811566472,0.001784664811566472,0.925,1.0,349,349
351,t2_b0,36,4,0.19261097969007376,0.049785420298576355,0.01019957009702921,0.01019957009702921,0.925,1.0,350,350
351,t2_b0,16,32,0.016165483649887756,0.05151551961898804,0.0006248124991543591,0.0006248124991543591,0.9142857142857143,1.0,350,350
352,t2_b0,7,0,-0.11153109362985585,0.07432468235492706,0.01727118529379368,0.01727118529379368,0.9090909090909091,1.0,351,351
352,t2_b0,27,2,0.0023555191887747115,0.08941919356584549,0.003790041897445917,0.003790041897445917,0.91,1.0,351,351
353,t2_b0,18,35,-0.39813249174014836,0.05048883706331253,0.10063055157661438,0.10063055157661438,0.9333333333333333,1.0,352,352
353,t2_b0,38,25,-0.47711627433099363,0.03317809849977493,0.13020017743110657,0.13020017743110657,0.9500000000000001,1.0,352,352
354,t2_b0,13,22,0.963203470237781,0.019228585064411163,0.4455443322658539,0.4455443322658539,0.9500000000000001,1.0,353,353
354,t2_b0,29,2,-0.04143788363727459,0.08827647566795349,0.008412906900048256,0.008412906900048256,0.925,1.0,353,353
354,t2_b0,9,1,-0.2782820851216827,0.059829480946063995,0.05715971067547798,0.05715971067547798,0.9333333333333333,1.0,353,353
355,t2_b0,0,20,0.06947066535258914,0.036709412932395935,0.0005366498371586204,0.0005366498371586204,0.9166666666666667,1.0,354,354
356,t2_b0,11,3,-0.27232062533473034,0.06123988330364227,0.05563131347298622,0.05563131347298622,0.9500000000000001,1.0,355,355
356,t2_b0,20,0,0.0006419087753420398,0.06640321761369705,0.002162274671718478,0.002162274671718478,0.9142857142857143,1.0,355,355
357,t2_b0,22,13,-0.016942147473764754,0.031935110688209534,0.0011944931466132402,0.0011944931466132402,0.9500000000000001,1.0,356,356
357,t2_b0,31,0,0.0020865030525735713,0.06668267399072647,0.002086332533508539,0.002086332533508539,0.9111111111111111,1.0,356,356
357,t2_b0,2,24,-0.11200373966431196,0.0323060005903244,0.010412649251520634,0.010412649251520634,0.9333333333333333,1.0,356,356
358,t2_b0,13,22,0.15599594843537126,0.044325754046440125,0.00623511616140604,0.00623511616140604,0.9500000000000001,1.0,357,357
359,t2_b0,4,30,-0.07286298673940293,0.05016486346721649,0.007567926310002804,0.007567926310002804,0.9333333333333333,1.0,358,358
359,t2_b0,24,2,0.0,0.07930431514978409,0.003144587157294154,0.003144587157294154,0.9142857142857143,1.0,358,358
360,t2_b0,15,12,-0.005241853962075417,0.041431866586208344,0.001089218189008534,0.001089218189008534,0.016666666666666666,1.0,359,359
360,t2_b0,35,16,-1.0,0.044611044228076935,0.5446110963821411,0.5446110963821411,0.9125,1.0,359,359
361,t2_b0,26,21,0.22932900735891848,0.03611373156309128,0.018666071817278862,0.018666071817278862,0.925,1.0,360,360
361,t2_b0,6,30,-0.09723237978680879,0.04586207866668701,0.010238010436296463,0.010238010436296463,0.925,1.0,360,360
362,t2_b0,37,1,-0.29038112222193974,0.06029786169528961,0.061487872153520584,0.061487872153520584,0.9333333333333333,1.0,361,361
363,t2_b0,17,1,-0.20005279851634705,0.06135106831789017,0.034165989607572556,0.034165989607572556,0.9333333333333333,1.0,362,362
363,t2_b0,28,0,0.010154983348495442,0.06437548995018005,0.0014699315652251244,0.0014699315652251244,0.9166666666666667,1.0,362,362
364,t2_b0,19,0,0.009145657133644437,0.060217127203941345,0.0013041474157944322,0.0013041474157944322,0.9142857142857143,1.0,363,363
364,t2_b0,39,4,-0.28150178809153775,0.04618092626333237,0.053687985986471176,0.053687985986471176,0.9333333333333333,1.0,363,363
365,t2_b0,10,16,0.06129523949852744,0.04116269201040268,0.00020265976490918547,0.00020265976490918547,0.91,1.0,364,364
365,t2_b0,8,7,-1.0,0.03970228135585785,0.539702296257019,0.539702296257019,0.01,1.0,364,364
365,t2_b0,30,4,0.06414842259683731,0.03856992721557617,0.00032712979009374976,0.00032712979009374976,0.92,1.0,364,364
366,t2_b0,21,8,-0.7371169068777788,0.03246241807937622,0.29612618684768677,0.29612618684768677,0.92,1.0,365,365
367,t2_b0,32,16,-0.13115500657734855,0.03762200474739075,0.014242838136851788,0.014242838136851788,0.9166666666666667,1.0,366,366
367,t2_b0,12,15,0.13679009837329523,0.0356740802526474,0.005112224258482456,0.005112224258482456,0.92,1.0,366,366
367,t2_b0,1,37,-0.005778941780069657,-0.0016936659812927246,8.344739399035461e-06,8.344739399035461e-06,1.0,1.0,366,366
369,t2_b0,14,32,0.20761713563595763,0.03503827005624771,0.014891733415424824,0.014891733415424824,0.925,1.0,368,368
370,t2_b0,3,25,-0.055434276839714774,-0.012699708342552185,0.0009131216211244464,0.0009131216211244464,0.03333333333333333,1.0,369,369
370,t2_b0,34,32,-0.09316572392218558,0.04631169140338898,0.009726975113153458,0.009726975113153458,0.9500000000000001,1.0,369,369
371,t2_b0,16,21,-1.0,0.036027565598487854,0.5360275506973267,0.5360275506973267,0.01,1.0,370,370
371,t2_b0,36,0,-0.3030784215601335,0.06014519929885864,0.0659656971693039,0.0659656971693039,0.9111111111111111,1.0,370,370
371,t2_b0,7,30,0.9665331354894864,0.03803318738937378,0.43105605244636536,0.43105605244636536,1.0,1.0,370,370
371,t2_b0,25,11,0.21141732367731608,0.02331392467021942,0.017691442742943764,0.017691442742943764,1.0,1.0,370,370
372,t2_b0,37,25,0.9415308714704282,0.04975810647010803,0.3976293206214905,0.3976293206214905,1.0,1.0,371,371
372,t2_b0,7,30,-0.7574263029038983,0.038376644253730774,0.3166511654853821,0.3166511654853821,0.9500000000000001,1.0,371,371
372,t2_b0,27,2,-0.049658038232138525,0.07282166182994843,0.0075006382539868355,0.0075006382539868355,0.91,1.0,371,371
373,t2_b0,38,2,-0.14079683764030557,0.07379062473773956,0.02302389033138752,0.02302389033138752,0.9333333333333333,1.0,372,372
373,t2_b0,18,21,-0.0758605025601793,0.035499490797519684,0.00620052358135581,0.00620052358135581,0.9333333333333333,1.0,372,372
374,t2_b0,9,13,0.11401819513032663,0.003963455557823181,0.006056022830307484,0.006056022830307484,1.0,1.0,373,373
374,t2_b0,29,2,-0.13037818376245608,0.06998071819543839,0.02007184363901615,0.02007184363901615,0.92,1.0,373,373
374,t2_b0,31,22,0.8959610847939726,0.030895359814167023,0.37416937947273254,0.37416937947273254,1.0,1.0,373,373
375,t2_b0,20,15,-0.1983223590114844,0.03743642568588257,0.0277911014854908,0.0277911014854908,0.925,1.0,374,374
375,t2_b0,0,39,-0.08676028714128994,0.022299252450466156,0.005946991965174675,0.005946991965174675,0.91,1.0,374,374
376,t2_b0,31,4,-1.0,0.03808700293302536,0.538087010383606,0.538087010383606,1.0,1.0,375,375
376,t2_b0,5,16,0.9715458515218618,0.032674528658390045,0.4407396912574768,0.4407396912574768,0.9500000000000001,1.0,375,375
377,t2_b0,25,13,0.9470745008188759,0.001523531973361969,0.44703325629234314,0.44703325629234314,1.0,1.0,375,375
377,t2_b0,2,24,-0.032879410089918154,0.009517066180706024,0.0008987305336631835,0.0008987305336631835,0.925,1.0,376,376
377,t2_b0,22,4,-0.27554203609598826,0.03983625769615173,0.04973173886537552,0.04973173886537552,0.9500000000000001,1.0,376,376
378,t2_b0,33,16,0.9903080961163285,0.03908247500658035,0.4524151086807251,0.4524151086807251,0.9500000000000001,1.0,377,377
378,t2_b0,13,25,0.0,0.03013618290424347,0.0004540947556961328,0.0004540947556961328,1.0,1.0,376,376
379,t2_b0,4,31,-0.02457337819684345,0.0382833331823349,0.00197548302821815,0.00197548302821815,0.9500000000000001,1.0,378,378
379,t2_b0,24,2,-0.015589939217717163,0.06064669042825699,0.002906011650338769,0.002906011650338769,0.9111111111111111,1.0,378,378
380,t2_b0,15,32,-0.7614250581007274,0.028531812131404877,0.31201592087745667,0.31201592087745667,0.9333333333333333,1.0,379,379
380,t2_b0,35,0,-0.9632172658625343,0.051527947187423706,0.5147452354431152,0.5147452354431152,0.9125,1.0,379,379
381,t2_b0,6,4,-0.0012974048962581957,0.033041492104530334,0.0005895798676647246,0.0005895798676647246,1.0,1.0,380,380
381,t2_b0,26,35,-0.011171980984135955,0.017636612057685852,0.00041496753692626953,0.00041496753692626953,0.925,1.0,380,380
382,t2_b0,37,38,-0.015574932909440018,0.02408185601234436,0.0007863304344937205,0.0007863304344937205,0.9500000000000001,1.0,381,381
383,t2_b0,8,0,-0.10583195234387606,0.046411581337451935,0.011589045636355877,0.011589045636355877,0.9111111111111111,1.0,382,382
383,t2_b0,19,11,0.39230155818143164,-0.12186358869075775,0.13218291103839874,0.13218291103839874,1.0,1.0,3,3
384,t2_b0,39,8,-0.134094586009782,0.01689492166042328,0.011398915201425552,0.011398915201425552,0.9125,1.0,383,383
384,t2_b0,11,10,0.25047776391611387,0.021400131285190582,0.026238281279802322,0.026238281279802322,0.9500000000000001,1.0,383,383
385,t2_b0,28,7,0.9570359880711194,0.024873100221157074,0.43446382880210876,0.43446382880210876,1.0,1.0,384,384
385,t2_b0,20,36,0.9593909206088368,0.013004712760448456,0.4478234350681305,0.4478234350681305,0.9500000000000001,1.0,384,384
385,t2_b0,9,25,0.9606010224018324,0.051723413169384,0.4130292534828186,0.4130292534828186,1.0,1.0,383,383
385,t2_b0,10,11,0.04188422708411161,0.028474636375904083,8.990857895696536e-05,8.990857895696536e-05,0.9500000000000001,1.0,384,384
386,t2_b0,19,10,-0.32554123393020334,0.02860765904188156,0.0627107173204422,0.0627107173204422,0.9500000000000001,1.0,385,385
386,t2_b0,21,8,-0.44644817741140974,0.018231593072414398,0.10796365141868591,0.10796365141868591,0.92,1.0,385,385
387,t2_b0,1,4,-0.0718531939241658,-0.004954002797603607,0.002237750682979822,0.002237750682979822,0.03333333333333333,1.0,386,386
387,t2_b0,12,15,-0.021203584064038453,0.02081219106912613,0.0008826627163216472,0.0008826627163216472,1.0,1.0,386,386
387,t2_b0,32,19,0.19310705203974654,0.02729230374097824,0.013747266493737698,0.013747266493737698,0.9166666666666667,1.0,386,386
389,t2_b0,14,22,-0.13088933508415027,0.02594488114118576,0.01229848526418209,0.01229848526418209,1.0,1.0,388,388
390,t2_b0,16,36,0.0,-0.12219718843698502,0.007466076407581568,0.007466076407581568,1.0,1.0,2,2
390,t2_b0,25,3,0.06459675934683763,0.05286392569541931,6.882967136334628e-05,6.882967136334628e-05,0.9500000000000001,1.0,389,389
390,t2_b0,5,27,-0.15233311440483333,0.017535798251628876,0.014427724294364452,0.014427724294364452,0.9333333333333333,1.0,389,389
392,t2_b0,7,11,0.016533976195145027,0.026258744299411774,4.728555359179154e-05,4.728555359179154e-05,0.02,1.0,391,391
392,t2_b0,27,24,-0.023526977287536083,0.01915382593870163,0.0009108255035243928,0.0009108255035243928,0.014285714285714287,1.0,391,391
393,t2_b0,34,3,0.8540104119357567,0.05944310873746872,0.31566858291625977,0.31566858291625977,0.925,1.0,392,392
393,t2_b0,18,35,-0.06252465543999441,0.016199328005313873,0.0030987325590103865,0.0030987325590103865,0.9333333333333333,1.0,392,392
393,t2_b0,16,4,0.6434927762727395,0.010635823011398315,0.20025396347045898,0.20025396347045898,0.9500000000000001,1.0,392,392
394,t2_b0,36,16,0.7975161275933481,0.06418810784816742,0.26888495683670044,0.26888495683670044,1.0,1.0,393,393
394,t2_b0,9,3,-0.28932975765106084,0.06179874390363693,0.061645619571208954,0.061645619571208954,0.9333333333333333,1.0,393,393
394,t2_b0,29,2,-0.017421604988242332,0.0526391863822937,0.0024542571045458317,0.0024542571045458317,0.9166666666666667,1.0,393,393
395,t2_b0,38,3,-0.05508920446846619,0.057608358561992645,0.006350370589643717,0.006350370589643717,0.9166666666666667,1.0,394,394
395,t2_b0,20,8,-0.8982146496256406,0.015995346009731293,0.41788992285728455,0.41788992285728455,0.9166666666666667,1.0,394,394
396,t2_b0,10,36,0.9815750384028455,0.05048181861639023,0.433467298746109,0.433467298746109,1.0,1.0,395,395
396,t2_b0,11,1,-0.12054940507454831,0.05444511026144028,0.015311540104448795,0.015311540104448795,0.925,1.0,395,395
396,t2_b0,31,4,-0.49068692323137425,0.019489020109176636,0.13013975322246552,0.13013975322246552,0.9500000000000001,1.0,395,395
397,t2_b0,22,1,0.016348558140342456,0.055188409984111786,0.0007542671519331634,0.0007542671519331634,0.925,1.0,396,396
398,t2_b0,33,2,-0.0029511519058865975,0.04773024469614029,0.0012843019794672728,0.0012843019794672728,0.9166666666666667,1.0,397,397
399,t2_b0,32,10,0.9916625217958628,0.04899710416793823,0.4443090260028839,0.4443090260028839,1.0,1.0,398,398
399,t2_b0,24,2,-0.3538928942740241,0.05133373290300369,0.08210430294275284,0.08210430294275284,0.9166666666666667,1.0,398,398
399,t2_b0,5,3,0.9776807162943978,0.048998020589351654,0.43122580647468567,0.43122580647468567,1.0,1.0,398,398
399,t2_b0,4,14,-0.27031245433119855,0.021456845104694366,0.04256466031074524,0.04256466031074524,0.016666666666666666,1.0,398,398
400,t2_b0,15,1,-0.1108110653313813,0.05417071282863617,0.01360949408262968,0.01360949408262968,0.925,1.0,399,399
400,t2_b0,2,38,-3.9795111255036434e-05,-0.010870307683944702,5.864999911864288e-05,5.864999911864288e-05,0.016666666666666666,1.0,399,399
400,t2_b0,34,3,0.9596546875999522,0.05337074398994446,0.4106753170490265,0.4106753170490265,0.9500000000000001,1.0,399,399
400,t2_b0,35,8,-0.6315602516456155,0.016329191625118256,0.20988036692142487,0.20988036692142487,0.92,1.0,399,399
401,t2_b0,26,21,0.010353994403481876,0.005273506045341492,1.2905681614938658e-05,1.2905681614938658e-05,0.025,1.0,400,400
401,t2_b0,6,15,-0.035462071837399946,0.010376706719398499,0.0010505967075005174,0.0010505967075005174,0.92,1.0,400,400
402,t2_b0,37,3,-0.6158616560889071,0.04829510301351547,0.22055208683013916,0.22055208683013916,0.9142857142857143,1.0,401,401
403,t2_b0,8,35,-0.5119791259998415,0.009519152343273163,0.13598021864891052,0.13598021864891052,0.9166666666666667,1.0,402,402
403,t2_b0,28,7,0.0034704816409196052,0.016894519329071045,9.010239591589198e-05,9.010239591589198e-05,1.0,1.0,402,402
404,t2_b0,19,8,-0.3554710990333723,0.0028098896145820618,0.06418263167142868,0.06418263167142868,0.016666666666666666,1.0,403,403
404,t2_b0,39,3,-0.16145714091520097,0.051129475235939026,0.022596534341573715,0.022596534341573715,0.9142857142857143,1.0,403,403
406,t2_b0,12,20,0.9721883552383555,0.000981748104095459,0.4716211259365082,0.4716211259365082,0.9500000000000001,1.0,405,405
406,t2_b0,21,35,-0.023568477765207506,0.002582170069217682,0.0003419281856622547,0.0003419281856622547,0.92,1.0,405,405
406,t2_b0,10,36,0.5617061621198974,0.0014105066657066345,0.15696564316749573,0.15696564316749573,1.0,1.0,405,405
407,t2_b0,12,35,-0.7829557836459261,0.0004897043108940125,0.30689340829849243,0.30689340829849243,0.02,1.0,406,406
407,t2_b0,32,4,0.01964416509419406,0.011801250278949738,3.07556583720725e-05,3.07556583720725e-05,0.9333333333333333,1.0,406,406
407,t2_b0,3,16,0.04181881177802797,-0.02359897643327713,0.0021397436503320932,0.0021397436503320932,0.9111111111111111,1.0,406,406
409,t2_b0,1,7,-0.04190406592205026,-0.014347128570079803,0.00037969238474033773,0.00037969238474033773,0.025,1.0,408,408
409,t2_b0,34,3,-0.1682817404140117,0.03089860826730728,0.01983640342950821,0.01983640342950821,0.9500000000000001,1.0,408,408
409,t2_b0,14,15,0.0,0.01619921624660492,0.00013120730000082403,0.00013120730000082403,0.925,1.0,408,408
410,t2_b0,25,9,0.0,-0.0025044232606887817,3.1360680168290855e-06,3.1360680168290855e-06,0.014285714285714287,1.0,409,409
410,t2_b0,5,3,-0.16816043156239166,0.03463718295097351,0.020563438534736633,0.020563438534736633,0.9142857142857143,1.0,409,409
411,t2_b0,36,39,-0.4238547903445335,0.003608688712120056,0.09136251360177994,0.09136251360177994,0.9142857142857143,1.0,410,410
411,t2_b0,16,25,0.19941665414106033,0.0013841986656188965,0.019608426839113235,0.019608426839113235,0.011111111111111112,1.0,410,410
412,t2_b0,7,1,-0.5902549619875971,0.0360071063041687,0.1961020827293396,0.1961020827293396,0.9333333333333333,1.0,411,411
412,t2_b0,27,2,-0.134718483775323,0.03621920943260193,0.014609846286475658,0.014609846286475658,0.9142857142857143,1.0,411,411
412,t2_b0,3,20,0.0,-0.02515508234500885,0.0003163890796713531,0.0003163890796713531,0.0125,1.0,411,411
413,t2_b0,18,21,-0.0006788241741556659,0.0033920109272003174,8.285849617095664e-06,8.285849617095664e-06,0.9333333333333333,1.0,412,412
413,t2_b0,38,2,0.06650529059718498,0.036764226853847504,0.00044226544559933245,0.00044226544559933245,0.92,1.0,412,412
414,t2_b0,9,25,0.2231065519003227,-0.00276009738445282,0.025507871061563492,0.025507871061563492,0.016666666666666666,1.0,413,413
414,t2_b0,29,2,0.011116495008000417,0.03110482543706894,0.0001997666695388034,0.0001997666695388034,0.9166666666666667,1.0,413,413
415,t2_b0,22,6,0.9871193023173297,0.013592131435871124,0.47387760877609253,0.47387760877609253,1.0,1.0,413,413
415,t2_b0,20,3,-0.3915247779744973,0.033175162971019745,0.09018503129482269,0.09018503129482269,0.91,1.0,414,414
416,t2_b0,31,15,-0.7404241405506667,0.018964014947414398,0.2883351743221283,0.2883351743221283,0.925,1.0,415,415
417,t2_b0,11,15,-0.07614505875401582,0.008595570921897888,0.0035904874093830585,0.0035904874093830585,0.925,1.0,416,416
417,t2_b0,2,29,0.011604815475927103,-0.027110882103443146,0.0007494526216760278,0.0007494526216760278,0.02,1.0,416,416
417,t2_b0,23,27,0.9099041825403922,0.00022705644369125366,0.41375625133514404,0.41375625133514404,0.92,1.0,416,416
418,t2_b0,17,23,0.9657269728040336,0.062296152114868164,0.4080936312675476,0.4080936312675476,0.9500000000000001,1.0,417,417
418,t2_b0,4,24,0.978858284643258,0.0028789490461349487,0.47626781463623047,0.47626781463623047,0.92,1.0,417,417
418,t2_b0,33,15,-0.36832449200326417,0.008061148226261139,0.07083307206630707,0.07083307206630707,0.925,1.0,417,417
419,t2_b0,30,17,0.9568377773612098,0.12829379737377167,0.3432425558567047,0.3432425558567047,1.0,1.0,418,418
419,t2_b0,22,15,0.72056082722038,0.0038773491978645325,0.25681763887405396,0.25681763887405396,0.9333333333333333,1.0,418,418
419,t2_b0,19,3,0.9988487847222098,0.028584830462932587,0.4707060754299164,0.4707060754299164,0.9333333333333333,1.0,418,418
419,t2_b0,24,2,-0.008956167206573006,0.029660336673259735,0.0007456172024831176,0.0007456172024831176,0.9111111111111111,1.0,418,418
420,t2_b0,35,8,-0.21946637928954651,0.002961963415145874,0.02473718300461769,0.02473718300461769,0.9500000000000001,1.0,419,419
420,t2_b0,13,30,0.9842755744652875,0.19839158654212952,0.308806836605072,0.308806836605072,1.0,1.0,419,419
420,t2_b0,15,33,-0.13983227199695603,0.017623290419578552,0.012396126985549927,0.012396126985549927,0.925,1.0,419,419
421,t2_b0,26,1,-1.0,0.027203641831874847,0.5272036790847778,0.5272036790847778,0.9500000000000001,1.0,420,420
422,t2_b0,0,13,0.0,0.011542193591594696,6.661111547145993e-05,6.661111547145993e-05,0.9500000000000001,1.0,421,421
422,t2_b0,17,1,0.19779875694333732,0.02679402381181717,0.014621310867369175,0.014621310867369175,0.9111111111111111,1.0,421,421
422,t2_b0,37,3,-0.44789266351651624,0.029762059450149536,0.11407701671123505,0.11407701671123505,0.9111111111111111,1.0,421,421
423,t2_b0,4,24,0.09492030318691166,0.0024804845452308655,0.004272559657692909,0.004272559657692909,0.92,1.0,422,422
423,t2_b0,39,14,0.6364715784899416,-0.12136682122945786,0.2871595025062561,0.2871595025062561,1.0,1.0,6,6
424,t2_b0,19,3,-0.08251498538940853,0.026909805834293365,0.005986892618238926,0.005986892618238926,0.925,1.0,423,423
425,t2_b0,6,16,0.9315820193932804,-0.0050515830516815186,0.4386412501335144,0.4386412501335144,0.02,1.0,424,424
425,t2_b0,30,1,-1.0,0.027219809591770172,0.5272197723388672,0.5272197723388672,0.9125,1.0,424,424
427,t2_b0,21,35,0.0,-0.012741424143314362,8.117194374790415e-05,8.117194374790415e-05,0.05,1.0,426,426
427,t2_b0,12,1,-0.17092088219953364,0.0240306556224823,0.01900305040180683,0.01900305040180683,0.9125,1.0,426,426
428,t2_b0,23,3,-0.1539758504111053,0.03054298460483551,0.0170235987752676,0.0170235987752676,0.91,1.0,427,427
428,t2_b0,14,39,0.21972373529051997,-0.015043623745441437,0.0275578536093235,0.0275578536093235,0.9500000000000001,1.0,427,427
428,t2_b0,10,36,0.10953511834212092,-0.0030807852745056152,0.006341170985251665,0.006341170985251665,0.025,1.0,427,427
429,t2_b0,34,19,0.018736530170962717,-0.0040119364857673645,0.00025874635321088135,0.00025874635321088135,0.03333333333333333,1.0,428,428
429,t2_b0,14,39,0.23129867872821444,0.01718105375766754,0.0229231808334589,0.0229231808334589,0.9500000000000001,1.0,428,428
429,t2_b0,7,22,0.98653988648951,-0.002858959138393402,0.48945504426956177,0.48945504426956177,0.05,1.0,428,428
430,t2_b0,32,22,0.048415853916025944,0.006105653941631317,0.0008950765477493405,0.0008950765477493405,0.9333333333333333,1.0,429,429
430,t2_b0,28,33,-0.36953274293320637,0.0037813112139701843,0.06968168914318085,0.06968168914318085,0.9500000000000001,1.0,429,429
430,t2_b0,31,39,0.7133894896982025,0.04943138360977173,0.22042019665241241,0.22042019665241241,0.9500000000000001,1.0,429,429
430,t2_b0,5,3,-0.21535788028547803,0.03433748334646225,0.031173886731266975,0.031173886731266975,0.92,1.0,429,429
431,t2_b0,36,10,0.035340752187086315,0.00321902334690094,0.0005159027641639113,0.0005159027641639113,0.92,1.0,430,430
431,t2_b0,25,3,-0.0587881210295487,0.034436531364917755,0.004345417954027653,0.004345417954027653,0.9166666666666667,1.0,430,430
431,t2_b0,39,8,0.3268490056673341,0.0083722323179245,0.050713736563920975,0.050713736563920975,0.9333333333333333,1.0,430,430
431,t2_b0,11,32,0.8780226786758863,0.01958765834569931,0.36845535039901733,0.36845535039901733,0.9500000000000001,1.0,430,430
432,t2_b0,16,3,-0.08240177057982477,0.0394730418920517,0.007426734548062086,0.007426734548062086,0.9142857142857143,1.0,431,431
432,t2_b0,27,1,-0.13985585040330226,0.0268838033080101,0.013901053927838802,0.013901053927838802,0.9333333333333333,1.0,431,431
432,t2_b0,7,32,-0.025127509779262796,0.019721485674381256,0.0010057161562144756,0.0010057161562144756,0.9500000000000001,1.0,431,431
433,t2_b0,18,28,-0.2898310476635385,0.013539068400859833,0.046016715466976166,0.046016715466976166,0.925,1.0,432,432
433,t2_b0,38,2,0.020997316134128585,0.02984093874692917,3.910483428626321e-05,3.910483428626321e-05,0.9125,1.0,432,432
434,t2_b0,15,7,0.9428639291725494,0.038896337151527405,0.4085787236690521,0.4085787236690521,1.0,1.0,433,433
434,t2_b0,29,12,-0.08196323966906786,0.0006036087870597839,0.003408642252907157,0.003408642252907157,0.9500000000000001,1.0,433,433
434,t2_b0,3,5,-0.0342999446200543,-0.02594289928674698,3.492009636829607e-05,3.492009636829607e-05,0.014285714285714287,1.0,433,433
435,t2_b0,9,3,-0.36138944661343814,0.029068224132061005,0.07622860372066498,0.07622860372066498,0.9166666666666667,1.0,434,434
436,t2_b0,8,35,-0.4842463761384718,-0.01137109100818634,0.1118055209517479,0.1118055209517479,0.03333333333333333,1.0,435,435
436,t2_b0,31,39,0.33259763534314385,0.009532369673252106,0.05218558758497238,0.05218558758497238,0.9500000000000001,1.0,435,435
437,t2_b0,22,32,0.08777496012409443,0.031397610902786255,0.0015892029041424394,0.0015892029041424394,0.9333333333333333,1.0,436,436
437,t2_b0,24,20,0.26556477851956967,-0.12237820029258728,0.07524987310171127,0.07524987310171127,0.1,1.0,2,436
438,t2_b0,13,1,-0.9526966160707537,0.021477140486240387,0.47450727224349976,0.47450727224349976,0.9142857142857143,1.0,437,437
438,t2_b0,33,28,-0.12395452796960617,0.011766307055950165,0.009210072457790375,0.009210072457790375,0.9333333333333333,1.0,437,437
439,t2_b0,1,26,-0.2640790358637376,-0.030082546174526215,0.0273771770298481,0.0273771770298481,0.011111111111111112,1.0,438,438
439,t2_b0,20,2,0.8529060920792516,0.019740991294384003,0.3470820486545563,0.3470820486545563,0.92,1.0,438,438
440,t2_b0,15,32,-0.18237352932347897,0.04072403907775879,0.02488626167178154,0.02488626167178154,0.9333333333333333,1.0,439,439
440,t2_b0,35,8,0.019154158777877947,-0.02396385371685028,0.0009295815834775567,0.0009295815834775567,0.03333333333333333,1.0,439,439
441,t2_b0,6,3,-0.09764468540052583,0.02346457540988922,0.007333726622164249,0.007333726622164249,0.925,1.0,440,440
441,t2_b0,26,2,-0.6046763064575049,0.017623357474803925,0.1936284452676773,0.1936284452676773,0.92,1.0,440,440
442,t2_b0,11,8,0.035296889757136546,-0.02953420579433441,0.0021015352103859186,0.0021015352103859186,0.025,1.0,441,441
442,t2_b0,37,1,0.066005826797725,0.015298135578632355,0.0012856349349021912,0.0012856349349021912,0.9142857142857143,1.0,441,441
443,t2_b0,23,32,0.8463553121433488,0.03665181249380112,0.3278099000453949,0.3278099000453949,1.0,1.0,442,442
443,t2_b0,28,18,-0.3086892335158684,0.015413135290145874,0.052521172910928726,0.052521172910928726,0.9500000000000001,1.0,442,442
444,t2_b0,2,26,-0.5836241726169961,-0.045323848724365234,0.1448836326599121,0.1448836326599121,0.016666666666666666,1.0,443,443
444,t2_b0,19,3,-0.5593821282687682,0.028216883540153503,0.17263631522655487,0.17263631522655487,0.9333333333333333,1.0,443,443
444,t2_b0,4,29,0.03822139549465791,-0.018017634749412537,0.001581414369866252,0.001581414369866252,0.016666666666666666,1.0,443,443
444,t2_b0,8,35,-0.07057218111874057,-0.033081281930208206,0.0007027838146314025,0.0007027838146314025,0.03333333333333333,1.0,443,443
445,t2_b0,17,3,0.9080656358885811,0.02875303477048874,0.38659530878067017,0.38659530878067017,0.9333333333333333,1.0,444,444
445,t2_b0,29,12,0.9154977426255473,0.0073862820863723755,0.412333220243454,0.412333220243454,0.9500000000000001,1.0,444,444
446,t2_b0,21,35,0.0,-0.04637094959616661,0.001075132517144084,0.001075132517144084,0.03333333333333333,1.0,445,445
447,t2_b0,12,1,0.005660544164187402,0.007293663918972015,1.333540126324806e-06,1.333540126324806e-06,0.9142857142857143,1.0,446,446
447,t2_b0,10,36,0.0415089539440965,0.00021222978830337524,0.0008527096942998469,0.0008527096942998469,0.9333333333333333,1.0,446,446
447,t2_b0,32,33,-0.12645800336801755,0.031958796083927155,0.01254794280976057,0.01254794280976057,0.92,1.0,446,446
448,t2_b0,23,18,0.17825411940624866,0.021741867065429688,0.012248041108250618,0.012248041108250618,0.9500000000000001,1.0,447,447
449,t2_b0,34,3,-0.053485861986664496,0.029995009303092957,0.0034845280461013317,0.0034845280461013317,0.9333333333333333,1.0,448,448
450,t2_b0,14,31,0.4227081984015111,-0.037901174277067184,0.10608048737049103,0.10608048737049103,0.03333333333333333,1.0,449,449
450,t2_b0,5,3,-0.06241459032276538,0.03308769315481186,0.0045603434555232525,0.0045603434555232525,0.9333333333333333,1.0,449,449
450,t2_b0,25,1,0.024528711562600496,0.0068284571170806885,0.00015664951934013516,0.00015664951934013516,0.92,1.0,449,449
451,t2_b0,24,21,0.6049061303784443,-0.026815064251422882,0.19953583180904388,0.19953583180904388,0.03333333333333333,1.0,450,450
451,t2_b0,16,3,-0.027456527229299324,0.036720216274261475,0.0020593274384737015,0.0020593274384737015,0.925,1.0,450,450
452,t2_b0,7,32,-0.037663778589129046,0.034482672810554504,0.002602555323392153,0.002602555323392153,0.9333333333333333,1.0,451,451
452,t2_b0,27,2,-0.12513938575292544,0.013497360050678253,0.009610072709619999,0.009610072709619999,0.92,1.0,451,451
452,t2_b0,36,3,-0.20854461452911358,0.03870973736047745,0.030567355453968048,0.030567355453968048,0.9333333333333333,1.0,451,451
453,t2_b0,18,33,-0.0055113271941492625,0.02823033183813095,0.0005692498525604606,0.0005692498525604606,0.925,1.0,452,452
453,t2_b0,38,2,-0.017061162250334598,0.012024879455566406,0.00042299891356378794,0.00042299891356378794,0.91,1.0,452,452
454,t2_b0,0,1,0.01686538562265116,-0.00914810597896576,0.00033835088834166527,0.00033835088834166527,0.92,1.0,453,453
454,t2_b0,9,3,0.09886071164287316,0.018787920475006104,0.0032058258075267076,0.0032058258075267076,0.92,1.0,453,453
455,t2_b0,0,20,0.05685046204082945,-0.04855384677648544,0.005555034149438143,0.005555034149438143,0.02,1.0,454,454
455,t2_b0,29,1,-0.15269995492263977,0.0010485723614692688,0.011819306761026382,0.011819306761026382,0.9166666666666667,1.0,454,454
456,t2_b0,11,15,0.9804252981339224,0.032670967280864716,0.44911912083625793,0.44911912083625793,1.0,1.0,455,455
456,t2_b0,39,23,-0.16501429290449307,-0.0400690920650959,0.00780565245077014,0.00780565245077014,0.03333333333333333,1.0,455,455
456,t2_b0,20,2,-0.28685150389196246,0.003930352628231049,0.04227704554796219,0.04227704554796219,0.91,1.0,455,455
457,t2_b0,22,18,0.08254389339631513,0.026427067816257477,0.001574549125507474,0.001574549125507474,0.925,1.0,456,456
457,t2_b0,1,4,-0.00911874976907127,-0.05460549518465996,0.0010345219634473324,0.0010345219634473324,0.05,1.0,456,456
458,t2_b0,2,24,0.0,-0.05601394176483154,0.0015687808627262712,0.0015687808627262712,0.025,1.0,457,457
458,t2_b0,33,15,-0.19226429885455013,0.034320153295993805,0.025670260190963745,0.025670260190963745,0.9500000000000001,1.0,457,457
460,t2_b0,4,0,-0.28964995701474555,-0.009773589670658112,0.03916539251804352,0.03916539251804352,0.014285714285714287,1.0,459,459
460,t2_b0,15,18,-0.19536280246479867,0.021103695034980774,0.023428872227668762,0.023428872227668762,0.9166666666666667,1.0,459,459
461,t2_b0,6,3,-0.16877312527008564,0.02018456906080246,0.017852503806352615,0.017852503806352615,0.9142857142857143,1.0,460,460
462,t2_b0,3,36,0.0017399628957213502,-0.04234936460852623,0.0009719344670884311,0.0009719344670884311,0.0125,1.0,461,461
462,t2_b0,24,2,-0.14070857775616138,-0.012859627604484558,0.008172677829861641,0.008172677829861641,0.1,1.0,461,461
462,t2_b0,17,18,-0.12074911969806658,0.023450694978237152,0.010396793484687805,0.010396793484687805,0.9111111111111111,1.0,461,461
462,t2_b0,31,39,0.1611967734184666,0.010034292936325073,0.011425047181546688,0.011425047181546688,0.9500000000000001,1.0,461,461
463,t2_b0,13,29,-0.14867003240147172,-0.02654901146888733,0.007456772029399872,0.007456772029399872,0.03333333333333333,1.0,462,462
464,t2_b0,26,21,0.14627964144258246,-0.033779725432395935,0.016210688278079033,0.016210688278079033,0.03333333333333333,1.0,463,463
464,t2_b0,19,3,0.0,0.0146479532122612,0.0001072812665370293,0.0001072812665370293,0.9333333333333333,1.0,463,463
464,t2_b0,39,18,0.013268231350114061,0.026584453880786896,8.866089046932757e-05,8.866089046932757e-05,0.9125,1.0,463,463
464,t2_b0,30,2,0.35808052813964014,-0.006013169884681702,0.06628211587667465,0.06628211587667465,0.92,1.0,463,463
465,t2_b0,28,36,-0.1420190456227618,-0.009136572480201721,0.008828876540064812,0.008828876540064812,0.03333333333333333,1.0,464,464
466,t2_b0,35,30,0.941985295860692,-0.03482368588447571,0.4770779311656952,0.4770779311656952,0.03333333333333333,1.0,465,465
467,t2_b0,12,3,0.011868790607138587,0.013752162456512451,1.7735445680955308e-06,1.7735445680955308e-06,0.9090909090909091,1.0,466,466
467,t2_b0,32,22,-0.030328370656702686,0.026722289621829987,0.0016273888759315014,0.0016273888759315014,0.925,1.0,466,466
468,t2_b0,21,26,0.016276800331886086,-0.037989553064107895,0.001472418662160635,0.001472418662160635,1.0,1.0,467,467
468,t2_b0,16,24,0.49452610938418734,-0.029716379940509796,0.1374151110649109,0.1374151110649109,0.02,1.0,467,467
468,t2_b0,37,38,-0.0146136797840442,-0.013354942202568054,7.922099030110985e-07,7.922099030110985e-07,0.014285714285714287,1.0,467,467
469,t2_b0,30,35,0.08919025360049386,-0.027508273720741272,0.006809272803366184,0.006809272803366184,0.025,1.0,468,468
469,t2_b0,34,12,-0.11370929430373279,-0.015051335096359253,0.0048666964285075665,0.0048666964285075665,0.016666666666666666,1.0,468,468
469,t2_b0,14,39,0.07120492483900676,0.029684603214263916,0.0008619684958830476,0.0008619684958830476,0.9166666666666667,1.0,468,468
470,t2_b0,33,17,0.9680733179916545,0.0300271138548851,0.4399653673171997,0.4399653673171997,1.0,1.0,469,469
470,t2_b0,5,39,-0.06833483887056799,0.03905411809682846,0.005766194313764572,0.005766194313764572,0.9166666666666667,1.0,469,469
470,t2_b0,25,3,0.010386891161885741,0.012972116470336914,3.3416961287002778e-06,3.3416961287002778e-06,0.9125,1.0,469,469
471,t2_b0,36,28,-0.004725063956773345,-0.012318328022956848,2.8828828362748027e-05,2.8828828362748027e-05,0.016666666666666666,1.0,470,470
472,t2_b0,23,5,0.0,0.013474225997924805,9.077738650375977e-05,9.077738650375977e-05,0.925,1.0,471,471
472,t2_b0,18,27,0.9676100194716658,-0.043141916394233704,0.5107519626617432,0.5107519626617432,1.0,1.0,471,471
472,t2_b0,7,32,0.18255833857023132,0.03422874957323074,0.011000833474099636,0.011000833474099636,0.925,1.0,471,471
473,t2_b0,21,30,0.9749037650769066,0.02430194616317749,0.451821893453598,0.451821893453598,0.02,1.0,472,472
473,t2_b0,16,23,0.17391572437249922,0.006243512034416199,0.014056986197829247,0.014056986197829247,0.92,1.0,472,472
474,t2_b0,26,24,0.9654790409127457,0.011347383260726929,0.45518356561660767,0.45518356561660767,0.925,1.0,473,473
474,t2_b0,17,32,0.9656586810089677,0.04501482844352722,0.4237925112247467,0.4237925112247467,1.0,1.0,473,473
474,t2_b0,27,18,0.02188279619668081,-0.03468625247478485,0.0016000285977497697,0.0016000285977497697,1.0,1.0,473,473
474,t2_b0,29,3,0.23457587921748752,0.01158953458070755,0.024861453101038933,0.024861453101038933,0.9111111111111111,1.0,473,473
474,t2_b0,38,1,-0.1659437613406225,0.0004068911075592041,0.0138362692669034,0.0138362692669034,0.9166666666666667,1.0,473,473
475,t2_b0,20,3,0.10570541553046602,0.015415951609611511,0.004076093900948763,0.004076093900948763,0.91,1.0,474,474
476,t2_b0,10,36,-0.06883636062487496,-0.008268728852272034,0.0018342190887778997,0.0018342190887778997,0.025,1.0,475,475
476,t2_b0,31,5,-0.21911378478263024,0.04001016914844513,0.03357261046767235,0.03357261046767235,0.9333333333333333,1.0,475,475
476,t2_b0,11,39,-0.2672549279052613,0.041924864053726196,0.04779607057571411,0.04779607057571411,0.925,1.0,475,475
476,t2_b0,9,3,-0.12268757974520722,0.006465323269367218,0.008340234868228436,0.008340234868228436,0.91,1.0,475,475
477,t2_b0,22,32,0.1576041006296075,0.03970140963792801,0.006950521841645241,0.006950521841645241,0.925,1.0,476,476
477,t2_b0,8,3,0.6921011820620444,0.008336476981639862,0.2337670773267746,0.2337670773267746,0.91,1.0,476,476
478,t2_b0,33,39,-0.2523432450259017,0.049659840762615204,0.04560293257236481,0.04560293257236481,0.9333333333333333,1.0,477,477
478,t2_b0,1,9,-0.021545534312123398,-0.05251143127679825,0.00047944337711669505,0.00047944337711669505,0.0125,1.0,477,477
478,t2_b0,18,23,0.24445017779085854,0.02487802505493164,0.024105966091156006,0.024105966091156006,0.9500000000000001,1.0,477,477
478,t2_b0,13,38,-0.375056445278755,-0.030962087213993073,0.0592004656791687,0.0592004656791687,0.05,1.0,477,477
479,t2_b0,4,3,-0.32115756795222844,0.002921275794506073,0.05251355469226837,0.05251355469226837,0.91,1.0,478,478
480,t2_b0,35,16,0.026008205548953625,0.04079531878232956,0.00010932936129393056,0.00010932936129393056,0.9333333333333333,1.0,479,479
480,t2_b0,24,30,0.0,-0.1240154430270195,0.007689915131777525,0.007689915131777525,0.1,1.0,2,2
480,t2_b0,15,39,-0.03765501601738051,0.050701871514320374,0.003903469303622842,0.003903469303622842,0.9166666666666667,1.0,479,479
481,t2_b0,6,3,-0.20313702738197748,0.005494855344295502,0.021763628348708153,0.021763628348708153,0.9090909090909091,1.0,480,480
481,t2_b0,26,16,-0.03395325397798788,0.0585726723074913,0.0042805238626897335,0.0042805238626897335,0.9500000000000001,1.0,480,480
482,t2_b0,17,28,-0.08656207438671995,0.030913449823856354,0.0069002495147287846,0.0069002495147287846,0.925,1.0,481,481
483,t2_b0,27,34,0.8121074406687275,-0.01738661527633667,0.3440302014350891,0.3440302014350891,0.05,1.0,482,482
483,t2_b0,37,4,0.028986606238113378,-0.02310039848089218,0.0013565280241891742,0.0013565280241891742,0.0125,1.0,482,482
483,t2_b0,30,18,0.8876990063206798,0.026923999190330505,0.37046679854393005,0.37046679854393005,0.9500000000000001,1.0,482,482
483,t2_b0,21,32,0.9623859165250909,0.05956403911113739,0.4075436294078827,0.4075436294078827,0.9500000000000001,1.0,482,482
483,t2_b0,8,3,-0.14613364351997002,0.0031822025775909424,0.011147611774504185,0.011147611774504185,0.91,1.0,482,482
484,t2_b0,3,20,-0.024561869629880304,-0.058343347162008286,0.0005705940420739353,0.0005705940420739353,0.009090909090909092,1.0,483,483
484,t2_b0,39,7,-0.09787385180329962,0.050881192088127136,0.011064031161367893,0.011064031161367893,0.9166666666666667,1.0,483,483
485,t2_b0,30,18,-0.12073993054873047,0.0399521142244339,0.012910964898765087,0.012910964898765087,0.9500000000000001,1.0,484,484
485,t2_b0,19,3,-0.43918348012534686,0.0017229914665222168,0.09719925373792648,0.09719925373792648,0.92,1.0,484,484
486,t2_b0,21,28,-0.30558044959828046,0.023062527179718018,0.05400310084223747,0.05400310084223747,0.9333333333333333,1.0,485,485
486,t2_b0,2,35,-0.013264879150830458,-0.04421677067875862,0.00047900978825055063,0.00047900978825055063,0.03333333333333333,1.0,485,485
487,t2_b0,12,3,-0.13210892704563487,0.003453478217124939,0.009188583120703697,0.009188583120703697,0.9083333333333333,1.0,486,486
487,t2_b0,32,22,-0.04542664022237974,0.04889807105064392,0.004448575433343649,0.004448575433343649,0.02,1.0,486,486
488,t2_b0,23,16,-0.041949778078759346,0.03306398540735245,0.00281353248283267,0.00281353248283267,0.9500000000000001,1.0,487,487
488,t2_b0,28,36,-0.1415962069409613,-0.0071866512298583984,0.009032964706420898,0.009032964706420898,0.02,1.0,487,487
489,t2_b0,34,3,-0.09102003862967108,0.0029546692967414856,0.004415622912347317,0.004415622912347317,0.9142857142857143,1.0,488,488
489,t2_b0,14,39,-0.0005545974101013225,0.05428513139486313,0.0015036980621516705,0.0015036980621516705,0.92,1.0,488,488
490,t2_b0,25,3,0.009801526871442047,0.005337551236152649,9.963538104784675e-06,9.963538104784675e-06,0.91,1.0,489,489
490,t2_b0,5,23,0.01693224905021968,0.04982921481132507,0.000541105167940259,0.000541105167940259,0.9500000000000001,1.0,489,489
491,t2_b0,16,2,-0.29448147344034536,0.012506000697612762,0.04712066054344177,0.04712066054344177,0.925,1.0,490,490
491,t2_b0,36,3,-0.00491222669141439,0.008310943841934204,8.742611680645496e-05,8.742611680645496e-05,0.9166666666666667,1.0,490,490
492,t2_b0,7,39,0.006846457901570884,0.051871158182621,0.0010136117925867438,0.0010136117925867438,0.925,1.0,491,491
493,t2_b0,38,1,-0.17645751666357629,0.0019377544522285461,0.015912435948848724,0.015912435948848724,0.9125,1.0,492,492
494,t2_b0,0,13,0.051289706749206077,-0.040025606751441956,0.004169243387877941,0.004169243387877941,0.9500000000000001,1.0,493,493
494,t2_b0,1,6,-0.37851725892171056,-0.0492560900747776,0.05420646443963051,0.05420646443963051,0.011111111111111112,1.0,493,493
494,t2_b0,29,3,-0.23882632609940602,0.005106218159198761,0.029751542955636978,0.029751542955636978,0.91,1.0,493,493
495,t2_b0,9,12,-0.04647554583591276,-0.029468834400177002,0.00014461409591604024,0.00014461409591604024,0.01,1.0,494,494
495,t2_b0,20,3,-0.0013507658161419935,0.007905498147010803,4.283921225578524e-05,4.283921225578524e-05,0.91,1.0,494,494
496,t2_b0,31,14,0.03230816173115633,0.053294166922569275,0.00022020621690899134,0.00022020621690899134,0.9333333333333333,1.0,495,495
496,t2_b0,11,39,0.016747251998732286,0.05719546973705292,0.0008180292206816375,0.0008180292206816375,0.925,1.0,495,495
497,t2_b0,22,32,0.1850648150434093,0.04747585207223892,0.009465363807976246,0.009465363807976246,0.925,1.0,496,496
497,t2_b0,2,35,-0.005947283247294293,-0.05470322445034981,0.0011885708663612604,0.0011885708663612604,0.03333333333333333,1.0,496,496
498,t2_b0,33,14,-0.03948054195592634,0.06136193871498108,0.005084602627903223,0.005084602627903223,0.9333333333333333,1.0,497,497
499,t2_b0,18,35,0.9773493195426401,0.007405765354633331,0.4703952670097351,0.4703952670097351,0.9333333333333333,1.0,498,498
500,t2_b0,35,2,-0.7924959498865654,0.014121286571025848,0.3253157138824463,0.3253157138824463,0.9166666666666667,1.0,499,499
500,t2_b0,4,3,-0.3551189885565422,0.0014102980494499207,0.06355656683444977,0.06355656683444977,0.91,1.0,499,499
500,t2_b0,10,28,-0.14817081063270862,-0.01816309243440628,0.008451002649962902,0.008451002649962902,0.02,1.0,499,499
500,t2_b0,15,32,0.1455767803403597,0.05792943388223648,0.0038410283159464598,0.0038410283159464598,0.9142857142857143,1.0,499,499
501,t2_b0,26,2,-0.0038002805210547,0.009414024651050568,8.730893023312092e-05,8.730893023312092e-05,0.92,1.0,500,500
502,t2_b0,17,28,0.0342104798482958,0.03177167475223541,2.973887376356288e-06,2.973887376356288e-06,0.925,1.0,501,501
502,t2_b0,24,27,0.4789825449667459,-0.026953376829624176,0.12798556685447693,0.12798556685447693,0.05,1.0,501,501
503,t2_b0,6,3,-0.10260253078400305,-0.0017890483140945435,0.005081679672002792,0.005081679672002792,0.016666666666666666,1.0,502,502
504,t2_b0,19,27,-0.06189258297136655,-0.026652619242668152,0.0006209275452420115,0.0006209275452420115,0.025,1.0,503,503
504,t2_b0,28,21,-0.04265783926453905,-0.014209449291229248,0.0004046554968226701,0.0004046554968226701,0.014285714285714287,1.0,503,503
505,t2_b0,27,19,0.0019222738255381113,-0.0313149020075798,0.000552354846149683,0.000552354846149683,0.025,1.0,504,504
505,t2_b0,37,23,-0.6815836731244432,-0.029322341084480286,0.21272245049476624,0.21272245049476624,0.016666666666666666,1.0,504,504
506,t2_b0,21,28,-0.09705417082494047,0.002545073628425598,0.004960004705935717,0.004960004705935717,0.92,1.0,505,505
506,t2_b0,1,6,-0.08957753044291902,-0.05212535709142685,0.0007013327558524907,0.0007013327558524907,0.03333333333333333,1.0,505,505
507,t2_b0,12,22,-0.23748227150438242,0.021441809833049774,0.033520836383104324,0.033520836383104324,0.9166666666666667,1.0,506,506
507,t2_b0,3,1,-0.016470022384998565,-0.05550878494977951,0.000762012496124953,0.000762012496124953,0.9500000000000001,1.0,506,506
507,t2_b0,13,38,-0.4737871328892829,-0.037074122577905655,0.09535912424325943,0.09535912424325943,1.0,1.0,506,506
507,t2_b0,14,21,0.8912916709071176,0.018708541989326477,0.3807006776332855,0.3807006776332855,1.0,1.0,506,506
508,t2_b0,10,36,0.0,-0.02786663919687271,0.0003882747841998935,0.0003882747841998935,0.02,1.0,507,507
508,t2_b0,32,22,0.0005807600413089471,0.01837555319070816,0.00015832734061405063,0.00015832734061405063,0.9142857142857143,1.0,507,507
508,t2_b0,23,9,-0.014436817355945418,-0.035181835293769836,0.00021517786080949008,0.00021517786080949008,0.02,1.0,507,507
509,t2_b0,14,17,-0.3218326904618501,0.008199334144592285,0.054460566490888596,0.054460566490888596,0.9500000000000001,1.0,508,508
509,t2_b0,39,33,0.9395280035561673,0.05252436548471451,0.39338770508766174,0.39338770508766174,1.0,1.0,508,508
510,t2_b0,5,11,0.8877277220914258,0.030979737639427185,0.3670085668563843,0.3670085668563843,1.0,1.0,509,509
511,t2_b0,36,28,-0.05123290965724145,-0.025585778057575226,0.000328887632349506,0.000328887632349506,0.016666666666666666,1.0,510,510
511,t2_b0,29,5,0.9511252379682162,0.09533902257680893,0.3661850690841675,0.3661850690841675,1.0,1.0,510,510
512,t2_b0,31,39,0.9507342388435663,0.04148402065038681,0.41336801648139954,0.41336801648139954,1.0,1.0,511,511
512,t2_b0,8,1,0.1145444113723851,0.006478123366832733,0.005839161574840546,0.005839161574840546,0.9125,1.0,511,511
512,t2_b0,7,22,0.07152826336183929,0.021891668438911438,0.0012318957597017288,0.0012318957597017288,0.9166666666666667,1.0,511,511
513,t2_b0,18,2,-0.005368495589668284,0.007309310138225555,8.036337385419756e-05,8.036337385419756e-05,0.9500000000000001,1.0,512,512
514,t2_b0,29,15,-0.9796352754254745,0.024543218314647675,0.504178524017334,0.504178524017334,0.9166666666666667,1.0,513,513
514,t2_b0,20,0,0.8385500042458168,-0.01282510906457901,0.36241984367370605,0.36241984367370605,0.9166666666666667,1.0,513,513
516,t2_b0,20,27,-0.30273365867860924,-0.03118896484375,0.03686825931072235,0.03686825931072235,0.014285714285714287,1.0,515,515
516,t2_b0,11,2,-0.40892703660246577,0.03192642331123352,0.09717588126659393,0.09717588126659393,0.9111111111111111,1.0,515,515
517,t2_b0,31,11,-0.03963962025888266,0.0007093623280525208,0.0008140202844515443,0.0008140202844515443,0.9333333333333333,1.0,516,516
517,t2_b0,22,15,0.0017534765686605949,0.003008633852005005,7.877098937569826e-07,7.877098937569826e-07,0.9125,1.0,516,516
518,t2_b0,33,2,-0.2655871174318557,0.036851666867733,0.04573461413383484,0.04573461413383484,0.9166666666666667,1.0,517,517
519,t2_b0,3,26,-0.07345097254906874,-0.07423228025436401,3.0521886174028623e-07,3.0521886174028623e-07,0.03333333333333333,1.0,518,518
519,t2_b0,4,2,-0.06956952426575441,0.03430330008268356,0.005394781474024057,0.005394781474024057,0.9111111111111111,1.0,518,518
519,t2_b0,0,21,-0.17682734023597932,-0.038432084023952484,0.009576622396707535,0.009576622396707535,0.014285714285714287,1.0,518,518
520,t2_b0,15,29,-0.0782905307165094,-0.0012149065732955933,0.0029703257605433464,0.0029703257605433464,0.01,1.0,519,519
520,t2_b0,25,18,-0.24377988777093357,-0.03035488724708557,0.022775113582611084,0.022775113582611084,0.1,1.0,519,519
522,t2_b0,30,23,-0.38720967518716687,-0.038320332765579224,0.06086188927292824,0.06086188927292824,0.05,1.0,521,521
522,t2_b0,17,1,-0.11870948922084718,0.0008295625448226929,0.0071447924710810184,0.0071447924710810184,0.9111111111111111,1.0,521,521
522,t2_b0,26,6,-0.3390232739111711,-0.040367383509874344,0.04459766298532486,0.04459766298532486,0.05,1.0,521,521
523,t2_b0,8,2,-0.11315746912742634,0.029145628213882446,0.010125085711479187,0.010125085711479187,0.9125,1.0,522,522
524,t2_b0,28,1,-0.043636509357855895,1.6905367374420166e-05,0.0009528102818876505,0.0009528102818876505,0.9142857142857143,1.0,523,523
526,t2_b0,10,1,-0.12836104671884907,0.00024140626192092896,0.008269294165074825,0.008269294165074825,0.92,1.0,525,525
527,t2_b0,32,1,-0.27392295289737356,0.011734135448932648,0.040799982845783234,0.040799982845783234,0.91,1.0,526,526
527,t2_b0,12,7,-0.06111144006836841,-0.003981485962867737,0.0016319158021360636,0.0016319158021360636,0.0125,1.0,526,526
527,t2_b0,35,27,0.10259674421111274,-0.026239223778247833,0.008299354463815689,0.008299354463815689,0.03333333333333333,1.0,526,526
527,t2_b0,5,31,0.9483679353136569,-0.0008652135729789734,0.4505217969417572,0.4505217969417572,0.1,1.0,526,526
528,t2_b0,21,1,-0.32782504129776774,0.0015677958726882935,0.05424982309341431,0.05424982309341431,0.9166666666666667,1.0,527,527
528,t2_b0,34,19,0.0008462523071851134,-0.023315273225307465,0.0002918896498158574,0.0002918896498158574,0.025,1.0,527,527
528,t2_b0,39,11,0.2561494183345072,0.003082960844039917,0.03202131390571594,0.03202131390571594,0.925,1.0,527,527
528,t2_b0,23,30,-0.008619583945163546,-0.035604823380708694,0.0003641015791799873,0.0003641015791799873,0.05,1.0,527,527
529,t2_b0,14,1,-1.0,0.0027813613414764404,0.5027813911437988,0.5027813911437988,0.925,1.0,528,528
530,t2_b0,19,35,0.027623814902430478,-0.02321656048297882,0.0012923720059916377,0.0012923720059916377,0.025,1.0,529,529
530,t2_b0,5,11,-0.06981419125041173,1.3262033462524414e-05,0.00243793660774827,0.00243793660774827,0.925,1.0,529,529
530,t2_b0,16,23,0.0,-0.025931037962436676,0.0003362093702889979,0.0003362093702889979,0.9500000000000001,1.0,529,529
531,t2_b0,16,23,-0.052316754137525165,-0.02109842747449875,0.00048729198169894516,0.00048729198169894516,0.05,1.0,530,530
531,t2_b0,34,19,0.1265888353665105,-0.02222544699907303,0.011072846129536629,0.011072846129536629,0.025,1.0,530,530
531,t2_b0,6,37,-0.01675869038739643,-0.03708412125706673,0.0002065615844912827,0.0002065615844912827,0.03333333333333333,1.0,530,530
531,t2_b0,24,27,-0.3153476075197382,-0.026211798191070557,0.04179975762963295,0.04179975762963295,0.025,1.0,530,530
531,t2_b0,36,0,-0.37600030729018646,0.00027446448802948,0.0707913488149643,0.0707913488149643,0.92,1.0,530,530
532,t2_b0,7,8,-0.17405056690384269,-0.007827185094356537,0.013815105892717838,0.013815105892717838,0.014285714285714287,1.0,531,531
533,t2_b0,2,15,-0.1632456646215145,-0.03544318303465843,0.008166736923158169,0.008166736923158169,0.0125,1.0,532,532
534,t2_b0,1,10,0.0,-0.0418538898229599,0.0008758740732446313,0.0008758740732446313,0.0125,1.0,533,533
535,t2_b0,29,25,-0.002365047579237575,-0.040597788989543915,0.0007308712229132652,0.0007308712229132652,1.0,1.0,534,534
535,t2_b0,3,6,-0.03634182632735501,-0.07690142095088959,0.0008225403144024312,0.0008225403144024312,0.03333333333333333,1.0,534,534
536,t2_b0,27,24,0.026746885645527473,-0.02370956540107727,0.0012729266891255975,0.0012729266891255975,0.025,1.0,535,535
536,t2_b0,11,2,-0.2046107245623653,0.017272919416427612,0.024616174399852753,0.024616174399852753,0.9142857142857143,1.0,535,535
537,t2_b0,22,2,-0.08727599657020872,0.01478671282529831,0.005208398215472698,0.005208398215472698,0.9125,1.0,536,536
537,t2_b0,30,16,-0.19631340257688593,-0.016307421028614044,0.016201073303818703,0.016201073303818703,0.05,1.0,536,536
538,t2_b0,33,2,-0.5497729335569793,0.014799356460571289,0.15937092900276184,0.15937092900276184,0.92,1.0,537,537
539,t2_b0,4,2,-0.09023720822546108,0.016582757234573364,0.005705252289772034,0.005705252289772034,0.9142857142857143,1.0,538,538
539,t2_b0,37,6,-0.09430246383029597,-0.03684203699231148,0.0016508501721546054,0.0016508501721546054,0.03333333333333333,1.0,538,538
540,t2_b0,15,7,0.002023688876072755,-0.014543205499649048,0.00013723100710194558,0.00013723100710194558,0.0125,1.0,539,539
540,t2_b0,18,25,0.0,-0.05697182938456535,0.0016228946624323726,0.0016228946624323726,0.05,1.0,539,539
541,t2_b0,6,3,-0.03594219778960407,-0.014642111957073212,0.0002268468088004738,0.0002268468088004738,0.025,1.0,540,540
542,t2_b0,37,3,0.13393262186587876,-0.014280840754508972,0.010983615182340145,0.010983615182340145,0.025,1.0,541,541
542,t2_b0,2,15,-0.0808363625722282,-0.047281041741371155,0.0005629797815345228,0.0005629797815345228,0.0125,1.0,541,541
542,t2_b0,25,18,-0.237375842382516,-0.042671579867601395,0.018954874947667122,0.018954874947667122,0.05,1.0,541,541
542,t2_b0,24,19,0.27702993545464305,-0.021479465067386627,0.04455392807722092,0.04455392807722092,0.03333333333333333,1.0,541,541
542,t2_b0,35,27,-0.6082950631660311,-0.023121677339076996,0.17121396958827972,0.17121396958827972,0.03333333333333333,1.0,541,541
543,t2_b0,8,2,-0.07711682788692703,0.005667373538017273,0.0034266116563230753,0.0034266116563230753,0.9125,1.0,542,542
543,t2_b0,17,1,0.098219446521094,9.234994649887085e-05,0.004814463667571545,0.004814463667571545,0.9111111111111111,1.0,542,542
544,t2_b0,20,1,-0.16510870200229305,7.604807615280151e-05,0.013642998412251472,0.013642998412251472,0.9142857142857143,1.0,543,543
544,t2_b0,28,17,-0.013427590106371913,-0.021701455116271973,3.422842200961895e-05,3.422842200961895e-05,0.014285714285714287,1.0,543,543
545,t2_b0,10,1,-0.022865492762536625,0.0012913346290588379,0.00029177614487707615,0.00029177614487707615,0.9142857142857143,1.0,544,544
546,t2_b0,21,1,0.06716624198689636,6.540119647979736e-05,0.0022512611467391253,0.0022512611467391253,0.9166666666666667,1.0,545,545
547,t2_b0,30,23,0.030140933747883028,-0.016944341361522675,0.0011085117002949119,0.0011085117002949119,1.0,1.0,546,546
547,t2_b0,32,1,-0.05986330645153959,0.002036735415458679,0.0019158076029270887,0.0019158076029270887,0.91,1.0,546,546
547,t2_b0,12,2,-0.16639397509340373,0.007347814738750458,0.015093103982508183,0.015093103982508183,0.9142857142857143,1.0,546,546
550,t2_b0,26,34,-0.8870313046204493,-0.030918098986148834,0.36646491289138794,0.36646491289138794,0.1,1.0,549,549
551,t2_b0,34,26,-0.7629673402523319,-0.029929526150226593,0.26867222785949707,0.26867222785949707,0.05,1.0,550,550
551,t2_b0,25,12,0.2217366773880339,-0.025568529963493347,0.030579933896660805,0.030579933896660805,0.016666666666666666,1.0,550,550
551,t2_b0,39,5,0.20454923471675465,-0.028171338140964508,0.02707943506538868,0.02707943506538868,0.016666666666666666,1.0,550,550
551,t2_b0,16,23,-0.0765850273913283,-0.020469196140766144,0.0015744931297376752,0.0015744931297376752,1.0,1.0,550,550
551,t2_b0,3,6,-0.0024994662779522546,-0.08370388299226761,0.003297078423202038,0.003297078423202038,0.1,1.0,550,550
552,t2_b0,7,2,-0.3342255793122395,0.004579171538352966,0.05739431828260422,0.05739431828260422,0.9125,1.0,551,551
553,t2_b0,0,17,-0.07734697553922487,-0.03905768692493439,0.0007330347434617579,0.0007330347434617579,0.0125,1.0,552,552
553,t2_b0,29,36,0.4796347987164638,-0.020026318728923798,0.12483061850070953,0.12483061850070953,0.925,1.0,552,552
553,t2_b0,18,2,-0.03499196555338793,0.003533683717250824,0.0007421128102578223,0.0007421128102578223,0.9111111111111111,1.0,552,552
553,t2_b0,23,16,0.09943282419856703,-0.024680286645889282,0.007702032569795847,0.007702032569795847,1.0,1.0,551,552
554,t2_b0,38,35,0.9912903718905728,7.627159357070923e-05,0.49125269055366516,0.49125269055366516,0.9333333333333333,1.0,553,553
554,t2_b0,36,13,-0.002710777288130285,-0.02453453838825226,0.00023813825100660324,0.00023813825100660324,0.016666666666666666,1.0,553,553
555,t2_b0,31,12,-0.11149725773363958,-0.022468484938144684,0.003963061608374119,0.003963061608374119,0.9166666666666667,1.0,554,554
556,t2_b0,11,1,-0.3346638908462354,-0.0008366554975509644,0.05572031810879707,0.05572031810879707,0.009090909090909092,1.0,555,555
557,t2_b0,13,35,0.9396057457898179,-0.023410633206367493,0.4637002944946289,0.4637002944946289,0.9333333333333333,1.0,556,556
557,t2_b0,22,2,-0.43880761268345503,0.0029816925525665283,0.09758888930082321,0.09758888930082321,0.9111111111111111,1.0,556,556
558,t2_b0,16,27,0.9335528889071008,-0.030210159718990326,0.46441957354545593,0.46441957354545593,0.03333333333333333,1.0,557,557
558,t2_b0,33,15,0.18894243059044047,-0.024210475385189056,0.022717082872986794,0.022717082872986794,0.01,1.0,557,557
558,t2_b0,13,35,0.09114159178409839,-0.015891052782535553,0.0057279933243989944,0.0057279933243989944,0.03333333333333333,1.0,557,557
559,t2_b0,6,16,0.9863528243908452,0.036135174334049225,0.451456755399704,0.451456755399704,0.9500000000000001,1.0,558,558
559,t2_b0,14,21,0.050882197212756955,-0.026617690920829773,0.003003116464242339,0.003003116464242339,0.025,1.0,558,558
560,t2_b0,26,30,0.769356862130477,-0.10276452451944351,0.38029786944389343,0.38029786944389343,0.9500000000000001,1.0,556,556
560,t2_b0,27,24,-0.010821378894389262,-0.031491443514823914,0.0002136257680831477,0.0002136257680831477,0.025,1.0,559,559
560,t2_b0,15,2,-0.3511894850779924,0.0024760961532592773,0.06253967434167862,0.06253967434167862,0.9111111111111111,1.0,559,559
561,t2_b0,37,1,0.8255422984272428,-0.0009133517742156982,0.3415144383907318,0.3415144383907318,0.925,1.0,560,560
561,t2_b0,20,2,-0.2948936512851143,0.0005535632371902466,0.043644532561302185,0.043644532561302185,0.9142857142857143,1.0,560,560
561,t2_b0,12,16,0.9599449472454272,-0.021267689764499664,0.4813891649246216,0.4813891649246216,0.1,1.0,560,560
562,t2_b0,1,31,-0.15253684694013006,-0.04604553431272507,0.005670200567692518,0.005670200567692518,0.925,1.0,561,561
562,t2_b0,26,30,0.0,-0.037196554243564606,0.0006917918217368424,0.0006917918217368424,0.05,1.0,558,558
562,t2_b0,6,34,-0.00868711020014442,-0.02476724237203598,0.0001292853121412918,0.0001292853121412918,0.03333333333333333,1.0,561,561
563,t2_b0,2,15,-0.017961559004603025,-0.05935053154826164,0.0008565235766582191,0.0008565235766582191,0.0125,1.0,562,562
563,t2_b0,23,26,0.4295604289493478,0.009285785257816315,0.08831539005041122,0.08831539005041122,1.0,1.0,559,559
563,t2_b0,19,36,-0.07717938031188241,-0.02043372392654419,0.0016100347274914384,0.0016100347274914384,0.92,1.0,562,562
563,t2_b0,35,7,-0.6261431197062748,-0.028840050101280212,0.17838545143604279,0.17838545143604279,0.02,1.0,562,562
564,t2_b0,10,4,0.6328958739117372,-0.0706414133310318,0.24748235940933228,0.24748235940933228,1.0,1.0,563,563
564,t2_b0,8,5,0.9479215461871954,-0.02419441193342209,0.47250476479530334,0.47250476479530334,0.05,1.0,563,563
565,t2_b0,5,37,0.0,-0.02277456969022751,0.00025934050790965557,0.00025934050790965557,0.025,1.0,564,564
565,t2_b0,31,25,0.09283309960431285,-0.031131267547607422,0.007683582603931427,0.007683582603931427,0.0125,1.0,564,564
565,t2_b0,19,27,0.40537450120529844,-0.025621257722377777,0.09287867695093155,0.09287867695093155,0.025,1.0,564,564
566,t2_b0,21,14,0.07773202526443948,-0.03562615066766739,0.006425037980079651,0.006425037980079651,0.02,1.0,565,565
567,t2_b0,7,16,0.9740865330490204,0.01397017389535904,0.46091169118881226,0.46091169118881226,1.0,1.0,565,565
568,t2_b0,24,36,0.17106318489053243,-0.023830294609069824,0.018991734832525253,0.018991734832525253,0.02,1.0,567,567
569,t2_b0,10,30,-0.09766246616704917,-0.01915755122900009,0.003081510541960597,0.003081510541960597,0.05,1.0,568,568
569,t2_b0,23,26,0.0534462698582909,-0.038200605660676956,0.004199575167149305,0.004199575167149305,0.03333333333333333,1.0,567,567
570,t2_b0,37,31,0.2504035566519282,-0.030741043388843536,0.03952113911509514,0.03952113911509514,0.02,1.0,569,569
570,t2_b0,16,6,0.8542010676607044,-0.0374465212225914,0.39751771092414856,0.39751771092414856,1.0,1.0,568,568
571,t2_b0,0,25,-0.2609075559973731,-0.04292096197605133,0.023759078234434128,0.023759078234434128,0.016666666666666666,1.0,570,570
572,t2_b0,29,24,0.0,-0.02982020378112793,0.00044462227378971875,0.00044462227378971875,0.016666666666666666,1.0,571,571
572,t2_b0,9,8,0.9892734614207702,0.014246106147766113,0.47533920407295227,0.47533920407295227,1.0,1.0,571,571
573,t2_b0,27,30,-0.06258093089801303,-0.022966280579566956,0.0007846601656638086,0.0007846601656638086,0.016666666666666666,1.0,572,572
573,t2_b0,14,21,0.009767565103375052,-0.03415244072675705,0.0009644834790378809,0.0009644834790378809,0.1,1.0,572,572
573,t2_b0,38,2,-0.41409343886995675,1.3731420040130615e-05,0.08574237674474716,0.08574237674474716,0.9166666666666667,1.0,572,572
574,t2_b0,25,3,-0.15715315694731324,-0.009339645504951477,0.010924417525529861,0.010924417525529861,0.014285714285714287,1.0,573,573
574,t2_b0,17,15,0.2552043263274897,-0.031005986034870148,0.04095816612243652,0.04095816612243652,1.0,1.0,573,573
574,t2_b0,32,9,0.9408868031925142,0.029811851680278778,0.41502878069877625,0.41502878069877625,1.0,1.0,573,573
574,t2_b0,4,34,0.7113944610276971,-0.00960589200258255,0.25992077589035034,0.25992077589035034,0.05,1.0,573,573
575,t2_b0,11,23,0.8533076578371936,-0.02830437570810318,0.38861989974975586,0.38861989974975586,1.0,1.0,574,574
575,t2_b0,9,32,0.30468248572038326,-0.04062201827764511,0.059617605060338974,0.059617605060338974,0.02,1.0,574,574
575,t2_b0,0,18,0.20811239925132854,-0.05485684424638748,0.034576416015625,0.034576416015625,0.0125,1.0,574,574
575,t2_b0,16,22,0.07215327244728498,-0.03802688419818878,0.006069833412766457,0.006069833412766457,0.016666666666666666,1.0,574,574
575,t2_b0,31,6,0.934782461413424,-0.023506656289100647,0.4591589868068695,0.4591589868068695,1.0,1.0,574,574
576,t2_b0,39,16,0.048415098783660085,-0.027427762746810913,0.0028760693967342377,0.0028760693967342377,0.016666666666666666,1.0,575,575
576,t2_b0,36,24,-0.11779781925923308,-0.014321781694889069,0.005353645421564579,0.005353645421564579,0.016666666666666666,1.0,575,575
577,t2_b0,33,39,0.7451961993170378,-0.011441275477409363,0.28625017404556274,0.28625017404556274,0.9142857142857143,1.0,576,576
577,t2_b0,31,6,0.28986583197050103,-0.004763476550579071,0.04340321570634842,0.04340321570634842,0.05,1.0,576,576
577,t2_b0,7,4,0.389993463755207,-0.011917643249034882,0.08076626807451248,0.08076626807451248,0.025,1.0,576,576
577,t2_b0,20,14,-0.26248813012082545,-0.04345925524830818,0.023986823856830597,0.023986823856830597,0.014285714285714287,1.0,576,576
578,t2_b0,13,38,0.2522342237784596,-0.02941487729549408,0.03966310992836952,0.03966310992836952,0.05,1.0,577,577
578,t2_b0,15,39,0.9743395001633949,0.009363934397697449,0.46558889746665955,0.46558889746665955,0.9166666666666667,1.0,577,577
578,t2_b0,12,31,-0.19040453410304928,0.02639906108379364,0.02350189909338951,0.02350189909338951,0.9333333333333333,1.0,577,577
579,t2_b0,18,35,-1.0,-0.04262114688754082,0.45828714966773987,0.45828714966773987,0.011111111111111112,1.0,578,578
579,t2_b0,30,38,0.606962797972714,-0.02051694691181183,0.19686540961265564,0.19686540961265564,0.02,1.0,578,578
580,t2_b0,4,7,-0.03369770162816384,-0.012654148042201996,0.00022141558292787522,0.00022141558292787522,0.025,1.0,579,579
580,t2_b0,11,23,0.14191224873231986,-0.009605564177036285,0.01147882267832756,0.01147882267832756,0.05,1.0,579,579
580,t2_b0,33,3,0.18096438750980395,-0.008078701794147491,0.017868641763925552,0.017868641763925552,0.011111111111111112,1.0,579,579
581,t2_b0,35,14,-0.15213084737240798,-0.04386528581380844,0.005860715173184872,0.005860715173184872,0.02,1.0,580,580
581,t2_b0,28,34,0.33435244888606863,-0.007072098553180695,0.058285363018512726,0.058285363018512726,0.9333333333333333,1.0,580,580
582,t2_b0,22,7,0.36393470137761447,0.011536754667758942,0.06209215521812439,0.06209215521812439,1.0,1.0,581,581
582,t2_b0,15,26,0.0007202523639966104,-0.011698797345161438,7.711639773333445e-05,7.711639773333445e-05,0.014285714285714287,1.0,581,581
583,t2_b0,13,15,0.9748840080599845,0.025176241993904114,0.45097246766090393,0.45097246766090393,0.9500000000000001,1.0,582,582
584,t2_b0,19,34,0.22321569638889976,-0.013756588101387024,0.028077932074666023,0.028077932074666023,0.025,1.0,583,583
585,t2_b0,6,30,0.9693977107589894,-0.01248738169670105,0.4820491373538971,0.4820491373538971,0.05,1.0,584,584
585,t2_b0,1,20,0.275095183110899,-0.0709940493106842,0.05988888069987297,0.05988888069987297,0.02,1.0,584,584
586,t2_b0,21,29,-0.1815114303459899,-0.012319602072238922,0.014312938787043095,0.014312938787043095,0.025,1.0,585,585
586,t2_b0,26,7,0.0875820354199803,-0.013251572847366333,0.005083708558231592,0.005083708558231592,0.014285714285714287,1.0,585,585
586,t2_b0,3,18,0.018974037465787786,-0.07576113194227219,0.004487376194447279,0.004487376194447279,0.0125,1.0,585,585
587,t2_b0,1,20,0.08005296977109813,-0.07203789800405502,0.011565817520022392,0.011565817520022392,0.025,1.0,586,586
587,t2_b0,37,25,-0.04308689518054957,-0.03548868000507355,2.886642687371932e-05,2.886642687371932e-05,0.0125,1.0,586,586
587,t2_b0,8,3,-0.015615678405628754,-0.005914665758609772,4.705482206190936e-05,4.705482206190936e-05,0.014285714285714287,1.0,586,586
587,t2_b0,34,22,-0.06742241150533312,-0.012855544686317444,0.0014887715224176645,0.0014887715224176645,0.02,1.0,586,586
589,t2_b0,12,21,0.9708000788481017,-0.010226473212242126,0.48120659589767456,0.48120659589767456,0.025,1.0,588,588
589,t2_b0,5,39,-0.0022382958071145292,-0.018522106111049652,0.00013258123362902552,0.00013258123362902552,0.9111111111111111,1.0,588,588
589,t2_b0,14,38,-0.22342395365972326,-0.04623398557305336,0.01569814421236515,0.01569814421236515,0.03333333333333333,1.0,588,588
590,t2_b0,34,27,-0.011400148098881782,-0.014970608055591583,6.374091753968969e-06,6.374091753968969e-06,0.03333333333333333,1.0,589,589
590,t2_b0,5,37,0.040052281840277815,-0.016095124185085297,0.001576265669427812,0.001576265669427812,0.01,1.0,589,589
592,t2_b0,30,21,-0.18790038181319557,-0.010652020573616028,0.01570849120616913,0.01570849120616913,0.9500000000000001,1.0,591,591
592,t2_b0,39,23,0.0,-0.00917835533618927,4.2121104343095794e-05,4.2121104343095794e-05,0.03333333333333333,1.0,591,591
593,t2_b0,17,16,0.6442851039563824,-0.03876201808452606,0.23327668011188507,0.23327668011188507,0.025,1.0,592,592
593,t2_b0,24,27,0.20029585677286815,-0.014882080256938934,0.023150769993662834,0.023150769993662834,0.016666666666666666,1.0,592,592
593,t2_b0,23,39,0.23553532231714164,0.0004938393831253052,0.027622248977422714,0.027622248977422714,0.9125,1.0,592,592
593,t2_b0,29,36,-0.10136434889855685,-0.012755341827869415,0.003925778437405825,0.003925778437405825,0.92,1.0,592,592
594,t2_b0,10,36,-0.530628176601088,0.002778857946395874,0.1422615647315979,0.1422615647315979,0.925,1.0,593,593
594,t2_b0,32,6,0.1441372880516388,-0.010989591479301453,0.012032175436615944,0.012032175436615944,0.05,1.0,593,593
594,t2_b0,34,5,0.9058650109125096,-0.007058873772621155,0.41671499609947205,0.41671499609947205,0.02,1.0,593,593
594,t2_b0,25,1,0.06282443048989048,-0.01799953728914261,0.003266256768256426,0.003266256768256426,1.0,1.0,593,593
596,t2_b0,3,20,-0.04027687227277044,-0.07635483145713806,0.0006508094957098365,0.0006508094957098365,0.025,1.0,595,595
596,t2_b0,2,38,-0.00547074992167855,-0.0702618956565857,0.0020989461336284876,0.0020989461336284876,1.0,1.0,574,574
597,t2_b0,7,9,-0.013204639681229572,-0.0028166919946670532,5.395472908276133e-05,5.395472908276133e-05,0.014285714285714287,1.0,596,596
597,t2_b0,5,25,0.0,-0.12583570182323456,0.0079173119738698,0.0079173119738698,0.1,1.0,1,1
598,t2_b0,38,2,0.9563778159708185,0.0011709481477737427,0.45621007680892944,0.45621007680892944,0.9166666666666667,1.0,597,597
598,t2_b0,15,10,0.933513123957892,5.4389238357543945e-06,0.435718297958374,0.435718297958374,0.9333333333333333,1.0,597,597
598,t2_b0,18,39,0.010573372288985783,-0.03654813766479492,0.0011102183489128947,0.0011102183489128947,1.0,1.0,596,596
598,t2_b0,9,23,0.04100320783367697,0.004299677908420563,0.0006735745701007545,0.0006735745701007545,0.9125,1.0,597,597
598,t2_b0,27,22,-0.29359825756442604,-0.007607519626617432,0.04089535400271416,0.04089535400271416,0.025,1.0,597,597
599,t2_b0,33,35,-0.9762317518445655,-0.04024320840835571,0.43803727626800537,0.43803727626800537,0.02,1.0,598,598
599,t2_b0,24,22,0.06515536086004124,-0.005237221717834473,0.00247755809687078,0.00247755809687078,0.02,1.0,598,598
599,t2_b0,11,23,0.24099571205540382,0.014039404690265656,0.02575458213686943,0.02575458213686943,0.9142857142857143,1.0,598,598
599,t2_b0,2,12,0.0,-0.0651259645819664,0.0021206955425441265,0.0021206955425441265,0.02,1.0,598,598
599,t2_b0,30,36,0.8946662627846634,0.002872474491596222,0.39764806628227234,0.39764806628227234,0.925,1.0,598,598
599,t2_b0,25,5,0.1798411420341792,-0.05916005000472069,0.028560787439346313,0.028560787439346313,0.1,1.0,3,3
600,t2_b0,29,36,0.005042159869545079,0.009996376931667328,1.2272133062651847e-05,1.2272133062651847e-05,0.925,1.0,599,599
600,t2_b0,28,27,0.7076049186725815,0.02225498855113983,0.23485226929187775,0.23485226929187775,0.9333333333333333,1.0,599,599
600,t2_b0,31,23,-0.2412873424950986,0.02101586014032364,0.034401483833789825,0.034401483833789825,0.9166666666666667,1.0,599,599
600,t2_b0,20,33,0.010767159162676263,-0.04094713553786278,0.0013371841050684452,0.0013371841050684452,0.02,1.0,599,599
600,t2_b0,15,38,-0.023164512221059832,-0.039814114570617676,0.00013860462058801204,0.00013860462058801204,0.03333333333333333,1.0,599,599
601,t2_b0,36,27,-0.025306658952121742,0.01455438882112503,0.0007944515091367066,0.0007944515091367066,0.9166666666666667,1.0,600,600
601,t2_b0,22,30,-0.0026941944029715012,0.0087643563747406,6.564919021911919e-05,6.564919021911919e-05,0.02,1.0,600,600
601,t2_b0,6,3,-0.12564034595902768,0.002277754247188568,0.00818151980638504,0.00818151980638504,0.925,1.0,600,600
601,t2_b0,26,23,0.18978149098090655,0.02376352995634079,0.013780979439616203,0.013780979439616203,0.9142857142857143,1.0,600,600
602,t2_b0,13,23,-0.05352988268758477,0.03714270144701004,0.004110758658498526,0.004110758658498526,0.925,1.0,601,601
602,t2_b0,8,28,0.9430534274050344,0.012284599244594574,0.4331653118133545,0.4331653118133545,1.0,1.0,601,601
603,t2_b0,4,26,0.0,0.03214205056428909,0.0005165556794963777,0.0005165556794963777,0.925,1.0,602,602
603,t2_b0,8,28,0.07330256022922772,0.04231065511703491,0.0004802490584552288,0.0004802490584552288,1.0,1.0,602,602
603,t2_b0,39,1,0.8202660213565927,-0.0151992067694664,0.34900104999542236,0.34900104999542236,0.9500000000000001,1.0,602,602
604,t2_b0,9,23,0.9077504759401203,0.04268692433834076,0.37416747212409973,0.37416747212409973,0.925,1.0,603,603
604,t2_b0,28,36,-0.010323844294312566,0.01764240860939026,0.0003910556552000344,0.0003910556552000344,0.92,1.0,603,603
605,t2_b0,10,3,-0.18890953534917562,0.002059444785118103,0.018234575167298317,0.018234575167298317,0.925,1.0,604,604
605,t2_b0,30,2,0.31686678179547595,0.008513316512107849,0.04754093661904335,0.04754093661904335,0.9166666666666667,1.0,604,604
606,t2_b0,21,3,-0.049615923934087466,0.0043055713176727295,0.0014537638053297997,0.0014537638053297997,0.92,1.0,605,605
607,t2_b0,12,2,-0.6677673076609896,0.011024408042430878,0.23037908971309662,0.23037908971309662,0.9166666666666667,1.0,606,606
607,t2_b0,32,3,0.085549111985149,0.0020900145173072815,0.0034827101044356823,0.0034827101044356823,0.92,1.0,606,606
608,t2_b0,37,27,0.9144567130910034,0.020205192267894745,0.39984288811683655,0.39984288811683655,0.9500000000000001,1.0,607,607
608,t2_b0,23,34,-0.02296677605056128,0.039173856377601624,0.001930729136802256,0.001930729136802256,0.925,1.0,607,607
609,t2_b0,34,9,0.01334960635821413,0.05453791469335556,0.0008482382982037961,0.0008482382982037961,0.025,1.0,608,608
609,t2_b0,39,1,-0.005866065090183295,-0.01604151725769043,5.176990816835314e-05,5.176990816835314e-05,0.03333333333333333,1.0,608,608
610,t2_b0,1,19,-0.06254948519053488,-0.06239379197359085,1.212043265752527e-08,1.212043265752527e-08,0.02,1.0,609,609
610,t2_b0,16,35,-0.28184857293868376,-0.03929774463176727,0.029415452852845192,0.029415452852845192,0.92,1.0,609,609
611,t2_b0,35,14,-0.2426972199386006,-0.03725861385464668,0.021102512255311012,0.021102512255311012,0.02,1.0,610,610
611,t2_b0,17,39,0.04146050447403383,-0.039372771978378296,0.003267008811235428,0.003267008811235428,0.025,1.0,610,610
611,t2_b0,36,29,-0.00042838157217160375,-0.0005721971392631531,1.0341457468143744e-08,1.0341457468143744e-08,1.0,1.0,610,610
612,t2_b0,7,4,0.028288215977900533,0.045665472745895386,0.00015098453150130808,0.00015098453150130808,0.9333333333333333,1.0,611,611
612,t2_b0,19,0,0.8343718747707893,-0.02214963734149933,0.366814523935318,0.366814523935318,0.014285714285714287,1.0,611,611
612,t2_b0,18,1,0.5708887224645863,-0.013376966118812561,0.17068317532539368,0.17068317532539368,0.9333333333333333,1.0,611,611
613,t2_b0,0,35,-0.061702356153432746,-0.05625385046005249,1.4843104509054683e-05,1.4843104509054683e-05,0.016666666666666666,1.0,612,612
613,t2_b0,18,1,-0.11412521065744385,-0.01590096950531006,0.004824000410735607,0.004824000410735607,0.03333333333333333,1.0,612,612
613,t2_b0,38,2,0.06606405415054764,0.02338714897632599,0.0009106590296141803,0.0009106590296141803,0.9142857142857143,1.0,612,612
613,t2_b0,14,19,-0.01497856863092343,-0.04413409158587456,0.0004250222409609705,0.0004250222409609705,0.016666666666666666,1.0,612,612
614,t2_b0,9,13,0.09983363874168602,0.05988097935914993,0.0007981074741110206,0.0007981074741110206,0.9333333333333333,1.0,613,613
615,t2_b0,16,33,0.09366141293611085,-0.04673523083329201,0.009855608455836773,0.009855608455836773,0.016666666666666666,1.0,614,614
615,t2_b0,29,11,-0.1211453652043984,-0.007923290133476257,0.006409619469195604,0.006409619469195604,0.03333333333333333,1.0,614,614
616,t2_b0,31,7,-0.7677261697980974,0.06704173982143402,0.3484187424182892,0.3484187424182892,0.925,1.0,615,615
616,t2_b0,11,2,-0.1464362859576655,0.026538170874118805,0.014960083179175854,0.014960083179175854,0.925,1.0,615,615
617,t2_b0,22,2,-0.24831845911858613,0.028550423681735992,0.03832818940281868,0.03832818940281868,0.925,1.0,616,616
618,t2_b0,13,31,-0.015578269057389016,0.0655592828989029,0.003291651140898466,0.003291651140898466,0.03333333333333333,1.0,617,617
618,t2_b0,27,9,0.8055603920511237,0.07170911133289337,0.26926887035369873,0.26926887035369873,0.9500000000000001,1.0,617,617
619,t2_b0,33,19,0.0,-0.04385056719183922,0.0009614361333660781,0.0009614361333660781,0.02,1.0,618,618
620,t2_b0,2,26,0.0,-0.032669082283973694,0.0005336344474926591,0.0005336344474926591,0.03333333333333333,1.0,619,619
620,t2_b0,4,0,0.0,0.01538725197315216,0.000118383759399876,0.000118383759399876,0.9333333333333333,1.0,619,619
620,t2_b0,15,5,0.0,-0.028149403631687164,0.00039619446033611894,0.00039619446033611894,0.03333333333333333,1.0,619,619
621,t2_b0,6,3,-0.1869480985637338,0.004016414284706116,0.01823372393846512,0.01823372393846512,0.925,1.0,620,620
621,t2_b0,26,2,0.005980093065779077,0.021148905158042908,0.00011504643043735996,0.00011504643043735996,0.9333333333333333,1.0,620,620
621,t2_b0,38,0,0.9363606621097568,0.01818057894706726,0.42152735590934753,0.42152735590934753,0.9500000000000001,1.0,620,620
622,t2_b0,30,27,0.9403279920574192,0.02429284155368805,0.4195602238178253,0.4195602238178253,1.0,1.0,621,621
622,t2_b0,25,5,0.0,-0.010715313255786896,5.740896813222207e-05,5.740896813222207e-05,0.03333333333333333,1.0,621,621
622,t2_b0,37,0,-0.2644322819215124,0.018939189612865448,0.04014969617128372,0.04014969617128372,0.9333333333333333,1.0,621,621
623,t2_b0,5,12,0.4527051448908861,0.0015171468257904053,0.10178530216217041,0.10178530216217041,0.9333333333333333,1.0,622,622
624,t2_b0,0,2,-0.11807824563831966,0.015953831374645233,0.008982297964394093,0.008982297964394093,0.925,1.0,623,623
624,t2_b0,20,14,-0.37642517326772773,-0.04314829781651497,0.05553673580288887,0.05553673580288887,0.016666666666666666,1.0,623,623
625,t2_b0,19,16,0.10022769478509454,-0.049346644431352615,0.011186241172254086,0.011186241172254086,0.02,1.0,624,624
625,t2_b0,10,3,-0.2098002768647905,0.005871981382369995,0.023257261142134666,0.023257261142134666,0.925,1.0,624,624
625,t2_b0,30,9,-0.44611573094672996,0.0067550018429756165,0.10254594683647156,0.10254594683647156,0.9333333333333333,1.0,624,624
626,t2_b0,21,3,-0.13547548831300885,0.004255473613739014,0.009762370958924294,0.009762370958924294,0.925,1.0,625,625
626,t2_b0,8,28,0.021159647484682926,-0.007232703268527985,0.00040306278970092535,0.00040306278970092535,0.1,1.0,625,625
627,t2_b0,28,22,0.0622368097180628,0.005513861775398254,0.0016087463591247797,0.0016087463591247797,0.9500000000000001,1.0,626,626
627,t2_b0,17,29,0.0,-0.05044987052679062,0.001272594672627747,0.001272594672627747,0.025,1.0,626,626
627,t2_b0,3,32,-0.18435008893575958,-0.05966790020465851,0.007772823795676231,0.007772823795676231,0.925,1.0,626,626
628,t2_b0,32,3,-0.02111289758386415,0.0011387541890144348,0.0002475680084899068,0.0002475680084899068,0.925,1.0,627,627
629,t2_b0,34,13,-0.15631636574814314,0.002691112458705902,0.01264169067144394,0.01264169067144394,0.92,1.0,628,628
631,t2_b0,25,12,0.370979332870731,-0.006840348243713379,0.07137385755777359,0.07137385755777359,0.03333333333333333,1.0,630,630
631,t2_b0,1,35,-0.06034343505722367,-0.06383173167705536,6.084100277803373e-06,6.084100277803373e-06,0.02,1.0,630,630
632,t2_b0,5,15,0.3537145493309805,0.0008830800652503967,0.06224502623081207,0.06224502623081207,0.03333333333333333,1.0,631,631
632,t2_b0,27,9,-0.03126104286922325,0.006199344992637634,0.0007016402669250965,0.0007016402669250965,0.925,1.0,631,631
633,t2_b0,29,39,0.666261177849197,-0.03994389995932579,0.2493627965450287,0.2493627965450287,0.9333333333333333,1.0,632,632
633,t2_b0,3,32,-0.02226292266873091,-0.055818088352680206,0.0005629745428450406,0.0005629745428450406,0.025,1.0,632,632
633,t2_b0,14,16,-0.268355641642332,-0.04358571022748947,0.02526075765490532,0.02526075765490532,0.02,1.0,632,632
634,t2_b0,7,4,-0.025068205908191168,0.0018014311790466309,0.00036098872078582644,0.00036098872078582644,0.92,1.0,633,633
634,t2_b0,9,34,-0.06755735413151792,0.005942612886428833,0.0027011227793991566,0.0027011227793991566,0.02,1.0,633,633
635,t2_b0,0,2,-0.11629928617227801,0.011725053191184998,0.008195116184651852,0.008195116184651852,0.9500000000000001,1.0,634,634
636,t2_b0,11,2,-0.031315707689199355,0.017632566392421722,0.0011979667469859123,0.0011979667469859123,0.92,1.0,635,635
636,t2_b0,31,13,0.05859082152523545,0.01068522036075592,0.0011474733473733068,0.0011474733473733068,1.0,1.0,635,635
636,t2_b0,39,18,0.0,-0.04435040429234505,0.0009834791999310255,0.0009834791999310255,0.014285714285714287,1.0,635,635
637,t2_b0,20,17,0.0010065208729209993,-0.03831397742033005,0.0007730508223176003,0.0007730508223176003,0.02,1.0,636,636
638,t2_b0,23,3,0.9618402998912231,0.01288796216249466,0.45025524497032166,0.45025524497032166,0.92,1.0,637,637
638,t2_b0,22,8,-0.021457180613401804,-0.013383373618125916,3.259317600168288e-05,3.259317600168288e-05,0.025,1.0,637,637
638,t2_b0,13,34,-0.02050298477902811,0.005715668201446533,0.0003437088744249195,0.0003437088744249195,0.05,1.0,637,637
639,t2_b0,35,18,-0.1798283005232292,-0.04155563935637474,0.009559663943946362,0.009559663943946362,0.925,1.0,638,638
639,t2_b0,24,3,0.9790978503430928,0.014921225607395172,0.46481823921203613,0.46481823921203613,0.92,1.0,638,638
640,t2_b0,18,29,0.04931007230594591,-0.03963813930749893,0.003955892287194729,0.003955892287194729,0.025,1.0,639,639
641,t2_b0,16,3,0.0645655237791018,0.010406360030174255,0.0014666075585409999,0.0014666075585409999,0.92,1.0,640,640
641,t2_b0,36,27,0.9852060976612776,0.016028255224227905,0.46965283155441284,0.46965283155441284,0.9500000000000001,1.0,640,640
641,t2_b0,26,0,-0.0048638190453282,0.006638094782829285,6.614701123908162e-05,6.614701123908162e-05,0.92,1.0,640,640
642,t2_b0,37,2,-0.3168336105032005,0.019847795367240906,0.0566771924495697,0.0566771924495697,0.9166666666666667,1.0,641,641
642,t2_b0,33,25,0.002368376831504729,-0.016642801463603973,0.00018071246449835598,0.00018071246449835598,0.025,1.0,641,641
643,t2_b0,12,32,0.10357413509282715,-0.01630454510450363,0.00718544889241457,0.00718544889241457,0.9500000000000001,1.0,642,642
643,t2_b0,20,0,0.9624288560484118,0.014189757406711578,0.4495786726474762,0.4495786726474762,0.92,1.0,642,642
643,t2_b0,6,1,-0.10604232513182743,-0.009587973356246948,0.004651721101254225,0.004651721101254225,0.9142857142857143,1.0,642,642
643,t2_b0,8,2,-0.4815219571547624,0.022241808474063873,0.12688897550106049,0.12688897550106049,0.925,1.0,642,642
644,t2_b0,35,32,0.9242604896068806,-0.01179584115743637,0.4381007254123688,0.4381007254123688,0.1,1.0,643,643
644,t2_b0,7,36,0.9891282118423576,0.020779721438884735,0.46884942054748535,0.46884942054748535,1.0,1.0,643,643
645,t2_b0,30,2,-0.9558503304804645,0.020515769720077515,0.4766453206539154,0.4766453206539154,0.92,1.0,644,644
646,t2_b0,21,0,-0.1686002832903621,0.011248685419559479,0.016172826290130615,0.016172826290130615,0.9333333333333333,1.0,645,645
647,t2_b0,10,39,-0.22165376602072256,-0.03509649261832237,0.017401807010173798,0.017401807010173798,0.025,1.0,646,646
647,t2_b0,6,20,0.9903966965990408,-0.005700781941413879,0.4961050748825073,0.4961050748825073,0.025,1.0,646,646
647,t2_b0,28,7,0.9843124650016151,0.022005394101142883,0.46301746368408203,0.46301746368408203,1.0,1.0,646,646
648,t2_b0,12,17,0.9283341946658525,-0.030850224196910858,0.4600173532962799,0.4600173532962799,0.025,1.0,647,647
649,t2_b0,2,37,-0.01956106915133575,-0.04229353740811348,0.0002583825553301722,0.0002583825553301722,0.025,1.0,648,648
650,t2_b0,19,25,-0.2999385721273258,-0.018320105969905853,0.03965447470545769,0.03965447470545769,0.016666666666666666,1.0,649,649
650,t2_b0,14,2,-0.35738111067972544,0.013478152453899384,0.06876830011606216,0.06876830011606216,0.92,1.0,649,649
650,t2_b0,17,12,0.0,-0.0343497134745121,0.0005899514071643353,0.0005899514071643353,0.02,1.0,649,649
652,t2_b0,39,17,0.011823811403086018,-0.029919102787971497,0.0008712353883311152,0.0008712353883311152,0.014285714285714287,1.0,651,651
652,t2_b0,5,23,0.06623060213513231,-0.01641262322664261,0.0034149514976888895,0.0034149514976888895,1.0,1.0,651,651
652,t2_b0,7,2,-0.9568339608819414,0.0032181665301322937,0.4608500599861145,0.4608500599861145,0.9166666666666667,1.0,651,651
652,t2_b0,38,13,-0.014627862796052285,-0.034494370222091675,0.00019733906083274633,0.00019733906083274633,0.011111111111111112,1.0,651,651
653,t2_b0,23,35,0.0968134886528683,-0.01155339926481247,0.005871690809726715,0.005871690809726715,0.03333333333333333,1.0,652,652
653,t2_b0,29,38,-0.2482830083218968,-0.02530995011329651,0.024858493357896805,0.024858493357896805,0.9142857142857143,1.0,652,652
653,t2_b0,16,33,0.2113681467465135,-0.01360834389925003,0.02530720829963684,0.02530720829963684,1.0,1.0,652,652
654,t2_b0,9,20,0.03924814097263792,-0.012796960771083832,0.0013543464010581374,0.0013543464010581374,0.9500000000000001,1.0,653,653
654,t2_b0,29,15,-0.1729704237609583,-0.0212484672665596,0.01150977611541748,0.01150977611541748,0.014285714285714287,1.0,653,653
654,t2_b0,25,23,0.04617017936214748,0.0007340162992477417,0.001032222411595285,0.001032222411595285,0.03333333333333333,1.0,653,653
655,t2_b0,27,21,-0.5035154474231828,0.0011734738945960999,0.1273554563522339,0.1273554563522339,0.925,1.0,654,654
656,t2_b0,22,35,0.9888941829138042,0.0034478381276130676,0.48555225133895874,0.48555225133895874,0.9500000000000001,1.0,655,655
657,t2_b0,22,17,0.626414852255758,0.0062143877148628235,0.19232429563999176,0.19232429563999176,0.925,1.0,656,656
657,t2_b0,4,31,0.557067287469554,-0.018220484256744385,0.16547800600528717,0.16547800600528717,0.016666666666666666,1.0,656,656
657,t2_b0,11,35,0.9943940577319517,0.042392633855342865,0.4531533718109131,0.4531533718109131,0.9500000000000001,1.0,656,656
657,t2_b0,18,32,0.0,-0.020438991487026215,0.00020887618302367628,0.00020887618302367628,1.0,1.0,656,656
658,t2_b0,10,6,0.9751695005432877,0.0004710555076599121,0.4750185012817383,0.4750185012817383,0.9500000000000001,1.0,657,657
658,t2_b0,26,29,0.7992962463535344,-0.017862796783447266,0.3338744640350342,0.3338744640350342,0.1,1.0,657,657
658,t2_b0,32,4,0.832553423717782,-0.0062379390001297,0.35178548097610474,0.35178548097610474,0.025,1.0,657,657
659,t2_b0,15,38,-0.06955582362288015,-0.01745898276567459,0.0013570406008511782,0.0013570406008511782,0.9166666666666667,1.0,658,658
659,t2_b0,20,21,-0.3959665884192618,0.003975175321102142,0.07997670769691467,0.07997670769691467,0.9333333333333333,1.0,658,658
659,t2_b0,24,35,-0.049148938950128514,0.007885359227657318,0.0016264555742964149,0.0016264555742964149,0.014285714285714287,1.0,658,658
659,t2_b0,5,32,0.9730780420163413,0.026181653141975403,0.4483063817024231,0.4483063817024231,0.9500000000000001,1.0,658,658
660,t2_b0,1,7,0.005333155383955399,-0.046287570148706436,0.0013323496095836163,0.0013323496095836163,0.0125,1.0,659,659
660,t2_b0,38,12,-0.2014058074307781,-0.01920601725578308,0.016598381102085114,0.016598381102085114,0.02,1.0,659,659
660,t2_b0,36,21,-0.0961040995334886,-1.0922551155090332e-05,0.004616949241608381,0.004616949241608381,0.025,1.0,659,659
660,t2_b0,35,17,0.08655538910878385,0.01138211041688919,0.0028255111537873745,0.0028255111537873745,0.9142857142857143,1.0,659,659
661,t2_b0,6,20,0.0224760844737508,0.013485945761203766,4.0411297959508374e-05,4.0411297959508374e-05,0.9500000000000001,1.0,660,660
661,t2_b0,34,1,-0.6854361333670956,0.0011100172996520996,0.23567280173301697,0.23567280173301697,0.9125,1.0,660,660
661,t2_b0,26,27,0.29873486159037904,0.00869191437959671,0.042062461376190186,0.042062461376190186,1.0,1.0,660,660
661,t2_b0,19,21,0.9663997541982925,0.00700465589761734,0.46021944284439087,0.46021944284439087,0.9500000000000001,1.0,660,660
661,t2_b0,4,29,0.3211670672434424,6.923824548721313e-05,0.05155191570520401,0.05155191570520401,1.0,1.0,660,660
662,t2_b0,17,11,0.06436467825538914,0.023493647575378418,0.0008352206205017865,0.0008352206205017865,0.9333333333333333,1.0,661,661
662,t2_b0,9,19,0.472112766460496,0.07309900969266891,0.07960598915815353,0.07960598915815353,1.0,1.0,661,661
662,t2_b0,13,1,0.0,0.0014920607209205627,1.1131226074212464e-06,1.1131226074212464e-06,0.9142857142857143,1.0,661,661
662,t2_b0,2,8,-0.11614214545930164,-0.0557437427341938,0.001823983620852232,0.001823983620852232,1.0,1.0,661,661
663,t2_b0,16,21,0.7553436979417901,0.012224003672599792,0.2761134207248688,0.2761134207248688,0.9333333333333333,1.0,662,662
664,t2_b0,8,14,-0.6182570526921759,-0.02623530477285385,0.17524488270282745,0.17524488270282745,0.9333333333333333,1.0,663,663
664,t2_b0,39,21,-0.014299649622105249,0.013103984296321869,0.00037547957617789507,0.00037547957617789507,0.9166666666666667,1.0,663,663
664,t2_b0,19,6,-0.37103779993326547,0.015396125614643097,0.07466559112071991,0.07466559112071991,0.9166666666666667,1.0,663,663
665,t2_b0,28,1,-0.557529333051589,5.99101185798645e-05,0.1554528772830963,0.1554528772830963,0.9166666666666667,1.0,664,664
665,t2_b0,10,0,-1.0,0.013914965093135834,0.513914942741394,0.513914942741394,0.9333333333333333,1.0,664,664
665,t2_b0,30,39,-0.016259048901133506,0.023900732398033142,0.0008064039866439998,0.0008064039866439998,0.9142857142857143,1.0,664,664
666,t2_b0,21,39,-0.5264985033447961,0.020260736346244812,0.14947283267974854,0.14947283267974854,0.9166666666666667,1.0,665,665
667,t2_b0,29,19,0.9513450453225627,0.020805157721042633,0.4329521954059601,0.4329521954059601,1.0,1.0,665,665
667,t2_b0,15,31,0.0,-0.02130219340324402,0.00022689171601086855,0.00022689171601086855,0.014285714285714287,1.0,666,666
668,t2_b0,23,21,0.01261134815699588,0.011400215327739716,7.334214160437114e-07,7.334214160437114e-07,0.9166666666666667,1.0,667,667
669,t2_b0,18,11,0.9718411299571575,0.026121973991394043,0.44719240069389343,0.44719240069389343,0.9333333333333333,1.0,668,668
669,t2_b0,8,26,0.8791801588186651,0.025752484798431396,0.3641693890094757,0.3641693890094757,1.0,1.0,668,668
669,t2_b0,17,21,0.9965030578775599,0.012926846742630005,0.4837110638618469,0.4837110638618469,1.0,1.0,668,668
669,t2_b0,14,1,-0.14531288123919667,0.0005584359169006348,0.010639219544827938,0.010639219544827938,0.92,1.0,668,668
670,t2_b0,25,21,0.039912950102856753,0.01706709712743759,0.0002609665098134428,0.0002609665098134428,0.9166666666666667,1.0,669,669
670,t2_b0,33,15,0.6598893931226105,-0.009611688554286957,0.22411583364009857,0.22411583364009857,0.025,1.0,669,669
670,t2_b0,37,28,-0.001711920555298049,-0.026463709771633148,0.0003063255571760237,0.0003063255571760237,0.016666666666666666,1.0,669,669
671,t2_b0,16,23,-0.10674324617167297,0.022921189665794373,0.008406433276832104,0.008406433276832104,0.9142857142857143,1.0,670,670
672,t2_b0,27,35,-0.005240665871811973,0.0236227884888649,0.00041654950473457575,0.00041654950473457575,0.014285714285714287,1.0,671,671
672,t2_b0,36,23,-0.0475598618658687,0.024235256016254425,0.002577269682660699,0.002577269682660699,0.9142857142857143,1.0,671,671
672,t2_b0,7,1,-0.2922792034160543,-0.0017762631177902222,0.042195986956357956,0.042195986956357956,0.014285714285714287,1.0,671,671
673,t2_b0,18,11,0.1149307226844521,0.03328697383403778,0.0033328505232930183,0.0033328505232930183,0.9500000000000001,1.0,672,672
674,t2_b0,9,29,-0.0510228951429252,0.024760954082012177,0.0028715957887470722,0.0028715957887470722,1.0,1.0,673,673
674,t2_b0,0,10,-0.005186096249109842,-0.013367727398872375,3.3469546906417236e-05,3.3469546906417236e-05,0.9333333333333333,1.0,673,673
675,t2_b0,29,9,-0.11677223905260124,0.04086609184741974,0.012424923479557037,0.012424923479557037,0.9500000000000001,1.0,674,674
675,t2_b0,20,21,-0.3118141135961139,-0.006108202040195465,0.04672804847359657,0.04672804847359657,0.025,1.0,674,674
675,t2_b0,24,32,0.9670262296083351,-0.009798608720302582,0.477093368768692,0.477093368768692,0.025,1.0,674,674
675,t2_b0,1,7,-0.06990697731323657,-0.0419580303132534,0.00039057189133018255,0.00039057189133018255,0.016666666666666666,1.0,674,674
675,t2_b0,31,38,-0.06028661566190257,-0.023987188935279846,0.0006588241667486727,0.0006588241667486727,0.925,1.0,674,674
676,t2_b0,34,1,-0.17399630876878222,-0.002132214605808258,0.014768633060157299,0.014768633060157299,0.016666666666666666,1.0,675,675
676,t2_b0,5,12,-0.22850155156386037,0.002818077802658081,0.026754386723041534,0.026754386723041534,0.925,1.0,675,675
676,t2_b0,33,32,0.9879005599824819,0.012922614812850952,0.47529101371765137,0.47529101371765137,0.9333333333333333,1.0,675,675
676,t2_b0,11,3,0.0738759458486249,0.031045712530612946,0.0009172145510092378,0.0009172145510092378,0.92,1.0,675,675
677,t2_b0,32,38,-0.6025840910812239,0.006774827837944031,0.18565914034843445,0.18565914034843445,0.92,1.0,676,676
677,t2_b0,4,21,0.7996711613714803,0.017275743186473846,0.30607131123542786,0.30607131123542786,0.9500000000000001,1.0,676,676
677,t2_b0,22,35,0.08106532765855035,0.025380931794643402,0.0015503759495913982,0.0015503759495913982,1.0,1.0,676,676
678,t2_b0,31,34,0.034001694566810556,-0.021697133779525757,0.0015511796809732914,0.0015511796809732914,0.02,1.0,677,677
678,t2_b0,38,35,-0.15427252812282483,-0.015207171440124512,0.009669586084783077,0.009669586084783077,0.016666666666666666,1.0,677,677
678,t2_b0,33,32,0.1992333547146403,0.019967898726463318,0.016068052500486374,0.016068052500486374,0.9333333333333333,1.0,677,677
678,t2_b0,3,18,0.016619081561127538,-0.03548669070005417,0.001357505563646555,0.001357505563646555,0.03333333333333333,1.0,677,677
679,t2_b0,4,21,0.1360289832386919,0.014837898313999176,0.007343640550971031,0.007343640550971031,0.9166666666666667,1.0,678,678
679,t2_b0,24,32,-0.09178313947246235,0.027114801108837128,0.007068359758704901,0.007068359758704901,0.9333333333333333,1.0,678,678
679,t2_b0,15,19,0.1821235844571705,-0.12543855607509613,0.04729723557829857,0.04729723557829857,1.0,1.0,3,3
680,t2_b0,2,17,0.030957516613051014,-0.055575981736183167,0.003744023386389017,0.003744023386389017,0.02,1.0,679,679
680,t2_b0,0,6,0.0,-0.02165931463241577,0.00023456296185031533,0.00023456296185031533,0.05,1.0,679,679
681,t2_b0,6,39,-1.0,0.015010006725788116,0.5150099992752075,0.5150099992752075,0.9166666666666667,1.0,680,680
681,t2_b0,19,15,0.03245261537255274,-0.05886010080575943,0.0041690063662827015,0.0041690063662827015,0.1,1.0,5,5
682,t2_b0,15,19,0.0026333476853684793,-0.025787681341171265,0.00040387746412307024,0.00040387746412307024,0.1,1.0,6,6
682,t2_b0,37,2,-0.12007717522421493,0.0002893209457397461,0.0072440472431480885,0.0072440472431480885,0.9166666666666667,1.0,681,681
683,t2_b0,8,3,0.024927392258211733,0.03519803285598755,5.274302384350449e-05,5.274302384350449e-05,0.925,1.0,682,682
683,t2_b0,17,2,0.21968402020993474,0.0005964487791061401,0.023999681696295738,0.023999681696295738,0.92,1.0,682,682
683,t2_b0,26,33,0.9953848118531012,0.012249767780303955,0.48327726125717163,0.48327726125717163,0.9500000000000001,1.0,682,682
684,t2_b0,19,36,0.754647314658278,0.010111711919307709,0.2771666347980499,0.2771666347980499,0.9500000000000001,1.0,683,683
684,t2_b0,39,10,-0.0846879611021959,-0.010910309851169586,0.0027215711306780577,0.0027215711306780577,0.02,1.0,683,683
685,t2_b0,10,0,-0.15656699336400653,0.01234404742717743,0.014265469275414944,0.014265469275414944,0.925,1.0,684,684
685,t2_b0,35,7,-0.28067058078452306,-0.008676834404468536,0.03699030354619026,0.03699030354619026,0.014285714285714287,1.0,684,684
685,t2_b0,21,38,0.9318988089366479,-0.004061892628669739,0.4380112290382385,0.4380112290382385,1.0,1.0,684,684
685,t2_b0,12,2,-0.2623183570948276,0.002301745116710663,0.0350118987262249,0.0350118987262249,0.92,1.0,684,684
685,t2_b0,30,36,-0.0011704939950261213,0.005783103406429291,2.4176259103114717e-05,2.4176259103114717e-05,1.0,1.0,684,684
687,t2_b0,30,38,0.9839267740404245,0.0021167099475860596,0.4819755256175995,0.4819755256175995,1.0,1.0,686,686
687,t2_b0,14,25,0.943793654843369,0.006631486117839813,0.43913644552230835,0.43913644552230835,1.0,1.0,684,684
687,t2_b0,12,2,0.32536534015910673,0.0033429712057113647,0.051849205046892166,0.051849205046892166,0.925,1.0,686,686
687,t2_b0,32,31,-0.0974415677502424,-0.006409682333469391,0.0041434019804000854,0.0041434019804000854,0.9500000000000001,1.0,686,686
688,t2_b0,23,39,0.009132532662160707,-0.013178534805774689,0.00024889185442589223,0.00024889185442589223,1.0,1.0,687,687
688,t2_b0,21,31,0.4681292637502387,-0.005675703287124634,0.1122455820441246,0.1122455820441246,0.1,1.0,687,687
688,t2_b0,3,16,-0.021700646667618145,-0.022816643118858337,6.227239737199852e-07,6.227239737199852e-07,0.025,1.0,687,687
689,t2_b0,28,37,0.06224147332475456,-0.008930906653404236,0.002532753860577941,0.002532753860577941,0.02,1.0,688,688
689,t2_b0,14,25,-0.05668639843771801,0.013773761689662933,0.0024823166895657778,0.0024823166895657778,1.0,1.0,686,686
690,t2_b0,5,2,-0.25185463384787005,0.011644110083580017,0.034715790301561356,0.034715790301561356,0.925,1.0,689,689
691,t2_b0,16,3,-0.1956316705242077,0.041428692638874054,0.028098808601498604,0.028098808601498604,0.925,1.0,690,690
691,t2_b0,34,13,0.18603805133382265,-0.009160302579402924,0.01905119977891445,0.01905119977891445,0.011111111111111112,1.0,690,690
692,t2_b0,38,19,0.8868409873265196,-0.007892049849033356,0.4002736210823059,0.4002736210823059,1.0,1.0,691,691
692,t2_b0,7,2,-0.10434511040541725,0.014321155846118927,0.00704084150493145,0.00704084150493145,0.91,1.0,691,691
692,t2_b0,36,16,0.9159705319780995,0.024396516382694244,0.39745205640792847,0.39745205640792847,0.9500000000000001,1.0,691,691
692,t2_b0,1,4,0.02515336071350865,-0.03391915187239647,0.0017447809223085642,0.0017447809223085642,0.1,1.0,691,691
693,t2_b0,39,16,0.9148390003505616,0.032178789377212524,0.3895445764064789,0.3895445764064789,0.9500000000000001,1.0,692,692
693,t2_b0,18,3,-0.4007556388629657,0.03130212426185608,0.09333695471286774,0.09333695471286774,0.92,1.0,692,692
694,t2_b0,24,27,0.9198661762466416,-0.12444944679737091,0.5443156957626343,0.5443156957626343,0.1,1.0,2,2
694,t2_b0,38,0,-0.46365289319087216,0.010309882462024689,0.11232034862041473,0.11232034862041473,0.925,1.0,693,693
695,t2_b0,6,39,0.9868538907674426,0.041537702083587646,0.44681134819984436,0.44681134819984436,1.0,1.0,694,694
695,t2_b0,31,30,0.9823009865382856,-0.00511334091424942,0.4874935448169708,0.4874935448169708,1.0,1.0,694,694
695,t2_b0,27,2,0.2848457922690961,0.01297498494386673,0.036956872791051865,0.036956872791051865,0.92,1.0,694,694
695,t2_b0,25,17,0.9500714858612166,-0.012780539691448212,0.46354204416275024,0.46354204416275024,0.025,1.0,694,694
696,t2_b0,31,30,0.0,0.021970711648464203,0.00024135608691722155,0.00024135608691722155,1.0,1.0,695,695
696,t2_b0,11,3,-0.06847986903357758,0.032949432730674744,0.005143951158970594,0.005143951158970594,0.9166666666666667,1.0,695,695
696,t2_b0,20,0,-0.0829729833988434,0.009775273501873016,0.00430111913010478,0.00430111913010478,0.9500000000000001,1.0,695,695
697,t2_b0,13,35,-1.0,-0.01353040337562561,0.4865611493587494,0.4865611493587494,0.9142857142857143,1.0,696,696
698,t2_b0,33,2,-0.2583803488753269,0.013494797050952911,0.03695804625749588,0.03695804625749588,0.9142857142857143,1.0,697,697
698,t2_b0,9,27,-0.19167583951586978,-0.014478906989097595,0.01569937728345394,0.01569937728345394,0.02,1.0,697,697
699,t2_b0,4,1,-0.09136243403055644,0.010473832488059998,0.005185312125831842,0.005185312125831842,0.9500000000000001,1.0,698,698
699,t2_b0,24,2,0.6139437443376835,0.017747633159160614,0.1777248978614807,0.1777248978614807,0.92,1.0,698,698
699,t2_b0,0,10,-0.016949321934247523,-0.013999514281749725,4.3506829570105765e-06,4.3506829570105765e-06,0.03333333333333333,1.0,698,698
701,t2_b0,16,14,0.9023872172293793,0.011191919445991516,0.39711451530456543,0.39711451530456543,1.0,1.0,700,700
701,t2_b0,26,2,0.008681982079687695,0.016523070633411407,3.074133564950898e-05,3.074133564950898e-05,0.9142857142857143,1.0,700,700
701,t2_b0,6,3,-0.43370422931740044,0.0412159189581871,0.1127745732665062,0.1127745732665062,0.92,1.0,700,700
701,t2_b0,35,15,0.0,-0.01900985836982727,0.00018068736244458705,0.00018068736244458705,0.02,1.0,700,700
702,t2_b0,37,2,-0.10371145475963214,0.015330284833908081,0.007085468154400587,0.007085468154400587,0.9333333333333333,1.0,701,701
702,t2_b0,13,0,-0.02785838057309564,0.0019671842455863953,0.0004447821411304176,0.0004447821411304176,0.925,1.0,701,701
702,t2_b0,17,29,0.0,0.0002404525876045227,2.8908724303278177e-08,2.8908724303278177e-08,0.925,1.0,701,701
703,t2_b0,33,24,0.9872992374928664,0.012998931109905243,0.47463056445121765,0.47463056445121765,0.9500000000000001,1.0,702,702
703,t2_b0,8,3,-0.054425424763837986,0.04072995483875275,0.0045272731222212315,0.0045272731222212315,0.9166666666666667,1.0,702,702
703,t2_b0,2,37,-0.017096928321781963,-0.038679905235767365,0.00023291242541745305,0.00023291242541745305,0.1,1.0,702,702
703,t2_b0,29,17,-0.12655201787663517,0.012554764747619629,0.009675348177552223,0.009675348177552223,0.9333333333333333,1.0,702,702
704,t2_b0,39,3,-0.7001275443083373,0.043024078011512756,0.2761371433734894,0.2761371433734894,0.92,1.0,703,703
704,t2_b0,19,10,-0.2585428141053655,-0.015317603945732117,0.029579250141978264,0.029579250141978264,0.025,1.0,703,703
704,t2_b0,22,28,-0.23559381858364067,-0.011793382465839386,0.025043319910764694,0.025043319910764694,0.025,1.0,703,703
705,t2_b0,30,2,-0.20789989984358265,0.011073313653469086,0.02397463470697403,0.02397463470697403,0.92,1.0,704,704
705,t2_b0,10,20,-0.005516280217491469,-0.015213929116725922,4.7022196667967364e-05,4.7022196667967364e-05,0.025,1.0,704,704
706,t2_b0,28,20,-0.09319281494064265,-0.012038007378578186,0.0032930513843894005,0.0032930513843894005,0.025,1.0,705,705
706,t2_b0,21,2,-0.026535139559805302,0.015412390232086182,0.0008797975606285036,0.0008797975606285036,0.92,1.0,705,705
707,t2_b0,15,2,0.47831079985257574,0.01803724467754364,0.10592588037252426,0.10592588037252426,0.925,1.0,706,706
707,t2_b0,12,1,0.003853263204774096,0.011681847274303436,3.0643364880234e-05,3.0643364880234e-05,0.9500000000000001,1.0,706,706
709,t2_b0,7,2,0.9592316411194256,0.02445153146982193,0.4369068741798401,0.4369068741798401,0.9333333333333333,1.0,708,708
709,t2_b0,1,5,-0.1960146004110274,-0.023986995220184326,0.014796747826039791,0.014796747826039791,0.03333333333333333,1.0,708,708
710,t2_b0,25,17,-0.1883973383307527,0.017015941441059113,0.02109730802476406,0.02109730802476406,0.925,1.0,709,709
710,t2_b0,5,1,-0.035973085285182504,0.010046668350696564,0.0010589089943096042,0.0010589089943096042,0.9500000000000001,1.0,709,709
711,t2_b0,38,33,0.8460770216981987,0.022718369960784912,0.3389597237110138,0.3389597237110138,1.0,1.0,710,710
711,t2_b0,36,3,0.027447708228878286,0.04135441035032272,9.66981824603863e-05,9.66981824603863e-05,0.92,1.0,710,710
712,t2_b0,27,9,-0.5212245245957241,0.020742908120155334,0.14686432480812073,0.14686432480812073,0.9333333333333333,1.0,711,711
713,t2_b0,38,24,-0.281375737020952,0.03292650729417801,0.0493929460644722,0.0493929460644722,0.9500000000000001,1.0,712,712
713,t2_b0,18,3,-0.09190949700791967,0.04303841292858124,0.009105469100177288,0.009105469100177288,0.925,1.0,712,712
714,t2_b0,29,17,-0.000879123750506248,0.021101735532283783,0.00024157909501809627,0.00024157909501809627,0.925,1.0,713,713
715,t2_b0,20,2,-0.057903966873065614,0.016632914543151855,0.002777873305603862,0.002777873305603862,0.92,1.0,714,714
715,t2_b0,34,1,0.9387189522619661,0.015447072684764862,0.4262154996395111,0.4262154996395111,0.925,1.0,714,714
715,t2_b0,16,14,0.17577596203813636,-0.01202278584241867,0.017634183168411255,0.017634183168411255,0.05,1.0,714,714
715,t2_b0,0,19,0.06066541518605815,-0.020990580320358276,0.0033338507637381554,0.0033338507637381554,0.02,1.0,714,714
715,t2_b0,9,17,0.03104178982215716,0.026635348796844482,9.708361176308244e-06,9.708361176308244e-06,0.925,1.0,714,714
716,t2_b0,31,21,-0.20045020016483914,-0.004998698830604553,0.019100643694400787,0.019100643694400787,0.05,1.0,715,715
716,t2_b0,11,3,-0.041090443618397136,0.04126341640949249,0.0033910791389644146,0.0033910791389644146,0.92,1.0,715,715
716,t2_b0,37,0,0.9606046150978226,0.005225688219070435,0.4563744068145752,0.4563744068145752,0.92,1.0,715,715
716,t2_b0,14,4,-0.0020197131240906815,0.010878510773181915,8.318208710988984e-05,8.318208710988984e-05,0.9333333333333333,1.0,715,715
717,t2_b0,22,2,-0.2171382982766239,0.019910156726837158,0.02809598669409752,0.02809598669409752,0.9333333333333333,1.0,716,716
717,t2_b0,7,9,-0.12532577563352276,0.024288296699523926,0.011192183941602707,0.011192183941602707,0.9500000000000001,1.0,716,716
718,t2_b0,33,27,0.009020414770575354,0.028016604483127594,0.00018042762530967593,0.00018042762530967593,0.9333333333333333,1.0,717,717
719,t2_b0,2,35,-0.03004929182005306,-0.031422436237335205,9.427620284441218e-07,9.427620284441218e-07,0.025,1.0,718,718
719,t2_b0,4,1,-0.42397007661605074,0.014237843453884125,0.09601309150457382,0.09601309150457382,0.925,1.0,718,718
719,t2_b0,24,7,0.0886296525549834,0.03984701633453369,0.0011898729717358947,0.0011898729717358947,0.925,1.0,718,718
720,t2_b0,15,2,0.0464136424350088,0.017425693571567535,0.00042015055078081787,0.00042015055078081787,0.9333333333333333,1.0,719,719
721,t2_b0,13,0,-0.0018722466110205425,0.00014197826385498047,2.028550852628541e-06,2.028550852628541e-06,0.92,1.0,720,720
721,t2_b0,6,36,-1.0,0.013064496219158173,0.5130645036697388,0.5130645036697388,0.025,1.0,720,720
721,t2_b0,35,2,-0.12937873158519395,0.02265080064535141,0.011556491255760193,0.011556491255760193,0.92,1.0,720,720
721,t2_b0,26,17,-0.10776526324226092,0.029210537672042847,0.009381184354424477,0.009381184354424477,0.9333333333333333,1.0,720,720
722,t2_b0,17,9,-0.019560218445166585,0.03773806244134903,0.0016415464924648404,0.0016415464924648404,0.9166666666666667,1.0,721,721
722,t2_b0,3,6,-0.18409409690873782,-0.013963758945465088,0.014472167007625103,0.014472167007625103,0.016666666666666666,1.0,721,721
722,t2_b0,37,1,-0.17888628245997193,0.013605423271656036,0.018526529893279076,0.018526529893279076,0.9333333333333333,1.0,721,721
723,t2_b0,8,3,-0.364518758815332,0.036397725343704224,0.08036701381206512,0.08036701381206512,0.9166666666666667,1.0,722,722
724,t2_b0,19,0,-0.038084662508098006,0.0020545944571495056,0.0008055799989961088,0.0008055799989961088,0.9166666666666667,1.0,723,723
724,t2_b0,39,3,-1.0,0.035596124827861786,0.5355961322784424,0.5355961322784424,0.925,1.0,723,723
725,t2_b0,28,0,-0.03259214652244909,0.0010387375950813293,0.0005655182176269591,0.0005655182176269591,0.9166666666666667,1.0,724,724
725,t2_b0,10,2,-0.12884298974742664,0.015758410096168518,0.010454783216118813,0.010454783216118813,0.92,1.0,724,724
726,t2_b0,21,2,-0.0861619111379917,0.02002768963575363,0.00563811557367444,0.00563811557367444,0.9166666666666667,1.0,725,725
727,t2_b0,12,1,-0.080693087550892,0.014023266732692719,0.004485594108700752,0.004485594108700752,0.9166666666666667,1.0,726,726
728,t2_b0,3,39,-0.062231402377234415,-0.02479352056980133,0.0007007975364103913,0.0007007975364103913,0.016666666666666666,1.0,727,727
729,t2_b0,34,2,-0.12793330341083292,0.020061790943145752,0.010951275005936623,0.010951275005936623,0.925,1.0,728,728
729,t2_b0,19,29,0.9925570129571857,0.05198023468255997,0.44234228134155273,0.44234228134155273,0.9333333333333333,1.0,728,728
730,t2_b0,5,14,-0.2169094720894043,-0.002622634172439575,0.022959424182772636,0.022959424182772636,0.925,1.0,729,729
730,t2_b0,30,0,-0.6346110791401175,0.005227811634540558,0.2046968936920166,0.2046968936920166,0.9166666666666667,1.0,729,729
730,t2_b0,25,27,-0.07456540836700662,0.04415760189294815,0.007047576829791069,0.007047576829791069,1.0,1.0,729,729
731,t2_b0,14,26,-0.5134332701595483,0.0036935582756996155,0.1337100863456726,0.1337100863456726,0.925,1.0,730,730
731,t2_b0,36,3,-0.1842837107746609,0.025491416454315186,0.022002801299095154,0.022002801299095154,0.92,1.0,730,730
731,t2_b0,9,29,0.9902342283688027,0.05836915224790573,0.43418627977371216,0.43418627977371216,0.9333333333333333,1.0,730,730
732,t2_b0,27,25,0.1513399732795282,0.05149712413549423,0.004984297789633274,0.004984297789633274,0.9500000000000001,1.0,731,731
732,t2_b0,16,26,-0.9479722364493776,0.005922138690948486,0.4549572467803955,0.4549572467803955,0.925,1.0,731,731
732,t2_b0,7,33,0.0,0.03236425668001175,0.0005237225559540093,0.0005237225559540093,0.025,1.0,731,731
733,t2_b0,12,4,0.9267645668220557,0.00986868143081665,0.42034900188446045,0.42034900188446045,1.0,1.0,732,732
733,t2_b0,18,2,-0.41898492216506306,0.01921745389699936,0.09601066261529922,0.09601066261529922,0.9142857142857143,1.0,732,732
733,t2_b0,38,7,-0.5436058028735075,0.04368893802165985,0.17245756089687347,0.17245756089687347,0.925,1.0,732,732
734,t2_b0,13,29,0.9890247030149625,0.06675703078508377,0.4252888262271881,0.4252888262271881,0.9333333333333333,1.0,733,733
735,t2_b0,17,29,0.8901663468728072,0.08149275928735733,0.326976478099823,0.326976478099823,0.9500000000000001,1.0,734,734
735,t2_b0,9,7,-0.1500038631467819,0.05292859673500061,0.02059079147875309,0.02059079147875309,0.925,1.0,734,734
736,t2_b0,11,0,-0.04766813067606121,0.0038098543882369995,0.0013249913463369012,0.0013249913463369012,0.9333333333333333,1.0,735,735
736,t2_b0,29,17,0.0,0.08572695404291153,0.0036745553370565176,0.0036745553370565176,1.0,1.0,735,735
736,t2_b0,31,38,0.12716751929176215,0.05090244859457016,0.0029081807006150484,0.0029081807006150484,0.925,1.0,735,735
736,t2_b0,20,15,0.04066861012666776,0.0016450956463813782,0.0007614173809997737,0.0007614173809997737,0.9500000000000001,1.0,735,735
737,t2_b0,22,15,-0.04219594943239266,-0.0024070292711257935,0.0007915790774859488,0.0007915790774859488,1.0,1.0,736,736
737,t2_b0,26,29,0.9636029270728713,0.10750125348567963,0.36645498871803284,0.36645498871803284,1.0,1.0,736,736
738,t2_b0,33,20,0.11370866545213168,0.015013210475444794,0.004870396573096514,0.004870396573096514,0.9500000000000001,1.0,737,737
738,t2_b0,13,31,0.16026697166810108,0.06251972913742065,0.004777261056005955,0.004777261056005955,0.92,1.0,737,737
738,t2_b0,27,29,0.9772406369932793,0.11875908076763153,0.36849525570869446,0.36849525570869446,0.9500000000000001,1.0,737,737
739,t2_b0,4,3,-0.271370228981308,0.02673947811126709,0.04443470016121864,0.04443470016121864,0.925,1.0,738,738
739,t2_b0,35,9,0.9490065428618818,0.06729119271039963,0.38871097564697266,0.38871097564697266,1.0,1.0,738,738
739,t2_b0,5,20,0.013369549100669904,0.019329756498336792,1.776203680492472e-05,1.776203680492472e-05,1.0,1.0,738,738
740,t2_b0,22,26,0.9947104702029619,0.15173277258872986,0.35530564188957214,0.35530564188957214,0.9500000000000001,1.0,739,739
740,t2_b0,32,36,0.9824729511646337,0.0014183968305587769,0.48123401403427124,0.48123401403427124,0.925,1.0,739,739
740,t2_b0,35,9,-0.3032820950146588,0.0816606655716896,0.07409045845270157,0.07409045845270157,0.9500000000000001,1.0,739,739
741,t2_b0,26,17,0.27460766957335725,0.10620571672916412,0.014179606921970844,0.014179606921970844,0.925,1.0,740,740
741,t2_b0,6,36,-0.028908119893520337,0.0010723322629928589,0.0004494137829169631,0.0004494137829169631,0.925,1.0,740,740
741,t2_b0,0,5,-0.003454112255269384,-0.007293231785297394,7.3694195634743664e-06,7.3694195634743664e-06,0.025,1.0,740,740
741,t2_b0,24,19,0.9603196187392863,0.0897069200873375,0.3789832592010498,0.3789832592010498,0.02,1.0,740,740
742,t2_b0,29,27,0.9636827373126425,0.16750353574752808,0.31695064902305603,0.31695064902305603,0.9500000000000001,1.0,741,741
742,t2_b0,17,31,-0.47983213610198705,0.09057867527008057,0.16268426179885864,0.16268426179885864,0.9125,1.0,741,741
742,t2_b0,15,21,0.9043144012596084,0.014732949435710907,0.3956775665283203,0.3956775665283203,1.0,1.0,741,741
742,t2_b0,37,3,-0.397419480612282,0.02539248764514923,0.08938498795032501,0.08938498795032501,0.925,1.0,741,741
743,t2_b0,8,3,0.012481465782411726,0.024707436561584473,7.473718142136931e-05,7.473718142136931e-05,0.9333333333333333,1.0,742,742
743,t2_b0,28,16,0.8859417163154634,0.0038908496499061584,0.3890068829059601,0.3890068829059601,1.0,1.0,742,742
743,t2_b0,10,20,0.9811299896517017,0.019474461674690247,0.4623906910419464,0.4623906910419464,1.0,1.0,741,741
743,t2_b0,23,36,0.9865362811572469,0.0007772147655487061,0.4858604371547699,0.4858604371547699,0.9333333333333333,1.0,742,742
744,t2_b0,25,1,0.9072962428994271,0.018979862332344055,0.394553005695343,0.394553005695343,0.9500000000000001,1.0,743,727
744,t2_b0,19,9,0.01372229288622527,0.12605106830596924,0.006308876909315586,0.006308876909315586,0.92,1.0,743,743
745,t2_b0,30,19,0.9458693437083121,0.1707037091255188,0.30044087767601013,0.30044087767601013,0.9500000000000001,1.0,744,744
745,t2_b0,10,20,-0.028178416593011985,0.024050280451774597,0.0013639184180647135,0.0013639184180647135,1.0,1.0,743,743
745,t2_b0,1,25,0.0,-0.022519193589687347,0.00025355705292895436,0.00025355705292895436,1.0,1.0,744,744
746,t2_b0,36,12,0.9816689453948052,0.014996945858001709,0.46722736954689026,0.46722736954689026,1.0,1.0,745,745
747,t2_b0,12,25,0.04927623518752879,-0.007146485149860382,0.0015917617129161954,0.0015917617129161954,0.025,1.0,746,746
748,t2_b0,19,9,0.9730242032506606,0.1468636691570282,0.3412706255912781,0.3412706255912781,0.9500000000000001,1.0,747,747
748,t2_b0,23,34,-0.10264465938789795,0.0007096007466316223,0.005341051612049341,0.005341051612049341,0.9333333333333333,1.0,747,747
749,t2_b0,1,3,-0.06425108966689141,0.013568826019763947,0.003027969505637884,0.003027969505637884,0.9166666666666667,1.0,748,748
749,t2_b0,34,14,-0.24546473999021526,0.002972736954689026,0.03086058981716633,0.03086058981716633,0.92,1.0,748,748
750,t2_b0,25,13,-0.07239172190369764,0.04891480505466461,0.007357636466622353,0.007357636466622353,0.9333333333333333,1.0,749,749
750,t2_b0,5,34,-0.06887337142079679,0.008158616721630096,0.002966963453218341,0.002966963453218341,0.92,1.0,749,749
750,t2_b0,14,3,-0.09833511332221653,0.026576340198516846,0.0078014349564909935,0.0078014349564909935,0.92,1.0,749,749
751,t2_b0,16,27,-0.0022837559716895697,0.10142267495393753,0.00537751242518425,0.00537751242518425,0.925,1.0,750,750
752,t2_b0,20,34,0.9380804684232936,0.00039709359407424927,0.439625084400177,0.439625084400177,0.9500000000000001,1.0,751,751
752,t2_b0,3,13,0.00017266745229503185,-0.03379380702972412,0.0005768606788478792,0.0005768606788478792,0.014285714285714287,1.0,751,751
752,t2_b0,27,31,-0.20150583270042446,0.09074526280164719,0.04270535707473755,0.04270535707473755,0.9166666666666667,1.0,751,751
752,t2_b0,7,28,-0.1908634537345587,0.08752680569887161,0.03875056654214859,0.03875056654214859,0.92,1.0,751,751
753,t2_b0,36,13,-1.0,0.006057530641555786,0.5060575008392334,0.5060575008392334,0.9333333333333333,1.0,752,752
753,t2_b0,39,6,0.05024898279791513,-0.004523880779743195,0.0015000334242358804,0.0015000334242358804,0.016666666666666666,1.0,752,752
754,t2_b0,29,16,-1.0,0.1015457734465599,0.6015458106994629,0.6015458106994629,0.9142857142857143,1.0,753,753
754,t2_b0,32,6,-0.04873728117995521,-0.0037391483783721924,0.0010124159744009376,0.0010124159744009376,0.05,1.0,753,753
755,t2_b0,18,39,-0.013300882697732429,-0.011292785406112671,2.016227199419518e-06,2.016227199419518e-06,1.0,1.0,754,754
756,t2_b0,31,7,0.0,0.09528736025094986,0.004539840389043093,0.004539840389043093,0.925,1.0,755,755
756,t2_b0,2,20,-0.004655310668217315,-0.03216898441314697,0.0003785011067520827,0.0003785011067520827,1.0,1.0,755,755
757,t2_b0,22,7,-0.08569169360890301,0.10172230005264282,0.017562001943588257,0.017562001943588257,0.9166666666666667,1.0,756,756
757,t2_b0,20,2,0.30640563657765874,0.018764786422252655,0.041368626058101654,0.041368626058101654,0.9500000000000001,1.0,756,756
758,t2_b0,25,27,0.974091365274782,0.1039133071899414,0.378604918718338,0.378604918718338,1.0,1.0,757,757
758,t2_b0,13,3,-0.24747566732917642,0.020813681185245514,0.03598958998918533,0.03598958998918533,0.9125,1.0,757,757
758,t2_b0,28,36,0.9175959914586111,0.00791630893945694,0.4137585461139679,0.4137585461139679,0.9500000000000001,1.0,757,757
758,t2_b0,2,20,0.01550912909277499,-0.028242036700248718,0.0009570822585374117,0.0009570822585374117,0.1,1.0,757,757
759,t2_b0,9,18,0.0,-0.1257592886686325,0.007907699793577194,0.007907699793577194,0.1,1.0,3,758
759,t2_b0,24,3,-0.06854942841681239,0.02161402255296707,0.004064724314957857,0.004064724314957857,0.91,1.0,758,758
760,t2_b0,4,3,-0.04192276649612129,0.021122008562088013,0.001987321535125375,0.001987321535125375,0.9166666666666667,1.0,759,759
760,t2_b0,38,33,0.010341864078124248,0.01636715978384018,1.815209361666348e-05,1.815209361666348e-05,0.925,1.0,759,759
760,t2_b0,18,8,0.9424107567505422,0.008246950805187225,0.43633100390434265,0.43633100390434265,0.9142857142857143,1.0,759,759
760,t2_b0,35,7,-0.31074648200924243,0.10748668015003204,0.0874594897031784,0.0874594897031784,0.92,1.0,759,759
761,t2_b0,26,8,0.021128012395688883,0.00020533055067062378,0.0002188793005188927,0.0002188793005188927,0.9142857142857143,1.0,760,760
761,t2_b0,21,19,0.8664476067153477,0.11218035221099854,0.28445956110954285,0.28445956110954285,0.9500000000000001,1.0,760,760
761,t2_b0,33,38,0.012314569236387575,0.0015229657292366028,5.8229354181094095e-05,5.8229354181094095e-05,0.9333333333333333,1.0,760,760
761,t2_b0,16,20,0.9731843874610531,9.26777720451355e-05,0.4734537601470947,0.4734537601470947,1.0,1.0,760,760
762,t2_b0,15,38,-0.14241703690078186,0.022598035633563995,0.013614987023174763,0.013614987023174763,0.9500000000000001,1.0,761,761
762,t2_b0,27,16,0.968123523115184,0.06804750114679337,0.40506836771965027,0.40506836771965027,1.0,1.0,761,761
762,t2_b0,37,3,0.004984204333848908,0.023242861032485962,0.00016668927855789661,0.00016668927855789661,0.91,1.0,761,761
763,t2_b0,8,3,-0.0621568411014226,0.021631471812725067,0.003510240698233247,0.003510240698233247,0.9111111111111111,1.0,762,762
763,t2_b0,28,12,-0.6016917279646279,0.01677757501602173,0.19125214219093323,0.19125214219093323,0.9500000000000001,1.0,762,762
763,t2_b0,11,18,0.8958430980500802,0.07801595330238342,0.3344205915927887,0.3344205915927887,0.9500000000000001,1.0,762,762
764,t2_b0,19,31,-0.33462366408562294,0.10378874093294144,0.09610271453857422,0.09610271453857422,0.9166666666666667,1.0,763,763
765,t2_b0,30,31,0.3117681022360051,0.08499390631914139,0.025713272392749786,0.025713272392749786,0.92,1.0,764,764
766,t2_b0,17,21,0.9092637143936496,0.10886874049901962,0.3203160762786865,0.3203160762786865,1.0,1.0,765,765
766,t2_b0,1,3,-0.04174358475163918,0.01138993352651596,0.001411585370078683,0.001411585370078683,0.9142857142857143,1.0,765,765
766,t2_b0,10,18,0.8951107986806249,0.08614848554134369,0.3272099792957306,0.3272099792957306,1.0,1.0,765,765
767,t2_b0,21,31,-0.21642870769976114,0.1077960953116417,0.05256086215376854,0.05256086215376854,0.92,1.0,766,766
767,t2_b0,12,24,-0.7796924492210972,0.0004894360899925232,0.3043418824672699,0.3043418824672699,0.9125,1.0,766,766
767,t2_b0,39,2,0.8733182310579357,0.02559468150138855,0.3593176603317261,0.3593176603317261,0.92,1.0,766,766
768,t2_b0,23,3,-0.00628133640541311,0.018475450575351715,0.00030644924845546484,0.00030644924845546484,0.9142857142857143,1.0,767,767
768,t2_b0,5,9,0.25884796691098105,-0.0013179406523704529,0.033843155950307846,0.033843155950307846,0.1,1.0,767,767
769,t2_b0,34,2,-0.07442291995819891,0.021936818957328796,0.0046425992622971535,0.0046425992622971535,0.9166666666666667,1.0,768,768
769,t2_b0,14,3,0.03910081495365418,0.019575782120227814,0.0001906134421005845,0.0001906134421005845,0.9125,1.0,768,768
770,t2_b0,5,12,0.6360203051386291,0.00015829503536224365,0.20216023921966553,0.20216023921966553,0.9333333333333333,1.0,769,769
770,t2_b0,6,33,0.9313955974530628,0.07507892698049545,0.3666391372680664,0.3666391372680664,1.0,1.0,769,769
770,t2_b0,32,20,0.5438330244684823,0.0014694258570671082,0.14707912504673004,0.14707912504673004,1.0,1.0,769,769
770,t2_b0,25,31,-0.6640182396403149,0.10395603626966476,0.29489222168922424,0.29489222168922424,0.9125,1.0,769,769
771,t2_b0,36,3,-0.6194400423656233,0.022623904049396515,0.20612303912639618,0.20612303912639618,0.9111111111111111,1.0,770,770
771,t2_b0,15,31,0.9518052367386499,0.11265930533409119,0.35208290815353394,0.35208290815353394,0.925,1.0,770,770
772,t2_b0,18,28,0.9677858272717834,-0.00011467188596725464,0.4684157073497772,0.4684157073497772,0.9500000000000001,1.0,771,771
772,t2_b0,27,2,-0.13532202751468547,0.021462813019752502,0.012290744110941887,0.012290744110941887,0.9142857142857143,1.0,771,771
772,t2_b0,0,38,-0.10239844092259205,-0.00218094140291214,0.005021773744374514,0.005021773744374514,0.1,1.0,771,771
772,t2_b0,7,10,0.0,0.10204464197158813,0.005206554662436247,0.005206554662436247,1.0,1.0,771,771
773,t2_b0,38,22,0.0,0.0275227352976799,0.000378750468371436,0.000378750468371436,1.0,1.0,772,772
774,t2_b0,29,3,-0.32530665393980696,0.02965734899044037,0.06299972534179688,0.06299972534179688,0.9125,1.0,773,773
775,t2_b0,0,35,-0.0437261558670756,0.008093975484371185,0.001342663075774908,0.001342663075774908,0.925,1.0,774,774
775,t2_b0,9,12,0.6980552407532259,0.0008543357253074646,0.24304458498954773,0.24304458498954773,0.9142857142857143,1.0,774,774
776,t2_b0,20,37,0.0,0.004387348890304565,9.624414815334603e-06,9.624414815334603e-06,1.0,1.0,774,774
776,t2_b0,31,19,0.06653998702485758,0.1055004894733429,0.0007589603192172945,0.0007589603192172945,0.9166666666666667,1.0,775,775
777,t2_b0,11,31,-0.1330517251343555,0.1156875267624855,0.030935605987906456,0.030935605987906456,0.925,1.0,776,776
777,t2_b0,22,0,-0.04812119353080607,0.019063450396060944,0.0022568879649043083,0.0022568879649043083,0.925,1.0,776,776
777,t2_b0,37,20,0.9077706769452646,0.06101839244365692,0.35849472880363464,0.35849472880363464,1.0,1.0,775,775
777,t2_b0,18,12,-0.9154770173203749,0.0026217103004455566,0.4214526414871216,0.4214526414871216,0.9333333333333333,1.0,776,776
778,t2_b0,16,31,0.870998897444764,0.12804099917411804,0.2759932577610016,0.2759932577610016,0.925,1.0,777,777
778,t2_b0,13,1,-0.06124015719763827,0.013792872428894043,0.0028149778954684734,0.0028149778954684734,0.9500000000000001,1.0,777,777
779,t2_b0,24,1,-0.13637940416420402,0.014250963926315308,0.01134475413709879,0.01134475413709879,0.9500000000000001,1.0,778,778
779,t2_b0,4,14,0.0,-0.005307696759700775,1.4085822840570472e-05,1.4085822840570472e-05,0.9333333333333333,1.0,778,778
780,t2_b0,15,0,-0.2794305728561196,0.03027493506669998,0.047958746552467346,0.047958746552467346,0.9333333333333333,1.0,779,779
780,t2_b0,33,28,0.9952454627179922,0.003116898238658905,0.49215954542160034,0.49215954542160034,0.9500000000000001,1.0,779,779
780,t2_b0,35,25,-0.07549843182084263,0.007117144763469696,0.003412666730582714,0.003412666730582714,0.02,1.0,779,779
781,t2_b0,6,35,-0.24841798804421136,0.006319314241409302,0.032445549964904785,0.032445549964904785,0.9500000000000001,1.0,780,780
781,t2_b0,3,0,-0.027681597331816712,0.006614886224269867,0.0005881243851035833,0.0005881243851035833,0.9333333333333333,1.0,780,780
781,t2_b0,26,2,-0.20670556526374478,0.023690156638622284,0.026541097089648247,0.026541097089648247,0.9142857142857143,1.0,780,780
782,t2_b0,17,19,0.2459885040984286,0.03825867921113968,0.021575838327407837,0.021575838327407837,0.925,1.0,781,781
783,t2_b0,38,19,0.9845045630955624,0.05439210683107376,0.43255460262298584,0.43255460262298584,0.9333333333333333,1.0,782,782
783,t2_b0,20,14,0.9595901074119395,0.005538605153560638,0.455107182264328,0.455107182264328,0.9500000000000001,1.0,782,782
783,t2_b0,34,37,0.9257521106857975,0.0013293027877807617,0.4272787570953369,0.4272787570953369,1.0,1.0,782,782
783,t2_b0,28,12,-0.5906274280276707,0.0012094229459762573,0.17513543367385864,0.17513543367385864,0.9125,1.0,782,782
784,t2_b0,39,1,-0.234762847820227,0.014656081795692444,0.031104901805520058,0.031104901805520058,0.925,1.0,783,783
784,t2_b0,37,27,0.18068484035261698,0.009755648672580719,0.014608394354581833,0.014608394354581833,0.9333333333333333,1.0,783,783
784,t2_b0,19,11,-0.07085429697286989,0.039211735129356384,0.006057265680283308,0.006057265680283308,0.92,1.0,783,783
784,t2_b0,31,35,0.9650947669335357,0.022552162408828735,0.4441932439804077,0.4441932439804077,1.0,1.0,783,783
785,t2_b0,10,3,-0.29254345844189295,0.05506400763988495,0.06041548401117325,0.06041548401117325,0.925,1.0,784,784
786,t2_b0,30,23,0.95185967382794,0.003247268497943878,0.449932724237442,0.449932724237442,1.0,1.0,782,782
786,t2_b0,4,38,0.9676739532481576,0.05218309164047241,0.4190617501735687,0.4190617501735687,1.0,1.0,785,785
786,t2_b0,21,19,0.012872666080165046,0.04298064112663269,0.00045324506936594844,0.00045324506936594844,0.9333333333333333,1.0,785,785
787,t2_b0,32,24,-0.42047027991443325,0.012073531746864319,0.09354707598686218,0.09354707598686218,0.925,1.0,786,786
788,t2_b0,23,33,0.9743574797411634,0.003188900649547577,0.4715842008590698,0.4715842008590698,1.0,1.0,787,787
789,t2_b0,34,27,-0.37986449341056533,0.012636952102184296,0.07702869176864624,0.07702869176864624,0.03333333333333333,1.0,788,788
789,t2_b0,8,6,0.8490854982550141,0.0065182968974113464,0.35495975613594055,0.35495975613594055,1.0,1.0,788,788
789,t2_b0,12,11,0.9501930012439039,0.023449502885341644,0.42942675948143005,0.42942675948143005,1.0,1.0,788,788
789,t2_b0,14,1,-0.061827031261011606,0.018141046166419983,0.003197446931153536,0.003197446931153536,0.9166666666666667,1.0,788,788
790,t2_b0,25,14,-0.12355930483707202,-0.0009007975459098816,0.007522554602473974,0.007522554602473974,0.016666666666666666,1.0,789,789
790,t2_b0,5,9,-0.010450173302560336,0.014935709536075592,0.000322221516398713,0.000322221516398713,0.9333333333333333,1.0,789,789
791,t2_b0,22,6,0.9796906691069247,0.015813596546649933,0.46452951431274414,0.46452951431274414,0.9500000000000001,1.0,790,790
791,t2_b0,16,3,-0.08674729573222936,0.04543612152338028,0.00873622763901949,0.00873622763901949,0.925,1.0,790,790
791,t2_b0,36,28,0.009292680494245524,0.009862080216407776,1.6210786668580113e-07,1.6210786668580113e-07,0.92,1.0,790,790
792,t2_b0,27,28,-0.22612790282034295,0.007001593708992004,0.027174681425094604,0.027174681425094604,0.9166666666666667,1.0,791,791
792,t2_b0,7,2,-0.4460397863378533,0.04155425727367401,0.11887399107217789,0.11887399107217789,0.92,1.0,791,791
792,t2_b0,1,25,0.0,-0.012357302010059357,7.63514544814825e-05,7.63514544814825e-05,0.025,1.0,791,791
793,t2_b0,38,19,0.07917739558191846,0.04096883535385132,0.0007299470016732812,0.0007299470016732812,0.925,1.0,792,792
793,t2_b0,18,2,-1.0,0.04086999595165253,0.540869951248169,0.540869951248169,0.92,1.0,792,792
794,t2_b0,13,22,0.9613067610784543,0.011069811880588531,0.4514751136302948,0.4514751136302948,0.9500000000000001,1.0,793,793
794,t2_b0,9,5,0.01564102112533559,0.0184674933552742,3.9944739000929985e-06,3.9944739000929985e-06,0.925,1.0,793,793
794,t2_b0,29,2,-0.3287569278512945,0.039031609892845154,0.0676342099905014,0.0676342099905014,0.92,1.0,793,793
795,t2_b0,20,1,-0.031852845397772604,0.012172624468803406,0.0009691209997981787,0.0009691209997981787,0.9333333333333333,1.0,794,794
795,t2_b0,35,9,0.9955421223885602,0.0472407266497612,0.4496377408504486,0.4496377408504486,0.9333333333333333,1.0,794,794
795,t2_b0,0,3,-0.007215756344133507,0.0383940190076828,0.0010401258477941155,0.0010401258477941155,0.925,1.0,794,794
796,t2_b0,2,0,-0.005429216976081289,-0.005396105349063873,5.481948783803148e-10,5.481948783803148e-10,0.92,1.0,795,795
796,t2_b0,31,10,-0.08678425391876028,0.03080683946609497,0.006913832388818264,0.006913832388818264,0.9166666666666667,1.0,795,795
796,t2_b0,11,3,-0.36316010364554524,0.04812142252922058,0.08457624912261963,0.08457624912261963,0.9166666666666667,1.0,795,795
797,t2_b0,22,6,0.14370194380708168,0.0025307387113571167,0.009964654222130775,0.009964654222130775,0.925,1.0,796,796
797,t2_b0,3,10,-0.014053155690871405,-0.017585530877113342,6.23883715888951e-06,6.23883715888951e-06,0.025,1.0,796,796
798,t2_b0,2,29,-0.04061148207376173,-0.01322096586227417,0.0003751202311832458,0.0003751202311832458,0.02,1.0,797,797
798,t2_b0,13,6,0.3320446046315779,0.018417470157146454,0.04918098822236061,0.04918098822236061,0.9333333333333333,1.0,797,797
798,t2_b0,33,25,-0.6313165902104422,0.008433088660240173,0.20463983714580536,0.20463983714580536,0.92,1.0,797,797
799,t2_b0,4,31,-0.6570713766439205,0.04093300551176071,0.24360504746437073,0.24360504746437073,0.925,1.0,798,798
800,t2_b0,35,9,-0.4621645285101334,0.030993923544883728,0.1216026321053505,0.1216026321053505,0.9333333333333333,1.0,799,799
801,t2_b0,6,14,-0.25327256718533026,0.008468851447105408,0.0342542789876461,0.0342542789876461,0.925,1.0,800,800
801,t2_b0,26,2,-0.005600467121560554,0.03748305141925812,0.000928094785194844,0.000928094785194844,0.92,1.0,800,800
802,t2_b0,17,19,0.05576817051220606,0.03532037138938904,0.00020905621931888163,0.00020905621931888163,0.925,1.0,801,801
802,t2_b0,15,4,0.9343951960605892,0.04456169903278351,0.3959018290042877,0.3959018290042877,1.0,1.0,801,801
802,t2_b0,37,32,-0.0004437897036826255,0.009408034384250641,4.852922211284749e-05,4.852922211284749e-05,0.925,1.0,801,801
803,t2_b0,8,22,0.241525675871973,0.01583569496870041,0.02546798251569271,0.02546798251569271,0.9333333333333333,1.0,802,802
803,t2_b0,28,25,-0.5293374196943524,0.00849384069442749,0.14463122189044952,0.14463122189044952,0.9500000000000001,1.0,802,802
804,t2_b0,39,25,-0.29593059965471674,0.012462235987186432,0.04755306616425514,0.04755306616425514,0.9333333333333333,1.0,803,803
804,t2_b0,19,11,-0.06259738408689874,0.036236390471458435,0.004884057678282261,0.004884057678282261,0.925,1.0,803,803
805,t2_b0,10,3,0.01001241759504341,0.0384688526391983,0.0004048843402415514,0.0004048843402415514,0.92,1.0,804,804
805,t2_b0,30,9,-0.18141859536169935,0.02606712281703949,0.02152516134083271,0.02152516134083271,0.9333333333333333,1.0,804,804
806,t2_b0,36,39,0.9183475375051046,0.015185654163360596,0.4078506827354431,0.4078506827354431,1.0,1.0,805,805
806,t2_b0,21,19,-0.0016879233905831707,0.04301879554986954,0.0009993453277274966,0.0009993453277274966,0.925,1.0,805,805
807,t2_b0,32,37,0.051467045556328916,0.018732950091362,0.0005357605405151844,0.0005357605405151844,0.925,1.0,806,806
807,t2_b0,12,16,0.008153302124827372,0.008408330380916595,3.2519825055032925e-08,3.2519825055032925e-08,0.02,1.0,806,806
808,t2_b0,23,34,0.22281492902968808,0.01925048977136612,0.020719239488244057,0.020719239488244057,1.0,1.0,807,807
809,t2_b0,14,1,0.014928417192030962,0.014695197343826294,2.71957691921898e-08,2.71957691921898e-08,0.9333333333333333,1.0,808,808
809,t2_b0,34,37,0.21422966762773737,0.01993820071220398,0.01887458749115467,0.01887458749115467,0.03333333333333333,1.0,808,808
810,t2_b0,5,9,0.026695500407000274,0.022655151784420013,8.162211088347249e-06,8.162211088347249e-06,0.9333333333333333,1.0,809,809
810,t2_b0,25,28,-0.12052310364964934,0.008963547646999359,0.008383396081626415,0.008383396081626415,0.925,1.0,809,809
811,t2_b0,16,3,-0.2942328597006092,0.03913416713476181,0.055566783994436264,0.055566783994436264,0.92,1.0,810,810
811,t2_b0,1,20,-0.041997953989995195,-0.015345066785812378,0.0003551882109604776,0.0003551882109604776,0.03333333333333333,1.0,810,810
811,t2_b0,36,25,-0.8629204808369807,0.016005121171474457,0.38625508546829224,0.38625508546829224,0.925,1.0,810,810
812,t2_b0,7,2,-0.1521986453918598,0.0371466800570488,0.017925826832652092,0.017925826832652092,0.925,1.0,811,811
812,t2_b0,27,25,-0.04316919223024458,0.016746506094932556,0.0017949454486370087,0.0017949454486370087,0.92,1.0,811,811
813,t2_b0,18,2,-0.6509343541024017,0.03613131493330002,0.23602961003780365,0.23602961003780365,0.925,1.0,812,812
813,t2_b0,38,4,0.05281623025613841,0.03509833663702011,0.00015696189075242728,0.00015696189075242728,0.925,1.0,812,812
814,t2_b0,9,29,-0.5394361326226041,0.015467002987861633,0.1539587527513504,0.1539587527513504,0.925,1.0,813,813
815,t2_b0,3,12,0.0,-0.016094692051410675,0.00012951955432072282,0.00012951955432072282,0.02,1.0,814,814
815,t2_b0,29,5,-0.2264402696180507,0.0111842080950737,0.028232693672180176,0.028232693672180176,0.9166666666666667,1.0,814,814
815,t2_b0,23,28,0.9444364134819199,0.018976375460624695,0.4282381534576416,0.4282381534576416,1.0,1.0,814,814
815,t2_b0,20,1,0.061239631205827164,0.007896162569522858,0.0014227627543732524,0.0014227627543732524,0.9500000000000001,1.0,814,814
816,t2_b0,0,2,-0.05828611125508623,0.03080172836780548,0.003968322183936834,0.003968322183936834,0.925,1.0,815,815
817,t2_b0,22,1,-1.0,0.008869439363479614,0.5088694095611572,0.5088694095611572,0.92,1.0,816,816
818,t2_b0,33,28,-0.0698471882821619,0.021182715892791748,0.004143221769481897,0.004143221769481897,0.9500000000000001,1.0,817,817
818,t2_b0,13,1,-0.6872044581893036,0.008638560771942139,0.24209876358509064,0.24209876358509064,0.92,1.0,817,817
818,t2_b0,2,12,-0.5095156094974874,-0.019774124026298523,0.11992333829402924,0.11992333829402924,0.025,1.0,817,817
819,t2_b0,4,3,-0.5949952533172309,0.04191197454929352,0.2028253972530365,0.2028253972530365,0.925,1.0,818,818
820,t2_b0,35,30,0.1258557791024355,0.007064230740070343,0.007055715192109346,0.007055715192109346,0.03333333333333333,1.0,819,819
820,t2_b0,15,3,-0.30033097783149115,0.04027756303548813,0.05800708755850792,0.05800708755850792,0.9333333333333333,1.0,819,819
821,t2_b0,29,33,0.8951435221507966,0.03202861547470093,0.37248367071151733,0.37248367071151733,1.0,1.0,820,820
821,t2_b0,26,36,0.0,0.014251478016376495,0.00010155231575481594,0.00010155231575481594,0.016666666666666666,1.0,820,820
821,t2_b0,11,14,0.9714329987937075,0.0010218173265457153,0.4708489179611206,0.4708489179611206,1.0,1.0,820,820
822,t2_b0,37,25,-0.7988170868583497,0.01906341314315796,0.33446425199508667,0.33446425199508667,0.9166666666666667,1.0,821,821
822,t2_b0,17,2,-1.0,0.02423442155122757,0.524234414100647,0.524234414100647,0.92,1.0,821,821
823,t2_b0,8,6,-0.0915522276660187,0.0004515349864959717,0.0042323460802435875,0.0042323460802435875,0.9166666666666667,1.0,822,822
824,t2_b0,6,8,0.036423903378317364,0.004380412399768829,0.000513392616994679,0.000513392616994679,0.9166666666666667,1.0,823,823
824,t2_b0,39,16,-0.11117536775789333,0.004442587494850159,0.006683755666017532,0.006683755666017532,0.925,1.0,823,823
825,t2_b0,30,16,-1.0,0.004847683012485504,0.5048476457595825,0.5048476457595825,0.92,1.0,824,824
825,t2_b0,24,4,0.9775653167688425,0.005555376410484314,0.47240161895751953,0.47240161895751953,0.9500000000000001,1.0,824,824
825,t2_b0,19,6,0.012456602003243477,0.0058214664459228516,2.201251481892541e-05,2.201251481892541e-05,0.92,1.0,824,824
826,t2_b0,21,9,0.0,0.0016626790165901184,1.3822507298755227e-06,1.3822507298755227e-06,0.9500000000000001,1.0,825,825
826,t2_b0,10,6,0.0,0.006106071174144745,1.8642052964423783e-05,1.8642052964423783e-05,0.925,1.0,825,825
827,t2_b0,31,15,0.976761025647211,0.015316791832447052,0.4621875286102295,0.4621875286102295,0.9500000000000001,1.0,826,826
827,t2_b0,32,37,0.03531468967149925,0.01788686215877533,0.00015186460223048925,0.00015186460223048925,0.9166666666666667,1.0,826,826
828,t2_b0,18,31,0.8941601974018815,0.08071601390838623,0.33084574341773987,0.33084574341773987,1.0,1.0,827,827
828,t2_b0,28,25,0.965139316221009,0.026139922440052032,0.44085994362831116,0.44085994362831116,0.9333333333333333,1.0,827,827
828,t2_b0,23,39,0.06917800615194764,0.006207101047039032,0.0019826674833893776,0.0019826674833893776,1.0,1.0,827,827
829,t2_b0,33,4,0.889999325437991,0.004905283451080322,0.3916957378387451,0.3916957378387451,1.0,1.0,828,828
829,t2_b0,34,37,0.0,0.024401172995567322,0.00029770861146971583,0.00029770861146971583,0.925,1.0,828,828
830,t2_b0,5,39,-0.12312628076291891,0.005829766392707825,0.008314831182360649,0.008314831182360649,0.9166666666666667,1.0,829,829
831,t2_b0,36,37,-0.18239728748651493,0.023561351001262665,0.021209480240941048,0.021209480240941048,0.925,1.0,830,830
832,t2_b0,16,34,0.994713979861904,0.03249797224998474,0.4629298448562622,0.4629298448562622,0.9500000000000001,1.0,831,831
833,t2_b0,38,19,0.0752251710300138,0.009142868220806122,0.00218343548476696,0.00218343548476696,0.92,1.0,832,832
833,t2_b0,18,24,0.16544729259947288,0.017865493893623352,0.010890194214880466,0.010890194214880466,0.9500000000000001,1.0,832,832
834,t2_b0,29,22,0.09807820509974861,0.00885619968175888,0.003980283159762621,0.003980283159762621,0.9333333333333333,1.0,833,833
834,t2_b0,14,36,0.8838621594758221,0.029374651610851288,0.36507442593574524,0.36507442593574524,0.9333333333333333,1.0,833,833
834,t2_b0,9,5,0.0,0.013622775673866272,9.279001096729189e-05,9.279001096729189e-05,0.9166666666666667,1.0,833,833
835,t2_b0,20,6,-0.008750657670701203,0.01982809603214264,0.0004083726089447737,0.0004083726089447737,0.92,1.0,834,834
836,t2_b0,31,6,-0.22130456276788363,0.025170452892780304,0.030374964699149132,0.030374964699149132,0.9166666666666667,1.0,835,835
836,t2_b0,11,22,-0.1264265443315063,0.016132481396198273,0.010161537677049637,0.010161537677049637,0.925,1.0,835,835
837,t2_b0,22,19,-0.6051915021171848,0.016629546880722046,0.19333070516586304,0.19333070516586304,0.9166666666666667,1.0,836,836
838,t2_b0,21,22,0.922352850921332,0.014548800885677338,0.4120541214942932,0.4120541214942932,0.9500000000000001,1.0,837,837
838,t2_b0,33,6,-0.04555030663847916,0.027933858335018158,0.002699961420148611,0.002699961420148611,0.9333333333333333,1.0,837,837
839,t2_b0,13,22,0.001850464044363839,0.01781918853521347,0.00012750008318107575,0.00012750008318107575,0.9166666666666667,1.0,838,838
839,t2_b0,12,11,0.9915327993682022,0.022299006581306458,0.46970710158348083,0.46970710158348083,0.9500000000000001,1.0,838,838
839,t2_b0,7,4,0.9735457293337249,0.022892899811267853,0.4518704116344452,0.4518704116344452,0.9333333333333333,1.0,838,838
840,t2_b0,27,14,0.5679613315159644,0.0306546688079834,0.14434923231601715,0.14434923231601715,0.9500000000000001,1.0,839,839
840,t2_b0,4,35,-0.016979499781281382,0.02479676902294159,0.0008726283558644354,0.0008726283558644354,0.9500000000000001,1.0,839,839
840,t2_b0,0,5,-0.0682577936317879,0.004734031856060028,0.0026639034040272236,0.0026639034040272236,0.9500000000000001,1.0,839,839
840,t2_b0,15,18,0.9248063845361628,0.036972202360630035,0.39412471652030945,0.39412471652030945,1.0,1.0,839,839
841,t2_b0,26,37,-0.0501092053508789,0.0254538431763649,0.0028548866976052523,0.0028548866976052523,0.92,1.0,840,840
841,t2_b0,35,4,-0.7282422315306694,0.015409544110298157,0.27650895714759827,0.27650895714759827,0.925,1.0,840,840
841,t2_b0,6,17,-0.012237176156659979,0.02184474468231201,0.0005807886482216418,0.0005807886482216418,0.92,1.0,840,840
842,t2_b0,37,5,-0.044391537121307854,0.016941294074058533,0.0018808582099154592,0.0018808582099154592,0.9142857142857143,1.0,841,841
842,t2_b0,17,19,0.11514754902251804,0.022887781262397766,0.004255932290107012,0.004255932290107012,0.92,1.0,841,841
842,t2_b0,25,12,0.982783035826186,0.03582760691642761,0.4483622908592224,0.4483622908592224,1.0,1.0,841,841
842,t2_b0,8,16,0.9290664792475616,0.029972903430461884,0.40418460965156555,0.40418460965156555,0.05,1.0,841,841
843,t2_b0,8,22,-1.0,0.03707703948020935,0.5370770692825317,0.5370770692825317,0.9500000000000001,1.0,842,842
843,t2_b0,29,7,0.9353183103730678,0.017643921077251434,0.4210631251335144,0.4210631251335144,1.0,1.0,842,842
844,t2_b0,24,2,0.9840494181590507,0.028475254774093628,0.45656096935272217,0.45656096935272217,1.0,1.0,824,824
844,t2_b0,39,0,-0.01417648660495666,0.011385887861251831,0.00032671753433533013,0.00032671753433533013,0.9125,1.0,843,843
844,t2_b0,19,11,-0.06361868277954916,0.020850159227848053,0.003567492589354515,0.003567492589354515,0.014285714285714287,1.0,843,843
845,t2_b0,30,35,0.049895309645129296,0.005833186209201813,0.0009707353310659528,0.0009707353310659528,0.9500000000000001,1.0,844,844
845,t2_b0,10,31,0.023227580407332128,0.018130667507648468,1.2989257811568677e-05,1.2989257811568677e-05,0.0125,1.0,844,844
845,t2_b0,1,25,0.0,-0.015531182289123535,0.00012060881272191182,0.00012060881272191182,1.0,1.0,844,844
846,t2_b0,21,19,-0.19261112006276587,0.019104979932308197,0.022411851212382317,0.022411851212382317,0.925,1.0,845,845
846,t2_b0,2,3,-0.013100493896191872,0.01027262955904007,0.000273151439614594,0.000273151439614594,0.9500000000000001,1.0,845,845
847,t2_b0,3,2,-0.01421449081586834,0.010289408266544342,0.0003002205048687756,0.0003002205048687756,0.92,1.0,846,846
847,t2_b0,4,0,0.9642460686080103,0.017135314643383026,0.4485093951225281,0.4485093951225281,1.0,1.0,846,846
847,t2_b0,32,5,0.008292559240901519,0.010369770228862762,2.157402150260168e-06,2.157402150260168e-06,0.9111111111111111,1.0,846,846
847,t2_b0,12,25,0.2631180531944754,0.015046373009681702,0.03076978027820587,0.03076978027820587,0.02,1.0,846,846
848,t2_b0,23,5,-0.0001537294977616985,0.010052576661109924,5.208434595260769e-05,5.208434595260769e-05,0.9125,1.0,847,847
848,t2_b0,3,2,0.0,0.008131951093673706,3.30643160850741e-05,3.30643160850741e-05,0.9166666666666667,1.0,847,847
849,t2_b0,34,26,-0.3576050293778914,0.014988772571086884,0.06941308081150055,0.06941308081150055,0.011111111111111112,1.0,848,848
849,t2_b0,14,5,-0.27629492848785187,0.01388220489025116,0.04210137575864792,0.04210137575864792,0.9125,1.0,848,848
849,t2_b0,18,27,0.9422800001347125,0.026334188878536224,0.4194783866405487,0.4194783866405487,1.0,1.0,847,847
850,t2_b0,5,37,-0.125204205927002,0.016146935522556305,0.009990071877837181,0.009990071877837181,0.9111111111111111,1.0,849,849
850,t2_b0,28,27,0.7753092583462041,0.02579670399427414,0.2808845341205597,0.2808845341205597,1.0,1.0,848,849
850,t2_b0,25,1,0.26217964358213197,0.017875269055366516,0.0298423133790493,0.0298423133790493,0.92,1.0,849,849
851,t2_b0,36,22,-0.6442022720336493,0.019464842975139618,0.22022703289985657,0.22022703289985657,0.925,1.0,850,850
852,t2_b0,7,37,-0.23009490042657807,0.016757532954216003,0.030468059703707695,0.030468059703707695,0.91,1.0,851,851
852,t2_b0,27,13,-0.10260503649633276,0.02615085244178772,0.008289040997624397,0.008289040997624397,0.9500000000000001,1.0,851,851
853,t2_b0,16,22,0.05858296638033743,-0.005887463688850403,0.0020782179199159145,0.0020782179199159145,1.0,1.0,850,850
853,t2_b0,38,19,-0.03351317941942871,0.00022807717323303223,0.0005692362319678068,0.0005692362319678068,0.9111111111111111,1.0,852,852
853,t2_b0,18,36,0.014482304355889316,0.017761029303073883,5.37501819053432e-06,5.37501819053432e-06,0.92,1.0,852,852
854,t2_b0,22,19,0.9786455263603999,0.009504832327365875,0.4696168005466461,0.4696168005466461,0.9500000000000001,1.0,853,853
854,t2_b0,29,37,-0.3206902834696703,0.017358452081680298,0.05713846907019615,0.05713846907019615,0.9111111111111111,1.0,853,853
854,t2_b0,9,32,-0.060605010885630355,0.017582543194293976,0.003056646790355444,0.003056646790355444,0.011111111111111112,1.0,853,853
855,t2_b0,0,15,-0.011307161262519507,0.0045455098152160645,0.00012565359065774828,0.00012565359065774828,0.9333333333333333,1.0,854,854
855,t2_b0,13,36,0.9664110064440147,0.03073040395975113,0.43774905800819397,0.43774905800819397,0.9500000000000001,1.0,854,854
855,t2_b0,20,2,-0.15583110526416413,0.024398311972618103,0.016241319477558136,0.016241319477558136,0.9125,1.0,854,854
856,t2_b0,31,6,-0.16943856336851537,0.0008596852421760559,0.014500746503472328,0.014500746503472328,0.01,1.0,855,855
856,t2_b0,11,1,-0.1273604226949775,0.02096226066350937,0.01099980715662241,0.01099980715662241,0.9111111111111111,1.0,855,855
857,t2_b0,2,3,0.002581494849206491,0.0024916604161262512,4.035113576605909e-09,4.035113576605909e-09,0.925,1.0,856,856
857,t2_b0,22,19,-0.01714868684246795,0.004839450120925903,0.00024173907877411693,0.00024173907877411693,0.9333333333333333,1.0,856,856
858,t2_b0,33,3,-0.3201073826714284,0.023763634264469147,0.059123631566762924,0.059123631566762924,0.9111111111111111,1.0,857,857
858,t2_b0,16,22,0.9899614905618761,0.056298866868019104,0.4358629882335663,0.4358629882335663,1.0,1.0,857,857
858,t2_b0,13,36,-0.07847284655021815,0.02144254744052887,0.004991543013602495,0.004991543013602495,0.925,1.0,857,857
859,t2_b0,24,20,0.02991579745495248,-0.008596472442150116,0.0007415973814204335,0.0007415973814204335,0.025,1.0,858,858
859,t2_b0,4,0,-0.3479416285529096,0.007700741291046143,0.06324075162410736,0.06324075162410736,0.9333333333333333,1.0,858,858
859,t2_b0,1,25,0.0,-0.0077510252594947815,3.0039196644793265e-05,3.0039196644793265e-05,0.011111111111111112,1.0,858,858
860,t2_b0,15,0,-0.28008928190033744,0.010544195771217346,0.0422339141368866,0.0422339141368866,0.92,1.0,859,859
860,t2_b0,18,2,0.9948118049518115,0.026900723576545715,0.4684259593486786,0.4684259593486786,0.9500000000000001,1.0,859,859
860,t2_b0,35,34,-0.003782204455661638,0.014616139233112335,0.00016924954252317548,0.00016924954252317548,0.014285714285714287,1.0,859,859
861,t2_b0,26,36,-0.02676370448966877,0.02181556075811386,0.001179972430691123,0.001179972430691123,0.92,1.0,860,860
861,t2_b0,6,3,-0.028273211306912537,0.017724037170410156,0.0010578733636066318,0.0010578733636066318,0.014285714285714287,1.0,860,860
861,t2_b0,12,16,0.9764789354150606,0.012991443276405334,0.46415409445762634,0.46415409445762634,1.0,1.0,860,860
862,t2_b0,37,32,0.04179380557979879,0.008605614304542542,0.0005507280002348125,0.0005507280002348125,0.9125,1.0,861,861
862,t2_b0,17,1,-0.8545954362043928,0.017268262803554535,0.3800731301307678,0.3800731301307678,0.91,1.0,861,861
863,t2_b0,8,36,0.002550587280999017,0.018221132457256317,0.00012278299254830927,0.00012278299254830927,0.92,1.0,862,862
863,t2_b0,27,9,0.3814445778431545,0.024261005222797394,0.06379005312919617,0.06379005312919617,0.9500000000000001,1.0,862,862
863,t2_b0,39,23,0.9885303290821547,0.008620932698249817,0.4801112413406372,0.4801112413406372,1.0,1.0,862,862
864,t2_b0,28,36,-0.16794757834982474,0.020137272775173187,0.017687954008579254,0.017687954008579254,0.9125,1.0,863,863
864,t2_b0,30,9,0.3443164027340247,0.03402555733919144,0.048140205442905426,0.048140205442905426,0.9500000000000001,1.0,863,863
864,t2_b0,39,37,0.5327551340219163,0.00967647135257721,0.13680565357208252,0.13680565357208252,0.9500000000000001,1.0,863,863
865,t2_b0,23,3,0.9511240387006251,0.024693921208381653,0.42913636565208435,0.42913636565208435,1.0,1.0,864,864
865,t2_b0,30,27,0.03789752107383307,0.05995863676071167,0.00024334643967449665,0.00024334643967449665,1.0,1.0,864,864
865,t2_b0,26,39,0.9939118124967979,0.0787193775177002,0.4187885820865631,0.4187885820865631,1.0,1.0,864,864
866,t2_b0,21,38,-0.24250440540385934,-0.004419803619384766,0.02834213897585869,0.02834213897585869,0.025,1.0,865,865
866,t2_b0,1,2,-0.09410113560953798,0.012194685637950897,0.0056494008749723434,0.0056494008749723434,0.9166666666666667,1.0,865,865
867,t2_b0,12,22,0.16184229398334476,-0.0013829171657562256,0.013321233913302422,0.013321233913302422,0.03333333333333333,1.0,866,866
867,t2_b0,32,4,0.0017196757853084974,0.003353722393512726,1.3350540939427447e-06,1.3350540939427447e-06,1.0,1.0,866,866
868,t2_b0,20,28,0.9359000005429254,0.039705030620098114,0.4015826880931854,0.4015826880931854,0.9333333333333333,1.0,867,867
868,t2_b0,10,22,0.0066694273036517855,0.00833187997341156,1.3818745401295018e-06,1.3818745401295018e-06,0.9333333333333333,1.0,867,867
868,t2_b0,3,2,-0.23595478071680231,0.0051252469420433044,0.02905978634953499,0.02905978634953499,0.9166666666666667,1.0,867,867
868,t2_b0,19,35,-0.5856844069983604,0.005438394844532013,0.17471309006214142,0.17471309006214142,1.0,1.0,867,867
869,t2_b0,32,3,0.9678683527847912,0.002137109637260437,0.46631836891174316,0.46631836891174316,0.9500000000000001,1.0,868,868
869,t2_b0,14,0,-0.09783225406484587,0.015507318079471588,0.0064229294657707214,0.0064229294657707214,0.9166666666666667,1.0,868,868
869,t2_b0,23,2,0.006011538960628361,0.010241083800792694,8.944523870013654e-06,8.944523870013654e-06,0.92,1.0,868,868
869,t2_b0,6,22,0.9674313697024061,0.010088823735713959,0.4582524001598358,0.4582524001598358,1.0,1.0,868,868
870,t2_b0,25,11,-0.009584407698033953,-0.00523163378238678,9.473318641539663e-06,9.473318641539663e-06,0.03333333333333333,1.0,869,869
870,t2_b0,34,15,0.04330191294522038,0.006951294839382172,0.0006606837268918753,0.0006606837268918753,0.9166666666666667,1.0,869,869
871,t2_b0,5,3,0.9582616777336278,0.016254596412181854,0.44368866086006165,0.44368866086006165,0.925,1.0,870,870
871,t2_b0,9,26,0.9044384385127064,0.014399506151676178,0.39608463644981384,0.39608463644981384,1.0,1.0,870,870
871,t2_b0,36,0,-0.20504760555642249,0.01577570289373398,0.024381468072533607,0.024381468072533607,0.925,1.0,870,870
871,t2_b0,16,22,0.1949572829003019,0.004730775952339172,0.018093062564730644,0.018093062564730644,0.9142857142857143,1.0,870,870
872,t2_b0,37,20,0.908074731306937,0.03206315636634827,0.38369816541671753,0.38369816541671753,0.9500000000000001,1.0,871,871
872,t2_b0,7,13,0.0,0.005107127130031586,1.304137367696967e-05,1.304137367696967e-05,0.9333333333333333,1.0,871,871
872,t2_b0,27,30,-0.014307848366259875,0.009685121476650238,0.0002878313243854791,0.0002878313243854791,0.02,1.0,871,871
873,t2_b0,18,3,-0.3235246694888805,0.011735454201698303,0.056199684739112854,0.056199684739112854,0.9333333333333333,1.0,872,872
874,t2_b0,29,28,0.0,0.02466321736574173,0.00030413715285249054,0.00030413715285249054,0.92,1.0,873,873
874,t2_b0,9,39,0.07025254166414038,0.008213646709918976,0.0019244124414399266,0.0019244124414399266,0.9500000000000001,1.0,873,873
874,t2_b0,38,10,0.869895132193827,0.014692842960357666,0.36568549275398254,0.36568549275398254,1.0,1.0,872,872
875,t2_b0,20,28,0.04232719968972589,0.025092728435993195,0.00014851348532829434,0.00014851348532829434,0.92,1.0,874,874
875,t2_b0,24,31,0.972388019715453,0.0023598000407218933,0.4704773724079132,0.4704773724079132,1.0,1.0,874,874
876,t2_b0,0,19,-0.19069272440429566,0.011291325092315674,0.020398776978254318,0.020398776978254318,0.925,1.0,875,875
876,t2_b0,11,15,-0.020909825203584382,0.005585148930549622,0.00035099181695841253,0.00035099181695841253,0.925,1.0,875,875
876,t2_b0,31,24,-6.91671034689863e-05,0.009046189486980438,4.15448666899465e-05,4.15448666899465e-05,1.0,1.0,875,875
877,t2_b0,22,2,-0.05909889202573676,0.017630398273468018,0.0029436920303851366,0.0029436920303851366,0.9125,1.0,876,876
878,t2_b0,13,2,0.20559023516606922,0.017315812408924103,0.017723627388477325,0.017723627388477325,0.925,1.0,877,877
878,t2_b0,21,8,0.9328270366936402,0.004909731447696686,0.43051525950431824,0.43051525950431824,1.0,1.0,877,877
879,t2_b0,24,22,-1.0,-0.005797185003757477,0.4942196011543274,0.4942196011543274,0.014285714285714287,1.0,878,878
879,t2_b0,4,0,0.29125269091148437,0.006754294037818909,0.04046966880559921,0.04046966880559921,0.925,1.0,878,878
880,t2_b0,35,2,-0.1443608950162892,0.02146638184785843,0.013749342411756516,0.013749342411756516,0.9142857142857143,1.0,879,879
880,t2_b0,33,38,0.0,-0.0075581371784210205,2.8562719307956286e-05,2.8562719307956286e-05,0.05,1.0,879,879
880,t2_b0,15,11,-0.07247105933488575,0.00459260493516922,0.0029694042168557644,0.0029694042168557644,0.9333333333333333,1.0,879,879
881,t2_b0,26,14,0.04846697000257707,0.010002434253692627,0.0007397602312266827,0.0007397602312266827,0.9333333333333333,1.0,880,880
881,t2_b0,6,2,0.4245093300441426,0.019172601401805878,0.08214892446994781,0.08214892446994781,0.9111111111111111,1.0,880,880
882,t2_b0,29,14,0.9567351765300132,0.03134791553020477,0.4281708002090454,0.4281708002090454,0.9333333333333333,1.0,881,881
882,t2_b0,17,0,0.0,0.008787386119365692,3.8609076000284404e-05,3.8609076000284404e-05,0.925,1.0,881,881
882,t2_b0,37,20,0.007713744854542585,0.023068048059940338,0.00011787732364609838,0.00011787732364609838,0.9333333333333333,1.0,881,881
883,t2_b0,28,8,-0.08298451070841775,0.01348944753408432,0.0046536121517419815,0.0046536121517419815,0.92,1.0,882,882
884,t2_b0,10,32,0.41182327047722533,-0.004895515739917755,0.08682727068662643,0.08682727068662643,0.925,1.0,883,883
884,t2_b0,8,28,0.05899091515076078,0.0010570436716079712,0.0016781666781753302,0.0016781666781753302,0.925,1.0,883,883
884,t2_b0,19,0,0.026448278159230735,0.004620321094989777,0.00023822984076105058,0.00023822984076105058,0.925,1.0,883,883
884,t2_b0,39,15,-0.25890466863598194,0.025540456175804138,0.04045451059937477,0.04045451059937477,0.925,1.0,883,883
885,t2_b0,33,14,0.923517456115447,0.037992559373378754,0.3920772075653076,0.3920772075653076,1.0,1.0,883,883
885,t2_b0,10,32,-0.19974297447171457,0.003646552562713623,0.0206836499273777,0.0206836499273777,0.925,1.0,884,884
885,t2_b0,30,28,0.0,0.029170244932174683,0.00042545158066786826,0.00042545158066786826,0.925,1.0,884,884
886,t2_b0,36,32,0.8793763727995388,0.01276300847530365,0.3755093216896057,0.3755093216896057,0.9333333333333333,1.0,885,885
886,t2_b0,21,11,-0.4287559844413149,0.02521534264087677,0.10304497927427292,0.10304497927427292,0.925,1.0,885,885
887,t2_b0,32,3,-0.6486913153110457,0.01567724347114563,0.22069275379180908,0.22069275379180908,0.92,1.0,886,886
887,t2_b0,12,2,-0.5557846046928266,0.021711111068725586,0.16675063967704773,0.16675063967704773,0.925,1.0,886,886
888,t2_b0,23,3,-1.0,0.014225184917449951,0.5142252445220947,0.5142252445220947,0.925,1.0,887,887
889,t2_b0,14,2,0.9508686857262947,0.02775416523218155,0.4260701835155487,0.4260701835155487,0.9500000000000001,1.0,888,888
890,t2_b0,5,3,-1.0,0.014056898653507233,0.514056921005249,0.514056921005249,0.92,1.0,889,889
890,t2_b0,25,15,-0.005490060850754152,0.024374060332775116,0.0004459328774828464,0.0004459328774828464,0.9333333333333333,1.0,889,889
892,t2_b0,27,20,-0.03977296011941124,0.023379050195217133,0.001994088524952531,0.001994088524952531,0.925,1.0,891,891
892,t2_b0,7,2,-0.011418426300701171,0.0234333798289299,0.0006073241238482296,0.0006073241238482296,0.925,1.0,891,891
894,t2_b0,16,22,0.0,-0.0036984235048294067,6.839168236183468e-06,6.839168236183468e-06,0.025,1.0,893,893
894,t2_b0,9,26,0.17319848859183296,0.03511916100978851,0.009532950818538666,0.009532950818538666,0.925,1.0,893,893
895,t2_b0,38,16,-0.10130632404543445,0.010777637362480164,0.0062814075499773026,0.0062814075499773026,0.9333333333333333,1.0,894,894
895,t2_b0,29,26,-0.19712189754793763,0.048519402742385864,0.03016982600092888,0.03016982600092888,0.925,1.0,894,894
895,t2_b0,20,28,-0.13094284950232807,0.023532971739768982,0.011931389570236206,0.011931389570236206,0.925,1.0,894,894
895,t2_b0,0,2,-0.1006762214084794,0.020654089748859406,0.007360522635281086,0.007360522635281086,0.925,1.0,894,894
896,t2_b0,2,0,-0.051589921989521476,-0.029479369521141052,0.00024443824077025056,0.00024443824077025056,0.92,1.0,895,895
896,t2_b0,11,15,-0.04286965841597401,0.03046867996454239,0.002689255867153406,0.002689255867153406,0.9500000000000001,1.0,895,895
897,t2_b0,22,16,0.014012287656909891,0.007789716124534607,1.93601972569013e-05,1.93601972569013e-05,0.925,1.0,896,896
898,t2_b0,13,2,-0.029882857098127474,0.008849792182445526,0.000750109029468149,0.000750109029468149,0.925,1.0,897,897
898,t2_b0,18,33,0.9544958097800105,0.06073979288339615,0.39939987659454346,0.39939987659454346,1.0,1.0,897,897
898,t2_b0,1,24,-0.03956868417374069,-0.017104171216487885,0.0002523271832615137,0.0002523271832615137,0.1,1.0,897,897
898,t2_b0,36,32,-0.18461921842632723,-0.008577138185501099,0.01549540739506483,0.01549540739506483,0.03333333333333333,1.0,897,897
899,t2_b0,33,26,0.0020721547571448257,0.05706994980573654,0.0015123786870390177,0.0015123786870390177,0.92,1.0,898,898
899,t2_b0,24,1,-0.10005923646950379,0.005363591015338898,0.005556986201554537,0.005556986201554537,1.0,1.0,898,898
900,t2_b0,35,2,-0.018711026340614993,0.012101538479328156,0.0004747070779558271,0.0004747070779558271,0.92,1.0,899,899
900,t2_b0,15,11,-0.1547792252487825,0.03944507986307144,0.018861539661884308,0.018861539661884308,0.9333333333333333,1.0,899,899
901,t2_b0,26,15,-0.044053906398018025,0.054915107786655426,0.004897432867437601,0.004897432867437601,0.92,1.0,900,900
901,t2_b0,21,3,0.9131936976410253,0.019104517996311188,0.3996977210044861,0.3996977210044861,0.9500000000000001,1.0,900,900
901,t2_b0,2,14,0.004118281395682677,-0.048295456916093826,0.0013735999818891287,0.0013735999818891287,0.02,1.0,900,900
902,t2_b0,37,20,0.04945162367380917,0.0190412774682045,0.00046239455696195364,0.00046239455696195364,0.9333333333333333,1.0,901,901
903,t2_b0,8,4,-0.004157190393064801,-0.01148950308561325,2.6881405574386008e-05,2.6881405574386008e-05,0.02,1.0,902,902
904,t2_b0,39,15,-0.06301972014281851,0.05192776769399643,0.006606462877243757,0.006606462877243757,0.92,1.0,903,903
904,t2_b0,4,2,-0.10604651057654736,0.005618885159492493,0.006234580650925636,0.006234580650925636,0.92,1.0,903,903
905,t2_b0,10,36,0.1913330174105027,-0.00841909646987915,0.01995045132935047,0.01995045132935047,0.03333333333333333,1.0,904,904
905,t2_b0,30,28,0.012568551339615376,0.005498632788658142,2.4991872123791836e-05,2.4991872123791836e-05,0.92,1.0,904,904
905,t2_b0,17,27,-0.14132594258378625,-0.0178317129611969,0.007625411730259657,0.007625411730259657,0.02,1.0,904,904
906,t2_b0,19,27,-0.23672135114695617,-0.015530049800872803,0.02446279674768448,0.02446279674768448,0.02,1.0,905,905
907,t2_b0,3,23,-0.1759294640652385,-0.028833754360675812,0.010818573646247387,0.010818573646247387,1.0,1.0,906,906
908,t2_b0,31,12,0.9764977765642858,-0.008785530924797058,0.48539161682128906,0.48539161682128906,0.025,1.0,907,907
908,t2_b0,28,11,0.0845962566291092,0.046034954488277435,0.0007434869185090065,0.0007434869185090065,0.925,1.0,907,907
908,t2_b0,21,32,-0.12025855137872209,-0.002049095928668976,0.006986738182604313,0.006986738182604313,0.05,1.0,907,907
909,t2_b0,32,5,0.03096893718329765,0.008159302175045013,0.0002601397573016584,0.0002601397573016584,0.9500000000000001,1.0,908,908
909,t2_b0,14,2,-0.9350099779901019,0.0054838284850120544,0.44226425886154175,0.44226425886154175,0.92,1.0,908,908
910,t2_b0,5,32,-0.1299141067424254,0.009096771478652954,0.00966201163828373,0.00966201163828373,0.9333333333333333,1.0,909,909
910,t2_b0,25,28,0.010581990968078228,0.05609440058469772,0.0010356896091252565,0.0010356896091252565,0.9142857142857143,1.0,909,909
911,t2_b0,12,3,-0.0826831271785255,-0.002380780875682831,0.003224233165383339,0.003224233165383339,0.016666666666666666,1.0,910,910
911,t2_b0,34,36,0.9892101277659263,0.011834189295768738,0.4776318371295929,0.4776318371295929,0.9500000000000001,1.0,910,910
912,t2_b0,36,34,0.0,0.011191852390766144,6.262878014240414e-05,6.262878014240414e-05,0.03333333333333333,1.0,911,911
912,t2_b0,23,4,-0.815746344122236,-0.026458144187927246,0.31148794293403625,0.31148794293403625,0.02,1.0,911,911
913,t2_b0,16,2,-0.12830910568431877,0.003550201654434204,0.008693438023328781,0.008693438023328781,0.9166666666666667,1.0,912,912
913,t2_b0,18,1,-0.15308382898987213,0.02658768743276596,0.016140928491950035,0.016140928491950035,0.925,1.0,912,912
913,t2_b0,7,5,0.9041260043663918,0.013124153017997742,0.3969421088695526,0.3969421088695526,1.0,1.0,912,912
914,t2_b0,29,1,-0.4621879810529243,0.025614529848098755,0.11897563934326172,0.11897563934326172,0.9142857142857143,1.0,913,913
915,t2_b0,9,28,-0.378495895162205,0.00852823257446289,0.07489383965730667,0.07489383965730667,0.9142857142857143,1.0,914,914
915,t2_b0,11,37,0.9813090705983001,-0.012877412140369415,0.4942033588886261,0.4942033588886261,0.92,1.0,914,914
916,t2_b0,15,8,0.8458170629562528,-0.010535694658756256,0.36667007207870483,0.36667007207870483,0.025,1.0,915,915
916,t2_b0,20,28,-0.09515684863041135,0.0038885101675987244,0.00490499148145318,0.00490499148145318,0.9166666666666667,1.0,915,915
917,t2_b0,35,7,0.9808152787324466,0.023601263761520386,0.45812931656837463,0.45812931656837463,1.0,1.0,915,916
917,t2_b0,13,30,0.9527361474956081,-0.012908056378364563,0.46623435616493225,0.46623435616493225,1.0,1.0,916,916
918,t2_b0,11,37,-0.01163122214886088,0.006031021475791931,0.0001559774245833978,0.0001559774245833978,0.9500000000000001,1.0,917,917
918,t2_b0,33,9,0.0,0.010090544819831848,5.090954800834879e-05,5.090954800834879e-05,0.92,1.0,917,917
918,t2_b0,3,31,0.03629045843119537,-0.05136482045054436,0.003841723781079054,0.003841723781079054,0.0125,1.0,917,917
918,t2_b0,0,38,-0.003183438496370441,-0.030288077890872955,0.00036733070737682283,0.00036733070737682283,0.011111111111111112,1.0,917,917
919,t2_b0,24,9,0.01879263996024601,0.016284413635730743,3.1456008855457185e-06,3.1456008855457185e-06,0.925,1.0,918,918
919,t2_b0,2,19,-0.019938578633601888,-0.04831315204501152,0.00040255821659229696,0.00040255821659229696,0.025,1.0,918,918
920,t2_b0,35,36,-0.20988322847164734,0.031581901013851166,0.029152702540159225,0.029152702540159225,1.0,1.0,919,919
920,t2_b0,27,3,-0.01373137969800977,-0.01765263080596924,7.688104233238846e-06,7.688104233238846e-06,0.016666666666666666,1.0,919,919
921,t2_b0,26,28,0.01736693459110093,0.0123615562915802,1.252690617548069e-05,1.252690617548069e-05,0.9142857142857143,1.0,920,920
921,t2_b0,13,2,0.33243899177175984,0.0006759390234947205,0.0550333634018898,0.0550333634018898,0.9333333333333333,1.0,920,920
922,t2_b0,17,2,-0.1105734887726349,0.002132430672645569,0.006351311691105366,0.006351311691105366,0.9333333333333333,1.0,921,921
922,t2_b0,37,20,-0.01726349979156942,0.001522347331047058,0.0001764540356816724,0.0001764540356816724,0.925,1.0,921,921
922,t2_b0,31,0,-0.4303941651139238,-0.02934648096561432,0.0804196298122406,0.0804196298122406,0.9333333333333333,1.0,921,921
923,t2_b0,15,2,-0.1906325947932922,0.0010770559310913086,0.018376294523477554,0.018376294523477554,0.9333333333333333,1.0,922,922
923,t2_b0,28,9,-0.03255061887386356,0.017267636954784393,0.0012409292394295335,0.0012409292394295335,0.9125,1.0,922,922
923,t2_b0,8,20,-0.09998121937641354,0.009141325950622559,0.00595386466011405,0.00595386466011405,0.9333333333333333,1.0,922,922
923,t2_b0,4,27,-0.17533552582891165,-0.040387704968452454,0.009105456992983818,0.009105456992983818,0.0125,1.0,922,922
924,t2_b0,39,20,-0.25440510456712423,0.01974702626466751,0.037579696625471115,0.037579696625471115,0.9142857142857143,1.0,923,923
924,t2_b0,31,7,0.9649203426181826,0.031002499163150787,0.4361012578010559,0.4361012578010559,1.0,1.0,922,922
925,t2_b0,5,15,0.9318938667938798,-0.018947318196296692,0.45204949378967285,0.45204949378967285,0.1,1.0,924,924
926,t2_b0,21,38,-0.498777436151502,0.004592210054397583,0.12669052183628082,0.12669052183628082,0.9500000000000001,1.0,925,925
926,t2_b0,24,23,0.9808323188085032,-0.03211963176727295,0.5129519701004028,0.5129519701004028,0.02,1.0,925,925
927,t2_b0,10,3,-0.13612520033885755,-0.015851274132728577,0.007232909556478262,0.007232909556478262,0.025,1.0,926,926
928,t2_b0,23,24,0.01579842161015538,-0.038258906453847885,0.0014610975049436092,0.0014610975049436092,0.02,1.0,927,927
928,t2_b0,22,4,0.32616005174116586,-0.023742280900478363,0.06121582165360451,0.06121582165360451,0.03333333333333333,1.0,927,927
928,t2_b0,14,3,0.7417128324557433,-0.009145528078079224,0.28189408779144287,0.28189408779144287,0.92,1.0,927,927
928,t2_b0,30,38,0.6462226134042237,0.008525051176548004,0.20332905650138855,0.20332905650138855,0.9333333333333333,1.0,927,927
929,t2_b0,34,3,0.20506149581895217,-0.013358749449253082,0.02385370060801506,0.02385370060801506,0.02,1.0,928,928
929,t2_b0,38,21,-0.11945406073428379,0.002193443477153778,0.007399057969450951,0.007399057969450951,0.925,1.0,928,928
930,t2_b0,12,13,0.004653741311510842,-0.035213403403759,0.0007946945843286812,0.0007946945843286812,0.05,1.0,929,929
930,t2_b0,14,22,-0.0183806208094296,-0.03667489066720009,0.00016734014207031578,0.00016734014207031578,0.03333333333333333,1.0,929,929
931,t2_b0,36,11,0.0618462485380741,0.007379166781902313,0.0014833315508440137,0.0014833315508440137,0.9333333333333333,1.0,930,930
931,t2_b0,19,17,0.04746250030779229,-0.027968212962150574,0.0028448961675167084,0.0028448961675167084,1.0,1.0,930,930
933,t2_b0,18,33,0.06593536078894084,0.02082383632659912,0.0010175247443839908,0.0010175247443839908,0.9333333333333333,1.0,932,932
933,t2_b0,16,15,-0.03727884689783133,-0.012222357094287872,0.00031391382799483836,0.00031391382799483836,0.9500000000000001,1.0,932,932
934,t2_b0,19,38,0.9759768979464448,0.006818726658821106,0.4696337878704071,0.4696337878704071,0.9500000000000001,1.0,933,933
934,t2_b0,9,28,0.046588618008207704,0.017511822283267975,0.0004227300232741982,0.0004227300232741982,0.925,1.0,933,933
934,t2_b0,3,23,0.0,-0.05923290550708771,0.0017542685382068157,0.0017542685382068157,0.02,1.0,933,933
935,t2_b0,29,33,0.1551351302938544,0.02459947019815445,0.00851977989077568,0.00851977989077568,0.925,1.0,934,934
935,t2_b0,17,5,0.965329745204313,0.0018075332045555115,0.4641875624656677,0.4641875624656677,1.0,1.0,934,934
935,t2_b0,20,28,-0.10050613140317967,0.016806460916996002,0.006881122477352619,0.006881122477352619,0.9142857142857143,1.0,934,934
936,t2_b0,11,28,0.10584183378774634,0.018351905047893524,0.0038272435776889324,0.0038272435776889324,0.9142857142857143,1.0,935,935
936,t2_b0,5,12,-0.5751692981678815,0.0003756880760192871,0.16562603414058685,0.16562603414058685,0.9333333333333333,1.0,935,935
936,t2_b0,30,35,0.9510024951627272,0.0424945130944252,0.4126933515071869,0.4126933515071869,1.0,1.0,934,934
937,t2_b0,31,19,0.006100128676916572,-0.0340004488825798,0.0008040281827561557,0.0008040281827561557,0.02,1.0,936,936
938,t2_b0,33,29,0.05144037608700496,0.024553857743740082,0.0003614424495026469,0.0003614424495026469,0.92,1.0,937,937
938,t2_b0,27,12,0.9216671416522032,0.01411503553390503,0.41182541847229004,0.41182541847229004,1.0,1.0,937,937
939,t2_b0,24,12,0.06773778781194606,0.014755241572856903,0.0014035750646144152,0.0014035750646144152,0.9142857142857143,1.0,938,938
939,t2_b0,22,14,-0.03231205553014394,-0.04282306507229805,5.52406745555345e-05,5.52406745555345e-05,0.1,1.0,938,938
939,t2_b0,13,35,0.0598902056278209,-0.05147453770041466,0.006201053038239479,0.006201053038239479,1.0,1.0,936,938
939,t2_b0,6,29,0.9870515291861,0.04446038603782654,0.44423907995224,0.44423907995224,0.9333333333333333,1.0,938,938
940,t2_b0,15,36,-0.6430008666331256,0.020813338458538055,0.22032463550567627,0.22032463550567627,0.92,1.0,939,939
940,t2_b0,38,7,0.0,-0.03158941864967346,0.0004989457083866,0.0004989457083866,0.02,1.0,939,939
941,t2_b0,35,23,0.9731092154002176,-0.03452509641647339,0.5076342821121216,0.5076342821121216,0.025,1.0,940,940
941,t2_b0,6,29,-0.2800809827839137,0.03478838503360748,0.04957135021686554,0.04957135021686554,0.02,1.0,940,940
941,t2_b0,26,20,-0.11036145012192974,0.022280417382717133,0.0087969321757555,0.0087969321757555,0.9142857142857143,1.0,940,940
942,t2_b0,17,15,-0.10674808844598448,0.020530447363853455,0.008099912665784359,0.008099912665784359,0.9500000000000001,1.0,941,941
942,t2_b0,37,28,-0.5370939285013219,0.024959608912467957,0.15795210003852844,0.15795210003852844,0.9142857142857143,1.0,941,941
943,t2_b0,28,33,-0.002043062596416414,0.02690286934375763,0.0004189334867987782,0.0004189334867987782,0.9166666666666667,1.0,942,942
943,t2_b0,8,37,-0.019080626099982095,0.026555955410003662,0.0010413486743345857,0.0010413486743345857,0.9125,1.0,942,942
944,t2_b0,39,37,0.01266930370228412,0.025363020598888397,8.056523074628785e-05,8.056523074628785e-05,0.9142857142857143,1.0,943,943
945,t2_b0,9,18,0.8121144745640768,0.042549535632133484,0.29611510038375854,0.29611510038375854,1.0,1.0,944,944
945,t2_b0,30,28,0.22462534426593042,0.034941643476486206,0.017989953979849815,0.017989953979849815,0.9333333333333333,1.0,944,944
945,t2_b0,7,21,0.7046787582899932,-0.017740584909915924,0.2609448730945587,0.2609448730945587,1.0,1.0,944,944
945,t2_b0,25,6,0.9489233035770663,0.045856088399887085,0.4077652096748352,0.4077652096748352,0.9500000000000001,1.0,944,944
946,t2_b0,16,31,0.49150666071925103,-0.02611473947763443,0.13396595418453217,0.13396595418453217,0.025,1.0,945,945
947,t2_b0,19,10,-1.0,-0.03178579360246658,0.46871939301490784,0.46871939301490784,0.016666666666666666,1.0,946,946
947,t2_b0,12,16,0.5564999901136827,0.042099252343177795,0.1323040872812271,0.1323040872812271,1.0,1.0,946,946
947,t2_b0,32,6,0.972432832027954,0.054460421204566956,0.42133671045303345,0.42133671045303345,0.9333333333333333,1.0,946,946
949,t2_b0,34,10,-0.10656558753069195,-0.03780302405357361,0.002364145126193762,0.002364145126193762,0.025,1.0,948,948
949,t2_b0,21,19,0.0,-0.024846158921718597,0.0003086657961830497,0.0003086657961830497,0.025,1.0,948,948
950,t2_b0,25,28,-0.34677204660593447,0.034909576177597046,0.07284042984247208,0.07284042984247208,0.92,1.0,949,949
950,t2_b0,5,2,-0.07114266647954826,0.016259334981441498,0.0038195548113435507,0.0038195548113435507,0.9166666666666667,1.0,949,949
950,t2_b0,7,13,0.38779173846956405,-0.12550532817840576,0.13173694908618927,0.13173694908618927,0.1,1.0,3,3
951,t2_b0,36,2,-0.0671024853660865,0.016357824206352234,0.0034828116185963154,0.0034828116185963154,0.9166666666666667,1.0,950,950
952,t2_b0,2,5,0.0012402318392477664,-0.04276968911290169,0.0009684365359134972,0.0009684365359134972,0.025,1.0,951,951
952,t2_b0,27,26,-0.2615092592930598,0.023335985839366913,0.040568411350250244,0.040568411350250244,0.9166666666666667,1.0,951,951
953,t2_b0,29,3,0.919637990327137,-0.010355986654758453,0.43244439363479614,0.43244439363479614,0.9333333333333333,1.0,952,952
953,t2_b0,23,31,-0.02301089961255295,-0.03978627920150757,0.0001407066738465801,0.0001407066738465801,0.016666666666666666,1.0,952,952
954,t2_b0,24,29,0.9505404074703329,0.034084051847457886,0.4199461042881012,0.4199461042881012,1.0,1.0,953,953
954,t2_b0,14,35,-0.027169684539801744,0.0028990432620048523,0.00045206418144516647,0.00045206418144516647,0.05,1.0,953,953
954,t2_b0,0,3,-0.13289568026090032,-0.01887526363134384,0.006500327493995428,0.006500327493995428,0.92,1.0,953,953
954,t2_b0,9,20,0.12753161310156752,0.03260434418916702,0.004505593795329332,0.004505593795329332,0.925,1.0,953,953
955,t2_b0,13,12,0.7390766347312675,-0.031832098960876465,0.2971501350402832,0.2971501350402832,0.03333333333333333,1.0,954,954
955,t2_b0,10,23,-0.08390427794387166,-0.0472496934235096,0.0006717793876305223,0.0006717793876305223,0.014285714285714287,1.0,954,954
955,t2_b0,0,34,0.022133341199212595,-0.0576632097363472,0.0031837448477745056,0.0031837448477745056,0.016666666666666666,1.0,954,954
955,t2_b0,18,20,0.9477551991181002,0.004880383610725403,0.4445064961910248,0.4445064961910248,0.9333333333333333,1.0,954,954
956,t2_b0,38,21,-0.041924491084644015,0.00045559555292129517,0.0008980358834378421,0.0008980358834378421,0.9333333333333333,1.0,955,955
956,t2_b0,11,9,0.0017160404537608566,0.033783555030822754,0.0005141627625562251,0.0005141627625562251,0.9142857142857143,1.0,955,955
957,t2_b0,7,13,0.42254974859903344,-0.018400341272354126,0.09721849113702774,0.09721849113702774,0.03333333333333333,1.0,956,956
957,t2_b0,20,21,-0.6542328541403278,0.0045394450426101685,0.21699047088623047,0.21699047088623047,0.9333333333333333,1.0,956,956
958,t2_b0,13,12,0.043140308512345085,-0.0011408179998397827,0.0009804089786484838,0.0009804089786484838,0.03333333333333333,1.0,957,957
958,t2_b0,3,34,-0.09325983290202654,-0.08344487100839615,4.81667484564241e-05,4.81667484564241e-05,0.025,1.0,957,957
958,t2_b0,33,35,-0.11047330369376027,-0.0008174479007720947,0.006012203637510538,0.006012203637510538,0.03333333333333333,1.0,957,957
959,t2_b0,37,8,0.9057362649019547,0.04864221811294556,0.36730509996414185,0.36730509996414185,1.0,1.0,958,958
959,t2_b0,29,33,-0.3097967519857085,0.00878772884607315,0.050748031586408615,0.050748031586408615,0.9500000000000001,1.0,958,958
960,t2_b0,35,2,0.07958110292985751,0.016882427036762238,0.0019655621144920588,0.0019655621144920588,0.92,1.0,959,959
961,t2_b0,15,9,0.003718576536734707,0.019951380789279938,0.00013175194908399135,0.00013175194908399135,0.9500000000000001,1.0,960,960
961,t2_b0,6,30,0.04127739999342593,0.030998893082141876,5.2823863370576873e-05,5.2823863370576873e-05,0.9142857142857143,1.0,960,960
961,t2_b0,2,17,-0.013999025046607026,-0.04469671472907066,0.0004711740475613624,0.0004711740475613624,0.03333333333333333,1.0,960,960
962,t2_b0,37,6,-0.8457865863838295,0.043386757373809814,0.39531460404396057,0.39531460404396057,0.925,1.0,961,961
962,t2_b0,17,2,0.05679321455404761,0.012628398835659027,0.0009752654004842043,0.0009752654004842043,0.9333333333333333,1.0,961,961
964,t2_b0,39,33,0.05932788600200217,0.004978291690349579,0.0014769391855224967,0.0014769391855224967,0.9500000000000001,1.0,963,963
965,t2_b0,8,35,0.9704507489459218,-0.005728341639041901,0.47646284103393555,0.47646284103393555,0.1,1.0,964,964
965,t2_b0,19,24,-0.09446376973176643,-0.05470365658402443,0.0007904334343038499,0.0007904334343038499,0.025,1.0,964,964
965,t2_b0,30,6,0.009251996776700338,0.03399743139743805,0.0003061682509724051,0.0003061682509724051,0.92,1.0,964,964
966,t2_b0,38,8,0.9853843696459313,0.062334246933460236,0.42601075768470764,0.42601075768470764,1.0,1.0,965,965
966,t2_b0,21,18,-0.003599705775774868,-0.04464000463485718,0.0008421530365012586,0.0008421530365012586,0.025,1.0,965,965
967,t2_b0,12,16,0.06504632894911308,-0.03942866250872612,0.005457512103021145,0.005457512103021145,0.03333333333333333,1.0,966,966
967,t2_b0,32,6,-0.23104792183321618,0.04408051073551178,0.03784782439470291,0.03784782439470291,0.925,1.0,966,966
968,t2_b0,23,10,-0.07755571170540397,-0.05843881890177727,0.00018272773013450205,0.00018272773013450205,0.025,1.0,967,967
969,t2_b0,11,32,0.9467304838998345,0.05458807200193405,0.39795905351638794,0.39795905351638794,0.9500000000000001,1.0,968,968
969,t2_b0,14,35,0.0,0.003059074282646179,4.67896779809962e-06,4.67896779809962e-06,0.025,1.0,968,968
969,t2_b0,3,10,-0.4087438966872572,-0.0863441526889801,0.051970794796943665,0.051970794796943665,0.03333333333333333,1.0,968,968
970,t2_b0,16,20,0.1225958563263535,-0.03336267173290253,0.012161532416939735,0.012161532416939735,0.925,1.0,969,969
970,t2_b0,34,33,-0.32212902499094104,-0.05639949440956116,0.035306088626384735,0.035306088626384735,0.9500000000000001,1.0,969,969
970,t2_b0,25,15,-0.35647745167042144,0.025027431547641754,0.07277297973632812,0.07277297973632812,0.02,1.0,969,969
971,t2_b0,24,18,0.0033529796963834204,-0.04178193211555481,0.0010185801656916738,0.0010185801656916738,0.02,1.0,970,970
971,t2_b0,5,37,0.9225622208067609,0.01989155262708664,0.4074071943759918,0.4074071943759918,0.9500000000000001,1.0,970,970
973,t2_b0,38,14,-0.09376522194436647,0.018470406532287598,0.006298418156802654,0.006298418156802654,0.925,1.0,972,972
973,t2_b0,31,19,0.04585214783794765,-0.07547019422054291,0.007359555456787348,0.007359555456787348,1.0,1.0,972,972
974,t2_b0,9,0,-0.5408112438457439,-0.01248912513256073,0.13956211507320404,0.13956211507320404,0.025,1.0,973,973
974,t2_b0,34,5,0.986201124048774,0.026415959000587463,0.4605937898159027,0.4605937898159027,1.0,1.0,973,973
974,t2_b0,29,14,0.28564093795571904,0.0034206584095954895,0.039824143052101135,0.039824143052101135,0.925,1.0,973,973
974,t2_b0,26,13,0.8246529114309555,-0.013309650123119354,0.3510906398296356,0.3510906398296356,0.03333333333333333,1.0,973,973
975,t2_b0,20,39,0.0021510254419031065,-0.03855333849787712,0.0008284225477837026,0.0008284225477837026,0.025,1.0,974,974
975,t2_b0,0,2,-0.012691399548085578,0.005519337952136993,0.00016581546515226364,0.00016581546515226364,0.9333333333333333,1.0,974,974
976,t2_b0,27,39,0.0,-0.0435970164835453,0.0009503499022684991,0.0009503499022684991,0.03333333333333333,1.0,975,975
978,t2_b0,7,12,-0.1013156622168417,-0.019233018159866333,0.0033687802497297525,0.0033687802497297525,0.02,1.0,977,977
978,t2_b0,15,2,0.8869976739974724,0.006426550447940826,0.3877027630805969,0.3877027630805969,0.925,1.0,977,977
979,t2_b0,31,13,0.8856578797753993,-0.01840738207101822,0.40866705775260925,0.40866705775260925,0.02,1.0,978,978
979,t2_b0,21,7,0.9136340353800186,0.011086024343967438,0.40729644894599915,0.40729644894599915,0.9333333333333333,1.0,978,978
979,t2_b0,39,2,0.9204656782319908,0.0061963945627212524,0.41794419288635254,0.41794419288635254,0.925,1.0,978,978
980,t2_b0,15,2,-0.22421378833995975,0.004153303802013397,0.026075763627886772,0.026075763627886772,0.925,1.0,979,979
980,t2_b0,13,16,0.13367005209696378,0.003738708794116974,0.008441075682640076,0.008441075682640076,0.9166666666666667,1.0,979,979
980,t2_b0,11,25,-0.12991504625042308,-0.006898313760757446,0.007566557731479406,0.007566557731479406,0.03333333333333333,1.0,979,979
980,t2_b0,35,29,-0.052067306295910554,0.020769290626049042,0.0026525845751166344,0.0026525845751166344,0.9333333333333333,1.0,979,979
980,t2_b0,10,33,-0.3754397433673885,-0.07888093590736389,0.04397356137633324,0.04397356137633324,0.025,1.0,979,979
981,t2_b0,2,9,-0.013160214024791303,-0.05717310309410095,0.0009685672121122479,0.0009685672121122479,0.02,1.0,980,980
981,t2_b0,26,13,0.017763097839440956,0.015229292213916779,3.210087697880226e-06,3.210087697880226e-06,0.925,1.0,980,980
981,t2_b0,33,3,-0.4221258437514697,-0.05974039435386658,0.06566160917282104,0.06566160917282104,0.025,1.0,980,980
981,t2_b0,18,20,0.004859992033726226,-0.021253280341625214,0.00034095149021595716,0.00034095149021595716,0.03333333333333333,1.0,980,980
982,t2_b0,17,2,-0.002208985763464836,0.0015850812196731567,7.19747231414658e-06,7.19747231414658e-06,0.92,1.0,981,981
982,t2_b0,37,34,0.0464369399347917,0.021010763943195343,0.0003232451854273677,0.0003232451854273677,1.0,1.0,981,981
982,t2_b0,24,29,0.9354852657490237,-0.06618015468120575,0.5016653537750244,0.5016653537750244,0.05,1.0,981,981
983,t2_b0,16,20,0.17539812839971786,0.0017383918166160583,0.015078852884471416,0.015078852884471416,0.925,1.0,982,982
984,t2_b0,39,2,-0.012705602430963614,0.0024762004613876343,0.00011524357250891626,0.00011524357250891626,0.92,1.0,983,983
984,t2_b0,19,37,0.9517871594536845,0.029090873897075653,0.42568421363830566,0.42568421363830566,1.0,1.0,982,982
985,t2_b0,6,11,-0.04586395939215345,-0.013316124677658081,0.0005296808085404336,0.0005296808085404336,0.02,1.0,984,984
986,t2_b0,21,13,-0.08318314412589795,0.020182766020298004,0.005342255812138319,0.005342255812138319,0.9333333333333333,1.0,985,985
987,t2_b0,12,16,0.1321735780542982,0.016506142914295197,0.006689478177577257,0.006689478177577257,0.925,1.0,986,986
987,t2_b0,8,3,-0.33480596395366385,-0.05712345615029335,0.038553789258003235,0.038553789258003235,0.016666666666666666,1.0,986,986
988,t2_b0,10,31,0.030793051011719252,-0.07906409353017807,0.006034296005964279,0.006034296005964279,0.016666666666666666,1.0,987,987
989,t2_b0,34,5,0.5351275904882551,0.028854556381702423,0.12815618515014648,0.12815618515014648,0.9500000000000001,1.0,988,988
989,t2_b0,14,29,0.15523469478047866,0.023303821682929993,0.008702877908945084,0.008702877908945084,0.9500000000000001,1.0,988,988
990,t2_b0,5,35,-0.3496206765579016,0.04432043433189392,0.07759479433298111,0.07759479433298111,0.9333333333333333,1.0,989,989
991,t2_b0,16,20,-0.0031504453058208703,0.014321856200695038,0.00015264064131770283,0.00015264064131770283,0.92,1.0,990,990
992,t2_b0,7,13,0.004858999946070716,0.0233173668384552,0.00017035564815159887,0.00017035564815159887,0.925,1.0,991,991
992,t2_b0,27,20,0.0008764256943199512,0.0022085756063461304,8.873116144059168e-07,8.873116144059168e-07,0.9333333333333333,1.0,991,991
993,t2_b0,18,20,-0.03999169863086181,0.01940780133008957,0.0017641503363847733,0.0017641503363847733,0.9333333333333333,1.0,992,992
993,t2_b0,32,30,-0.028790302276485113,-0.013096265494823456,0.00012315140338614583,0.00012315140338614583,0.03333333333333333,1.0,992,992
994,t2_b0,29,14,0.37860156226934133,0.04238470643758774,0.05652087926864624,0.05652087926864624,0.9333333333333333,1.0,993,993
995,t2_b0,0,2,-0.024271134772478976,0.0012864843010902405,0.0003265959385316819,0.0003265959385316819,0.9166666666666667,1.0,994,994
995,t2_b0,20,16,-0.05486645373836728,0.02774842083454132,0.003412608988583088,0.003412608988583088,0.9166666666666667,1.0,994,994
997,t2_b0,9,11,0.0,-0.025725416839122772,0.0003308985324110836,0.0003308985324110836,0.9333333333333333,1.0,996,996
998,t2_b0,30,0,0.021775495269289968,-0.023291215300559998,0.0010155042400583625,0.0010155042400583625,0.9500000000000001,1.0,997,997
998,t2_b0,2,17,-0.018545408560661752,-0.06388825178146362,0.0010279867565259337,0.0010279867565259337,0.05,1.0,997,997
998,t2_b0,23,38,0.0,-0.08641865849494934,0.003734092228114605,0.003734092228114605,0.03333333333333333,1.0,997,997
998,t2_b0,13,18,-0.39463880062023643,0.02528301626443863,0.08816716820001602,0.08816716820001602,0.925,1.0,997,997
999,t2_b0,24,16,-0.29330549777703735,0.011603675782680511,0.046484801918268204,0.046484801918268204,0.9333333333333333,1.0,998,998
999,t2_b0,11,1,-0.7706570095522975,0.01938249170780182,0.3120811879634857,0.3120811879634857,0.9500000000000001,1.0,998,998
999,t2_b0,33,8,-0.0444919557825623,-0.0781433954834938,0.0005662097246386111,0.0005662097246386111,0.1,1.0,998,998
1000,t2_b0,6,35,0.0,-0.12560881674289703,0.007888787426054478,0.007888787426054478,1.0,1.0,1,1
1000,t2_b0,25,0,-0.386062597463545,-0.02245553582906723,0.06610504537820816,0.06610504537820816,0.9333333333333333,1.0,999,999
1000,t2_b0,37,16,0.42520320845133996,0.01833435893058777,0.08277112990617752,0.08277112990617752,0.9500000000000001,1.0,999,999
1000,t2_b0,38,23,0.5493954870880926,-0.0742628276348114,0.19447483122348785,0.19447483122348785,0.9500000000000001,1.0,999,999
1000,t2_b0,1,32,-0.15209369693071434,-0.006994977593421936,0.01052681915462017,0.01052681915462017,0.9500000000000001,1.0,999,999
1000,t2_b0,15,2,-0.2750751837825746,-0.003901064395904541,0.03676770627498627,0.03676770627498627,0.9500000000000001,1.0,999,999
