step,contact_threshold_rx_power_dbm,contact_threshold_snr_db,feasible_contact_decisions,feasible_contact_pairs,greedy_comm_bytes,greedy_comm_cumulative_mb,greedy_comm_mb,greedy_events,local_policy_initial_pull_probability,noise_floor_dbm,propagation_loss_contact_threshold_db,rssi_gossip_threshold_dbm,snr_min_db,t2_b0_comm_bytes,t2_b0_comm_cumulative_mb,t2_b0_comm_cumulative_vs_greedy_ratio,t2_b0_comm_mb,t2_b0_comm_vs_greedy_ratio,t2_b0_events,t2_b0_merge_metadata_bytes,t2_b0_metadata_bytes,t2_b0_model_bytes,t2_b0_policy_model_bytes,t2_b0_selected_providers
1,-100.0,5.0,686,343,0,0.0,0.0,0,1.0,-105.0,123.0,-100.0,5.0,11747342,11.747342,nan,11.747342,nan,60,480,475398,8634480,2636984,60
2,-100.0,5.0,690,345,0,0.0,0.0,0,1.0,-105.0,123.0,-100.0,5.0,11765490,23.512832,nan,11.76549,nan,60,480,478170,8634480,2652360,60
3,-100.0,5.0,690,345,0,0.0,0.0,0,1.0,-105.0,123.0,-100.0,5.0,11765490,35.278322,nan,11.76549,nan,60,480,478170,8634480,2652360,60
4,-100.0,5.0,698,349,0,0.0,0.0,0,1.0,-105.0,123.0,-100.0,5.0,11801786,47.080108,nan,11.801786,nan,60,480,483714,8634480,2683112,60
5,-100.0,5.0,714,357,0,0.0,0.0,0,1.0,-105.0,123.0,-100.0,5.0,11874378,58.954486,nan,11.874378,nan,60,480,494802,8634480,2744616,60
6,-100.0,5.0,716,358,0,0.0,0.0,0,1.0,-105.0,123.0,-100.0,5.0,11883452,70.837938,nan,11.883452,nan,60,480,496188,8634480,2752304,60
7,-100.0,5.0,724,362,0,0.0,0.0,0,1.0,-105.0,123.0,-100.0,5.0,11919748,82.757686,nan,11.919748,nan,60,480,501732,8634480,2783056,60
8,-100.0,5.0,718,359,0,0.0,0.0,0,1.0,-105.0,123.0,-100.0,5.0,11892526,94.650212,nan,11.892526,nan,60,480,497574,8634480,2759992,60
9,-100.0,5.0,708,354,0,0.0,0.0,0,1.0,-105.0,123.0,-100.0,5.0,11847156,106.497368,nan,11.847156,nan,60,480,490644,8634480,2721552,60
10,-100.0,5.0,720,360,0,0.0,0.0,0,1.0,-105.0,123.0,-100.0,5.0,11901600,118.398968,nan,11.9016,nan,60,480,498960,8634480,2767680,60
11,-100.0,5.0,722,361,0,0.0,0.0,0,1.0,-105.0,123.0,-100.0,5.0,11910674,130.309642,nan,11.910674,nan,60,480,500346,8634480,2775368,60
12,-100.0,5.0,694,347,0,0.0,0.0,0,1.0,-105.0,123.0,-100.0,5.0,11783638,142.09328,nan,11.783638,nan,60,480,480942,8634480,2667736,60
13,-100.0,5.0,700,350,0,0.0,0.0,0,1.0,-105.0,123.0,-100.0,5.0,11810860,153.90414,nan,11.81086,nan,60,480,485100,8634480,2690800,60
14,-100.0,5.0,714,357,0,0.0,0.0,0,1.0,-105.0,123.0,-100.0,5.0,11874378,165.778518,nan,11.874378,nan,60,480,494802,8634480,2744616,60
15,-100.0,5.0,722,361,0,0.0,0.0,0,1.0,-105.0,123.0,-100.0,5.0,11910674,177.689192,nan,11.910674,nan,60,480,500346,8634480,2775368,60
16,-100.0,5.0,748,374,0,0.0,0.0,0,1.0,-105.0,123.0,-100.0,5.0,12028636,189.717828,nan,12.028636,nan,60,480,518364,8634480,2875312,60
17,-100.0,5.0,782,391,0,0.0,0.0,0,1.0,-105.0,123.0,-100.0,5.0,12182894,201.900722,nan,12.182894,nan,60,480,541926,8634480,3006008,60
18,-100.0,5.0,798,399,0,0.0,0.0,0,1.0,-105.0,123.0,-100.0,5.0,12255486,214.156208,nan,12.255486,nan,60,480,553014,8634480,3067512,60
19,-100.0,5.0,848,424,0,0.0,0.0,0,1.0,-105.0,123.0,-100.0,5.0,12482336,226.638544,nan,12.482336,nan,60,480,587664,8634480,3259712,60
20,-100.0,5.0,842,421,0,0.0,0.0,0,1.0,-105.0,123.0,-100.0,5.0,12455114,239.093658,nan,12.455114,nan,60,480,583506,8634480,3236648,60
21,-100.0,5.0,830,415,0,0.0,0.0,0,1.0,-105.0,123.0,-100.0,5.0,12400670,251.494328,nan,12.40067,nan,60,480,575190,8634480,3190520,60
22,-100.0,5.0,778,389,0,0.0,0.0,0,1.0,-105.0,123.0,-100.0,5.0,12164746,263.659074,nan,12.164746,nan,60,480,539154,8634480,2990632,60
23,-100.0,5.0,776,388,0,0.0,0.0,0,1.0,-105.0,123.0,-100.0,5.0,12155672,275.814746,nan,12.155672,nan,60,480,537768,8634480,2982944,60
24,-100.0,5.0,778,389,0,0.0,0.0,0,1.0,-105.0,123.0,-100.0,5.0,12164746,287.979492,nan,12.164746,nan,60,480,539154,8634480,2990632,60
25,-100.0,5.0,828,414,0,0.0,0.0,0,1.0,-105.0,123.0,-100.0,5.0,12391596,300.371088,nan,12.391596,nan,60,480,573804,8634480,3182832,60
26,-100.0,5.0,846,423,0,0.0,0.0,0,1.0,-105.0,123.0,-100.0,5.0,12473262,312.84435,nan,12.473262,nan,60,480,586278,8634480,3252024,60
27,-100.0,5.0,856,428,0,0.0,0.0,0,1.0,-105.0,123.0,-100.0,5.0,12518632,325.362982,nan,12.518632,nan,60,480,593208,8634480,3290464,60
28,-100.0,5.0,850,425,0,0.0,0.0,0,1.0,-105.0,123.0,-100.0,5.0,12491410,337.854392,nan,12.49141,nan,60,480,589050,8634480,3267400,60
29,-100.0,5.0,854,427,0,0.0,0.0,0,1.0,-105.0,123.0,-100.0,5.0,12509558,350.36395,nan,12.509558,nan,60,480,591822,8634480,3282776,60
30,-100.0,5.0,874,437,0,0.0,0.0,0,1.0,-105.0,123.0,-100.0,5.0,12600298,362.964248,nan,12.600298,nan,60,480,605682,8634480,3359656,60
31,-100.0,5.0,872,436,0,0.0,0.0,0,1.0,-105.0,123.0,-100.0,5.0,12591224,375.555472,nan,12.591224,nan,60,480,604296,8634480,3351968,60
32,-100.0,5.0,880,440,0,0.0,0.0,0,1.0,-105.0,123.0,-100.0,5.0,12627520,388.182992,nan,12.62752,nan,60,480,609840,8634480,3382720,60
33,-100.0,5.0,938,469,0,0.0,0.0,0,1.0,-105.0,123.0,-100.0,5.0,12890666,401.073658,nan,12.890666,nan,60,480,650034,8634480,3605672,60
34,-100.0,5.0,896,448,0,0.0,0.0,0,1.0,-105.0,123.0,-100.0,5.0,12700112,413.77377,nan,12.700112,nan,60,480,620928,8634480,3444224,60
35,-100.0,5.0,884,442,0,0.0,0.0,0,1.0,-105.0,123.0,-100.0,5.0,12645668,426.419438,nan,12.645668,nan,60,480,612612,8634480,3398096,60
36,-100.0,5.0,870,435,0,0.0,0.0,0,1.0,-105.0,123.0,-100.0,5.0,12582150,439.001588,nan,12.58215,nan,60,480,602910,8634480,3344280,60
37,-100.0,5.0,846,423,0,0.0,0.0,0,1.0,-105.0,123.0,-100.0,5.0,12473262,451.47485,nan,12.473262,nan,60,480,586278,8634480,3252024,60
38,-100.0,5.0,870,435,0,0.0,0.0,0,1.0,-105.0,123.0,-100.0,5.0,12582150,464.057,nan,12.58215,nan,60,480,602910,8634480,3344280,60
39,-100.0,5.0,870,435,0,0.0,0.0,0,1.0,-105.0,123.0,-100.0,5.0,12582150,476.63915,nan,12.58215,nan,60,480,602910,8634480,3344280,60
40,-100.0,5.0,872,436,0,0.0,0.0,0,1.0,-105.0,123.0,-100.0,5.0,12591224,489.230374,nan,12.591224,nan,60,480,604296,8634480,3351968,60
41,-100.0,5.0,860,430,0,0.0,0.0,0,1.0,-105.0,123.0,-100.0,5.0,12536780,501.767154,nan,12.53678,nan,60,480,595980,8634480,3305840,60
42,-100.0,5.0,880,440,0,0.0,0.0,0,1.0,-105.0,123.0,-100.0,5.0,12627520,514.394674,nan,12.62752,nan,60,480,609840,8634480,3382720,60
43,-100.0,5.0,886,443,0,0.0,0.0,0,1.0,-105.0,123.0,-100.0,5.0,12654742,527.049416,nan,12.654742,nan,60,480,613998,8634480,3405784,60
44,-100.0,5.0,906,453,0,0.0,0.0,0,1.0,-105.0,123.0,-100.0,5.0,12745482,539.794898,nan,12.745482,nan,60,480,627858,8634480,3482664,60
45,-100.0,5.0,904,452,0,0.0,0.0,0,1.0,-105.0,123.0,-100.0,5.0,12736408,552.531306,nan,12.736408,nan,60,480,626472,8634480,3474976,60
46,-100.0,5.0,904,452,0,0.0,0.0,0,1.0,-105.0,123.0,-100.0,5.0,12736408,565.267714,nan,12.736408,nan,60,480,626472,8634480,3474976,60
47,-100.0,5.0,886,443,0,0.0,0.0,0,1.0,-105.0,123.0,-100.0,5.0,12654742,577.922456,nan,12.654742,nan,60,480,613998,8634480,3405784,60
48,-100.0,5.0,924,462,0,0.0,0.0,0,1.0,-105.0,123.0,-100.0,5.0,12827148,590.749604,nan,12.827148,nan,60,480,640332,8634480,3551856,60
49,-100.0,5.0,904,452,0,0.0,0.0,0,1.0,-105.0,123.0,-100.0,5.0,12736408,603.486012,nan,12.736408,nan,60,480,626472,8634480,3474976,60
50,-100.0,5.0,954,477,0,0.0,0.0,0,1.0,-105.0,123.0,-100.0,5.0,12963258,616.44927,nan,12.963258,nan,60,480,661122,8634480,3667176,60
51,-100.0,5.0,964,482,0,0.0,0.0,0,1.0,-105.0,123.0,-100.0,5.0,13008628,629.457898,nan,13.008628,nan,60,480,668052,8634480,3705616,60
52,-100.0,5.0,916,458,0,0.0,0.0,0,1.0,-105.0,123.0,-100.0,5.0,12790852,642.24875,nan,12.790852,nan,60,480,634788,8634480,3521104,60
53,-100.0,5.0,976,488,0,0.0,0.0,0,1.0,-105.0,123.0,-100.0,5.0,13063072,655.311822,nan,13.063072,nan,60,480,676368,8634480,3751744,60
54,-100.0,5.0,906,453,0,0.0,0.0,0,1.0,-105.0,123.0,-100.0,5.0,12745482,668.057304,nan,12.745482,nan,60,480,627858,8634480,3482664,60
55,-100.0,5.0,894,447,0,0.0,0.0,0,1.0,-105.0,123.0,-100.0,5.0,12691038,680.748342,nan,12.691038,nan,60,480,619542,8634480,3436536,60
56,-100.0,5.0,898,449,0,0.0,0.0,0,1.0,-105.0,123.0,-100.0,5.0,12709186,693.457528,nan,12.709186,nan,60,480,622314,8634480,3451912,60
57,-100.0,5.0,888,444,0,0.0,0.0,0,1.0,-105.0,123.0,-100.0,5.0,12663816,706.121344,nan,12.663816,nan,60,480,615384,8634480,3413472,60
58,-100.0,5.0,836,418,0,0.0,0.0,0,1.0,-105.0,123.0,-100.0,5.0,12427892,718.549236,nan,12.427892,nan,60,480,579348,8634480,3213584,60
59,-100.0,5.0,800,400,0,0.0,0.0,0,1.0,-105.0,123.0,-100.0,5.0,12264560,730.813796,nan,12.26456,nan,60,480,554400,8634480,3075200,60
60,-100.0,5.0,758,379,0,0.0,0.0,0,1.0,-105.0,123.0,-100.0,5.0,12074006,742.887802,nan,12.074006,nan,60,480,525294,8634480,2913752,60
61,-100.0,5.0,760,380,0,0.0,0.0,0,1.0,-105.0,123.0,-100.0,5.0,12083080,754.970882,nan,12.08308,nan,60,480,526680,8634480,2921440,60
62,-100.0,5.0,762,381,0,0.0,0.0,0,1.0,-105.0,123.0,-100.0,5.0,12092154,767.063036,nan,12.092154,nan,60,480,528066,8634480,2929128,60
63,-100.0,5.0,768,384,0,0.0,0.0,0,1.0,-105.0,123.0,-100.0,5.0,12119376,779.182412,nan,12.119376,nan,60,480,532224,8634480,2952192,60
64,-100.0,5.0,786,393,0,0.0,0.0,0,1.0,-105.0,123.0,-100.0,5.0,12201042,791.383454,nan,12.201042,nan,60,480,544698,8634480,3021384,60
65,-100.0,5.0,792,396,0,0.0,0.0,0,1.0,-105.0,123.0,-100.0,5.0,12228264,803.611718,nan,12.228264,nan,60,480,548856,8634480,3044448,60
66,-100.0,5.0,806,403,0,0.0,0.0,0,1.0,-105.0,123.0,-100.0,5.0,12291782,815.9035,nan,12.291782,nan,60,480,558558,8634480,3098264,60
67,-100.0,5.0,804,402,0,0.0,0.0,0,1.0,-105.0,123.0,-100.0,5.0,12282708,828.186208,nan,12.282708,nan,60,480,557172,8634480,3090576,60
68,-100.0,5.0,770,385,0,0.0,0.0,0,1.0,-105.0,123.0,-100.0,5.0,12128450,840.314658,nan,12.12845,nan,60,480,533610,8634480,2959880,60
69,-100.0,5.0,754,377,0,0.0,0.0,0,1.0,-105.0,123.0,-100.0,5.0,12055858,852.370516,nan,12.055858,nan,60,480,522522,8634480,2898376,60
70,-100.0,5.0,746,373,0,0.0,0.0,0,1.0,-105.0,123.0,-100.0,5.0,12019562,864.390078,nan,12.019562,nan,60,480,516978,8634480,2867624,60
71,-100.0,5.0,748,374,0,0.0,0.0,0,1.0,-105.0,123.0,-100.0,5.0,12028636,876.418714,nan,12.028636,nan,60,480,518364,8634480,2875312,60
72,-100.0,5.0,740,370,0,0.0,0.0,0,1.0,-105.0,123.0,-100.0,5.0,11992340,888.411054,nan,11.99234,nan,60,480,512820,8634480,2844560,60
73,-100.0,5.0,746,373,0,0.0,0.0,0,1.0,-105.0,123.0,-100.0,5.0,12019562,900.430616,nan,12.019562,nan,60,480,516978,8634480,2867624,60
74,-100.0,5.0,732,366,0,0.0,0.0,0,1.0,-105.0,123.0,-100.0,5.0,11956044,912.38666,nan,11.956044,nan,60,480,507276,8634480,2813808,60
75,-100.0,5.0,726,363,0,0.0,0.0,0,1.0,-105.0,123.0,-100.0,5.0,11928822,924.315482,nan,11.928822,nan,60,480,503118,8634480,2790744,60
76,-100.0,5.0,720,360,0,0.0,0.0,0,1.0,-105.0,123.0,-100.0,5.0,11901600,936.217082,nan,11.9016,nan,60,480,498960,8634480,2767680,60
77,-100.0,5.0,728,364,0,0.0,0.0,0,1.0,-105.0,123.0,-100.0,5.0,11937896,948.154978,nan,11.937896,nan,60,480,504504,8634480,2798432,60
78,-100.0,5.0,732,366,0,0.0,0.0,0,1.0,-105.0,123.0,-100.0,5.0,11956044,960.111022,nan,11.956044,nan,60,480,507276,8634480,2813808,60
79,-100.0,5.0,738,369,0,0.0,0.0,0,1.0,-105.0,123.0,-100.0,5.0,11983266,972.094288,nan,11.983266,nan,60,480,511434,8634480,2836872,60
80,-100.0,5.0,702,351,0,0.0,0.0,0,1.0,-105.0,123.0,-100.0,5.0,11819934,983.914222,nan,11.819934,nan,60,480,486486,8634480,2698488,60
81,-100.0,5.0,714,357,0,0.0,0.0,0,1.0,-105.0,123.0,-100.0,5.0,11874378,995.7886,nan,11.874378,nan,60,480,494802,8634480,2744616,60
82,-100.0,5.0,708,354,0,0.0,0.0,0,1.0,-105.0,123.0,-100.0,5.0,11847156,1007.635756,nan,11.847156,nan,60,480,490644,8634480,2721552,60
83,-100.0,5.0,724,362,0,0.0,0.0,0,1.0,-105.0,123.0,-100.0,5.0,11919748,1019.555504,nan,11.919748,nan,60,480,501732,8634480,2783056,60
84,-100.0,5.0,730,365,0,0.0,0.0,0,1.0,-105.0,123.0,-100.0,5.0,11946970,1031.502474,nan,11.94697,nan,60,480,505890,8634480,2806120,60
85,-100.0,5.0,738,369,0,0.0,0.0,0,1.0,-105.0,123.0,-100.0,5.0,11983266,1043.48574,nan,11.983266,nan,60,480,511434,8634480,2836872,60
86,-100.0,5.0,740,370,0,0.0,0.0,0,1.0,-105.0,123.0,-100.0,5.0,11992340,1055.47808,nan,11.99234,nan,60,480,512820,8634480,2844560,60
87,-100.0,5.0,740,370,0,0.0,0.0,0,1.0,-105.0,123.0,-100.0,5.0,11992340,1067.47042,nan,11.99234,nan,60,480,512820,8634480,2844560,60
88,-100.0,5.0,750,375,0,0.0,0.0,0,1.0,-105.0,123.0,-100.0,5.0,12037710,1079.50813,nan,12.03771,nan,60,480,519750,8634480,2883000,60
89,-100.0,5.0,746,373,0,0.0,0.0,0,1.0,-105.0,123.0,-100.0,5.0,12019562,1091.527692,nan,12.019562,nan,60,480,516978,8634480,2867624,60
90,-100.0,5.0,736,368,0,0.0,0.0,0,1.0,-105.0,123.0,-100.0,5.0,11974192,1103.501884,nan,11.974192,nan,60,480,510048,8634480,2829184,60
91,-100.0,5.0,742,371,0,0.0,0.0,0,1.0,-105.0,123.0,-100.0,5.0,12001414,1115.503298,nan,12.001414,nan,60,480,514206,8634480,2852248,60
92,-100.0,5.0,738,369,0,0.0,0.0,0,1.0,-105.0,123.0,-100.0,5.0,11983266,1127.486564,nan,11.983266,nan,60,480,511434,8634480,2836872,60
93,-100.0,5.0,730,365,0,0.0,0.0,0,1.0,-105.0,123.0,-100.0,5.0,11946970,1139.433534,nan,11.94697,nan,60,480,505890,8634480,2806120,60
94,-100.0,5.0,716,358,0,0.0,0.0,0,1.0,-105.0,123.0,-100.0,5.0,11883452,1151.316986,nan,11.883452,nan,60,480,496188,8634480,2752304,60
95,-100.0,5.0,718,359,0,0.0,0.0,0,1.0,-105.0,123.0,-100.0,5.0,11892526,1163.209512,nan,11.892526,nan,60,480,497574,8634480,2759992,60
96,-100.0,5.0,712,356,0,0.0,0.0,0,1.0,-105.0,123.0,-100.0,5.0,11865304,1175.074816,nan,11.865304,nan,60,480,493416,8634480,2736928,60
97,-100.0,5.0,732,366,0,0.0,0.0,0,1.0,-105.0,123.0,-100.0,5.0,11956044,1187.03086,nan,11.956044,nan,60,480,507276,8634480,2813808,60
98,-100.0,5.0,738,369,0,0.0,0.0,0,1.0,-105.0,123.0,-100.0,5.0,11983266,1199.014126,nan,11.983266,nan,60,480,511434,8634480,2836872,60
99,-100.0,5.0,768,384,0,0.0,0.0,0,1.0,-105.0,123.0,-100.0,5.0,12119376,1211.133502,nan,12.119376,nan,60,480,532224,8634480,2952192,60
100,-100.0,5.0,760,380,0,0.0,0.0,0,1.0,-105.0,123.0,-100.0,5.0,12083080,1223.216582,nan,12.08308,nan,60,480,526680,8634480,2921440,60
101,-100.0,5.0,760,380,0,0.0,0.0,0,1.0,-105.0,123.0,-100.0,5.0,12083080,1235.299662,nan,12.08308,nan,60,480,526680,8634480,2921440,60
102,-100.0,5.0,772,386,0,0.0,0.0,0,1.0,-105.0,123.0,-100.0,5.0,12137524,1247.437186,nan,12.137524,nan,60,480,534996,8634480,2967568,60
103,-100.0,5.0,784,392,0,0.0,0.0,0,1.0,-105.0,123.0,-100.0,5.0,12191968,1259.629154,nan,12.191968,nan,60,480,543312,8634480,3013696,60
104,-100.0,5.0,764,382,0,0.0,0.0,0,1.0,-105.0,123.0,-100.0,5.0,12101228,1271.730382,nan,12.101228,nan,60,480,529452,8634480,2936816,60
105,-100.0,5.0,762,381,0,0.0,0.0,0,1.0,-105.0,123.0,-100.0,5.0,12092154,1283.822536,nan,12.092154,nan,60,480,528066,8634480,2929128,60
106,-100.0,5.0,768,384,0,0.0,0.0,0,1.0,-105.0,123.0,-100.0,5.0,12119376,1295.941912,nan,12.119376,nan,60,480,532224,8634480,2952192,60
107,-100.0,5.0,760,380,0,0.0,0.0,0,1.0,-105.0,123.0,-100.0,5.0,12083080,1308.024992,nan,12.08308,nan,60,480,526680,8634480,2921440,60
108,-100.0,5.0,774,387,0,0.0,0.0,0,1.0,-105.0,123.0,-100.0,5.0,12146598,1320.17159,nan,12.146598,nan,60,480,536382,8634480,2975256,60
109,-100.0,5.0,764,382,0,0.0,0.0,0,1.0,-105.0,123.0,-100.0,5.0,12101228,1332.272818,nan,12.101228,nan,60,480,529452,8634480,2936816,60
110,-100.0,5.0,738,369,0,0.0,0.0,0,1.0,-105.0,123.0,-100.0,5.0,11983266,1344.256084,nan,11.983266,nan,60,480,511434,8634480,2836872,60
111,-100.0,5.0,716,358,0,0.0,0.0,0,1.0,-105.0,123.0,-100.0,5.0,11883452,1356.139536,nan,11.883452,nan,60,480,496188,8634480,2752304,60
112,-100.0,5.0,718,359,0,0.0,0.0,0,1.0,-105.0,123.0,-100.0,5.0,11892526,1368.032062,nan,11.892526,nan,60,480,497574,8634480,2759992,60
113,-100.0,5.0,734,367,0,0.0,0.0,0,1.0,-105.0,123.0,-100.0,5.0,11965118,1379.99718,nan,11.965118,nan,60,480,508662,8634480,2821496,60
114,-100.0,5.0,764,382,0,0.0,0.0,0,1.0,-105.0,123.0,-100.0,5.0,12101228,1392.098408,nan,12.101228,nan,60,480,529452,8634480,2936816,60
115,-100.0,5.0,776,388,0,0.0,0.0,0,1.0,-105.0,123.0,-100.0,5.0,12155672,1404.25408,nan,12.155672,nan,60,480,537768,8634480,2982944,60
116,-100.0,5.0,782,391,0,0.0,0.0,0,1.0,-105.0,123.0,-100.0,5.0,12182894,1416.436974,nan,12.182894,nan,60,480,541926,8634480,3006008,60
117,-100.0,5.0,772,386,0,0.0,0.0,0,1.0,-105.0,123.0,-100.0,5.0,12137524,1428.574498,nan,12.137524,nan,60,480,534996,8634480,2967568,60
118,-100.0,5.0,782,391,0,0.0,0.0,0,1.0,-105.0,123.0,-100.0,5.0,12182894,1440.757392,nan,12.182894,nan,60,480,541926,8634480,3006008,60
119,-100.0,5.0,748,374,0,0.0,0.0,0,1.0,-105.0,123.0,-100.0,5.0,12028636,1452.786028,nan,12.028636,nan,60,480,518364,8634480,2875312,60
120,-100.0,5.0,738,369,0,0.0,0.0,0,1.0,-105.0,123.0,-100.0,5.0,11983266,1464.769294,nan,11.983266,nan,60,480,511434,8634480,2836872,60
121,-100.0,5.0,730,365,0,0.0,0.0,0,1.0,-105.0,123.0,-100.0,5.0,11946970,1476.716264,nan,11.94697,nan,60,480,505890,8634480,2806120,60
122,-100.0,5.0,724,362,0,0.0,0.0,0,1.0,-105.0,123.0,-100.0,5.0,11919748,1488.636012,nan,11.919748,nan,60,480,501732,8634480,2783056,60
123,-100.0,5.0,714,357,0,0.0,0.0,0,1.0,-105.0,123.0,-100.0,5.0,11874378,1500.51039,nan,11.874378,nan,60,480,494802,8634480,2744616,60
124,-100.0,5.0,702,351,0,0.0,0.0,0,1.0,-105.0,123.0,-100.0,5.0,11819934,1512.330324,nan,11.819934,nan,60,480,486486,8634480,2698488,60
125,-100.0,5.0,814,407,0,0.0,0.0,0,1.0,-105.0,123.0,-100.0,5.0,12328078,1524.658402,nan,12.328078,nan,60,480,564102,8634480,3129016,60
126,-100.0,5.0,828,414,0,0.0,0.0,0,1.0,-105.0,123.0,-100.0,5.0,12391596,1537.049998,nan,12.391596,nan,60,480,573804,8634480,3182832,60
127,-100.0,5.0,832,416,0,0.0,0.0,0,1.0,-105.0,123.0,-100.0,5.0,12409744,1549.459742,nan,12.409744,nan,60,480,576576,8634480,3198208,60
128,-100.0,5.0,852,426,0,0.0,0.0,0,1.0,-105.0,123.0,-100.0,5.0,12500484,1561.960226,nan,12.500484,nan,60,480,590436,8634480,3275088,60
129,-100.0,5.0,910,455,0,0.0,0.0,0,1.0,-105.0,123.0,-100.0,5.0,12763630,1574.723856,nan,12.76363,nan,60,480,630630,8634480,3498040,60
130,-100.0,5.0,902,451,0,0.0,0.0,0,1.0,-105.0,123.0,-100.0,5.0,12727334,1587.45119,nan,12.727334,nan,60,480,625086,8634480,3467288,60
131,-100.0,5.0,886,443,0,0.0,0.0,0,1.0,-105.0,123.0,-100.0,5.0,12654742,1600.105932,nan,12.654742,nan,60,480,613998,8634480,3405784,60
132,-100.0,5.0,890,445,0,0.0,0.0,0,1.0,-105.0,123.0,-100.0,5.0,12672890,1612.778822,nan,12.67289,nan,60,480,616770,8634480,3421160,60
133,-100.0,5.0,892,446,0,0.0,0.0,0,1.0,-105.0,123.0,-100.0,5.0,12681964,1625.460786,nan,12.681964,nan,60,480,618156,8634480,3428848,60
134,-100.0,5.0,842,421,0,0.0,0.0,0,1.0,-105.0,123.0,-100.0,5.0,12455114,1637.9159,nan,12.455114,nan,60,480,583506,8634480,3236648,60
135,-100.0,5.0,832,416,0,0.0,0.0,0,1.0,-105.0,123.0,-100.0,5.0,12409744,1650.325644,nan,12.409744,nan,60,480,576576,8634480,3198208,60
136,-100.0,5.0,806,403,0,0.0,0.0,0,1.0,-105.0,123.0,-100.0,5.0,12291782,1662.617426,nan,12.291782,nan,60,480,558558,8634480,3098264,60
137,-100.0,5.0,810,405,0,0.0,0.0,0,1.0,-105.0,123.0,-100.0,5.0,12309930,1674.927356,nan,12.30993,nan,60,480,561330,8634480,3113640,60
138,-100.0,5.0,830,415,0,0.0,0.0,0,1.0,-105.0,123.0,-100.0,5.0,12400670,1687.328026,nan,12.40067,nan,60,480,575190,8634480,3190520,60
139,-100.0,5.0,826,413,0,0.0,0.0,0,1.0,-105.0,123.0,-100.0,5.0,12382522,1699.710548,nan,12.382522,nan,60,480,572418,8634480,3175144,60
140,-100.0,5.0,832,416,0,0.0,0.0,0,1.0,-105.0,123.0,-100.0,5.0,12409744,1712.120292,nan,12.409744,nan,60,480,576576,8634480,3198208,60
141,-100.0,5.0,834,417,0,0.0,0.0,0,1.0,-105.0,123.0,-100.0,5.0,12418818,1724.53911,nan,12.418818,nan,60,480,577962,8634480,3205896,60
142,-100.0,5.0,806,403,0,0.0,0.0,0,1.0,-105.0,123.0,-100.0,5.0,12291782,1736.830892,nan,12.291782,nan,60,480,558558,8634480,3098264,60
143,-100.0,5.0,808,404,0,0.0,0.0,0,1.0,-105.0,123.0,-100.0,5.0,12300856,1749.131748,nan,12.300856,nan,60,480,559944,8634480,3105952,60
144,-100.0,5.0,804,402,0,0.0,0.0,0,1.0,-105.0,123.0,-100.0,5.0,12282708,1761.414456,nan,12.282708,nan,60,480,557172,8634480,3090576,60
145,-100.0,5.0,768,384,0,0.0,0.0,0,1.0,-105.0,123.0,-100.0,5.0,12119376,1773.533832,nan,12.119376,nan,60,480,532224,8634480,2952192,60
146,-100.0,5.0,790,395,0,0.0,0.0,0,1.0,-105.0,123.0,-100.0,5.0,12219190,1785.753022,nan,12.21919,nan,60,480,547470,8634480,3036760,60
147,-100.0,5.0,794,397,0,0.0,0.0,0,1.0,-105.0,123.0,-100.0,5.0,12237338,1797.99036,nan,12.237338,nan,60,480,550242,8634480,3052136,60
148,-100.0,5.0,798,399,0,0.0,0.0,0,1.0,-105.0,123.0,-100.0,5.0,12255486,1810.245846,nan,12.255486,nan,60,480,553014,8634480,3067512,60
149,-100.0,5.0,790,395,0,0.0,0.0,0,1.0,-105.0,123.0,-100.0,5.0,12219190,1822.465036,nan,12.21919,nan,60,480,547470,8634480,3036760,60
150,-100.0,5.0,794,397,0,0.0,0.0,0,1.0,-105.0,123.0,-100.0,5.0,12237338,1834.702374,nan,12.237338,nan,60,480,550242,8634480,3052136,60
151,-100.0,5.0,788,394,0,0.0,0.0,0,1.0,-105.0,123.0,-100.0,5.0,12210116,1846.91249,nan,12.210116,nan,60,480,546084,8634480,3029072,60
152,-100.0,5.0,754,377,0,0.0,0.0,0,1.0,-105.0,123.0,-100.0,5.0,12055858,1858.968348,nan,12.055858,nan,60,480,522522,8634480,2898376,60
153,-100.0,5.0,758,379,0,0.0,0.0,0,1.0,-105.0,123.0,-100.0,5.0,12074006,1871.042354,nan,12.074006,nan,60,480,525294,8634480,2913752,60
154,-100.0,5.0,746,373,0,0.0,0.0,0,1.0,-105.0,123.0,-100.0,5.0,12019562,1883.061916,nan,12.019562,nan,60,480,516978,8634480,2867624,60
155,-100.0,5.0,742,371,0,0.0,0.0,0,1.0,-105.0,123.0,-100.0,5.0,12001414,1895.06333,nan,12.001414,nan,60,480,514206,8634480,2852248,60
156,-100.0,5.0,760,380,0,0.0,0.0,0,1.0,-105.0,123.0,-100.0,5.0,12083080,1907.14641,nan,12.08308,nan,60,480,526680,8634480,2921440,60
157,-100.0,5.0,742,371,0,0.0,0.0,0,1.0,-105.0,123.0,-100.0,5.0,12001414,1919.147824,nan,12.001414,nan,60,480,514206,8634480,2852248,60
158,-100.0,5.0,744,372,0,0.0,0.0,0,1.0,-105.0,123.0,-100.0,5.0,12010488,1931.158312,nan,12.010488,nan,60,480,515592,8634480,2859936,60
159,-100.0,5.0,756,378,0,0.0,0.0,0,1.0,-105.0,123.0,-100.0,5.0,12064932,1943.223244,nan,12.064932,nan,60,480,523908,8634480,2906064,60
160,-100.0,5.0,748,374,0,0.0,0.0,0,1.0,-105.0,123.0,-100.0,5.0,12028636,1955.25188,nan,12.028636,nan,60,480,518364,8634480,2875312,60
161,-100.0,5.0,788,394,0,0.0,0.0,0,1.0,-105.0,123.0,-100.0,5.0,12210116,1967.461996,nan,12.210116,nan,60,480,546084,8634480,3029072,60
162,-100.0,5.0,780,390,0,0.0,0.0,0,1.0,-105.0,123.0,-100.0,5.0,12173820,1979.635816,nan,12.17382,nan,60,480,540540,8634480,2998320,60
163,-100.0,5.0,766,383,0,0.0,0.0,0,1.0,-105.0,123.0,-100.0,5.0,12110302,1991.746118,nan,12.110302,nan,60,480,530838,8634480,2944504,60
164,-100.0,5.0,748,374,0,0.0,0.0,0,1.0,-105.0,123.0,-100.0,5.0,12028636,2003.774754,nan,12.028636,nan,60,480,518364,8634480,2875312,60
165,-100.0,5.0,750,375,0,0.0,0.0,0,1.0,-105.0,123.0,-100.0,5.0,12037710,2015.812464,nan,12.03771,nan,60,480,519750,8634480,2883000,60
166,-100.0,5.0,748,374,0,0.0,0.0,0,1.0,-105.0,123.0,-100.0,5.0,12028636,2027.8411,nan,12.028636,nan,60,480,518364,8634480,2875312,60
167,-100.0,5.0,742,371,0,0.0,0.0,0,1.0,-105.0,123.0,-100.0,5.0,12001414,2039.842514,nan,12.001414,nan,60,480,514206,8634480,2852248,60
168,-100.0,5.0,750,375,0,0.0,0.0,0,1.0,-105.0,123.0,-100.0,5.0,12037710,2051.880224,nan,12.03771,nan,60,480,519750,8634480,2883000,60
169,-100.0,5.0,768,384,0,0.0,0.0,0,1.0,-105.0,123.0,-100.0,5.0,12119376,2063.9996,nan,12.119376,nan,60,480,532224,8634480,2952192,60
170,-100.0,5.0,814,407,0,0.0,0.0,0,1.0,-105.0,123.0,-100.0,5.0,12328078,2076.327678,nan,12.328078,nan,60,480,564102,8634480,3129016,60
171,-100.0,5.0,822,411,0,0.0,0.0,0,1.0,-105.0,123.0,-100.0,5.0,12364374,2088.692052,nan,12.364374,nan,60,480,569646,8634480,3159768,60
172,-100.0,5.0,828,414,0,0.0,0.0,0,1.0,-105.0,123.0,-100.0,5.0,12391596,2101.083648,nan,12.391596,nan,60,480,573804,8634480,3182832,60
173,-100.0,5.0,838,419,0,0.0,0.0,0,1.0,-105.0,123.0,-100.0,5.0,12436966,2113.520614,nan,12.436966,nan,60,480,580734,8634480,3221272,60
174,-100.0,5.0,854,427,0,0.0,0.0,0,1.0,-105.0,123.0,-100.0,5.0,12509558,2126.030172,nan,12.509558,nan,60,480,591822,8634480,3282776,60
175,-100.0,5.0,804,402,0,0.0,0.0,0,1.0,-105.0,123.0,-100.0,5.0,12282708,2138.31288,nan,12.282708,nan,60,480,557172,8634480,3090576,60
176,-100.0,5.0,796,398,0,0.0,0.0,0,1.0,-105.0,123.0,-100.0,5.0,12246412,2150.559292,nan,12.246412,nan,60,480,551628,8634480,3059824,60
177,-100.0,5.0,792,396,0,0.0,0.0,0,1.0,-105.0,123.0,-100.0,5.0,12228264,2162.787556,nan,12.228264,nan,60,480,548856,8634480,3044448,60
178,-100.0,5.0,798,399,0,0.0,0.0,0,1.0,-105.0,123.0,-100.0,5.0,12255486,2175.043042,nan,12.255486,nan,60,480,553014,8634480,3067512,60
179,-100.0,5.0,804,402,0,0.0,0.0,0,1.0,-105.0,123.0,-100.0,5.0,12282708,2187.32575,nan,12.282708,nan,60,480,557172,8634480,3090576,60
180,-100.0,5.0,826,413,0,0.0,0.0,0,1.0,-105.0,123.0,-100.0,5.0,12382522,2199.708272,nan,12.382522,nan,60,480,572418,8634480,3175144,60
181,-100.0,5.0,864,432,0,0.0,0.0,0,1.0,-105.0,123.0,-100.0,5.0,12554928,2212.2632,nan,12.554928,nan,60,480,598752,8634480,3321216,60
182,-100.0,5.0,856,428,0,0.0,0.0,0,1.0,-105.0,123.0,-100.0,5.0,12518632,2224.781832,nan,12.518632,nan,60,480,593208,8634480,3290464,60
183,-100.0,5.0,856,428,0,0.0,0.0,0,1.0,-105.0,123.0,-100.0,5.0,12518632,2237.300464,nan,12.518632,nan,60,480,593208,8634480,3290464,60
184,-100.0,5.0,856,428,0,0.0,0.0,0,1.0,-105.0,123.0,-100.0,5.0,12518632,2249.819096,nan,12.518632,nan,60,480,593208,8634480,3290464,60
185,-100.0,5.0,882,441,0,0.0,0.0,0,1.0,-105.0,123.0,-100.0,5.0,12636594,2262.45569,nan,12.636594,nan,60,480,611226,8634480,3390408,60
186,-100.0,5.0,926,463,0,0.0,0.0,0,1.0,-105.0,123.0,-100.0,5.0,12836222,2275.291912,nan,12.836222,nan,60,480,641718,8634480,3559544,60
187,-100.0,5.0,892,446,0,0.0,0.0,0,1.0,-105.0,123.0,-100.0,5.0,12681964,2287.973876,nan,12.681964,nan,60,480,618156,8634480,3428848,60
188,-100.0,5.0,882,441,0,0.0,0.0,0,1.0,-105.0,123.0,-100.0,5.0,12636594,2300.61047,nan,12.636594,nan,60,480,611226,8634480,3390408,60
189,-100.0,5.0,866,433,0,0.0,0.0,0,1.0,-105.0,123.0,-100.0,5.0,12564002,2313.174472,nan,12.564002,nan,60,480,600138,8634480,3328904,60
190,-100.0,5.0,854,427,0,0.0,0.0,0,1.0,-105.0,123.0,-100.0,5.0,12509558,2325.68403,nan,12.509558,nan,60,480,591822,8634480,3282776,60
191,-100.0,5.0,848,424,0,0.0,0.0,0,1.0,-105.0,123.0,-100.0,5.0,12482336,2338.166366,nan,12.482336,nan,60,480,587664,8634480,3259712,60
192,-100.0,5.0,838,419,0,0.0,0.0,0,1.0,-105.0,123.0,-100.0,5.0,12436966,2350.603332,nan,12.436966,nan,60,480,580734,8634480,3221272,60
193,-100.0,5.0,842,421,0,0.0,0.0,0,1.0,-105.0,123.0,-100.0,5.0,12455114,2363.058446,nan,12.455114,nan,60,480,583506,8634480,3236648,60
194,-100.0,5.0,838,419,0,0.0,0.0,0,1.0,-105.0,123.0,-100.0,5.0,12436966,2375.495412,nan,12.436966,nan,60,480,580734,8634480,3221272,60
195,-100.0,5.0,824,412,0,0.0,0.0,0,1.0,-105.0,123.0,-100.0,5.0,12373448,2387.86886,nan,12.373448,nan,60,480,571032,8634480,3167456,60
196,-100.0,5.0,820,410,0,0.0,0.0,0,1.0,-105.0,123.0,-100.0,5.0,12355300,2400.22416,nan,12.3553,nan,60,480,568260,8634480,3152080,60
197,-100.0,5.0,806,403,0,0.0,0.0,0,1.0,-105.0,123.0,-100.0,5.0,12291782,2412.515942,nan,12.291782,nan,60,480,558558,8634480,3098264,60
198,-100.0,5.0,792,396,0,0.0,0.0,0,1.0,-105.0,123.0,-100.0,5.0,12228264,2424.744206,nan,12.228264,nan,60,480,548856,8634480,3044448,60
199,-100.0,5.0,774,387,0,0.0,0.0,0,1.0,-105.0,123.0,-100.0,5.0,12146598,2436.890804,nan,12.146598,nan,60,480,536382,8634480,2975256,60
200,-100.0,5.0,796,398,0,0.0,0.0,0,1.0,-105.0,123.0,-100.0,5.0,12246412,2449.137216,nan,12.246412,nan,60,480,551628,8634480,3059824,60
201,-100.0,5.0,792,396,0,0.0,0.0,0,1.0,-105.0,123.0,-100.0,5.0,12228264,2461.36548,nan,12.228264,nan,60,480,548856,8634480,3044448,60
202,-100.0,5.0,778,389,0,0.0,0.0,0,1.0,-105.0,123.0,-100.0,5.0,12164746,2473.530226,nan,12.164746,nan,60,480,539154,8634480,2990632,60
203,-100.0,5.0,776,388,0,0.0,0.0,0,1.0,-105.0,123.0,-100.0,5.0,12155672,2485.685898,nan,12.155672,nan,60,480,537768,8634480,2982944,60
204,-100.0,5.0,760,380,0,0.0,0.0,0,1.0,-105.0,123.0,-100.0,5.0,12083080,2497.768978,nan,12.08308,nan,60,480,526680,8634480,2921440,60
205,-100.0,5.0,738,369,0,0.0,0.0,0,1.0,-105.0,123.0,-100.0,5.0,11983266,2509.752244,nan,11.983266,nan,60,480,511434,8634480,2836872,60
206,-100.0,5.0,736,368,0,0.0,0.0,0,1.0,-105.0,123.0,-100.0,5.0,11974192,2521.726436,nan,11.974192,nan,60,480,510048,8634480,2829184,60
207,-100.0,5.0,702,351,0,0.0,0.0,0,1.0,-105.0,123.0,-100.0,5.0,11819934,2533.54637,nan,11.819934,nan,60,480,486486,8634480,2698488,60
208,-100.0,5.0,700,350,0,0.0,0.0,0,1.0,-105.0,123.0,-100.0,5.0,11810860,2545.35723,nan,11.81086,nan,60,480,485100,8634480,2690800,60
209,-100.0,5.0,690,345,0,0.0,0.0,0,1.0,-105.0,123.0,-100.0,5.0,11765490,2557.12272,nan,11.76549,nan,60,480,478170,8634480,2652360,60
210,-100.0,5.0,702,351,0,0.0,0.0,0,1.0,-105.0,123.0,-100.0,5.0,11819934,2568.942654,nan,11.819934,nan,60,480,486486,8634480,2698488,60
211,-100.0,5.0,718,359,0,0.0,0.0,0,1.0,-105.0,123.0,-100.0,5.0,11892526,2580.83518,nan,11.892526,nan,60,480,497574,8634480,2759992,60
212,-100.0,5.0,704,352,0,0.0,0.0,0,1.0,-105.0,123.0,-100.0,5.0,11829008,2592.664188,nan,11.829008,nan,60,480,487872,8634480,2706176,60
213,-100.0,5.0,712,356,0,0.0,0.0,0,1.0,-105.0,123.0,-100.0,5.0,11865304,2604.529492,nan,11.865304,nan,60,480,493416,8634480,2736928,60
214,-100.0,5.0,734,367,0,0.0,0.0,0,1.0,-105.0,123.0,-100.0,5.0,11965118,2616.49461,nan,11.965118,nan,60,480,508662,8634480,2821496,60
215,-100.0,5.0,750,375,0,0.0,0.0,0,1.0,-105.0,123.0,-100.0,5.0,12037710,2628.53232,nan,12.03771,nan,60,480,519750,8634480,2883000,60
216,-100.0,5.0,774,387,0,0.0,0.0,0,1.0,-105.0,123.0,-100.0,5.0,12146598,2640.678918,nan,12.146598,nan,60,480,536382,8634480,2975256,60
217,-100.0,5.0,790,395,0,0.0,0.0,0,1.0,-105.0,123.0,-100.0,5.0,12219190,2652.898108,nan,12.21919,nan,60,480,547470,8634480,3036760,60
218,-100.0,5.0,812,406,0,0.0,0.0,0,1.0,-105.0,123.0,-100.0,5.0,12319004,2665.217112,nan,12.319004,nan,60,480,562716,8634480,3121328,60
219,-100.0,5.0,822,411,0,0.0,0.0,0,1.0,-105.0,123.0,-100.0,5.0,12364374,2677.581486,nan,12.364374,nan,60,480,569646,8634480,3159768,60
220,-100.0,5.0,830,415,0,0.0,0.0,0,1.0,-105.0,123.0,-100.0,5.0,12400670,2689.982156,nan,12.40067,nan,60,480,575190,8634480,3190520,60
221,-100.0,5.0,826,413,0,0.0,0.0,0,1.0,-105.0,123.0,-100.0,5.0,12382522,2702.364678,nan,12.382522,nan,60,480,572418,8634480,3175144,60
222,-100.0,5.0,838,419,0,0.0,0.0,0,1.0,-105.0,123.0,-100.0,5.0,12436966,2714.801644,nan,12.436966,nan,60,480,580734,8634480,3221272,60
223,-100.0,5.0,824,412,0,0.0,0.0,0,1.0,-105.0,123.0,-100.0,5.0,12373448,2727.175092,nan,12.373448,nan,60,480,571032,8634480,3167456,60
224,-100.0,5.0,850,425,0,0.0,0.0,0,1.0,-105.0,123.0,-100.0,5.0,12491410,2739.666502,nan,12.49141,nan,60,480,589050,8634480,3267400,60
225,-100.0,5.0,888,444,0,0.0,0.0,0,1.0,-105.0,123.0,-100.0,5.0,12663816,2752.330318,nan,12.663816,nan,60,480,615384,8634480,3413472,60
226,-100.0,5.0,880,440,0,0.0,0.0,0,1.0,-105.0,123.0,-100.0,5.0,12627520,2764.957838,nan,12.62752,nan,60,480,609840,8634480,3382720,60
227,-100.0,5.0,874,437,0,0.0,0.0,0,1.0,-105.0,123.0,-100.0,5.0,12600298,2777.558136,nan,12.600298,nan,60,480,605682,8634480,3359656,60
228,-100.0,5.0,886,443,0,0.0,0.0,0,1.0,-105.0,123.0,-100.0,5.0,12654742,2790.212878,nan,12.654742,nan,60,480,613998,8634480,3405784,60
229,-100.0,5.0,892,446,0,0.0,0.0,0,1.0,-105.0,123.0,-100.0,5.0,12681964,2802.894842,nan,12.681964,nan,60,480,618156,8634480,3428848,60
230,-100.0,5.0,874,437,0,0.0,0.0,0,1.0,-105.0,123.0,-100.0,5.0,12600298,2815.49514,nan,12.600298,nan,60,480,605682,8634480,3359656,60
231,-100.0,5.0,888,444,0,0.0,0.0,0,1.0,-105.0,123.0,-100.0,5.0,12663816,2828.158956,nan,12.663816,nan,60,480,615384,8634480,3413472,60
232,-100.0,5.0,902,451,0,0.0,0.0,0,1.0,-105.0,123.0,-100.0,5.0,12727334,2840.88629,nan,12.727334,nan,60,480,625086,8634480,3467288,60
233,-100.0,5.0,898,449,0,0.0,0.0,0,1.0,-105.0,123.0,-100.0,5.0,12709186,2853.595476,nan,12.709186,nan,60,480,622314,8634480,3451912,60
234,-100.0,5.0,902,451,0,0.0,0.0,0,1.0,-105.0,123.0,-100.0,5.0,12727334,2866.32281,nan,12.727334,nan,60,480,625086,8634480,3467288,60
235,-100.0,5.0,906,453,0,0.0,0.0,0,1.0,-105.0,123.0,-100.0,5.0,12745482,2879.068292,nan,12.745482,nan,60,480,627858,8634480,3482664,60
236,-100.0,5.0,872,436,0,0.0,0.0,0,1.0,-105.0,123.0,-100.0,5.0,12591224,2891.659516,nan,12.591224,nan,60,480,604296,8634480,3351968,60
237,-100.0,5.0,890,445,0,0.0,0.0,0,1.0,-105.0,123.0,-100.0,5.0,12672890,2904.332406,nan,12.67289,nan,60,480,616770,8634480,3421160,60
238,-100.0,5.0,900,450,0,0.0,0.0,0,1.0,-105.0,123.0,-100.0,5.0,12718260,2917.050666,nan,12.71826,nan,60,480,623700,8634480,3459600,60
239,-100.0,5.0,898,449,0,0.0,0.0,0,1.0,-105.0,123.0,-100.0,5.0,12709186,2929.759852,nan,12.709186,nan,60,480,622314,8634480,3451912,60
240,-100.0,5.0,874,437,0,0.0,0.0,0,1.0,-105.0,123.0,-100.0,5.0,12600298,2942.36015,nan,12.600298,nan,60,480,605682,8634480,3359656,60
241,-100.0,5.0,886,443,0,0.0,0.0,0,1.0,-105.0,123.0,-100.0,5.0,12654742,2955.014892,nan,12.654742,nan,60,480,613998,8634480,3405784,60
242,-100.0,5.0,866,433,0,0.0,0.0,0,1.0,-105.0,123.0,-100.0,5.0,12564002,2967.578894,nan,12.564002,nan,60,480,600138,8634480,3328904,60
243,-100.0,5.0,866,433,0,0.0,0.0,0,1.0,-105.0,123.0,-100.0,5.0,12564002,2980.142896,nan,12.564002,nan,60,480,600138,8634480,3328904,60
244,-100.0,5.0,860,430,0,0.0,0.0,0,1.0,-105.0,123.0,-100.0,5.0,12536780,2992.679676,nan,12.53678,nan,60,480,595980,8634480,3305840,60
245,-100.0,5.0,882,441,0,0.0,0.0,0,1.0,-105.0,123.0,-100.0,5.0,12636594,3005.31627,nan,12.636594,nan,60,480,611226,8634480,3390408,60
246,-100.0,5.0,858,429,0,0.0,0.0,0,1.0,-105.0,123.0,-100.0,5.0,12527706,3017.843976,nan,12.527706,nan,60,480,594594,8634480,3298152,60
247,-100.0,5.0,832,416,0,0.0,0.0,0,1.0,-105.0,123.0,-100.0,5.0,12409744,3030.25372,nan,12.409744,nan,60,480,576576,8634480,3198208,60
248,-100.0,5.0,838,419,0,0.0,0.0,0,1.0,-105.0,123.0,-100.0,5.0,12436966,3042.690686,nan,12.436966,nan,60,480,580734,8634480,3221272,60
249,-100.0,5.0,844,422,0,0.0,0.0,0,1.0,-105.0,123.0,-100.0,5.0,12464188,3055.154874,nan,12.464188,nan,60,480,584892,8634480,3244336,60
250,-100.0,5.0,836,418,0,0.0,0.0,0,1.0,-105.0,123.0,-100.0,5.0,12427892,3067.582766,nan,12.427892,nan,60,480,579348,8634480,3213584,60
251,-100.0,5.0,844,422,0,0.0,0.0,0,1.0,-105.0,123.0,-100.0,5.0,12464188,3080.046954,nan,12.464188,nan,60,480,584892,8634480,3244336,60
252,-100.0,5.0,830,415,0,0.0,0.0,0,1.0,-105.0,123.0,-100.0,5.0,12400670,3092.447624,nan,12.40067,nan,60,480,575190,8634480,3190520,60
253,-100.0,5.0,826,413,0,0.0,0.0,0,1.0,-105.0,123.0,-100.0,5.0,12382522,3104.830146,nan,12.382522,nan,60,480,572418,8634480,3175144,60
254,-100.0,5.0,812,406,0,0.0,0.0,0,1.0,-105.0,123.0,-100.0,5.0,12319004,3117.14915,nan,12.319004,nan,60,480,562716,8634480,3121328,60
255,-100.0,5.0,802,401,0,0.0,0.0,0,1.0,-105.0,123.0,-100.0,5.0,12273634,3129.422784,nan,12.273634,nan,60,480,555786,8634480,3082888,60
256,-100.0,5.0,806,403,0,0.0,0.0,0,1.0,-105.0,123.0,-100.0,5.0,12291782,3141.714566,nan,12.291782,nan,60,480,558558,8634480,3098264,60
257,-100.0,5.0,804,402,0,0.0,0.0,0,1.0,-105.0,123.0,-100.0,5.0,12282708,3153.997274,nan,12.282708,nan,60,480,557172,8634480,3090576,60
258,-100.0,5.0,800,400,0,0.0,0.0,0,1.0,-105.0,123.0,-100.0,5.0,12264560,3166.261834,nan,12.26456,nan,60,480,554400,8634480,3075200,60
259,-100.0,5.0,782,391,0,0.0,0.0,0,1.0,-105.0,123.0,-100.0,5.0,12182894,3178.444728,nan,12.182894,nan,60,480,541926,8634480,3006008,60
260,-100.0,5.0,778,389,0,0.0,0.0,0,1.0,-105.0,123.0,-100.0,5.0,12164746,3190.609474,nan,12.164746,nan,60,480,539154,8634480,2990632,60
261,-100.0,5.0,776,388,0,0.0,0.0,0,1.0,-105.0,123.0,-100.0,5.0,12155672,3202.765146,nan,12.155672,nan,60,480,537768,8634480,2982944,60
262,-100.0,5.0,774,387,0,0.0,0.0,0,1.0,-105.0,123.0,-100.0,5.0,12146598,3214.911744,nan,12.146598,nan,60,480,536382,8634480,2975256,60
263,-100.0,5.0,792,396,0,0.0,0.0,0,1.0,-105.0,123.0,-100.0,5.0,12228264,3227.140008,nan,12.228264,nan,60,480,548856,8634480,3044448,60
264,-100.0,5.0,772,386,0,0.0,0.0,0,1.0,-105.0,123.0,-100.0,5.0,12137524,3239.277532,nan,12.137524,nan,60,480,534996,8634480,2967568,60
265,-100.0,5.0,776,388,0,0.0,0.0,0,1.0,-105.0,123.0,-100.0,5.0,12155672,3251.433204,nan,12.155672,nan,60,480,537768,8634480,2982944,60
266,-100.0,5.0,770,385,0,0.0,0.0,0,1.0,-105.0,123.0,-100.0,5.0,12128450,3263.561654,nan,12.12845,nan,60,480,533610,8634480,2959880,60
267,-100.0,5.0,808,404,0,0.0,0.0,0,1.0,-105.0,123.0,-100.0,5.0,12300856,3275.86251,nan,12.300856,nan,60,480,559944,8634480,3105952,60
268,-100.0,5.0,790,395,0,0.0,0.0,0,1.0,-105.0,123.0,-100.0,5.0,12219190,3288.0817,nan,12.21919,nan,60,480,547470,8634480,3036760,60
269,-100.0,5.0,804,402,0,0.0,0.0,0,1.0,-105.0,123.0,-100.0,5.0,12282708,3300.364408,nan,12.282708,nan,60,480,557172,8634480,3090576,60
270,-100.0,5.0,818,409,0,0.0,0.0,0,1.0,-105.0,123.0,-100.0,5.0,12346226,3312.710634,nan,12.346226,nan,60,480,566874,8634480,3144392,60
271,-100.0,5.0,808,404,0,0.0,0.0,0,1.0,-105.0,123.0,-100.0,5.0,12300856,3325.01149,nan,12.300856,nan,60,480,559944,8634480,3105952,60
272,-100.0,5.0,802,401,0,0.0,0.0,0,1.0,-105.0,123.0,-100.0,5.0,12273634,3337.285124,nan,12.273634,nan,60,480,555786,8634480,3082888,60
273,-100.0,5.0,788,394,0,0.0,0.0,0,1.0,-105.0,123.0,-100.0,5.0,12210116,3349.49524,nan,12.210116,nan,60,480,546084,8634480,3029072,60
274,-100.0,5.0,792,396,0,0.0,0.0,0,1.0,-105.0,123.0,-100.0,5.0,12228264,3361.723504,nan,12.228264,nan,60,480,548856,8634480,3044448,60
275,-100.0,5.0,794,397,0,0.0,0.0,0,1.0,-105.0,123.0,-100.0,5.0,12237338,3373.960842,nan,12.237338,nan,60,480,550242,8634480,3052136,60
276,-100.0,5.0,788,394,0,0.0,0.0,0,1.0,-105.0,123.0,-100.0,5.0,12210116,3386.170958,nan,12.210116,nan,60,480,546084,8634480,3029072,60
277,-100.0,5.0,760,380,0,0.0,0.0,0,1.0,-105.0,123.0,-100.0,5.0,12083080,3398.254038,nan,12.08308,nan,60,480,526680,8634480,2921440,60
278,-100.0,5.0,764,382,0,0.0,0.0,0,1.0,-105.0,123.0,-100.0,5.0,12101228,3410.355266,nan,12.101228,nan,60,480,529452,8634480,2936816,60
279,-100.0,5.0,756,378,0,0.0,0.0,0,1.0,-105.0,123.0,-100.0,5.0,12064932,3422.420198,nan,12.064932,nan,60,480,523908,8634480,2906064,60
280,-100.0,5.0,774,387,0,0.0,0.0,0,1.0,-105.0,123.0,-100.0,5.0,12146598,3434.566796,nan,12.146598,nan,60,480,536382,8634480,2975256,60
281,-100.0,5.0,776,388,0,0.0,0.0,0,1.0,-105.0,123.0,-100.0,5.0,12155672,3446.722468,nan,12.155672,nan,60,480,537768,8634480,2982944,60
282,-100.0,5.0,806,403,0,0.0,0.0,0,1.0,-105.0,123.0,-100.0,5.0,12291782,3459.01425,nan,12.291782,nan,60,480,558558,8634480,3098264,60
283,-100.0,5.0,806,403,0,0.0,0.0,0,1.0,-105.0,123.0,-100.0,5.0,12291782,3471.306032,nan,12.291782,nan,60,480,558558,8634480,3098264,60
284,-100.0,5.0,806,403,0,0.0,0.0,0,1.0,-105.0,123.0,-100.0,5.0,12291782,3483.597814,nan,12.291782,nan,60,480,558558,8634480,3098264,60
285,-100.0,5.0,840,420,0,0.0,0.0,0,1.0,-105.0,123.0,-100.0,5.0,12446040,3496.043854,nan,12.44604,nan,60,480,582120,8634480,3228960,60
286,-100.0,5.0,844,422,0,0.0,0.0,0,1.0,-105.0,123.0,-100.0,5.0,12464188,3508.508042,nan,12.464188,nan,60,480,584892,8634480,3244336,60
287,-100.0,5.0,810,405,0,0.0,0.0,0,1.0,-105.0,123.0,-100.0,5.0,12309930,3520.817972,nan,12.30993,nan,60,480,561330,8634480,3113640,60
288,-100.0,5.0,804,402,0,0.0,0.0,0,1.0,-105.0,123.0,-100.0,5.0,12282708,3533.10068,nan,12.282708,nan,60,480,557172,8634480,3090576,60
289,-100.0,5.0,800,400,0,0.0,0.0,0,1.0,-105.0,123.0,-100.0,5.0,12264560,3545.36524,nan,12.26456,nan,60,480,554400,8634480,3075200,60
290,-100.0,5.0,820,410,0,0.0,0.0,0,1.0,-105.0,123.0,-100.0,5.0,12355300,3557.72054,nan,12.3553,nan,60,480,568260,8634480,3152080,60
291,-100.0,5.0,810,405,0,0.0,0.0,0,1.0,-105.0,123.0,-100.0,5.0,12309930,3570.03047,nan,12.30993,nan,60,480,561330,8634480,3113640,60
292,-100.0,5.0,768,384,0,0.0,0.0,0,1.0,-105.0,123.0,-100.0,5.0,12119376,3582.149846,nan,12.119376,nan,60,480,532224,8634480,2952192,60
293,-100.0,5.0,764,382,0,0.0,0.0,0,1.0,-105.0,123.0,-100.0,5.0,12101228,3594.251074,nan,12.101228,nan,60,480,529452,8634480,2936816,60
294,-100.0,5.0,790,395,0,0.0,0.0,0,1.0,-105.0,123.0,-100.0,5.0,12219190,3606.470264,nan,12.21919,nan,60,480,547470,8634480,3036760,60
295,-100.0,5.0,808,404,0,0.0,0.0,0,1.0,-105.0,123.0,-100.0,5.0,12300856,3618.77112,nan,12.300856,nan,60,480,559944,8634480,3105952,60
296,-100.0,5.0,776,388,0,0.0,0.0,0,1.0,-105.0,123.0,-100.0,5.0,12155672,3630.926792,nan,12.155672,nan,60,480,537768,8634480,2982944,60
297,-100.0,5.0,760,380,0,0.0,0.0,0,1.0,-105.0,123.0,-100.0,5.0,12083080,3643.009872,nan,12.08308,nan,60,480,526680,8634480,2921440,60
298,-100.0,5.0,738,369,0,0.0,0.0,0,1.0,-105.0,123.0,-100.0,5.0,11983266,3654.993138,nan,11.983266,nan,60,480,511434,8634480,2836872,60
299,-100.0,5.0,742,371,0,0.0,0.0,0,1.0,-105.0,123.0,-100.0,5.0,12001414,3666.994552,nan,12.001414,nan,60,480,514206,8634480,2852248,60
300,-100.0,5.0,764,382,0,0.0,0.0,0,1.0,-105.0,123.0,-100.0,5.0,12101228,3679.09578,nan,12.101228,nan,60,480,529452,8634480,2936816,60
301,-100.0,5.0,762,381,0,0.0,0.0,0,1.0,-105.0,123.0,-100.0,5.0,12092154,3691.187934,nan,12.092154,nan,60,480,528066,8634480,2929128,60
302,-100.0,5.0,798,399,0,0.0,0.0,0,1.0,-105.0,123.0,-100.0,5.0,12255486,3703.44342,nan,12.255486,nan,60,480,553014,8634480,3067512,60
303,-100.0,5.0,800,400,0,0.0,0.0,0,1.0,-105.0,123.0,-100.0,5.0,12264560,3715.70798,nan,12.26456,nan,60,480,554400,8634480,3075200,60
304,-100.0,5.0,814,407,0,0.0,0.0,0,1.0,-105.0,123.0,-100.0,5.0,12328078,3728.036058,nan,12.328078,nan,60,480,564102,8634480,3129016,60
305,-100.0,5.0,808,404,0,0.0,0.0,0,1.0,-105.0,123.0,-100.0,5.0,12300856,3740.336914,nan,12.300856,nan,60,480,559944,8634480,3105952,60
306,-100.0,5.0,816,408,0,0.0,0.0,0,1.0,-105.0,123.0,-100.0,5.0,12337152,3752.674066,nan,12.337152,nan,60,480,565488,8634480,3136704,60
307,-100.0,5.0,840,420,0,0.0,0.0,0,1.0,-105.0,123.0,-100.0,5.0,12446040,3765.120106,nan,12.44604,nan,60,480,582120,8634480,3228960,60
308,-100.0,5.0,822,411,0,0.0,0.0,0,1.0,-105.0,123.0,-100.0,5.0,12364374,3777.48448,nan,12.364374,nan,60,480,569646,8634480,3159768,60
309,-100.0,5.0,820,410,0,0.0,0.0,0,1.0,-105.0,123.0,-100.0,5.0,12355300,3789.83978,nan,12.3553,nan,60,480,568260,8634480,3152080,60
310,-100.0,5.0,792,396,0,0.0,0.0,0,1.0,-105.0,123.0,-100.0,5.0,12228264,3802.068044,nan,12.228264,nan,60,480,548856,8634480,3044448,60
311,-100.0,5.0,780,390,0,0.0,0.0,0,1.0,-105.0,123.0,-100.0,5.0,12173820,3814.241864,nan,12.17382,nan,60,480,540540,8634480,2998320,60
312,-100.0,5.0,778,389,0,0.0,0.0,0,1.0,-105.0,123.0,-100.0,5.0,12164746,3826.40661,nan,12.164746,nan,60,480,539154,8634480,2990632,60
313,-100.0,5.0,750,375,0,0.0,0.0,0,1.0,-105.0,123.0,-100.0,5.0,12037710,3838.44432,nan,12.03771,nan,60,480,519750,8634480,2883000,60
314,-100.0,5.0,734,367,0,0.0,0.0,0,1.0,-105.0,123.0,-100.0,5.0,11965118,3850.409438,nan,11.965118,nan,60,480,508662,8634480,2821496,60
315,-100.0,5.0,728,364,0,0.0,0.0,0,1.0,-105.0,123.0,-100.0,5.0,11937896,3862.347334,nan,11.937896,nan,60,480,504504,8634480,2798432,60
316,-100.0,5.0,740,370,0,0.0,0.0,0,1.0,-105.0,123.0,-100.0,5.0,11992340,3874.339674,nan,11.99234,nan,60,480,512820,8634480,2844560,60
317,-100.0,5.0,734,367,0,0.0,0.0,0,1.0,-105.0,123.0,-100.0,5.0,11965118,3886.304792,nan,11.965118,nan,60,480,508662,8634480,2821496,60
318,-100.0,5.0,742,371,0,0.0,0.0,0,1.0,-105.0,123.0,-100.0,5.0,12001414,3898.306206,nan,12.001414,nan,60,480,514206,8634480,2852248,60
319,-100.0,5.0,754,377,0,0.0,0.0,0,1.0,-105.0,123.0,-100.0,5.0,12055858,3910.362064,nan,12.055858,nan,60,480,522522,8634480,2898376,60
320,-100.0,5.0,750,375,0,0.0,0.0,0,1.0,-105.0,123.0,-100.0,5.0,12037710,3922.399774,nan,12.03771,nan,60,480,519750,8634480,2883000,60
321,-100.0,5.0,756,378,0,0.0,0.0,0,1.0,-105.0,123.0,-100.0,5.0,12064932,3934.464706,nan,12.064932,nan,60,480,523908,8634480,2906064,60
322,-100.0,5.0,762,381,0,0.0,0.0,0,1.0,-105.0,123.0,-100.0,5.0,12092154,3946.55686,nan,12.092154,nan,60,480,528066,8634480,2929128,60
323,-100.0,5.0,776,388,0,0.0,0.0,0,1.0,-105.0,123.0,-100.0,5.0,12155672,3958.712532,nan,12.155672,nan,60,480,537768,8634480,2982944,60
324,-100.0,5.0,786,393,0,0.0,0.0,0,1.0,-105.0,123.0,-100.0,5.0,12201042,3970.913574,nan,12.201042,nan,60,480,544698,8634480,3021384,60
325,-100.0,5.0,822,411,0,0.0,0.0,0,1.0,-105.0,123.0,-100.0,5.0,12364374,3983.277948,nan,12.364374,nan,60,480,569646,8634480,3159768,60
326,-100.0,5.0,844,422,0,0.0,0.0,0,1.0,-105.0,123.0,-100.0,5.0,12464188,3995.742136,nan,12.464188,nan,60,480,584892,8634480,3244336,60
327,-100.0,5.0,846,423,0,0.0,0.0,0,1.0,-105.0,123.0,-100.0,5.0,12473262,4008.215398,nan,12.473262,nan,60,480,586278,8634480,3252024,60
328,-100.0,5.0,878,439,0,0.0,0.0,0,1.0,-105.0,123.0,-100.0,5.0,12618446,4020.833844,nan,12.618446,nan,60,480,608454,8634480,3375032,60
329,-100.0,5.0,940,470,0,0.0,0.0,0,1.0,-105.0,123.0,-100.0,5.0,12899740,4033.733584,nan,12.89974,nan,60,480,651420,8634480,3613360,60
330,-100.0,5.0,918,459,0,0.0,0.0,0,1.0,-105.0,123.0,-100.0,5.0,12799926,4046.53351,nan,12.799926,nan,60,480,636174,8634480,3528792,60
331,-100.0,5.0,928,464,0,0.0,0.0,0,1.0,-105.0,123.0,-100.0,5.0,12845296,4059.378806,nan,12.845296,nan,60,480,643104,8634480,3567232,60
332,-100.0,5.0,942,471,0,0.0,0.0,0,1.0,-105.0,123.0,-100.0,5.0,12908814,4072.28762,nan,12.908814,nan,60,480,652806,8634480,3621048,60
333,-100.0,5.0,916,458,0,0.0,0.0,0,1.0,-105.0,123.0,-100.0,5.0,12790852,4085.078472,nan,12.790852,nan,60,480,634788,8634480,3521104,60
334,-100.0,5.0,886,443,0,0.0,0.0,0,1.0,-105.0,123.0,-100.0,5.0,12654742,4097.733214,nan,12.654742,nan,60,480,613998,8634480,3405784,60
335,-100.0,5.0,888,444,0,0.0,0.0,0,1.0,-105.0,123.0,-100.0,5.0,12663816,4110.39703,nan,12.663816,nan,60,480,615384,8634480,3413472,60
336,-100.0,5.0,868,434,0,0.0,0.0,0,1.0,-105.0,123.0,-100.0,5.0,12573076,4122.970106,nan,12.573076,nan,60,480,601524,8634480,3336592,60
337,-100.0,5.0,890,445,0,0.0,0.0,0,1.0,-105.0,123.0,-100.0,5.0,12672890,4135.642996,nan,12.67289,nan,60,480,616770,8634480,3421160,60
338,-100.0,5.0,886,443,0,0.0,0.0,0,1.0,-105.0,123.0,-100.0,5.0,12654742,4148.297738,nan,12.654742,nan,60,480,613998,8634480,3405784,60
339,-100.0,5.0,870,435,0,0.0,0.0,0,1.0,-105.0,123.0,-100.0,5.0,12582150,4160.879888,nan,12.58215,nan,60,480,602910,8634480,3344280,60
340,-100.0,5.0,890,445,0,0.0,0.0,0,1.0,-105.0,123.0,-100.0,5.0,12672890,4173.552778,nan,12.67289,nan,60,480,616770,8634480,3421160,60
341,-100.0,5.0,868,434,0,0.0,0.0,0,1.0,-105.0,123.0,-100.0,5.0,12573076,4186.125854,nan,12.573076,nan,60,480,601524,8634480,3336592,60
342,-100.0,5.0,834,417,0,0.0,0.0,0,1.0,-105.0,123.0,-100.0,5.0,12418818,4198.544672,nan,12.418818,nan,60,480,577962,8634480,3205896,60
343,-100.0,5.0,836,418,0,0.0,0.0,0,1.0,-105.0,123.0,-100.0,5.0,12427892,4210.972564,nan,12.427892,nan,60,480,579348,8634480,3213584,60
344,-100.0,5.0,856,428,0,0.0,0.0,0,1.0,-105.0,123.0,-100.0,5.0,12518632,4223.491196,nan,12.518632,nan,60,480,593208,8634480,3290464,60
345,-100.0,5.0,838,419,0,0.0,0.0,0,1.0,-105.0,123.0,-100.0,5.0,12436966,4235.928162,nan,12.436966,nan,60,480,580734,8634480,3221272,60
346,-100.0,5.0,848,424,0,0.0,0.0,0,1.0,-105.0,123.0,-100.0,5.0,12482336,4248.410498,nan,12.482336,nan,60,480,587664,8634480,3259712,60
347,-100.0,5.0,804,402,0,0.0,0.0,0,1.0,-105.0,123.0,-100.0,5.0,12282708,4260.693206,nan,12.282708,nan,60,480,557172,8634480,3090576,60
348,-100.0,5.0,786,393,0,0.0,0.0,0,1.0,-105.0,123.0,-100.0,5.0,12201042,4272.894248,nan,12.201042,nan,60,480,544698,8634480,3021384,60
349,-100.0,5.0,794,397,0,0.0,0.0,0,1.0,-105.0,123.0,-100.0,5.0,12237338,4285.131586,nan,12.237338,nan,60,480,550242,8634480,3052136,60
350,-100.0,5.0,796,398,0,0.0,0.0,0,1.0,-105.0,123.0,-100.0,5.0,12246412,4297.377998,nan,12.246412,nan,60,480,551628,8634480,3059824,60
351,-100.0,5.0,786,393,0,0.0,0.0,0,1.0,-105.0,123.0,-100.0,5.0,12201042,4309.57904,nan,12.201042,nan,60,480,544698,8634480,3021384,60
352,-100.0,5.0,782,391,0,0.0,0.0,0,1.0,-105.0,123.0,-100.0,5.0,12182894,4321.761934,nan,12.182894,nan,60,480,541926,8634480,3006008,60
353,-100.0,5.0,786,393,0,0.0,0.0,0,1.0,-105.0,123.0,-100.0,5.0,12201042,4333.962976,nan,12.201042,nan,60,480,544698,8634480,3021384,60
354,-100.0,5.0,776,388,0,0.0,0.0,0,1.0,-105.0,123.0,-100.0,5.0,12155672,4346.118648,nan,12.155672,nan,60,480,537768,8634480,2982944,60
355,-100.0,5.0,764,382,0,0.0,0.0,0,1.0,-105.0,123.0,-100.0,5.0,12101228,4358.219876,nan,12.101228,nan,60,480,529452,8634480,2936816,60
356,-100.0,5.0,798,399,0,0.0,0.0,0,1.0,-105.0,123.0,-100.0,5.0,12255486,4370.475362,nan,12.255486,nan,60,480,553014,8634480,3067512,60
357,-100.0,5.0,782,391,0,0.0,0.0,0,1.0,-105.0,123.0,-100.0,5.0,12182894,4382.658256,nan,12.182894,nan,60,480,541926,8634480,3006008,60
358,-100.0,5.0,788,394,0,0.0,0.0,0,1.0,-105.0,123.0,-100.0,5.0,12210116,4394.868372,nan,12.210116,nan,60,480,546084,8634480,3029072,60
359,-100.0,5.0,784,392,0,0.0,0.0,0,1.0,-105.0,123.0,-100.0,5.0,12191968,4407.06034,nan,12.191968,nan,60,480,543312,8634480,3013696,60
360,-100.0,5.0,780,390,0,0.0,0.0,0,1.0,-105.0,123.0,-100.0,5.0,12173820,4419.23416,nan,12.17382,nan,60,480,540540,8634480,2998320,60
361,-100.0,5.0,758,379,0,0.0,0.0,0,1.0,-105.0,123.0,-100.0,5.0,12074006,4431.308166,nan,12.074006,nan,60,480,525294,8634480,2913752,60
362,-100.0,5.0,762,381,0,0.0,0.0,0,1.0,-105.0,123.0,-100.0,5.0,12092154,4443.40032,nan,12.092154,nan,60,480,528066,8634480,2929128,60
363,-100.0,5.0,764,382,0,0.0,0.0,0,1.0,-105.0,123.0,-100.0,5.0,12101228,4455.501548,nan,12.101228,nan,60,480,529452,8634480,2936816,60
364,-100.0,5.0,800,400,0,0.0,0.0,0,1.0,-105.0,123.0,-100.0,5.0,12264560,4467.766108,nan,12.26456,nan,60,480,554400,8634480,3075200,60
365,-100.0,5.0,802,401,0,0.0,0.0,0,1.0,-105.0,123.0,-100.0,5.0,12273634,4480.039742,nan,12.273634,nan,60,480,555786,8634480,3082888,60
366,-100.0,5.0,780,390,0,0.0,0.0,0,1.0,-105.0,123.0,-100.0,5.0,12173820,4492.213562,nan,12.17382,nan,60,480,540540,8634480,2998320,60
367,-100.0,5.0,780,390,0,0.0,0.0,0,1.0,-105.0,123.0,-100.0,5.0,12173820,4504.387382,nan,12.17382,nan,60,480,540540,8634480,2998320,60
368,-100.0,5.0,786,393,0,0.0,0.0,0,1.0,-105.0,123.0,-100.0,5.0,12201042,4516.588424,nan,12.201042,nan,60,480,544698,8634480,3021384,60
369,-100.0,5.0,792,396,0,0.0,0.0,0,1.0,-105.0,123.0,-100.0,5.0,12228264,4528.816688,nan,12.228264,nan,60,480,548856,8634480,3044448,60
370,-100.0,5.0,808,404,0,0.0,0.0,0,1.0,-105.0,123.0,-100.0,5.0,12300856,4541.117544,nan,12.300856,nan,60,480,559944,8634480,3105952,60
371,-100.0,5.0,792,396,0,0.0,0.0,0,1.0,-105.0,123.0,-100.0,5.0,12228264,4553.345808,nan,12.228264,nan,60,480,548856,8634480,3044448,60
372,-100.0,5.0,790,395,0,0.0,0.0,0,1.0,-105.0,123.0,-100.0,5.0,12219190,4565.564998,nan,12.21919,nan,60,480,547470,8634480,3036760,60
373,-100.0,5.0,824,412,0,0.0,0.0,0,1.0,-105.0,123.0,-100.0,5.0,12373448,4577.938446,nan,12.373448,nan,60,480,571032,8634480,3167456,60
374,-100.0,5.0,832,416,0,0.0,0.0,0,1.0,-105.0,123.0,-100.0,5.0,12409744,4590.34819,nan,12.409744,nan,60,480,576576,8634480,3198208,60
375,-100.0,5.0,788,394,0,0.0,0.0,0,1.0,-105.0,123.0,-100.0,5.0,12210116,4602.558306,nan,12.210116,nan,60,480,546084,8634480,3029072,60
376,-100.0,5.0,796,398,0,0.0,0.0,0,1.0,-105.0,123.0,-100.0,5.0,12246412,4614.804718,nan,12.246412,nan,60,480,551628,8634480,3059824,60
377,-100.0,5.0,794,397,0,0.0,0.0,0,1.0,-105.0,123.0,-100.0,5.0,12237338,4627.042056,nan,12.237338,nan,60,480,550242,8634480,3052136,60
378,-100.0,5.0,800,400,0,0.0,0.0,0,1.0,-105.0,123.0,-100.0,5.0,12264560,4639.306616,nan,12.26456,nan,60,480,554400,8634480,3075200,60
379,-100.0,5.0,772,386,0,0.0,0.0,0,1.0,-105.0,123.0,-100.0,5.0,12137524,4651.44414,nan,12.137524,nan,60,480,534996,8634480,2967568,60
380,-100.0,5.0,782,391,0,0.0,0.0,0,1.0,-105.0,123.0,-100.0,5.0,12182894,4663.627034,nan,12.182894,nan,60,480,541926,8634480,3006008,60
381,-100.0,5.0,758,379,0,0.0,0.0,0,1.0,-105.0,123.0,-100.0,5.0,12074006,4675.70104,nan,12.074006,nan,60,480,525294,8634480,2913752,60
382,-100.0,5.0,762,381,0,0.0,0.0,0,1.0,-105.0,123.0,-100.0,5.0,12092154,4687.793194,nan,12.092154,nan,60,480,528066,8634480,2929128,60
383,-100.0,5.0,768,384,0,0.0,0.0,0,1.0,-105.0,123.0,-100.0,5.0,12119376,4699.91257,nan,12.119376,nan,60,480,532224,8634480,2952192,60
384,-100.0,5.0,768,384,0,0.0,0.0,0,1.0,-105.0,123.0,-100.0,5.0,12119376,4712.031946,nan,12.119376,nan,60,480,532224,8634480,2952192,60
385,-100.0,5.0,772,386,0,0.0,0.0,0,1.0,-105.0,123.0,-100.0,5.0,12137524,4724.16947,nan,12.137524,nan,60,480,534996,8634480,2967568,60
386,-100.0,5.0,768,384,0,0.0,0.0,0,1.0,-105.0,123.0,-100.0,5.0,12119376,4736.288846,nan,12.119376,nan,60,480,532224,8634480,2952192,60
387,-100.0,5.0,766,383,0,0.0,0.0,0,1.0,-105.0,123.0,-100.0,5.0,12110302,4748.399148,nan,12.110302,nan,60,480,530838,8634480,2944504,60
388,-100.0,5.0,766,383,0,0.0,0.0,0,1.0,-105.0,123.0,-100.0,5.0,12110302,4760.50945,nan,12.110302,nan,60,480,530838,8634480,2944504,60
389,-100.0,5.0,768,384,0,0.0,0.0,0,1.0,-105.0,123.0,-100.0,5.0,12119376,4772.628826,nan,12.119376,nan,60,480,532224,8634480,2952192,60
390,-100.0,5.0,774,387,0,0.0,0.0,0,1.0,-105.0,123.0,-100.0,5.0,12146598,4784.775424,nan,12.146598,nan,60,480,536382,8634480,2975256,60
391,-100.0,5.0,766,383,0,0.0,0.0,0,1.0,-105.0,123.0,-100.0,5.0,12110302,4796.885726,nan,12.110302,nan,60,480,530838,8634480,2944504,60
392,-100.0,5.0,794,397,0,0.0,0.0,0,1.0,-105.0,123.0,-100.0,5.0,12237338,4809.123064,nan,12.237338,nan,60,480,550242,8634480,3052136,60
393,-100.0,5.0,782,391,0,0.0,0.0,0,1.0,-105.0,123.0,-100.0,5.0,12182894,4821.305958,nan,12.182894,nan,60,480,541926,8634480,3006008,60
394,-100.0,5.0,782,391,0,0.0,0.0,0,1.0,-105.0,123.0,-100.0,5.0,12182894,4833.488852,nan,12.182894,nan,60,480,541926,8634480,3006008,60
395,-100.0,5.0,774,387,0,0.0,0.0,0,1.0,-105.0,123.0,-100.0,5.0,12146598,4845.63545,nan,12.146598,nan,60,480,536382,8634480,2975256,60
396,-100.0,5.0,778,389,0,0.0,0.0,0,1.0,-105.0,123.0,-100.0,5.0,12164746,4857.800196,nan,12.164746,nan,60,480,539154,8634480,2990632,60
397,-100.0,5.0,760,380,0,0.0,0.0,0,1.0,-105.0,123.0,-100.0,5.0,12083080,4869.883276,nan,12.08308,nan,60,480,526680,8634480,2921440,60
398,-100.0,5.0,764,382,0,0.0,0.0,0,1.0,-105.0,123.0,-100.0,5.0,12101228,4881.984504,nan,12.101228,nan,60,480,529452,8634480,2936816,60
399,-100.0,5.0,758,379,0,0.0,0.0,0,1.0,-105.0,123.0,-100.0,5.0,12074006,4894.05851,nan,12.074006,nan,60,480,525294,8634480,2913752,60
400,-100.0,5.0,750,375,0,0.0,0.0,0,1.0,-105.0,123.0,-100.0,5.0,12037710,4906.09622,nan,12.03771,nan,60,480,519750,8634480,2883000,60
401,-100.0,5.0,746,373,0,0.0,0.0,0,1.0,-105.0,123.0,-100.0,5.0,12019562,4918.115782,nan,12.019562,nan,60,480,516978,8634480,2867624,60
402,-100.0,5.0,740,370,0,0.0,0.0,0,1.0,-105.0,123.0,-100.0,5.0,11992340,4930.108122,nan,11.99234,nan,60,480,512820,8634480,2844560,60
403,-100.0,5.0,756,378,0,0.0,0.0,0,1.0,-105.0,123.0,-100.0,5.0,12064932,4942.173054,nan,12.064932,nan,60,480,523908,8634480,2906064,60
404,-100.0,5.0,732,366,0,0.0,0.0,0,1.0,-105.0,123.0,-100.0,5.0,11956044,4954.129098,nan,11.956044,nan,60,480,507276,8634480,2813808,60
405,-100.0,5.0,750,375,0,0.0,0.0,0,1.0,-105.0,123.0,-100.0,5.0,12037710,4966.166808,nan,12.03771,nan,60,480,519750,8634480,2883000,60
406,-100.0,5.0,740,370,0,0.0,0.0,0,1.0,-105.0,123.0,-100.0,5.0,11992340,4978.159148,nan,11.99234,nan,60,480,512820,8634480,2844560,60
407,-100.0,5.0,730,365,0,0.0,0.0,0,1.0,-105.0,123.0,-100.0,5.0,11946970,4990.106118,nan,11.94697,nan,60,480,505890,8634480,2806120,60
408,-100.0,5.0,750,375,0,0.0,0.0,0,1.0,-105.0,123.0,-100.0,5.0,12037710,5002.143828,nan,12.03771,nan,60,480,519750,8634480,2883000,60
409,-100.0,5.0,772,386,0,0.0,0.0,0,1.0,-105.0,123.0,-100.0,5.0,12137524,5014.281352,nan,12.137524,nan,60,480,534996,8634480,2967568,60
410,-100.0,5.0,792,396,0,0.0,0.0,0,1.0,-105.0,123.0,-100.0,5.0,12228264,5026.509616,nan,12.228264,nan,60,480,548856,8634480,3044448,60
411,-100.0,5.0,816,408,0,0.0,0.0,0,1.0,-105.0,123.0,-100.0,5.0,12337152,5038.846768,nan,12.337152,nan,60,480,565488,8634480,3136704,60
412,-100.0,5.0,816,408,0,0.0,0.0,0,1.0,-105.0,123.0,-100.0,5.0,12337152,5051.18392,nan,12.337152,nan,60,480,565488,8634480,3136704,60
413,-100.0,5.0,838,419,0,0.0,0.0,0,1.0,-105.0,123.0,-100.0,5.0,12436966,5063.620886,nan,12.436966,nan,60,480,580734,8634480,3221272,60
414,-100.0,5.0,842,421,0,0.0,0.0,0,1.0,-105.0,123.0,-100.0,5.0,12455114,5076.076,nan,12.455114,nan,60,480,583506,8634480,3236648,60
415,-100.0,5.0,850,425,0,0.0,0.0,0,1.0,-105.0,123.0,-100.0,5.0,12491410,5088.56741,nan,12.49141,nan,60,480,589050,8634480,3267400,60
416,-100.0,5.0,842,421,0,0.0,0.0,0,1.0,-105.0,123.0,-100.0,5.0,12455114,5101.022524,nan,12.455114,nan,60,480,583506,8634480,3236648,60
417,-100.0,5.0,838,419,0,0.0,0.0,0,1.0,-105.0,123.0,-100.0,5.0,12436966,5113.45949,nan,12.436966,nan,60,480,580734,8634480,3221272,60
418,-100.0,5.0,832,416,0,0.0,0.0,0,1.0,-105.0,123.0,-100.0,5.0,12409744,5125.869234,nan,12.409744,nan,60,480,576576,8634480,3198208,60
419,-100.0,5.0,816,408,0,0.0,0.0,0,1.0,-105.0,123.0,-100.0,5.0,12337152,5138.206386,nan,12.337152,nan,60,480,565488,8634480,3136704,60
420,-100.0,5.0,860,430,0,0.0,0.0,0,1.0,-105.0,123.0,-100.0,5.0,12536780,5150.743166,nan,12.53678,nan,60,480,595980,8634480,3305840,60
421,-100.0,5.0,876,438,0,0.0,0.0,0,1.0,-105.0,123.0,-100.0,5.0,12609372,5163.352538,nan,12.609372,nan,60,480,607068,8634480,3367344,60
422,-100.0,5.0,858,429,0,0.0,0.0,0,1.0,-105.0,123.0,-100.0,5.0,12527706,5175.880244,nan,12.527706,nan,60,480,594594,8634480,3298152,60
423,-100.0,5.0,868,434,0,0.0,0.0,0,1.0,-105.0,123.0,-100.0,5.0,12573076,5188.45332,nan,12.573076,nan,60,480,601524,8634480,3336592,60
424,-100.0,5.0,884,442,0,0.0,0.0,0,1.0,-105.0,123.0,-100.0,5.0,12645668,5201.098988,nan,12.645668,nan,60,480,612612,8634480,3398096,60
425,-100.0,5.0,936,468,0,0.0,0.0,0,1.0,-105.0,123.0,-100.0,5.0,12881592,5213.98058,nan,12.881592,nan,60,480,648648,8634480,3597984,60
426,-100.0,5.0,914,457,0,0.0,0.0,0,1.0,-105.0,123.0,-100.0,5.0,12781778,5226.762358,nan,12.781778,nan,60,480,633402,8634480,3513416,60
427,-100.0,5.0,908,454,0,0.0,0.0,0,1.0,-105.0,123.0,-100.0,5.0,12754556,5239.516914,nan,12.754556,nan,60,480,629244,8634480,3490352,60
428,-100.0,5.0,906,453,0,0.0,0.0,0,1.0,-105.0,123.0,-100.0,5.0,12745482,5252.262396,nan,12.745482,nan,60,480,627858,8634480,3482664,60
429,-100.0,5.0,854,427,0,0.0,0.0,0,1.0,-105.0,123.0,-100.0,5.0,12509558,5264.771954,nan,12.509558,nan,60,480,591822,8634480,3282776,60
430,-100.0,5.0,856,428,0,0.0,0.0,0,1.0,-105.0,123.0,-100.0,5.0,12518632,5277.290586,nan,12.518632,nan,60,480,593208,8634480,3290464,60
431,-100.0,5.0,842,421,0,0.0,0.0,0,1.0,-105.0,123.0,-100.0,5.0,12455114,5289.7457,nan,12.455114,nan,60,480,583506,8634480,3236648,60
432,-100.0,5.0,836,418,0,0.0,0.0,0,1.0,-105.0,123.0,-100.0,5.0,12427892,5302.173592,nan,12.427892,nan,60,480,579348,8634480,3213584,60
433,-100.0,5.0,834,417,0,0.0,0.0,0,1.0,-105.0,123.0,-100.0,5.0,12418818,5314.59241,nan,12.418818,nan,60,480,577962,8634480,3205896,60
434,-100.0,5.0,798,399,0,0.0,0.0,0,1.0,-105.0,123.0,-100.0,5.0,12255486,5326.847896,nan,12.255486,nan,60,480,553014,8634480,3067512,60
435,-100.0,5.0,794,397,0,0.0,0.0,0,1.0,-105.0,123.0,-100.0,5.0,12237338,5339.085234,nan,12.237338,nan,60,480,550242,8634480,3052136,60
436,-100.0,5.0,794,397,0,0.0,0.0,0,1.0,-105.0,123.0,-100.0,5.0,12237338,5351.322572,nan,12.237338,nan,60,480,550242,8634480,3052136,60
437,-100.0,5.0,794,397,0,0.0,0.0,0,1.0,-105.0,123.0,-100.0,5.0,12237338,5363.55991,nan,12.237338,nan,60,480,550242,8634480,3052136,60
438,-100.0,5.0,776,388,0,0.0,0.0,0,1.0,-105.0,123.0,-100.0,5.0,12155672,5375.715582,nan,12.155672,nan,60,480,537768,8634480,2982944,60
439,-100.0,5.0,774,387,0,0.0,0.0,0,1.0,-105.0,123.0,-100.0,5.0,12146598,5387.86218,nan,12.146598,nan,60,480,536382,8634480,2975256,60
440,-100.0,5.0,788,394,0,0.0,0.0,0,1.0,-105.0,123.0,-100.0,5.0,12210116,5400.072296,nan,12.210116,nan,60,480,546084,8634480,3029072,60
441,-100.0,5.0,782,391,0,0.0,0.0,0,1.0,-105.0,123.0,-100.0,5.0,12182894,5412.25519,nan,12.182894,nan,60,480,541926,8634480,3006008,60
442,-100.0,5.0,788,394,0,0.0,0.0,0,1.0,-105.0,123.0,-100.0,5.0,12210116,5424.465306,nan,12.210116,nan,60,480,546084,8634480,3029072,60
443,-100.0,5.0,808,404,0,0.0,0.0,0,1.0,-105.0,123.0,-100.0,5.0,12300856,5436.766162,nan,12.300856,nan,60,480,559944,8634480,3105952,60
444,-100.0,5.0,796,398,0,0.0,0.0,0,1.0,-105.0,123.0,-100.0,5.0,12246412,5449.012574,nan,12.246412,nan,60,480,551628,8634480,3059824,60
445,-100.0,5.0,770,385,0,0.0,0.0,0,1.0,-105.0,123.0,-100.0,5.0,12128450,5461.141024,nan,12.12845,nan,60,480,533610,8634480,2959880,60
446,-100.0,5.0,736,368,0,0.0,0.0,0,1.0,-105.0,123.0,-100.0,5.0,11974192,5473.115216,nan,11.974192,nan,60,480,510048,8634480,2829184,60
447,-100.0,5.0,754,377,0,0.0,0.0,0,1.0,-105.0,123.0,-100.0,5.0,12055858,5485.171074,nan,12.055858,nan,60,480,522522,8634480,2898376,60
448,-100.0,5.0,766,383,0,0.0,0.0,0,1.0,-105.0,123.0,-100.0,5.0,12110302,5497.281376,nan,12.110302,nan,60,480,530838,8634480,2944504,60
449,-100.0,5.0,766,383,0,0.0,0.0,0,1.0,-105.0,123.0,-100.0,5.0,12110302,5509.391678,nan,12.110302,nan,60,480,530838,8634480,2944504,60
450,-100.0,5.0,822,411,0,0.0,0.0,0,1.0,-105.0,123.0,-100.0,5.0,12364374,5521.756052,nan,12.364374,nan,60,480,569646,8634480,3159768,60
451,-100.0,5.0,828,414,0,0.0,0.0,0,1.0,-105.0,123.0,-100.0,5.0,12391596,5534.147648,nan,12.391596,nan,60,480,573804,8634480,3182832,60
452,-100.0,5.0,844,422,0,0.0,0.0,0,1.0,-105.0,123.0,-100.0,5.0,12464188,5546.611836,nan,12.464188,nan,60,480,584892,8634480,3244336,60
453,-100.0,5.0,866,433,0,0.0,0.0,0,1.0,-105.0,123.0,-100.0,5.0,12564002,5559.175838,nan,12.564002,nan,60,480,600138,8634480,3328904,60
454,-100.0,5.0,864,432,0,0.0,0.0,0,1.0,-105.0,123.0,-100.0,5.0,12554928,5571.730766,nan,12.554928,nan,60,480,598752,8634480,3321216,60
455,-100.0,5.0,844,422,0,0.0,0.0,0,1.0,-105.0,123.0,-100.0,5.0,12464188,5584.194954,nan,12.464188,nan,60,480,584892,8634480,3244336,60
456,-100.0,5.0,856,428,0,0.0,0.0,0,1.0,-105.0,123.0,-100.0,5.0,12518632,5596.713586,nan,12.518632,nan,60,480,593208,8634480,3290464,60
457,-100.0,5.0,810,405,0,0.0,0.0,0,1.0,-105.0,123.0,-100.0,5.0,12309930,5609.023516,nan,12.30993,nan,60,480,561330,8634480,3113640,60
458,-100.0,5.0,802,401,0,0.0,0.0,0,1.0,-105.0,123.0,-100.0,5.0,12273634,5621.29715,nan,12.273634,nan,60,480,555786,8634480,3082888,60
459,-100.0,5.0,794,397,0,0.0,0.0,0,1.0,-105.0,123.0,-100.0,5.0,12237338,5633.534488,nan,12.237338,nan,60,480,550242,8634480,3052136,60
460,-100.0,5.0,798,399,0,0.0,0.0,0,1.0,-105.0,123.0,-100.0,5.0,12255486,5645.789974,nan,12.255486,nan,60,480,553014,8634480,3067512,60
461,-100.0,5.0,784,392,0,0.0,0.0,0,1.0,-105.0,123.0,-100.0,5.0,12191968,5657.981942,nan,12.191968,nan,60,480,543312,8634480,3013696,60
462,-100.0,5.0,812,406,0,0.0,0.0,0,1.0,-105.0,123.0,-100.0,5.0,12319004,5670.300946,nan,12.319004,nan,60,480,562716,8634480,3121328,60
463,-100.0,5.0,830,415,0,0.0,0.0,0,1.0,-105.0,123.0,-100.0,5.0,12400670,5682.701616,nan,12.40067,nan,60,480,575190,8634480,3190520,60
464,-100.0,5.0,848,424,0,0.0,0.0,0,1.0,-105.0,123.0,-100.0,5.0,12482336,5695.183952,nan,12.482336,nan,60,480,587664,8634480,3259712,60
465,-100.0,5.0,876,438,0,0.0,0.0,0,1.0,-105.0,123.0,-100.0,5.0,12609372,5707.793324,nan,12.609372,nan,60,480,607068,8634480,3367344,60
466,-100.0,5.0,862,431,0,0.0,0.0,0,1.0,-105.0,123.0,-100.0,5.0,12545854,5720.339178,nan,12.545854,nan,60,480,597366,8634480,3313528,60
467,-100.0,5.0,848,424,0,0.0,0.0,0,1.0,-105.0,123.0,-100.0,5.0,12482336,5732.821514,nan,12.482336,nan,60,480,587664,8634480,3259712,60
468,-100.0,5.0,896,448,0,0.0,0.0,0,1.0,-105.0,123.0,-100.0,5.0,12700112,5745.521626,nan,12.700112,nan,60,480,620928,8634480,3444224,60
469,-100.0,5.0,860,430,0,0.0,0.0,0,1.0,-105.0,123.0,-100.0,5.0,12536780,5758.058406,nan,12.53678,nan,60,480,595980,8634480,3305840,60
470,-100.0,5.0,848,424,0,0.0,0.0,0,1.0,-105.0,123.0,-100.0,5.0,12482336,5770.540742,nan,12.482336,nan,60,480,587664,8634480,3259712,60
471,-100.0,5.0,848,424,0,0.0,0.0,0,1.0,-105.0,123.0,-100.0,5.0,12482336,5783.023078,nan,12.482336,nan,60,480,587664,8634480,3259712,60
472,-100.0,5.0,808,404,0,0.0,0.0,0,1.0,-105.0,123.0,-100.0,5.0,12300856,5795.323934,nan,12.300856,nan,60,480,559944,8634480,3105952,60
473,-100.0,5.0,790,395,0,0.0,0.0,0,1.0,-105.0,123.0,-100.0,5.0,12219190,5807.543124,nan,12.21919,nan,60,480,547470,8634480,3036760,60
474,-100.0,5.0,766,383,0,0.0,0.0,0,1.0,-105.0,123.0,-100.0,5.0,12110302,5819.653426,nan,12.110302,nan,60,480,530838,8634480,2944504,60
475,-100.0,5.0,734,367,0,0.0,0.0,0,1.0,-105.0,123.0,-100.0,5.0,11965118,5831.618544,nan,11.965118,nan,60,480,508662,8634480,2821496,60
476,-100.0,5.0,734,367,0,0.0,0.0,0,1.0,-105.0,123.0,-100.0,5.0,11965118,5843.583662,nan,11.965118,nan,60,480,508662,8634480,2821496,60
477,-100.0,5.0,744,372,0,0.0,0.0,0,1.0,-105.0,123.0,-100.0,5.0,12010488,5855.59415,nan,12.010488,nan,60,480,515592,8634480,2859936,60
478,-100.0,5.0,752,376,0,0.0,0.0,0,1.0,-105.0,123.0,-100.0,5.0,12046784,5867.640934,nan,12.046784,nan,60,480,521136,8634480,2890688,60
479,-100.0,5.0,744,372,0,0.0,0.0,0,1.0,-105.0,123.0,-100.0,5.0,12010488,5879.651422,nan,12.010488,nan,60,480,515592,8634480,2859936,60
480,-100.0,5.0,720,360,0,0.0,0.0,0,1.0,-105.0,123.0,-100.0,5.0,11901600,5891.553022,nan,11.9016,nan,60,480,498960,8634480,2767680,60
481,-100.0,5.0,724,362,0,0.0,0.0,0,1.0,-105.0,123.0,-100.0,5.0,11919748,5903.47277,nan,11.919748,nan,60,480,501732,8634480,2783056,60
482,-100.0,5.0,714,357,0,0.0,0.0,0,1.0,-105.0,123.0,-100.0,5.0,11874378,5915.347148,nan,11.874378,nan,60,480,494802,8634480,2744616,60
483,-100.0,5.0,706,353,0,0.0,0.0,0,1.0,-105.0,123.0,-100.0,5.0,11838082,5927.18523,nan,11.838082,nan,60,480,489258,8634480,2713864,60
484,-100.0,5.0,700,350,0,0.0,0.0,0,1.0,-105.0,123.0,-100.0,5.0,11810860,5938.99609,nan,11.81086,nan,60,480,485100,8634480,2690800,60
485,-100.0,5.0,712,356,0,0.0,0.0,0,1.0,-105.0,123.0,-100.0,5.0,11865304,5950.861394,nan,11.865304,nan,60,480,493416,8634480,2736928,60
486,-100.0,5.0,700,350,0,0.0,0.0,0,1.0,-105.0,123.0,-100.0,5.0,11810860,5962.672254,nan,11.81086,nan,60,480,485100,8634480,2690800,60
487,-100.0,5.0,710,355,0,0.0,0.0,0,1.0,-105.0,123.0,-100.0,5.0,11856230,5974.528484,nan,11.85623,nan,60,480,492030,8634480,2729240,60
488,-100.0,5.0,714,357,0,0.0,0.0,0,1.0,-105.0,123.0,-100.0,5.0,11874378,5986.402862,nan,11.874378,nan,60,480,494802,8634480,2744616,60
489,-100.0,5.0,728,364,0,0.0,0.0,0,1.0,-105.0,123.0,-100.0,5.0,11937896,5998.340758,nan,11.937896,nan,60,480,504504,8634480,2798432,60
490,-100.0,5.0,738,369,0,0.0,0.0,0,1.0,-105.0,123.0,-100.0,5.0,11983266,6010.324024,nan,11.983266,nan,60,480,511434,8634480,2836872,60
491,-100.0,5.0,754,377,0,0.0,0.0,0,1.0,-105.0,123.0,-100.0,5.0,12055858,6022.379882,nan,12.055858,nan,60,480,522522,8634480,2898376,60
492,-100.0,5.0,748,374,0,0.0,0.0,0,1.0,-105.0,123.0,-100.0,5.0,12028636,6034.408518,nan,12.028636,nan,60,480,518364,8634480,2875312,60
493,-100.0,5.0,764,382,0,0.0,0.0,0,1.0,-105.0,123.0,-100.0,5.0,12101228,6046.509746,nan,12.101228,nan,60,480,529452,8634480,2936816,60
494,-100.0,5.0,772,386,0,0.0,0.0,0,1.0,-105.0,123.0,-100.0,5.0,12137524,6058.64727,nan,12.137524,nan,60,480,534996,8634480,2967568,60
495,-100.0,5.0,784,392,0,0.0,0.0,0,1.0,-105.0,123.0,-100.0,5.0,12191968,6070.839238,nan,12.191968,nan,60,480,543312,8634480,3013696,60
496,-100.0,5.0,776,388,0,0.0,0.0,0,1.0,-105.0,123.0,-100.0,5.0,12155672,6082.99491,nan,12.155672,nan,60,480,537768,8634480,2982944,60
497,-100.0,5.0,776,388,0,0.0,0.0,0,1.0,-105.0,123.0,-100.0,5.0,12155672,6095.150582,nan,12.155672,nan,60,480,537768,8634480,2982944,60
498,-100.0,5.0,776,388,0,0.0,0.0,0,1.0,-105.0,123.0,-100.0,5.0,12155672,6107.306254,nan,12.155672,nan,60,480,537768,8634480,2982944,60
499,-100.0,5.0,786,393,0,0.0,0.0,0,1.0,-105.0,123.0,-100.0,5.0,12201042,6119.507296,nan,12.201042,nan,60,480,544698,8634480,3021384,60
500,-100.0,5.0,800,400,0,0.0,0.0,0,1.0,-105.0,123.0,-100.0,5.0,12264560,6131.771856,nan,12.26456,nan,60,480,554400,8634480,3075200,60
501,-100.0,5.0,808,404,0,0.0,0.0,0,1.0,-105.0,123.0,-100.0,5.0,12300856,6144.072712,nan,12.300856,nan,60,480,559944,8634480,3105952,60
502,-100.0,5.0,808,404,0,0.0,0.0,0,1.0,-105.0,123.0,-100.0,5.0,12300856,6156.373568,nan,12.300856,nan,60,480,559944,8634480,3105952,60
503,-100.0,5.0,780,390,0,0.0,0.0,0,1.0,-105.0,123.0,-100.0,5.0,12173820,6168.547388,nan,12.17382,nan,60,480,540540,8634480,2998320,60
504,-100.0,5.0,768,384,0,0.0,0.0,0,1.0,-105.0,123.0,-100.0,5.0,12119376,6180.666764,nan,12.119376,nan,60,480,532224,8634480,2952192,60
505,-100.0,5.0,772,386,0,0.0,0.0,0,1.0,-105.0,123.0,-100.0,5.0,12137524,6192.804288,nan,12.137524,nan,60,480,534996,8634480,2967568,60
506,-100.0,5.0,750,375,0,0.0,0.0,0,1.0,-105.0,123.0,-100.0,5.0,12037710,6204.841998,nan,12.03771,nan,60,480,519750,8634480,2883000,60
507,-100.0,5.0,752,376,0,0.0,0.0,0,1.0,-105.0,123.0,-100.0,5.0,12046784,6216.888782,nan,12.046784,nan,60,480,521136,8634480,2890688,60
508,-100.0,5.0,762,381,0,0.0,0.0,0,1.0,-105.0,123.0,-100.0,5.0,12092154,6228.980936,nan,12.092154,nan,60,480,528066,8634480,2929128,60
509,-100.0,5.0,756,378,0,0.0,0.0,0,1.0,-105.0,123.0,-100.0,5.0,12064932,6241.045868,nan,12.064932,nan,60,480,523908,8634480,2906064,60
510,-100.0,5.0,746,373,0,0.0,0.0,0,1.0,-105.0,123.0,-100.0,5.0,12019562,6253.06543,nan,12.019562,nan,60,480,516978,8634480,2867624,60
511,-100.0,5.0,760,380,0,0.0,0.0,0,1.0,-105.0,123.0,-100.0,5.0,12083080,6265.14851,nan,12.08308,nan,60,480,526680,8634480,2921440,60
512,-100.0,5.0,776,388,0,0.0,0.0,0,1.0,-105.0,123.0,-100.0,5.0,12155672,6277.304182,nan,12.155672,nan,60,480,537768,8634480,2982944,60
513,-100.0,5.0,764,382,0,0.0,0.0,0,1.0,-105.0,123.0,-100.0,5.0,12101228,6289.40541,nan,12.101228,nan,60,480,529452,8634480,2936816,60
514,-100.0,5.0,752,376,0,0.0,0.0,0,1.0,-105.0,123.0,-100.0,5.0,12046784,6301.452194,nan,12.046784,nan,60,480,521136,8634480,2890688,60
515,-100.0,5.0,758,379,0,0.0,0.0,0,1.0,-105.0,123.0,-100.0,5.0,12074006,6313.5262,nan,12.074006,nan,60,480,525294,8634480,2913752,60
516,-100.0,5.0,768,384,0,0.0,0.0,0,1.0,-105.0,123.0,-100.0,5.0,12119376,6325.645576,nan,12.119376,nan,60,480,532224,8634480,2952192,60
517,-100.0,5.0,774,387,0,0.0,0.0,0,1.0,-105.0,123.0,-100.0,5.0,12146598,6337.792174,nan,12.146598,nan,60,480,536382,8634480,2975256,60
518,-100.0,5.0,762,381,0,0.0,0.0,0,1.0,-105.0,123.0,-100.0,5.0,12092154,6349.884328,nan,12.092154,nan,60,480,528066,8634480,2929128,60
519,-100.0,5.0,752,376,0,0.0,0.0,0,1.0,-105.0,123.0,-100.0,5.0,12046784,6361.931112,nan,12.046784,nan,60,480,521136,8634480,2890688,60
520,-100.0,5.0,786,393,0,0.0,0.0,0,1.0,-105.0,123.0,-100.0,5.0,12201042,6374.132154,nan,12.201042,nan,60,480,544698,8634480,3021384,60
521,-100.0,5.0,774,387,0,0.0,0.0,0,1.0,-105.0,123.0,-100.0,5.0,12146598,6386.278752,nan,12.146598,nan,60,480,536382,8634480,2975256,60
522,-100.0,5.0,762,381,0,0.0,0.0,0,1.0,-105.0,123.0,-100.0,5.0,12092154,6398.370906,nan,12.092154,nan,60,480,528066,8634480,2929128,60
523,-100.0,5.0,746,373,0,0.0,0.0,0,1.0,-105.0,123.0,-100.0,5.0,12019562,6410.390468,nan,12.019562,nan,60,480,516978,8634480,2867624,60
524,-100.0,5.0,758,379,0,0.0,0.0,0,1.0,-105.0,123.0,-100.0,5.0,12074006,6422.464474,nan,12.074006,nan,60,480,525294,8634480,2913752,60
525,-100.0,5.0,762,381,0,0.0,0.0,0,1.0,-105.0,123.0,-100.0,5.0,12092154,6434.556628,nan,12.092154,nan,60,480,528066,8634480,2929128,60
526,-100.0,5.0,752,376,0,0.0,0.0,0,1.0,-105.0,123.0,-100.0,5.0,12046784,6446.603412,nan,12.046784,nan,60,480,521136,8634480,2890688,60
527,-100.0,5.0,756,378,0,0.0,0.0,0,1.0,-105.0,123.0,-100.0,5.0,12064932,6458.668344,nan,12.064932,nan,60,480,523908,8634480,2906064,60
528,-100.0,5.0,752,376,0,0.0,0.0,0,1.0,-105.0,123.0,-100.0,5.0,12046784,6470.715128,nan,12.046784,nan,60,480,521136,8634480,2890688,60
529,-100.0,5.0,782,391,0,0.0,0.0,0,1.0,-105.0,123.0,-100.0,5.0,12182894,6482.898022,nan,12.182894,nan,60,480,541926,8634480,3006008,60
530,-100.0,5.0,772,386,0,0.0,0.0,0,1.0,-105.0,123.0,-100.0,5.0,12137524,6495.035546,nan,12.137524,nan,60,480,534996,8634480,2967568,60
531,-100.0,5.0,778,389,0,0.0,0.0,0,1.0,-105.0,123.0,-100.0,5.0,12164746,6507.200292,nan,12.164746,nan,60,480,539154,8634480,2990632,60
532,-100.0,5.0,784,392,0,0.0,0.0,0,1.0,-105.0,123.0,-100.0,5.0,12191968,6519.39226,nan,12.191968,nan,60,480,543312,8634480,3013696,60
533,-100.0,5.0,794,397,0,0.0,0.0,0,1.0,-105.0,123.0,-100.0,5.0,12237338,6531.629598,nan,12.237338,nan,60,480,550242,8634480,3052136,60
534,-100.0,5.0,780,390,0,0.0,0.0,0,1.0,-105.0,123.0,-100.0,5.0,12173820,6543.803418,nan,12.17382,nan,60,480,540540,8634480,2998320,60
535,-100.0,5.0,804,402,0,0.0,0.0,0,1.0,-105.0,123.0,-100.0,5.0,12282708,6556.086126,nan,12.282708,nan,60,480,557172,8634480,3090576,60
536,-100.0,5.0,788,394,0,0.0,0.0,0,1.0,-105.0,123.0,-100.0,5.0,12210116,6568.296242,nan,12.210116,nan,60,480,546084,8634480,3029072,60
537,-100.0,5.0,806,403,0,0.0,0.0,0,1.0,-105.0,123.0,-100.0,5.0,12291782,6580.588024,nan,12.291782,nan,60,480,558558,8634480,3098264,60
538,-100.0,5.0,846,423,0,0.0,0.0,0,1.0,-105.0,123.0,-100.0,5.0,12473262,6593.061286,nan,12.473262,nan,60,480,586278,8634480,3252024,60
539,-100.0,5.0,856,428,0,0.0,0.0,0,1.0,-105.0,123.0,-100.0,5.0,12518632,6605.579918,nan,12.518632,nan,60,480,593208,8634480,3290464,60
540,-100.0,5.0,866,433,0,0.0,0.0,0,1.0,-105.0,123.0,-100.0,5.0,12564002,6618.14392,nan,12.564002,nan,60,480,600138,8634480,3328904,60
541,-100.0,5.0,868,434,0,0.0,0.0,0,1.0,-105.0,123.0,-100.0,5.0,12573076,6630.716996,nan,12.573076,nan,60,480,601524,8634480,3336592,60
542,-100.0,5.0,860,430,0,0.0,0.0,0,1.0,-105.0,123.0,-100.0,5.0,12536780,6643.253776,nan,12.53678,nan,60,480,595980,8634480,3305840,60
543,-100.0,5.0,868,434,0,0.0,0.0,0,1.0,-105.0,123.0,-100.0,5.0,12573076,6655.826852,nan,12.573076,nan,60,480,601524,8634480,3336592,60
544,-100.0,5.0,844,422,0,0.0,0.0,0,1.0,-105.0,123.0,-100.0,5.0,12464188,6668.29104,nan,12.464188,nan,60,480,584892,8634480,3244336,60
545,-100.0,5.0,830,415,0,0.0,0.0,0,1.0,-105.0,123.0,-100.0,5.0,12400670,6680.69171,nan,12.40067,nan,60,480,575190,8634480,3190520,60
546,-100.0,5.0,830,415,0,0.0,0.0,0,1.0,-105.0,123.0,-100.0,5.0,12400670,6693.09238,nan,12.40067,nan,60,480,575190,8634480,3190520,60
547,-100.0,5.0,822,411,0,0.0,0.0,0,1.0,-105.0,123.0,-100.0,5.0,12364374,6705.456754,nan,12.364374,nan,60,480,569646,8634480,3159768,60
548,-100.0,5.0,816,408,0,0.0,0.0,0,1.0,-105.0,123.0,-100.0,5.0,12337152,6717.793906,nan,12.337152,nan,60,480,565488,8634480,3136704,60
549,-100.0,5.0,818,409,0,0.0,0.0,0,1.0,-105.0,123.0,-100.0,5.0,12346226,6730.140132,nan,12.346226,nan,60,480,566874,8634480,3144392,60
550,-100.0,5.0,818,409,0,0.0,0.0,0,1.0,-105.0,123.0,-100.0,5.0,12346226,6742.486358,nan,12.346226,nan,60,480,566874,8634480,3144392,60
551,-100.0,5.0,804,402,0,0.0,0.0,0,1.0,-105.0,123.0,-100.0,5.0,12282708,6754.769066,nan,12.282708,nan,60,480,557172,8634480,3090576,60
552,-100.0,5.0,816,408,0,0.0,0.0,0,1.0,-105.0,123.0,-100.0,5.0,12337152,6767.106218,nan,12.337152,nan,60,480,565488,8634480,3136704,60
553,-100.0,5.0,840,420,0,0.0,0.0,0,1.0,-105.0,123.0,-100.0,5.0,12446040,6779.552258,nan,12.44604,nan,60,480,582120,8634480,3228960,60
554,-100.0,5.0,838,419,0,0.0,0.0,0,1.0,-105.0,123.0,-100.0,5.0,12436966,6791.989224,nan,12.436966,nan,60,480,580734,8634480,3221272,60
555,-100.0,5.0,828,414,0,0.0,0.0,0,1.0,-105.0,123.0,-100.0,5.0,12391596,6804.38082,nan,12.391596,nan,60,480,573804,8634480,3182832,60
556,-100.0,5.0,794,397,0,0.0,0.0,0,1.0,-105.0,123.0,-100.0,5.0,12237338,6816.618158,nan,12.237338,nan,60,480,550242,8634480,3052136,60
557,-100.0,5.0,822,411,0,0.0,0.0,0,1.0,-105.0,123.0,-100.0,5.0,12364374,6828.982532,nan,12.364374,nan,60,480,569646,8634480,3159768,60
558,-100.0,5.0,814,407,0,0.0,0.0,0,1.0,-105.0,123.0,-100.0,5.0,12328078,6841.31061,nan,12.328078,nan,60,480,564102,8634480,3129016,60
559,-100.0,5.0,824,412,0,0.0,0.0,0,1.0,-105.0,123.0,-100.0,5.0,12373448,6853.684058,nan,12.373448,nan,60,480,571032,8634480,3167456,60
560,-100.0,5.0,834,417,0,0.0,0.0,0,1.0,-105.0,123.0,-100.0,5.0,12418818,6866.102876,nan,12.418818,nan,60,480,577962,8634480,3205896,60
561,-100.0,5.0,806,403,0,0.0,0.0,0,1.0,-105.0,123.0,-100.0,5.0,12291782,6878.394658,nan,12.291782,nan,60,480,558558,8634480,3098264,60
562,-100.0,5.0,780,390,0,0.0,0.0,0,1.0,-105.0,123.0,-100.0,5.0,12173820,6890.568478,nan,12.17382,nan,60,480,540540,8634480,2998320,60
563,-100.0,5.0,798,399,0,0.0,0.0,0,1.0,-105.0,123.0,-100.0,5.0,12255486,6902.823964,nan,12.255486,nan,60,480,553014,8634480,3067512,60
564,-100.0,5.0,774,387,0,0.0,0.0,0,1.0,-105.0,123.0,-100.0,5.0,12146598,6914.970562,nan,12.146598,nan,60,480,536382,8634480,2975256,60
565,-100.0,5.0,818,409,0,0.0,0.0,0,1.0,-105.0,123.0,-100.0,5.0,12346226,6927.316788,nan,12.346226,nan,60,480,566874,8634480,3144392,60
566,-100.0,5.0,820,410,0,0.0,0.0,0,1.0,-105.0,123.0,-100.0,5.0,12355300,6939.672088,nan,12.3553,nan,60,480,568260,8634480,3152080,60
567,-100.0,5.0,820,410,0,0.0,0.0,0,1.0,-105.0,123.0,-100.0,5.0,12355300,6952.027388,nan,12.3553,nan,60,480,568260,8634480,3152080,60
568,-100.0,5.0,816,408,0,0.0,0.0,0,1.0,-105.0,123.0,-100.0,5.0,12337152,6964.36454,nan,12.337152,nan,60,480,565488,8634480,3136704,60
569,-100.0,5.0,820,410,0,0.0,0.0,0,1.0,-105.0,123.0,-100.0,5.0,12355300,6976.71984,nan,12.3553,nan,60,480,568260,8634480,3152080,60
570,-100.0,5.0,814,407,0,0.0,0.0,0,1.0,-105.0,123.0,-100.0,5.0,12328078,6989.047918,nan,12.328078,nan,60,480,564102,8634480,3129016,60
571,-100.0,5.0,810,405,0,0.0,0.0,0,1.0,-105.0,123.0,-100.0,5.0,12309930,7001.357848,nan,12.30993,nan,60,480,561330,8634480,3113640,60
572,-100.0,5.0,808,404,0,0.0,0.0,0,1.0,-105.0,123.0,-100.0,5.0,12300856,7013.658704,nan,12.300856,nan,60,480,559944,8634480,3105952,60
573,-100.0,5.0,818,409,0,0.0,0.0,0,1.0,-105.0,123.0,-100.0,5.0,12346226,7026.00493,nan,12.346226,nan,60,480,566874,8634480,3144392,60
574,-100.0,5.0,824,412,0,0.0,0.0,0,1.0,-105.0,123.0,-100.0,5.0,12373448,7038.378378,nan,12.373448,nan,60,480,571032,8634480,3167456,60
575,-100.0,5.0,796,398,0,0.0,0.0,0,1.0,-105.0,123.0,-100.0,5.0,12246412,7050.62479,nan,12.246412,nan,60,480,551628,8634480,3059824,60
576,-100.0,5.0,788,394,0,0.0,0.0,0,1.0,-105.0,123.0,-100.0,5.0,12210116,7062.834906,nan,12.210116,nan,60,480,546084,8634480,3029072,60
577,-100.0,5.0,810,405,0,0.0,0.0,0,1.0,-105.0,123.0,-100.0,5.0,12309930,7075.144836,nan,12.30993,nan,60,480,561330,8634480,3113640,60
578,-100.0,5.0,812,406,0,0.0,0.0,0,1.0,-105.0,123.0,-100.0,5.0,12319004,7087.46384,nan,12.319004,nan,60,480,562716,8634480,3121328,60
579,-100.0,5.0,804,402,0,0.0,0.0,0,1.0,-105.0,123.0,-100.0,5.0,12282708,7099.746548,nan,12.282708,nan,60,480,557172,8634480,3090576,60
580,-100.0,5.0,794,397,0,0.0,0.0,0,1.0,-105.0,123.0,-100.0,5.0,12237338,7111.983886,nan,12.237338,nan,60,480,550242,8634480,3052136,60
581,-100.0,5.0,802,401,0,0.0,0.0,0,1.0,-105.0,123.0,-100.0,5.0,12273634,7124.25752,nan,12.273634,nan,60,480,555786,8634480,3082888,60
582,-100.0,5.0,784,392,0,0.0,0.0,0,1.0,-105.0,123.0,-100.0,5.0,12191968,7136.449488,nan,12.191968,nan,60,480,543312,8634480,3013696,60
583,-100.0,5.0,790,395,0,0.0,0.0,0,1.0,-105.0,123.0,-100.0,5.0,12219190,7148.668678,nan,12.21919,nan,60,480,547470,8634480,3036760,60
584,-100.0,5.0,798,399,0,0.0,0.0,0,1.0,-105.0,123.0,-100.0,5.0,12255486,7160.924164,nan,12.255486,nan,60,480,553014,8634480,3067512,60
585,-100.0,5.0,812,406,0,0.0,0.0,0,1.0,-105.0,123.0,-100.0,5.0,12319004,7173.243168,nan,12.319004,nan,60,480,562716,8634480,3121328,60
586,-100.0,5.0,816,408,0,0.0,0.0,0,1.0,-105.0,123.0,-100.0,5.0,12337152,7185.58032,nan,12.337152,nan,60,480,565488,8634480,3136704,60
587,-100.0,5.0,830,415,0,0.0,0.0,0,1.0,-105.0,123.0,-100.0,5.0,12400670,7197.98099,nan,12.40067,nan,60,480,575190,8634480,3190520,60
588,-100.0,5.0,830,415,0,0.0,0.0,0,1.0,-105.0,123.0,-100.0,5.0,12400670,7210.38166,nan,12.40067,nan,60,480,575190,8634480,3190520,60
589,-100.0,5.0,852,426,0,0.0,0.0,0,1.0,-105.0,123.0,-100.0,5.0,12500484,7222.882144,nan,12.500484,nan,60,480,590436,8634480,3275088,60
590,-100.0,5.0,884,442,0,0.0,0.0,0,1.0,-105.0,123.0,-100.0,5.0,12645668,7235.527812,nan,12.645668,nan,60,480,612612,8634480,3398096,60
591,-100.0,5.0,892,446,0,0.0,0.0,0,1.0,-105.0,123.0,-100.0,5.0,12681964,7248.209776,nan,12.681964,nan,60,480,618156,8634480,3428848,60
592,-100.0,5.0,852,426,0,0.0,0.0,0,1.0,-105.0,123.0,-100.0,5.0,12500484,7260.71026,nan,12.500484,nan,60,480,590436,8634480,3275088,60
593,-100.0,5.0,822,411,0,0.0,0.0,0,1.0,-105.0,123.0,-100.0,5.0,12364374,7273.074634,nan,12.364374,nan,60,480,569646,8634480,3159768,60
594,-100.0,5.0,816,408,0,0.0,0.0,0,1.0,-105.0,123.0,-100.0,5.0,12337152,7285.411786,nan,12.337152,nan,60,480,565488,8634480,3136704,60
595,-100.0,5.0,792,396,0,0.0,0.0,0,1.0,-105.0,123.0,-100.0,5.0,12228264,7297.64005,nan,12.228264,nan,60,480,548856,8634480,3044448,60
596,-100.0,5.0,794,397,0,0.0,0.0,0,1.0,-105.0,123.0,-100.0,5.0,12237338,7309.877388,nan,12.237338,nan,60,480,550242,8634480,3052136,60
597,-100.0,5.0,796,398,0,0.0,0.0,0,1.0,-105.0,123.0,-100.0,5.0,12246412,7322.1238,nan,12.246412,nan,60,480,551628,8634480,3059824,60
598,-100.0,5.0,764,382,0,0.0,0.0,0,1.0,-105.0,123.0,-100.0,5.0,12101228,7334.225028,nan,12.101228,nan,60,480,529452,8634480,2936816,60
599,-100.0,5.0,796,398,0,0.0,0.0,0,1.0,-105.0,123.0,-100.0,5.0,12246412,7346.47144,nan,12.246412,nan,60,480,551628,8634480,3059824,60
600,-100.0,5.0,782,391,0,0.0,0.0,0,1.0,-105.0,123.0,-100.0,5.0,12182894,7358.654334,nan,12.182894,nan,60,480,541926,8634480,3006008,60
601,-100.0,5.0,814,407,0,0.0,0.0,0,1.0,-105.0,123.0,-100.0,5.0,12328078,7370.982412,nan,12.328078,nan,60,480,564102,8634480,3129016,60
602,-100.0,5.0,782,391,0,0.0,0.0,0,1.0,-105.0,123.0,-100.0,5.0,12182894,7383.165306,nan,12.182894,nan,60,480,541926,8634480,3006008,60
603,-100.0,5.0,790,395,0,0.0,0.0,0,1.0,-105.0,123.0,-100.0,5.0,12219190,7395.384496,nan,12.21919,nan,60,480,547470,8634480,3036760,60
604,-100.0,5.0,822,411,0,0.0,0.0,0,1.0,-105.0,123.0,-100.0,5.0,12364374,7407.74887,nan,12.364374,nan,60,480,569646,8634480,3159768,60
605,-100.0,5.0,808,404,0,0.0,0.0,0,1.0,-105.0,123.0,-100.0,5.0,12300856,7420.049726,nan,12.300856,nan,60,480,559944,8634480,3105952,60
606,-100.0,5.0,762,381,0,0.0,0.0,0,1.0,-105.0,123.0,-100.0,5.0,12092154,7432.14188,nan,12.092154,nan,60,480,528066,8634480,2929128,60
607,-100.0,5.0,726,363,0,0.0,0.0,0,1.0,-105.0,123.0,-100.0,5.0,11928822,7444.070702,nan,11.928822,nan,60,480,503118,8634480,2790744,60
608,-100.0,5.0,720,360,0,0.0,0.0,0,1.0,-105.0,123.0,-100.0,5.0,11901600,7455.972302,nan,11.9016,nan,60,480,498960,8634480,2767680,60
609,-100.0,5.0,792,396,0,0.0,0.0,0,1.0,-105.0,123.0,-100.0,5.0,12228264,7468.200566,nan,12.228264,nan,60,480,548856,8634480,3044448,60
610,-100.0,5.0,794,397,0,0.0,0.0,0,1.0,-105.0,123.0,-100.0,5.0,12237338,7480.437904,nan,12.237338,nan,60,480,550242,8634480,3052136,60
611,-100.0,5.0,772,386,0,0.0,0.0,0,1.0,-105.0,123.0,-100.0,5.0,12137524,7492.575428,nan,12.137524,nan,60,480,534996,8634480,2967568,60
612,-100.0,5.0,752,376,0,0.0,0.0,0,1.0,-105.0,123.0,-100.0,5.0,12046784,7504.622212,nan,12.046784,nan,60,480,521136,8634480,2890688,60
613,-100.0,5.0,746,373,0,0.0,0.0,0,1.0,-105.0,123.0,-100.0,5.0,12019562,7516.641774,nan,12.019562,nan,60,480,516978,8634480,2867624,60
614,-100.0,5.0,756,378,0,0.0,0.0,0,1.0,-105.0,123.0,-100.0,5.0,12064932,7528.706706,nan,12.064932,nan,60,480,523908,8634480,2906064,60
615,-100.0,5.0,760,380,0,0.0,0.0,0,1.0,-105.0,123.0,-100.0,5.0,12083080,7540.789786,nan,12.08308,nan,60,480,526680,8634480,2921440,60
616,-100.0,5.0,764,382,0,0.0,0.0,0,1.0,-105.0,123.0,-100.0,5.0,12101228,7552.891014,nan,12.101228,nan,60,480,529452,8634480,2936816,60
617,-100.0,5.0,766,383,0,0.0,0.0,0,1.0,-105.0,123.0,-100.0,5.0,12110302,7565.001316,nan,12.110302,nan,60,480,530838,8634480,2944504,60
618,-100.0,5.0,760,380,0,0.0,0.0,0,1.0,-105.0,123.0,-100.0,5.0,12083080,7577.084396,nan,12.08308,nan,60,480,526680,8634480,2921440,60
619,-100.0,5.0,774,387,0,0.0,0.0,0,1.0,-105.0,123.0,-100.0,5.0,12146598,7589.230994,nan,12.146598,nan,60,480,536382,8634480,2975256,60
620,-100.0,5.0,788,394,0,0.0,0.0,0,1.0,-105.0,123.0,-100.0,5.0,12210116,7601.44111,nan,12.210116,nan,60,480,546084,8634480,3029072,60
621,-100.0,5.0,806,403,0,0.0,0.0,0,1.0,-105.0,123.0,-100.0,5.0,12291782,7613.732892,nan,12.291782,nan,60,480,558558,8634480,3098264,60
622,-100.0,5.0,812,406,0,0.0,0.0,0,1.0,-105.0,123.0,-100.0,5.0,12319004,7626.051896,nan,12.319004,nan,60,480,562716,8634480,3121328,60
623,-100.0,5.0,818,409,0,0.0,0.0,0,1.0,-105.0,123.0,-100.0,5.0,12346226,7638.398122,nan,12.346226,nan,60,480,566874,8634480,3144392,60
624,-100.0,5.0,852,426,0,0.0,0.0,0,1.0,-105.0,123.0,-100.0,5.0,12500484,7650.898606,nan,12.500484,nan,60,480,590436,8634480,3275088,60
625,-100.0,5.0,860,430,0,0.0,0.0,0,1.0,-105.0,123.0,-100.0,5.0,12536780,7663.435386,nan,12.53678,nan,60,480,595980,8634480,3305840,60
626,-100.0,5.0,846,423,0,0.0,0.0,0,1.0,-105.0,123.0,-100.0,5.0,12473262,7675.908648,nan,12.473262,nan,60,480,586278,8634480,3252024,60
627,-100.0,5.0,870,435,0,0.0,0.0,0,1.0,-105.0,123.0,-100.0,5.0,12582150,7688.490798,nan,12.58215,nan,60,480,602910,8634480,3344280,60
628,-100.0,5.0,870,435,0,0.0,0.0,0,1.0,-105.0,123.0,-100.0,5.0,12582150,7701.072948,nan,12.58215,nan,60,480,602910,8634480,3344280,60
629,-100.0,5.0,868,434,0,0.0,0.0,0,1.0,-105.0,123.0,-100.0,5.0,12573076,7713.646024,nan,12.573076,nan,60,480,601524,8634480,3336592,60
630,-100.0,5.0,892,446,0,0.0,0.0,0,1.0,-105.0,123.0,-100.0,5.0,12681964,7726.327988,nan,12.681964,nan,60,480,618156,8634480,3428848,60
631,-100.0,5.0,888,444,0,0.0,0.0,0,1.0,-105.0,123.0,-100.0,5.0,12663816,7738.991804,nan,12.663816,nan,60,480,615384,8634480,3413472,60
632,-100.0,5.0,902,451,0,0.0,0.0,0,1.0,-105.0,123.0,-100.0,5.0,12727334,7751.719138,nan,12.727334,nan,60,480,625086,8634480,3467288,60
633,-100.0,5.0,894,447,0,0.0,0.0,0,1.0,-105.0,123.0,-100.0,5.0,12691038,7764.410176,nan,12.691038,nan,60,480,619542,8634480,3436536,60
634,-100.0,5.0,894,447,0,0.0,0.0,0,1.0,-105.0,123.0,-100.0,5.0,12691038,7777.101214,nan,12.691038,nan,60,480,619542,8634480,3436536,60
635,-100.0,5.0,916,458,0,0.0,0.0,0,1.0,-105.0,123.0,-100.0,5.0,12790852,7789.892066,nan,12.790852,nan,60,480,634788,8634480,3521104,60
636,-100.0,5.0,934,467,0,0.0,0.0,0,1.0,-105.0,123.0,-100.0,5.0,12872518,7802.764584,nan,12.872518,nan,60,480,647262,8634480,3590296,60
637,-100.0,5.0,944,472,0,0.0,0.0,0,1.0,-105.0,123.0,-100.0,5.0,12917888,7815.682472,nan,12.917888,nan,60,480,654192,8634480,3628736,60
638,-100.0,5.0,954,477,0,0.0,0.0,0,1.0,-105.0,123.0,-100.0,5.0,12963258,7828.64573,nan,12.963258,nan,60,480,661122,8634480,3667176,60
639,-100.0,5.0,934,467,0,0.0,0.0,0,1.0,-105.0,123.0,-100.0,5.0,12872518,7841.518248,nan,12.872518,nan,60,480,647262,8634480,3590296,60
640,-100.0,5.0,926,463,0,0.0,0.0,0,1.0,-105.0,123.0,-100.0,5.0,12836222,7854.35447,nan,12.836222,nan,60,480,641718,8634480,3559544,60
641,-100.0,5.0,870,435,0,0.0,0.0,0,1.0,-105.0,123.0,-100.0,5.0,12582150,7866.93662,nan,12.58215,nan,60,480,602910,8634480,3344280,60
642,-100.0,5.0,854,427,0,0.0,0.0,0,1.0,-105.0,123.0,-100.0,5.0,12509558,7879.446178,nan,12.509558,nan,60,480,591822,8634480,3282776,60
643,-100.0,5.0,856,428,0,0.0,0.0,0,1.0,-105.0,123.0,-100.0,5.0,12518632,7891.96481,nan,12.518632,nan,60,480,593208,8634480,3290464,60
644,-100.0,5.0,852,426,0,0.0,0.0,0,1.0,-105.0,123.0,-100.0,5.0,12500484,7904.465294,nan,12.500484,nan,60,480,590436,8634480,3275088,60
645,-100.0,5.0,846,423,0,0.0,0.0,0,1.0,-105.0,123.0,-100.0,5.0,12473262,7916.938556,nan,12.473262,nan,60,480,586278,8634480,3252024,60
646,-100.0,5.0,850,425,0,0.0,0.0,0,1.0,-105.0,123.0,-100.0,5.0,12491410,7929.429966,nan,12.49141,nan,60,480,589050,8634480,3267400,60
647,-100.0,5.0,856,428,0,0.0,0.0,0,1.0,-105.0,123.0,-100.0,5.0,12518632,7941.948598,nan,12.518632,nan,60,480,593208,8634480,3290464,60
648,-100.0,5.0,866,433,0,0.0,0.0,0,1.0,-105.0,123.0,-100.0,5.0,12564002,7954.5126,nan,12.564002,nan,60,480,600138,8634480,3328904,60
649,-100.0,5.0,896,448,0,0.0,0.0,0,1.0,-105.0,123.0,-100.0,5.0,12700112,7967.212712,nan,12.700112,nan,60,480,620928,8634480,3444224,60
650,-100.0,5.0,896,448,0,0.0,0.0,0,1.0,-105.0,123.0,-100.0,5.0,12700112,7979.912824,nan,12.700112,nan,60,480,620928,8634480,3444224,60
651,-100.0,5.0,880,440,0,0.0,0.0,0,1.0,-105.0,123.0,-100.0,5.0,12627520,7992.540344,nan,12.62752,nan,60,480,609840,8634480,3382720,60
652,-100.0,5.0,900,450,0,0.0,0.0,0,1.0,-105.0,123.0,-100.0,5.0,12718260,8005.258604,nan,12.71826,nan,60,480,623700,8634480,3459600,60
653,-100.0,5.0,906,453,0,0.0,0.0,0,1.0,-105.0,123.0,-100.0,5.0,12745482,8018.004086,nan,12.745482,nan,60,480,627858,8634480,3482664,60
654,-100.0,5.0,908,454,0,0.0,0.0,0,1.0,-105.0,123.0,-100.0,5.0,12754556,8030.758642,nan,12.754556,nan,60,480,629244,8634480,3490352,60
655,-100.0,5.0,910,455,0,0.0,0.0,0,1.0,-105.0,123.0,-100.0,5.0,12763630,8043.522272,nan,12.76363,nan,60,480,630630,8634480,3498040,60
656,-100.0,5.0,968,484,0,0.0,0.0,0,1.0,-105.0,123.0,-100.0,5.0,13026776,8056.549048,nan,13.026776,nan,60,480,670824,8634480,3720992,60
657,-100.0,5.0,932,466,0,0.0,0.0,0,1.0,-105.0,123.0,-100.0,5.0,12863444,8069.412492,nan,12.863444,nan,60,480,645876,8634480,3582608,60
658,-100.0,5.0,966,483,0,0.0,0.0,0,1.0,-105.0,123.0,-100.0,5.0,13017702,8082.430194,nan,13.017702,nan,60,480,669438,8634480,3713304,60
659,-100.0,5.0,890,445,0,0.0,0.0,0,1.0,-105.0,123.0,-100.0,5.0,12672890,8095.103084,nan,12.67289,nan,60,480,616770,8634480,3421160,60
660,-100.0,5.0,928,464,0,0.0,0.0,0,1.0,-105.0,123.0,-100.0,5.0,12845296,8107.94838,nan,12.845296,nan,60,480,643104,8634480,3567232,60
661,-100.0,5.0,932,466,0,0.0,0.0,0,1.0,-105.0,123.0,-100.0,5.0,12863444,8120.811824,nan,12.863444,nan,60,480,645876,8634480,3582608,60
662,-100.0,5.0,1004,502,0,0.0,0.0,0,1.0,-105.0,123.0,-100.0,5.0,13190108,8134.001932,nan,13.190108,nan,60,480,695772,8634480,3859376,60
663,-100.0,5.0,968,484,0,0.0,0.0,0,1.0,-105.0,123.0,-100.0,5.0,13026776,8147.028708,nan,13.026776,nan,60,480,670824,8634480,3720992,60
664,-100.0,5.0,970,485,0,0.0,0.0,0,1.0,-105.0,123.0,-100.0,5.0,13035850,8160.064558,nan,13.03585,nan,60,480,672210,8634480,3728680,60
665,-100.0,5.0,944,472,0,0.0,0.0,0,1.0,-105.0,123.0,-100.0,5.0,12917888,8172.982446,nan,12.917888,nan,60,480,654192,8634480,3628736,60
666,-100.0,5.0,956,478,0,0.0,0.0,0,1.0,-105.0,123.0,-100.0,5.0,12972332,8185.954778,nan,12.972332,nan,60,480,662508,8634480,3674864,60
667,-100.0,5.0,928,464,0,0.0,0.0,0,1.0,-105.0,123.0,-100.0,5.0,12845296,8198.800074,nan,12.845296,nan,60,480,643104,8634480,3567232,60
668,-100.0,5.0,904,452,0,0.0,0.0,0,1.0,-105.0,123.0,-100.0,5.0,12736408,8211.536482,nan,12.736408,nan,60,480,626472,8634480,3474976,60
669,-100.0,5.0,852,426,0,0.0,0.0,0,1.0,-105.0,123.0,-100.0,5.0,12500484,8224.036966,nan,12.500484,nan,60,480,590436,8634480,3275088,60
670,-100.0,5.0,838,419,0,0.0,0.0,0,1.0,-105.0,123.0,-100.0,5.0,12436966,8236.473932,nan,12.436966,nan,60,480,580734,8634480,3221272,60
671,-100.0,5.0,818,409,0,0.0,0.0,0,1.0,-105.0,123.0,-100.0,5.0,12346226,8248.820158,nan,12.346226,nan,60,480,566874,8634480,3144392,60
672,-100.0,5.0,812,406,0,0.0,0.0,0,1.0,-105.0,123.0,-100.0,5.0,12319004,8261.139162,nan,12.319004,nan,60,480,562716,8634480,3121328,60
673,-100.0,5.0,812,406,0,0.0,0.0,0,1.0,-105.0,123.0,-100.0,5.0,12319004,8273.458166,nan,12.319004,nan,60,480,562716,8634480,3121328,60
674,-100.0,5.0,772,386,0,0.0,0.0,0,1.0,-105.0,123.0,-100.0,5.0,12137524,8285.59569,nan,12.137524,nan,60,480,534996,8634480,2967568,60
675,-100.0,5.0,756,378,0,0.0,0.0,0,1.0,-105.0,123.0,-100.0,5.0,12064932,8297.660622,nan,12.064932,nan,60,480,523908,8634480,2906064,60
676,-100.0,5.0,726,363,0,0.0,0.0,0,1.0,-105.0,123.0,-100.0,5.0,11928822,8309.589444,nan,11.928822,nan,60,480,503118,8634480,2790744,60
677,-100.0,5.0,732,366,0,0.0,0.0,0,1.0,-105.0,123.0,-100.0,5.0,11956044,8321.545488,nan,11.956044,nan,60,480,507276,8634480,2813808,60
678,-100.0,5.0,730,365,0,0.0,0.0,0,1.0,-105.0,123.0,-100.0,5.0,11946970,8333.492458,nan,11.94697,nan,60,480,505890,8634480,2806120,60
679,-100.0,5.0,764,382,0,0.0,0.0,0,1.0,-105.0,123.0,-100.0,5.0,12101228,8345.593686,nan,12.101228,nan,60,480,529452,8634480,2936816,60
680,-100.0,5.0,766,383,0,0.0,0.0,0,1.0,-105.0,123.0,-100.0,5.0,12110302,8357.703988,nan,12.110302,nan,60,480,530838,8634480,2944504,60
681,-100.0,5.0,750,375,0,0.0,0.0,0,1.0,-105.0,123.0,-100.0,5.0,12037710,8369.741698,nan,12.03771,nan,60,480,519750,8634480,2883000,60
682,-100.0,5.0,744,372,0,0.0,0.0,0,1.0,-105.0,123.0,-100.0,5.0,12010488,8381.752186,nan,12.010488,nan,60,480,515592,8634480,2859936,60
683,-100.0,5.0,730,365,0,0.0,0.0,0,1.0,-105.0,123.0,-100.0,5.0,11946970,8393.699156,nan,11.94697,nan,60,480,505890,8634480,2806120,60
684,-100.0,5.0,748,374,0,0.0,0.0,0,1.0,-105.0,123.0,-100.0,5.0,12028636,8405.727792,nan,12.028636,nan,60,480,518364,8634480,2875312,60
685,-100.0,5.0,742,371,0,0.0,0.0,0,1.0,-105.0,123.0,-100.0,5.0,12001414,8417.729206,nan,12.001414,nan,60,480,514206,8634480,2852248,60
686,-100.0,5.0,712,356,0,0.0,0.0,0,1.0,-105.0,123.0,-100.0,5.0,11865304,8429.59451,nan,11.865304,nan,60,480,493416,8634480,2736928,60
687,-100.0,5.0,700,350,0,0.0,0.0,0,1.0,-105.0,123.0,-100.0,5.0,11810860,8441.40537,nan,11.81086,nan,60,480,485100,8634480,2690800,60
688,-100.0,5.0,690,345,0,0.0,0.0,0,1.0,-105.0,123.0,-100.0,5.0,11765490,8453.17086,nan,11.76549,nan,60,480,478170,8634480,2652360,60
689,-100.0,5.0,716,358,0,0.0,0.0,0,1.0,-105.0,123.0,-100.0,5.0,11883452,8465.054312,nan,11.883452,nan,60,480,496188,8634480,2752304,60
690,-100.0,5.0,710,355,0,0.0,0.0,0,1.0,-105.0,123.0,-100.0,5.0,11856230,8476.910542,nan,11.85623,nan,60,480,492030,8634480,2729240,60
691,-100.0,5.0,718,359,0,0.0,0.0,0,1.0,-105.0,123.0,-100.0,5.0,11892526,8488.803068,nan,11.892526,nan,60,480,497574,8634480,2759992,60
692,-100.0,5.0,698,349,0,0.0,0.0,0,1.0,-105.0,123.0,-100.0,5.0,11801786,8500.604854,nan,11.801786,nan,60,480,483714,8634480,2683112,60
693,-100.0,5.0,708,354,0,0.0,0.0,0,1.0,-105.0,123.0,-100.0,5.0,11847156,8512.45201,nan,11.847156,nan,60,480,490644,8634480,2721552,60
694,-100.0,5.0,688,344,0,0.0,0.0,0,1.0,-105.0,123.0,-100.0,5.0,11756416,8524.208426,nan,11.756416,nan,60,480,476784,8634480,2644672,60
695,-100.0,5.0,686,343,0,0.0,0.0,0,1.0,-105.0,123.0,-100.0,5.0,11747342,8535.955768,nan,11.747342,nan,60,480,475398,8634480,2636984,60
696,-100.0,5.0,684,342,0,0.0,0.0,0,1.0,-105.0,123.0,-100.0,5.0,11738268,8547.694036,nan,11.738268,nan,60,480,474012,8634480,2629296,60
697,-100.0,5.0,688,344,0,0.0,0.0,0,1.0,-105.0,123.0,-100.0,5.0,11756416,8559.450452,nan,11.756416,nan,60,480,476784,8634480,2644672,60
698,-100.0,5.0,698,349,0,0.0,0.0,0,1.0,-105.0,123.0,-100.0,5.0,11801786,8571.252238,nan,11.801786,nan,60,480,483714,8634480,2683112,60
699,-100.0,5.0,710,355,0,0.0,0.0,0,1.0,-105.0,123.0,-100.0,5.0,11856230,8583.108468,nan,11.85623,nan,60,480,492030,8634480,2729240,60
700,-100.0,5.0,730,365,0,0.0,0.0,0,1.0,-105.0,123.0,-100.0,5.0,11946970,8595.055438,nan,11.94697,nan,60,480,505890,8634480,2806120,60
701,-100.0,5.0,756,378,0,0.0,0.0,0,1.0,-105.0,123.0,-100.0,5.0,12064932,8607.12037,nan,12.064932,nan,60,480,523908,8634480,2906064,60
702,-100.0,5.0,774,387,0,0.0,0.0,0,1.0,-105.0,123.0,-100.0,5.0,12146598,8619.266968,nan,12.146598,nan,60,480,536382,8634480,2975256,60
703,-100.0,5.0,786,393,0,0.0,0.0,0,1.0,-105.0,123.0,-100.0,5.0,12201042,8631.46801,nan,12.201042,nan,60,480,544698,8634480,3021384,60
704,-100.0,5.0,794,397,0,0.0,0.0,0,1.0,-105.0,123.0,-100.0,5.0,12237338,8643.705348,nan,12.237338,nan,60,480,550242,8634480,3052136,60
705,-100.0,5.0,790,395,0,0.0,0.0,0,1.0,-105.0,123.0,-100.0,5.0,12219190,8655.924538,nan,12.21919,nan,60,480,547470,8634480,3036760,60
706,-100.0,5.0,794,397,0,0.0,0.0,0,1.0,-105.0,123.0,-100.0,5.0,12237338,8668.161876,nan,12.237338,nan,60,480,550242,8634480,3052136,60
707,-100.0,5.0,804,402,0,0.0,0.0,0,1.0,-105.0,123.0,-100.0,5.0,12282708,8680.444584,nan,12.282708,nan,60,480,557172,8634480,3090576,60
708,-100.0,5.0,826,413,0,0.0,0.0,0,1.0,-105.0,123.0,-100.0,5.0,12382522,8692.827106,nan,12.382522,nan,60,480,572418,8634480,3175144,60
709,-100.0,5.0,822,411,0,0.0,0.0,0,1.0,-105.0,123.0,-100.0,5.0,12364374,8705.19148,nan,12.364374,nan,60,480,569646,8634480,3159768,60
710,-100.0,5.0,794,397,0,0.0,0.0,0,1.0,-105.0,123.0,-100.0,5.0,12237338,8717.428818,nan,12.237338,nan,60,480,550242,8634480,3052136,60
711,-100.0,5.0,776,388,0,0.0,0.0,0,1.0,-105.0,123.0,-100.0,5.0,12155672,8729.58449,nan,12.155672,nan,60,480,537768,8634480,2982944,60
712,-100.0,5.0,776,388,0,0.0,0.0,0,1.0,-105.0,123.0,-100.0,5.0,12155672,8741.740162,nan,12.155672,nan,60,480,537768,8634480,2982944,60
713,-100.0,5.0,774,387,0,0.0,0.0,0,1.0,-105.0,123.0,-100.0,5.0,12146598,8753.88676,nan,12.146598,nan,60,480,536382,8634480,2975256,60
714,-100.0,5.0,766,383,0,0.0,0.0,0,1.0,-105.0,123.0,-100.0,5.0,12110302,8765.997062,nan,12.110302,nan,60,480,530838,8634480,2944504,60
715,-100.0,5.0,748,374,0,0.0,0.0,0,1.0,-105.0,123.0,-100.0,5.0,12028636,8778.025698,nan,12.028636,nan,60,480,518364,8634480,2875312,60
716,-100.0,5.0,736,368,0,0.0,0.0,0,1.0,-105.0,123.0,-100.0,5.0,11974192,8789.99989,nan,11.974192,nan,60,480,510048,8634480,2829184,60
717,-100.0,5.0,736,368,0,0.0,0.0,0,1.0,-105.0,123.0,-100.0,5.0,11974192,8801.974082,nan,11.974192,nan,60,480,510048,8634480,2829184,60
718,-100.0,5.0,722,361,0,0.0,0.0,0,1.0,-105.0,123.0,-100.0,5.0,11910674,8813.884756,nan,11.910674,nan,60,480,500346,8634480,2775368,60
719,-100.0,5.0,736,368,0,0.0,0.0,0,1.0,-105.0,123.0,-100.0,5.0,11974192,8825.858948,nan,11.974192,nan,60,480,510048,8634480,2829184,60
720,-100.0,5.0,730,365,0,0.0,0.0,0,1.0,-105.0,123.0,-100.0,5.0,11946970,8837.805918,nan,11.94697,nan,60,480,505890,8634480,2806120,60
721,-100.0,5.0,734,367,0,0.0,0.0,0,1.0,-105.0,123.0,-100.0,5.0,11965118,8849.771036,nan,11.965118,nan,60,480,508662,8634480,2821496,60
722,-100.0,5.0,726,363,0,0.0,0.0,0,1.0,-105.0,123.0,-100.0,5.0,11928822,8861.699858,nan,11.928822,nan,60,480,503118,8634480,2790744,60
723,-100.0,5.0,742,371,0,0.0,0.0,0,1.0,-105.0,123.0,-100.0,5.0,12001414,8873.701272,nan,12.001414,nan,60,480,514206,8634480,2852248,60
724,-100.0,5.0,746,373,0,0.0,0.0,0,1.0,-105.0,123.0,-100.0,5.0,12019562,8885.720834,nan,12.019562,nan,60,480,516978,8634480,2867624,60
725,-100.0,5.0,766,383,0,0.0,0.0,0,1.0,-105.0,123.0,-100.0,5.0,12110302,8897.831136,nan,12.110302,nan,60,480,530838,8634480,2944504,60
726,-100.0,5.0,772,386,0,0.0,0.0,0,1.0,-105.0,123.0,-100.0,5.0,12137524,8909.96866,nan,12.137524,nan,60,480,534996,8634480,2967568,60
727,-100.0,5.0,796,398,0,0.0,0.0,0,1.0,-105.0,123.0,-100.0,5.0,12246412,8922.215072,nan,12.246412,nan,60,480,551628,8634480,3059824,60
728,-100.0,5.0,808,404,0,0.0,0.0,0,1.0,-105.0,123.0,-100.0,5.0,12300856,8934.515928,nan,12.300856,nan,60,480,559944,8634480,3105952,60
729,-100.0,5.0,816,408,0,0.0,0.0,0,1.0,-105.0,123.0,-100.0,5.0,12337152,8946.85308,nan,12.337152,nan,60,480,565488,8634480,3136704,60
730,-100.0,5.0,818,409,0,0.0,0.0,0,1.0,-105.0,123.0,-100.0,5.0,12346226,8959.199306,nan,12.346226,nan,60,480,566874,8634480,3144392,60
731,-100.0,5.0,822,411,0,0.0,0.0,0,1.0,-105.0,123.0,-100.0,5.0,12364374,8971.56368,nan,12.364374,nan,60,480,569646,8634480,3159768,60
732,-100.0,5.0,810,405,0,0.0,0.0,0,1.0,-105.0,123.0,-100.0,5.0,12309930,8983.87361,nan,12.30993,nan,60,480,561330,8634480,3113640,60
733,-100.0,5.0,788,394,0,0.0,0.0,0,1.0,-105.0,123.0,-100.0,5.0,12210116,8996.083726,nan,12.210116,nan,60,480,546084,8634480,3029072,60
734,-100.0,5.0,784,392,0,0.0,0.0,0,1.0,-105.0,123.0,-100.0,5.0,12191968,9008.275694,nan,12.191968,nan,60,480,543312,8634480,3013696,60
735,-100.0,5.0,790,395,0,0.0,0.0,0,1.0,-105.0,123.0,-100.0,5.0,12219190,9020.494884,nan,12.21919,nan,60,480,547470,8634480,3036760,60
736,-100.0,5.0,798,399,0,0.0,0.0,0,1.0,-105.0,123.0,-100.0,5.0,12255486,9032.75037,nan,12.255486,nan,60,480,553014,8634480,3067512,60
737,-100.0,5.0,778,389,0,0.0,0.0,0,1.0,-105.0,123.0,-100.0,5.0,12164746,9044.915116,nan,12.164746,nan,60,480,539154,8634480,2990632,60
738,-100.0,5.0,780,390,0,0.0,0.0,0,1.0,-105.0,123.0,-100.0,5.0,12173820,9057.088936,nan,12.17382,nan,60,480,540540,8634480,2998320,60
739,-100.0,5.0,792,396,0,0.0,0.0,0,1.0,-105.0,123.0,-100.0,5.0,12228264,9069.3172,nan,12.228264,nan,60,480,548856,8634480,3044448,60
740,-100.0,5.0,788,394,0,0.0,0.0,0,1.0,-105.0,123.0,-100.0,5.0,12210116,9081.527316,nan,12.210116,nan,60,480,546084,8634480,3029072,60
741,-100.0,5.0,788,394,0,0.0,0.0,0,1.0,-105.0,123.0,-100.0,5.0,12210116,9093.737432,nan,12.210116,nan,60,480,546084,8634480,3029072,60
742,-100.0,5.0,766,383,0,0.0,0.0,0,1.0,-105.0,123.0,-100.0,5.0,12110302,9105.847734,nan,12.110302,nan,60,480,530838,8634480,2944504,60
743,-100.0,5.0,788,394,0,0.0,0.0,0,1.0,-105.0,123.0,-100.0,5.0,12210116,9118.05785,nan,12.210116,nan,60,480,546084,8634480,3029072,60
744,-100.0,5.0,776,388,0,0.0,0.0,0,1.0,-105.0,123.0,-100.0,5.0,12155672,9130.213522,nan,12.155672,nan,60,480,537768,8634480,2982944,60
745,-100.0,5.0,784,392,0,0.0,0.0,0,1.0,-105.0,123.0,-100.0,5.0,12191968,9142.40549,nan,12.191968,nan,60,480,543312,8634480,3013696,60
746,-100.0,5.0,770,385,0,0.0,0.0,0,1.0,-105.0,123.0,-100.0,5.0,12128450,9154.53394,nan,12.12845,nan,60,480,533610,8634480,2959880,60
747,-100.0,5.0,768,384,0,0.0,0.0,0,1.0,-105.0,123.0,-100.0,5.0,12119376,9166.653316,nan,12.119376,nan,60,480,532224,8634480,2952192,60
748,-100.0,5.0,772,386,0,0.0,0.0,0,1.0,-105.0,123.0,-100.0,5.0,12137524,9178.79084,nan,12.137524,nan,60,480,534996,8634480,2967568,60
749,-100.0,5.0,786,393,0,0.0,0.0,0,1.0,-105.0,123.0,-100.0,5.0,12201042,9190.991882,nan,12.201042,nan,60,480,544698,8634480,3021384,60
750,-100.0,5.0,804,402,0,0.0,0.0,0,1.0,-105.0,123.0,-100.0,5.0,12282708,9203.27459,nan,12.282708,nan,60,480,557172,8634480,3090576,60
751,-100.0,5.0,808,404,0,0.0,0.0,0,1.0,-105.0,123.0,-100.0,5.0,12300856,9215.575446,nan,12.300856,nan,60,480,559944,8634480,3105952,60
752,-100.0,5.0,800,400,0,0.0,0.0,0,1.0,-105.0,123.0,-100.0,5.0,12264560,9227.840006,nan,12.26456,nan,60,480,554400,8634480,3075200,60
753,-100.0,5.0,810,405,0,0.0,0.0,0,1.0,-105.0,123.0,-100.0,5.0,12309930,9240.149936,nan,12.30993,nan,60,480,561330,8634480,3113640,60
754,-100.0,5.0,830,415,0,0.0,0.0,0,1.0,-105.0,123.0,-100.0,5.0,12400670,9252.550606,nan,12.40067,nan,60,480,575190,8634480,3190520,60
755,-100.0,5.0,832,416,0,0.0,0.0,0,1.0,-105.0,123.0,-100.0,5.0,12409744,9264.96035,nan,12.409744,nan,60,480,576576,8634480,3198208,60
756,-100.0,5.0,774,387,0,0.0,0.0,0,1.0,-105.0,123.0,-100.0,5.0,12146598,9277.106948,nan,12.146598,nan,60,480,536382,8634480,2975256,60
757,-100.0,5.0,768,384,0,0.0,0.0,0,1.0,-105.0,123.0,-100.0,5.0,12119376,9289.226324,nan,12.119376,nan,60,480,532224,8634480,2952192,60
758,-100.0,5.0,770,385,0,0.0,0.0,0,1.0,-105.0,123.0,-100.0,5.0,12128450,9301.354774,nan,12.12845,nan,60,480,533610,8634480,2959880,60
759,-100.0,5.0,780,390,0,0.0,0.0,0,1.0,-105.0,123.0,-100.0,5.0,12173820,9313.528594,nan,12.17382,nan,60,480,540540,8634480,2998320,60
760,-100.0,5.0,788,394,0,0.0,0.0,0,1.0,-105.0,123.0,-100.0,5.0,12210116,9325.73871,nan,12.210116,nan,60,480,546084,8634480,3029072,60
761,-100.0,5.0,782,391,0,0.0,0.0,0,1.0,-105.0,123.0,-100.0,5.0,12182894,9337.921604,nan,12.182894,nan,60,480,541926,8634480,3006008,60
762,-100.0,5.0,808,404,0,0.0,0.0,0,1.0,-105.0,123.0,-100.0,5.0,12300856,9350.22246,nan,12.300856,nan,60,480,559944,8634480,3105952,60
763,-100.0,5.0,800,400,0,0.0,0.0,0,1.0,-105.0,123.0,-100.0,5.0,12264560,9362.48702,nan,12.26456,nan,60,480,554400,8634480,3075200,60
764,-100.0,5.0,790,395,0,0.0,0.0,0,1.0,-105.0,123.0,-100.0,5.0,12219190,9374.70621,nan,12.21919,nan,60,480,547470,8634480,3036760,60
765,-100.0,5.0,788,394,0,0.0,0.0,0,1.0,-105.0,123.0,-100.0,5.0,12210116,9386.916326,nan,12.210116,nan,60,480,546084,8634480,3029072,60
766,-100.0,5.0,768,384,0,0.0,0.0,0,1.0,-105.0,123.0,-100.0,5.0,12119376,9399.035702,nan,12.119376,nan,60,480,532224,8634480,2952192,60
767,-100.0,5.0,742,371,0,0.0,0.0,0,1.0,-105.0,123.0,-100.0,5.0,12001414,9411.037116,nan,12.001414,nan,60,480,514206,8634480,2852248,60
768,-100.0,5.0,724,362,0,0.0,0.0,0,1.0,-105.0,123.0,-100.0,5.0,11919748,9422.956864,nan,11.919748,nan,60,480,501732,8634480,2783056,60
769,-100.0,5.0,730,365,0,0.0,0.0,0,1.0,-105.0,123.0,-100.0,5.0,11946970,9434.903834,nan,11.94697,nan,60,480,505890,8634480,2806120,60
770,-100.0,5.0,736,368,0,0.0,0.0,0,1.0,-105.0,123.0,-100.0,5.0,11974192,9446.878026,nan,11.974192,nan,60,480,510048,8634480,2829184,60
771,-100.0,5.0,748,374,0,0.0,0.0,0,1.0,-105.0,123.0,-100.0,5.0,12028636,9458.906662,nan,12.028636,nan,60,480,518364,8634480,2875312,60
772,-100.0,5.0,744,372,0,0.0,0.0,0,1.0,-105.0,123.0,-100.0,5.0,12010488,9470.91715,nan,12.010488,nan,60,480,515592,8634480,2859936,60
773,-100.0,5.0,730,365,0,0.0,0.0,0,1.0,-105.0,123.0,-100.0,5.0,11946970,9482.86412,nan,11.94697,nan,60,480,505890,8634480,2806120,60
774,-100.0,5.0,738,369,0,0.0,0.0,0,1.0,-105.0,123.0,-100.0,5.0,11983266,9494.847386,nan,11.983266,nan,60,480,511434,8634480,2836872,60
775,-100.0,5.0,736,368,0,0.0,0.0,0,1.0,-105.0,123.0,-100.0,5.0,11974192,9506.821578,nan,11.974192,nan,60,480,510048,8634480,2829184,60
776,-100.0,5.0,750,375,0,0.0,0.0,0,1.0,-105.0,123.0,-100.0,5.0,12037710,9518.859288,nan,12.03771,nan,60,480,519750,8634480,2883000,60
777,-100.0,5.0,754,377,0,0.0,0.0,0,1.0,-105.0,123.0,-100.0,5.0,12055858,9530.915146,nan,12.055858,nan,60,480,522522,8634480,2898376,60
778,-100.0,5.0,774,387,0,0.0,0.0,0,1.0,-105.0,123.0,-100.0,5.0,12146598,9543.061744,nan,12.146598,nan,60,480,536382,8634480,2975256,60
779,-100.0,5.0,764,382,0,0.0,0.0,0,1.0,-105.0,123.0,-100.0,5.0,12101228,9555.162972,nan,12.101228,nan,60,480,529452,8634480,2936816,60
780,-100.0,5.0,764,382,0,0.0,0.0,0,1.0,-105.0,123.0,-100.0,5.0,12101228,9567.2642,nan,12.101228,nan,60,480,529452,8634480,2936816,60
781,-100.0,5.0,758,379,0,0.0,0.0,0,1.0,-105.0,123.0,-100.0,5.0,12074006,9579.338206,nan,12.074006,nan,60,480,525294,8634480,2913752,60
782,-100.0,5.0,754,377,0,0.0,0.0,0,1.0,-105.0,123.0,-100.0,5.0,12055858,9591.394064,nan,12.055858,nan,60,480,522522,8634480,2898376,60
783,-100.0,5.0,770,385,0,0.0,0.0,0,1.0,-105.0,123.0,-100.0,5.0,12128450,9603.522514,nan,12.12845,nan,60,480,533610,8634480,2959880,60
784,-100.0,5.0,764,382,0,0.0,0.0,0,1.0,-105.0,123.0,-100.0,5.0,12101228,9615.623742,nan,12.101228,nan,60,480,529452,8634480,2936816,60
785,-100.0,5.0,750,375,0,0.0,0.0,0,1.0,-105.0,123.0,-100.0,5.0,12037710,9627.661452,nan,12.03771,nan,60,480,519750,8634480,2883000,60
786,-100.0,5.0,766,383,0,0.0,0.0,0,1.0,-105.0,123.0,-100.0,5.0,12110302,9639.771754,nan,12.110302,nan,60,480,530838,8634480,2944504,60
787,-100.0,5.0,766,383,0,0.0,0.0,0,1.0,-105.0,123.0,-100.0,5.0,12110302,9651.882056,nan,12.110302,nan,60,480,530838,8634480,2944504,60
788,-100.0,5.0,760,380,0,0.0,0.0,0,1.0,-105.0,123.0,-100.0,5.0,12083080,9663.965136,nan,12.08308,nan,60,480,526680,8634480,2921440,60
789,-100.0,5.0,762,381,0,0.0,0.0,0,1.0,-105.0,123.0,-100.0,5.0,12092154,9676.05729,nan,12.092154,nan,60,480,528066,8634480,2929128,60
790,-100.0,5.0,756,378,0,0.0,0.0,0,1.0,-105.0,123.0,-100.0,5.0,12064932,9688.122222,nan,12.064932,nan,60,480,523908,8634480,2906064,60
791,-100.0,5.0,758,379,0,0.0,0.0,0,1.0,-105.0,123.0,-100.0,5.0,12074006,9700.196228,nan,12.074006,nan,60,480,525294,8634480,2913752,60
792,-100.0,5.0,752,376,0,0.0,0.0,0,1.0,-105.0,123.0,-100.0,5.0,12046784,9712.243012,nan,12.046784,nan,60,480,521136,8634480,2890688,60
793,-100.0,5.0,756,378,0,0.0,0.0,0,1.0,-105.0,123.0,-100.0,5.0,12064932,9724.307944,nan,12.064932,nan,60,480,523908,8634480,2906064,60
794,-100.0,5.0,764,382,0,0.0,0.0,0,1.0,-105.0,123.0,-100.0,5.0,12101228,9736.409172,nan,12.101228,nan,60,480,529452,8634480,2936816,60
795,-100.0,5.0,762,381,0,0.0,0.0,0,1.0,-105.0,123.0,-100.0,5.0,12092154,9748.501326,nan,12.092154,nan,60,480,528066,8634480,2929128,60
796,-100.0,5.0,776,388,0,0.0,0.0,0,1.0,-105.0,123.0,-100.0,5.0,12155672,9760.656998,nan,12.155672,nan,60,480,537768,8634480,2982944,60
797,-100.0,5.0,794,397,0,0.0,0.0,0,1.0,-105.0,123.0,-100.0,5.0,12237338,9772.894336,nan,12.237338,nan,60,480,550242,8634480,3052136,60
798,-100.0,5.0,828,414,0,0.0,0.0,0,1.0,-105.0,123.0,-100.0,5.0,12391596,9785.285932,nan,12.391596,nan,60,480,573804,8634480,3182832,60
799,-100.0,5.0,782,391,0,0.0,0.0,0,1.0,-105.0,123.0,-100.0,5.0,12182894,9797.468826,nan,12.182894,nan,60,480,541926,8634480,3006008,60
800,-100.0,5.0,796,398,0,0.0,0.0,0,1.0,-105.0,123.0,-100.0,5.0,12246412,9809.715238,nan,12.246412,nan,60,480,551628,8634480,3059824,60
801,-100.0,5.0,786,393,0,0.0,0.0,0,1.0,-105.0,123.0,-100.0,5.0,12201042,9821.91628,nan,12.201042,nan,60,480,544698,8634480,3021384,60
802,-100.0,5.0,782,391,0,0.0,0.0,0,1.0,-105.0,123.0,-100.0,5.0,12182894,9834.099174,nan,12.182894,nan,60,480,541926,8634480,3006008,60
803,-100.0,5.0,762,381,0,0.0,0.0,0,1.0,-105.0,123.0,-100.0,5.0,12092154,9846.191328,nan,12.092154,nan,60,480,528066,8634480,2929128,60
804,-100.0,5.0,724,362,0,0.0,0.0,0,1.0,-105.0,123.0,-100.0,5.0,11919748,9858.111076,nan,11.919748,nan,60,480,501732,8634480,2783056,60
805,-100.0,5.0,742,371,0,0.0,0.0,0,1.0,-105.0,123.0,-100.0,5.0,12001414,9870.11249,nan,12.001414,nan,60,480,514206,8634480,2852248,60
806,-100.0,5.0,740,370,0,0.0,0.0,0,1.0,-105.0,123.0,-100.0,5.0,11992340,9882.10483,nan,11.99234,nan,60,480,512820,8634480,2844560,60
807,-100.0,5.0,746,373,0,0.0,0.0,0,1.0,-105.0,123.0,-100.0,5.0,12019562,9894.124392,nan,12.019562,nan,60,480,516978,8634480,2867624,60
808,-100.0,5.0,752,376,0,0.0,0.0,0,1.0,-105.0,123.0,-100.0,5.0,12046784,9906.171176,nan,12.046784,nan,60,480,521136,8634480,2890688,60
809,-100.0,5.0,756,378,0,0.0,0.0,0,1.0,-105.0,123.0,-100.0,5.0,12064932,9918.236108,nan,12.064932,nan,60,480,523908,8634480,2906064,60
810,-100.0,5.0,760,380,0,0.0,0.0,0,1.0,-105.0,123.0,-100.0,5.0,12083080,9930.319188,nan,12.08308,nan,60,480,526680,8634480,2921440,60
811,-100.0,5.0,802,401,0,0.0,0.0,0,1.0,-105.0,123.0,-100.0,5.0,12273634,9942.592822,nan,12.273634,nan,60,480,555786,8634480,3082888,60
812,-100.0,5.0,798,399,0,0.0,0.0,0,1.0,-105.0,123.0,-100.0,5.0,12255486,9954.848308,nan,12.255486,nan,60,480,553014,8634480,3067512,60
813,-100.0,5.0,798,399,0,0.0,0.0,0,1.0,-105.0,123.0,-100.0,5.0,12255486,9967.103794,nan,12.255486,nan,60,480,553014,8634480,3067512,60
814,-100.0,5.0,796,398,0,0.0,0.0,0,1.0,-105.0,123.0,-100.0,5.0,12246412,9979.350206,nan,12.246412,nan,60,480,551628,8634480,3059824,60
815,-100.0,5.0,788,394,0,0.0,0.0,0,1.0,-105.0,123.0,-100.0,5.0,12210116,9991.560322,nan,12.210116,nan,60,480,546084,8634480,3029072,60
816,-100.0,5.0,770,385,0,0.0,0.0,0,1.0,-105.0,123.0,-100.0,5.0,12128450,10003.688772,nan,12.12845,nan,60,480,533610,8634480,2959880,60
817,-100.0,5.0,784,392,0,0.0,0.0,0,1.0,-105.0,123.0,-100.0,5.0,12191968,10015.88074,nan,12.191968,nan,60,480,543312,8634480,3013696,60
818,-100.0,5.0,792,396,0,0.0,0.0,0,1.0,-105.0,123.0,-100.0,5.0,12228264,10028.109004,nan,12.228264,nan,60,480,548856,8634480,3044448,60
819,-100.0,5.0,792,396,0,0.0,0.0,0,1.0,-105.0,123.0,-100.0,5.0,12228264,10040.337268,nan,12.228264,nan,60,480,548856,8634480,3044448,60
820,-100.0,5.0,812,406,0,0.0,0.0,0,1.0,-105.0,123.0,-100.0,5.0,12319004,10052.656272,nan,12.319004,nan,60,480,562716,8634480,3121328,60
821,-100.0,5.0,814,407,0,0.0,0.0,0,1.0,-105.0,123.0,-100.0,5.0,12328078,10064.98435,nan,12.328078,nan,60,480,564102,8634480,3129016,60
822,-100.0,5.0,828,414,0,0.0,0.0,0,1.0,-105.0,123.0,-100.0,5.0,12391596,10077.375946,nan,12.391596,nan,60,480,573804,8634480,3182832,60
823,-100.0,5.0,822,411,0,0.0,0.0,0,1.0,-105.0,123.0,-100.0,5.0,12364374,10089.74032,nan,12.364374,nan,60,480,569646,8634480,3159768,60
824,-100.0,5.0,804,402,0,0.0,0.0,0,1.0,-105.0,123.0,-100.0,5.0,12282708,10102.023028,nan,12.282708,nan,60,480,557172,8634480,3090576,60
825,-100.0,5.0,810,405,0,0.0,0.0,0,1.0,-105.0,123.0,-100.0,5.0,12309930,10114.332958,nan,12.30993,nan,60,480,561330,8634480,3113640,60
826,-100.0,5.0,790,395,0,0.0,0.0,0,1.0,-105.0,123.0,-100.0,5.0,12219190,10126.552148,nan,12.21919,nan,60,480,547470,8634480,3036760,60
827,-100.0,5.0,778,389,0,0.0,0.0,0,1.0,-105.0,123.0,-100.0,5.0,12164746,10138.716894,nan,12.164746,nan,60,480,539154,8634480,2990632,60
828,-100.0,5.0,774,387,0,0.0,0.0,0,1.0,-105.0,123.0,-100.0,5.0,12146598,10150.863492,nan,12.146598,nan,60,480,536382,8634480,2975256,60
829,-100.0,5.0,770,385,0,0.0,0.0,0,1.0,-105.0,123.0,-100.0,5.0,12128450,10162.991942,nan,12.12845,nan,60,480,533610,8634480,2959880,60
830,-100.0,5.0,784,392,0,0.0,0.0,0,1.0,-105.0,123.0,-100.0,5.0,12191968,10175.18391,nan,12.191968,nan,60,480,543312,8634480,3013696,60
831,-100.0,5.0,796,398,0,0.0,0.0,0,1.0,-105.0,123.0,-100.0,5.0,12246412,10187.430322,nan,12.246412,nan,60,480,551628,8634480,3059824,60
832,-100.0,5.0,832,416,0,0.0,0.0,0,1.0,-105.0,123.0,-100.0,5.0,12409744,10199.840066,nan,12.409744,nan,60,480,576576,8634480,3198208,60
833,-100.0,5.0,814,407,0,0.0,0.0,0,1.0,-105.0,123.0,-100.0,5.0,12328078,10212.168144,nan,12.328078,nan,60,480,564102,8634480,3129016,60
834,-100.0,5.0,806,403,0,0.0,0.0,0,1.0,-105.0,123.0,-100.0,5.0,12291782,10224.459926,nan,12.291782,nan,60,480,558558,8634480,3098264,60
835,-100.0,5.0,822,411,0,0.0,0.0,0,1.0,-105.0,123.0,-100.0,5.0,12364374,10236.8243,nan,12.364374,nan,60,480,569646,8634480,3159768,60
836,-100.0,5.0,830,415,0,0.0,0.0,0,1.0,-105.0,123.0,-100.0,5.0,12400670,10249.22497,nan,12.40067,nan,60,480,575190,8634480,3190520,60
837,-100.0,5.0,814,407,0,0.0,0.0,0,1.0,-105.0,123.0,-100.0,5.0,12328078,10261.553048,nan,12.328078,nan,60,480,564102,8634480,3129016,60
838,-100.0,5.0,796,398,0,0.0,0.0,0,1.0,-105.0,123.0,-100.0,5.0,12246412,10273.79946,nan,12.246412,nan,60,480,551628,8634480,3059824,60
839,-100.0,5.0,792,396,0,0.0,0.0,0,1.0,-105.0,123.0,-100.0,5.0,12228264,10286.027724,nan,12.228264,nan,60,480,548856,8634480,3044448,60
840,-100.0,5.0,806,403,0,0.0,0.0,0,1.0,-105.0,123.0,-100.0,5.0,12291782,10298.319506,nan,12.291782,nan,60,480,558558,8634480,3098264,60
841,-100.0,5.0,790,395,0,0.0,0.0,0,1.0,-105.0,123.0,-100.0,5.0,12219190,10310.538696,nan,12.21919,nan,60,480,547470,8634480,3036760,60
842,-100.0,5.0,794,397,0,0.0,0.0,0,1.0,-105.0,123.0,-100.0,5.0,12237338,10322.776034,nan,12.237338,nan,60,480,550242,8634480,3052136,60
843,-100.0,5.0,774,387,0,0.0,0.0,0,1.0,-105.0,123.0,-100.0,5.0,12146598,10334.922632,nan,12.146598,nan,60,480,536382,8634480,2975256,60
844,-100.0,5.0,766,383,0,0.0,0.0,0,1.0,-105.0,123.0,-100.0,5.0,12110302,10347.032934,nan,12.110302,nan,60,480,530838,8634480,2944504,60
845,-100.0,5.0,758,379,0,0.0,0.0,0,1.0,-105.0,123.0,-100.0,5.0,12074006,10359.10694,nan,12.074006,nan,60,480,525294,8634480,2913752,60
846,-100.0,5.0,748,374,0,0.0,0.0,0,1.0,-105.0,123.0,-100.0,5.0,12028636,10371.135576,nan,12.028636,nan,60,480,518364,8634480,2875312,60
847,-100.0,5.0,756,378,0,0.0,0.0,0,1.0,-105.0,123.0,-100.0,5.0,12064932,10383.200508,nan,12.064932,nan,60,480,523908,8634480,2906064,60
848,-100.0,5.0,770,385,0,0.0,0.0,0,1.0,-105.0,123.0,-100.0,5.0,12128450,10395.328958,nan,12.12845,nan,60,480,533610,8634480,2959880,60
849,-100.0,5.0,776,388,0,0.0,0.0,0,1.0,-105.0,123.0,-100.0,5.0,12155672,10407.48463,nan,12.155672,nan,60,480,537768,8634480,2982944,60
850,-100.0,5.0,794,397,0,0.0,0.0,0,1.0,-105.0,123.0,-100.0,5.0,12237338,10419.721968,nan,12.237338,nan,60,480,550242,8634480,3052136,60
851,-100.0,5.0,786,393,0,0.0,0.0,0,1.0,-105.0,123.0,-100.0,5.0,12201042,10431.92301,nan,12.201042,nan,60,480,544698,8634480,3021384,60
852,-100.0,5.0,794,397,0,0.0,0.0,0,1.0,-105.0,123.0,-100.0,5.0,12237338,10444.160348,nan,12.237338,nan,60,480,550242,8634480,3052136,60
853,-100.0,5.0,798,399,0,0.0,0.0,0,1.0,-105.0,123.0,-100.0,5.0,12255486,10456.415834,nan,12.255486,nan,60,480,553014,8634480,3067512,60
854,-100.0,5.0,828,414,0,0.0,0.0,0,1.0,-105.0,123.0,-100.0,5.0,12391596,10468.80743,nan,12.391596,nan,60,480,573804,8634480,3182832,60
855,-100.0,5.0,834,417,0,0.0,0.0,0,1.0,-105.0,123.0,-100.0,5.0,12418818,10481.226248,nan,12.418818,nan,60,480,577962,8634480,3205896,60
856,-100.0,5.0,822,411,0,0.0,0.0,0,1.0,-105.0,123.0,-100.0,5.0,12364374,10493.590622,nan,12.364374,nan,60,480,569646,8634480,3159768,60
857,-100.0,5.0,822,411,0,0.0,0.0,0,1.0,-105.0,123.0,-100.0,5.0,12364374,10505.954996,nan,12.364374,nan,60,480,569646,8634480,3159768,60
858,-100.0,5.0,840,420,0,0.0,0.0,0,1.0,-105.0,123.0,-100.0,5.0,12446040,10518.401036,nan,12.44604,nan,60,480,582120,8634480,3228960,60
859,-100.0,5.0,820,410,0,0.0,0.0,0,1.0,-105.0,123.0,-100.0,5.0,12355300,10530.756336,nan,12.3553,nan,60,480,568260,8634480,3152080,60
860,-100.0,5.0,814,407,0,0.0,0.0,0,1.0,-105.0,123.0,-100.0,5.0,12328078,10543.084414,nan,12.328078,nan,60,480,564102,8634480,3129016,60
861,-100.0,5.0,798,399,0,0.0,0.0,0,1.0,-105.0,123.0,-100.0,5.0,12255486,10555.3399,nan,12.255486,nan,60,480,553014,8634480,3067512,60
862,-100.0,5.0,798,399,0,0.0,0.0,0,1.0,-105.0,123.0,-100.0,5.0,12255486,10567.595386,nan,12.255486,nan,60,480,553014,8634480,3067512,60
863,-100.0,5.0,852,426,0,0.0,0.0,0,1.0,-105.0,123.0,-100.0,5.0,12500484,10580.09587,nan,12.500484,nan,60,480,590436,8634480,3275088,60
864,-100.0,5.0,862,431,0,0.0,0.0,0,1.0,-105.0,123.0,-100.0,5.0,12545854,10592.641724,nan,12.545854,nan,60,480,597366,8634480,3313528,60
865,-100.0,5.0,848,424,0,0.0,0.0,0,1.0,-105.0,123.0,-100.0,5.0,12482336,10605.12406,nan,12.482336,nan,60,480,587664,8634480,3259712,60
866,-100.0,5.0,832,416,0,0.0,0.0,0,1.0,-105.0,123.0,-100.0,5.0,12409744,10617.533804,nan,12.409744,nan,60,480,576576,8634480,3198208,60
867,-100.0,5.0,860,430,0,0.0,0.0,0,1.0,-105.0,123.0,-100.0,5.0,12536780,10630.070584,nan,12.53678,nan,60,480,595980,8634480,3305840,60
868,-100.0,5.0,854,427,0,0.0,0.0,0,1.0,-105.0,123.0,-100.0,5.0,12509558,10642.580142,nan,12.509558,nan,60,480,591822,8634480,3282776,60
869,-100.0,5.0,860,430,0,0.0,0.0,0,1.0,-105.0,123.0,-100.0,5.0,12536780,10655.116922,nan,12.53678,nan,60,480,595980,8634480,3305840,60
870,-100.0,5.0,912,456,0,0.0,0.0,0,1.0,-105.0,123.0,-100.0,5.0,12772704,10667.889626,nan,12.772704,nan,60,480,632016,8634480,3505728,60
871,-100.0,5.0,952,476,0,0.0,0.0,0,1.0,-105.0,123.0,-100.0,5.0,12954184,10680.84381,nan,12.954184,nan,60,480,659736,8634480,3659488,60
872,-100.0,5.0,936,468,0,0.0,0.0,0,1.0,-105.0,123.0,-100.0,5.0,12881592,10693.725402,nan,12.881592,nan,60,480,648648,8634480,3597984,60
873,-100.0,5.0,938,469,0,0.0,0.0,0,1.0,-105.0,123.0,-100.0,5.0,12890666,10706.616068,nan,12.890666,nan,60,480,650034,8634480,3605672,60
874,-100.0,5.0,908,454,0,0.0,0.0,0,1.0,-105.0,123.0,-100.0,5.0,12754556,10719.370624,nan,12.754556,nan,60,480,629244,8634480,3490352,60
875,-100.0,5.0,822,411,0,0.0,0.0,0,1.0,-105.0,123.0,-100.0,5.0,12364374,10731.734998,nan,12.364374,nan,60,480,569646,8634480,3159768,60
876,-100.0,5.0,806,403,0,0.0,0.0,0,1.0,-105.0,123.0,-100.0,5.0,12291782,10744.02678,nan,12.291782,nan,60,480,558558,8634480,3098264,60
877,-100.0,5.0,814,407,0,0.0,0.0,0,1.0,-105.0,123.0,-100.0,5.0,12328078,10756.354858,nan,12.328078,nan,60,480,564102,8634480,3129016,60
878,-100.0,5.0,808,404,0,0.0,0.0,0,1.0,-105.0,123.0,-100.0,5.0,12300856,10768.655714,nan,12.300856,nan,60,480,559944,8634480,3105952,60
879,-100.0,5.0,786,393,0,0.0,0.0,0,1.0,-105.0,123.0,-100.0,5.0,12201042,10780.856756,nan,12.201042,nan,60,480,544698,8634480,3021384,60
880,-100.0,5.0,762,381,0,0.0,0.0,0,1.0,-105.0,123.0,-100.0,5.0,12092154,10792.94891,nan,12.092154,nan,60,480,528066,8634480,2929128,60
881,-100.0,5.0,774,387,0,0.0,0.0,0,1.0,-105.0,123.0,-100.0,5.0,12146598,10805.095508,nan,12.146598,nan,60,480,536382,8634480,2975256,60
882,-100.0,5.0,762,381,0,0.0,0.0,0,1.0,-105.0,123.0,-100.0,5.0,12092154,10817.187662,nan,12.092154,nan,60,480,528066,8634480,2929128,60
883,-100.0,5.0,740,370,0,0.0,0.0,0,1.0,-105.0,123.0,-100.0,5.0,11992340,10829.180002,nan,11.99234,nan,60,480,512820,8634480,2844560,60
884,-100.0,5.0,734,367,0,0.0,0.0,0,1.0,-105.0,123.0,-100.0,5.0,11965118,10841.14512,nan,11.965118,nan,60,480,508662,8634480,2821496,60
885,-100.0,5.0,726,363,0,0.0,0.0,0,1.0,-105.0,123.0,-100.0,5.0,11928822,10853.073942,nan,11.928822,nan,60,480,503118,8634480,2790744,60
886,-100.0,5.0,716,358,0,0.0,0.0,0,1.0,-105.0,123.0,-100.0,5.0,11883452,10864.957394,nan,11.883452,nan,60,480,496188,8634480,2752304,60
887,-100.0,5.0,728,364,0,0.0,0.0,0,1.0,-105.0,123.0,-100.0,5.0,11937896,10876.89529,nan,11.937896,nan,60,480,504504,8634480,2798432,60
888,-100.0,5.0,698,349,0,0.0,0.0,0,1.0,-105.0,123.0,-100.0,5.0,11801786,10888.697076,nan,11.801786,nan,60,480,483714,8634480,2683112,60
889,-100.0,5.0,718,359,0,0.0,0.0,0,1.0,-105.0,123.0,-100.0,5.0,11892526,10900.589602,nan,11.892526,nan,60,480,497574,8634480,2759992,60
890,-100.0,5.0,728,364,0,0.0,0.0,0,1.0,-105.0,123.0,-100.0,5.0,11937896,10912.527498,nan,11.937896,nan,60,480,504504,8634480,2798432,60
891,-100.0,5.0,740,370,0,0.0,0.0,0,1.0,-105.0,123.0,-100.0,5.0,11992340,10924.519838,nan,11.99234,nan,60,480,512820,8634480,2844560,60
892,-100.0,5.0,736,368,0,0.0,0.0,0,1.0,-105.0,123.0,-100.0,5.0,11974192,10936.49403,nan,11.974192,nan,60,480,510048,8634480,2829184,60
893,-100.0,5.0,706,353,0,0.0,0.0,0,1.0,-105.0,123.0,-100.0,5.0,11838082,10948.332112,nan,11.838082,nan,60,480,489258,8634480,2713864,60
894,-100.0,5.0,744,372,0,0.0,0.0,0,1.0,-105.0,123.0,-100.0,5.0,12010488,10960.3426,nan,12.010488,nan,60,480,515592,8634480,2859936,60
895,-100.0,5.0,744,372,0,0.0,0.0,0,1.0,-105.0,123.0,-100.0,5.0,12010488,10972.353088,nan,12.010488,nan,60,480,515592,8634480,2859936,60
896,-100.0,5.0,726,363,0,0.0,0.0,0,1.0,-105.0,123.0,-100.0,5.0,11928822,10984.28191,nan,11.928822,nan,60,480,503118,8634480,2790744,60
897,-100.0,5.0,712,356,0,0.0,0.0,0,1.0,-105.0,123.0,-100.0,5.0,11865304,10996.147214,nan,11.865304,nan,60,480,493416,8634480,2736928,60
898,-100.0,5.0,724,362,0,0.0,0.0,0,1.0,-105.0,123.0,-100.0,5.0,11919748,11008.066962,nan,11.919748,nan,60,480,501732,8634480,2783056,60
899,-100.0,5.0,724,362,0,0.0,0.0,0,1.0,-105.0,123.0,-100.0,5.0,11919748,11019.98671,nan,11.919748,nan,60,480,501732,8634480,2783056,60
900,-100.0,5.0,740,370,0,0.0,0.0,0,1.0,-105.0,123.0,-100.0,5.0,11992340,11031.97905,nan,11.99234,nan,60,480,512820,8634480,2844560,60
901,-100.0,5.0,750,375,0,0.0,0.0,0,1.0,-105.0,123.0,-100.0,5.0,12037710,11044.01676,nan,12.03771,nan,60,480,519750,8634480,2883000,60
902,-100.0,5.0,734,367,0,0.0,0.0,0,1.0,-105.0,123.0,-100.0,5.0,11965118,11055.981878,nan,11.965118,nan,60,480,508662,8634480,2821496,60
903,-100.0,5.0,718,359,0,0.0,0.0,0,1.0,-105.0,123.0,-100.0,5.0,11892526,11067.874404,nan,11.892526,nan,60,480,497574,8634480,2759992,60
904,-100.0,5.0,710,355,0,0.0,0.0,0,1.0,-105.0,123.0,-100.0,5.0,11856230,11079.730634,nan,11.85623,nan,60,480,492030,8634480,2729240,60
905,-100.0,5.0,708,354,0,0.0,0.0,0,1.0,-105.0,123.0,-100.0,5.0,11847156,11091.57779,nan,11.847156,nan,60,480,490644,8634480,2721552,60
906,-100.0,5.0,732,366,0,0.0,0.0,0,1.0,-105.0,123.0,-100.0,5.0,11956044,11103.533834,nan,11.956044,nan,60,480,507276,8634480,2813808,60
907,-100.0,5.0,732,366,0,0.0,0.0,0,1.0,-105.0,123.0,-100.0,5.0,11956044,11115.489878,nan,11.956044,nan,60,480,507276,8634480,2813808,60
908,-100.0,5.0,736,368,0,0.0,0.0,0,1.0,-105.0,123.0,-100.0,5.0,11974192,11127.46407,nan,11.974192,nan,60,480,510048,8634480,2829184,60
909,-100.0,5.0,760,380,0,0.0,0.0,0,1.0,-105.0,123.0,-100.0,5.0,12083080,11139.54715,nan,12.08308,nan,60,480,526680,8634480,2921440,60
910,-100.0,5.0,800,400,0,0.0,0.0,0,1.0,-105.0,123.0,-100.0,5.0,12264560,11151.81171,nan,12.26456,nan,60,480,554400,8634480,3075200,60
911,-100.0,5.0,800,400,0,0.0,0.0,0,1.0,-105.0,123.0,-100.0,5.0,12264560,11164.07627,nan,12.26456,nan,60,480,554400,8634480,3075200,60
912,-100.0,5.0,774,387,0,0.0,0.0,0,1.0,-105.0,123.0,-100.0,5.0,12146598,11176.222868,nan,12.146598,nan,60,480,536382,8634480,2975256,60
913,-100.0,5.0,790,395,0,0.0,0.0,0,1.0,-105.0,123.0,-100.0,5.0,12219190,11188.442058,nan,12.21919,nan,60,480,547470,8634480,3036760,60
914,-100.0,5.0,772,386,0,0.0,0.0,0,1.0,-105.0,123.0,-100.0,5.0,12137524,11200.579582,nan,12.137524,nan,60,480,534996,8634480,2967568,60
915,-100.0,5.0,778,389,0,0.0,0.0,0,1.0,-105.0,123.0,-100.0,5.0,12164746,11212.744328,nan,12.164746,nan,60,480,539154,8634480,2990632,60
916,-100.0,5.0,778,389,0,0.0,0.0,0,1.0,-105.0,123.0,-100.0,5.0,12164746,11224.909074,nan,12.164746,nan,60,480,539154,8634480,2990632,60
917,-100.0,5.0,794,397,0,0.0,0.0,0,1.0,-105.0,123.0,-100.0,5.0,12237338,11237.146412,nan,12.237338,nan,60,480,550242,8634480,3052136,60
918,-100.0,5.0,768,384,0,0.0,0.0,0,1.0,-105.0,123.0,-100.0,5.0,12119376,11249.265788,nan,12.119376,nan,60,480,532224,8634480,2952192,60
919,-100.0,5.0,776,388,0,0.0,0.0,0,1.0,-105.0,123.0,-100.0,5.0,12155672,11261.42146,nan,12.155672,nan,60,480,537768,8634480,2982944,60
920,-100.0,5.0,754,377,0,0.0,0.0,0,1.0,-105.0,123.0,-100.0,5.0,12055858,11273.477318,nan,12.055858,nan,60,480,522522,8634480,2898376,60
921,-100.0,5.0,752,376,0,0.0,0.0,0,1.0,-105.0,123.0,-100.0,5.0,12046784,11285.524102,nan,12.046784,nan,60,480,521136,8634480,2890688,60
922,-100.0,5.0,760,380,0,0.0,0.0,0,1.0,-105.0,123.0,-100.0,5.0,12083080,11297.607182,nan,12.08308,nan,60,480,526680,8634480,2921440,60
923,-100.0,5.0,742,371,0,0.0,0.0,0,1.0,-105.0,123.0,-100.0,5.0,12001414,11309.608596,nan,12.001414,nan,60,480,514206,8634480,2852248,60
924,-100.0,5.0,716,358,0,0.0,0.0,0,1.0,-105.0,123.0,-100.0,5.0,11883452,11321.492048,nan,11.883452,nan,60,480,496188,8634480,2752304,60
925,-100.0,5.0,754,377,0,0.0,0.0,0,1.0,-105.0,123.0,-100.0,5.0,12055858,11333.547906,nan,12.055858,nan,60,480,522522,8634480,2898376,60
926,-100.0,5.0,748,374,0,0.0,0.0,0,1.0,-105.0,123.0,-100.0,5.0,12028636,11345.576542,nan,12.028636,nan,60,480,518364,8634480,2875312,60
927,-100.0,5.0,734,367,0,0.0,0.0,0,1.0,-105.0,123.0,-100.0,5.0,11965118,11357.54166,nan,11.965118,nan,60,480,508662,8634480,2821496,60
928,-100.0,5.0,730,365,0,0.0,0.0,0,1.0,-105.0,123.0,-100.0,5.0,11946970,11369.48863,nan,11.94697,nan,60,480,505890,8634480,2806120,60
929,-100.0,5.0,744,372,0,0.0,0.0,0,1.0,-105.0,123.0,-100.0,5.0,12010488,11381.499118,nan,12.010488,nan,60,480,515592,8634480,2859936,60
930,-100.0,5.0,770,385,0,0.0,0.0,0,1.0,-105.0,123.0,-100.0,5.0,12128450,11393.627568,nan,12.12845,nan,60,480,533610,8634480,2959880,60
931,-100.0,5.0,814,407,0,0.0,0.0,0,1.0,-105.0,123.0,-100.0,5.0,12328078,11405.955646,nan,12.328078,nan,60,480,564102,8634480,3129016,60
932,-100.0,5.0,802,401,0,0.0,0.0,0,1.0,-105.0,123.0,-100.0,5.0,12273634,11418.22928,nan,12.273634,nan,60,480,555786,8634480,3082888,60
933,-100.0,5.0,828,414,0,0.0,0.0,0,1.0,-105.0,123.0,-100.0,5.0,12391596,11430.620876,nan,12.391596,nan,60,480,573804,8634480,3182832,60
934,-100.0,5.0,838,419,0,0.0,0.0,0,1.0,-105.0,123.0,-100.0,5.0,12436966,11443.057842,nan,12.436966,nan,60,480,580734,8634480,3221272,60
935,-100.0,5.0,828,414,0,0.0,0.0,0,1.0,-105.0,123.0,-100.0,5.0,12391596,11455.449438,nan,12.391596,nan,60,480,573804,8634480,3182832,60
936,-100.0,5.0,854,427,0,0.0,0.0,0,1.0,-105.0,123.0,-100.0,5.0,12509558,11467.958996,nan,12.509558,nan,60,480,591822,8634480,3282776,60
937,-100.0,5.0,842,421,0,0.0,0.0,0,1.0,-105.0,123.0,-100.0,5.0,12455114,11480.41411,nan,12.455114,nan,60,480,583506,8634480,3236648,60
938,-100.0,5.0,846,423,0,0.0,0.0,0,1.0,-105.0,123.0,-100.0,5.0,12473262,11492.887372,nan,12.473262,nan,60,480,586278,8634480,3252024,60
939,-100.0,5.0,830,415,0,0.0,0.0,0,1.0,-105.0,123.0,-100.0,5.0,12400670,11505.288042,nan,12.40067,nan,60,480,575190,8634480,3190520,60
940,-100.0,5.0,836,418,0,0.0,0.0,0,1.0,-105.0,123.0,-100.0,5.0,12427892,11517.715934,nan,12.427892,nan,60,480,579348,8634480,3213584,60
941,-100.0,5.0,832,416,0,0.0,0.0,0,1.0,-105.0,123.0,-100.0,5.0,12409744,11530.125678,nan,12.409744,nan,60,480,576576,8634480,3198208,60
942,-100.0,5.0,840,420,0,0.0,0.0,0,1.0,-105.0,123.0,-100.0,5.0,12446040,11542.571718,nan,12.44604,nan,60,480,582120,8634480,3228960,60
943,-100.0,5.0,850,425,0,0.0,0.0,0,1.0,-105.0,123.0,-100.0,5.0,12491410,11555.063128,nan,12.49141,nan,60,480,589050,8634480,3267400,60
944,-100.0,5.0,866,433,0,0.0,0.0,0,1.0,-105.0,123.0,-100.0,5.0,12564002,11567.62713,nan,12.564002,nan,60,480,600138,8634480,3328904,60
945,-100.0,5.0,856,428,0,0.0,0.0,0,1.0,-105.0,123.0,-100.0,5.0,12518632,11580.145762,nan,12.518632,nan,60,480,593208,8634480,3290464,60
946,-100.0,5.0,852,426,0,0.0,0.0,0,1.0,-105.0,123.0,-100.0,5.0,12500484,11592.646246,nan,12.500484,nan,60,480,590436,8634480,3275088,60
947,-100.0,5.0,862,431,0,0.0,0.0,0,1.0,-105.0,123.0,-100.0,5.0,12545854,11605.1921,nan,12.545854,nan,60,480,597366,8634480,3313528,60
948,-100.0,5.0,868,434,0,0.0,0.0,0,1.0,-105.0,123.0,-100.0,5.0,12573076,11617.765176,nan,12.573076,nan,60,480,601524,8634480,3336592,60
949,-100.0,5.0,940,470,0,0.0,0.0,0,1.0,-105.0,123.0,-100.0,5.0,12899740,11630.664916,nan,12.89974,nan,60,480,651420,8634480,3613360,60
950,-100.0,5.0,912,456,0,0.0,0.0,0,1.0,-105.0,123.0,-100.0,5.0,12772704,11643.43762,nan,12.772704,nan,60,480,632016,8634480,3505728,60
951,-100.0,5.0,910,455,0,0.0,0.0,0,1.0,-105.0,123.0,-100.0,5.0,12763630,11656.20125,nan,12.76363,nan,60,480,630630,8634480,3498040,60
952,-100.0,5.0,948,474,0,0.0,0.0,0,1.0,-105.0,123.0,-100.0,5.0,12936036,11669.137286,nan,12.936036,nan,60,480,656964,8634480,3644112,60
953,-100.0,5.0,950,475,0,0.0,0.0,0,1.0,-105.0,123.0,-100.0,5.0,12945110,11682.082396,nan,12.94511,nan,60,480,658350,8634480,3651800,60
954,-100.0,5.0,928,464,0,0.0,0.0,0,1.0,-105.0,123.0,-100.0,5.0,12845296,11694.927692,nan,12.845296,nan,60,480,643104,8634480,3567232,60
955,-100.0,5.0,936,468,0,0.0,0.0,0,1.0,-105.0,123.0,-100.0,5.0,12881592,11707.809284,nan,12.881592,nan,60,480,648648,8634480,3597984,60
956,-100.0,5.0,936,468,0,0.0,0.0,0,1.0,-105.0,123.0,-100.0,5.0,12881592,11720.690876,nan,12.881592,nan,60,480,648648,8634480,3597984,60
957,-100.0,5.0,946,473,0,0.0,0.0,0,1.0,-105.0,123.0,-100.0,5.0,12926962,11733.617838,nan,12.926962,nan,60,480,655578,8634480,3636424,60
958,-100.0,5.0,970,485,0,0.0,0.0,0,1.0,-105.0,123.0,-100.0,5.0,13035850,11746.653688,nan,13.03585,nan,60,480,672210,8634480,3728680,60
959,-100.0,5.0,970,485,0,0.0,0.0,0,1.0,-105.0,123.0,-100.0,5.0,13035850,11759.689538,nan,13.03585,nan,60,480,672210,8634480,3728680,60
960,-100.0,5.0,988,494,0,0.0,0.0,0,1.0,-105.0,123.0,-100.0,5.0,13117516,11772.807054,nan,13.117516,nan,60,480,684684,8634480,3797872,60
961,-100.0,5.0,924,462,0,0.0,0.0,0,1.0,-105.0,123.0,-100.0,5.0,12827148,11785.634202,nan,12.827148,nan,60,480,640332,8634480,3551856,60
962,-100.0,5.0,916,458,0,0.0,0.0,0,1.0,-105.0,123.0,-100.0,5.0,12790852,11798.425054,nan,12.790852,nan,60,480,634788,8634480,3521104,60
963,-100.0,5.0,898,449,0,0.0,0.0,0,1.0,-105.0,123.0,-100.0,5.0,12709186,11811.13424,nan,12.709186,nan,60,480,622314,8634480,3451912,60
964,-100.0,5.0,880,440,0,0.0,0.0,0,1.0,-105.0,123.0,-100.0,5.0,12627520,11823.76176,nan,12.62752,nan,60,480,609840,8634480,3382720,60
965,-100.0,5.0,840,420,0,0.0,0.0,0,1.0,-105.0,123.0,-100.0,5.0,12446040,11836.2078,nan,12.44604,nan,60,480,582120,8634480,3228960,60
966,-100.0,5.0,836,418,0,0.0,0.0,0,1.0,-105.0,123.0,-100.0,5.0,12427892,11848.635692,nan,12.427892,nan,60,480,579348,8634480,3213584,60
967,-100.0,5.0,872,436,0,0.0,0.0,0,1.0,-105.0,123.0,-100.0,5.0,12591224,11861.226916,nan,12.591224,nan,60,480,604296,8634480,3351968,60
968,-100.0,5.0,870,435,0,0.0,0.0,0,1.0,-105.0,123.0,-100.0,5.0,12582150,11873.809066,nan,12.58215,nan,60,480,602910,8634480,3344280,60
969,-100.0,5.0,862,431,0,0.0,0.0,0,1.0,-105.0,123.0,-100.0,5.0,12545854,11886.35492,nan,12.545854,nan,60,480,597366,8634480,3313528,60
970,-100.0,5.0,862,431,0,0.0,0.0,0,1.0,-105.0,123.0,-100.0,5.0,12545854,11898.900774,nan,12.545854,nan,60,480,597366,8634480,3313528,60
971,-100.0,5.0,836,418,0,0.0,0.0,0,1.0,-105.0,123.0,-100.0,5.0,12427892,11911.328666,nan,12.427892,nan,60,480,579348,8634480,3213584,60
972,-100.0,5.0,832,416,0,0.0,0.0,0,1.0,-105.0,123.0,-100.0,5.0,12409744,11923.73841,nan,12.409744,nan,60,480,576576,8634480,3198208,60
973,-100.0,5.0,794,397,0,0.0,0.0,0,1.0,-105.0,123.0,-100.0,5.0,12237338,11935.975748,nan,12.237338,nan,60,480,550242,8634480,3052136,60
974,-100.0,5.0,782,391,0,0.0,0.0,0,1.0,-105.0,123.0,-100.0,5.0,12182894,11948.158642,nan,12.182894,nan,60,480,541926,8634480,3006008,60
975,-100.0,5.0,748,374,0,0.0,0.0,0,1.0,-105.0,123.0,-100.0,5.0,12028636,11960.187278,nan,12.028636,nan,60,480,518364,8634480,2875312,60
976,-100.0,5.0,760,380,0,0.0,0.0,0,1.0,-105.0,123.0,-100.0,5.0,12083080,11972.270358,nan,12.08308,nan,60,480,526680,8634480,2921440,60
977,-100.0,5.0,750,375,0,0.0,0.0,0,1.0,-105.0,123.0,-100.0,5.0,12037710,11984.308068,nan,12.03771,nan,60,480,519750,8634480,2883000,60
978,-100.0,5.0,770,385,0,0.0,0.0,0,1.0,-105.0,123.0,-100.0,5.0,12128450,11996.436518,nan,12.12845,nan,60,480,533610,8634480,2959880,60
979,-100.0,5.0,768,384,0,0.0,0.0,0,1.0,-105.0,123.0,-100.0,5.0,12119376,12008.555894,nan,12.119376,nan,60,480,532224,8634480,2952192,60
980,-100.0,5.0,772,386,0,0.0,0.0,0,1.0,-105.0,123.0,-100.0,5.0,12137524,12020.693418,nan,12.137524,nan,60,480,534996,8634480,2967568,60
981,-100.0,5.0,762,381,0,0.0,0.0,0,1.0,-105.0,123.0,-100.0,5.0,12092154,12032.785572,nan,12.092154,nan,60,480,528066,8634480,2929128,60
982,-100.0,5.0,762,381,0,0.0,0.0,0,1.0,-105.0,123.0,-100.0,5.0,12092154,12044.877726,nan,12.092154,nan,60,480,528066,8634480,2929128,60
983,-100.0,5.0,774,387,0,0.0,0.0,0,1.0,-105.0,123.0,-100.0,5.0,12146598,12057.024324,nan,12.146598,nan,60,480,536382,8634480,2975256,60
984,-100.0,5.0,774,387,0,0.0,0.0,0,1.0,-105.0,123.0,-100.0,5.0,12146598,12069.170922,nan,12.146598,nan,60,480,536382,8634480,2975256,60
985,-100.0,5.0,806,403,0,0.0,0.0,0,1.0,-105.0,123.0,-100.0,5.0,12291782,12081.462704,nan,12.291782,nan,60,480,558558,8634480,3098264,60
986,-100.0,5.0,818,409,0,0.0,0.0,0,1.0,-105.0,123.0,-100.0,5.0,12346226,12093.80893,nan,12.346226,nan,60,480,566874,8634480,3144392,60
987,-100.0,5.0,856,428,0,0.0,0.0,0,1.0,-105.0,123.0,-100.0,5.0,12518632,12106.327562,nan,12.518632,nan,60,480,593208,8634480,3290464,60
988,-100.0,5.0,852,426,0,0.0,0.0,0,1.0,-105.0,123.0,-100.0,5.0,12500484,12118.828046,nan,12.500484,nan,60,480,590436,8634480,3275088,60
989,-100.0,5.0,844,422,0,0.0,0.0,0,1.0,-105.0,123.0,-100.0,5.0,12464188,12131.292234,nan,12.464188,nan,60,480,584892,8634480,3244336,60
990,-100.0,5.0,814,407,0,0.0,0.0,0,1.0,-105.0,123.0,-100.0,5.0,12328078,12143.620312,nan,12.328078,nan,60,480,564102,8634480,3129016,60
991,-100.0,5.0,800,400,0,0.0,0.0,0,1.0,-105.0,123.0,-100.0,5.0,12264560,12155.884872,nan,12.26456,nan,60,480,554400,8634480,3075200,60
992,-100.0,5.0,826,413,0,0.0,0.0,0,1.0,-105.0,123.0,-100.0,5.0,12382522,12168.267394,nan,12.382522,nan,60,480,572418,8634480,3175144,60
993,-100.0,5.0,846,423,0,0.0,0.0,0,1.0,-105.0,123.0,-100.0,5.0,12473262,12180.740656,nan,12.473262,nan,60,480,586278,8634480,3252024,60
994,-100.0,5.0,826,413,0,0.0,0.0,0,1.0,-105.0,123.0,-100.0,5.0,12382522,12193.123178,nan,12.382522,nan,60,480,572418,8634480,3175144,60
995,-100.0,5.0,836,418,0,0.0,0.0,0,1.0,-105.0,123.0,-100.0,5.0,12427892,12205.55107,nan,12.427892,nan,60,480,579348,8634480,3213584,60
996,-100.0,5.0,840,420,0,0.0,0.0,0,1.0,-105.0,123.0,-100.0,5.0,12446040,12217.99711,nan,12.44604,nan,60,480,582120,8634480,3228960,60
997,-100.0,5.0,872,436,0,0.0,0.0,0,1.0,-105.0,123.0,-100.0,5.0,12591224,12230.588334,nan,12.591224,nan,60,480,604296,8634480,3351968,60
998,-100.0,5.0,870,435,0,0.0,0.0,0,1.0,-105.0,123.0,-100.0,5.0,12582150,12243.170484,nan,12.58215,nan,60,480,602910,8634480,3344280,60
999,-100.0,5.0,844,422,0,0.0,0.0,0,1.0,-105.0,123.0,-100.0,5.0,12464188,12255.634672,nan,12.464188,nan,60,480,584892,8634480,3244336,60
1000,-100.0,5.0,832,416,0,0.0,0.0,0,1.0,-105.0,123.0,-100.0,5.0,12409744,12268.044416,nan,12.409744,nan,60,480,576576,8634480,3198208,60
