step,contact_threshold_rx_power_dbm,contact_threshold_snr_db,feasible_contact_decisions,feasible_contact_pairs,greedy_comm_bytes,greedy_comm_cumulative_mb,greedy_comm_mb,greedy_events,local_policy_initial_pull_probability,model_transfer_snr_min_db,network_half_duplex_rejections,network_mean_direction_capacity_bytes,network_mean_sinr_db,network_min_sinr_db,network_raw_contact_pairs,network_raw_directed_candidates,network_rejected_transfers,network_scheduled_transfers,network_shortlisted_directed_candidates,network_sinr_or_airtime_rejections,network_transfer_proposals,noise_floor_dbm,propagation_loss_contact_threshold_db,rssi_gossip_threshold_dbm,snr_min_db,t2_b0_comm_bytes,t2_b0_comm_cumulative_mb,t2_b0_comm_cumulative_vs_greedy_ratio,t2_b0_comm_mb,t2_b0_comm_vs_greedy_ratio,t2_b0_events,t2_b0_metadata_bytes,t2_b0_model_bytes,t2_b0_model_messages,t2_b0_policy_bytes,t2_b0_policy_messages,t2_b0_pull_events,t2_b0_scalar_bytes,t2_b0_scalar_control_bytes,t2_b0_scalar_control_messages,t2_b0_scalar_loss_bytes,t2_b0_scalar_loss_messages,t2_b0_scalar_messages,t2_b0_selected_providers,t2_b0_training_sample_bytes,t2_b0_training_sample_messages,t2_b0_valid_pull_events
1,-47.5,57.5,0,0,0,0.0,0.0,0,0.0,57.5,,,,,0,,,0,0,,0,-105.0,70.5,-47.5,5.0,0,0.0,nan,0.0,nan,0,0,0,0,0,0,0,0,0,0,0,0,0,0,0,0,0
2,-47.5,57.5,4,2,0,0.0,0.0,0,0.0,57.5,0,562500.0,56.46463757058254,45.554236204185045,2,4,0,2,4,0,2,-105.0,70.5,-47.5,5.0,578452,0.578452,nan,0.578452,nan,2,0,578320,4,0,0,2,132,64,16,68,17,33,2,0,0,1
3,-47.5,57.5,4,2,0,0.0,0.0,0,0.0,57.5,0,0.0,nan,nan,2,4,0,0,4,0,0,-105.0,70.5,-47.5,5.0,0,0.578452,nan,0.0,nan,0,0,0,0,0,0,0,0,0,0,0,0,0,0,0,0,0
4,-47.5,57.5,8,4,0,0.0,0.0,0,0.0,57.5,0,562500.0,63.13314437866211,63.13314437866211,4,8,0,1,8,0,1,-105.0,70.5,-47.5,5.0,289292,0.867744,nan,0.289292,nan,1,0,289160,2,0,0,1,132,64,16,68,17,33,1,0,0,1
5,-47.5,57.5,8,4,0,0.0,0.0,0,0.0,57.5,0,0.0,nan,nan,4,8,0,0,8,0,0,-105.0,70.5,-47.5,5.0,0,0.867744,nan,0.0,nan,0,0,0,0,0,0,0,0,0,0,0,0,0,0,0,0,0
6,-47.5,57.5,10,5,0,0.0,0.0,0,0.0,57.5,0,562500.0,62.93828201293945,62.93828201293945,5,10,0,1,10,0,1,-105.0,70.5,-47.5,5.0,289292,1.157036,nan,0.289292,nan,1,0,289160,2,0,0,1,132,64,16,68,17,33,1,0,0,1
7,-47.5,57.5,10,5,0,0.0,0.0,0,0.0,57.5,1,562500.0,62.12783432006836,62.12783432006836,5,10,1,1,10,0,2,-105.0,70.5,-47.5,5.0,289292,1.446328,nan,0.289292,nan,1,0,289160,2,0,0,1,132,64,16,68,17,33,1,0,0,1
8,-47.5,57.5,8,4,0,0.0,0.0,0,0.0,57.5,0,562500.0,67.78669738769531,67.78669357299805,4,8,0,1,8,0,1,-105.0,70.5,-47.5,5.0,289292,1.73562,nan,0.289292,nan,1,0,289160,2,0,0,1,132,64,16,68,17,33,1,0,0,1
9,-47.5,57.5,8,4,0,0.0,0.0,0,0.0,57.5,1,562500.0,41.037326110047665,36.97735204060385,4,8,1,2,8,0,3,-105.0,70.5,-47.5,5.0,578584,2.314204,nan,0.578584,nan,2,0,578320,4,0,0,2,264,128,32,136,34,66,2,0,0,2
10,-47.5,57.5,12,6,0,0.0,0.0,0,0.0,57.5,0,562500.0,34.5380506195992,24.36034749637448,6,12,0,2,12,0,2,-105.0,70.5,-47.5,5.0,578584,2.892788,nan,0.578584,nan,2,0,578320,4,0,0,2,264,128,32,136,34,66,2,0,0,2
11,-47.5,57.5,12,6,0,0.0,0.0,0,0.0,57.5,0,0.0,nan,nan,6,12,0,0,12,0,0,-105.0,70.5,-47.5,5.0,0,2.892788,nan,0.0,nan,0,0,0,0,0,0,0,0,0,0,0,0,0,0,0,0,0
12,-47.5,57.5,14,7,0,0.0,0.0,0,0.0,57.5,2,562500.0,42.9442503090952,30.428563137582472,7,14,2,3,14,0,5,-105.0,70.5,-47.5,5.0,867876,3.760664,nan,0.867876,nan,3,0,867480,6,0,0,3,396,192,48,204,51,99,3,0,0,3
13,-47.5,57.5,16,8,0,0.0,0.0,0,0.0,57.5,3,562500.0,45.90688871366462,37.04190995346109,8,16,3,3,16,0,6,-105.0,70.5,-47.5,5.0,867876,4.62854,nan,0.867876,nan,3,0,867480,6,0,0,3,396,192,48,204,51,99,3,0,0,3
14,-47.5,57.5,12,6,0,0.0,0.0,0,0.0,57.5,0,562500.0,73.97493362426758,73.97493362426758,6,12,0,1,12,0,1,-105.0,70.5,-47.5,5.0,289292,4.917832,nan,0.289292,nan,1,0,289160,2,0,0,1,132,64,16,68,17,33,1,0,0,1
15,-47.5,57.5,12,6,0,0.0,0.0,0,0.0,57.5,0,562500.0,67.5613899230957,67.5613899230957,6,12,0,1,12,0,1,-105.0,70.5,-47.5,5.0,289292,5.207124,nan,0.289292,nan,1,0,289160,2,0,0,1,132,64,16,68,17,33,1,0,0,1
16,-47.5,57.5,10,5,0,0.0,0.0,0,0.0,57.5,2,562500.0,60.84494400024414,58.584171295166016,5,10,2,2,10,0,4,-105.0,70.5,-47.5,5.0,578584,5.785708,nan,0.578584,nan,2,0,578320,4,0,0,2,264,128,32,136,34,66,2,0,0,2
17,-47.5,57.5,14,7,0,0.0,0.0,0,0.0,57.5,1,562500.0,58.39231491088867,58.39231491088867,7,14,1,1,14,0,2,-105.0,70.5,-47.5,5.0,289292,6.075,nan,0.289292,nan,1,0,289160,2,0,0,1,132,64,16,68,17,33,1,0,0,1
18,-47.5,57.5,10,5,0,0.0,0.0,0,0.0,57.5,0,562500.0,64.6250991821289,64.6250991821289,5,10,0,1,10,0,1,-105.0,70.5,-47.5,5.0,289292,6.364292,nan,0.289292,nan,1,0,289160,2,0,0,1,132,64,16,68,17,33,1,0,0,1
19,-47.5,57.5,12,6,0,0.0,0.0,0,0.0,57.5,1,562500.0,63.32154837023188,60.15423583984375,6,12,1,3,12,0,4,-105.0,70.5,-47.5,5.0,867876,7.232168,nan,0.867876,nan,3,0,867480,6,0,0,3,396,192,48,204,51,99,3,0,0,3
20,-47.5,57.5,10,5,0,0.0,0.0,0,0.0,57.5,0,562500.0,72.83803176879883,72.83803176879883,5,10,0,1,10,0,1,-105.0,70.5,-47.5,5.0,289292,7.52146,nan,0.289292,nan,1,0,289160,2,0,0,1,132,64,16,68,17,33,1,0,0,1
21,-47.5,57.5,10,5,0,0.0,0.0,0,0.0,57.5,3,562500.0,66.50110626220703,65.44082260131836,5,10,3,2,10,0,5,-105.0,70.5,-47.5,5.0,578584,8.100044,nan,0.578584,nan,2,0,578320,4,0,0,2,264,128,32,136,34,66,2,0,0,2
22,-47.5,57.5,10,5,0,0.0,0.0,0,0.0,57.5,1,562500.0,59.36135387420654,58.512020111083984,5,10,1,2,10,0,3,-105.0,70.5,-47.5,5.0,578584,8.678628,nan,0.578584,nan,2,0,578320,4,0,0,2,264,128,32,136,34,66,2,0,0,2
23,-47.5,57.5,8,4,0,0.0,0.0,0,0.0,57.5,1,562500.0,67.5613899230957,67.5613899230957,4,8,1,1,8,0,2,-105.0,70.5,-47.5,5.0,289292,8.96792,nan,0.289292,nan,1,0,289160,2,0,0,1,132,64,16,68,17,33,1,0,0,1
24,-47.5,57.5,10,5,0,0.0,0.0,0,0.0,57.5,0,562500.0,57.50300407409668,57.50300216674805,5,10,0,1,10,0,1,-105.0,70.5,-47.5,5.0,289292,9.257212,nan,0.289292,nan,1,0,289160,2,0,0,1,132,64,16,68,17,33,1,0,0,1
25,-47.5,57.5,10,5,0,0.0,0.0,0,0.0,57.5,0,562500.0,60.21068572998047,60.21068572998047,5,10,0,1,10,0,1,-105.0,70.5,-47.5,5.0,289292,9.546504,nan,0.289292,nan,1,0,289160,2,0,0,1,132,64,16,68,17,33,1,0,0,1
26,-47.5,57.5,12,6,0,0.0,0.0,0,0.0,57.5,1,562500.0,43.041219489442184,39.95131083048114,6,12,1,4,12,0,5,-105.0,70.5,-47.5,5.0,1157168,10.703672,nan,1.157168,nan,4,0,1156640,8,0,0,4,528,256,64,272,68,132,4,0,0,4
27,-47.5,57.5,12,6,0,0.0,0.0,0,0.0,57.5,0,562500.0,21.22463976699087,18.034538101006515,6,12,0,2,12,0,2,-105.0,70.5,-47.5,5.0,578584,11.282256,nan,0.578584,nan,2,0,578320,4,0,0,2,264,128,32,136,34,66,2,0,0,2
28,-47.5,57.5,12,6,0,0.0,0.0,0,0.0,57.5,1,562500.0,33.419090151581216,18.482195255841813,6,12,1,3,12,0,4,-105.0,70.5,-47.5,5.0,867876,12.150132,nan,0.867876,nan,3,0,867480,6,0,0,3,396,192,48,204,51,99,3,0,0,3
29,-47.5,57.5,8,4,0,0.0,0.0,0,0.0,57.5,0,562500.0,60.2106819152832,60.2106819152832,4,8,0,1,8,0,1,-105.0,70.5,-47.5,5.0,289292,12.439424,nan,0.289292,nan,1,0,289160,2,0,0,1,132,64,16,68,17,33,1,0,0,1
30,-47.5,57.5,8,4,0,0.0,0.0,0,0.0,57.5,0,562500.0,67.5613899230957,67.5613899230957,4,8,0,1,8,0,1,-105.0,70.5,-47.5,5.0,289292,12.728716,nan,0.289292,nan,1,0,289160,2,0,0,1,132,64,16,68,17,33,1,0,0,1
31,-47.5,57.5,8,4,0,0.0,0.0,0,0.0,57.5,0,562500.0,67.4032096862793,67.4032096862793,4,8,0,1,8,0,1,-105.0,70.5,-47.5,5.0,289292,13.018008,nan,0.289292,nan,1,0,289160,2,0,0,1,132,64,16,68,17,33,1,0,0,1
32,-47.5,57.5,12,6,0,0.0,0.0,0,0.0,57.5,1,562500.0,62.77578353881836,57.990177154541016,6,12,1,2,12,0,3,-105.0,70.5,-47.5,5.0,578584,13.596592,nan,0.578584,nan,2,0,578320,4,0,0,2,264,128,32,136,34,66,2,0,0,2
33,-47.5,57.5,14,7,0,0.0,0.0,0,0.0,57.5,0,562500.0,46.411307814808374,38.58104151199537,7,14,0,3,14,0,3,-105.0,70.5,-47.5,5.0,867876,14.464468,nan,0.867876,nan,3,0,867480,6,0,0,3,396,192,48,204,51,99,3,0,0,3
34,-47.5,57.5,14,7,0,0.0,0.0,0,0.0,57.5,1,562500.0,42.94711660111555,39.57688292713014,7,14,1,2,14,0,3,-105.0,70.5,-47.5,5.0,578584,15.043052,nan,0.578584,nan,2,0,578320,4,0,0,2,264,128,32,136,34,66,2,0,0,2
35,-47.5,57.5,14,7,0,0.0,0.0,0,0.0,57.5,0,562500.0,64.11374282836914,60.66609573364258,7,14,0,2,14,0,2,-105.0,70.5,-47.5,5.0,578584,15.621636,nan,0.578584,nan,2,0,578320,4,0,0,2,264,128,32,136,34,66,2,0,0,2
36,-47.5,57.5,10,5,0,0.0,0.0,0,0.0,57.5,0,0.0,nan,nan,5,10,0,0,10,0,0,-105.0,70.5,-47.5,5.0,0,15.621636,nan,0.0,nan,0,0,0,0,0,0,0,0,0,0,0,0,0,0,0,0,0
37,-47.5,57.5,10,5,0,0.0,0.0,0,0.0,57.5,0,0.0,nan,nan,5,10,0,0,10,0,0,-105.0,70.5,-47.5,5.0,0,15.621636,nan,0.0,nan,0,0,0,0,0,0,0,0,0,0,0,0,0,0,0,0,0
38,-47.5,57.5,10,5,0,0.0,0.0,0,0.0,57.5,1,562500.0,63.80694770812988,60.21068572998047,5,10,1,2,10,0,3,-105.0,70.5,-47.5,5.0,578584,16.20022,nan,0.578584,nan,2,0,578320,4,0,0,2,264,128,32,136,34,66,2,0,0,2
39,-47.5,57.5,10,5,0,0.0,0.0,0,0.0,57.5,0,562500.0,60.21068572998047,60.21068572998047,5,10,0,1,10,0,1,-105.0,70.5,-47.5,5.0,289292,16.489512,nan,0.289292,nan,1,0,289160,2,0,0,1,132,64,16,68,17,33,1,0,0,1
40,-47.5,57.5,10,5,0,0.0,0.0,0,0.0,57.5,0,562500.0,26.710380954181584,21.263267208234602,5,10,0,2,10,0,2,-105.0,70.5,-47.5,5.0,578584,17.068096,nan,0.578584,nan,2,0,578320,4,0,0,2,264,128,32,136,34,66,2,0,0,2
41,-47.5,57.5,10,5,0,0.0,0.0,0,0.0,57.5,0,562500.0,67.79778671264648,67.79778671264648,5,10,0,1,10,0,1,-105.0,70.5,-47.5,5.0,289292,17.357388,nan,0.289292,nan,1,0,289160,2,0,0,1,132,64,16,68,17,33,1,0,0,1
42,-47.5,57.5,10,5,0,0.0,0.0,0,0.0,57.5,0,562500.0,60.2106819152832,60.2106819152832,5,10,0,1,10,0,1,-105.0,70.5,-47.5,5.0,289292,17.64668,nan,0.289292,nan,1,0,289160,2,0,0,1,132,64,16,68,17,33,1,0,0,1
43,-47.5,57.5,10,5,0,0.0,0.0,0,0.0,57.5,1,562500.0,65.13722737630208,60.21068572998047,5,10,1,3,10,0,4,-105.0,70.5,-47.5,5.0,867876,18.514556,nan,0.867876,nan,3,0,867480,6,0,0,3,396,192,48,204,51,99,3,0,0,3
44,-47.5,57.5,10,5,0,0.0,0.0,0,0.0,57.5,0,562500.0,63.80694580078125,60.2106819152832,5,10,0,2,10,0,2,-105.0,70.5,-47.5,5.0,578584,19.09314,nan,0.578584,nan,2,0,578320,4,0,0,2,264,128,32,136,34,66,2,0,0,2
45,-47.5,57.5,12,6,0,0.0,0.0,0,0.0,57.5,0,562500.0,46.45326728083675,40.240009317300334,6,12,0,3,12,0,3,-105.0,70.5,-47.5,5.0,867876,19.961016,nan,0.867876,nan,3,0,867480,6,0,0,3,396,192,48,204,51,99,3,0,0,3
46,-47.5,57.5,18,9,0,0.0,0.0,0,0.0,57.5,1,562500.0,65.93139266967773,65.93139266967773,9,18,1,1,18,0,2,-105.0,70.5,-47.5,5.0,289292,20.250308,nan,0.289292,nan,1,0,289160,2,0,0,1,132,64,16,68,17,33,1,0,0,1
47,-47.5,57.5,18,9,0,0.0,0.0,0,0.0,57.5,0,562500.0,61.36650848388672,59.187068939208984,9,18,0,3,18,0,3,-105.0,70.5,-47.5,5.0,867876,21.118184,nan,0.867876,nan,3,0,867480,6,0,0,3,396,192,48,204,51,99,3,0,0,3
48,-47.5,57.5,18,9,0,0.0,0.0,0,0.0,57.5,0,562500.0,64.05300521850586,61.14212417602539,9,18,0,2,18,0,2,-105.0,70.5,-47.5,5.0,578584,21.696768,nan,0.578584,nan,2,0,578320,4,0,0,2,264,128,32,136,34,66,2,0,0,2
49,-47.5,57.5,20,10,0,0.0,0.0,0,0.0,57.5,0,562500.0,60.868350982666016,59.27676010131836,10,20,0,2,20,0,2,-105.0,70.5,-47.5,5.0,578584,22.275352,nan,0.578584,nan,2,0,578320,4,0,0,2,264,128,32,136,34,66,2,0,0,2
50,-47.5,57.5,20,10,0,0.0,0.0,0,0.0,57.5,0,0.0,nan,nan,10,20,0,0,20,0,0,-105.0,70.5,-47.5,5.0,0,22.275352,nan,0.0,nan,0,0,0,0,0,0,0,0,0,0,0,0,0,0,0,0,0
51,-47.5,57.5,20,10,0,0.0,0.0,0,0.0,57.5,1,562500.0,61.792396545410156,61.792396545410156,10,20,1,1,20,0,2,-105.0,70.5,-47.5,5.0,289292,22.564644,nan,0.289292,nan,1,0,289160,2,0,0,1,132,64,16,68,17,33,1,0,0,1
52,-47.5,57.5,18,9,0,0.0,0.0,0,0.0,57.5,0,562500.0,62.07589149475098,58.076141357421875,9,18,0,2,18,0,2,-105.0,70.5,-47.5,5.0,578584,23.143228,nan,0.578584,nan,2,0,578320,4,0,0,2,264,128,32,136,34,66,2,0,0,2
53,-47.5,57.5,14,7,0,0.0,0.0,0,0.0,57.5,0,562500.0,61.29536819458008,61.29536819458008,7,14,0,1,14,0,1,-105.0,70.5,-47.5,5.0,289292,23.43252,nan,0.289292,nan,1,0,289160,2,0,0,1,132,64,16,68,17,33,1,0,0,1
54,-47.5,57.5,14,7,0,0.0,0.0,0,0.0,57.5,0,562500.0,58.35826301574707,58.258907318115234,7,14,0,2,14,0,2,-105.0,70.5,-47.5,5.0,578584,24.011104,nan,0.578584,nan,2,0,578320,4,0,0,2,264,128,32,136,34,66,2,0,0,2
55,-47.5,57.5,12,6,0,0.0,0.0,0,0.0,57.5,0,562500.0,59.90433883666992,59.904335021972656,6,12,0,1,12,0,1,-105.0,70.5,-47.5,5.0,289292,24.300396,nan,0.289292,nan,1,0,289160,2,0,0,1,132,64,16,68,17,33,1,0,0,1
56,-47.5,57.5,8,4,0,0.0,0.0,0,0.0,57.5,0,562500.0,60.207252502441406,60.207252502441406,4,8,0,1,8,0,1,-105.0,70.5,-47.5,5.0,289292,24.589688,nan,0.289292,nan,1,0,289160,2,0,0,1,132,64,16,68,17,33,1,0,0,1
57,-47.5,57.5,8,4,0,0.0,0.0,0,0.0,57.5,1,562500.0,59.7260627746582,59.7260627746582,4,8,1,1,8,0,2,-105.0,70.5,-47.5,5.0,289292,24.87898,nan,0.289292,nan,1,0,289160,2,0,0,1,132,64,16,68,17,33,1,0,0,1
58,-47.5,57.5,8,4,0,0.0,0.0,0,0.0,57.5,0,562500.0,61.73025989532471,61.352500915527344,4,8,0,2,8,0,2,-105.0,70.5,-47.5,5.0,578584,25.457564,nan,0.578584,nan,2,0,578320,4,0,0,2,264,128,32,136,34,66,2,0,0,2
59,-47.5,57.5,6,3,0,0.0,0.0,0,0.0,57.5,0,0.0,nan,nan,3,6,0,0,6,0,0,-105.0,70.5,-47.5,5.0,0,25.457564,nan,0.0,nan,0,0,0,0,0,0,0,0,0,0,0,0,0,0,0,0,0
60,-47.5,57.5,4,2,0,0.0,0.0,0,0.0,57.5,0,562500.0,64.97956085205078,64.97956085205078,2,4,0,1,4,0,1,-105.0,70.5,-47.5,5.0,289292,25.746856,nan,0.289292,nan,1,0,289160,2,0,0,1,132,64,16,68,17,33,1,0,0,1
61,-47.5,57.5,6,3,0,0.0,0.0,0,0.0,57.5,1,562500.0,60.87889385223389,60.2766227722168,3,6,1,2,6,0,3,-105.0,70.5,-47.5,5.0,578584,26.32544,nan,0.578584,nan,2,0,578320,4,0,0,2,264,128,32,136,34,66,2,0,0,2
62,-47.5,57.5,8,4,0,0.0,0.0,0,0.0,57.5,1,562500.0,37.4124210596995,27.089632769123728,4,8,1,2,8,0,3,-105.0,70.5,-47.5,5.0,578584,26.904024,nan,0.578584,nan,2,0,578320,4,0,0,2,264,128,32,136,34,66,2,0,0,2
63,-47.5,57.5,10,5,0,0.0,0.0,0,0.0,57.5,0,562500.0,62.12722969055176,62.127227783203125,5,10,0,1,10,0,1,-105.0,70.5,-47.5,5.0,289292,27.193316,nan,0.289292,nan,1,0,289160,2,0,0,1,132,64,16,68,17,33,1,0,0,1
64,-47.5,57.5,10,5,0,0.0,0.0,0,0.0,57.5,1,562500.0,30.051372293570324,25.22842632201705,5,10,1,2,10,0,3,-105.0,70.5,-47.5,5.0,578584,27.7719,nan,0.578584,nan,2,0,578320,4,0,0,2,264,128,32,136,34,66,2,0,0,2
65,-47.5,57.5,14,7,0,0.0,0.0,0,0.0,57.5,0,562500.0,64.28311538696289,64.28311538696289,7,14,0,1,14,0,1,-105.0,70.5,-47.5,5.0,289292,28.061192,nan,0.289292,nan,1,0,289160,2,0,0,1,132,64,16,68,17,33,1,0,0,1
66,-47.5,57.5,12,6,0,0.0,0.0,0,0.0,57.5,0,562500.0,37.86239957403308,29.956845044692592,6,12,0,2,12,0,2,-105.0,70.5,-47.5,5.0,578584,28.639776,nan,0.578584,nan,2,0,578320,4,0,0,2,264,128,32,136,34,66,2,0,0,2
67,-47.5,57.5,8,4,0,0.0,0.0,0,0.0,57.5,0,562500.0,36.86376257477013,24.79593218472321,4,8,0,3,8,0,3,-105.0,70.5,-47.5,5.0,867876,29.507652,nan,0.867876,nan,3,0,867480,6,0,0,3,396,192,48,204,51,99,3,0,0,3
68,-47.5,57.5,6,3,0,0.0,0.0,0,0.0,57.5,0,562500.0,57.54577445983887,57.54576110839844,3,6,0,1,6,0,1,-105.0,70.5,-47.5,5.0,289292,29.796944,nan,0.289292,nan,1,0,289160,2,0,0,1,132,64,16,68,17,33,1,0,0,1
69,-47.5,57.5,8,4,0,0.0,0.0,0,0.0,57.5,1,562500.0,58.373779296875,58.373779296875,4,8,1,1,8,0,2,-105.0,70.5,-47.5,5.0,289292,30.086236,nan,0.289292,nan,1,0,289160,2,0,0,1,132,64,16,68,17,33,1,0,0,1
70,-47.5,57.5,8,4,0,0.0,0.0,0,0.0,57.5,0,0.0,nan,nan,4,8,0,0,8,0,0,-105.0,70.5,-47.5,5.0,0,30.086236,nan,0.0,nan,0,0,0,0,0,0,0,0,0,0,0,0,0,0,0,0,0
71,-47.5,57.5,8,4,0,0.0,0.0,0,0.0,57.5,0,562500.0,67.5219841003418,67.5219841003418,4,8,0,1,8,0,1,-105.0,70.5,-47.5,5.0,289292,30.375528,nan,0.289292,nan,1,0,289160,2,0,0,1,132,64,16,68,17,33,1,0,0,1
72,-47.5,57.5,10,5,0,0.0,0.0,0,0.0,57.5,0,562500.0,66.95224094390869,59.43682098388672,5,10,0,2,10,0,2,-105.0,70.5,-47.5,5.0,578584,30.954112,nan,0.578584,nan,2,0,578320,4,0,0,2,264,128,32,136,34,66,2,0,0,2
73,-47.5,57.5,10,5,0,0.0,0.0,0,0.0,57.5,1,562500.0,67.54277038574219,67.54277038574219,5,10,1,1,10,0,2,-105.0,70.5,-47.5,5.0,289292,31.243404,nan,0.289292,nan,1,0,289160,2,0,0,1,132,64,16,68,17,33,1,0,0,1
74,-47.5,57.5,10,5,0,0.0,0.0,0,0.0,57.5,2,562500.0,36.96880751877782,20.13754443346782,5,10,2,3,10,0,5,-105.0,70.5,-47.5,5.0,867876,32.11128,nan,0.867876,nan,3,0,867480,6,0,0,3,396,192,48,204,51,99,3,0,0,3
75,-47.5,57.5,8,4,0,0.0,0.0,0,0.0,57.5,0,562500.0,42.19182853958233,36.82884013885796,4,8,0,2,8,0,2,-105.0,70.5,-47.5,5.0,578584,32.689864,nan,0.578584,nan,2,0,578320,4,0,0,2,264,128,32,136,34,66,2,0,0,2
76,-47.5,57.5,8,4,0,0.0,0.0,0,0.0,57.5,0,562500.0,67.52546310424805,67.52546310424805,4,8,0,1,8,0,1,-105.0,70.5,-47.5,5.0,289292,32.979156,nan,0.289292,nan,1,0,289160,2,0,0,1,132,64,16,68,17,33,1,0,0,1
77,-47.5,57.5,10,5,0,0.0,0.0,0,0.0,57.5,0,562500.0,39.20705801432955,35.65222680591036,5,10,0,2,10,0,2,-105.0,70.5,-47.5,5.0,578584,33.55774,nan,0.578584,nan,2,0,578320,4,0,0,2,264,128,32,136,34,66,2,0,0,2
78,-47.5,57.5,10,5,0,0.0,0.0,0,0.0,57.5,1,562500.0,60.2106819152832,60.2106819152832,5,10,1,1,10,0,2,-105.0,70.5,-47.5,5.0,289292,33.847032,nan,0.289292,nan,1,0,289160,2,0,0,1,132,64,16,68,17,33,1,0,0,1
79,-47.5,57.5,12,6,0,0.0,0.0,0,0.0,57.5,0,562500.0,46.07828528199458,44.10368721900501,6,12,0,2,12,0,2,-105.0,70.5,-47.5,5.0,578584,34.425616,nan,0.578584,nan,2,0,578320,4,0,0,2,264,128,32,136,34,66,2,0,0,2
80,-47.5,57.5,12,6,0,0.0,0.0,0,0.0,57.5,0,562500.0,61.83955383300781,61.83955383300781,6,12,0,1,12,0,1,-105.0,70.5,-47.5,5.0,289292,34.714908,nan,0.289292,nan,1,0,289160,2,0,0,1,132,64,16,68,17,33,1,0,0,1
81,-47.5,57.5,12,6,0,0.0,0.0,0,0.0,57.5,1,562500.0,67.52546310424805,67.52546310424805,6,12,1,1,12,0,2,-105.0,70.5,-47.5,5.0,289292,35.0042,nan,0.289292,nan,1,0,289160,2,0,0,1,132,64,16,68,17,33,1,0,0,1
82,-47.5,57.5,12,6,0,0.0,0.0,0,0.0,57.5,0,562500.0,40.127704246781356,37.915278952997625,6,12,0,2,12,0,2,-105.0,70.5,-47.5,5.0,578584,35.582784,nan,0.578584,nan,2,0,578320,4,0,0,2,264,128,32,136,34,66,2,0,0,2
83,-47.5,57.5,12,6,0,0.0,0.0,0,0.0,57.5,0,562500.0,67.63127517700195,67.63127517700195,6,12,0,1,12,0,1,-105.0,70.5,-47.5,5.0,289292,35.872076,nan,0.289292,nan,1,0,289160,2,0,0,1,132,64,16,68,17,33,1,0,0,1
84,-47.5,57.5,12,6,0,0.0,0.0,0,0.0,57.5,0,562500.0,67.52546310424805,67.52546310424805,6,12,0,1,12,0,1,-105.0,70.5,-47.5,5.0,289292,36.161368,nan,0.289292,nan,1,0,289160,2,0,0,1,132,64,16,68,17,33,1,0,0,1
85,-47.5,57.5,12,6,0,0.0,0.0,0,0.0,57.5,0,562500.0,67.63127517700195,67.63127517700195,6,12,0,1,12,0,1,-105.0,70.5,-47.5,5.0,289292,36.45066,nan,0.289292,nan,1,0,289160,2,0,0,1,132,64,16,68,17,33,1,0,0,1
86,-47.5,57.5,12,6,0,0.0,0.0,0,0.0,57.5,1,562500.0,67.63127517700195,67.63127517700195,6,12,1,1,12,0,2,-105.0,70.5,-47.5,5.0,289292,36.739952,nan,0.289292,nan,1,0,289160,2,0,0,1,132,64,16,68,17,33,1,0,0,1
87,-47.5,57.5,12,6,0,0.0,0.0,0,0.0,57.5,0,562500.0,60.2106819152832,60.2106819152832,6,12,0,1,12,0,1,-105.0,70.5,-47.5,5.0,289292,37.029244,nan,0.289292,nan,1,0,289160,2,0,0,1,132,64,16,68,17,33,1,0,0,1
88,-47.5,57.5,12,6,0,0.0,0.0,0,0.0,57.5,2,562500.0,63.88076210021973,60.21068572998047,6,12,2,2,12,0,4,-105.0,70.5,-47.5,5.0,578584,37.607828,nan,0.578584,nan,2,0,578320,4,0,0,2,264,128,32,136,34,66,2,0,0,2
89,-47.5,57.5,12,6,0,0.0,0.0,0,0.0,57.5,0,562500.0,67.52546310424805,67.52546310424805,6,12,0,1,12,0,1,-105.0,70.5,-47.5,5.0,289292,37.89712,nan,0.289292,nan,1,0,289160,2,0,0,1,132,64,16,68,17,33,1,0,0,1
90,-47.5,57.5,12,6,0,0.0,0.0,0,0.0,57.5,0,562500.0,60.2106819152832,60.2106819152832,6,12,0,1,12,0,1,-105.0,70.5,-47.5,5.0,289292,38.186412,nan,0.289292,nan,1,0,289160,2,0,0,1,132,64,16,68,17,33,1,0,0,1
91,-47.5,57.5,16,8,0,0.0,0.0,0,0.0,57.5,0,562500.0,38.94182097819766,34.4249192223345,8,16,0,2,16,0,2,-105.0,70.5,-47.5,5.0,578584,38.764996,nan,0.578584,nan,2,0,578320,4,0,0,2,264,128,32,136,34,66,2,0,0,2
92,-47.5,57.5,18,9,0,0.0,0.0,0,0.0,57.5,1,562500.0,59.45382308959961,59.45382308959961,9,18,1,1,18,0,2,-105.0,70.5,-47.5,5.0,289292,39.054288,nan,0.289292,nan,1,0,289160,2,0,0,1,132,64,16,68,17,33,1,0,0,1
93,-47.5,57.5,18,9,0,0.0,0.0,0,0.0,57.5,2,562500.0,54.35268063285048,44.362104934950025,9,18,2,3,18,0,5,-105.0,70.5,-47.5,5.0,867876,39.922164,nan,0.867876,nan,3,0,867480,6,0,0,3,396,192,48,204,51,99,3,0,0,3
94,-47.5,57.5,18,9,0,0.0,0.0,0,0.0,57.5,0,562500.0,52.362018022939985,43.623801616217605,9,18,0,3,18,0,3,-105.0,70.5,-47.5,5.0,867876,40.79004,nan,0.867876,nan,3,0,867480,6,0,0,3,396,192,48,204,51,99,3,0,0,3
95,-47.5,57.5,14,7,0,0.0,0.0,0,0.0,57.5,0,0.0,nan,nan,7,14,0,0,14,0,0,-105.0,70.5,-47.5,5.0,0,40.79004,nan,0.0,nan,0,0,0,0,0,0,0,0,0,0,0,0,0,0,0,0,0
96,-47.5,57.5,12,6,0,0.0,0.0,0,0.0,57.5,1,562500.0,49.1872984636449,38.823185706016496,6,12,1,2,12,0,3,-105.0,70.5,-47.5,5.0,578584,41.368624,nan,0.578584,nan,2,0,578320,4,0,0,2,264,128,32,136,34,66,2,0,0,2
97,-47.5,57.5,10,5,0,0.0,0.0,0,0.0,57.5,0,562500.0,61.882808685302734,59.14995193481445,5,10,0,2,10,0,2,-105.0,70.5,-47.5,5.0,578584,41.947208,nan,0.578584,nan,2,0,578320,4,0,0,2,264,128,32,136,34,66,2,0,0,2
98,-47.5,57.5,8,4,0,0.0,0.0,0,0.0,57.5,0,562500.0,59.194190979003906,59.194190979003906,4,8,0,1,8,0,1,-105.0,70.5,-47.5,5.0,289292,42.2365,nan,0.289292,nan,1,0,289160,2,0,0,1,132,64,16,68,17,33,1,0,0,1
99,-47.5,57.5,6,3,0,0.0,0.0,0,0.0,57.5,1,562500.0,53.675178910387025,43.68481929168044,3,6,1,3,6,0,4,-105.0,70.5,-47.5,5.0,867876,43.104376,nan,0.867876,nan,3,0,867480,6,0,0,3,396,192,48,204,51,99,3,0,0,3
100,-47.5,57.5,4,2,0,0.0,0.0,0,0.0,57.5,0,0.0,nan,nan,2,4,0,0,4,0,0,-105.0,70.5,-47.5,5.0,0,43.104376,nan,0.0,nan,0,0,0,0,0,0,0,0,0,0,0,0,0,0,0,0,0
101,-47.5,57.5,6,3,0,0.0,0.0,0,0.0,57.5,1,562500.0,42.730232582625185,42.16295701176614,3,6,1,2,6,0,3,-105.0,70.5,-47.5,5.0,578584,43.68296,nan,0.578584,nan,2,0,578320,4,0,0,2,264,128,32,136,34,66,2,0,0,2
102,-47.5,57.5,10,5,0,0.0,0.0,0,0.0,57.5,0,562500.0,60.49259567260742,60.49259567260742,5,10,0,1,10,0,1,-105.0,70.5,-47.5,5.0,289292,43.972252,nan,0.289292,nan,1,0,289160,2,0,0,1,132,64,16,68,17,33,1,0,0,1
103,-47.5,57.5,8,4,0,0.0,0.0,0,0.0,57.5,1,562500.0,27.045940380850112,20.45246481026668,4,8,1,2,8,0,3,-105.0,70.5,-47.5,5.0,578584,44.550836,nan,0.578584,nan,2,0,578320,4,0,0,2,264,128,32,136,34,66,2,0,0,2
104,-47.5,57.5,4,2,0,0.0,0.0,0,0.0,57.5,0,0.0,nan,nan,2,4,0,0,4,0,0,-105.0,70.5,-47.5,5.0,0,44.550836,nan,0.0,nan,0,0,0,0,0,0,0,0,0,0,0,0,0,0,0,0,0
105,-47.5,57.5,2,1,0,0.0,0.0,0,0.0,57.5,1,562500.0,60.384050369262695,60.38404846191406,1,2,1,1,2,0,2,-105.0,70.5,-47.5,5.0,289292,44.840128,nan,0.289292,nan,1,0,289160,2,0,0,1,132,64,16,68,17,33,1,0,0,1
106,-47.5,57.5,0,0,0,0.0,0.0,0,0.0,57.5,,,,,0,,,0,0,,0,-105.0,70.5,-47.5,5.0,0,44.840128,nan,0.0,nan,0,0,0,0,0,0,0,0,0,0,0,0,0,0,0,0,0
107,-47.5,57.5,2,1,0,0.0,0.0,0,0.0,57.5,0,562500.0,59.93154525756836,59.93154525756836,1,2,0,1,2,0,1,-105.0,70.5,-47.5,5.0,289292,45.12942,nan,0.289292,nan,1,0,289160,2,0,0,1,132,64,16,68,17,33,1,0,0,1
108,-47.5,57.5,6,3,0,0.0,0.0,0,0.0,57.5,0,562500.0,57.89527130126953,57.81367111206055,3,6,0,2,6,0,2,-105.0,70.5,-47.5,5.0,578584,45.708004,nan,0.578584,nan,2,0,578320,4,0,0,2,264,128,32,136,34,66,2,0,0,2
109,-47.5,57.5,6,3,0,0.0,0.0,0,0.0,57.5,0,562500.0,64.15987777709961,61.291419982910156,3,6,0,2,6,0,2,-105.0,70.5,-47.5,5.0,578584,46.286588,nan,0.578584,nan,2,0,578320,4,0,0,2,264,128,32,136,34,66,2,0,0,2
110,-47.5,57.5,6,3,0,0.0,0.0,0,0.0,57.5,0,562500.0,67.3901252746582,67.3901252746582,3,6,0,1,6,0,1,-105.0,70.5,-47.5,5.0,289292,46.57588,nan,0.289292,nan,1,0,289160,2,0,0,1,132,64,16,68,17,33,1,0,0,1
111,-47.5,57.5,6,3,0,0.0,0.0,0,0.0,57.5,0,562500.0,60.21017074584961,60.21017074584961,3,6,0,1,6,0,1,-105.0,70.5,-47.5,5.0,289292,46.865172,nan,0.289292,nan,1,0,289160,2,0,0,1,132,64,16,68,17,33,1,0,0,1
112,-47.5,57.5,8,4,0,0.0,0.0,0,0.0,57.5,1,562500.0,59.79125213623047,59.79125213623047,4,8,1,1,8,0,2,-105.0,70.5,-47.5,5.0,289292,47.154464,nan,0.289292,nan,1,0,289160,2,0,0,1,132,64,16,68,17,33,1,0,0,1
113,-47.5,57.5,8,4,0,0.0,0.0,0,0.0,57.5,0,562500.0,64.11309432983398,60.82298278808594,4,8,0,2,8,0,2,-105.0,70.5,-47.5,5.0,578584,47.733048,nan,0.578584,nan,2,0,578320,4,0,0,2,264,128,32,136,34,66,2,0,0,2
114,-47.5,57.5,10,5,0,0.0,0.0,0,0.0,57.5,0,562500.0,58.78863716125488,58.78863525390625,5,10,0,1,10,0,1,-105.0,70.5,-47.5,5.0,289292,48.02234,nan,0.289292,nan,1,0,289160,2,0,0,1,132,64,16,68,17,33,1,0,0,1
115,-47.5,57.5,10,5,0,0.0,0.0,0,0.0,57.5,0,0.0,nan,nan,5,10,0,0,10,0,0,-105.0,70.5,-47.5,5.0,0,48.02234,nan,0.0,nan,0,0,0,0,0,0,0,0,0,0,0,0,0,0,0,0,0
116,-47.5,57.5,12,6,0,0.0,0.0,0,0.0,57.5,0,562500.0,58.940826416015625,58.940826416015625,6,12,0,1,12,0,1,-105.0,70.5,-47.5,5.0,289292,48.311632,nan,0.289292,nan,1,0,289160,2,0,0,1,132,64,16,68,17,33,1,0,0,1
117,-47.5,57.5,12,6,0,0.0,0.0,0,0.0,57.5,2,562500.0,61.76826286315918,61.432716369628906,6,12,2,2,12,0,4,-105.0,70.5,-47.5,5.0,578584,48.890216,nan,0.578584,nan,2,0,578320,4,0,0,2,264,128,32,136,34,66,2,0,0,2
118,-47.5,57.5,14,7,0,0.0,0.0,0,0.0,57.5,0,562500.0,62.02438545227051,60.21068572998047,7,14,0,2,14,0,2,-105.0,70.5,-47.5,5.0,578584,49.4688,nan,0.578584,nan,2,0,578320,4,0,0,2,264,128,32,136,34,66,2,0,0,2
119,-47.5,57.5,16,8,0,0.0,0.0,0,0.0,57.5,1,562500.0,63.384217262268066,59.70882797241211,8,16,1,2,16,0,3,-105.0,70.5,-47.5,5.0,578584,50.047384,nan,0.578584,nan,2,0,578320,4,0,0,2,264,128,32,136,34,66,2,0,0,2
120,-47.5,57.5,14,7,0,0.0,0.0,0,0.0,57.5,0,0.0,nan,nan,7,14,0,0,14,0,0,-105.0,70.5,-47.5,5.0,0,50.047384,nan,0.0,nan,0,0,0,0,0,0,0,0,0,0,0,0,0,0,0,0,0
121,-47.5,57.5,14,7,0,0.0,0.0,0,0.0,57.5,0,562500.0,63.86850166320801,60.21068572998047,7,14,0,2,14,0,2,-105.0,70.5,-47.5,5.0,578584,50.625968,nan,0.578584,nan,2,0,578320,4,0,0,2,264,128,32,136,34,66,2,0,0,2
122,-47.5,57.5,14,7,0,0.0,0.0,0,0.0,57.5,0,0.0,nan,nan,7,14,0,0,14,0,0,-105.0,70.5,-47.5,5.0,0,50.625968,nan,0.0,nan,0,0,0,0,0,0,0,0,0,0,0,0,0,0,0,0,0
123,-47.5,57.5,18,9,0,0.0,0.0,0,0.0,57.5,0,562500.0,67.52299499511719,67.52299499511719,9,18,0,1,18,0,1,-105.0,70.5,-47.5,5.0,289292,50.91526,nan,0.289292,nan,1,0,289160,2,0,0,1,132,64,16,68,17,33,1,0,0,1
124,-47.5,57.5,22,11,0,0.0,0.0,0,0.0,57.5,0,562500.0,64.97454261779785,62.42161178588867,11,22,0,2,22,0,2,-105.0,70.5,-47.5,5.0,578584,51.493844,nan,0.578584,nan,2,0,578320,4,0,0,2,264,128,32,136,34,66,2,0,0,2
125,-47.5,57.5,22,11,0,0.0,0.0,0,0.0,57.5,0,562500.0,63.78445816040039,63.78445816040039,11,22,0,1,22,0,1,-105.0,70.5,-47.5,5.0,289292,51.783136,nan,0.289292,nan,1,0,289160,2,0,0,1,132,64,16,68,17,33,1,0,0,1
126,-47.5,57.5,20,10,0,0.0,0.0,0,0.0,57.5,0,562500.0,60.21068572998047,60.21068572998047,10,20,0,1,20,0,1,-105.0,70.5,-47.5,5.0,289292,52.072428,nan,0.289292,nan,1,0,289160,2,0,0,1,132,64,16,68,17,33,1,0,0,1
127,-47.5,57.5,18,9,0,0.0,0.0,0,0.0,57.5,1,562500.0,60.21017074584961,60.21017074584961,9,18,1,1,18,0,2,-105.0,70.5,-47.5,5.0,289292,52.36172,nan,0.289292,nan,1,0,289160,2,0,0,1,132,64,16,68,17,33,1,0,0,1
128,-47.5,57.5,18,9,0,0.0,0.0,0,0.0,57.5,0,562500.0,67.46533966064453,67.40320587158203,9,18,0,2,18,0,2,-105.0,70.5,-47.5,5.0,578584,52.940304,nan,0.578584,nan,2,0,578320,4,0,0,2,264,128,32,136,34,66,2,0,0,2
129,-47.5,57.5,18,9,0,0.0,0.0,0,0.0,57.5,0,562500.0,59.91302299499512,58.383724212646484,9,18,0,2,18,0,2,-105.0,70.5,-47.5,5.0,578584,53.518888,nan,0.578584,nan,2,0,578320,4,0,0,2,264,128,32,136,34,66,2,0,0,2
130,-47.5,57.5,16,8,0,0.0,0.0,0,0.0,57.5,0,0.0,nan,nan,8,16,0,0,16,0,0,-105.0,70.5,-47.5,5.0,0,53.518888,nan,0.0,nan,0,0,0,0,0,0,0,0,0,0,0,0,0,0,0,0,0
131,-47.5,57.5,16,8,0,0.0,0.0,0,0.0,57.5,1,562500.0,40.93627458771975,23.288397670817034,8,16,1,3,16,0,4,-105.0,70.5,-47.5,5.0,867876,54.386764,nan,0.867876,nan,3,0,867480,6,0,0,3,396,192,48,204,51,99,3,0,0,3
132,-47.5,57.5,16,8,0,0.0,0.0,0,0.0,57.5,0,562500.0,60.2106819152832,60.2106819152832,8,16,0,1,16,0,1,-105.0,70.5,-47.5,5.0,289292,54.676056,nan,0.289292,nan,1,0,289160,2,0,0,1,132,64,16,68,17,33,1,0,0,1
133,-47.5,57.5,18,9,0,0.0,0.0,0,0.0,57.5,1,562500.0,60.84185600280762,60.241416931152344,9,18,1,2,18,0,3,-105.0,70.5,-47.5,5.0,578584,55.25464,nan,0.578584,nan,2,0,578320,4,0,0,2,264,128,32,136,34,66,2,0,0,2
134,-47.5,57.5,18,9,0,0.0,0.0,0,0.0,57.5,1,562500.0,39.12556707516944,31.992925954354302,9,18,1,2,18,0,3,-105.0,70.5,-47.5,5.0,578584,55.833224,nan,0.578584,nan,2,0,578320,4,0,0,2,264,128,32,136,34,66,2,0,0,2
135,-47.5,57.5,18,9,0,0.0,0.0,0,0.0,57.5,1,562500.0,65.36914253234863,63.210811614990234,9,18,1,2,18,0,3,-105.0,70.5,-47.5,5.0,578584,56.411808,nan,0.578584,nan,2,0,578320,4,0,0,2,264,128,32,136,34,66,2,0,0,2
136,-47.5,57.5,18,9,0,0.0,0.0,0,0.0,57.5,0,562500.0,35.599344206742686,18.176573095939197,9,18,0,3,18,0,3,-105.0,70.5,-47.5,5.0,867876,57.279684,nan,0.867876,nan,3,0,867480,6,0,0,3,396,192,48,204,51,99,3,0,0,3
137,-47.5,57.5,18,9,0,0.0,0.0,0,0.0,57.5,0,562500.0,65.79248809814453,65.79248809814453,9,18,0,1,18,0,1,-105.0,70.5,-47.5,5.0,289292,57.568976,nan,0.289292,nan,1,0,289160,2,0,0,1,132,64,16,68,17,33,1,0,0,1
138,-47.5,57.5,18,9,0,0.0,0.0,0,0.0,57.5,0,0.0,nan,nan,9,18,0,0,18,0,0,-105.0,70.5,-47.5,5.0,0,57.568976,nan,0.0,nan,0,0,0,0,0,0,0,0,0,0,0,0,0,0,0,0,0
139,-47.5,57.5,18,9,0,0.0,0.0,0,0.0,57.5,2,562500.0,64.82914543151855,64.13340759277344,9,18,2,2,18,0,4,-105.0,70.5,-47.5,5.0,578584,58.14756,nan,0.578584,nan,2,0,578320,4,0,0,2,264,128,32,136,34,66,2,0,0,2
140,-47.5,57.5,20,10,0,0.0,0.0,0,0.0,57.5,2,562500.0,53.18434280471793,40.47707601335574,10,20,2,4,20,0,6,-105.0,70.5,-47.5,5.0,1157168,59.304728,nan,1.157168,nan,4,0,1156640,8,0,0,4,528,256,64,272,68,132,4,0,0,4
141,-47.5,57.5,10,5,0,0.0,0.0,0,0.0,57.5,0,562500.0,58.12923049926758,58.12923049926758,5,10,0,1,10,0,1,-105.0,70.5,-47.5,5.0,289292,59.59402,nan,0.289292,nan,1,0,289160,2,0,0,1,132,64,16,68,17,33,1,0,0,1
142,-47.5,57.5,8,4,0,0.0,0.0,0,0.0,57.5,0,562500.0,68.76971817016602,68.76971817016602,4,8,0,1,8,0,1,-105.0,70.5,-47.5,5.0,289292,59.883312,nan,0.289292,nan,1,0,289160,2,0,0,1,132,64,16,68,17,33,1,0,0,1
143,-47.5,57.5,12,6,0,0.0,0.0,0,0.0,57.5,0,562500.0,61.20294189453125,61.20294189453125,6,12,0,1,12,0,1,-105.0,70.5,-47.5,5.0,289292,60.172604,nan,0.289292,nan,1,0,289160,2,0,0,1,132,64,16,68,17,33,1,0,0,1
144,-47.5,57.5,10,5,0,0.0,0.0,0,0.0,57.5,0,562500.0,39.67269579128378,31.123412885493238,5,10,0,2,10,0,2,-105.0,70.5,-47.5,5.0,578584,60.751188,nan,0.578584,nan,2,0,578320,4,0,0,2,264,128,32,136,34,66,2,0,0,2
145,-47.5,57.5,10,5,0,0.0,0.0,0,0.0,57.5,0,562500.0,42.985050293129454,35.951729816262265,5,10,0,2,10,0,2,-105.0,70.5,-47.5,5.0,578584,61.329772,nan,0.578584,nan,2,0,578320,4,0,0,2,264,128,32,136,34,66,2,0,0,2
146,-47.5,57.5,12,6,0,0.0,0.0,0,0.0,57.5,0,562500.0,58.83717155456543,58.830657958984375,6,12,0,2,12,0,2,-105.0,70.5,-47.5,5.0,578584,61.908356,nan,0.578584,nan,2,0,578320,4,0,0,2,264,128,32,136,34,66,2,0,0,2
147,-47.5,57.5,12,6,0,0.0,0.0,0,0.0,57.5,0,562500.0,74.12104797363281,74.12104797363281,6,12,0,1,12,0,1,-105.0,70.5,-47.5,5.0,289292,62.197648,nan,0.289292,nan,1,0,289160,2,0,0,1,132,64,16,68,17,33,1,0,0,1
148,-47.5,57.5,12,6,0,0.0,0.0,0,0.0,57.5,0,562500.0,40.437668735318084,35.19111739956774,6,12,0,2,12,0,2,-105.0,70.5,-47.5,5.0,578584,62.776232,nan,0.578584,nan,2,0,578320,4,0,0,2,264,128,32,136,34,66,2,0,0,2
149,-47.5,57.5,12,6,0,0.0,0.0,0,0.0,57.5,1,562500.0,40.41384992746244,37.86465007163073,6,12,1,2,12,0,3,-105.0,70.5,-47.5,5.0,578584,63.354816,nan,0.578584,nan,2,0,578320,4,0,0,2,264,128,32,136,34,66,2,0,0,2
150,-47.5,57.5,8,4,0,0.0,0.0,0,0.0,57.5,0,562500.0,60.37190055847168,60.37189865112305,4,8,0,1,8,0,1,-105.0,70.5,-47.5,5.0,289292,63.644108,nan,0.289292,nan,1,0,289160,2,0,0,1,132,64,16,68,17,33,1,0,0,1
151,-47.5,57.5,6,3,0,0.0,0.0,0,0.0,57.5,0,562500.0,61.61032485961914,61.61032485961914,3,6,0,1,6,0,1,-105.0,70.5,-47.5,5.0,289292,63.9334,nan,0.289292,nan,1,0,289160,2,0,0,1,132,64,16,68,17,33,1,0,0,1
152,-47.5,57.5,4,2,0,0.0,0.0,0,0.0,57.5,0,562500.0,60.21068572998047,60.21068572998047,2,4,0,1,4,0,1,-105.0,70.5,-47.5,5.0,289292,64.222692,nan,0.289292,nan,1,0,289160,2,0,0,1,132,64,16,68,17,33,1,0,0,1
153,-47.5,57.5,8,4,0,0.0,0.0,0,0.0,57.5,0,562500.0,35.575702771667714,19.46540472788109,4,8,0,3,8,0,3,-105.0,70.5,-47.5,5.0,867876,65.090568,nan,0.867876,nan,3,0,867480,6,0,0,3,396,192,48,204,51,99,3,0,0,3
154,-47.5,57.5,8,4,0,0.0,0.0,0,0.0,57.5,0,562500.0,60.21068572998047,60.21068572998047,4,8,0,1,8,0,1,-105.0,70.5,-47.5,5.0,289292,65.37986,nan,0.289292,nan,1,0,289160,2,0,0,1,132,64,16,68,17,33,1,0,0,1
155,-47.5,57.5,10,5,0,0.0,0.0,0,0.0,57.5,0,0.0,nan,nan,5,10,0,0,10,0,0,-105.0,70.5,-47.5,5.0,0,65.37986,nan,0.0,nan,0,0,0,0,0,0,0,0,0,0,0,0,0,0,0,0,0
156,-47.5,57.5,10,5,0,0.0,0.0,0,0.0,57.5,1,562500.0,65.16468811035156,62.92973709106445,5,10,1,2,10,0,3,-105.0,70.5,-47.5,5.0,578584,65.958444,nan,0.578584,nan,2,0,578320,4,0,0,2,264,128,32,136,34,66,2,0,0,2
157,-47.5,57.5,10,5,0,0.0,0.0,0,0.0,57.5,0,562500.0,48.417360680483306,48.20972107290164,5,10,0,2,10,0,2,-105.0,70.5,-47.5,5.0,578584,66.537028,nan,0.578584,nan,2,0,578320,4,0,0,2,264,128,32,136,34,66,2,0,0,2
158,-47.5,57.5,10,5,0,0.0,0.0,0,0.0,57.5,1,562500.0,67.46433448791504,67.40320587158203,5,10,1,2,10,0,3,-105.0,70.5,-47.5,5.0,578584,67.115612,nan,0.578584,nan,2,0,578320,4,0,0,2,264,128,32,136,34,66,2,0,0,2
159,-47.5,57.5,10,5,0,0.0,0.0,0,0.0,57.5,0,562500.0,28.518428375870492,19.318188880938106,5,10,0,4,10,0,4,-105.0,70.5,-47.5,5.0,1157168,68.27278,nan,1.157168,nan,4,0,1156640,8,0,0,4,528,256,64,272,68,132,4,0,0,4
160,-47.5,57.5,10,5,0,0.0,0.0,0,0.0,57.5,0,562500.0,32.41907259685663,19.60150833111811,5,10,0,2,10,0,2,-105.0,70.5,-47.5,5.0,578584,68.851364,nan,0.578584,nan,2,0,578320,4,0,0,2,264,128,32,136,34,66,2,0,0,2
161,-47.5,57.5,8,4,0,0.0,0.0,0,0.0,57.5,0,562500.0,67.40320587158203,67.40320587158203,4,8,0,1,8,0,1,-105.0,70.5,-47.5,5.0,289292,69.140656,nan,0.289292,nan,1,0,289160,2,0,0,1,132,64,16,68,17,33,1,0,0,1
162,-47.5,57.5,10,5,0,0.0,0.0,0,0.0,57.5,0,562500.0,60.917606353759766,60.917606353759766,5,10,0,1,10,0,1,-105.0,70.5,-47.5,5.0,289292,69.429948,nan,0.289292,nan,1,0,289160,2,0,0,1,132,64,16,68,17,33,1,0,0,1
163,-47.5,57.5,10,5,0,0.0,0.0,0,0.0,57.5,0,562500.0,67.40320587158203,67.40320587158203,5,10,0,1,10,0,1,-105.0,70.5,-47.5,5.0,289292,69.71924,nan,0.289292,nan,1,0,289160,2,0,0,1,132,64,16,68,17,33,1,0,0,1
164,-47.5,57.5,12,6,0,0.0,0.0,0,0.0,57.5,0,562500.0,61.56553268432617,61.56553268432617,6,12,0,1,12,0,1,-105.0,70.5,-47.5,5.0,289292,70.008532,nan,0.289292,nan,1,0,289160,2,0,0,1,132,64,16,68,17,33,1,0,0,1
165,-47.5,57.5,10,5,0,0.0,0.0,0,0.0,57.5,1,562500.0,67.46433448791504,67.40320587158203,5,10,1,2,10,0,3,-105.0,70.5,-47.5,5.0,578584,70.587116,nan,0.578584,nan,2,0,578320,4,0,0,2,264,128,32,136,34,66,2,0,0,2
166,-47.5,57.5,12,6,0,0.0,0.0,0,0.0,57.5,0,562500.0,58.171932220458984,58.171932220458984,6,12,0,1,12,0,1,-105.0,70.5,-47.5,5.0,289292,70.876408,nan,0.289292,nan,1,0,289160,2,0,0,1,132,64,16,68,17,33,1,0,0,1
167,-47.5,57.5,12,6,0,0.0,0.0,0,0.0,57.5,0,562500.0,50.63456237973269,42.304479347947684,6,12,0,3,12,0,3,-105.0,70.5,-47.5,5.0,867876,71.744284,nan,0.867876,nan,3,0,867480,6,0,0,3,396,192,48,204,51,99,3,0,0,3
168,-47.5,57.5,10,5,0,0.0,0.0,0,0.0,57.5,0,562500.0,64.03238677978516,64.03238677978516,5,10,0,1,10,0,1,-105.0,70.5,-47.5,5.0,289292,72.033576,nan,0.289292,nan,1,0,289160,2,0,0,1,132,64,16,68,17,33,1,0,0,1
169,-47.5,57.5,10,5,0,0.0,0.0,0,0.0,57.5,1,562500.0,67.46433448791504,67.40320587158203,5,10,1,2,10,0,3,-105.0,70.5,-47.5,5.0,578584,72.61216,nan,0.578584,nan,2,0,578320,4,0,0,2,264,128,32,136,34,66,2,0,0,2
170,-47.5,57.5,12,6,0,0.0,0.0,0,0.0,57.5,1,562500.0,67.46433448791504,67.40320587158203,6,12,1,2,12,0,3,-105.0,70.5,-47.5,5.0,578584,73.190744,nan,0.578584,nan,2,0,578320,4,0,0,2,264,128,32,136,34,66,2,0,0,2
171,-47.5,57.5,14,7,0,0.0,0.0,0,0.0,57.5,1,562500.0,67.46433448791504,67.40320587158203,7,14,1,2,14,0,3,-105.0,70.5,-47.5,5.0,578584,73.769328,nan,0.578584,nan,2,0,578320,4,0,0,2,264,128,32,136,34,66,2,0,0,2
172,-47.5,57.5,16,8,0,0.0,0.0,0,0.0,57.5,0,562500.0,32.290668955426966,28.79399521299572,8,16,0,2,16,0,2,-105.0,70.5,-47.5,5.0,578584,74.347912,nan,0.578584,nan,2,0,578320,4,0,0,2,264,128,32,136,34,66,2,0,0,2
173,-47.5,57.5,14,7,0,0.0,0.0,0,0.0,57.5,0,562500.0,49.57639117121513,40.240050894914134,7,14,0,3,14,0,3,-105.0,70.5,-47.5,5.0,867876,75.215788,nan,0.867876,nan,3,0,867480,6,0,0,3,396,192,48,204,51,99,3,0,0,3
174,-47.5,57.5,16,8,0,0.0,0.0,0,0.0,57.5,1,562500.0,33.49197719829467,19.318188880938106,8,16,1,3,16,0,4,-105.0,70.5,-47.5,5.0,867876,76.083664,nan,0.867876,nan,3,0,867480,6,0,0,3,396,192,48,204,51,99,3,0,0,3
175,-47.5,57.5,18,9,0,0.0,0.0,0,0.0,57.5,0,562500.0,61.83955383300781,61.83955383300781,9,18,0,1,18,0,1,-105.0,70.5,-47.5,5.0,289292,76.372956,nan,0.289292,nan,1,0,289160,2,0,0,1,132,64,16,68,17,33,1,0,0,1
176,-47.5,57.5,18,9,0,0.0,0.0,0,0.0,57.5,2,562500.0,47.86954900774699,29.478495767458558,9,18,2,3,18,0,5,-105.0,70.5,-47.5,5.0,867876,77.240832,nan,0.867876,nan,3,0,867480,6,0,0,3,396,192,48,204,51,99,3,0,0,3
177,-47.5,57.5,16,8,0,0.0,0.0,0,0.0,57.5,0,562500.0,64.48450469970703,61.443546295166016,8,16,0,2,16,0,2,-105.0,70.5,-47.5,5.0,578584,77.819416,nan,0.578584,nan,2,0,578320,4,0,0,2,264,128,32,136,34,66,2,0,0,2
178,-47.5,57.5,16,8,0,0.0,0.0,0,0.0,57.5,0,562500.0,61.445892333984375,61.445892333984375,8,16,0,1,16,0,1,-105.0,70.5,-47.5,5.0,289292,78.108708,nan,0.289292,nan,1,0,289160,2,0,0,1,132,64,16,68,17,33,1,0,0,1
179,-47.5,57.5,16,8,0,0.0,0.0,0,0.0,57.5,0,562500.0,67.40320587158203,67.40320587158203,8,16,0,1,16,0,1,-105.0,70.5,-47.5,5.0,289292,78.398,nan,0.289292,nan,1,0,289160,2,0,0,1,132,64,16,68,17,33,1,0,0,1
180,-47.5,57.5,16,8,0,0.0,0.0,0,0.0,57.5,0,562500.0,19.318188880938106,19.318188880938106,8,16,0,2,16,0,2,-105.0,70.5,-47.5,5.0,578584,78.976584,nan,0.578584,nan,2,0,578320,4,0,0,2,264,128,32,136,34,66,2,0,0,2
181,-47.5,57.5,20,10,0,0.0,0.0,0,0.0,57.5,0,0.0,nan,nan,10,20,0,0,20,0,0,-105.0,70.5,-47.5,5.0,0,78.976584,nan,0.0,nan,0,0,0,0,0,0,0,0,0,0,0,0,0,0,0,0,0
182,-47.5,57.5,22,11,0,0.0,0.0,0,0.0,57.5,3,562500.0,62.78007507324219,59.95765686035156,11,22,3,2,22,0,5,-105.0,70.5,-47.5,5.0,578584,79.555168,nan,0.578584,nan,2,0,578320,4,0,0,2,264,128,32,136,34,66,2,0,0,2
183,-47.5,57.5,26,13,0,0.0,0.0,0,0.0,57.5,1,562500.0,60.59172693888346,57.85681915283203,13,26,1,3,26,0,4,-105.0,70.5,-47.5,5.0,867876,80.423044,nan,0.867876,nan,3,0,867480,6,0,0,3,396,192,48,204,51,99,3,0,0,3
184,-47.5,57.5,26,13,0,0.0,0.0,0,0.0,57.5,0,562500.0,66.02279853820801,57.50028991699219,13,26,0,2,26,0,2,-105.0,70.5,-47.5,5.0,578584,81.001628,nan,0.578584,nan,2,0,578320,4,0,0,2,264,128,32,136,34,66,2,0,0,2
185,-47.5,57.5,26,13,0,0.0,0.0,0,0.0,57.5,0,0.0,nan,nan,13,26,0,0,26,0,0,-105.0,70.5,-47.5,5.0,0,81.001628,nan,0.0,nan,0,0,0,0,0,0,0,0,0,0,0,0,0,0,0,0,0
186,-47.5,57.5,26,13,0,0.0,0.0,0,0.0,57.5,0,562500.0,62.693145751953125,59.167449951171875,13,26,0,2,26,0,2,-105.0,70.5,-47.5,5.0,578584,81.580212,nan,0.578584,nan,2,0,578320,4,0,0,2,264,128,32,136,34,66,2,0,0,2
187,-47.5,57.5,18,9,0,0.0,0.0,0,0.0,57.5,1,562500.0,59.70791816711426,59.70791244506836,9,18,1,1,18,0,2,-105.0,70.5,-47.5,5.0,289292,81.869504,nan,0.289292,nan,1,0,289160,2,0,0,1,132,64,16,68,17,33,1,0,0,1
188,-47.5,57.5,16,8,0,0.0,0.0,0,0.0,57.5,0,562500.0,60.99157905578613,60.274288177490234,8,16,0,2,16,0,2,-105.0,70.5,-47.5,5.0,578584,82.448088,nan,0.578584,nan,2,0,578320,4,0,0,2,264,128,32,136,34,66,2,0,0,2
189,-47.5,57.5,22,11,0,0.0,0.0,0,0.0,57.5,2,562500.0,62.59452438354492,60.10429382324219,11,22,2,2,22,0,4,-105.0,70.5,-47.5,5.0,578584,83.026672,nan,0.578584,nan,2,0,578320,4,0,0,2,264,128,32,136,34,66,2,0,0,2
190,-47.5,57.5,22,11,0,0.0,0.0,0,0.0,57.5,0,562500.0,64.85090637207031,64.85090637207031,11,22,0,1,22,0,1,-105.0,70.5,-47.5,5.0,289292,83.315964,nan,0.289292,nan,1,0,289160,2,0,0,1,132,64,16,68,17,33,1,0,0,1
191,-47.5,57.5,26,13,0,0.0,0.0,0,0.0,57.5,1,562500.0,74.16242599487305,74.16242599487305,13,26,1,1,26,0,2,-105.0,70.5,-47.5,5.0,289292,83.605256,nan,0.289292,nan,1,0,289160,2,0,0,1,132,64,16,68,17,33,1,0,0,1
192,-47.5,57.5,30,15,0,0.0,0.0,0,0.0,57.5,1,562500.0,64.34801483154297,64.34801483154297,15,30,1,1,30,0,2,-105.0,70.5,-47.5,5.0,289292,83.894548,nan,0.289292,nan,1,0,289160,2,0,0,1,132,64,16,68,17,33,1,0,0,1
193,-47.5,57.5,24,12,0,0.0,0.0,0,0.0,57.5,0,562500.0,69.1976089477539,65.8865852355957,12,24,0,2,24,0,2,-105.0,70.5,-47.5,5.0,578584,84.473132,nan,0.578584,nan,2,0,578320,4,0,0,2,264,128,32,136,34,66,2,0,0,2
194,-47.5,57.5,20,10,0,0.0,0.0,0,0.0,57.5,0,562500.0,62.715864181518555,59.5761604309082,10,20,0,2,20,0,2,-105.0,70.5,-47.5,5.0,578584,85.051716,nan,0.578584,nan,2,0,578320,4,0,0,2,264,128,32,136,34,66,2,0,0,2
195,-47.5,57.5,16,8,0,0.0,0.0,0,0.0,57.5,0,562500.0,61.647756576538086,61.64775085449219,8,16,0,1,16,0,1,-105.0,70.5,-47.5,5.0,289292,85.341008,nan,0.289292,nan,1,0,289160,2,0,0,1,132,64,16,68,17,33,1,0,0,1
196,-47.5,57.5,14,7,0,0.0,0.0,0,0.0,57.5,0,562500.0,62.33770561218262,62.337703704833984,7,14,0,1,14,0,1,-105.0,70.5,-47.5,5.0,289292,85.6303,nan,0.289292,nan,1,0,289160,2,0,0,1,132,64,16,68,17,33,1,0,0,1
197,-47.5,57.5,12,6,0,0.0,0.0,0,0.0,57.5,0,562500.0,61.46503829956055,61.46503829956055,6,12,0,1,12,0,1,-105.0,70.5,-47.5,5.0,289292,85.919592,nan,0.289292,nan,1,0,289160,2,0,0,1,132,64,16,68,17,33,1,0,0,1
198,-47.5,57.5,10,5,0,0.0,0.0,0,0.0,57.5,0,562500.0,59.63833808898926,59.638336181640625,5,10,0,1,10,0,1,-105.0,70.5,-47.5,5.0,289292,86.208884,nan,0.289292,nan,1,0,289160,2,0,0,1,132,64,16,68,17,33,1,0,0,1
199,-47.5,57.5,8,4,0,0.0,0.0,0,0.0,57.5,0,562500.0,67.40320587158203,67.40320587158203,4,8,0,1,8,0,1,-105.0,70.5,-47.5,5.0,289292,86.498176,nan,0.289292,nan,1,0,289160,2,0,0,1,132,64,16,68,17,33,1,0,0,1
200,-47.5,57.5,10,5,0,0.0,0.0,0,0.0,57.5,2,562500.0,65.35719680786133,63.311187744140625,5,10,2,2,10,0,4,-105.0,70.5,-47.5,5.0,578584,87.07676,nan,0.578584,nan,2,0,578320,4,0,0,2,264,128,32,136,34,66,2,0,0,2
201,-47.5,57.5,8,4,0,0.0,0.0,0,0.0,57.5,0,562500.0,61.95478820800781,61.95478820800781,4,8,0,1,8,0,1,-105.0,70.5,-47.5,5.0,289292,87.366052,nan,0.289292,nan,1,0,289160,2,0,0,1,132,64,16,68,17,33,1,0,0,1
202,-47.5,57.5,8,4,0,0.0,0.0,0,0.0,57.5,1,562500.0,61.57907485961914,61.57907485961914,4,8,1,1,8,0,2,-105.0,70.5,-47.5,5.0,289292,87.655344,nan,0.289292,nan,1,0,289160,2,0,0,1,132,64,16,68,17,33,1,0,0,1
203,-47.5,57.5,12,6,0,0.0,0.0,0,0.0,57.5,0,562500.0,64.23321996287957,61.1984432752575,6,12,0,2,12,0,2,-105.0,70.5,-47.5,5.0,578584,88.233928,nan,0.578584,nan,2,0,578320,4,0,0,2,264,128,32,136,34,66,2,0,0,2
204,-47.5,57.5,14,7,0,0.0,0.0,0,0.0,57.5,0,562500.0,62.65198516845703,62.65198516845703,7,14,0,1,14,0,1,-105.0,70.5,-47.5,5.0,289292,88.52322,nan,0.289292,nan,1,0,289160,2,0,0,1,132,64,16,68,17,33,1,0,0,1
205,-47.5,57.5,14,7,0,0.0,0.0,0,0.0,57.5,0,562500.0,60.239912033081055,60.23991012573242,7,14,0,1,14,0,1,-105.0,70.5,-47.5,5.0,289292,88.812512,nan,0.289292,nan,1,0,289160,2,0,0,1,132,64,16,68,17,33,1,0,0,1
206,-47.5,57.5,16,8,0,0.0,0.0,0,0.0,57.5,0,562500.0,57.810699462890625,57.810699462890625,8,16,0,1,16,0,1,-105.0,70.5,-47.5,5.0,289292,89.101804,nan,0.289292,nan,1,0,289160,2,0,0,1,132,64,16,68,17,33,1,0,0,1
207,-47.5,57.5,16,8,0,0.0,0.0,0,0.0,57.5,1,562500.0,67.40320587158203,67.40320587158203,8,16,1,1,16,0,2,-105.0,70.5,-47.5,5.0,289292,89.391096,nan,0.289292,nan,1,0,289160,2,0,0,1,132,64,16,68,17,33,1,0,0,1
208,-47.5,57.5,16,8,0,0.0,0.0,0,0.0,57.5,1,562500.0,56.95518958538909,44.160487754044986,8,16,1,3,16,0,4,-105.0,70.5,-47.5,5.0,867876,90.258972,nan,0.867876,nan,3,0,867480,6,0,0,3,396,192,48,204,51,99,3,0,0,3
209,-47.5,57.5,16,8,0,0.0,0.0,0,0.0,57.5,0,562500.0,55.33374736617388,43.24133850730987,8,16,0,2,16,0,2,-105.0,70.5,-47.5,5.0,578584,90.837556,nan,0.578584,nan,2,0,578320,4,0,0,2,264,128,32,136,34,66,2,0,0,2
210,-47.5,57.5,16,8,0,0.0,0.0,0,0.0,57.5,0,562500.0,67.40320587158203,67.40320587158203,8,16,0,1,16,0,1,-105.0,70.5,-47.5,5.0,289292,91.126848,nan,0.289292,nan,1,0,289160,2,0,0,1,132,64,16,68,17,33,1,0,0,1
211,-47.5,57.5,10,5,0,0.0,0.0,0,0.0,57.5,1,562500.0,57.547566711457655,47.43257103651569,5,10,1,2,10,0,3,-105.0,70.5,-47.5,5.0,578584,91.705432,nan,0.578584,nan,2,0,578320,4,0,0,2,264,128,32,136,34,66,2,0,0,2
212,-47.5,57.5,12,6,0,0.0,0.0,0,0.0,57.5,2,562500.0,38.02632043685428,37.04728877763929,6,12,2,2,12,0,4,-105.0,70.5,-47.5,5.0,578584,92.284016,nan,0.578584,nan,2,0,578320,4,0,0,2,264,128,32,136,34,66,2,0,0,2
213,-47.5,57.5,12,6,0,0.0,0.0,0,0.0,57.5,0,562500.0,61.09785461425781,61.09785461425781,6,12,0,1,12,0,1,-105.0,70.5,-47.5,5.0,289292,92.573308,nan,0.289292,nan,1,0,289160,2,0,0,1,132,64,16,68,17,33,1,0,0,1
214,-47.5,57.5,12,6,0,0.0,0.0,0,0.0,57.5,1,562500.0,67.40320587158203,67.40320587158203,6,12,1,1,12,0,2,-105.0,70.5,-47.5,5.0,289292,92.8626,nan,0.289292,nan,1,0,289160,2,0,0,1,132,64,16,68,17,33,1,0,0,1
215,-47.5,57.5,12,6,0,0.0,0.0,0,0.0,57.5,0,562500.0,67.40320587158203,67.40320587158203,6,12,0,1,12,0,1,-105.0,70.5,-47.5,5.0,289292,93.151892,nan,0.289292,nan,1,0,289160,2,0,0,1,132,64,16,68,17,33,1,0,0,1
216,-47.5,57.5,12,6,0,0.0,0.0,0,0.0,57.5,0,562500.0,60.08665084838867,60.08665084838867,6,12,0,1,12,0,1,-105.0,70.5,-47.5,5.0,289292,93.441184,nan,0.289292,nan,1,0,289160,2,0,0,1,132,64,16,68,17,33,1,0,0,1
217,-47.5,57.5,8,4,0,0.0,0.0,0,0.0,57.5,0,562500.0,60.2106819152832,60.2106819152832,4,8,0,1,8,0,1,-105.0,70.5,-47.5,5.0,289292,93.730476,nan,0.289292,nan,1,0,289160,2,0,0,1,132,64,16,68,17,33,1,0,0,1
218,-47.5,57.5,8,4,0,0.0,0.0,0,0.0,57.5,0,562500.0,65.53277206420898,63.66233825683594,4,8,0,2,8,0,2,-105.0,70.5,-47.5,5.0,578584,94.30906,nan,0.578584,nan,2,0,578320,4,0,0,2,264,128,32,136,34,66,2,0,0,2
219,-47.5,57.5,8,4,0,0.0,0.0,0,0.0,57.5,0,562500.0,67.79778671264648,67.79778671264648,4,8,0,1,8,0,1,-105.0,70.5,-47.5,5.0,289292,94.598352,nan,0.289292,nan,1,0,289160,2,0,0,1,132,64,16,68,17,33,1,0,0,1
220,-47.5,57.5,8,4,0,0.0,0.0,0,0.0,57.5,0,562500.0,59.58460235595703,58.958518981933594,4,8,0,2,8,0,2,-105.0,70.5,-47.5,5.0,578584,95.176936,nan,0.578584,nan,2,0,578320,4,0,0,2,264,128,32,136,34,66,2,0,0,2
221,-47.5,57.5,6,3,0,0.0,0.0,0,0.0,57.5,0,562500.0,60.2106819152832,60.2106819152832,3,6,0,1,6,0,1,-105.0,70.5,-47.5,5.0,289292,95.466228,nan,0.289292,nan,1,0,289160,2,0,0,1,132,64,16,68,17,33,1,0,0,1
222,-47.5,57.5,12,6,0,0.0,0.0,0,0.0,57.5,0,562500.0,59.41293907165527,58.04926681518555,6,12,0,2,12,0,2,-105.0,70.5,-47.5,5.0,578584,96.044812,nan,0.578584,nan,2,0,578320,4,0,0,2,264,128,32,136,34,66,2,0,0,2
223,-47.5,57.5,18,9,0,0.0,0.0,0,0.0,57.5,0,562500.0,58.67481008149787,47.43257103651569,9,18,0,4,18,0,4,-105.0,70.5,-47.5,5.0,1157168,97.20198,nan,1.157168,nan,4,0,1156640,8,0,0,4,528,256,64,272,68,132,4,0,0,4
224,-47.5,57.5,22,11,0,0.0,0.0,0,0.0,57.5,0,0.0,nan,nan,11,22,0,0,22,0,0,-105.0,70.5,-47.5,5.0,0,97.20198,nan,0.0,nan,0,0,0,0,0,0,0,0,0,0,0,0,0,0,0,0,0
225,-47.5,57.5,26,13,0,0.0,0.0,0,0.0,57.5,0,562500.0,59.26041793823242,58.44105911254883,13,26,0,2,26,0,2,-105.0,70.5,-47.5,5.0,578584,97.780564,nan,0.578584,nan,2,0,578320,4,0,0,2,264,128,32,136,34,66,2,0,0,2
226,-47.5,57.5,30,15,0,0.0,0.0,0,0.0,57.5,2,562500.0,61.80655479431152,57.71682357788086,15,30,2,2,30,0,4,-105.0,70.5,-47.5,5.0,578584,98.359148,nan,0.578584,nan,2,0,578320,4,0,0,2,264,128,32,136,34,66,2,0,0,2
227,-47.5,57.5,30,15,0,0.0,0.0,0,0.0,57.5,2,562500.0,51.52458681032861,46.46284867564945,15,30,2,3,30,0,5,-105.0,70.5,-47.5,5.0,867876,99.227024,nan,0.867876,nan,3,0,867480,6,0,0,3,396,192,48,204,51,99,3,0,0,3
228,-47.5,57.5,30,15,0,0.0,0.0,0,0.0,57.5,2,562500.0,64.03205299377441,63.2627067565918,15,30,2,2,30,0,4,-105.0,70.5,-47.5,5.0,578584,99.805608,nan,0.578584,nan,2,0,578320,4,0,0,2,264,128,32,136,34,66,2,0,0,2
229,-47.5,57.5,32,16,0,0.0,0.0,0,0.0,57.5,0,562500.0,52.46701148101784,43.992726002554356,16,32,0,3,32,0,3,-105.0,70.5,-47.5,5.0,867876,100.673484,nan,0.867876,nan,3,0,867480,6,0,0,3,396,192,48,204,51,99,3,0,0,3
230,-47.5,57.5,30,15,0,0.0,0.0,0,0.0,57.5,0,0.0,nan,nan,15,30,0,0,30,0,0,-105.0,70.5,-47.5,5.0,0,100.673484,nan,0.0,nan,0,0,0,0,0,0,0,0,0,0,0,0,0,0,0,0,0
231,-47.5,57.5,26,13,0,0.0,0.0,0,0.0,57.5,0,562500.0,50.73623908399863,41.44702786154554,13,26,0,2,26,0,2,-105.0,70.5,-47.5,5.0,578584,101.252068,nan,0.578584,nan,2,0,578320,4,0,0,2,264,128,32,136,34,66,2,0,0,2
232,-47.5,57.5,14,7,0,0.0,0.0,0,0.0,57.5,2,562500.0,60.65877151489258,60.65877151489258,7,14,2,1,14,0,3,-105.0,70.5,-47.5,5.0,289292,101.54136,nan,0.289292,nan,1,0,289160,2,0,0,1,132,64,16,68,17,33,1,0,0,1
233,-47.5,57.5,10,5,0,0.0,0.0,0,0.0,57.5,3,562500.0,67.40320587158203,67.40320587158203,5,10,3,1,10,0,4,-105.0,70.5,-47.5,5.0,289292,101.830652,nan,0.289292,nan,1,0,289160,2,0,0,1,132,64,16,68,17,33,1,0,0,1
234,-47.5,57.5,4,2,0,0.0,0.0,0,0.0,57.5,0,562500.0,60.331119537353516,60.331119537353516,2,4,0,1,4,0,1,-105.0,70.5,-47.5,5.0,289292,102.119944,nan,0.289292,nan,1,0,289160,2,0,0,1,132,64,16,68,17,33,1,0,0,1
235,-47.5,57.5,6,3,0,0.0,0.0,0,0.0,57.5,1,562500.0,54.19097842112692,50.19144153641691,3,6,1,2,6,0,3,-105.0,70.5,-47.5,5.0,578584,102.698528,nan,0.578584,nan,2,0,578320,4,0,0,2,264,128,32,136,34,66,2,0,0,2
236,-47.5,57.5,8,4,0,0.0,0.0,0,0.0,57.5,0,562500.0,60.702335357666016,60.702335357666016,4,8,0,1,8,0,1,-105.0,70.5,-47.5,5.0,289292,102.98782,nan,0.289292,nan,1,0,289160,2,0,0,1,132,64,16,68,17,33,1,0,0,1
237,-47.5,57.5,8,4,0,0.0,0.0,0,0.0,57.5,0,562500.0,60.20302963256836,60.20302963256836,4,8,0,1,8,0,1,-105.0,70.5,-47.5,5.0,289292,103.277112,nan,0.289292,nan,1,0,289160,2,0,0,1,132,64,16,68,17,33,1,0,0,1
238,-47.5,57.5,8,4,0,0.0,0.0,0,0.0,57.5,0,0.0,nan,nan,4,8,0,0,8,0,0,-105.0,70.5,-47.5,5.0,0,103.277112,nan,0.0,nan,0,0,0,0,0,0,0,0,0,0,0,0,0,0,0,0,0
239,-47.5,57.5,10,5,0,0.0,0.0,0,0.0,57.5,2,562500.0,49.177413319553835,38.90850147059719,5,10,2,3,10,0,5,-105.0,70.5,-47.5,5.0,867876,104.144988,nan,0.867876,nan,3,0,867480,6,0,0,3,396,192,48,204,51,99,3,0,0,3
240,-47.5,57.5,12,6,0,0.0,0.0,0,0.0,57.5,0,562500.0,59.060386657714844,57.910091400146484,6,12,0,2,12,0,2,-105.0,70.5,-47.5,5.0,578584,104.723572,nan,0.578584,nan,2,0,578320,4,0,0,2,264,128,32,136,34,66,2,0,0,2
241,-47.5,57.5,10,5,0,0.0,0.0,0,0.0,57.5,0,562500.0,60.454959869384766,60.454959869384766,5,10,0,1,10,0,1,-105.0,70.5,-47.5,5.0,289292,105.012864,nan,0.289292,nan,1,0,289160,2,0,0,1,132,64,16,68,17,33,1,0,0,1
242,-47.5,57.5,12,6,0,0.0,0.0,0,0.0,57.5,0,562500.0,57.782955169677734,57.782955169677734,6,12,0,1,12,0,1,-105.0,70.5,-47.5,5.0,289292,105.302156,nan,0.289292,nan,1,0,289160,2,0,0,1,132,64,16,68,17,33,1,0,0,1
243,-47.5,57.5,10,5,0,0.0,0.0,0,0.0,57.5,1,562500.0,46.218706282394585,37.91862495141934,5,10,1,3,10,0,4,-105.0,70.5,-47.5,5.0,867876,106.170032,nan,0.867876,nan,3,0,867480,6,0,0,3,396,192,48,204,51,99,3,0,0,3
244,-47.5,57.5,12,6,0,0.0,0.0,0,0.0,57.5,1,562500.0,60.21017074584961,60.21017074584961,6,12,1,1,12,0,2,-105.0,70.5,-47.5,5.0,289292,106.459324,nan,0.289292,nan,1,0,289160,2,0,0,1,132,64,16,68,17,33,1,0,0,1
245,-47.5,57.5,14,7,0,0.0,0.0,0,0.0,57.5,0,562500.0,49.25951670242933,41.85532822065622,7,14,0,3,14,0,3,-105.0,70.5,-47.5,5.0,867876,107.3272,nan,0.867876,nan,3,0,867480,6,0,0,3,396,192,48,204,51,99,3,0,0,3
246,-47.5,57.5,14,7,0,0.0,0.0,0,0.0,57.5,0,562500.0,64.38578033447266,61.36835479736328,7,14,0,2,14,0,2,-105.0,70.5,-47.5,5.0,578584,107.905784,nan,0.578584,nan,2,0,578320,4,0,0,2,264,128,32,136,34,66,2,0,0,2
247,-47.5,57.5,14,7,0,0.0,0.0,0,0.0,57.5,0,562500.0,60.2106819152832,60.2106819152832,7,14,0,1,14,0,1,-105.0,70.5,-47.5,5.0,289292,108.195076,nan,0.289292,nan,1,0,289160,2,0,0,1,132,64,16,68,17,33,1,0,0,1
248,-47.5,57.5,14,7,0,0.0,0.0,0,0.0,57.5,0,0.0,nan,nan,7,14,0,0,14,0,0,-105.0,70.5,-47.5,5.0,0,108.195076,nan,0.0,nan,0,0,0,0,0,0,0,0,0,0,0,0,0,0,0,0,0
249,-47.5,57.5,14,7,0,0.0,0.0,0,0.0,57.5,0,562500.0,40.13014115210693,37.92184440732087,7,14,0,2,14,0,2,-105.0,70.5,-47.5,5.0,578584,108.77366,nan,0.578584,nan,2,0,578320,4,0,0,2,264,128,32,136,34,66,2,0,0,2
250,-47.5,57.5,14,7,0,0.0,0.0,0,0.0,57.5,1,562500.0,67.52546310424805,67.52546310424805,7,14,1,1,14,0,2,-105.0,70.5,-47.5,5.0,289292,109.062952,nan,0.289292,nan,1,0,289160,2,0,0,1,132,64,16,68,17,33,1,0,0,1
251,-47.5,57.5,14,7,0,0.0,0.0,0,0.0,57.5,0,562500.0,35.73147339603713,29.59402768884527,7,14,0,2,14,0,2,-105.0,70.5,-47.5,5.0,578584,109.641536,nan,0.578584,nan,2,0,578320,4,0,0,2,264,128,32,136,34,66,2,0,0,2
252,-47.5,57.5,14,7,0,0.0,0.0,0,0.0,57.5,0,562500.0,54.63033031630126,45.33331048510958,7,14,0,4,14,0,4,-105.0,70.5,-47.5,5.0,1157168,110.798704,nan,1.157168,nan,4,0,1156640,8,0,0,4,528,256,64,272,68,132,4,0,0,4
253,-47.5,57.5,14,7,0,0.0,0.0,0,0.0,57.5,0,562500.0,63.856666564941406,60.2106819152832,7,14,0,2,14,0,2,-105.0,70.5,-47.5,5.0,578584,111.377288,nan,0.578584,nan,2,0,578320,4,0,0,2,264,128,32,136,34,66,2,0,0,2
254,-47.5,57.5,16,8,0,0.0,0.0,0,0.0,57.5,1,562500.0,63.50368690490723,59.5035514831543,8,16,1,2,16,0,3,-105.0,70.5,-47.5,5.0,578584,111.955872,nan,0.578584,nan,2,0,578320,4,0,0,2,264,128,32,136,34,66,2,0,0,2
255,-47.5,57.5,16,8,0,0.0,0.0,0,0.0,57.5,0,562500.0,67.50382232666016,67.50382232666016,8,16,0,1,16,0,1,-105.0,70.5,-47.5,5.0,289292,112.245164,nan,0.289292,nan,1,0,289160,2,0,0,1,132,64,16,68,17,33,1,0,0,1
256,-47.5,57.5,16,8,0,0.0,0.0,0,0.0,57.5,1,562500.0,39.5536535666682,36.09604184900152,8,16,1,2,16,0,3,-105.0,70.5,-47.5,5.0,578584,112.823748,nan,0.578584,nan,2,0,578320,4,0,0,2,264,128,32,136,34,66,2,0,0,2
257,-47.5,57.5,16,8,0,0.0,0.0,0,0.0,57.5,0,562500.0,51.97311726325386,40.81566865429324,8,16,0,3,16,0,3,-105.0,70.5,-47.5,5.0,867876,113.691624,nan,0.867876,nan,3,0,867480,6,0,0,3,396,192,48,204,51,99,3,0,0,3
258,-47.5,57.5,16,8,0,0.0,0.0,0,0.0,57.5,0,562500.0,54.23976364592581,47.554820716598684,8,16,0,3,16,0,3,-105.0,70.5,-47.5,5.0,867876,114.5595,nan,0.867876,nan,3,0,867480,6,0,0,3,396,192,48,204,51,99,3,0,0,3
259,-47.5,57.5,16,8,0,0.0,0.0,0,0.0,57.5,1,562500.0,61.83955383300781,61.83955383300781,8,16,1,1,16,0,2,-105.0,70.5,-47.5,5.0,289292,114.848792,nan,0.289292,nan,1,0,289160,2,0,0,1,132,64,16,68,17,33,1,0,0,1
260,-47.5,57.5,16,8,0,0.0,0.0,0,0.0,57.5,0,562500.0,33.7873563172699,19.688885386283573,8,16,0,3,16,0,3,-105.0,70.5,-47.5,5.0,867876,115.716668,nan,0.867876,nan,3,0,867480,6,0,0,3,396,192,48,204,51,99,3,0,0,3
261,-47.5,57.5,16,8,0,0.0,0.0,0,0.0,57.5,0,562500.0,45.52501654722123,41.29100593504685,8,16,0,2,16,0,2,-105.0,70.5,-47.5,5.0,578584,116.295252,nan,0.578584,nan,2,0,578320,4,0,0,2,264,128,32,136,34,66,2,0,0,2
262,-47.5,57.5,16,8,0,0.0,0.0,0,0.0,57.5,0,562500.0,60.2106819152832,60.2106819152832,8,16,0,1,16,0,1,-105.0,70.5,-47.5,5.0,289292,116.584544,nan,0.289292,nan,1,0,289160,2,0,0,1,132,64,16,68,17,33,1,0,0,1
263,-47.5,57.5,16,8,0,0.0,0.0,0,0.0,57.5,0,562500.0,38.06049809965721,29.59402768884527,8,16,0,2,16,0,2,-105.0,70.5,-47.5,5.0,578584,117.163128,nan,0.578584,nan,2,0,578320,4,0,0,2,264,128,32,136,34,66,2,0,0,2
264,-47.5,57.5,16,8,0,0.0,0.0,0,0.0,57.5,0,562500.0,18.182680964771066,18.07600407379946,8,16,0,2,16,0,2,-105.0,70.5,-47.5,5.0,578584,117.741712,nan,0.578584,nan,2,0,578320,4,0,0,2,264,128,32,136,34,66,2,0,0,2
265,-47.5,57.5,16,8,0,0.0,0.0,0,0.0,57.5,0,562500.0,19.761257559400935,19.688885386283573,8,16,0,2,16,0,2,-105.0,70.5,-47.5,5.0,578584,118.320296,nan,0.578584,nan,2,0,578320,4,0,0,2,264,128,32,136,34,66,2,0,0,2
266,-47.5,57.5,16,8,0,0.0,0.0,0,0.0,57.5,1,562500.0,54.23976367152966,47.554820716598684,8,16,1,3,16,0,4,-105.0,70.5,-47.5,5.0,867876,119.188172,nan,0.867876,nan,3,0,867480,6,0,0,3,396,192,48,204,51,99,3,0,0,3
267,-47.5,57.5,16,8,0,0.0,0.0,0,0.0,57.5,0,0.0,nan,nan,8,16,0,0,16,0,0,-105.0,70.5,-47.5,5.0,0,119.188172,nan,0.0,nan,0,0,0,0,0,0,0,0,0,0,0,0,0,0,0,0,0
268,-47.5,57.5,16,8,0,0.0,0.0,0,0.0,57.5,0,562500.0,67.55083847045898,67.55083847045898,8,16,0,1,16,0,1,-105.0,70.5,-47.5,5.0,289292,119.477464,nan,0.289292,nan,1,0,289160,2,0,0,1,132,64,16,68,17,33,1,0,0,1
269,-47.5,57.5,16,8,0,0.0,0.0,0,0.0,57.5,0,562500.0,64.67168807983398,61.83955383300781,8,16,0,2,16,0,2,-105.0,70.5,-47.5,5.0,578584,120.056048,nan,0.578584,nan,2,0,578320,4,0,0,2,264,128,32,136,34,66,2,0,0,2
270,-47.5,57.5,16,8,0,0.0,0.0,0,0.0,57.5,0,562500.0,54.23976364592581,47.554820716598684,8,16,0,3,16,0,3,-105.0,70.5,-47.5,5.0,867876,120.923924,nan,0.867876,nan,3,0,867480,6,0,0,3,396,192,48,204,51,99,3,0,0,3
271,-47.5,57.5,22,11,0,0.0,0.0,0,0.0,57.5,1,562500.0,42.7660108579463,36.358113459526884,11,22,1,2,22,0,3,-105.0,70.5,-47.5,5.0,578584,121.502508,nan,0.578584,nan,2,0,578320,4,0,0,2,264,128,32,136,34,66,2,0,0,2
272,-47.5,57.5,22,11,0,0.0,0.0,0,0.0,57.5,0,562500.0,64.43435668945312,64.43435668945312,11,22,0,1,22,0,1,-105.0,70.5,-47.5,5.0,289292,121.7918,nan,0.289292,nan,1,0,289160,2,0,0,1,132,64,16,68,17,33,1,0,0,1
273,-47.5,57.5,24,12,0,0.0,0.0,0,0.0,57.5,1,562500.0,37.96097944191758,32.37156164004583,12,24,1,2,24,0,3,-105.0,70.5,-47.5,5.0,578584,122.370384,nan,0.578584,nan,2,0,578320,4,0,0,2,264,128,32,136,34,66,2,0,0,2
274,-47.5,57.5,26,13,0,0.0,0.0,0,0.0,57.5,1,562500.0,51.60182217405683,42.5993223638894,13,26,1,3,26,0,4,-105.0,70.5,-47.5,5.0,867876,123.23826,nan,0.867876,nan,3,0,867480,6,0,0,3,396,192,48,204,51,99,3,0,0,3
275,-47.5,57.5,24,12,0,0.0,0.0,0,0.0,57.5,0,562500.0,60.86939811706543,60.616981506347656,12,24,0,2,24,0,2,-105.0,70.5,-47.5,5.0,578584,123.816844,nan,0.578584,nan,2,0,578320,4,0,0,2,264,128,32,136,34,66,2,0,0,2
276,-47.5,57.5,20,10,0,0.0,0.0,0,0.0,57.5,1,562500.0,42.23326702472986,38.13123234439072,10,20,1,2,20,0,3,-105.0,70.5,-47.5,5.0,578584,124.395428,nan,0.578584,nan,2,0,578320,4,0,0,2,264,128,32,136,34,66,2,0,0,2
277,-47.5,57.5,14,7,0,0.0,0.0,0,0.0,57.5,0,0.0,nan,nan,7,14,0,0,14,0,0,-105.0,70.5,-47.5,5.0,0,124.395428,nan,0.0,nan,0,0,0,0,0,0,0,0,0,0,0,0,0,0,0,0,0
278,-47.5,57.5,10,5,0,0.0,0.0,0,0.0,57.5,0,562500.0,67.33942604064941,60.71151351928711,5,10,0,2,10,0,2,-105.0,70.5,-47.5,5.0,578584,124.974012,nan,0.578584,nan,2,0,578320,4,0,0,2,264,128,32,136,34,66,2,0,0,2
279,-47.5,57.5,8,4,0,0.0,0.0,0,0.0,57.5,2,562500.0,36.67204893254235,35.261097397134094,4,8,2,2,8,0,4,-105.0,70.5,-47.5,5.0,578584,125.552596,nan,0.578584,nan,2,0,578320,4,0,0,2,264,128,32,136,34,66,2,0,0,2
280,-47.5,57.5,6,3,0,0.0,0.0,0,0.0,57.5,0,562500.0,57.70257568359375,57.54054641723633,3,6,0,2,6,0,2,-105.0,70.5,-47.5,5.0,578584,126.13118,nan,0.578584,nan,2,0,578320,4,0,0,2,264,128,32,136,34,66,2,0,0,2
281,-47.5,57.5,8,4,0,0.0,0.0,0,0.0,57.5,1,562500.0,60.82800102233887,59.6029167175293,4,8,1,2,8,0,3,-105.0,70.5,-47.5,5.0,578584,126.709764,nan,0.578584,nan,2,0,578320,4,0,0,2,264,128,32,136,34,66,2,0,0,2
282,-47.5,57.5,8,4,0,0.0,0.0,0,0.0,57.5,0,0.0,nan,nan,4,8,0,0,8,0,0,-105.0,70.5,-47.5,5.0,0,126.709764,nan,0.0,nan,0,0,0,0,0,0,0,0,0,0,0,0,0,0,0,0,0
283,-47.5,57.5,10,5,0,0.0,0.0,0,0.0,57.5,0,562500.0,63.2928581237793,63.2928581237793,5,10,0,1,10,0,1,-105.0,70.5,-47.5,5.0,289292,126.999056,nan,0.289292,nan,1,0,289160,2,0,0,1,132,64,16,68,17,33,1,0,0,1
284,-47.5,57.5,10,5,0,0.0,0.0,0,0.0,57.5,0,562500.0,60.71818923950195,57.82866668701172,5,10,0,3,10,0,3,-105.0,70.5,-47.5,5.0,867876,127.866932,nan,0.867876,nan,3,0,867480,6,0,0,3,396,192,48,204,51,99,3,0,0,3
285,-47.5,57.5,4,2,0,0.0,0.0,0,0.0,57.5,1,562500.0,61.78691577911377,58.859317779541016,2,4,1,2,4,0,3,-105.0,70.5,-47.5,5.0,578584,128.445516,nan,0.578584,nan,2,0,578320,4,0,0,2,264,128,32,136,34,66,2,0,0,2
286,-47.5,57.5,2,1,0,0.0,0.0,0,0.0,57.5,0,562500.0,61.955326080322266,61.955326080322266,1,2,0,1,2,0,1,-105.0,70.5,-47.5,5.0,289292,128.734808,nan,0.289292,nan,1,0,289160,2,0,0,1,132,64,16,68,17,33,1,0,0,1
287,-47.5,57.5,2,1,0,0.0,0.0,0,0.0,57.5,0,562500.0,59.00890350341797,59.00890350341797,1,2,0,1,2,0,1,-105.0,70.5,-47.5,5.0,289292,129.0241,nan,0.289292,nan,1,0,289160,2,0,0,1,132,64,16,68,17,33,1,0,0,1
288,-47.5,57.5,2,1,0,0.0,0.0,0,0.0,57.5,1,562500.0,60.577720642089844,60.57769775390625,1,2,1,1,2,0,2,-105.0,70.5,-47.5,5.0,289292,129.313392,nan,0.289292,nan,1,0,289160,2,0,0,1,132,64,16,68,17,33,1,0,0,1
289,-47.5,57.5,4,2,0,0.0,0.0,0,0.0,57.5,0,0.0,nan,nan,2,4,0,0,4,0,0,-105.0,70.5,-47.5,5.0,0,129.313392,nan,0.0,nan,0,0,0,0,0,0,0,0,0,0,0,0,0,0,0,0,0
290,-47.5,57.5,4,2,0,0.0,0.0,0,0.0,57.5,1,562500.0,43.50312228190213,23.89523605589514,2,4,1,2,4,0,3,-105.0,70.5,-47.5,5.0,578584,129.891976,nan,0.578584,nan,2,0,578320,4,0,0,2,264,128,32,136,34,66,2,0,0,2
291,-47.5,57.5,2,1,0,0.0,0.0,0,0.0,57.5,0,0.0,nan,nan,1,2,0,0,2,0,0,-105.0,70.5,-47.5,5.0,0,129.891976,nan,0.0,nan,0,0,0,0,0,0,0,0,0,0,0,0,0,0,0,0,0
292,-47.5,57.5,2,1,0,0.0,0.0,0,0.0,57.5,0,0.0,nan,nan,1,2,0,0,2,0,0,-105.0,70.5,-47.5,5.0,0,129.891976,nan,0.0,nan,0,0,0,0,0,0,0,0,0,0,0,0,0,0,0,0,0
293,-47.5,57.5,6,3,0,0.0,0.0,0,0.0,57.5,1,562500.0,47.238990934140446,39.161444578002246,3,6,1,3,6,0,4,-105.0,70.5,-47.5,5.0,867876,130.759852,nan,0.867876,nan,3,0,867480,6,0,0,3,396,192,48,204,51,99,3,0,0,3
294,-47.5,57.5,8,4,0,0.0,0.0,0,0.0,57.5,0,562500.0,43.67066612219266,40.16757803679897,4,8,0,2,8,0,2,-105.0,70.5,-47.5,5.0,578584,131.338436,nan,0.578584,nan,2,0,578320,4,0,0,2,264,128,32,136,34,66,2,0,0,2
295,-47.5,57.5,8,4,0,0.0,0.0,0,0.0,57.5,0,562500.0,61.250179290771484,61.250179290771484,4,8,0,1,8,0,1,-105.0,70.5,-47.5,5.0,289292,131.627728,nan,0.289292,nan,1,0,289160,2,0,0,1,132,64,16,68,17,33,1,0,0,1
296,-47.5,57.5,10,5,0,0.0,0.0,0,0.0,57.5,1,562500.0,61.079803466796875,59.91696548461914,5,10,1,2,10,0,3,-105.0,70.5,-47.5,5.0,578584,132.206312,nan,0.578584,nan,2,0,578320,4,0,0,2,264,128,32,136,34,66,2,0,0,2
297,-47.5,57.5,14,7,0,0.0,0.0,0,0.0,57.5,0,562500.0,60.97360038757324,59.588775634765625,7,14,0,2,14,0,2,-105.0,70.5,-47.5,5.0,578584,132.784896,nan,0.578584,nan,2,0,578320,4,0,0,2,264,128,32,136,34,66,2,0,0,2
298,-47.5,57.5,14,7,0,0.0,0.0,0,0.0,57.5,0,562500.0,72.27313995361328,72.27313995361328,7,14,0,1,14,0,1,-105.0,70.5,-47.5,5.0,289292,133.074188,nan,0.289292,nan,1,0,289160,2,0,0,1,132,64,16,68,17,33,1,0,0,1
299,-47.5,57.5,12,6,0,0.0,0.0,0,0.0,57.5,1,562500.0,61.251291275024414,57.70100402832031,6,12,1,2,12,0,3,-105.0,70.5,-47.5,5.0,578584,133.652772,nan,0.578584,nan,2,0,578320,4,0,0,2,264,128,32,136,34,66,2,0,0,2
300,-47.5,57.5,10,5,0,0.0,0.0,0,0.0,57.5,0,562500.0,58.771881103515625,57.98297119140625,5,10,0,2,10,0,2,-105.0,70.5,-47.5,5.0,578584,134.231356,nan,0.578584,nan,2,0,578320,4,0,0,2,264,128,32,136,34,66,2,0,0,2
301,-47.5,57.5,10,5,0,0.0,0.0,0,0.0,57.5,0,0.0,nan,nan,5,10,0,0,10,0,0,-105.0,70.5,-47.5,5.0,0,134.231356,nan,0.0,nan,0,0,0,0,0,0,0,0,0,0,0,0,0,0,0,0,0
302,-47.5,57.5,12,6,0,0.0,0.0,0,0.0,57.5,0,562500.0,60.2106819152832,60.2106819152832,6,12,0,1,12,0,1,-105.0,70.5,-47.5,5.0,289292,134.520648,nan,0.289292,nan,1,0,289160,2,0,0,1,132,64,16,68,17,33,1,0,0,1
303,-47.5,57.5,16,8,0,0.0,0.0,0,0.0,57.5,2,562500.0,60.08949851989746,59.96831512451172,8,16,2,2,16,0,4,-105.0,70.5,-47.5,5.0,578584,135.099232,nan,0.578584,nan,2,0,578320,4,0,0,2,264,128,32,136,34,66,2,0,0,2
304,-47.5,57.5,14,7,0,0.0,0.0,0,0.0,57.5,0,562500.0,63.11405563354492,63.11405563354492,7,14,0,1,14,0,1,-105.0,70.5,-47.5,5.0,289292,135.388524,nan,0.289292,nan,1,0,289160,2,0,0,1,132,64,16,68,17,33,1,0,0,1
305,-47.5,57.5,12,6,0,0.0,0.0,0,0.0,57.5,0,562500.0,66.62100982666016,66.62100982666016,6,12,0,1,12,0,1,-105.0,70.5,-47.5,5.0,289292,135.677816,nan,0.289292,nan,1,0,289160,2,0,0,1,132,64,16,68,17,33,1,0,0,1
306,-47.5,57.5,14,7,0,0.0,0.0,0,0.0,57.5,0,562500.0,59.227699279785156,59.227699279785156,7,14,0,1,14,0,1,-105.0,70.5,-47.5,5.0,289292,135.967108,nan,0.289292,nan,1,0,289160,2,0,0,1,132,64,16,68,17,33,1,0,0,1
307,-47.5,57.5,14,7,0,0.0,0.0,0,0.0,57.5,0,562500.0,59.888532638549805,59.71061325073242,7,14,0,2,14,0,2,-105.0,70.5,-47.5,5.0,578584,136.545692,nan,0.578584,nan,2,0,578320,4,0,0,2,264,128,32,136,34,66,2,0,0,2
308,-47.5,57.5,16,8,0,0.0,0.0,0,0.0,57.5,0,562500.0,60.2106819152832,60.2106819152832,8,16,0,1,16,0,1,-105.0,70.5,-47.5,5.0,289292,136.834984,nan,0.289292,nan,1,0,289160,2,0,0,1,132,64,16,68,17,33,1,0,0,1
309,-47.5,57.5,18,9,0,0.0,0.0,0,0.0,57.5,0,562500.0,66.8036994934082,66.8036994934082,9,18,0,1,18,0,1,-105.0,70.5,-47.5,5.0,289292,137.124276,nan,0.289292,nan,1,0,289160,2,0,0,1,132,64,16,68,17,33,1,0,0,1
310,-47.5,57.5,18,9,0,0.0,0.0,0,0.0,57.5,1,562500.0,62.67172813415527,57.82046127319336,9,18,1,2,18,0,3,-105.0,70.5,-47.5,5.0,578584,137.70286,nan,0.578584,nan,2,0,578320,4,0,0,2,264,128,32,136,34,66,2,0,0,2
311,-47.5,57.5,18,9,0,0.0,0.0,0,0.0,57.5,1,562500.0,63.86684036254883,60.21068572998047,9,18,1,2,18,0,3,-105.0,70.5,-47.5,5.0,578584,138.281444,nan,0.578584,nan,2,0,578320,4,0,0,2,264,128,32,136,34,66,2,0,0,2
312,-47.5,57.5,18,9,0,0.0,0.0,0,0.0,57.5,0,562500.0,60.210683822631836,60.2106819152832,9,18,0,2,18,0,2,-105.0,70.5,-47.5,5.0,578584,138.860028,nan,0.578584,nan,2,0,578320,4,0,0,2,264,128,32,136,34,66,2,0,0,2
313,-47.5,57.5,18,9,0,0.0,0.0,0,0.0,57.5,0,562500.0,63.86907768249512,60.2106819152832,9,18,0,2,18,0,2,-105.0,70.5,-47.5,5.0,578584,139.438612,nan,0.578584,nan,2,0,578320,4,0,0,2,264,128,32,136,34,66,2,0,0,2
314,-47.5,57.5,18,9,0,0.0,0.0,0,0.0,57.5,0,0.0,nan,nan,9,18,0,0,18,0,0,-105.0,70.5,-47.5,5.0,0,139.438612,nan,0.0,nan,0,0,0,0,0,0,0,0,0,0,0,0,0,0,0,0,0
315,-47.5,57.5,18,9,0,0.0,0.0,0,0.0,57.5,0,562500.0,60.2106819152832,60.2106819152832,9,18,0,1,18,0,1,-105.0,70.5,-47.5,5.0,289292,139.727904,nan,0.289292,nan,1,0,289160,2,0,0,1,132,64,16,68,17,33,1,0,0,1
316,-47.5,57.5,20,10,0,0.0,0.0,0,0.0,57.5,0,562500.0,57.64567184448242,57.64567184448242,10,20,0,1,20,0,1,-105.0,70.5,-47.5,5.0,289292,140.017196,nan,0.289292,nan,1,0,289160,2,0,0,1,132,64,16,68,17,33,1,0,0,1
317,-47.5,57.5,20,10,0,0.0,0.0,0,0.0,57.5,1,562500.0,65.6505126953125,65.5765380859375,10,20,1,2,20,0,3,-105.0,70.5,-47.5,5.0,578584,140.59578,nan,0.578584,nan,2,0,578320,4,0,0,2,264,128,32,136,34,66,2,0,0,2
318,-47.5,57.5,22,11,0,0.0,0.0,0,0.0,57.5,2,562500.0,66.4866714477539,65.10820770263672,11,22,2,3,22,0,5,-105.0,70.5,-47.5,5.0,867876,141.463656,nan,0.867876,nan,3,0,867480,6,0,0,3,396,192,48,204,51,99,3,0,0,3
319,-47.5,57.5,22,11,0,0.0,0.0,0,0.0,57.5,0,562500.0,59.1177978515625,59.1177978515625,11,22,0,1,22,0,1,-105.0,70.5,-47.5,5.0,289292,141.752948,nan,0.289292,nan,1,0,289160,2,0,0,1,132,64,16,68,17,33,1,0,0,1
320,-47.5,57.5,26,13,0,0.0,0.0,0,0.0,57.5,0,562500.0,62.47433090209961,61.092227935791016,13,26,0,2,26,0,2,-105.0,70.5,-47.5,5.0,578584,142.331532,nan,0.578584,nan,2,0,578320,4,0,0,2,264,128,32,136,34,66,2,0,0,2
321,-47.5,57.5,20,10,0,0.0,0.0,0,0.0,57.5,0,0.0,nan,nan,10,20,0,0,20,0,0,-105.0,70.5,-47.5,5.0,0,142.331532,nan,0.0,nan,0,0,0,0,0,0,0,0,0,0,0,0,0,0,0,0,0
322,-47.5,57.5,16,8,0,0.0,0.0,0,0.0,57.5,0,562500.0,62.505271911621094,62.505271911621094,8,16,0,1,16,0,1,-105.0,70.5,-47.5,5.0,289292,142.620824,nan,0.289292,nan,1,0,289160,2,0,0,1,132,64,16,68,17,33,1,0,0,1
323,-47.5,57.5,12,6,0,0.0,0.0,0,0.0,57.5,0,562500.0,69.33911514282227,66.49259567260742,6,12,0,2,12,0,2,-105.0,70.5,-47.5,5.0,578584,143.199408,nan,0.578584,nan,2,0,578320,4,0,0,2,264,128,32,136,34,66,2,0,0,2
324,-47.5,57.5,12,6,0,0.0,0.0,0,0.0,57.5,0,562500.0,58.6304931640625,58.6304931640625,6,12,0,1,12,0,1,-105.0,70.5,-47.5,5.0,289292,143.4887,nan,0.289292,nan,1,0,289160,2,0,0,1,132,64,16,68,17,33,1,0,0,1
325,-47.5,57.5,10,5,0,0.0,0.0,0,0.0,57.5,0,562500.0,58.390541076660156,58.39053726196289,5,10,0,1,10,0,1,-105.0,70.5,-47.5,5.0,289292,143.777992,nan,0.289292,nan,1,0,289160,2,0,0,1,132,64,16,68,17,33,1,0,0,1
326,-47.5,57.5,8,4,0,0.0,0.0,0,0.0,57.5,1,562500.0,61.013017654418945,61.01301574707031,4,8,1,1,8,0,2,-105.0,70.5,-47.5,5.0,289292,144.067284,nan,0.289292,nan,1,0,289160,2,0,0,1,132,64,16,68,17,33,1,0,0,1
327,-47.5,57.5,8,4,0,0.0,0.0,0,0.0,57.5,1,562500.0,40.45261614299662,26.12887510655032,4,8,1,3,8,0,4,-105.0,70.5,-47.5,5.0,867876,144.93516,nan,0.867876,nan,3,0,867480,6,0,0,3,396,192,48,204,51,99,3,0,0,3
328,-47.5,57.5,4,2,0,0.0,0.0,0,0.0,57.5,0,562500.0,57.60533905029297,57.6053352355957,2,4,0,1,4,0,1,-105.0,70.5,-47.5,5.0,289292,145.224452,nan,0.289292,nan,1,0,289160,2,0,0,1,132,64,16,68,17,33,1,0,0,1
329,-47.5,57.5,2,1,0,0.0,0.0,0,0.0,57.5,0,0.0,nan,nan,1,2,0,0,2,0,0,-105.0,70.5,-47.5,5.0,0,145.224452,nan,0.0,nan,0,0,0,0,0,0,0,0,0,0,0,0,0,0,0,0,0
330,-47.5,57.5,6,3,0,0.0,0.0,0,0.0,57.5,2,562500.0,41.63038680411605,30.892351220931538,3,6,2,3,6,0,5,-105.0,70.5,-47.5,5.0,867876,146.092328,nan,0.867876,nan,3,0,867480,6,0,0,3,396,192,48,204,51,99,3,0,0,3
331,-47.5,57.5,4,2,0,0.0,0.0,0,0.0,57.5,0,562500.0,63.07406425476074,60.89164733886719,2,4,0,2,4,0,2,-105.0,70.5,-47.5,5.0,578584,146.670912,nan,0.578584,nan,2,0,578320,4,0,0,2,264,128,32,136,34,66,2,0,0,2
332,-47.5,57.5,6,3,0,0.0,0.0,0,0.0,57.5,0,562500.0,26.606035290114946,21.65716922500906,3,6,0,2,6,0,2,-105.0,70.5,-47.5,5.0,578584,147.249496,nan,0.578584,nan,2,0,578320,4,0,0,2,264,128,32,136,34,66,2,0,0,2
333,-47.5,57.5,6,3,0,0.0,0.0,0,0.0,57.5,0,562500.0,59.783267974853516,59.783267974853516,3,6,0,1,6,0,1,-105.0,70.5,-47.5,5.0,289292,147.538788,nan,0.289292,nan,1,0,289160,2,0,0,1,132,64,16,68,17,33,1,0,0,1
334,-47.5,57.5,10,5,0,0.0,0.0,0,0.0,57.5,0,562500.0,60.0780143737793,60.0780143737793,5,10,0,1,10,0,1,-105.0,70.5,-47.5,5.0,289292,147.82808,nan,0.289292,nan,1,0,289160,2,0,0,1,132,64,16,68,17,33,1,0,0,1
335,-47.5,57.5,12,6,0,0.0,0.0,0,0.0,57.5,1,562500.0,64.19945907592773,64.19945907592773,6,12,1,1,12,0,2,-105.0,70.5,-47.5,5.0,289292,148.117372,nan,0.289292,nan,1,0,289160,2,0,0,1,132,64,16,68,17,33,1,0,0,1
336,-47.5,57.5,16,8,0,0.0,0.0,0,0.0,57.5,2,562500.0,63.71069844563802,60.21017074584961,8,16,2,3,16,0,5,-105.0,70.5,-47.5,5.0,867876,148.985248,nan,0.867876,nan,3,0,867480,6,0,0,3,396,192,48,204,51,99,3,0,0,3
337,-47.5,57.5,16,8,0,0.0,0.0,0,0.0,57.5,1,562500.0,63.78329658508301,60.209659576416016,8,16,1,2,16,0,3,-105.0,70.5,-47.5,5.0,578584,149.563832,nan,0.578584,nan,2,0,578320,4,0,0,2,264,128,32,136,34,66,2,0,0,2
338,-47.5,57.5,16,8,0,0.0,0.0,0,0.0,57.5,0,562500.0,65.94995307922363,64.4267578125,8,16,0,2,16,0,2,-105.0,70.5,-47.5,5.0,578584,150.142416,nan,0.578584,nan,2,0,578320,4,0,0,2,264,128,32,136,34,66,2,0,0,2
339,-47.5,57.5,16,8,0,0.0,0.0,0,0.0,57.5,0,562500.0,64.23928260803223,60.2106819152832,8,16,0,2,16,0,2,-105.0,70.5,-47.5,5.0,578584,150.721,nan,0.578584,nan,2,0,578320,4,0,0,2,264,128,32,136,34,66,2,0,0,2
340,-47.5,57.5,16,8,0,0.0,0.0,0,0.0,57.5,0,0.0,nan,nan,8,16,0,0,16,0,0,-105.0,70.5,-47.5,5.0,0,150.721,nan,0.0,nan,0,0,0,0,0,0,0,0,0,0,0,0,0,0,0,0,0
341,-47.5,57.5,16,8,0,0.0,0.0,0,0.0,57.5,1,562500.0,59.23962593078613,59.2396240234375,8,16,1,1,16,0,2,-105.0,70.5,-47.5,5.0,289292,151.010292,nan,0.289292,nan,1,0,289160,2,0,0,1,132,64,16,68,17,33,1,0,0,1
342,-47.5,57.5,14,7,0,0.0,0.0,0,0.0,57.5,0,562500.0,28.943581999518912,18.23811798839801,7,14,0,4,14,0,4,-105.0,70.5,-47.5,5.0,1157168,152.16746,nan,1.157168,nan,4,0,1156640,8,0,0,4,528,256,64,272,68,132,4,0,0,4
343,-47.5,57.5,12,6,0,0.0,0.0,0,0.0,57.5,0,562500.0,67.63127517700195,67.63127517700195,6,12,0,1,12,0,1,-105.0,70.5,-47.5,5.0,289292,152.456752,nan,0.289292,nan,1,0,289160,2,0,0,1,132,64,16,68,17,33,1,0,0,1
344,-47.5,57.5,14,7,0,0.0,0.0,0,0.0,57.5,0,562500.0,18.67532480178762,18.23811798839801,7,14,0,2,14,0,2,-105.0,70.5,-47.5,5.0,578584,153.035336,nan,0.578584,nan,2,0,578320,4,0,0,2,264,128,32,136,34,66,2,0,0,2
345,-47.5,57.5,20,10,0,0.0,0.0,0,0.0,57.5,1,562500.0,33.172488792846096,18.99273662900057,10,20,1,3,20,0,4,-105.0,70.5,-47.5,5.0,867876,153.903212,nan,0.867876,nan,3,0,867480,6,0,0,3,396,192,48,204,51,99,3,0,0,3
346,-47.5,57.5,20,10,0,0.0,0.0,0,0.0,57.5,0,562500.0,63.852684020996094,60.2015380859375,10,20,0,2,20,0,2,-105.0,70.5,-47.5,5.0,578584,154.481796,nan,0.578584,nan,2,0,578320,4,0,0,2,264,128,32,136,34,66,2,0,0,2
347,-47.5,57.5,20,10,0,0.0,0.0,0,0.0,57.5,0,562500.0,60.158608754475914,60.05446243286133,10,20,0,3,20,0,3,-105.0,70.5,-47.5,5.0,867876,155.349672,nan,0.867876,nan,3,0,867480,6,0,0,3,396,192,48,204,51,99,3,0,0,3
348,-47.5,57.5,20,10,0,0.0,0.0,0,0.0,57.5,1,562500.0,18.67532480178762,18.23811798839801,10,20,1,2,20,0,3,-105.0,70.5,-47.5,5.0,578584,155.928256,nan,0.578584,nan,2,0,578320,4,0,0,2,264,128,32,136,34,66,2,0,0,2
349,-47.5,57.5,18,9,0,0.0,0.0,0,0.0,57.5,0,562500.0,60.2106819152832,60.2106819152832,9,18,0,1,18,0,1,-105.0,70.5,-47.5,5.0,289292,156.217548,nan,0.289292,nan,1,0,289160,2,0,0,1,132,64,16,68,17,33,1,0,0,1
350,-47.5,57.5,16,8,0,0.0,0.0,0,0.0,57.5,1,562500.0,43.405855758409984,39.27853525650856,8,16,1,2,16,0,3,-105.0,70.5,-47.5,5.0,578584,156.796132,nan,0.578584,nan,2,0,578320,4,0,0,2,264,128,32,136,34,66,2,0,0,2
351,-47.5,57.5,16,8,0,0.0,0.0,0,0.0,57.5,0,562500.0,33.11240270160299,18.52036771935426,8,16,0,3,16,0,3,-105.0,70.5,-47.5,5.0,867876,157.664008,nan,0.867876,nan,3,0,867480,6,0,0,3,396,192,48,204,51,99,3,0,0,3
352,-47.5,57.5,16,8,0,0.0,0.0,0,0.0,57.5,0,562500.0,67.50382232666016,67.50382232666016,8,16,0,1,16,0,1,-105.0,70.5,-47.5,5.0,289292,157.9533,nan,0.289292,nan,1,0,289160,2,0,0,1,132,64,16,68,17,33,1,0,0,1
353,-47.5,57.5,12,6,0,0.0,0.0,0,0.0,57.5,1,562500.0,20.05951079935498,19.479484775725503,6,12,1,2,12,0,3,-105.0,70.5,-47.5,5.0,578584,158.531884,nan,0.578584,nan,2,0,578320,4,0,0,2,264,128,32,136,34,66,2,0,0,2
354,-47.5,57.5,12,6,0,0.0,0.0,0,0.0,57.5,0,562500.0,67.56755256652832,67.50382995605469,6,12,0,2,12,0,2,-105.0,70.5,-47.5,5.0,578584,159.110468,nan,0.578584,nan,2,0,578320,4,0,0,2,264,128,32,136,34,66,2,0,0,2
355,-47.5,57.5,12,6,0,0.0,0.0,0,0.0,57.5,0,562500.0,60.2106819152832,60.2106819152832,6,12,0,1,12,0,1,-105.0,70.5,-47.5,5.0,289292,159.39976,nan,0.289292,nan,1,0,289160,2,0,0,1,132,64,16,68,17,33,1,0,0,1
356,-47.5,57.5,14,7,0,0.0,0.0,0,0.0,57.5,1,562500.0,35.57072030021376,18.995063594332603,7,14,1,3,14,0,4,-105.0,70.5,-47.5,5.0,867876,160.267636,nan,0.867876,nan,3,0,867480,6,0,0,3,396,192,48,204,51,99,3,0,0,3
357,-47.5,57.5,14,7,0,0.0,0.0,0,0.0,57.5,1,562500.0,33.244399011361686,19.688885386283573,7,14,1,3,14,0,4,-105.0,70.5,-47.5,5.0,867876,161.135512,nan,0.867876,nan,3,0,867480,6,0,0,3,396,192,48,204,51,99,3,0,0,3
358,-47.5,57.5,14,7,0,0.0,0.0,0,0.0,57.5,0,562500.0,60.18571853637695,60.18571853637695,7,14,0,1,14,0,1,-105.0,70.5,-47.5,5.0,289292,161.424804,nan,0.289292,nan,1,0,289160,2,0,0,1,132,64,16,68,17,33,1,0,0,1
359,-47.5,57.5,14,7,0,0.0,0.0,0,0.0,57.5,0,0.0,nan,nan,7,14,0,0,14,0,0,-105.0,70.5,-47.5,5.0,0,161.424804,nan,0.0,nan,0,0,0,0,0,0,0,0,0,0,0,0,0,0,0,0,0
360,-47.5,57.5,14,7,0,0.0,0.0,0,0.0,57.5,0,562500.0,63.80694389343262,60.2106819152832,7,14,0,2,14,0,2,-105.0,70.5,-47.5,5.0,578584,162.003388,nan,0.578584,nan,2,0,578320,4,0,0,2,264,128,32,136,34,66,2,0,0,2
361,-47.5,57.5,22,11,0,0.0,0.0,0,0.0,57.5,0,562500.0,61.65080261230469,61.63669967651367,11,22,0,2,22,0,2,-105.0,70.5,-47.5,5.0,578584,162.581972,nan,0.578584,nan,2,0,578320,4,0,0,2,264,128,32,136,34,66,2,0,0,2
362,-47.5,57.5,22,11,0,0.0,0.0,0,0.0,57.5,1,562500.0,59.15888786315918,59.097957611083984,11,22,1,2,22,0,3,-105.0,70.5,-47.5,5.0,578584,163.160556,nan,0.578584,nan,2,0,578320,4,0,0,2,264,128,32,136,34,66,2,0,0,2
363,-47.5,57.5,22,11,0,0.0,0.0,0,0.0,57.5,2,562500.0,68.47770118713379,64.16666793823242,11,22,2,2,22,0,4,-105.0,70.5,-47.5,5.0,578584,163.73914,nan,0.578584,nan,2,0,578320,4,0,0,2,264,128,32,136,34,66,2,0,0,2
364,-47.5,57.5,24,12,0,0.0,0.0,0,0.0,57.5,1,562500.0,64.08899116516113,60.983943939208984,12,24,1,2,24,0,3,-105.0,70.5,-47.5,5.0,578584,164.317724,nan,0.578584,nan,2,0,578320,4,0,0,2,264,128,32,136,34,66,2,0,0,2
365,-47.5,57.5,22,11,0,0.0,0.0,0,0.0,57.5,1,562500.0,46.51655403343972,38.03869296781786,11,22,1,3,22,0,4,-105.0,70.5,-47.5,5.0,867876,165.1856,nan,0.867876,nan,3,0,867480,6,0,0,3,396,192,48,204,51,99,3,0,0,3
366,-47.5,57.5,14,7,0,0.0,0.0,0,0.0,57.5,0,562500.0,67.43357849121094,67.43357849121094,7,14,0,1,14,0,1,-105.0,70.5,-47.5,5.0,289292,165.474892,nan,0.289292,nan,1,0,289160,2,0,0,1,132,64,16,68,17,33,1,0,0,1
367,-47.5,57.5,12,6,0,0.0,0.0,0,0.0,57.5,0,562500.0,62.046072006225586,60.91486358642578,6,12,0,2,12,0,2,-105.0,70.5,-47.5,5.0,578584,166.053476,nan,0.578584,nan,2,0,578320,4,0,0,2,264,128,32,136,34,66,2,0,0,2
368,-47.5,57.5,14,7,0,0.0,0.0,0,0.0,57.5,0,562500.0,40.897928363871834,24.63995605084071,7,14,0,3,14,0,3,-105.0,70.5,-47.5,5.0,867876,166.921352,nan,0.867876,nan,3,0,867480,6,0,0,3,396,192,48,204,51,99,3,0,0,3
369,-47.5,57.5,12,6,0,0.0,0.0,0,0.0,57.5,0,0.0,nan,nan,6,12,0,0,12,0,0,-105.0,70.5,-47.5,5.0,0,166.921352,nan,0.0,nan,0,0,0,0,0,0,0,0,0,0,0,0,0,0,0,0,0
370,-47.5,57.5,10,5,0,0.0,0.0,0,0.0,57.5,0,562500.0,27.719802102089666,23.273780705995787,5,10,0,2,10,0,2,-105.0,70.5,-47.5,5.0,578584,167.499936,nan,0.578584,nan,2,0,578320,4,0,0,2,264,128,32,136,34,66,2,0,0,2
371,-47.5,57.5,10,5,0,0.0,0.0,0,0.0,57.5,0,0.0,nan,nan,5,10,0,0,10,0,0,-105.0,70.5,-47.5,5.0,0,167.499936,nan,0.0,nan,0,0,0,0,0,0,0,0,0,0,0,0,0,0,0,0,0
372,-47.5,57.5,10,5,0,0.0,0.0,0,0.0,57.5,0,562500.0,60.09303283691406,60.0255241394043,5,10,0,2,10,0,2,-105.0,70.5,-47.5,5.0,578584,168.07852,nan,0.578584,nan,2,0,578320,4,0,0,2,264,128,32,136,34,66,2,0,0,2
373,-47.5,57.5,10,5,0,0.0,0.0,0,0.0,57.5,1,562500.0,67.35811233520508,67.35811233520508,5,10,1,1,10,0,2,-105.0,70.5,-47.5,5.0,289292,168.367812,nan,0.289292,nan,1,0,289160,2,0,0,1,132,64,16,68,17,33,1,0,0,1
374,-47.5,57.5,12,6,0,0.0,0.0,0,0.0,57.5,0,562500.0,35.06513973722087,25.33969883688421,6,12,0,3,12,0,3,-105.0,70.5,-47.5,5.0,867876,169.235688,nan,0.867876,nan,3,0,867480,6,0,0,3,396,192,48,204,51,99,3,0,0,3
375,-47.5,57.5,10,5,0,0.0,0.0,0,0.0,57.5,0,562500.0,66.93540954589844,66.93540954589844,5,10,0,1,10,0,1,-105.0,70.5,-47.5,5.0,289292,169.52498,nan,0.289292,nan,1,0,289160,2,0,0,1,132,64,16,68,17,33,1,0,0,1
376,-47.5,57.5,10,5,0,0.0,0.0,0,0.0,57.5,0,562500.0,63.75967025756836,60.20608901977539,5,10,0,2,10,0,2,-105.0,70.5,-47.5,5.0,578584,170.103564,nan,0.578584,nan,2,0,578320,4,0,0,2,264,128,32,136,34,66,2,0,0,2
377,-47.5,57.5,10,5,0,0.0,0.0,0,0.0,57.5,0,562500.0,45.60674569002191,40.23946793753113,5,10,0,2,10,0,2,-105.0,70.5,-47.5,5.0,578584,170.682148,nan,0.578584,nan,2,0,578320,4,0,0,2,264,128,32,136,34,66,2,0,0,2
378,-47.5,57.5,14,7,0,0.0,0.0,0,0.0,57.5,0,562500.0,62.66865348815918,57.93410110473633,7,14,0,2,14,0,2,-105.0,70.5,-47.5,5.0,578584,171.260732,nan,0.578584,nan,2,0,578320,4,0,0,2,264,128,32,136,34,66,2,0,0,2
379,-47.5,57.5,14,7,0,0.0,0.0,0,0.0,57.5,0,562500.0,63.862619400024414,60.2106819152832,7,14,0,2,14,0,2,-105.0,70.5,-47.5,5.0,578584,171.839316,nan,0.578584,nan,2,0,578320,4,0,0,2,264,128,32,136,34,66,2,0,0,2
380,-47.5,57.5,16,8,0,0.0,0.0,0,0.0,57.5,1,562500.0,32.64759896445978,18.59513099567915,8,16,1,3,16,0,4,-105.0,70.5,-47.5,5.0,867876,172.707192,nan,0.867876,nan,3,0,867480,6,0,0,3,396,192,48,204,51,99,3,0,0,3
381,-47.5,57.5,16,8,0,0.0,0.0,0,0.0,57.5,0,562500.0,67.40320587158203,67.40320587158203,8,16,0,1,16,0,1,-105.0,70.5,-47.5,5.0,289292,172.996484,nan,0.289292,nan,1,0,289160,2,0,0,1,132,64,16,68,17,33,1,0,0,1
382,-47.5,57.5,16,8,0,0.0,0.0,0,0.0,57.5,0,562500.0,62.77605056762695,62.77605056762695,8,16,0,1,16,0,1,-105.0,70.5,-47.5,5.0,289292,173.285776,nan,0.289292,nan,1,0,289160,2,0,0,1,132,64,16,68,17,33,1,0,0,1
383,-47.5,57.5,16,8,0,0.0,0.0,0,0.0,57.5,0,562500.0,67.40320587158203,67.40320587158203,8,16,0,1,16,0,1,-105.0,70.5,-47.5,5.0,289292,173.575068,nan,0.289292,nan,1,0,289160,2,0,0,1,132,64,16,68,17,33,1,0,0,1
384,-47.5,57.5,18,9,0,0.0,0.0,0,0.0,57.5,0,562500.0,60.03555870056152,58.62881088256836,9,18,0,2,18,0,2,-105.0,70.5,-47.5,5.0,578584,174.153652,nan,0.578584,nan,2,0,578320,4,0,0,2,264,128,32,136,34,66,2,0,0,2
385,-47.5,57.5,20,10,0,0.0,0.0,0,0.0,57.5,0,562500.0,67.52299499511719,67.52299499511719,10,20,0,1,20,0,1,-105.0,70.5,-47.5,5.0,289292,174.442944,nan,0.289292,nan,1,0,289160,2,0,0,1,132,64,16,68,17,33,1,0,0,1
386,-47.5,57.5,18,9,0,0.0,0.0,0,0.0,57.5,0,562500.0,56.46127057059109,43.62324515349772,9,18,0,3,18,0,3,-105.0,70.5,-47.5,5.0,867876,175.31082,nan,0.867876,nan,3,0,867480,6,0,0,3,396,192,48,204,51,99,3,0,0,3
387,-47.5,57.5,16,8,0,0.0,0.0,0,0.0,57.5,1,562500.0,60.10198158013448,46.138532521535765,8,16,1,4,16,0,5,-105.0,70.5,-47.5,5.0,1157168,176.467988,nan,1.157168,nan,4,0,1156640,8,0,0,4,528,256,64,272,68,132,4,0,0,4
388,-47.5,57.5,20,10,0,0.0,0.0,0,0.0,57.5,0,562500.0,47.02632108480897,43.16746230065333,10,20,0,2,20,0,2,-105.0,70.5,-47.5,5.0,578584,177.046572,nan,0.578584,nan,2,0,578320,4,0,0,2,264,128,32,136,34,66,2,0,0,2
389,-47.5,57.5,20,10,0,0.0,0.0,0,0.0,57.5,0,0.0,nan,nan,10,20,0,0,20,0,0,-105.0,70.5,-47.5,5.0,0,177.046572,nan,0.0,nan,0,0,0,0,0,0,0,0,0,0,0,0,0,0,0,0,0
390,-47.5,57.5,20,10,0,0.0,0.0,0,0.0,57.5,2,562500.0,35.21824372513806,18.140897779041534,10,20,2,3,20,0,5,-105.0,70.5,-47.5,5.0,867876,177.914448,nan,0.867876,nan,3,0,867480,6,0,0,3,396,192,48,204,51,99,3,0,0,3
391,-47.5,57.5,20,10,0,0.0,0.0,0,0.0,57.5,1,562500.0,62.96009635925293,58.51698684692383,10,20,1,2,20,0,3,-105.0,70.5,-47.5,5.0,578584,178.493032,nan,0.578584,nan,2,0,578320,4,0,0,2,264,128,32,136,34,66,2,0,0,2
392,-47.5,57.5,20,10,0,0.0,0.0,0,0.0,57.5,1,562500.0,60.44503486601838,46.149516990634105,10,20,1,3,20,0,4,-105.0,70.5,-47.5,5.0,867876,179.360908,nan,0.867876,nan,3,0,867480,6,0,0,3,396,192,48,204,51,99,3,0,0,3
393,-47.5,57.5,20,10,0,0.0,0.0,0,0.0,57.5,0,562500.0,67.79778671264648,67.79778671264648,10,20,0,1,20,0,1,-105.0,70.5,-47.5,5.0,289292,179.6502,nan,0.289292,nan,1,0,289160,2,0,0,1,132,64,16,68,17,33,1,0,0,1
394,-47.5,57.5,20,10,0,0.0,0.0,0,0.0,57.5,0,562500.0,48.47023566360067,34.418088177647995,10,20,0,3,20,0,3,-105.0,70.5,-47.5,5.0,867876,180.518076,nan,0.867876,nan,3,0,867480,6,0,0,3,396,192,48,204,51,99,3,0,0,3
395,-47.5,57.5,18,9,0,0.0,0.0,0,0.0,57.5,0,0.0,nan,nan,9,18,0,0,18,0,0,-105.0,70.5,-47.5,5.0,0,180.518076,nan,0.0,nan,0,0,0,0,0,0,0,0,0,0,0,0,0,0,0,0,0
396,-47.5,57.5,18,9,0,0.0,0.0,0,0.0,57.5,0,562500.0,42.04247754126522,18.15213390196822,9,18,0,3,18,0,3,-105.0,70.5,-47.5,5.0,867876,181.385952,nan,0.867876,nan,3,0,867480,6,0,0,3,396,192,48,204,51,99,3,0,0,3
397,-47.5,57.5,16,8,0,0.0,0.0,0,0.0,57.5,1,562500.0,67.52299499511719,67.52299499511719,8,16,1,1,16,0,2,-105.0,70.5,-47.5,5.0,289292,181.675244,nan,0.289292,nan,1,0,289160,2,0,0,1,132,64,16,68,17,33,1,0,0,1
398,-47.5,57.5,16,8,0,0.0,0.0,0,0.0,57.5,1,562500.0,49.91034237030698,40.24001686988392,8,16,1,3,16,0,4,-105.0,70.5,-47.5,5.0,867876,182.54312,nan,0.867876,nan,3,0,867480,6,0,0,3,396,192,48,204,51,99,3,0,0,3
399,-47.5,57.5,16,8,0,0.0,0.0,0,0.0,57.5,0,562500.0,58.41442797651134,46.1385476662858,8,16,0,3,16,0,3,-105.0,70.5,-47.5,5.0,867876,183.410996,nan,0.867876,nan,3,0,867480,6,0,0,3,396,192,48,204,51,99,3,0,0,3
400,-47.5,57.5,16,8,0,0.0,0.0,0,0.0,57.5,0,562500.0,61.44229507446289,61.44229507446289,8,16,0,1,16,0,1,-105.0,70.5,-47.5,5.0,289292,183.700288,nan,0.289292,nan,1,0,289160,2,0,0,1,132,64,16,68,17,33,1,0,0,1
401,-47.5,57.5,16,8,0,0.0,0.0,0,0.0,57.5,0,562500.0,67.5613899230957,67.5613899230957,8,16,0,1,16,0,1,-105.0,70.5,-47.5,5.0,289292,183.98958,nan,0.289292,nan,1,0,289160,2,0,0,1,132,64,16,68,17,33,1,0,0,1
402,-47.5,57.5,16,8,0,0.0,0.0,0,0.0,57.5,0,562500.0,32.08303394167333,18.59513099567915,8,16,0,3,16,0,3,-105.0,70.5,-47.5,5.0,867876,184.857456,nan,0.867876,nan,3,0,867480,6,0,0,3,396,192,48,204,51,99,3,0,0,3
403,-47.5,57.5,16,8,0,0.0,0.0,0,0.0,57.5,0,562500.0,63.80694389343262,60.2106819152832,8,16,0,2,16,0,2,-105.0,70.5,-47.5,5.0,578584,185.43604,nan,0.578584,nan,2,0,578320,4,0,0,2,264,128,32,136,34,66,2,0,0,2
404,-47.5,57.5,16,8,0,0.0,0.0,0,0.0,57.5,1,562500.0,57.36052378002305,46.138532521535765,8,16,1,3,16,0,4,-105.0,70.5,-47.5,5.0,867876,186.303916,nan,0.867876,nan,3,0,867480,6,0,0,3,396,192,48,204,51,99,3,0,0,3
405,-47.5,57.5,16,8,0,0.0,0.0,0,0.0,57.5,0,562500.0,60.2106819152832,60.2106819152832,8,16,0,1,16,0,1,-105.0,70.5,-47.5,5.0,289292,186.593208,nan,0.289292,nan,1,0,289160,2,0,0,1,132,64,16,68,17,33,1,0,0,1
406,-47.5,57.5,20,10,0,0.0,0.0,0,0.0,57.5,0,562500.0,67.52299499511719,67.52299499511719,10,20,0,1,20,0,1,-105.0,70.5,-47.5,5.0,289292,186.8825,nan,0.289292,nan,1,0,289160,2,0,0,1,132,64,16,68,17,33,1,0,0,1
407,-47.5,57.5,20,10,0,0.0,0.0,0,0.0,57.5,0,562500.0,44.38163959553954,39.145488055027236,10,20,0,2,20,0,2,-105.0,70.5,-47.5,5.0,578584,187.461084,nan,0.578584,nan,2,0,578320,4,0,0,2,264,128,32,136,34,66,2,0,0,2
408,-47.5,57.5,18,9,0,0.0,0.0,0,0.0,57.5,0,562500.0,60.922943115234375,58.13610076904297,9,18,0,2,18,0,2,-105.0,70.5,-47.5,5.0,578584,188.039668,nan,0.578584,nan,2,0,578320,4,0,0,2,264,128,32,136,34,66,2,0,0,2
409,-47.5,57.5,20,10,0,0.0,0.0,0,0.0,57.5,0,562500.0,60.019378662109375,60.019378662109375,10,20,0,1,20,0,1,-105.0,70.5,-47.5,5.0,289292,188.32896,nan,0.289292,nan,1,0,289160,2,0,0,1,132,64,16,68,17,33,1,0,0,1
410,-47.5,57.5,20,10,0,0.0,0.0,0,0.0,57.5,0,562500.0,65.00808715820312,63.267784118652344,10,20,0,2,20,0,2,-105.0,70.5,-47.5,5.0,578584,188.907544,nan,0.578584,nan,2,0,578320,4,0,0,2,264,128,32,136,34,66,2,0,0,2
411,-47.5,57.5,16,8,0,0.0,0.0,0,0.0,57.5,1,562500.0,51.11175787756213,40.54259742976461,8,16,1,2,16,0,3,-105.0,70.5,-47.5,5.0,578584,189.486128,nan,0.578584,nan,2,0,578320,4,0,0,2,264,128,32,136,34,66,2,0,0,2
412,-47.5,57.5,10,5,0,0.0,0.0,0,0.0,57.5,1,562500.0,60.40073585510254,59.507259368896484,5,10,1,2,10,0,3,-105.0,70.5,-47.5,5.0,578584,190.064712,nan,0.578584,nan,2,0,578320,4,0,0,2,264,128,32,136,34,66,2,0,0,2
413,-47.5,57.5,6,3,0,0.0,0.0,0,0.0,57.5,0,562500.0,59.72980499267578,59.72980499267578,3,6,0,1,6,0,1,-105.0,70.5,-47.5,5.0,289292,190.354004,nan,0.289292,nan,1,0,289160,2,0,0,1,132,64,16,68,17,33,1,0,0,1
414,-47.5,57.5,8,4,0,0.0,0.0,0,0.0,57.5,0,562500.0,49.137037598440656,36.60245113697636,4,8,0,2,8,0,2,-105.0,70.5,-47.5,5.0,578584,190.932588,nan,0.578584,nan,2,0,578320,4,0,0,2,264,128,32,136,34,66,2,0,0,2
415,-47.5,57.5,4,2,0,0.0,0.0,0,0.0,57.5,0,562500.0,57.99091720581055,57.99091339111328,2,4,0,1,4,0,1,-105.0,70.5,-47.5,5.0,289292,191.22188,nan,0.289292,nan,1,0,289160,2,0,0,1,132,64,16,68,17,33,1,0,0,1
416,-47.5,57.5,2,1,0,0.0,0.0,0,0.0,57.5,0,0.0,nan,nan,1,2,0,0,2,0,0,-105.0,70.5,-47.5,5.0,0,191.22188,nan,0.0,nan,0,0,0,0,0,0,0,0,0,0,0,0,0,0,0,0,0
417,-47.5,57.5,2,1,0,0.0,0.0,0,0.0,57.5,0,562500.0,61.697269439697266,61.697269439697266,1,2,0,1,2,0,1,-105.0,70.5,-47.5,5.0,289292,191.511172,nan,0.289292,nan,1,0,289160,2,0,0,1,132,64,16,68,17,33,1,0,0,1
418,-47.5,57.5,4,2,0,0.0,0.0,0,0.0,57.5,0,562500.0,62.7375545501709,62.737552642822266,2,4,0,1,4,0,1,-105.0,70.5,-47.5,5.0,289292,191.800464,nan,0.289292,nan,1,0,289160,2,0,0,1,132,64,16,68,17,33,1,0,0,1
419,-47.5,57.5,6,3,0,0.0,0.0,0,0.0,57.5,2,562500.0,62.50295639038086,62.502952575683594,3,6,2,1,6,0,3,-105.0,70.5,-47.5,5.0,289292,192.089756,nan,0.289292,nan,1,0,289160,2,0,0,1,132,64,16,68,17,33,1,0,0,1
420,-47.5,57.5,8,4,0,0.0,0.0,0,0.0,57.5,3,562500.0,25.64136866496275,19.767413982011814,4,8,3,2,8,0,5,-105.0,70.5,-47.5,5.0,578584,192.66834,nan,0.578584,nan,2,0,578320,4,0,0,2,264,128,32,136,34,66,2,0,0,2
421,-47.5,57.5,12,6,0,0.0,0.0,0,0.0,57.5,1,562500.0,42.56725579804233,28.393934611127204,6,12,1,3,12,0,4,-105.0,70.5,-47.5,5.0,867876,193.536216,nan,0.867876,nan,3,0,867480,6,0,0,3,396,192,48,204,51,99,3,0,0,3
422,-47.5,57.5,14,7,0,0.0,0.0,0,0.0,57.5,0,0.0,nan,nan,7,14,0,0,14,0,0,-105.0,70.5,-47.5,5.0,0,193.536216,nan,0.0,nan,0,0,0,0,0,0,0,0,0,0,0,0,0,0,0,0,0
423,-47.5,57.5,14,7,0,0.0,0.0,0,0.0,57.5,0,562500.0,50.30757003521341,41.04566547261651,7,14,0,3,14,0,3,-105.0,70.5,-47.5,5.0,867876,194.404092,nan,0.867876,nan,3,0,867480,6,0,0,3,396,192,48,204,51,99,3,0,0,3
424,-47.5,57.5,14,7,0,0.0,0.0,0,0.0,57.5,0,562500.0,73.64887809753418,73.64887809753418,7,14,0,1,14,0,1,-105.0,70.5,-47.5,5.0,289292,194.693384,nan,0.289292,nan,1,0,289160,2,0,0,1,132,64,16,68,17,33,1,0,0,1
425,-47.5,57.5,12,6,0,0.0,0.0,0,0.0,57.5,0,562500.0,60.40553665161133,58.75942611694336,6,12,0,2,12,0,2,-105.0,70.5,-47.5,5.0,578584,195.271968,nan,0.578584,nan,2,0,578320,4,0,0,2,264,128,32,136,34,66,2,0,0,2
426,-47.5,57.5,12,6,0,0.0,0.0,0,0.0,57.5,1,562500.0,36.113324078788786,20.796199309637085,6,12,1,3,12,0,4,-105.0,70.5,-47.5,5.0,867876,196.139844,nan,0.867876,nan,3,0,867480,6,0,0,3,396,192,48,204,51,99,3,0,0,3
427,-47.5,57.5,8,4,0,0.0,0.0,0,0.0,57.5,0,562500.0,59.59502410888672,59.59502410888672,4,8,0,1,8,0,1,-105.0,70.5,-47.5,5.0,289292,196.429136,nan,0.289292,nan,1,0,289160,2,0,0,1,132,64,16,68,17,33,1,0,0,1
428,-47.5,57.5,10,5,0,0.0,0.0,0,0.0,57.5,0,562500.0,59.350297927856445,58.024295806884766,5,10,0,2,10,0,2,-105.0,70.5,-47.5,5.0,578584,197.00772,nan,0.578584,nan,2,0,578320,4,0,0,2,264,128,32,136,34,66,2,0,0,2
429,-47.5,57.5,12,6,0,0.0,0.0,0,0.0,57.5,0,562500.0,61.21237564086914,61.21237564086914,6,12,0,1,12,0,1,-105.0,70.5,-47.5,5.0,289292,197.297012,nan,0.289292,nan,1,0,289160,2,0,0,1,132,64,16,68,17,33,1,0,0,1
430,-47.5,57.5,20,10,0,0.0,0.0,0,0.0,57.5,1,562500.0,59.3685417175293,59.3685417175293,10,20,1,1,20,0,2,-105.0,70.5,-47.5,5.0,289292,197.586304,nan,0.289292,nan,1,0,289160,2,0,0,1,132,64,16,68,17,33,1,0,0,1
431,-47.5,57.5,22,11,0,0.0,0.0,0,0.0,57.5,0,0.0,nan,nan,11,22,0,0,22,0,0,-105.0,70.5,-47.5,5.0,0,197.586304,nan,0.0,nan,0,0,0,0,0,0,0,0,0,0,0,0,0,0,0,0,0
432,-47.5,57.5,22,11,0,0.0,0.0,0,0.0,57.5,1,562500.0,64.80318450927734,62.21980285644531,11,22,1,2,22,0,3,-105.0,70.5,-47.5,5.0,578584,198.164888,nan,0.578584,nan,2,0,578320,4,0,0,2,264,128,32,136,34,66,2,0,0,2
433,-47.5,57.5,20,10,0,0.0,0.0,0,0.0,57.5,1,562500.0,68.23255157470703,68.23255157470703,10,20,1,1,20,0,2,-105.0,70.5,-47.5,5.0,289292,198.45418,nan,0.289292,nan,1,0,289160,2,0,0,1,132,64,16,68,17,33,1,0,0,1
434,-47.5,57.5,18,9,0,0.0,0.0,0,0.0,57.5,5,562500.0,67.4596939086914,67.40320587158203,9,18,5,2,18,0,7,-105.0,70.5,-47.5,5.0,578584,199.032764,nan,0.578584,nan,2,0,578320,4,0,0,2,264,128,32,136,34,66,2,0,0,2
435,-47.5,57.5,14,7,0,0.0,0.0,0,0.0,57.5,1,562500.0,59.842384338378906,59.10578155517578,7,14,1,3,14,0,4,-105.0,70.5,-47.5,5.0,867876,199.90064,nan,0.867876,nan,3,0,867480,6,0,0,3,396,192,48,204,51,99,3,0,0,3
436,-47.5,57.5,12,6,0,0.0,0.0,0,0.0,57.5,1,562500.0,33.78370485774015,27.327453933477955,6,12,1,2,12,0,3,-105.0,70.5,-47.5,5.0,578584,200.479224,nan,0.578584,nan,2,0,578320,4,0,0,2,264,128,32,136,34,66,2,0,0,2
437,-47.5,57.5,10,5,0,0.0,0.0,0,0.0,57.5,0,562500.0,61.92609786987305,61.92609786987305,5,10,0,1,10,0,1,-105.0,70.5,-47.5,5.0,289292,200.768516,nan,0.289292,nan,1,0,289160,2,0,0,1,132,64,16,68,17,33,1,0,0,1
438,-47.5,57.5,10,5,0,0.0,0.0,0,0.0,57.5,0,562500.0,63.80694580078125,60.21068572998047,5,10,0,2,10,0,2,-105.0,70.5,-47.5,5.0,578584,201.3471,nan,0.578584,nan,2,0,578320,4,0,0,2,264,128,32,136,34,66,2,0,0,2
439,-47.5,57.5,10,5,0,0.0,0.0,0,0.0,57.5,1,562500.0,67.46433448791504,67.40320587158203,5,10,1,2,10,0,3,-105.0,70.5,-47.5,5.0,578584,201.925684,nan,0.578584,nan,2,0,578320,4,0,0,2,264,128,32,136,34,66,2,0,0,2
440,-47.5,57.5,10,5,0,0.0,0.0,0,0.0,57.5,0,562500.0,60.21068572998047,60.21068572998047,5,10,0,1,10,0,1,-105.0,70.5,-47.5,5.0,289292,202.214976,nan,0.289292,nan,1,0,289160,2,0,0,1,132,64,16,68,17,33,1,0,0,1
441,-47.5,57.5,10,5,0,0.0,0.0,0,0.0,57.5,0,562500.0,44.15044954448376,43.06424126164795,5,10,0,2,10,0,2,-105.0,70.5,-47.5,5.0,578584,202.79356,nan,0.578584,nan,2,0,578320,4,0,0,2,264,128,32,136,34,66,2,0,0,2
442,-47.5,57.5,10,5,0,0.0,0.0,0,0.0,57.5,0,562500.0,63.86807441711426,60.21068572998047,5,10,0,2,10,0,2,-105.0,70.5,-47.5,5.0,578584,203.372144,nan,0.578584,nan,2,0,578320,4,0,0,2,264,128,32,136,34,66,2,0,0,2
443,-47.5,57.5,12,6,0,0.0,0.0,0,0.0,57.5,1,562500.0,63.42162322998047,59.33941650390625,6,12,1,2,12,0,3,-105.0,70.5,-47.5,5.0,578584,203.950728,nan,0.578584,nan,2,0,578320,4,0,0,2,264,128,32,136,34,66,2,0,0,2
444,-47.5,57.5,12,6,0,0.0,0.0,0,0.0,57.5,0,562500.0,60.21068572998047,60.21068572998047,6,12,0,1,12,0,1,-105.0,70.5,-47.5,5.0,289292,204.24002,nan,0.289292,nan,1,0,289160,2,0,0,1,132,64,16,68,17,33,1,0,0,1
445,-47.5,57.5,12,6,0,0.0,0.0,0,0.0,57.5,0,562500.0,67.40320587158203,67.40320587158203,6,12,0,1,12,0,1,-105.0,70.5,-47.5,5.0,289292,204.529312,nan,0.289292,nan,1,0,289160,2,0,0,1,132,64,16,68,17,33,1,0,0,1
446,-47.5,57.5,12,6,0,0.0,0.0,0,0.0,57.5,1,562500.0,60.21068572998047,60.21068572998047,6,12,1,1,12,0,2,-105.0,70.5,-47.5,5.0,289292,204.818604,nan,0.289292,nan,1,0,289160,2,0,0,1,132,64,16,68,17,33,1,0,0,1
447,-47.5,57.5,12,6,0,0.0,0.0,0,0.0,57.5,2,562500.0,42.227175141058304,37.72778721728536,6,12,2,4,12,0,6,-105.0,70.5,-47.5,5.0,1157168,205.975772,nan,1.157168,nan,4,0,1156640,8,0,0,4,528,256,64,272,68,132,4,0,0,4
448,-47.5,57.5,10,5,0,0.0,0.0,0,0.0,57.5,0,562500.0,44.151093054990874,43.06552637531391,5,10,0,2,10,0,2,-105.0,70.5,-47.5,5.0,578584,206.554356,nan,0.578584,nan,2,0,578320,4,0,0,2,264,128,32,136,34,66,2,0,0,2
449,-47.5,57.5,10,5,0,0.0,0.0,0,0.0,57.5,0,562500.0,60.21068572998047,60.21068572998047,5,10,0,1,10,0,1,-105.0,70.5,-47.5,5.0,289292,206.843648,nan,0.289292,nan,1,0,289160,2,0,0,1,132,64,16,68,17,33,1,0,0,1
450,-47.5,57.5,10,5,0,0.0,0.0,0,0.0,57.5,0,562500.0,42.20091545294813,37.92190889684528,5,10,0,2,10,0,2,-105.0,70.5,-47.5,5.0,578584,207.422232,nan,0.578584,nan,2,0,578320,4,0,0,2,264,128,32,136,34,66,2,0,0,2
451,-47.5,57.5,16,8,0,0.0,0.0,0,0.0,57.5,0,562500.0,65.98777198791504,65.94197463989258,8,16,0,2,16,0,2,-105.0,70.5,-47.5,5.0,578584,208.000816,nan,0.578584,nan,2,0,578320,4,0,0,2,264,128,32,136,34,66,2,0,0,2
452,-47.5,57.5,18,9,0,0.0,0.0,0,0.0,57.5,2,562500.0,65.05572509765625,64.68547439575195,9,18,2,2,18,0,4,-105.0,70.5,-47.5,5.0,578584,208.5794,nan,0.578584,nan,2,0,578320,4,0,0,2,264,128,32,136,34,66,2,0,0,2
453,-47.5,57.5,18,9,0,0.0,0.0,0,0.0,57.5,0,562500.0,64.44043159484863,64.4404296875,9,18,0,1,18,0,1,-105.0,70.5,-47.5,5.0,289292,208.868692,nan,0.289292,nan,1,0,289160,2,0,0,1,132,64,16,68,17,33,1,0,0,1
454,-47.5,57.5,18,9,0,0.0,0.0,0,0.0,57.5,0,562500.0,61.52565383911133,61.52565383911133,9,18,0,1,18,0,1,-105.0,70.5,-47.5,5.0,289292,209.157984,nan,0.289292,nan,1,0,289160,2,0,0,1,132,64,16,68,17,33,1,0,0,1
455,-47.5,57.5,20,10,0,0.0,0.0,0,0.0,57.5,0,562500.0,61.53901481628418,61.53901290893555,10,20,0,1,20,0,1,-105.0,70.5,-47.5,5.0,289292,209.447276,nan,0.289292,nan,1,0,289160,2,0,0,1,132,64,16,68,17,33,1,0,0,1
456,-47.5,57.5,16,8,0,0.0,0.0,0,0.0,57.5,0,562500.0,60.68514633178711,60.685142517089844,8,16,0,1,16,0,1,-105.0,70.5,-47.5,5.0,289292,209.736568,nan,0.289292,nan,1,0,289160,2,0,0,1,132,64,16,68,17,33,1,0,0,1
457,-47.5,57.5,18,9,0,0.0,0.0,0,0.0,57.5,2,562500.0,48.81700290953651,39.81606070688447,9,18,2,3,18,0,5,-105.0,70.5,-47.5,5.0,867876,210.604444,nan,0.867876,nan,3,0,867480,6,0,0,3,396,192,48,204,51,99,3,0,0,3
458,-47.5,57.5,22,11,0,0.0,0.0,0,0.0,57.5,2,562500.0,40.568840327808445,38.078192661638475,11,22,2,2,22,0,4,-105.0,70.5,-47.5,5.0,578584,211.183028,nan,0.578584,nan,2,0,578320,4,0,0,2,264,128,32,136,34,66,2,0,0,2
459,-47.5,57.5,20,10,0,0.0,0.0,0,0.0,57.5,2,562500.0,40.65862151330711,27.577597132562918,10,20,2,2,20,0,4,-105.0,70.5,-47.5,5.0,578584,211.761612,nan,0.578584,nan,2,0,578320,4,0,0,2,264,128,32,136,34,66,2,0,0,2
460,-47.5,57.5,14,7,0,0.0,0.0,0,0.0,57.5,0,562500.0,60.677406311035156,60.027503967285156,7,14,0,2,14,0,2,-105.0,70.5,-47.5,5.0,578584,212.340196,nan,0.578584,nan,2,0,578320,4,0,0,2,264,128,32,136,34,66,2,0,0,2
461,-47.5,57.5,8,4,0,0.0,0.0,0,0.0,57.5,0,562500.0,64.08168411254883,64.08168411254883,4,8,0,1,8,0,1,-105.0,70.5,-47.5,5.0,289292,212.629488,nan,0.289292,nan,1,0,289160,2,0,0,1,132,64,16,68,17,33,1,0,0,1
462,-47.5,57.5,10,5,0,0.0,0.0,0,0.0,57.5,1,562500.0,62.208580017089844,58.64271545410156,5,10,1,2,10,0,3,-105.0,70.5,-47.5,5.0,578584,213.208072,nan,0.578584,nan,2,0,578320,4,0,0,2,264,128,32,136,34,66,2,0,0,2
463,-47.5,57.5,10,5,0,0.0,0.0,0,0.0,57.5,0,0.0,nan,nan,5,10,0,0,10,0,0,-105.0,70.5,-47.5,5.0,0,213.208072,nan,0.0,nan,0,0,0,0,0,0,0,0,0,0,0,0,0,0,0,0,0
464,-47.5,57.5,8,4,0,0.0,0.0,0,0.0,57.5,0,562500.0,65.88764572143555,65.88764572143555,4,8,0,1,8,0,1,-105.0,70.5,-47.5,5.0,289292,213.497364,nan,0.289292,nan,1,0,289160,2,0,0,1,132,64,16,68,17,33,1,0,0,1
465,-47.5,57.5,8,4,0,0.0,0.0,0,0.0,57.5,0,562500.0,63.18622970581055,63.18622970581055,4,8,0,1,8,0,1,-105.0,70.5,-47.5,5.0,289292,213.786656,nan,0.289292,nan,1,0,289160,2,0,0,1,132,64,16,68,17,33,1,0,0,1
466,-47.5,57.5,8,4,0,0.0,0.0,0,0.0,57.5,0,562500.0,66.2508716583252,66.17889404296875,4,8,0,2,8,0,2,-105.0,70.5,-47.5,5.0,578584,214.36524,nan,0.578584,nan,2,0,578320,4,0,0,2,264,128,32,136,34,66,2,0,0,2
467,-47.5,57.5,10,5,0,0.0,0.0,0,0.0,57.5,0,562500.0,63.63451639811198,57.88888168334961,5,10,0,3,10,0,3,-105.0,70.5,-47.5,5.0,867876,215.233116,nan,0.867876,nan,3,0,867480,6,0,0,3,396,192,48,204,51,99,3,0,0,3
468,-47.5,57.5,10,5,0,0.0,0.0,0,0.0,57.5,0,562500.0,60.24798393249512,60.247982025146484,5,10,0,1,10,0,1,-105.0,70.5,-47.5,5.0,289292,215.522408,nan,0.289292,nan,1,0,289160,2,0,0,1,132,64,16,68,17,33,1,0,0,1
469,-47.5,57.5,10,5,0,0.0,0.0,0,0.0,57.5,0,562500.0,62.378326416015625,62.378326416015625,5,10,0,1,10,0,1,-105.0,70.5,-47.5,5.0,289292,215.8117,nan,0.289292,nan,1,0,289160,2,0,0,1,132,64,16,68,17,33,1,0,0,1
470,-47.5,57.5,10,5,0,0.0,0.0,0,0.0,57.5,0,0.0,nan,nan,5,10,0,0,10,0,0,-105.0,70.5,-47.5,5.0,0,215.8117,nan,0.0,nan,0,0,0,0,0,0,0,0,0,0,0,0,0,0,0,0,0
471,-47.5,57.5,8,4,0,0.0,0.0,0,0.0,57.5,0,562500.0,33.77107794446945,31.403554348313797,4,8,0,2,8,0,2,-105.0,70.5,-47.5,5.0,578584,216.390284,nan,0.578584,nan,2,0,578320,4,0,0,2,264,128,32,136,34,66,2,0,0,2
472,-47.5,57.5,6,3,0,0.0,0.0,0,0.0,57.5,1,562500.0,59.012298583984375,59.012298583984375,3,6,1,1,6,0,2,-105.0,70.5,-47.5,5.0,289292,216.679576,nan,0.289292,nan,1,0,289160,2,0,0,1,132,64,16,68,17,33,1,0,0,1
473,-47.5,57.5,4,2,0,0.0,0.0,0,0.0,57.5,1,562500.0,44.36545549143629,42.358035385334375,2,4,1,2,4,0,3,-105.0,70.5,-47.5,5.0,578584,217.25816,nan,0.578584,nan,2,0,578320,4,0,0,2,264,128,32,136,34,66,2,0,0,2
474,-47.5,57.5,4,2,0,0.0,0.0,0,0.0,57.5,0,562500.0,67.4032096862793,67.4032096862793,2,4,0,1,4,0,1,-105.0,70.5,-47.5,5.0,289292,217.547452,nan,0.289292,nan,1,0,289160,2,0,0,1,132,64,16,68,17,33,1,0,0,1
475,-47.5,57.5,4,2,0,0.0,0.0,0,0.0,57.5,0,0.0,nan,nan,2,4,0,0,4,0,0,-105.0,70.5,-47.5,5.0,0,217.547452,nan,0.0,nan,0,0,0,0,0,0,0,0,0,0,0,0,0,0,0,0,0
476,-47.5,57.5,8,4,0,0.0,0.0,0,0.0,57.5,1,562500.0,59.90829277038574,59.29032516479492,4,8,1,2,8,0,3,-105.0,70.5,-47.5,5.0,578584,218.126036,nan,0.578584,nan,2,0,578320,4,0,0,2,264,128,32,136,34,66,2,0,0,2
477,-47.5,57.5,8,4,0,0.0,0.0,0,0.0,57.5,2,562500.0,44.34054754926917,41.80325928735591,4,8,2,2,8,0,4,-105.0,70.5,-47.5,5.0,578584,218.70462,nan,0.578584,nan,2,0,578320,4,0,0,2,264,128,32,136,34,66,2,0,0,2
478,-47.5,57.5,10,5,0,0.0,0.0,0,0.0,57.5,2,562500.0,64.74580383300781,62.08839797973633,5,10,2,2,10,0,4,-105.0,70.5,-47.5,5.0,578584,219.283204,nan,0.578584,nan,2,0,578320,4,0,0,2,264,128,32,136,34,66,2,0,0,2
479,-47.5,57.5,10,5,0,0.0,0.0,0,0.0,57.5,0,562500.0,51.449915834848866,40.457609515044325,5,10,0,3,10,0,3,-105.0,70.5,-47.5,5.0,867876,220.15108,nan,0.867876,nan,3,0,867480,6,0,0,3,396,192,48,204,51,99,3,0,0,3
480,-47.5,57.5,8,4,0,0.0,0.0,0,0.0,57.5,0,0.0,nan,nan,4,8,0,0,8,0,0,-105.0,70.5,-47.5,5.0,0,220.15108,nan,0.0,nan,0,0,0,0,0,0,0,0,0,0,0,0,0,0,0,0,0
481,-47.5,57.5,8,4,0,0.0,0.0,0,0.0,57.5,0,562500.0,59.6493034362793,59.6493034362793,4,8,0,1,8,0,1,-105.0,70.5,-47.5,5.0,289292,220.440372,nan,0.289292,nan,1,0,289160,2,0,0,1,132,64,16,68,17,33,1,0,0,1
482,-47.5,57.5,4,2,0,0.0,0.0,0,0.0,57.5,0,562500.0,67.4032096862793,67.4032096862793,2,4,0,1,4,0,1,-105.0,70.5,-47.5,5.0,289292,220.729664,nan,0.289292,nan,1,0,289160,2,0,0,1,132,64,16,68,17,33,1,0,0,1
483,-47.5,57.5,6,3,0,0.0,0.0,0,0.0,57.5,0,562500.0,67.4032096862793,67.4032096862793,3,6,0,1,6,0,1,-105.0,70.5,-47.5,5.0,289292,221.018956,nan,0.289292,nan,1,0,289160,2,0,0,1,132,64,16,68,17,33,1,0,0,1
484,-47.5,57.5,8,4,0,0.0,0.0,0,0.0,57.5,1,562500.0,67.3175163269043,67.3175163269043,4,8,1,1,8,0,2,-105.0,70.5,-47.5,5.0,289292,221.308248,nan,0.289292,nan,1,0,289160,2,0,0,1,132,64,16,68,17,33,1,0,0,1
485,-47.5,57.5,10,5,0,0.0,0.0,0,0.0,57.5,1,562500.0,46.3829315747673,32.70252106486638,5,10,1,3,10,0,4,-105.0,70.5,-47.5,5.0,867876,222.176124,nan,0.867876,nan,3,0,867480,6,0,0,3,396,192,48,204,51,99,3,0,0,3
486,-47.5,57.5,12,6,0,0.0,0.0,0,0.0,57.5,0,562500.0,60.2106819152832,60.2106819152832,6,12,0,1,12,0,1,-105.0,70.5,-47.5,5.0,289292,222.465416,nan,0.289292,nan,1,0,289160,2,0,0,1,132,64,16,68,17,33,1,0,0,1
487,-47.5,57.5,14,7,0,0.0,0.0,0,0.0,57.5,0,562500.0,59.385013580322266,59.385013580322266,7,14,0,1,14,0,1,-105.0,70.5,-47.5,5.0,289292,222.754708,nan,0.289292,nan,1,0,289160,2,0,0,1,132,64,16,68,17,33,1,0,0,1
488,-47.5,57.5,16,8,0,0.0,0.0,0,0.0,57.5,0,562500.0,57.57822799682617,57.57820510864258,8,16,0,1,16,0,1,-105.0,70.5,-47.5,5.0,289292,223.044,nan,0.289292,nan,1,0,289160,2,0,0,1,132,64,16,68,17,33,1,0,0,1
489,-47.5,57.5,14,7,0,0.0,0.0,0,0.0,57.5,1,562500.0,59.178001403808594,59.178001403808594,7,14,1,1,14,0,2,-105.0,70.5,-47.5,5.0,289292,223.333292,nan,0.289292,nan,1,0,289160,2,0,0,1,132,64,16,68,17,33,1,0,0,1
490,-47.5,57.5,12,6,0,0.0,0.0,0,0.0,57.5,0,562500.0,65.11876932779948,60.2106819152832,6,12,0,3,12,0,3,-105.0,70.5,-47.5,5.0,867876,224.201168,nan,0.867876,nan,3,0,867480,6,0,0,3,396,192,48,204,51,99,3,0,0,3
491,-47.5,57.5,12,6,0,0.0,0.0,0,0.0,57.5,0,562500.0,60.2106819152832,60.2106819152832,6,12,0,1,12,0,1,-105.0,70.5,-47.5,5.0,289292,224.49046,nan,0.289292,nan,1,0,289160,2,0,0,1,132,64,16,68,17,33,1,0,0,1
492,-47.5,57.5,14,7,0,0.0,0.0,0,0.0,57.5,0,562500.0,63.48165512084961,59.56010055541992,7,14,0,2,14,0,2,-105.0,70.5,-47.5,5.0,578584,225.069044,nan,0.578584,nan,2,0,578320,4,0,0,2,264,128,32,136,34,66,2,0,0,2
493,-47.5,57.5,14,7,0,0.0,0.0,0,0.0,57.5,0,562500.0,67.52299499511719,67.52299499511719,7,14,0,1,14,0,1,-105.0,70.5,-47.5,5.0,289292,225.358336,nan,0.289292,nan,1,0,289160,2,0,0,1,132,64,16,68,17,33,1,0,0,1
494,-47.5,57.5,14,7,0,0.0,0.0,0,0.0,57.5,0,562500.0,62.64812088012695,60.2106819152832,7,14,0,3,14,0,3,-105.0,70.5,-47.5,5.0,867876,226.226212,nan,0.867876,nan,3,0,867480,6,0,0,3,396,192,48,204,51,99,3,0,0,3
495,-47.5,57.5,14,7,0,0.0,0.0,0,0.0,57.5,0,562500.0,61.44229507446289,61.44229507446289,7,14,0,1,14,0,1,-105.0,70.5,-47.5,5.0,289292,226.515504,nan,0.289292,nan,1,0,289160,2,0,0,1,132,64,16,68,17,33,1,0,0,1
496,-47.5,57.5,18,9,0,0.0,0.0,0,0.0,57.5,1,562500.0,66.86215400695801,66.20131301879883,9,18,1,2,18,0,3,-105.0,70.5,-47.5,5.0,578584,227.094088,nan,0.578584,nan,2,0,578320,4,0,0,2,264,128,32,136,34,66,2,0,0,2
497,-47.5,57.5,18,9,0,0.0,0.0,0,0.0,57.5,1,562500.0,64.60386276245117,64.60386276245117,9,18,1,1,18,0,2,-105.0,70.5,-47.5,5.0,289292,227.38338,nan,0.289292,nan,1,0,289160,2,0,0,1,132,64,16,68,17,33,1,0,0,1
498,-47.5,57.5,18,9,0,0.0,0.0,0,0.0,57.5,0,562500.0,49.13896746977832,45.2571254176417,9,18,0,2,18,0,2,-105.0,70.5,-47.5,5.0,578584,227.961964,nan,0.578584,nan,2,0,578320,4,0,0,2,264,128,32,136,34,66,2,0,0,2
499,-47.5,57.5,16,8,0,0.0,0.0,0,0.0,57.5,0,562500.0,44.79660836058247,43.48873638842314,8,16,0,2,16,0,2,-105.0,70.5,-47.5,5.0,578584,228.540548,nan,0.578584,nan,2,0,578320,4,0,0,2,264,128,32,136,34,66,2,0,0,2
500,-47.5,57.5,18,9,0,0.0,0.0,0,0.0,57.5,1,562500.0,67.22415924072266,67.22415924072266,9,18,1,1,18,0,2,-105.0,70.5,-47.5,5.0,289292,228.82984,nan,0.289292,nan,1,0,289160,2,0,0,1,132,64,16,68,17,33,1,0,0,1
501,-47.5,57.5,18,9,0,0.0,0.0,0,0.0,57.5,0,562500.0,61.37028121948242,60.526954650878906,9,18,0,2,18,0,2,-105.0,70.5,-47.5,5.0,578584,229.408424,nan,0.578584,nan,2,0,578320,4,0,0,2,264,128,32,136,34,66,2,0,0,2
502,-47.5,57.5,10,5,0,0.0,0.0,0,0.0,57.5,0,562500.0,59.771881103515625,59.13306427001953,5,10,0,2,10,0,2,-105.0,70.5,-47.5,5.0,578584,229.987008,nan,0.578584,nan,2,0,578320,4,0,0,2,264,128,32,136,34,66,2,0,0,2
503,-47.5,57.5,12,6,0,0.0,0.0,0,0.0,57.5,3,562500.0,60.60951232910156,58.76747131347656,6,12,3,2,12,0,5,-105.0,70.5,-47.5,5.0,578584,230.565592,nan,0.578584,nan,2,0,578320,4,0,0,2,264,128,32,136,34,66,2,0,0,2
504,-47.5,57.5,12,6,0,0.0,0.0,0,0.0,57.5,0,562500.0,59.04110813140869,58.53949737548828,6,12,0,2,12,0,2,-105.0,70.5,-47.5,5.0,578584,231.144176,nan,0.578584,nan,2,0,578320,4,0,0,2,264,128,32,136,34,66,2,0,0,2
505,-47.5,57.5,8,4,0,0.0,0.0,0,0.0,57.5,0,0.0,nan,nan,4,8,0,0,8,0,0,-105.0,70.5,-47.5,5.0,0,231.144176,nan,0.0,nan,0,0,0,0,0,0,0,0,0,0,0,0,0,0,0,0,0
506,-47.5,57.5,6,3,0,0.0,0.0,0,0.0,57.5,1,562500.0,38.50779057956262,18.33004017147122,3,6,1,3,6,0,4,-105.0,70.5,-47.5,5.0,867876,232.012052,nan,0.867876,nan,3,0,867480,6,0,0,3,396,192,48,204,51,99,3,0,0,3
507,-47.5,57.5,8,4,0,0.0,0.0,0,0.0,57.5,0,562500.0,60.555447578430176,57.78891372680664,4,8,0,2,8,0,2,-105.0,70.5,-47.5,5.0,578584,232.590636,nan,0.578584,nan,2,0,578320,4,0,0,2,264,128,32,136,34,66,2,0,0,2
508,-47.5,57.5,10,5,0,0.0,0.0,0,0.0,57.5,0,0.0,nan,nan,5,10,0,0,10,0,0,-105.0,70.5,-47.5,5.0,0,232.590636,nan,0.0,nan,0,0,0,0,0,0,0,0,0,0,0,0,0,0,0,0,0
509,-47.5,57.5,10,5,0,0.0,0.0,0,0.0,57.5,0,562500.0,22.57866393270796,19.216424550962905,5,10,0,2,10,0,2,-105.0,70.5,-47.5,5.0,578584,233.16922,nan,0.578584,nan,2,0,578320,4,0,0,2,264,128,32,136,34,66,2,0,0,2
510,-47.5,57.5,6,3,0,0.0,0.0,0,0.0,57.5,0,562500.0,64.39558029174805,64.39558029174805,3,6,0,1,6,0,1,-105.0,70.5,-47.5,5.0,289292,233.458512,nan,0.289292,nan,1,0,289160,2,0,0,1,132,64,16,68,17,33,1,0,0,1
511,-47.5,57.5,6,3,0,0.0,0.0,0,0.0,57.5,2,562500.0,35.30725992319079,34.254861867199416,3,6,2,2,6,0,4,-105.0,70.5,-47.5,5.0,578584,234.037096,nan,0.578584,nan,2,0,578320,4,0,0,2,264,128,32,136,34,66,2,0,0,2
512,-47.5,57.5,6,3,0,0.0,0.0,0,0.0,57.5,0,562500.0,60.57150840759277,59.84911346435547,3,6,0,2,6,0,2,-105.0,70.5,-47.5,5.0,578584,234.61568,nan,0.578584,nan,2,0,578320,4,0,0,2,264,128,32,136,34,66,2,0,0,2
513,-47.5,57.5,8,4,0,0.0,0.0,0,0.0,57.5,0,562500.0,59.62300491333008,59.62300491333008,4,8,0,1,8,0,1,-105.0,70.5,-47.5,5.0,289292,234.904972,nan,0.289292,nan,1,0,289160,2,0,0,1,132,64,16,68,17,33,1,0,0,1
514,-47.5,57.5,8,4,0,0.0,0.0,0,0.0,57.5,0,0.0,nan,nan,4,8,0,0,8,0,0,-105.0,70.5,-47.5,5.0,0,234.904972,nan,0.0,nan,0,0,0,0,0,0,0,0,0,0,0,0,0,0,0,0,0
515,-47.5,57.5,14,7,0,0.0,0.0,0,0.0,57.5,1,562500.0,42.67207985404942,33.32572558952239,7,14,1,3,14,0,4,-105.0,70.5,-47.5,5.0,867876,235.772848,nan,0.867876,nan,3,0,867480,6,0,0,3,396,192,48,204,51,99,3,0,0,3
516,-47.5,57.5,16,8,0,0.0,0.0,0,0.0,57.5,2,562500.0,67.50149536132812,67.50149536132812,8,16,2,1,16,0,3,-105.0,70.5,-47.5,5.0,289292,236.06214,nan,0.289292,nan,1,0,289160,2,0,0,1,132,64,16,68,17,33,1,0,0,1
517,-47.5,57.5,16,8,0,0.0,0.0,0,0.0,57.5,1,562500.0,44.146549586552744,43.06456092891313,8,16,1,2,16,0,3,-105.0,70.5,-47.5,5.0,578584,236.640724,nan,0.578584,nan,2,0,578320,4,0,0,2,264,128,32,136,34,66,2,0,0,2
518,-47.5,57.5,18,9,0,0.0,0.0,0,0.0,57.5,0,562500.0,44.25187602889301,28.80941767081881,9,18,0,3,18,0,3,-105.0,70.5,-47.5,5.0,867876,237.5086,nan,0.867876,nan,3,0,867480,6,0,0,3,396,192,48,204,51,99,3,0,0,3
519,-47.5,57.5,16,8,0,0.0,0.0,0,0.0,57.5,0,562500.0,64.6273136138916,61.784969329833984,8,16,0,2,16,0,2,-105.0,70.5,-47.5,5.0,578584,238.087184,nan,0.578584,nan,2,0,578320,4,0,0,2,264,128,32,136,34,66,2,0,0,2
520,-47.5,57.5,14,7,0,0.0,0.0,0,0.0,57.5,0,0.0,nan,nan,7,14,0,0,14,0,0,-105.0,70.5,-47.5,5.0,0,238.087184,nan,0.0,nan,0,0,0,0,0,0,0,0,0,0,0,0,0,0,0,0,0
521,-47.5,57.5,14,7,0,0.0,0.0,0,0.0,57.5,2,562500.0,46.68455650956227,36.79970291846269,7,14,2,3,14,0,5,-105.0,70.5,-47.5,5.0,867876,238.95506,nan,0.867876,nan,3,0,867480,6,0,0,3,396,192,48,204,51,99,3,0,0,3
522,-47.5,57.5,12,6,0,0.0,0.0,0,0.0,57.5,2,562500.0,67.5290756225586,67.5290756225586,6,12,2,1,12,0,3,-105.0,70.5,-47.5,5.0,289292,239.244352,nan,0.289292,nan,1,0,289160,2,0,0,1,132,64,16,68,17,33,1,0,0,1
523,-47.5,57.5,12,6,0,0.0,0.0,0,0.0,57.5,0,562500.0,32.58133787426974,18.995063594332603,6,12,0,3,12,0,3,-105.0,70.5,-47.5,5.0,867876,240.112228,nan,0.867876,nan,3,0,867480,6,0,0,3,396,192,48,204,51,99,3,0,0,3
524,-47.5,57.5,12,6,0,0.0,0.0,0,0.0,57.5,0,562500.0,67.52546310424805,67.52546310424805,6,12,0,1,12,0,1,-105.0,70.5,-47.5,5.0,289292,240.40152,nan,0.289292,nan,1,0,289160,2,0,0,1,132,64,16,68,17,33,1,0,0,1
525,-47.5,57.5,12,6,0,0.0,0.0,0,0.0,57.5,0,562500.0,61.7855224609375,61.7855224609375,6,12,0,1,12,0,1,-105.0,70.5,-47.5,5.0,289292,240.690812,nan,0.289292,nan,1,0,289160,2,0,0,1,132,64,16,68,17,33,1,0,0,1
526,-47.5,57.5,12,6,0,0.0,0.0,0,0.0,57.5,0,562500.0,18.165146925054806,18.14339374089273,6,12,0,2,12,0,2,-105.0,70.5,-47.5,5.0,578584,241.269396,nan,0.578584,nan,2,0,578320,4,0,0,2,264,128,32,136,34,66,2,0,0,2
527,-47.5,57.5,12,6,0,0.0,0.0,0,0.0,57.5,1,562500.0,61.7855224609375,61.7855224609375,6,12,1,1,12,0,2,-105.0,70.5,-47.5,5.0,289292,241.558688,nan,0.289292,nan,1,0,289160,2,0,0,1,132,64,16,68,17,33,1,0,0,1
528,-47.5,57.5,12,6,0,0.0,0.0,0,0.0,57.5,0,562500.0,62.96944236755371,58.435062408447266,6,12,0,2,12,0,2,-105.0,70.5,-47.5,5.0,578584,242.137272,nan,0.578584,nan,2,0,578320,4,0,0,2,264,128,32,136,34,66,2,0,0,2
529,-47.5,57.5,14,7,0,0.0,0.0,0,0.0,57.5,1,562500.0,31.702595838841052,20.314440631102315,7,14,1,2,14,0,3,-105.0,70.5,-47.5,5.0,578584,242.715856,nan,0.578584,nan,2,0,578320,4,0,0,2,264,128,32,136,34,66,2,0,0,2
530,-47.5,57.5,14,7,0,0.0,0.0,0,0.0,57.5,0,562500.0,37.943895007851545,30.6512179407122,7,14,0,2,14,0,2,-105.0,70.5,-47.5,5.0,578584,243.29444,nan,0.578584,nan,2,0,578320,4,0,0,2,264,128,32,136,34,66,2,0,0,2
531,-47.5,57.5,16,8,0,0.0,0.0,0,0.0,57.5,0,562500.0,67.50382232666016,67.50382232666016,8,16,0,1,16,0,1,-105.0,70.5,-47.5,5.0,289292,243.583732,nan,0.289292,nan,1,0,289160,2,0,0,1,132,64,16,68,17,33,1,0,0,1
532,-47.5,57.5,16,8,0,0.0,0.0,0,0.0,57.5,2,562500.0,49.348031157746696,36.39099086660596,8,16,2,3,16,0,5,-105.0,70.5,-47.5,5.0,867876,244.451608,nan,0.867876,nan,3,0,867480,6,0,0,3,396,192,48,204,51,99,3,0,0,3
533,-47.5,57.5,16,8,0,0.0,0.0,0,0.0,57.5,1,562500.0,49.348043815012126,36.39099086660596,8,16,1,3,16,0,4,-105.0,70.5,-47.5,5.0,867876,245.319484,nan,0.867876,nan,3,0,867480,6,0,0,3,396,192,48,204,51,99,3,0,0,3
534,-47.5,57.5,16,8,0,0.0,0.0,0,0.0,57.5,0,562500.0,30.572621602456188,20.0483776960051,8,16,0,2,16,0,2,-105.0,70.5,-47.5,5.0,578584,245.898068,nan,0.578584,nan,2,0,578320,4,0,0,2,264,128,32,136,34,66,2,0,0,2
535,-47.5,57.5,16,8,0,0.0,0.0,0,0.0,57.5,0,562500.0,67.50382995605469,67.50382995605469,8,16,0,1,16,0,1,-105.0,70.5,-47.5,5.0,289292,246.18736,nan,0.289292,nan,1,0,289160,2,0,0,1,132,64,16,68,17,33,1,0,0,1
536,-47.5,57.5,16,8,0,0.0,0.0,0,0.0,57.5,0,0.0,nan,nan,8,16,0,0,16,0,0,-105.0,70.5,-47.5,5.0,0,246.18736,nan,0.0,nan,0,0,0,0,0,0,0,0,0,0,0,0,0,0,0,0,0
537,-47.5,57.5,16,8,0,0.0,0.0,0,0.0,57.5,0,562500.0,67.55083847045898,67.55083847045898,8,16,0,1,16,0,1,-105.0,70.5,-47.5,5.0,289292,246.476652,nan,0.289292,nan,1,0,289160,2,0,0,1,132,64,16,68,17,33,1,0,0,1
538,-47.5,57.5,16,8,0,0.0,0.0,0,0.0,57.5,0,562500.0,67.52546310424805,67.52546310424805,8,16,0,1,16,0,1,-105.0,70.5,-47.5,5.0,289292,246.765944,nan,0.289292,nan,1,0,289160,2,0,0,1,132,64,16,68,17,33,1,0,0,1
539,-47.5,57.5,16,8,0,0.0,0.0,0,0.0,57.5,0,562500.0,62.96944236755371,58.435062408447266,8,16,0,2,16,0,2,-105.0,70.5,-47.5,5.0,578584,247.344528,nan,0.578584,nan,2,0,578320,4,0,0,2,264,128,32,136,34,66,2,0,0,2
540,-47.5,57.5,16,8,0,0.0,0.0,0,0.0,57.5,1,562500.0,46.80655844570015,36.394763478814454,8,16,1,3,16,0,4,-105.0,70.5,-47.5,5.0,867876,248.212404,nan,0.867876,nan,3,0,867480,6,0,0,3,396,192,48,204,51,99,3,0,0,3
541,-47.5,57.5,16,8,0,0.0,0.0,0,0.0,57.5,1,562500.0,30.524555759920023,30.355280439340973,8,16,1,2,16,0,3,-105.0,70.5,-47.5,5.0,578584,248.790988,nan,0.578584,nan,2,0,578320,4,0,0,2,264,128,32,136,34,66,2,0,0,2
542,-47.5,57.5,16,8,0,0.0,0.0,0,0.0,57.5,0,562500.0,42.19345395079316,28.16943955939002,8,16,0,3,16,0,3,-105.0,70.5,-47.5,5.0,867876,249.658864,nan,0.867876,nan,3,0,867480,6,0,0,3,396,192,48,204,51,99,3,0,0,3
543,-47.5,57.5,16,8,0,0.0,0.0,0,0.0,57.5,0,562500.0,64.92227554321289,64.92227554321289,8,16,0,1,16,0,1,-105.0,70.5,-47.5,5.0,289292,249.948156,nan,0.289292,nan,1,0,289160,2,0,0,1,132,64,16,68,17,33,1,0,0,1
544,-47.5,57.5,12,6,0,0.0,0.0,0,0.0,57.5,0,0.0,nan,nan,6,12,0,0,12,0,0,-105.0,70.5,-47.5,5.0,0,249.948156,nan,0.0,nan,0,0,0,0,0,0,0,0,0,0,0,0,0,0,0,0,0
545,-47.5,57.5,14,7,0,0.0,0.0,0,0.0,57.5,1,562500.0,35.62668048392076,33.19713811841749,7,14,1,2,14,0,3,-105.0,70.5,-47.5,5.0,578584,250.52674,nan,0.578584,nan,2,0,578320,4,0,0,2,264,128,32,136,34,66,2,0,0,2
546,-47.5,57.5,6,3,0,0.0,0.0,0,0.0,57.5,1,562500.0,58.58750534057617,58.58750534057617,3,6,1,1,6,0,2,-105.0,70.5,-47.5,5.0,289292,250.816032,nan,0.289292,nan,1,0,289160,2,0,0,1,132,64,16,68,17,33,1,0,0,1
547,-47.5,57.5,6,3,0,0.0,0.0,0,0.0,57.5,2,562500.0,62.981414794921875,62.981414794921875,3,6,2,1,6,0,3,-105.0,70.5,-47.5,5.0,289292,251.105324,nan,0.289292,nan,1,0,289160,2,0,0,1,132,64,16,68,17,33,1,0,0,1
548,-47.5,57.5,8,4,0,0.0,0.0,0,0.0,57.5,1,562500.0,48.134412577732334,25.464792971091033,4,8,1,2,8,0,3,-105.0,70.5,-47.5,5.0,578584,251.683908,nan,0.578584,nan,2,0,578320,4,0,0,2,264,128,32,136,34,66,2,0,0,2
549,-47.5,57.5,6,3,0,0.0,0.0,0,0.0,57.5,1,562500.0,74.00533485412598,74.00533485412598,3,6,1,1,6,0,2,-105.0,70.5,-47.5,5.0,289292,251.9732,nan,0.289292,nan,1,0,289160,2,0,0,1,132,64,16,68,17,33,1,0,0,1
550,-47.5,57.5,6,3,0,0.0,0.0,0,0.0,57.5,0,562500.0,62.5586051940918,62.5586051940918,3,6,0,1,6,0,1,-105.0,70.5,-47.5,5.0,289292,252.262492,nan,0.289292,nan,1,0,289160,2,0,0,1,132,64,16,68,17,33,1,0,0,1
551,-47.5,57.5,6,3,0,0.0,0.0,0,0.0,57.5,1,562500.0,57.92927551269531,57.92927551269531,3,6,1,1,6,0,2,-105.0,70.5,-47.5,5.0,289292,252.551784,nan,0.289292,nan,1,0,289160,2,0,0,1,132,64,16,68,17,33,1,0,0,1
552,-47.5,57.5,4,2,0,0.0,0.0,0,0.0,57.5,0,562500.0,58.788272857666016,58.78824234008789,2,4,0,1,4,0,1,-105.0,70.5,-47.5,5.0,289292,252.841076,nan,0.289292,nan,1,0,289160,2,0,0,1,132,64,16,68,17,33,1,0,0,1
553,-47.5,57.5,4,2,0,0.0,0.0,0,0.0,57.5,0,0.0,nan,nan,2,4,0,0,4,0,0,-105.0,70.5,-47.5,5.0,0,252.841076,nan,0.0,nan,0,0,0,0,0,0,0,0,0,0,0,0,0,0,0,0,0
554,-47.5,57.5,4,2,0,0.0,0.0,0,0.0,57.5,0,562500.0,67.18933868408203,67.18933868408203,2,4,0,1,4,0,1,-105.0,70.5,-47.5,5.0,289292,253.130368,nan,0.289292,nan,1,0,289160,2,0,0,1,132,64,16,68,17,33,1,0,0,1
555,-47.5,57.5,6,3,0,0.0,0.0,0,0.0,57.5,1,562500.0,60.100415092274105,60.019400459095394,3,6,1,2,6,0,3,-105.0,70.5,-47.5,5.0,578584,253.708952,nan,0.578584,nan,2,0,578320,4,0,0,2,264,128,32,136,34,66,2,0,0,2
556,-47.5,57.5,2,1,0,0.0,0.0,0,0.0,57.5,0,562500.0,67.39131927490234,67.39131927490234,1,2,0,1,2,0,1,-105.0,70.5,-47.5,5.0,289292,253.998244,nan,0.289292,nan,1,0,289160,2,0,0,1,132,64,16,68,17,33,1,0,0,1
557,-47.5,57.5,4,2,0,0.0,0.0,0,0.0,57.5,0,562500.0,67.40082931518555,67.40082931518555,2,4,0,1,4,0,1,-105.0,70.5,-47.5,5.0,289292,254.287536,nan,0.289292,nan,1,0,289160,2,0,0,1,132,64,16,68,17,33,1,0,0,1
558,-47.5,57.5,6,3,0,0.0,0.0,0,0.0,57.5,1,562500.0,66.02873611450195,64.65426254272461,3,6,1,2,6,0,3,-105.0,70.5,-47.5,5.0,578584,254.86612,nan,0.578584,nan,2,0,578320,4,0,0,2,264,128,32,136,34,66,2,0,0,2
559,-47.5,57.5,8,4,0,0.0,0.0,0,0.0,57.5,0,562500.0,63.213117599487305,61.91305923461914,4,8,0,2,8,0,2,-105.0,70.5,-47.5,5.0,578584,255.444704,nan,0.578584,nan,2,0,578320,4,0,0,2,264,128,32,136,34,66,2,0,0,2
560,-47.5,57.5,8,4,0,0.0,0.0,0,0.0,57.5,0,562500.0,59.41803741455078,59.41803741455078,4,8,0,1,8,0,1,-105.0,70.5,-47.5,5.0,289292,255.733996,nan,0.289292,nan,1,0,289160,2,0,0,1,132,64,16,68,17,33,1,0,0,1
561,-47.5,57.5,8,4,0,0.0,0.0,0,0.0,57.5,2,562500.0,45.6247804229932,39.968843187037436,4,8,2,2,8,0,4,-105.0,70.5,-47.5,5.0,578584,256.31258,nan,0.578584,nan,2,0,578320,4,0,0,2,264,128,32,136,34,66,2,0,0,2
562,-47.5,57.5,8,4,0,0.0,0.0,0,0.0,57.5,0,562500.0,46.83256032556376,43.310079457008825,4,8,0,2,8,0,2,-105.0,70.5,-47.5,5.0,578584,256.891164,nan,0.578584,nan,2,0,578320,4,0,0,2,264,128,32,136,34,66,2,0,0,2
563,-47.5,57.5,12,6,0,0.0,0.0,0,0.0,57.5,0,562500.0,43.292339896005466,38.10197467565709,6,12,0,2,12,0,2,-105.0,70.5,-47.5,5.0,578584,257.469748,nan,0.578584,nan,2,0,578320,4,0,0,2,264,128,32,136,34,66,2,0,0,2
564,-47.5,57.5,12,6,0,0.0,0.0,0,0.0,57.5,0,562500.0,58.8828010559082,58.8828010559082,6,12,0,1,12,0,1,-105.0,70.5,-47.5,5.0,289292,257.75904,nan,0.289292,nan,1,0,289160,2,0,0,1,132,64,16,68,17,33,1,0,0,1
565,-47.5,57.5,8,4,0,0.0,0.0,0,0.0,57.5,0,0.0,nan,nan,4,8,0,0,8,0,0,-105.0,70.5,-47.5,5.0,0,257.75904,nan,0.0,nan,0,0,0,0,0,0,0,0,0,0,0,0,0,0,0,0,0
566,-47.5,57.5,6,3,0,0.0,0.0,0,0.0,57.5,0,0.0,nan,nan,3,6,0,0,6,0,0,-105.0,70.5,-47.5,5.0,0,257.75904,nan,0.0,nan,0,0,0,0,0,0,0,0,0,0,0,0,0,0,0,0,0
567,-47.5,57.5,6,3,0,0.0,0.0,0,0.0,57.5,0,562500.0,67.25926208496094,67.25926208496094,3,6,0,1,6,0,1,-105.0,70.5,-47.5,5.0,289292,258.048332,nan,0.289292,nan,1,0,289160,2,0,0,1,132,64,16,68,17,33,1,0,0,1
568,-47.5,57.5,6,3,0,0.0,0.0,0,0.0,57.5,2,562500.0,18.855519393623535,18.57405480483005,3,6,2,2,6,0,4,-105.0,70.5,-47.5,5.0,578584,258.626916,nan,0.578584,nan,2,0,578320,4,0,0,2,264,128,32,136,34,66,2,0,0,2
569,-47.5,57.5,10,5,0,0.0,0.0,0,0.0,57.5,1,562500.0,63.91311454772949,60.42539978027344,5,10,1,2,10,0,3,-105.0,70.5,-47.5,5.0,578584,259.2055,nan,0.578584,nan,2,0,578320,4,0,0,2,264,128,32,136,34,66,2,0,0,2
570,-47.5,57.5,10,5,0,0.0,0.0,0,0.0,57.5,1,562500.0,49.63158790030111,49.63155973613432,5,10,1,2,10,0,3,-105.0,70.5,-47.5,5.0,578584,259.784084,nan,0.578584,nan,2,0,578320,4,0,0,2,264,128,32,136,34,66,2,0,0,2
571,-47.5,57.5,10,5,0,0.0,0.0,0,0.0,57.5,0,562500.0,67.40320587158203,67.40320587158203,5,10,0,1,10,0,1,-105.0,70.5,-47.5,5.0,289292,260.073376,nan,0.289292,nan,1,0,289160,2,0,0,1,132,64,16,68,17,33,1,0,0,1
572,-47.5,57.5,12,6,0,0.0,0.0,0,0.0,57.5,1,562500.0,63.15541648864746,58.907623291015625,6,12,1,2,12,0,3,-105.0,70.5,-47.5,5.0,578584,260.65196,nan,0.578584,nan,2,0,578320,4,0,0,2,264,128,32,136,34,66,2,0,0,2
573,-47.5,57.5,12,6,0,0.0,0.0,0,0.0,57.5,0,562500.0,54.43032389834731,41.592636041026495,6,12,0,2,12,0,2,-105.0,70.5,-47.5,5.0,578584,261.230544,nan,0.578584,nan,2,0,578320,4,0,0,2,264,128,32,136,34,66,2,0,0,2
574,-47.5,57.5,12,6,0,0.0,0.0,0,0.0,57.5,0,562500.0,54.55418049429327,46.62770828227309,6,12,0,3,12,0,3,-105.0,70.5,-47.5,5.0,867876,262.09842,nan,0.867876,nan,3,0,867480,6,0,0,3,396,192,48,204,51,99,3,0,0,3
575,-47.5,57.5,10,5,0,0.0,0.0,0,0.0,57.5,0,562500.0,59.581485748291016,59.581485748291016,5,10,0,1,10,0,1,-105.0,70.5,-47.5,5.0,289292,262.387712,nan,0.289292,nan,1,0,289160,2,0,0,1,132,64,16,68,17,33,1,0,0,1
576,-47.5,57.5,8,4,0,0.0,0.0,0,0.0,57.5,0,562500.0,18.866057489048075,18.59513099567915,4,8,0,2,8,0,2,-105.0,70.5,-47.5,5.0,578584,262.966296,nan,0.578584,nan,2,0,578320,4,0,0,2,264,128,32,136,34,66,2,0,0,2
577,-47.5,57.5,10,5,0,0.0,0.0,0,0.0,57.5,1,562500.0,63.05648422241211,58.70975875854492,5,10,1,2,10,0,3,-105.0,70.5,-47.5,5.0,578584,263.54488,nan,0.578584,nan,2,0,578320,4,0,0,2,264,128,32,136,34,66,2,0,0,2
578,-47.5,57.5,10,5,0,0.0,0.0,0,0.0,57.5,0,562500.0,60.1780891418457,60.1780891418457,5,10,0,1,10,0,1,-105.0,70.5,-47.5,5.0,289292,263.834172,nan,0.289292,nan,1,0,289160,2,0,0,1,132,64,16,68,17,33,1,0,0,1
579,-47.5,57.5,10,5,0,0.0,0.0,0,0.0,57.5,1,562500.0,26.062876885648187,18.59513099567915,5,10,1,4,10,0,5,-105.0,70.5,-47.5,5.0,1157168,264.99134,nan,1.157168,nan,4,0,1156640,8,0,0,4,528,256,64,272,68,132,4,0,0,4
580,-47.5,57.5,10,5,0,0.0,0.0,0,0.0,57.5,0,562500.0,67.40320587158203,67.40320587158203,5,10,0,1,10,0,1,-105.0,70.5,-47.5,5.0,289292,265.280632,nan,0.289292,nan,1,0,289160,2,0,0,1,132,64,16,68,17,33,1,0,0,1
581,-47.5,57.5,10,5,0,0.0,0.0,0,0.0,57.5,0,0.0,nan,nan,5,10,0,0,10,0,0,-105.0,70.5,-47.5,5.0,0,265.280632,nan,0.0,nan,0,0,0,0,0,0,0,0,0,0,0,0,0,0,0,0,0
582,-47.5,57.5,12,6,0,0.0,0.0,0,0.0,57.5,0,562500.0,49.939792112417344,38.418822867570384,6,12,0,3,12,0,3,-105.0,70.5,-47.5,5.0,867876,266.148508,nan,0.867876,nan,3,0,867480,6,0,0,3,396,192,48,204,51,99,3,0,0,3
583,-47.5,57.5,14,7,0,0.0,0.0,0,0.0,57.5,1,562500.0,67.40320587158203,67.40320587158203,7,14,1,1,14,0,2,-105.0,70.5,-47.5,5.0,289292,266.4378,nan,0.289292,nan,1,0,289160,2,0,0,1,132,64,16,68,17,33,1,0,0,1
584,-47.5,57.5,14,7,0,0.0,0.0,0,0.0,57.5,0,562500.0,51.96646218947715,38.94575110442545,7,14,0,3,14,0,3,-105.0,70.5,-47.5,5.0,867876,267.305676,nan,0.867876,nan,3,0,867480,6,0,0,3,396,192,48,204,51,99,3,0,0,3
585,-47.5,57.5,14,7,0,0.0,0.0,0,0.0,57.5,0,562500.0,67.5613899230957,67.5613899230957,7,14,0,1,14,0,1,-105.0,70.5,-47.5,5.0,289292,267.594968,nan,0.289292,nan,1,0,289160,2,0,0,1,132,64,16,68,17,33,1,0,0,1
586,-47.5,57.5,16,8,0,0.0,0.0,0,0.0,57.5,0,562500.0,64.95577430725098,63.958892822265625,8,16,0,2,16,0,2,-105.0,70.5,-47.5,5.0,578584,268.173552,nan,0.578584,nan,2,0,578320,4,0,0,2,264,128,32,136,34,66,2,0,0,2
587,-47.5,57.5,16,8,0,0.0,0.0,0,0.0,57.5,1,562500.0,41.925280384203816,38.66784156146564,8,16,1,2,16,0,3,-105.0,70.5,-47.5,5.0,578584,268.752136,nan,0.578584,nan,2,0,578320,4,0,0,2,264,128,32,136,34,66,2,0,0,2
588,-47.5,57.5,16,8,0,0.0,0.0,0,0.0,57.5,0,562500.0,43.89957115728747,42.93417400696918,8,16,0,4,16,0,4,-105.0,70.5,-47.5,5.0,1157168,269.909304,nan,1.157168,nan,4,0,1156640,8,0,0,4,528,256,64,272,68,132,4,0,0,4
589,-47.5,57.5,16,8,0,0.0,0.0,0,0.0,57.5,1,562500.0,62.43754196166992,62.43754196166992,8,16,1,1,16,0,2,-105.0,70.5,-47.5,5.0,289292,270.198596,nan,0.289292,nan,1,0,289160,2,0,0,1,132,64,16,68,17,33,1,0,0,1
590,-47.5,57.5,16,8,0,0.0,0.0,0,0.0,57.5,0,562500.0,46.4143425888378,38.623478480210196,8,16,0,3,16,0,3,-105.0,70.5,-47.5,5.0,867876,271.066472,nan,0.867876,nan,3,0,867480,6,0,0,3,396,192,48,204,51,99,3,0,0,3
591,-47.5,57.5,10,5,0,0.0,0.0,0,0.0,57.5,0,0.0,nan,nan,5,10,0,0,10,0,0,-105.0,70.5,-47.5,5.0,0,271.066472,nan,0.0,nan,0,0,0,0,0,0,0,0,0,0,0,0,0,0,0,0,0
592,-47.5,57.5,4,2,0,0.0,0.0,0,0.0,57.5,1,562500.0,60.20353317260742,60.20353317260742,2,4,1,1,4,0,2,-105.0,70.5,-47.5,5.0,289292,271.355764,nan,0.289292,nan,1,0,289160,2,0,0,1,132,64,16,68,17,33,1,0,0,1
593,-47.5,57.5,2,1,0,0.0,0.0,0,0.0,57.5,0,0.0,nan,nan,1,2,0,0,2,0,0,-105.0,70.5,-47.5,5.0,0,271.355764,nan,0.0,nan,0,0,0,0,0,0,0,0,0,0,0,0,0,0,0,0,0
594,-47.5,57.5,4,2,0,0.0,0.0,0,0.0,57.5,0,562500.0,60.473670959472656,59.90678024291992,2,4,0,2,4,0,2,-105.0,70.5,-47.5,5.0,578584,271.934348,nan,0.578584,nan,2,0,578320,4,0,0,2,264,128,32,136,34,66,2,0,0,2
595,-47.5,57.5,4,2,0,0.0,0.0,0,0.0,57.5,0,0.0,nan,nan,2,4,0,0,4,0,0,-105.0,70.5,-47.5,5.0,0,271.934348,nan,0.0,nan,0,0,0,0,0,0,0,0,0,0,0,0,0,0,0,0,0
596,-47.5,57.5,4,2,0,0.0,0.0,0,0.0,57.5,1,562500.0,40.65355953550227,30.947066720417688,2,4,1,2,4,0,3,-105.0,70.5,-47.5,5.0,578584,272.512932,nan,0.578584,nan,2,0,578320,4,0,0,2,264,128,32,136,34,66,2,0,0,2
597,-47.5,57.5,10,5,0,0.0,0.0,0,0.0,57.5,2,562500.0,50.005307138614825,43.15514886109706,5,10,2,3,10,0,5,-105.0,70.5,-47.5,5.0,867876,273.380808,nan,0.867876,nan,3,0,867480,6,0,0,3,396,192,48,204,51,99,3,0,0,3
598,-47.5,57.5,14,7,0,0.0,0.0,0,0.0,57.5,1,562500.0,62.460174560546875,62.460174560546875,7,14,1,1,14,0,2,-105.0,70.5,-47.5,5.0,289292,273.6701,nan,0.289292,nan,1,0,289160,2,0,0,1,132,64,16,68,17,33,1,0,0,1
599,-47.5,57.5,14,7,0,0.0,0.0,0,0.0,57.5,1,562500.0,64.09641075134277,60.1872444152832,7,14,1,2,14,0,3,-105.0,70.5,-47.5,5.0,578584,274.248684,nan,0.578584,nan,2,0,578320,4,0,0,2,264,128,32,136,34,66,2,0,0,2
600,-47.5,57.5,12,6,0,0.0,0.0,0,0.0,57.5,0,562500.0,46.72245154096909,39.116218193904004,6,12,0,2,12,0,2,-105.0,70.5,-47.5,5.0,578584,274.827268,nan,0.578584,nan,2,0,578320,4,0,0,2,264,128,32,136,34,66,2,0,0,2
601,-47.5,57.5,10,5,0,0.0,0.0,0,0.0,57.5,0,562500.0,58.165212631225586,58.16520309448242,5,10,0,1,10,0,1,-105.0,70.5,-47.5,5.0,289292,275.11656,nan,0.289292,nan,1,0,289160,2,0,0,1,132,64,16,68,17,33,1,0,0,1
602,-47.5,57.5,12,6,0,0.0,0.0,0,0.0,57.5,0,562500.0,60.21068572998047,60.21068572998047,6,12,0,1,12,0,1,-105.0,70.5,-47.5,5.0,289292,275.405852,nan,0.289292,nan,1,0,289160,2,0,0,1,132,64,16,68,17,33,1,0,0,1
603,-47.5,57.5,8,4,0,0.0,0.0,0,0.0,57.5,0,562500.0,59.310313607783264,50.35396543892329,4,8,0,3,8,0,3,-105.0,70.5,-47.5,5.0,867876,276.273728,nan,0.867876,nan,3,0,867480,6,0,0,3,396,192,48,204,51,99,3,0,0,3
604,-47.5,57.5,8,4,0,0.0,0.0,0,0.0,57.5,0,562500.0,60.210683822631836,60.2106819152832,4,8,0,2,8,0,2,-105.0,70.5,-47.5,5.0,578584,276.852312,nan,0.578584,nan,2,0,578320,4,0,0,2,264,128,32,136,34,66,2,0,0,2
605,-47.5,57.5,10,5,0,0.0,0.0,0,0.0,57.5,0,562500.0,60.21256573994955,60.157222747802734,5,10,0,3,10,0,3,-105.0,70.5,-47.5,5.0,867876,277.720188,nan,0.867876,nan,3,0,867480,6,0,0,3,396,192,48,204,51,99,3,0,0,3
606,-47.5,57.5,8,4,0,0.0,0.0,0,0.0,57.5,0,562500.0,67.50382232666016,67.50382232666016,4,8,0,1,8,0,1,-105.0,70.5,-47.5,5.0,289292,278.00948,nan,0.289292,nan,1,0,289160,2,0,0,1,132,64,16,68,17,33,1,0,0,1
607,-47.5,57.5,10,5,0,0.0,0.0,0,0.0,57.5,1,562500.0,59.15214157104492,59.15214157104492,5,10,1,1,10,0,2,-105.0,70.5,-47.5,5.0,289292,278.298772,nan,0.289292,nan,1,0,289160,2,0,0,1,132,64,16,68,17,33,1,0,0,1
608,-47.5,57.5,10,5,0,0.0,0.0,0,0.0,57.5,1,562500.0,45.736182402532734,40.240009317300334,5,10,1,2,10,0,3,-105.0,70.5,-47.5,5.0,578584,278.877356,nan,0.578584,nan,2,0,578320,4,0,0,2,264,128,32,136,34,66,2,0,0,2
609,-47.5,57.5,10,5,0,0.0,0.0,0,0.0,57.5,0,562500.0,60.210683822631836,60.2106819152832,5,10,0,2,10,0,2,-105.0,70.5,-47.5,5.0,578584,279.45594,nan,0.578584,nan,2,0,578320,4,0,0,2,264,128,32,136,34,66,2,0,0,2
610,-47.5,57.5,10,5,0,0.0,0.0,0,0.0,57.5,0,562500.0,18.165146925054806,18.14339374089273,5,10,0,2,10,0,2,-105.0,70.5,-47.5,5.0,578584,280.034524,nan,0.578584,nan,2,0,578320,4,0,0,2,264,128,32,136,34,66,2,0,0,2
611,-47.5,57.5,12,6,0,0.0,0.0,0,0.0,57.5,0,562500.0,46.90514085801781,32.30879939738725,6,12,0,3,12,0,3,-105.0,70.5,-47.5,5.0,867876,280.9024,nan,0.867876,nan,3,0,867480,6,0,0,3,396,192,48,204,51,99,3,0,0,3
612,-47.5,57.5,12,6,0,0.0,0.0,0,0.0,57.5,0,0.0,nan,nan,6,12,0,0,12,0,0,-105.0,70.5,-47.5,5.0,0,280.9024,nan,0.0,nan,0,0,0,0,0,0,0,0,0,0,0,0,0,0,0,0,0
613,-47.5,57.5,12,6,0,0.0,0.0,0,0.0,57.5,1,562500.0,19.654528242854365,18.986358577818834,6,12,1,2,12,0,3,-105.0,70.5,-47.5,5.0,578584,281.480984,nan,0.578584,nan,2,0,578320,4,0,0,2,264,128,32,136,34,66,2,0,0,2
614,-47.5,57.5,12,6,0,0.0,0.0,0,0.0,57.5,0,562500.0,60.2106819152832,60.2106819152832,6,12,0,1,12,0,1,-105.0,70.5,-47.5,5.0,289292,281.770276,nan,0.289292,nan,1,0,289160,2,0,0,1,132,64,16,68,17,33,1,0,0,1
615,-47.5,57.5,12,6,0,0.0,0.0,0,0.0,57.5,1,562500.0,41.02105571643468,39.540229053131334,6,12,1,2,12,0,3,-105.0,70.5,-47.5,5.0,578584,282.34886,nan,0.578584,nan,2,0,578320,4,0,0,2,264,128,32,136,34,66,2,0,0,2
616,-47.5,57.5,10,5,0,0.0,0.0,0,0.0,57.5,0,562500.0,67.50382232666016,67.50382232666016,5,10,0,1,10,0,1,-105.0,70.5,-47.5,5.0,289292,282.638152,nan,0.289292,nan,1,0,289160,2,0,0,1,132,64,16,68,17,33,1,0,0,1
617,-47.5,57.5,10,5,0,0.0,0.0,0,0.0,57.5,0,562500.0,67.50382232666016,67.50382232666016,5,10,0,1,10,0,1,-105.0,70.5,-47.5,5.0,289292,282.927444,nan,0.289292,nan,1,0,289160,2,0,0,1,132,64,16,68,17,33,1,0,0,1
618,-47.5,57.5,10,5,0,0.0,0.0,0,0.0,57.5,0,562500.0,60.210683822631836,60.2106819152832,5,10,0,2,10,0,2,-105.0,70.5,-47.5,5.0,578584,283.506028,nan,0.578584,nan,2,0,578320,4,0,0,2,264,128,32,136,34,66,2,0,0,2
619,-47.5,57.5,16,8,0,0.0,0.0,0,0.0,57.5,0,562500.0,41.24036356974157,32.30879939738725,8,16,0,2,16,0,2,-105.0,70.5,-47.5,5.0,578584,284.084612,nan,0.578584,nan,2,0,578320,4,0,0,2,264,128,32,136,34,66,2,0,0,2
620,-47.5,57.5,16,8,0,0.0,0.0,0,0.0,57.5,2,562500.0,60.02585220336914,59.84101867675781,8,16,2,2,16,0,4,-105.0,70.5,-47.5,5.0,578584,284.663196,nan,0.578584,nan,2,0,578320,4,0,0,2,264,128,32,136,34,66,2,0,0,2
621,-47.5,57.5,16,8,0,0.0,0.0,0,0.0,57.5,1,562500.0,31.654431090091876,18.14339374089273,8,16,1,3,16,0,4,-105.0,70.5,-47.5,5.0,867876,285.531072,nan,0.867876,nan,3,0,867480,6,0,0,3,396,192,48,204,51,99,3,0,0,3
622,-47.5,57.5,14,7,0,0.0,0.0,0,0.0,57.5,1,562500.0,67.52546310424805,67.52546310424805,7,14,1,1,14,0,2,-105.0,70.5,-47.5,5.0,289292,285.820364,nan,0.289292,nan,1,0,289160,2,0,0,1,132,64,16,68,17,33,1,0,0,1
623,-47.5,57.5,12,6,0,0.0,0.0,0,0.0,57.5,1,562500.0,67.50382614135742,67.50382614135742,6,12,1,1,12,0,2,-105.0,70.5,-47.5,5.0,289292,286.109656,nan,0.289292,nan,1,0,289160,2,0,0,1,132,64,16,68,17,33,1,0,0,1
624,-47.5,57.5,12,6,0,0.0,0.0,0,0.0,57.5,1,562500.0,67.50382614135742,67.50382614135742,6,12,1,1,12,0,2,-105.0,70.5,-47.5,5.0,289292,286.398948,nan,0.289292,nan,1,0,289160,2,0,0,1,132,64,16,68,17,33,1,0,0,1
625,-47.5,57.5,10,5,0,0.0,0.0,0,0.0,57.5,0,562500.0,63.85725402832031,60.21068572998047,5,10,0,2,10,0,2,-105.0,70.5,-47.5,5.0,578584,286.977532,nan,0.578584,nan,2,0,578320,4,0,0,2,264,128,32,136,34,66,2,0,0,2
626,-47.5,57.5,14,7,0,0.0,0.0,0,0.0,57.5,1,562500.0,60.2106819152832,60.2106819152832,7,14,1,1,14,0,2,-105.0,70.5,-47.5,5.0,289292,287.266824,nan,0.289292,nan,1,0,289160,2,0,0,1,132,64,16,68,17,33,1,0,0,1
627,-47.5,57.5,14,7,0,0.0,0.0,0,0.0,57.5,0,562500.0,45.73618426487394,40.240009317300334,7,14,0,2,14,0,2,-105.0,70.5,-47.5,5.0,578584,287.845408,nan,0.578584,nan,2,0,578320,4,0,0,2,264,128,32,136,34,66,2,0,0,2
628,-47.5,57.5,14,7,0,0.0,0.0,0,0.0,57.5,1,562500.0,67.52546310424805,67.52546310424805,7,14,1,1,14,0,2,-105.0,70.5,-47.5,5.0,289292,288.1347,nan,0.289292,nan,1,0,289160,2,0,0,1,132,64,16,68,17,33,1,0,0,1
629,-47.5,57.5,14,7,0,0.0,0.0,0,0.0,57.5,1,562500.0,18.165146925054806,18.14339374089273,7,14,1,2,14,0,3,-105.0,70.5,-47.5,5.0,578584,288.713284,nan,0.578584,nan,2,0,578320,4,0,0,2,264,128,32,136,34,66,2,0,0,2
630,-47.5,57.5,14,7,0,0.0,0.0,0,0.0,57.5,0,562500.0,64.67141532897949,61.83900451660156,7,14,0,2,14,0,2,-105.0,70.5,-47.5,5.0,578584,289.291868,nan,0.578584,nan,2,0,578320,4,0,0,2,264,128,32,136,34,66,2,0,0,2
631,-47.5,57.5,18,9,0,0.0,0.0,0,0.0,57.5,0,562500.0,47.8759233309116,33.95018933354765,9,18,0,3,18,0,3,-105.0,70.5,-47.5,5.0,867876,290.159744,nan,0.867876,nan,3,0,867480,6,0,0,3,396,192,48,204,51,99,3,0,0,3
632,-47.5,57.5,18,9,0,0.0,0.0,0,0.0,57.5,0,562500.0,59.153011322021484,59.153011322021484,9,18,0,1,18,0,1,-105.0,70.5,-47.5,5.0,289292,290.449036,nan,0.289292,nan,1,0,289160,2,0,0,1,132,64,16,68,17,33,1,0,0,1
633,-47.5,57.5,20,10,0,0.0,0.0,0,0.0,57.5,0,562500.0,64.36823272705078,64.36823272705078,10,20,0,1,20,0,1,-105.0,70.5,-47.5,5.0,289292,290.738328,nan,0.289292,nan,1,0,289160,2,0,0,1,132,64,16,68,17,33,1,0,0,1
634,-47.5,57.5,18,9,0,0.0,0.0,0,0.0,57.5,1,562500.0,23.039850341323824,22.144948425689947,9,18,1,2,18,0,3,-105.0,70.5,-47.5,5.0,578584,291.316912,nan,0.578584,nan,2,0,578320,4,0,0,2,264,128,32,136,34,66,2,0,0,2
635,-47.5,57.5,16,8,0,0.0,0.0,0,0.0,57.5,1,562500.0,65.5169563293457,63.54941940307617,8,16,1,2,16,0,3,-105.0,70.5,-47.5,5.0,578584,291.895496,nan,0.578584,nan,2,0,578320,4,0,0,2,264,128,32,136,34,66,2,0,0,2
636,-47.5,57.5,16,8,0,0.0,0.0,0,0.0,57.5,0,562500.0,59.812435150146484,58.22320556640625,8,16,0,2,16,0,2,-105.0,70.5,-47.5,5.0,578584,292.47408,nan,0.578584,nan,2,0,578320,4,0,0,2,264,128,32,136,34,66,2,0,0,2
637,-47.5,57.5,10,5,0,0.0,0.0,0,0.0,57.5,1,562500.0,58.62127876281738,58.62126922607422,5,10,1,1,10,0,2,-105.0,70.5,-47.5,5.0,289292,292.763372,nan,0.289292,nan,1,0,289160,2,0,0,1,132,64,16,68,17,33,1,0,0,1
638,-47.5,57.5,8,4,0,0.0,0.0,0,0.0,57.5,0,562500.0,57.86903762817383,57.86903762817383,4,8,0,1,8,0,1,-105.0,70.5,-47.5,5.0,289292,293.052664,nan,0.289292,nan,1,0,289160,2,0,0,1,132,64,16,68,17,33,1,0,0,1
639,-47.5,57.5,8,4,0,0.0,0.0,0,0.0,57.5,0,562500.0,61.41633415222168,61.41633224487305,4,8,0,1,8,0,1,-105.0,70.5,-47.5,5.0,289292,293.341956,nan,0.289292,nan,1,0,289160,2,0,0,1,132,64,16,68,17,33,1,0,0,1
640,-47.5,57.5,8,4,0,0.0,0.0,0,0.0,57.5,0,562500.0,39.31307016525542,20.32362449281888,4,8,0,3,8,0,3,-105.0,70.5,-47.5,5.0,867876,294.209832,nan,0.867876,nan,3,0,867480,6,0,0,3,396,192,48,204,51,99,3,0,0,3
641,-47.5,57.5,8,4,0,0.0,0.0,0,0.0,57.5,1,562500.0,36.14225464500167,35.16319291149154,4,8,1,2,8,0,3,-105.0,70.5,-47.5,5.0,578584,294.788416,nan,0.578584,nan,2,0,578320,4,0,0,2,264,128,32,136,34,66,2,0,0,2
642,-47.5,57.5,4,2,0,0.0,0.0,0,0.0,57.5,0,0.0,nan,nan,2,4,0,0,4,0,0,-105.0,70.5,-47.5,5.0,0,294.788416,nan,0.0,nan,0,0,0,0,0,0,0,0,0,0,0,0,0,0,0,0,0
643,-47.5,57.5,2,1,0,0.0,0.0,0,0.0,57.5,0,0.0,nan,nan,1,2,0,0,2,0,0,-105.0,70.5,-47.5,5.0,0,294.788416,nan,0.0,nan,0,0,0,0,0,0,0,0,0,0,0,0,0,0,0,0,0
644,-47.5,57.5,2,1,0,0.0,0.0,0,0.0,57.5,0,0.0,nan,nan,1,2,0,0,2,0,0,-105.0,70.5,-47.5,5.0,0,294.788416,nan,0.0,nan,0,0,0,0,0,0,0,0,0,0,0,0,0,0,0,0,0
645,-47.5,57.5,2,1,0,0.0,0.0,0,0.0,57.5,0,0.0,nan,nan,1,2,0,0,2,0,0,-105.0,70.5,-47.5,5.0,0,294.788416,nan,0.0,nan,0,0,0,0,0,0,0,0,0,0,0,0,0,0,0,0,0
646,-47.5,57.5,6,3,0,0.0,0.0,0,0.0,57.5,1,562500.0,59.129005432128906,59.129005432128906,3,6,1,1,6,0,2,-105.0,70.5,-47.5,5.0,289292,295.077708,nan,0.289292,nan,1,0,289160,2,0,0,1,132,64,16,68,17,33,1,0,0,1
647,-47.5,57.5,8,4,0,0.0,0.0,0,0.0,57.5,1,562500.0,50.258386300365004,38.91112509734537,4,8,1,3,8,0,4,-105.0,70.5,-47.5,5.0,867876,295.945584,nan,0.867876,nan,3,0,867480,6,0,0,3,396,192,48,204,51,99,3,0,0,3
648,-47.5,57.5,10,5,0,0.0,0.0,0,0.0,57.5,0,562500.0,64.24007797241211,61.07695007324219,5,10,0,2,10,0,2,-105.0,70.5,-47.5,5.0,578584,296.524168,nan,0.578584,nan,2,0,578320,4,0,0,2,264,128,32,136,34,66,2,0,0,2
649,-47.5,57.5,10,5,0,0.0,0.0,0,0.0,57.5,0,562500.0,64.56766891479492,64.56766891479492,5,10,0,1,10,0,1,-105.0,70.5,-47.5,5.0,289292,296.81346,nan,0.289292,nan,1,0,289160,2,0,0,1,132,64,16,68,17,33,1,0,0,1
650,-47.5,57.5,12,6,0,0.0,0.0,0,0.0,57.5,1,562500.0,65.87536239624023,64.34751892089844,6,12,1,2,12,0,3,-105.0,70.5,-47.5,5.0,578584,297.392044,nan,0.578584,nan,2,0,578320,4,0,0,2,264,128,32,136,34,66,2,0,0,2
651,-47.5,57.5,14,7,0,0.0,0.0,0,0.0,57.5,1,562500.0,60.057701110839844,59.904720306396484,7,14,1,2,14,0,3,-105.0,70.5,-47.5,5.0,578584,297.970628,nan,0.578584,nan,2,0,578320,4,0,0,2,264,128,32,136,34,66,2,0,0,2
652,-47.5,57.5,12,6,0,0.0,0.0,0,0.0,57.5,0,562500.0,52.17334924535174,40.24001686988392,6,12,0,3,12,0,3,-105.0,70.5,-47.5,5.0,867876,298.838504,nan,0.867876,nan,3,0,867480,6,0,0,3,396,192,48,204,51,99,3,0,0,3
653,-47.5,57.5,14,7,0,0.0,0.0,0,0.0,57.5,0,562500.0,33.49636887305569,29.316872157780626,7,14,0,2,14,0,2,-105.0,70.5,-47.5,5.0,578584,299.417088,nan,0.578584,nan,2,0,578320,4,0,0,2,264,128,32,136,34,66,2,0,0,2
654,-47.5,57.5,16,8,0,0.0,0.0,0,0.0,57.5,0,562500.0,62.13432312011719,62.13432312011719,8,16,0,1,16,0,1,-105.0,70.5,-47.5,5.0,289292,299.70638,nan,0.289292,nan,1,0,289160,2,0,0,1,132,64,16,68,17,33,1,0,0,1
655,-47.5,57.5,16,8,0,0.0,0.0,0,0.0,57.5,1,562500.0,62.35688591003418,61.23131561279297,8,16,1,2,16,0,3,-105.0,70.5,-47.5,5.0,578584,300.284964,nan,0.578584,nan,2,0,578320,4,0,0,2,264,128,32,136,34,66,2,0,0,2
656,-47.5,57.5,22,11,0,0.0,0.0,0,0.0,57.5,1,562500.0,68.51916122436523,68.51916122436523,11,22,1,1,22,0,2,-105.0,70.5,-47.5,5.0,289292,300.574256,nan,0.289292,nan,1,0,289160,2,0,0,1,132,64,16,68,17,33,1,0,0,1
657,-47.5,57.5,22,11,0,0.0,0.0,0,0.0,57.5,0,562500.0,67.40320587158203,67.40320587158203,11,22,0,1,22,0,1,-105.0,70.5,-47.5,5.0,289292,300.863548,nan,0.289292,nan,1,0,289160,2,0,0,1,132,64,16,68,17,33,1,0,0,1
658,-47.5,57.5,20,10,0,0.0,0.0,0,0.0,57.5,0,562500.0,53.25963779169649,39.2511806857011,10,20,0,2,20,0,2,-105.0,70.5,-47.5,5.0,578584,301.442132,nan,0.578584,nan,2,0,578320,4,0,0,2,264,128,32,136,34,66,2,0,0,2
659,-47.5,57.5,16,8,0,0.0,0.0,0,0.0,57.5,1,562500.0,64.14031982421875,64.14031982421875,8,16,1,1,16,0,2,-105.0,70.5,-47.5,5.0,289292,301.731424,nan,0.289292,nan,1,0,289160,2,0,0,1,132,64,16,68,17,33,1,0,0,1
660,-47.5,57.5,12,6,0,0.0,0.0,0,0.0,57.5,0,0.0,nan,nan,6,12,0,0,12,0,0,-105.0,70.5,-47.5,5.0,0,301.731424,nan,0.0,nan,0,0,0,0,0,0,0,0,0,0,0,0,0,0,0,0,0
661,-47.5,57.5,8,4,0,0.0,0.0,0,0.0,57.5,1,562500.0,61.91446304321289,61.91446304321289,4,8,1,1,8,0,2,-105.0,70.5,-47.5,5.0,289292,302.020716,nan,0.289292,nan,1,0,289160,2,0,0,1,132,64,16,68,17,33,1,0,0,1
662,-47.5,57.5,8,4,0,0.0,0.0,0,0.0,57.5,0,562500.0,67.40320587158203,67.40320587158203,4,8,0,1,8,0,1,-105.0,70.5,-47.5,5.0,289292,302.310008,nan,0.289292,nan,1,0,289160,2,0,0,1,132,64,16,68,17,33,1,0,0,1
663,-47.5,57.5,12,6,0,0.0,0.0,0,0.0,57.5,0,562500.0,59.620277404785156,58.482704162597656,6,12,0,2,12,0,2,-105.0,70.5,-47.5,5.0,578584,302.888592,nan,0.578584,nan,2,0,578320,4,0,0,2,264,128,32,136,34,66,2,0,0,2
664,-47.5,57.5,8,4,0,0.0,0.0,0,0.0,57.5,1,562500.0,54.01801147812256,43.73767288990095,4,8,1,3,8,0,4,-105.0,70.5,-47.5,5.0,867876,303.756468,nan,0.867876,nan,3,0,867480,6,0,0,3,396,192,48,204,51,99,3,0,0,3
665,-47.5,57.5,8,4,0,0.0,0.0,0,0.0,57.5,1,562500.0,50.64406887510274,40.24001686988392,4,8,1,3,8,0,4,-105.0,70.5,-47.5,5.0,867876,304.624344,nan,0.867876,nan,3,0,867480,6,0,0,3,396,192,48,204,51,99,3,0,0,3
666,-47.5,57.5,8,4,0,0.0,0.0,0,0.0,57.5,0,562500.0,40.86265005382688,39.36749675865442,4,8,0,2,8,0,2,-105.0,70.5,-47.5,5.0,578584,305.202928,nan,0.578584,nan,2,0,578320,4,0,0,2,264,128,32,136,34,66,2,0,0,2
667,-47.5,57.5,8,4,0,0.0,0.0,0,0.0,57.5,0,562500.0,62.88076972961426,62.880767822265625,4,8,0,1,8,0,1,-105.0,70.5,-47.5,5.0,289292,305.49222,nan,0.289292,nan,1,0,289160,2,0,0,1,132,64,16,68,17,33,1,0,0,1
668,-47.5,57.5,8,4,0,0.0,0.0,0,0.0,57.5,0,0.0,nan,nan,4,8,0,0,8,0,0,-105.0,70.5,-47.5,5.0,0,305.49222,nan,0.0,nan,0,0,0,0,0,0,0,0,0,0,0,0,0,0,0,0,0
669,-47.5,57.5,8,4,0,0.0,0.0,0,0.0,57.5,0,562500.0,60.2106819152832,60.2106819152832,4,8,0,1,8,0,1,-105.0,70.5,-47.5,5.0,289292,305.781512,nan,0.289292,nan,1,0,289160,2,0,0,1,132,64,16,68,17,33,1,0,0,1
670,-47.5,57.5,10,5,0,0.0,0.0,0,0.0,57.5,0,562500.0,47.82409809489021,35.41723702695092,5,10,0,3,10,0,3,-105.0,70.5,-47.5,5.0,867876,306.649388,nan,0.867876,nan,3,0,867480,6,0,0,3,396,192,48,204,51,99,3,0,0,3
671,-47.5,57.5,10,5,0,0.0,0.0,0,0.0,57.5,1,562500.0,61.15821075439453,61.15821075439453,5,10,1,1,10,0,2,-105.0,70.5,-47.5,5.0,289292,306.93868,nan,0.289292,nan,1,0,289160,2,0,0,1,132,64,16,68,17,33,1,0,0,1
672,-47.5,57.5,10,5,0,0.0,0.0,0,0.0,57.5,0,562500.0,65.50166702270508,63.600128173828125,5,10,0,2,10,0,2,-105.0,70.5,-47.5,5.0,578584,307.517264,nan,0.578584,nan,2,0,578320,4,0,0,2,264,128,32,136,34,66,2,0,0,2
673,-47.5,57.5,8,4,0,0.0,0.0,0,0.0,57.5,1,562500.0,67.40320587158203,67.40320587158203,4,8,1,1,8,0,2,-105.0,70.5,-47.5,5.0,289292,307.806556,nan,0.289292,nan,1,0,289160,2,0,0,1,132,64,16,68,17,33,1,0,0,1
674,-47.5,57.5,8,4,0,0.0,0.0,0,0.0,57.5,0,562500.0,60.047271728515625,59.88386154174805,4,8,0,2,8,0,2,-105.0,70.5,-47.5,5.0,578584,308.38514,nan,0.578584,nan,2,0,578320,4,0,0,2,264,128,32,136,34,66,2,0,0,2
675,-47.5,57.5,10,5,0,0.0,0.0,0,0.0,57.5,0,562500.0,58.41643142700195,58.41643142700195,5,10,0,1,10,0,1,-105.0,70.5,-47.5,5.0,289292,308.674432,nan,0.289292,nan,1,0,289160,2,0,0,1,132,64,16,68,17,33,1,0,0,1
676,-47.5,57.5,14,7,0,0.0,0.0,0,0.0,57.5,0,562500.0,57.53759002685547,57.53759002685547,7,14,0,1,14,0,1,-105.0,70.5,-47.5,5.0,289292,308.963724,nan,0.289292,nan,1,0,289160,2,0,0,1,132,64,16,68,17,33,1,0,0,1
677,-47.5,57.5,18,9,0,0.0,0.0,0,0.0,57.5,1,562500.0,33.59041276298286,21.891465712293005,9,18,1,2,18,0,3,-105.0,70.5,-47.5,5.0,578584,309.542308,nan,0.578584,nan,2,0,578320,4,0,0,2,264,128,32,136,34,66,2,0,0,2
678,-47.5,57.5,22,11,0,0.0,0.0,0,0.0,57.5,0,562500.0,63.19722366333008,63.19722366333008,11,22,0,1,22,0,1,-105.0,70.5,-47.5,5.0,289292,309.8316,nan,0.289292,nan,1,0,289160,2,0,0,1,132,64,16,68,17,33,1,0,0,1
679,-47.5,57.5,24,12,0,0.0,0.0,0,0.0,57.5,1,562500.0,44.79199640808335,41.8835995013259,12,24,1,2,24,0,3,-105.0,70.5,-47.5,5.0,578584,310.410184,nan,0.578584,nan,2,0,578320,4,0,0,2,264,128,32,136,34,66,2,0,0,2
680,-47.5,57.5,22,11,0,0.0,0.0,0,0.0,57.5,0,562500.0,40.947896203224786,38.15365101956497,11,22,0,2,22,0,2,-105.0,70.5,-47.5,5.0,578584,310.988768,nan,0.578584,nan,2,0,578320,4,0,0,2,264,128,32,136,34,66,2,0,0,2
681,-47.5,57.5,18,9,0,0.0,0.0,0,0.0,57.5,2,562500.0,67.95884704589844,67.95884704589844,9,18,2,1,18,0,3,-105.0,70.5,-47.5,5.0,289292,311.27806,nan,0.289292,nan,1,0,289160,2,0,0,1,132,64,16,68,17,33,1,0,0,1
682,-47.5,57.5,16,8,0,0.0,0.0,0,0.0,57.5,0,562500.0,52.71928477758133,40.49865688508221,8,16,0,3,16,0,3,-105.0,70.5,-47.5,5.0,867876,312.145936,nan,0.867876,nan,3,0,867480,6,0,0,3,396,192,48,204,51,99,3,0,0,3
683,-47.5,57.5,12,6,0,0.0,0.0,0,0.0,57.5,1,562500.0,63.10293388366699,57.656593322753906,6,12,1,2,12,0,3,-105.0,70.5,-47.5,5.0,578584,312.72452,nan,0.578584,nan,2,0,578320,4,0,0,2,264,128,32,136,34,66,2,0,0,2
684,-47.5,57.5,14,7,0,0.0,0.0,0,0.0,57.5,0,562500.0,58.76416778564453,58.2343635559082,7,14,0,3,14,0,3,-105.0,70.5,-47.5,5.0,867876,313.592396,nan,0.867876,nan,3,0,867480,6,0,0,3,396,192,48,204,51,99,3,0,0,3
685,-47.5,57.5,12,6,0,0.0,0.0,0,0.0,57.5,0,562500.0,42.349724431533176,39.10250230304834,6,12,0,2,12,0,2,-105.0,70.5,-47.5,5.0,578584,314.17098,nan,0.578584,nan,2,0,578320,4,0,0,2,264,128,32,136,34,66,2,0,0,2
686,-47.5,57.5,8,4,0,0.0,0.0,0,0.0,57.5,0,562500.0,59.02168655395508,59.02165985107422,4,8,0,1,8,0,1,-105.0,70.5,-47.5,5.0,289292,314.460272,nan,0.289292,nan,1,0,289160,2,0,0,1,132,64,16,68,17,33,1,0,0,1
687,-47.5,57.5,8,4,0,0.0,0.0,0,0.0,57.5,0,562500.0,57.89558029174805,57.89558029174805,4,8,0,1,8,0,1,-105.0,70.5,-47.5,5.0,289292,314.749564,nan,0.289292,nan,1,0,289160,2,0,0,1,132,64,16,68,17,33,1,0,0,1
688,-47.5,57.5,6,3,0,0.0,0.0,0,0.0,57.5,2,562500.0,65.85780715942383,65.85780715942383,3,6,2,1,6,0,3,-105.0,70.5,-47.5,5.0,289292,315.038856,nan,0.289292,nan,1,0,289160,2,0,0,1,132,64,16,68,17,33,1,0,0,1
689,-47.5,57.5,6,3,0,0.0,0.0,0,0.0,57.5,1,562500.0,59.843231201171875,59.843223571777344,3,6,1,1,6,0,2,-105.0,70.5,-47.5,5.0,289292,315.328148,nan,0.289292,nan,1,0,289160,2,0,0,1,132,64,16,68,17,33,1,0,0,1
690,-47.5,57.5,4,2,0,0.0,0.0,0,0.0,57.5,0,562500.0,60.2106819152832,60.2106819152832,2,4,0,1,4,0,1,-105.0,70.5,-47.5,5.0,289292,315.61744,nan,0.289292,nan,1,0,289160,2,0,0,1,132,64,16,68,17,33,1,0,0,1
691,-47.5,57.5,2,1,0,0.0,0.0,0,0.0,57.5,0,0.0,nan,nan,1,2,0,0,2,0,0,-105.0,70.5,-47.5,5.0,0,315.61744,nan,0.0,nan,0,0,0,0,0,0,0,0,0,0,0,0,0,0,0,0,0
692,-47.5,57.5,4,2,0,0.0,0.0,0,0.0,57.5,1,562500.0,60.2106819152832,60.2106819152832,2,4,1,1,4,0,2,-105.0,70.5,-47.5,5.0,289292,315.906732,nan,0.289292,nan,1,0,289160,2,0,0,1,132,64,16,68,17,33,1,0,0,1
693,-47.5,57.5,8,4,0,0.0,0.0,0,0.0,57.5,1,562500.0,59.92104148864746,58.19861602783203,4,8,1,2,8,0,3,-105.0,70.5,-47.5,5.0,578584,316.485316,nan,0.578584,nan,2,0,578320,4,0,0,2,264,128,32,136,34,66,2,0,0,2
694,-47.5,57.5,8,4,0,0.0,0.0,0,0.0,57.5,0,0.0,nan,nan,4,8,0,0,8,0,0,-105.0,70.5,-47.5,5.0,0,316.485316,nan,0.0,nan,0,0,0,0,0,0,0,0,0,0,0,0,0,0,0,0,0
695,-47.5,57.5,10,5,0,0.0,0.0,0,0.0,57.5,0,562500.0,58.464237213134766,58.464237213134766,5,10,0,1,10,0,1,-105.0,70.5,-47.5,5.0,289292,316.774608,nan,0.289292,nan,1,0,289160,2,0,0,1,132,64,16,68,17,33,1,0,0,1
696,-47.5,57.5,10,5,0,0.0,0.0,0,0.0,57.5,0,562500.0,48.16867810212485,32.26859459786768,5,10,0,3,10,0,3,-105.0,70.5,-47.5,5.0,867876,317.642484,nan,0.867876,nan,3,0,867480,6,0,0,3,396,192,48,204,51,99,3,0,0,3
697,-47.5,57.5,10,5,0,0.0,0.0,0,0.0,57.5,0,562500.0,63.85376167297363,60.2106819152832,5,10,0,2,10,0,2,-105.0,70.5,-47.5,5.0,578584,318.221068,nan,0.578584,nan,2,0,578320,4,0,0,2,264,128,32,136,34,66,2,0,0,2
698,-47.5,57.5,10,5,0,0.0,0.0,0,0.0,57.5,1,562500.0,67.63127517700195,67.63127517700195,5,10,1,1,10,0,2,-105.0,70.5,-47.5,5.0,289292,318.51036,nan,0.289292,nan,1,0,289160,2,0,0,1,132,64,16,68,17,33,1,0,0,1
699,-47.5,57.5,10,5,0,0.0,0.0,0,0.0,57.5,2,562500.0,63.59532070159912,59.559364318847656,5,10,2,2,10,0,4,-105.0,70.5,-47.5,5.0,578584,319.088944,nan,0.578584,nan,2,0,578320,4,0,0,2,264,128,32,136,34,66,2,0,0,2
700,-47.5,57.5,14,7,0,0.0,0.0,0,0.0,57.5,1,562500.0,56.1866897647703,41.22361055667525,7,14,1,4,14,0,5,-105.0,70.5,-47.5,5.0,1157168,320.246112,nan,1.157168,nan,4,0,1156640,8,0,0,4,528,256,64,272,68,132,4,0,0,4
701,-47.5,57.5,14,7,0,0.0,0.0,0,0.0,57.5,1,562500.0,60.03007888793945,60.03007888793945,7,14,1,1,14,0,2,-105.0,70.5,-47.5,5.0,289292,320.535404,nan,0.289292,nan,1,0,289160,2,0,0,1,132,64,16,68,17,33,1,0,0,1
702,-47.5,57.5,14,7,0,0.0,0.0,0,0.0,57.5,0,562500.0,48.203185011740175,32.3151443729025,7,14,0,3,14,0,3,-105.0,70.5,-47.5,5.0,867876,321.40328,nan,0.867876,nan,3,0,867480,6,0,0,3,396,192,48,204,51,99,3,0,0,3
703,-47.5,57.5,14,7,0,0.0,0.0,0,0.0,57.5,0,562500.0,65.03923924763997,60.2106819152832,7,14,0,3,14,0,3,-105.0,70.5,-47.5,5.0,867876,322.271156,nan,0.867876,nan,3,0,867480,6,0,0,3,396,192,48,204,51,99,3,0,0,3
704,-47.5,57.5,14,7,0,0.0,0.0,0,0.0,57.5,0,562500.0,19.944378466191363,19.378879764558807,7,14,0,2,14,0,2,-105.0,70.5,-47.5,5.0,578584,322.84974,nan,0.578584,nan,2,0,578320,4,0,0,2,264,128,32,136,34,66,2,0,0,2
705,-47.5,57.5,14,7,0,0.0,0.0,0,0.0,57.5,0,0.0,nan,nan,7,14,0,0,14,0,0,-105.0,70.5,-47.5,5.0,0,322.84974,nan,0.0,nan,0,0,0,0,0,0,0,0,0,0,0,0,0,0,0,0,0
706,-47.5,57.5,14,7,0,0.0,0.0,0,0.0,57.5,0,0.0,nan,nan,7,14,0,0,14,0,0,-105.0,70.5,-47.5,5.0,0,322.84974,nan,0.0,nan,0,0,0,0,0,0,0,0,0,0,0,0,0,0,0,0,0
707,-47.5,57.5,14,7,0,0.0,0.0,0,0.0,57.5,0,562500.0,45.736206612968026,40.240009317300334,7,14,0,2,14,0,2,-105.0,70.5,-47.5,5.0,578584,323.428324,nan,0.578584,nan,2,0,578320,4,0,0,2,264,128,32,136,34,66,2,0,0,2
708,-47.5,57.5,14,7,0,0.0,0.0,0,0.0,57.5,1,562500.0,67.52908325195312,67.52908325195312,7,14,1,1,14,0,2,-105.0,70.5,-47.5,5.0,289292,323.717616,nan,0.289292,nan,1,0,289160,2,0,0,1,132,64,16,68,17,33,1,0,0,1
709,-47.5,57.5,14,7,0,0.0,0.0,0,0.0,57.5,1,562500.0,33.24439901136169,19.688885386283573,7,14,1,3,14,0,4,-105.0,70.5,-47.5,5.0,867876,324.585492,nan,0.867876,nan,3,0,867480,6,0,0,3,396,192,48,204,51,99,3,0,0,3
710,-47.5,57.5,14,7,0,0.0,0.0,0,0.0,57.5,0,562500.0,67.50382995605469,67.50382995605469,7,14,0,1,14,0,1,-105.0,70.5,-47.5,5.0,289292,324.874784,nan,0.289292,nan,1,0,289160,2,0,0,1,132,64,16,68,17,33,1,0,0,1
711,-47.5,57.5,14,7,0,0.0,0.0,0,0.0,57.5,0,562500.0,60.2106819152832,60.2106819152832,7,14,0,1,14,0,1,-105.0,70.5,-47.5,5.0,289292,325.164076,nan,0.289292,nan,1,0,289160,2,0,0,1,132,64,16,68,17,33,1,0,0,1
712,-47.5,57.5,14,7,0,0.0,0.0,0,0.0,57.5,1,562500.0,36.04831090957267,19.83363163983432,7,14,1,3,14,0,4,-105.0,70.5,-47.5,5.0,867876,326.031952,nan,0.867876,nan,3,0,867480,6,0,0,3,396,192,48,204,51,99,3,0,0,3
713,-47.5,57.5,14,7,0,0.0,0.0,0,0.0,57.5,0,562500.0,64.59436416625977,61.7855224609375,7,14,0,2,14,0,2,-105.0,70.5,-47.5,5.0,578584,326.610536,nan,0.578584,nan,2,0,578320,4,0,0,2,264,128,32,136,34,66,2,0,0,2
714,-47.5,57.5,14,7,0,0.0,0.0,0,0.0,57.5,0,0.0,nan,nan,7,14,0,0,14,0,0,-105.0,70.5,-47.5,5.0,0,326.610536,nan,0.0,nan,0,0,0,0,0,0,0,0,0,0,0,0,0,0,0,0,0
715,-47.5,57.5,14,7,0,0.0,0.0,0,0.0,57.5,0,562500.0,41.78410072641678,19.688885386283573,7,14,0,4,14,0,4,-105.0,70.5,-47.5,5.0,1157168,327.767704,nan,1.157168,nan,4,0,1156640,8,0,0,4,528,256,64,272,68,132,4,0,0,4
716,-47.5,57.5,14,7,0,0.0,0.0,0,0.0,57.5,1,562500.0,61.7855224609375,61.7855224609375,7,14,1,1,14,0,2,-105.0,70.5,-47.5,5.0,289292,328.056996,nan,0.289292,nan,1,0,289160,2,0,0,1,132,64,16,68,17,33,1,0,0,1
717,-47.5,57.5,14,7,0,0.0,0.0,0,0.0,57.5,0,562500.0,36.04831090957267,19.83363163983432,7,14,0,3,14,0,3,-105.0,70.5,-47.5,5.0,867876,328.924872,nan,0.867876,nan,3,0,867480,6,0,0,3,396,192,48,204,51,99,3,0,0,3
718,-47.5,57.5,14,7,0,0.0,0.0,0,0.0,57.5,0,562500.0,45.73618426487395,40.240009317300334,7,14,0,2,14,0,2,-105.0,70.5,-47.5,5.0,578584,329.503456,nan,0.578584,nan,2,0,578320,4,0,0,2,264,128,32,136,34,66,2,0,0,2
719,-47.5,57.5,14,7,0,0.0,0.0,0,0.0,57.5,1,562500.0,60.2106819152832,60.2106819152832,7,14,1,2,14,0,3,-105.0,70.5,-47.5,5.0,578584,330.08204,nan,0.578584,nan,2,0,578320,4,0,0,2,264,128,32,136,34,66,2,0,0,2
720,-47.5,57.5,14,7,0,0.0,0.0,0,0.0,57.5,0,562500.0,60.2106819152832,60.2106819152832,7,14,0,1,14,0,1,-105.0,70.5,-47.5,5.0,289292,330.371332,nan,0.289292,nan,1,0,289160,2,0,0,1,132,64,16,68,17,33,1,0,0,1
721,-47.5,57.5,18,9,0,0.0,0.0,0,0.0,57.5,0,562500.0,63.53824806213379,61.14912033081055,9,18,0,2,18,0,2,-105.0,70.5,-47.5,5.0,578584,330.949916,nan,0.578584,nan,2,0,578320,4,0,0,2,264,128,32,136,34,66,2,0,0,2
722,-47.5,57.5,18,9,0,0.0,0.0,0,0.0,57.5,0,562500.0,64.89286804199219,64.89286804199219,9,18,0,1,18,0,1,-105.0,70.5,-47.5,5.0,289292,331.239208,nan,0.289292,nan,1,0,289160,2,0,0,1,132,64,16,68,17,33,1,0,0,1
723,-47.5,57.5,18,9,0,0.0,0.0,0,0.0,57.5,1,562500.0,21.720408832629317,18.399347329412002,9,18,1,2,18,0,3,-105.0,70.5,-47.5,5.0,578584,331.817792,nan,0.578584,nan,2,0,578320,4,0,0,2,264,128,32,136,34,66,2,0,0,2
724,-47.5,57.5,20,10,0,0.0,0.0,0,0.0,57.5,0,562500.0,47.8592305028613,36.301902861903244,10,20,0,3,20,0,3,-105.0,70.5,-47.5,5.0,867876,332.685668,nan,0.867876,nan,3,0,867480,6,0,0,3,396,192,48,204,51,99,3,0,0,3
725,-47.5,57.5,18,9,0,0.0,0.0,0,0.0,57.5,0,562500.0,48.209576772284265,36.84457945396036,9,18,0,3,18,0,3,-105.0,70.5,-47.5,5.0,867876,333.553544,nan,0.867876,nan,3,0,867480,6,0,0,3,396,192,48,204,51,99,3,0,0,3
726,-47.5,57.5,16,8,0,0.0,0.0,0,0.0,57.5,0,562500.0,59.94017791748047,59.9401741027832,8,16,0,1,16,0,1,-105.0,70.5,-47.5,5.0,289292,333.842836,nan,0.289292,nan,1,0,289160,2,0,0,1,132,64,16,68,17,33,1,0,0,1
727,-47.5,57.5,10,5,0,0.0,0.0,0,0.0,57.5,0,562500.0,60.81814765930176,60.818145751953125,5,10,0,1,10,0,1,-105.0,70.5,-47.5,5.0,289292,334.132128,nan,0.289292,nan,1,0,289160,2,0,0,1,132,64,16,68,17,33,1,0,0,1
728,-47.5,57.5,8,4,0,0.0,0.0,0,0.0,57.5,1,562500.0,58.170650482177734,58.170650482177734,4,8,1,1,8,0,2,-105.0,70.5,-47.5,5.0,289292,334.42142,nan,0.289292,nan,1,0,289160,2,0,0,1,132,64,16,68,17,33,1,0,0,1
729,-47.5,57.5,4,2,0,0.0,0.0,0,0.0,57.5,0,562500.0,57.95964813232422,57.95964813232422,2,4,0,1,4,0,1,-105.0,70.5,-47.5,5.0,289292,334.710712,nan,0.289292,nan,1,0,289160,2,0,0,1,132,64,16,68,17,33,1,0,0,1
730,-47.5,57.5,6,3,0,0.0,0.0,0,0.0,57.5,0,0.0,nan,nan,3,6,0,0,6,0,0,-105.0,70.5,-47.5,5.0,0,334.710712,nan,0.0,nan,0,0,0,0,0,0,0,0,0,0,0,0,0,0,0,0,0
731,-47.5,57.5,4,2,0,0.0,0.0,0,0.0,57.5,0,562500.0,60.859283447265625,60.859283447265625,2,4,0,1,4,0,1,-105.0,70.5,-47.5,5.0,289292,335.000004,nan,0.289292,nan,1,0,289160,2,0,0,1,132,64,16,68,17,33,1,0,0,1
732,-47.5,57.5,4,2,0,0.0,0.0,0,0.0,57.5,0,562500.0,58.13966369628906,58.13966369628906,2,4,0,1,4,0,1,-105.0,70.5,-47.5,5.0,289292,335.289296,nan,0.289292,nan,1,0,289160,2,0,0,1,132,64,16,68,17,33,1,0,0,1
733,-47.5,57.5,2,1,0,0.0,0.0,0,0.0,57.5,0,562500.0,57.50319862365723,57.503196716308594,1,2,0,1,2,0,1,-105.0,70.5,-47.5,5.0,289292,335.578588,nan,0.289292,nan,1,0,289160,2,0,0,1,132,64,16,68,17,33,1,0,0,1
734,-47.5,57.5,4,2,0,0.0,0.0,0,0.0,57.5,2,562500.0,43.35535324698868,38.42851522355275,2,4,2,2,4,0,4,-105.0,70.5,-47.5,5.0,578584,336.157172,nan,0.578584,nan,2,0,578320,4,0,0,2,264,128,32,136,34,66,2,0,0,2
735,-47.5,57.5,6,3,0,0.0,0.0,0,0.0,57.5,1,562500.0,39.93895738583759,18.594844263964198,3,6,1,3,6,0,4,-105.0,70.5,-47.5,5.0,867876,337.025048,nan,0.867876,nan,3,0,867480,6,0,0,3,396,192,48,204,51,99,3,0,0,3
736,-47.5,57.5,4,2,0,0.0,0.0,0,0.0,57.5,0,562500.0,60.115779876708984,60.115779876708984,2,4,0,1,4,0,1,-105.0,70.5,-47.5,5.0,289292,337.31434,nan,0.289292,nan,1,0,289160,2,0,0,1,132,64,16,68,17,33,1,0,0,1
737,-47.5,57.5,4,2,0,0.0,0.0,0,0.0,57.5,0,562500.0,74.37049674987793,74.37049674987793,2,4,0,1,4,0,1,-105.0,70.5,-47.5,5.0,289292,337.603632,nan,0.289292,nan,1,0,289160,2,0,0,1,132,64,16,68,17,33,1,0,0,1
738,-47.5,57.5,4,2,0,0.0,0.0,0,0.0,57.5,0,562500.0,66.18106460571289,66.18106460571289,2,4,0,1,4,0,1,-105.0,70.5,-47.5,5.0,289292,337.892924,nan,0.289292,nan,1,0,289160,2,0,0,1,132,64,16,68,17,33,1,0,0,1
739,-47.5,57.5,6,3,0,0.0,0.0,0,0.0,57.5,0,0.0,nan,nan,3,6,0,0,6,0,0,-105.0,70.5,-47.5,5.0,0,337.892924,nan,0.0,nan,0,0,0,0,0,0,0,0,0,0,0,0,0,0,0,0,0
740,-47.5,57.5,6,3,0,0.0,0.0,0,0.0,57.5,0,562500.0,52.952837248386345,38.83970297869046,3,6,0,3,6,0,3,-105.0,70.5,-47.5,5.0,867876,338.7608,nan,0.867876,nan,3,0,867480,6,0,0,3,396,192,48,204,51,99,3,0,0,3
741,-47.5,57.5,8,4,0,0.0,0.0,0,0.0,57.5,0,562500.0,60.2081298828125,60.2081298828125,4,8,0,1,8,0,1,-105.0,70.5,-47.5,5.0,289292,339.050092,nan,0.289292,nan,1,0,289160,2,0,0,1,132,64,16,68,17,33,1,0,0,1
742,-47.5,57.5,8,4,0,0.0,0.0,0,0.0,57.5,0,562500.0,40.21332648393422,37.181990871814946,4,8,0,2,8,0,2,-105.0,70.5,-47.5,5.0,578584,339.628676,nan,0.578584,nan,2,0,578320,4,0,0,2,264,128,32,136,34,66,2,0,0,2
743,-47.5,57.5,10,5,0,0.0,0.0,0,0.0,57.5,0,562500.0,32.39117462037434,22.778784699549547,5,10,0,2,10,0,2,-105.0,70.5,-47.5,5.0,578584,340.20726,nan,0.578584,nan,2,0,578320,4,0,0,2,264,128,32,136,34,66,2,0,0,2
744,-47.5,57.5,10,5,0,0.0,0.0,0,0.0,57.5,0,562500.0,40.2274714076162,40.212350483618444,5,10,0,2,10,0,2,-105.0,70.5,-47.5,5.0,578584,340.785844,nan,0.578584,nan,2,0,578320,4,0,0,2,264,128,32,136,34,66,2,0,0,2
745,-47.5,57.5,10,5,0,0.0,0.0,0,0.0,57.5,0,0.0,nan,nan,5,10,0,0,10,0,0,-105.0,70.5,-47.5,5.0,0,340.785844,nan,0.0,nan,0,0,0,0,0,0,0,0,0,0,0,0,0,0,0,0,0
746,-47.5,57.5,10,5,0,0.0,0.0,0,0.0,57.5,0,562500.0,63.73965835571289,60.21068572998047,5,10,0,2,10,0,2,-105.0,70.5,-47.5,5.0,578584,341.364428,nan,0.578584,nan,2,0,578320,4,0,0,2,264,128,32,136,34,66,2,0,0,2
747,-47.5,57.5,12,6,0,0.0,0.0,0,0.0,57.5,1,562500.0,18.493458791329843,18.122911483332878,6,12,1,2,12,0,3,-105.0,70.5,-47.5,5.0,578584,341.943012,nan,0.578584,nan,2,0,578320,4,0,0,2,264,128,32,136,34,66,2,0,0,2
748,-47.5,57.5,12,6,0,0.0,0.0,0,0.0,57.5,0,562500.0,49.755354360751085,39.50745686134832,6,12,0,3,12,0,3,-105.0,70.5,-47.5,5.0,867876,342.810888,nan,0.867876,nan,3,0,867480,6,0,0,3,396,192,48,204,51,99,3,0,0,3
749,-47.5,57.5,12,6,0,0.0,0.0,0,0.0,57.5,0,562500.0,60.2106819152832,60.2106819152832,6,12,0,1,12,0,1,-105.0,70.5,-47.5,5.0,289292,343.10018,nan,0.289292,nan,1,0,289160,2,0,0,1,132,64,16,68,17,33,1,0,0,1
750,-47.5,57.5,12,6,0,0.0,0.0,0,0.0,57.5,0,562500.0,63.86017036437988,60.21068572998047,6,12,0,2,12,0,2,-105.0,70.5,-47.5,5.0,578584,343.678764,nan,0.578584,nan,2,0,578320,4,0,0,2,264,128,32,136,34,66,2,0,0,2
751,-47.5,57.5,12,6,0,0.0,0.0,0,0.0,57.5,0,562500.0,63.80694580078125,60.21068572998047,6,12,0,2,12,0,2,-105.0,70.5,-47.5,5.0,578584,344.257348,nan,0.578584,nan,2,0,578320,4,0,0,2,264,128,32,136,34,66,2,0,0,2
752,-47.5,57.5,12,6,0,0.0,0.0,0,0.0,57.5,0,562500.0,63.80694389343262,60.2106819152832,6,12,0,2,12,0,2,-105.0,70.5,-47.5,5.0,578584,344.835932,nan,0.578584,nan,2,0,578320,4,0,0,2,264,128,32,136,34,66,2,0,0,2
753,-47.5,57.5,12,6,0,0.0,0.0,0,0.0,57.5,0,0.0,nan,nan,6,12,0,0,12,0,0,-105.0,70.5,-47.5,5.0,0,344.835932,nan,0.0,nan,0,0,0,0,0,0,0,0,0,0,0,0,0,0,0,0,0
754,-47.5,57.5,12,6,0,0.0,0.0,0,0.0,57.5,2,562500.0,67.40320587158203,67.40320587158203,6,12,2,1,12,0,3,-105.0,70.5,-47.5,5.0,289292,345.125224,nan,0.289292,nan,1,0,289160,2,0,0,1,132,64,16,68,17,33,1,0,0,1
755,-47.5,57.5,12,6,0,0.0,0.0,0,0.0,57.5,1,562500.0,60.75397831745449,47.432555931349484,6,12,1,3,12,0,4,-105.0,70.5,-47.5,5.0,867876,345.9931,nan,0.867876,nan,3,0,867480,6,0,0,3,396,192,48,204,51,99,3,0,0,3
756,-47.5,57.5,12,6,0,0.0,0.0,0,0.0,57.5,0,562500.0,67.5613899230957,67.5613899230957,6,12,0,1,12,0,1,-105.0,70.5,-47.5,5.0,289292,346.282392,nan,0.289292,nan,1,0,289160,2,0,0,1,132,64,16,68,17,33,1,0,0,1
757,-47.5,57.5,12,6,0,0.0,0.0,0,0.0,57.5,1,562500.0,63.886037826538086,60.21068572998047,6,12,1,2,12,0,3,-105.0,70.5,-47.5,5.0,578584,346.860976,nan,0.578584,nan,2,0,578320,4,0,0,2,264,128,32,136,34,66,2,0,0,2
758,-47.5,57.5,12,6,0,0.0,0.0,0,0.0,57.5,0,562500.0,60.2106819152832,60.2106819152832,6,12,0,1,12,0,1,-105.0,70.5,-47.5,5.0,289292,347.150268,nan,0.289292,nan,1,0,289160,2,0,0,1,132,64,16,68,17,33,1,0,0,1
759,-47.5,57.5,12,6,0,0.0,0.0,0,0.0,57.5,1,562500.0,63.80694580078125,60.21068572998047,6,12,1,2,12,0,3,-105.0,70.5,-47.5,5.0,578584,347.728852,nan,0.578584,nan,2,0,578320,4,0,0,2,264,128,32,136,34,66,2,0,0,2
760,-47.5,57.5,12,6,0,0.0,0.0,0,0.0,57.5,0,562500.0,60.21068572998047,60.21068572998047,6,12,0,2,12,0,2,-105.0,70.5,-47.5,5.0,578584,348.307436,nan,0.578584,nan,2,0,578320,4,0,0,2,264,128,32,136,34,66,2,0,0,2
761,-47.5,57.5,12,6,0,0.0,0.0,0,0.0,57.5,0,562500.0,63.80694389343262,60.2106819152832,6,12,0,2,12,0,2,-105.0,70.5,-47.5,5.0,578584,348.88602,nan,0.578584,nan,2,0,578320,4,0,0,2,264,128,32,136,34,66,2,0,0,2
762,-47.5,57.5,12,6,0,0.0,0.0,0,0.0,57.5,1,562500.0,67.40320587158203,67.40320587158203,6,12,1,1,12,0,2,-105.0,70.5,-47.5,5.0,289292,349.175312,nan,0.289292,nan,1,0,289160,2,0,0,1,132,64,16,68,17,33,1,0,0,1
763,-47.5,57.5,12,6,0,0.0,0.0,0,0.0,57.5,1,562500.0,49.56895420404421,38.94575110442545,6,12,1,3,12,0,4,-105.0,70.5,-47.5,5.0,867876,350.043188,nan,0.867876,nan,3,0,867480,6,0,0,3,396,192,48,204,51,99,3,0,0,3
764,-47.5,57.5,12,6,0,0.0,0.0,0,0.0,57.5,0,562500.0,55.71477570268046,39.50746067604559,6,12,0,3,12,0,3,-105.0,70.5,-47.5,5.0,867876,350.911064,nan,0.867876,nan,3,0,867480,6,0,0,3,396,192,48,204,51,99,3,0,0,3
765,-47.5,57.5,12,6,0,0.0,0.0,0,0.0,57.5,0,0.0,nan,nan,6,12,0,0,12,0,0,-105.0,70.5,-47.5,5.0,0,350.911064,nan,0.0,nan,0,0,0,0,0,0,0,0,0,0,0,0,0,0,0,0,0
766,-47.5,57.5,18,9,0,0.0,0.0,0,0.0,57.5,0,562500.0,61.510982513427734,61.510982513427734,9,18,0,1,18,0,1,-105.0,70.5,-47.5,5.0,289292,351.200356,nan,0.289292,nan,1,0,289160,2,0,0,1,132,64,16,68,17,33,1,0,0,1
767,-47.5,57.5,18,9,0,0.0,0.0,0,0.0,57.5,2,562500.0,45.562421442303275,44.51517884433595,9,18,2,2,18,0,4,-105.0,70.5,-47.5,5.0,578584,351.77894,nan,0.578584,nan,2,0,578320,4,0,0,2,264,128,32,136,34,66,2,0,0,2
768,-47.5,57.5,18,9,0,0.0,0.0,0,0.0,57.5,0,562500.0,49.09318451799091,41.98801834846641,9,18,0,3,18,0,3,-105.0,70.5,-47.5,5.0,867876,352.646816,nan,0.867876,nan,3,0,867480,6,0,0,3,396,192,48,204,51,99,3,0,0,3
769,-47.5,57.5,18,9,0,0.0,0.0,0,0.0,57.5,0,562500.0,63.506553649902344,63.506553649902344,9,18,0,1,18,0,1,-105.0,70.5,-47.5,5.0,289292,352.936108,nan,0.289292,nan,1,0,289160,2,0,0,1,132,64,16,68,17,33,1,0,0,1
770,-47.5,57.5,18,9,0,0.0,0.0,0,0.0,57.5,0,562500.0,66.41852951049805,66.41852951049805,9,18,0,1,18,0,1,-105.0,70.5,-47.5,5.0,289292,353.2254,nan,0.289292,nan,1,0,289160,2,0,0,1,132,64,16,68,17,33,1,0,0,1
771,-47.5,57.5,10,5,0,0.0,0.0,0,0.0,57.5,2,562500.0,39.02921336596031,18.934883604284714,5,10,2,3,10,0,5,-105.0,70.5,-47.5,5.0,867876,354.093276,nan,0.867876,nan,3,0,867480,6,0,0,3,396,192,48,204,51,99,3,0,0,3
772,-47.5,57.5,6,3,0,0.0,0.0,0,0.0,57.5,0,562500.0,62.16465377807617,58.66388702392578,3,6,0,2,6,0,2,-105.0,70.5,-47.5,5.0,578584,354.67186,nan,0.578584,nan,2,0,578320,4,0,0,2,264,128,32,136,34,66,2,0,0,2
773,-47.5,57.5,6,3,0,0.0,0.0,0,0.0,57.5,0,562500.0,60.73453140258789,59.69602584838867,3,6,0,2,6,0,2,-105.0,70.5,-47.5,5.0,578584,355.250444,nan,0.578584,nan,2,0,578320,4,0,0,2,264,128,32,136,34,66,2,0,0,2
774,-47.5,57.5,4,2,0,0.0,0.0,0,0.0,57.5,1,562500.0,62.3331413269043,62.3331413269043,2,4,1,1,4,0,2,-105.0,70.5,-47.5,5.0,289292,355.539736,nan,0.289292,nan,1,0,289160,2,0,0,1,132,64,16,68,17,33,1,0,0,1
775,-47.5,57.5,4,2,0,0.0,0.0,0,0.0,57.5,1,562500.0,59.83662796020508,59.83662796020508,2,4,1,1,4,0,2,-105.0,70.5,-47.5,5.0,289292,355.829028,nan,0.289292,nan,1,0,289160,2,0,0,1,132,64,16,68,17,33,1,0,0,1
776,-47.5,57.5,6,3,0,0.0,0.0,0,0.0,57.5,1,562500.0,63.319969177246094,63.319969177246094,3,6,1,1,6,0,2,-105.0,70.5,-47.5,5.0,289292,356.11832,nan,0.289292,nan,1,0,289160,2,0,0,1,132,64,16,68,17,33,1,0,0,1
777,-47.5,57.5,6,3,0,0.0,0.0,0,0.0,57.5,0,562500.0,64.3054313659668,64.3054313659668,3,6,0,1,6,0,1,-105.0,70.5,-47.5,5.0,289292,356.407612,nan,0.289292,nan,1,0,289160,2,0,0,1,132,64,16,68,17,33,1,0,0,1
778,-47.5,57.5,8,4,0,0.0,0.0,0,0.0,57.5,1,562500.0,63.45212173461914,63.45212173461914,4,8,1,1,8,0,2,-105.0,70.5,-47.5,5.0,289292,356.696904,nan,0.289292,nan,1,0,289160,2,0,0,1,132,64,16,68,17,33,1,0,0,1
779,-47.5,57.5,8,4,0,0.0,0.0,0,0.0,57.5,0,562500.0,49.509605914229205,32.619423690413065,4,8,0,3,8,0,3,-105.0,70.5,-47.5,5.0,867876,357.56478,nan,0.867876,nan,3,0,867480,6,0,0,3,396,192,48,204,51,99,3,0,0,3
780,-47.5,57.5,10,5,0,0.0,0.0,0,0.0,57.5,0,0.0,nan,nan,5,10,0,0,10,0,0,-105.0,70.5,-47.5,5.0,0,357.56478,nan,0.0,nan,0,0,0,0,0,0,0,0,0,0,0,0,0,0,0,0,0
781,-47.5,57.5,8,4,0,0.0,0.0,0,0.0,57.5,1,562500.0,61.25144958496094,59.915863037109375,4,8,1,2,8,0,3,-105.0,70.5,-47.5,5.0,578584,358.143364,nan,0.578584,nan,2,0,578320,4,0,0,2,264,128,32,136,34,66,2,0,0,2
782,-47.5,57.5,8,4,0,0.0,0.0,0,0.0,57.5,1,562500.0,63.995399475097656,63.995399475097656,4,8,1,1,8,0,2,-105.0,70.5,-47.5,5.0,289292,358.432656,nan,0.289292,nan,1,0,289160,2,0,0,1,132,64,16,68,17,33,1,0,0,1
783,-47.5,57.5,8,4,0,0.0,0.0,0,0.0,57.5,1,562500.0,62.598350524902344,62.598350524902344,4,8,1,1,8,0,2,-105.0,70.5,-47.5,5.0,289292,358.721948,nan,0.289292,nan,1,0,289160,2,0,0,1,132,64,16,68,17,33,1,0,0,1
784,-47.5,57.5,8,4,0,0.0,0.0,0,0.0,57.5,1,562500.0,63.56433868408203,59.70756149291992,4,8,1,2,8,0,3,-105.0,70.5,-47.5,5.0,578584,359.300532,nan,0.578584,nan,2,0,578320,4,0,0,2,264,128,32,136,34,66,2,0,0,2
785,-47.5,57.5,10,5,0,0.0,0.0,0,0.0,57.5,0,562500.0,59.42000198364258,58.72173309326172,5,10,0,3,10,0,3,-105.0,70.5,-47.5,5.0,867876,360.168408,nan,0.867876,nan,3,0,867480,6,0,0,3,396,192,48,204,51,99,3,0,0,3
786,-47.5,57.5,14,7,0,0.0,0.0,0,0.0,57.5,0,562500.0,62.18817710876465,62.188175201416016,7,14,0,1,14,0,1,-105.0,70.5,-47.5,5.0,289292,360.4577,nan,0.289292,nan,1,0,289160,2,0,0,1,132,64,16,68,17,33,1,0,0,1
787,-47.5,57.5,16,8,0,0.0,0.0,0,0.0,57.5,0,0.0,nan,nan,8,16,0,0,16,0,0,-105.0,70.5,-47.5,5.0,0,360.4577,nan,0.0,nan,0,0,0,0,0,0,0,0,0,0,0,0,0,0,0,0,0
788,-47.5,57.5,18,9,0,0.0,0.0,0,0.0,57.5,0,562500.0,57.8670539855957,57.8670539855957,9,18,0,1,18,0,1,-105.0,70.5,-47.5,5.0,289292,360.746992,nan,0.289292,nan,1,0,289160,2,0,0,1,132,64,16,68,17,33,1,0,0,1
789,-47.5,57.5,18,9,0,0.0,0.0,0,0.0,57.5,2,562500.0,63.85699653625488,60.21017074584961,9,18,2,2,18,0,4,-105.0,70.5,-47.5,5.0,578584,361.325576,nan,0.578584,nan,2,0,578320,4,0,0,2,264,128,32,136,34,66,2,0,0,2
790,-47.5,57.5,16,8,0,0.0,0.0,0,0.0,57.5,2,562500.0,52.68090705636149,40.208435068032756,8,16,2,3,16,0,5,-105.0,70.5,-47.5,5.0,867876,362.193452,nan,0.867876,nan,3,0,867480,6,0,0,3,396,192,48,204,51,99,3,0,0,3
791,-47.5,57.5,16,8,0,0.0,0.0,0,0.0,57.5,1,562500.0,67.40320587158203,67.40320587158203,8,16,1,1,16,0,2,-105.0,70.5,-47.5,5.0,289292,362.482744,nan,0.289292,nan,1,0,289160,2,0,0,1,132,64,16,68,17,33,1,0,0,1
792,-47.5,57.5,16,8,0,0.0,0.0,0,0.0,57.5,1,562500.0,50.62739911479114,36.92418969917331,8,16,1,3,16,0,4,-105.0,70.5,-47.5,5.0,867876,363.35062,nan,0.867876,nan,3,0,867480,6,0,0,3,396,192,48,204,51,99,3,0,0,3
793,-47.5,57.5,14,7,0,0.0,0.0,0,0.0,57.5,0,562500.0,59.815869649251304,59.02621078491211,7,14,0,3,14,0,3,-105.0,70.5,-47.5,5.0,867876,364.218496,nan,0.867876,nan,3,0,867480,6,0,0,3,396,192,48,204,51,99,3,0,0,3
794,-47.5,57.5,12,6,0,0.0,0.0,0,0.0,57.5,0,562500.0,67.52546310424805,67.52546310424805,6,12,0,1,12,0,1,-105.0,70.5,-47.5,5.0,289292,364.507788,nan,0.289292,nan,1,0,289160,2,0,0,1,132,64,16,68,17,33,1,0,0,1
795,-47.5,57.5,12,6,0,0.0,0.0,0,0.0,57.5,0,562500.0,18.165146925054806,18.14339374089273,6,12,0,2,12,0,2,-105.0,70.5,-47.5,5.0,578584,365.086372,nan,0.578584,nan,2,0,578320,4,0,0,2,264,128,32,136,34,66,2,0,0,2
796,-47.5,57.5,12,6,0,0.0,0.0,0,0.0,57.5,1,562500.0,67.40320587158203,67.40320587158203,6,12,1,1,12,0,2,-105.0,70.5,-47.5,5.0,289292,365.375664,nan,0.289292,nan,1,0,289160,2,0,0,1,132,64,16,68,17,33,1,0,0,1
797,-47.5,57.5,12,6,0,0.0,0.0,0,0.0,57.5,2,562500.0,49.42825173730929,37.88052368468661,6,12,2,3,12,0,5,-105.0,70.5,-47.5,5.0,867876,366.24354,nan,0.867876,nan,3,0,867480,6,0,0,3,396,192,48,204,51,99,3,0,0,3
798,-47.5,57.5,12,6,0,0.0,0.0,0,0.0,57.5,0,562500.0,60.21068572998047,60.21068572998047,6,12,0,1,12,0,1,-105.0,70.5,-47.5,5.0,289292,366.532832,nan,0.289292,nan,1,0,289160,2,0,0,1,132,64,16,68,17,33,1,0,0,1
799,-47.5,57.5,12,6,0,0.0,0.0,0,0.0,57.5,0,562500.0,65.03923797607422,60.21068572998047,6,12,0,3,12,0,3,-105.0,70.5,-47.5,5.0,867876,367.400708,nan,0.867876,nan,3,0,867480,6,0,0,3,396,192,48,204,51,99,3,0,0,3
800,-47.5,57.5,12,6,0,0.0,0.0,0,0.0,57.5,0,562500.0,67.40320587158203,67.40320587158203,6,12,0,1,12,0,1,-105.0,70.5,-47.5,5.0,289292,367.69,nan,0.289292,nan,1,0,289160,2,0,0,1,132,64,16,68,17,33,1,0,0,1
801,-47.5,57.5,12,6,0,0.0,0.0,0,0.0,57.5,1,562500.0,67.50382232666016,67.50382232666016,6,12,1,1,12,0,2,-105.0,70.5,-47.5,5.0,289292,367.979292,nan,0.289292,nan,1,0,289160,2,0,0,1,132,64,16,68,17,33,1,0,0,1
802,-47.5,57.5,14,7,0,0.0,0.0,0,0.0,57.5,1,562500.0,41.240343041056164,32.30881463144013,7,14,1,2,14,0,3,-105.0,70.5,-47.5,5.0,578584,368.557876,nan,0.578584,nan,2,0,578320,4,0,0,2,264,128,32,136,34,66,2,0,0,2
803,-47.5,57.5,16,8,0,0.0,0.0,0,0.0,57.5,1,562500.0,63.868072509765625,60.2106819152832,8,16,1,2,16,0,3,-105.0,70.5,-47.5,5.0,578584,369.13646,nan,0.578584,nan,2,0,578320,4,0,0,2,264,128,32,136,34,66,2,0,0,2
804,-47.5,57.5,18,9,0,0.0,0.0,0,0.0,57.5,0,562500.0,62.5742073059082,60.2106819152832,9,18,0,2,18,0,2,-105.0,70.5,-47.5,5.0,578584,369.715044,nan,0.578584,nan,2,0,578320,4,0,0,2,264,128,32,136,34,66,2,0,0,2
805,-47.5,57.5,18,9,0,0.0,0.0,0,0.0,57.5,0,562500.0,65.03923797607422,60.21068572998047,9,18,0,3,18,0,3,-105.0,70.5,-47.5,5.0,867876,370.58292,nan,0.867876,nan,3,0,867480,6,0,0,3,396,192,48,204,51,99,3,0,0,3
806,-47.5,57.5,18,9,0,0.0,0.0,0,0.0,57.5,1,562500.0,63.86807441711426,60.21068572998047,9,18,1,2,18,0,3,-105.0,70.5,-47.5,5.0,578584,371.161504,nan,0.578584,nan,2,0,578320,4,0,0,2,264,128,32,136,34,66,2,0,0,2
807,-47.5,57.5,18,9,0,0.0,0.0,0,0.0,57.5,1,562500.0,67.52546310424805,67.52546310424805,9,18,1,1,18,0,2,-105.0,70.5,-47.5,5.0,289292,371.450796,nan,0.289292,nan,1,0,289160,2,0,0,1,132,64,16,68,17,33,1,0,0,1
808,-47.5,57.5,12,6,0,0.0,0.0,0,0.0,57.5,0,562500.0,18.165146925054806,18.14339374089273,6,12,0,2,12,0,2,-105.0,70.5,-47.5,5.0,578584,372.02938,nan,0.578584,nan,2,0,578320,4,0,0,2,264,128,32,136,34,66,2,0,0,2
809,-47.5,57.5,12,6,0,0.0,0.0,0,0.0,57.5,0,562500.0,63.80694580078125,60.21068572998047,6,12,0,2,12,0,2,-105.0,70.5,-47.5,5.0,578584,372.607964,nan,0.578584,nan,2,0,578320,4,0,0,2,264,128,32,136,34,66,2,0,0,2
810,-47.5,57.5,20,10,0,0.0,0.0,0,0.0,57.5,0,562500.0,40.16149800319544,37.444321889411086,10,20,0,2,20,0,2,-105.0,70.5,-47.5,5.0,578584,373.186548,nan,0.578584,nan,2,0,578320,4,0,0,2,264,128,32,136,34,66,2,0,0,2
811,-47.5,57.5,26,13,0,0.0,0.0,0,0.0,57.5,0,562500.0,41.89876587903274,39.61379241035163,13,26,0,2,26,0,2,-105.0,70.5,-47.5,5.0,578584,373.765132,nan,0.578584,nan,2,0,578320,4,0,0,2,264,128,32,136,34,66,2,0,0,2
812,-47.5,57.5,26,13,0,0.0,0.0,0,0.0,57.5,0,562500.0,62.526039123535156,59.31639862060547,13,26,0,2,26,0,2,-105.0,70.5,-47.5,5.0,578584,374.343716,nan,0.578584,nan,2,0,578320,4,0,0,2,264,128,32,136,34,66,2,0,0,2
813,-47.5,57.5,26,13,0,0.0,0.0,0,0.0,57.5,0,562500.0,63.37489318847656,63.37489318847656,13,26,0,1,26,0,1,-105.0,70.5,-47.5,5.0,289292,374.633008,nan,0.289292,nan,1,0,289160,2,0,0,1,132,64,16,68,17,33,1,0,0,1
814,-47.5,57.5,28,14,0,0.0,0.0,0,0.0,57.5,0,562500.0,67.96292018890381,60.9616584777832,14,28,0,2,28,0,2,-105.0,70.5,-47.5,5.0,578584,375.211592,nan,0.578584,nan,2,0,578320,4,0,0,2,264,128,32,136,34,66,2,0,0,2
815,-47.5,57.5,22,11,0,0.0,0.0,0,0.0,57.5,2,562500.0,69.20665740966797,69.20665740966797,11,22,2,1,22,0,3,-105.0,70.5,-47.5,5.0,289292,375.500884,nan,0.289292,nan,1,0,289160,2,0,0,1,132,64,16,68,17,33,1,0,0,1
816,-47.5,57.5,20,10,0,0.0,0.0,0,0.0,57.5,0,562500.0,60.06048329671224,59.0114631652832,10,20,0,3,20,0,3,-105.0,70.5,-47.5,5.0,867876,376.36876,nan,0.867876,nan,3,0,867480,6,0,0,3,396,192,48,204,51,99,3,0,0,3
817,-47.5,57.5,12,6,0,0.0,0.0,0,0.0,57.5,2,562500.0,44.920088647661245,43.861123696289496,6,12,2,2,12,0,4,-105.0,70.5,-47.5,5.0,578584,376.947344,nan,0.578584,nan,2,0,578320,4,0,0,2,264,128,32,136,34,66,2,0,0,2
818,-47.5,57.5,8,4,0,0.0,0.0,0,0.0,57.5,1,562500.0,58.90722179412842,58.548404693603516,4,8,1,2,8,0,3,-105.0,70.5,-47.5,5.0,578584,377.525928,nan,0.578584,nan,2,0,578320,4,0,0,2,264,128,32,136,34,66,2,0,0,2
819,-47.5,57.5,4,2,0,0.0,0.0,0,0.0,57.5,0,562500.0,59.55491638183594,59.55491638183594,2,4,0,1,4,0,1,-105.0,70.5,-47.5,5.0,289292,377.81522,nan,0.289292,nan,1,0,289160,2,0,0,1,132,64,16,68,17,33,1,0,0,1
820,-47.5,57.5,4,2,0,0.0,0.0,0,0.0,57.5,0,0.0,nan,nan,2,4,0,0,4,0,0,-105.0,70.5,-47.5,5.0,0,377.81522,nan,0.0,nan,0,0,0,0,0,0,0,0,0,0,0,0,0,0,0,0,0
821,-47.5,57.5,2,1,0,0.0,0.0,0,0.0,57.5,0,562500.0,60.59678268432617,60.59678268432617,1,2,0,1,2,0,1,-105.0,70.5,-47.5,5.0,289292,378.104512,nan,0.289292,nan,1,0,289160,2,0,0,1,132,64,16,68,17,33,1,0,0,1
822,-47.5,57.5,6,3,0,0.0,0.0,0,0.0,57.5,2,562500.0,40.49397147609674,18.179270186698414,3,6,2,2,6,0,4,-105.0,70.5,-47.5,5.0,578584,378.683096,nan,0.578584,nan,2,0,578320,4,0,0,2,264,128,32,136,34,66,2,0,0,2
823,-47.5,57.5,6,3,0,0.0,0.0,0,0.0,57.5,0,562500.0,61.680416107177734,61.680416107177734,3,6,0,1,6,0,1,-105.0,70.5,-47.5,5.0,289292,378.972388,nan,0.289292,nan,1,0,289160,2,0,0,1,132,64,16,68,17,33,1,0,0,1
824,-47.5,57.5,6,3,0,0.0,0.0,0,0.0,57.5,0,0.0,nan,nan,3,6,0,0,6,0,0,-105.0,70.5,-47.5,5.0,0,378.972388,nan,0.0,nan,0,0,0,0,0,0,0,0,0,0,0,0,0,0,0,0,0
825,-47.5,57.5,6,3,0,0.0,0.0,0,0.0,57.5,0,0.0,nan,nan,3,6,0,0,6,0,0,-105.0,70.5,-47.5,5.0,0,378.972388,nan,0.0,nan,0,0,0,0,0,0,0,0,0,0,0,0,0,0,0,0,0
826,-47.5,57.5,10,5,0,0.0,0.0,0,0.0,57.5,0,562500.0,59.30636978149414,59.30633544921875,5,10,0,1,10,0,1,-105.0,70.5,-47.5,5.0,289292,379.26168,nan,0.289292,nan,1,0,289160,2,0,0,1,132,64,16,68,17,33,1,0,0,1
827,-47.5,57.5,8,4,0,0.0,0.0,0,0.0,57.5,1,562500.0,73.13328170776367,73.13328170776367,4,8,1,1,8,0,2,-105.0,70.5,-47.5,5.0,289292,379.550972,nan,0.289292,nan,1,0,289160,2,0,0,1,132,64,16,68,17,33,1,0,0,1
828,-47.5,57.5,4,2,0,0.0,0.0,0,0.0,57.5,1,562500.0,61.45875072479248,60.19182586669922,2,4,1,2,4,0,3,-105.0,70.5,-47.5,5.0,578584,380.129556,nan,0.578584,nan,2,0,578320,4,0,0,2,264,128,32,136,34,66,2,0,0,2
829,-47.5,57.5,4,2,0,0.0,0.0,0,0.0,57.5,0,562500.0,61.85077667236328,60.208641052246094,2,4,0,2,4,0,2,-105.0,70.5,-47.5,5.0,578584,380.70814,nan,0.578584,nan,2,0,578320,4,0,0,2,264,128,32,136,34,66,2,0,0,2
830,-47.5,57.5,4,2,0,0.0,0.0,0,0.0,57.5,0,0.0,nan,nan,2,4,0,0,4,0,0,-105.0,70.5,-47.5,5.0,0,380.70814,nan,0.0,nan,0,0,0,0,0,0,0,0,0,0,0,0,0,0,0,0,0
831,-47.5,57.5,6,3,0,0.0,0.0,0,0.0,57.5,0,0.0,nan,nan,3,6,0,0,6,0,0,-105.0,70.5,-47.5,5.0,0,380.70814,nan,0.0,nan,0,0,0,0,0,0,0,0,0,0,0,0,0,0,0,0,0
832,-47.5,57.5,6,3,0,0.0,0.0,0,0.0,57.5,0,562500.0,60.2106819152832,60.2106819152832,3,6,0,1,6,0,1,-105.0,70.5,-47.5,5.0,289292,380.997432,nan,0.289292,nan,1,0,289160,2,0,0,1,132,64,16,68,17,33,1,0,0,1
833,-47.5,57.5,12,6,0,0.0,0.0,0,0.0,57.5,1,562500.0,59.148661613464355,58.07048797607422,6,12,1,2,12,0,3,-105.0,70.5,-47.5,5.0,578584,381.576016,nan,0.578584,nan,2,0,578320,4,0,0,2,264,128,32,136,34,66,2,0,0,2
834,-47.5,57.5,12,6,0,0.0,0.0,0,0.0,57.5,0,562500.0,67.06049919128418,65.89451599121094,6,12,0,2,12,0,2,-105.0,70.5,-47.5,5.0,578584,382.1546,nan,0.578584,nan,2,0,578320,4,0,0,2,264,128,32,136,34,66,2,0,0,2
835,-47.5,57.5,14,7,0,0.0,0.0,0,0.0,57.5,2,562500.0,62.05172920227051,60.2106819152832,7,14,2,2,14,0,4,-105.0,70.5,-47.5,5.0,578584,382.733184,nan,0.578584,nan,2,0,578320,4,0,0,2,264,128,32,136,34,66,2,0,0,2
836,-47.5,57.5,18,9,0,0.0,0.0,0,0.0,57.5,1,562500.0,47.52363901068264,31.309303980777912,9,18,1,3,18,0,4,-105.0,70.5,-47.5,5.0,867876,383.60106,nan,0.867876,nan,3,0,867480,6,0,0,3,396,192,48,204,51,99,3,0,0,3
837,-47.5,57.5,14,7,0,0.0,0.0,0,0.0,57.5,1,562500.0,45.863845131081064,42.169397449893474,7,14,1,2,14,0,3,-105.0,70.5,-47.5,5.0,578584,384.179644,nan,0.578584,nan,2,0,578320,4,0,0,2,264,128,32,136,34,66,2,0,0,2
838,-47.5,57.5,12,6,0,0.0,0.0,0,0.0,57.5,0,562500.0,57.5400276184082,57.5400276184082,6,12,0,1,12,0,1,-105.0,70.5,-47.5,5.0,289292,384.468936,nan,0.289292,nan,1,0,289160,2,0,0,1,132,64,16,68,17,33,1,0,0,1
839,-47.5,57.5,14,7,0,0.0,0.0,0,0.0,57.5,0,0.0,nan,nan,7,14,0,0,14,0,0,-105.0,70.5,-47.5,5.0,0,384.468936,nan,0.0,nan,0,0,0,0,0,0,0,0,0,0,0,0,0,0,0,0,0
840,-47.5,57.5,16,8,0,0.0,0.0,0,0.0,57.5,1,562500.0,41.43072780805818,23.37024023193112,8,16,1,3,16,0,4,-105.0,70.5,-47.5,5.0,867876,385.336812,nan,0.867876,nan,3,0,867480,6,0,0,3,396,192,48,204,51,99,3,0,0,3
841,-47.5,57.5,12,6,0,0.0,0.0,0,0.0,57.5,0,562500.0,61.765899658203125,61.765899658203125,6,12,0,1,12,0,1,-105.0,70.5,-47.5,5.0,289292,385.626104,nan,0.289292,nan,1,0,289160,2,0,0,1,132,64,16,68,17,33,1,0,0,1
842,-47.5,57.5,12,6,0,0.0,0.0,0,0.0,57.5,0,562500.0,49.83080284587062,47.91233165904055,6,12,0,2,12,0,2,-105.0,70.5,-47.5,5.0,578584,386.204688,nan,0.578584,nan,2,0,578320,4,0,0,2,264,128,32,136,34,66,2,0,0,2
843,-47.5,57.5,12,6,0,0.0,0.0,0,0.0,57.5,0,562500.0,67.66497039794922,67.66497039794922,6,12,0,1,12,0,1,-105.0,70.5,-47.5,5.0,289292,386.49398,nan,0.289292,nan,1,0,289160,2,0,0,1,132,64,16,68,17,33,1,0,0,1
844,-47.5,57.5,14,7,0,0.0,0.0,0,0.0,57.5,1,562500.0,59.29996585845947,58.38924789428711,7,14,1,2,14,0,3,-105.0,70.5,-47.5,5.0,578584,387.072564,nan,0.578584,nan,2,0,578320,4,0,0,2,264,128,32,136,34,66,2,0,0,2
845,-47.5,57.5,14,7,0,0.0,0.0,0,0.0,57.5,1,562500.0,58.92988915220445,41.856696593465244,7,14,1,3,14,0,4,-105.0,70.5,-47.5,5.0,867876,387.94044,nan,0.867876,nan,3,0,867480,6,0,0,3,396,192,48,204,51,99,3,0,0,3
846,-47.5,57.5,16,8,0,0.0,0.0,0,0.0,57.5,1,562500.0,43.64549450153743,38.94585711771468,8,16,1,2,16,0,3,-105.0,70.5,-47.5,5.0,578584,388.519024,nan,0.578584,nan,2,0,578320,4,0,0,2,264,128,32,136,34,66,2,0,0,2
847,-47.5,57.5,14,7,0,0.0,0.0,0,0.0,57.5,1,562500.0,46.68934948559136,26.650925656735808,7,14,1,3,14,0,4,-105.0,70.5,-47.5,5.0,867876,389.3869,nan,0.867876,nan,3,0,867480,6,0,0,3,396,192,48,204,51,99,3,0,0,3
848,-47.5,57.5,10,5,0,0.0,0.0,0,0.0,57.5,0,562500.0,67.37474822998047,67.3462905883789,5,10,0,2,10,0,2,-105.0,70.5,-47.5,5.0,578584,389.965484,nan,0.578584,nan,2,0,578320,4,0,0,2,264,128,32,136,34,66,2,0,0,2
849,-47.5,57.5,10,5,0,0.0,0.0,0,0.0,57.5,0,562500.0,63.93782615661621,60.2106819152832,5,10,0,2,10,0,2,-105.0,70.5,-47.5,5.0,578584,390.544068,nan,0.578584,nan,2,0,578320,4,0,0,2,264,128,32,136,34,66,2,0,0,2
850,-47.5,57.5,10,5,0,0.0,0.0,0,0.0,57.5,0,562500.0,60.2106819152832,60.2106819152832,5,10,0,1,10,0,1,-105.0,70.5,-47.5,5.0,289292,390.83336,nan,0.289292,nan,1,0,289160,2,0,0,1,132,64,16,68,17,33,1,0,0,1
851,-47.5,57.5,10,5,0,0.0,0.0,0,0.0,57.5,0,562500.0,45.04114360310306,19.606186267312232,5,10,0,3,10,0,3,-105.0,70.5,-47.5,5.0,867876,391.701236,nan,0.867876,nan,3,0,867480,6,0,0,3,396,192,48,204,51,99,3,0,0,3
852,-47.5,57.5,10,5,0,0.0,0.0,0,0.0,57.5,0,562500.0,67.4032096862793,67.4032096862793,5,10,0,1,10,0,1,-105.0,70.5,-47.5,5.0,289292,391.990528,nan,0.289292,nan,1,0,289160,2,0,0,1,132,64,16,68,17,33,1,0,0,1
853,-47.5,57.5,10,5,0,0.0,0.0,0,0.0,57.5,0,0.0,nan,nan,5,10,0,0,10,0,0,-105.0,70.5,-47.5,5.0,0,391.990528,nan,0.0,nan,0,0,0,0,0,0,0,0,0,0,0,0,0,0,0,0,0
854,-47.5,57.5,10,5,0,0.0,0.0,0,0.0,57.5,1,562500.0,53.60658923378788,47.43258240379586,5,10,1,4,10,0,5,-105.0,70.5,-47.5,5.0,1157168,393.147696,nan,1.157168,nan,4,0,1156640,8,0,0,4,528,256,64,272,68,132,4,0,0,4
855,-47.5,57.5,10,5,0,0.0,0.0,0,0.0,57.5,0,562500.0,40.39936100093237,19.606186267312232,5,10,0,3,10,0,3,-105.0,70.5,-47.5,5.0,867876,394.015572,nan,0.867876,nan,3,0,867480,6,0,0,3,396,192,48,204,51,99,3,0,0,3
856,-47.5,57.5,12,6,0,0.0,0.0,0,0.0,57.5,0,562500.0,65.91432571411133,65.91432571411133,6,12,0,1,12,0,1,-105.0,70.5,-47.5,5.0,289292,394.304864,nan,0.289292,nan,1,0,289160,2,0,0,1,132,64,16,68,17,33,1,0,0,1
857,-47.5,57.5,12,6,0,0.0,0.0,0,0.0,57.5,0,0.0,nan,nan,6,12,0,0,12,0,0,-105.0,70.5,-47.5,5.0,0,394.304864,nan,0.0,nan,0,0,0,0,0,0,0,0,0,0,0,0,0,0,0,0,0
858,-47.5,57.5,12,6,0,0.0,0.0,0,0.0,57.5,0,562500.0,64.31314086914062,64.31314086914062,6,12,0,1,12,0,1,-105.0,70.5,-47.5,5.0,289292,394.594156,nan,0.289292,nan,1,0,289160,2,0,0,1,132,64,16,68,17,33,1,0,0,1
859,-47.5,57.5,12,6,0,0.0,0.0,0,0.0,57.5,1,562500.0,53.53936420217972,43.174145676285235,6,12,1,3,12,0,4,-105.0,70.5,-47.5,5.0,867876,395.462032,nan,0.867876,nan,3,0,867480,6,0,0,3,396,192,48,204,51,99,3,0,0,3
860,-47.5,57.5,12,6,0,0.0,0.0,0,0.0,57.5,1,562500.0,43.05011080341977,41.022203024661636,6,12,1,2,12,0,3,-105.0,70.5,-47.5,5.0,578584,396.040616,nan,0.578584,nan,2,0,578320,4,0,0,2,264,128,32,136,34,66,2,0,0,2
861,-47.5,57.5,6,3,0,0.0,0.0,0,0.0,57.5,0,562500.0,60.62272262573242,60.62272262573242,3,6,0,1,6,0,1,-105.0,70.5,-47.5,5.0,289292,396.329908,nan,0.289292,nan,1,0,289160,2,0,0,1,132,64,16,68,17,33,1,0,0,1
862,-47.5,57.5,4,2,0,0.0,0.0,0,0.0,57.5,1,562500.0,66.91196823120117,66.91196823120117,2,4,1,1,4,0,2,-105.0,70.5,-47.5,5.0,289292,396.6192,nan,0.289292,nan,1,0,289160,2,0,0,1,132,64,16,68,17,33,1,0,0,1
863,-47.5,57.5,6,3,0,0.0,0.0,0,0.0,57.5,0,562500.0,65.59207534790039,65.59207534790039,3,6,0,1,6,0,1,-105.0,70.5,-47.5,5.0,289292,396.908492,nan,0.289292,nan,1,0,289160,2,0,0,1,132,64,16,68,17,33,1,0,0,1
864,-47.5,57.5,4,2,0,0.0,0.0,0,0.0,57.5,0,0.0,nan,nan,2,4,0,0,4,0,0,-105.0,70.5,-47.5,5.0,0,396.908492,nan,0.0,nan,0,0,0,0,0,0,0,0,0,0,0,0,0,0,0,0,0
865,-47.5,57.5,8,4,0,0.0,0.0,0,0.0,57.5,1,562500.0,59.5461950302124,57.64350128173828,4,8,1,2,8,0,3,-105.0,70.5,-47.5,5.0,578584,397.487076,nan,0.578584,nan,2,0,578320,4,0,0,2,264,128,32,136,34,66,2,0,0,2
866,-47.5,57.5,8,4,0,0.0,0.0,0,0.0,57.5,1,562500.0,38.49676964855302,31.34133942374813,4,8,1,2,8,0,3,-105.0,70.5,-47.5,5.0,578584,398.06566,nan,0.578584,nan,2,0,578320,4,0,0,2,264,128,32,136,34,66,2,0,0,2
867,-47.5,57.5,10,5,0,0.0,0.0,0,0.0,57.5,1,562500.0,44.614908108598,33.419970399061604,5,10,1,3,10,0,4,-105.0,70.5,-47.5,5.0,867876,398.933536,nan,0.867876,nan,3,0,867480,6,0,0,3,396,192,48,204,51,99,3,0,0,3
868,-47.5,57.5,10,5,0,0.0,0.0,0,0.0,57.5,0,562500.0,62.80246639251709,62.3111572265625,5,10,0,2,10,0,2,-105.0,70.5,-47.5,5.0,578584,399.51212,nan,0.578584,nan,2,0,578320,4,0,0,2,264,128,32,136,34,66,2,0,0,2
869,-47.5,57.5,10,5,0,0.0,0.0,0,0.0,57.5,0,562500.0,58.301034927368164,58.05241012573242,5,10,0,2,10,0,2,-105.0,70.5,-47.5,5.0,578584,400.090704,nan,0.578584,nan,2,0,578320,4,0,0,2,264,128,32,136,34,66,2,0,0,2
870,-47.5,57.5,12,6,0,0.0,0.0,0,0.0,57.5,0,562500.0,59.67574882507324,59.67573547363281,6,12,0,1,12,0,1,-105.0,70.5,-47.5,5.0,289292,400.379996,nan,0.289292,nan,1,0,289160,2,0,0,1,132,64,16,68,17,33,1,0,0,1
871,-47.5,57.5,16,8,0,0.0,0.0,0,0.0,57.5,0,0.0,nan,nan,8,16,0,0,16,0,0,-105.0,70.5,-47.5,5.0,0,400.379996,nan,0.0,nan,0,0,0,0,0,0,0,0,0,0,0,0,0,0,0,0,0
872,-47.5,57.5,18,9,0,0.0,0.0,0,0.0,57.5,1,562500.0,22.63065104790939,19.156179087011925,9,18,1,2,18,0,3,-105.0,70.5,-47.5,5.0,578584,400.95858,nan,0.578584,nan,2,0,578320,4,0,0,2,264,128,32,136,34,66,2,0,0,2
873,-47.5,57.5,22,11,0,0.0,0.0,0,0.0,57.5,1,562500.0,65.89072799682617,65.89072799682617,11,22,1,1,22,0,2,-105.0,70.5,-47.5,5.0,289292,401.247872,nan,0.289292,nan,1,0,289160,2,0,0,1,132,64,16,68,17,33,1,0,0,1
874,-47.5,57.5,20,10,0,0.0,0.0,0,0.0,57.5,0,562500.0,49.93004589282231,41.710130496826906,10,20,0,3,20,0,3,-105.0,70.5,-47.5,5.0,867876,402.115748,nan,0.867876,nan,3,0,867480,6,0,0,3,396,192,48,204,51,99,3,0,0,3
875,-47.5,57.5,16,8,0,0.0,0.0,0,0.0,57.5,1,562500.0,63.97953414916992,60.50170135498047,8,16,1,2,16,0,3,-105.0,70.5,-47.5,5.0,578584,402.694332,nan,0.578584,nan,2,0,578320,4,0,0,2,264,128,32,136,34,66,2,0,0,2
876,-47.5,57.5,14,7,0,0.0,0.0,0,0.0,57.5,1,562500.0,50.51553243941152,39.82973953095593,7,14,1,3,14,0,4,-105.0,70.5,-47.5,5.0,867876,403.562208,nan,0.867876,nan,3,0,867480,6,0,0,3,396,192,48,204,51,99,3,0,0,3
877,-47.5,57.5,16,8,0,0.0,0.0,0,0.0,57.5,0,562500.0,47.91094651211255,43.99553066962738,8,16,0,2,16,0,2,-105.0,70.5,-47.5,5.0,578584,404.140792,nan,0.578584,nan,2,0,578320,4,0,0,2,264,128,32,136,34,66,2,0,0,2
878,-47.5,57.5,14,7,0,0.0,0.0,0,0.0,57.5,0,562500.0,67.50266456604004,67.5026626586914,7,14,0,1,14,0,1,-105.0,70.5,-47.5,5.0,289292,404.430084,nan,0.289292,nan,1,0,289160,2,0,0,1,132,64,16,68,17,33,1,0,0,1
879,-47.5,57.5,14,7,0,0.0,0.0,0,0.0,57.5,0,562500.0,64.81114196777344,64.81114196777344,7,14,0,1,14,0,1,-105.0,70.5,-47.5,5.0,289292,404.719376,nan,0.289292,nan,1,0,289160,2,0,0,1,132,64,16,68,17,33,1,0,0,1
880,-47.5,57.5,16,8,0,0.0,0.0,0,0.0,57.5,1,562500.0,64.83190600077312,58.3986930847168,8,16,1,3,16,0,4,-105.0,70.5,-47.5,5.0,867876,405.587252,nan,0.867876,nan,3,0,867480,6,0,0,3,396,192,48,204,51,99,3,0,0,3
881,-47.5,57.5,14,7,0,0.0,0.0,0,0.0,57.5,0,562500.0,63.05835151672363,60.21068572998047,7,14,0,2,14,0,2,-105.0,70.5,-47.5,5.0,578584,406.165836,nan,0.578584,nan,2,0,578320,4,0,0,2,264,128,32,136,34,66,2,0,0,2
882,-47.5,57.5,14,7,0,0.0,0.0,0,0.0,57.5,0,562500.0,65.07861709594727,65.07861709594727,7,14,0,1,14,0,1,-105.0,70.5,-47.5,5.0,289292,406.455128,nan,0.289292,nan,1,0,289160,2,0,0,1,132,64,16,68,17,33,1,0,0,1
883,-47.5,57.5,12,6,0,0.0,0.0,0,0.0,57.5,2,562500.0,44.33045562976416,20.84806137936117,6,12,2,4,12,0,6,-105.0,70.5,-47.5,5.0,1157168,407.612296,nan,1.157168,nan,4,0,1156640,8,0,0,4,528,256,64,272,68,132,4,0,0,4
884,-47.5,57.5,8,4,0,0.0,0.0,0,0.0,57.5,1,562500.0,51.5390398113197,46.379328261991894,4,8,1,3,8,0,4,-105.0,70.5,-47.5,5.0,867876,408.480172,nan,0.867876,nan,3,0,867480,6,0,0,3,396,192,48,204,51,99,3,0,0,3
885,-47.5,57.5,10,5,0,0.0,0.0,0,0.0,57.5,0,562500.0,58.02797508239746,58.02797317504883,5,10,0,1,10,0,1,-105.0,70.5,-47.5,5.0,289292,408.769464,nan,0.289292,nan,1,0,289160,2,0,0,1,132,64,16,68,17,33,1,0,0,1
886,-47.5,57.5,10,5,0,0.0,0.0,0,0.0,57.5,0,0.0,nan,nan,5,10,0,0,10,0,0,-105.0,70.5,-47.5,5.0,0,408.769464,nan,0.0,nan,0,0,0,0,0,0,0,0,0,0,0,0,0,0,0,0,0
887,-47.5,57.5,10,5,0,0.0,0.0,0,0.0,57.5,0,562500.0,66.9732494354248,66.54329299926758,5,10,0,2,10,0,2,-105.0,70.5,-47.5,5.0,578584,409.348048,nan,0.578584,nan,2,0,578320,4,0,0,2,264,128,32,136,34,66,2,0,0,2
888,-47.5,57.5,10,5,0,0.0,0.0,0,0.0,57.5,0,562500.0,60.21068572998047,60.21068572998047,5,10,0,1,10,0,1,-105.0,70.5,-47.5,5.0,289292,409.63734,nan,0.289292,nan,1,0,289160,2,0,0,1,132,64,16,68,17,33,1,0,0,1
889,-47.5,57.5,12,6,0,0.0,0.0,0,0.0,57.5,1,562500.0,67.50382995605469,67.50382995605469,6,12,1,1,12,0,2,-105.0,70.5,-47.5,5.0,289292,409.926632,nan,0.289292,nan,1,0,289160,2,0,0,1,132,64,16,68,17,33,1,0,0,1
890,-47.5,57.5,10,5,0,0.0,0.0,0,0.0,57.5,2,562500.0,67.45118713378906,67.40320587158203,5,10,2,2,10,0,4,-105.0,70.5,-47.5,5.0,578584,410.505216,nan,0.578584,nan,2,0,578320,4,0,0,2,264,128,32,136,34,66,2,0,0,2
891,-47.5,57.5,10,5,0,0.0,0.0,0,0.0,57.5,2,562500.0,51.92410120468131,44.124022915754125,5,10,2,3,10,0,5,-105.0,70.5,-47.5,5.0,867876,411.373092,nan,0.867876,nan,3,0,867480,6,0,0,3,396,192,48,204,51,99,3,0,0,3
892,-47.5,57.5,10,5,0,0.0,0.0,0,0.0,57.5,0,562500.0,42.20091545294813,37.92190889684528,5,10,0,2,10,0,2,-105.0,70.5,-47.5,5.0,578584,411.951676,nan,0.578584,nan,2,0,578320,4,0,0,2,264,128,32,136,34,66,2,0,0,2
893,-47.5,57.5,10,5,0,0.0,0.0,0,0.0,57.5,0,0.0,nan,nan,5,10,0,0,10,0,0,-105.0,70.5,-47.5,5.0,0,411.951676,nan,0.0,nan,0,0,0,0,0,0,0,0,0,0,0,0,0,0,0,0,0
894,-47.5,57.5,10,5,0,0.0,0.0,0,0.0,57.5,0,562500.0,51.90179732718792,43.06552637531391,5,10,0,3,10,0,3,-105.0,70.5,-47.5,5.0,867876,412.819552,nan,0.867876,nan,3,0,867480,6,0,0,3,396,192,48,204,51,99,3,0,0,3
895,-47.5,57.5,10,5,0,0.0,0.0,0,0.0,57.5,0,0.0,nan,nan,5,10,0,0,10,0,0,-105.0,70.5,-47.5,5.0,0,412.819552,nan,0.0,nan,0,0,0,0,0,0,0,0,0,0,0,0,0,0,0,0,0
896,-47.5,57.5,10,5,0,0.0,0.0,0,0.0,57.5,1,562500.0,18.182680964771066,18.07600407379946,5,10,1,2,10,0,3,-105.0,70.5,-47.5,5.0,578584,413.398136,nan,0.578584,nan,2,0,578320,4,0,0,2,264,128,32,136,34,66,2,0,0,2
897,-47.5,57.5,10,5,0,0.0,0.0,0,0.0,57.5,2,562500.0,51.9353260330761,43.06552637531391,5,10,2,3,10,0,5,-105.0,70.5,-47.5,5.0,867876,414.266012,nan,0.867876,nan,3,0,867480,6,0,0,3,396,192,48,204,51,99,3,0,0,3
898,-47.5,57.5,14,7,0,0.0,0.0,0,0.0,57.5,0,562500.0,47.55554270552987,37.92190889684528,7,14,0,3,14,0,3,-105.0,70.5,-47.5,5.0,867876,415.133888,nan,0.867876,nan,3,0,867480,6,0,0,3,396,192,48,204,51,99,3,0,0,3
899,-47.5,57.5,14,7,0,0.0,0.0,0,0.0,57.5,0,0.0,nan,nan,7,14,0,0,14,0,0,-105.0,70.5,-47.5,5.0,0,415.133888,nan,0.0,nan,0,0,0,0,0,0,0,0,0,0,0,0,0,0,0,0,0
900,-47.5,57.5,14,7,0,0.0,0.0,0,0.0,57.5,0,0.0,nan,nan,7,14,0,0,14,0,0,-105.0,70.5,-47.5,5.0,0,415.133888,nan,0.0,nan,0,0,0,0,0,0,0,0,0,0,0,0,0,0,0,0,0
901,-47.5,57.5,18,9,0,0.0,0.0,0,0.0,57.5,1,562500.0,66.08292198181152,66.06308364868164,9,18,1,2,18,0,3,-105.0,70.5,-47.5,5.0,578584,415.712472,nan,0.578584,nan,2,0,578320,4,0,0,2,264,128,32,136,34,66,2,0,0,2
902,-47.5,57.5,18,9,0,0.0,0.0,0,0.0,57.5,1,562500.0,63.19586372375488,60.587493896484375,9,18,1,2,18,0,3,-105.0,70.5,-47.5,5.0,578584,416.291056,nan,0.578584,nan,2,0,578320,4,0,0,2,264,128,32,136,34,66,2,0,0,2
903,-47.5,57.5,18,9,0,0.0,0.0,0,0.0,57.5,2,562500.0,54.24141035779974,41.518025495054296,9,18,2,4,18,0,6,-105.0,70.5,-47.5,5.0,1157168,417.448224,nan,1.157168,nan,4,0,1156640,8,0,0,4,528,256,64,272,68,132,4,0,0,4
904,-47.5,57.5,20,10,0,0.0,0.0,0,0.0,57.5,1,562500.0,49.848363952593466,42.71347563551309,10,20,1,3,20,0,4,-105.0,70.5,-47.5,5.0,867876,418.3161,nan,0.867876,nan,3,0,867480,6,0,0,3,396,192,48,204,51,99,3,0,0,3
905,-47.5,57.5,20,10,0,0.0,0.0,0,0.0,57.5,1,562500.0,69.57024574279785,64.8125228881836,10,20,1,2,20,0,3,-105.0,70.5,-47.5,5.0,578584,418.894684,nan,0.578584,nan,2,0,578320,4,0,0,2,264,128,32,136,34,66,2,0,0,2
906,-47.5,57.5,20,10,0,0.0,0.0,0,0.0,57.5,1,562500.0,57.68761204698369,39.313385264513855,10,20,1,2,20,0,3,-105.0,70.5,-47.5,5.0,578584,419.473268,nan,0.578584,nan,2,0,578320,4,0,0,2,264,128,32,136,34,66,2,0,0,2
907,-47.5,57.5,18,9,0,0.0,0.0,0,0.0,57.5,0,562500.0,59.656612396240234,59.26319122314453,9,18,0,2,18,0,2,-105.0,70.5,-47.5,5.0,578584,420.051852,nan,0.578584,nan,2,0,578320,4,0,0,2,264,128,32,136,34,66,2,0,0,2
908,-47.5,57.5,10,5,0,0.0,0.0,0,0.0,57.5,0,562500.0,59.2015438079834,59.201541900634766,5,10,0,1,10,0,1,-105.0,70.5,-47.5,5.0,289292,420.341144,nan,0.289292,nan,1,0,289160,2,0,0,1,132,64,16,68,17,33,1,0,0,1
909,-47.5,57.5,6,3,0,0.0,0.0,0,0.0,57.5,0,562500.0,59.052303314208984,59.052303314208984,3,6,0,1,6,0,1,-105.0,70.5,-47.5,5.0,289292,420.630436,nan,0.289292,nan,1,0,289160,2,0,0,1,132,64,16,68,17,33,1,0,0,1
910,-47.5,57.5,4,2,0,0.0,0.0,0,0.0,57.5,0,0.0,nan,nan,2,4,0,0,4,0,0,-105.0,70.5,-47.5,5.0,0,420.630436,nan,0.0,nan,0,0,0,0,0,0,0,0,0,0,0,0,0,0,0,0,0
911,-47.5,57.5,4,2,0,0.0,0.0,0,0.0,57.5,1,562500.0,61.52073669433594,61.52073669433594,2,4,1,1,4,0,2,-105.0,70.5,-47.5,5.0,289292,420.919728,nan,0.289292,nan,1,0,289160,2,0,0,1,132,64,16,68,17,33,1,0,0,1
912,-47.5,57.5,2,1,0,0.0,0.0,0,0.0,57.5,0,562500.0,59.0953254699707,59.0953254699707,1,2,0,1,2,0,1,-105.0,70.5,-47.5,5.0,289292,421.20902,nan,0.289292,nan,1,0,289160,2,0,0,1,132,64,16,68,17,33,1,0,0,1
913,-47.5,57.5,4,2,0,0.0,0.0,0,0.0,57.5,0,0.0,nan,nan,2,4,0,0,4,0,0,-105.0,70.5,-47.5,5.0,0,421.20902,nan,0.0,nan,0,0,0,0,0,0,0,0,0,0,0,0,0,0,0,0,0
914,-47.5,57.5,4,2,0,0.0,0.0,0,0.0,57.5,0,562500.0,59.117929458618164,59.11792755126953,2,4,0,1,4,0,1,-105.0,70.5,-47.5,5.0,289292,421.498312,nan,0.289292,nan,1,0,289160,2,0,0,1,132,64,16,68,17,33,1,0,0,1
915,-47.5,57.5,4,2,0,0.0,0.0,0,0.0,57.5,1,562500.0,58.86090850830078,57.521121978759766,2,4,1,2,4,0,3,-105.0,70.5,-47.5,5.0,578584,422.076896,nan,0.578584,nan,2,0,578320,4,0,0,2,264,128,32,136,34,66,2,0,0,2
916,-47.5,57.5,0,0,0,0.0,0.0,0,0.0,57.5,,,,,0,,,0,0,,0,-105.0,70.5,-47.5,5.0,0,422.076896,nan,0.0,nan,0,0,0,0,0,0,0,0,0,0,0,0,0,0,0,0,0
917,-47.5,57.5,4,2,0,0.0,0.0,0,0.0,57.5,2,562500.0,58.72845458984375,58.72845458984375,2,4,2,1,4,0,3,-105.0,70.5,-47.5,5.0,289292,422.366188,nan,0.289292,nan,1,0,289160,2,0,0,1,132,64,16,68,17,33,1,0,0,1
918,-47.5,57.5,6,3,0,0.0,0.0,0,0.0,57.5,1,562500.0,59.278011322021484,58.80723190307617,3,6,1,2,6,0,3,-105.0,70.5,-47.5,5.0,578584,422.944772,nan,0.578584,nan,2,0,578320,4,0,0,2,264,128,32,136,34,66,2,0,0,2
919,-47.5,57.5,6,3,0,0.0,0.0,0,0.0,57.5,0,0.0,nan,nan,3,6,0,0,6,0,0,-105.0,70.5,-47.5,5.0,0,422.944772,nan,0.0,nan,0,0,0,0,0,0,0,0,0,0,0,0,0,0,0,0,0
920,-47.5,57.5,10,5,0,0.0,0.0,0,0.0,57.5,0,562500.0,58.772987365722656,58.772987365722656,5,10,0,1,10,0,1,-105.0,70.5,-47.5,5.0,289292,423.234064,nan,0.289292,nan,1,0,289160,2,0,0,1,132,64,16,68,17,33,1,0,0,1
921,-47.5,57.5,10,5,0,0.0,0.0,0,0.0,57.5,0,562500.0,67.53375625610352,67.53375625610352,5,10,0,1,10,0,1,-105.0,70.5,-47.5,5.0,289292,423.523356,nan,0.289292,nan,1,0,289160,2,0,0,1,132,64,16,68,17,33,1,0,0,1
922,-47.5,57.5,10,5,0,0.0,0.0,0,0.0,57.5,1,562500.0,35.205960891853636,28.572724205935014,5,10,1,2,10,0,3,-105.0,70.5,-47.5,5.0,578584,424.10194,nan,0.578584,nan,2,0,578320,4,0,0,2,264,128,32,136,34,66,2,0,0,2
923,-47.5,57.5,8,4,0,0.0,0.0,0,0.0,57.5,1,562500.0,60.03477668762207,59.85887145996094,4,8,1,2,8,0,3,-105.0,70.5,-47.5,5.0,578584,424.680524,nan,0.578584,nan,2,0,578320,4,0,0,2,264,128,32,136,34,66,2,0,0,2
924,-47.5,57.5,6,3,0,0.0,0.0,0,0.0,57.5,0,0.0,nan,nan,3,6,0,0,6,0,0,-105.0,70.5,-47.5,5.0,0,424.680524,nan,0.0,nan,0,0,0,0,0,0,0,0,0,0,0,0,0,0,0,0,0
925,-47.5,57.5,10,5,0,0.0,0.0,0,0.0,57.5,0,0.0,nan,nan,5,10,0,0,10,0,0,-105.0,70.5,-47.5,5.0,0,424.680524,nan,0.0,nan,0,0,0,0,0,0,0,0,0,0,0,0,0,0,0,0,0
926,-47.5,57.5,12,6,0,0.0,0.0,0,0.0,57.5,2,562500.0,34.6369380230573,21.263267208234602,6,12,2,2,12,0,4,-105.0,70.5,-47.5,5.0,578584,425.259108,nan,0.578584,nan,2,0,578320,4,0,0,2,264,128,32,136,34,66,2,0,0,2
927,-47.5,57.5,12,6,0,0.0,0.0,0,0.0,57.5,1,562500.0,35.19457909305058,28.61397521604711,6,12,1,2,12,0,3,-105.0,70.5,-47.5,5.0,578584,425.837692,nan,0.578584,nan,2,0,578320,4,0,0,2,264,128,32,136,34,66,2,0,0,2
928,-47.5,57.5,12,6,0,0.0,0.0,0,0.0,57.5,0,562500.0,58.0984001159668,58.0984001159668,6,12,0,1,12,0,1,-105.0,70.5,-47.5,5.0,289292,426.126984,nan,0.289292,nan,1,0,289160,2,0,0,1,132,64,16,68,17,33,1,0,0,1
929,-47.5,57.5,10,5,0,0.0,0.0,0,0.0,57.5,0,562500.0,67.67025375366211,67.67025375366211,5,10,0,1,10,0,1,-105.0,70.5,-47.5,5.0,289292,426.416276,nan,0.289292,nan,1,0,289160,2,0,0,1,132,64,16,68,17,33,1,0,0,1
930,-47.5,57.5,8,4,0,0.0,0.0,0,0.0,57.5,0,562500.0,65.24354934692383,62.92570877075195,4,8,0,2,8,0,2,-105.0,70.5,-47.5,5.0,578584,426.99486,nan,0.578584,nan,2,0,578320,4,0,0,2,264,128,32,136,34,66,2,0,0,2
931,-47.5,57.5,10,5,0,0.0,0.0,0,0.0,57.5,0,562500.0,37.155768566272485,33.65163250021598,5,10,0,2,10,0,2,-105.0,70.5,-47.5,5.0,578584,427.573444,nan,0.578584,nan,2,0,578320,4,0,0,2,264,128,32,136,34,66,2,0,0,2
932,-47.5,57.5,10,5,0,0.0,0.0,0,0.0,57.5,0,0.0,nan,nan,5,10,0,0,10,0,0,-105.0,70.5,-47.5,5.0,0,427.573444,nan,0.0,nan,0,0,0,0,0,0,0,0,0,0,0,0,0,0,0,0,0
933,-47.5,57.5,10,5,0,0.0,0.0,0,0.0,57.5,0,562500.0,67.67025375366211,67.67025375366211,5,10,0,1,10,0,1,-105.0,70.5,-47.5,5.0,289292,427.862736,nan,0.289292,nan,1,0,289160,2,0,0,1,132,64,16,68,17,33,1,0,0,1
934,-47.5,57.5,12,6,0,0.0,0.0,0,0.0,57.5,1,562500.0,63.992591857910156,60.42379379272461,6,12,1,2,12,0,3,-105.0,70.5,-47.5,5.0,578584,428.44132,nan,0.578584,nan,2,0,578320,4,0,0,2,264,128,32,136,34,66,2,0,0,2
935,-47.5,57.5,12,6,0,0.0,0.0,0,0.0,57.5,1,562500.0,51.05309935700183,43.89043440591888,6,12,1,3,12,0,4,-105.0,70.5,-47.5,5.0,867876,429.309196,nan,0.867876,nan,3,0,867480,6,0,0,3,396,192,48,204,51,99,3,0,0,3
936,-47.5,57.5,12,6,0,0.0,0.0,0,0.0,57.5,1,562500.0,41.294640582514575,34.58101065309347,6,12,1,2,12,0,3,-105.0,70.5,-47.5,5.0,578584,429.88778,nan,0.578584,nan,2,0,578320,4,0,0,2,264,128,32,136,34,66,2,0,0,2
937,-47.5,57.5,14,7,0,0.0,0.0,0,0.0,57.5,0,562500.0,60.51643753051758,60.51643371582031,7,14,0,1,14,0,1,-105.0,70.5,-47.5,5.0,289292,430.177072,nan,0.289292,nan,1,0,289160,2,0,0,1,132,64,16,68,17,33,1,0,0,1
938,-47.5,57.5,12,6,0,0.0,0.0,0,0.0,57.5,0,562500.0,74.44292068481445,74.44292068481445,6,12,0,1,12,0,1,-105.0,70.5,-47.5,5.0,289292,430.466364,nan,0.289292,nan,1,0,289160,2,0,0,1,132,64,16,68,17,33,1,0,0,1
939,-47.5,57.5,10,5,0,0.0,0.0,0,0.0,57.5,2,562500.0,67.67025375366211,67.67025375366211,5,10,2,1,10,0,3,-105.0,70.5,-47.5,5.0,289292,430.755656,nan,0.289292,nan,1,0,289160,2,0,0,1,132,64,16,68,17,33,1,0,0,1
940,-47.5,57.5,14,7,0,0.0,0.0,0,0.0,57.5,1,562500.0,44.9120094881001,40.43812533506891,7,14,1,2,14,0,3,-105.0,70.5,-47.5,5.0,578584,431.33424,nan,0.578584,nan,2,0,578320,4,0,0,2,264,128,32,136,34,66,2,0,0,2
941,-47.5,57.5,14,7,0,0.0,0.0,0,0.0,57.5,2,562500.0,64.66230583190918,61.52682113647461,7,14,2,2,14,0,4,-105.0,70.5,-47.5,5.0,578584,431.912824,nan,0.578584,nan,2,0,578320,4,0,0,2,264,128,32,136,34,66,2,0,0,2
942,-47.5,57.5,16,8,0,0.0,0.0,0,0.0,57.5,1,562500.0,67.79779052734375,67.79779052734375,8,16,1,1,16,0,2,-105.0,70.5,-47.5,5.0,289292,432.202116,nan,0.289292,nan,1,0,289160,2,0,0,1,132,64,16,68,17,33,1,0,0,1
943,-47.5,57.5,16,8,0,0.0,0.0,0,0.0,57.5,0,562500.0,70.78797149658203,67.79778671264648,8,16,0,2,16,0,2,-105.0,70.5,-47.5,5.0,578584,432.7807,nan,0.578584,nan,2,0,578320,4,0,0,2,264,128,32,136,34,66,2,0,0,2
944,-47.5,57.5,16,8,0,0.0,0.0,0,0.0,57.5,2,562500.0,43.433230097037445,28.72283904661351,8,16,2,3,16,0,5,-105.0,70.5,-47.5,5.0,867876,433.648576,nan,0.867876,nan,3,0,867480,6,0,0,3,396,192,48,204,51,99,3,0,0,3
945,-47.5,57.5,14,7,0,0.0,0.0,0,0.0,57.5,1,562500.0,45.85783539933192,43.244247369151495,7,14,1,2,14,0,3,-105.0,70.5,-47.5,5.0,578584,434.22716,nan,0.578584,nan,2,0,578320,4,0,0,2,264,128,32,136,34,66,2,0,0,2
946,-47.5,57.5,14,7,0,0.0,0.0,0,0.0,57.5,0,562500.0,62.10810661315918,57.59812545776367,7,14,0,2,14,0,2,-105.0,70.5,-47.5,5.0,578584,434.805744,nan,0.578584,nan,2,0,578320,4,0,0,2,264,128,32,136,34,66,2,0,0,2
947,-47.5,57.5,14,7,0,0.0,0.0,0,0.0,57.5,0,562500.0,60.41312026977539,60.41312026977539,7,14,0,1,14,0,1,-105.0,70.5,-47.5,5.0,289292,435.095036,nan,0.289292,nan,1,0,289160,2,0,0,1,132,64,16,68,17,33,1,0,0,1
948,-47.5,57.5,16,8,0,0.0,0.0,0,0.0,57.5,0,562500.0,64.7772045135498,63.25791549682617,8,16,0,2,16,0,2,-105.0,70.5,-47.5,5.0,578584,435.67362,nan,0.578584,nan,2,0,578320,4,0,0,2,264,128,32,136,34,66,2,0,0,2
949,-47.5,57.5,16,8,0,0.0,0.0,0,0.0,57.5,1,562500.0,59.195556640625,59.195556640625,8,16,1,1,16,0,2,-105.0,70.5,-47.5,5.0,289292,435.962912,nan,0.289292,nan,1,0,289160,2,0,0,1,132,64,16,68,17,33,1,0,0,1
950,-47.5,57.5,16,8,0,0.0,0.0,0,0.0,57.5,0,0.0,nan,nan,8,16,0,0,16,0,0,-105.0,70.5,-47.5,5.0,0,435.962912,nan,0.0,nan,0,0,0,0,0,0,0,0,0,0,0,0,0,0,0,0,0
951,-47.5,57.5,14,7,0,0.0,0.0,0,0.0,57.5,0,562500.0,60.72944450378418,58.68009567260742,7,14,0,2,14,0,2,-105.0,70.5,-47.5,5.0,578584,436.541496,nan,0.578584,nan,2,0,578320,4,0,0,2,264,128,32,136,34,66,2,0,0,2
952,-47.5,57.5,12,6,0,0.0,0.0,0,0.0,57.5,1,562500.0,60.53727340698242,57.640926361083984,6,12,1,3,12,0,4,-105.0,70.5,-47.5,5.0,867876,437.409372,nan,0.867876,nan,3,0,867480,6,0,0,3,396,192,48,204,51,99,3,0,0,3
953,-47.5,57.5,10,5,0,0.0,0.0,0,0.0,57.5,0,562500.0,67.11295700073242,59.683746337890625,5,10,0,2,10,0,2,-105.0,70.5,-47.5,5.0,578584,437.987956,nan,0.578584,nan,2,0,578320,4,0,0,2,264,128,32,136,34,66,2,0,0,2
954,-47.5,57.5,12,6,0,0.0,0.0,0,0.0,57.5,0,0.0,nan,nan,6,12,0,0,12,0,0,-105.0,70.5,-47.5,5.0,0,437.987956,nan,0.0,nan,0,0,0,0,0,0,0,0,0,0,0,0,0,0,0,0,0
955,-47.5,57.5,16,8,0,0.0,0.0,0,0.0,57.5,0,562500.0,61.6175651550293,61.441650390625,8,16,0,2,16,0,2,-105.0,70.5,-47.5,5.0,578584,438.56654,nan,0.578584,nan,2,0,578320,4,0,0,2,264,128,32,136,34,66,2,0,0,2
956,-47.5,57.5,14,7,0,0.0,0.0,0,0.0,57.5,0,0.0,nan,nan,7,14,0,0,14,0,0,-105.0,70.5,-47.5,5.0,0,438.56654,nan,0.0,nan,0,0,0,0,0,0,0,0,0,0,0,0,0,0,0,0,0
957,-47.5,57.5,14,7,0,0.0,0.0,0,0.0,57.5,1,562500.0,38.48750744220355,37.860427934233165,7,14,1,2,14,0,3,-105.0,70.5,-47.5,5.0,578584,439.145124,nan,0.578584,nan,2,0,578320,4,0,0,2,264,128,32,136,34,66,2,0,0,2
958,-47.5,57.5,16,8,0,0.0,0.0,0,0.0,57.5,2,562500.0,67.40869903564453,67.40869903564453,8,16,2,1,16,0,3,-105.0,70.5,-47.5,5.0,289292,439.434416,nan,0.289292,nan,1,0,289160,2,0,0,1,132,64,16,68,17,33,1,0,0,1
959,-47.5,57.5,16,8,0,0.0,0.0,0,0.0,57.5,1,562500.0,67.4616813659668,67.4616813659668,8,16,1,1,16,0,2,-105.0,70.5,-47.5,5.0,289292,439.723708,nan,0.289292,nan,1,0,289160,2,0,0,1,132,64,16,68,17,33,1,0,0,1
960,-47.5,57.5,16,8,0,0.0,0.0,0,0.0,57.5,1,562500.0,43.67184512053285,32.25401025603402,8,16,1,3,16,0,4,-105.0,70.5,-47.5,5.0,867876,440.591584,nan,0.867876,nan,3,0,867480,6,0,0,3,396,192,48,204,51,99,3,0,0,3
961,-47.5,57.5,20,10,0,0.0,0.0,0,0.0,57.5,0,562500.0,39.2835826756387,36.90569628544772,10,20,0,2,20,0,2,-105.0,70.5,-47.5,5.0,578584,441.170168,nan,0.578584,nan,2,0,578320,4,0,0,2,264,128,32,136,34,66,2,0,0,2
962,-47.5,57.5,22,11,0,0.0,0.0,0,0.0,57.5,1,562500.0,35.68732696243329,29.825285796360575,11,22,1,2,22,0,3,-105.0,70.5,-47.5,5.0,578584,441.748752,nan,0.578584,nan,2,0,578320,4,0,0,2,264,128,32,136,34,66,2,0,0,2
963,-47.5,57.5,20,10,0,0.0,0.0,0,0.0,57.5,0,0.0,nan,nan,10,20,0,0,20,0,0,-105.0,70.5,-47.5,5.0,0,441.748752,nan,0.0,nan,0,0,0,0,0,0,0,0,0,0,0,0,0,0,0,0,0
964,-47.5,57.5,22,11,0,0.0,0.0,0,0.0,57.5,1,562500.0,63.271507263183594,63.271507263183594,11,22,1,1,22,0,2,-105.0,70.5,-47.5,5.0,289292,442.038044,nan,0.289292,nan,1,0,289160,2,0,0,1,132,64,16,68,17,33,1,0,0,1
965,-47.5,57.5,20,10,0,0.0,0.0,0,0.0,57.5,2,562500.0,66.23799896240234,65.93830871582031,10,20,2,2,20,0,4,-105.0,70.5,-47.5,5.0,578584,442.616628,nan,0.578584,nan,2,0,578320,4,0,0,2,264,128,32,136,34,66,2,0,0,2
966,-47.5,57.5,18,9,0,0.0,0.0,0,0.0,57.5,0,562500.0,59.48672103881836,57.96809005737305,9,18,0,2,18,0,2,-105.0,70.5,-47.5,5.0,578584,443.195212,nan,0.578584,nan,2,0,578320,4,0,0,2,264,128,32,136,34,66,2,0,0,2
967,-47.5,57.5,18,9,0,0.0,0.0,0,0.0,57.5,0,562500.0,60.44914245605469,59.01680374145508,9,18,0,2,18,0,2,-105.0,70.5,-47.5,5.0,578584,443.773796,nan,0.578584,nan,2,0,578320,4,0,0,2,264,128,32,136,34,66,2,0,0,2
968,-47.5,57.5,14,7,0,0.0,0.0,0,0.0,57.5,0,0.0,nan,nan,7,14,0,0,14,0,0,-105.0,70.5,-47.5,5.0,0,443.773796,nan,0.0,nan,0,0,0,0,0,0,0,0,0,0,0,0,0,0,0,0,0
969,-47.5,57.5,12,6,0,0.0,0.0,0,0.0,57.5,1,562500.0,60.53878593444824,58.74828338623047,6,12,1,2,12,0,3,-105.0,70.5,-47.5,5.0,578584,444.35238,nan,0.578584,nan,2,0,578320,4,0,0,2,264,128,32,136,34,66,2,0,0,2
970,-47.5,57.5,10,5,0,0.0,0.0,0,0.0,57.5,0,562500.0,60.06347465515137,58.6700553894043,5,10,0,2,10,0,2,-105.0,70.5,-47.5,5.0,578584,444.930964,nan,0.578584,nan,2,0,578320,4,0,0,2,264,128,32,136,34,66,2,0,0,2
971,-47.5,57.5,10,5,0,0.0,0.0,0,0.0,57.5,0,562500.0,44.773302055083725,30.068950890803585,5,10,0,3,10,0,3,-105.0,70.5,-47.5,5.0,867876,445.79884,nan,0.867876,nan,3,0,867480,6,0,0,3,396,192,48,204,51,99,3,0,0,3
972,-47.5,57.5,10,5,0,0.0,0.0,0,0.0,57.5,0,0.0,nan,nan,5,10,0,0,10,0,0,-105.0,70.5,-47.5,5.0,0,445.79884,nan,0.0,nan,0,0,0,0,0,0,0,0,0,0,0,0,0,0,0,0,0
973,-47.5,57.5,12,6,0,0.0,0.0,0,0.0,57.5,0,562500.0,66.33674303690593,63.52537155151367,6,12,0,3,12,0,3,-105.0,70.5,-47.5,5.0,867876,446.666716,nan,0.867876,nan,3,0,867480,6,0,0,3,396,192,48,204,51,99,3,0,0,3
974,-47.5,57.5,12,6,0,0.0,0.0,0,0.0,57.5,0,562500.0,65.88609790802002,64.36898803710938,6,12,0,2,12,0,2,-105.0,70.5,-47.5,5.0,578584,447.2453,nan,0.578584,nan,2,0,578320,4,0,0,2,264,128,32,136,34,66,2,0,0,2
975,-47.5,57.5,10,5,0,0.0,0.0,0,0.0,57.5,0,562500.0,41.27070911248127,37.39708422436364,5,10,0,2,10,0,2,-105.0,70.5,-47.5,5.0,578584,447.823884,nan,0.578584,nan,2,0,578320,4,0,0,2,264,128,32,136,34,66,2,0,0,2
976,-47.5,57.5,8,4,0,0.0,0.0,0,0.0,57.5,0,562500.0,59.708656311035156,59.708656311035156,4,8,0,1,8,0,1,-105.0,70.5,-47.5,5.0,289292,448.113176,nan,0.289292,nan,1,0,289160,2,0,0,1,132,64,16,68,17,33,1,0,0,1
977,-47.5,57.5,6,3,0,0.0,0.0,0,0.0,57.5,0,562500.0,67.40320587158203,67.40320587158203,3,6,0,1,6,0,1,-105.0,70.5,-47.5,5.0,289292,448.402468,nan,0.289292,nan,1,0,289160,2,0,0,1,132,64,16,68,17,33,1,0,0,1
978,-47.5,57.5,6,3,0,0.0,0.0,0,0.0,57.5,1,562500.0,67.45293521881104,67.40320587158203,3,6,1,2,6,0,3,-105.0,70.5,-47.5,5.0,578584,448.981052,nan,0.578584,nan,2,0,578320,4,0,0,2,264,128,32,136,34,66,2,0,0,2
979,-47.5,57.5,8,4,0,0.0,0.0,0,0.0,57.5,0,0.0,nan,nan,4,8,0,0,8,0,0,-105.0,70.5,-47.5,5.0,0,448.981052,nan,0.0,nan,0,0,0,0,0,0,0,0,0,0,0,0,0,0,0,0,0
980,-47.5,57.5,6,3,0,0.0,0.0,0,0.0,57.5,0,562500.0,67.50382995605469,67.50382995605469,3,6,0,1,6,0,1,-105.0,70.5,-47.5,5.0,289292,449.270344,nan,0.289292,nan,1,0,289160,2,0,0,1,132,64,16,68,17,33,1,0,0,1
981,-47.5,57.5,10,5,0,0.0,0.0,0,0.0,57.5,1,562500.0,45.67779102967802,36.19424813173102,5,10,1,3,10,0,4,-105.0,70.5,-47.5,5.0,867876,450.13822,nan,0.867876,nan,3,0,867480,6,0,0,3,396,192,48,204,51,99,3,0,0,3
982,-47.5,57.5,12,6,0,0.0,0.0,0,0.0,57.5,0,562500.0,45.151943094680554,31.796895119262096,6,12,0,3,12,0,3,-105.0,70.5,-47.5,5.0,867876,451.006096,nan,0.867876,nan,3,0,867480,6,0,0,3,396,192,48,204,51,99,3,0,0,3
983,-47.5,57.5,12,6,0,0.0,0.0,0,0.0,57.5,0,0.0,nan,nan,6,12,0,0,12,0,0,-105.0,70.5,-47.5,5.0,0,451.006096,nan,0.0,nan,0,0,0,0,0,0,0,0,0,0,0,0,0,0,0,0,0
984,-47.5,57.5,12,6,0,0.0,0.0,0,0.0,57.5,1,562500.0,52.04686336384615,40.23476449176201,6,12,1,3,12,0,4,-105.0,70.5,-47.5,5.0,867876,451.873972,nan,0.867876,nan,3,0,867480,6,0,0,3,396,192,48,204,51,99,3,0,0,3
985,-47.5,57.5,12,6,0,0.0,0.0,0,0.0,57.5,0,562500.0,42.1780602785559,36.92356462576256,6,12,0,2,12,0,2,-105.0,70.5,-47.5,5.0,578584,452.452556,nan,0.578584,nan,2,0,578320,4,0,0,2,264,128,32,136,34,66,2,0,0,2
986,-47.5,57.5,14,7,0,0.0,0.0,0,0.0,57.5,1,562500.0,67.48404693603516,67.48404693603516,7,14,1,1,14,0,2,-105.0,70.5,-47.5,5.0,289292,452.741848,nan,0.289292,nan,1,0,289160,2,0,0,1,132,64,16,68,17,33,1,0,0,1
987,-47.5,57.5,14,7,0,0.0,0.0,0,0.0,57.5,0,0.0,nan,nan,7,14,0,0,14,0,0,-105.0,70.5,-47.5,5.0,0,452.741848,nan,0.0,nan,0,0,0,0,0,0,0,0,0,0,0,0,0,0,0,0,0
988,-47.5,57.5,14,7,0,0.0,0.0,0,0.0,57.5,0,562500.0,48.16898381096911,31.930077644896855,7,14,0,3,14,0,3,-105.0,70.5,-47.5,5.0,867876,453.609724,nan,0.867876,nan,3,0,867480,6,0,0,3,396,192,48,204,51,99,3,0,0,3
989,-47.5,57.5,14,7,0,0.0,0.0,0,0.0,57.5,0,562500.0,50.29812170933445,32.247451165986234,7,14,0,3,14,0,3,-105.0,70.5,-47.5,5.0,867876,454.4776,nan,0.867876,nan,3,0,867480,6,0,0,3,396,192,48,204,51,99,3,0,0,3
990,-47.5,57.5,14,7,0,0.0,0.0,0,0.0,57.5,0,562500.0,64.6438455581665,61.78385925292969,7,14,0,2,14,0,2,-105.0,70.5,-47.5,5.0,578584,455.056184,nan,0.578584,nan,2,0,578320,4,0,0,2,264,128,32,136,34,66,2,0,0,2
991,-47.5,57.5,18,9,0,0.0,0.0,0,0.0,57.5,1,562500.0,65.96978378295898,65.96978378295898,9,18,1,1,18,0,2,-105.0,70.5,-47.5,5.0,289292,455.345476,nan,0.289292,nan,1,0,289160,2,0,0,1,132,64,16,68,17,33,1,0,0,1
992,-47.5,57.5,18,9,0,0.0,0.0,0,0.0,57.5,0,562500.0,59.104896545410156,59.00949478149414,9,18,0,2,18,0,2,-105.0,70.5,-47.5,5.0,578584,455.92406,nan,0.578584,nan,2,0,578320,4,0,0,2,264,128,32,136,34,66,2,0,0,2
993,-47.5,57.5,20,10,0,0.0,0.0,0,0.0,57.5,1,562500.0,63.68416976928711,63.68416976928711,10,20,1,1,20,0,2,-105.0,70.5,-47.5,5.0,289292,456.213352,nan,0.289292,nan,1,0,289160,2,0,0,1,132,64,16,68,17,33,1,0,0,1
994,-47.5,57.5,22,11,0,0.0,0.0,0,0.0,57.5,0,562500.0,63.91077423095703,63.91077423095703,11,22,0,1,22,0,1,-105.0,70.5,-47.5,5.0,289292,456.502644,nan,0.289292,nan,1,0,289160,2,0,0,1,132,64,16,68,17,33,1,0,0,1
995,-47.5,57.5,20,10,0,0.0,0.0,0,0.0,57.5,1,562500.0,58.76213455200195,58.76213455200195,10,20,1,1,20,0,2,-105.0,70.5,-47.5,5.0,289292,456.791936,nan,0.289292,nan,1,0,289160,2,0,0,1,132,64,16,68,17,33,1,0,0,1
996,-47.5,57.5,18,9,0,0.0,0.0,0,0.0,57.5,0,562500.0,58.104976654052734,58.104976654052734,9,18,0,1,18,0,1,-105.0,70.5,-47.5,5.0,289292,457.081228,nan,0.289292,nan,1,0,289160,2,0,0,1,132,64,16,68,17,33,1,0,0,1
997,-47.5,57.5,12,6,0,0.0,0.0,0,0.0,57.5,0,562500.0,64.9563217163086,60.553497314453125,6,12,0,2,12,0,2,-105.0,70.5,-47.5,5.0,578584,457.659812,nan,0.578584,nan,2,0,578320,4,0,0,2,264,128,32,136,34,66,2,0,0,2
998,-47.5,57.5,8,4,0,0.0,0.0,0,0.0,57.5,1,562500.0,61.129669189453125,59.95619583129883,4,8,1,2,8,0,3,-105.0,70.5,-47.5,5.0,578584,458.238396,nan,0.578584,nan,2,0,578320,4,0,0,2,264,128,32,136,34,66,2,0,0,2
999,-47.5,57.5,6,3,0,0.0,0.0,0,0.0,57.5,0,562500.0,63.7618293762207,63.44498062133789,3,6,0,2,6,0,2,-105.0,70.5,-47.5,5.0,578584,458.81698,nan,0.578584,nan,2,0,578320,4,0,0,2,264,128,32,136,34,66,2,0,0,2
1000,-47.5,57.5,4,2,0,0.0,0.0,0,0.0,57.5,0,562500.0,61.575063705444336,58.13838577270508,2,4,0,2,4,0,2,-105.0,70.5,-47.5,5.0,578584,459.395564,nan,0.578584,nan,2,0,578320,4,0,0,2,264,128,32,136,34,66,2,0,0,2
