step,mode,receiver_idx,provider_idx,target_gain,online_prediction,base_loss,weighted_loss,propensity,importance_weight,receiver_policy_version,provider_policy_version
2,t2_b0,5,9,0.0,-0.12072112411260605,0.007286794949322939,0.007286794949322939,1.0,1.0,0,0
3,t2_b0,5,9,0.0,0.0524296835064888,0.001374435843899846,0.001374435843899846,1.0,1.0,0,0
3,t2_b0,3,8,0.0,-0.1212756410241127,0.007353890687227249,0.007353890687227249,1.0,1.0,0,0
4,t2_b0,3,8,0.0,0.050410836935043335,0.0012706262059509754,0.0012706262059509754,1.0,1.0,0,0
4,t2_b0,9,5,0.12347005943697145,-0.01815570890903473,0.010028928518295288,0.010028928518295288,1.0,1.0,0,0
4,t2_b0,0,1,0.0,-0.12042751163244247,0.007251392584294081,0.007251392584294081,1.0,1.0,0,0
5,t2_b0,3,8,0.0,-0.044953711330890656,0.0010104180546477437,0.0010104180546477437,1.0,1.0,0,0
5,t2_b0,0,1,0.0,0.04880441725254059,0.001190935610793531,0.001190935610793531,1.0,1.0,0,0
5,t2_b0,2,5,0.0,-0.12096789479255676,0.0073166158981621265,0.0073166158981621265,0.5,1.0,0,0
6,t2_b0,3,8,0.0,0.026918627321720123,0.0003623062511906028,0.0003623062511906028,1.0,1.0,0,0
6,t2_b0,0,1,0.0,-0.04499633237719536,0.001012334949336946,0.001012334949336946,1.0,1.0,0,0
6,t2_b0,9,5,0.0,0.06656304746866226,0.0022153195459395647,0.0022153195459395647,0.5,1.0,0,0
7,t2_b0,3,8,0.0,-0.005524523556232452,1.5260180589393713e-05,1.5260180589393713e-05,1.0,1.0,0,0
7,t2_b0,2,9,0.0036732398670317086,-0.01864345371723175,0.0002490174083504826,0.0002490174083504826,1.0,1.0,0,0
8,t2_b0,3,8,0.025966049433234745,-0.009708352386951447,0.0006363314460031688,0.0006363314460031688,1.0,1.0,0,0
8,t2_b0,5,9,0.010139120189668038,0.009793207049369812,5.982781914326551e-08,5.982781914326551e-08,1.0,1.0,0,0
9,t2_b0,5,9,-0.1104394678102541,0.02735394984483719,0.009493513964116573,0.009493513964116573,1.0,1.0,0,0
9,t2_b0,6,7,0.0,-0.12291325628757477,0.007553834468126297,0.007553834468126297,1.0,1.0,0,0
9,t2_b0,3,8,-0.08080705716931404,0.023893609642982483,0.005481115076690912,0.005481115076690912,1.0,1.0,0,0
10,t2_b0,5,9,-0.03952486642208532,-0.038974735885858536,1.5132273745166458e-07,1.5132273745166458e-07,1.0,1.0,0,0
10,t2_b0,6,7,0.0,0.05022723972797394,0.0012613878352567554,0.0012613878352567554,1.0,1.0,0,0
11,t2_b0,5,9,0.03016012639237746,-0.0023738667368888855,0.0005292304558679461,0.0005292304558679461,1.0,1.0,0,0
11,t2_b0,7,3,0.15906448586585265,-0.02910526841878891,0.01770392619073391,0.01770392619073391,0.3333333333333333,1.0,0,0
11,t2_b0,1,6,0.5429560246982045,0.013329744338989258,0.1402520090341568,0.1402520090341568,0.3333333333333333,1.0,0,0
11,t2_b0,0,4,0.0,0.002478964626789093,3.0726328077435028e-06,3.0726328077435028e-06,1.0,1.0,0,0
12,t2_b0,0,4,0.02055414186843401,-0.006589360535144806,0.0003683848772197962,0.0003683848772197962,1.0,1.0,0,0
12,t2_b0,6,1,-0.06297381570153625,0.09756013005971909,0.012885572388768196,0.012885572388768196,0.3333333333333333,1.0,0,0
12,t2_b0,5,9,0.0,0.008871696889400482,3.935350105166435e-05,3.935350105166435e-05,0.5,1.0,0,0
13,t2_b0,0,4,0.008978223620303224,0.017308324575424194,3.4695291105890647e-05,3.4695291105890647e-05,1.0,1.0,0,0
13,t2_b0,7,3,0.2886671692539639,0.03556571900844574,0.03203017637133598,0.03203017637133598,0.3333333333333333,1.0,0,0
13,t2_b0,5,8,0.018981689243872592,-0.033726226538419724,0.0013890622649341822,0.0013890622649341822,0.5,1.0,0,0
13,t2_b0,1,6,0.005513198493821713,0.16300779581069946,0.012402275577187538,0.012402275577187538,0.3333333333333333,1.0,0,0
14,t2_b0,3,7,0.05608709369781063,0.04334364831447601,8.11977224657312e-05,8.11977224657312e-05,1.0,1.0,0,0
14,t2_b0,5,8,0.0,0.002383299171924591,2.840057504727156e-06,2.840057504727156e-06,0.5,1.0,0,0
14,t2_b0,6,1,0.07786262766436815,0.054004915058612823,0.0002845952403731644,0.0002845952403731644,1.0,1.0,0,0
14,t2_b0,0,4,0.0,-0.0022909343242645264,2.6241900741297286e-06,2.6241900741297286e-06,1.0,1.0,0,0
15,t2_b0,5,9,0.1688785581000242,-0.020713694393634796,0.017972609028220177,0.017972609028220177,0.5,1.0,0,0
15,t2_b0,7,1,0.3425424426162174,0.07186181098222733,0.03663400188088417,0.03663400188088417,1.0,1.0,0,0
15,t2_b0,4,6,0.0752963436194751,0.04838591814041138,0.000362085469532758,0.000362085469532758,0.5,1.0,0,0
16,t2_b0,5,9,-0.08149728630586103,0.03744121640920639,0.007073184009641409,0.007073184009641409,1.0,1.0,0,0
16,t2_b0,4,6,0.21963459867265991,0.06848552078008652,0.01142301969230175,0.01142301969230175,1.0,1.0,0,0
16,t2_b0,1,7,-0.013630933922892299,0.077436663210392,0.004146653693169355,0.004146653693169355,1.0,1.0,0,0
17,t2_b0,5,9,0.17878477160376843,-0.05029374733567238,0.02623848244547844,0.02623848244547844,1.0,1.0,0,0
17,t2_b0,1,7,0.14156983586462782,0.11044850200414658,0.00048426876310259104,0.00048426876310259104,1.0,1.0,0,0
17,t2_b0,4,6,0.0,0.0984836220741272,0.004849512130022049,0.004849512130022049,1.0,1.0,0,0
18,t2_b0,5,9,-0.09839824542580164,0.06240405887365341,0.012928690761327744,0.012928690761327744,1.0,1.0,0,0
18,t2_b0,0,6,-0.0037947402059796058,0.0929669663310051,0.0046814135275781155,0.0046814135275781155,1.0,1.0,0,0
18,t2_b0,4,1,-0.006634772607590248,0.030804544687271118,0.0007008512038737535,0.0007008512038737535,1.0,1.0,0,0
19,t2_b0,5,9,0.11476203344803013,-0.017429284751415253,0.008737271651625633,0.008737271651625633,1.0,1.0,0,0
19,t2_b0,0,6,0.0,0.03962896019220352,0.0007852272246964276,0.0007852272246964276,1.0,1.0,0,0
19,t2_b0,8,7,0.7676801914800203,0.1314576268196106,0.20238956809043884,0.20238956809043884,1.0,1.0,0,0
19,t2_b0,1,4,0.03954852224274942,0.07491274178028107,0.0006253139581531286,0.0006253139581531286,0.5,1.0,0,0
20,t2_b0,0,6,0.0,0.06271208077669144,0.0019664026331156492,0.0019664026331156492,1.0,1.0,0,0
20,t2_b0,5,9,-0.13725201540817167,0.021807491779327393,0.012649963609874249,0.012649963609874249,0.5,1.0,0,0
20,t2_b0,4,1,0.06484038101155964,0.10101772099733353,0.000654399860650301,0.000654399860650301,1.0,1.0,0,0
20,t2_b0,8,7,-0.027680568997054653,0.29207080602645874,0.05112047493457794,0.05112047493457794,1.0,1.0,0,0
21,t2_b0,5,9,0.0,-0.012688137590885162,8.049442112678662e-05,8.049442112678662e-05,0.5,1.0,0,0
21,t2_b0,7,8,-0.026987429280507243,0.06588433682918549,0.004312582779675722,0.004312582779675722,0.5,1.0,0,0
21,t2_b0,0,6,0.0,0.04953503608703613,0.0012268598657101393,0.0012268598657101393,1.0,1.0,0,0
21,t2_b0,1,4,0.05980367108103181,0.08250545710325241,0.0002576855185907334,0.0002576855185907334,0.3333333333333333,1.0,0,0
22,t2_b0,4,1,0.2517798532989143,0.0878075435757637,0.013443460687994957,0.013443460687994957,1.0,1.0,0,0
22,t2_b0,9,5,0.2045272140120241,0.005579859018325806,0.019790025427937508,0.019790025427937508,1.0,1.0,0,0
22,t2_b0,0,6,0.0,0.046441301703453064,0.0010783972684293985,0.0010783972684293985,1.0,1.0,0,0
22,t2_b0,7,8,0.06462934720542225,-0.02949504554271698,0.004429700784385204,0.004429700784385204,0.5,1.0,0,0
23,t2_b0,5,9,0.0,0.026073262095451355,0.00033990750671364367,0.00033990750671364367,0.5,1.0,0,0
23,t2_b0,1,4,0.1269537411912725,0.0955960750579834,0.0004916514735668898,0.0004916514735668898,0.9,1.0,0,0
23,t2_b0,8,7,-0.08704438317012672,0.08188067376613617,0.014267835766077042,0.014267835766077042,1.0,1.0,0,0
23,t2_b0,0,6,0.0,0.04887350648641586,0.0011943097924813628,0.0011943097924813628,1.0,1.0,0,0
24,t2_b0,9,5,0.08958060705298328,-0.01656152307987213,0.005633076187223196,0.005633076187223196,1.0,1.0,0,0
24,t2_b0,8,7,0.0,0.09968651086091995,0.004968699999153614,0.004968699999153614,1.0,1.0,0,0
24,t2_b0,1,4,0.0,0.10193359106779099,0.005195228382945061,0.005195228382945061,0.900390625,1.0,0,0
24,t2_b0,0,6,0.0,0.03885320574045181,0.0007547857821919024,0.0007547857821919024,1.0,1.0,0,0
25,t2_b0,5,9,0.003972037360332767,0.012367494404315948,3.524185376591049e-05,3.524185376591049e-05,0.5,1.0,0,0
25,t2_b0,8,7,0.20669597451703045,0.12773758172988892,0.0031172139570116997,0.0031172139570116997,1.0,1.0,0,0
25,t2_b0,4,1,0.03944671038956172,0.08955629169940948,0.0012554849963635206,0.0012554849963635206,1.0,1.0,0,0
25,t2_b0,0,6,0.0,0.04303491860628128,0.000926002103369683,0.000926002103369683,1.0,1.0,0,0
26,t2_b0,1,4,0.07581309161308979,0.0893583744764328,9.173733269562945e-05,9.173733269562945e-05,0.9011718750000001,1.0,0,0
26,t2_b0,7,8,0.2543823086775052,0.0028383061289787292,0.03163719177246094,0.03163719177246094,0.5,1.0,0,0
26,t2_b0,0,6,0.0,0.034609876573085785,0.0005989217897877097,0.0005989217897877097,1.0,1.0,0,0
26,t2_b0,9,5,0.034807572192442446,0.04221199452877045,2.741272146522533e-05,2.741272146522533e-05,1.0,1.0,0,0
27,t2_b0,8,7,0.5973055093991974,0.17068447172641754,0.09100276976823807,0.09100276976823807,1.0,1.0,0,0
27,t2_b0,0,6,-0.026789935750023468,0.03765318542718887,0.0020764577202498913,0.0020764577202498913,1.0,1.0,0,0
27,t2_b0,4,1,0.17404674511328838,0.0980786457657814,0.0028855756390839815,0.0028855756390839815,1.0,1.0,0,0
27,t2_b0,5,9,0.016467928293575854,0.025259315967559814,3.864424434141256e-05,3.864424434141256e-05,0.5,1.0,0,0
28,t2_b0,4,1,-0.004080861054364699,0.1164107471704483,0.00725911371409893,0.00725911371409893,1.0,1.0,0,0
28,t2_b0,7,8,0.6223611122124891,0.0794113501906395,0.1473972350358963,0.1473972350358963,0.5,1.0,0,0
28,t2_b0,5,9,0.17982126275414226,0.021177224814891815,0.012583967298269272,0.012583967298269272,0.5,1.0,0,0
28,t2_b0,0,6,0.0,0.026154987514019012,0.00034204169060103595,0.00034204169060103595,1.0,1.0,0,0
29,t2_b0,8,7,0.15885538353324263,0.23539571464061737,0.0029292115941643715,0.0029292115941643715,1.0,1.0,0,0
29,t2_b0,5,9,0.016357606108471846,0.06699614971876144,0.0012821309501305223,0.0012821309501305223,0.9,1.0,0,0
29,t2_b0,1,4,0.11102351511523495,0.09523940086364746,0.0001245691382791847,0.0001245691382791847,0.90234375,1.0,0,0
29,t2_b0,0,6,-0.09158532091050367,0.033554717898368835,0.007830015383660793,0.007830015383660793,1.0,1.0,0,0
30,t2_b0,5,9,0.0,0.01310751587152481,8.59034844324924e-05,8.59034844324924e-05,0.900390625,1.0,0,0
30,t2_b0,0,6,0.1335630024738817,0.004444144666194916,0.008335839956998825,0.008335839956998825,1.0,1.0,0,0
30,t2_b0,8,7,0.09216978024214027,0.19451558589935303,0.005237332545220852,0.005237332545220852,1.0,1.0,0,0
30,t2_b0,4,1,0.16717696642426305,0.11967676877975464,0.0011281342012807727,0.0011281342012807727,1.0,1.0,0,0
31,t2_b0,0,6,0.09184703318010605,0.07138185948133469,0.0002094116498483345,0.0002094116498483345,1.0,1.0,0,0
31,t2_b0,1,4,0.21129837953352862,0.09998252242803574,0.006195609457790852,0.006195609457790852,0.9031250000000001,1.0,0,0
31,t2_b0,8,7,0.5197668185809988,0.17418786883354187,0.059712402522563934,0.059712402522563934,1.0,1.0,0,0
31,t2_b0,5,9,0.0,0.01483384519815445,0.00011002147948602214,0.00011002147948602214,0.90078125,1.0,0,0
32,t2_b0,0,6,0.0036894165542121255,-0.0012379512190818787,1.2139476893935353e-05,1.2139476893935353e-05,1.0,1.0,0,0
32,t2_b0,7,8,0.2345954175448441,0.17379288375377655,0.001848474028520286,0.001848474028520286,0.5,1.0,0,0
32,t2_b0,1,4,0.0,0.13074557483196259,0.008547202683985233,0.008547202683985233,0.903515625,1.0,0,0
32,t2_b0,5,9,0.0,0.04243940860033035,0.0009005516767501831,0.0009005516767501831,0.9011718750000001,1.0,0,0
33,t2_b0,1,4,0.24368326359487189,0.07031036168336868,0.015029080212116241,0.015029080212116241,0.90390625,1.0,0,0
33,t2_b0,7,8,0.061491789771693915,0.24661965668201447,0.017136164009571075,0.017136164009571075,0.9,1.0,0,0
33,t2_b0,5,9,0.0,0.02505696564912796,0.0003139257605653256,0.0003139257605653256,0.9015625,1.0,0,0
33,t2_b0,0,6,0.04844233518700318,0.045194074511528015,5.275594503473258e-06,5.275594503473258e-06,1.0,1.0,0,0
34,t2_b0,1,4,-0.04303751428566416,0.1342855989933014,0.015721743926405907,0.015721743926405907,0.904296875,1.0,0,0
34,t2_b0,0,6,0.07542269212046077,0.03705207258462906,0.0007361521129496396,0.0007361521129496396,1.0,1.0,0,0
34,t2_b0,5,9,0.0,0.018583521246910095,0.00017267363728024065,0.00017267363728024065,0.901953125,1.0,0,0
34,t2_b0,7,8,0.07022959112734445,0.19438114762306213,0.007706804666668177,0.007706804666668177,0.900390625,1.0,0,0
35,t2_b0,7,8,0.19760417631060587,0.15099182724952698,0.0010863556526601315,0.0010863556526601315,0.90078125,1.0,0,0
35,t2_b0,1,4,0.0,0.07933008670806885,0.003146631410345435,0.003146631410345435,0.9046875,1.0,0,0
35,t2_b0,5,9,0.0,0.03006947785615921,0.00045208673691377044,0.00045208673691377044,0.90234375,1.0,0,0
35,t2_b0,0,6,0.1923216267607135,0.031888797879219055,0.012869346886873245,0.012869346886873245,1.0,1.0,0,0
36,t2_b0,5,9,0.0,0.024833664298057556,0.00030835543293505907,0.00030835543293505907,0.902734375,1.0,0,0
36,t2_b0,7,8,0.07568872660676462,0.19845230877399445,0.007535448297858238,0.007535448297858238,0.9011718750000001,1.0,0,0
36,t2_b0,0,6,0.12627988245299732,0.07663987576961517,0.0012320647947490215,0.0012320647947490215,1.0,1.0,0,0
36,t2_b0,1,4,0.1478928827479096,0.06756851822137833,0.0032260012812912464,0.0032260012812912464,0.9050781250000001,1.0,0,0
37,t2_b0,1,4,0.12810695509951212,0.13183793425559998,6.9601155701093376e-06,6.9601155701093376e-06,0.90546875,1.0,0,0
37,t2_b0,0,6,0.4065983733576246,0.02876618504524231,0.07137857377529144,0.07137857377529144,1.0,1.0,0,0
37,t2_b0,7,8,0.0037754584810411012,0.17857041954994202,0.01527663879096508,0.01527663879096508,0.9015625,1.0,0,0
37,t2_b0,5,9,0.0,0.019000187516212463,0.00018050355720333755,0.00018050355720333755,0.9031250000000001,1.0,0,0
38,t2_b0,8,7,0.2656619644480905,0.2585515081882477,2.5279226974816993e-05,2.5279226974816993e-05,1.0,1.0,0,0
38,t2_b0,5,9,0.0,0.02290986478328705,0.00026243095635436475,0.00026243095635436475,0.903515625,1.0,0,0
38,t2_b0,1,4,-0.07921076654339892,0.11632397025823593,0.01911691576242447,0.01911691576242447,0.905859375,1.0,0,0
38,t2_b0,0,6,0.3832363850458492,0.1374245434999466,0.030211729928851128,0.030211729928851128,1.0,1.0,0,0
39,t2_b0,5,9,0.0,0.021314874291419983,0.0002271619305247441,0.0002271619305247441,0.90390625,1.0,0,0
39,t2_b0,1,4,0.2939558174151242,0.03624685853719711,0.03320694714784622,0.03320694714784622,0.90625,1.0,0,0
39,t2_b0,0,6,0.5081659311865538,0.10685966163873672,0.08052337169647217,0.08052337169647217,1.0,1.0,0,0
39,t2_b0,8,7,0.0,0.24594199657440186,0.030243732035160065,0.030243732035160065,1.0,1.0,0,0
40,t2_b0,5,9,-0.07671065446109052,0.01852082461118698,0.004534517414867878,0.004534517414867878,0.904296875,1.0,0,0
40,t2_b0,0,6,0.5462003719908918,0.1286495327949524,0.08717436343431473,0.08717436343431473,1.0,1.0,0,0
40,t2_b0,1,4,-0.1351770561564365,0.14129838347434998,0.038219332695007324,0.038219332695007324,0.906640625,1.0,0,0
40,t2_b0,7,8,0.24344801042462816,0.17043600976467133,0.002665375592187047,0.002665375592187047,0.09726562500000001,1.0,0,0
41,t2_b0,1,4,0.0,0.07378936558961868,0.002722435165196657,0.002722435165196657,0.9070312500000001,1.0,0,0
41,t2_b0,0,6,0.496778614716635,0.17358353734016418,0.052227526903152466,0.052227526903152466,1.0,1.0,0,0
41,t2_b0,8,7,0.02996947256346143,0.208299458026886,0.01590079255402088,0.01590079255402088,1.0,1.0,0,0
41,t2_b0,9,5,0.2098724178535877,0.02366788685321808,0.01733606494963169,0.01733606494963169,1.0,1.0,0,0
42,t2_b0,8,7,0.0,0.20412595570087433,0.020833702757954597,0.020833702757954597,1.0,1.0,0,0
42,t2_b0,5,9,0.0,0.036627985537052155,0.0006708046421408653,0.0006708046421408653,0.9050781250000001,1.0,0,0
42,t2_b0,4,1,-0.15273062810044655,0.09057793021202087,0.029599526897072792,0.029599526897072792,1.0,1.0,0,0
42,t2_b0,0,6,0.527432953934898,0.16710123419761658,0.06491947919130325,0.06491947919130325,1.0,1.0,0,0
43,t2_b0,5,9,0.0,0.02477455884218216,0.000306889385683462,0.000306889385683462,0.90546875,1.0,0,0
43,t2_b0,4,1,-0.21497017651296457,0.034230753779411316,0.0310505498200655,0.0310505498200655,1.0,1.0,0,0
43,t2_b0,7,8,0.47137473759593856,0.12874692678451538,0.058696914464235306,0.058696914464235306,0.09609375,1.0,0,0
43,t2_b0,0,6,0.5573099491796389,0.1714571714401245,0.07444117218255997,0.07444117218255997,1.0,1.0,0,0
44,t2_b0,0,6,0.6034333876931894,0.19849255681037903,0.08198852837085724,0.08198852837085724,1.0,1.0,0,0
44,t2_b0,7,8,0.05233133455172779,0.23590868711471558,0.016850322484970093,0.016850322484970093,0.904296875,1.0,0,0
44,t2_b0,4,1,0.0,0.05706916004419327,0.001628444530069828,0.001628444530069828,1.0,1.0,0,0
44,t2_b0,5,9,-0.0837064722510062,0.010648630559444427,0.00445144297555089,0.00445144297555089,0.905859375,1.0,0,0
45,t2_b0,0,6,0.40531503488782755,0.2240024358034134,0.01643713004887104,0.01643713004887104,1.0,1.0,0,0
45,t2_b0,7,8,0.0,0.15790317952632904,0.01246670726686716,0.01246670726686716,0.9046875,1.0,0,0
45,t2_b0,4,1,0.4090719421544892,0.09857383370399475,0.04820454120635986,0.04820454120635986,1.0,1.0,0,0
45,t2_b0,5,9,-0.19597118420497509,0.003022618591785431,0.019799266010522842,0.019799266010522842,0.90625,1.0,0,0
46,t2_b0,5,9,0.0,-0.021539993584156036,0.00023198565759230405,0.00023198565759230405,0.906640625,1.0,0,0
46,t2_b0,0,6,0.5603462772447843,0.1844933032989502,0.07063274085521698,0.07063274085521698,1.0,1.0,0,0
46,t2_b0,7,8,0.670340638067966,0.09744536131620407,0.16410450637340546,0.16410450637340546,0.8734375,1.0,0,0
47,t2_b0,0,6,0.6179294021344593,0.2145754098892212,0.08134721964597702,0.08134721964597702,1.0,1.0,0,0
47,t2_b0,3,5,0.01650229601607914,0.09653329104185104,0.003202479798346758,0.003202479798346758,0.1,1.0,0,0
47,t2_b0,7,8,0.11492720330073952,0.2708365321159363,0.012153859250247478,0.012153859250247478,0.8739583333333333,1.0,0,0
48,t2_b0,4,1,-0.004365566638788493,0.03802196681499481,0.0008983515435829759,0.0008983515435829759,0.091015625,1.0,0,0
48,t2_b0,3,5,0.028507167205995373,-0.028369680047035217,0.0016174877528101206,0.0016174877528101206,0.907421875,1.0,0,0
48,t2_b0,0,6,0.37354629181993126,0.2637128233909607,0.006031696684658527,0.006031696684658527,1.0,1.0,0,0
48,t2_b0,7,8,0.15418998247663257,0.23199105262756348,0.0030265026725828648,0.0030265026725828648,0.8744791666666667,1.0,0,0
49,t2_b0,3,9,0.0,0.012344859540462494,7.619777898071334e-05,7.619777898071334e-05,0.9078125,1.0,0,0
49,t2_b0,7,8,-0.01386275785337496,0.1493946611881256,0.0133264921605587,0.0133264921605587,0.875,1.0,0,0
49,t2_b0,0,6,0.40161445574415244,0.2099875807762146,0.018360430374741554,0.018360430374741554,1.0,1.0,0,0
49,t2_b0,4,1,-0.09935214166598591,0.08428537845611572,0.01686137169599533,0.01686137169599533,0.060416666666666674,1.0,0,0
50,t2_b0,0,6,0.03706585483858087,0.19542767107486725,0.012539233081042767,0.012539233081042767,1.0,1.0,0,0
50,t2_b0,3,9,0.2032270893197235,0.020294591784477234,0.016732148826122284,0.016732148826122284,0.908203125,1.0,0,0
50,t2_b0,4,8,-0.026182397125229673,0.1925123780965805,0.023913701996207237,0.023913701996207237,0.8953125000000001,1.0,0,0
51,t2_b0,0,6,0.3018346405269002,0.15036648511886597,0.011471301317214966,0.011471301317214966,1.0,1.0,0,0
51,t2_b0,4,8,-0.10380642993389243,0.13386589288711548,0.02824406884610653,0.02824406884610653,0.921875,1.0,0,0
51,t2_b0,5,9,0.0,0.023078687489032745,0.00026631291257217526,0.00026631291257217526,0.908203125,1.0,0,0
51,t2_b0,2,3,-1.0,-0.21917065978050232,0.30484721064567566,0.30484721064567566,1.0,1.0,0,0
52,t2_b0,2,3,-0.07500410036968067,-0.6003772616386414,0.1380084753036499,0.1380084753036499,1.0,1.0,0,0
52,t2_b0,5,9,0.0,0.0065075308084487915,2.1173978893784806e-05,2.1173978893784806e-05,1.0,1.0,0,0
52,t2_b0,4,8,0.11989737489098092,0.08144345879554749,0.0007393517880700529,0.0007393517880700529,0.922265625,1.0,0,0
53,t2_b0,2,3,-0.04488028488750522,-0.20581477880477905,0.012949955649673939,0.012949955649673939,0.090234375,1.0,0,0
53,t2_b0,1,4,0.0,0.09204365313053131,0.004236016888171434,0.004236016888171434,1.0,1.0,0,0
53,t2_b0,5,9,0.0,0.0083540678024292,3.4895223507191986e-05,3.4895223507191986e-05,1.0,1.0,0,0
54,t2_b0,0,8,-0.027193879148392018,0.3414455056190491,0.06794749945402145,0.06794749945402145,1.0,1.0,0,0
54,t2_b0,5,9,0.0,0.01656903326511383,0.00013726642646361142,0.00013726642646361142,0.8791666666666667,1.0,0,0
54,t2_b0,4,1,0.47227765837772717,0.12987631559371948,0.05861934274435043,0.05861934274435043,1.0,1.0,0,0
55,t2_b0,2,9,-0.08344916288123524,-0.10666317492723465,0.00026944518322125077,0.00026944518322125077,0.8817708333333333,1.0,0,0
55,t2_b0,0,8,-0.39190144635319624,0.142554372549057,0.14282149076461792,0.14282149076461792,1.0,1.0,0,0
55,t2_b0,5,1,-1.0,0.027614787220954895,0.5276148319244385,0.5276148319244385,0.8963541666666667,1.0,0,0
56,t2_b0,0,8,-0.12157793954966961,0.06920761615037918,0.018199564889073372,0.018199564889073372,1.0,1.0,0,0
56,t2_b0,5,1,-0.0852257383708371,-0.1365363895893097,0.00131639139726758,0.00131639139726758,0.9135416666666667,1.0,0,0
56,t2_b0,9,2,0.0,0.01988225430250168,0.00019765201432164758,0.00019765201432164758,0.8984375,1.0,0,0
57,t2_b0,4,5,-0.4830107142743386,0.02700675278902054,0.1300588995218277,0.1300588995218277,1.0,1.0,0,0
57,t2_b0,1,2,-0.019387438384716137,0.04201791435480118,0.001885308651253581,0.001885308651253581,0.9270833333333334,1.0,0,0
57,t2_b0,0,8,-0.11012000952904018,0.1288013458251953,0.028541704639792442,0.028541704639792442,1.0,1.0,0,0
58,t2_b0,8,0,0.0800597194656216,0.18974116444587708,0.006015009246766567,0.006015009246766567,1.0,1.0,0,0
58,t2_b0,4,9,-0.4662428821502928,-0.05876411870121956,0.08301946520805359,0.08301946520805359,0.9260416666666667,1.0,0,0
58,t2_b0,1,2,0.028018719699146228,0.042938657104969025,0.00011130225175293162,0.00011130225175293162,0.945703125,1.0,0,0
59,t2_b0,8,0,0.0,0.16459223628044128,0.013545301742851734,0.013545301742851734,1.0,1.0,0,0
59,t2_b0,4,9,0.0,-0.05753152072429657,0.0016549379797652364,0.0016549379797652364,0.9296875,1.0,0,0
59,t2_b0,1,2,0.03664196020738835,0.06460225582122803,0.0003908890939783305,0.0003908890939783305,1.0,1.0,0,0
60,t2_b0,1,2,-0.04106111411369158,0.060357317328453064,0.005142849404364824,0.005142849404364824,1.0,1.0,0,0
60,t2_b0,5,8,-0.00783976187098178,0.12582972645759583,0.00893376674503088,0.00893376674503088,0.925,1.0,0,0
60,t2_b0,9,4,-1.0,0.05160079151391983,0.5516008138656616,0.5516008138656616,0.9214843749999999,1.0,0,0
61,t2_b0,2,9,0.0,0.030492670834064484,0.0004649014736060053,0.0004649014736060053,0.923828125,1.0,0,0
61,t2_b0,5,8,-0.30748921861227424,0.07550887018442154,0.07334376126527786,0.07334376126527786,0.9333333333333333,1.0,0,0
61,t2_b0,0,4,0.12333019337254034,0.07520710676908493,0.0011579155689105392,0.0011579155689105392,0.92,1.0,0,0
62,t2_b0,0,2,-0.05425630223773602,0.08275249600410461,0.009385705925524235,0.009385705925524235,0.02,1.0,0,0
62,t2_b0,9,8,0.0,0.11107242852449417,0.006168541964143515,0.006168541964143515,0.92,1.0,0,0
63,t2_b0,0,4,0.05187998670645846,0.06049058586359024,3.7071204133098945e-05,3.7071204133098945e-05,0.92,1.0,0,0
63,t2_b0,6,7,0.0,2.8076980113983154,2.3076980113983154,2.3076980113983154,1.0,1.0,0,0
63,t2_b0,9,8,-0.007003620759094559,0.176189124584198,0.016779791563749313,0.016779791563749313,0.925,1.0,0,0
64,t2_b0,9,5,-0.0101923450067966,0.04864057898521423,0.0017306564841419458,0.0017306564841419458,0.025,1.0,0,0
64,t2_b0,6,7,0.0,2.120180130004883,1.6201801300048828,1.6201801300048828,1.0,1.0,0,0
64,t2_b0,0,4,0.03088100219956512,0.06256865710020065,0.0005020537064410746,0.0005020537064410746,0.92,1.0,0,0
65,t2_b0,0,4,0.39301832058694497,0.0867905244231224,0.04688773304224014,0.04688773304224014,0.925,1.0,0,0
65,t2_b0,6,7,0.0,1.5340670347213745,1.0340670347213745,1.0340670347213745,1.0,1.0,0,0
65,t2_b0,8,9,-1.0,0.13212233781814575,0.632122278213501,0.632122278213501,0.925,1.0,0,0
66,t2_b0,0,4,0.0,0.13771489262580872,0.00948269572108984,0.00948269572108984,0.9333333333333333,1.0,0,0
66,t2_b0,9,5,0.2550219680226197,0.038589611649513245,0.023421481251716614,0.023421481251716614,0.9333333333333333,1.0,0,0
66,t2_b0,6,7,0.0,0.9630527496337891,0.46373531222343445,0.46373531222343445,1.0,1.0,0,0
67,t2_b0,9,5,-0.0946576505877321,0.10024390369653702,0.018993308767676353,0.018993308767676353,0.9333333333333333,1.0,0,0
67,t2_b0,0,4,0.49003421269619113,0.08966238051652908,0.08014880865812302,0.08014880865812302,0.9333333333333333,1.0,0,0
67,t2_b0,6,7,0.0,0.6550038456916809,0.21451501548290253,0.21451501548290253,1.0,1.0,0,0
68,t2_b0,9,5,0.33567940466781837,0.0730084702372551,0.03449800983071327,0.03449800983071327,0.9500000000000001,1.0,0,0
68,t2_b0,0,4,-0.005070470502601715,0.11118587106466293,0.006757768336683512,0.006757768336683512,0.9500000000000001,1.0,0,0
68,t2_b0,6,7,0.0,0.5082168579101562,0.1291421800851822,0.1291421800851822,1.0,1.0,0,0
69,t2_b0,5,9,-0.017708015679475952,0.04756448417901993,0.002130249748006463,0.002130249748006463,1.0,1.0,0,0
69,t2_b0,0,1,0.22381589286022632,0.08378178626298904,0.009804775938391685,0.009804775938391685,0.9500000000000001,1.0,0,0
70,t2_b0,5,9,-0.16107781946448685,0.0379946306347847,0.01981491968035698,0.01981491968035698,1.0,1.0,0,0
70,t2_b0,0,1,0.0,0.07664619386196136,0.00293731945566833,0.00293731945566833,0.9500000000000001,1.0,0,0
71,t2_b0,0,1,0.17229653831628577,0.05716502666473389,0.006627632770687342,0.006627632770687342,0.9500000000000001,1.0,0,0
71,t2_b0,5,9,0.024982384799644826,0.01880592852830887,1.9074308511335403e-05,1.9074308511335403e-05,1.0,1.0,0,0
72,t2_b0,0,1,0.0,0.06752537935972214,0.002279838314279914,0.002279838314279914,0.9500000000000001,1.0,0,0
72,t2_b0,5,9,-0.011725459107274704,0.03467734903097153,0.001076610293239355,0.001076610293239355,1.0,1.0,0,0
73,t2_b0,5,9,0.24756414516597938,0.04132577031850815,0.021267136558890343,0.021267136558890343,1.0,1.0,0,0
73,t2_b0,0,1,0.22012360017221297,0.06518606096506119,0.012002820149064064,0.012002820149064064,0.9333333333333333,1.0,0,0
74,t2_b0,2,4,0.0,-0.12021858990192413,0.007226254791021347,0.007226254791021347,1.0,1.0,0,0
74,t2_b0,1,7,0.0,0.08682370185852051,0.0037691777106374502,0.0037691777106374502,0.9333333333333333,1.0,0,0
74,t2_b0,5,9,-0.018369163859071207,0.0741819441318512,0.004282854031771421,0.004282854031771421,1.0,1.0,0,0
74,t2_b0,8,0,-0.030662092536961987,0.06329084932804108,0.004413577262312174,0.004413577262312174,0.9500000000000001,1.0,0,0
75,t2_b0,5,9,0.021865828924854416,0.07242291420698166,0.0012780093820765615,0.0012780093820765615,1.0,1.0,0,0
75,t2_b0,8,0,0.0,0.06434973329305649,0.002070444170385599,0.002070444170385599,0.9500000000000001,1.0,0,0
75,t2_b0,7,1,0.2927990592547263,-8.466839790344238e-05,0.042890436947345734,0.042890436947345734,0.933203125,1.0,0,0
75,t2_b0,2,4,0.0,0.05441117286682129,0.0014802878722548485,0.0014802878722548485,1.0,1.0,0,0
76,t2_b0,5,9,-0.1877790129324374,0.05504339188337326,0.02948136068880558,0.02948136068880558,1.0,1.0,0,0
76,t2_b0,7,1,0.05547768763100074,0.027253195643424988,0.00039831091999076307,0.00039831091999076307,0.9460937500000001,1.0,0,0
76,t2_b0,8,0,-0.07794489797453365,0.05191122740507126,0.00843130610883236,0.00843130610883236,0.9500000000000001,1.0,0,0
76,t2_b0,2,4,0.046167316447695464,-0.044579874724149704,0.004117526579648256,0.004117526579648256,1.0,1.0,0,0
77,t2_b0,5,9,0.2718262095565146,0.01549704372882843,0.03285232558846474,0.03285232558846474,1.0,1.0,0,0
77,t2_b0,8,0,0.3682797876814981,0.01938720792531967,0.06086301431059837,0.06086301431059837,0.9500000000000001,1.0,0,0
77,t2_b0,2,4,0.4990822942881654,0.047513604164123535,0.10195714235305786,0.10195714235305786,1.0,1.0,0,0
77,t2_b0,3,7,0.8162102695216157,0.08147947490215302,0.2699146568775177,0.2699146568775177,1.0,1.0,0,0
78,t2_b0,8,0,0.4654531042442141,0.07372113317251205,0.07672697305679321,0.07672697305679321,0.9500000000000001,1.0,0,0
78,t2_b0,5,9,-0.010859158770591085,0.05382172018289566,0.002091808244585991,0.002091808244585991,1.0,1.0,0,0
78,t2_b0,2,4,0.0,0.2139396369457245,0.02288508415222168,0.02288508415222168,1.0,1.0,0,0
78,t2_b0,3,7,0.15796440273976162,0.16378499567508698,1.6939618944888934e-05,1.6939618944888934e-05,1.0,1.0,0,0
79,t2_b0,5,9,0.4075243209061159,0.07307031750679016,0.05592973902821541,0.05592973902821541,1.0,1.0,0,0
79,t2_b0,8,0,0.30552483454561175,0.13906916975975037,0.013853742741048336,0.013853742741048336,0.9500000000000001,1.0,0,0
79,t2_b0,7,3,-0.00018259984077612893,-0.0057026296854019165,1.5235365026455838e-05,1.5235365026455838e-05,1.0,1.0,0,0
80,t2_b0,8,0,-0.00046338372313676986,0.13872036337852478,0.009686057455837727,0.009686057455837727,0.9500000000000001,1.0,0,0
80,t2_b0,5,9,-0.1399871484982154,0.11178576946258545,0.03169480711221695,0.03169480711221695,1.0,1.0,0,0
80,t2_b0,3,1,-0.0767286375546303,0.01952100545167923,0.0046319966204464436,0.0046319966204464436,1.0,1.0,0,0
81,t2_b0,8,0,0.5788690582241317,0.06471134722232819,0.13217908143997192,0.13217908143997192,0.9500000000000001,1.0,0,0
81,t2_b0,3,1,0.4109835240571509,0.015223778784275055,0.07831289619207382,0.07831289619207382,1.0,1.0,0,0
81,t2_b0,5,9,0.493446392188481,0.0698433667421341,0.0897197499871254,0.0897197499871254,1.0,1.0,0,0
82,t2_b0,5,9,0.03305748647329433,0.08732802420854568,0.0014726456720381975,0.0014726456720381975,1.0,1.0,0,0
82,t2_b0,8,0,0.3388298692159973,0.10373643785715103,0.02763446420431137,0.02763446420431137,0.9500000000000001,1.0,0,0
82,t2_b0,3,1,0.16867155055577027,0.14350777864456177,0.00031660764943808317,0.00031660764943808317,1.0,1.0,0,0
83,t2_b0,5,9,0.19165432533546772,0.06741110235452652,0.007718189153820276,0.007718189153820276,0.9500000000000001,1.0,0,0
83,t2_b0,8,0,0.1988899161044554,0.15142279863357544,0.0011265634093433619,0.0011265634093433619,0.9500000000000001,1.0,0,0
83,t2_b0,3,1,-0.03552655647036118,0.1780577003955841,0.022809118032455444,0.022809118032455444,1.0,1.0,0,0
84,t2_b0,3,1,-0.19739388015000242,0.09502916038036346,0.0427556186914444,0.0427556186914444,1.0,1.0,0,0
84,t2_b0,5,9,-0.04906772757719889,0.06072315573692322,0.006027019117027521,0.006027019117027521,0.9500000000000001,1.0,0,0
84,t2_b0,8,0,0.22120736335194605,0.149681955575943,0.0025579421781003475,0.0025579421781003475,0.9500000000000001,1.0,0,0
85,t2_b0,8,0,0.1999410509467361,0.13850286602973938,0.0018873254302889109,0.0018873254302889109,0.9500000000000001,1.0,0,0
85,t2_b0,1,3,0.0,0.05703550577163696,0.0016265244921669364,0.0016265244921669364,0.03333333333333333,1.0,0,0
85,t2_b0,9,5,0.0,0.06597976386547089,0.002176664536818862,0.002176664536818862,0.9500000000000001,1.0,0,0
86,t2_b0,3,1,0.4518728566615192,0.034866370260715485,0.08694721013307571,0.08694721013307571,1.0,1.0,0,0
86,t2_b0,8,0,0.13778499025758428,0.13219782710075378,1.560818236612249e-05,1.560818236612249e-05,0.9500000000000001,1.0,0,0
86,t2_b0,4,5,0.2210335709419204,0.0838097333908081,0.009415190666913986,0.009415190666913986,0.09843750000000001,1.0,0,0
87,t2_b0,3,1,-0.3813558281248496,0.1435614824295044,0.13776908814907074,0.13776908814907074,1.0,1.0,0,0
87,t2_b0,8,0,0.27768513770724096,0.1189451739192009,0.012599186971783638,0.012599186971783638,0.9500000000000001,1.0,0,0
87,t2_b0,4,9,0.04613963809778908,0.041184134781360626,1.2278510439500678e-05,1.2278510439500678e-05,0.914453125,1.0,0,0
88,t2_b0,3,1,-0.12067147994551931,0.06903927773237228,0.017995087429881096,0.017995087429881096,1.0,1.0,0,0
88,t2_b0,4,9,-0.03530928372269569,0.08991606533527374,0.007840693928301334,0.007840693928301334,0.92734375,1.0,0,0
88,t2_b0,8,0,-0.005597604707029125,0.13484781980514526,0.009862459264695644,0.009862459264695644,0.9500000000000001,1.0,0,0
89,t2_b0,8,0,0.19081282484049208,0.13603538274765015,0.0015002841828390956,0.0015002841828390956,0.9500000000000001,1.0,0,0
89,t2_b0,3,1,-0.545243659341626,0.01221407949924469,0.15537956357002258,0.15537956357002258,1.0,1.0,0,0
89,t2_b0,5,9,-0.019897281702605938,0.06502512097358704,0.003605907317250967,0.003605907317250967,0.9500000000000001,1.0,0,0
90,t2_b0,8,0,0.230729594972446,0.15034523606300354,0.003230822505429387,0.003230822505429387,0.9500000000000001,1.0,0,0
90,t2_b0,5,9,0.026404234168249854,0.061373114585876465,0.0006114114075899124,0.0006114114075899124,0.9500000000000001,1.0,0,0
90,t2_b0,2,4,0.9269051918343107,0.1308349221944809,0.3168639540672302,0.3168639540672302,1.0,1.0,0,0
90,t2_b0,6,7,0.0,0.02945014089345932,0.0004336553975008428,0.0004336553975008428,1.0,1.0,0,0
90,t2_b0,3,1,-0.4564027034941937,-0.06175984442234039,0.07787147909402847,0.07787147909402847,1.0,1.0,0,0
91,t2_b0,8,0,0.2981644135477758,0.1669020652770996,0.008614904247224331,0.008614904247224331,0.9333333333333333,1.0,0,0
91,t2_b0,5,9,0.14890686631610417,0.053439199924468994,0.004557038191705942,0.004557038191705942,1.0,1.0,0,0
91,t2_b0,3,1,-0.1880905483096296,-0.09710776060819626,0.004138933960348368,0.004138933960348368,0.9500000000000001,1.0,0,0
91,t2_b0,6,7,0.0,0.023672811686992645,0.0002802009985316545,0.0002802009985316545,1.0,1.0,0,0
92,t2_b0,8,0,0.37598961755387644,0.1849980503320694,0.018238889053463936,0.018238889053463936,0.9333333333333333,1.0,0,0
92,t2_b0,6,7,0.004172904990868113,0.01448851078748703,5.320586569723673e-05,5.320586569723673e-05,1.0,1.0,0,0
92,t2_b0,5,9,0.15540365708092968,0.06396427750587463,0.004180580377578735,0.004180580377578735,1.0,1.0,0,0
92,t2_b0,3,1,0.23818329442327663,-0.0545017272233963,0.04283226281404495,0.04283226281404495,0.9500000000000001,1.0,0,0
93,t2_b0,3,8,-0.3015533058125662,0.10619567334651947,0.08312962204217911,0.08312962204217911,0.9333333333333333,1.0,0,0
93,t2_b0,4,2,0.0,0.05525507032871246,0.0015265614492818713,0.0015265614492818713,0.07187500000000001,1.0,0,0
93,t2_b0,0,1,0.0,0.05517042428255081,0.0015218878397718072,0.0015218878397718072,0.9333333333333333,1.0,0,0
93,t2_b0,5,9,0.16715279685286666,0.07987113296985626,0.0038090439047664404,0.0038090439047664404,1.0,1.0,0,0
93,t2_b0,6,7,0.0,0.01341768354177475,9.001711441669613e-05,9.001711441669613e-05,1.0,1.0,0,0
94,t2_b0,3,1,-0.021154723712290883,0.03178615868091583,0.0014013685286045074,0.0014013685286045074,0.03333333333333333,1.0,0,0
94,t2_b0,6,7,0.0,0.0069709718227386475,2.429722371743992e-05,2.429722371743992e-05,1.0,1.0,0,0
94,t2_b0,4,2,-0.2891834967899187,0.03782667964696884,0.053467828780412674,0.053467828780412674,1.0,1.0,0,0
94,t2_b0,8,0,0.36845140139263516,0.16361507773399353,0.020978957414627075,0.020978957414627075,0.9500000000000001,1.0,0,0
94,t2_b0,5,9,0.005812055447384878,0.0913594663143158,0.0036591796670109034,0.0036591796670109034,1.0,1.0,0,0
95,t2_b0,5,9,0.039714825409993965,0.07105987519025803,0.0004912561271339655,0.0004912561271339655,1.0,1.0,0,0
95,t2_b0,3,8,0.0,0.05203898251056671,0.001354027888737619,0.001354027888737619,0.9500000000000001,1.0,0,0
95,t2_b0,0,1,0.013381638974869917,0.051441773772239685,0.0007242870051413774,0.0007242870051413774,0.9333333333333333,1.0,0,0
95,t2_b0,2,4,0.3795681488879687,0.06400608271360397,0.049789708107709885,0.049789708107709885,0.058984375000000006,1.0,0,0
95,t2_b0,6,7,0.0,0.016503408551216125,0.00013618124648928642,0.00013618124648928642,1.0,1.0,0,0
96,t2_b0,6,7,0.0,0.014026038348674774,9.836487879510969e-05,9.836487879510969e-05,1.0,1.0,0,0
96,t2_b0,2,9,-0.44006924441849893,0.20690736174583435,0.20928935706615448,0.20928935706615448,1.0,1.0,0,0
96,t2_b0,3,4,0.20753057717460316,0.037836022675037384,0.014398118481040001,0.014398118481040001,0.9333333333333333,1.0,0,0
96,t2_b0,8,0,0.2802854199649655,0.14525993168354034,0.009115940891206264,0.009115940891206264,0.9500000000000001,1.0,0,0
97,t2_b0,2,9,0.2834951188655913,0.1264229714870453,0.012335831299424171,0.012335831299424171,1.0,1.0,0,0
97,t2_b0,3,4,0.21733506328991414,0.06050265580415726,0.012298200279474258,0.012298200279474258,0.9500000000000001,1.0,0,0
97,t2_b0,6,7,-0.003962898914202907,0.0003115907311439514,9.13563144422369e-06,9.13563144422369e-06,1.0,1.0,0,0
97,t2_b0,0,8,0.13780066446856468,0.04737843573093414,0.0040880898013710976,0.0040880898013710976,1.0,1.0,0,0
98,t2_b0,2,9,-0.006750357202078022,0.11281718313694,0.0071481987833976746,0.0071481987833976746,1.0,1.0,0,0
98,t2_b0,0,8,0.0,0.07019633799791336,0.002463762881234288,0.002463762881234288,1.0,1.0,0,0
98,t2_b0,3,4,0.15109320356787617,0.09258667379617691,0.0017115067457780242,0.0017115067457780242,1.0,1.0,0,0
99,t2_b0,2,9,0.13059858988706155,0.08580498397350311,0.0010032335994765162,0.0010032335994765162,1.0,1.0,0,0
100,t2_b0,2,9,0.23526751659274095,0.07610858976840973,0.012665782123804092,0.012665782123804092,1.0,1.0,0,0
102,t2_b0,4,8,-0.07628119293641163,0.08082534372806549,0.012341231107711792,0.012341231107711792,1.0,1.0,0,0
104,t2_b0,4,8,-0.3165455294100546,0.0743640884757042,0.07640516012907028,0.07640516012907028,0.9500000000000001,1.0,0,0
105,t2_b0,7,9,-1.0,0.08041615784168243,0.580416202545166,0.580416202545166,1.0,1.0,0,0
106,t2_b0,3,5,0.0,0.08337759226560593,0.0034759114496409893,0.0034759114496409893,1.0,1.0,0,0
106,t2_b0,7,9,0.0679310789494244,-0.02596772462129593,0.004408492706716061,0.004408492706716061,1.0,1.0,0,0
107,t2_b0,7,9,0.2038766895499506,0.0043667033314704895,0.019902115687727928,0.019902115687727928,1.0,1.0,0,0
107,t2_b0,3,5,0.0,0.07243155688047409,0.0026231652591377497,0.0026231652591377497,1.0,1.0,0,0
108,t2_b0,3,5,0.0,0.057181067764759064,0.0016348372446373105,0.0016348372446373105,1.0,1.0,0,0
108,t2_b0,7,9,-1.0,0.08491949737071991,0.5849194526672363,0.5849194526672363,1.0,1.0,0,0
108,t2_b0,2,6,0.7936225969593295,-0.11816765367984772,0.41568073630332947,0.41568073630332947,1.0,1.0,0,0
109,t2_b0,2,6,-1.0,0.27304527163505554,0.7730453014373779,0.7730453014373779,1.0,1.0,0,0
110,t2_b0,2,6,-0.544379104647362,0.3553929626941681,0.4047948718070984,0.4047948718070984,1.0,1.0,0,0
111,t2_b0,2,6,-0.24711510651632063,0.21903392672538757,0.10864745825529099,0.10864745825529099,1.0,1.0,0,0
112,t2_b0,5,7,0.2862284947495474,0.06609907746315002,0.02422848343849182,0.02422848343849182,1.0,1.0,0,0
112,t2_b0,2,6,0.16359178800677832,0.03209638595581055,0.00864552054554224,0.00864552054554224,1.0,1.0,0,0
113,t2_b0,5,7,0.16223017270825368,0.12658056616783142,0.000635447446256876,0.000635447446256876,1.0,1.0,0,0
113,t2_b0,2,6,-0.16443542224434127,-0.10833276808261871,0.0015737535431981087,0.0015737535431981087,1.0,1.0,0,0
114,t2_b0,5,7,0.0,0.11002076417207718,0.006052284501492977,0.006052284501492977,1.0,1.0,0,0
114,t2_b0,0,9,0.0,0.0200284942984581,0.00020057029905728996,0.00020057029905728996,1.0,1.0,0,0
114,t2_b0,3,4,0.88258405321909,-0.11910602450370789,0.5016900300979614,0.5016900300979614,1.0,1.0,0,0
115,t2_b0,0,9,0.0,0.008548848330974579,3.654140527942218e-05,3.654140527942218e-05,1.0,1.0,0,0
115,t2_b0,3,4,0.0,0.2688659429550171,0.0361444465816021,0.0361444465816021,1.0,1.0,0,0
115,t2_b0,5,7,0.16198784680747585,0.046871207654476166,0.0066259196028113365,0.0066259196028113365,1.0,1.0,0,0
116,t2_b0,3,4,0.0,0.521920382976532,0.1362004429101944,0.1362004429101944,1.0,1.0,0,0
116,t2_b0,0,9,0.0,-0.002465777099132538,3.040028332179645e-06,3.040028332179645e-06,1.0,1.0,0,0
117,t2_b0,3,4,-0.015689220061990743,0.5354907512664795,0.15189966559410095,0.15189966559410095,1.0,1.0,0,0
117,t2_b0,0,9,0.0,0.005743451416492462,1.649361729505472e-05,1.649361729505472e-05,1.0,1.0,0,0
118,t2_b0,0,9,0.0,0.030764229595661163,0.00047321891179308295,0.00047321891179308295,1.0,1.0,0,0
118,t2_b0,3,4,0.0901080804776543,0.39869824051856995,0.047613948583602905,0.047613948583602905,1.0,1.0,0,0
119,t2_b0,0,9,0.0,0.009223930537700653,4.254044688423164e-05,4.254044688423164e-05,1.0,1.0,0,0
120,t2_b0,2,8,-0.010731353063463308,-0.166857048869133,0.012187615968286991,0.012187615968286991,1.0,1.0,0,0
120,t2_b0,9,0,0.6626226837564301,0.08576316386461258,0.16638346016407013,0.16638346016407013,0.9500000000000001,1.0,0,0
121,t2_b0,2,8,0.0,-0.14289376139640808,0.010209313593804836,0.010209313593804836,1.0,1.0,0,0
121,t2_b0,9,0,0.4277482880133837,0.23746344447135925,0.01810416206717491,0.01810416206717491,0.9500000000000001,1.0,0,0
122,t2_b0,4,1,-0.4892079465772636,0.12845903635025024,0.19075623154640198,0.19075623154640198,1.0,1.0,0,0
122,t2_b0,9,0,0.5292522647932506,0.21834033727645874,0.048333119601011276,0.048333119601011276,0.9500000000000001,1.0,0,0
122,t2_b0,2,8,0.0,-0.1189308762550354,0.007072276435792446,0.007072276435792446,1.0,1.0,0,0
123,t2_b0,2,8,0.0,-0.09947864711284637,0.00494800042361021,0.00494800042361021,1.0,1.0,0,0
123,t2_b0,0,9,-0.06669895824802938,0.007826797664165497,0.002777044428512454,0.002777044428512454,1.0,1.0,0,0
124,t2_b0,1,4,0.08611077680778266,-0.013768531382083893,0.004987938329577446,0.004987938329577446,1.0,1.0,0,0
124,t2_b0,2,8,-0.20219339751718535,-0.08506321161985397,0.006859739776700735,0.006859739776700735,1.0,1.0,0,0
124,t2_b0,0,9,0.0,-0.01063227653503418,5.6522650993429124e-05,5.6522650993429124e-05,1.0,1.0,0,0
125,t2_b0,6,7,0.7151159817262929,0.13031524419784546,0.17099593579769135,0.17099593579769135,0.5,1.0,0,0
125,t2_b0,1,4,0.07533985447359244,0.07455213367938995,3.1025146540741844e-07,3.1025146540741844e-07,1.0,1.0,0,0
125,t2_b0,0,9,-0.011945472601429561,0.006476864218711853,0.00016969125135801733,0.00016969125135801733,1.0,1.0,0,0
126,t2_b0,0,9,-0.07208718726484434,-0.011389397084712982,0.001842110650613904,0.001842110650613904,1.0,1.0,0,0
126,t2_b0,3,6,0.0,0.21311303973197937,0.022708583623170853,0.022708583623170853,1.0,1.0,0,0
127,t2_b0,6,7,0.0,0.3957822024822235,0.07832177728414536,0.07832177728414536,0.3333333333333333,1.0,0,0
127,t2_b0,3,1,-0.41128713597997296,0.2945489287376404,0.24910226464271545,0.24910226464271545,0.3333333333333333,1.0,0,0
127,t2_b0,0,9,-0.06332049409515028,-0.05409347638487816,4.2568939534248784e-05,4.2568939534248784e-05,1.0,1.0,0,0
128,t2_b0,1,3,0.0,0.03352005034685135,0.0005617968854494393,0.0005617968854494393,0.9333333333333333,1.0,0,0
128,t2_b0,0,9,0.013411390774699997,-0.05351845175027847,0.002239801688119769,0.002239801688119769,1.0,1.0,0,0
128,t2_b0,6,7,0.05569493987090368,0.1873440444469452,0.00866574328392744,0.00866574328392744,0.06458333333333334,1.0,0,0
129,t2_b0,0,9,0.0,-0.005105040967464447,1.3030721675022505e-05,1.3030721675022505e-05,1.0,1.0,0,0
129,t2_b0,7,3,0.9499690076446058,0.05108150839805603,0.403999388217926,0.403999388217926,0.9140625,1.0,0,0
129,t2_b0,5,8,-0.5224479156283118,0.04776515066623688,0.1625714749097824,0.1625714749097824,1.0,1.0,0,0
130,t2_b0,1,3,0.03570348027350394,0.04412612318992615,3.547045707819052e-05,3.547045707819052e-05,0.9500000000000001,1.0,0,0
130,t2_b0,5,8,-0.11382389069263678,-0.09904060512781143,0.00010927276889560744,0.00010927276889560744,1.0,1.0,0,0
130,t2_b0,0,9,0.6307261309151602,0.0011958703398704529,0.19815421104431152,0.19815421104431152,1.0,1.0,0,0
131,t2_b0,7,1,-0.3849324266001411,0.027163065969944,0.08491134643554688,0.08491134643554688,1.0,1.0,0,0
131,t2_b0,0,9,0.02953210010881351,0.1306672990322113,0.005114163737744093,0.005114163737744093,1.0,1.0,0,0
131,t2_b0,5,8,-0.4738177963511332,-0.05376198887825012,0.08822344243526459,0.08822344243526459,1.0,1.0,0,0
132,t2_b0,5,8,-0.03418923931002422,-0.09864675998687744,0.0020773860160261393,0.0020773860160261393,1.0,1.0,0,0
132,t2_b0,1,3,0.45577450385837137,0.00030390918254852295,0.10372674465179443,0.10372674465179443,0.9500000000000001,1.0,0,0
132,t2_b0,0,9,-0.009427292037845187,0.09532511979341507,0.005486533977091312,0.005486533977091312,1.0,1.0,0,0
133,t2_b0,4,7,-0.112627205491133,0.06016157567501068,0.014927982352674007,0.014927982352674007,0.943359375,1.0,0,0
133,t2_b0,1,3,0.0,0.18694564700126648,0.017474336549639702,0.017474336549639702,1.0,1.0,0,0
133,t2_b0,2,6,-0.629525969416738,-0.0882243737578392,0.14650371670722961,0.14650371670722961,1.0,1.0,0,0
133,t2_b0,0,9,0.36430087740050293,0.04623609036207199,0.05058260262012482,0.05058260262012482,1.0,1.0,0,0
133,t2_b0,5,8,-0.0375679450301128,-0.04369579255580902,1.8775268472381867e-05,1.8775268472381867e-05,1.0,1.0,0,0
134,t2_b0,0,9,0.0,0.09734843671321869,0.004738359246402979,0.004738359246402979,1.0,1.0,0,0
134,t2_b0,1,3,0.5152949540640214,0.08773031085729599,0.09140576422214508,0.09140576422214508,1.0,1.0,0,0
134,t2_b0,4,7,-0.07224639931852803,0.051075488328933716,0.007604144513607025,0.007604144513607025,0.94375,1.0,0,0
134,t2_b0,5,8,-0.04376601760472163,-0.022781364619731903,0.00022017784067429602,0.00022017784067429602,1.0,1.0,0,0
134,t2_b0,2,6,-0.5512033401491564,-0.08851446211338043,0.10704049468040466,0.10704049468040466,1.0,1.0,0,0
135,t2_b0,0,9,0.5322059652849442,0.10427498072385788,0.09156244993209839,0.09156244993209839,1.0,1.0,0,0
135,t2_b0,2,6,-0.3203257644774904,-0.09323646128177643,0.025784775614738464,0.025784775614738464,1.0,1.0,0,0
135,t2_b0,1,3,0.3268271751050259,0.13886970281600952,0.017664004117250443,0.017664004117250443,1.0,1.0,0,0
135,t2_b0,4,7,0.0983232532649628,0.04782605916261673,0.001274983398616314,0.001274983398616314,0.9441406250000001,1.0,0,0
135,t2_b0,5,8,0.04681294502223124,-0.06008407473564148,0.005713486112654209,0.005713486112654209,1.0,1.0,0,0
136,t2_b0,2,6,-0.4939737923551515,-0.09186959266662598,0.08084389567375183,0.08084389567375183,1.0,1.0,0,0
136,t2_b0,1,3,-0.042912044051195364,0.18210119009017944,0.025315476581454277,0.025315476581454277,1.0,1.0,0,0
136,t2_b0,5,8,0.0,-0.034717217087745667,0.0006026425980962813,0.0006026425980962813,1.0,1.0,0,0
136,t2_b0,4,7,0.07272952056069254,0.05968053638935089,8.51379954838194e-05,8.51379954838194e-05,0.9260416666666667,1.0,0,0
136,t2_b0,0,9,-0.05919722948804728,0.16912585496902466,0.02606571651995182,0.02606571651995182,0.05,1.0,0,0
137,t2_b0,2,6,0.0,-0.11138752102851868,0.006203589960932732,0.006203589960932732,1.0,1.0,0,0
137,t2_b0,1,3,0.41106115616958894,0.09577040374279022,0.04970412701368332,0.04970412701368332,1.0,1.0,0,0
137,t2_b0,5,8,0.03645834485042068,-0.022947177290916443,0.0017645079642534256,0.0017645079642534256,1.0,1.0,0,0
137,t2_b0,0,9,0.5108117515097323,0.11161734163761139,0.07967809587717056,0.07967809587717056,0.9500000000000001,1.0,0,0
137,t2_b0,4,7,0.06332290102351765,0.07190720736980438,3.684515104396269e-05,3.684515104396269e-05,0.9333333333333333,1.0,0,0
138,t2_b0,0,9,0.0,0.13735264539718628,0.009432874619960785,0.009432874619960785,0.9500000000000001,1.0,0,0
138,t2_b0,2,6,-0.3656990927558385,-0.097299724817276,0.036019109189510345,0.036019109189510345,1.0,1.0,0,0
138,t2_b0,1,3,-0.04649738030530751,0.1755480021238327,0.02465207502245903,0.02465207502245903,1.0,1.0,0,0
138,t2_b0,4,7,0.0,0.08367592841386795,0.0035008303821086884,0.0035008303821086884,0.9333333333333333,1.0,0,0
138,t2_b0,5,8,-0.42308799885551585,-0.037205442786216736,0.07445267587900162,0.07445267587900162,1.0,1.0,0,0
139,t2_b0,2,6,0.0,-0.10398956388235092,0.005406914744526148,0.005406914744526148,1.0,1.0,0,0
139,t2_b0,0,7,0.5366502426818138,0.11834655702114105,0.08748897910118103,0.08748897910118103,0.9333333333333333,1.0,0,0
139,t2_b0,1,3,0.4877652378125302,0.1634141504764557,0.05260181799530983,0.05260181799530983,1.0,1.0,0,0
139,t2_b0,5,8,0.0,-0.13222113251686096,0.00874121394008398,0.00874121394008398,1.0,1.0,0,0
139,t2_b0,9,4,-0.0007733144155718349,0.06898157298564911,0.0024328718427568674,0.0024328718427568674,0.03333333333333333,1.0,0,0
140,t2_b0,2,6,-0.3407674838964929,-0.08773504197597504,0.032012708485126495,0.032012708485126495,1.0,1.0,0,0
140,t2_b0,9,0,-0.008046032185839493,0.1503908932209015,0.012551129795610905,0.012551129795610905,0.9333333333333333,1.0,0,0
140,t2_b0,4,7,0.0,0.0762031301856041,0.0029034584295004606,0.0029034584295004606,0.9333333333333333,1.0,0,0
140,t2_b0,1,3,-0.060958148936495336,0.2236083447933197,0.04048904404044151,0.04048904404044151,1.0,1.0,0,0
141,t2_b0,9,0,-0.013426271383655222,0.11124509572982788,0.007771475240588188,0.007771475240588188,0.925,1.0,0,0
141,t2_b0,4,7,0.0025534883931852006,0.07382664829492569,0.002539931796491146,0.002539931796491146,0.9333333333333333,1.0,0,0
142,t2_b0,0,7,0.017325100451292662,0.1678476631641388,0.011328520253300667,0.011328520253300667,0.925,1.0,0,0
142,t2_b0,3,9,-0.014402735422816802,0.10762924700975418,0.007445902097970247,0.007445902097970247,0.03333333333333333,1.0,0,0
143,t2_b0,0,7,0.0,0.11861344426870346,0.007034574635326862,0.007034574635326862,0.925,1.0,0,0
144,t2_b0,4,7,-0.03918187967985357,0.09292812645435333,0.00872652605175972,0.00872652605175972,0.9500000000000001,1.0,0,0
144,t2_b0,9,0,-0.01404751198874758,0.09672163426876068,0.006134901661425829,0.006134901661425829,0.9500000000000001,1.0,0,0
144,t2_b0,1,6,0.0,0.14307954907417297,0.010235878638923168,0.010235878638923168,1.0,1.0,0,0
145,t2_b0,1,6,-0.0685614059131667,0.11673686653375626,0.017167722806334496,0.017167722806334496,0.9500000000000001,1.0,0,0
145,t2_b0,3,7,-0.03633433507947329,0.10394715517759323,0.00983944907784462,0.00983944907784462,0.9333333333333333,1.0,0,0
145,t2_b0,9,0,0.15681139014972953,0.021397054195404053,0.00916852056980133,0.00916852056980133,1.0,1.0,0,0
146,t2_b0,3,7,-0.1811087969757072,0.09626083821058273,0.038466960191726685,0.038466960191726685,0.9333333333333333,1.0,0,0
146,t2_b0,9,0,0.0,0.09531386941671371,0.0045423670671880245,0.0045423670671880245,1.0,1.0,0,0
146,t2_b0,1,6,0.0,0.060141727328300476,0.001808513654395938,0.001808513654395938,0.9500000000000001,1.0,0,0
147,t2_b0,0,9,0.32818475159167365,0.11605075746774673,0.0225004181265831,0.0225004181265831,1.0,1.0,0,0
147,t2_b0,1,6,0.0,0.04588671773672104,0.0010527954436838627,0.0010527954436838627,0.9500000000000001,1.0,0,0
147,t2_b0,3,7,0.038394542683266225,0.08288166671991348,0.0009895520051941276,0.0009895520051941276,0.9500000000000001,1.0,0,0
148,t2_b0,3,7,-0.005641431036427828,0.08849272131919861,0.004430619068443775,0.004430619068443775,1.0,1.0,0,0
148,t2_b0,5,1,0.31782438429272514,0.09189997613430023,0.025520920753479004,0.025520920753479004,0.9171874999999999,1.0,0,0
148,t2_b0,0,9,0.057067704888642996,0.15003319084644318,0.004321290645748377,0.004321290645748377,1.0,1.0,0,0
148,t2_b0,6,8,0.020696930310103917,0.029974184930324554,4.3033724068664014e-05,4.3033724068664014e-05,0.9333333333333333,1.0,0,0
149,t2_b0,0,9,0.0,0.13818791508674622,0.009547949768602848,0.009547949768602848,1.0,1.0,0,0
149,t2_b0,3,7,0.4453549810286085,0.089359812438488,0.06336627155542374,0.06336627155542374,1.0,1.0,0,0
149,t2_b0,6,8,0.1865720412612516,0.03207158297300339,0.011935194954276085,0.011935194954276085,0.9333333333333333,1.0,0,0
150,t2_b0,0,9,0.5641849283009676,0.09797664731740952,0.10867506265640259,0.10867506265640259,1.0,1.0,0,0
150,t2_b0,6,8,-0.0038837586338403237,0.044006429612636566,0.0011467349249869585,0.0011467349249869585,0.9500000000000001,1.0,0,0
151,t2_b0,6,8,-0.03815740295325779,0.005871467292308807,0.0009692707099020481,0.0009692707099020481,0.9500000000000001,1.0,0,0
151,t2_b0,0,9,0.016281721829329156,0.13696032762527466,0.00728166289627552,0.00728166289627552,1.0,1.0,0,0
152,t2_b0,6,1,0.4256905045658913,-0.06696248799562454,0.12135347723960876,0.12135347723960876,0.05,1.0,0,0
152,t2_b0,0,9,0.0,0.1253310889005661,0.007853941060602665,0.007853941060602665,1.0,1.0,0,0
153,t2_b0,6,1,-0.23011728396013836,0.0895521342754364,0.05109427124261856,0.05109427124261856,0.9500000000000001,1.0,0,0
153,t2_b0,0,9,0.5535762758926914,0.09544292837381363,0.10494308918714523,0.10494308918714523,1.0,1.0,0,0
154,t2_b0,0,9,0.0,0.14243531227111816,0.01014390867203474,0.01014390867203474,1.0,1.0,0,0
154,t2_b0,2,4,-0.32740634487480813,0.11601927876472473,0.09831314533948898,0.09831314533948898,1.0,1.0,0,0
154,t2_b0,1,6,0.025197262033178763,0.05774419754743576,0.0005296515882946551,0.0005296515882946551,1.0,1.0,0,0
154,t2_b0,5,7,0.0,-0.11994185298681259,0.007193024270236492,0.007193024270236492,1.0,1.0,0,0
155,t2_b0,3,4,-0.027998178172627453,0.08519051223993301,0.006405840162187815,0.006405840162187815,1.0,1.0,0,0
155,t2_b0,0,9,0.6587290664796763,0.1499391794204712,0.12943357229232788,0.12943357229232788,0.9500000000000001,1.0,0,0
155,t2_b0,5,7,0.0,0.0532255694270134,0.0014164806343615055,0.0014164806343615055,1.0,1.0,0,0
155,t2_b0,6,1,0.4645963187117932,-0.008609585464000702,0.11196192353963852,0.11196192353963852,1.0,1.0,0,0
156,t2_b0,3,4,-0.026105238061810615,0.07990289479494095,0.005618862342089415,0.005618862342089415,1.0,1.0,0,0
156,t2_b0,5,7,0.0,-0.044915974140167236,0.0010087223490700126,0.0010087223490700126,1.0,1.0,0,0
156,t2_b0,2,8,0.04781402296366488,-0.011028654873371124,0.0017312304116785526,0.0017312304116785526,0.9128906250000001,1.0,0,0
156,t2_b0,1,0,0.27714470811145825,0.05778472125530243,0.024059399962425232,0.024059399962425232,0.9500000000000001,1.0,0,0
157,t2_b0,5,7,0.0,0.018004439771175385,0.00016207993030548096,0.00016207993030548096,1.0,1.0,0,0
157,t2_b0,2,8,0.0,-0.03422636166214943,0.0005857219221070409,0.0005857219221070409,0.92578125,1.0,0,0
157,t2_b0,6,1,0.44685155258186504,0.11985200643539429,0.05346435308456421,0.05346435308456421,0.9500000000000001,1.0,0,0
158,t2_b0,4,8,0.0,0.09925922006368637,0.004926196299493313,0.004926196299493313,0.9333333333333333,1.0,0,0
158,t2_b0,6,1,0.0,0.15547379851341248,0.0120860505849123,0.0120860505849123,0.9500000000000001,1.0,0,0
158,t2_b0,5,7,0.0,0.00518837571144104,1.3459621186484583e-05,1.3459621186484583e-05,1.0,1.0,0,0
159,t2_b0,5,7,0.04758589659051227,-0.015032507479190826,0.001960532274097204,0.001960532274097204,1.0,1.0,0,0
159,t2_b0,1,0,0.0,0.07085786014795303,0.0025104181841015816,0.0025104181841015816,0.9500000000000001,1.0,0,0
159,t2_b0,4,8,0.0,0.07903502881526947,0.003123267786577344,0.003123267786577344,0.9333333333333333,1.0,0,0
160,t2_b0,5,7,0.018776400405922815,0.03303130716085434,0.0001016011883621104,0.0001016011883621104,1.0,1.0,0,0
160,t2_b0,1,0,0.3218692984625708,0.06546907871961594,0.03287053108215332,0.03287053108215332,0.9500000000000001,1.0,0,0
160,t2_b0,4,8,0.0,0.0561152920126915,0.001574462978169322,0.001574462978169322,0.9333333333333333,1.0,0,0
161,t2_b0,2,4,0.12095712148689541,-0.025391191244125366,0.010708914138376713,0.010708914138376713,1.0,1.0,0,0
161,t2_b0,5,7,-0.19813576673907865,-0.0014544352889060974,0.01934177055954933,0.01934177055954933,1.0,1.0,0,0
161,t2_b0,3,8,0.03507197109109611,0.10301109403371811,0.0023078618105500937,0.0023078618105500937,0.9500000000000001,1.0,0,0
161,t2_b0,1,0,0.0381890066005607,0.13125905394554138,0.004331016447395086,0.004331016447395086,0.9500000000000001,1.0,0,0
162,t2_b0,2,4,0.05013771347445087,-0.017083868384361267,0.0022593706380575895,0.0022593706380575895,1.0,1.0,0,0
162,t2_b0,5,7,0.20271424572526126,-0.07228488475084305,0.037812262773513794,0.037812262773513794,1.0,1.0,0,0
162,t2_b0,3,8,0.0,0.08638384938240051,0.003731084754690528,0.003731084754690528,0.9500000000000001,1.0,0,0
162,t2_b0,1,0,0.23933941394177632,0.10030042380094528,0.009665918536484241,0.009665918536484241,0.9500000000000001,1.0,0,0
163,t2_b0,2,4,0.09246699198854179,0.0005955919623374939,0.004220177419483662,0.004220177419483662,1.0,1.0,0,0
163,t2_b0,1,0,0.016739330904188547,0.0957082211971283,0.0031180428341031075,0.0031180428341031075,0.9500000000000001,1.0,0,0
163,t2_b0,5,7,0.0,0.07507334649562836,0.002818003762513399,0.002818003762513399,1.0,1.0,0,0
163,t2_b0,3,8,0.2953315630690317,0.06404896080493927,0.02674582228064537,0.02674582228064537,0.9500000000000001,1.0,0,0
164,t2_b0,3,4,-0.038889198623485,0.07820242643356323,0.006855224259197712,0.006855224259197712,1.0,1.0,0,0
164,t2_b0,5,7,0.0,0.023224592208862305,0.00026969084865413606,0.00026969084865413606,1.0,1.0,0,0
164,t2_b0,1,0,0.023533442263106642,0.07369092106819153,0.0012578864116221666,0.0012578864116221666,0.9500000000000001,1.0,0,0
165,t2_b0,3,4,0.2540408629800921,0.08055483549833298,0.015048700384795666,0.015048700384795666,1.0,1.0,0,0
165,t2_b0,1,0,0.04686608485294565,0.06108628213405609,0.00010110699804499745,0.00010110699804499745,0.9500000000000001,1.0,0,0
165,t2_b0,5,7,0.0,-0.03554420918226242,0.0006316953804343939,0.0006316953804343939,1.0,1.0,0,0
166,t2_b0,5,7,0.0,0.005135558545589447,1.318698105023941e-05,1.318698105023941e-05,1.0,1.0,0,0
166,t2_b0,3,4,-0.11608083107736664,0.09221693128347397,0.02169397845864296,0.02169397845864296,1.0,1.0,0,0
166,t2_b0,1,6,0.003266956021762692,0.07317996025085449,0.0024439143016934395,0.0024439143016934395,0.9500000000000001,1.0,0,0
167,t2_b0,1,0,0.12240030952426197,0.07996956259012222,0.0009001839789561927,0.0009001839789561927,0.9500000000000001,1.0,0,0
167,t2_b0,3,4,-0.0926427886441529,0.07259637862443924,0.01365199126303196,0.01365199126303196,1.0,1.0,0,0
167,t2_b0,5,7,0.0,0.026223309338092804,0.0003438309649936855,0.0003438309649936855,1.0,1.0,0,0
168,t2_b0,3,4,0.015196062361893055,0.046642959117889404,0.000494453648570925,0.000494453648570925,1.0,1.0,0,0
168,t2_b0,1,0,0.20086097247369544,0.07717697322368622,0.00764886662364006,0.00764886662364006,0.9500000000000001,1.0,0,0
168,t2_b0,5,7,0.0,-0.0010787099599838257,5.818075692332059e-07,5.818075692332059e-07,1.0,1.0,0,0
169,t2_b0,1,0,0.07947955364572082,0.09104654937982559,6.6897708165925e-05,6.6897708165925e-05,0.9500000000000001,1.0,0,0
169,t2_b0,8,9,-0.020244891895267722,-0.015754401683807373,1.0082254448207095e-05,1.0082254448207095e-05,1.0,1.0,0,0
169,t2_b0,3,4,-0.053047872908616706,0.042039744555950165,0.004520827438682318,0.004520827438682318,1.0,1.0,0,0
169,t2_b0,5,7,0.0,-0.005758412182331085,1.6579655493842438e-05,1.6579655493842438e-05,1.0,1.0,0,0
170,t2_b0,8,9,-0.05567883405171342,0.01156044751405716,0.0022605606354773045,0.0022605606354773045,1.0,1.0,0,0
170,t2_b0,5,7,0.007275595280513402,0.009788878262043,3.158295612593065e-06,3.158295612593065e-06,1.0,1.0,0,0
170,t2_b0,1,6,-0.007773530064527364,0.10901794582605362,0.006820125039666891,0.006820125039666891,0.9500000000000001,1.0,0,0
170,t2_b0,3,4,-0.11775216840403209,0.04477328807115555,0.013207262381911278,0.013207262381911278,1.0,1.0,0,0
171,t2_b0,3,4,0.5535933505063517,0.03216017037630081,0.13594627380371094,0.13594627380371094,1.0,1.0,0,0
171,t2_b0,8,9,-0.09237286813471621,-0.002753719687461853,0.004015795420855284,0.004015795420855284,1.0,1.0,0,0
171,t2_b0,1,0,0.04408185166806297,0.07806669920682907,0.0005774848978035152,0.0005774848978035152,0.9500000000000001,1.0,0,0
171,t2_b0,5,7,0.0945244771596853,0.009294025599956512,0.003632115200161934,0.003632115200161934,1.0,1.0,0,0
172,t2_b0,3,4,-0.0611205509092992,0.08925817906856537,0.01130688190460205,0.01130688190460205,1.0,1.0,0,0
172,t2_b0,5,7,0.0,0.02550797164440155,0.00032532832119613886,0.00032532832119613886,1.0,1.0,0,0
172,t2_b0,1,0,0.1491155932655972,0.06378079205751419,0.003641013987362385,0.003641013987362385,0.9500000000000001,1.0,0,0
172,t2_b0,8,9,0.03494466404019125,-0.03783354535698891,0.0026483340188860893,0.0026483340188860893,1.0,1.0,0,0
173,t2_b0,8,9,-0.05060188208202314,0.028772860765457153,0.003150175092741847,0.003150175092741847,1.0,1.0,0,0
173,t2_b0,3,4,-0.064582674250315,0.08053111284971237,0.010529006831347942,0.010529006831347942,1.0,1.0,0,0
173,t2_b0,5,7,0.015896686188398755,0.0018859654664993286,9.815013618208468e-05,9.815013618208468e-05,1.0,1.0,0,0
173,t2_b0,1,0,0.23799578735081772,0.0804847702383995,0.012404861859977245,0.012404861859977245,0.9500000000000001,1.0,0,0
174,t2_b0,1,0,0.20949827679526592,0.11238706856966019,0.00471529271453619,0.00471529271453619,0.9500000000000001,1.0,0,0
174,t2_b0,5,7,0.0,0.005904741585254669,1.7432987078791484e-05,1.7432987078791484e-05,1.0,1.0,0,0
174,t2_b0,8,9,-0.06787351309483591,-0.02354726940393448,0.0009824080625548959,0.0009824080625548959,1.0,1.0,0,0
174,t2_b0,3,4,0.22585660173467986,0.043798938393592834,0.01657249592244625,0.01657249592244625,1.0,1.0,0,0
175,t2_b0,3,4,-0.0897681457968496,0.04564555734395981,0.00916843581944704,0.00916843581944704,1.0,1.0,0,0
175,t2_b0,1,0,0.1689062010919008,0.11525969952344894,0.0014389733551070094,0.0014389733551070094,0.9500000000000001,1.0,0,0
175,t2_b0,8,9,0.006074246865681255,-0.06951600313186646,0.0028569430578500032,0.0028569430578500032,1.0,1.0,0,0
175,t2_b0,5,7,0.20999377550525522,0.013124696910381317,0.019378716126084328,0.019378716126084328,1.0,1.0,0,0
176,t2_b0,1,0,0.17001803469676965,0.0874146893620491,0.0034116560127586126,0.0034116560127586126,0.9500000000000001,1.0,0,0
176,t2_b0,3,4,-0.08590338318349114,0.03563933074474335,0.007386315613985062,0.007386315613985062,1.0,1.0,0,0
176,t2_b0,8,9,-0.02429085708922525,0.04238763451576233,0.0022230108734220266,0.0022230108734220266,1.0,1.0,0,0
176,t2_b0,5,7,0.0,0.06304231286048889,0.001987166702747345,0.001987166702747345,1.0,1.0,0,0
177,t2_b0,5,7,0.0,-0.0010826662182807922,5.860830469828215e-07,5.860830469828215e-07,1.0,1.0,0,0
177,t2_b0,0,1,0.02050532244401031,0.06854433566331863,0.0011538732796907425,0.0011538732796907425,0.05,1.0,0,0
177,t2_b0,8,9,0.008969870592699063,-0.0055156126618385315,0.00010491460852790624,0.00010491460852790624,1.0,1.0,0,0
177,t2_b0,3,4,-0.041663812366198816,0.019678927958011627,0.001881465781480074,0.001881465781480074,1.0,1.0,0,0
178,t2_b0,8,9,-0.05045764339311101,-0.015853390097618103,0.0005987272597849369,0.0005987272597849369,1.0,1.0,0,0
178,t2_b0,5,7,0.18278559123711496,-0.004366829991340637,0.017513012513518333,0.017513012513518333,1.0,1.0,0,0
178,t2_b0,3,4,-0.09585904738139055,0.014633208513259888,0.006104269530624151,0.006104269530624151,1.0,1.0,0,0
178,t2_b0,1,0,0.5983577304090975,0.0728888139128685,0.13805881142616272,0.13805881142616272,0.9500000000000001,1.0,0,0
179,t2_b0,1,0,0.17884970562235475,0.171301931142807,2.8484497306635603e-05,2.8484497306635603e-05,0.9500000000000001,1.0,0,0
179,t2_b0,3,4,-0.016732553573604647,0.01168397068977356,0.0004037494072690606,0.0004037494072690606,1.0,1.0,0,0
179,t2_b0,5,7,0.09659045958931375,0.07415630668401718,0.00025164560065604746,0.00025164560065604746,1.0,1.0,0,0
179,t2_b0,8,9,-0.06440468013800921,0.013344451785087585,0.003022463759407401,0.003022463759407401,1.0,1.0,0,0
180,t2_b0,1,0,0.01958826926105409,0.13505953550338745,0.006666806526482105,0.006666806526482105,0.9500000000000001,1.0,0,0
180,t2_b0,3,4,0.00956363470084667,0.01786007732152939,3.441547596594319e-05,3.441547596594319e-05,1.0,1.0,0,0
180,t2_b0,5,7,0.004732568474984499,0.04109857976436615,0.0006612433935515583,0.0006612433935515583,1.0,1.0,0,0
180,t2_b0,8,9,-0.04829207532864836,-0.004670172929763794,0.0009514351258985698,0.0009514351258985698,1.0,1.0,0,0
181,t2_b0,3,4,0.2010972603898994,0.020510375499725342,0.01630581170320511,0.01630581170320511,0.05,1.0,0,0
181,t2_b0,8,9,0.008471202778156238,-0.030069522559642792,0.0007426937227137387,0.0007426937227137387,1.0,1.0,0,0
181,t2_b0,5,7,0.0,-0.008856289088726044,3.921692768926732e-05,3.921692768926732e-05,1.0,1.0,0,0
181,t2_b0,1,0,0.14185935275145578,0.05589382350444794,0.0036950360517948866,0.0036950360517948866,0.9500000000000001,1.0,0,0
182,t2_b0,5,7,0.07298954220078543,0.017531737685203552,0.0015377842355519533,0.0015377842355519533,1.0,1.0,0,0
182,t2_b0,8,9,0.0430814360888804,-0.00853554904460907,0.0013321565929800272,0.0013321565929800272,1.0,1.0,0,0
182,t2_b0,0,1,0.28577664257786306,0.06011928617954254,0.02546062134206295,0.02546062134206295,0.05,1.0,0,0
182,t2_b0,2,4,-0.38113457960944375,-0.0011834204196929932,0.07218144088983536,0.07218144088983536,0.9500000000000001,1.0,0,0
183,t2_b0,4,2,-0.041818083401573024,0.013685233891010284,0.0015403090510517359,0.0015403090510517359,0.9500000000000001,1.0,0,0
183,t2_b0,8,9,-0.007853822796483497,-0.011459007859230042,6.498679795186035e-06,6.498679795186035e-06,1.0,1.0,0,0
183,t2_b0,1,6,0.6172427072703301,0.06351600587368011,0.15330661833286285,0.15330661833286285,0.9500000000000001,1.0,0,0
183,t2_b0,5,7,0.0,0.05454740673303604,0.0014877098146826029,0.0014877098146826029,1.0,1.0,0,0
184,t2_b0,2,4,-0.10294525893977807,-0.020205259323120117,0.003422953886911273,0.003422953886911273,0.9500000000000001,1.0,0,0
184,t2_b0,8,9,0.02583405186996266,-0.037155818194150925,0.0019838616717606783,0.0019838616717606783,1.0,1.0,0,0
184,t2_b0,5,7,0.18060442720453507,0.018189378082752228,0.013189325109124184,0.013189325109124184,1.0,1.0,0,0
184,t2_b0,1,6,0.2045530410759442,0.155853733420372,0.001185811124742031,0.001185811124742031,0.9500000000000001,1.0,0,0
185,t2_b0,5,7,0.0,0.04759671539068222,0.001132723642513156,0.001132723642513156,1.0,1.0,0,0
185,t2_b0,3,2,0.06866443853153227,0.028057783842086792,0.0008244502241723239,0.0008244502241723239,0.9500000000000001,1.0,0,0
185,t2_b0,1,6,-0.029456806906150934,0.17461082339286804,0.020821798592805862,0.020821798592805862,0.9500000000000001,1.0,0,0
185,t2_b0,8,9,-0.01004453675646779,-0.0019282698631286621,3.29368922393769e-05,3.29368922393769e-05,1.0,1.0,0,0
186,t2_b0,3,4,-0.011717671715253751,0.005483999848365784,0.00014794875460211188,0.00014794875460211188,1.0,1.0,0,0
186,t2_b0,8,9,0.012970440345721902,0.010618254542350769,2.7663884338835487e-06,2.7663884338835487e-06,1.0,1.0,0,0
186,t2_b0,0,1,0.1763316277117356,0.07440217584371567,0.005194806028157473,0.005194806028157473,1.0,1.0,0,0
187,t2_b0,0,1,0.2093910547358437,0.0855012908577919,0.007674337364733219,0.007674337364733219,1.0,1.0,0,0
187,t2_b0,3,4,0.5832352133907706,-0.001062735915184021,0.17070205509662628,0.17070205509662628,1.0,1.0,0,0
188,t2_b0,1,0,0.21392926375488294,0.06556223332881927,0.011006387881934643,0.011006387881934643,1.0,1.0,0,0
188,t2_b0,7,9,-0.21063638458402348,0.0346762090921402,0.030089132487773895,0.030089132487773895,1.0,1.0,0,0
189,t2_b0,7,9,0.0,-0.03546566888689995,0.0006289068260230124,0.0006289068260230124,1.0,1.0,0,0
189,t2_b0,0,2,0.2257343229050848,0.1272812783718109,0.004846501164138317,0.004846501164138317,1.0,1.0,0,0
190,t2_b0,4,8,0.0,-0.12113035470247269,0.00733628123998642,0.00733628123998642,1.0,1.0,0,0
190,t2_b0,7,9,-0.0620447107884226,0.003982432186603546,0.002179791685193777,0.002179791685193777,1.0,1.0,0,0
191,t2_b0,4,8,0.0,0.051755115389823914,0.0013392959954217076,0.0013392959954217076,1.0,1.0,0,0
191,t2_b0,7,9,-0.22206330109039307,-0.04865553230047226,0.015035126358270645,0.015035126358270645,1.0,1.0,0,0
192,t2_b0,4,8,0.0,-0.04532924294471741,0.0010273701045662165,0.0010273701045662165,1.0,1.0,0,0
193,t2_b0,4,8,0.0,0.01767183095216751,0.000156146808876656,0.000156146808876656,0.5,1.0,0,0
193,t2_b0,5,7,0.9486447787474259,0.078253835439682,0.37879014015197754,0.37879014015197754,1.0,1.0,0,0
194,t2_b0,5,7,0.0,0.18629533052444458,0.01735297590494156,0.01735297590494156,1.0,1.0,0,0
194,t2_b0,4,9,0.8870831338353952,0.016128793358802795,0.3792807161808014,0.3792807161808014,0.9015625,1.0,0,0
195,t2_b0,5,7,0.6320116137985543,0.1000763326883316,0.141477569937706,0.141477569937706,1.0,1.0,0,0
195,t2_b0,8,9,0.8625682340822879,0.01040484756231308,0.36309126019477844,0.36309126019477844,0.9011718750000001,1.0,0,0
196,t2_b0,8,9,0.23967230957887384,0.12303275614976883,0.006802392192184925,0.006802392192184925,0.9140625,1.0,0,0
196,t2_b0,5,7,0.3991036729180558,0.07874999940395355,0.05131324380636215,0.05131324380636215,1.0,1.0,0,0
197,t2_b0,8,9,0.2471775241836705,0.12100328505039215,0.007959969341754913,0.007959969341754913,0.926953125,1.0,0,0
197,t2_b0,4,7,-0.6280534296602824,0.04835154116153717,0.22876183688640594,0.22876183688640594,0.914453125,1.0,0,0
198,t2_b0,2,6,0.03779173305839294,0.01269674301147461,0.00031487926025874913,0.00031487926025874913,1.0,1.0,0,0
198,t2_b0,8,9,0.17201768821606364,0.06309238076210022,0.0059323618188500404,0.0059323618188500404,0.93984375,1.0,0,0
198,t2_b0,4,7,-1.0,-0.06615521013736725,0.43603307008743286,0.43603307008743286,0.92734375,1.0,0,0
199,t2_b0,4,7,-0.7530289219268542,-0.14701199531555176,0.18362826108932495,0.18362826108932495,0.9402343750000001,1.0,0,0
199,t2_b0,2,6,0.05631928741405594,-0.0006641149520874023,0.0016235541552305222,0.0016235541552305222,1.0,1.0,0,0
199,t2_b0,3,9,0.5931864776977192,0.1085146963596344,0.11745337396860123,0.11745337396860123,1.0,1.0,0,0
200,t2_b0,3,9,0.05220797332120635,0.19850139319896698,0.010700881481170654,0.010700881481170654,1.0,1.0,0,0
200,t2_b0,2,6,0.0034769669665004905,0.010263778269290924,2.3030403099255636e-05,2.3030403099255636e-05,1.0,1.0,0,0
200,t2_b0,4,7,-0.5558566499635045,-0.1624409258365631,0.0773879662156105,0.0773879662156105,0.9500000000000001,1.0,0,0
201,t2_b0,4,7,-0.5365161042750954,-0.1380900740623474,0.07937166094779968,0.07937166094779968,0.9500000000000001,1.0,0,0
201,t2_b0,2,6,0.0,0.0210459902882576,0.00022146684932522476,0.00022146684932522476,1.0,1.0,0,0
201,t2_b0,3,9,0.15608954806567976,0.05524377524852753,0.0050849346444010735,0.0050849346444010735,1.0,1.0,0,0
202,t2_b0,2,6,0.05095774067711213,0.0005208924412727356,0.0012719377409666777,0.0012719377409666777,1.0,1.0,0,0
202,t2_b0,4,7,-0.55050257862566,-0.11745859682559967,0.0937635600566864,0.0937635600566864,0.9500000000000001,1.0,0,0
202,t2_b0,3,9,0.2815575089792968,-0.01792028546333313,0.04484347254037857,0.04484347254037857,0.9386718749999999,1.0,0,0
203,t2_b0,8,4,0.1110285811033679,-0.017925113439559937,0.008314527571201324,0.008314527571201324,0.9333333333333333,1.0,0,0
203,t2_b0,3,9,0.2157940624449709,0.03203129023313522,0.016884375363588333,0.016884375363588333,0.9333333333333333,1.0,0,0
203,t2_b0,2,6,-0.007815647521926102,0.012108288705348969,0.00019848161900881678,0.00019848161900881678,1.0,1.0,0,0
204,t2_b0,4,7,0.06595629128213663,-0.08504553139209747,0.011400775983929634,0.011400775983929634,0.9333333333333333,1.0,0,0
204,t2_b0,3,9,0.27267557385429936,0.06385364383459091,0.021803297102451324,0.021803297102451324,0.9333333333333333,1.0,0,0
205,t2_b0,1,2,0.0,0.14089863002300262,0.009926212020218372,0.009926212020218372,1.0,1.0,0,0
205,t2_b0,4,3,-0.3645532907597558,-0.040723707526922226,0.05243280157446861,0.05243280157446861,0.03333333333333333,1.0,0,0
205,t2_b0,7,8,0.0,-0.0151711106300354,0.00011508129682624713,0.00011508129682624713,0.9333333333333333,1.0,0,0
206,t2_b0,4,7,-0.29230690440297624,-0.03918697312474251,0.032034844160079956,0.032034844160079956,0.9333333333333333,1.0,0,0
206,t2_b0,1,2,0.0,0.10135432332754135,0.0051363492384552956,0.0051363492384552956,1.0,1.0,0,0
206,t2_b0,9,3,0.0,0.036479055881500244,0.0006653607706539333,0.0006653607706539333,1.0,1.0,0,0
207,t2_b0,1,2,0.0,0.06638330221176147,0.002203371375799179,0.002203371375799179,0.9500000000000001,1.0,0,0
207,t2_b0,4,7,-0.3717944276269704,-0.052026331424713135,0.051125820726156235,0.051125820726156235,0.9333333333333333,1.0,0,0
207,t2_b0,9,3,0.0131107722452444,0.030789867043495178,0.00015627520042471588,0.00015627520042471588,1.0,1.0,0,0
208,t2_b0,1,2,0.09369944592519559,0.05824772268533707,0.0006284124101512134,0.0006284124101512134,0.9500000000000001,1.0,0,0
208,t2_b0,9,3,0.0,0.011622950434684753,6.75464907544665e-05,6.75464907544665e-05,1.0,1.0,0,0
208,t2_b0,4,7,-0.4330014490019953,-0.07167188823223114,0.065279521048069,0.065279521048069,0.9333333333333333,1.0,0,0
209,t2_b0,1,2,0.0,0.07282520085573196,0.0026517549995332956,0.0026517549995332956,0.9500000000000001,1.0,0,0
209,t2_b0,4,7,-0.2783252849174678,-0.08277128636837006,0.019120683893561363,0.019120683893561363,0.9333333333333333,1.0,0,0
209,t2_b0,9,3,0.13018174657054984,0.013064727187156677,0.006858197972178459,0.006858197972178459,1.0,1.0,0,0
210,t2_b0,3,7,0.29197877452428844,0.022543780505657196,0.03629760816693306,0.03629760816693306,0.925,1.0,0,0
210,t2_b0,4,8,-0.13414126046878555,-0.06647954136133194,0.002289054449647665,0.002289054449647665,0.9333333333333333,1.0,0,0
210,t2_b0,1,2,0.3660335015939752,0.07183855026960373,0.04327533021569252,0.04327533021569252,1.0,1.0,0,0
211,t2_b0,4,7,0.3272660483848732,-0.03431268781423569,0.06536959111690521,0.06536959111690521,0.9333333333333333,1.0,0,0
211,t2_b0,9,3,0.19283098735306176,0.04292299598455429,0.011236204765737057,0.011236204765737057,1.0,1.0,0,0
211,t2_b0,1,2,0.0,0.1121072769165039,0.006284020841121674,0.006284020841121674,1.0,1.0,0,0
212,t2_b0,1,6,0.12389185325187077,0.10837365686893463,0.00012040720321238041,0.00012040720321238041,1.0,1.0,0,0
212,t2_b0,0,2,0.0,0.10946649312973022,0.005991456564515829,0.005991456564515829,1.0,1.0,0,0
212,t2_b0,4,7,0.0071467232927346375,0.02716735750436783,0.00020041289099026471,0.00020041289099026471,0.9333333333333333,1.0,0,0
212,t2_b0,9,3,0.005461365541346542,0.04474656283855438,0.0007716633845120668,0.0007716633845120668,1.0,1.0,0,0
213,t2_b0,4,7,-0.05377502165264776,0.027666717767715454,0.0033163782209157944,0.0033163782209157944,0.9333333333333333,1.0,0,0
213,t2_b0,0,2,0.0,0.08906645327806473,0.003966416697949171,0.003966416697949171,1.0,1.0,0,0
213,t2_b0,9,3,0.0,0.010141678154468536,5.1426817663013935e-05,5.1426817663013935e-05,1.0,1.0,0,0
213,t2_b0,1,6,0.0,0.10550537705421448,0.005565692204982042,0.005565692204982042,1.0,1.0,0,0
214,t2_b0,9,3,0.018571425615002933,0.013426713645458221,1.3234028301667422e-05,1.3234028301667422e-05,1.0,1.0,0,0
214,t2_b0,1,6,-0.0029310869164893374,0.08856753259897232,0.004185998812317848,0.004185998812317848,1.0,1.0,0,0
214,t2_b0,0,2,0.06314881288875411,0.0720219612121582,3.9366394048556685e-05,3.9366394048556685e-05,1.0,1.0,0,0
214,t2_b0,4,7,-0.08110942637770606,-0.010209374129772186,0.002513408660888672,0.002513408660888672,0.9333333333333333,1.0,0,0
215,t2_b0,4,7,-0.09751986987645449,-0.030562803149223328,0.0022416242863982916,0.0022416242863982916,0.9333333333333333,1.0,0,0
215,t2_b0,9,3,0.0,0.04659171402454376,0.0010853939456865191,0.0010853939456865191,1.0,1.0,0,0
215,t2_b0,1,6,0.0,0.08028391003608704,0.0032227530609816313,0.0032227530609816313,1.0,1.0,0,0
215,t2_b0,0,2,0.0,0.08942823112010956,0.003998704254627228,0.003998704254627228,1.0,1.0,0,0
216,t2_b0,3,9,-0.2862466487057647,0.026057317852973938,0.048766881227493286,0.048766881227493286,0.025,1.0,0,0
216,t2_b0,1,6,0.0,0.07670731097459793,0.0029420058708637953,0.0029420058708637953,1.0,1.0,0,0
216,t2_b0,4,7,-0.04147365172068441,-0.036535028368234634,1.21950070024468e-05,1.21950070024468e-05,0.9333333333333333,1.0,0,0
216,t2_b0,0,2,-0.02298595042098608,0.0851781889796257,0.005849740467965603,0.005849740467965603,1.0,1.0,0,0
217,t2_b0,4,7,0.03178802301938604,-0.03095264732837677,0.0019681956619024277,0.0019681956619024277,0.9333333333333333,1.0,0,0
217,t2_b0,0,2,0.2809934987871569,0.07132401317358017,0.021980643272399902,0.021980643272399902,1.0,1.0,0,0
217,t2_b0,1,6,0.0,0.06937874853610992,0.002406705403700471,0.002406705403700471,1.0,1.0,0,0
217,t2_b0,3,8,-0.08301034540522145,-0.040700092911720276,0.0008950787596404552,0.0008950787596404552,0.025,1.0,0,0
218,t2_b0,4,7,-0.058977201763692554,-0.007717326283454895,0.0013137874193489552,0.0013137874193489552,0.9333333333333333,1.0,0,0
218,t2_b0,1,6,0.0,0.07142704725265503,0.0025509116239845753,0.0025509116239845753,1.0,1.0,0,0
218,t2_b0,9,3,0.05772546038990371,0.05277995765209198,1.2228993909957353e-05,1.2228993909957353e-05,1.0,1.0,0,0
218,t2_b0,0,2,0.0,0.09868230670690536,0.004869098775088787,0.004869098775088787,1.0,1.0,0,0
219,t2_b0,8,4,0.075529460392079,-0.035381026566028595,0.0061505683697760105,0.0061505683697760105,0.03333333333333333,1.0,0,0
219,t2_b0,0,2,0.5455488610350812,0.09376902133226395,0.10205250978469849,0.10205250978469849,1.0,1.0,0,0
219,t2_b0,6,1,0.5036137204505235,0.08334793150424957,0.08831167221069336,0.08831167221069336,0.9500000000000001,1.0,0,0
219,t2_b0,9,3,0.015882398613763057,0.0459042564034462,0.00045065596350468695,0.00045065596350468695,1.0,1.0,0,0
220,t2_b0,0,2,0.02370315310224942,0.14899751543998718,0.007849338464438915,0.007849338464438915,1.0,1.0,0,0
220,t2_b0,8,7,0.1628594809768298,-0.005899593234062195,0.014239813201129436,0.014239813201129436,0.9333333333333333,1.0,0,0
220,t2_b0,4,3,0.4310951288079058,0.01076573133468628,0.08833839744329453,0.08833839744329453,0.9333333333333333,1.0,0,0
220,t2_b0,1,6,0.17782782288848817,0.07297220826148987,0.005497349891811609,0.005497349891811609,0.9500000000000001,1.0,0,0
221,t2_b0,1,6,0.11374407137021504,0.0929284617304802,0.00021664482483174652,0.00021664482483174652,0.9500000000000001,1.0,0,0
221,t2_b0,8,3,0.18648110460969028,0.03828337788581848,0.010981283150613308,0.010981283150613308,0.9333333333333333,1.0,0,0
221,t2_b0,4,7,0.2736699240955842,0.04701352119445801,0.025686563923954964,0.025686563923954964,0.9333333333333333,1.0,0,0
221,t2_b0,0,2,-0.0007694217436532851,0.1392199546098709,0.009798512794077396,0.009798512794077396,1.0,1.0,0,0
222,t2_b0,1,6,0.0,0.10142556577920914,0.005143572576344013,0.005143572576344013,0.9500000000000001,1.0,0,0
222,t2_b0,8,3,0.04102418234934129,0.02635309100151062,0.0001076204571290873,0.0001076204571290873,0.9333333333333333,1.0,0,0
222,t2_b0,0,2,0.1762101888563733,0.10302895307540894,0.0026777470484375954,0.0026777470484375954,1.0,1.0,0,0
223,t2_b0,0,2,0.05934155632697496,0.0964968353509903,0.0006902573513798416,0.0006902573513798416,1.0,1.0,0,0
223,t2_b0,1,6,0.4130758540508844,0.08436571806669235,0.05402517691254616,0.05402517691254616,0.9500000000000001,1.0,0,0
223,t2_b0,8,3,0.10331028095415251,0.020245425403118134,0.003449884941801429,0.003449884941801429,0.9333333333333333,1.0,0,0
224,t2_b0,4,3,-0.20592302110005892,0.03510548919439316,0.029047373682260513,0.029047373682260513,0.9333333333333333,1.0,0,0
224,t2_b0,0,2,0.42833841635506387,0.105186328291893,0.052213627845048904,0.052213627845048904,1.0,1.0,0,0
224,t2_b0,5,1,0.7085315244582667,0.11945653706789017,0.17350466549396515,0.17350466549396515,0.925,1.0,0,0
224,t2_b0,8,7,0.06122302586479293,0.03989185392856598,0.00022750945936422795,0.00022750945936422795,0.9333333333333333,1.0,0,0
225,t2_b0,0,2,0.19123946843759637,0.16348737478256226,0.0003850891662295908,0.0003850891662295908,1.0,1.0,0,0
225,t2_b0,1,5,0.4860862447819996,0.13403558731079102,0.06196983531117439,0.06196983531117439,0.9500000000000001,1.0,0,0
225,t2_b0,8,3,0.14066745523211843,0.01817534863948822,0.007502157706767321,0.007502157706767321,0.9333333333333333,1.0,0,0
226,t2_b0,7,8,-0.010054106882980245,-0.006486572325229645,6.363651209539967e-06,6.363651209539967e-06,0.9500000000000001,1.0,0,0
226,t2_b0,0,2,0.05540308587634773,0.1756797581911087,0.007233239244669676,0.007233239244669676,1.0,1.0,0,0
226,t2_b0,1,6,-0.0038240252515574745,0.1646081507205963,0.014184699393808842,0.014184699393808842,0.05,1.0,0,0
226,t2_b0,3,4,0.24670710064393547,0.018259935081005096,0.02609405480325222,0.02609405480325222,0.9500000000000001,1.0,0,0
227,t2_b0,3,8,0.12155233845165973,0.0393650159239769,0.0033773782197386026,0.0033773782197386026,0.9500000000000001,1.0,0,0
227,t2_b0,0,2,0.22282199841602107,0.1316121518611908,0.004159617703408003,0.004159617703408003,1.0,1.0,0,0
227,t2_b0,6,1,0.20254971240685937,0.15765845775604248,0.0010076123289763927,0.0010076123289763927,1.0,1.0,0,0
227,t2_b0,4,7,0.29482109351206875,0.01736864447593689,0.0384899266064167,0.0384899266064167,0.9333333333333333,1.0,0,0
228,t2_b0,1,6,0.4833233762575501,0.12655149400234222,0.06364309042692184,0.06364309042692184,1.0,1.0,0,0
228,t2_b0,4,8,-0.42300628346768027,0.05418352037668228,0.11385505646467209,0.11385505646467209,0.9333333333333333,1.0,0,0
228,t2_b0,2,5,-0.1424284632117761,-0.026556536555290222,0.006713151000440121,0.006713151000440121,0.05,1.0,0,0
229,t2_b0,5,0,0.027672817844474035,0.22018122673034668,0.018529744818806648,0.018529744818806648,0.9500000000000001,1.0,0,0
229,t2_b0,3,4,0.07127338360007537,0.016743995249271393,0.0014867272693663836,0.0014867272693663836,0.9500000000000001,1.0,0,0
229,t2_b0,7,8,0.0,0.030614197254180908,0.0004686145402956754,0.0004686145402956754,0.9500000000000001,1.0,0,0
229,t2_b0,1,6,0.012776415702039013,0.16570334136486053,0.011693322099745274,0.011693322099745274,1.0,1.0,0,0
230,t2_b0,3,8,0.0,0.016576439142227173,0.0001373891718685627,0.0001373891718685627,1.0,1.0,0,0
230,t2_b0,1,6,0.5808622027497674,0.14007332921028137,0.09714742749929428,0.09714742749929428,1.0,1.0,0,0
230,t2_b0,4,7,0.42525936004943304,-0.023568972945213318,0.10072343796491623,0.10072343796491623,0.9500000000000001,1.0,0,0
230,t2_b0,0,5,0.11106029960089212,0.12075334787368774,4.697759868577123e-05,4.697759868577123e-05,1.0,1.0,0,0
231,t2_b0,3,8,0.40780703140087554,-0.010675981640815735,0.08756402134895325,0.08756402134895325,1.0,1.0,0,0
231,t2_b0,0,5,-0.0051393760547482886,0.12813574075698853,0.008881129324436188,0.008881129324436188,1.0,1.0,0,0
232,t2_b0,3,8,0.00912072482950377,0.08203523606061935,0.002658262848854065,0.002658262848854065,1.0,1.0,0,0
233,t2_b0,3,8,0.07735134382240857,0.05603007227182388,0.00022729836928192526,0.00022729836928192526,1.0,1.0,0,0
234,t2_b0,3,8,0.002684546230972636,0.010277897119522095,2.8829488655901514e-05,2.8829488655901514e-05,1.0,1.0,0,0
235,t2_b0,3,8,0.0969887236866268,0.009611815214157104,0.0038173620123416185,0.0038173620123416185,1.0,1.0,0,0
237,t2_b0,2,9,-1.0,0.12392222136259079,0.6239222288131714,0.6239222288131714,1.0,1.0,0,0
238,t2_b0,2,9,-1.0,-0.027872398495674133,0.4725160598754883,0.4725160598754883,1.0,1.0,0,0
239,t2_b0,2,9,-0.26544504358356963,-0.1314501315355301,0.008977319113910198,0.008977319113910198,1.0,1.0,0,0
240,t2_b0,2,9,-0.07519193875129788,-0.11019174009561539,0.0006124930805526674,0.0006124930805526674,1.0,1.0,0,0
241,t2_b0,2,9,-0.20419872115451537,-0.022280707955360413,0.016547081992030144,0.016547081992030144,1.0,1.0,0,0
241,t2_b0,0,1,0.011870690373081748,0.07817572355270386,0.0021981787867844105,0.0021981787867844105,1.0,1.0,0,0
242,t2_b0,2,9,-0.07260993389301597,0.03446195274591446,0.0057321940548717976,0.0057321940548717976,1.0,1.0,0,0
242,t2_b0,0,1,0.31495067350104244,0.08452065289020538,0.026548996567726135,0.026548996567726135,1.0,1.0,0,0
243,t2_b0,5,7,0.11861938903268471,0.13559876382350922,0.00014414956967812032,0.00014414956967812032,1.0,1.0,0,0
243,t2_b0,0,1,0.05183955653885041,0.1267605423927307,0.002806576667353511,0.002806576667353511,1.0,1.0,0,0
243,t2_b0,2,9,-0.129517911990451,0.04693816602230072,0.01556837372481823,0.01556837372481823,0.05,1.0,0,0
244,t2_b0,2,6,-0.3759673214768857,0.03343357890844345,0.08380455523729324,0.08380455523729324,0.9500000000000001,1.0,0,0
244,t2_b0,4,9,0.38539031284047964,0.07662168890237808,0.04766903445124626,0.04766903445124626,1.0,1.0,0,0
244,t2_b0,5,7,0.0,0.10969874262809753,0.006016907282173634,0.006016907282173634,1.0,1.0,0,0
244,t2_b0,0,1,-0.0014090542968669085,0.11394231021404266,0.006652968470007181,0.006652968470007181,1.0,1.0,0,0
245,t2_b0,6,9,0.8391395939681235,0.05456104874610901,0.30778175592422485,0.30778175592422485,0.8833333333333333,1.0,0,0
245,t2_b0,5,7,0.13214145979708863,0.09789960831403732,0.0005862520774826407,0.0005862520774826407,1.0,1.0,0,0
245,t2_b0,0,1,0.17961580372980912,0.07797624170780182,0.00516530079767108,0.00516530079767108,1.0,1.0,0,0
246,t2_b0,5,7,0.0,0.11521736532449722,0.006637520622462034,0.006637520622462034,1.0,1.0,0,0
246,t2_b0,0,1,0.2621201500259005,0.07797875255346298,0.016954027116298676,0.016954027116298676,1.0,1.0,0,0
246,t2_b0,6,9,-0.24580179855236467,0.1467340737581253,0.07704219967126846,0.07704219967126846,0.9005208333333334,1.0,0,0
247,t2_b0,2,6,0.0,-0.02585899829864502,0.00033434390206821263,0.00033434390206821263,0.9500000000000001,1.0,0,0
247,t2_b0,0,1,0.1110349973435811,0.1034810021519661,2.853141813830007e-05,2.853141813830007e-05,1.0,1.0,0,0
247,t2_b0,5,7,0.0,0.05490420013666153,0.0015072355745360255,0.0015072355745360255,1.0,1.0,0,0
247,t2_b0,9,4,-0.0011489976652103585,0.016907937824726105,0.00016302644507959485,0.00016302644507959485,0.03333333333333333,1.0,0,0
248,t2_b0,5,7,-0.006109174218128163,0.04790216684341431,0.0014586125034838915,0.0014586125034838915,1.0,1.0,0,0
248,t2_b0,0,1,0.151931967723815,0.11338520795106888,0.0007429264951497316,0.0007429264951497316,1.0,1.0,0,0
248,t2_b0,4,9,0.0038447872652563686,0.06162015348672867,0.0016689965268597007,0.0016689965268597007,0.925390625,1.0,0,0
249,t2_b0,0,1,0.2318067667986328,0.11565059423446655,0.0067461286671459675,0.0067461286671459675,1.0,1.0,0,0
249,t2_b0,4,9,0.01746887962427795,0.09994738548994064,0.0034013520926237106,0.0034013520926237106,1.0,1.0,0,0
250,t2_b0,0,1,0.1395541359956239,0.12082812935113907,0.00017533179197926074,0.00017533179197926074,1.0,1.0,0,0
250,t2_b0,4,9,-0.06430108774588437,0.04562316834926605,0.006041671149432659,0.006041671149432659,1.0,1.0,0,0
251,t2_b0,0,1,0.10406572968708572,0.0986621156334877,1.459953000448877e-05,1.459953000448877e-05,1.0,1.0,0,0
251,t2_b0,2,8,0.05061027887813581,0.01404482126235962,0.0006685163243673742,0.0006685163243673742,0.9500000000000001,1.0,0,0
251,t2_b0,5,6,0.08110958149272247,-0.006586112082004547,0.0038452674634754658,0.0038452674634754658,1.0,1.0,0,0
251,t2_b0,4,9,0.07403707187168151,-0.008222132921218872,0.003383288625627756,0.003383288625627756,1.0,1.0,0,0
252,t2_b0,4,9,-0.0912195765247305,0.01395329087972641,0.0055306656286120415,0.0055306656286120415,1.0,1.0,0,0
252,t2_b0,0,1,0.06378257401845677,0.07739511877298355,9.265070548281074e-05,9.265070548281074e-05,1.0,1.0,0,0
252,t2_b0,5,6,-0.05247401683586252,0.02968592941761017,0.0033751288428902626,0.0033751288428902626,1.0,1.0,0,0
252,t2_b0,2,8,0.011975270662593476,0.019898414611816406,3.138810643577017e-05,3.138810643577017e-05,0.9500000000000001,1.0,0,0
253,t2_b0,8,2,0.9416691530721304,0.050884097814559937,0.3967490494251251,0.3967490494251251,1.0,1.0,0,0
253,t2_b0,5,6,0.0,0.010783210396766663,5.8138812164543197e-05,5.8138812164543197e-05,1.0,1.0,0,0
253,t2_b0,0,1,0.15834071219593815,0.06835964322090149,0.00404829578474164,0.00404829578474164,1.0,1.0,0,0
253,t2_b0,4,9,0.13492013024730712,-0.004477567970752716,0.009715860709547997,0.009715860709547997,1.0,1.0,0,0
254,t2_b0,8,2,-0.05876947779139974,0.15283548831939697,0.022388331592082977,0.022388331592082977,1.0,1.0,0,0
254,t2_b0,5,6,0.024843795198642424,-0.009785547852516174,0.0005995957762934268,0.0005995957762934268,1.0,1.0,0,0
254,t2_b0,0,1,0.24865662095119026,0.09209991246461868,0.01225499901920557,0.01225499901920557,1.0,1.0,0,0
254,t2_b0,4,9,0.08892028992165997,0.019353002309799194,0.002419803524389863,0.002419803524389863,1.0,1.0,0,0
255,t2_b0,8,2,0.6175999820607083,0.08828946948051453,0.14008478820323944,0.14008478820323944,1.0,1.0,0,0
255,t2_b0,5,6,-0.05545143637480939,0.030483849346637726,0.003692436730489135,0.003692436730489135,1.0,1.0,0,0
255,t2_b0,0,1,0.13888019166924948,0.12414554506540298,0.00010855493019334972,0.00010855493019334972,1.0,1.0,0,0
255,t2_b0,4,9,-0.11909754662733767,0.013852015137672424,0.00883779302239418,0.00883779302239418,1.0,1.0,0,0
256,t2_b0,8,2,-0.12845339609359188,0.08388254791498184,0.022543275728821754,0.022543275728821754,1.0,1.0,0,0
256,t2_b0,0,1,0.09901967131824173,0.11724158376455307,0.00016601909010205418,0.00016601909010205418,1.0,1.0,0,0
256,t2_b0,4,9,-0.1299008092751354,-0.054494213312864304,0.0028430772945284843,0.0028430772945284843,1.0,1.0,0,0
257,t2_b0,4,9,-0.09416031906222908,-0.04806215316057205,0.0010625204304233193,0.0010625204304233193,1.0,1.0,0,0
257,t2_b0,0,1,-0.03140837648244866,0.08737169206142426,0.007054352201521397,0.007054352201521397,1.0,1.0,0,0
257,t2_b0,8,2,0.0,0.022068530321121216,0.00024351001775357872,0.00024351001775357872,1.0,1.0,0,0
258,t2_b0,4,9,0.18560254368155563,0.02040284126996994,0.013645470142364502,0.013645470142364502,1.0,1.0,0,0
258,t2_b0,0,1,0.693710017331169,0.06189844012260437,0.1995929628610611,0.1995929628610611,1.0,1.0,0,0
258,t2_b0,8,2,0.5537198442701683,-0.003342941403388977,0.15515944361686707,0.15515944361686707,1.0,1.0,0,0
259,t2_b0,4,9,-0.08397273400478417,0.04536495357751846,0.008364120498299599,0.008364120498299599,1.0,1.0,0,0
259,t2_b0,8,2,-0.23799117339568895,0.06996075063943863,0.04741719365119934,0.04741719365119934,1.0,1.0,0,0
259,t2_b0,1,7,-0.0026212226400343123,0.11982087790966034,0.007496034260839224,0.007496034260839224,0.9500000000000001,1.0,0,0
259,t2_b0,0,6,-0.0010063140798395828,0.16549813747406006,0.013861867599189281,0.013861867599189281,0.9500000000000001,1.0,0,0
260,t2_b0,4,9,-0.15449735267714923,-0.03402917832136154,0.007256290875375271,0.007256290875375271,1.0,1.0,0,0
260,t2_b0,0,1,0.4456363820553101,0.14190798997879028,0.04612547159194946,0.04612547159194946,1.0,1.0,0,0
260,t2_b0,8,2,0.028679321658095405,0.043153271079063416,0.00010474759619683027,0.00010474759619683027,1.0,1.0,0,0
261,t2_b0,8,2,0.11832720978251304,0.01940685510635376,0.004892617929726839,0.004892617929726839,1.0,1.0,0,0
261,t2_b0,0,1,0.06861930207733469,0.14047497510910034,0.0025816187262535095,0.0025816187262535095,1.0,1.0,0,0
261,t2_b0,4,9,0.29019927681531793,-0.07462623715400696,0.06654883176088333,0.06654883176088333,1.0,1.0,0,0
262,t2_b0,4,9,0.3004334828602074,0.04112697392702103,0.03361993655562401,0.03361993655562401,1.0,1.0,0,0
262,t2_b0,0,1,0.029346894878538886,0.10875432938337326,0.0031527706887573004,0.0031527706887573004,1.0,1.0,0,0
262,t2_b0,8,2,0.0,0.029750116169452667,0.00044253471423871815,0.00044253471423871815,1.0,1.0,0,0
263,t2_b0,4,9,-0.02812527582900847,0.11433762311935425,0.010147837921977043,0.010147837921977043,1.0,1.0,0,0
263,t2_b0,8,2,0.5650588910791734,0.02251000702381134,0.14717964828014374,0.14717964828014374,1.0,1.0,0,0
263,t2_b0,0,1,0.19901255283338,0.08492255210876465,0.006508263759315014,0.006508263759315014,1.0,1.0,0,0
264,t2_b0,8,2,-0.08765721623474013,0.08893835544586182,0.015592997893691063,0.015592997893691063,1.0,1.0,0,0
264,t2_b0,0,1,0.08941888146318847,0.09051936864852905,6.05536911280069e-07,6.05536911280069e-07,1.0,1.0,0,0
264,t2_b0,4,9,0.16515354978548652,0.031136058270931244,0.008980344980955124,0.008980344980955124,1.0,1.0,0,0
265,t2_b0,0,1,0.5312430192974544,0.10117008537054062,0.09248136729001999,0.09248136729001999,1.0,1.0,0,0
265,t2_b0,4,9,0.11457338592285062,0.00924072414636612,0.005547485314309597,0.005547485314309597,1.0,1.0,0,0
265,t2_b0,2,8,0.07367017645938997,-0.003327876329421997,0.00296435016207397,0.00296435016207397,0.05,1.0,0,0
266,t2_b0,4,9,-0.010993780302659148,0.02978666126728058,0.0008315221639350057,0.0008315221639350057,1.0,1.0,0,0
266,t2_b0,8,2,0.6418794307351894,0.00764445960521698,0.20112699270248413,0.20112699270248413,1.0,1.0,0,0
266,t2_b0,0,1,0.19779722532143693,0.15524207055568695,0.0009054705151356757,0.0009054705151356757,1.0,1.0,0,0
267,t2_b0,0,1,0.06692790768698445,0.16150985658168793,0.004472872242331505,0.004472872242331505,1.0,1.0,0,0
267,t2_b0,4,9,0.02928672329393428,0.035352662205696106,1.839780634327326e-05,1.839780634327326e-05,1.0,1.0,0,0
267,t2_b0,8,2,0.0,0.0768694132566452,0.0029544534627348185,0.0029544534627348185,1.0,1.0,0,0
268,t2_b0,8,2,-0.22711598425560311,0.07876428216695786,0.04678137227892876,0.04678137227892876,1.0,1.0,0,0
268,t2_b0,4,9,0.14064367340533526,0.03042268007993698,0.006074333563446999,0.006074333563446999,1.0,1.0,0,0
268,t2_b0,0,1,0.13157482326847275,0.12426668405532837,2.6704457923187874e-05,2.6704457923187874e-05,1.0,1.0,0,0
269,t2_b0,4,9,0.3005473714766819,0.054781459271907806,0.03020043671131134,0.03020043671131134,1.0,1.0,0,0
269,t2_b0,8,2,0.03755076541353922,0.021825358271598816,0.0001236442185472697,0.0001236442185472697,1.0,1.0,0,0
269,t2_b0,0,1,0.2237269140940577,0.09893245995044708,0.007786827627569437,0.007786827627569437,1.0,1.0,0,0
270,t2_b0,0,1,-0.0476630931278318,0.09618230164051056,0.010345748625695705,0.010345748625695705,1.0,1.0,0,0
270,t2_b0,8,2,0.1934499481158926,0.01335269957780838,0.016217509284615517,0.016217509284615517,1.0,1.0,0,0
270,t2_b0,4,9,0.03313371544281818,0.10069262236356735,0.002282103057950735,0.002282103057950735,1.0,1.0,0,0
271,t2_b0,1,7,0.0,0.13246086239814758,0.008772940374910831,0.008772940374910831,0.9500000000000001,1.0,0,0
271,t2_b0,0,6,0.0007555577055041995,0.09735511243343353,0.0046657370403409,0.0046657370403409,0.9333333333333333,1.0,0,0
271,t2_b0,4,9,0.03339657330287422,0.05313653498888016,0.00019483307551126927,0.00019483307551126927,0.9500000000000001,1.0,0,0
272,t2_b0,1,7,0.0,0.10436112433671951,0.005445621907711029,0.005445621907711029,0.9500000000000001,1.0,0,0
272,t2_b0,2,9,0.08848944272547611,0.026189424097537994,0.0019406462088227272,0.0019406462088227272,0.9333333333333333,1.0,0,0
272,t2_b0,0,6,0.0,0.08718805760145187,0.003800878766924143,0.003800878766924143,0.9333333333333333,1.0,0,0
273,t2_b0,1,7,0.0,0.08537273108959198,0.003644251497462392,0.003644251497462392,0.9500000000000001,1.0,0,0
273,t2_b0,2,9,0.2509031719335122,0.036797866225242615,0.02292053773999214,0.02292053773999214,0.9333333333333333,1.0,0,0
273,t2_b0,0,6,0.3700639945249994,0.0787903442978859,0.042420171201229095,0.042420171201229095,0.9333333333333333,1.0,0,0
274,t2_b0,7,1,0.8026662759804951,0.21681836247444153,0.1716088503599167,0.1716088503599167,0.925,1.0,0,0
274,t2_b0,8,9,-0.3161652293846244,0.021162278950214386,0.056894924491643906,0.056894924491643906,0.9333333333333333,1.0,0,0
274,t2_b0,0,6,0.0,0.1163630411028862,0.00677017867565155,0.00677017867565155,0.9333333333333333,1.0,0,0
275,t2_b0,2,9,0.7806074334259976,0.03669486939907074,0.27670297026634216,0.27670297026634216,0.9333333333333333,1.0,0,0
275,t2_b0,1,7,0.0,0.1122538223862648,0.006300460547208786,0.006300460547208786,0.9500000000000001,1.0,0,0
275,t2_b0,0,6,0.19623143321311806,0.1186646819114685,0.00300830090418458,0.00300830090418458,0.9333333333333333,1.0,0,0
275,t2_b0,8,4,0.1462844173548,-0.014354288578033447,0.012902396731078625,0.012902396731078625,0.03333333333333333,1.0,0,0
276,t2_b0,8,9,-0.3171925138455728,0.017412617802619934,0.05598030611872673,0.05598030611872673,0.9333333333333333,1.0,0,0
276,t2_b0,0,7,0.13191454509240932,0.13227391242980957,6.457386803049303e-08,6.457386803049303e-08,0.9333333333333333,1.0,0,0
277,t2_b0,0,7,0.07721326488655855,0.12803789973258972,0.0012915717670693994,0.0012915717670693994,0.9500000000000001,1.0,0,0
277,t2_b0,8,4,0.06552174831038884,-0.011384010314941406,0.0029572476632893085,0.0029572476632893085,0.03333333333333333,1.0,0,0
278,t2_b0,2,8,0.3931294276235493,0.03185827285051346,0.06525842845439911,0.06525842845439911,0.9500000000000001,1.0,0,0
278,t2_b0,3,6,-0.0643433245168333,0.11205271631479263,0.015557781793177128,0.015557781793177128,0.06666666666666667,1.0,0,0
278,t2_b0,7,0,0.6307519300937455,0.2295205295085907,0.08049330860376358,0.08049330860376358,0.9333333333333333,1.0,0,0
279,t2_b0,2,8,0.0,0.05809111148118973,0.0016872886335477233,0.0016872886335477233,1.0,1.0,0,0
279,t2_b0,5,6,0.0,-0.010708697140216827,5.733809666708112e-05,5.733809666708112e-05,1.0,1.0,0,0
279,t2_b0,7,0,0.0,0.3334645628929138,0.05559930577874184,0.05559930577874184,0.9333333333333333,1.0,0,0
280,t2_b0,0,7,0.0,0.09608372300863266,0.004616040736436844,0.004616040736436844,0.925,1.0,0,0
280,t2_b0,9,3,0.2957558702246725,0.1290978193283081,0.013887451961636543,0.013887451961636543,0.9,1.0,0,0
280,t2_b0,2,8,0.5684800786463887,0.048651836812496185,0.13511070609092712,0.13511070609092712,1.0,1.0,0,0
281,t2_b0,2,8,0.1821891515445586,0.10672471672296524,0.002847440540790558,0.002847440540790558,1.0,1.0,0,0
281,t2_b0,7,0,0.008682380086058846,0.18825872242450714,0.016123831272125244,0.016123831272125244,0.925,1.0,0,0
282,t2_b0,2,8,0.004817808164117452,0.10787321627140045,0.0053102090023458,0.0053102090023458,1.0,1.0,0,0
282,t2_b0,7,0,0.5036255791582628,0.15372541546821594,0.06121505796909332,0.06121505796909332,0.92,1.0,0,0
283,t2_b0,2,8,0.19598978458680394,0.05642606317996979,0.009739016182720661,0.009739016182720661,1.0,1.0,0,0
283,t2_b0,7,0,0.4886871689797106,0.2471882700920105,0.02916085720062256,0.02916085720062256,0.92,1.0,0,0
283,t2_b0,5,6,0.08125682346767783,0.026320725679397583,0.0015089872758835554,0.0015089872758835554,0.025,1.0,0,0
284,t2_b0,7,5,0.10799753085197655,0.10021475702524185,3.0285771572380327e-05,3.0285771572380327e-05,0.02,1.0,0,0
284,t2_b0,2,8,0.27682825240038905,0.05136161297559738,0.025417601689696312,0.025417601689696312,1.0,1.0,0,0
284,t2_b0,6,0,0.4934436636308516,0.2263973504304886,0.035656873136758804,0.035656873136758804,0.92,1.0,0,0
285,t2_b0,0,9,0.0,0.12565678358078003,0.007894814014434814,0.007894814014434814,0.92,1.0,0,0
285,t2_b0,2,8,0.0,0.09098643064498901,0.004139265511184931,0.004139265511184931,1.0,1.0,0,0
286,t2_b0,2,8,0.7816895181541673,0.0783630907535553,0.2473340630531311,0.2473340630531311,1.0,1.0,0,0
286,t2_b0,0,9,0.0,0.10360085964202881,0.005366568919271231,0.005366568919271231,0.92,1.0,0,0
287,t2_b0,7,3,-0.6955795844167566,-0.0274759903550148,0.22318118810653687,0.22318118810653687,1.0,1.0,0,0
287,t2_b0,0,9,0.012225996575738756,0.0842825323343277,0.002596071921288967,0.002596071921288967,0.925,1.0,0,0
287,t2_b0,2,8,0.04366645582007347,0.14631545543670654,0.005268408916890621,0.005268408916890621,1.0,1.0,0,0
288,t2_b0,9,5,0.5747774149749132,0.06324344128370285,0.13083350658416748,0.13083350658416748,0.025,1.0,0,0
288,t2_b0,6,0,0.12208824797471172,0.33555179834365845,0.022783342748880386,0.022783342748880386,0.925,1.0,0,0
288,t2_b0,2,8,0.0,0.09604962170124054,0.004612764809280634,0.004612764809280634,1.0,1.0,0,0
289,t2_b0,6,0,0.0,0.26035115122795105,0.03389136120676994,0.03389136120676994,0.925,1.0,0,0
289,t2_b0,2,8,0.6193081397320565,0.027905099093914032,0.17487876117229462,0.17487876117229462,1.0,1.0,0,0
290,t2_b0,4,7,0.9668319434940752,0.12701815366744995,0.35264357924461365,0.35264357924461365,1.0,1.0,0,0
290,t2_b0,9,5,0.4555926292487996,0.11129211634397507,0.059271421283483505,0.059271421283483505,0.9500000000000001,1.0,0,0
290,t2_b0,0,6,0.24138741452814597,0.09797156602144241,0.010284051299095154,0.010284051299095154,0.9333333333333333,1.0,0,0
290,t2_b0,2,8,0.05483022308043208,0.08188606053590775,0.00036600916064344347,0.00036600916064344347,1.0,1.0,0,0
291,t2_b0,6,5,5.4493502517794976e-05,0.047776959836483,0.0011387169361114502,0.0011387169361114502,0.03333333333333333,1.0,0,0
291,t2_b0,3,0,0.5257767519357613,0.31478700041770935,0.022258335724473,0.022258335724473,0.9333333333333333,1.0,0,0
291,t2_b0,4,7,0.0,0.31003469228744507,0.04806075617671013,0.04806075617671013,1.0,1.0,0,0
291,t2_b0,2,8,0.0011295901448199876,0.09605427086353302,0.0045053474605083466,0.0045053474605083466,1.0,1.0,0,0
292,t2_b0,2,8,-0.01851751505560719,0.07436161488294601,0.00431326637044549,0.00431326637044549,1.0,1.0,0,0
292,t2_b0,1,3,-0.000578034532940602,0.13731111586093903,0.00950670801103115,0.00950670801103115,0.9500000000000001,1.0,0,0
292,t2_b0,4,7,0.0,0.22347348928451538,0.024970199912786484,0.024970199912786484,1.0,1.0,0,0
292,t2_b0,6,0,0.44414097867361946,0.22212311625480652,0.024645963683724403,0.024645963683724403,0.9333333333333333,1.0,0,0
293,t2_b0,4,7,-0.16736578610466774,0.10942528396844864,0.038306646049022675,0.038306646049022675,1.0,1.0,0,0
293,t2_b0,3,1,0.4841635745445081,0.41651684045791626,0.0022880409378558397,0.0022880409378558397,0.9333333333333333,1.0,0,0
293,t2_b0,2,9,-0.1546979735596911,0.05261945724487305,0.02149025723338127,0.02149025723338127,0.9500000000000001,1.0,0,0
294,t2_b0,2,9,0.0,0.022238686680793762,0.00024727958953008056,0.00024727958953008056,0.9500000000000001,1.0,0,0
294,t2_b0,3,1,0.27997575730764657,0.4426504969596863,0.013231532648205757,0.013231532648205757,0.9333333333333333,1.0,0,0
294,t2_b0,4,7,-0.23173938116819653,0.052313774824142456,0.04034309461712837,0.04034309461712837,1.0,1.0,0,0
295,t2_b0,6,4,-0.08338352446405453,-0.002680644392967224,0.003256477415561676,0.003256477415561676,0.9333333333333333,1.0,0,0
295,t2_b0,5,1,0.07632972182060173,0.25885269045829773,0.01665731705725193,0.01665731705725193,0.9333333333333333,1.0,0,0
295,t2_b0,2,9,0.07377739045364426,0.03621205687522888,0.0007055772002786398,0.0007055772002786398,0.9500000000000001,1.0,0,0
296,t2_b0,8,2,0.09450687921450894,0.013369061052799225,0.0032916730269789696,0.0032916730269789696,1.0,1.0,0,0
296,t2_b0,6,4,0.04391325261462109,0.004479691386222839,0.0007775028934702277,0.0007775028934702277,0.9500000000000001,1.0,0,0
296,t2_b0,5,1,0.16240130213866757,0.15279828011989594,4.610903124557808e-05,4.610903124557808e-05,0.9500000000000001,1.0,0,0
297,t2_b0,7,6,0.03946487671598496,-0.022730737924575806,0.0019341472070664167,0.0019341472070664167,1.0,1.0,0,0
297,t2_b0,2,8,0.5910963470496582,0.07375364005565643,0.13382172584533691,0.13382172584533691,1.0,1.0,0,0
297,t2_b0,3,1,0.5188940460833792,0.32876452803611755,0.018074611201882362,0.018074611201882362,0.9333333333333333,1.0,0,0
298,t2_b0,6,7,0.22477568996981254,0.01664699614048004,0.021658776327967644,0.021658776327967644,1.0,1.0,0,0
298,t2_b0,3,1,-0.07641071900707369,0.38477402925491333,0.10634568333625793,0.10634568333625793,0.9500000000000001,1.0,0,0
298,t2_b0,2,8,0.33502596898131204,0.12148891389369965,0.022799035534262657,0.022799035534262657,1.0,1.0,0,0
299,t2_b0,3,1,0.26220529910373824,0.1895706057548523,0.002637899713590741,0.002637899713590741,0.9500000000000001,1.0,0,0
299,t2_b0,2,8,0.0,0.12446325272321701,0.007745550479739904,0.007745550479739904,1.0,1.0,0,0
299,t2_b0,6,7,0.0,0.021560683846473694,0.00023243154282681644,0.00023243154282681644,1.0,1.0,0,0
300,t2_b0,6,7,0.5123666644021408,-0.01134810596704483,0.13713859021663666,0.13713859021663666,1.0,1.0,0,0
300,t2_b0,3,1,-0.18743339981298165,0.23164916038513184,0.08781510591506958,0.08781510591506958,0.9500000000000001,1.0,0,0
300,t2_b0,2,8,0.32747621822059964,0.07570742815732956,0.03169375658035278,0.03169375658035278,1.0,1.0,0,0
301,t2_b0,2,8,0.38168565041137664,0.07257700711488724,0.04777407646179199,0.04777407646179199,1.0,1.0,0,0
301,t2_b0,6,7,-0.341192831747325,0.06655541807413101,0.08312931656837463,0.08312931656837463,1.0,1.0,0,0
301,t2_b0,1,4,-0.0023073512780556844,0.0852494090795517,0.003833092749118805,0.003833092749118805,0.9500000000000001,1.0,0,0
302,t2_b0,1,4,0.0,0.0462040901184082,0.001067408942617476,0.001067408942617476,0.9333333333333333,1.0,0,0
302,t2_b0,7,6,0.05741447372264105,0.0008897930383682251,0.0015975196147337556,0.0015975196147337556,1.0,1.0,0,0
302,t2_b0,2,8,0.3309293739931676,0.10818032920360565,0.024808567017316818,0.024808567017316818,1.0,1.0,0,0
303,t2_b0,3,4,0.026134644371537306,0.022549383342266083,6.427045718737645e-06,6.427045718737645e-06,1.0,1.0,0,0
303,t2_b0,6,1,0.5171538179025388,0.16039952635765076,0.06363680213689804,0.06363680213689804,0.9500000000000001,1.0,0,0
303,t2_b0,2,8,0.02140466091461791,0.1492842435836792,0.008176594972610474,0.008176594972610474,1.0,1.0,0,0
304,t2_b0,2,8,0.36040303720254957,0.11475447565317154,0.030171608552336693,0.030171608552336693,1.0,1.0,0,0
304,t2_b0,9,7,0.9240838883264343,-0.12043005228042603,0.5445139408111572,0.5445139408111572,1.0,1.0,0,0
304,t2_b0,3,4,0.0,0.0339277908205986,0.0005755475140176713,0.0005755475140176713,1.0,1.0,0,0
304,t2_b0,6,1,0.1015140808894657,0.324374794960022,0.024833451956510544,0.024833451956510544,0.9500000000000001,1.0,0,0
305,t2_b0,9,7,-0.8220459783699071,0.20694568753242493,0.52899169921875,0.52899169921875,1.0,1.0,0,0
305,t2_b0,3,4,0.37372665145353573,0.0378865972161293,0.05639427900314331,0.05639427900314331,1.0,1.0,0,0
305,t2_b0,6,1,0.09281525265253533,0.256313294172287,0.01336580514907837,0.01336580514907837,0.9500000000000001,1.0,0,0
305,t2_b0,2,8,0.43473733113556334,0.0994994193315506,0.05619223043322563,0.05619223043322563,1.0,1.0,0,0
306,t2_b0,2,8,0.13140407086706277,0.11666509509086609,0.00010861871851375327,0.00010861871851375327,1.0,1.0,0,0
306,t2_b0,3,4,-0.010561729787036069,0.09541012346744537,0.00561501644551754,0.00561501644551754,1.0,1.0,0,0
306,t2_b0,9,7,0.4270483874571806,0.20097431540489197,0.02555474266409874,0.02555474266409874,1.0,1.0,0,0
306,t2_b0,6,1,0.27005077890810325,0.1561095118522644,0.006491304375231266,0.006491304375231266,0.9500000000000001,1.0,0,0
307,t2_b0,3,4,0.007769048117368994,0.04436500370502472,0.0006696319906041026,0.0006696319906041026,1.0,1.0,0,0
307,t2_b0,9,7,0.0,0.18709000945091248,0.017501335591077805,0.017501335591077805,1.0,1.0,0,0
307,t2_b0,2,8,0.09146529712700777,0.10212946683168411,5.68622890568804e-05,5.68622890568804e-05,1.0,1.0,0,0
307,t2_b0,1,6,0.0,0.08855325728654861,0.003920839633792639,0.003920839633792639,0.9333333333333333,1.0,0,0
308,t2_b0,2,8,0.12123450834891847,0.07927505671977997,0.0008802976808510721,0.0008802976808510721,1.0,1.0,0,0
308,t2_b0,1,6,0.07494637909423403,0.07382337003946304,6.305770057224436e-07,6.305770057224436e-07,0.9333333333333333,1.0,0,0
308,t2_b0,9,7,0.5801016742188532,0.1402466595172882,0.09673621505498886,0.09673621505498886,1.0,1.0,0,0
308,t2_b0,3,4,0.11652916626225235,0.010339595377445221,0.005638112314045429,0.005638112314045429,1.0,1.0,0,0
309,t2_b0,2,8,0.22647629170714845,0.06748736649751663,0.012638738378882408,0.012638738378882408,1.0,1.0,0,0
309,t2_b0,9,7,-0.7682317012343153,0.1401669979095459,0.4125940799713135,0.4125940799713135,1.0,1.0,0,0
309,t2_b0,3,4,0.11114184015673505,0.05977693200111389,0.0013191767502576113,0.0013191767502576113,1.0,1.0,0,0
309,t2_b0,1,6,0.16537800527217347,0.08192980289459229,0.0034818011336028576,0.0034818011336028576,0.9333333333333333,1.0,0,0
310,t2_b0,2,8,0.4780544342851056,0.09259331971406937,0.07429014146327972,0.07429014146327972,1.0,1.0,0,0
310,t2_b0,3,4,0.012970082230892022,0.0634276494383812,0.0012729830341413617,0.0012729830341413617,1.0,1.0,0,0
310,t2_b0,9,7,-0.7926465066132543,0.06420835107564926,0.3671001195907593,0.3671001195907593,1.0,1.0,0,0
310,t2_b0,1,6,0.013007041431409658,0.10713399201631546,0.00442994199693203,0.00442994199693203,0.9333333333333333,1.0,0,0
311,t2_b0,9,7,-0.21950390683234733,-0.015299297869205475,0.020849762484431267,0.020849762484431267,1.0,1.0,0,0
311,t2_b0,3,4,0.18071255881920126,0.03962009400129318,0.009953543543815613,0.009953543543815613,1.0,1.0,0,0
311,t2_b0,1,6,0.11830064479815326,0.09629163146018982,0.00024219836632255465,0.00024219836632255465,0.9333333333333333,1.0,0,0
311,t2_b0,2,8,0.28562981261417336,0.13703572750091553,0.011040100827813148,0.011040100827813148,1.0,1.0,0,0
312,t2_b0,9,7,-0.08228383831104485,-0.030325569212436676,0.0013498308835551143,0.0013498308835551143,1.0,1.0,0,0
312,t2_b0,6,1,0.0,0.21869726479053497,0.023914245888590813,0.023914245888590813,0.9500000000000001,1.0,0,0
312,t2_b0,2,8,-0.015745706105237855,0.14281222224235535,0.012570307590067387,0.012570307590067387,1.0,1.0,0,0
312,t2_b0,3,4,0.19279053065655571,0.06336373835802078,0.008375649340450764,0.008375649340450764,1.0,1.0,0,0
313,t2_b0,2,8,0.20801002412906835,0.09971363842487335,0.0058640530332922935,0.0058640530332922935,1.0,1.0,0,0
313,t2_b0,0,3,-0.008606363928977557,0.09690414369106293,0.005566233769059181,0.005566233769059181,1.0,1.0,0,0
313,t2_b0,9,7,-0.22734254561332765,-0.0024003982543945312,0.02529948577284813,0.02529948577284813,1.0,1.0,0,0
313,t2_b0,6,1,0.30906154505215017,0.16864274442195892,0.009858721867203712,0.009858721867203712,0.9500000000000001,1.0,0,0
314,t2_b0,2,8,0.431026249750868,0.06996063143014908,0.06518419086933136,0.06518419086933136,1.0,1.0,0,0
314,t2_b0,9,7,0.016253039221079034,0.022956326603889465,2.2467031158157624e-05,2.2467031158157624e-05,1.0,1.0,0,0
314,t2_b0,6,1,0.5231276631514764,0.20825420320034027,0.049572646617889404,0.049572646617889404,0.9500000000000001,1.0,0,0
314,t2_b0,0,3,-0.008349782055415773,0.07441968470811844,0.0034253925550729036,0.0034253925550729036,1.0,1.0,0,0
315,t2_b0,9,7,-0.736805290357971,0.053225286304950714,0.3120741844177246,0.3120741844177246,1.0,1.0,0,0
315,t2_b0,2,8,0.048261451488070824,0.09380555152893066,0.0010371324606239796,0.0010371324606239796,1.0,1.0,0,0
315,t2_b0,0,3,0.02557992331714794,0.0669853463768959,0.0008572046062909067,0.0008572046062909067,1.0,1.0,0,0
315,t2_b0,6,1,-0.030630931280384716,0.29857999086380005,0.05418992042541504,0.05418992042541504,0.9500000000000001,1.0,0,0
316,t2_b0,3,0,0.4444417184668312,0.21143415570259094,0.02714625932276249,0.02714625932276249,0.9500000000000001,1.0,0,0
316,t2_b0,2,8,0.4303634354268769,0.09577993303537369,0.05597306787967682,0.05597306787967682,1.0,1.0,0,0
316,t2_b0,6,1,0.08417997202489941,0.2023964822292328,0.0069875712506473064,0.0069875712506473064,0.9333333333333333,1.0,0,0
316,t2_b0,9,7,-0.09126202069388026,-0.0025325194001197815,0.003936462104320526,0.003936462104320526,0.9500000000000001,1.0,0,0
317,t2_b0,1,6,0.0,0.07492108643054962,0.002806584583595395,0.002806584583595395,0.9333333333333333,1.0,0,0
317,t2_b0,9,7,0.32920536139557055,-0.03270656615495682,0.06549011915922165,0.06549011915922165,0.9500000000000001,1.0,0,0
317,t2_b0,2,8,0.05661982964571175,0.12355397641658783,0.0022400899324566126,0.0022400899324566126,1.0,1.0,0,0
317,t2_b0,3,0,-0.18115666083670012,0.30779850482940674,0.1195385754108429,0.1195385754108429,0.9500000000000001,1.0,0,0
318,t2_b0,3,0,0.2351093469148003,0.15773126482963562,0.0029936835635453463,0.0029936835635453463,0.9500000000000001,1.0,0,0
318,t2_b0,1,6,0.10903871783697856,0.07502389699220657,0.0005785039975307882,0.0005785039975307882,0.9500000000000001,1.0,0,0
318,t2_b0,2,8,0.006023825740046579,0.1170051246881485,0.006158424541354179,0.006158424541354179,1.0,1.0,0,0
318,t2_b0,9,7,-0.1382289254714134,0.009367942810058594,0.010892417281866074,0.010892417281866074,0.9500000000000001,1.0,0,0
319,t2_b0,2,8,0.2444555631147842,0.0864286795258522,0.012486246414482594,0.012486246414482594,1.0,1.0,0,0
319,t2_b0,3,0,0.20830864659591503,0.1446259319782257,0.0020277444273233414,0.0020277444273233414,0.9500000000000001,1.0,0,0
319,t2_b0,6,1,0.12681545599236013,0.2143518328666687,0.003831308800727129,0.003831308800727129,0.9333333333333333,1.0,0,0
320,t2_b0,6,1,0.24476641325216886,0.1994267702102661,0.0010278417030349374,0.0010278417030349374,0.9333333333333333,1.0,0,0
320,t2_b0,4,0,-0.2453493357681801,0.2975824177265167,0.14738743007183075,0.14738743007183075,0.9500000000000001,1.0,0,0
320,t2_b0,2,8,0.4386562511002408,0.08392810821533203,0.06291602551937103,0.06291602551937103,1.0,1.0,0,0
321,t2_b0,1,9,0.16001480307828228,0.10104527324438095,0.0017387029947713017,0.0017387029947713017,0.9500000000000001,1.0,0,0
321,t2_b0,2,8,0.41233161585256073,0.11637970060110092,0.04379376396536827,0.04379376396536827,1.0,1.0,0,0
321,t2_b0,0,4,0.06502178253092844,0.09343158453702927,0.00040355839882977307,0.00040355839882977307,0.9500000000000001,1.0,0,0
322,t2_b0,3,4,0.07199356636927799,0.041054412722587585,0.0004786156350746751,0.0004786156350746751,1.0,1.0,0,0
322,t2_b0,1,9,-0.010896185272917858,0.1061558648943901,0.006850590929389,0.006850590929389,0.9500000000000001,1.0,0,0
323,t2_b0,1,9,0.0,0.08699174225330353,0.003783781547099352,0.003783781547099352,0.9333333333333333,1.0,0,0
323,t2_b0,3,4,0.04110958523084628,0.03842885047197342,3.5931668662669836e-06,3.5931668662669836e-06,1.0,1.0,0,0
324,t2_b0,1,9,0.22964936512360773,0.08166537433862686,0.010949632152915001,0.010949632152915001,0.9500000000000001,1.0,0,0
324,t2_b0,5,7,0.7604140748683179,0.045503802597522736,0.255548357963562,0.255548357963562,1.0,1.0,0,0
324,t2_b0,3,4,-0.025412753320170983,0.04005473852157593,0.002142996294423938,0.002142996294423938,1.0,1.0,0,0
325,t2_b0,0,1,0.18587039575837438,0.0990382730960846,0.0037699085660278797,0.0037699085660278797,0.9500000000000001,1.0,0,0
325,t2_b0,5,7,-0.053793757592497334,0.15607471764087677,0.022022388875484467,0.022022388875484467,1.0,1.0,0,0
325,t2_b0,3,4,0.5380851586404146,0.018844380974769592,0.13480550050735474,0.13480550050735474,1.0,1.0,0,0
326,t2_b0,9,0,0.20907321321028077,0.2535735070705414,0.0009901379235088825,0.0009901379235088825,0.9500000000000001,1.0,0,0
326,t2_b0,5,7,0.12305433609344613,0.09096961468458176,0.0005147145711816847,0.0005147145711816847,1.0,1.0,0,0
327,t2_b0,0,9,0.4989490524920322,0.10723560303449631,0.07671970874071121,0.07671970874071121,1.0,1.0,0,0
327,t2_b0,5,7,0.09320816818931632,0.05340655893087387,0.0007920842035673559,0.0007920842035673559,1.0,1.0,0,0
328,t2_b0,7,1,-0.05399024454738054,0.22608372569084167,0.03922071307897568,0.03922071307897568,0.9500000000000001,1.0,0,0
328,t2_b0,2,9,0.9864631244640416,0.10158292949199677,0.39150646328926086,0.39150646328926086,1.0,1.0,0,0
329,t2_b0,7,1,0.254219498953119,0.15333890914916992,0.005088447127491236,0.005088447127491236,0.9500000000000001,1.0,0,0
329,t2_b0,6,8,-1.0,0.30369293689727783,0.8036929368972778,0.8036929368972778,1.0,1.0,0,0
329,t2_b0,2,9,0.8605063393299089,0.2314167022705078,0.19787690043449402,0.19787690043449402,1.0,1.0,0,0
330,t2_b0,6,8,-1.0,0.1307857781648636,0.6307858228683472,0.6307858228683472,1.0,1.0,0,0
330,t2_b0,2,9,-0.027013235123800862,0.2507072687149048,0.03856433928012848,0.03856433928012848,1.0,1.0,0,0
330,t2_b0,7,1,0.22998758131140415,0.21656078100204468,9.013942326419055e-05,9.013942326419055e-05,0.9500000000000001,1.0,0,0
331,t2_b0,0,9,0.2420172612979046,0.09772145748138428,0.010410638526082039,0.010410638526082039,1.0,1.0,0,0
331,t2_b0,7,1,0.05206615899553778,0.2657334804534912,0.02282686159014702,0.02282686159014702,0.9500000000000001,1.0,0,0
332,t2_b0,7,1,0.48163400479376284,0.17038686573505402,0.04843738302588463,0.04843738302588463,0.9500000000000001,1.0,0,0
332,t2_b0,0,9,0.06862139290249117,0.11332376301288605,0.0009991511469706893,0.0009991511469706893,1.0,1.0,0,0
333,t2_b0,0,9,0.06606277751958364,0.12025231868028641,0.0014682530891150236,0.0014682530891150236,1.0,1.0,0,0
333,t2_b0,2,8,0.0,0.021771140396595,0.0002369912836002186,0.0002369912836002186,1.0,1.0,0,0
333,t2_b0,7,1,0.2660290687151254,0.2301284372806549,0.0006444273749366403,0.0006444273749366403,0.9500000000000001,1.0,0,0
334,t2_b0,0,9,0.010926579116799331,0.1142008975148201,0.005332792177796364,0.005332792177796364,1.0,1.0,0,0
334,t2_b0,2,8,0.0,0.04858839511871338,0.0011804160894826055,0.0011804160894826055,1.0,1.0,0,0
334,t2_b0,7,1,0.3395607677917284,0.24206599593162537,0.004752615932375193,0.004752615932375193,0.9500000000000001,1.0,0,0
335,t2_b0,0,9,0.00806504680949023,0.09325999766588211,0.003629090031608939,0.003629090031608939,1.0,1.0,0,0
335,t2_b0,2,8,0.0,0.07508885860443115,0.0028191683813929558,0.0028191683813929558,1.0,1.0,0,0
335,t2_b0,7,1,0.10772888059260664,0.25644969940185547,0.011058940552175045,0.011058940552175045,0.9500000000000001,1.0,0,0
336,t2_b0,2,8,0.0007160797851887974,0.0774683877825737,0.002945458050817251,0.002945458050817251,1.0,1.0,0,0
336,t2_b0,3,6,0.09155804750778382,0.06322391331195831,0.0004014115547761321,0.0004014115547761321,1.0,1.0,0,0
336,t2_b0,0,9,0.0,0.07589636743068695,0.00288012926466763,0.00288012926466763,1.0,1.0,0,0
336,t2_b0,7,1,0.24923774234805565,0.2197541892528534,0.0004346400673966855,0.0004346400673966855,0.9500000000000001,1.0,0,0
337,t2_b0,3,6,0.0,0.07229173183441162,0.0026130471378564835,0.0026130471378564835,1.0,1.0,0,0
337,t2_b0,7,1,0.3689367884720267,0.2265535593032837,0.010136490687727928,0.010136490687727928,0.9500000000000001,1.0,0,0
337,t2_b0,0,9,-0.0074750809504610044,0.06906415522098541,0.002929127076640725,0.002929127076640725,1.0,1.0,0,0
337,t2_b0,2,8,0.0,0.06581283360719681,0.002165664453059435,0.002165664453059435,1.0,1.0,0,0
338,t2_b0,3,6,0.19961153698640788,0.07463734596967697,0.007809273432940245,0.007809273432940245,1.0,1.0,0,0
338,t2_b0,1,7,0.0049352627619173315,0.10258055478334427,0.004767301492393017,0.004767301492393017,0.9500000000000001,1.0,0,0
338,t2_b0,2,8,0.0,0.05512838065624237,0.0015195691958069801,0.0015195691958069801,1.0,1.0,0,0
338,t2_b0,0,9,0.12342603125114279,0.06571579724550247,0.001665235380642116,0.001665235380642116,1.0,1.0,0,0
339,t2_b0,3,6,0.03482089716064719,0.09598841518163681,0.0018707327544689178,0.0018707327544689178,1.0,1.0,0,0
339,t2_b0,0,9,0.0,0.0709986463189125,0.0025204038247466087,0.0025204038247466087,1.0,1.0,0,0
339,t2_b0,1,7,0.2413722163124028,0.08426915854215622,0.012340686284005642,0.012340686284005642,0.9500000000000001,1.0,0,0
339,t2_b0,2,8,0.0,0.03956957906484604,0.0007828758098185062,0.0007828758098185062,1.0,1.0,0,0
340,t2_b0,2,8,-0.042910387164250205,0.022817343473434448,0.002160066971555352,0.002160066971555352,1.0,1.0,0,0
340,t2_b0,3,6,0.0,0.07502198219299316,0.0028141490183770657,0.0028141490183770657,1.0,1.0,0,0
340,t2_b0,0,9,0.4508836910685329,0.06981361657381058,0.07260720431804657,0.07260720431804657,1.0,1.0,0,0
340,t2_b0,1,7,0.10830732945291782,0.09986163675785065,3.566488157957792e-05,3.566488157957792e-05,0.9500000000000001,1.0,0,0
341,t2_b0,3,6,0.14018888545951497,0.061093755066394806,0.003128020092844963,0.003128020092844963,1.0,1.0,0,0
341,t2_b0,2,8,-0.06912553754662087,0.009422868490219116,0.0030849261675029993,0.0030849261675029993,1.0,1.0,0,0
341,t2_b0,7,1,0.45343840097713295,0.2655887007713318,0.017643755301833153,0.017643755301833153,0.9500000000000001,1.0,0,0
341,t2_b0,0,9,-0.00713905640297967,0.11965268850326538,0.008038073778152466,0.008038073778152466,1.0,1.0,0,0
342,t2_b0,3,6,0.0,0.08768737316131592,0.0038445377722382545,0.0038445377722382545,1.0,1.0,0,0
342,t2_b0,1,7,0.6176816538161247,0.09852824360132217,0.13476014137268066,0.13476014137268066,0.9500000000000001,1.0,0,0
342,t2_b0,2,8,-0.004028864166539301,0.005684852600097656,4.7178145905490965e-05,4.7178145905490965e-05,1.0,1.0,0,0
342,t2_b0,0,9,0.050784789591370824,0.12353929877281189,0.002646609442308545,0.002646609442308545,1.0,1.0,0,0
343,t2_b0,0,9,0.20364473401764227,0.11262595653533936,0.00414220942184329,0.00414220942184329,1.0,1.0,0,0
343,t2_b0,2,8,-0.03395886726696548,0.013698354363441467,0.0011356053873896599,0.0011356053873896599,1.0,1.0,0,0
343,t2_b0,7,1,0.35547348351587643,0.32272496819496155,0.0005362327792681754,0.0005362327792681754,0.9500000000000001,1.0,0,0
343,t2_b0,3,6,0.2022635901950082,0.07942669093608856,0.007544452324509621,0.007544452324509621,1.0,1.0,0,0
344,t2_b0,3,6,0.0,0.08994664251804352,0.004045199137181044,0.004045199137181044,1.0,1.0,0,0
344,t2_b0,2,8,0.0,0.009678669273853302,4.683831866714172e-05,4.683831866714172e-05,1.0,1.0,0,0
344,t2_b0,0,9,0.2602012910447189,0.11004607379436493,0.011273296549916267,0.011273296549916267,1.0,1.0,0,0
344,t2_b0,7,1,-0.0003103841434195886,0.2845074534416199,0.04056060314178467,0.04056060314178467,0.9500000000000001,1.0,0,0
345,t2_b0,2,8,-0.005830457811956479,0.002894483506679535,3.806229869951494e-05,3.806229869951494e-05,1.0,1.0,0,0
345,t2_b0,7,1,0.20664670407541205,0.19353079795837402,8.601358422311023e-05,8.601358422311023e-05,0.9500000000000001,1.0,0,0
345,t2_b0,3,6,0.28732567250323876,0.06018050014972687,0.025797465816140175,0.025797465816140175,1.0,1.0,0,0
345,t2_b0,0,9,-0.010780074631285731,0.12875321507453918,0.00973477028310299,0.00973477028310299,1.0,1.0,0,0
346,t2_b0,3,6,0.33858895017191987,0.0896959975361824,0.030973853543400764,0.030973853543400764,1.0,1.0,0,0
346,t2_b0,2,8,0.01282804780794702,0.009267427027225494,6.339008450595429e-06,6.339008450595429e-06,1.0,1.0,0,0
346,t2_b0,7,1,0.0,0.21490029990673065,0.023091070353984833,0.023091070353984833,0.9500000000000001,1.0,0,0
346,t2_b0,0,9,0.4869286900492563,0.10979235172271729,0.07111591100692749,0.07111591100692749,1.0,1.0,0,0
347,t2_b0,2,8,-0.009601461850008397,0.01716454327106476,0.00035820953780785203,0.00035820953780785203,1.0,1.0,0,0
347,t2_b0,7,1,0.6551587470876464,0.20078885555267334,0.10322600603103638,0.10322600603103638,0.9500000000000001,1.0,0,0
347,t2_b0,0,9,-0.019073645588342385,0.13620558381080627,0.012055819854140282,0.012055819854140282,1.0,1.0,0,0
347,t2_b0,3,6,0.0,0.14024564623832703,0.00983442086726427,0.00983442086726427,1.0,1.0,0,0
348,t2_b0,0,9,0.0,0.10674841701984406,0.005697612185031176,0.005697612185031176,1.0,1.0,0,0
348,t2_b0,3,6,0.38690403538798107,0.07259633392095566,0.04939466342329979,0.04939466342329979,1.0,1.0,0,0
348,t2_b0,7,1,0.28873706931151255,0.3404388725757599,0.0013365388149395585,0.0013365388149395585,0.9500000000000001,1.0,0,0
348,t2_b0,2,8,-0.028493120498022897,0.000984974205493927,0.00043447906500659883,0.00043447906500659883,1.0,1.0,0,0
349,t2_b0,2,8,0.0,-0.012567929923534393,7.897643081378192e-05,7.897643081378192e-05,1.0,1.0,0,0
349,t2_b0,3,6,0.1778922940969049,0.08494048565626144,0.004320019856095314,0.004320019856095314,1.0,1.0,0,0
349,t2_b0,0,9,0.2224400397023608,0.07900278270244598,0.010287122800946236,0.010287122800946236,1.0,1.0,0,0
349,t2_b0,7,1,0.19207936952097873,0.2996649146080017,0.005787325091660023,0.005787325091660023,0.9500000000000001,1.0,0,0
350,t2_b0,7,1,0.14191584344499764,0.19607490301132202,0.0014666018541902304,0.0014666018541902304,0.9500000000000001,1.0,0,0
350,t2_b0,0,9,0.0,0.09540219604969025,0.00455078948289156,0.00455078948289156,1.0,1.0,0,0
350,t2_b0,2,8,-0.03469664093331949,-0.004022926092147827,0.000470438419142738,0.000470438419142738,1.0,1.0,0,0
350,t2_b0,3,6,0.342791150116283,0.09624595195055008,0.030392266809940338,0.030392266809940338,1.0,1.0,0,0
351,t2_b0,0,9,0.49845252660271894,0.10302089154720306,0.07818309217691422,0.07818309217691422,1.0,1.0,0,0
351,t2_b0,7,1,0.0,0.17504656314849854,0.01532064937055111,0.01532064937055111,0.9500000000000001,1.0,0,0
351,t2_b0,3,6,0.1499795951609538,0.12817606329917908,0.00023769692052155733,0.00023769692052155733,1.0,1.0,0,0
351,t2_b0,2,8,0.03132634913509517,0.003438122570514679,0.00038887662230990827,0.00038887662230990827,1.0,1.0,0,0
352,t2_b0,0,9,0.11690472387822794,0.1515197455883026,0.0005990999634377658,0.0005990999634377658,1.0,1.0,0,0
352,t2_b0,2,8,0.11223860252787261,0.005762472748756409,0.005668582860380411,0.005668582860380411,1.0,1.0,0,0
352,t2_b0,3,6,0.27648155264387647,0.11830911785364151,0.012509258463978767,0.012509258463978767,1.0,1.0,0,0
352,t2_b0,7,1,0.5794655747696492,0.17734821140766144,0.08084919303655624,0.08084919303655624,0.9500000000000001,1.0,0,0
353,t2_b0,2,8,0.0,0.01683330535888672,0.000141680080560036,0.000141680080560036,1.0,1.0,0,0
353,t2_b0,0,9,-0.01151522665598128,0.14539894461631775,0.012311029247939587,0.012311029247939587,1.0,1.0,0,0
353,t2_b0,3,6,0.0546602016545457,0.1302829086780548,0.0028593968600034714,0.0028593968600034714,1.0,1.0,0,0
353,t2_b0,7,1,0.11487985121347047,0.28804025053977966,0.014992263168096542,0.014992263168096542,0.9500000000000001,1.0,0,0
354,t2_b0,3,6,0.22481317352881972,0.10838743299245834,0.0067774769850075245,0.0067774769850075245,1.0,1.0,0,0
354,t2_b0,2,8,0.026433085002288137,-0.0015896782279014587,0.00039263759390451014,0.00039263759390451014,1.0,1.0,0,0
354,t2_b0,7,1,0.12170511310753644,0.2650257349014282,0.01027039997279644,0.01027039997279644,0.9500000000000001,1.0,0,0
354,t2_b0,0,9,0.3576721688528434,0.10288845002651215,0.03245736286044121,0.03245736286044121,1.0,1.0,0,0
355,t2_b0,0,9,0.0,0.11302070319652557,0.006386839784681797,0.006386839784681797,1.0,1.0,0,0
355,t2_b0,2,8,0.0,0.023976445198059082,0.00028743495931848884,0.00028743495931848884,1.0,1.0,0,0
355,t2_b0,1,7,0.0909231281907556,0.08950228989124298,1.0093940545630176e-06,1.0093940545630176e-06,0.9500000000000001,1.0,0,0
355,t2_b0,3,6,0.0,0.11129511892795563,0.0061933016404509544,0.0061933016404509544,1.0,1.0,0,0
356,t2_b0,3,6,0.3380574371445246,0.06555134803056717,0.03712978586554527,0.03712978586554527,1.0,1.0,0,0
356,t2_b0,0,9,0.46621409631130234,0.11705770343542099,0.06095508858561516,0.06095508858561516,1.0,1.0,0,0
356,t2_b0,2,8,0.06849977163103473,0.018705755472183228,0.00123972212895751,0.00123972212895751,1.0,1.0,0,0
356,t2_b0,7,1,0.4487042997771953,0.17066507041454315,0.03865290433168411,0.03865290433168411,0.9500000000000001,1.0,0,0
357,t2_b0,3,6,0.10317896381746575,0.09904356300830841,8.550767233828083e-06,8.550767233828083e-06,1.0,1.0,0,0
357,t2_b0,2,8,0.0,-0.0016251206398010254,1.3205085451772902e-06,1.3205085451772902e-06,1.0,1.0,0,0
357,t2_b0,7,1,-0.018586963356327934,0.2463415563106537,0.03509356081485748,0.03509356081485748,0.9500000000000001,1.0,0,0
357,t2_b0,0,9,0.4387664601377833,0.1627075970172882,0.03810424357652664,0.03810424357652664,1.0,1.0,0,0
358,t2_b0,0,9,-0.01918450616817504,0.20093174278736115,0.02422557957470417,0.02422557957470417,1.0,1.0,0,0
358,t2_b0,3,6,0.1624114178246017,0.10247860103845596,0.0017959715332835913,0.0017959715332835913,1.0,1.0,0,0
358,t2_b0,2,8,0.045224754412813754,0.007314726710319519,0.0007185851573012769,0.0007185851573012769,1.0,1.0,0,0
358,t2_b0,1,7,0.37630189112826484,0.10032747685909271,0.038080934435129166,0.038080934435129166,0.9500000000000001,1.0,0,0
359,t2_b0,0,9,-0.014144388912562969,0.1608458161354065,0.015310786664485931,0.015310786664485931,1.0,1.0,0,0
359,t2_b0,7,1,0.5855859000069128,0.2376289963722229,0.06053699925541878,0.06053699925541878,0.9500000000000001,1.0,0,0
359,t2_b0,2,8,0.0,0.02330595999956131,0.00027158387820236385,0.00027158387820236385,1.0,1.0,0,0
359,t2_b0,3,6,0.2059505200713357,0.11256689578294754,0.004360250197350979,0.004360250197350979,1.0,1.0,0,0
360,t2_b0,3,6,0.05272401676611659,0.1205856204032898,0.0023025984410196543,0.0023025984410196543,1.0,1.0,0,0
360,t2_b0,2,8,0.03161941645431834,0.006806433200836182,0.00030784201226197183,0.00030784201226197183,1.0,1.0,0,0
360,t2_b0,0,9,0.18970700877433153,0.1126774251461029,0.0029667785856872797,0.0029667785856872797,1.0,1.0,0,0
360,t2_b0,7,1,0.0,0.30243799090385437,0.04573436826467514,0.04573436826467514,0.9500000000000001,1.0,0,0
361,t2_b0,3,6,0.17156821713815013,0.09507779031991959,0.002925392473116517,0.002925392473116517,1.0,1.0,0,0
361,t2_b0,7,1,0.5691525482733395,0.22012314200401306,0.06091075763106346,0.06091075763106346,0.9500000000000001,1.0,0,0
361,t2_b0,2,8,0.0,-0.010975487530231476,6.023066453053616e-05,6.023066453053616e-05,1.0,1.0,0,0
361,t2_b0,0,9,-0.004360040171316549,0.09885364770889282,0.005326532758772373,0.005326532758772373,1.0,1.0,0,0
362,t2_b0,2,8,0.14402163023577602,-0.002376154065132141,0.010716155171394348,0.010716155171394348,1.0,1.0,0,0
362,t2_b0,7,1,0.08642245984584714,0.25276613235473633,0.01383510883897543,0.01383510883897543,0.9500000000000001,1.0,0,0
362,t2_b0,0,9,0.34161104590782654,0.08792427182197571,0.03217849135398865,0.03217849135398865,1.0,1.0,0,0
362,t2_b0,3,6,0.009190952801221276,0.10894076526165009,0.004975012503564358,0.004975012503564358,1.0,1.0,0,0
363,t2_b0,7,5,0.16899733623628804,0.012259319424629211,0.012283402495086193,0.012283402495086193,0.05,1.0,0,0
363,t2_b0,0,9,0.12019868442080835,0.11724243313074112,4.369703674456105e-06,4.369703674456105e-06,1.0,1.0,0,0
363,t2_b0,2,8,0.5651475733736883,0.0598832368850708,0.12764602899551392,0.12764602899551392,1.0,1.0,0,0
363,t2_b0,3,6,0.0,0.09254622459411621,0.004282401874661446,0.004282401874661446,1.0,1.0,0,0
364,t2_b0,0,9,-0.013289331115090957,0.1319781392812729,0.01055131945759058,0.01055131945759058,1.0,1.0,0,0
364,t2_b0,1,7,0.0,0.11230364441871643,0.006306054070591927,0.006306054070591927,1.0,1.0,0,0
364,t2_b0,3,6,0.0,0.06547143310308456,0.0021432542707771063,0.0021432542707771063,1.0,1.0,0,0
364,t2_b0,2,8,0.38151028857960145,0.13004474341869354,0.03161746263504028,0.03161746263504028,1.0,1.0,0,0
365,t2_b0,1,7,0.0,0.10268081724643707,0.005271675065159798,0.005271675065159798,1.0,1.0,0,0
365,t2_b0,0,9,-0.022586609699768376,0.11482315510511398,0.00944072101265192,0.00944072101265192,1.0,1.0,0,0
365,t2_b0,2,8,0.41458188238791827,0.07707958668470383,0.056953903287649155,0.056953903287649155,1.0,1.0,0,0
366,t2_b0,1,7,0.22145518750231338,0.07385458052158356,0.01089296955615282,0.01089296955615282,1.0,1.0,0,0
366,t2_b0,0,9,0.5142377516235693,0.08721552044153214,0.09117399901151657,0.09117399901151657,1.0,1.0,0,0
367,t2_b0,4,6,0.0,0.11515886336565018,0.006630782037973404,0.006630782037973404,1.0,1.0,0,0
367,t2_b0,1,7,0.0,0.09098556637763977,0.004139186814427376,0.004139186814427376,1.0,1.0,0,0
367,t2_b0,0,9,-0.009690286288604117,0.11841583997011185,0.008205590769648552,0.008205590769648552,1.0,1.0,0,0
368,t2_b0,0,9,0.23848964499414074,0.12078315019607544,0.0069274092093110085,0.0069274092093110085,1.0,1.0,0,0
368,t2_b0,4,6,0.0,0.14542557299137115,0.010574298910796642,0.010574298910796642,1.0,1.0,0,0
368,t2_b0,5,7,-0.11932974258874227,-0.008298404514789581,0.006163978949189186,0.006163978949189186,1.0,1.0,0,0
369,t2_b0,5,7,0.3204715343416119,-0.028076492249965668,0.06074286252260208,0.06074286252260208,1.0,1.0,0,0
369,t2_b0,0,9,0.03423794297401545,0.12621238827705383,0.004229649435728788,0.004229649435728788,1.0,1.0,0,0
369,t2_b0,4,6,-0.9099058600356883,0.0820460245013237,0.4919842779636383,0.4919842779636383,1.0,1.0,0,0
370,t2_b0,0,9,0.14001941993546335,0.1109996885061264,0.00042107232729904354,0.00042107232729904354,1.0,1.0,0,0
370,t2_b0,4,6,-0.33446813320710644,4.460662603378296e-05,0.055949386209249496,0.055949386209249496,1.0,1.0,0,0
370,t2_b0,7,1,0.2764840009634343,0.22431714832782745,0.0013606909196823835,0.0013606909196823835,0.9500000000000001,1.0,0,0
371,t2_b0,0,9,0.11925821070017818,0.1068057119846344,7.75323569541797e-05,7.75323569541797e-05,1.0,1.0,0,0
371,t2_b0,1,5,0.3262679379312478,0.101351298391819,0.02529374696314335,0.02529374696314335,1.0,1.0,0,0
372,t2_b0,0,9,0.08401086219339077,0.1121545284986496,0.000396032992284745,0.000396032992284745,1.0,1.0,0,0
372,t2_b0,1,5,0.16656042394279524,0.13967862725257874,0.00036131555680185556,0.00036131555680185556,1.0,1.0,0,0
373,t2_b0,5,8,0.19321253516956263,0.05544750392436981,0.009489602409303188,0.009489602409303188,1.0,1.0,0,0
373,t2_b0,0,9,0.2549195501142793,0.1144229918718338,0.009869642555713654,0.009869642555713654,1.0,1.0,0,0
374,t2_b0,0,9,0.004145938546174655,0.13177447021007538,0.008144521154463291,0.008144521154463291,1.0,1.0,0,0
374,t2_b0,5,8,0.0,0.10297495871782303,0.005301921162754297,0.005301921162754297,1.0,1.0,0,0
375,t2_b0,5,8,0.2449156144806651,0.00980832427740097,0.027637721970677376,0.027637721970677376,1.0,1.0,0,0
375,t2_b0,2,7,0.0,-0.01959611475467682,0.00019200386304873973,0.00019200386304873973,1.0,1.0,0,0
376,t2_b0,8,9,0.9880520704086178,0.015024915337562561,0.47339093685150146,0.47339093685150146,1.0,1.0,0,0
376,t2_b0,2,7,0.0026730632039670796,-0.022205941379070282,0.0003094824496656656,0.0003094824496656656,1.0,1.0,0,0
377,t2_b0,2,7,0.0,-0.011197932064533234,6.269683944992721e-05,6.269683944992721e-05,1.0,1.0,0,0
378,t2_b0,2,7,0.0,-0.013279534876346588,8.817302295938134e-05,8.817302295938134e-05,1.0,1.0,0,0
379,t2_b0,2,7,0.0002910678326457034,-0.033591169863939285,0.0005740030319429934,0.0005740030319429934,1.0,1.0,0,0
380,t2_b0,9,7,0.8999423224924481,0.12557262182235718,0.29982423782348633,0.29982423782348633,1.0,1.0,0,0
381,t2_b0,2,7,-0.004794753024486745,-0.02336987853050232,0.00017251762619707733,0.00017251762619707733,0.941015625,1.0,0,0
382,t2_b0,9,7,0.0,0.20847336947917938,0.02173057198524475,0.02173057198524475,1.0,1.0,0,0
383,t2_b0,7,9,0.042932408034494114,0.056866683065891266,9.708198922453448e-05,9.708198922453448e-05,0.05859375,1.0,0,0
384,t2_b0,9,7,-0.010667217672546404,0.027027204632759094,0.0007104348042048514,0.0007104348042048514,1.0,1.0,0,0
385,t2_b0,9,7,0.04880921732651536,0.03924453258514404,4.574161357595585e-05,4.574161357595585e-05,1.0,1.0,0,0
386,t2_b0,9,7,0.0,0.08912406116724014,0.003971549216657877,0.003971549216657877,1.0,1.0,0,0
387,t2_b0,1,3,0.0,0.152840256690979,0.01168007217347622,0.01168007217347622,1.0,1.0,0,0
387,t2_b0,9,7,0.021221792619840817,0.12163246423006058,0.005041151307523251,0.005041151307523251,1.0,1.0,0,0
388,t2_b0,1,3,-0.00844059620315919,0.11964467167854309,0.008202917873859406,0.008202917873859406,1.0,1.0,0,0
388,t2_b0,5,6,0.0,-0.12256905436515808,0.007511586416512728,0.007511586416512728,1.0,1.0,0,0
388,t2_b0,9,7,0.0,0.1189601942896843,0.007075763773173094,0.007075763773173094,1.0,1.0,0,0
389,t2_b0,6,8,0.4019483612732612,0.2547973692417145,0.010826707817614079,0.010826707817614079,0.9125,1.0,0,0
389,t2_b0,9,7,0.061774945061492684,0.08431539684534073,0.0002540359564591199,0.0002540359564591199,1.0,1.0,0,0
389,t2_b0,1,3,0.0,0.08087354898452759,0.0032702654134482145,0.0032702654134482145,1.0,1.0,0,0
390,t2_b0,5,8,0.4777214457553846,0.10205106437206268,0.07056411355733871,0.07056411355733871,0.900390625,1.0,0,0
390,t2_b0,9,7,0.039367377497126675,0.061643749475479126,0.0002481183619238436,0.0002481183619238436,1.0,1.0,0,0
390,t2_b0,1,3,0.0,0.07926061749458313,0.0031411226373165846,0.0031411226373165846,1.0,1.0,0,0
391,t2_b0,9,7,0.05395656932649127,0.06283885985612869,3.9447553717764094e-05,3.9447553717764094e-05,1.0,1.0,0,0
391,t2_b0,8,5,-0.948156007523861,0.07240752875804901,0.5205634832382202,0.5205634832382202,0.9386718749999999,1.0,0,0
391,t2_b0,1,3,0.0,0.09618176519870758,0.00462546618655324,0.00462546618655324,1.0,1.0,0,0
392,t2_b0,1,3,0.0,0.07521920651197433,0.0028289644978940487,0.0028289644978940487,1.0,1.0,0,0
392,t2_b0,9,7,0.028715544406032776,0.0906255915760994,0.0019164270488545299,0.0019164270488545299,1.0,1.0,0,0
392,t2_b0,6,8,-0.029932476160066886,0.13674485683441162,0.013890665955841541,0.013890665955841541,0.925390625,1.0,0,0
393,t2_b0,9,7,0.014458096097811592,0.08825583755970001,0.002723053330555558,0.002723053330555558,1.0,1.0,0,0
393,t2_b0,6,8,-0.6288899840981197,0.11193259060382843,0.2744090259075165,0.2744090259075165,1.0,1.0,0,0
393,t2_b0,1,3,-0.006315561664159783,0.04736684262752533,0.0014409003779292107,0.0014409003779292107,1.0,1.0,0,0
394,t2_b0,9,7,0.0016582794347576116,0.07481958717107773,0.0026762881316244602,0.0026762881316244602,1.0,1.0,0,0
394,t2_b0,1,3,0.0,0.03007906675338745,0.0004523751267697662,0.0004523751267697662,1.0,1.0,0,0
394,t2_b0,6,8,0.28525628266249575,0.005713939666748047,0.03907196596264839,0.03907196596264839,1.0,1.0,0,0
395,t2_b0,6,8,0.12623087645341988,0.05974211543798447,0.002210377948358655,0.002210377948358655,1.0,1.0,0,0
395,t2_b0,9,7,0.19142305742628954,0.07083344459533691,0.007270927540957928,0.007270927540957928,1.0,1.0,0,0
395,t2_b0,1,3,0.06975707989434374,0.04284042865037918,0.0003622531075961888,0.0003622531075961888,1.0,1.0,0,0
396,t2_b0,1,3,0.0,0.07410645484924316,0.0027458833064883947,0.0027458833064883947,1.0,1.0,0,0
396,t2_b0,9,7,0.17453541006822174,0.10155535489320755,0.002663044026121497,0.002663044026121497,1.0,1.0,0,0
397,t2_b0,2,8,0.36624689248640246,0.01175805926322937,0.06283116340637207,0.06283116340637207,0.9500000000000001,1.0,0,0
397,t2_b0,9,7,0.0,0.11504322290420532,0.0066174715757369995,0.0066174715757369995,1.0,1.0,0,0
397,t2_b0,1,3,-0.0031595152673398676,0.07058214396238327,0.0027189161628484726,0.0027189161628484726,1.0,1.0,0,0
398,t2_b0,1,3,0.0,0.05249371379613876,0.0013777950080111623,0.0013777950080111623,1.0,1.0,0,0
398,t2_b0,2,8,0.032881422412750466,0.13362354040145874,0.005074487067759037,0.005074487067759037,0.9500000000000001,1.0,0,0
398,t2_b0,9,7,0.09995183645628683,0.06572600454092026,0.000585703703109175,0.000585703703109175,1.0,1.0,0,0
399,t2_b0,2,8,0.21812817064891651,0.025227494537830353,0.018605338409543037,0.018605338409543037,0.9500000000000001,1.0,0,0
399,t2_b0,1,3,0.0,0.03211193531751633,0.000515588209964335,0.000515588209964335,1.0,1.0,0,0
399,t2_b0,9,7,0.0,0.0716208666563034,0.0025647743605077267,0.0025647743605077267,1.0,1.0,0,0
400,t2_b0,1,3,0.0,0.04318050295114517,0.0009322779369540513,0.0009322779369540513,1.0,1.0,0,0
400,t2_b0,0,5,0.0,0.12382954359054565,0.0076668779365718365,0.0076668779365718365,1.0,1.0,0,0
400,t2_b0,2,8,0.011384672191853835,0.06206575036048889,0.0012842857977375388,0.0012842857977375388,0.9500000000000001,1.0,0,0
400,t2_b0,9,7,0.20212305531039382,0.07361897081136703,0.00825665146112442,0.00825665146112442,1.0,1.0,0,0
401,t2_b0,9,7,0.19159969539277316,0.09404927492141724,0.00475804228335619,0.00475804228335619,1.0,1.0,0,0
401,t2_b0,2,8,0.21089377142871593,0.05927165597677231,0.011494632810354233,0.011494632810354233,0.9500000000000001,1.0,0,0
401,t2_b0,0,5,0.05285748479625425,0.08323594182729721,0.0004614253412000835,0.0004614253412000835,1.0,1.0,0,0
401,t2_b0,1,3,-0.007944982073691003,0.0555717796087265,0.002017189748585224,0.002017189748585224,1.0,1.0,0,0
402,t2_b0,1,3,0.0,0.05762758105993271,0.0016604691045358777,0.0016604691045358777,1.0,1.0,0,0
402,t2_b0,2,8,-0.001113528099787958,0.0688541829586029,0.00244774017482996,0.00244774017482996,0.9500000000000001,1.0,0,0
402,t2_b0,0,5,0.0002788973515459024,0.06468383222818375,0.002073997864499688,0.002073997864499688,1.0,1.0,0,0
402,t2_b0,9,7,0.0,0.10479273647069931,0.0054907589219510555,0.0054907589219510555,1.0,1.0,0,0
403,t2_b0,1,3,0.04021657625844317,0.03502407670021057,1.3481026144290809e-05,1.3481026144290809e-05,1.0,1.0,0,0
403,t2_b0,0,5,0.0,0.06760323792695999,0.0022850988898426294,0.0022850988898426294,1.0,1.0,0,0
403,t2_b0,2,8,-0.014479027564815793,0.005835860967636108,0.00020634732209146023,0.00020634732209146023,0.9500000000000001,1.0,0,0
403,t2_b0,9,7,0.4110948384235992,0.07476042211055756,0.056560415774583817,0.056560415774583817,1.0,1.0,0,0
404,t2_b0,0,5,0.37057929150952157,0.06572289019823074,0.046468719840049744,0.046468719840049744,1.0,1.0,0,0
404,t2_b0,1,3,0.0,0.04976069927215576,0.0012380635598674417,0.0012380635598674417,1.0,1.0,0,0
404,t2_b0,2,8,0.2531960605486267,0.038719139993190765,0.023000173270702362,0.023000173270702362,0.9500000000000001,1.0,0,0
404,t2_b0,9,7,0.13045111558225544,0.12909919023513794,9.138475434156135e-07,9.138475434156135e-07,1.0,1.0,0,0
405,t2_b0,2,8,-0.03688055992319571,0.07022608071565628,0.005735916085541248,0.005735916085541248,0.9500000000000001,1.0,0,0
405,t2_b0,1,3,0.0,0.05758632719516754,0.0016580924857407808,0.0016580924857407808,1.0,1.0,0,0
405,t2_b0,7,9,-0.0008908517622667438,0.015522673726081848,0.00013470189878717065,0.00013470189878717065,0.05,1.0,0,0
406,t2_b0,3,1,0.38130654872262587,0.22344690561294556,0.012459835037589073,0.012459835037589073,0.9500000000000001,1.0,0,0
406,t2_b0,2,8,0.2682429960987565,-0.047360945492982864,0.04980292543768883,0.04980292543768883,0.9333333333333333,1.0,0,0
407,t2_b0,7,2,0.6135488382548799,0.09157822281122208,0.13622663915157318,0.13622663915157318,0.9333333333333333,1.0,0,0
407,t2_b0,3,1,-0.07178648221321031,0.26168620586395264,0.055602021515369415,0.055602021515369415,0.9500000000000001,1.0,0,0
408,t2_b0,1,3,-0.016579991241747333,0.08994799107313156,0.005674105603247881,0.005674105603247881,0.9500000000000001,1.0,0,0
408,t2_b0,2,8,0.5161456280644914,0.047058217227458954,0.11002150177955627,0.11002150177955627,0.9333333333333333,1.0,0,0
409,t2_b0,4,1,0.47853501076696525,0.16248850524425507,0.04994268715381622,0.04994268715381622,0.925,1.0,0,0
409,t2_b0,8,7,-0.14826822256281927,0.05333322286605835,0.020321572199463844,0.020321572199463844,0.03333333333333333,1.0,0,0
410,t2_b0,8,2,0.05076965931142961,0.038361258804798126,7.698421541135758e-05,7.698421541135758e-05,0.9333333333333333,1.0,0,0
410,t2_b0,1,4,0.08276954247389462,0.059113189578056335,0.00027981153107248247,0.00027981153107248247,0.9500000000000001,1.0,0,0
411,t2_b0,0,4,0.05968357219933917,0.09144050627946854,0.0005042513948865235,0.0005042513948865235,1.0,1.0,0,0
411,t2_b0,5,2,0.9512907657455877,0.1430683434009552,0.32661172747612,0.32661172747612,1.0,1.0,0,0
411,t2_b0,9,8,-0.9297242407698891,0.09571918100118637,0.525443434715271,0.525443434715271,0.9500000000000001,1.0,0,0
411,t2_b0,1,3,0.046839211771494325,0.04534834623336792,1.1113390883110696e-06,1.1113390883110696e-06,0.05,1.0,0,0
412,t2_b0,3,1,-0.6518723698744948,0.15233024954795837,0.32337096333503723,0.32337096333503723,1.0,1.0,0,0
412,t2_b0,8,9,0.32532689316709373,0.019240140914916992,0.04684454947710037,0.04684454947710037,1.0,1.0,0,0
412,t2_b0,0,4,-0.011467305332210076,0.07972507178783417,0.00415802514180541,0.00415802514180541,1.0,1.0,0,0
413,t2_b0,0,4,0.13849324389773368,0.06434327363967896,0.002749108709394932,0.002749108709394932,0.9500000000000001,1.0,0,0
413,t2_b0,3,1,0.0,-0.02666536718606949,0.0003555208968464285,0.0003555208968464285,1.0,1.0,0,0
414,t2_b0,3,1,0.593097176806023,0.04513739049434662,0.15012994408607483,0.15012994408607483,0.9500000000000001,1.0,0,0
415,t2_b0,2,7,0.9364820511885671,0.13907411694526672,0.317929744720459,0.317929744720459,1.0,1.0,0,0
415,t2_b0,4,6,-0.17346182140562758,0.0634770318865776,0.028070012107491493,0.028070012107491493,1.0,1.0,0,0
415,t2_b0,1,0,0.0,0.08441921323537827,0.003563301870599389,0.003563301870599389,0.9500000000000001,1.0,0,0
416,t2_b0,4,6,0.08444136536803025,0.013542793691158295,0.002513303654268384,0.002513303654268384,1.0,1.0,0,0
416,t2_b0,2,7,-0.012819327238438524,0.31758829951286316,0.05458459630608559,0.05458459630608559,1.0,1.0,0,0
416,t2_b0,9,1,-0.4431618300900778,0.28255030512809753,0.26332902908325195,0.26332902908325195,1.0,1.0,0,0
417,t2_b0,4,6,0.0,0.059022821485996246,0.0017418466741219163,0.0017418466741219163,1.0,1.0,0,0
417,t2_b0,2,7,-0.3430355935832975,0.23148715496063232,0.16503818333148956,0.16503818333148956,1.0,1.0,0,0
417,t2_b0,9,1,0.3307296112628352,0.06962011754512787,0.03408907726407051,0.03408907726407051,0.9500000000000001,1.0,0,0
418,t2_b0,2,7,-0.4301763931863626,0.09268612414598465,0.13669262826442719,0.13669262826442719,1.0,1.0,0,0
418,t2_b0,0,9,0.2828890989960145,0.0790516808629036,0.020774846896529198,0.020774846896529198,0.9500000000000001,1.0,0,0
418,t2_b0,4,6,0.5050665886383467,0.05449438840150833,0.10150764882564545,0.10150764882564545,1.0,1.0,0,0
419,t2_b0,4,6,0.1628914452184707,0.13763944804668427,0.0003188317350577563,0.0003188317350577563,1.0,1.0,0,0
419,t2_b0,0,9,0.43792759628707695,0.13720160722732544,0.04521806165575981,0.04521806165575981,0.9500000000000001,1.0,0,0
419,t2_b0,2,7,0.2596770493201218,0.013448894023895264,0.03031415306031704,0.03031415306031704,1.0,1.0,0,0
420,t2_b0,0,9,0.03542800049022288,0.19009901583194733,0.011961561627686024,0.011961561627686024,0.9500000000000001,1.0,0,0
420,t2_b0,2,7,-0.3607653148928209,0.07730279117822647,0.09595182538032532,0.09595182538032532,1.0,1.0,0,0
421,t2_b0,2,7,0.004693586350060454,0.0902417004108429,0.0036592402029782534,0.0036592402029782534,1.0,1.0,0,0
421,t2_b0,0,1,0.004881691864656511,0.09830496460199356,0.004363953601568937,0.004363953601568937,1.0,1.0,0,0
422,t2_b0,0,1,-0.0005532117984468576,0.06643558293581009,0.0022437493316829205,0.0022437493316829205,1.0,1.0,0,0
422,t2_b0,2,7,-0.5134703994538029,0.0954429879784584,0.1853877753019333,0.1853877753019333,1.0,1.0,0,0
423,t2_b0,0,1,0.09854602096406949,0.05989997088909149,0.0007467585965059698,0.0007467585965059698,1.0,1.0,0,0
423,t2_b0,4,2,0.0,0.058274559676647186,0.0016979621723294258,0.0016979621723294258,1.0,1.0,0,0
424,t2_b0,8,5,0.8287888664079491,0.1270994395017624,0.24618402123451233,0.24618402123451233,1.0,1.0,0,0
424,t2_b0,0,1,0.30487765958507385,0.07730874419212341,0.025893807411193848,0.025893807411193848,1.0,1.0,0,0
424,t2_b0,2,4,0.44088167191855765,0.037320151925086975,0.08143095672130585,0.08143095672130585,1.0,1.0,0,0
425,t2_b0,0,1,0.11241184287292405,0.11326208710670471,3.6145857507108303e-07,3.6145857507108303e-07,1.0,1.0,0,0
425,t2_b0,2,4,-0.30596088390869003,0.10119391977787018,0.08288751542568207,0.08288751542568207,1.0,1.0,0,0
425,t2_b0,8,5,0.47198593686118195,0.30865296721458435,0.013338829390704632,0.013338829390704632,1.0,1.0,0,0
426,t2_b0,8,5,0.06437464257853126,0.2839648127555847,0.024109922349452972,0.024109922349452972,1.0,1.0,0,0
426,t2_b0,2,4,0.34377469851923204,0.06760109961032867,0.03813592717051506,0.03813592717051506,1.0,1.0,0,0
426,t2_b0,0,1,0.36388631308734326,0.11867222189903259,0.030064977705478668,0.030064977705478668,1.0,1.0,0,0
427,t2_b0,2,4,0.09890358011985159,0.07129546999931335,0.0003811039205174893,0.0003811039205174893,1.0,1.0,0,0
427,t2_b0,0,1,0.24472322459191292,0.1315930187702179,0.006399222183972597,0.006399222183972597,1.0,1.0,0,0
427,t2_b0,8,5,0.7590434234378262,0.1466550976037979,0.1875097155570984,0.1875097155570984,1.0,1.0,0,0
428,t2_b0,8,5,0.7446583606415714,0.1631932109594345,0.16905084252357483,0.16905084252357483,1.0,1.0,0,0
428,t2_b0,2,4,0.1410962856357305,0.07507248222827911,0.002179570961743593,0.002179570961743593,1.0,1.0,0,0
428,t2_b0,0,1,0.12387829774562452,0.14346854388713837,0.0001918888301588595,0.0001918888301588595,1.0,1.0,0,0
429,t2_b0,8,5,-0.025890558987518655,0.24605263769626617,0.03697655349969864,0.03697655349969864,1.0,1.0,0,0
429,t2_b0,2,4,0.12975702452608834,0.08555017411708832,0.0009771231561899185,0.0009771231561899185,1.0,1.0,0,0
429,t2_b0,0,1,0.12321233606219398,0.12833666801452637,1.3129381841281429e-05,1.3129381841281429e-05,1.0,1.0,0,0
430,t2_b0,8,5,0.19727541448203934,0.22503042221069336,0.0003851702203974128,0.0003851702203974128,0.902734375,1.0,0,0
430,t2_b0,2,4,-0.0340406885611938,0.09142494201660156,0.007870811969041824,0.007870811969041824,1.0,1.0,0,0
430,t2_b0,0,1,0.10798891551709602,0.10737225413322449,1.9013613439256005e-07,1.9013613439256005e-07,1.0,1.0,0,0
431,t2_b0,2,4,-0.08904431306924859,0.07843279093503952,0.014024289324879646,0.014024289324879646,1.0,1.0,0,0
431,t2_b0,0,1,0.03571614379176791,0.09105733036994934,0.001531323534436524,0.001531323534436524,0.05,1.0,0,0
431,t2_b0,8,5,0.08304205226719619,0.18520385026931763,0.005218516103923321,0.005218516103923321,0.9031250000000001,1.0,0,0
432,t2_b0,2,4,0.2336010078083181,0.0630045235157013,0.01455157995223999,0.01455157995223999,1.0,1.0,0,0
432,t2_b0,3,5,0.8443412926146204,-0.12293338030576706,0.46781015396118164,0.46781015396118164,0.25,1.0,0,0
432,t2_b0,0,1,0.02905990294347026,0.0804196372628212,0.001318911206908524,0.001318911206908524,0.9500000000000001,1.0,0,0
433,t2_b0,8,5,0.842827237184313,0.15712571144104004,0.23509331047534943,0.23509331047534943,0.903515625,1.0,0,0
433,t2_b0,2,4,-0.1863969875080048,0.09901690483093262,0.040730543434619904,0.040730543434619904,1.0,1.0,0,0
433,t2_b0,3,1,-0.226839549722674,0.22765666246414185,0.10328339785337448,0.10328339785337448,0.8505859375,1.0,0,0
434,t2_b0,2,4,-0.2443173882647094,0.07085385918617249,0.04966645687818527,0.04966645687818527,1.0,1.0,0,0
434,t2_b0,8,5,0.25808111627193775,0.2691841423511505,6.163868238218129e-05,6.163868238218129e-05,0.90390625,1.0,0,0
434,t2_b0,0,1,0.6868967685817544,0.09953249990940094,0.17249839007854462,0.17249839007854462,0.9500000000000001,1.0,0,0
435,t2_b0,0,1,0.17324730724833906,0.17505203187465668,1.6285149513350916e-06,1.6285149513350916e-06,0.9500000000000001,1.0,0,0
435,t2_b0,2,4,0.2235094098339875,0.00595179945230484,0.02366565726697445,0.02366565726697445,1.0,1.0,0,0
435,t2_b0,8,5,0.22446766325684844,0.2813056409358978,0.001615277724340558,0.001615277724340558,1.0,1.0,0,0
436,t2_b0,0,1,0.4945984209093334,0.17144492268562317,0.052214089781045914,0.052214089781045914,1.0,1.0,0,0
436,t2_b0,8,5,0.24720632360753858,0.21649271249771118,0.00047166316653601825,0.00047166316653601825,1.0,1.0,0,0
436,t2_b0,2,4,-0.08800261859476483,0.03367169201374054,0.007402319461107254,0.007402319461107254,1.0,1.0,0,0
437,t2_b0,0,1,0.01409454233067539,0.16132771968841553,0.010838803835213184,0.010838803835213184,1.0,1.0,0,0
437,t2_b0,5,8,0.09914933413315835,0.08039405196905136,0.0001758802536642179,0.0001758802536642179,0.094921875,1.0,0,0
437,t2_b0,2,4,-0.08461745466086569,0.050392843782901764,0.009113891050219536,0.009113891050219536,1.0,1.0,0,0
438,t2_b0,0,1,0.31463377478536236,0.1137373074889183,0.02017969638109207,0.02017969638109207,1.0,1.0,0,0
438,t2_b0,2,4,0.11644899935315879,0.0485820397734642,0.0023029621224850416,0.0023029621224850416,0.9500000000000001,1.0,0,0
438,t2_b0,8,5,0.7679097034543171,0.1759660542011261,0.17519862949848175,0.17519862949848175,1.0,1.0,0,0
439,t2_b0,8,5,0.17795685132554193,0.28090620040893555,0.005299284588545561,0.005299284588545561,1.0,1.0,0,0
439,t2_b0,0,1,0.22370857519081067,0.1042766124010086,0.007131996098905802,0.007131996098905802,1.0,1.0,0,0
439,t2_b0,3,4,-0.2661843225235687,0.10126473754644394,0.06750941276550293,0.06750941276550293,0.91328125,1.0,0,0
440,t2_b0,7,9,0.5831786338412468,0.11346758902072906,0.11031424254179001,0.11031424254179001,1.0,1.0,0,0
440,t2_b0,0,1,-0.005288362113828083,0.11611199378967285,0.007369023282080889,0.007369023282080889,1.0,1.0,0,0
440,t2_b0,3,4,0.15272268239092618,0.06430124491453171,0.0039091757498681545,0.0039091757498681545,0.926171875,1.0,0,0
440,t2_b0,8,5,0.2256503952867493,0.26704028248786926,0.0008565611788071692,0.0008565611788071692,1.0,1.0,0,0
441,t2_b0,0,1,-0.04482614102611144,0.11607862263917923,0.012945171445608139,0.012945171445608139,1.0,1.0,0,0
441,t2_b0,3,4,0.0022222574826278,0.06402070820331573,0.0019095242023468018,0.0019095242023468018,0.9390625,1.0,0,0
441,t2_b0,7,9,0.08699989747507311,0.2199181616306305,0.008833632804453373,0.008833632804453373,1.0,1.0,0,0
441,t2_b0,8,5,-0.07291643633363099,0.20481500029563904,0.03856737166643143,0.03856737166643143,1.0,1.0,0,0
442,t2_b0,3,4,0.013160902980421973,0.07273409515619278,0.001774482661858201,0.001774482661858201,0.9500000000000001,1.0,0,0
442,t2_b0,7,9,-0.1592771071088742,0.08303392678499222,0.029357317835092545,0.029357317835092545,1.0,1.0,0,0
442,t2_b0,0,1,0.6933190881502159,0.10195022076368332,0.17485855519771576,0.17485855519771576,1.0,1.0,0,0
442,t2_b0,8,5,-0.0024928772046453954,0.13031065464019775,0.008818388916552067,0.008818388916552067,1.0,1.0,0,0
443,t2_b0,3,4,-0.007542086710768822,0.09321291744709015,0.005075785797089338,0.005075785797089338,1.0,1.0,0,0
443,t2_b0,0,1,0.09826652544714756,0.15221577882766724,0.001455260906368494,0.001455260906368494,1.0,1.0,0,0
443,t2_b0,8,5,0.6301905319725446,0.1311979442834854,0.12449681758880615,0.12449681758880615,1.0,1.0,0,0
443,t2_b0,7,9,0.10934859198789429,-0.02593310922384262,0.009150571189820766,0.009150571189820766,1.0,1.0,0,0
444,t2_b0,0,1,0.6133062539255023,0.1534934639930725,0.10571388900279999,0.10571388900279999,1.0,1.0,0,0
444,t2_b0,8,5,0.628140395118212,0.2661063075065613,0.06553433835506439,0.06553433835506439,1.0,1.0,0,0
444,t2_b0,3,4,-0.008330330982120349,0.11638142168521881,0.007776510436087847,0.007776510436087847,1.0,1.0,0,0
444,t2_b0,7,9,0.18952449582872366,0.05000283569097519,0.009733146987855434,0.009733146987855434,1.0,1.0,0,0
445,t2_b0,2,4,0.05988739268040816,0.05024150758981705,4.652156349038705e-05,4.652156349038705e-05,1.0,1.0,0,0
445,t2_b0,7,9,0.21971480231674817,0.17357611656188965,0.001064389361999929,0.001064389361999929,1.0,1.0,0,0
445,t2_b0,0,1,0.20592010547282066,0.18903012573719025,0.00014263561752159148,0.00014263561752159148,1.0,1.0,0,0
445,t2_b0,8,5,0.3390778642477413,0.3383161425590515,2.90106811462465e-07,2.90106811462465e-07,1.0,1.0,0,0
446,t2_b0,0,1,0.18496788695004462,0.17598235607147217,4.03699123125989e-05,4.03699123125989e-05,1.0,1.0,0,0
446,t2_b0,2,4,-0.30338159443189133,0.05848604440689087,0.06547409296035767,0.06547409296035767,1.0,1.0,0,0
446,t2_b0,8,5,-0.14274491520595747,0.25020337104797363,0.07720416784286499,0.07720416784286499,1.0,1.0,0,0
446,t2_b0,7,9,0.13930125528397747,0.20622700452804565,0.002239527879282832,0.002239527879282832,1.0,1.0,0,0
447,t2_b0,7,9,0.15944907085819404,0.14542719721794128,9.830646740738302e-05,9.830646740738302e-05,1.0,1.0,0,0
447,t2_b0,8,5,0.6617549934094656,0.09589935094118118,0.16009628772735596,0.16009628772735596,1.0,1.0,0,0
447,t2_b0,2,4,-0.022444437863821873,0.00807352364063263,0.00046567298704758286,0.00046567298704758286,1.0,1.0,0,0
447,t2_b0,0,1,0.5500677612147313,0.12817701697349548,0.08899591118097305,0.08899591118097305,1.0,1.0,0,0
448,t2_b0,8,5,-0.14564511373511282,0.17002294957637787,0.049823157489299774,0.049823157489299774,1.0,1.0,0,0
448,t2_b0,0,1,0.11478735661653937,0.1547783613204956,0.0007996403146535158,0.0007996403146535158,1.0,1.0,0,0
448,t2_b0,7,9,0.2686367207625191,0.08742401003837585,0.016419025138020515,0.016419025138020515,1.0,1.0,0,0
448,t2_b0,2,4,-0.1384520079527241,0.016564026474952698,0.012014985084533691,0.012014985084533691,1.0,1.0,0,0
449,t2_b0,8,5,0.8394449707626541,0.1736474633216858,0.22164317965507507,0.22164317965507507,1.0,1.0,0,0
449,t2_b0,2,4,0.2806774474328963,0.036539770662784576,0.02980160154402256,0.02980160154402256,1.0,1.0,0,0
449,t2_b0,0,1,0.21371169929951792,0.157498300075531,0.001579972798936069,0.001579972798936069,1.0,1.0,0,0
449,t2_b0,7,9,0.2739664250013065,0.11318596452474594,0.012925177812576294,0.012925177812576294,1.0,1.0,0,0
450,t2_b0,8,5,0.23459681139387514,0.27198871970176697,0.0006990771507844329,0.0006990771507844329,1.0,1.0,0,0
450,t2_b0,0,1,0.17973163676744264,0.16299280524253845,0.00014009424194227904,0.00014009424194227904,1.0,1.0,0,0
450,t2_b0,7,9,-0.09420890037932034,0.13554227352142334,0.026392800733447075,0.026392800733447075,1.0,1.0,0,0
450,t2_b0,2,4,0.31230680417349976,0.08708755671977997,0.02536185272037983,0.02536185272037983,1.0,1.0,0,0
451,t2_b0,2,4,0.2563710300615933,0.12093083560466766,0.009172022342681885,0.009172022342681885,1.0,1.0,0,0
451,t2_b0,0,1,0.3407379709611254,0.15681882202625275,0.016913127154111862,0.016913127154111862,0.9500000000000001,1.0,0,0
451,t2_b0,7,9,0.1929493847428186,0.09581458568572998,0.004717584699392319,0.004717584699392319,1.0,1.0,0,0
452,t2_b0,2,4,-0.09563421626438741,0.10444812476634979,0.020016469061374664,0.020016469061374664,1.0,1.0,0,0
452,t2_b0,5,1,-0.47177260831986667,0.5377848744392395,0.5095574855804443,0.5095574855804443,0.8973958333333333,1.0,0,0
452,t2_b0,7,9,-0.07168563699941903,0.12448994070291519,0.019242428243160248,0.019242428243160248,1.0,1.0,0,0
453,t2_b0,2,4,0.3603595285268255,0.040890417993068695,0.05103025212883949,0.05103025212883949,1.0,1.0,0,0
453,t2_b0,8,1,-0.9166434939723727,0.40979787707328796,0.8264414072036743,0.8264414072036743,0.910546875,1.0,0,0
453,t2_b0,5,0,-0.1765114725042187,0.040366142988204956,0.023517949506640434,0.023517949506640434,0.9145833333333333,1.0,0,0
453,t2_b0,7,9,0.377158372692764,0.09931741654872894,0.03859780356287956,0.03859780356287956,1.0,1.0,0,0
454,t2_b0,0,5,0.01641457207388322,0.06030154228210449,0.0009630331187509,0.0009630331187509,0.03333333333333333,1.0,0,0
454,t2_b0,7,9,-0.5039116541145664,0.12934046983718872,0.2005041390657425,0.2005041390657425,1.0,1.0,0,0
454,t2_b0,2,4,-0.36740005737075576,0.07826441526412964,0.09930840879678726,0.09930840879678726,1.0,1.0,0,0
455,t2_b0,2,4,0.0992457697961169,0.038595885038375854,0.0018392043421044946,0.0018392043421044946,1.0,1.0,0,0
455,t2_b0,5,0,0.15677468125833355,0.137922465801239,0.00017770308477338403,0.00017770308477338403,0.9333333333333333,1.0,0,0
455,t2_b0,7,9,-0.15443962407298165,0.028704389929771423,0.0167708657681942,0.0167708657681942,1.0,1.0,0,0
456,t2_b0,0,5,0.0,0.07641730457544327,0.0029198022093623877,0.0029198022093623877,0.9500000000000001,1.0,0,0
457,t2_b0,1,8,0.04984554976786746,0.039178989827632904,5.688775490853004e-05,5.688775490853004e-05,1.0,1.0,0,0
457,t2_b0,0,5,0.26431605933019825,0.0603506863117218,0.020800935104489326,0.020800935104489326,0.9500000000000001,1.0,0,0
458,t2_b0,0,5,0.23515216783404985,0.09322663396596909,0.01007143035531044,0.01007143035531044,0.9333333333333333,1.0,0,0
459,t2_b0,0,8,-0.011302832685881408,0.09195306897163391,0.005330890417098999,0.005330890417098999,0.03333333333333333,1.0,0,0
460,t2_b0,8,0,-0.4795082291988535,0.10771214962005615,0.1724138855934143,0.1724138855934143,0.9333333333333333,1.0,0,0
461,t2_b0,4,6,0.9652433599479041,0.1435571312904358,0.33758410811424255,0.33758410811424255,1.0,1.0,0,0
461,t2_b0,0,2,-0.0759687312522372,0.042602524161338806,0.007029571570456028,0.007029571570456028,0.9500000000000001,1.0,0,0
462,t2_b0,0,2,0.0721310218857228,0.0621727779507637,4.95833191962447e-05,4.95833191962447e-05,0.9333333333333333,1.0,0,0
462,t2_b0,4,6,-1.0,0.30948784947395325,0.8094878196716309,0.8094878196716309,1.0,1.0,0,0
463,t2_b0,4,6,-1.0,0.15276844799518585,0.6527684926986694,0.6527684926986694,1.0,1.0,0,0
463,t2_b0,0,2,-0.09785514887931307,0.085833840072155,0.016870824620127678,0.016870824620127678,0.9333333333333333,1.0,0,0
464,t2_b0,3,2,0.38861098834017693,0.09315162897109985,0.043648116290569305,0.043648116290569305,0.9,1.0,0,0
464,t2_b0,8,0,-0.14236427733442236,0.14853708446025848,0.04231180250644684,0.04231180250644684,1.0,1.0,0,0
465,t2_b0,2,3,-0.032718133468438264,0.049235038459300995,0.0033581608440726995,0.0033581608440726995,1.0,1.0,0,0
466,t2_b0,4,8,0.0,0.013056278228759766,8.523320138920099e-05,8.523320138920099e-05,1.0,1.0,0,0
466,t2_b0,2,3,0.0,0.051222339272499084,0.0013118640054017305,0.0013118640054017305,1.0,1.0,0,0
467,t2_b0,2,3,-0.007598808959982519,0.054479293525218964,0.0019268454052507877,0.0019268454052507877,1.0,1.0,0,0
467,t2_b0,8,4,0.7988372173004502,0.09092190116643906,0.2505720853805542,0.2505720853805542,1.0,1.0,0,0
468,t2_b0,4,7,-1.0,0.11327476799488068,0.6132748126983643,0.6132748126983643,0.9187500000000001,1.0,0,0
468,t2_b0,2,3,0.6108873508284685,0.04650137573480606,0.15926575660705566,0.15926575660705566,1.0,1.0,0,0
469,t2_b0,4,7,-0.060709535790306156,0.03595992922782898,0.004672492854297161,0.004672492854297161,0.9192708333333334,1.0,0,0
469,t2_b0,3,5,-0.047357524365497596,0.1382145881652832,0.01721850596368313,0.01721850596368313,1.0,1.0,0,0
470,t2_b0,8,9,-1.0,0.09159444272518158,0.5915944576263428,0.5915944576263428,0.937890625,1.0,0,0
470,t2_b0,3,5,-0.1042429520317179,0.06314883381128311,0.01401000376790762,0.01401000376790762,1.0,1.0,0,0
470,t2_b0,4,7,-0.0597340544985113,-0.0004290267825126648,0.0017585430759936571,0.0017585430759936571,0.93984375,1.0,0,0
471,t2_b0,7,8,-0.11837543251641518,0.06342662870883942,0.0165259949862957,0.0165259949862957,0.9500000000000001,1.0,0,0
471,t2_b0,3,5,0.44758218996778354,0.08606044203042984,0.06534899026155472,0.06534899026155472,1.0,1.0,0,0
471,t2_b0,4,9,-0.10441932708024798,-0.011810213327407837,0.004288224037736654,0.004288224037736654,1.0,1.0,0,0
472,t2_b0,8,9,-0.21854234046624357,-0.02964528650045395,0.017841046676039696,0.017841046676039696,0.9390625,1.0,0,0
472,t2_b0,3,5,0.09187510055424275,0.22959113121032715,0.009482852183282375,0.009482852183282375,1.0,1.0,0,0
472,t2_b0,1,2,0.6505702131797736,8.144229650497437e-05,0.21156783401966095,0.21156783401966095,1.0,1.0,0,0
473,t2_b0,3,5,0.13398199582297596,0.1580236256122589,0.0002889998140744865,0.0002889998140744865,1.0,1.0,0,0
473,t2_b0,7,8,-0.00673282223883941,0.01739507168531418,0.0002910776238422841,0.0002910776238422841,0.9500000000000001,1.0,0,0
473,t2_b0,1,2,0.0,0.21931739151477814,0.02405005879700184,0.02405005879700184,1.0,1.0,0,0
474,t2_b0,1,2,0.6019133449432618,0.04450252652168274,0.15535342693328857,0.15535342693328857,1.0,1.0,0,0
474,t2_b0,3,5,0.4203056962301506,0.10766860097646713,0.04887097701430321,0.04887097701430321,1.0,1.0,0,0
474,t2_b0,7,9,-0.07948669285329853,0.025976181030273438,0.005561208818107843,0.005561208818107843,1.0,1.0,0,0
475,t2_b0,7,9,-0.050730919781976254,0.010121472179889679,0.0018515068804845214,0.0018515068804845214,1.0,1.0,0,0
475,t2_b0,4,8,0.0,0.02371971309185028,0.00028131238650530577,0.00028131238650530577,1.0,1.0,0,0
475,t2_b0,1,2,0.11823985162583191,0.11283358931541443,1.4613826351705939e-05,1.4613826351705939e-05,1.0,1.0,0,0
475,t2_b0,3,5,0.3472582927842782,0.20003491640090942,0.01083736214786768,0.01083736214786768,1.0,1.0,0,0
476,t2_b0,3,5,-0.0003989475383986971,0.2287554144859314,0.026255860924720764,0.026255860924720764,1.0,1.0,0,0
476,t2_b0,7,9,-0.04330894832748377,-0.020065143704414368,0.000270137214101851,0.000270137214101851,1.0,1.0,0,0
476,t2_b0,1,2,0.15823206949026722,0.1457955539226532,7.733338134130463e-05,7.733338134130463e-05,0.9500000000000001,1.0,0,0
477,t2_b0,7,9,0.0,-0.026409320533275604,0.00034872611286118627,0.00034872611286118627,1.0,1.0,0,0
477,t2_b0,3,5,0.1945973051727109,0.15125931799411774,0.0009390905033797026,0.0009390905033797026,1.0,1.0,0,0
477,t2_b0,1,2,0.11063799382518004,0.14612093567848206,0.0006295196362771094,0.0006295196362771094,0.9500000000000001,1.0,0,0
478,t2_b0,6,1,0.2785774091016596,0.12481694668531418,0.011821139603853226,0.011821139603853226,0.9,1.0,0,0
478,t2_b0,7,9,0.0,0.018205605447292328,0.00016572204185649753,0.00016572204185649753,1.0,1.0,0,0
478,t2_b0,3,5,0.019530886548737008,0.13881367444992065,0.007114192005246878,0.007114192005246878,1.0,1.0,0,0
479,t2_b0,5,3,0.0738150027573108,0.04180353879928589,0.0005123669398017228,0.0005123669398017228,0.9500000000000001,1.0,0,0
479,t2_b0,7,9,-0.048979588843206495,0.021320156753063202,0.0024710269644856453,0.0024710269644856453,1.0,1.0,0,0
479,t2_b0,6,2,-0.0862305890442944,0.21282491087913513,0.04471709951758385,0.04471709951758385,0.9128906250000001,1.0,0,0
480,t2_b0,7,9,-0.07321080523506819,6.101280450820923e-05,0.002684379694983363,0.002684379694983363,1.0,1.0,0,0
480,t2_b0,5,3,0.06479831679392642,0.05589055269956589,3.9674141589784995e-05,3.9674141589784995e-05,0.9500000000000001,1.0,0,0
480,t2_b0,1,2,0.027125120150033846,0.12143027037382126,0.004446730483323336,0.004446730483323336,0.9500000000000001,1.0,0,0
481,t2_b0,7,9,-0.05504284753120469,-0.021407954394817352,0.0005656530265696347,0.0005656530265696347,1.0,1.0,0,0
481,t2_b0,1,2,0.02441157512751714,0.10376552492380142,0.0031485247891396284,0.0031485247891396284,0.9500000000000001,1.0,0,0
481,t2_b0,3,5,0.0004163460501771535,0.16629484295845032,0.013757837004959583,0.013757837004959583,0.9333333333333333,1.0,0,0
482,t2_b0,7,9,0.0,-0.014451727271080017,0.00010442620987305418,0.00010442620987305418,1.0,1.0,0,0
482,t2_b0,3,5,0.0,0.1120680645108223,0.006279625464230776,0.006279625464230776,0.9500000000000001,1.0,0,0
482,t2_b0,1,2,0.05487457994046761,0.09971574693918228,0.0010053651640191674,0.0010053651640191674,0.9500000000000001,1.0,0,0
483,t2_b0,3,5,0.5412179350486676,0.08163544535636902,0.1056080237030983,0.1056080237030983,0.9500000000000001,1.0,0,0
483,t2_b0,7,9,-0.028183243927352414,0.001763567328453064,0.00044840577174909413,0.00044840577174909413,1.0,1.0,0,0
483,t2_b0,2,1,-0.04700928540394054,0.12108399718999863,0.01412767544388771,0.01412767544388771,1.0,1.0,0,0
484,t2_b0,1,2,0.09586272175632549,0.09828242659568787,2.9274806365719996e-06,2.9274806365719996e-06,0.9333333333333333,1.0,0,0
484,t2_b0,3,6,0.2548694450675414,0.16881917417049408,0.003702323418110609,0.003702323418110609,0.03333333333333333,1.0,0,0
484,t2_b0,7,9,-0.1329467788949261,0.008523769676685333,0.010006958618760109,0.010006958618760109,1.0,1.0,0,0
485,t2_b0,6,3,0.0,0.13307522237300873,0.008854507468640804,0.008854507468640804,0.9177083333333333,1.0,0,0
485,t2_b0,7,9,-0.1388453778579392,-0.042243264615535736,0.004665984772145748,0.004665984772145748,1.0,1.0,0,0
485,t2_b0,1,2,-0.0009403204110624224,0.09428924322128296,0.004534335341304541,0.004534335341304541,0.9333333333333333,1.0,0,0
486,t2_b0,6,3,0.03435302565118317,0.10661648958921432,0.0026110040489584208,0.0026110040489584208,0.9333333333333333,1.0,0,0
486,t2_b0,7,9,-0.04774369622212676,-0.042599186301231384,1.3232993296696804e-05,1.3232993296696804e-05,1.0,1.0,0,0
486,t2_b0,2,1,-0.052172946903170016,0.09390555322170258,0.010669463314116001,0.010669463314116001,1.0,1.0,0,0
487,t2_b0,7,9,-0.13707553183450688,-0.0006002634763717651,0.009312748908996582,0.009312748908996582,1.0,1.0,0,0
487,t2_b0,1,5,0.546226047407163,0.08571621775627136,0.10603464394807816,0.10603464394807816,0.925,1.0,0,0
487,t2_b0,4,2,0.9196825205322413,0.11217020452022552,0.32603803277015686,0.32603803277015686,1.0,1.0,0,0
487,t2_b0,6,3,-0.03815678537306468,0.11716436594724655,0.012062329798936844,0.012062329798936844,0.9333333333333333,1.0,0,0
488,t2_b0,1,5,0.04897748237754255,0.1797788441181183,0.008554498665034771,0.008554498665034771,0.925,1.0,0,0
488,t2_b0,6,3,0.1272708085355422,0.1066216379404068,0.00021319401275832206,0.00021319401275832206,0.9333333333333333,1.0,0,0
488,t2_b0,2,4,0.45781999176414284,0.0723237469792366,0.07430367916822433,0.07430367916822433,0.9333333333333333,1.0,0,0
488,t2_b0,7,9,-0.18991040197878023,-0.03170686215162277,0.01251418050378561,0.01251418050378561,1.0,1.0,0,0
489,t2_b0,1,5,0.014972718269099487,0.16165530681610107,0.010757891461253166,0.010757891461253166,0.925,1.0,0,0
489,t2_b0,6,3,0.15198711775859827,0.15260934829711914,1.935837161681775e-07,1.935837161681775e-07,0.9333333333333333,1.0,0,0
489,t2_b0,7,9,-0.1441538825031968,-0.06317229568958282,0.003279008436948061,0.003279008436948061,1.0,1.0,0,0
489,t2_b0,2,4,0.0,0.1315537989139557,0.008653201162815094,0.008653201162815094,0.9333333333333333,1.0,0,0
490,t2_b0,7,9,-0.10114124214705326,-0.029891110956668854,0.0025382908061146736,0.0025382908061146736,1.0,1.0,0,0
490,t2_b0,6,3,-0.00022484404971162122,0.13595090806484222,0.00927191786468029,0.00927191786468029,0.9333333333333333,1.0,0,0
490,t2_b0,2,4,0.5750542857608187,0.09515412896871567,0.11515207588672638,0.11515207588672638,0.9333333333333333,1.0,0,0
490,t2_b0,1,5,0.4870832634431075,0.10580308735370636,0.0726872906088829,0.0726872906088829,0.925,1.0,0,0
491,t2_b0,6,3,0.48009403370248577,0.07934214174747467,0.08030103892087936,0.08030103892087936,0.9333333333333333,1.0,0,0
491,t2_b0,0,4,0.007471705554274636,0.04144676774740219,0.0005771523574367166,0.0005771523574367166,0.05,1.0,0,0
491,t2_b0,1,5,0.4628049838019345,0.14111989736557007,0.05174064263701439,0.05174064263701439,0.925,1.0,0,0
491,t2_b0,7,9,-0.0745273117054168,-0.028387539088726044,0.0010644391877576709,0.0010644391877576709,1.0,1.0,0,0
492,t2_b0,4,0,0.212506771843652,0.027530677616596222,0.01710807904601097,0.01710807904601097,1.0,1.0,0,0
492,t2_b0,6,3,-0.0021655440993392054,0.20594343543052673,0.021654672920703888,0.021654672920703888,0.9333333333333333,1.0,0,0
492,t2_b0,1,5,0.01317540421029712,0.1849120408296585,0.01474673766642809,0.01474673766642809,0.925,1.0,0,0
492,t2_b0,7,9,-0.07105680726954336,-0.04201570525765419,0.0004216927627567202,0.0004216927627567202,1.0,1.0,0,0
493,t2_b0,4,0,-0.12227982114144555,0.08334778994321823,0.021141359582543373,0.021141359582543373,1.0,1.0,0,0
493,t2_b0,7,9,0.0,-0.01106271892786026,6.11918731010519e-05,6.11918731010519e-05,1.0,1.0,0,0
493,t2_b0,5,1,-0.05393836960319767,0.1907355785369873,0.029932672157883644,0.029932672157883644,0.9333333333333333,1.0,0,0
493,t2_b0,6,3,0.36561636096283323,0.1601114273071289,0.021116137504577637,0.021116137504577637,0.9333333333333333,1.0,0,0
494,t2_b0,0,2,0.0,0.07872819900512695,0.003099064575508237,0.003099064575508237,0.9500000000000001,1.0,0,0
494,t2_b0,6,3,0.11531634876180555,0.1657184660434723,0.0012701868545264006,0.0012701868545264006,0.9333333333333333,1.0,0,0
494,t2_b0,1,5,0.032586146722412994,0.12013069540262222,0.00383202382363379,0.00383202382363379,0.925,1.0,0,0
494,t2_b0,7,9,0.20283406000622625,0.0015757828950881958,0.020252445712685585,0.020252445712685585,0.9500000000000001,1.0,0,0
495,t2_b0,7,8,0.0,-0.006105609238147736,1.8639231711858884e-05,1.8639231711858884e-05,0.05,1.0,0,0
495,t2_b0,0,2,0.3753658099659586,0.06251494586467743,0.0489378422498703,0.0489378422498703,1.0,1.0,0,0
495,t2_b0,5,3,-0.06838220341979948,0.057093292474746704,0.007872049696743488,0.007872049696743488,0.03333333333333333,1.0,0,0
496,t2_b0,8,7,0.4779204448945402,0.059135034680366516,0.08769059926271439,0.08769059926271439,0.9125,1.0,0,0
496,t2_b0,6,3,0.453362210070809,0.1068916991353035,0.06002090498805046,0.06002090498805046,0.9333333333333333,1.0,0,0
496,t2_b0,0,2,0.014905810019235348,0.1294550597667694,0.006560765206813812,0.006560765206813812,1.0,1.0,0,0
497,t2_b0,6,3,0.35143203549791985,0.18292976915836334,0.014196504838764668,0.014196504838764668,0.9333333333333333,1.0,0,0
497,t2_b0,0,2,0.03806281659655327,0.07582367211580276,0.0007129410514608026,0.0007129410514608026,1.0,1.0,0,0
497,t2_b0,7,9,0.0,-0.038161471486091614,0.0007281489670276642,0.0007281489670276642,0.9500000000000001,1.0,0,0
498,t2_b0,0,2,0.031938978926111264,0.04536166787147522,9.008430788526312e-05,9.008430788526312e-05,1.0,1.0,0,0
498,t2_b0,8,7,-0.16260588160280617,0.036088138818740845,0.019739657640457153,0.019739657640457153,0.937890625,1.0,0,0
498,t2_b0,5,3,-0.005263627850052327,0.05853976309299469,0.0020354362204670906,0.0020354362204670906,0.9500000000000001,1.0,0,0
498,t2_b0,6,1,-0.4027911382759305,0.10043676197528839,0.1266191601753235,0.1266191601753235,0.03333333333333333,1.0,0,0
499,t2_b0,0,2,0.08710579886631668,0.06180548667907715,0.000320052815368399,0.000320052815368399,1.0,1.0,0,0
499,t2_b0,7,8,0.0,0.005409210920333862,1.4629781617259141e-05,1.4629781617259141e-05,0.05,1.0,0,0
499,t2_b0,6,3,0.14399275690357463,0.029046885669231415,0.006606276147067547,0.006606276147067547,0.9333333333333333,1.0,0,0
500,t2_b0,0,1,0.13263099552387772,0.10119631141424179,0.0004940694780088961,0.0004940694780088961,0.9500000000000001,1.0,0,0
500,t2_b0,6,3,0.08529780676843737,0.05745837092399597,0.0003875171241816133,0.0003875171241816133,0.9333333333333333,1.0,0,0
500,t2_b0,8,7,0.002955544077620054,0.06598811596632004,0.0019865527283400297,0.0019865527283400297,0.9500000000000001,1.0,0,0
501,t2_b0,1,6,0.16802120996044556,0.10590627789497375,0.0019291328499093652,0.0019291328499093652,0.9500000000000001,1.0,0,0
501,t2_b0,7,8,0.0462711634364238,-0.006882667541503906,0.001412664889357984,0.001412664889357984,1.0,1.0,0,0
501,t2_b0,4,5,0.8683278530771329,0.11807635426521301,0.2814386785030365,0.2814386785030365,1.0,1.0,0,0
502,t2_b0,6,3,0.49220251418806577,0.14896103739738464,0.05890735611319542,0.05890735611319542,0.9500000000000001,1.0,0,0
502,t2_b0,0,1,0.4825443364185438,0.1222422793507576,0.06490878760814667,0.06490878760814667,1.0,1.0,0,0
502,t2_b0,4,5,0.3854703652643077,0.2659969627857208,0.00713694654405117,0.00713694654405117,1.0,1.0,0,0
503,t2_b0,4,3,-0.6207567609909723,0.22069290280342102,0.3540187180042267,0.3540187180042267,1.0,1.0,0,0
503,t2_b0,1,6,0.03936546105585006,0.10653689503669739,0.0022560011129826307,0.0022560011129826307,0.9333333333333333,1.0,0,0
504,t2_b0,1,6,0.15732375183517616,0.1037101224064827,0.0014372103614732623,0.0014372103614732623,0.9500000000000001,1.0,0,0
504,t2_b0,4,3,-0.10097382097539616,0.07554901391267776,0.01558015588670969,0.01558015588670969,0.9386718749999999,1.0,0,0
505,t2_b0,0,1,0.0,0.11223956197500229,0.006298859603703022,0.006298859603703022,0.9500000000000001,1.0,0,0
505,t2_b0,4,6,-0.15542363534328144,0.03150564432144165,0.017471278086304665,0.017471278086304665,0.9500000000000001,1.0,0,0
506,t2_b0,4,6,0.010447364409693792,0.05389685183763504,0.0009439289569854736,0.0009439289569854736,0.925,1.0,0,0
506,t2_b0,0,1,0.4160711588504282,0.08074979484081268,0.05622021108865738,0.05622021108865738,0.9500000000000001,1.0,0,0
507,t2_b0,0,1,0.4447310305001085,0.14179442822933197,0.045885294675827026,0.045885294675827026,0.9333333333333333,1.0,0,0
507,t2_b0,4,6,-0.04308852078382628,0.11035336554050446,0.011772206984460354,0.011772206984460354,0.9333333333333333,1.0,0,0
508,t2_b0,2,0,0.7233589541150609,0.1738724410533905,0.15096771717071533,0.15096771717071533,0.9125,1.0,0,0
508,t2_b0,4,6,-0.1244344969566425,0.1434033364057541,0.03586854785680771,0.03586854785680771,0.9333333333333333,1.0,0,0
509,t2_b0,2,0,0.0694264410582624,0.25032898783683777,0.016362864524126053,0.016362864524126053,0.925390625,1.0,0,0
509,t2_b0,4,6,-0.11337713216472506,0.13642504811286926,0.03120056353509426,0.03120056353509426,0.9500000000000001,1.0,0,0
509,t2_b0,3,9,0.9585375423157545,0.09545919299125671,0.37245211005210876,0.37245211005210876,1.0,1.0,0,0
510,t2_b0,3,9,0.6501118802171424,0.1973716914653778,0.10248682647943497,0.10248682647943497,1.0,1.0,0,0
510,t2_b0,0,1,-0.07209036188505687,0.13757559657096863,0.021979905664920807,0.021979905664920807,1.0,1.0,0,0
510,t2_b0,2,4,-0.13667151729272142,0.12314356863498688,0.033751942217350006,0.033751942217350006,1.0,1.0,0,0
511,t2_b0,3,9,0.6642979561670823,0.17397445440292358,0.12020856142044067,0.12020856142044067,1.0,1.0,0,0
511,t2_b0,0,1,0.12247172720841003,0.08256006985902786,0.0007964702090248466,0.0007964702090248466,1.0,1.0,0,0
512,t2_b0,0,1,0.3081368844393455,0.08694840222597122,0.024462172761559486,0.024462172761559486,1.0,1.0,0,0
513,t2_b0,2,9,0.055809900410663645,0.15334637463092804,0.004756682086735964,0.004756682086735964,1.0,1.0,0,0
513,t2_b0,0,1,-0.02694953517417641,0.13599511981010437,0.013275480829179287,0.013275480829179287,1.0,1.0,0,0
514,t2_b0,2,9,0.21143008116574,0.1490866094827652,0.0019433546112850308,0.0019433546112850308,1.0,1.0,0,0
514,t2_b0,0,1,0.3142779902784356,0.1466682255268097,0.01404651440680027,0.01404651440680027,1.0,1.0,0,0
515,t2_b0,2,9,0.12547576534090701,0.0967324897646904,0.0004130879242438823,0.0004130879242438823,1.0,1.0,0,0
515,t2_b0,0,1,0.14611559955342507,0.15697842836380005,5.900050746276975e-05,5.900050746276975e-05,1.0,1.0,0,0
515,t2_b0,3,5,0.0,0.00704626739025116,2.482494164723903e-05,2.482494164723903e-05,1.0,1.0,0,0
516,t2_b0,2,9,0.04129010712167022,0.07437805831432343,0.0005474062054418027,0.0005474062054418027,1.0,1.0,0,0
516,t2_b0,3,5,0.0,0.013510927557945251,9.127258090302348e-05,9.127258090302348e-05,1.0,1.0,0,0
516,t2_b0,0,1,0.0008821203244479054,0.14625513553619385,0.010566657409071922,0.010566657409071922,1.0,1.0,0,0
517,t2_b0,2,9,0.06616017521523994,0.06216336786746979,7.987222488736734e-06,7.987222488736734e-06,1.0,1.0,0,0
517,t2_b0,0,1,0.21166293509004203,0.11625215411186218,0.004551608581095934,0.004551608581095934,1.0,1.0,0,0
517,t2_b0,3,5,0.0,0.02271205186843872,0.00025791864027269185,0.00025791864027269185,1.0,1.0,0,0
518,t2_b0,6,8,0.9959224697730326,0.12316864728927612,0.38084959983825684,0.38084959983825684,1.0,1.0,0,0
518,t2_b0,3,5,-0.4660735906730433,0.029611073434352875,0.1228516548871994,0.1228516548871994,1.0,1.0,0,0
518,t2_b0,0,1,0.08416671154732913,0.11492139846086502,0.0004729253414552659,0.0004729253414552659,1.0,1.0,0,0
519,t2_b0,3,5,-0.16791549664100938,-0.028543859720230103,0.009712225757539272,0.009712225757539272,1.0,1.0,0,0
519,t2_b0,0,1,0.08561262137184728,0.11671267449855804,0.0004836065345443785,0.0004836065345443785,0.9500000000000001,1.0,0,0
520,t2_b0,1,6,0.01774301173717186,0.13440966606140137,0.006805554032325745,0.006805554032325745,0.9333333333333333,1.0,0,0
520,t2_b0,3,5,0.0,-0.03793075308203697,0.0007193710189312696,0.0007193710189312696,1.0,1.0,0,0
521,t2_b0,1,6,0.12153747177781334,0.10938440263271332,7.384851778624579e-05,7.384851778624579e-05,0.9333333333333333,1.0,0,0
521,t2_b0,3,5,0.0,0.0028235167264938354,3.98612337448867e-06,3.98612337448867e-06,1.0,1.0,0,0
522,t2_b0,3,5,-0.0255088548705281,0.025028184056282043,0.0012769961031153798,0.0012769961031153798,1.0,1.0,0,0
522,t2_b0,0,1,0.4551921499918548,0.1544286012649536,0.04522935673594475,0.04522935673594475,0.9500000000000001,1.0,0,0
522,t2_b0,2,8,0.6586987900493266,0.15025268495082855,0.12925872206687927,0.12925872206687927,1.0,1.0,0,0
523,t2_b0,2,8,-0.010274873130751996,0.1287948191165924,0.009670189581811428,0.009670189581811428,1.0,1.0,0,0
523,t2_b0,3,5,-0.07335771371189945,0.01716221123933792,0.004096928518265486,0.004096928518265486,1.0,1.0,0,0
523,t2_b0,0,1,0.0,0.19265484809875488,0.018557945266366005,0.018557945266366005,0.9500000000000001,1.0,0,0
523,t2_b0,7,9,0.7249642346530903,0.1312246024608612,0.17626337707042694,0.17626337707042694,1.0,1.0,0,0
524,t2_b0,2,8,-1.0,0.028969846665859222,0.5289698839187622,0.5289698839187622,1.0,1.0,0,0
524,t2_b0,0,1,0.20715698626489798,0.15799149870872498,0.0012086225906386971,0.0012086225906386971,1.0,1.0,0,0
524,t2_b0,7,9,-0.11409551524560439,0.2953028380870819,0.08380350470542908,0.08380350470542908,1.0,1.0,0,0
524,t2_b0,3,5,0.0,-0.01574908196926117,0.00012401679123286158,0.00012401679123286158,1.0,1.0,0,0
525,t2_b0,0,1,0.0035645829931726233,0.14063654839992523,0.009394361637532711,0.009394361637532711,1.0,1.0,0,0
525,t2_b0,2,8,-0.2938187621186107,-0.08516484498977661,0.021768230944871902,0.021768230944871902,1.0,1.0,0,0
525,t2_b0,3,5,0.0,-0.01738704741001129,0.0001511547015979886,0.0001511547015979886,1.0,1.0,0,0
525,t2_b0,7,9,-0.09051503316058351,0.16183167695999146,0.03183942660689354,0.03183942660689354,1.0,1.0,0,0
526,t2_b0,0,1,0.01743735302092659,0.10872727632522583,0.004166924860328436,0.004166924860328436,1.0,1.0,0,0
526,t2_b0,5,3,0.5127394215393486,0.01762308180332184,0.12257010489702225,0.12257010489702225,0.9304687500000001,1.0,0,0
526,t2_b0,2,8,-0.11888255471883843,-0.06669973582029343,0.0013615231728181243,0.0013615231728181243,1.0,1.0,0,0
526,t2_b0,7,9,-0.07899037123011307,0.016745246946811676,0.004582654219120741,0.004582654219120741,1.0,1.0,0,0
527,t2_b0,3,6,0.4800737508659955,0.0005950704216957092,0.11494990438222885,0.11494990438222885,0.06953125,1.0,0,0
527,t2_b0,2,8,0.586508063025756,0.01851392537355423,0.1613086611032486,0.1613086611032486,1.0,1.0,0,0
527,t2_b0,7,9,-0.015481109161683715,-0.00920034945011139,1.9723969671758823e-05,1.9723969671758823e-05,1.0,1.0,0,0
527,t2_b0,0,1,-0.012708030831876875,0.09596127271652222,0.005904508754611015,0.005904508754611015,1.0,1.0,0,0
528,t2_b0,0,1,0.04233268925407299,0.10583749413490295,0.002016429789364338,0.002016429789364338,1.0,1.0,0,0
528,t2_b0,3,6,0.7520896197098884,0.08830832690000534,0.2203027904033661,0.2203027904033661,0.056640625,1.0,0,0
528,t2_b0,7,9,-0.05423078886976956,0.04894765466451645,0.0053228954784572124,0.0053228954784572124,1.0,1.0,0,0
528,t2_b0,2,8,-0.589291833144985,0.13514381647109985,0.2624034881591797,0.2624034881591797,1.0,1.0,0,0
529,t2_b0,0,1,0.4027280501438131,0.12291798740625381,0.03914683684706688,0.03914683684706688,1.0,1.0,0,0
529,t2_b0,2,8,-0.42531553153816576,0.07254865020513535,0.12393437325954437,0.12393437325954437,1.0,1.0,0,0
529,t2_b0,7,9,-0.0042960504841128766,0.10193463414907455,0.005642479285597801,0.005642479285597801,1.0,1.0,0,0
529,t2_b0,6,3,-0.35448528108537586,0.06398608535528183,0.08755914121866226,0.08755914121866226,0.947265625,1.0,0,0
530,t2_b0,6,3,0.16229144461699246,0.03213798254728317,0.0084699597209692,0.0084699597209692,1.0,1.0,0,0
530,t2_b0,2,8,-0.028980976635943123,-0.026666872203350067,2.677538077477948e-06,2.677538077477948e-06,1.0,1.0,0,0
530,t2_b0,0,1,0.08454285994989645,0.16649708151817322,0.0033582469914108515,0.0033582469914108515,1.0,1.0,0,0
530,t2_b0,7,9,-0.03412856619514992,0.1180310994386673,0.011576280929148197,0.011576280929148197,1.0,1.0,0,0
531,t2_b0,2,8,-0.1123761150633725,-0.04625513777136803,0.0021859921980649233,0.0021859921980649233,1.0,1.0,0,0
531,t2_b0,7,9,-0.04885314671558301,0.07752323150634766,0.0079854940995574,0.0079854940995574,1.0,1.0,0,0
531,t2_b0,0,1,0.052326982961349834,0.14132565259933472,0.0039603812620043755,0.0039603812620043755,1.0,1.0,0,0
531,t2_b0,3,6,-0.00812323074734196,0.042946264147758484,0.00130404660012573,0.00130404660012573,0.9480468750000001,1.0,0,0
532,t2_b0,2,8,0.7212490566908245,-0.022718258202075958,0.27674368023872375,0.27674368023872375,1.0,1.0,0,0
532,t2_b0,7,9,-0.0011925681498570994,0.04707507789134979,0.0011648829095065594,0.0011648829095065594,1.0,1.0,0,0
532,t2_b0,3,5,0.0,-0.009677037596702576,4.682252983911894e-05,4.682252983911894e-05,1.0,1.0,0,0
532,t2_b0,0,1,0.2765495229990076,0.09880398958921432,0.015796735882759094,0.015796735882759094,1.0,1.0,0,0
533,t2_b0,7,9,-0.0545337702640017,0.046718478202819824,0.005126008298248053,0.005126008298248053,0.9500000000000001,1.0,0,0
533,t2_b0,3,5,0.0,0.01570829004049301,0.00012337518273852766,0.00012337518273852766,1.0,1.0,0,0
533,t2_b0,2,8,0.12045704787883123,0.07251179218292236,0.0011493737110868096,0.0011493737110868096,1.0,1.0,0,0
533,t2_b0,0,1,0.24720861242935047,0.11011739820241928,0.009397001005709171,0.009397001005709171,1.0,1.0,0,0
534,t2_b0,7,9,-0.04786346849500127,0.06760676950216293,0.006666687782853842,0.006666687782853842,0.9500000000000001,1.0,0,0
534,t2_b0,0,1,0.00608354503992993,0.1445445418357849,0.009585723280906677,0.009585723280906677,1.0,1.0,0,0
534,t2_b0,3,5,0.0,0.06356214731931686,0.0020200733561068773,0.0020200733561068773,1.0,1.0,0,0
534,t2_b0,2,8,-0.08104959881084926,0.10763196647167206,0.01780036836862564,0.01780036836862564,1.0,1.0,0,0
535,t2_b0,3,5,0.0,0.07699168473482132,0.002963859820738435,0.002963859820738435,1.0,1.0,0,0
535,t2_b0,7,9,0.03573315580883071,0.07407432049512863,0.0007350224768742919,0.0007350224768742919,0.9500000000000001,1.0,0,0
535,t2_b0,2,8,0.7826967924863042,0.07531941682100296,0.2501913607120514,0.2501913607120514,1.0,1.0,0,0
535,t2_b0,0,1,0.5132703879299428,0.1435987949371338,0.06832853704690933,0.06832853704690933,1.0,1.0,0,0
536,t2_b0,3,5,0.0,0.05868644267320633,0.0017220493173226714,0.0017220493173226714,1.0,1.0,0,0
536,t2_b0,2,8,0.3531814103737609,0.10277877748012543,0.03135073930025101,0.03135073930025101,1.0,1.0,0,0
536,t2_b0,7,9,0.0037911706743687782,0.06849390268325806,0.002093221992254257,0.002093221992254257,0.9500000000000001,1.0,0,0
536,t2_b0,0,1,-0.0003816381208879531,0.18307548761367798,0.016828257590532303,0.016828257590532303,1.0,1.0,0,0
537,t2_b0,7,9,-0.04021374901102255,0.07127377390861511,0.006214733701199293,0.006214733701199293,0.9500000000000001,1.0,0,0
537,t2_b0,0,1,0.0961903529516659,0.15772154927253723,0.0018930438673123717,0.0018930438673123717,1.0,1.0,0,0
537,t2_b0,2,8,0.22362749294354275,0.1113615557551384,0.006301820278167725,0.006301820278167725,1.0,1.0,0,0
537,t2_b0,3,5,0.0,0.034220755100250244,0.0005855300114490092,0.0005855300114490092,1.0,1.0,0,0
538,t2_b0,7,6,-0.020022588204769362,0.06831205636262894,0.003901504445821047,0.003901504445821047,0.05,1.0,0,0
538,t2_b0,2,8,0.11510852808191499,0.10013366490602493,0.00011212324898224324,0.00011212324898224324,1.0,1.0,0,0
538,t2_b0,0,1,0.33382862840143845,0.12351623177528381,0.02211565151810646,0.02211565151810646,1.0,1.0,0,0
538,t2_b0,3,5,0.0,0.029882855713367462,0.00044649254414252937,0.00044649254414252937,1.0,1.0,0,0
539,t2_b0,2,8,0.49198631899623435,0.0895882323384285,0.08096210658550262,0.08096210658550262,1.0,1.0,0,0
539,t2_b0,0,1,0.07493556153241583,0.13731971383094788,0.001945891184732318,0.001945891184732318,1.0,1.0,0,0
539,t2_b0,3,5,-0.04466810696711382,0.03850024193525314,0.0034584873355925083,0.0034584873355925083,1.0,1.0,0,0
539,t2_b0,6,7,0.0,0.09432225674390793,0.004448343999683857,0.004448343999683857,0.9500000000000001,1.0,0,0
540,t2_b0,0,1,-0.002224035901462408,0.14400318264961243,0.010691200383007526,0.010691200383007526,1.0,1.0,0,0
540,t2_b0,6,7,0.0,0.06372134387493134,0.002030204748734832,0.002030204748734832,0.9500000000000001,1.0,0,0
540,t2_b0,2,8,0.46961349948582143,0.11399811506271362,0.06323114782571793,0.06323114782571793,1.0,1.0,0,0
540,t2_b0,3,5,0.0,0.051588088274002075,0.001330665429122746,0.001330665429122746,1.0,1.0,0,0
541,t2_b0,0,1,0.1256790214759636,0.1300499141216278,9.552374649501871e-06,9.552374649501871e-06,0.9500000000000001,1.0,0,0
541,t2_b0,3,5,0.1713858008296848,0.05512332171201706,0.00675848126411438,0.00675848126411438,1.0,1.0,0,0
541,t2_b0,6,7,0.0,0.052005209028720856,0.001352270832285285,0.001352270832285285,0.9500000000000001,1.0,0,0
542,t2_b0,8,1,-0.8652363372975591,0.14625489711761475,0.5114912986755371,0.5114912986755371,0.9333333333333333,1.0,0,0
542,t2_b0,3,5,0.0,0.07327739149332047,0.002684788079932332,0.002684788079932332,1.0,1.0,0,0
542,t2_b0,6,7,0.022867751466158368,0.07653401792049408,0.0014400338986888528,0.0014400338986888528,0.9500000000000001,1.0,0,0
543,t2_b0,3,5,0.05509344041900854,0.05677250027656555,1.4096198128754622e-06,1.4096198128754622e-06,1.0,1.0,0,0
543,t2_b0,6,7,0.2280320735034056,0.10576462745666504,0.00747466366738081,0.00747466366738081,0.9500000000000001,1.0,0,0
543,t2_b0,0,1,0.31798433986938884,0.12805035710334778,0.0180374588817358,0.0180374588817358,0.9500000000000001,1.0,0,0
543,t2_b0,8,2,0.39007567442665536,-0.20462612807750702,0.17683513462543488,0.17683513462543488,0.9333333333333333,1.0,0,0
544,t2_b0,2,1,0.054849860025279154,0.1928199827671051,0.009517877362668514,0.009517877362668514,0.9333333333333333,1.0,0,0
544,t2_b0,6,7,0.1492382829535562,0.14350910484790802,1.6411771866842173e-05,1.6411771866842173e-05,0.9500000000000001,1.0,0,0
544,t2_b0,3,5,0.08243921519922665,0.04948010295629501,0.0005431515164673328,0.0005431515164673328,1.0,1.0,0,0
545,t2_b0,2,1,0.04305957159797266,0.14699360728263855,0.005401141941547394,0.005401141941547394,0.9333333333333333,1.0,0,0
545,t2_b0,3,5,-0.0012142245996693624,0.052288711071014404,0.0014312820276245475,0.0014312820276245475,1.0,1.0,0,0
545,t2_b0,6,7,0.0030725038442529677,0.11645898967981339,0.006428247317671776,0.006428247317671776,1.0,1.0,0,0
546,t2_b0,6,7,0.02315101610093371,0.04100940376520157,0.00015946100756991655,0.00015946100756991655,1.0,1.0,0,0
546,t2_b0,8,2,0.4593808797273944,0.08438272774219513,0.07031180709600449,0.07031180709600449,0.9333333333333333,1.0,0,0
546,t2_b0,0,1,0.2619912819073763,0.11298501491546631,0.0111014349386096,0.0111014349386096,0.9333333333333333,1.0,0,0
547,t2_b0,8,2,0.29663601246323723,0.07522229850292206,0.024512017145752907,0.024512017145752907,0.9500000000000001,1.0,0,0
547,t2_b0,6,7,-0.016018218160554012,0.05402928590774536,0.002453326480463147,0.002453326480463147,1.0,1.0,0,0
548,t2_b0,6,7,-0.06856988296516836,0.08746951818466187,0.012174147181212902,0.012174147181212902,1.0,1.0,0,0
548,t2_b0,8,2,0.04204789593065035,0.07838305085897446,0.0006601217319257557,0.0006601217319257557,0.9333333333333333,1.0,0,0
549,t2_b0,6,7,0.06886454840244442,0.0821654200553894,8.845661795930937e-05,8.845661795930937e-05,1.0,1.0,0,0
549,t2_b0,2,8,0.21544297507304264,0.11205009371042252,0.005345043260604143,0.005345043260604143,0.9500000000000001,1.0,0,0
550,t2_b0,8,2,0.7423522229976282,0.06273096054792404,0.23094254732131958,0.23094254732131958,0.9500000000000001,1.0,0,0
551,t2_b0,8,2,0.0019008695300151196,0.15698322653770447,0.012025268748402596,0.012025268748402596,0.03333333333333333,1.0,0,0
551,t2_b0,5,4,0.022262667196902532,0.08950621634721756,0.0022608472499996424,0.0022608472499996424,0.9333333333333333,1.0,0,0
552,t2_b0,8,4,-0.25162140527415267,0.12757594883441925,0.07189531624317169,0.07189531624317169,0.9333333333333333,1.0,0,0
553,t2_b0,2,8,0.22524802720113205,0.08941245079040527,0.009225651621818542,0.009225651621818542,0.9333333333333333,1.0,0,0
553,t2_b0,4,5,0.0106995312094992,0.18786615133285522,0.01569400727748871,0.01569400727748871,0.9333333333333333,1.0,0,0
553,t2_b0,6,7,0.07608202846003143,0.022197753190994263,0.0014517575036734343,0.0014517575036734343,1.0,1.0,0,0
554,t2_b0,4,5,-0.3671915282835516,0.12325045466423035,0.12026666849851608,0.12026666849851608,0.9333333333333333,1.0,0,0
554,t2_b0,2,8,0.7174669403936046,0.1081966757774353,0.18560513854026794,0.18560513854026794,0.9333333333333333,1.0,0,0
554,t2_b0,6,7,0.0,0.0359952375292778,0.000647828564979136,0.000647828564979136,1.0,1.0,0,0
555,t2_b0,2,8,0.4613228674703465,0.17814812064170837,0.04009396955370903,0.04009396955370903,0.9333333333333333,1.0,0,0
556,t2_b0,2,8,0.0,0.2038300633430481,0.020773347467184067,0.020773347467184067,0.9500000000000001,1.0,0,0
557,t2_b0,2,8,0.677874420742464,0.13802199065685272,0.14572033286094666,0.14572033286094666,0.9500000000000001,1.0,0,0
558,t2_b0,9,5,0.4216825180250242,0.1222604289650917,0.04482679441571236,0.04482679441571236,0.9,1.0,0,0
558,t2_b0,2,8,0.2756596251431587,0.13866744935512543,0.009383427910506725,0.009383427910506725,0.9500000000000001,1.0,0,0
559,t2_b0,2,8,0.2727100798391597,0.12835440039634705,0.010419282130897045,0.010419282130897045,0.9333333333333333,1.0,0,0
559,t2_b0,9,5,-0.4652566068142855,0.26824337244033813,0.26901113986968994,0.26901113986968994,0.8838541666666667,1.0,0,0
560,t2_b0,2,8,0.15518770580835944,0.13679736852645874,0.00016910234990064055,0.00016910234990064055,0.9333333333333333,1.0,0,0
561,t2_b0,8,2,0.22240432640940475,0.07968869805335999,0.010183876380324364,0.010183876380324364,0.9333333333333333,1.0,0,0
562,t2_b0,2,8,0.6404925128149228,0.12121542543172836,0.13482435047626495,0.13482435047626495,0.9333333333333333,1.0,0,0
563,t2_b0,2,8,0.1632988200056757,0.16891548037528992,1.5773463019286282e-05,1.5773463019286282e-05,0.9500000000000001,1.0,0,0
563,t2_b0,9,5,-0.5438297661951184,0.09525908529758453,0.20421725511550903,0.20421725511550903,1.0,1.0,0,0
564,t2_b0,4,7,0.33097745580026505,0.12587648630142212,0.021033206954598427,0.021033206954598427,1.0,1.0,0,0
564,t2_b0,2,8,-0.0017804850822417807,0.17685875296592712,0.015955988317728043,0.015955988317728043,0.9333333333333333,1.0,0,0
564,t2_b0,6,9,0.8751226976990788,0.11601030081510544,0.2881258428096771,0.2881258428096771,1.0,1.0,0,0
565,t2_b0,6,9,0.14184922964963037,0.2744429409503937,0.008790545165538788,0.008790545165538788,1.0,1.0,0,0
565,t2_b0,2,8,0.544928718036177,0.13471724092960358,0.08413673937320709,0.08413673937320709,0.92,1.0,0,0
565,t2_b0,3,5,-0.6230600620524621,0.20365101099014282,0.34172558784484863,0.34172558784484863,0.8687499999999999,1.0,0,0
565,t2_b0,4,7,0.014189294956787446,0.22529765963554382,0.022283371537923813,0.022283371537923813,1.0,1.0,0,0
566,t2_b0,4,7,0.00015431762064312154,0.049791544675827026,0.001231927191838622,0.001231927191838622,1.0,1.0,0,0
566,t2_b0,6,9,-0.23856441774118237,0.1940111219882965,0.09356079250574112,0.09356079250574112,1.0,1.0,0,0
566,t2_b0,2,8,0.42270138752351333,0.15082690119743347,0.036957867443561554,0.036957867443561554,0.92,1.0,0,0
567,t2_b0,2,8,0.6328428836849722,0.16859564185142517,0.10776275396347046,0.10776275396347046,0.92,1.0,0,0
567,t2_b0,1,3,-0.008080364386406238,0.10602448880672455,0.006509958766400814,0.006509958766400814,0.02,1.0,0,0
567,t2_b0,4,7,-0.029105030577280463,-0.015657596290111542,9.041673911269754e-05,9.041673911269754e-05,1.0,1.0,0,0
567,t2_b0,6,5,0.11157155105795265,0.03786197304725647,0.002716550836339593,0.002716550836339593,1.0,1.0,0,0
568,t2_b0,0,1,0.011321984714622809,0.13644853234291077,0.00782832596451044,0.00782832596451044,0.92,1.0,0,0
568,t2_b0,2,8,0.14554002172553787,0.20127105712890625,0.0015529737574979663,0.0015529737574979663,0.9166666666666667,1.0,0,0
568,t2_b0,4,7,-0.0600744945503883,0.04322711378335953,0.005335610825568438,0.005335610825568438,1.0,1.0,0,0
569,t2_b0,1,2,0.021348128958389126,0.11613196134567261,0.0044919876381754875,0.0044919876381754875,0.02,1.0,0,0
569,t2_b0,5,8,0.1410960382588116,0.0951247587800026,0.0010566794080659747,0.0010566794080659747,0.92,1.0,0,0
570,t2_b0,5,8,0.4873251830778727,0.1448904424905777,0.05863078311085701,0.05863078311085701,0.92,1.0,0,0
570,t2_b0,0,2,0.0,0.09485650807619095,0.0044988784939050674,0.0044988784939050674,0.02,1.0,0,0
571,t2_b0,5,8,0.42438125538600036,0.20744141936302185,0.023531446233391762,0.023531446233391762,0.92,1.0,0,0
571,t2_b0,0,1,0.0,0.11432452499866486,0.006535048596560955,0.006535048596560955,0.92,1.0,0,0
572,t2_b0,6,2,0.21792845523987092,0.16352713108062744,0.001479752012528479,0.001479752012528479,0.92,1.0,0,0
572,t2_b0,8,5,-0.07360988052162731,0.1106783002614975,0.016981065273284912,0.016981065273284912,0.92,1.0,0,0
572,t2_b0,0,1,0.12578341427679812,0.11501128226518631,5.801940642413683e-05,5.801940642413683e-05,0.925,1.0,0,0
573,t2_b0,4,1,0.7188546698347668,0.21875372529029846,0.12505048513412476,0.12505048513412476,0.8990885416666666,1.0,0,0
573,t2_b0,2,5,0.3938452777149865,0.12827125191688538,0.03526478633284569,0.03526478633284569,0.92,1.0,0,0
574,t2_b0,4,1,0.7340867144981439,0.3658846616744995,0.06778636574745178,0.06778636574745178,0.92,1.0,0,0
574,t2_b0,8,9,0.2281692739747149,0.08494173735380173,0.010257065296173096,0.010257065296173096,0.9500000000000001,1.0,0,0
574,t2_b0,2,5,0.6163668108545217,0.15062497556209564,0.10845772176980972,0.10845772176980972,0.92,1.0,0,0
575,t2_b0,2,5,0.20093798334991525,0.18684670329093933,9.928212966769934e-05,9.928212966769934e-05,0.92,1.0,0,0
575,t2_b0,4,1,0.7412655728883003,0.4381757974624634,0.04593171179294586,0.04593171179294586,0.925,1.0,0,0
575,t2_b0,8,9,-0.017617579509946742,0.1344693899154663,0.011565223336219788,0.011565223336219788,0.9500000000000001,1.0,0,0
576,t2_b0,2,5,-0.08497531397194187,0.1682535856962204,0.03206243738532066,0.03206243738532066,0.925,1.0,0,0
576,t2_b0,8,9,-0.00010326580191790919,0.08705322444438934,0.0037981269415467978,0.0037981269415467978,1.0,1.0,0,0
576,t2_b0,0,1,0.22461267000614574,0.1331060230731964,0.0041867331601679325,0.0041867331601679325,0.9333333333333333,1.0,0,0
577,t2_b0,2,5,0.16723263603964156,0.10326264053583145,0.0020460798405110836,0.0020460798405110836,0.925,1.0,0,0
577,t2_b0,8,9,0.05298227503212904,0.05394124984741211,4.5981690277585585e-07,4.5981690277585585e-07,1.0,1.0,0,0
577,t2_b0,0,1,-0.0027797034917938536,0.13982707262039185,0.01016834657639265,0.01016834657639265,0.9333333333333333,1.0,0,0
578,t2_b0,2,5,-0.24430382390703784,0.0909908190369606,0.05621124431490898,0.05621124431490898,0.925,1.0,0,0
578,t2_b0,8,9,0.06394311314274556,0.07061729580163956,2.227237564511597e-05,2.227237564511597e-05,1.0,1.0,0,0
578,t2_b0,0,1,0.6407910980336421,0.054548755288124084,0.17184005677700043,0.17184005677700043,0.9333333333333333,1.0,0,0
579,t2_b0,0,1,0.1852967381790913,0.18485461175441742,9.774051079602941e-08,9.774051079602941e-08,0.9500000000000001,1.0,0,0
579,t2_b0,8,9,0.2911498307234048,0.08180709183216095,0.021912189200520515,0.021912189200520515,1.0,1.0,0,0
579,t2_b0,6,5,0.07754979442226173,0.12820272147655487,0.001282859593629837,0.001282859593629837,0.9333333333333333,1.0,0,0
580,t2_b0,0,1,0.4409745042139409,0.18125644326210022,0.03372673690319061,0.03372673690319061,0.9500000000000001,1.0,0,0
580,t2_b0,6,2,-0.016824943491486034,0.10408453643321991,0.007309551350772381,0.007309551350772381,0.9333333333333333,1.0,0,0
580,t2_b0,9,8,0.0955237532109466,0.10405980050563812,3.643205855041742e-05,3.643205855041742e-05,1.0,1.0,0,0
581,t2_b0,9,8,0.0071300926180893785,0.1184520497918129,0.006196288857609034,0.006196288857609034,0.9500000000000001,1.0,0,0
581,t2_b0,5,6,0.23601020306131876,0.0895070731639862,0.010731584392488003,0.010731584392488003,0.9333333333333333,1.0,0,0
581,t2_b0,1,2,0.043313537320457715,0.06491294503211975,0.00023326721566263586,0.00023326721566263586,0.9333333333333333,1.0,0,0
582,t2_b0,9,8,-0.034027933052419364,0.11780101805925369,0.011526014655828476,0.011526014655828476,0.9500000000000001,1.0,0,0
582,t2_b0,5,6,0.28131008742542407,0.13307198882102966,0.010987265966832638,0.010987265966832638,0.9333333333333333,1.0,0,0
582,t2_b0,1,2,0.09772052335702934,0.018274754285812378,0.003155815415084362,0.003155815415084362,0.925,1.0,0,0
583,t2_b0,2,8,0.08118147644161577,0.11867165565490723,0.0007027568644843996,0.0007027568644843996,0.925,1.0,0,0
583,t2_b0,5,6,0.49325745246247255,0.13334594666957855,0.06476814299821854,0.06476814299821854,0.9333333333333333,1.0,0,0
584,t2_b0,2,8,0.2592148331414593,0.10483713448047638,0.011916235089302063,0.011916235089302063,0.925,1.0,0,0
584,t2_b0,0,5,-0.007454788187645562,0.06560332328081131,0.0026687439531087875,0.0026687439531087875,1.0,1.0,0,0
585,t2_b0,8,2,0.029667335523275665,0.09232903271913528,0.0019632442854344845,0.0019632442854344845,0.9333333333333333,1.0,0,0
585,t2_b0,5,6,0.07434347423245681,0.08018137514591217,1.704055284790229e-05,1.704055284790229e-05,0.9333333333333333,1.0,0,0
586,t2_b0,5,6,0.47096700538874864,0.08283455669879913,0.07532340288162231,0.07532340288162231,0.9500000000000001,1.0,0,0
586,t2_b0,2,8,0.1879880047114502,0.10899920761585236,0.003119614440947771,0.003119614440947771,0.925,1.0,0,0
587,t2_b0,0,5,-0.02851664427318395,0.0484914630651474,0.0029651240911334753,0.0029651240911334753,0.9500000000000001,1.0,0,0
587,t2_b0,1,2,0.0,0.07112782448530197,0.00252958363853395,0.00252958363853395,0.9333333333333333,1.0,0,0
587,t2_b0,4,9,0.9855163633417577,-0.12643654644489288,0.6119529008865356,0.6119529008865356,1.0,1.0,0,0
588,t2_b0,0,5,0.15600208389852677,0.016432389616966248,0.009739850647747517,0.009739850647747517,0.9500000000000001,1.0,0,0
588,t2_b0,1,2,0.0,0.03328624367713928,0.0005539869889616966,0.0005539869889616966,0.9333333333333333,1.0,0,0
588,t2_b0,9,8,0.13944371322969565,0.12347051501274109,0.00012757148942910135,0.00012757148942910135,0.9333333333333333,1.0,0,0
589,t2_b0,1,6,0.030749082463556923,0.0517592653632164,0.00022071388957556337,0.00022071388957556337,0.03333333333333333,1.0,0,0
589,t2_b0,0,5,0.0,0.038990363478660583,0.0007601242396049201,0.0007601242396049201,0.9500000000000001,1.0,0,0
589,t2_b0,9,8,-0.015817797214420417,0.11881936341524124,0.009063582867383957,0.009063582867383957,0.9333333333333333,1.0,0,0
590,t2_b0,5,6,0.48284813748493394,0.06235046684741974,0.08840914070606232,0.08840914070606232,0.9500000000000001,1.0,0,0
590,t2_b0,4,1,-1.0,0.6518464684486389,1.1518464088439941,1.1518464088439941,0.8693359375,1.0,0,0
590,t2_b0,9,8,0.24289680116458293,0.09865222871303558,0.01040324755012989,0.01040324755012989,0.9333333333333333,1.0,0,0
591,t2_b0,5,6,0.6062667057784916,0.20305553078651428,0.0812896117568016,0.0812896117568016,0.9500000000000001,1.0,0,0
591,t2_b0,4,1,0.715362447912001,0.45493972301483154,0.03390999138355255,0.03390999138355255,0.888671875,1.0,0,0
591,t2_b0,2,8,0.04344253860188571,0.12338504195213318,0.0031954017467796803,0.0031954017467796803,0.92,1.0,0,0
592,t2_b0,5,6,0.6451825073563611,0.2497713714838028,0.07817498594522476,0.07817498594522476,1.0,1.0,0,0
592,t2_b0,2,8,0.07883343246194942,0.09952734410762787,0.00021411901980172843,0.00021411901980172843,0.92,1.0,0,0
592,t2_b0,4,1,0.18504102324532298,0.3186105787754059,0.008920412510633469,0.008920412510633469,0.901875,1.0,0,0
593,t2_b0,2,8,0.12181448462691931,0.09892011433839798,0.0002620760351419449,0.0002620760351419449,0.92,1.0,0,0
593,t2_b0,4,1,0.531367203958114,0.20664402842521667,0.05272256210446358,0.05272256210446358,0.925,1.0,0,0
593,t2_b0,5,6,0.6680963075303078,0.20510488748550415,0.10718052834272385,0.10718052834272385,1.0,1.0,0,0
594,t2_b0,8,2,0.22675708366892136,0.08624082803726196,0.009872408583760262,0.009872408583760262,0.9333333333333333,1.0,0,0
594,t2_b0,5,6,0.3178334451695256,0.16997982561588287,0.010930347256362438,0.010930347256362438,1.0,1.0,0,0
594,t2_b0,0,1,0.08400294907744661,0.16507107019424438,0.0032860201317816973,0.0032860201317816973,0.9333333333333333,1.0,0,0
595,t2_b0,8,2,0.04471117855307303,0.10824790596961975,0.002018457744270563,0.002018457744270563,0.9500000000000001,1.0,0,0
595,t2_b0,5,6,0.12509389280615713,0.14660249650478363,0.0002313100267201662,0.0002313100267201662,1.0,1.0,0,0
595,t2_b0,1,0,0.13262193298528674,0.1266067624092102,1.809111563488841e-05,1.809111563488841e-05,0.9333333333333333,1.0,0,0
596,t2_b0,4,6,0.0,0.09936370700597763,0.0049365730956196785,0.0049365730956196785,1.0,1.0,0,0
596,t2_b0,8,2,0.04078065532050672,0.08667532354593277,0.0010531602893024683,0.0010531602893024683,1.0,1.0,0,0
596,t2_b0,0,1,0.6494663158843178,0.15138661861419678,0.12404169887304306,0.12404169887304306,1.0,1.0,0,0
597,t2_b0,8,2,0.1306344788152136,0.06174401193857193,0.0023729477543383837,0.0023729477543383837,1.0,1.0,0,0
597,t2_b0,4,6,0.4612353617734701,0.10114015638828278,0.06483427435159683,0.06483427435159683,1.0,1.0,0,0
597,t2_b0,0,1,0.0,0.20792825520038605,0.02161707915365696,0.02161707915365696,1.0,1.0,0,0
598,t2_b0,8,2,0.20789314360323566,0.08328190445899963,0.007763980887830257,0.007763980887830257,1.0,1.0,0,0
598,t2_b0,0,1,0.6080381718193081,0.1292605698108673,0.11461400240659714,0.11461400240659714,1.0,1.0,0,0
598,t2_b0,5,6,0.4070816659280607,0.15309405326843262,0.03225485235452652,0.03225485235452652,1.0,1.0,0,0
599,t2_b0,8,2,0.0,0.12395379692316055,0.007682271767407656,0.007682271767407656,1.0,1.0,0,0
599,t2_b0,0,1,-0.014658934364652374,0.18575812876224518,0.02008349820971489,0.02008349820971489,1.0,1.0,0,0
599,t2_b0,5,6,0.43271883444355097,0.19419556856155396,0.028446676209568977,0.028446676209568977,0.9500000000000001,1.0,0,0
600,t2_b0,3,7,0.0,-0.12555544078350067,0.00788208469748497,0.00788208469748497,1.0,1.0,0,0
600,t2_b0,4,6,-0.05610170313877457,0.1511654406785965,0.021479832008481026,0.021479832008481026,1.0,1.0,0,0
600,t2_b0,5,9,0.0,0.19819414615631104,0.01964046061038971,0.01964046061038971,0.05,1.0,0,0
600,t2_b0,0,1,0.39377564162790646,0.15740014612674713,0.02793668769299984,0.02793668769299984,1.0,1.0,0,0
601,t2_b0,5,9,0.0,0.1286490559577942,0.0082752900198102,0.0082752900198102,1.0,1.0,0,0
601,t2_b0,0,1,0.0,0.19297081232070923,0.018618866801261902,0.018618866801261902,1.0,1.0,0,0
601,t2_b0,4,6,0.18940693799860703,0.13295358419418335,0.0015934902476146817,0.0015934902476146817,0.9500000000000001,1.0,0,0
602,t2_b0,9,4,0.8935232121778738,0.25929728150367737,0.2011212855577469,0.2011212855577469,0.9,1.0,0,0
602,t2_b0,3,7,0.0,-0.04216752573847771,0.0008890501339919865,0.0008890501339919865,1.0,1.0,0,0
602,t2_b0,0,1,0.4860634909227356,0.15945138037204742,0.053337737917900085,0.053337737917900085,1.0,1.0,0,0
603,t2_b0,0,1,0.17595629350054012,0.19612887501716614,0.0002034665085375309,0.0002034665085375309,1.0,1.0,0,0
603,t2_b0,3,7,-0.001826962638987238,0.006635405123233795,3.5805831430479884e-05,3.5805831430479884e-05,1.0,1.0,0,0
603,t2_b0,9,4,-0.17508540185522475,0.27667874097824097,0.10204541683197021,0.10204541683197021,1.0,1.0,0,0
604,t2_b0,0,1,-0.027191337144648494,0.17358878254890442,0.02015632949769497,0.02015632949769497,1.0,1.0,0,0
604,t2_b0,4,6,-0.050201175618145744,0.13321782648563385,0.01682126522064209,0.01682126522064209,0.9500000000000001,1.0,0,0
604,t2_b0,3,7,0.0,0.014850594103336334,0.00011027006985386834,0.00011027006985386834,1.0,1.0,0,0
605,t2_b0,0,1,0.005612161681144332,0.12496740370988846,0.0071228365413844585,0.0071228365413844585,1.0,1.0,0,0
605,t2_b0,4,6,0.14174998684853815,0.11740488559007645,0.00029634212842211127,0.00029634212842211127,1.0,1.0,0,0
605,t2_b0,3,7,0.22102202179462835,-0.019222117960453033,0.028858626261353493,0.028858626261353493,1.0,1.0,0,0
606,t2_b0,3,7,0.0,0.10305073857307434,0.005309727508574724,0.005309727508574724,0.5,1.0,0,0
606,t2_b0,0,1,0.015394317513258622,0.11688593775033951,0.0051502748392522335,0.0051502748392522335,1.0,1.0,0,0
606,t2_b0,4,6,0.09527268832781703,0.1173056960105896,0.0002427266736049205,0.0002427266736049205,0.9500000000000001,1.0,0,0
607,t2_b0,0,1,0.19982061062710113,0.12666168808937073,0.0026761137414723635,0.0026761137414723635,1.0,1.0,0,0
607,t2_b0,4,6,0.13397424114841638,0.12647411227226257,2.8125952667323872e-05,2.8125952667323872e-05,0.9500000000000001,1.0,0,0
607,t2_b0,3,7,0.0,0.026792459189891815,0.00035891792504116893,0.00035891792504116893,0.5,1.0,0,0
608,t2_b0,4,6,0.0,0.13385149836540222,0.008958111517131329,0.008958111517131329,0.9500000000000001,1.0,0,0
608,t2_b0,0,1,0.013608324057064405,0.15331745147705078,0.009759320877492428,0.009759320877492428,1.0,1.0,0,0
608,t2_b0,7,3,0.5163353978234821,0.01656278222799301,0.12488631159067154,0.12488631159067154,1.0,1.0,0,0
609,t2_b0,7,3,0.030499584985523878,0.1728794276714325,0.010136011056602001,0.010136011056602001,1.0,1.0,0,0
609,t2_b0,0,1,0.5021163703260637,0.13977310061454773,0.06564632803201675,0.06564632803201675,1.0,1.0,0,0
609,t2_b0,4,6,-0.09306745865970555,0.12471255660057068,0.02371406927704811,0.02371406927704811,0.9500000000000001,1.0,0,0
610,t2_b0,4,6,0.0,0.10450094193220139,0.005460223648697138,0.005460223648697138,1.0,1.0,0,0
610,t2_b0,0,1,0.0739879516802736,0.1840856969356537,0.006060756742954254,0.006060756742954254,1.0,1.0,0,0
610,t2_b0,8,9,0.922487054293894,0.13562658429145813,0.309574693441391,0.309574693441391,1.0,1.0,0,0
610,t2_b0,7,3,0.1983740580642551,0.11256466805934906,0.003681626170873642,0.003681626170873642,1.0,1.0,0,0
611,t2_b0,4,6,0.2312419090326361,0.09834995865821838,0.008830135688185692,0.008830135688185692,1.0,1.0,0,0
611,t2_b0,8,9,-1.0,0.377693772315979,0.877693772315979,0.877693772315979,1.0,1.0,0,0
611,t2_b0,7,3,0.15025897085985992,0.07566379755735397,0.002782220020890236,0.002782220020890236,1.0,1.0,0,0
611,t2_b0,0,1,-0.007067350105916918,0.14253532886505127,0.01119048148393631,0.01119048148393631,1.0,1.0,0,0
612,t2_b0,0,1,0.052280144654468265,0.09718640893697739,0.0010082863736897707,0.0010082863736897707,1.0,1.0,0,0
612,t2_b0,8,9,-1.0,0.2709844708442688,0.770984411239624,0.770984411239624,1.0,1.0,0,0
612,t2_b0,3,7,0.0,0.06897641718387604,0.002378873061388731,0.002378873061388731,0.5,1.0,0,0
612,t2_b0,4,6,0.11686065712600495,0.12267967313528061,1.69304694281891e-05,1.69304694281891e-05,1.0,1.0,0,0
613,t2_b0,0,1,0.3161804775087694,0.09812089800834656,0.02377498708665371,0.02377498708665371,1.0,1.0,0,0
613,t2_b0,4,6,0.034835942490463824,0.1296672224998474,0.00449648592621088,0.00449648592621088,1.0,1.0,0,0
613,t2_b0,8,9,0.4472813209715598,0.10918526351451874,0.05715448036789894,0.05715448036789894,1.0,1.0,0,0
613,t2_b0,3,7,0.0,0.07985152304172516,0.0031881327740848064,0.0031881327740848064,0.3333333333333333,1.0,0,0
614,t2_b0,0,1,0.23859543588180654,0.14180594682693481,0.004684103187173605,0.004684103187173605,0.9500000000000001,1.0,0,0
614,t2_b0,4,6,0.04817012308791047,0.11890704929828644,0.0025018565356731415,0.0025018565356731415,1.0,1.0,0,0
614,t2_b0,3,7,0.038805806092062335,0.07673311978578568,0.0007192405755631626,0.0007192405755631626,0.3333333333333333,1.0,0,0
614,t2_b0,8,9,-1.0,0.07526790350675583,0.5752679109573364,0.5752679109573364,1.0,1.0,0,0
615,t2_b0,0,1,-0.019254478557210495,0.1676252782344818,0.017462020739912987,0.017462020739912987,0.9500000000000001,1.0,0,0
615,t2_b0,8,9,-1.0,0.02652658522129059,0.5265265703201294,0.5265265703201294,1.0,1.0,0,0
615,t2_b0,4,6,0.0,0.11185029149055481,0.00625524390488863,0.00625524390488863,1.0,1.0,0,0
615,t2_b0,7,2,0.0,0.07011064887046814,0.002457751426845789,0.002457751426845789,0.5,1.0,0,0
616,t2_b0,8,9,-1.0,-0.01649903506040573,0.4836370646953583,0.4836370646953583,1.0,1.0,0,0
616,t2_b0,4,6,0.615485689274279,0.11140839010477066,0.12704694271087646,0.12704694271087646,1.0,1.0,0,0
616,t2_b0,0,1,0.6137789201806362,0.1413542628288269,0.11159253865480423,0.11159253865480423,0.9500000000000001,1.0,0,0
616,t2_b0,2,3,0.17174398884823788,0.11974002420902252,0.001352206221781671,0.001352206221781671,0.25,1.0,0,0
617,t2_b0,8,9,-1.0,-0.045550789684057236,0.4554866850376129,0.4554866850376129,1.0,1.0,0,0
617,t2_b0,4,6,0.23771827753063457,0.1623706966638565,0.0028386295307427645,0.0028386295307427645,1.0,1.0,0,0
617,t2_b0,0,1,0.03268382686478738,0.20739245414733887,0.015261553227901459,0.015261553227901459,1.0,1.0,0,0
617,t2_b0,2,7,0.20674041702631535,0.16444620490074158,0.0008944004657678306,0.0008944004657678306,0.3333333333333333,1.0,0,0
618,t2_b0,0,1,0.03973407569536446,0.18343017995357513,0.010324284434318542,0.010324284434318542,1.0,1.0,0,0
618,t2_b0,4,6,0.014094561120959805,0.17614418268203735,0.013130039907991886,0.013130039907991886,1.0,1.0,0,0
618,t2_b0,7,2,-0.057088538750060515,0.10686296224594116,0.013440047390758991,0.013440047390758991,0.5,1.0,0,0
618,t2_b0,8,9,-0.7813831912788181,-0.06421590596437454,0.25716447830200195,0.25716447830200195,1.0,1.0,0,0
619,t2_b0,4,6,0.03824267535296704,0.15190868079662323,0.006459980271756649,0.006459980271756649,1.0,1.0,0,0
619,t2_b0,0,1,0.15043202696693903,0.11891362071037292,0.0004967047716490924,0.0004967047716490924,1.0,1.0,0,0
619,t2_b0,8,9,-0.18830985538112147,-0.05431850627064705,0.008976840414106846,0.008976840414106846,1.0,1.0,0,0
619,t2_b0,3,7,0.014757550479509489,0.07230523228645325,0.001655867788940668,0.001655867788940668,0.3333333333333333,1.0,0,0
620,t2_b0,3,7,0.0,0.05671721696853638,0.001608421327546239,0.001608421327546239,0.5,1.0,0,0
620,t2_b0,8,9,-0.25678113908079714,0.0015600621700286865,0.033370085060596466,0.033370085060596466,1.0,1.0,0,0
620,t2_b0,0,1,0.05392516343756213,0.10205241292715073,0.0011581160360947251,0.0011581160360947251,1.0,1.0,0,0
620,t2_b0,4,6,0.2964974035781298,0.12187935411930084,0.015245731920003891,0.015245731920003891,1.0,1.0,0,0
621,t2_b0,2,7,0.11183723814549004,0.11895935982465744,2.536230931582395e-05,2.536230931582395e-05,1.0,1.0,0,0
621,t2_b0,0,1,0.3831868815543317,0.11126656830310822,0.03697033226490021,0.03697033226490021,1.0,1.0,0,0
621,t2_b0,4,6,0.18090676965076308,0.12188857793807983,0.0017415736801922321,0.0017415736801922321,1.0,1.0,0,0
621,t2_b0,8,9,-0.9592109414951029,0.05388748645782471,0.5130984783172607,0.5130984783172607,1.0,1.0,0,0
622,t2_b0,2,7,0.0,0.08148957788944244,0.0033202755730599165,0.0033202755730599165,1.0,1.0,0,0
622,t2_b0,8,9,-1.0,0.027444541454315186,0.52744460105896,0.52744460105896,1.0,1.0,0,0
622,t2_b0,4,6,0.0,0.12824800610542297,0.008223775774240494,0.008223775774240494,1.0,1.0,0,0
622,t2_b0,0,1,0.09814832597825554,0.15506404638290405,0.0016196997603401542,0.0016196997603401542,1.0,1.0,0,0
623,t2_b0,0,1,0.2673754660914529,0.15447558462619781,0.006373192183673382,0.006373192183673382,1.0,1.0,0,0
623,t2_b0,4,6,0.6111281489267413,0.11840131133794785,0.12138986587524414,0.12138986587524414,1.0,1.0,0,0
623,t2_b0,8,9,-1.0,-0.03449053317308426,0.46610426902770996,0.46610426902770996,1.0,1.0,0,0
623,t2_b0,3,7,0.0,0.06348481774330139,0.002015161095187068,0.002015161095187068,0.5,1.0,0,0
624,t2_b0,7,3,0.031152278853731726,0.09082619100809097,0.0017804879462346435,0.0017804879462346435,1.0,1.0,0,0
624,t2_b0,4,6,0.5354982125446809,0.1691308617591858,0.0671125128865242,0.0671125128865242,1.0,1.0,0,0
624,t2_b0,0,1,0.05095700077761744,0.15223729610443115,0.00512884883210063,0.00512884883210063,1.0,1.0,0,0
624,t2_b0,8,9,-0.22963005592089364,-0.08832262456417084,0.009983894415199757,0.009983894415199757,1.0,1.0,0,0
625,t2_b0,8,9,-0.7226599645300424,-0.0746765211224556,0.20994126796722412,0.20994126796722412,1.0,1.0,0,0
625,t2_b0,4,6,0.0,0.21643058955669403,0.02342109940946102,0.02342109940946102,1.0,1.0,0,0
625,t2_b0,0,1,-0.06695610284884511,0.11201190203428268,0.01601477526128292,0.01601477526128292,1.0,1.0,0,0
625,t2_b0,3,7,-0.06077014413345779,0.08132153749465942,0.0100950226187706,0.0100950226187706,0.5,1.0,0,0
626,t2_b0,3,7,0.0961948844283743,0.02285054326057434,0.0026896963827311993,0.0026896963827311993,0.5,1.0,0,0
626,t2_b0,8,9,-0.2756725016642037,-0.06340981274843216,0.022527724504470825,0.022527724504470825,1.0,1.0,0,0
626,t2_b0,4,6,0.45765233463805394,0.1754700243473053,0.03981342539191246,0.03981342539191246,1.0,1.0,0,0
626,t2_b0,0,1,0.04109987547874746,0.08358234167098999,0.0009023799211718142,0.0009023799211718142,1.0,1.0,0,0
627,t2_b0,4,6,0.2512605310336506,0.15813860297203064,0.004335845820605755,0.004335845820605755,1.0,1.0,0,0
627,t2_b0,8,9,0.03958201020517872,-0.029723763465881348,0.0024016452953219414,0.0024016452953219414,1.0,1.0,0,0
627,t2_b0,3,7,0.18956969350915182,0.09601965546607971,0.004375805146992207,0.004375805146992207,0.5,1.0,0,0
627,t2_b0,0,1,0.14817663213037624,0.1081143394112587,0.0008024933631531894,0.0008024933631531894,1.0,1.0,0,0
628,t2_b0,8,9,-0.3893854723511957,0.01858915388584137,0.08322163671255112,0.08322163671255112,1.0,1.0,0,0
628,t2_b0,7,3,0.0,0.08557622134685516,0.0036616448778659105,0.0036616448778659105,1.0,1.0,0,0
628,t2_b0,4,6,0.2100250772651786,0.14902730286121368,0.0018603638745844364,0.0018603638745844364,1.0,1.0,0,0
628,t2_b0,0,1,0.46091387968522946,0.14617601037025452,0.04952995851635933,0.04952995851635933,1.0,1.0,0,0
629,t2_b0,3,7,0.026251666824887714,0.0311453714966774,1.1974175322393421e-05,1.1974175322393421e-05,0.5,1.0,0,0
629,t2_b0,4,6,0.0,0.1415301263332367,0.010015388019382954,0.010015388019382954,1.0,1.0,0,0
629,t2_b0,8,9,-0.1526941717482672,0.017347857356071472,0.014457144774496555,0.014457144774496555,1.0,1.0,0,0
629,t2_b0,0,1,0.3318051580989396,0.19471076130867004,0.00939743872731924,0.00939743872731924,1.0,1.0,0,0
630,t2_b0,7,3,0.05652870907545469,0.09462759643793106,0.0007257625693455338,0.0007257625693455338,1.0,1.0,0,0
630,t2_b0,8,9,0.19888172753465003,0.0163503959774971,0.01665884256362915,0.01665884256362915,1.0,1.0,0,0
630,t2_b0,4,6,0.6319552656600572,0.13196821510791779,0.12499353289604187,0.12499353289604187,1.0,1.0,0,0
630,t2_b0,0,1,0.0,0.20209980010986328,0.020422164350748062,0.020422164350748062,1.0,1.0,0,0
631,t2_b0,4,6,0.4078955819473981,0.1827363222837448,0.025348348543047905,0.025348348543047905,0.9500000000000001,1.0,0,0
631,t2_b0,0,1,0.6084526342454634,0.14297299087047577,0.10833563655614853,0.10833563655614853,0.9500000000000001,1.0,0,0
631,t2_b0,8,9,0.00717719783964345,0.040884166955947876,0.0005680799367837608,0.0005680799367837608,1.0,1.0,0,0
632,t2_b0,0,1,-0.0680927352617885,0.19214415550231934,0.03386161848902702,0.03386161848902702,0.9500000000000001,1.0,0,0
632,t2_b0,7,3,0.02429818972575619,0.07637307792901993,0.0013558969367295504,0.0013558969367295504,0.5,1.0,0,0
632,t2_b0,4,6,0.07169840141408143,0.21416687965393066,0.01014863420277834,0.01014863420277834,0.9500000000000001,1.0,0,0
632,t2_b0,8,9,0.3181352145625784,0.054810769855976105,0.03466987982392311,0.03466987982392311,1.0,1.0,0,0
633,t2_b0,8,9,0.46562364984386695,0.08339216560125351,0.07305044680833817,0.07305044680833817,1.0,1.0,0,0
633,t2_b0,0,1,0.596945030254808,0.15931223332881927,0.09576123207807541,0.09576123207807541,0.9500000000000001,1.0,0,0
633,t2_b0,4,6,0.15566796552904535,0.1814173310995102,0.00033151503885164857,0.00033151503885164857,0.9500000000000001,1.0,0,0
634,t2_b0,3,0,0.15191329997158148,0.3202243149280548,0.01416429877281189,0.01416429877281189,0.9151041666666667,1.0,0,0
634,t2_b0,8,9,0.273161737680152,0.11332964152097702,0.012773148715496063,0.012773148715496063,0.05234375,1.0,0,0
634,t2_b0,4,6,0.0,0.1389281302690506,0.009650512598454952,0.009650512598454952,0.9500000000000001,1.0,0,0
635,t2_b0,8,9,0.09053584492644659,0.11551199108362198,0.0003119040047749877,0.0003119040047749877,0.9480468750000001,1.0,0,0
635,t2_b0,4,6,0.6278405654150984,0.1042848750948906,0.13705527782440186,0.13705527782440186,0.9500000000000001,1.0,0,0
635,t2_b0,3,0,0.022121231592889697,0.13335010409355164,0.00618593068793416,0.00618593068793416,0.94921875,1.0,0,0
636,t2_b0,2,8,0.9728091951530754,-0.2860964238643646,0.7589056491851807,0.7589056491851807,0.9,1.0,0,0
636,t2_b0,7,0,0.18214842319413663,0.39599379897117615,0.022864921018481255,0.022864921018481255,0.93671875,1.0,0,0
637,t2_b0,8,2,0.657721234650905,0.07529211044311523,0.1696118414402008,0.1696118414402008,0.948828125,1.0,0,0
637,t2_b0,0,7,0.17742449055837806,0.028524093329906464,0.011085662990808487,0.011085662990808487,1.0,1.0,0,0
638,t2_b0,2,8,0.5466809264806741,0.07186184078454971,0.11272658407688141,0.11272658407688141,1.0,1.0,0,0
638,t2_b0,0,7,-0.08329294266838715,0.09301977604627609,0.01554308645427227,0.01554308645427227,1.0,1.0,0,0
639,t2_b0,5,7,0.45206435708113774,0.2228143811225891,0.026277776807546616,0.026277776807546616,1.0,1.0,0,0
639,t2_b0,2,8,-0.030998673361773248,0.21032527089118958,0.029118623584508896,0.029118623584508896,1.0,1.0,0,0
640,t2_b0,8,9,-0.18420976117896407,0.10160588473081589,0.040845293551683426,0.040845293551683426,1.0,1.0,0,0
649,t2_b0,5,9,-0.0514810853690486,0.1945214867591858,0.030258631333708763,0.030258631333708763,1.0,1.0,0,0
650,t2_b0,9,5,0.9047154230440617,0.26619672775268555,0.2038530558347702,0.2038530558347702,0.9125,1.0,0,0
651,t2_b0,8,9,0.8237838877704415,0.12906959652900696,0.24131397902965546,0.24131397902965546,0.9,1.0,0,0
651,t2_b0,3,6,0.7734286737003822,-0.12484999001026154,0.4034522771835327,0.4034522771835327,1.0,1.0,0,0
652,t2_b0,3,6,0.0,0.2729363441467285,0.037247125059366226,0.037247125059366226,1.0,1.0,0,0
652,t2_b0,8,5,0.5196624112646705,0.3302002549171448,0.017947960644960403,0.017947960644960403,0.9128906250000001,1.0,0,0
653,t2_b0,8,9,-0.21488455835657339,0.3162039816379547,0.1410275101661682,0.1410275101661682,0.086328125,1.0,0,0
653,t2_b0,3,6,0.0,0.5118328928947449,0.13098645210266113,0.13098645210266113,0.5,1.0,0,0
654,t2_b0,2,6,0.5389347963214087,0.1371282935142517,0.08072422444820404,0.08072422444820404,0.5,1.0,0,0
654,t2_b0,9,8,-0.5153381254288746,0.10567406564950943,0.19282808899879456,0.19282808899879456,0.926171875,1.0,0,0
655,t2_b0,2,6,-0.011435349356399536,0.4976198375225067,0.12956859171390533,0.12956859171390533,0.5,1.0,0,0
655,t2_b0,5,9,-0.0805983483592648,0.20773334801197052,0.04156758263707161,0.04156758263707161,1.0,1.0,0,0
656,t2_b0,0,9,0.03898969875782936,0.051070161163806915,7.296876719919965e-05,7.296876719919965e-05,1.0,1.0,0,0
656,t2_b0,2,6,0.0,0.49494996666908264,0.12248773127794266,0.12248773127794266,1.0,1.0,0,0
656,t2_b0,4,5,-0.18227897793799444,0.13314372301101685,0.049745745956897736,0.049745745956897736,1.0,1.0,0,0
657,t2_b0,2,6,-0.16199415595693895,0.317700058221817,0.11505327373743057,0.11505327373743057,0.5,1.0,0,0
657,t2_b0,4,5,-0.7651519845152556,0.19878125190734863,0.4645836353302002,0.4645836353302002,1.0,1.0,0,0
658,t2_b0,2,6,-0.019371313550495133,0.14083313941955566,0.012832733802497387,0.012832733802497387,0.5,1.0,0,0
658,t2_b0,5,1,-0.40531115665761186,0.29557374119758606,0.24561984837055206,0.24561984837055206,0.9213541666666667,1.0,0,0
659,t2_b0,9,1,-1.0,0.2351834923028946,0.7351834774017334,0.7351834774017334,0.9333333333333333,1.0,0,0
659,t2_b0,2,8,0.4205476492304385,0.055540747940540314,0.0666150152683258,0.0666150152683258,0.902734375,1.0,0,0
660,t2_b0,8,2,0.24470539900297633,0.19974170625209808,0.0010108666028827429,0.0010108666028827429,1.0,1.0,0,0
660,t2_b0,5,9,0.0056276857581555465,0.10292281955480576,0.004733171779662371,0.004733171779662371,0.921875,1.0,0,0
660,t2_b0,0,1,0.31265241608951355,0.16604682803153992,0.010746598243713379,0.010746598243713379,0.9500000000000001,1.0,0,0
661,t2_b0,4,1,-0.10792026778697529,0.2196311056613922,0.053644947707653046,0.053644947707653046,0.94140625,1.0,0,0
661,t2_b0,5,9,0.21404518409083859,0.17954212427139282,0.0005952304927632213,0.0005952304927632213,0.9333333333333333,1.0,0,0
661,t2_b0,3,6,0.0,0.22926968336105347,0.0262822937220335,0.0262822937220335,1.0,1.0,0,0
661,t2_b0,2,8,0.1743715293630118,0.14943605661392212,0.0003108888049609959,0.0003108888049609959,0.082421875,1.0,0,0
662,t2_b0,8,2,0.386128153297439,0.17193469405174255,0.022939419373869896,0.022939419373869896,1.0,1.0,0,0
662,t2_b0,1,5,-0.0700273923998215,0.03935891389846802,0.005982682574540377,0.005982682574540377,0.9333333333333333,1.0,0,0
662,t2_b0,3,6,0.0,0.1895083487033844,0.017956707626581192,0.017956707626581192,1.0,1.0,0,0
662,t2_b0,0,9,0.0,0.07891473174095154,0.0031137673649936914,0.0031137673649936914,1.0,1.0,0,0
663,t2_b0,4,1,-0.031980884368603316,0.17919659614562988,0.022297965362668037,0.022297965362668037,0.9500000000000001,1.0,0,0
663,t2_b0,0,9,0.02884920578491907,0.032321006059646606,6.026701157679781e-06,6.026701157679781e-06,1.0,1.0,0,0
663,t2_b0,6,2,0.2924010996979695,0.1299135684967041,0.013201099820435047,0.013201099820435047,0.5,1.0,0,0
664,t2_b0,0,9,0.0,0.009083405137062073,4.125412306166254e-05,4.125412306166254e-05,1.0,1.0,0,0
664,t2_b0,8,2,0.4772768149301414,0.19738876819610596,0.03916865587234497,0.03916865587234497,0.918359375,1.0,0,0
664,t2_b0,4,5,0.05425423595820697,0.14356118440628052,0.003987865522503853,0.003987865522503853,0.9500000000000001,1.0,0,0
665,t2_b0,4,5,0.16125055470905186,0.13769163191318512,0.00027751157176680863,0.00027751157176680863,0.9500000000000001,1.0,0,0
665,t2_b0,6,8,0.13220269037252189,0.1712069809436798,0.0007606675499118865,0.0007606675499118865,0.8718750000000001,1.0,0,0
665,t2_b0,2,3,-0.01673677624018097,0.17766380310058594,0.018895791843533516,0.018895791843533516,0.8932291666666666,1.0,0,0
665,t2_b0,0,9,0.4194448558658149,0.03294114023447037,0.07469256222248077,0.07469256222248077,1.0,1.0,0,0
666,t2_b0,2,6,-0.11939281672660798,0.13321258127689362,0.03190474584698677,0.03190474584698677,0.8942708333333333,1.0,0,0
666,t2_b0,0,9,0.0,0.16882428526878357,0.014250819571316242,0.014250819571316242,1.0,1.0,0,0
666,t2_b0,4,5,-0.032555248610821486,0.1560533046722412,0.017786594107747078,0.017786594107747078,0.9500000000000001,1.0,0,0
667,t2_b0,4,5,-0.03209849721154592,0.13374939560890198,0.013752762228250504,0.013752762228250504,1.0,1.0,0,0
667,t2_b0,0,9,0.39446819185701854,0.1383039504289627,0.032810062170028687,0.032810062170028687,1.0,1.0,0,0
667,t2_b0,2,6,-0.16119639039792974,0.10254371911287308,0.03477942571043968,0.03477942571043968,0.8947916666666667,1.0,0,0
667,t2_b0,1,7,0.11513179480884135,-0.05004206299781799,0.01364120189100504,0.01364120189100504,1.0,1.0,0,0
668,t2_b0,1,7,0.0,0.06876329332590103,0.0023641951847821474,0.0023641951847821474,1.0,1.0,0,0
668,t2_b0,3,8,0.6121547777980434,0.20687517523765564,0.08212578296661377,0.08212578296661377,0.8937499999999999,1.0,0,0
668,t2_b0,2,6,-0.1609060298119937,0.09888721257448196,0.03374626860022545,0.03374626860022545,0.8953125000000001,1.0,0,0
668,t2_b0,0,9,0.0,0.16435255110263824,0.01350588072091341,0.01350588072091341,1.0,1.0,0,0
668,t2_b0,4,5,0.12953476590396554,0.12429827451705933,1.3710421626456082e-05,1.3710421626456082e-05,1.0,1.0,0,0
669,t2_b0,8,2,0.5327946504912906,0.1619880199432373,0.06874877959489822,0.06874877959489822,0.8963541666666667,1.0,0,0
669,t2_b0,0,9,0.3253918698720909,0.14556366205215454,0.016169089823961258,0.016169089823961258,1.0,1.0,0,0
669,t2_b0,4,5,0.43578991798016103,0.1453491747379303,0.04217791184782982,0.04217791184782982,1.0,1.0,0,0
669,t2_b0,1,7,0.23008800272671612,0.002074994146823883,0.02599496580660343,0.02599496580660343,1.0,1.0,0,0
670,t2_b0,0,9,0.0,0.1697852909564972,0.014413522556424141,0.014413522556424141,1.0,1.0,0,0
670,t2_b0,2,8,0.21826884503746344,0.13611596822738647,0.0033745472319424152,0.0033745472319424152,0.896875,1.0,0,0
670,t2_b0,1,7,0.0,0.07912568747997284,0.003130437107756734,0.003130437107756734,1.0,1.0,0,0
670,t2_b0,4,5,-0.2491460404647516,0.2060146927833557,0.10358564555644989,0.10358564555644989,1.0,1.0,0,0
671,t2_b0,3,8,-0.03281953916931055,0.1870552897453308,0.024172469973564148,0.024172469973564148,0.8963541666666667,1.0,0,0
671,t2_b0,4,5,-0.18527474285075912,0.1278936266899109,0.04903721436858177,0.04903721436858177,0.9500000000000001,1.0,0,0
671,t2_b0,2,6,-0.2616253865039416,0.1745617687702179,0.09512961655855179,0.09512961655855179,0.8973958333333333,1.0,0,0
671,t2_b0,0,9,0.30674087145479306,0.13380920886993408,0.01495268102735281,0.01495268102735281,1.0,1.0,0,0
671,t2_b0,1,7,0.018815310471218285,0.06183934956789017,0.0009255340555682778,0.0009255340555682778,1.0,1.0,0,0
672,t2_b0,2,6,0.07344178633642948,0.13410073518753052,0.0018397539388388395,0.0018397539388388395,0.8979166666666667,1.0,0,0
672,t2_b0,4,5,-0.37534675743135537,0.06917931884527206,0.09880171716213226,0.09880171716213226,0.9500000000000001,1.0,0,0
672,t2_b0,0,9,0.0,0.14812342822551727,0.010970274917781353,0.010970274917781353,1.0,1.0,0,0
673,t2_b0,2,6,0.03733067709904248,0.11942162364721298,0.0033694615121930838,0.0033694615121930838,0.8984375,1.0,0,0
673,t2_b0,0,9,0.28340403732476294,0.11912230402231216,0.013494242914021015,0.013494242914021015,1.0,1.0,0,0
673,t2_b0,4,5,-0.25217024021857487,0.05087064206600189,0.045916881412267685,0.045916881412267685,0.9500000000000001,1.0,0,0
673,t2_b0,3,8,0.1621172259736461,0.12126190960407257,0.00083457853179425,0.00083457853179425,0.896875,1.0,0,0
674,t2_b0,4,5,0.029176327813251832,0.08288779109716415,0.0014424605760723352,0.0014424605760723352,0.9500000000000001,1.0,0,0
674,t2_b0,2,8,0.20124422506644543,0.12481608241796494,0.002920630155131221,0.002920630155131221,0.8989583333333333,1.0,0,0
674,t2_b0,0,9,0.0,0.1494845449924469,0.011172814294695854,0.011172814294695854,1.0,1.0,0,0
675,t2_b0,4,5,-0.10229974215814211,0.14696726202964783,0.031067021191120148,0.031067021191120148,0.9500000000000001,1.0,0,0
675,t2_b0,2,6,0.010579695905260752,0.15405932068824768,0.010293202474713326,0.010293202474713326,0.8994791666666667,1.0,0,0
675,t2_b0,3,8,0.06673628392506752,0.16857780516147614,0.005185848101973534,0.005185848101973534,0.8973958333333333,1.0,0,0
675,t2_b0,0,9,0.2823396922792643,0.1467825025320053,0.009187876246869564,0.009187876246869564,1.0,1.0,0,0
676,t2_b0,5,4,-0.01622946132837429,0.14269189536571503,0.012627999298274517,0.012627999298274517,0.925,1.0,0,0
676,t2_b0,0,9,0.0,0.18537336587905884,0.0171816423535347,0.0171816423535347,0.9500000000000001,1.0,0,0
676,t2_b0,3,6,0.06252637572606036,0.17508450150489807,0.006334665697067976,0.006334665697067976,0.9234375,1.0,0,0
676,t2_b0,2,8,-0.003831711687652048,0.14833801984786987,0.011577813886106014,0.011577813886106014,0.9,1.0,0,0
677,t2_b0,5,4,0.0,0.12025871872901917,0.0072310795076191425,0.0072310795076191425,0.925,1.0,0,0
677,t2_b0,0,9,0.2822834281293041,0.13348768651485443,0.011070085689425468,0.011070085689425468,0.9500000000000001,1.0,0,0
677,t2_b0,3,6,0.19848705277360973,0.16144412755966187,0.0006860893336124718,0.0006860893336124718,0.923828125,1.0,0,0
678,t2_b0,2,6,0.0,0.13980886340141296,0.009773259051144123,0.009773259051144123,0.9031250000000001,1.0,0,0
678,t2_b0,5,4,0.5720023895689743,0.11111269146203995,0.10620967298746109,0.10620967298746109,0.925,1.0,0,0
678,t2_b0,0,9,0.0,0.1283768117427826,0.00824030302464962,0.00824030302464962,0.9500000000000001,1.0,0,0
679,t2_b0,2,6,0.013267683084002235,0.1390896439552307,0.007915583439171314,0.007915583439171314,0.927734375,1.0,0,0
679,t2_b0,4,9,-0.09727778453578977,0.11931731551885605,0.023456718772649765,0.023456718772649765,0.925,1.0,0,0
680,t2_b0,7,9,0.1685046431416334,0.14682984352111816,0.00023489841260015965,0.00023489841260015965,0.925,1.0,0,0
680,t2_b0,8,2,-0.017538788856950847,0.15710820257663727,0.015250785276293755,0.015250785276293755,1.0,1.0,0,0
680,t2_b0,3,6,0.10263384316916878,0.16493651270866394,0.0019408114021643996,0.0019408114021643996,1.0,1.0,0,0
680,t2_b0,5,4,0.5025047398173045,0.19511814415454865,0.04724327102303505,0.04724327102303505,0.925,1.0,0,0
681,t2_b0,5,4,0.0,0.1732424646615982,0.01500647608190775,0.01500647608190775,1.0,1.0,0,0
681,t2_b0,0,7,0.17634772292239062,0.11159837245941162,0.0020962387789040804,0.0020962387789040804,0.9333333333333333,1.0,0,0
681,t2_b0,2,6,-0.08833348020501261,0.15879888832569122,0.030537201091647148,0.030537201091647148,0.9285156250000001,1.0,0,0
682,t2_b0,0,7,0.4673034446396345,0.13354891538619995,0.055696047842502594,0.055696047842502594,0.9333333333333333,1.0,0,0
682,t2_b0,8,2,0.658717325221042,0.13892413675785065,0.13509249687194824,0.13509249687194824,0.070703125,1.0,0,0
683,t2_b0,4,7,0.04977066976725901,0.12234023213386536,0.002633170923218131,0.002633170923218131,1.0,1.0,0,0
683,t2_b0,8,2,0.0,0.244326651096344,0.029847756028175354,0.029847756028175354,1.0,1.0,0,0
683,t2_b0,9,0,-0.06488673464138812,0.016441069543361664,0.003307105740532279,0.003307105740532279,1.0,1.0,0,0
684,t2_b0,0,9,0.026810377076596142,0.18535764515399933,0.012568618170917034,0.012568618170917034,1.0,1.0,0,0
684,t2_b0,4,7,0.0,0.10406094044446945,0.00541433971375227,0.00541433971375227,1.0,1.0,0,0
684,t2_b0,2,8,-0.08157433877934668,0.13379380106925964,0.02319171652197838,0.02319171652197838,1.0,1.0,0,0
685,t2_b0,0,9,0.0,0.12093514204025269,0.007312654517591,0.007312654517591,1.0,1.0,0,0
685,t2_b0,2,8,0.0,0.11892744898796082,0.007071868982166052,0.007071868982166052,1.0,1.0,0,0
685,t2_b0,4,7,0.21981953440495614,0.09931089729070663,0.007261165417730808,0.007261165417730808,1.0,1.0,0,0
686,t2_b0,0,9,0.3123000210414648,0.08651363104581833,0.025489745661616325,0.025489745661616325,1.0,1.0,0,0
686,t2_b0,1,8,-0.0035213577789399105,0.0775463655591011,0.003285988001152873,0.003285988001152873,1.0,1.0,0,0
687,t2_b0,0,9,0.28181554742155396,0.13544988632202148,0.010711454786360264,0.010711454786360264,0.9500000000000001,1.0,0,0
687,t2_b0,1,8,0.3757647891908606,0.06281117349863052,0.04896998405456543,0.04896998405456543,1.0,1.0,0,0
688,t2_b0,6,9,0.9382110933971944,0.11330236494541168,0.34023720026016235,0.34023720026016235,1.0,1.0,0,0
688,t2_b0,3,0,0.9297770941200322,0.1334797739982605,0.3170447051525116,0.3170447051525116,1.0,1.0,0,0
689,t2_b0,6,9,-0.04779145521650816,0.23779697716236115,0.04078038036823273,0.04078038036823273,1.0,1.0,0,0
689,t2_b0,0,3,0.00042314664245906203,0.18246451020240784,0.016569528728723526,0.016569528728723526,0.9500000000000001,1.0,0,0
690,t2_b0,6,9,-0.026217660117768646,0.12899450957775116,0.01204540766775608,0.01204540766775608,0.92578125,1.0,0,0
691,t2_b0,0,6,0.030368592535930012,0.14417079091072083,0.006475469563156366,0.006475469563156366,0.9500000000000001,1.0,0,0
691,t2_b0,1,9,0.00302139427830731,0.11506743729114532,0.006277157459408045,0.006277157459408045,1.0,1.0,0,0
692,t2_b0,1,9,0.1633879505283882,0.1400645673274994,0.0002719901967793703,0.0002719901967793703,1.0,1.0,0,0
692,t2_b0,0,6,0.0,0.13461406528949738,0.009060473181307316,0.009060473181307316,0.9500000000000001,1.0,0,0
693,t2_b0,3,6,0.4143313344171024,-0.002898767590522766,0.0870404914021492,0.0870404914021492,1.0,1.0,0,0
693,t2_b0,1,9,0.046098476790211784,0.15120156109333038,0.005523329135030508,0.005523329135030508,0.9333333333333333,1.0,0,0
694,t2_b0,3,6,0.18209884369433352,0.11109299957752228,0.0025209153536707163,0.0025209153536707163,1.0,1.0,0,0
694,t2_b0,1,9,0.0,0.09322755038738251,0.004345688037574291,0.004345688037574291,0.9333333333333333,1.0,0,0
694,t2_b0,2,8,0.0,-0.12591367959976196,0.007927127182483673,0.007927127182483673,1.0,1.0,0,0
695,t2_b0,3,6,-0.25099702431272736,0.188186913728714,0.09644126892089844,0.09644126892089844,1.0,1.0,0,0
695,t2_b0,2,8,0.18331568327057182,0.05927811563014984,0.007692658808082342,0.007692658808082342,1.0,1.0,0,0
695,t2_b0,5,1,0.8568772906144047,0.14568980038166046,0.2528938055038452,0.2528938055038452,0.8666666666666667,1.0,0,0
696,t2_b0,3,6,-0.14583313273313467,0.12828050553798676,0.03756914660334587,0.03756914660334587,1.0,1.0,0,0
696,t2_b0,2,8,0.0,0.1149323508143425,0.006604722701013088,0.006604722701013088,1.0,1.0,0,0
696,t2_b0,0,1,0.24882039821824523,0.14751604199409485,0.0051312861032783985,0.0051312861032783985,0.9333333333333333,1.0,0,0
696,t2_b0,9,5,0.021844806069454638,0.12291979044675827,0.005108076613396406,0.005108076613396406,0.9333333333333333,1.0,0,0
697,t2_b0,3,6,0.25902466842629013,0.05517592281103134,0.020777156576514244,0.020777156576514244,1.0,1.0,0,0
697,t2_b0,9,5,0.0,0.09297754615545273,0.004322411958128214,0.004322411958128214,0.9333333333333333,1.0,0,0
697,t2_b0,2,8,-0.013480033685033541,0.030662745237350464,0.0009742924594320357,0.0009742924594320357,1.0,1.0,0,0
697,t2_b0,0,1,0.12290937609355868,0.1432408094406128,0.00020668361685238779,0.00020668361685238779,0.9333333333333333,1.0,0,0
698,t2_b0,2,8,0.05036465165956538,0.016098469495773315,0.0005870856111869216,0.0005870856111869216,1.0,1.0,0,0
698,t2_b0,9,5,0.06465929025295711,0.11057773232460022,0.0010542516829445958,0.0010542516829445958,0.9333333333333333,1.0,0,0
698,t2_b0,3,6,0.17642456743340207,0.07741733640432358,0.004901215434074402,0.004901215434074402,1.0,1.0,0,0
698,t2_b0,0,1,0.052188586586831565,0.13863635063171387,0.0037366077303886414,0.0037366077303886414,0.9333333333333333,1.0,0,0
699,t2_b0,9,5,0.0031804486493141227,0.14482754468917847,0.010031950660049915,0.010031950660049915,0.9333333333333333,1.0,0,0
699,t2_b0,3,6,0.0,0.1181776225566864,0.006982975173741579,0.006982975173741579,1.0,1.0,0,0
699,t2_b0,0,1,0.059825927560652824,0.13079729676246643,0.002518467605113983,0.002518467605113983,0.9333333333333333,1.0,0,0
699,t2_b0,2,8,0.19520385554808972,0.07136321067810059,0.007668252568691969,0.007668252568691969,1.0,1.0,0,0
700,t2_b0,9,1,0.12479703555271471,0.0019174069166183472,0.007549702189862728,0.007549702189862728,0.9500000000000001,1.0,0,0
700,t2_b0,3,6,-0.015639991073216234,0.11980103701353073,0.009172136895358562,0.009172136895358562,1.0,1.0,0,0
701,t2_b0,9,1,-0.10667198235386606,0.017514266073703766,0.007711112033575773,0.007711112033575773,0.9500000000000001,1.0,0,0
701,t2_b0,5,6,-0.2869628616861042,0.08395367860794067,0.068789541721344,0.068789541721344,1.0,1.0,0,0
701,t2_b0,8,7,0.27741785156265103,0.03246394544839859,0.030001206323504448,0.030001206323504448,0.5,1.0,0,0
702,t2_b0,9,8,0.0,0.09510643780231476,0.004522617440670729,0.004522617440670729,0.9333333333333333,1.0,0,0
702,t2_b0,0,1,-0.0020237615493711412,0.18542832136154175,0.01756914146244526,0.01756914146244526,0.9500000000000001,1.0,0,0
702,t2_b0,5,6,0.015051988190995408,0.07955817878246307,0.002080524107441306,0.002080524107441306,1.0,1.0,0,0
703,t2_b0,1,8,0.0,0.03723146766424179,0.0006930910749360919,0.0006930910749360919,0.025,1.0,0,0
703,t2_b0,5,6,-0.1386233825343174,0.08351697027683258,0.02467316947877407,0.02467316947877407,1.0,1.0,0,0
704,t2_b0,1,9,0.013636980479901582,0.05299296975135803,0.0007744469330646098,0.0007744469330646098,0.925,1.0,0,0
704,t2_b0,5,6,0.11373445270421279,0.08099236339330673,0.0005360222421586514,0.0005360222421586514,1.0,1.0,0,0
705,t2_b0,9,1,-0.2143167514707932,0.033012837171554565,0.030585963279008865,0.030585963279008865,0.9500000000000001,1.0,0,0
705,t2_b0,5,6,0.19350936193223958,0.1043286994099617,0.003976594656705856,0.003976594656705856,1.0,1.0,0,0
706,t2_b0,8,7,-0.01196638776426434,0.10090402513742447,0.006369864568114281,0.006369864568114281,1.0,1.0,0,0
706,t2_b0,5,6,-0.09362093797506778,0.10916357487440109,0.02056077867746353,0.02056077867746353,1.0,1.0,0,0
706,t2_b0,9,0,0.039426955822783404,-0.05680711939930916,0.0046304985880851746,0.0046304985880851746,0.9500000000000001,1.0,0,0
707,t2_b0,8,7,0.03933148791944324,0.017069995403289795,0.00024778704391792417,0.00024778704391792417,1.0,1.0,0,0
707,t2_b0,9,1,0.17361953624122645,-0.020240724086761475,0.018790900707244873,0.018790900707244873,0.05,1.0,0,0
707,t2_b0,5,6,0.333977932389252,0.06983625888824463,0.03488541394472122,0.03488541394472122,1.0,1.0,0,0
708,t2_b0,5,6,0.2824255194000246,0.11712309718132019,0.013662446290254593,0.013662446290254593,1.0,1.0,0,0
708,t2_b0,7,1,0.7502048207885332,0.20903146266937256,0.14643429219722748,0.14643429219722748,1.0,1.0,0,0
708,t2_b0,9,0,-0.059187855715581245,0.04278884828090668,0.005199624225497246,0.005199624225497246,0.9500000000000001,1.0,0,0
709,t2_b0,9,1,0.020243669102480582,0.01740623265504837,4.025522230222123e-06,4.025522230222123e-06,0.9500000000000001,1.0,0,0
709,t2_b0,5,6,0.6765578656908736,0.161817729473114,0.13247868418693542,0.13247868418693542,1.0,1.0,0,0
710,t2_b0,9,1,0.020287564933078678,-0.018381737172603607,0.0007476574974134564,0.0007476574974134564,0.9500000000000001,1.0,0,0
710,t2_b0,5,6,0.6962603381519179,0.21773114800453186,0.11449509114027023,0.11449509114027023,1.0,1.0,0,0
711,t2_b0,9,1,0.19785132393415852,-0.005043201148509979,0.020583096891641617,0.020583096891641617,0.9500000000000001,1.0,0,0
711,t2_b0,5,6,0.37024021211897123,0.24845126271247864,0.007416273932904005,0.007416273932904005,1.0,1.0,0,0
712,t2_b0,5,6,0.30664452559570243,0.19113190472126007,0.006671583279967308,0.006671583279967308,1.0,1.0,0,0
712,t2_b0,9,1,0.11386280321258058,0.06722282618284225,0.0010876437881961465,0.0010876437881961465,0.9500000000000001,1.0,0,0
713,t2_b0,9,1,0.07865562941899747,0.06054137647151947,0.00016406309441663325,0.00016406309441663325,0.9500000000000001,1.0,0,0
713,t2_b0,5,6,0.48815009835946055,0.1356968879699707,0.06211163103580475,0.06211163103580475,1.0,1.0,0,0
714,t2_b0,5,6,0.011213559163218884,0.1393296867609024,0.008206871338188648,0.008206871338188648,1.0,1.0,0,0
714,t2_b0,9,1,0.018903509299998813,0.038577303290367126,0.00019352909293957055,0.00019352909293957055,0.9500000000000001,1.0,0,0
715,t2_b0,9,1,0.0469074784158751,0.033057115972042084,9.591624984750524e-05,9.591624984750524e-05,0.9500000000000001,1.0,0,0
715,t2_b0,5,6,0.05338384615526965,0.10474908351898193,0.0013191938633099198,0.0013191938633099198,1.0,1.0,0,0
716,t2_b0,9,1,0.2514063398683953,0.03734128177165985,0.022911924868822098,0.022911924868822098,0.9500000000000001,1.0,0,0
716,t2_b0,5,6,0.44713743955733865,0.09776029735803604,0.06103219836950302,0.06103219836950302,1.0,1.0,0,0
717,t2_b0,9,1,0.37112164619163635,0.09161485731601715,0.039062026888132095,0.039062026888132095,0.9500000000000001,1.0,0,0
717,t2_b0,5,6,0.6491690635643487,0.1468425691127777,0.1261659562587738,0.1261659562587738,1.0,1.0,0,0
718,t2_b0,5,6,0.7772992038083655,0.21541625261306763,0.15785624086856842,0.15785624086856842,1.0,1.0,0,0
718,t2_b0,9,1,-0.03554786607643201,0.15364807844161987,0.017897553741931915,0.017897553741931915,0.9500000000000001,1.0,0,0
719,t2_b0,5,6,0.755701959643215,0.2655722498893738,0.1201135665178299,0.1201135665178299,1.0,1.0,0,0
719,t2_b0,9,1,0.14291436468340185,0.07851281017065048,0.0020737804006785154,0.0020737804006785154,0.9500000000000001,1.0,0,0
720,t2_b0,5,6,0.6493085973163559,0.2625271677970886,0.07479994744062424,0.07479994744062424,1.0,1.0,0,0
720,t2_b0,9,1,0.14047045621524473,0.07297161221504211,0.0022780471481382847,0.0022780471481382847,0.9500000000000001,1.0,0,0
721,t2_b0,5,6,0.5213180305052226,0.2104460597038269,0.04832068830728531,0.04832068830728531,0.9500000000000001,1.0,0,0
721,t2_b0,7,1,-0.8336929624024962,0.21172721683979034,0.5454201698303223,0.5454201698303223,0.9500000000000001,1.0,0,0
722,t2_b0,5,6,0.6426786873829439,0.163141131401062,0.11497812718153,0.11497812718153,0.9500000000000001,1.0,0,0
722,t2_b0,1,7,-0.000786932866649979,0.08471746742725372,0.0036555009428411722,0.0036555009428411722,0.9333333333333333,1.0,0,0
723,t2_b0,3,6,-0.31880931346921826,0.15119844675064087,0.11045364290475845,0.11045364290475845,0.9500000000000001,1.0,0,0
723,t2_b0,7,1,0.43331202513876566,0.017731651663780212,0.08635353296995163,0.08635353296995163,0.9333333333333333,1.0,0,0
724,t2_b0,3,6,-0.2948965176241249,0.04663683474063873,0.058322519063949585,0.058322519063949585,0.9500000000000001,1.0,0,0
724,t2_b0,9,7,0.05645191003158195,0.10300643742084503,0.0010836620349436998,0.0010836620349436998,0.9333333333333333,1.0,0,0
725,t2_b0,9,1,0.0,0.07063531875610352,0.002494674175977707,0.002494674175977707,0.03333333333333333,1.0,0,0
725,t2_b0,5,6,0.5856005037137723,0.1484619379043579,0.09554506093263626,0.09554506093263626,0.9500000000000001,1.0,0,0
725,t2_b0,0,7,0.02266356858453532,0.1483156979084015,0.007894229143857956,0.007894229143857956,0.9500000000000001,1.0,0,0
726,t2_b0,0,7,0.10823932441648283,0.11973359435796738,6.605913949897513e-05,6.605913949897513e-05,0.9500000000000001,1.0,0,0
726,t2_b0,1,9,0.0,0.0745750442147255,0.002780718496069312,0.002780718496069312,1.0,1.0,0,0
726,t2_b0,8,6,-0.044867827398325545,0.3183216154575348,0.06595329195261002,0.06595329195261002,0.8833333333333333,1.0,0,0
727,t2_b0,1,9,0.29321649792221777,0.026293687522411346,0.03562388941645622,0.03562388941645622,1.0,1.0,0,0
727,t2_b0,0,7,0.277926575073476,0.1050398126244545,0.014944915659725666,0.014944915659725666,0.9500000000000001,1.0,0,0
727,t2_b0,8,5,-0.16740688634911666,0.19907891750335693,0.06715591996908188,0.06715591996908188,0.9005208333333334,1.0,0,0
728,t2_b0,2,4,-1.0,0.07039724290370941,0.5703972578048706,0.5703972578048706,1.0,1.0,0,0
728,t2_b0,3,7,-1.0,0.19702363014221191,0.6970236301422119,0.6970236301422119,0.9500000000000001,1.0,0,0
728,t2_b0,0,9,-0.007555293846671159,0.14561769366264343,0.011730981990695,0.011730981990695,1.0,1.0,0,0
728,t2_b0,5,6,0.632482699501969,0.16611425578594208,0.10874976217746735,0.10874976217746735,0.9500000000000001,1.0,0,0
729,t2_b0,5,6,0.6564511058285669,0.20090517401695251,0.10376104712486267,0.10376104712486267,0.9333333333333333,1.0,0,0
729,t2_b0,3,7,0.40815821268389163,0.01673094928264618,0.07660765945911407,0.07660765945911407,0.9500000000000001,1.0,0,0
729,t2_b0,2,4,-0.43183576099875987,-0.2726326882839203,0.012672810815274715,0.012672810815274715,1.0,1.0,0,0
730,t2_b0,2,4,-0.2066791769688949,-0.2345123291015625,0.00038734209374524653,0.00038734209374524653,1.0,1.0,0,0
730,t2_b0,7,8,-0.23822848141546402,0.08663415908813477,0.05276787281036377,0.05276787281036377,0.05,1.0,0,0
730,t2_b0,5,6,0.5865236011958931,0.24521785974502563,0.05824480205774307,0.05824480205774307,0.9500000000000001,1.0,0,0
731,t2_b0,4,9,-0.013398707143874124,-0.23580202460289001,0.02473161742091179,0.02473161742091179,1.0,1.0,0,0
731,t2_b0,5,6,0.7946771152395715,0.2542973458766937,0.14600513875484467,0.14600513875484467,0.9500000000000001,1.0,0,0
731,t2_b0,3,8,0.3243652706648536,0.11966626346111298,0.020950838923454285,0.020950838923454285,1.0,1.0,0,0
732,t2_b0,5,7,-0.03348415959671077,0.2573127746582031,0.04228143021464348,0.04228143021464348,0.05,1.0,0,0
732,t2_b0,4,9,0.0,-0.14359347522258759,0.010309543460607529,0.010309543460607529,1.0,1.0,0,0
733,t2_b0,4,9,0.0,-0.037900518625974655,0.0007182246772572398,0.0007182246772572398,1.0,1.0,0,0
733,t2_b0,5,7,0.0,0.1615086793899536,0.013042526319622993,0.013042526319622993,1.0,1.0,0,0
734,t2_b0,5,7,0.4125545028023223,0.09872063249349594,0.04924584552645683,0.04924584552645683,1.0,1.0,0,0
735,t2_b0,5,7,-0.0009191561962246992,0.14962244033813477,0.011331386864185333,0.011331386864185333,1.0,1.0,0,0
736,t2_b0,5,7,0.061732622349364184,0.1839730441570282,0.007471360731869936,0.007471360731869936,1.0,1.0,0,0
739,t2_b0,6,9,0.09089291943514743,0.10394784808158875,8.521559357177466e-05,8.521559357177466e-05,1.0,1.0,0,0
740,t2_b0,6,9,0.0,0.10486982017755508,0.005498839542269707,0.005498839542269707,1.0,1.0,0,0
741,t2_b0,6,9,0.5297166077259376,0.0854620411992073,0.09868106245994568,0.09868106245994568,1.0,1.0,0,0
742,t2_b0,2,7,0.0,-0.126093327999115,0.007949763908982277,0.007949763908982277,1.0,1.0,0,0
742,t2_b0,6,9,0.0,0.22609688341617584,0.02555990032851696,0.02555990032851696,1.0,1.0,0,0
743,t2_b0,1,8,0.0,0.007342837750911713,2.695863258850295e-05,2.695863258850295e-05,1.0,1.0,0,0
743,t2_b0,2,9,0.9608887284718357,0.23579175770282745,0.2628828287124634,0.2628828287124634,0.900390625,1.0,0,0
744,t2_b0,2,7,0.0,0.3644213378429413,0.06640145927667618,0.06640145927667618,1.0,1.0,0,0
745,t2_b0,3,6,0.9558837013391112,0.12854649126529694,0.3422434329986572,0.3422434329986572,1.0,1.0,0,0
745,t2_b0,2,7,0.0,0.23191817104816437,0.026893019676208496,0.026893019676208496,1.0,1.0,0,0
745,t2_b0,1,5,0.08805106265429488,0.17380322515964508,0.003676716471090913,0.003676716471090913,0.9500000000000001,1.0,0,0
746,t2_b0,2,7,0.0,0.09935954958200455,0.0049361600540578365,0.0049361600540578365,1.0,1.0,0,0
746,t2_b0,3,6,-0.6355258726134789,0.34154012799263,0.4773290157318115,0.4773290157318115,1.0,1.0,0,0
746,t2_b0,1,5,0.0,0.1318070888519287,0.008686554618179798,0.008686554618179798,0.9500000000000001,1.0,0,0
747,t2_b0,0,5,-0.005734037479815053,0.16871750354766846,0.01521667093038559,0.01521667093038559,0.9333333333333333,1.0,0,0
747,t2_b0,6,3,-0.2383088550545699,0.17827904224395752,0.08677273243665695,0.08677273243665695,0.9500000000000001,1.0,0,0
747,t2_b0,2,7,0.0,0.06755560636520386,0.0022818800061941147,0.0022818800061941147,0.8692708333333334,1.0,0,0
748,t2_b0,0,5,-0.006817243567187284,0.12957563996315002,0.009301508776843548,0.009301508776843548,0.9500000000000001,1.0,0,0
748,t2_b0,3,2,0.0,0.15890616178512573,0.012625584378838539,0.012625584378838539,0.92578125,1.0,0,0
749,t2_b0,0,5,-0.0021598629460914784,0.0865243598818779,0.003932445775717497,0.003932445775717497,0.9500000000000001,1.0,0,0
749,t2_b0,2,3,0.6921075463031741,0.168766051530838,0.13694317638874054,0.13694317638874054,0.92734375,1.0,0,0
750,t2_b0,0,5,0.03616542716716383,0.09359601885080338,0.001649136422201991,0.001649136422201991,0.9333333333333333,1.0,0,0
750,t2_b0,2,6,0.6437705068377719,0.2855511009693146,0.06416057795286179,0.06416057795286179,0.929296875,1.0,0,0
751,t2_b0,9,0,-1.0,0.06448180973529816,0.5644818544387817,0.5644818544387817,0.86875,1.0,0,0
751,t2_b0,7,6,0.8826060654661149,0.17026209831237793,0.25371697545051575,0.25371697545051575,0.098046875,1.0,0,0
752,t2_b0,6,7,0.036677231080307564,0.13262735307216644,0.004603213630616665,0.004603213630616665,0.9500000000000001,1.0,0,0
752,t2_b0,0,5,0.29738931445606015,0.03482487052679062,0.03447004407644272,0.03447004407644272,0.9333333333333333,1.0,0,0
753,t2_b0,0,5,0.0,0.14661753177642822,0.01074835006147623,0.01074835006147623,0.9500000000000001,1.0,0,0
753,t2_b0,1,4,-0.004413782218365754,0.047997042536735535,0.0013734473614022136,0.0013734473614022136,1.0,1.0,0,0
753,t2_b0,7,3,-0.4391959033514515,0.26393944025039673,0.2471996694803238,0.2471996694803238,0.92734375,1.0,0,0
754,t2_b0,0,5,0.2065504237332686,0.084133580327034,0.007492941338568926,0.007492941338568926,0.9500000000000001,1.0,0,0
754,t2_b0,7,3,0.09882556345096714,0.10342194139957428,1.0563331670709886e-05,1.0563331670709886e-05,0.9402343750000001,1.0,0,0
754,t2_b0,1,4,0.0,0.005779050290584564,1.669871198828332e-05,1.669871198828332e-05,1.0,1.0,0,0
755,t2_b0,1,2,0.2603048079344841,0.055953189730644226,0.02087979204952717,0.02087979204952717,0.9500000000000001,1.0,0,0
755,t2_b0,0,5,0.0,0.13067907094955444,0.008538509719073772,0.008538509719073772,0.9500000000000001,1.0,0,0
755,t2_b0,7,3,0.11708033689886432,0.08116349577903748,0.0006450098007917404,0.0006450098007917404,0.94296875,1.0,0,0
756,t2_b0,4,2,0.43087089192460537,0.12474262714385986,0.046857256442308426,0.046857256442308426,0.9375,1.0,0,0
756,t2_b0,7,3,0.5501647667334526,0.12685447931289673,0.08959579467773438,0.08959579467773438,1.0,1.0,0,0
756,t2_b0,0,5,0.21202089782748387,0.13444367051124573,0.003009113483130932,0.003009113483130932,0.9500000000000001,1.0,0,0
757,t2_b0,3,6,-0.02516235475641462,0.11738007515668869,0.010159171186387539,0.010159171186387539,0.9500000000000001,1.0,0,0
757,t2_b0,4,2,0.04791540147808545,0.23487553000450134,0.017477044835686684,0.017477044835686684,0.9480468750000001,1.0,0,0
757,t2_b0,0,9,0.03833643337362767,0.12974104285240173,0.004177401307970285,0.004177401307970285,0.9500000000000001,1.0,0,0
758,t2_b0,3,6,0.12757469406177313,0.09352444857358932,0.0005797097110189497,0.0005797097110189497,1.0,1.0,0,0
758,t2_b0,4,2,0.0,0.147638201713562,0.010898519307374954,0.010898519307374954,0.9500000000000001,1.0,0,0
758,t2_b0,0,9,-0.03847453107581686,0.09260741621255875,0.008591237477958202,0.008591237477958202,0.9500000000000001,1.0,0,0
759,t2_b0,3,6,0.14118895453876232,0.10744742304086685,0.0005692453123629093,0.0005692453123629093,1.0,1.0,0,0
759,t2_b0,0,9,0.28570993775396764,0.060646601021289825,0.02532675676047802,0.02532675676047802,0.9500000000000001,1.0,0,0
759,t2_b0,1,4,0.005439139469781204,0.12175029516220093,0.00676414230838418,0.00676414230838418,1.0,1.0,0,0
760,t2_b0,0,9,-0.0047828140402307925,0.13203758001327515,0.00935990922152996,0.00935990922152996,0.9500000000000001,1.0,0,0
760,t2_b0,1,4,0.0,0.11423561722040176,0.0065248883329331875,0.0065248883329331875,1.0,1.0,0,0
760,t2_b0,3,6,-0.09808108739700873,0.1292767971754074,0.025845805183053017,0.025845805183053017,1.0,1.0,0,0
761,t2_b0,1,4,0.03385560375243408,0.07869327813386917,0.0010052085854113102,0.0010052085854113102,1.0,1.0,0,0
761,t2_b0,3,6,0.5378716919093667,0.10753592848777771,0.0925944447517395,0.0925944447517395,1.0,1.0,0,0
761,t2_b0,0,9,0.1460976831046808,0.1292096972465515,0.00014260214811656624,0.00014260214811656624,0.9500000000000001,1.0,0,0
762,t2_b0,0,5,0.0,0.1270841509103775,0.008075190708041191,0.008075190708041191,0.05,1.0,0,0
762,t2_b0,1,4,0.05232321902543673,0.10505545884370804,0.0013903445797041059,0.0013903445797041059,1.0,1.0,0,0
762,t2_b0,3,6,0.39770232431087804,0.18088123202323914,0.023505695164203644,0.023505695164203644,1.0,1.0,0,0
763,t2_b0,0,9,0.19190000340303476,0.10897813737392426,0.003438017563894391,0.003438017563894391,0.9500000000000001,1.0,0,0
763,t2_b0,3,6,0.3178208995921937,0.21750272810459137,0.005031868349760771,0.005031868349760771,1.0,1.0,0,0
763,t2_b0,1,4,-0.006273064682384402,0.07720211893320084,0.003484053537249565,0.003484053537249565,1.0,1.0,0,0
764,t2_b0,0,9,0.0,0.12313549220561981,0.007581174839287996,0.007581174839287996,0.9500000000000001,1.0,0,0
764,t2_b0,3,6,0.28287607912930957,0.19535629451274872,0.003829855937510729,0.003829855937510729,1.0,1.0,0,0
764,t2_b0,1,4,0.0,0.045237213373184204,0.0010232027852907777,0.0010232027852907777,1.0,1.0,0,0
765,t2_b0,3,6,0.46520876326240784,0.15867194533348083,0.04698241129517555,0.04698241129517555,1.0,1.0,0,0
765,t2_b0,0,9,0.22467248104072354,0.06922624260187149,0.012081765569746494,0.012081765569746494,0.9500000000000001,1.0,0,0
765,t2_b0,1,4,-0.004446772990856269,0.05360420048236847,0.0016849578823894262,0.0016849578823894262,1.0,1.0,0,0
766,t2_b0,3,6,0.2616721510261097,0.1922486126422882,0.002409812994301319,0.002409812994301319,1.0,1.0,0,0
766,t2_b0,0,5,-0.01985043979644568,0.10437542200088501,0.007716032210737467,0.007716032210737467,0.9500000000000001,1.0,0,0
766,t2_b0,1,4,-0.012062256483602655,0.05477143079042435,0.002233371138572693,0.002233371138572693,1.0,1.0,0,0
767,t2_b0,1,4,0.0,0.013909511268138885,9.673725435277447e-05,9.673725435277447e-05,1.0,1.0,0,0
767,t2_b0,0,5,0.4061343411210479,0.08949199318885803,0.050131186842918396,0.050131186842918396,0.9500000000000001,1.0,0,0
767,t2_b0,3,6,0.0,0.18266703188419342,0.01668362319469452,0.01668362319469452,1.0,1.0,0,0
768,t2_b0,3,6,0.39613857021727017,0.1122857853770256,0.04028620198369026,0.04028620198369026,1.0,1.0,0,0
768,t2_b0,1,4,0.17644107599429498,0.019869066774845123,0.01225739810615778,0.01225739810615778,1.0,1.0,0,0
768,t2_b0,0,5,0.0014681001048829064,0.17279089987277985,0.014675749465823174,0.014675749465823174,0.9500000000000001,1.0,0,0
769,t2_b0,3,6,0.02578125314763287,0.1464119404554367,0.007275881711393595,0.007275881711393595,1.0,1.0,0,0
769,t2_b0,1,4,-0.025203106184664568,0.11479540914297104,0.009799791499972343,0.009799791499972343,1.0,1.0,0,0
769,t2_b0,2,5,0.9891417859263288,0.10004445910453796,0.39524704217910767,0.39524704217910767,1.0,1.0,0,0
769,t2_b0,0,9,-0.05563871333735328,0.14502009749412537,0.020131979137659073,0.020131979137659073,0.05,1.0,0,0
770,t2_b0,1,4,0.049596545240613875,0.06268732994794846,8.56843325891532e-05,8.56843325891532e-05,1.0,1.0,0,0
770,t2_b0,2,0,-1.0,0.2652447521686554,0.765244722366333,0.765244722366333,0.8838541666666667,1.0,0,0
771,t2_b0,1,4,0.08915434113247485,0.025164157152175903,0.002047371817752719,0.002047371817752719,1.0,1.0,0,0
771,t2_b0,0,9,0.029391204236845866,0.10433690994977951,0.0028084293007850647,0.0028084293007850647,0.9333333333333333,1.0,0,0
772,t2_b0,1,3,0.006442954568972022,0.08514145016670227,0.0030967264901846647,0.0030967264901846647,0.9500000000000001,1.0,0,0
772,t2_b0,2,9,-0.5459483548114946,0.07878012210130692,0.19514280557632446,0.19514280557632446,0.9382812500000001,1.0,0,0
772,t2_b0,0,5,0.26057787501291135,0.10785350203514099,0.011662368662655354,0.011662368662655354,0.9333333333333333,1.0,0,0
773,t2_b0,5,0,-0.09089181695086188,0.06745771318674088,0.01253728661686182,0.01253728661686182,1.0,1.0,0,0
773,t2_b0,2,9,-0.2537809222242002,0.0006276071071624756,0.03236185386776924,0.03236185386776924,0.9500000000000001,1.0,0,0
773,t2_b0,1,3,0.0,0.09441889822483063,0.004457463975995779,0.004457463975995779,1.0,1.0,0,0
774,t2_b0,2,9,-0.23305189216275207,-0.016053728759288788,0.023544101044535637,0.023544101044535637,1.0,1.0,0,0
774,t2_b0,3,4,-0.2728422925698056,0.14231666922569275,0.0861784815788269,0.0861784815788269,1.0,1.0,0,0
774,t2_b0,0,5,0.21468917256327258,0.12754708528518677,0.0037968710530549288,0.0037968710530549288,1.0,1.0,0,0
775,t2_b0,1,8,0.0,-0.001503385603427887,1.1300841151751229e-06,1.1300841151751229e-06,1.0,1.0,0,0
775,t2_b0,3,5,-0.16260717706138902,0.0797002911567688,0.02935645543038845,0.02935645543038845,0.9500000000000001,1.0,0,0
776,t2_b0,3,5,-0.006226344407333165,0.056769609451293945,0.001984245143830776,0.001984245143830776,1.0,1.0,0,0
776,t2_b0,8,1,0.5021792371991164,0.2071038782596588,0.043534740805625916,0.043534740805625916,1.0,1.0,0,0
777,t2_b0,4,1,-0.31748289447093064,0.061878807842731476,0.07195764780044556,0.07195764780044556,1.0,1.0,0,0
777,t2_b0,3,5,-0.14949465524968109,0.10385248810052872,0.03209238499403,0.03209238499403,0.9500000000000001,1.0,0,0
778,t2_b0,4,1,0.004104563753566919,-0.07723349332809448,0.003307939739897847,0.003307939739897847,1.0,1.0,0,0
778,t2_b0,0,3,0.18202715202412686,0.16051527857780457,0.00023138022515922785,0.00023138022515922785,1.0,1.0,0,0
779,t2_b0,1,4,-0.0459874338578463,0.13267312943935394,0.01595979928970337,0.01595979928970337,1.0,1.0,0,0
779,t2_b0,0,3,0.057473949656392985,0.1449410319328308,0.0038252451922744513,0.0038252451922744513,1.0,1.0,0,0
780,t2_b0,0,3,0.0,0.12295509874820709,0.007558978162705898,0.007558978162705898,1.0,1.0,0,0
780,t2_b0,1,4,0.29983199478590283,0.05408565700054169,0.030195629224181175,0.030195629224181175,1.0,1.0,0,0
781,t2_b0,1,4,0.10027392680418437,0.12934258580207825,0.00042249338002875447,0.00042249338002875447,1.0,1.0,0,0
781,t2_b0,0,3,0.515796665388345,0.10849300026893616,0.08294813334941864,0.08294813334941864,1.0,1.0,0,0
782,t2_b0,0,3,0.09294404884615994,0.20653066039085388,0.006450959015637636,0.006450959015637636,1.0,1.0,0,0
782,t2_b0,1,4,0.06658807836963675,0.09857829660177231,0.0005116869579069316,0.0005116869579069316,1.0,1.0,0,0
782,t2_b0,6,9,0.9330001587417827,0.06798487901687622,0.37412571907043457,0.37412571907043457,1.0,1.0,0,0
783,t2_b0,6,9,-0.3619844914838444,0.19643783569335938,0.15591774880886078,0.15591774880886078,1.0,1.0,0,0
783,t2_b0,7,8,0.9124010330849921,0.12143540382385254,0.31281331181526184,0.31281331181526184,1.0,1.0,0,0
783,t2_b0,1,4,0.009191251480788826,0.0994909480214119,0.004077017307281494,0.004077017307281494,1.0,1.0,0,0
784,t2_b0,6,9,-0.0804252315356597,0.10439563542604446,0.017079375684261322,0.017079375684261322,1.0,1.0,0,0
784,t2_b0,1,4,-0.007133422962681084,0.11734938621520996,0.007747984956949949,0.007747984956949949,1.0,1.0,0,0
784,t2_b0,7,8,0.6483754427526435,0.29409390687942505,0.062757708132267,0.062757708132267,1.0,1.0,0,0
785,t2_b0,7,8,0.026426716013940952,0.3130050301551819,0.041063569486141205,0.041063569486141205,1.0,1.0,0,0
785,t2_b0,5,0,0.9016871312211714,0.11165682971477509,0.3120739459991455,0.3120739459991455,1.0,1.0,0,0
785,t2_b0,4,1,0.48655042873199383,0.032842084765434265,0.10292563587427139,0.10292563587427139,0.9500000000000001,1.0,0,0
785,t2_b0,6,9,0.10806157857139242,0.032630935311317444,0.0028448912780731916,0.0028448912780731916,1.0,1.0,0,0
786,t2_b0,4,1,0.0,0.15457800030708313,0.011947179213166237,0.011947179213166237,0.9500000000000001,1.0,0,0
786,t2_b0,6,9,-0.10460701399111824,0.05094815790653229,0.01209870632737875,0.01209870632737875,1.0,1.0,0,0
786,t2_b0,0,5,0.0,0.13428713381290436,0.009016517549753189,0.009016517549753189,0.9333333333333333,1.0,0,0
786,t2_b0,7,8,0.0736211502937115,0.19039511680603027,0.006818079389631748,0.006818079389631748,1.0,1.0,0,0
787,t2_b0,4,1,0.33946313374073495,0.07975877821445465,0.03372317552566528,0.03372317552566528,0.9500000000000001,1.0,0,0
787,t2_b0,6,9,0.08304992383684028,0.09078533947467804,2.9918332074885257e-05,2.9918332074885257e-05,1.0,1.0,0,0
787,t2_b0,5,0,-0.08713669839471466,0.22657960653305054,0.04920895770192146,0.04920895770192146,1.0,1.0,0,0
788,t2_b0,3,5,0.15071204100222516,0.09574786573648453,0.0015105303609743714,0.0015105303609743714,1.0,1.0,0,0
788,t2_b0,6,9,0.24920158034068213,0.1346951127052307,0.00655586551874876,0.00655586551874876,1.0,1.0,0,0
788,t2_b0,0,4,-0.0013474560749804003,0.15307793021202087,0.011923599056899548,0.011923599056899548,0.9500000000000001,1.0,0,0
789,t2_b0,3,5,0.29395511988851264,0.08486883342266083,0.021858537569642067,0.021858537569642067,1.0,1.0,0,0
789,t2_b0,6,9,0.06634398037806884,0.16904789209365845,0.005274047143757343,0.005274047143757343,1.0,1.0,0,0
789,t2_b0,4,1,-0.14659989308303267,0.12114040553569794,0.03584243729710579,0.03584243729710579,0.9500000000000001,1.0,0,0
790,t2_b0,3,5,0.07634781506319442,0.12744027376174927,0.00130521971732378,0.00130521971732378,1.0,1.0,0,0
790,t2_b0,1,4,0.0,0.06911413371562958,0.0023883816320449114,0.0023883816320449114,0.05,1.0,0,0
790,t2_b0,6,9,-0.23816362971355248,0.13414695858955383,0.06930758059024811,0.06930758059024811,1.0,1.0,0,0
791,t2_b0,4,1,0.5632112968730963,0.08284810930490494,0.11537440866231918,0.11537440866231918,0.9500000000000001,1.0,0,0
791,t2_b0,3,5,0.19499301666062197,0.1327831894159317,0.0019350314978510141,0.0019350314978510141,1.0,1.0,0,0
791,t2_b0,6,9,0.18066116335023613,0.03060796856880188,0.011257980018854141,0.011257980018854141,1.0,1.0,0,0
792,t2_b0,6,9,0.18317379851452778,0.057762205600738525,0.007864034734666348,0.007864034734666348,1.0,1.0,0,0
792,t2_b0,7,1,0.14002848661106285,0.2985230088233948,0.012560255825519562,0.012560255825519562,1.0,1.0,0,0
792,t2_b0,0,4,0.06293912969167631,0.0750296413898468,7.309023203561082e-05,7.309023203561082e-05,0.05,1.0,0,0
792,t2_b0,3,5,0.054709092050145576,0.1099538654088974,0.001525992527604103,0.001525992527604103,1.0,1.0,0,0
792,t2_b0,2,8,0.0,0.111184261739254,0.006180969998240471,0.006180969998240471,1.0,1.0,0,0
793,t2_b0,4,0,0.5008383171477787,0.1482168436050415,0.06217096000909805,0.06217096000909805,0.05,1.0,0,0
793,t2_b0,2,8,0.0,0.10062838345766068,0.005063035991042852,0.005063035991042852,1.0,1.0,0,0
793,t2_b0,6,9,0.3364121313563449,0.13170549273490906,0.02095240354537964,0.02095240354537964,1.0,1.0,0,0
793,t2_b0,3,5,0.1523568581885942,0.06842753291130066,0.003522066166624427,0.003522066166624427,1.0,1.0,0,0
793,t2_b0,7,1,0.34384397498545455,0.21600627899169922,0.00817123707383871,0.00817123707383871,1.0,1.0,0,0
794,t2_b0,1,4,0.11532041961962809,0.061123110353946686,0.0014686742797493935,0.0014686742797493935,0.9333333333333333,1.0,0,0
794,t2_b0,6,9,0.3772139068807571,0.17417985200881958,0.020611410960555077,0.020611410960555077,1.0,1.0,0,0
794,t2_b0,3,5,0.27315345828085574,0.09543980658054352,0.015791069716215134,0.015791069716215134,1.0,1.0,0,0
794,t2_b0,2,8,0.0,0.09426942467689514,0.004443362355232239,0.004443362355232239,1.0,1.0,0,0
795,t2_b0,4,1,0.3996603455708679,0.18335574865341187,0.023393839597702026,0.023393839597702026,0.9500000000000001,1.0,0,0
795,t2_b0,6,9,0.5250003945541575,0.1741815209388733,0.061536941677331924,0.061536941677331924,1.0,1.0,0,0
795,t2_b0,2,8,-0.006711379104908499,0.09136909246444702,0.004809889476746321,0.004809889476746321,1.0,1.0,0,0
795,t2_b0,3,5,0.13071732149636783,0.13195030391216278,7.601219067510101e-07,7.601219067510101e-07,1.0,1.0,0,0
796,t2_b0,2,8,0.001623938631189437,0.08098239451646805,0.0031488824170082808,0.0031488824170082808,1.0,1.0,0,0
796,t2_b0,6,9,0.21714014368375487,0.17086488008499146,0.0010706997709348798,0.0010706997709348798,1.0,1.0,0,0
796,t2_b0,3,5,0.2251842873198773,0.10281676799058914,0.007486905436962843,0.007486905436962843,1.0,1.0,0,0
796,t2_b0,4,1,0.1870425236338141,0.2086537629365921,0.00023352292191702873,0.00023352292191702873,0.9500000000000001,1.0,0,0
797,t2_b0,6,9,0.2755606792586599,0.13608144223690033,0.009727228432893753,0.009727228432893753,1.0,1.0,0,0
797,t2_b0,3,5,0.49938637406034425,0.09329277276992798,0.08245600759983063,0.08245600759983063,1.0,1.0,0,0
797,t2_b0,1,4,0.05813224607686591,0.08483107388019562,0.00035641371505334973,0.00035641371505334973,0.9333333333333333,1.0,0,0
798,t2_b0,1,4,0.0,0.07213259488344193,0.002601555548608303,0.002601555548608303,0.9333333333333333,1.0,0,0
798,t2_b0,3,5,0.05202486960419539,0.17422980070114136,0.007467022631317377,0.007467022631317377,1.0,1.0,0,0
798,t2_b0,6,9,0.010892583483590092,0.1399967074394226,0.008333937264978886,0.008333937264978886,1.0,1.0,0,0
799,t2_b0,1,4,0.556307999420039,0.05254761129617691,0.1268872320652008,0.1268872320652008,0.9333333333333333,1.0,0,0
799,t2_b0,3,5,0.06979665175485422,0.16764990985393524,0.004787629935890436,0.004787629935890436,1.0,1.0,0,0
799,t2_b0,6,9,0.33184799829691536,0.11780849099159241,0.022906454280018806,0.022906454280018806,1.0,1.0,0,0
800,t2_b0,1,4,0.17687040389932118,0.18510505557060242,3.390472920727916e-05,3.390472920727916e-05,0.9333333333333333,1.0,0,0
800,t2_b0,3,5,0.0512802118507502,0.12082338333129883,0.0024181262124329805,0.0024181262124329805,1.0,1.0,0,0
800,t2_b0,6,9,0.21290813370411565,0.13864806294441223,0.0027572789695113897,0.0027572789695113897,1.0,1.0,0,0
801,t2_b0,8,9,0.9329763584830906,0.15834131836891174,0.3000297546386719,0.3000297546386719,1.0,1.0,0,0
801,t2_b0,1,4,0.10502992517916146,0.10330501198768616,1.487663666921435e-06,1.487663666921435e-06,0.9333333333333333,1.0,0,0
801,t2_b0,3,5,0.04015116477538517,0.11189190298318863,0.002573366742581129,0.002573366742581129,1.0,1.0,0,0
802,t2_b0,3,5,0.07675813419219386,0.11900408565998077,0.0008923603454604745,0.0008923603454604745,1.0,1.0,0,0
802,t2_b0,1,4,-0.007213357643695544,0.08694565296173096,0.004432959482073784,0.004432959482073784,0.9333333333333333,1.0,0,0
802,t2_b0,8,9,0.05603973647011144,0.28799572587013245,0.026901790872216225,0.026901790872216225,1.0,1.0,0,0
803,t2_b0,1,4,0.3151426972785293,0.12459278106689453,0.018154634162783623,0.018154634162783623,0.9333333333333333,1.0,0,0
803,t2_b0,3,5,0.15931055584860235,0.14203624427318573,0.0001492008159402758,0.0001492008159402758,1.0,1.0,0,0
803,t2_b0,8,9,0.06045408345287394,0.16473475098609924,0.005437228828668594,0.005437228828668594,1.0,1.0,0,0
804,t2_b0,8,9,0.10576541648813126,0.07529409974813461,0.0004642505955416709,0.0004642505955416709,1.0,1.0,0,0
804,t2_b0,3,5,0.1321355290884899,0.1465470790863037,0.0001038464397424832,0.0001038464397424832,1.0,1.0,0,0
804,t2_b0,1,4,-0.05158731320272447,0.17752815783023834,0.026246950030326843,0.026246950030326843,0.9333333333333333,1.0,0,0
805,t2_b0,8,9,-0.4267219248479243,0.10470716655254364,0.1412084549665451,0.1412084549665451,1.0,1.0,0,0
805,t2_b0,1,4,0.41380614333117616,0.04511641710996628,0.0679660513997078,0.0679660513997078,0.9333333333333333,1.0,0,0
805,t2_b0,3,5,0.16494448832636552,0.12065951526165009,0.0009805792942643166,0.0009805792942643166,1.0,1.0,0,0
806,t2_b0,3,5,0.17111885906570262,0.11402912437915802,0.0016296186950057745,0.0016296186950057745,1.0,1.0,0,0
806,t2_b0,8,9,0.37595406803429415,0.06420361995697021,0.048594169318675995,0.048594169318675995,1.0,1.0,0,0
806,t2_b0,1,4,-0.018579796299506752,0.10558284819126129,0.007708181161433458,0.007708181161433458,0.9333333333333333,1.0,0,0
807,t2_b0,3,5,0.06534279570506259,0.12307043373584747,0.0016662399284541607,0.0016662399284541607,1.0,1.0,0,0
807,t2_b0,8,9,-0.7416671233362482,0.13748028874397278,0.3864500820636749,0.3864500820636749,1.0,1.0,0,0
807,t2_b0,1,4,0.3103374709566058,0.10899825394153595,0.020268741995096207,0.020268741995096207,0.9333333333333333,1.0,0,0
808,t2_b0,4,0,-0.4028880379048048,0.14782369136810303,0.15164171159267426,0.15164171159267426,0.05,1.0,0,0
808,t2_b0,7,1,-0.03598361644574534,0.12595903873443604,0.013112712651491165,0.013112712651491165,1.0,1.0,0,0
808,t2_b0,8,9,-0.258132411258076,0.06284350901842117,0.051512762904167175,0.051512762904167175,1.0,1.0,0,0
808,t2_b0,3,5,-1.9320560839601964e-05,0.12883597612380981,0.008301844820380211,0.008301844820380211,1.0,1.0,0,0
809,t2_b0,1,4,0.35675257684259765,0.15518631041049957,0.020314479246735573,0.020314479246735573,0.9333333333333333,1.0,0,0
809,t2_b0,8,9,-0.18016183716234488,0.008628591895103455,0.01782091148197651,0.01782091148197651,1.0,1.0,0,0
809,t2_b0,3,5,0.14750032142714506,0.12008938193321228,0.0003756798105314374,0.0003756798105314374,1.0,1.0,0,0
810,t2_b0,1,4,0.05001312308151713,0.15255096554756165,0.005257004406303167,0.005257004406303167,0.9333333333333333,1.0,0,0
810,t2_b0,3,5,-0.029708224164439873,0.11774800717830658,0.01087166927754879,0.01087166927754879,1.0,1.0,0,0
810,t2_b0,8,9,0.4812877459290945,0.020902924239635468,0.10597708821296692,0.10597708821296692,1.0,1.0,0,0
811,t2_b0,3,5,0.12141106397963765,0.08655858784914017,0.0006073475233279169,0.0006073475233279169,1.0,1.0,0,0
811,t2_b0,1,4,0.03411379639415546,0.09698550403118134,0.0019764259923249483,0.0019764259923249483,0.9333333333333333,1.0,0,0
811,t2_b0,8,9,-0.08046735199936475,0.13374952971935272,0.022944437339901924,0.022944437339901924,0.9500000000000001,1.0,0,0
812,t2_b0,1,7,0.1843948890567544,0.062140628695487976,0.007473052944988012,0.007473052944988012,0.9333333333333333,1.0,0,0
812,t2_b0,8,9,-0.21153328271937738,0.16401490569114685,0.07051821798086166,0.07051821798086166,0.9500000000000001,1.0,0,0
812,t2_b0,3,5,0.10069148368444614,0.08494710922241211,0.00012394264922477305,0.00012394264922477305,1.0,1.0,0,0
813,t2_b0,8,9,0.04269323797955574,0.09303734451532364,0.001267264480702579,0.001267264480702579,0.9500000000000001,1.0,0,0
813,t2_b0,1,7,-0.022953025261837227,0.12414896488189697,0.010819499380886555,0.010819499380886555,0.9333333333333333,1.0,0,0
813,t2_b0,3,5,0.37451574531222837,0.11192444711923599,0.03447709605097771,0.03447709605097771,1.0,1.0,0,0
814,t2_b0,3,5,0.05920533757686261,0.1879604160785675,0.008288934826850891,0.008288934826850891,1.0,1.0,0,0
814,t2_b0,6,8,-0.06859085775166847,0.12719471752643585,0.019165996462106705,0.019165996462106705,0.9500000000000001,1.0,0,0
814,t2_b0,1,7,0.5112269040097065,0.11936061084270477,0.07677958905696869,0.07677958905696869,0.9500000000000001,1.0,0,0
815,t2_b0,6,8,0.2164049787370438,0.10027426481246948,0.006743170786648989,0.006743170786648989,0.9500000000000001,1.0,0,0
815,t2_b0,4,7,0.27022096692681113,0.1346917450428009,0.009184084832668304,0.009184084832668304,0.9333333333333333,1.0,0,0
815,t2_b0,3,5,0.13194827909516685,0.15945526957511902,0.00037831731606274843,0.00037831731606274843,1.0,1.0,0,0
816,t2_b0,4,7,-0.013004835457410407,0.15497079491615295,0.014107907190918922,0.014107907190918922,0.9333333333333333,1.0,0,0
816,t2_b0,8,9,0.16703061147575646,0.08469317108392715,0.003389727557078004,0.003389727557078004,0.9500000000000001,1.0,0,0
816,t2_b0,3,5,0.14540585821409183,0.11563405394554138,0.0004431801789905876,0.0004431801789905876,1.0,1.0,0,0
817,t2_b0,8,9,0.09487679073024742,0.12790581583976746,0.0005454583442769945,0.0005454583442769945,1.0,1.0,0,0
817,t2_b0,4,7,0.0,0.13568343222141266,0.00920499674975872,0.00920499674975872,0.9333333333333333,1.0,0,0
818,t2_b0,0,7,0.01659426023660955,0.1031719297170639,0.0037478464655578136,0.0037478464655578136,1.0,1.0,0,0
819,t2_b0,4,9,-0.11587144364867027,0.09411948919296265,0.022048095241189003,0.022048095241189003,1.0,1.0,0,0
819,t2_b0,0,7,-0.022448529454169204,0.12103420495986938,0.010293646715581417,0.010293646715581417,1.0,1.0,0,0
820,t2_b0,4,9,0.0,0.10133524984121323,0.005134416278451681,0.005134416278451681,1.0,1.0,0,0
820,t2_b0,0,7,0.06191732561754335,0.11796373873949051,0.0015706000849604607,0.0015706000849604607,0.9500000000000001,1.0,0,0
821,t2_b0,9,0,0.9968665195701768,0.09038080275058746,0.4108581840991974,0.4108581840991974,0.925,1.0,0,0
821,t2_b0,6,8,0.07671491850351723,0.07411401718854904,3.382342583790887e-06,3.382342583790887e-06,1.0,1.0,0,0
822,t2_b0,6,8,0.2830244390621721,0.0821225643157959,0.020180780440568924,0.020180780440568924,1.0,1.0,0,0
822,t2_b0,0,9,0.31462163310165925,0.10288621485233307,0.022415941581130028,0.022415941581130028,1.0,1.0,0,0
823,t2_b0,6,8,0.1822780050469935,0.11710131168365479,0.002124000806361437,0.002124000806361437,1.0,1.0,0,0
823,t2_b0,7,9,0.19205933767196928,0.14172911643981934,0.001266565639525652,0.001266565639525652,1.0,1.0,0,0
825,t2_b0,2,8,0.0,0.10652514547109604,0.005673803389072418,0.005673803389072418,1.0,1.0,0,0
826,t2_b0,2,8,0.0,-0.0015976130962371826,1.276183752452198e-06,1.276183752452198e-06,1.0,1.0,0,0
827,t2_b0,2,8,0.0,0.03690238296985626,0.0006808929610997438,0.0006808929610997438,1.0,1.0,0,0
828,t2_b0,2,8,-0.021043445680722684,0.07569752633571625,0.004679408390074968,0.004679408390074968,1.0,1.0,0,0
829,t2_b0,4,5,0.9894420643729348,0.11641249805688858,0.38109028339385986,0.38109028339385986,1.0,1.0,0,0
829,t2_b0,2,8,0.0,0.04440704733133316,0.0009859929559752345,0.0009859929559752345,1.0,1.0,0,0
829,t2_b0,3,9,0.9399573788429465,0.11960779130458832,0.33648669719696045,0.33648669719696045,1.0,1.0,0,0
830,t2_b0,3,9,0.11999346333136851,0.2791339159011841,0.012662841938436031,0.012662841938436031,1.0,1.0,0,0
830,t2_b0,4,5,0.31849480177427375,0.2746015787124634,0.0009633072768338025,0.0009633072768338025,0.9128906250000001,1.0,0,0
831,t2_b0,8,5,0.2581626356310429,0.10511282086372375,0.011712124571204185,0.011712124571204185,0.9390625,1.0,0,0
831,t2_b0,3,9,0.09356103047309519,0.2063574492931366,0.0063615161925554276,0.0063615161925554276,1.0,1.0,0,0
832,t2_b0,8,5,-1.0,0.1450950652360916,0.6450951099395752,0.6450951099395752,0.9500000000000001,1.0,0,0
832,t2_b0,2,7,0.3469243787542668,0.1054249256849289,0.029160989448428154,0.029160989448428154,1.0,1.0,0,0
832,t2_b0,3,9,0.024922729322825757,0.10172969102859497,0.002949654823169112,0.002949654823169112,1.0,1.0,0,0
833,t2_b0,5,8,0.18204904614690712,0.12183219194412231,0.0018130351090803742,0.0018130351090803742,1.0,1.0,0,0
833,t2_b0,2,7,0.12529747558497734,0.22748076915740967,0.005220713093876839,0.005220713093876839,1.0,1.0,0,0
834,t2_b0,5,8,0.2067817892627741,0.10343248397111893,0.005340539384633303,0.005340539384633303,1.0,1.0,0,0
834,t2_b0,2,7,-0.20141139888048903,0.15406781435012817,0.06318273395299911,0.06318273395299911,0.9500000000000001,1.0,0,0
835,t2_b0,7,2,0.053520437526877886,0.10373590141534805,0.0012607964454218745,0.0012607964454218745,0.9500000000000001,1.0,0,0
835,t2_b0,5,8,0.4687350649941066,0.152818500995636,0.04990163818001747,0.04990163818001747,1.0,1.0,0,0
835,t2_b0,9,6,0.9976396633323124,-0.12541769444942474,0.6230573654174805,0.6230573654174805,1.0,1.0,0,0
836,t2_b0,6,7,0.5648143841752417,0.11499112099409103,0.10117048025131226,0.10117048025131226,0.8666666666666667,1.0,0,0
836,t2_b0,4,2,-1.0,0.11671093851327896,0.616710901260376,0.616710901260376,1.0,1.0,0,0
837,t2_b0,4,2,-0.9684545111440621,0.023844517767429352,0.4923287332057953,0.4923287332057953,0.9182291666666667,1.0,0,0
837,t2_b0,7,6,0.1035823247817134,0.14179900288581848,0.0007302573067136109,0.0007302573067136109,0.025,1.0,0,0
838,t2_b0,4,2,0.0,-0.08253095299005508,0.003405679017305374,0.003405679017305374,0.9333333333333333,1.0,0,0
838,t2_b0,9,7,-1.0,0.23210087418556213,0.7321008443832397,0.7321008443832397,0.8880859375000001,1.0,0,0
839,t2_b0,9,7,0.17067929136240184,0.1066536158323288,0.002049643313512206,0.002049643313512206,0.907421875,1.0,0,0
840,t2_b0,4,2,0.0,0.018591850996017456,0.00017282845510635525,0.00017282845510635525,0.9333333333333333,1.0,0,0
840,t2_b0,9,7,0.2657102460076769,0.05469305068254471,0.02226412668824196,0.02226412668824196,0.925,1.0,0,0
841,t2_b0,9,6,0.3061646566548489,0.06829582154750824,0.02829078957438469,0.02829078957438469,0.03333333333333333,1.0,0,0
841,t2_b0,2,7,0.37672917890457736,0.15236207842826843,0.025170300155878067,0.025170300155878067,0.9333333333333333,1.0,0,0
842,t2_b0,2,7,0.16976241375314052,0.21779519319534302,0.0011535737430676818,0.0011535737430676818,0.9500000000000001,1.0,0,0
842,t2_b0,1,6,0.0,0.07512685656547546,0.0028220221865922213,0.0028220221865922213,0.9500000000000001,1.0,0,0
843,t2_b0,2,7,0.1629548439790286,0.14757540822029114,0.0001182634150609374,0.0001182634150609374,0.9500000000000001,1.0,0,0
843,t2_b0,6,1,-0.14459780406817743,0.22958925366401672,0.07000797241926193,0.07000797241926193,0.9333333333333333,1.0,0,0
844,t2_b0,2,7,0.26671350739423266,0.0722544714808464,0.018907155841588974,0.018907155841588974,0.9333333333333333,1.0,0,0
844,t2_b0,8,6,0.9270378260691724,0.12281949073076248,0.3233835697174072,0.3233835697174072,1.0,1.0,0,0
844,t2_b0,1,9,0.002200636737523095,0.10805235058069229,0.005602293182164431,0.005602293182164431,0.9500000000000001,1.0,0,0
845,t2_b0,8,6,0.8414199619572325,0.2833438515663147,0.1557244509458542,0.1557244509458542,1.0,1.0,0,0
845,t2_b0,4,7,0.22364862250741502,0.10192189365625381,0.0074086980894207954,0.0074086980894207954,1.0,1.0,0,0
845,t2_b0,1,9,0.3627324102135491,0.03820749372243881,0.05265820771455765,0.05265820771455765,0.9333333333333333,1.0,0,0
846,t2_b0,2,6,0.21440357584398692,0.14667931199073792,0.002293287543579936,0.002293287543579936,0.9333333333333333,1.0,0,0
846,t2_b0,4,7,0.3026277261617478,0.11850979924201965,0.01694970391690731,0.01694970391690731,1.0,1.0,0,0
846,t2_b0,0,8,0.10312531998189241,0.11387136578559875,5.7738761825021356e-05,5.7738761825021356e-05,1.0,1.0,0,0
846,t2_b0,1,9,0.0,0.1306731402873993,0.008537734858691692,0.008537734858691692,0.9333333333333333,1.0,0,0
847,t2_b0,0,8,0.0,0.11593340337276459,0.006720277015119791,0.006720277015119791,1.0,1.0,0,0
847,t2_b0,2,6,0.22286635928108312,0.19065162539482117,0.0005188944633118808,0.0005188944633118808,0.9333333333333333,1.0,0,0
847,t2_b0,1,7,0.3516945828861759,0.06940744072198868,0.03984301909804344,0.03984301909804344,0.03333333333333333,1.0,0,0
848,t2_b0,7,1,-0.14135063827871616,0.08175165206193924,0.024887317791581154,0.024887317791581154,1.0,1.0,0,0
848,t2_b0,0,8,0.322819251098071,0.09557056427001953,0.025820985436439514,0.025820985436439514,0.05,1.0,0,0
848,t2_b0,9,6,0.13577845694507598,0.12241905182600021,8.923685527406633e-05,8.923685527406633e-05,0.9500000000000001,1.0,0,0
849,t2_b0,9,6,0.2903458239229252,0.13478419184684753,0.01209970936179161,0.01209970936179161,0.9333333333333333,1.0,0,0
849,t2_b0,0,8,0.0,0.17377187311649323,0.0150983314961195,0.0150983314961195,0.9500000000000001,1.0,0,0
849,t2_b0,7,1,0.17806273148548862,0.021416038274765015,0.012269093655049801,0.012269093655049801,1.0,1.0,0,0
850,t2_b0,0,8,0.15019682784268815,0.10138732194900513,0.0011911835754290223,0.0011911835754290223,0.9500000000000001,1.0,0,0
850,t2_b0,9,6,0.0011720607869990783,0.16307705640792847,0.013106613419950008,0.013106613419950008,0.9333333333333333,1.0,0,0
850,t2_b0,7,1,0.14901554182118376,0.1264587938785553,0.00025440353783778846,0.00025440353783778846,1.0,1.0,0,0
851,t2_b0,9,2,-0.1913849348656275,0.1472780406475067,0.05734630674123764,0.05734630674123764,0.9333333333333333,1.0,0,0
851,t2_b0,0,8,0.008942422823007059,0.10888659954071045,0.004994418937712908,0.004994418937712908,0.9500000000000001,1.0,0,0
851,t2_b0,7,1,0.09269181955299115,0.09844565391540527,1.6553323803236708e-05,1.6553323803236708e-05,1.0,1.0,0,0
852,t2_b0,0,8,0.0013077437676382068,0.1482335329055786,0.010793594643473625,0.010793594643473625,1.0,1.0,0,0
852,t2_b0,7,1,0.2858349152124899,0.03689723461866379,0.03098498098552227,0.03098498098552227,1.0,1.0,0,0
852,t2_b0,9,2,-0.24409813052306734,0.08825159817934036,0.05522816628217697,0.05522816628217697,0.9333333333333333,1.0,0,0
853,t2_b0,0,8,0.02712329366292307,0.12602108716964722,0.00489038648083806,0.00489038648083806,1.0,1.0,0,0
853,t2_b0,1,7,0.05147818352705134,0.11431129276752472,0.0019739996641874313,0.0019739996641874313,0.05,1.0,0,0
853,t2_b0,2,6,0.20276750900442767,0.1290813833475113,0.0027148223016411066,0.0027148223016411066,0.925,1.0,0,0
853,t2_b0,3,9,0.9020887827799253,0.14718592166900635,0.28493914008140564,0.28493914008140564,0.9333333333333333,1.0,0,0
854,t2_b0,2,9,0.252367476695473,0.15819725394248962,0.004434014670550823,0.004434014670550823,0.925,1.0,0,0
854,t2_b0,7,1,0.45722131887473644,0.17639362812042236,0.0394320972263813,0.0394320972263813,1.0,1.0,0,0
854,t2_b0,0,8,0.0,0.07109692692756653,0.0025273864157497883,0.0025273864157497883,1.0,1.0,0,0
855,t2_b0,0,8,0.1887700046156033,0.06080740690231323,0.00818721391260624,0.00818721391260624,1.0,1.0,0,0
855,t2_b0,1,7,0.628072331384809,0.08610410243272781,0.14686477184295654,0.14686477184295654,0.9333333333333333,1.0,0,0
855,t2_b0,6,9,0.18694154941376037,0.11918456852436066,0.0022955043241381645,0.0022955043241381645,0.9333333333333333,1.0,0,0
856,t2_b0,9,6,0.12432990412377368,0.13056550920009613,1.944139694387559e-05,1.944139694387559e-05,0.925,1.0,0,0
856,t2_b0,3,1,-0.12679756869351483,0.17071697115898132,0.044257454574108124,0.044257454574108124,0.925,1.0,0,0
857,t2_b0,3,1,0.16603898229397418,0.04934612661600113,0.006808610633015633,0.006808610633015633,0.925,1.0,0,0
857,t2_b0,0,8,0.14835872354743565,0.08369030058383942,0.002091002184897661,0.002091002184897661,0.05,1.0,0,0
857,t2_b0,2,9,0.0,0.12036504596471786,0.007243872154504061,0.007243872154504061,0.925,1.0,0,0
858,t2_b0,6,9,0.2817981523722011,0.1361638605594635,0.010604673996567726,0.010604673996567726,0.925,1.0,0,0
858,t2_b0,3,1,-0.35191114733063394,0.09554043412208557,0.10010646283626556,0.10010646283626556,0.9333333333333333,1.0,0,0
858,t2_b0,0,8,0.0,0.12904101610183716,0.008325791917741299,0.008325791917741299,0.9500000000000001,1.0,0,0
859,t2_b0,2,9,0.0,0.14721232652664185,0.010835734196007252,0.010835734196007252,0.925,1.0,0,0
859,t2_b0,1,7,0.07729113321026505,0.10263907164335251,0.0003212590527255088,0.0003212590527255088,0.9500000000000001,1.0,0,0
860,t2_b0,1,7,0.3060790024167976,0.12528905272483826,0.01634250208735466,0.01634250208735466,0.9500000000000001,1.0,0,0
860,t2_b0,2,9,0.0,0.12144215404987335,0.007374098524451256,0.007374098524451256,0.925,1.0,0,0
861,t2_b0,4,7,0.9586071240742282,0.1152714192867279,0.3556075990200043,0.3556075990200043,1.0,1.0,0,0
861,t2_b0,2,9,0.0,0.10422533005475998,0.005431459750980139,0.005431459750980139,0.9333333333333333,1.0,0,0
861,t2_b0,3,1,-0.2836563025530003,0.07240581512451172,0.06339011341333389,0.06339011341333389,1.0,1.0,0,0
862,t2_b0,0,9,0.0,0.12142240256071091,0.007371699903160334,0.007371699903160334,0.9333333333333333,1.0,0,0
862,t2_b0,6,2,0.5451719008776869,0.15794023871421814,0.0749741867184639,0.0749741867184639,0.9333333333333333,1.0,0,0
862,t2_b0,4,7,0.20545642721300242,0.2735503315925598,0.0023183904122561216,0.0023183904122561216,1.0,1.0,0,0
862,t2_b0,3,1,0.11534851931723314,-0.022164903581142426,0.009454971179366112,0.009454971179366112,1.0,1.0,0,0
863,t2_b0,7,1,0.15411721349352922,0.14184579253196716,7.529386493843049e-05,7.529386493843049e-05,0.9500000000000001,1.0,0,0
863,t2_b0,9,2,-0.0070079575784905875,0.11899257451295853,0.007938067428767681,0.007938067428767681,0.9333333333333333,1.0,0,0
864,t2_b0,4,1,-0.3595761888408531,0.12884929776191711,0.11927973479032516,0.11927973479032516,0.9382812500000001,1.0,0,0
864,t2_b0,9,2,0.1259127628114099,0.13142001628875732,1.5164959222602192e-05,1.5164959222602192e-05,0.9333333333333333,1.0,0,0
865,t2_b0,1,7,0.24655813218533423,0.11673533916473389,0.008426978252828121,0.008426978252828121,0.9333333333333333,1.0,0,0
865,t2_b0,3,4,0.0,0.11937490105628967,0.0071251834742724895,0.0071251834742724895,0.9500000000000001,1.0,0,0
865,t2_b0,2,9,0.0,0.09701062738895416,0.004705531056970358,0.004705531056970358,0.9333333333333333,1.0,0,0
866,t2_b0,3,4,-0.13020544802701497,0.11646795272827148,0.030423885211348534,0.030423885211348534,0.9500000000000001,1.0,0,0
866,t2_b0,2,9,0.0,0.0705118402838707,0.00248595979064703,0.00248595979064703,0.9500000000000001,1.0,0,0
866,t2_b0,1,7,0.05847222736468997,0.1650284230709076,0.005677110981196165,0.005677110981196165,0.9333333333333333,1.0,0,0
867,t2_b0,3,4,-0.06677019707099237,0.06909582763910294,0.00922978762537241,0.00922978762537241,0.9500000000000001,1.0,0,0
867,t2_b0,1,7,0.1566434261654665,0.13962647318840027,0.00014478825323749334,0.00014478825323749334,0.9333333333333333,1.0,0,0
867,t2_b0,2,9,0.0,0.11123563349246979,0.0061866831965744495,0.0061866831965744495,0.9500000000000001,1.0,0,0
868,t2_b0,7,1,0.02464256323796446,0.16199877858161926,0.009433365426957607,0.009433365426957607,0.9500000000000001,1.0,0,0
868,t2_b0,2,9,0.0,0.12767595052719116,0.008150573819875717,0.008150573819875717,1.0,1.0,0,0
868,t2_b0,0,5,0.0,0.0638214647769928,0.002036589663475752,0.002036589663475752,1.0,1.0,0,0
868,t2_b0,4,3,0.09714898694137182,0.13042587041854858,0.0005536755779758096,0.0005536755779758096,1.0,1.0,0,0
869,t2_b0,6,9,0.20501330787585012,0.12288326025009155,0.003372672013938427,0.003372672013938427,1.0,1.0,0,0
869,t2_b0,1,7,0.5892417425835461,0.13727319240570068,0.10213778167963028,0.10213778167963028,0.9500000000000001,1.0,0,0
869,t2_b0,4,3,-0.03560463851974693,0.13999240100383759,0.015417160466313362,0.015417160466313362,1.0,1.0,0,0
869,t2_b0,0,5,-0.00033683040953225835,0.06447577476501465,0.002100337063893676,0.002100337063893676,1.0,1.0,0,0
870,t2_b0,1,7,0.12009589809064845,0.21147006750106812,0.004174618981778622,0.004174618981778622,0.9500000000000001,1.0,0,0
870,t2_b0,4,3,0.030183804222044558,0.1019667237997055,0.0025763935409486294,0.0025763935409486294,1.0,1.0,0,0
870,t2_b0,0,5,0.002595900814530196,0.02632177621126175,0.00028145857504568994,0.00028145857504568994,1.0,1.0,0,0
870,t2_b0,6,9,0.35828645233720396,0.1383870244026184,0.024177877232432365,0.024177877232432365,1.0,1.0,0,0
871,t2_b0,0,4,0.05798988979371291,0.0788913443684578,0.00021843536524102092,0.00021843536524102092,1.0,1.0,0,0
871,t2_b0,6,9,0.011350562866720908,0.20404931902885437,0.01856640726327896,0.01856640726327896,1.0,1.0,0,0
871,t2_b0,1,7,-0.001000479468220195,0.18721038103103638,0.017711663618683815,0.017711663618683815,0.9500000000000001,1.0,0,0
872,t2_b0,6,9,0.08522011616991543,0.13565288484096527,0.0012717322679236531,0.0012717322679236531,1.0,1.0,0,0
872,t2_b0,0,4,0.022527253397717113,0.111570343375206,0.003964335657656193,0.003964335657656193,1.0,1.0,0,0
872,t2_b0,1,7,0.13313771501233163,0.12101946771144867,7.342599565163255e-05,7.342599565163255e-05,0.9500000000000001,1.0,0,0
873,t2_b0,6,9,0.13457123855258427,0.10128256678581238,0.0005540678394027054,0.0005540678394027054,1.0,1.0,0,0
873,t2_b0,0,4,0.2495028410718454,0.08668329566717148,0.013255100697278976,0.013255100697278976,1.0,1.0,0,0
873,t2_b0,1,7,0.3950698689021552,0.1197918951511383,0.03788898140192032,0.03788898140192032,0.9500000000000001,1.0,0,0
874,t2_b0,1,7,0.46080930049467567,0.18205562233924866,0.03885180503129959,0.03885180503129959,0.9500000000000001,1.0,0,0
874,t2_b0,0,4,0.0,0.14229229092597961,0.010123548097908497,0.010123548097908497,1.0,1.0,0,0
874,t2_b0,6,9,0.25547582892335974,0.14029595255851746,0.00663320068269968,0.00663320068269968,1.0,1.0,0,0
875,t2_b0,0,4,0.4944348421607504,0.11930745095014572,0.07036027312278748,0.07036027312278748,1.0,1.0,0,0
875,t2_b0,1,7,0.21425568107742504,0.22970014810562134,0.00011926586739718914,0.00011926586739718914,0.9500000000000001,1.0,0,0
876,t2_b0,0,4,0.07279863950406047,0.20758244395256042,0.009083337150514126,0.009083337150514126,1.0,1.0,0,0
876,t2_b0,1,7,0.3042859415498981,0.16994640231132507,0.009023556485772133,0.009023556485772133,0.9333333333333333,1.0,0,0
877,t2_b0,0,4,0.0,0.1391751766204834,0.009684864431619644,0.009684864431619644,1.0,1.0,0,0
877,t2_b0,1,7,0.004996733083209993,0.16433191299438477,0.012693850323557854,0.012693850323557854,0.9333333333333333,1.0,0,0
878,t2_b0,0,4,0.35554081061081844,0.08970792591571808,0.03533356636762619,0.03533356636762619,1.0,1.0,0,0
878,t2_b0,1,7,0.08955816350221875,0.15481851994991302,0.0021294571924954653,0.0021294571924954653,0.9333333333333333,1.0,0,0
878,t2_b0,6,8,0.9932614244605281,-0.12485791742801666,0.6181193590164185,0.6181193590164185,0.5,1.0,0,0
879,t2_b0,1,7,0.12143438011791687,0.15943489968776703,0.0007220196421258152,0.0007220196421258152,0.925,1.0,0,0
879,t2_b0,0,4,0.011401647079671265,0.20117905735969543,0.018007731065154076,0.018007731065154076,1.0,1.0,0,0
880,t2_b0,8,6,0.033713504777083736,0.13210166990756989,0.004840115550905466,0.004840115550905466,0.062109375,1.0,0,0
880,t2_b0,1,7,0.2576577469090271,0.1349964737892151,0.00752289267256856,0.00752289267256856,0.9333333333333333,1.0,0,0
880,t2_b0,0,4,0.06353455082967714,0.12671568989753723,0.00199592811986804,0.00199592811986804,1.0,1.0,0,0
881,t2_b0,1,7,0.05519319850775324,0.133463516831398,0.003063121112063527,0.003063121112063527,0.9333333333333333,1.0,0,0
881,t2_b0,6,3,0.8787903666395043,0.24632525444030762,0.20000606775283813,0.20000606775283813,0.8880859375000001,1.0,0,0
881,t2_b0,0,4,0.0,0.11658895015716553,0.006796491798013449,0.006796491798013449,1.0,1.0,0,0
882,t2_b0,1,7,0.021094056037069122,0.1348574012517929,0.006471049506217241,0.006471049506217241,0.9333333333333333,1.0,0,0
882,t2_b0,0,4,0.37534457221818773,0.11248426139354706,0.03454776853322983,0.03454776853322983,1.0,1.0,0,0
882,t2_b0,6,3,-0.0898432643579189,0.24511933326721191,0.05609997361898422,0.05609997361898422,0.9177083333333333,1.0,0,0
883,t2_b0,0,4,0.05736848879363413,0.17732864618301392,0.007195219863206148,0.007195219863206148,1.0,1.0,0,0
883,t2_b0,6,3,-0.7600556548564942,0.16787409782409668,0.43052682280540466,0.43052682280540466,0.925,1.0,0,0
884,t2_b0,6,3,-0.34835869332376546,0.04935348778963089,0.07908748835325241,0.07908748835325241,0.925,1.0,0,0
884,t2_b0,0,4,0.0,0.12640999257564545,0.007989742793142796,0.007989742793142796,0.9500000000000001,1.0,0,0
884,t2_b0,1,7,0.174449473402615,0.11478821188211441,0.0017797331092879176,0.0017797331092879176,0.9333333333333333,1.0,0,0
885,t2_b0,1,7,0.2951776750917535,0.13023491203784943,0.013603056780993938,0.013603056780993938,0.9500000000000001,1.0,0,0
885,t2_b0,6,4,-0.7086606437032841,-0.01076991856098175,0.24352575838565826,0.24352575838565826,0.9500000000000001,1.0,0,0
886,t2_b0,1,7,0.4195686357398963,0.1727067232131958,0.03047039918601513,0.03047039918601513,0.9500000000000001,1.0,0,0
886,t2_b0,0,4,0.03866671711824176,0.14709842205047607,0.0058787171728909016,0.0058787171728909016,0.9500000000000001,1.0,0,0
887,t2_b0,1,7,0.40662242528586906,0.18724599480628967,0.02406301163136959,0.02406301163136959,0.9500000000000001,1.0,0,0
887,t2_b0,0,4,0.035158588420036066,0.1353190839290619,0.005016062408685684,0.005016062408685684,0.9500000000000001,1.0,0,0
888,t2_b0,0,4,0.027484268707339415,0.08178917318582535,0.001474511343985796,0.001474511343985796,0.9500000000000001,1.0,0,0
888,t2_b0,1,7,-0.0015136373038168289,0.2192307412624359,0.024364039301872253,0.024364039301872253,0.9500000000000001,1.0,0,0
888,t2_b0,6,8,0.0,0.06961219757795334,0.0024229290429502726,0.0024229290429502726,0.9500000000000001,1.0,0,0
889,t2_b0,0,4,0.015655265176606054,0.07349349558353424,0.0016726305475458503,0.0016726305475458503,1.0,1.0,0,0
889,t2_b0,1,7,0.025359734879922016,0.14024412631988525,0.006599211599677801,0.006599211599677801,0.9500000000000001,1.0,0,0
889,t2_b0,6,8,0.0,0.12588021159172058,0.007922913879156113,0.007922913879156113,1.0,1.0,0,0
890,t2_b0,0,4,0.0375631365863548,0.08628968149423599,0.0011871380265802145,0.0011871380265802145,1.0,1.0,0,0
890,t2_b0,1,7,0.42200082312907733,0.11837399005889893,0.0460946261882782,0.0460946261882782,0.9500000000000001,1.0,0,0
890,t2_b0,6,8,0.0,0.1428569257259369,0.010204050689935684,0.010204050689935684,1.0,1.0,0,0
891,t2_b0,0,4,0.0,0.10251658409833908,0.005254825111478567,0.005254825111478567,1.0,1.0,0,0
891,t2_b0,1,7,0.02231706075715593,0.21072134375572205,0.017748085781931877,0.017748085781931877,0.9333333333333333,1.0,0,0
891,t2_b0,5,8,0.5560336828297694,0.10302478820085526,0.10260852426290512,0.10260852426290512,1.0,1.0,0,0
892,t2_b0,5,8,0.0,0.19694381952285767,0.01939343474805355,0.01939343474805355,1.0,1.0,0,0
892,t2_b0,1,7,0.1444499863591373,0.1872890442609787,0.0009175927261821926,0.0009175927261821926,0.9333333333333333,1.0,0,0
892,t2_b0,0,4,0.21038729389496327,0.09396961331367493,0.006776537746191025,0.006776537746191025,1.0,1.0,0,0
893,t2_b0,1,7,0.13475901861172518,0.15215755999088287,0.00015135452849790454,0.00015135452849790454,0.9333333333333333,1.0,0,0
893,t2_b0,0,4,0.018128826646730833,0.10665954649448395,0.003918844275176525,0.003918844275176525,1.0,1.0,0,0
893,t2_b0,5,8,0.33948197317041723,0.07329875230789185,0.035426754504442215,0.035426754504442215,1.0,1.0,0,0
894,t2_b0,5,8,0.09213693115626873,0.08095181733369827,6.255342304939404e-05,6.255342304939404e-05,1.0,1.0,0,0
894,t2_b0,1,7,0.22628985475268956,0.13469089567661285,0.004195184446871281,0.004195184446871281,0.9500000000000001,1.0,0,0
894,t2_b0,0,4,0.0,0.08424584567546844,0.0035486812703311443,0.0035486812703311443,1.0,1.0,0,0
895,t2_b0,5,8,0.038460121173260316,0.11334235966205597,0.0028036748990416527,0.0028036748990416527,1.0,1.0,0,0
895,t2_b0,1,7,0.17330609598324093,0.16696994006633759,2.0073413907084614e-05,2.0073413907084614e-05,0.9500000000000001,1.0,0,0
895,t2_b0,0,4,0.3577821124510648,0.09469255059957504,0.034608058631420135,0.034608058631420135,1.0,1.0,0,0
896,t2_b0,0,4,0.10775154708683736,0.18317145109176636,0.0028440807946026325,0.0028440807946026325,1.0,1.0,0,0
896,t2_b0,1,7,0.2681309244210737,0.17733736336231232,0.004121735692024231,0.004121735692024231,0.9500000000000001,1.0,0,0
896,t2_b0,5,8,0.0329917619372885,0.10981828719377518,0.002951157744973898,0.002951157744973898,1.0,1.0,0,0
897,t2_b0,5,8,0.0,0.08666360378265381,0.003755290061235428,0.003755290061235428,1.0,1.0,0,0
897,t2_b0,0,4,0.040308688411228255,0.1543859988451004,0.006506816949695349,0.006506816949695349,1.0,1.0,0,0
897,t2_b0,1,7,0.07791832131400665,0.16610901057720184,0.003888798877596855,0.003888798877596855,0.9500000000000001,1.0,0,0
898,t2_b0,0,4,0.0,0.09833892434835434,0.004835272207856178,0.004835272207856178,1.0,1.0,0,0
898,t2_b0,1,7,-0.003095964715265134,0.11626841872930527,0.007123927585780621,0.007123927585780621,0.9500000000000001,1.0,0,0
898,t2_b0,5,8,0.05398397120885618,0.08398817479610443,0.00045012609916739166,0.00045012609916739166,1.0,1.0,0,0
899,t2_b0,1,7,0.07885081214492175,0.1114649772644043,0.000531841826159507,0.000531841826159507,0.9500000000000001,1.0,0,0
899,t2_b0,5,8,0.0,0.07919444143772125,0.0031358797568827868,0.0031358797568827868,1.0,1.0,0,0
899,t2_b0,0,4,0.5642105022914141,0.0789225772023201,0.11775217205286026,0.11775217205286026,1.0,1.0,0,0
900,t2_b0,5,8,0.0,0.05808010697364807,0.0016866493970155716,0.0016866493970155716,1.0,1.0,0,0
900,t2_b0,1,7,0.2583373495776543,0.14100384712219238,0.006883575115352869,0.006883575115352869,0.9500000000000001,1.0,0,0
900,t2_b0,0,4,0.02420237542424825,0.20335924625396729,0.01604859158396721,0.01604859158396721,1.0,1.0,0,0
901,t2_b0,8,6,0.8356435354902794,0.10997936129570007,0.2632942199707031,0.2632942199707031,0.92890625,1.0,0,0
901,t2_b0,1,7,0.2750770895261068,0.15694653987884521,0.006977411452680826,0.006977411452680826,0.9500000000000001,1.0,0,0
901,t2_b0,0,4,0.0,0.1689796894788742,0.014277067966759205,0.014277067966759205,1.0,1.0,0,0
902,t2_b0,1,7,0.05671286648009552,0.15746301412582397,0.005075296387076378,0.005075296387076378,0.9500000000000001,1.0,0,0
902,t2_b0,6,8,-0.11873644772350264,0.10165330767631531,0.024285821244120598,0.024285821244120598,0.9500000000000001,1.0,0,0
902,t2_b0,0,4,0.20451139295890408,0.10322607308626175,0.005129357799887657,0.005129357799887657,1.0,1.0,0,0
903,t2_b0,1,7,0.2692472369117213,0.12238473445177078,0.010784298181533813,0.010784298181533813,0.9500000000000001,1.0,0,0
903,t2_b0,0,4,0.07878088266608707,0.12408726662397385,0.0010263342410326004,0.0010263342410326004,1.0,1.0,0,0
903,t2_b0,6,8,0.04439077420131937,0.08984439820051193,0.0010330158984288573,0.0010330158984288573,0.9500000000000001,1.0,0,0
904,t2_b0,3,1,-0.7060572190148389,0.08202128112316132,0.3105338513851166,0.3105338513851166,1.0,1.0,0,0
904,t2_b0,5,6,0.5963625584652442,0.09468842297792435,0.12583845853805542,0.12583845853805542,0.94140625,1.0,0,0
904,t2_b0,0,4,0.24198776988270063,0.12500065565109253,0.006842991802841425,0.006842991802841425,1.0,1.0,0,0
905,t2_b0,0,4,0.009813996037245365,0.16627323627471924,0.012239747680723667,0.012239747680723667,1.0,1.0,0,0
905,t2_b0,5,6,0.0,0.20031186938285828,0.02006242237985134,0.02006242237985134,0.9500000000000001,1.0,0,0
905,t2_b0,3,1,0.001240342903979182,-0.1418895423412323,0.010243082419037819,0.010243082419037819,1.0,1.0,0,0
906,t2_b0,5,6,0.003749322960038816,0.1302146017551422,0.00799673330038786,0.00799673330038786,0.9500000000000001,1.0,0,0
906,t2_b0,3,1,-0.04451489235864261,-0.04657362028956413,2.1191835912759416e-06,2.1191835912759416e-06,1.0,1.0,0,0
906,t2_b0,0,4,0.087724848703736,0.15329588949680328,0.002149780746549368,0.002149780746549368,0.9500000000000001,1.0,0,0
907,t2_b0,5,8,0.49314325521002517,0.07302184402942657,0.0882510095834732,0.0882510095834732,1.0,1.0,0,0
907,t2_b0,3,1,0.16822627893125042,0.0650925561785698,0.005318281706422567,0.005318281706422567,1.0,1.0,0,0
907,t2_b0,0,4,0.2985323826642902,0.12099508941173553,0.015759747475385666,0.015759747475385666,0.9500000000000001,1.0,0,0
908,t2_b0,4,8,0.07672761393794793,0.10187296569347382,0.0003161443746648729,0.0003161443746648729,0.9333333333333333,1.0,0,0
908,t2_b0,2,9,0.17971387477059778,-0.12548020482063293,0.04657171294093132,0.04657171294093132,1.0,1.0,0,0
908,t2_b0,1,3,0.026570554603179752,0.1139058768749237,0.0038137289229780436,0.0038137289229780436,1.0,1.0,0,0
909,t2_b0,4,8,0.07920231960269361,0.10327862203121185,0.0002898342499975115,0.0002898342499975115,0.9500000000000001,1.0,0,0
909,t2_b0,2,9,-0.041730777224154345,0.2358948290348053,0.038537994027137756,0.038537994027137756,1.0,1.0,0,0
909,t2_b0,1,3,0.06492146347383618,0.11296588182449341,0.001154133235104382,0.001154133235104382,1.0,1.0,0,0
910,t2_b0,0,8,-0.005654911521863165,0.15362951159477234,0.012685764580965042,0.012685764580965042,1.0,1.0,0,0
910,t2_b0,4,5,0.08124744818588281,0.10593578964471817,0.00030475709354504943,0.00030475709354504943,0.9500000000000001,1.0,0,0
910,t2_b0,2,9,-0.0628981010063116,0.17069557309150696,0.02728300169110298,0.02728300169110298,1.0,1.0,0,0
911,t2_b0,0,8,-0.0013933059451195161,0.11017828434705734,0.0062241097912192345,0.0062241097912192345,0.9500000000000001,1.0,0,0
911,t2_b0,2,9,0.0,-0.013548634946346283,9.17827564990148e-05,9.17827564990148e-05,1.0,1.0,0,0
911,t2_b0,4,5,0.19686507961081368,0.13186411559581757,0.002112562768161297,0.002112562768161297,1.0,1.0,0,0
912,t2_b0,4,5,0.19922203013558756,0.15735170245170593,0.0008765620877966285,0.0008765620877966285,1.0,1.0,0,0
912,t2_b0,2,9,-0.12475359858716298,-0.0758897066116333,0.001193840173073113,0.001193840173073113,1.0,1.0,0,0
912,t2_b0,7,0,0.933058972112497,0.13805794715881348,0.31601330637931824,0.31601330637931824,0.9,1.0,0,0
913,t2_b0,4,5,0.045726129106880106,0.14364808797836304,0.0047943550162017345,0.0047943550162017345,1.0,1.0,0,0
913,t2_b0,7,0,0.39709535466644225,0.3252065181732178,0.002584002213552594,0.002584002213552594,0.9128906250000001,1.0,0,0
913,t2_b0,2,3,0.06051770596391304,-0.04840980842709541,0.005932602100074291,0.005932602100074291,0.5,1.0,0,0
914,t2_b0,4,5,-0.00038626491412995027,0.09782708436250687,0.004822931252419949,0.004822931252419949,1.0,1.0,0,0
914,t2_b0,2,9,-0.03336586963873267,0.019970044493675232,0.0014223597245290875,0.0014223597245290875,1.0,1.0,0,0
914,t2_b0,0,7,0.309537404414724,0.14025935530662537,0.014327529817819595,0.014327529817819595,0.9500000000000001,1.0,0,0
915,t2_b0,0,7,0.0037012310526219182,0.17329955101013184,0.01438179612159729,0.01438179612159729,1.0,1.0,0,0
916,t2_b0,0,7,-0.029210395007967696,0.12471376359462738,0.011846322566270828,0.011846322566270828,1.0,1.0,0,0
917,t2_b0,4,7,0.02180312865638456,0.15028637647628784,0.008253972977399826,0.008253972977399826,1.0,1.0,0,0
918,t2_b0,4,7,0.15434484890524083,0.0894789844751358,0.002103789709508419,0.002103789709508419,0.9500000000000001,1.0,0,0
918,t2_b0,3,8,0.9291107994038291,0.05388379096984863,0.38301119208335876,0.38301119208335876,1.0,1.0,0,0
919,t2_b0,9,4,0.9306447511280285,0.12873558700084686,0.3215291500091553,0.3215291500091553,0.9,1.0,0,0
919,t2_b0,3,8,-0.34819120875326287,0.1980387568473816,0.14918358623981476,0.14918358623981476,1.0,1.0,0,0
920,t2_b0,7,4,-1.0,0.15031859278678894,0.6503186225891113,0.6503186225891113,0.9500000000000001,1.0,0,0
920,t2_b0,3,8,-0.9703373513012306,0.08418411016464233,0.5545214414596558,0.5545214414596558,1.0,1.0,0,0
921,t2_b0,7,9,0.42958134056542197,0.024052448570728302,0.08222684264183044,0.08222684264183044,1.0,1.0,0,0
922,t2_b0,2,4,0.9709115545577559,0.1289108842611313,0.3544825613498688,0.3544825613498688,1.0,1.0,0,0
923,t2_b0,3,7,0.0171280037392335,-0.007814399898052216,0.0003110617399215698,0.0003110617399215698,1.0,1.0,0,0
923,t2_b0,2,4,0.36974545392446423,0.2937678396701813,0.002886299742385745,0.002886299742385745,1.0,1.0,0,0
924,t2_b0,3,7,-0.1444739404217056,0.060750678181648254,0.021058572456240654,0.021058572456240654,1.0,1.0,0,0
924,t2_b0,2,4,0.08767138526010888,0.24667328596115112,0.012640802189707756,0.012640802189707756,1.0,1.0,0,0
925,t2_b0,3,7,0.03803468604623734,0.071010522544384,0.0005437029176391661,0.0005437029176391661,1.0,1.0,0,0
925,t2_b0,5,8,0.7837840817578265,0.12390723079442978,0.21771875023841858,0.21771875023841858,1.0,1.0,0,0
925,t2_b0,2,4,-0.9216669742864838,0.1330442726612091,0.5547112226486206,0.5547112226486206,1.0,1.0,0,0
926,t2_b0,3,7,0.024366247578845042,0.06889952719211578,0.0009916065027937293,0.0009916065027937293,1.0,1.0,0,0
926,t2_b0,6,9,0.4614621394030853,0.12720859050750732,0.05586271733045578,0.05586271733045578,1.0,1.0,0,0
926,t2_b0,5,8,-0.17904387813775743,0.2600420117378235,0.09639821201562881,0.09639821201562881,1.0,1.0,0,0
927,t2_b0,5,8,-0.23206099663076127,0.12270689755678177,0.06293012946844101,0.06293012946844101,1.0,1.0,0,0
927,t2_b0,6,9,0.0,0.25221318006515503,0.03180574253201485,0.03180574253201485,1.0,1.0,0,0
927,t2_b0,7,3,0.15459228407355352,0.10437124967575073,0.0012610764242708683,0.0012610764242708683,1.0,1.0,0,0
928,t2_b0,2,3,0.18963477299182388,0.052275650203228,0.009433763101696968,0.009433763101696968,0.05,1.0,0,0
928,t2_b0,5,8,0.1742035841907155,0.009291164577007294,0.013598055578768253,0.013598055578768253,1.0,1.0,0,0
929,t2_b0,3,2,0.14610105167088966,0.04634924232959747,0.004975212272256613,0.004975212272256613,0.9500000000000001,1.0,0,0
930,t2_b0,3,2,0.45768511286271596,0.0527169331908226,0.08199960738420486,0.08199960738420486,0.9500000000000001,1.0,0,0
931,t2_b0,7,2,-0.1128426880028615,0.07150518149137497,0.01699206791818142,0.01699206791818142,0.9333333333333333,1.0,0,0
931,t2_b0,1,3,0.4975460808918321,0.16843104362487793,0.05415835231542587,0.05415835231542587,0.9500000000000001,1.0,0,0
932,t2_b0,2,1,-0.05616685588398826,0.16356375813484192,0.024140771478414536,0.024140771478414536,0.9333333333333333,1.0,0,0
932,t2_b0,6,3,-0.48226224455056493,0.1431867629289627,0.1955932229757309,0.1955932229757309,0.9382812500000001,1.0,0,0
932,t2_b0,4,5,0.5900545446961791,0.12455250322818756,0.10834609717130661,0.10834609717130661,1.0,1.0,0,0
933,t2_b0,4,5,-1.0,0.24761490523815155,0.747614860534668,0.747614860534668,1.0,1.0,0,0
933,t2_b0,1,7,-0.011388618952646102,0.15815190970897675,0.014371994882822037,0.014371994882822037,0.925,1.0,0,0
934,t2_b0,4,5,-1.0,0.07539430260658264,0.5753942728042603,0.5753942728042603,1.0,1.0,0,0
934,t2_b0,1,7,0.026946615667081043,0.1101241260766983,0.0034592489246279,0.0034592489246279,0.925,1.0,0,0
935,t2_b0,3,1,-0.06498989049312648,0.11793796718120575,0.016731299459934235,0.016731299459934235,0.9333333333333333,1.0,0,0
935,t2_b0,4,5,0.0,-0.056100960820913315,0.0015736588975414634,0.0015736588975414634,1.0,1.0,0,0
936,t2_b0,6,1,-0.8133940727897404,0.22497372329235077,0.538367748260498,0.538367748260498,0.9500000000000001,1.0,0,0
936,t2_b0,3,7,0.30266950950209953,0.07655853033065796,0.025563083589076996,0.025563083589076996,0.9333333333333333,1.0,0,0
937,t2_b0,2,5,-0.05139523302865062,0.045379556715488434,0.004682679660618305,0.004682679660618305,1.0,1.0,0,0
937,t2_b0,8,6,0.0,0.13951539993286133,0.009732273407280445,0.009732273407280445,0.9500000000000001,1.0,0,0
937,t2_b0,1,3,-0.015722898447368936,0.1377873420715332,0.011782697401940823,0.011782697401940823,0.9500000000000001,1.0,0,0
938,t2_b0,8,6,0.00275095997332503,0.08857540041208267,0.003682916983962059,0.003682916983962059,0.9500000000000001,1.0,0,0
938,t2_b0,1,3,0.017360288984810842,0.07037626206874847,0.0014053466729819775,0.0014053466729819775,0.9500000000000001,1.0,0,0
939,t2_b0,8,6,-0.0829413155831882,0.08150332421064377,0.01352102030068636,0.01352102030068636,0.9333333333333333,1.0,0,0
939,t2_b0,3,7,-0.02645775818536704,0.12377003580331802,0.011284195818006992,0.011284195818006992,0.9500000000000001,1.0,0,0
940,t2_b0,0,7,0.02028445473040799,0.15905413031578064,0.009628511033952236,0.009628511033952236,1.0,1.0,0,0
940,t2_b0,4,1,0.053748183840311374,0.0874653160572052,0.0005684225470758975,0.0005684225470758975,0.9333333333333333,1.0,0,0
940,t2_b0,8,6,0.01846481889030658,0.08324282616376877,0.0020980951376259327,0.0020980951376259327,0.9333333333333333,1.0,0,0
941,t2_b0,0,7,-0.004062709954277522,0.09346136450767517,0.004755472764372826,0.004755472764372826,1.0,1.0,0,0
941,t2_b0,4,1,-0.2819818618393112,0.04090793430805206,0.05212891474366188,0.05212891474366188,0.9333333333333333,1.0,0,0
942,t2_b0,0,7,0.34477875856934936,0.11286184191703796,0.026892725378274918,0.026892725378274918,1.0,1.0,0,0
942,t2_b0,1,4,0.13943710245107524,0.07920258492231369,0.0018140989122912288,0.0018140989122912288,0.9333333333333333,1.0,0,0
943,t2_b0,6,1,-0.3392972181662421,0.09116051346063614,0.09264691919088364,0.09264691919088364,0.9333333333333333,1.0,0,0
943,t2_b0,3,4,-0.008902054719615783,0.10308680683374405,0.006270752288401127,0.006270752288401127,0.9500000000000001,1.0,0,0
943,t2_b0,0,7,0.20188949881174592,0.1972549557685852,1.07394998849486e-05,1.07394998849486e-05,1.0,1.0,0,0
944,t2_b0,6,8,-0.3105502886895634,0.02635643631219864,0.05675307288765907,0.05675307288765907,0.9500000000000001,1.0,0,0
944,t2_b0,3,4,0.05300218589188783,0.10160557925701141,0.001181144965812564,0.001181144965812564,0.9500000000000001,1.0,0,0
944,t2_b0,0,7,0.048731499263738445,0.16397346556186676,0.006640355568379164,0.006640355568379164,1.0,1.0,0,0
945,t2_b0,6,8,-0.1319642559187969,0.0010348185896873474,0.008844375610351562,0.008844375610351562,0.9500000000000001,1.0,0,0
945,t2_b0,0,7,0.0,0.08954079449176788,0.0040087769739329815,0.0040087769739329815,1.0,1.0,0,0
945,t2_b0,3,4,0.04013789549079108,0.0798814445734024,0.000789774872828275,0.000789774872828275,0.9500000000000001,1.0,0,0
946,t2_b0,0,7,0.39754063330897754,0.10578993707895279,0.04255923628807068,0.04255923628807068,0.9500000000000001,1.0,0,0
946,t2_b0,3,4,-0.10204281293819394,0.05829303711652756,0.012853792868554592,0.012853792868554592,0.9333333333333333,1.0,0,0
946,t2_b0,6,8,-0.07530475373792989,0.020897336304187775,0.004627421032637358,0.004627421032637358,0.9333333333333333,1.0,0,0
947,t2_b0,3,4,0.11767269969083265,0.04426608979701996,0.0026942649856209755,0.0026942649856209755,0.9333333333333333,1.0,0,0
947,t2_b0,0,7,-0.03155858297739534,0.22938543558120728,0.03404588624835014,0.03404588624835014,0.9500000000000001,1.0,0,0
947,t2_b0,6,8,0.1604055292294041,0.053775712847709656,0.00568495923653245,0.00568495923653245,0.9333333333333333,1.0,0,0
948,t2_b0,3,7,0.018084234213637265,0.05965591222047806,0.0008641021559014916,0.0008641021559014916,0.9333333333333333,1.0,0,0
948,t2_b0,1,6,0.10726872558545285,0.1558331847190857,0.0011792532168328762,0.0011792532168328762,0.9333333333333333,1.0,0,0
949,t2_b0,3,4,0.05303080488018391,0.07198584079742432,0.00017964671133086085,0.00017964671133086085,0.9333333333333333,1.0,0,0
949,t2_b0,7,0,0.010167771169875408,0.08304388076066971,0.002655463758856058,0.002655463758856058,0.9333333333333333,1.0,0,0
949,t2_b0,2,8,-1.0,0.07180428504943848,0.5718042850494385,0.5718042850494385,0.03333333333333333,1.0,0,0
949,t2_b0,1,6,0.10355130909838904,0.13826575875282288,0.000602546613663435,0.000602546613663435,0.9500000000000001,1.0,0,0
950,t2_b0,1,6,0.26526119897121403,0.11873793601989746,0.01073453389108181,0.01073453389108181,0.9500000000000001,1.0,0,0
950,t2_b0,2,8,-0.37053371103199695,-0.10672018676996231,0.03479878976941109,0.03479878976941109,0.9333333333333333,1.0,0,0
950,t2_b0,0,4,0.15989757315040296,0.0924544483423233,0.0022742869332432747,0.0022742869332432747,0.9333333333333333,1.0,0,0
950,t2_b0,3,7,-0.09826929889571216,0.07835516333580017,0.015598100610077381,0.015598100610077381,0.9333333333333333,1.0,0,0
951,t2_b0,6,2,0.12448360864506873,0.06581293791532516,0.0017211236990988255,0.0017211236990988255,0.9333333333333333,1.0,0,0
951,t2_b0,3,4,0.06641849412641826,0.06429100781679153,2.263092937937472e-06,2.263092937937472e-06,0.9333333333333333,1.0,0,0
952,t2_b0,0,4,0.40571690450049663,0.16437947750091553,0.029121873900294304,0.029121873900294304,0.9500000000000001,1.0,0,0
952,t2_b0,1,2,0.0,0.15097609162330627,0.011396890506148338,0.011396890506148338,0.9500000000000001,1.0,0,0
952,t2_b0,8,6,0.0,0.06207553297281265,0.0019266859162598848,0.0019266859162598848,1.0,1.0,0,0
953,t2_b0,8,6,-0.04207854668535722,0.07985641807317734,0.007434067782014608,0.007434067782014608,1.0,1.0,0,0
953,t2_b0,1,2,0.0,0.09413836151361465,0.004431015346199274,0.004431015346199274,0.9500000000000001,1.0,0,0
953,t2_b0,0,4,0.0,0.19567283987998962,0.019143929705023766,0.019143929705023766,0.9500000000000001,1.0,0,0
954,t2_b0,3,4,-0.060850790464591194,0.07723791897296906,0.009534245356917381,0.009534245356917381,1.0,1.0,0,0
954,t2_b0,1,2,0.0,0.10031582415103912,0.005031632259488106,0.005031632259488106,1.0,1.0,0,0
955,t2_b0,3,4,0.006134508566004179,0.06567919999361038,0.0017727850936353207,0.0017727850936353207,1.0,1.0,0,0
956,t2_b0,3,4,0.09688733637754317,0.07198908925056458,0.0003099613240920007,0.0003099613240920007,1.0,1.0,0,0
956,t2_b0,0,2,0.0,0.1500488817691803,0.011257333680987358,0.011257333680987358,1.0,1.0,0,0
957,t2_b0,0,2,-0.09030646843595021,0.13334313035011292,0.02500957064330578,0.02500957064330578,1.0,1.0,0,0
957,t2_b0,7,9,0.0,0.0670241266489029,0.002246116753667593,0.002246116753667593,1.0,1.0,0,0
957,t2_b0,3,4,0.3270640177267293,0.07051143050193787,0.032909613102674484,0.032909613102674484,1.0,1.0,0,0
958,t2_b0,3,4,0.08324805287004021,0.09835390001535416,0.00011409325816202909,0.00011409325816202909,1.0,1.0,0,0
958,t2_b0,0,2,-0.02691895262996212,0.07869464159011841,0.005577115807682276,0.005577115807682276,1.0,1.0,0,0
958,t2_b0,7,9,0.0,0.07909291982650757,0.0031278450042009354,0.0031278450042009354,1.0,1.0,0,0
959,t2_b0,0,2,0.1558658257449037,0.0648999959230423,0.0041373916901648045,0.0041373916901648045,1.0,1.0,0,0
959,t2_b0,7,9,0.023828268257498664,0.0550093948841095,0.0004861313209403306,0.0004861313209403306,1.0,1.0,0,0
959,t2_b0,6,8,0.3835506241735223,-0.1254526674747467,0.12954217195510864,0.12954217195510864,1.0,1.0,0,0
959,t2_b0,3,4,0.024312353071668354,0.1014634519815445,0.002976145828142762,0.002976145828142762,1.0,1.0,0,0
960,t2_b0,0,2,0.03081408096693517,0.11463524401187897,0.00351299368776381,0.00351299368776381,1.0,1.0,0,0
960,t2_b0,6,8,0.0,0.26284104585647583,0.03454270586371422,0.03454270586371422,1.0,1.0,0,0
960,t2_b0,7,9,0.0,0.04687085002660751,0.0010984382824972272,0.0010984382824972272,1.0,1.0,0,0
960,t2_b0,3,4,-0.050135312366920565,0.09091542661190033,0.009947655722498894,0.009947655722498894,1.0,1.0,0,0
961,t2_b0,9,7,0.8389107965932509,0.04578917473554611,0.3145209550857544,0.3145209550857544,1.0,1.0,0,0
961,t2_b0,6,8,0.003593037455284043,0.36691147089004517,0.06600014865398407,0.06600014865398407,1.0,1.0,0,0
961,t2_b0,3,4,0.31120308704307165,0.07813600450754166,0.02716013602912426,0.02716013602912426,0.9500000000000001,1.0,0,0
962,t2_b0,7,3,0.07660777518842352,0.07912448048591614,3.1668939755036263e-06,3.1668939755036263e-06,0.9500000000000001,1.0,0,0
962,t2_b0,6,8,0.0,0.22800272703170776,0.0259926225990057,0.0259926225990057,1.0,1.0,0,0
963,t2_b0,6,8,0.0,0.07011642307043076,0.002458156319335103,0.002458156319335103,1.0,1.0,0,0
963,t2_b0,3,7,0.4795390644778627,0.1062762662768364,0.06966255605220795,0.06966255605220795,1.0,1.0,0,0
964,t2_b0,3,7,0.17005870450250277,0.1312471330165863,0.0007531687733717263,0.0007531687733717263,1.0,1.0,0,0
965,t2_b0,0,1,0.21086037071773234,0.09828288853168488,0.006336844991892576,0.006336844991892576,1.0,1.0,0,0
965,t2_b0,3,7,0.0,0.10802116245031357,0.005834285635501146,0.005834285635501146,1.0,1.0,0,0
966,t2_b0,3,7,0.4514373831767364,0.07084610313177109,0.07242485880851746,0.07242485880851746,1.0,1.0,0,0
966,t2_b0,2,6,0.0020472792364268225,0.08171340078115463,0.0031733454670757055,0.0031733454670757055,1.0,1.0,0,0
966,t2_b0,0,1,0.01346055277892787,0.11216876655817032,0.004871655721217394,0.004871655721217394,1.0,1.0,0,0
967,t2_b0,1,9,0.055171881554229446,0.10120180994272232,0.001059377216733992,0.001059377216733992,0.9333333333333333,1.0,0,0
967,t2_b0,3,7,0.10318757853184532,0.12480031698942184,0.0002335552853764966,0.0002335552853764966,1.0,1.0,0,0
967,t2_b0,2,6,-0.0381245476756155,0.049174822866916656,0.003810589900240302,0.003810589900240302,1.0,1.0,0,0
968,t2_b0,5,9,0.7760089650759886,0.03409745544195175,0.27521637082099915,0.27521637082099915,0.8833333333333333,1.0,0,0
968,t2_b0,2,6,-0.021322442553239142,0.03496154397726059,0.001583943609148264,0.001583943609148264,1.0,1.0,0,0
968,t2_b0,3,7,0.022224954946097702,0.13249851763248444,0.006080129183828831,0.006080129183828831,1.0,1.0,0,0
968,t2_b0,4,8,0.8412451820503306,0.12250339984893799,0.25829488039016724,0.25829488039016724,1.0,1.0,0,0
969,t2_b0,4,8,0.0,0.3553953468799591,0.06315292418003082,0.06315292418003082,1.0,1.0,0,0
969,t2_b0,3,7,0.23551433156144394,0.1011987254023552,0.00902034156024456,0.00902034156024456,1.0,1.0,0,0
969,t2_b0,9,5,0.008572641593330231,0.026407845318317413,0.00015904723841231316,0.00015904723841231316,0.9333333333333333,1.0,0,0
969,t2_b0,2,6,0.11750109417668446,0.0584259033203125,0.001744939130730927,0.001744939130730927,1.0,1.0,0,0
970,t2_b0,2,6,0.21229004103458765,0.08965253829956055,0.007519977632910013,0.007519977632910013,1.0,1.0,0,0
970,t2_b0,3,7,-0.006564313349137931,0.1075783371925354,0.006514272186905146,0.006514272186905146,1.0,1.0,0,0
970,t2_b0,4,8,0.0,0.29711514711380005,0.04413870349526405,0.04413870349526405,1.0,1.0,0,0
970,t2_b0,5,9,0.007655331548786796,0.12017900496721268,0.006330788601189852,0.006330788601189852,0.937890625,1.0,0,0
971,t2_b0,3,7,0.3361851425628749,0.09657053649425507,0.028707582503557205,0.028707582503557205,1.0,1.0,0,0
971,t2_b0,1,9,0.0665592350539875,0.12146560102701187,0.0015073546674102545,0.0015073546674102545,0.9500000000000001,1.0,0,0
971,t2_b0,4,8,0.0,0.15179452300071716,0.011520789004862309,0.011520789004862309,1.0,1.0,0,0
972,t2_b0,4,8,0.0,0.06566265970468521,0.002155792433768511,0.002155792433768511,1.0,1.0,0,0
972,t2_b0,3,7,-0.025335887394486056,0.12670013308525085,0.011557476595044136,0.011557476595044136,1.0,1.0,0,0
972,t2_b0,1,9,0.0,0.10841552913188934,0.005876963492482901,0.005876963492482901,0.9500000000000001,1.0,0,0
973,t2_b0,6,0,0.8102697129652235,-0.061624154448509216,0.38009947538375854,0.38009947538375854,1.0,1.0,0,0
973,t2_b0,3,7,0.4183031356976238,0.11017994582653046,0.04746994376182556,0.04746994376182556,1.0,1.0,0,0
973,t2_b0,4,8,0.0,0.06381502747535706,0.0020361789502203465,0.0020361789502203465,1.0,1.0,0,0
973,t2_b0,1,9,0.4351939141880388,0.12089305371046066,0.049392517656087875,0.049392517656087875,0.9500000000000001,1.0,0,0
974,t2_b0,4,8,-0.01711202710507406,0.09956134110689163,0.006806337274610996,0.006806337274610996,1.0,1.0,0,0
974,t2_b0,3,7,0.18163541657419158,0.1594245433807373,0.00024666127865202725,0.00024666127865202725,1.0,1.0,0,0
974,t2_b0,0,6,-0.011091261932483009,0.14445427060127258,0.012097205966711044,0.012097205966711044,0.9333333333333333,1.0,0,0
975,t2_b0,6,9,-0.6213319680585488,0.13113652169704437,0.28310444951057434,0.28310444951057434,0.9333333333333333,1.0,0,0
975,t2_b0,0,1,0.0,0.08284622430801392,0.003431748365983367,0.003431748365983367,0.03333333333333333,1.0,0,0
975,t2_b0,4,8,0.0,0.11570760607719421,0.006694125011563301,0.006694125011563301,1.0,1.0,0,0
975,t2_b0,3,7,-0.01813865985495633,0.14884573221206665,0.01394189428538084,0.01394189428538084,1.0,1.0,0,0
976,t2_b0,0,6,0.011551954133908264,0.09384677559137344,0.00338621879927814,0.00338621879927814,0.9333333333333333,1.0,0,0
976,t2_b0,3,7,0.02825613346146548,0.08745011687278748,0.0017519638640806079,0.0017519638640806079,1.0,1.0,0,0
976,t2_b0,4,8,0.0,0.10030075162649155,0.0050301202572882175,0.0050301202572882175,1.0,1.0,0,0
977,t2_b0,3,7,0.04058605961453578,0.06738705933094025,0.00035914682666771114,0.00035914682666771114,0.9500000000000001,1.0,0,0
977,t2_b0,0,6,0.040110972266562885,0.10240206867456436,0.0019400903256610036,0.0019400903256610036,0.9333333333333333,1.0,0,0
977,t2_b0,4,8,0.0,0.07404311746358871,0.0027411915361881256,0.0027411915361881256,1.0,1.0,0,0
978,t2_b0,0,6,0.09387438550814861,0.0941551923751831,3.942570359072306e-08,3.942570359072306e-08,0.9500000000000001,1.0,0,0
978,t2_b0,4,8,0.0,0.061546728014945984,0.0018939998699352145,0.0018939998699352145,1.0,1.0,0,0
978,t2_b0,3,7,0.09026767514214959,0.07984647154808044,5.43007226951886e-05,5.43007226951886e-05,0.9500000000000001,1.0,0,0
979,t2_b0,3,7,0.054769382112283875,0.1211821436882019,0.0022053273860365152,0.0022053273860365152,0.9500000000000001,1.0,0,0
979,t2_b0,0,6,0.09958832199452396,0.10350535809993744,7.671595085412264e-06,7.671595085412264e-06,0.9500000000000001,1.0,0,0
979,t2_b0,4,8,0.0,0.06376848369836807,0.0020332096610218287,0.0020332096610218287,1.0,1.0,0,0
980,t2_b0,4,8,0.0,0.06685119867324829,0.0022345413453876972,0.0022345413453876972,1.0,1.0,0,0
980,t2_b0,5,3,0.9416297260338407,0.14709293842315674,0.31564435362815857,0.31564435362815857,0.9125,1.0,0,0
980,t2_b0,0,6,0.12697437468187667,0.12171254307031631,1.3843432498106267e-05,1.3843432498106267e-05,0.9500000000000001,1.0,0,0
981,t2_b0,4,8,0.0,0.06341344863176346,0.002010632771998644,0.002010632771998644,1.0,1.0,0,0
981,t2_b0,3,7,0.4236220490629265,0.07689877599477768,0.06010850891470909,0.06010850891470909,0.9500000000000001,1.0,0,0
981,t2_b0,0,6,0.14208613851716945,0.14267279207706451,1.720842277563861e-07,1.720842277563861e-07,0.9500000000000001,1.0,0,0
982,t2_b0,0,6,0.011996577375539422,0.1492374837398529,0.009417532943189144,0.009417532943189144,0.9500000000000001,1.0,0,0
982,t2_b0,4,8,-0.02928774772078989,0.05553799867630005,0.0035977037623524666,0.0035977037623524666,1.0,1.0,0,0
982,t2_b0,3,7,-0.0022087135769896927,0.10453107208013535,0.005696691107004881,0.005696691107004881,0.9500000000000001,1.0,0,0
983,t2_b0,4,8,-0.1165440271042237,0.0442885085940361,0.012933553196489811,0.012933553196489811,1.0,1.0,0,0
983,t2_b0,3,7,0.06365288051161193,0.09945562481880188,0.000640918267890811,0.000640918267890811,1.0,1.0,0,0
983,t2_b0,0,6,0.2705799442888043,0.10673746466636658,0.01342217717319727,0.01342217717319727,0.9500000000000001,1.0,0,0
984,t2_b0,3,7,0.46497131570599326,0.07759810984134674,0.07502900063991547,0.07502900063991547,1.0,1.0,0,0
984,t2_b0,0,6,0.0028106740740164674,0.17067989706993103,0.01409003883600235,0.01409003883600235,0.9500000000000001,1.0,0,0
984,t2_b0,4,8,-0.15585767279722765,0.023871779441833496,0.016151336953043938,0.016151336953043938,1.0,1.0,0,0
985,t2_b0,3,7,0.13146242562130891,0.13181698322296143,6.285576858999775e-08,6.285576858999775e-08,1.0,1.0,0,0
985,t2_b0,0,6,0.034749350374732355,0.08741249144077301,0.0013867031084373593,0.0013867031084373593,0.9500000000000001,1.0,0,0
985,t2_b0,4,8,-0.043221461943683204,0.005750678479671478,0.001199135323986411,0.001199135323986411,1.0,1.0,0,0
986,t2_b0,4,8,-0.12119284963390979,0.0231034979224205,0.010410717688500881,0.010410717688500881,1.0,1.0,0,0
986,t2_b0,0,6,0.03545665881413907,0.11907348781824112,0.003495887154713273,0.003495887154713273,0.9500000000000001,1.0,0,0
986,t2_b0,3,7,-0.029927165898412232,0.15065717697143555,0.01630535162985325,0.01630535162985325,1.0,1.0,0,0
986,t2_b0,2,9,0.0,0.045578986406326294,0.0010387219954282045,0.0010387219954282045,1.0,1.0,0,0
987,t2_b0,6,0,0.045272874774224564,0.050346359610557556,1.2870120372099336e-05,1.2870120372099336e-05,0.9500000000000001,1.0,0,0
987,t2_b0,4,8,-0.18288661678977078,0.01927635818719864,0.02043493464589119,0.02043493464589119,1.0,1.0,0,0
987,t2_b0,2,9,0.07098332332437324,0.028820082545280457,0.0008888693409971893,0.0008888693409971893,1.0,1.0,0,0
987,t2_b0,3,7,0.5930008922820618,0.10473804920911789,0.11920029670000076,0.11920029670000076,1.0,1.0,0,0
988,t2_b0,2,9,0.0,0.04012381285429001,0.0008049602038227022,0.0008049602038227022,1.0,1.0,0,0
988,t2_b0,4,8,-0.12186042808620004,-0.011255539953708649,0.006116720847785473,0.006116720847785473,1.0,1.0,0,0
988,t2_b0,0,1,0.5763620438918783,0.10144490748643875,0.11277315765619278,0.11277315765619278,0.9500000000000001,1.0,0,0
988,t2_b0,3,7,-0.003691659489175138,0.15383467078208923,0.01240727212280035,0.01240727212280035,1.0,1.0,0,0
989,t2_b0,0,1,0.014600407501280324,0.23184293508529663,0.02359715662896633,0.02359715662896633,0.9500000000000001,1.0,0,0
989,t2_b0,4,8,-0.03200916536208984,-0.01436462253332138,0.00015566495130769908,0.00015566495130769908,1.0,1.0,0,0
989,t2_b0,3,7,0.04461053740137632,0.1243649497628212,0.003180383238941431,0.003180383238941431,1.0,1.0,0,0
989,t2_b0,2,9,0.03612682054335437,0.05704332888126373,0.0002187501231674105,0.0002187501231674105,1.0,1.0,0,0
990,t2_b0,4,8,0.0,0.013444967567920685,9.03835752978921e-05,9.03835752978921e-05,1.0,1.0,0,0
990,t2_b0,2,9,0.10719701095904582,0.056875571608543396,0.0012661234941333532,0.0012661234941333532,1.0,1.0,0,0
990,t2_b0,0,1,0.29577432178510366,0.12843942642211914,0.01400048192590475,0.01400048192590475,0.9500000000000001,1.0,0,0
990,t2_b0,3,7,-0.03088443547073623,0.08449030667543411,0.006655665580183268,0.006655665580183268,1.0,1.0,0,0
991,t2_b0,0,1,0.3266415013935869,0.09309189766645432,0.027272706851363182,0.027272706851363182,0.9500000000000001,1.0,0,0
991,t2_b0,3,7,-0.039754328294615865,0.06408032029867172,0.005390816833823919,0.005390816833823919,1.0,1.0,0,0
991,t2_b0,4,8,0.2415115406290197,0.02693905681371689,0.023020677268505096,0.023020677268505096,0.5,1.0,0,0
992,t2_b0,4,8,0.0,0.06339484453201294,0.0020094532519578934,0.0020094532519578934,0.5,1.0,0,0
992,t2_b0,0,1,0.03548679872707986,0.1831923872232437,0.010908469557762146,0.010908469557762146,0.9500000000000001,1.0,0,0
992,t2_b0,3,7,-0.007849321926483481,0.06653892248868942,0.0027668054681271315,0.0027668054681271315,1.0,1.0,0,0
993,t2_b0,0,1,0.025735773587086418,0.1659344732761383,0.009827839210629463,0.009827839210629463,0.9500000000000001,1.0,0,0
993,t2_b0,4,8,0.08495635969666779,0.022918149828910828,0.0019243699498474598,0.0019243699498474598,0.5,1.0,0,0
993,t2_b0,3,7,0.4277577813633323,0.07617563009262085,0.06180499866604805,0.06180499866604805,1.0,1.0,0,0
994,t2_b0,8,5,0.8124480884845536,0.10334838181734085,0.25141119956970215,0.25141119956970215,0.9234375,1.0,0,0
994,t2_b0,0,6,0.01683625769409509,0.10958806425333023,0.004301448818296194,0.004301448818296194,0.9500000000000001,1.0,0,0
994,t2_b0,3,7,0.4466499439132613,0.1291550099849701,0.05040151625871658,0.05040151625871658,1.0,1.0,0,0
995,t2_b0,4,5,0.6757112378060407,0.06276315450668335,0.1878526657819748,0.1878526657819748,0.91171875,1.0,0,0
995,t2_b0,0,6,0.05776645544487885,0.11137401312589645,0.0014368850970640779,0.0014368850970640779,0.9500000000000001,1.0,0,0
995,t2_b0,3,7,0.0074047951492103884,0.16767242550849915,0.012842857278883457,0.012842857278883457,1.0,1.0,0,0
996,t2_b0,4,8,0.13275840351848875,0.2151077687740326,0.0033907084725797176,0.0033907084725797176,0.9246093750000001,1.0,0,0
996,t2_b0,6,9,-0.013385137764548005,0.05969017744064331,0.0026700010057538748,0.0026700010057538748,0.9500000000000001,1.0,0,0
996,t2_b0,0,1,0.42744018661425465,0.13112390041351318,0.04390167444944382,0.04390167444944382,0.9500000000000001,1.0,0,0
996,t2_b0,3,7,0.051745906848486574,0.11980576068162918,0.0023160718847066164,0.0023160718847066164,1.0,1.0,0,0
997,t2_b0,3,7,0.015856910448200753,0.07938235998153687,0.002017741557210684,0.002017741557210684,1.0,1.0,0,0
997,t2_b0,0,6,0.013224647117437828,0.17990297079086304,0.013890831731259823,0.013890831731259823,1.0,1.0,0,0
997,t2_b0,4,8,0.0747752206644589,0.1216806173324585,0.001100058201700449,0.001100058201700449,0.925390625,1.0,0,0
998,t2_b0,3,7,-0.01709644348715069,0.07088116556406021,0.0038700299337506294,0.0038700299337506294,1.0,1.0,0,0
998,t2_b0,4,8,0.015195098029939864,0.012043051421642303,4.9676982598612085e-06,4.9676982598612085e-06,1.0,1.0,0,0
998,t2_b0,0,6,0.010925669476026276,0.09822186827659607,0.003810313530266285,0.003810313530266285,0.9500000000000001,1.0,0,0
999,t2_b0,4,8,0.6290642758069378,0.02230215072631836,0.1840801239013672,0.1840801239013672,1.0,1.0,0,0
999,t2_b0,3,7,-0.04386238516791975,0.07484778761863708,0.007046052720397711,0.007046052720397711,1.0,1.0,0,0
999,t2_b0,6,9,0.0,0.02122224122285843,0.00022519176127389073,0.00022519176127389073,0.9500000000000001,1.0,0,0
1000,t2_b0,4,8,0.0,0.1763646900653839,0.015552251599729061,0.015552251599729061,1.0,1.0,0,0
1000,t2_b0,2,9,0.04393027145905691,0.09302586317062378,0.001205188687890768,0.001205188687890768,1.0,1.0,0,0
1000,t2_b0,0,6,0.03106029593097578,0.06404360383749008,0.0005439493688754737,0.0005439493688754737,1.0,1.0,0,0
1000,t2_b0,3,7,0.13369991760642422,0.06870617717504501,0.0021120936144143343,0.0021120936144143343,1.0,1.0,0,0
