step,mode,receiver_idx,provider_idx,target_gain,online_prediction,base_loss,weighted_loss,propensity,importance_weight,receiver_policy_version,provider_policy_version
2,t2_b0,1,11,0.0,-0.11926174908876419,0.007111682556569576,0.007111682556569576,1.0,1.0,0,0
3,t2_b0,11,1,0.1451352403435446,0.07022608816623688,0.0028056905139237642,0.0028056905139237642,1.0,1.0,0,0
4,t2_b0,2,5,0.0,-0.11758994311094284,0.006913697347044945,0.006913697347044945,1.0,1.0,0,0
4,t2_b0,15,11,0.3086398216274079,-0.11940380930900574,0.09161067754030228,0.09161067754030228,0.5,1.0,0,0
4,t2_b0,0,1,0.0,-0.11916327476501465,0.007099943235516548,0.007099943235516548,0.5,1.0,0,0
5,t2_b0,5,2,0.013211532990680008,0.07210416346788406,0.0017341709462925792,0.0017341709462925792,0.5,1.0,0,0
5,t2_b0,10,8,0.2929373849333621,-0.11722427606582642,0.08411630243062973,0.08411630243062973,1.0,1.0,0,0
6,t2_b0,3,8,0.0,-0.12024272978305817,0.007229157257825136,0.007229157257825136,1.0,1.0,0,0
7,t2_b0,13,10,0.7102531074337257,0.16615107655525208,0.14802353084087372,0.14802353084087372,0.5,1.0,0,0
7,t2_b0,4,15,0.14230566791090665,0.27773040533065796,0.00916992872953415,0.00916992872953415,1.0,1.0,0,0
8,t2_b0,3,8,0.26419760134285764,0.16535446047782898,0.004884982015937567,0.004884982015937567,0.5,1.0,0,0
9,t2_b0,6,14,0.3294248674348143,-0.12203481793403625,0.10190791636705399,0.10190791636705399,0.5,1.0,0,0
9,t2_b0,16,10,-0.015962020312960696,0.255330353975296,0.036799781024456024,0.036799781024456024,0.5,1.0,0,0
9,t2_b0,11,1,0.0,0.1572256088256836,0.01235994603484869,0.01235994603484869,0.5,1.0,0,0
9,t2_b0,0,15,0.12650607041768255,0.11975956708192825,2.2757685655960813e-05,2.2757685655960813e-05,1.0,1.0,0,0
10,t2_b0,18,2,0.0,0.07784111052751541,0.0030296193435788155,0.0030296193435788155,1.0,1.0,0,0
10,t2_b0,5,9,0.060478436621748045,0.0030478090047836304,0.001649138517677784,0.001649138517677784,1.0,1.0,0,0
10,t2_b0,15,0,0.22881920905015715,0.1075122281908989,0.007357691414654255,0.007357691414654255,0.5,1.0,0,0
11,t2_b0,17,8,0.8432386021826999,0.6246176362037659,0.023897560313344002,0.023897560313344002,0.3333333333333333,1.0,0,0
11,t2_b0,19,0,0.8417410718840084,0.14639776945114136,0.24175116419792175,0.24175116419792175,0.5,1.0,0,0
11,t2_b0,12,5,0.3877216922723911,0.09987989813089371,0.04142645001411438,0.04142645001411438,1.0,1.0,0,0
11,t2_b0,7,1,0.0,0.3869841396808624,0.07487836480140686,0.07487836480140686,0.25,1.0,0,0
12,t2_b0,9,5,0.0,0.016254618763923645,0.00013210631732363254,0.00013210631732363254,1.0,1.0,0,0
12,t2_b0,2,18,0.07781032647834138,-0.011047877371311188,0.003947889897972345,0.003947889897972345,1.0,1.0,0,0
12,t2_b0,4,0,-0.09355678522440529,0.16540557146072388,0.03353075310587883,0.03353075310587883,0.5,1.0,0,0
12,t2_b0,8,10,0.5291239065193675,0.24616652727127075,0.040032438933849335,0.040032438933849335,0.5,1.0,0,0
14,t2_b0,17,10,0.0,0.34774553775787354,0.06046348065137863,0.06046348065137863,0.5,1.0,0,0
14,t2_b0,1,14,0.0,0.13275453448295593,0.008811883628368378,0.008811883628368378,0.2,1.0,0,0
16,t2_b0,19,6,-0.04703172746922495,0.1345096230506897,0.016478631645441055,0.016478631645441055,0.3333333333333333,1.0,0,0
16,t2_b0,7,16,0.24672236075218953,0.15608543157577515,0.004107526037842035,0.004107526037842035,0.3333333333333333,1.0,0,0
17,t2_b0,13,12,0.0,0.3392338752746582,0.05753980949521065,0.05753980949521065,0.3333333333333333,1.0,0,0
17,t2_b0,18,9,0.439327030566532,0.0740145593881607,0.06672659516334534,0.06672659516334534,0.5,1.0,0,0
18,t2_b0,8,9,-0.21199665469106552,0.2411973476409912,0.10269241034984589,0.10269241034984589,0.25,1.0,0,0
18,t2_b0,14,16,0.014165539383749383,0.16671717166900635,0.01163600105792284,0.01163600105792284,0.5,1.0,0,0
19,t2_b0,14,7,0.04195336358564448,0.16878101229667664,0.008042627014219761,0.008042627014219761,1.0,1.0,0,0
19,t2_b0,10,13,-0.0066905519444549425,0.23083671927452087,0.02820960059762001,0.02820960059762001,0.25,1.0,0,0
19,t2_b0,3,8,0.9118542657593803,0.1852397620677948,0.2639842927455902,0.2639842927455902,1.0,1.0,0,0
19,t2_b0,9,18,0.2056163323733664,0.2988423705101013,0.004345547873526812,0.004345547873526812,0.25,1.0,0,0
19,t2_b0,6,4,-0.10609876450618788,0.2351313829421997,0.05821900814771652,0.05821900814771652,0.5,1.0,0,0
20,t2_b0,1,19,0.13513647089797645,0.1196071058511734,0.00012058058200636879,0.00012058058200636879,0.25,1.0,0,0
20,t2_b0,12,17,0.141752060327901,0.3044201135635376,0.013230446726083755,0.013230446726083755,1.0,1.0,0,0
22,t2_b0,2,15,0.0,0.1407337784767151,0.009902997873723507,0.009902997873723507,1.0,1.0,0,0
22,t2_b0,13,10,0.0,0.2472013533115387,0.030554255470633507,0.030554255470633507,0.2,1.0,0,0
23,t2_b0,11,4,0.08660037273929147,0.10833030939102173,0.00023609511845279485,0.00023609511845279485,0.3333333333333333,1.0,0,0
23,t2_b0,0,6,-0.0212501305621549,0.1654140055179596,0.017421750351786613,0.017421750351786613,1.0,1.0,0,0
24,t2_b0,14,2,0.9237153223253152,0.16382968425750732,0.2887130677700043,0.2887130677700043,1.0,1.0,0,0
24,t2_b0,9,5,0.0,0.2022552788257599,0.020453598350286484,0.020453598350286484,0.25,1.0,0,0
25,t2_b0,15,8,0.23820475684542713,-0.11551443487405777,0.06255863606929779,0.06255863606929779,1.0,1.0,0,0
25,t2_b0,5,3,0.0,0.08489752560853958,0.0036037948448210955,0.0036037948448210955,0.2,1.0,0,0
26,t2_b0,7,1,-0.13784365721110078,0.13356387615203857,0.03683102875947952,0.03683102875947952,0.5,1.0,0,0
26,t2_b0,8,0,0.9408114513465191,0.35043278336524963,0.17427347600460052,0.17427347600460052,0.5,1.0,0,0
26,t2_b0,10,3,0.0,0.09292853623628616,0.004317856393754482,0.004317856393754482,1.0,1.0,0,0
27,t2_b0,1,11,0.03159816593705242,0.07658850401639938,0.0010120653314515948,0.0010120653314515948,0.25,1.0,0,0
28,t2_b0,4,19,0.0,0.11032164841890335,0.006085433065891266,0.006085433065891266,0.25,1.0,0,0
28,t2_b0,0,15,0.0,0.018565140664577484,0.0001723322202451527,0.0001723322202451527,0.3333333333333333,1.0,0,0
28,t2_b0,17,9,-0.29788413461664914,0.20973087847232819,0.1288365125656128,0.1288365125656128,0.25,1.0,0,0
29,t2_b0,19,11,0.013264855792611321,0.10751105099916458,0.0044411723501980305,0.0044411723501980305,0.3333333333333333,1.0,0,0
29,t2_b0,12,17,0.11661472128086449,-0.11103494465351105,0.02591218426823616,0.02591218426823616,1.0,1.0,0,0
29,t2_b0,6,0,0.0714841031551685,0.13890880346298218,0.002273045014590025,0.002273045014590025,0.5,1.0,0,0
30,t2_b0,15,0,0.6232445109912879,0.34433963894844055,0.03889396786689758,0.03889396786689758,0.5,1.0,0,0
30,t2_b0,11,4,-0.060213699778011616,0.054508112370967865,0.006580546963959932,0.006580546963959932,0.3333333333333333,1.0,0,0
30,t2_b0,16,7,0.9246010111613837,0.37611889839172363,0.1504163146018982,0.1504163146018982,1.0,1.0,0,0
31,t2_b0,2,14,0.034483825580727295,-0.08152130991220474,0.006728596054017544,0.006728596054017544,1.0,1.0,0,0
32,t2_b0,3,5,-0.10954289650134136,0.40565934777259827,0.13271667063236237,0.13271667063236237,1.0,1.0,0,0
32,t2_b0,18,9,-0.0677515766113553,0.09681511670351028,0.013541098684072495,0.013541098684072495,0.5,1.0,0,0
33,t2_b0,8,15,-0.0030257237360052243,0.1861325204372406,0.01789042167365551,0.01789042167365551,0.5,1.0,0,0
34,t2_b0,14,2,0.24266724384526042,0.42089203000068665,0.015882037580013275,0.015882037580013275,0.900390625,1.0,0,0
34,t2_b0,16,7,0.23107839409277964,0.46768811345100403,0.02799207717180252,0.02799207717180252,1.0,1.0,0,0
35,t2_b0,17,14,0.9318133035767455,0.29111000895500183,0.20525036752223969,0.20525036752223969,0.06640625,1.0,0,0
35,t2_b0,13,2,-0.375064057711068,0.22055843472480774,0.17738306522369385,0.17738306522369385,0.099609375,1.0,0,0
35,t2_b0,5,9,0.0,0.05359075963497162,0.0014359847409650683,0.0014359847409650683,0.25,1.0,0,0
36,t2_b0,11,1,0.1668811066150244,0.03244917094707489,0.009035971947014332,0.009035971947014332,0.0494140625,1.0,0,0
37,t2_b0,19,1,-0.004724360285177465,0.031125210225582123,0.000642595870885998,0.000642595870885998,0.06536458333333334,1.0,0,0
37,t2_b0,9,18,0.008960310259981062,0.037979915738105774,0.00042106874752789736,0.00042106874752789736,0.5,1.0,0,0
37,t2_b0,10,11,0.6297318027024342,0.3357012867927551,0.04322696477174759,0.04322696477174759,0.8500000000000001,1.0,0,0
38,t2_b0,18,9,-0.0009900779763275646,0.043943680822849274,0.0010095213074237108,0.0010095213074237108,0.5,1.0,0,0
38,t2_b0,4,19,0.04093295728323894,0.045494019985198975,1.0401647159596905e-05,1.0401647159596905e-05,0.853515625,1.0,0,0
38,t2_b0,0,6,-0.11108419248544177,0.0266990065574646,0.00949210487306118,0.00949210487306118,0.06536458333333334,1.0,0,0
39,t2_b0,14,2,0.2826019356872303,0.5293467044830322,0.030441492795944214,0.030441492795944214,0.9015625,1.0,0,0
39,t2_b0,1,10,-0.020360679979695786,-0.0005434677004814148,0.00019636095385067165,0.00019636095385067165,0.0390625,1.0,0,0
39,t2_b0,6,0,-0.02241452111884401,0.0660502091050148,0.0039130039513111115,0.0039130039513111115,0.09765625,1.0,0,0
40,t2_b0,13,2,-0.11331018841674512,0.15240037441253662,0.035301052033901215,0.035301052033901215,0.19687500000000002,1.0,0,0
40,t2_b0,3,5,-0.13864992139217944,0.3626796305179596,0.12566564977169037,0.12566564977169037,1.0,1.0,0,0
40,t2_b0,7,10,0.01799431352344802,0.018383346498012543,7.567297188870725e-08,7.567297188870725e-08,0.06510416666666667,1.0,0,0
40,t2_b0,15,0,-0.7117409430548076,0.7336182594299316,0.9453592300415039,0.9453592300415039,0.901953125,1.0,0,0
41,t2_b0,2,14,0.17645597161203208,0.003551013767719269,0.014948064461350441,0.014948064461350441,0.09765625,1.0,0,0
41,t2_b0,6,4,0.0,0.04158750921487808,0.000864760484546423,0.000864760484546423,0.09726562500000001,1.0,0,0
41,t2_b0,16,7,0.4357021091757573,0.6042490005493164,0.014204026199877262,0.014204026199877262,0.902734375,1.0,0,0
42,t2_b0,12,7,-0.6965603077566932,0.4202742576599121,0.6168346405029297,0.6168346405029297,0.044726562500000004,1.0,0,0
43,t2_b0,8,0,-1.0,0.5700844526290894,1.0700844526290894,1.0700844526290894,0.9031250000000001,1.0,0,0
43,t2_b0,4,19,-0.0015164517875155084,0.029498249292373657,0.0004809558449778706,0.0004809558449778706,0.047265625000000006,1.0,0,0
45,t2_b0,0,8,0.3896866455143011,-0.005818210542201996,0.07821204513311386,0.07821204513311386,0.0625,1.0,0,0
45,t2_b0,17,14,0.9512484036732939,0.2876408100128174,0.22018751502037048,0.22018751502037048,0.06484375,1.0,0,0
47,t2_b0,5,3,0.0,-0.03138449415564537,0.0004924932145513594,0.0004924932145513594,0.25,1.0,0,0
47,t2_b0,12,7,-0.1745620026876073,0.3615202307701111,0.14369210600852966,0.14369210600852966,0.914453125,1.0,0,0
48,t2_b0,7,1,0.008738972212367175,0.04433342069387436,0.0006334823556244373,0.0006334823556244373,0.055989583333333336,1.0,0,0
48,t2_b0,2,13,-0.061428699736669784,0.05080848187208176,0.006298592779785395,0.006298592779785395,0.06458333333333334,1.0,0,0
48,t2_b0,3,5,-0.225471497124364,0.2795882821083069,0.12754268944263458,0.12754268944263458,0.8500000000000001,1.0,0,0
49,t2_b0,10,3,0.9411533234326621,0.11255301535129547,0.34328925609588623,0.34328925609588623,0.3333333333333333,1.0,0,0
49,t2_b0,14,2,0.24459158252035057,0.6342946290969849,0.07593423128128052,0.07593423128128052,0.8708333333333333,1.0,0,0
50,t2_b0,19,16,-0.0015350864968993105,-0.0021521523594856262,1.903851085671704e-07,1.903851085671704e-07,0.0419921875,1.0,0,0
50,t2_b0,9,3,-0.04394152119331658,-0.04485009238123894,4.127517456709029e-07,4.127517456709029e-07,0.0498046875,1.0,0,0
50,t2_b0,4,0,0.04923661214673506,0.002214692533016205,0.0011055304203182459,0.0011055304203182459,0.08281250000000001,1.0,0,0
50,t2_b0,15,6,-0.8885066140008157,0.44473594427108765,0.8332425355911255,0.8332425355911255,0.906640625,1.0,0,0
51,t2_b0,16,19,-0.9496957641353918,0.48781466484069824,0.9375104904174805,0.9375104904174805,0.8885416666666667,1.0,0,0
52,t2_b0,1,11,0.040480800901476204,0.020659610629081726,0.00019643976702354848,0.00019643976702354848,0.16640625,1.0,0,0
52,t2_b0,17,13,-0.3920828404750049,0.5010577440261841,0.3988500237464905,0.3988500237464905,0.90390625,1.0,0,0
52,t2_b0,12,9,0.9152056036108941,-0.1085837259888649,0.5237892866134644,0.5237892866134644,0.5,1.0,0,0
52,t2_b0,18,5,0.07689165296791624,0.04221321642398834,0.0006012970115989447,0.0006012970115989447,0.841875,1.0,0,0
53,t2_b0,6,15,0.06859339026646591,0.07979753613471985,6.276644126046449e-05,6.276644126046449e-05,0.1859375,1.0,0,0
55,t2_b0,11,1,0.00033409305293599943,-0.005014210939407349,1.4302177078207023e-05,1.4302177078207023e-05,1.0,1.0,0,0
55,t2_b0,10,18,-0.3110947682262829,0.2830049991607666,0.17647726833820343,0.17647726833820343,0.8634765625,1.0,0,0
56,t2_b0,18,1,-1.0,0.09770651906728745,0.5977065563201904,0.5977065563201904,0.030338541666666666,1.0,0,0
56,t2_b0,19,16,-0.019757113074047532,0.0541461706161499,0.002730847802013159,0.002730847802013159,1.0,1.0,0,0
57,t2_b0,13,3,0.12893458568445904,0.03291437774896622,0.0046099405735731125,0.0046099405735731125,0.8776041666666666,1.0,0,0
57,t2_b0,12,18,0.0,0.19048017263412476,0.01814134791493416,0.01814134791493416,0.06015625,1.0,0,0
58,t2_b0,13,3,0.09210629829978317,0.09717891365289688,1.2865716598753352e-05,1.2865716598753352e-05,0.90859375,1.0,0,0
59,t2_b0,14,2,0.12613813538962007,0.36916613578796387,0.02953130379319191,0.02953130379319191,1.0,1.0,0,0
59,t2_b0,5,4,-1.0,-0.002468295395374298,0.49753475189208984,0.49753475189208984,0.8863281249999999,1.0,0,0
60,t2_b0,0,16,-0.22283926334013035,0.10185518860816956,0.052713245153427124,0.052713245153427124,0.040234375,1.0,0,0
60,t2_b0,11,1,0.05652792154401169,-0.020555324852466583,0.0029709134250879288,0.0029709134250879288,0.0484375,1.0,0,0
61,t2_b0,15,16,-0.4173005324125866,0.05433206260204315,0.1112186536192894,0.1112186536192894,0.05364583333333334,1.0,0,0
62,t2_b0,16,15,0.015587232501166039,0.05554913729429245,0.0007984769181348383,0.0007984769181348383,0.08046875,1.0,0,0
63,t2_b0,1,12,0.0,0.07123319059610367,0.002537083812057972,0.002537083812057972,0.0357421875,1.0,0,0
63,t2_b0,7,16,0.9589425572899786,-0.11438526213169098,0.5733277797698975,0.5733277797698975,1.0,1.0,0,0
63,t2_b0,5,15,0.1166405221257606,0.0780121237039566,0.0007460766355507076,0.0007460766355507076,0.037109375,1.0,0,0
63,t2_b0,6,10,-0.044598710000013864,0.11515042930841446,0.012759893201291561,0.012759893201291561,0.14921875,1.0,0,0
64,t2_b0,8,17,0.9142915635705222,0.14035972952842712,0.2994852662086487,0.2994852662086487,0.2,1.0,0,0
65,t2_b0,3,13,0.0,0.1825142502784729,0.016655726358294487,0.016655726358294487,1.0,1.0,0,0
65,t2_b0,17,6,-1.0,0.2611764967441559,0.7611764669418335,0.7611764669418335,0.909765625,1.0,0,0
66,t2_b0,11,1,0.02283598250361886,0.007915012538433075,0.0001113176767830737,0.0001113176767830737,0.07109375000000001,1.0,0,0
67,t2_b0,1,11,0.02286996421643085,-0.0443812757730484,0.002261364832520485,0.002261364832520485,0.070703125,1.0,0,0
67,t2_b0,13,17,0.06962739426798685,0.17770850658416748,0.005840762984007597,0.005840762984007597,1.0,1.0,0,0
68,t2_b0,18,19,0.7837331452844447,-0.11618492752313614,0.40492627024650574,0.40492627024650574,1.0,1.0,0,0
68,t2_b0,4,16,-0.08302345934919153,-0.01645313948392868,0.002215803600847721,0.002215803600847721,0.8931250000000001,1.0,0,0
68,t2_b0,12,1,-0.9805219513946134,0.24202561378479004,0.7225475311279297,0.7225475311279297,0.92890625,1.0,0,0
69,t2_b0,13,17,0.5741128188267834,0.09460027515888214,0.11496615409851074,0.11496615409851074,0.1546875,1.0,0,0
69,t2_b0,0,5,-0.39807356288539586,0.03965838998556137,0.09580463171005249,0.09580463171005249,0.022135416666666668,1.0,0,0
70,t2_b0,19,17,0.9972127589368945,-0.10977092385292053,0.6069836616516113,0.6069836616516113,0.5,1.0,0,0
70,t2_b0,15,4,-0.019607313037500792,0.16841326653957367,0.017675871029496193,0.017675871029496193,0.026250000000000002,1.0,0,0
71,t2_b0,2,4,0.08415390759190179,-0.1392756551504135,0.024960383772850037,0.024960383772850037,1.0,1.0,0,0
72,t2_b0,3,19,0.8314336651938553,0.09875661134719849,0.26840782165527344,0.26840782165527344,0.2,1.0,0,0
73,t2_b0,9,15,-0.022534205833353103,-0.013132452964782715,4.4196483941050246e-05,4.4196483941050246e-05,0.9130208333333333,1.0,0,0
73,t2_b0,6,17,-0.01286032349924694,0.10070524364709854,0.0064485687762498856,0.0064485687762498856,0.14453125,1.0,0,0
74,t2_b0,18,7,-0.05338927827702337,0.7093430161476135,0.2908802628517151,0.2908802628517151,1.0,1.0,0,0
75,t2_b0,9,15,-0.18089504216794927,0.01080334186553955,0.018374135717749596,0.018374135717749596,0.04322916666666667,1.0,0,0
75,t2_b0,17,13,-0.1095384587053688,0.17771446704864502,0.04125712439417839,0.04125712439417839,0.0357421875,1.0,0,0
75,t2_b0,2,18,0.9081104530481818,-0.11182776093482971,0.5199382305145264,0.5199382305145264,1.0,1.0,0,0
76,t2_b0,1,12,-0.038712042094028266,0.22841142117977142,0.035677470266819,0.035677470266819,0.90625,1.0,0,0
77,t2_b0,19,3,0.0,0.12787076830863953,0.008175467140972614,0.008175467140972614,0.04739583333333334,1.0,0,0
77,t2_b0,8,0,-0.5657973322280961,0.09282911568880081,0.21689438819885254,0.21689438819885254,0.0310546875,1.0,0,0
78,t2_b0,13,17,-0.002820704844751994,0.2482089400291443,0.0315079391002655,0.0315079391002655,0.9057291666666667,1.0,0,0
78,t2_b0,2,7,-0.12547647575249699,0.7943570613861084,0.42304685711860657,0.42304685711860657,0.900390625,1.0,0,0
79,t2_b0,5,16,-0.061184044304982366,0.06056313216686249,0.00741118798032403,0.00741118798032403,0.935546875,1.0,0,0
80,t2_b0,16,5,-0.4195866054219181,0.13211795687675476,0.15218894183635712,0.15218894183635712,0.9080078125,1.0,0,0
80,t2_b0,12,1,-0.44815858096185207,0.12386481463909149,0.16360537707805634,0.16360537707805634,0.12421875,1.0,0,0
80,t2_b0,7,18,-0.011989704710663797,0.12045600265264511,0.00877093244343996,0.00877093244343996,1.0,1.0,0,0
82,t2_b0,11,1,-0.012154791280706363,0.013633646070957184,0.00033252176945097744,0.00033252176945097744,0.06171875,1.0,0,0
82,t2_b0,6,17,-0.018662749709815206,0.021004967391490936,0.0007867639069445431,0.0007867639069445431,0.140625,1.0,0,0
84,t2_b0,0,11,0.0,-0.001402050256729126,9.828725069382926e-07,9.828725069382926e-07,0.9386718749999999,1.0,0,0
84,t2_b0,10,5,0.5689559867984654,-0.15121224522590637,0.2593211531639099,0.2593211531639099,0.0859375,1.0,0,0
85,t2_b0,10,5,0.5241532979461374,0.004789166152477264,0.1348695456981659,0.1348695456981659,0.08554687500000001,1.0,0,0
85,t2_b0,8,2,0.008685058299622737,0.10312817245721817,0.004459750838577747,0.004459750838577747,0.02421875,1.0,0,0
85,t2_b0,19,4,0.0,0.15036769211292267,0.011305221356451511,0.011305221356451511,0.027968750000000004,1.0,0,0
87,t2_b0,3,17,0.04292329568870317,0.24060063064098358,0.019538166001439095,0.019538166001439095,0.88875,1.0,0,0
88,t2_b0,9,2,-0.018840186524092754,-0.08258751034736633,0.002031860640272498,0.002031860640272498,0.0234375,1.0,0,0
88,t2_b0,1,0,0.14065471192210394,0.009287655353546143,0.00862865149974823,0.00862865149974823,0.040625,1.0,0,0
88,t2_b0,13,17,0.20030916722087136,0.2790093421936035,0.003096858272328973,0.003096858272328973,0.895703125,1.0,0,0
88,t2_b0,14,19,0.7531853594421636,0.1946350634098053,0.15598918497562408,0.15598918497562408,0.9072916666666667,1.0,0,0
89,t2_b0,15,8,-0.10655944601773563,0.10767301172018051,0.022947773337364197,0.022947773337364197,0.912109375,1.0,0,0
89,t2_b0,3,17,0.12449577040760562,0.2428468018770218,0.0070034838281571865,0.0070034838281571865,0.889375,1.0,0,0
89,t2_b0,14,19,0.005140327194378262,0.3052493929862976,0.04503272473812103,0.04503272473812103,0.9083333333333334,1.0,0,0
90,t2_b0,16,2,-0.008459438278115869,0.1030711978673935,0.0062195416539907455,0.0062195416539907455,0.906875,1.0,0,0
90,t2_b0,7,12,0.8587231961353293,0.07713629305362701,0.3054390847682953,0.3054390847682953,0.15000000000000002,1.0,0,0
90,t2_b0,4,13,0.7509442991961202,0.26495757699012756,0.11809155344963074,0.11809155344963074,0.8974609375,1.0,0,0
91,t2_b0,2,8,-0.3863107724463932,0.10686186701059341,0.121609628200531,0.121609628200531,0.022968750000000003,1.0,0,0
91,t2_b0,17,19,-0.0372304999582436,0.23088759183883667,0.035943653434515,0.035943653434515,0.8968750000000001,1.0,0,0
93,t2_b0,5,8,0.0,0.028805740177631378,0.0004148853477090597,0.0004148853477090597,0.028515625000000003,1.0,0,0
94,t2_b0,0,12,-0.03094624504412951,0.028976447880268097,0.0017953646602109075,0.0017953646602109075,0.9197916666666667,1.0,0,0
95,t2_b0,16,15,0.13881336177743495,0.11175079643726349,0.00036619120510295033,0.00036619120510295033,0.0375,1.0,0,0
95,t2_b0,11,12,-0.02468853062349155,-0.05178642272949219,0.00036714787711389363,0.00036714787711389363,0.9097656249999999,1.0,0,0
95,t2_b0,6,17,-0.05232008840912606,0.1132841408252716,0.013712381012737751,0.013712381012737751,0.933203125,1.0,0,0
95,t2_b0,9,2,-0.022043769848839437,-0.07755691558122635,0.001540854573249817,0.001540854573249817,0.0279296875,1.0,0,0
96,t2_b0,7,12,0.18466000115603073,0.19716468453407288,7.818353333277628e-05,7.818353333277628e-05,0.9103515625,1.0,0,0
96,t2_b0,8,16,-0.049431890966494245,0.17908933758735657,0.026110975071787834,0.026110975071787834,0.9260416666666667,1.0,0,0
96,t2_b0,19,13,0.033102479398971006,0.2428552508354187,0.02199811115860939,0.02199811115860939,0.9109375000000001,1.0,0,0
97,t2_b0,10,18,-1.0,0.22595447301864624,0.725954532623291,0.725954532623291,1.0,1.0,0,0
97,t2_b0,12,15,-0.5671245372995567,0.18338021636009216,0.28162866830825806,0.28162866830825806,0.9286458333333333,1.0,0,0
97,t2_b0,1,11,0.0,0.011697031557559967,6.841027061454952e-05,6.841027061454952e-05,1.0,1.0,0,0
98,t2_b0,2,16,0.0014689311029070324,0.12164655327796936,0.00722132995724678,0.00722132995724678,0.055859375,1.0,0,0
98,t2_b0,0,7,0.0,-0.048539452254772186,0.001178039237856865,0.001178039237856865,0.052734375,1.0,0,0
98,t2_b0,3,19,0.15768906579867525,0.29617518186569214,0.00958920270204544,0.00958920270204544,0.9114583333333334,1.0,0,0
99,t2_b0,13,19,0.024760759249542984,0.24690410494804382,0.024673834443092346,0.024673834443092346,1.0,1.0,0,0
99,t2_b0,14,4,-0.002031538921023993,0.2731419503688812,0.03786022216081619,0.03786022216081619,1.0,1.0,0,0
99,t2_b0,15,16,0.0,0.1502372771501541,0.01128561981022358,0.01128561981022358,0.947265625,1.0,0,0
100,t2_b0,4,3,0.09467414549999721,0.29829666018486023,0.020731065422296524,0.020731065422296524,0.9114583333333334,1.0,0,0
100,t2_b0,17,10,-0.21397538056650342,0.24350641667842865,0.10464479774236679,0.10464479774236679,1.0,1.0,0,0
101,t2_b0,5,8,0.12028214432772065,-0.07739418745040894,0.019537966698408127,0.019537966698408127,1.0,1.0,0,0
102,t2_b0,18,12,-0.9675447272004316,0.08228392899036407,0.5498286485671997,0.5498286485671997,1.0,1.0,0,0
102,t2_b0,17,10,-0.08132258807405769,0.12815332412719727,0.0219400767236948,0.0219400767236948,0.1,1.0,0,0
102,t2_b0,7,15,-1.0,0.23670591413974762,0.7367058992385864,0.7367058992385864,0.925,1.0,0,0
103,t2_b0,16,15,-0.04386052055885845,0.18497197329998016,0.026182156056165695,0.026182156056165695,0.92,1.0,0,0
103,t2_b0,6,14,0.9638697087839383,0.12456557154655457,0.3522156774997711,0.3522156774997711,0.05833333333333334,1.0,0,0
103,t2_b0,18,12,-0.042152524812997284,0.015943430364131927,0.001687570009380579,0.001687570009380579,1.0,1.0,0,0
104,t2_b0,19,15,-1.0,0.2567710280418396,0.7567710876464844,0.7567710876464844,0.925,1.0,0,0
105,t2_b0,9,6,0.9227008740354169,0.1429680734872818,0.3039916455745697,0.3039916455745697,0.087109375,1.0,0,0
106,t2_b0,10,3,-0.6459683873605071,0.19013750553131104,0.3495365381240845,0.3495365381240845,1.0,1.0,0,0
107,t2_b0,15,13,-0.19028825010277226,0.17715784907341003,0.06750831753015518,0.06750831753015518,0.016666666666666666,1.0,0,0
108,t2_b0,3,10,-0.5911086581410054,0.2530328631401062,0.35628747940063477,0.35628747940063477,1.0,1.0,0,0
108,t2_b0,13,15,-0.3025081919307901,0.20492228865623474,0.12874285876750946,0.12874285876750946,0.92,1.0,0,0
108,t2_b0,0,16,0.0,0.0029737576842308044,4.4216171772859525e-06,4.4216171772859525e-06,0.9500000000000001,1.0,0,0
109,t2_b0,4,15,-0.6988389892620162,0.2990625500679016,0.4979037642478943,0.4979037642478943,0.92,1.0,0,0
110,t2_b0,11,15,0.922801247727862,0.05809473991394043,0.3738586902618408,0.3738586902618408,0.043750000000000004,1.0,0,0
111,t2_b0,8,10,0.582759092946499,0.1343000829219818,0.10055773705244064,0.10055773705244064,0.2,1.0,0,0
111,t2_b0,15,16,-0.08407568750454314,0.1169532909989357,0.020206324756145477,0.020206324756145477,0.9500000000000001,1.0,0,0
111,t2_b0,6,13,0.3326610362735319,0.18291684985160828,0.011211659759283066,0.011211659759283066,0.92,1.0,0,0
112,t2_b0,7,9,-0.05607951513067275,0.18316420912742615,0.02861877717077732,0.02861877717077732,0.9500000000000001,1.0,0,0
114,t2_b0,15,18,0.9529104104755667,0.098955899477005,0.3646191954612732,0.3646191954612732,1.0,1.0,0,0
114,t2_b0,19,13,0.04688149163470633,0.23152059316635132,0.017045797780156136,0.017045797780156136,0.92,1.0,0,0
114,t2_b0,5,7,0.709549388424939,0.0896637961268425,0.19212906062602997,0.19212906062602997,0.2,1.0,0,0
114,t2_b0,17,11,0.8951467240117686,0.0412704199552536,0.3645523488521576,0.3645523488521576,0.17500000000000002,1.0,0,0
115,t2_b0,2,16,-0.0037484630531522925,0.13328413665294647,0.009388966485857964,0.009388966485857964,0.9500000000000001,1.0,0,0
115,t2_b0,9,19,0.5716620550841031,0.3339390754699707,0.028256110846996307,0.028256110846996307,0.92,1.0,0,0
117,t2_b0,11,18,-0.5279906838557819,0.13613978028297424,0.22053462266921997,0.22053462266921997,0.9382812500000001,1.0,0,0
117,t2_b0,8,10,-0.4620698323668494,0.1814185380935669,0.20703867077827454,0.20703867077827454,0.9500000000000001,1.0,0,0
118,t2_b0,14,10,0.7354618179403601,0.0062515512108802795,0.2658737897872925,0.2658737897872925,0.925,1.0,0,0
118,t2_b0,16,1,0.0,0.02317681908607483,0.0002685824583750218,0.0002685824583750218,1.0,1.0,0,0
119,t2_b0,3,18,0.9852749347470109,0.0730837807059288,0.4160463511943817,0.4160463511943817,0.1,1.0,0,0
119,t2_b0,4,13,0.04718166741005474,0.21647197008132935,0.014329603873193264,0.014329603873193264,0.92,1.0,0,0
120,t2_b0,5,4,0.23216116297548767,0.2083849012851715,0.0002826553536579013,0.0002826553536579013,0.925,1.0,0,0
120,t2_b0,14,18,0.4142998786816846,0.18853828310966492,0.025484148412942886,0.025484148412942886,0.937890625,1.0,0,0
121,t2_b0,6,13,0.07293458774951277,0.35022521018981934,0.038445040583610535,0.038445040583610535,0.9166666666666667,1.0,0,0
121,t2_b0,18,14,0.04503085491810712,-0.0073305219411849976,0.0013708568876609206,0.0013708568876609206,0.03333333333333333,1.0,0,0
122,t2_b0,15,13,-0.1826539131497694,0.164765864610672,0.06035025790333748,0.06035025790333748,0.9333333333333333,1.0,0,0
122,t2_b0,17,18,0.14396282436575553,0.2101859301328659,0.002192749409005046,0.002192749409005046,0.9333333333333333,1.0,0,0
122,t2_b0,7,6,0.0,0.21796263754367828,0.023753855377435684,0.023753855377435684,0.9333333333333333,1.0,0,0
123,t2_b0,12,10,-0.11410480076130179,0.08959938585758209,0.020747696980834007,0.020747696980834007,0.17500000000000002,1.0,0,0
124,t2_b0,19,13,0.03441315967701997,0.2564006447792053,0.024639222770929337,0.024639222770929337,0.9166666666666667,1.0,0,0
124,t2_b0,10,12,-0.1222256249847246,0.16261452436447144,0.040566958487033844,0.040566958487033844,1.0,1.0,0,0
125,t2_b0,9,19,0.13488076191476733,0.35555654764175415,0.024348899722099304,0.024348899722099304,0.92,1.0,0,0
125,t2_b0,8,14,0.015182488227295928,0.0708022266626358,0.0015467776684090495,0.0015467776684090495,0.03333333333333333,1.0,0,0
125,t2_b0,0,1,-0.036358784825538705,-0.07031972706317902,0.0005766727845184505,0.0005766727845184505,0.1,1.0,0,0
126,t2_b0,2,5,0.4842472693634538,0.12087144702672958,0.06602098792791367,0.06602098792791367,0.1,1.0,0,0
127,t2_b0,13,0,0.0,0.04086188226938248,0.0008348466944880784,0.0008348466944880784,0.92,1.0,0,0
127,t2_b0,10,16,0.0,0.12501591444015503,0.007814489305019379,0.007814489305019379,0.1,1.0,0,0
127,t2_b0,2,7,0.17549957167137506,0.26041245460510254,0.003605098696425557,0.003605098696425557,0.8671875,1.0,0,0
128,t2_b0,3,18,0.26909057449142165,0.1696033775806427,0.004948850255459547,0.004948850255459547,1.0,1.0,0,0
129,t2_b0,1,9,-0.010733277118334151,-0.3573891520500183,0.060085147619247437,0.060085147619247437,0.02,1.0,0,0
129,t2_b0,4,13,-0.031743231871346395,0.2552839517593384,0.041192300617694855,0.041192300617694855,0.9166666666666667,1.0,0,0
129,t2_b0,11,12,0.9553831348526955,0.027508996427059174,0.4304752051830292,0.4304752051830292,0.17500000000000002,1.0,0,0
129,t2_b0,14,18,0.17491243815722074,0.23556900024414062,0.0018396092345938087,0.0018396092345938087,0.9333333333333333,1.0,0,0
130,t2_b0,16,10,0.8052918761298546,0.12392611801624298,0.23212966322898865,0.23212966322898865,1.0,1.0,0,0
130,t2_b0,5,4,0.016622934520521163,0.2416885495185852,0.02532726712524891,0.02532726712524891,0.9166666666666667,1.0,0,0
131,t2_b0,6,13,0.19437820362522906,0.3100211024284363,0.006686640903353691,0.006686640903353691,0.9142857142857143,1.0,0,0
131,t2_b0,16,10,0.5458953377474796,0.2550658881664276,0.042290885001420975,0.042290885001420975,1.0,1.0,0,0
132,t2_b0,17,10,0.0,0.35857143998146057,0.0642867386341095,0.0642867386341095,0.9500000000000001,1.0,0,0
132,t2_b0,18,8,0.0,0.0010780617594718933,5.811085657114745e-07,5.811085657114745e-07,0.9333333333333333,1.0,0,0
132,t2_b0,12,11,0.015936442370489832,0.15483523905277252,0.009646437130868435,0.009646437130868435,1.0,1.0,0,0
132,t2_b0,7,1,-0.31108757195453024,0.3174625039100647,0.1975375860929489,0.1975375860929489,0.92,1.0,0,0
133,t2_b0,8,18,-0.14399906587653077,0.204160675406456,0.06060759723186493,0.06060759723186493,0.9500000000000001,1.0,0,0
134,t2_b0,9,1,-0.09072342532716765,0.49429935216903687,0.1711258441209793,0.1711258441209793,0.9142857142857143,1.0,0,0
134,t2_b0,19,13,0.09795267310187623,0.20692726969718933,0.005937731359153986,0.005937731359153986,0.925,1.0,0,0
134,t2_b0,18,14,0.0,-0.003044314682483673,4.633925982489018e-06,4.633925982489018e-06,0.03333333333333333,1.0,0,0
135,t2_b0,15,13,0.9814124119011661,-0.10923942923545837,0.5906518697738647,0.5906518697738647,1.0,1.0,0,0
136,t2_b0,11,10,-0.13555764830602593,0.2323916107416153,0.0676933228969574,0.0676933228969574,0.9333333333333333,1.0,0,0
137,t2_b0,2,7,0.3105689680937413,0.23061074316501617,0.0031966581009328365,0.0031966581009328365,0.925,1.0,0,0
137,t2_b0,13,0,-0.13863822987581462,0.12120869755744934,0.03376021236181259,0.03376021236181259,0.925,1.0,0,0
138,t2_b0,3,18,0.16746044292337064,0.24985262751579285,0.0033942360896617174,0.0033942360896617174,0.9500000000000001,1.0,0,0
139,t2_b0,4,0,-0.2574884056341872,0.1858365535736084,0.09826850891113281,0.09826850891113281,0.016666666666666666,1.0,0,0
139,t2_b0,14,8,0.05061799217340414,0.18183587491512299,0.008609066717326641,0.008609066717326641,1.0,1.0,0,0
140,t2_b0,15,0,-0.08841938834843549,0.20518586039543152,0.043102018535137177,0.043102018535137177,0.9068359374999999,1.0,0,0
140,t2_b0,5,1,-0.7485655944503616,0.2964398264884949,0.5450054407119751,0.5450054407119751,0.925,1.0,0,0
141,t2_b0,16,17,-0.1666129847528757,0.20499436557292938,0.0690460130572319,0.0690460130572319,0.9500000000000001,1.0,0,0
141,t2_b0,6,0,0.09682289844268263,0.35681039094924927,0.033796750009059906,0.033796750009059906,0.92,1.0,0,0
142,t2_b0,7,1,-0.04206490898893327,0.18181613087654114,0.025061359629034996,0.025061359629034996,1.0,1.0,0,0
143,t2_b0,17,11,0.0,0.12853612005710602,0.008260766975581646,0.008260766975581646,1.0,1.0,0,0
144,t2_b0,19,13,0.0,0.266178697347641,0.03542555123567581,0.03542555123567581,0.925,1.0,0,0
144,t2_b0,9,5,0.058576119705436504,0.18504509329795837,0.007997200824320316,0.007997200824320316,0.025,1.0,0,0
145,t2_b0,1,7,0.0,-0.13884547352790833,0.009639033116400242,0.009639033116400242,1.0,1.0,0,0
145,t2_b0,12,4,0.6737744929061489,0.10694554448127747,0.16064754128456116,0.16064754128456116,0.08750000000000001,1.0,0,0
146,t2_b0,11,7,0.10611207536929962,0.2546755373477936,0.011035550385713577,0.011035550385713577,1.0,1.0,0,0
146,t2_b0,3,15,0.9834559745285856,0.10310135781764984,0.38751208782196045,0.38751208782196045,0.06666666666666667,1.0,0,0
147,t2_b0,1,7,0.022150174629181674,-0.035222407430410385,0.0016458065947517753,0.0016458065947517753,0.1,1.0,0,0
147,t2_b0,2,0,-0.4915780523692764,0.3486916124820709,0.3530265688896179,0.3530265688896179,0.9333333333333333,1.0,0,0
147,t2_b0,12,13,-0.1946735837566193,0.16287049651145935,0.06391888111829758,0.06391888111829758,0.9068359374999999,1.0,0,0
148,t2_b0,3,4,0.014300524989426256,0.1601947546005249,0.010642562992870808,0.010642562992870808,0.8838541666666667,1.0,0,0
148,t2_b0,10,2,0.9184751068310459,0.1576751172542572,0.2894083261489868,0.2894083261489868,0.9375,1.0,0,0
149,t2_b0,17,2,0.9807642388550358,-0.11842993646860123,0.5991941690444946,0.5991941690444946,0.5,1.0,0,0
150,t2_b0,5,9,-0.05049770205098474,0.24323749542236328,0.04314018413424492,0.04314018413424492,1.0,1.0,0,0
151,t2_b0,16,13,-0.07084191134021191,0.38624435663223267,0.10446392744779587,0.10446392744779587,1.0,1.0,0,0
151,t2_b0,14,10,0.9828149527389259,-0.11944965273141861,0.6022646427154541,0.6022646427154541,0.5,1.0,0,0
151,t2_b0,6,9,0.04942360065708905,0.27604740858078003,0.025679174810647964,0.025679174810647964,0.925,1.0,0,0
151,t2_b0,8,19,0.0,0.10093512386083603,0.005093949846923351,0.005093949846923351,1.0,1.0,0,0
152,t2_b0,17,18,-0.004323884865944578,0.7625427842140198,0.2940422594547272,0.2940422594547272,1.0,1.0,0,0
152,t2_b0,7,0,-0.12122899500373258,0.25001078844070435,0.06890948861837387,0.06890948861837387,0.9333333333333333,1.0,0,0
153,t2_b0,18,17,0.7676979393485649,0.17275512218475342,0.1769784688949585,0.1769784688949585,0.92578125,1.0,0,0
153,t2_b0,15,3,0.039079572253205574,0.13452139496803284,0.004554570186883211,0.004554570186883211,0.025,1.0,0,0
153,t2_b0,8,14,0.9506355036814707,0.1007654070854187,0.36113959550857544,0.36113959550857544,0.06666666666666667,1.0,0,0
154,t2_b0,0,7,-0.015491047671364255,-0.13860729336738586,0.007578805088996887,0.007578805088996887,0.9333333333333333,1.0,0,0
154,t2_b0,9,4,0.2724710375804409,0.30492639541625977,0.0005266750231385231,0.0005266750231385231,0.9333333333333333,1.0,0,0
155,t2_b0,4,9,0.0157959324738405,0.09941981732845306,0.003496477147564292,0.003496477147564292,0.9500000000000001,1.0,0,0
155,t2_b0,10,2,-0.03788645524355731,0.2547522485256195,0.04281871020793915,0.04281871020793915,0.9333333333333333,1.0,0,0
156,t2_b0,11,7,0.0021190329418499854,0.216679185628891,0.02301802858710289,0.02301802858710289,1.0,1.0,0,0
157,t2_b0,6,15,0.9398216383202127,0.034882597625255585,0.40945735573768616,0.40945735573768616,0.05000000000000001,1.0,0,0
157,t2_b0,2,14,0.1374639449284177,0.2741270661354065,0.00933840498328209,0.00933840498328209,0.9333333333333333,1.0,0,0
157,t2_b0,13,19,0.0,-0.1455494463443756,0.010592320933938026,0.010592320933938026,1.0,1.0,0,0
158,t2_b0,19,13,0.7395863094658514,0.27461087703704834,0.10810106992721558,0.10810106992721558,1.0,1.0,0,0
159,t2_b0,0,18,-0.039691870311194095,-0.15269920229911804,0.006385329179465771,0.006385329179465771,0.03333333333333333,1.0,0,0
159,t2_b0,3,15,0.21542839734130287,0.19300970435142517,0.0002512988867238164,0.0002512988867238164,0.9500000000000001,1.0,0,0
161,t2_b0,12,15,0.0,0.18455569446086884,0.01703040301799774,0.01703040301799774,1.0,1.0,0,0
161,t2_b0,4,16,0.0,-0.1200193539261818,0.007202322594821453,0.007202322594821453,1.0,1.0,0,0
162,t2_b0,1,0,0.0009599759712529227,-0.016956351697444916,0.00016049739497248083,0.00016049739497248083,0.05,1.0,0,0
163,t2_b0,5,3,0.9048717717940722,0.03436259180307388,0.37889307737350464,0.37889307737350464,0.05000000000000001,1.0,0,0
163,t2_b0,7,0,-0.0386192148030504,0.1877799779176712,0.02562829852104187,0.02562829852104187,0.9333333333333333,1.0,0,0
163,t2_b0,18,17,0.0794818718359891,0.32526513934135437,0.030204707756638527,0.030204707756638527,0.9500000000000001,1.0,0,0
164,t2_b0,16,4,0.24438440955881546,-0.03264321759343147,0.03837215527892113,0.03837215527892113,1.0,1.0,0,0
164,t2_b0,19,13,0.08318451899279546,0.3820083439350128,0.04464784264564514,0.04464784264564514,1.0,1.0,0,0
164,t2_b0,6,15,-0.18491429705256543,0.19690921902656555,0.07289459556341171,0.07289459556341171,0.9500000000000001,1.0,0,0
165,t2_b0,10,14,0.01588766081443441,0.32758045196533203,0.04857620224356651,0.04857620224356651,0.03333333333333333,1.0,0,0
165,t2_b0,8,2,-0.4958027551730767,0.2266085147857666,0.2609390318393707,0.2609390318393707,0.9333333333333333,1.0,0,0
165,t2_b0,15,5,0.0,0.2036028504371643,0.020727060735225677,0.020727060735225677,0.925,1.0,0,0
166,t2_b0,11,7,0.1354201382088204,0.26082393527030945,0.007863055914640427,0.007863055914640427,0.9500000000000001,1.0,0,0
167,t2_b0,2,9,0.0,0.3329147398471832,0.05541611090302467,0.05541611090302467,0.025,1.0,0,0
167,t2_b0,12,15,-0.005801669095781178,0.23996233940124512,0.030199972912669182,0.030199972912669182,1.0,1.0,0,0
167,t2_b0,13,19,0.0,-0.05434436723589897,0.001476655132137239,0.001476655132137239,1.0,1.0,0,0
168,t2_b0,14,2,-0.14247140406171274,0.1488918960094452,0.042446285486221313,0.042446285486221313,0.925,1.0,0,0
168,t2_b0,3,15,0.40361745441834856,0.24988889694213867,0.011816232465207577,0.011816232465207577,0.9500000000000001,1.0,0,0
169,t2_b0,4,16,0.2549453115988697,0.205449640750885,0.0012249104911461473,0.0012249104911461473,0.92578125,1.0,0,0
170,t2_b0,17,18,-0.21085648444500818,0.1334059089422226,0.059258297085762024,0.059258297085762024,0.1,1.0,0,0
170,t2_b0,15,12,0.16496214126742031,0.2481154203414917,0.003457233775407076,0.003457233775407076,0.9333333333333333,1.0,0,0
170,t2_b0,5,2,-0.5462780993017734,0.2153359204530716,0.2900279760360718,0.2900279760360718,0.9333333333333333,1.0,0,0
170,t2_b0,13,19,-0.004043601314941859,-0.004174515604972839,8.56925730374769e-09,8.56925730374769e-09,0.1,1.0,0,0
171,t2_b0,14,8,0.033675164168755795,0.1394452154636383,0.005593651905655861,0.005593651905655861,0.02,1.0,0,0
171,t2_b0,16,4,0.005895800771205243,0.20292654633522034,0.01941055804491043,0.01941055804491043,0.90078125,1.0,0,0
172,t2_b0,9,14,0.8614693117459328,0.20949238538742065,0.21253696084022522,0.21253696084022522,0.925,1.0,0,0
172,t2_b0,6,3,-0.1904242588734457,0.24983187019824982,0.09691272675991058,0.09691272675991058,0.05,1.0,0,0
172,t2_b0,7,0,-0.03948506793736056,0.20989415049552917,0.031094996258616447,0.031094996258616447,0.9333333333333333,1.0,0,0
173,t2_b0,18,0,-0.5584146919680881,0.3264387845993042,0.3914828300476074,0.3914828300476074,0.9500000000000001,1.0,0,0
173,t2_b0,8,2,-0.466962730786361,0.2141418159008026,0.23195169866085052,0.23195169866085052,0.925,1.0,0,0
173,t2_b0,1,7,0.0,0.1921350210905075,0.018457932397723198,0.018457932397723198,0.9500000000000001,1.0,0,0
174,t2_b0,19,13,-0.13174153227740326,0.34635546803474426,0.11428838223218918,0.11428838223218918,1.0,1.0,0,0
174,t2_b0,9,14,0.68735294561733,0.3068503439426422,0.07239111512899399,0.07239111512899399,0.925,1.0,0,0
174,t2_b0,0,7,0.05277853563157799,-0.047063883394002914,0.004984254017472267,0.004984254017472267,0.9333333333333333,1.0,0,0
175,t2_b0,10,2,-0.03797510009412581,0.2852940857410431,0.052251484245061874,0.052251484245061874,0.92,1.0,0,0
176,t2_b0,1,0,-0.0052546779436044855,-0.1259622722864151,0.007285161409527063,0.007285161409527063,0.05,1.0,0,0
176,t2_b0,11,7,0.00419098504055036,0.35878634452819824,0.06286893784999847,0.06286893784999847,0.9333333333333333,1.0,0,0
177,t2_b0,12,15,-0.02255124739601597,0.2520838975906372,0.037712227553129196,0.037712227553129196,1.0,1.0,0,0
177,t2_b0,2,10,0.05021754928180728,0.22598859667778015,0.015447729267179966,0.015447729267179966,0.925,1.0,0,0
178,t2_b0,3,15,0.12529425651903664,0.25858741998672485,0.008883533999323845,0.008883533999323845,0.9500000000000001,1.0,0,0
178,t2_b0,0,1,0.26702606575628784,-0.30394864082336426,0.16300605237483978,0.16300605237483978,0.03333333333333333,1.0,0,0
179,t2_b0,4,11,0.5273450946889738,0.31487518548965454,0.022571736946702003,0.022571736946702003,0.9500000000000001,1.0,0,0
180,t2_b0,15,3,0.07080522376755782,0.27252236008644104,0.020344901829957962,0.020344901829957962,0.9333333333333333,1.0,0,0
181,t2_b0,16,11,0.5177593016959134,0.29753541946411133,0.024249283596873283,0.024249283596873283,0.9500000000000001,1.0,0,0
181,t2_b0,17,18,0.06369215665546454,0.16873517632484436,0.005517017561942339,0.005517017561942339,0.9500000000000001,1.0,0,0
181,t2_b0,6,15,0.1026090181352975,0.21960324048995972,0.006843824405223131,0.006843824405223131,0.9500000000000001,1.0,0,0
182,t2_b0,14,2,-0.16419202594516324,0.19897985458374023,0.06594690680503845,0.06594690680503845,0.9333333333333333,1.0,0,0
182,t2_b0,7,1,0.10091758306207112,0.05399465560913086,0.0011008806759491563,0.0011008806759491563,0.025,1.0,0,0
183,t2_b0,8,14,0.0,0.23565059900283813,0.027765601873397827,0.027765601873397827,0.9500000000000001,1.0,0,0
183,t2_b0,18,9,-0.1303172624016924,0.27414804697036743,0.08179609477519989,0.08179609477519989,0.9333333333333333,1.0,0,0
184,t2_b0,13,19,-0.003577733388629697,-0.017088212072849274,9.126652003033087e-05,9.126652003033087e-05,1.0,1.0,0,0
184,t2_b0,9,17,-0.00785034559604869,0.2607960104942322,0.03608543425798416,0.03608543425798416,0.9500000000000001,1.0,0,0
185,t2_b0,10,2,-0.03241307135060318,0.24918019771575928,0.039647381752729416,0.039647381752729416,0.9333333333333333,1.0,0,0
186,t2_b0,1,11,-0.007910180492329647,0.03579864650964737,0.0009552307892590761,0.0009552307892590761,0.02,1.0,0,0
187,t2_b0,2,12,-1.0,0.2450225055217743,0.7450225353240967,0.7450225353240967,0.03333333333333333,1.0,0,0
187,t2_b0,11,0,-0.06458716675838531,0.2603999674320221,0.05280832201242447,0.05280832201242447,0.925,1.0,0,0
187,t2_b0,17,18,-0.03590569726858834,0.18166261911392212,0.02366798371076584,0.02366798371076584,0.05,1.0,0,0
188,t2_b0,12,2,0.32476713077896036,0.27565643191337585,0.0012059309519827366,0.0012059309519827366,0.92,1.0,0,0
189,t2_b0,4,11,0.0,0.26609840989112854,0.035404182970523834,0.035404182970523834,0.925,1.0,0,0
189,t2_b0,14,8,0.19754965413081735,0.18360725045204163,9.719533409224823e-05,9.719533409224823e-05,0.025,1.0,0,0
189,t2_b0,3,2,-0.027361373745719713,0.2442019283771515,0.036873310804367065,0.036873310804367065,0.9500000000000001,1.0,0,0
190,t2_b0,19,3,-0.30455850962153447,0.24848061800003052,0.15292614698410034,0.15292614698410034,1.0,1.0,0,0
191,t2_b0,6,2,-0.15492312859729487,0.2631751596927643,0.0874030813574791,0.0874030813574791,0.9500000000000001,1.0,0,0
191,t2_b0,16,11,0.0,0.22840720415115356,0.02608492597937584,0.02608492597937584,0.9333333333333333,1.0,0,0
192,t2_b0,17,11,0.02668358327555441,0.21779264509677887,0.018261335790157318,0.018261335790157318,0.925,1.0,0,0
193,t2_b0,15,14,0.0,0.20579548180103302,0.021175889298319817,0.021175889298319817,0.9500000000000001,1.0,0,0
194,t2_b0,9,11,-0.03701759606696718,0.2521021068096161,0.041795097291469574,0.041795097291469574,0.925,1.0,0,0
194,t2_b0,5,3,0.7233698725637222,0.11455060541629791,0.18533048033714294,0.18533048033714294,0.2,1.0,0,0
195,t2_b0,10,2,-0.0020802395429212446,0.2137259542942047,0.023286158218979836,0.023286158218979836,0.9500000000000001,1.0,0,0
196,t2_b0,19,6,-0.13286343441383064,0.12808150053024292,0.03404612839221954,0.03404612839221954,1.0,1.0,0,0
196,t2_b0,11,16,0.1079622155796588,0.2386423945426941,0.008538654074072838,0.008538654074072838,0.9333333333333333,1.0,0,0
197,t2_b0,18,4,-0.03853021021838487,0.29422715306282043,0.055363729596138,0.055363729596138,0.03333333333333333,1.0,0,0
197,t2_b0,13,2,0.7417107483658653,0.117144376039505,0.19504153728485107,0.19504153728485107,1.0,1.0,0,0
198,t2_b0,2,10,0.30509056716852556,0.1826881766319275,0.007491173688322306,0.007491173688322306,0.03333333333333333,1.0,0,0
198,t2_b0,8,7,0.9686967402642752,0.11093046516180038,0.3678814768791199,0.3678814768791199,0.2,1.0,0,0
199,t2_b0,3,6,0.2762328570052789,0.22932784259319305,0.001100040739402175,0.001100040739402175,0.9500000000000001,1.0,0,0
199,t2_b0,12,15,0.06571064653717765,0.24895316362380981,0.0167889092117548,0.0167889092117548,0.9333333333333333,1.0,0,0
199,t2_b0,13,2,-0.12046112802272431,0.1732281744480133,0.043126706033945084,0.043126706033945084,0.1,1.0,0,0
199,t2_b0,4,11,-0.07270938667046081,0.23091959953308105,0.04609527811408043,0.04609527811408043,0.9333333333333333,1.0,0,0
199,t2_b0,7,8,0.0,0.033372342586517334,0.0005568566266447306,0.0005568566266447306,0.05833333333333334,1.0,0,0
200,t2_b0,14,2,0.09933329298906567,0.20616060495376587,0.0057060373947024345,0.0057060373947024345,0.9333333333333333,1.0,0,0
201,t2_b0,16,11,0.24452643411750283,0.21953734755516052,0.0003122271446045488,0.0003122271446045488,0.9333333333333333,1.0,0,0
202,t2_b0,6,5,0.0,0.13890057802200317,0.009646684862673283,0.009646684862673283,1.0,1.0,0,0
202,t2_b0,15,12,0.27405345373322904,0.2436329871416092,0.00046270241728052497,0.00046270241728052497,0.9333333333333333,1.0,0,0
203,t2_b0,18,16,0.07846845554977294,0.18161584436893463,0.005319691728800535,0.005319691728800535,0.9500000000000001,1.0,0,0
205,t2_b0,1,16,0.009123476817821366,-0.11832429468631744,0.00812146719545126,0.00812146719545126,1.0,1.0,0,0
205,t2_b0,6,13,0.9904510593065693,-0.11983691900968552,0.6102879047393799,0.6102879047393799,1.0,1.0,0,0
205,t2_b0,10,2,-0.00344412703454782,0.1985989362001419,0.020410697907209396,0.020410697907209396,0.9333333333333333,1.0,0,0
206,t2_b0,17,13,0.8303976209856901,0.10642734169960022,0.26206648349761963,0.26206648349761963,0.06666666666666667,1.0,0,0
206,t2_b0,7,4,0.06963228442768761,0.2140108197927475,0.010422581806778908,0.010422581806778908,0.9333333333333333,1.0,0,0
207,t2_b0,8,2,0.4610909017204501,0.14079952239990234,0.051293279975652695,0.051293279975652695,0.02,1.0,0,0
207,t2_b0,12,15,0.006098684178801673,0.21253535151481628,0.02130804769694805,0.02130804769694805,0.9500000000000001,1.0,0,0
208,t2_b0,5,11,-0.13129861476959148,0.18075257539749146,0.04868796840310097,0.04868796840310097,1.0,1.0,0,0
208,t2_b0,13,6,0.0,0.189467191696167,0.017948908731341362,0.017948908731341362,0.03333333333333333,1.0,0,0
209,t2_b0,2,14,0.0710570808481258,0.23169785737991333,0.012902729213237762,0.012902729213237762,0.92,1.0,0,0
210,t2_b0,15,12,0.09224282662762111,0.21391907334327698,0.007402554154396057,0.007402554154396057,0.9333333333333333,1.0,0,0
210,t2_b0,11,5,0.030858827191821026,0.1958596110343933,0.013612628914415836,0.013612628914415836,1.0,1.0,0,0
211,t2_b0,4,15,-1.0,0.22642071545124054,0.7264207601547241,0.7264207601547241,0.9500000000000001,1.0,0,0
211,t2_b0,5,11,0.03394408104730078,0.19988127052783966,0.013767574913799763,0.013767574913799763,1.0,1.0,0,0
211,t2_b0,1,0,-0.005859452804722406,-0.08428582549095154,0.00307534821331501,0.00307534821331501,0.05,1.0,0,0
212,t2_b0,9,5,0.6502804502232885,-0.11902399361133575,0.2959146797657013,0.2959146797657013,0.5,1.0,0,0
212,t2_b0,14,10,0.03444151347187702,0.1909341961145401,0.012244979850947857,0.012244979850947857,0.02,1.0,0,0
212,t2_b0,19,13,0.7360062086386776,-0.11960845440626144,0.3660382330417633,0.3660382330417633,0.3333333333333333,1.0,0,0
213,t2_b0,8,2,-0.0056220752817953724,0.24189484119415283,0.03063231147825718,0.03063231147825718,0.9166666666666667,1.0,0,0
214,t2_b0,16,1,-0.2997806770493123,0.24882754683494568,0.15048547089099884,0.15048547089099884,0.9500000000000001,1.0,0,0
214,t2_b0,0,7,0.0,-0.278266966342926,0.03871625289320946,0.03871625289320946,1.0,1.0,0,0
214,t2_b0,9,11,-0.30646390440982796,0.17627060413360596,0.11651629954576492,0.11651629954576492,0.9128906250000001,1.0,0,0
215,t2_b0,10,2,-0.005477943773575637,0.2136482298374176,0.024008141830563545,0.024008141830563545,0.92,1.0,0,0
215,t2_b0,7,0,0.9148830929304459,0.11390737444162369,0.32078102231025696,0.32078102231025696,1.0,1.0,0,0
216,t2_b0,11,1,-0.008269833360107677,0.17492729425430298,0.016780594363808632,0.016780594363808632,0.925,1.0,0,0
217,t2_b0,3,13,0.5234252643381468,0.07394979149103165,0.10101411491632462,0.10101411491632462,0.9500000000000001,1.0,0,0
218,t2_b0,13,2,0.33986885437545955,0.23248982429504395,0.005765127018094063,0.005765127018094063,0.9333333333333333,1.0,0,0
218,t2_b0,0,7,-0.005580653097023181,-0.13957393169403076,0.008977100253105164,0.008977100253105164,0.1,1.0,0,0
219,t2_b0,3,6,0.20974183459373116,0.1859225034713745,0.00028368018683977425,0.00028368018683977425,1.0,1.0,0,0
219,t2_b0,4,15,-0.13754079447864537,0.21185070276260376,0.061037205159664154,0.061037205159664154,0.9142857142857143,1.0,0,0
219,t2_b0,17,14,-0.1323141453035459,0.15749946236610413,0.04199596494436264,0.04199596494436264,0.014285714285714287,1.0,0,0
220,t2_b0,6,13,-0.8259104944622729,0.16785594820976257,0.4937858581542969,0.4937858581542969,1.0,1.0,0,0
220,t2_b0,19,8,0.1551925944207955,0.06355134397745132,0.004199059680104256,0.004199059680104256,0.0125,1.0,0,0
220,t2_b0,18,0,0.7418545230335752,0.14220723509788513,0.17978842556476593,0.17978842556476593,0.8666666666666667,1.0,0,0
220,t2_b0,14,2,-0.04694506807509126,0.20513901114463806,0.03177319094538689,0.03177319094538689,0.9142857142857143,1.0,0,0
221,t2_b0,16,11,0.23047471889037968,0.19640344381332397,0.0005804261309094727,0.0005804261309094727,0.9500000000000001,1.0,0,0
221,t2_b0,12,15,0.07504996325192995,0.21792852878570557,0.010207141749560833,0.010207141749560833,0.92,1.0,0,0
222,t2_b0,7,0,-0.16840406642123196,0.0770975649356842,0.03013552725315094,0.03013552725315094,0.05,1.0,0,0
222,t2_b0,5,11,0.12564376997567145,0.20027072727680206,0.0027845909353345633,0.0027845909353345633,1.0,1.0,0,0
222,t2_b0,2,10,0.17139012136576057,0.20248651504516602,0.0004834930005017668,0.0004834930005017668,0.92,1.0,0,0
222,t2_b0,3,9,0.9987041205768465,-0.11960561573505402,0.618309736251831,0.618309736251831,1.0,1.0,0,0
224,t2_b0,8,4,-0.1756033302343783,0.159613698720932,0.05618522688746452,0.05618522688746452,0.0125,1.0,0,0
224,t2_b0,18,0,0.18519084650173226,0.058198876678943634,0.008063478395342827,0.008063478395342827,1.0,1.0,0,0
225,t2_b0,1,11,0.0015559333802839422,-0.04464777559041977,0.0010673913639038801,0.0010673913639038801,0.9500000000000001,1.0,0,0
225,t2_b0,10,2,0.033483984137044696,0.20408950746059418,0.014553122222423553,0.014553122222423553,0.9166666666666667,1.0,0,0
226,t2_b0,15,12,0.009717512130605104,0.19741345942020416,0.017614884302020073,0.017614884302020073,0.9166666666666667,1.0,0,0
227,t2_b0,2,14,0.07940543094353661,0.1647801697254181,0.0036444226279854774,0.0036444226279854774,0.025,1.0,0,0
228,t2_b0,13,2,0.061052339993868596,0.202510803937912,0.010005248710513115,0.010005248710513115,0.9333333333333333,1.0,0,0
229,t2_b0,11,1,0.04254716565754969,0.14496205747127533,0.005244405008852482,0.005244405008852482,0.03333333333333333,1.0,0,0
230,t2_b0,6,2,-1.0,0.11425814032554626,0.6142581701278687,0.6142581701278687,0.925,1.0,0,0
230,t2_b0,0,7,-0.03107205147338395,-0.12541651725769043,0.0044504390098154545,0.0044504390098154545,0.03333333333333333,1.0,0,0
230,t2_b0,19,14,0.016614103981051905,0.14337024092674255,0.00803355872631073,0.00803355872631073,0.02,1.0,0,0
231,t2_b0,16,11,0.0,0.1832936406135559,0.01679828017950058,0.01679828017950058,0.9333333333333333,1.0,0,0
231,t2_b0,17,19,-0.09683550517717196,0.12404930591583252,0.0243950467556715,0.0243950467556715,0.925,1.0,0,0
231,t2_b0,5,0,0.10384143129198449,0.24982699751853943,0.010655893944203854,0.010655893944203854,0.925,1.0,0,0
231,t2_b0,12,15,0.27045498281376185,0.13791942596435547,0.008782835677266121,0.008782835677266121,1.0,1.0,0,0
231,t2_b0,9,3,0.0,0.10069920867681503,0.005070165265351534,0.005070165265351534,1.0,1.0,0,0
232,t2_b0,6,4,-0.00467641131924178,0.02651173621416092,0.00048635026905685663,0.00048635026905685663,0.02,1.0,0,0
232,t2_b0,7,3,0.0,0.20978793501853943,0.022005489096045494,0.022005489096045494,0.9500000000000001,1.0,0,0
232,t2_b0,14,10,0.23584912519625145,0.1634143888950348,0.002623395761474967,0.002623395761474967,0.016666666666666666,1.0,0,0
233,t2_b0,8,14,-0.22714451020793267,0.19691962003707886,0.0899151936173439,0.0899151936173439,0.92,1.0,0,0
233,t2_b0,17,19,-0.20915694438210317,0.19105121493339539,0.08008328825235367,0.08008328825235367,1.0,1.0,0,0
234,t2_b0,4,19,-0.0042717471920348145,0.1808604896068573,0.01713697239756584,0.01713697239756584,0.925,1.0,0,0
235,t2_b0,1,16,-0.01574275617623627,0.09024430811405182,0.005616629030555487,0.005616629030555487,0.925,1.0,0,0
236,t2_b0,10,8,0.06842706632401521,0.12340191006660461,0.0015111168613657355,0.0015111168613657355,0.03333333333333333,1.0,0,0
237,t2_b0,19,6,-0.11940718600114957,0.1663125455379486,0.040817879140377045,0.040817879140377045,1.0,1.0,0,0
237,t2_b0,3,5,0.07155352874881435,0.13393676280975342,0.001945834024809301,0.001945834024809301,1.0,1.0,0,0
237,t2_b0,1,13,0.31475025870555046,-0.058080971240997314,0.06950156390666962,0.06950156390666962,0.03333333333333333,1.0,0,0
238,t2_b0,18,10,0.8084366784572238,-0.1191023588180542,0.4301643371582031,0.4301643371582031,1.0,1.0,0,0
238,t2_b0,13,0,0.10011420608598642,0.18500521779060364,0.003603242104873061,0.003603242104873061,0.9500000000000001,1.0,0,0
239,t2_b0,15,5,-0.04055705743493375,0.11917927861213684,0.012757848016917706,0.012757848016917706,0.9500000000000001,1.0,0,0
239,t2_b0,4,8,0.017102295707381785,0.12598884105682373,0.0059281401336193085,0.0059281401336193085,0.1,1.0,0,0
240,t2_b0,2,0,0.17240023837555518,0.26081526279449463,0.003908608574420214,0.003908608574420214,0.9333333333333333,1.0,0,0
240,t2_b0,9,1,-0.08029334759609894,0.05108126252889633,0.00862964428961277,0.00862964428961277,0.08750000000000001,1.0,0,0
240,t2_b0,14,8,0.03616454922530864,0.18551123142242432,0.011152215301990509,0.011152215301990509,0.925,1.0,0,0
242,t2_b0,11,16,-0.005144894688023943,0.18029487133026123,0.017193952575325966,0.017193952575325966,1.0,1.0,0,0
243,t2_b0,12,3,0.8927468310216076,0.2095862627029419,0.23335416615009308,0.23335416615009308,1.0,1.0,0,0
244,t2_b0,6,5,-0.2110687318269418,0.14659059047698975,0.06396010518074036,0.06396010518074036,1.0,1.0,0,0
244,t2_b0,8,18,0.0,0.10419680923223495,0.0054284874349832535,0.0054284874349832535,1.0,1.0,0,0
244,t2_b0,0,9,-0.014789301689799578,-0.05603942647576332,0.0008507863967679441,0.0008507863967679441,0.9500000000000001,1.0,0,0
245,t2_b0,14,4,0.9725166177110582,-0.11953829973936081,0.5920548439025879,0.5920548439025879,1.0,1.0,0,0
245,t2_b0,3,15,-0.14319793716000623,0.18834176659584045,0.05495928227901459,0.05495928227901459,0.05,1.0,0,0
245,t2_b0,11,16,0.9559298466209479,0.1359948217868805,0.3361467719078064,0.3361467719078064,1.0,1.0,0,0
245,t2_b0,5,19,0.0,0.08010920882225037,0.0032087427098304033,0.0032087427098304033,0.1,1.0,0,0
245,t2_b0,0,9,-0.027721309635951003,-0.09937012940645218,0.00256677670404315,0.00256677670404315,0.05,1.0,0,0
246,t2_b0,11,16,0.48364175400732756,0.2949707508087158,0.017798371613025665,0.017798371613025665,1.0,1.0,0,0
246,t2_b0,7,9,-0.02170125370527826,0.15959319472312927,0.0164338368922472,0.0164338368922472,0.05,1.0,0,0
246,t2_b0,17,19,0.7803423906838569,-0.11942127346992493,0.4047873616218567,0.4047873616218567,1.0,1.0,0,0
248,t2_b0,9,7,-0.25990573674153944,0.1761370301246643,0.09506664425134659,0.09506664425134659,0.9500000000000001,1.0,0,0
248,t2_b0,19,17,0.789565424934495,0.06046736240386963,0.26579201221466064,0.26579201221466064,0.14921875,1.0,0,0
248,t2_b0,3,15,-0.07908276692992634,0.11451607197523117,0.018740255385637283,0.018740255385637283,0.05,1.0,0,0
248,t2_b0,10,8,0.2635959873725193,-0.11990947276353836,0.07353822141885757,0.07353822141885757,1.0,1.0,0,0
249,t2_b0,14,0,-1.0,0.12274706363677979,0.6227470636367798,0.6227470636367798,0.9068359374999999,1.0,0,0
249,t2_b0,15,3,0.10802785898005078,0.13946068286895752,0.0004940111539326608,0.0004940111539326608,1.0,1.0,0,0
250,t2_b0,16,3,0.9738645932223812,-0.11978497356176376,0.5936496257781982,0.5936496257781982,1.0,1.0,0,0
250,t2_b0,1,14,0.0,0.13435211777687073,0.009025245904922485,0.009025245904922485,0.025,1.0,0,0
250,t2_b0,8,7,0.9035840583134926,0.3589210510253906,0.14832890033721924,0.14832890033721924,0.3333333333333333,1.0,0,0
251,t2_b0,16,15,-1.0,0.18546323478221893,0.6854631900787354,0.6854631900787354,0.8671875,1.0,0,0
251,t2_b0,18,1,-0.4208458202819185,0.010157547891139984,0.0928819477558136,0.0928819477558136,0.03333333333333333,1.0,0,0
252,t2_b0,2,8,0.0,0.07506804913282394,0.0028176060877740383,0.0028176060877740383,0.05,1.0,0,0
253,t2_b0,7,0,0.28214850185426443,0.1978215128183365,0.003555521136149764,0.003555521136149764,0.92,1.0,0,0
254,t2_b0,9,7,-0.006442738661714498,0.07927535474300385,0.0036737958434969187,0.0036737958434969187,0.025,1.0,0,0
254,t2_b0,15,16,0.10553531463923352,0.12079117447137833,0.00011637064744718373,0.00011637064744718373,0.05,1.0,0,0
254,t2_b0,4,3,0.9633723472689041,0.20867910981178284,0.28478097915649414,0.28478097915649414,0.9125,1.0,0,0
255,t2_b0,8,10,-0.006978280749157872,-0.08074529469013214,0.0027207862585783005,0.0027207862585783005,0.05755208333333334,1.0,0,0
255,t2_b0,0,7,0.0,-0.0750228613615036,0.0028142149094492197,0.0028142149094492197,0.025,1.0,0,0
256,t2_b0,12,3,-0.00039701468153862795,0.13007479906082153,0.008511446416378021,0.008511446416378021,0.9500000000000001,1.0,0,0
256,t2_b0,19,18,0.421947064784335,0.1594049632549286,0.03446417674422264,0.03446417674422264,0.9500000000000001,1.0,0,0
256,t2_b0,10,9,0.5779232977885037,0.03271946310997009,0.14862360060214996,0.14862360060214996,0.05755208333333334,1.0,0,0
256,t2_b0,13,2,-0.04160853030803517,0.20017164945602417,0.029228826984763145,0.029228826984763145,0.9333333333333333,1.0,0,0
257,t2_b0,11,13,-0.5405882379129345,0.07736696302890778,0.19093431532382965,0.19093431532382965,0.1234375,1.0,0,0
258,t2_b0,6,17,0.7276475636816313,-0.11911821365356445,0.35850611329078674,0.35850611329078674,1.0,1.0,0,0
259,t2_b0,5,17,0.015784187513587768,0.0821591392159462,0.002202817006036639,0.002202817006036639,1.0,1.0,0,0
259,t2_b0,3,4,0.0,0.12035033851861954,0.007242102175951004,0.007242102175951004,0.03333333333333333,1.0,0,0
260,t2_b0,18,19,0.0,0.07005198299884796,0.002453640103340149,0.002453640103340149,0.05,1.0,0,0
261,t2_b0,19,18,0.9743711365026467,0.17369794845581055,0.32053878903388977,0.32053878903388977,1.0,1.0,0,0
261,t2_b0,6,17,0.15153448765917993,0.15059691667556763,4.3951516204288055e-07,4.3951516204288055e-07,1.0,1.0,0,0
261,t2_b0,1,9,-0.019499826072721646,0.0990745946764946,0.007029946427792311,0.007029946427792311,0.025,1.0,0,0
261,t2_b0,15,3,0.012325126350379287,0.053762003779411316,0.0008585074101574719,0.0008585074101574719,0.05,1.0,0,0
262,t2_b0,14,15,0.8295875832285212,0.14546847343444824,0.23400947451591492,0.23400947451591492,1.0,1.0,0,0
262,t2_b0,7,0,0.2064860988002376,0.23383361101150513,0.00037394301034510136,0.00037394301034510136,0.925,1.0,0,0
264,t2_b0,9,0,-0.10379403808448978,0.18916209042072296,0.04291164129972458,0.04291164129972458,0.92,1.0,0,0
264,t2_b0,12,3,0.10010152647850949,0.16915801167488098,0.0023843992967158556,0.0023843992967158556,0.9500000000000001,1.0,0,0
265,t2_b0,2,13,0.047290978272261794,-0.0267198383808136,0.002738800598308444,0.002738800598308444,0.03333333333333333,1.0,0,0
266,t2_b0,17,5,0.21745905684211547,0.1833549439907074,0.0005815451149828732,0.0005815451149828732,0.9500000000000001,1.0,0,0
266,t2_b0,11,13,0.2274587543875919,0.06317096948623657,0.013495239429175854,0.013495239429175854,0.1,1.0,0,0
266,t2_b0,19,18,0.13469062206045876,0.09036813676357269,0.0009822415886446834,0.0009822415886446834,0.1,1.0,0,0
266,t2_b0,8,2,-0.17284067914149062,0.08694890886545181,0.03374531492590904,0.03374531492590904,0.025,1.0,0,0
267,t2_b0,10,7,0.18839896411084964,0.07671605795621872,0.006236535031348467,0.006236535031348467,0.025,1.0,0,0
267,t2_b0,12,3,0.11797208369939738,0.1937970221042633,0.0028747105970978737,0.0028747105970978737,0.9500000000000001,1.0,0,0
267,t2_b0,13,2,0.28121991693227033,0.16412359476089478,0.006855775602161884,0.006855775602161884,0.9333333333333333,1.0,0,0
268,t2_b0,4,3,0.10497785609928909,0.16103456914424896,0.001571177621372044,0.001571177621372044,0.9500000000000001,1.0,0,0
268,t2_b0,2,16,0.22433157440300897,0.038758665323257446,0.01721865125000477,0.01721865125000477,0.03333333333333333,1.0,0,0
269,t2_b0,4,3,0.4473503419376729,0.177837073802948,0.03631870448589325,0.03631870448589325,0.9500000000000001,1.0,0,0
269,t2_b0,5,17,-0.0005419103227253552,0.08646169304847717,0.003784813452512026,0.003784813452512026,1.0,1.0,0,0
269,t2_b0,0,9,-0.0364355094062094,0.008570060133934021,0.00101275066845119,0.00101275066845119,0.03333333333333333,1.0,0,0
270,t2_b0,5,17,0.07284103344587389,0.09855397790670395,0.00033057774999178946,0.00033057774999178946,0.1,1.0,0,0
270,t2_b0,16,8,-0.0228540387064925,0.12422297894954681,0.010815825313329697,0.010815825313329697,0.925,1.0,0,0
270,t2_b0,13,2,-0.0013567206817342403,0.19925722479820251,0.02012297697365284,0.02012297697365284,0.9333333333333333,1.0,0,0
271,t2_b0,1,7,0.09404211442364915,0.19296152889728546,0.004892525263130665,0.004892525263130665,0.92,1.0,0,0
272,t2_b0,18,19,0.11062005801444186,0.06087522208690643,0.0012372743804007769,0.0012372743804007769,0.9333333333333333,1.0,0,0
272,t2_b0,7,0,0.0,0.1925583928823471,0.018539367243647575,0.018539367243647575,0.925,1.0,0,0
274,t2_b0,14,3,-0.3674674386232349,0.18368560075759888,0.15188485383987427,0.15188485383987427,0.9333333333333333,1.0,0,0
275,t2_b0,8,2,0.254577266210779,0.11891193687915802,0.009202542714774609,0.009202542714774609,0.05,1.0,0,0
275,t2_b0,19,1,0.22064986731182332,-0.03135829418897629,0.031754057854413986,0.031754057854413986,0.025,1.0,0,0
276,t2_b0,3,14,0.0,0.10861280560493469,0.005898370873183012,0.005898370873183012,0.9500000000000001,1.0,0,0
276,t2_b0,17,6,0.01345448378853128,0.13489630818367004,0.007374058477580547,0.007374058477580547,0.1,1.0,0,0
276,t2_b0,1,19,0.009266217316481166,0.05431479960680008,0.0010146874701604247,0.0010146874701604247,0.9500000000000001,1.0,0,0
277,t2_b0,9,0,-0.13125739965976765,0.19226276874542236,0.05233265459537506,0.05233265459537506,0.9333333333333333,1.0,0,0
277,t2_b0,15,4,0.00023340656717741958,0.03457317501306534,0.0005896097864024341,0.0005896097864024341,1.0,1.0,0,0
278,t2_b0,6,3,-0.2054985125000287,0.15128636360168457,0.06364772468805313,0.06364772468805313,0.05,1.0,0,0
279,t2_b0,4,12,0.0541136415239003,0.14664432406425476,0.004280963446944952,0.004280963446944952,0.05,1.0,0,0
279,t2_b0,5,2,0.968686322986546,0.13041886687278748,0.3513461649417877,0.3513461649417877,0.06666666666666667,1.0,0,0
279,t2_b0,10,16,-0.038025759526109995,0.13389530777931213,0.01477842777967453,0.01477842777967453,0.1,1.0,0,0
280,t2_b0,2,13,0.12515826380141384,0.012371733784675598,0.0063604009337723255,0.0063604009337723255,0.03333333333333333,1.0,0,0
280,t2_b0,16,9,0.23005786780818305,0.18298836052417755,0.0011077690869569778,0.0011077690869569778,0.9333333333333333,1.0,0,0
281,t2_b0,5,2,0.7246961166970436,0.2208133339881897,0.12694892287254333,0.12694892287254333,0.04973958333333334,1.0,0,0
281,t2_b0,12,4,0.004553299334687509,0.1365388184785843,0.008710088208317757,0.008710088208317757,0.03333333333333333,1.0,0,0
282,t2_b0,15,3,0.9824980267931741,0.22630341351032257,0.28591516613960266,0.28591516613960266,1.0,1.0,0,0
283,t2_b0,0,7,0.1176789663812839,0.07643171399831772,0.000850668060593307,0.000850668060593307,0.9500000000000001,1.0,0,0
283,t2_b0,11,4,-0.009417303474263448,0.1955878734588623,0.021013563498854637,0.021013563498854637,0.925,1.0,0,0
283,t2_b0,3,15,0.05085800728499567,0.09644292294979095,0.0010389923118054867,0.0010389923118054867,1.0,1.0,0,0
283,t2_b0,13,2,-0.004830810648260775,0.2323879599571228,0.028136372566223145,0.028136372566223145,1.0,1.0,0,0
284,t2_b0,7,9,0.05584961400843702,0.11839742958545685,0.0019561147782951593,0.0019561147782951593,0.1,1.0,0,0
284,t2_b0,8,2,-0.26710347112250055,0.1707729697227478,0.09586788713932037,0.09586788713932037,1.0,1.0,0,0
285,t2_b0,14,5,0.002468808402195709,0.13179199397563934,0.008362242951989174,0.008362242951989174,0.1,1.0,0,0
286,t2_b0,18,7,0.6294622671924675,0.23134417831897736,0.07924900203943253,0.07924900203943253,1.0,1.0,0,0
286,t2_b0,9,16,0.09433365150084778,0.21924607455730438,0.007801556959748268,0.007801556959748268,0.9500000000000001,1.0,0,0
288,t2_b0,12,6,-0.03443639014571503,0.12005413323640823,0.011933661997318268,0.011933661997318268,0.025,1.0,0,0
289,t2_b0,16,10,0.27816072644639483,0.15210875868797302,0.00794454850256443,0.00794454850256443,0.05,1.0,0,0
289,t2_b0,6,4,-0.027452300295545157,0.11652910709381104,0.010365323163568974,0.010365323163568974,0.9500000000000001,1.0,0,0
289,t2_b0,3,14,0.9591597016961431,0.13735553622245789,0.3376810550689697,0.3376810550689697,0.2,1.0,0,0
290,t2_b0,10,18,0.1540327832862178,0.17013171315193176,0.00012958780280314386,0.00012958780280314386,0.1,1.0,0,0
290,t2_b0,17,7,0.006921596035604277,0.07257097214460373,0.0021549202501773834,0.0021549202501773834,0.1,1.0,0,0
290,t2_b0,4,5,-0.07693993645068076,0.15446823835372925,0.026774872094392776,0.026774872094392776,0.025,1.0,0,0
290,t2_b0,8,16,0.9376823466378599,0.13138917088508606,0.3250543177127838,0.3250543177127838,0.2,1.0,0,0
291,t2_b0,11,5,-0.12098210675428603,0.15980982780456543,0.03942205756902695,0.03942205756902695,0.025,1.0,0,0
291,t2_b0,7,17,0.8637855690298377,0.1286940574645996,0.27017974853515625,0.27017974853515625,1.0,1.0,0,0
292,t2_b0,7,15,0.05239570376823867,0.2273029088973999,0.015296265482902527,0.015296265482902527,1.0,1.0,0,0
293,t2_b0,19,9,0.048570181097794304,0.19856995344161987,0.011249965056777,0.011249965056777,0.9500000000000001,1.0,0,0
293,t2_b0,15,4,0.35642585252215375,0.08626743406057358,0.036492783576250076,0.036492783576250076,0.05,1.0,0,0
293,t2_b0,14,3,-0.027083346612419356,0.1589011698961258,0.017295122146606445,0.017295122146606445,0.1,1.0,0,0
294,t2_b0,9,19,-0.09713115751891929,0.09485304355621338,0.018428968265652657,0.018428968265652657,0.1,1.0,0,0
294,t2_b0,16,8,0.0,0.17865200340747833,0.01595827005803585,0.01595827005803585,0.1,1.0,0,0
295,t2_b0,19,9,0.3767376841089725,0.11546560376882553,0.034131549298763275,0.034131549298763275,0.05,1.0,0,0
295,t2_b0,13,11,0.299046308799292,-0.11953520029783249,0.08760524541139603,0.08760524541139603,1.0,1.0,0,0
295,t2_b0,1,16,0.36290007865440044,0.19644255936145782,0.013854052871465683,0.013854052871465683,0.9500000000000001,1.0,0,0
296,t2_b0,2,19,0.7038338640179931,0.10537437349557877,0.1790768802165985,0.1790768802165985,1.0,1.0,0,0
297,t2_b0,1,8,0.004535200202232578,0.32058942317962646,0.04994513839483261,0.04994513839483261,1.0,1.0,0,0
297,t2_b0,17,15,0.992263911574058,0.27230945229530334,0.25916722416877747,0.25916722416877747,1.0,1.0,0,0
298,t2_b0,2,19,-0.08456998982077525,0.21825405955314636,0.0458512045443058,0.0458512045443058,0.17421875,1.0,0,0
299,t2_b0,14,3,-0.0631167721900009,0.1449844390153885,0.021653058007359505,0.021653058007359505,0.1,1.0,0,0
299,t2_b0,5,4,-0.14611699700871822,0.1706477701663971,0.05016995966434479,0.05016995966434479,0.92,1.0,0,0
300,t2_b0,18,3,-0.10933344816767278,0.1145067811012268,0.025052225217223167,0.025052225217223167,1.0,1.0,0,0
300,t2_b0,8,1,0.2585491466265765,0.0493769645690918,0.0218765027821064,0.0218765027821064,0.1,1.0,0,0
300,t2_b0,6,2,0.05499917285146385,0.1239134818315506,0.0023745910730212927,0.0023745910730212927,1.0,1.0,0,0
301,t2_b0,13,7,-0.056466499211401885,0.12426666915416718,0.016332240775227547,0.016332240775227547,0.06171875,1.0,0,0
302,t2_b0,6,15,0.0,0.07099677622318268,0.002520271111279726,0.002520271111279726,0.0373046875,1.0,0,0
303,t2_b0,5,11,0.0645760777224819,0.172339528799057,0.005806481000036001,0.005806481000036001,0.025,1.0,0,0
304,t2_b0,0,1,0.0052251706257584445,-0.3497668206691742,0.06300966441631317,0.06300966441631317,1.0,1.0,0,0
304,t2_b0,4,11,0.09845268484711973,0.2203824520111084,0.007433433551341295,0.007433433551341295,0.92,1.0,0,0
305,t2_b0,11,7,-0.061764394612261825,0.18073558807373047,0.029403120279312134,0.029403120279312134,0.025,1.0,0,0
306,t2_b0,7,11,-0.2878792292906152,0.07784785330295563,0.06687814742326736,0.06687814742326736,0.03333333333333333,1.0,0,0
306,t2_b0,12,4,0.1212806325897837,0.20304720103740692,0.0033428857568651438,0.0033428857568651438,0.9500000000000001,1.0,0,0
307,t2_b0,10,12,0.6482283980166724,0.25687021017074585,0.07658062130212784,0.07658062130212784,0.8833333333333333,1.0,0,0
307,t2_b0,15,19,0.8129466172085023,0.14607486128807068,0.22235898673534393,0.22235898673534393,0.04088541666666667,1.0,0,0
307,t2_b0,9,6,0.0,0.2069375216960907,0.02141156978905201,0.02141156978905201,0.925,1.0,0,0
307,t2_b0,3,14,-0.16318356812437176,0.14803540706634521,0.048428624868392944,0.048428624868392944,0.9500000000000001,1.0,0,0
308,t2_b0,2,16,0.0,0.11128232628107071,0.006191878113895655,0.006191878113895655,0.04088541666666667,1.0,0,0
308,t2_b0,17,11,-0.10722690660877741,0.15948942303657532,0.03556879982352257,0.03556879982352257,1.0,1.0,0,0
310,t2_b0,16,2,0.4071058179674782,0.05719272792339325,0.06121957674622536,0.06121957674622536,0.90625,1.0,0,0
310,t2_b0,1,9,0.01191242049636209,-0.04678144305944443,0.001722484827041626,0.001722484827041626,0.03333333333333333,1.0,0,0
311,t2_b0,7,3,0.9168595191863741,0.14839684963226318,0.2952674329280853,0.2952674329280853,1.0,1.0,0,0
311,t2_b0,5,4,0.19280791111028425,0.20272524654865265,4.917675323667936e-05,4.917675323667936e-05,0.9500000000000001,1.0,0,0
312,t2_b0,16,9,-0.0887564860696966,0.17285478115081787,0.03422022983431816,0.03422022983431816,0.03333333333333333,1.0,0,0
312,t2_b0,18,0,0.381193117568385,0.2635793387889862,0.006916502024978399,0.006916502024978399,0.8833333333333333,1.0,0,0
312,t2_b0,14,7,0.0,0.04132319986820221,0.0008538034162484109,0.0008538034162484109,0.02,1.0,0,0
313,t2_b0,7,3,0.5851451323518518,0.30387169122695923,0.03955737128853798,0.03955737128853798,0.0373046875,1.0,0,0
313,t2_b0,19,2,0.03903001606731223,0.185152068734169,0.010675827041268349,0.010675827041268349,0.925,1.0,0,0
314,t2_b0,3,8,0.18038711510894265,0.1094624251127243,0.002515155356377363,0.002515155356377363,0.03333333333333333,1.0,0,0
314,t2_b0,0,6,-0.0002935072576035403,-0.11790664494037628,0.0069164251908659935,0.0069164251908659935,0.9333333333333333,1.0,0,0
315,t2_b0,11,5,-0.02341172565659001,0.21760836243629456,0.029045339673757553,0.029045339673757553,0.9500000000000001,1.0,0,0
315,t2_b0,12,4,0.20687887174163652,0.20997370779514313,4.789008016814478e-06,4.789008016814478e-06,0.92,1.0,0,0
316,t2_b0,6,0,0.15364587494150936,0.02841491997241974,0.007841396145522594,0.007841396145522594,0.03333333333333333,1.0,0,0
316,t2_b0,19,2,0.04294786992167064,0.21520668268203735,0.014836548827588558,0.014836548827588558,0.9333333333333333,1.0,0,0
317,t2_b0,13,6,0.8199586398357178,0.1783716380596161,0.20581695437431335,0.20581695437431335,0.9500000000000001,1.0,0,0
318,t2_b0,10,11,-0.1684323278649558,0.1287020742893219,0.04414442554116249,0.04414442554116249,0.025,1.0,0,0
318,t2_b0,2,1,-0.5364626751187853,-0.07050885260105133,0.10855648666620255,0.10855648666620255,0.03333333333333333,1.0,0,0
318,t2_b0,4,12,-0.014628519051598081,0.133713498711586,0.0110026765614748,0.0110026765614748,0.92,1.0,0,0
318,t2_b0,13,6,0.013584775961586314,0.2402009665966034,0.025677448138594627,0.025677448138594627,0.9500000000000001,1.0,0,0
319,t2_b0,8,3,0.7483013970297923,0.13593725860118866,0.1874949038028717,0.1874949038028717,0.02,1.0,0,0
319,t2_b0,15,9,0.9310235519876636,-0.11973199248313904,0.550755500793457,0.550755500793457,0.5,1.0,0,0
320,t2_b0,3,4,-0.18084522634869066,0.14683136343955994,0.05368597432971001,0.05368597432971001,0.016666666666666666,1.0,0,0
320,t2_b0,0,6,0.018829921348413728,-0.04684467241168022,0.0021565761417150497,0.0021565761417150497,0.03333333333333333,1.0,0,0
321,t2_b0,15,1,0.35295005072298613,0.28867587447166443,0.0020655840635299683,0.0020655840635299683,0.8838541666666667,1.0,0,0
321,t2_b0,16,13,-0.13768651571148924,0.1413593590259552,0.03893330320715904,0.03893330320715904,1.0,1.0,0,0
321,t2_b0,9,17,0.0,0.0148719921708107,0.00011058807285735384,0.00011058807285735384,0.02,1.0,0,0
322,t2_b0,17,15,0.8683334864080471,0.12104557454586029,0.2792195677757263,0.2792195677757263,0.06666666666666667,1.0,0,0
322,t2_b0,18,8,0.039088229817078726,0.14354121685028076,0.005455212667584419,0.005455212667584419,0.03333333333333333,1.0,0,0
322,t2_b0,12,3,0.0,0.07354043424129486,0.002704097656533122,0.002704097656533122,0.02,1.0,0,0
323,t2_b0,14,4,-0.11712597005842246,0.22117984294891357,0.05722541734576225,0.05722541734576225,0.025,1.0,0,0
324,t2_b0,11,5,0.2299665041114132,0.123149573802948,0.005704928655177355,0.005704928655177355,0.1,1.0,0,0
325,t2_b0,1,0,0.027142052414045544,-0.3060077726840973,0.05549440160393715,0.05549440160393715,0.05,1.0,0,0
325,t2_b0,10,7,0.010337925081206319,0.14113548398017883,0.008554001338779926,0.008554001338779926,1.0,1.0,0,0
325,t2_b0,8,4,-0.09858786495952901,0.16719865798950195,0.03532123938202858,0.03532123938202858,0.03333333333333333,1.0,0,0
326,t2_b0,5,11,0.0,0.22512894868850708,0.025341521948575974,0.025341521948575974,0.9500000000000001,1.0,0,0
327,t2_b0,1,5,0.2320395183361516,0.2652406692504883,0.0005511584458872676,0.0005511584458872676,0.9333333333333333,1.0,0,0
327,t2_b0,4,8,-0.01995273591451008,0.03204147517681122,0.001351699000224471,0.001351699000224471,0.03333333333333333,1.0,0,0
327,t2_b0,7,3,-0.039055942764270976,0.1608048677444458,0.019972171634435654,0.019972171634435654,1.0,1.0,0,0
328,t2_b0,13,15,0.048964125498070936,0.13799521327018738,0.0039632669650018215,0.0039632669650018215,0.03333333333333333,1.0,0,0
328,t2_b0,11,19,0.1452235907443458,0.07445705682039261,0.002503950847312808,0.002503950847312808,1.0,1.0,0,0
329,t2_b0,12,4,0.0,0.06685374677181244,0.002234711777418852,0.002234711777418852,1.0,1.0,0,0
329,t2_b0,0,5,0.03982109017033494,0.08175075054168701,0.0008790483116172254,0.0008790483116172254,0.025,1.0,0,0
329,t2_b0,16,8,0.9192167428147081,-0.12054550647735596,0.5397622585296631,0.5397622585296631,1.0,1.0,0,0
329,t2_b0,3,1,0.15865255043022108,0.1258203387260437,0.000538976863026619,0.000538976863026619,0.05,1.0,0,0
329,t2_b0,2,10,0.07395981719541338,-0.08933710306882858,0.013332942500710487,0.013332942500710487,1.0,1.0,0,0
330,t2_b0,19,0,0.879303458279282,0.05884166061878204,0.3365787863731384,0.3365787863731384,0.05,1.0,0,0
330,t2_b0,18,8,0.03347965566324975,0.1774638295173645,0.010365720838308334,0.010365720838308334,0.1,1.0,0,0
331,t2_b0,4,11,0.34402250423150926,-0.12747079133987427,0.11115296930074692,0.11115296930074692,1.0,1.0,0,0
331,t2_b0,7,9,0.9056324834146509,0.15938898921012878,0.2784396708011627,0.2784396708011627,1.0,1.0,0,0
332,t2_b0,16,8,-0.3560255494449735,0.7911354303359985,0.6471610069274902,0.6471610069274902,1.0,1.0,0,0
332,t2_b0,15,17,-0.11598928740449103,0.10641556233167648,0.024731958284974098,0.024731958284974098,0.1,1.0,0,0
334,t2_b0,4,11,0.43027296968550843,0.24392268061637878,0.01736321486532688,0.01736321486532688,1.0,1.0,0,0
334,t2_b0,6,1,0.953824814224739,0.33235424757003784,0.1931128352880478,0.1931128352880478,0.8833333333333333,1.0,0,0
335,t2_b0,0,6,0.11541514025157165,-0.1496906578540802,0.03514053672552109,0.03514053672552109,0.03333333333333333,1.0,0,0
335,t2_b0,11,4,0.00508122113234538,0.174102783203125,0.014284144155681133,0.014284144155681133,0.0373046875,1.0,0,0
335,t2_b0,19,3,0.030774580183196065,0.0608581006526947,0.00045250909170135856,0.00045250909170135856,0.05,1.0,0,0
338,t2_b0,14,9,0.1465129566481974,-0.11973805725574493,0.03544480353593826,0.03544480353593826,1.0,1.0,0,0
339,t2_b0,5,3,-0.04597473803341742,0.11957796663045883,0.013703849166631699,0.013703849166631699,0.9500000000000001,1.0,0,0
339,t2_b0,7,15,0.33952557987504844,0.20378057658672333,0.00921335257589817,0.00921335257589817,0.17421875,1.0,0,0
339,t2_b0,9,1,0.6119202225464382,0.4420267343521118,0.014431901276111603,0.014431901276111603,0.8687499999999999,1.0,0,0
340,t2_b0,13,0,0.12165233346727129,0.29076045751571655,0.014298778958618641,0.014298778958618641,0.92,1.0,0,0
340,t2_b0,1,9,0.0,-0.06862229108810425,0.0023545094300061464,0.0023545094300061464,0.02,1.0,0,0
341,t2_b0,6,13,0.30159412783451117,0.15669195353984833,0.010498321615159512,0.010498321615159512,0.025,1.0,0,0
341,t2_b0,5,3,0.6022369452880724,0.16156403720378876,0.09709629416465759,0.09709629416465759,0.05,1.0,0,0
341,t2_b0,12,10,0.38084744749475613,0.18809917569160461,0.01857594959437847,0.01857594959437847,0.17500000000000002,1.0,0,0
342,t2_b0,10,12,0.04410237322452383,0.1735571324825287,0.008379267528653145,0.008379267528653145,0.14921875,1.0,0,0
342,t2_b0,8,18,-0.19623430451649806,0.13214841485023499,0.05391760915517807,0.05391760915517807,0.9333333333333333,1.0,0,0
342,t2_b0,14,1,0.6124570556411735,0.24812692403793335,0.0663682147860527,0.0663682147860527,0.900390625,1.0,0,0
344,t2_b0,2,10,0.16848887009130986,0.12451057881116867,0.0009670452564023435,0.0009670452564023435,0.2,1.0,0,0
344,t2_b0,16,9,-0.12727180034165042,0.1384289264678955,0.035298436880111694,0.035298436880111694,0.05,1.0,0,0
345,t2_b0,11,14,0.5578106260670357,0.20020747184753418,0.06394000351428986,0.06394000351428986,0.9333333333333333,1.0,0,0
347,t2_b0,3,5,-0.00426018763827428,0.06939647346735,0.002712652087211609,0.002712652087211609,0.9333333333333333,1.0,0,0
347,t2_b0,7,15,0.2376865051031745,0.13769562542438507,0.004999087657779455,0.004999087657779455,0.1,1.0,0,0
348,t2_b0,4,12,0.2237901255968595,0.1272384375333786,0.004661113955080509,0.004661113955080509,1.0,1.0,0,0
348,t2_b0,10,2,0.04430457072448537,0.12420248240232468,0.003191838040947914,0.003191838040947914,0.07382812500000001,1.0,0,0
348,t2_b0,11,14,0.008718343002884295,0.09172909706830978,0.003445392707362771,0.003445392707362771,0.1,1.0,0,0
348,t2_b0,8,16,-0.03911191683927819,0.11600068211555481,0.012029958888888359,0.012029958888888359,0.03333333333333333,1.0,0,0
349,t2_b0,1,14,0.0015387763789340364,0.11159967631101608,0.006056700833141804,0.006056700833141804,0.025,1.0,0,0
349,t2_b0,15,7,-0.007116089428905599,0.18883472681045532,0.019198361784219742,0.019198361784219742,0.9500000000000001,1.0,0,0
350,t2_b0,4,12,0.2750928039423049,0.15607869625091553,0.00708217965438962,0.00708217965438962,0.1,1.0,0,0
350,t2_b0,13,0,-0.0031089022795513137,0.27770093083381653,0.039427079260349274,0.039427079260349274,0.925,1.0,0,0
350,t2_b0,14,1,0.10503341797273913,0.28086018562316895,0.015457523986697197,0.015457523986697197,1.0,1.0,0,0
350,t2_b0,5,17,0.03882793657665839,0.07008345425128937,0.0004884536610916257,0.0004884536610916257,0.05,1.0,0,0
350,t2_b0,19,6,0.22175992032236497,0.12360355257987976,0.004817335866391659,0.004817335866391659,0.03333333333333333,1.0,0,0
350,t2_b0,9,8,-0.1396908351900219,0.1287682056427002,0.03603512421250343,0.03603512421250343,1.0,1.0,0,0
351,t2_b0,17,5,-0.24997262902772133,0.17506037652492523,0.09032652527093887,0.09032652527093887,0.9333333333333333,1.0,0,0
351,t2_b0,2,10,0.002146711100012929,0.1634175032377243,0.013004135340452194,0.013004135340452194,0.12187500000000001,1.0,0,0
351,t2_b0,0,1,0.10426317729094665,-0.4557132124900818,0.15678678452968597,0.15678678452968597,0.03333333333333333,1.0,0,0
352,t2_b0,18,8,0.0,0.0988810658454895,0.004888732451945543,0.004888732451945543,1.0,1.0,0,0
354,t2_b0,8,18,0.10621979354677602,0.07288510352373123,0.0005556006799452007,0.0005556006799452007,0.05,1.0,0,0
355,t2_b0,0,13,0.3385514062888064,-0.14212512969970703,0.11552496254444122,0.11552496254444122,0.03333333333333333,1.0,0,0
355,t2_b0,17,5,0.3781210142916798,0.1561432033777237,0.024637075141072273,0.024637075141072273,0.03333333333333333,1.0,0,0
355,t2_b0,18,8,0.09377959124496565,0.05541597306728363,0.0007358837174251676,0.0007358837174251676,0.1,1.0,0,0
356,t2_b0,6,1,-0.3416161298639084,0.10269393026828766,0.0987057164311409,0.0987057164311409,0.025,1.0,0,0
356,t2_b0,9,11,0.9641653605941698,0.269735723733902,0.2411162555217743,0.2411162555217743,0.15000000000000002,1.0,0,0
356,t2_b0,12,4,-0.013084341038226564,0.09701751172542572,0.006061208434402943,0.006061208434402943,0.9500000000000001,1.0,0,0
357,t2_b0,3,5,0.06470435815128106,0.1767602562904358,0.006278262007981539,0.006278262007981539,0.9333333333333333,1.0,0,0
358,t2_b0,7,15,0.1325348317408818,0.17329072952270508,0.0008305215742439032,0.0008305215742439032,0.1,1.0,0,0
358,t2_b0,2,10,-0.0007023689225376583,0.16931289434432983,0.014452594332396984,0.014452594332396984,0.1,1.0,0,0
359,t2_b0,15,17,0.0,0.15031009912490845,0.011296562850475311,0.011296562850475311,0.9500000000000001,1.0,0,0
360,t2_b0,4,12,0.06555262997953429,0.09966211020946503,0.0005817283526994288,0.0005817283526994288,0.1,1.0,0,0
360,t2_b0,16,8,-0.2844754833037795,0.1333189606666565,0.08727609366178513,0.08727609366178513,1.0,1.0,0,0
361,t2_b0,3,19,0.1603526760809388,0.04802911728620529,0.006308291107416153,0.006308291107416153,0.03333333333333333,1.0,0,0
362,t2_b0,17,7,-0.10814782196705461,0.12066959589719772,0.02617870457470417,0.02617870457470417,0.025,1.0,0,0
363,t2_b0,7,15,0.41013930498643064,0.1560412049293518,0.03228291869163513,0.03228291869163513,0.05,1.0,0,0
363,t2_b0,19,3,-0.04669705912633476,0.17708276212215424,0.02503870613873005,0.02503870613873005,0.9333333333333333,1.0,0,0
363,t2_b0,11,4,0.7002475307435772,0.24856725335121155,0.10200753808021545,0.10200753808021545,0.043750000000000004,1.0,0,0
364,t2_b0,8,16,0.14504713977052003,0.05802366882562637,0.0037865424528717995,0.0037865424528717995,0.05,1.0,0,0
364,t2_b0,9,1,-0.38418991486584314,0.40569430589675903,0.31195852160453796,0.31195852160453796,0.9171874999999999,1.0,0,0
364,t2_b0,10,12,-0.02791747780350234,0.16784432530403137,0.019161341711878777,0.019161341711878777,0.925,1.0,0,0
365,t2_b0,1,9,0.0,0.04251916706562042,0.0009039397700689733,0.0009039397700689733,0.9500000000000001,1.0,0,0
366,t2_b0,5,3,0.04942375777791954,0.25372549891471863,0.020869601517915726,0.020869601517915726,0.925,1.0,0,0
366,t2_b0,12,4,0.0011355276978055335,0.2013530284166336,0.020043523982167244,0.020043523982167244,1.0,1.0,0,0
366,t2_b0,14,9,-0.005011995618525125,0.20489904284477234,0.02203132025897503,0.02203132025897503,0.025,1.0,0,0
366,t2_b0,0,13,0.0348145231420944,0.09346453845500946,0.0017199122812598944,0.0017199122812598944,0.03333333333333333,1.0,0,0
367,t2_b0,13,14,0.0,0.17737920582294464,0.0157316904515028,0.0157316904515028,0.9333333333333333,1.0,0,0
367,t2_b0,11,4,-0.15789733543454396,0.1396007388830185,0.04425255209207535,0.04425255209207535,0.05,1.0,0,0
367,t2_b0,10,16,-0.4629537350189191,0.30431288480758667,0.2943490445613861,0.2943490445613861,0.9500000000000001,1.0,0,0
368,t2_b0,2,10,-0.48124530236169727,0.14925052225589752,0.19876250624656677,0.19876250624656677,0.03333333333333333,1.0,0,0
368,t2_b0,15,9,-0.038196273585924534,0.1277713179588318,0.01377261895686388,0.01377261895686388,0.016666666666666666,1.0,0,0
369,t2_b0,18,8,0.06761300515612026,0.08307012915611267,0.00011946133599849418,0.00011946133599849418,0.1,1.0,0,0
370,t2_b0,6,5,-0.0303969954034778,0.1542813926935196,0.01705305464565754,0.01705305464565754,0.92,1.0,0,0
370,t2_b0,16,2,0.0,0.10403447598218918,0.005411586258560419,0.005411586258560419,0.9500000000000001,1.0,0,0
371,t2_b0,6,3,0.2211089748310296,0.1410994827747345,0.003200759179890156,0.003200759179890156,0.025,1.0,0,0
371,t2_b0,15,0,-0.10764097282343649,0.22815534472465515,0.05637958645820618,0.05637958645820618,0.92,1.0,0,0
372,t2_b0,12,4,0.9464570760088683,0.2734583914279938,0.22646360099315643,0.22646360099315643,0.17500000000000002,1.0,0,0
373,t2_b0,19,14,0.05995931192452258,0.1175474151968956,0.0016581948148086667,0.0016581948148086667,0.9333333333333333,1.0,0,0
373,t2_b0,4,12,0.05273920042136296,-0.07804089039564133,0.00855171587318182,0.00855171587318182,1.0,1.0,0,0
374,t2_b0,5,3,-0.01997265448172143,0.11760883778333664,0.009464333765208721,0.009464333765208721,1.0,1.0,0,0
374,t2_b0,14,19,-0.2182547461194291,0.1643533706665039,0.0731944814324379,0.0731944814324379,0.05,1.0,0,0
375,t2_b0,19,3,0.14919808470437457,0.13310903310775757,0.0001294287940254435,0.0001294287940254435,0.03333333333333333,1.0,0,0
375,t2_b0,16,11,0.0,0.134706512093544,0.009072922170162201,0.009072922170162201,0.1,1.0,0,0
375,t2_b0,13,15,-0.025253681622656524,0.16047239303588867,0.017247088253498077,0.017247088253498077,1.0,1.0,0,0
376,t2_b0,11,16,0.34342594687351974,0.15096257627010345,0.018521076068282127,0.018521076068282127,0.05,1.0,0,0
377,t2_b0,10,7,0.9651301194512645,0.12660695612430573,0.3515605330467224,0.3515605330467224,1.0,1.0,0,0
377,t2_b0,3,6,-0.022545240123000247,0.011882804334163666,0.0005926451412960887,0.0005926451412960887,1.0,1.0,0,0
377,t2_b0,5,15,0.902145768709052,0.132400244474411,0.29625403881073,0.29625403881073,1.0,1.0,0,0
378,t2_b0,18,8,0.30604295605473597,0.08449789881706238,0.024541109800338745,0.024541109800338745,0.1,1.0,0,0
378,t2_b0,4,6,0.35278101835114506,0.13480588793754578,0.02375658042728901,0.02375658042728901,1.0,1.0,0,0
379,t2_b0,13,11,0.9999176238304901,0.11778827756643295,0.3890761137008667,0.3890761137008667,1.0,1.0,0,0
379,t2_b0,4,6,0.37601541280036155,0.27918022871017456,0.004688527435064316,0.004688527435064316,1.0,1.0,0,0
379,t2_b0,12,17,0.4807382471535974,0.2399757206439972,0.02898329868912697,0.02898329868912697,0.937890625,1.0,0,0
380,t2_b0,3,19,0.9689952697754098,0.13075432181358337,0.3513239622116089,0.3513239622116089,0.2,1.0,0,0
381,t2_b0,7,10,0.014533358800621015,-0.005119986832141876,0.00019312700896989554,0.00019312700896989554,1.0,1.0,0,0
381,t2_b0,17,11,0.0,0.08239888399839401,0.0033947881311178207,0.0033947881311178207,0.9333333333333333,1.0,0,0
381,t2_b0,15,1,-0.14811246471582876,0.057164132595062256,0.0210692398250103,0.0210692398250103,1.0,1.0,0,0
382,t2_b0,14,4,-0.011253317084682146,0.010878965258598328,0.00024491894873790443,0.00024491894873790443,0.03333333333333333,1.0,0,0
382,t2_b0,8,18,0.1091159283521748,0.12792541086673737,0.00017689832020550966,0.00017689832020550966,0.925,1.0,0,0
383,t2_b0,8,10,0.0021076715014532975,-0.09573464095592499,0.004786558914929628,0.004786558914929628,0.025,1.0,0,0
383,t2_b0,9,4,0.1326934986013786,0.057696931064128876,0.0028122426010668278,0.0028122426010668278,0.03333333333333333,1.0,0,0
383,t2_b0,17,11,-0.005145104049473921,0.06789905577898026,0.002667724620550871,0.002667724620550871,0.05,1.0,0,0
384,t2_b0,19,17,0.26727104241054805,0.12708832323551178,0.009825597517192364,0.009825597517192364,0.1,1.0,0,0
384,t2_b0,5,1,0.3895812556245958,0.2728554904460907,0.006812452804297209,0.006812452804297209,0.925,1.0,0,0
385,t2_b0,1,18,0.058875515677171676,-0.058226969093084335,0.006856496445834637,0.006856496445834637,0.925,1.0,0,0
387,t2_b0,7,10,0.9756781584893036,0.2242022454738617,0.2823580503463745,0.2823580503463745,0.15000000000000002,1.0,0,0
387,t2_b0,18,1,0.11284622032884126,-0.08086533844470978,0.01876208186149597,0.01876208186149597,0.05,1.0,0,0
388,t2_b0,12,2,0.0856574658971388,-0.12465792149305344,0.02211627922952175,0.02211627922952175,1.0,1.0,0,0
388,t2_b0,16,17,0.7045385132069805,0.259147971868515,0.09918637573719025,0.09918637573719025,0.8400000000000001,1.0,0,0
389,t2_b0,10,8,0.45495970663759294,0.18813835084438324,0.0355968251824379,0.0355968251824379,0.05,1.0,0,0
389,t2_b0,15,17,0.9552019163445857,0.3008880317211151,0.214063361287117,0.214063361287117,0.8666666666666667,1.0,0,0
389,t2_b0,2,3,0.9208322735298698,0.2658129632472992,0.21452513337135315,0.21452513337135315,0.9125,1.0,0,0
390,t2_b0,15,17,-0.014175571371881314,0.36381569504737854,0.07143869251012802,0.07143869251012802,0.860625,1.0,0,0
391,t2_b0,3,2,0.0,0.14886368811130524,0.011080198921263218,0.011080198921263218,0.9382812500000001,1.0,0,0
391,t2_b0,1,6,0.0,-0.29045987129211426,0.042183469980955124,0.042183469980955124,0.1,1.0,0,0
392,t2_b0,9,14,0.0,0.05787179619073868,0.0016745723551139235,0.0016745723551139235,1.0,1.0,0,0
393,t2_b0,6,1,0.18587872495028337,0.13241232931613922,0.001429327647201717,0.001429327647201717,0.15000000000000002,1.0,0,0
394,t2_b0,13,11,-0.12344915585021494,0.16558536887168884,0.04177047684788704,0.04177047684788704,0.1,1.0,0,0
394,t2_b0,7,10,-0.02040635317647693,0.2930925786495209,0.04914079234004021,0.04914079234004021,1.0,1.0,0,0
394,t2_b0,3,6,0.9824551198695471,-0.12184170633554459,0.6042968034744263,0.6042968034744263,1.0,1.0,0,0
394,t2_b0,16,19,-0.07934775368274499,0.22099921107292175,0.04510414972901344,0.04510414972901344,0.1,1.0,0,0
395,t2_b0,18,8,0.11315045892768014,0.08533800393342972,0.00038676641997881234,0.00038676641997881234,0.1,1.0,0,0
395,t2_b0,11,17,0.08087011584710357,0.1361442506313324,0.001527615124359727,0.001527615124359727,0.9500000000000001,1.0,0,0
396,t2_b0,5,18,0.9854471156269213,0.33381956815719604,0.21230922639369965,0.21230922639369965,0.86,1.0,0,0
396,t2_b0,19,17,0.1344584038120057,0.12155080586671829,8.330309356097132e-05,8.330309356097132e-05,0.1,1.0,0,0
397,t2_b0,12,4,0.5943395733294082,0.24887441098690033,0.05967307463288307,0.05967307463288307,0.07421875,1.0,0,0
398,t2_b0,1,3,0.006815810242715024,-0.10851825028657913,0.0066509731113910675,0.0066509731113910675,0.05,1.0,0,0
398,t2_b0,14,16,0.6059075554447344,0.2314956784248352,0.07009212672710419,0.07009212672710419,1.0,1.0,0,0
398,t2_b0,8,5,0.0,0.03508187085390091,0.0006153688300400972,0.0006153688300400972,0.02,1.0,0,0
398,t2_b0,11,13,0.012493896947716951,0.02911820262670517,0.00013818376464769244,0.00013818376464769244,0.05,1.0,0,0
399,t2_b0,14,19,0.20085779408305784,0.28450390696525574,0.0034983365330845118,0.0034983365330845118,0.9500000000000001,1.0,0,0
399,t2_b0,9,16,0.9650409060270875,0.30399975180625916,0.2184876948595047,0.2184876948595047,0.8833333333333333,1.0,0,0
399,t2_b0,3,1,-0.3270214759790852,0.3199288845062256,0.2092723846435547,0.2092723846435547,0.937890625,1.0,0,0
399,t2_b0,2,0,-0.050080234811296524,0.29060590267181396,0.058033522218465805,0.058033522218465805,0.8977864583333333,1.0,0,0
400,t2_b0,15,1,-0.23136647202848268,0.27745580673217773,0.12945005297660828,0.12945005297660828,0.9500000000000001,1.0,0,0
401,t2_b0,17,19,0.08629706695593156,0.08877547085285187,3.0712476473127026e-06,3.0712476473127026e-06,0.9333333333333333,1.0,0,0
403,t2_b0,6,18,-0.17988196873593643,0.24837341904640198,0.09170133620500565,0.09170133620500565,0.9500000000000001,1.0,0,0
404,t2_b0,0,7,-0.022552561623536332,-0.052391089498996735,0.0004451689019333571,0.0004451689019333571,0.9333333333333333,1.0,0,0
404,t2_b0,10,8,-0.500093772301818,0.22428323328495026,0.26236099004745483,0.26236099004745483,0.925,1.0,0,0
404,t2_b0,9,12,0.5229558544456272,0.17622636258602142,0.060110658407211304,0.060110658407211304,0.025,1.0,0,0
405,t2_b0,4,12,0.11905809018093738,0.11725149303674698,1.631891677789099e-06,1.631891677789099e-06,0.03333333333333333,1.0,0,0
406,t2_b0,10,0,0.10687543433594063,0.34506139159202576,0.028366275131702423,0.028366275131702423,0.925,1.0,0,0
406,t2_b0,2,13,0.9461101053298296,0.16827675700187683,0.30251234769821167,0.30251234769821167,1.0,1.0,0,0
407,t2_b0,2,11,-1.0,0.4119865894317627,0.9119865894317627,0.9119865894317627,0.900390625,1.0,0,0
407,t2_b0,13,17,-1.0,0.17217257618904114,0.6721725463867188,0.6721725463867188,0.9333333333333333,1.0,0,0
407,t2_b0,0,10,-0.007472608470670238,0.029755525290966034,0.0006929669762030244,0.0006929669762030244,0.05,1.0,0,0
408,t2_b0,7,8,-0.6088436072187208,0.20812565088272095,0.333719402551651,0.333719402551651,0.9333333333333333,1.0,0,0
409,t2_b0,5,16,-0.9048548378901721,0.16449634730815887,0.5693511962890625,0.5693511962890625,0.9500000000000001,1.0,0,0
410,t2_b0,8,18,0.037316793484093086,0.037067852914333344,3.098526235589816e-08,3.098526235589816e-08,0.9333333333333333,1.0,0,0
410,t2_b0,14,19,-0.06387606258822781,0.2696596384048462,0.05562303215265274,0.05562303215265274,0.925,1.0,0,0
410,t2_b0,16,5,-0.107036305892458,0.13446226716041565,0.02916078083217144,0.02916078083217144,1.0,1.0,0,0
410,t2_b0,13,17,0.25687319774716333,0.27829277515411377,0.00022939930204302073,0.00022939930204302073,0.92,1.0,0,0
411,t2_b0,15,19,0.6146753860447739,-0.1204182356595993,0.2701813280582428,0.2701813280582428,1.0,1.0,0,0
411,t2_b0,6,18,-0.22044417800223592,0.257424533367157,0.11417925357818604,0.11417925357818604,0.9333333333333333,1.0,0,0
411,t2_b0,17,2,0.0,-0.11463721096515656,0.006570844911038876,0.006570844911038876,0.03333333333333333,1.0,0,0
412,t2_b0,7,18,-0.33712341221522607,0.23758544027805328,0.165145143866539,0.165145143866539,0.925,1.0,0,0
413,t2_b0,11,1,-0.2759387673073122,0.06118004024028778,0.056824542582035065,0.056824542582035065,1.0,1.0,0,0
413,t2_b0,19,13,-0.05690722803093485,0.06845490634441376,0.007857831194996834,0.007857831194996834,0.9500000000000001,1.0,0,0
413,t2_b0,17,2,0.0,-0.06995178014039993,0.0024466258473694324,0.0024466258473694324,1.0,1.0,0,0
415,t2_b0,3,10,0.8940680889192659,0.14689521491527557,0.2791336178779602,0.2791336178779602,0.1,1.0,0,0
415,t2_b0,18,6,-0.0191937525880967,-0.0037901848554611206,0.00011863493273267522,0.00011863493273267522,1.0,1.0,0,0
415,t2_b0,1,14,0.05859961308009555,0.0678294226527214,4.259468914824538e-05,4.259468914824538e-05,0.9333333333333333,1.0,0,0
416,t2_b0,12,14,0.0,0.1316140592098236,0.00866113044321537,0.00866113044321537,0.92,1.0,0,0
416,t2_b0,8,11,0.9589633327236359,0.1556457281112671,0.32265958189964294,0.32265958189964294,0.2,1.0,0,0
417,t2_b0,19,13,0.01555131187819275,0.09051243215799332,0.002809584606438875,0.002809584606438875,1.0,1.0,0,0
417,t2_b0,11,8,0.40132234481036094,-0.03093918412923813,0.09342501312494278,0.09342501312494278,0.1,1.0,0,0
417,t2_b0,17,5,0.8892801201696418,-0.12111587822437286,0.5103960037231445,0.5103960037231445,1.0,1.0,0,0
417,t2_b0,10,7,0.0,0.11688945442438126,0.006831572391092777,0.006831572391092777,0.05,1.0,0,0
419,t2_b0,9,14,0.10038084814312145,0.1143469363451004,9.752585174283013e-05,9.752585174283013e-05,0.025,1.0,0,0
419,t2_b0,2,13,0.03414790594365223,0.16074788570404053,0.008013777434825897,0.008013777434825897,0.9500000000000001,1.0,0,0
419,t2_b0,5,10,0.005177358936468441,0.11796145886182785,0.0063601271249353886,0.0063601271249353886,0.9333333333333333,1.0,0,0
420,t2_b0,16,3,0.0055631538285635836,3.546476364135742e-06,1.545461782370694e-05,1.545461782370694e-05,1.0,1.0,0,0
420,t2_b0,5,10,0.3037119853442836,0.08467454463243484,0.02398870140314102,0.02398870140314102,0.03333333333333333,1.0,0,0
420,t2_b0,14,9,0.056857223081657644,0.15282082557678223,0.004604505840688944,0.004604505840688944,0.03333333333333333,1.0,0,0
421,t2_b0,18,3,0.9256931077624818,-0.12312690913677216,0.5488200187683105,0.5488200187683105,0.5,1.0,0,0
421,t2_b0,0,11,-0.00021247747107238274,-0.024415820837020874,0.00029290092061273754,0.00029290092061273754,0.05,1.0,0,0
422,t2_b0,17,5,0.0,0.5076799988746643,0.12886948883533478,0.12886948883533478,1.0,1.0,0,0
423,t2_b0,7,5,-0.0021519462475307733,0.05155305564403534,0.001442113658413291,0.001442113658413291,0.05,1.0,0,0
423,t2_b0,18,16,0.022189630090823864,0.5581319332122803,0.14361707866191864,0.14361707866191864,0.900390625,1.0,0,0
423,t2_b0,19,6,0.4357476370681232,0.12884292006492615,0.047095250338315964,0.047095250338315964,1.0,1.0,0,0
424,t2_b0,1,15,0.0,0.0188739076256752,0.00017811219731811434,0.00017811219731811434,0.05,1.0,0,0
424,t2_b0,6,19,0.011046418658240652,0.15894931554794312,0.010937632992863655,0.010937632992863655,0.05833333333333334,1.0,0,0
425,t2_b0,12,15,0.021544039044517495,0.060089536011219025,0.0007428776589222252,0.0007428776589222252,1.0,1.0,0,0
426,t2_b0,16,18,0.01321000019582726,-0.050156354904174805,0.002007647417485714,0.002007647417485714,0.03333333333333333,1.0,0,0
427,t2_b0,19,5,0.7595473300177754,0.2006121277809143,0.15620429813861847,0.15620429813861847,0.14921875,1.0,0,0
427,t2_b0,3,16,-0.26169731139945457,0.21037700772285461,0.11142708361148834,0.11142708361148834,0.9333333333333333,1.0,0,0
427,t2_b0,13,9,0.9951227590054348,0.08485791832208633,0.41429099440574646,0.41429099440574646,1.0,1.0,0,0
427,t2_b0,4,11,0.8683885944028251,0.21426066756248474,0.21394169330596924,0.21394169330596924,1.0,1.0,0,0
428,t2_b0,14,8,0.9055808967158318,0.1366272270679474,0.2956448793411255,0.2956448793411255,1.0,1.0,0,0
428,t2_b0,9,0,-0.14487074073359682,0.24430489540100098,0.07572884112596512,0.07572884112596512,0.9500000000000001,1.0,0,0
429,t2_b0,15,17,0.03152539687523751,0.12342751771211624,0.004222999792546034,0.004222999792546034,0.9333333333333333,1.0,0,0
429,t2_b0,2,19,0.6853079555922311,0.12884372472763062,0.15482623875141144,0.15482623875141144,0.2,1.0,0,0
430,t2_b0,8,14,0.013837913812118513,0.12626266479492188,0.006319662556052208,0.006319662556052208,1.0,1.0,0,0
433,t2_b0,7,5,-0.034278363305567994,0.08709219098091125,0.007365405559539795,0.007365405559539795,0.05,1.0,0,0
433,t2_b0,9,11,0.9701191348479259,0.12728479504585266,0.3551848828792572,0.3551848828792572,1.0,1.0,0,0
434,t2_b0,10,5,0.06354290703585226,0.10617497563362122,0.0009087465004995465,0.0009087465004995465,0.9500000000000001,1.0,0,0
434,t2_b0,3,16,-0.07866220022131,0.22210237383842468,0.04522966220974922,0.04522966220974922,0.03333333333333333,1.0,0,0
434,t2_b0,0,6,0.0,-0.08348638564348221,0.0034849883522838354,0.0034849883522838354,0.9500000000000001,1.0,0,0
434,t2_b0,13,11,-1.0,0.2400362640619278,0.7400362491607666,0.7400362491607666,0.12421875,1.0,0,0
434,t2_b0,1,15,0.013703692113439468,0.08537503331899643,0.0025683906860649586,0.0025683906860649586,0.03333333333333333,1.0,0,0
435,t2_b0,11,13,0.2635791304090791,-0.001984916627407074,0.03526213392615318,0.03526213392615318,0.9500000000000001,1.0,0,0
435,t2_b0,19,2,-0.08919080063657121,0.15432588756084442,0.029650187119841576,0.029650187119841576,0.05,1.0,0,0
436,t2_b0,1,15,0.6467116801613977,0.06618805229663849,0.16850386559963226,0.16850386559963226,0.05,1.0,0,0
436,t2_b0,4,17,0.0,0.07913550734519958,0.0031312142964452505,0.0031312142964452505,1.0,1.0,0,0
436,t2_b0,12,6,0.8577017562857673,0.15048173069953918,0.2500801086425781,0.2500801086425781,1.0,1.0,0,0
436,t2_b0,14,16,0.06994790973090219,0.35318347811698914,0.04011118784546852,0.04011118784546852,0.9333333333333333,1.0,0,0
437,t2_b0,8,2,0.8632506902123045,0.14745578169822693,0.25618118047714233,0.25618118047714233,0.2,1.0,0,0
437,t2_b0,12,6,-0.19617357197356877,0.3577044904232025,0.15339045226573944,0.15339045226573944,0.17421875,1.0,0,0
438,t2_b0,3,18,0.33084551496815773,0.14383262395858765,0.01748690940439701,0.01748690940439701,0.03333333333333333,1.0,0,0
439,t2_b0,15,1,0.1386140940815518,0.21303042769432068,0.002768895821645856,0.002768895821645856,1.0,1.0,0,0
439,t2_b0,5,10,0.07942516434695156,0.1640143245458603,0.0035776630975306034,0.0035776630975306034,0.9333333333333333,1.0,0,0
439,t2_b0,13,11,-0.4099641929515589,0.29298943281173706,0.24707190692424774,0.24707190692424774,0.05,1.0,0,0
440,t2_b0,6,11,0.6394804506517868,0.29430124163627625,0.05957435071468353,0.05957435071468353,0.9333333333333333,1.0,0,0
440,t2_b0,16,3,0.032662451446041754,0.11211751401424408,0.003156553488224745,0.003156553488224745,0.925,1.0,0,0
440,t2_b0,10,7,0.07725398557693441,0.08809198439121246,5.873114423593506e-05,5.873114423593506e-05,0.05,1.0,0,0
441,t2_b0,2,8,0.0,0.14047351479530334,0.009866404347121716,0.009866404347121716,0.05,1.0,0,0
441,t2_b0,17,16,0.8875201508940446,0.35216963291168213,0.14330008625984192,0.14330008625984192,1.0,1.0,0,0
441,t2_b0,9,11,-0.6425230733691222,0.2534152865409851,0.40135276317596436,0.40135276317596436,0.14921875,1.0,0,0
442,t2_b0,17,16,0.0,0.48217540979385376,0.11624656617641449,0.11624656617641449,1.0,1.0,0,0
443,t2_b0,11,9,-0.005280828668946305,0.10722342133522034,0.0063286032527685165,0.0063286032527685165,0.03333333333333333,1.0,0,0
443,t2_b0,14,16,0.018618601677850257,0.22194576263427734,0.020670967176556587,0.020670967176556587,0.03333333333333333,1.0,0,0
444,t2_b0,0,1,0.019974531314096343,-0.34325385093688965,0.06596742570400238,0.06596742570400238,1.0,1.0,0,0
445,t2_b0,0,1,0.14208761120845748,-0.2802649438381195,0.08919084072113037,0.08919084072113037,0.1,1.0,0,0
446,t2_b0,15,1,0.13322410036744128,0.2731212377548218,0.009785604663193226,0.009785604663193226,1.0,1.0,0,0
447,t2_b0,8,2,-0.10328797933305756,0.23258155584335327,0.056404177099466324,0.056404177099466324,0.05,1.0,0,0
447,t2_b0,6,13,0.0,0.11372578889131546,0.00646677752956748,0.00646677752956748,0.03333333333333333,1.0,0,0
447,t2_b0,19,5,-0.051124578246548064,0.2440691590309143,0.043569669127464294,0.043569669127464294,0.9333333333333333,1.0,0,0
448,t2_b0,10,7,0.15837965489532924,0.100895956158638,0.0016521880170330405,0.0016521880170330405,0.05,1.0,0,0
448,t2_b0,2,19,-0.04034082332506229,0.16280850768089294,0.02063482627272606,0.02063482627272606,0.05,1.0,0,0
448,t2_b0,4,17,0.8019821400669165,0.15200074017047882,0.21123793721199036,0.21123793721199036,1.0,1.0,0,0
448,t2_b0,3,16,-0.10389493480884118,0.2501887381076813,0.06268762052059174,0.06268762052059174,0.9333333333333333,1.0,0,0
448,t2_b0,13,11,-0.564737430905645,0.2076539695262909,0.2982942759990692,0.2982942759990692,0.05,1.0,0,0
449,t2_b0,5,10,0.07560429458651415,0.052842989563941956,0.00025903855566866696,0.00025903855566866696,0.9333333333333333,1.0,0,0
449,t2_b0,14,16,-0.013908743182922094,0.26260828971862793,0.038230836391448975,0.038230836391448975,0.9333333333333333,1.0,0,0
450,t2_b0,16,3,0.07508453180782079,0.05541948229074478,0.00019335704564582556,0.00019335704564582556,0.925,1.0,0,0
450,t2_b0,5,19,0.05235501666023654,0.05413646996021271,1.5867864249230479e-06,1.5867864249230479e-06,0.03333333333333333,1.0,0,0
451,t2_b0,11,9,0.005991170981181041,0.07387768477201462,0.0023042894899845123,0.0023042894899845123,0.03333333333333333,1.0,0,0
451,t2_b0,7,10,-0.08279917728705961,0.08207094669342041,0.01359107717871666,0.01359107717871666,0.9500000000000001,1.0,0,0
451,t2_b0,15,0,-0.10725254249351542,0.28197526931762695,0.07574914395809174,0.07574914395809174,0.9500000000000001,1.0,0,0
452,t2_b0,9,13,0.013558576053331316,0.1893865317106247,0.01545773446559906,0.01545773446559906,0.05,1.0,0,0
452,t2_b0,18,3,0.1477700941882402,0.17927870154380798,0.0004963962128385901,0.0004963962128385901,0.9500000000000001,1.0,0,0
453,t2_b0,6,11,-0.010464732147614274,0.2588699758052826,0.036270592361688614,0.036270592361688614,0.03333333333333333,1.0,0,0
453,t2_b0,17,16,0.2839757060163079,0.32714134454727173,0.0009316355572082102,0.0009316355572082102,0.925,1.0,0,0
454,t2_b0,19,10,-0.0045910997299714075,0.26148486137390137,0.0353982113301754,0.0353982113301754,0.925,1.0,0,0
455,t2_b0,1,15,0.03823442382461743,0.05797264724969864,0.00019479873299133033,0.00019479873299133033,0.9500000000000001,1.0,0,0
455,t2_b0,4,16,-0.7918503017538121,0.31018608808517456,0.6020364761352539,0.6020364761352539,0.9333333333333333,1.0,0,0
455,t2_b0,8,2,-0.029813372108746527,0.14362409710884094,0.015040279366075993,0.015040279366075993,0.03333333333333333,1.0,0,0
456,t2_b0,0,15,0.09441845769897406,0.00532405823469162,0.003968906123191118,0.003968906123191118,0.05,1.0,0,0
456,t2_b0,12,6,-0.27233308421541,0.22958099842071533,0.1259588748216629,0.1259588748216629,1.0,1.0,0,0
457,t2_b0,11,13,0.12470688385500002,0.047129690647125244,0.003009110689163208,0.003009110689163208,0.1,1.0,0,0
457,t2_b0,16,3,0.04577620793509727,0.053433261811733246,2.9315244319150224e-05,2.9315244319150224e-05,0.9500000000000001,1.0,0,0
457,t2_b0,2,10,-0.10634483616524704,0.2548978328704834,0.06524812430143356,0.06524812430143356,0.925,1.0,0,0
457,t2_b0,7,8,0.03537126235050459,0.03165628761053085,6.900519565533614e-06,6.900519565533614e-06,0.03333333333333333,1.0,0,0
459,t2_b0,10,7,0.016202912246601593,0.026473402976989746,5.274149589240551e-05,5.274149589240551e-05,1.0,1.0,0,0
460,t2_b0,16,11,0.8880604406528778,-0.12075769901275635,0.5088181495666504,0.5088181495666504,1.0,1.0,0,0
460,t2_b0,18,14,0.045386765019945444,0.1439577043056488,0.004858115222305059,0.004858115222305059,0.03333333333333333,1.0,0,0
461,t2_b0,16,11,0.7251455774150865,0.20172442495822906,0.13698485493659973,0.13698485493659973,0.8671875,1.0,0,0
461,t2_b0,4,19,0.25088015610144376,0.14233559370040894,0.005890960339456797,0.005890960339456797,0.05,1.0,0,0
462,t2_b0,13,11,0.01261057242432754,0.24728776514530182,0.027536693960428238,0.027536693960428238,0.925,1.0,0,0
462,t2_b0,14,8,-0.506905459061034,0.12035392969846725,0.19672715663909912,0.19672715663909912,0.03333333333333333,1.0,0,0
463,t2_b0,9,19,-0.3346328494595862,0.1461651623249054,0.11558336019515991,0.11558336019515991,0.9500000000000001,1.0,0,0
463,t2_b0,3,4,-0.004665154513134705,0.04420612007379532,0.001194200711324811,0.001194200711324811,1.0,1.0,0,0
464,t2_b0,10,11,0.973646621224572,0.2048638015985489,0.2955135405063629,0.2955135405063629,0.8687499999999999,1.0,0,0
465,t2_b0,19,9,0.008765579614439514,0.10380562394857407,0.004516304936259985,0.004516304936259985,0.1,1.0,0,0
465,t2_b0,17,15,-0.2472565849649597,0.2575122117996216,0.12739576399326324,0.12739576399326324,0.9500000000000001,1.0,0,0
466,t2_b0,12,6,0.13243657923396285,0.21274292469024658,0.0032245549373328686,0.0032245549373328686,0.9333333333333333,1.0,0,0
466,t2_b0,5,7,0.18378922054398344,-0.12486277520656586,0.04763302206993103,0.04763302206993103,1.0,1.0,0,0
467,t2_b0,15,17,0.0,0.091995470225811,0.004231583327054977,0.004231583327054977,0.1,1.0,0,0
467,t2_b0,2,8,-0.009421521169481672,0.1376955807209015,0.010821721516549587,0.010821721516549587,1.0,1.0,0,0
467,t2_b0,4,9,0.9806135412550827,0.12813976407051086,0.36335572600364685,0.36335572600364685,1.0,1.0,0,0
468,t2_b0,10,16,-0.003361265947387956,0.13327407836914062,0.009334608912467957,0.009334608912467957,0.05,1.0,0,0
468,t2_b0,9,4,0.18565987058433153,-0.04057810828089714,0.025591813027858734,0.025591813027858734,0.1,1.0,0,0
469,t2_b0,11,4,0.9412975360937572,-0.12496494501829147,0.5662624835968018,0.5662624835968018,0.5,1.0,0,0
469,t2_b0,14,18,0.14053407742175564,0.11684751510620117,0.00028052652487531304,0.00028052652487531304,0.1,1.0,0,0
469,t2_b0,7,15,0.926324751873086,0.2262653410434723,0.2450415939092636,0.2450415939092636,0.900390625,1.0,0,0
470,t2_b0,6,12,-0.00837792665575783,0.08373615890741348,0.004242502152919769,0.004242502152919769,1.0,1.0,0,0
471,t2_b0,2,5,0.9599352217570195,-0.12371845543384552,0.5836536884307861,0.5836536884307861,1.0,1.0,0,0
471,t2_b0,18,14,0.1929222651430188,0.0838388204574585,0.005949598737061024,0.005949598737061024,1.0,1.0,0,0
472,t2_b0,8,9,-0.23237373751351162,0.11899901926517487,0.06173141300678253,0.06173141300678253,0.925,1.0,0,0
472,t2_b0,5,2,0.7705983123559436,0.05104626715183258,0.25887757539749146,0.25887757539749146,0.098828125,1.0,0,0
472,t2_b0,3,17,0.874837421763559,0.12760379910469055,0.27917903661727905,0.27917903661727905,1.0,1.0,0,0
473,t2_b0,7,2,-0.1857172303624747,0.10825404524803162,0.04320955276489258,0.04320955276489258,0.057291666666666664,1.0,0,0
473,t2_b0,17,1,-0.10260374550949576,0.23497092723846436,0.05697832629084587,0.05697832629084587,0.9500000000000001,1.0,0,0
473,t2_b0,4,8,-0.25406368106352484,0.17093762755393982,0.09031306207180023,0.09031306207180023,0.9171874999999999,1.0,0,0
474,t2_b0,1,3,0.0,0.07187894731760025,0.0025832916144281626,0.0025832916144281626,0.05,1.0,0,0
474,t2_b0,16,9,-0.11634192852336159,0.17929896712303162,0.043701767921447754,0.043701767921447754,0.05,1.0,0,0
475,t2_b0,13,8,0.8729248449140292,0.14637768268585205,0.2639354169368744,0.2639354169368744,0.030468750000000003,1.0,0,0
475,t2_b0,6,19,0.9328429847418293,0.13885052502155304,0.3152120113372803,0.3152120113372803,1.0,1.0,0,0
476,t2_b0,12,19,0.9877001348470693,0.14059323072433472,0.35879507660865784,0.35879507660865784,0.9,1.0,0,0
476,t2_b0,14,5,0.945275037041325,-0.12272882461547852,0.5680038928985596,0.5680038928985596,0.5,1.0,0,0
476,t2_b0,11,9,-0.3051336384844965,0.14130660891532898,0.09965445101261139,0.09965445101261139,0.05807291666666667,1.0,0,0
477,t2_b0,12,19,0.5372473968869002,0.3325194716453552,0.020956765860319138,0.020956765860319138,0.8838541666666667,1.0,0,0
479,t2_b0,13,16,0.15119320368329445,0.18509045243263245,0.000574511825107038,0.000574511825107038,0.03333333333333333,1.0,0,0
479,t2_b0,15,7,-0.06143597492767935,0.036246396601200104,0.004770922940224409,0.004770922940224409,0.05,1.0,0,0
480,t2_b0,15,1,0.4357887369753677,0.3185579776763916,0.006871527060866356,0.006871527060866356,0.9500000000000001,1.0,0,0
480,t2_b0,8,19,0.0490295840722324,0.17815423011779785,0.008336586877703667,0.008336586877703667,0.05,1.0,0,0
481,t2_b0,9,11,-0.0803338829285243,0.18552005290985107,0.03533915802836418,0.03533915802836418,0.05,1.0,0,0
482,t2_b0,17,10,-0.08500443747796539,0.10092882066965103,0.01728558912873268,0.01728558912873268,0.05,1.0,0,0
482,t2_b0,2,14,0.16217764276074964,0.20246616005897522,0.0008115825476124883,0.0008115825476124883,0.03333333333333333,1.0,0,0
482,t2_b0,18,11,0.8554647738376429,0.2090577483177185,0.20892101526260376,0.20892101526260376,1.0,1.0,0,0
482,t2_b0,6,19,-0.23445544707975233,0.2538644075393677,0.11922814697027206,0.11922814697027206,0.07421875,1.0,0,0
483,t2_b0,10,1,-0.3008520316363576,0.2854749262332916,0.17188964784145355,0.17188964784145355,0.9500000000000001,1.0,0,0
483,t2_b0,19,8,-0.016001312499956503,0.02109260857105255,0.0006879795691929758,0.0006879795691929758,0.9333333333333333,1.0,0,0
483,t2_b0,18,11,0.06141000262281607,0.344227135181427,0.039992764592170715,0.039992764592170715,1.0,1.0,0,0
483,t2_b0,4,0,0.9899268179359804,0.16900333762168884,0.3369576632976532,0.3369576632976532,1.0,1.0,0,0
484,t2_b0,0,3,0.002984728218434093,0.06688755005598068,0.0020417855121195316,0.0020417855121195316,0.05,1.0,0,0
484,t2_b0,8,19,0.4340424673568717,0.10967671871185303,0.05260656401515007,0.05260656401515007,0.05,1.0,0,0
485,t2_b0,1,15,0.014903353257004884,0.06433657556772232,0.001221821759827435,0.001221821759827435,0.9500000000000001,1.0,0,0
486,t2_b0,10,15,-0.22249019649843604,0.35948997735977173,0.16935046017169952,0.16935046017169952,0.9500000000000001,1.0,0,0
486,t2_b0,0,3,0.038037775814490644,0.025837481021881104,7.442360947607085e-05,7.442360947607085e-05,0.05,1.0,0,0
487,t2_b0,3,0,-0.5818481431406781,0.27630096673965454,0.36820995807647705,0.36820995807647705,0.9333333333333333,1.0,0,0
487,t2_b0,11,18,0.04333541041593406,0.06949642300605774,0.0003421992587391287,0.0003421992587391287,0.060937500000000006,1.0,0,0
487,t2_b0,7,14,-0.16762449142428185,0.12035362422466278,0.041465695947408676,0.041465695947408676,0.025,1.0,0,0
488,t2_b0,14,7,0.22483668838815535,0.21918785572052002,1.595467620063573e-05,1.595467620063573e-05,0.9333333333333333,1.0,0,0
488,t2_b0,16,9,-0.18182358835479362,0.2392597496509552,0.08865558356046677,0.08865558356046677,0.9500000000000001,1.0,0,0
489,t2_b0,5,7,0.62816879909834,0.12491697818040848,0.1266312152147293,0.1266312152147293,0.9333333333333333,1.0,0,0
489,t2_b0,4,0,-1.0,0.23385393619537354,0.7338539361953735,0.7338539361953735,0.900390625,1.0,0,0
490,t2_b0,3,0,-0.0991533386185057,0.23569801449775696,0.056062713265419006,0.056062713265419006,0.9333333333333333,1.0,0,0
491,t2_b0,2,5,0.43704521795471346,0.15395236015319824,0.0400707833468914,0.0400707833468914,0.03333333333333333,1.0,0,0
491,t2_b0,13,19,-0.13959816045958862,0.33565473556518555,0.11293265968561172,0.11293265968561172,0.9333333333333333,1.0,0,0
492,t2_b0,15,1,-0.01752681617323615,0.29690369963645935,0.04943327233195305,0.04943327233195305,0.9333333333333333,1.0,0,0
493,t2_b0,5,7,0.4986069624168781,0.19663122296333313,0.04559466987848282,0.04559466987848282,0.03333333333333333,1.0,0,0
493,t2_b0,19,8,0.12624963096999942,0.09549644589424133,0.0004728790663648397,0.0004728790663648397,0.9333333333333333,1.0,0,0
493,t2_b0,9,11,-0.10785417561317473,0.10432891547679901,0.02251083217561245,0.02251083217561245,0.9500000000000001,1.0,0,0
494,t2_b0,8,12,0.0,0.055280983448028564,0.0015279935905709863,0.0015279935905709863,0.03333333333333333,1.0,0,0
495,t2_b0,10,1,-0.1620156768822159,0.28425610065460205,0.09957925230264664,0.09957925230264664,0.9500000000000001,1.0,0,0
495,t2_b0,19,8,0.21422029975818332,0.019734151661396027,0.018912428990006447,0.018912428990006447,0.025,1.0,0,0
496,t2_b0,11,9,-0.2492543417954614,0.13943591713905334,0.07554005831480026,0.07554005831480026,0.03333333333333333,1.0,0,0
496,t2_b0,17,0,-0.13338494382653082,0.27811914682388306,0.08466780930757523,0.08466780930757523,0.9500000000000001,1.0,0,0
496,t2_b0,6,8,-0.8703833529501123,0.23257416486740112,0.6029574871063232,0.6029574871063232,0.03333333333333333,1.0,0,0
496,t2_b0,14,2,0.0,0.1345132291316986,0.009046904742717743,0.009046904742717743,0.03333333333333333,1.0,0,0
496,t2_b0,12,19,0.5087517370567215,0.3053514063358307,0.020685849711298943,0.020685849711298943,0.8833333333333333,1.0,0,0
496,t2_b0,7,1,-1.0,0.3551099896430969,0.8551099300384521,0.8551099300384521,0.92,1.0,0,0
497,t2_b0,12,19,0.1840826571200323,0.2778622508049011,0.004397306125611067,0.004397306125611067,0.8838541666666667,1.0,0,0
499,t2_b0,14,5,-0.45185251275383953,0.17118126153945923,0.19408553838729858,0.19408553838729858,0.05,1.0,0,0
500,t2_b0,16,9,0.011485677738464655,0.1787855625152588,0.013994624838232994,0.013994624838232994,0.9333333333333333,1.0,0,0
500,t2_b0,3,0,0.10387183511093286,0.2918100953102112,0.017660394310951233,0.017660394310951233,0.9333333333333333,1.0,0,0
500,t2_b0,5,1,-1.0,0.3163783848285675,0.8163783550262451,0.8163783550262451,0.9166666666666667,1.0,0,0
500,t2_b0,15,10,0.01692425370485838,0.12542733550071716,0.00588645925745368,0.00588645925745368,0.025,1.0,0,0
501,t2_b0,2,1,-1.0,0.4136234223842621,0.9136234521865845,0.9136234521865845,0.925,1.0,0,0
502,t2_b0,0,4,0.005719997880128444,0.04652208834886551,0.0008324053487740457,0.0008324053487740457,0.03333333333333333,1.0,0,0
502,t2_b0,18,9,-0.3393322031647646,0.24886354804039001,0.17298711836338043,0.17298711836338043,0.9333333333333333,1.0,0,0
503,t2_b0,9,16,0.0856264409942513,0.08911629766225815,6.089559519750765e-06,6.089559519750765e-06,0.9500000000000001,1.0,0,0
503,t2_b0,7,3,-0.2040575670752637,0.09780833125114441,0.04556151106953621,0.04556151106953621,0.05,1.0,0,0
503,t2_b0,17,4,-0.09804964102852218,0.07791242748498917,0.015481323003768921,0.015481323003768921,1.0,1.0,0,0
504,t2_b0,8,6,0.013371860298375659,0.0860101580619812,0.002638160949572921,0.002638160949572921,1.0,1.0,0,0
504,t2_b0,9,16,-0.0024982416001139932,0.056288570165634155,0.0017279447056353092,0.0017279447056353092,0.1,1.0,0,0
505,t2_b0,1,15,-0.0028781453891809656,0.0585763081908226,0.001888324855826795,0.001888324855826795,1.0,1.0,0,0
507,t2_b0,16,9,-0.0529811581937823,0.1581040322780609,0.022278478369116783,0.022278478369116783,0.025,1.0,0,0
507,t2_b0,10,14,-0.007879221054050164,0.1298803687095642,0.009488852694630623,0.009488852694630623,1.0,1.0,0,0
507,t2_b0,13,11,-0.03041096744521738,0.11884070932865143,0.01113803032785654,0.01113803032785654,1.0,1.0,0,0
508,t2_b0,4,7,-1.0,0.1327214539051056,0.6327214241027832,0.6327214241027832,0.9500000000000001,1.0,0,0
508,t2_b0,17,16,0.9090921240270844,0.06411769241094589,0.35699090361595154,0.35699090361595154,0.05,1.0,0,0
509,t2_b0,8,17,0.9764131431062019,-0.12549278140068054,0.6019059419631958,0.6019059419631958,1.0,1.0,0,0
510,t2_b0,4,13,-0.02303953120580869,0.05951390415430069,0.003407534444704652,0.003407534444704652,0.05,1.0,0,0
510,t2_b0,3,10,0.0,-0.1257440149784088,0.007905778475105762,0.007905778475105762,1.0,1.0,0,0
510,t2_b0,6,18,-0.38081732745104213,0.12205009162425995,0.12643781304359436,0.12643781304359436,0.9333333333333333,1.0,0,0
510,t2_b0,14,0,-1.0,0.3693696856498718,0.8693697452545166,0.8693697452545166,0.9500000000000001,1.0,0,0
511,t2_b0,2,14,0.05524914085497007,0.184846892952919,0.008397788740694523,0.008397788740694523,0.03333333333333333,1.0,0,0
511,t2_b0,10,3,0.21741853187742957,0.07145513594150543,0.010652657598257065,0.010652657598257065,1.0,1.0,0,0
511,t2_b0,16,1,-0.3377390402133833,0.3198520839214325,0.21621303260326385,0.21621303260326385,0.925,1.0,0,0
511,t2_b0,18,11,-0.07167068859847937,0.17796581983566284,0.031159190461039543,0.031159190461039543,1.0,1.0,0,0
511,t2_b0,15,8,0.0,0.05819033086299896,0.0016930572455748916,0.0016930572455748916,0.025,1.0,0,0
511,t2_b0,6,12,-0.009048186161718397,0.029092833399772644,0.0007273686933331192,0.0007273686933331192,0.05,1.0,0,0
512,t2_b0,17,8,-0.05932232866733958,0.18978646397590637,0.031027594581246376,0.031027594581246376,1.0,1.0,0,0
512,t2_b0,1,15,0.25737847976894646,0.09462055563926697,0.013245072215795517,0.013245072215795517,0.025,1.0,0,0
512,t2_b0,0,9,-0.0071253286413254825,0.09271827340126038,0.004984372295439243,0.004984372295439243,0.1,1.0,0,0
513,t2_b0,19,6,0.7913427806388004,0.18597465753555298,0.1832352876663208,0.1832352876663208,0.9125,1.0,0,0
514,t2_b0,18,6,0.0,0.14344428479671478,0.010288131423294544,0.010288131423294544,0.05,1.0,0,0
514,t2_b0,9,0,0.11126275630068042,0.2787504196166992,0.014026058837771416,0.014026058837771416,1.0,1.0,0,0
514,t2_b0,8,15,0.05802050273376517,0.21369731426239014,0.012117634527385235,0.012117634527385235,1.0,1.0,0,0
515,t2_b0,11,13,-0.02704898553094251,0.11013725399971008,0.009410033002495766,0.009410033002495766,0.9500000000000001,1.0,0,0
515,t2_b0,0,9,0.011642846224020694,-0.06632895022630692,0.0030398003291338682,0.0030398003291338682,0.1,1.0,0,0
515,t2_b0,12,19,0.0,0.1342146396636963,0.009006784297525883,0.009006784297525883,0.1,1.0,0,0
516,t2_b0,19,12,-0.03700608207458842,0.13687650859355927,0.015117577277123928,0.015117577277123928,0.1,1.0,0,0
517,t2_b0,10,3,0.0,0.09593398123979568,0.004601664375513792,0.004601664375513792,1.0,1.0,0,0
517,t2_b0,2,15,-0.4499557115739314,0.2567932605743408,0.24974705278873444,0.24974705278873444,0.9333333333333333,1.0,0,0
517,t2_b0,13,11,0.046743175254676896,0.07824230194091797,0.0004960974329151213,0.0004960974329151213,1.0,1.0,0,0
518,t2_b0,17,9,0.978372355119491,0.06264623999595642,0.4192771017551422,0.4192771017551422,0.17500000000000002,1.0,0,0
518,t2_b0,11,13,0.38835200164012945,0.08033594489097595,0.047436948865652084,0.047436948865652084,0.1,1.0,0,0
518,t2_b0,7,1,0.8862694833963691,-0.06813041120767593,0.45543962717056274,0.45543962717056274,0.05000000000000001,1.0,0,0
519,t2_b0,5,18,-0.35294331142571933,0.19784383475780487,0.1516832411289215,0.1516832411289215,1.0,1.0,0,0
519,t2_b0,1,2,0.00383209394380572,0.19475288689136505,0.018225375562906265,0.018225375562906265,0.03333333333333333,1.0,0,0
520,t2_b0,5,18,-0.24503025944896198,0.08280086517333984,0.053736619651317596,0.053736619651317596,1.0,1.0,0,0
520,t2_b0,16,15,0.9415761342256205,0.12750284373760223,0.3313576281070709,0.3313576281070709,0.9,1.0,0,0
521,t2_b0,16,15,-0.6028784812817607,0.295486181974411,0.4035295248031616,0.4035295248031616,0.9128906250000001,1.0,0,0
522,t2_b0,6,11,-0.03034574767214382,0.09518607705831528,0.007879119366407394,0.007879119366407394,0.05,1.0,0,0
523,t2_b0,12,4,-0.00975336490357822,0.019364111125469208,0.000423913705162704,0.000423913705162704,1.0,1.0,0,0
524,t2_b0,18,14,0.12365437438492426,0.07908619195222855,0.0009931613458320498,0.0009931613458320498,1.0,1.0,0,0
524,t2_b0,3,9,0.47972969668714394,0.2121971845626831,0.03578681871294975,0.03578681871294975,0.926171875,1.0,0,0
524,t2_b0,5,8,0.8462920666582935,-0.12446821480989456,0.4711877703666687,0.4711877703666687,1.0,1.0,0,0
525,t2_b0,0,7,0.0,0.17896082997322083,0.01601349003612995,0.01601349003612995,1.0,1.0,0,0
525,t2_b0,8,5,0.23117671506685827,0.13933362066745758,0.004217577166855335,0.004217577166855335,1.0,1.0,0,0
525,t2_b0,19,16,0.025839747081580204,0.0645265057682991,0.0007483327062800527,0.0007483327062800527,1.0,1.0,0,0
526,t2_b0,4,1,0.7556689327615734,0.3926883935928345,0.06587743759155273,0.06587743759155273,0.9333333333333333,1.0,0,0
526,t2_b0,14,6,0.7237024663433121,0.08093534409999847,0.20657479763031006,0.20657479763031006,1.0,1.0,0,0
526,t2_b0,10,3,0.32834836557682,0.10343583673238754,0.02529282122850418,0.02529282122850418,0.146875,1.0,0,0
527,t2_b0,13,11,0.013706607951386498,0.10327176749706268,0.004010958597064018,0.004010958597064018,0.9333333333333333,1.0,0,0
527,t2_b0,2,15,-0.34857189392562954,0.2623295783996582,0.18660031259059906,0.18660031259059906,0.9500000000000001,1.0,0,0
529,t2_b0,4,1,-0.4479249317374912,0.28372275829315186,0.2676542103290558,0.2676542103290558,0.9333333333333333,1.0,0,0
529,t2_b0,9,3,-0.01715580095447553,0.13216367363929749,0.011148151941597462,0.011148151941597462,0.1,1.0,0,0
529,t2_b0,15,16,-0.004651888955679846,0.19616499543190002,0.02016371116042137,0.02016371116042137,0.925,1.0,0,0
530,t2_b0,5,8,-0.03223095513999538,0.23969532549381256,0.03697195276618004,0.03697195276618004,1.0,1.0,0,0
530,t2_b0,17,13,-0.04779412114492896,0.19654572010040283,0.029850978404283524,0.029850978404283524,0.03333333333333333,1.0,0,0
531,t2_b0,7,12,0.9804377342707389,0.1366671919822693,0.35597437620162964,0.35597437620162964,1.0,1.0,0,0
531,t2_b0,15,1,0.7588253729263543,0.040465421974658966,0.2580205202102661,0.2580205202102661,0.03333333333333333,1.0,0,0
531,t2_b0,18,5,0.9668648783717154,-0.12416036427021027,0.5910252332687378,0.5910252332687378,0.5,1.0,0,0
533,t2_b0,18,8,0.09171146702868031,0.22662822902202606,0.009101265110075474,0.009101265110075474,0.8671875,1.0,0,0
534,t2_b0,4,12,0.9754787380529146,-0.12446792423725128,0.5999466180801392,0.5999466180801392,0.5,1.0,0,0
534,t2_b0,13,11,0.10822795414832036,0.056088775396347046,0.0013592469040304422,0.0013592469040304422,0.03333333333333333,1.0,0,0
534,t2_b0,1,15,-0.016257059063635462,0.026580199599266052,0.0009175153682008386,0.0009175153682008386,0.05,1.0,0,0
535,t2_b0,11,13,0.009315078625780597,-0.006459921598434448,0.00012442532170098275,0.00012442532170098275,0.9500000000000001,1.0,0,0
535,t2_b0,8,19,0.0,-0.038060467690229416,0.0007242995779961348,0.0007242995779961348,0.03671875,1.0,0,0
536,t2_b0,12,4,0.10914660249276527,0.05006260424852371,0.0017454593908041716,0.0017454593908041716,0.9333333333333333,1.0,0,0
536,t2_b0,3,9,-0.3551532138154116,0.30810126662254333,0.2199532687664032,0.2199532687664032,0.9500000000000001,1.0,0,0
537,t2_b0,7,12,-0.5120957181350306,0.18852905929088593,0.24543753266334534,0.24543753266334534,0.05,1.0,0,0
537,t2_b0,19,5,0.8991765184709088,0.004677899181842804,0.4000639021396637,0.4000639021396637,0.0484375,1.0,0,0
538,t2_b0,12,4,0.008295237967976364,0.030232273042201996,0.0002406167477602139,0.0002406167477602139,0.03333333333333333,1.0,0,0
538,t2_b0,14,17,-0.17540645053030876,0.15098199248313904,0.05326471105217934,0.05326471105217934,0.05,1.0,0,0
539,t2_b0,2,15,-0.5001907453902322,0.26477286219596863,0.29258468747138977,0.29258468747138977,0.9500000000000001,1.0,0,0
539,t2_b0,3,9,0.0527581649009783,0.2984553575515747,0.03018355742096901,0.03018355742096901,0.9500000000000001,1.0,0,0
539,t2_b0,4,12,-0.5257864127265168,0.5394238829612732,0.5652103424072266,0.5652103424072266,0.925390625,1.0,0,0
540,t2_b0,6,13,-0.19768508453320052,0.117271289229393,0.049598757177591324,0.049598757177591324,0.9500000000000001,1.0,0,0
540,t2_b0,15,2,0.08238550480903084,0.061517924070358276,0.00021772792388219386,0.00021772792388219386,0.03333333333333333,1.0,0,0
541,t2_b0,10,9,-0.8550227238222615,0.332708477973938,0.6877312660217285,0.6877312660217285,0.9500000000000001,1.0,0,0
541,t2_b0,17,12,-0.32052728573752515,0.1303810030221939,0.1016591489315033,0.1016591489315033,0.9500000000000001,1.0,0,0
542,t2_b0,16,15,-0.3530266474711662,0.28995445370674133,0.20671235024929047,0.20671235024929047,0.9500000000000001,1.0,0,0
543,t2_b0,9,10,0.06276854958227303,0.024012841284275055,0.0007510024006478488,0.0007510024006478488,0.9500000000000001,1.0,0,0
543,t2_b0,14,4,-0.249966787623662,0.11949801445007324,0.06825212389230728,0.06825212389230728,0.025,1.0,0,0
544,t2_b0,9,10,-0.0009760162135624722,0.017774388194084167,0.0001757888385327533,0.0001757888385327533,0.05,1.0,0,0
545,t2_b0,10,9,-0.3773792524609165,0.3162654638290405,0.24057148396968842,0.24057148396968842,0.9500000000000001,1.0,0,0
545,t2_b0,11,6,0.0,0.03855319321155548,0.0007431743433699012,0.0007431743433699012,0.92,1.0,0,0
545,t2_b0,1,16,-0.0037134328240690114,0.04955708980560303,0.0014188742497935891,0.0014188742497935891,0.03333333333333333,1.0,0,0
545,t2_b0,19,13,0.015338620345369185,0.16576328873634338,0.011313791386783123,0.011313791386783123,0.059765625,1.0,0,0
546,t2_b0,8,5,0.0,0.15788812935352325,0.012464330531656742,0.012464330531656742,0.03333333333333333,1.0,0,0
547,t2_b0,13,19,0.07260813028111211,0.016543909907341003,0.0015715982299298048,0.0015715982299298048,1.0,1.0,0,0
547,t2_b0,17,7,-0.018813247440642753,0.06840119510889053,0.0038031793665140867,0.0038031793665140867,0.05,1.0,0,0
547,t2_b0,1,2,0.47285695207812806,0.03911880403757095,0.0940643846988678,0.0940643846988678,0.03333333333333333,1.0,0,0
548,t2_b0,11,6,-0.021390119037633836,-0.04378337413072586,0.0002507289173081517,0.0002507289173081517,0.02,1.0,0,0
548,t2_b0,2,1,-0.11431781718462801,0.23072639107704163,0.059527747333049774,0.059527747333049774,0.9333333333333333,1.0,0,0
548,t2_b0,7,4,0.11271031491852544,0.13557842373847961,0.000261475273873657,0.000261475273873657,0.05,1.0,0,0
549,t2_b0,5,6,0.5948288937692261,0.16909319162368774,0.09062545001506805,0.09062545001506805,0.925,1.0,0,0
549,t2_b0,3,19,-0.1405002568068337,0.1607460379600525,0.045374661684036255,0.045374661684036255,0.025,1.0,0,0
550,t2_b0,14,2,0.9593358152356525,0.15046221017837524,0.3271382451057434,0.3271382451057434,0.8687499999999999,1.0,0,0
550,t2_b0,12,0,-0.5902225731310876,0.24864766001701355,0.3518516719341278,0.3518516719341278,0.925,1.0,0,0
550,t2_b0,18,5,-0.11470827311413075,0.20821070671081543,0.05213833600282669,0.05213833600282669,0.02,1.0,0,0
550,t2_b0,6,11,0.20214662674484782,0.08929136395454407,0.006368154194205999,0.006368154194205999,0.925,1.0,0,0
551,t2_b0,16,0,-0.11159739320968211,0.2654346823692322,0.07107659429311752,0.07107659429311752,0.925,1.0,0,0
551,t2_b0,13,17,0.062199444375659226,-0.0019441992044448853,0.002057203557342291,0.002057203557342291,1.0,1.0,0,0
552,t2_b0,15,0,0.9914514460252964,0.27814459800720215,0.25440332293510437,0.25440332293510437,0.8687499999999999,1.0,0,0
552,t2_b0,17,3,0.9943223990156043,0.1527790129184723,0.3540976643562317,0.3540976643562317,1.0,1.0,0,0
553,t2_b0,7,6,0.12222992284737055,0.1630743145942688,0.0008341320208273828,0.0008341320208273828,0.025,1.0,0,0
554,t2_b0,9,2,0.0,0.14783218502998352,0.010927177034318447,0.010927177034318447,1.0,1.0,0,0
554,t2_b0,0,12,0.001207056922424019,0.12872731685638428,0.008130708709359169,0.008130708709359169,0.925,1.0,0,0
555,t2_b0,8,5,0.5886197727301875,0.16173093020915985,0.09111703187227249,0.09111703187227249,1.0,1.0,0,0
556,t2_b0,0,16,0.43742368948515836,-0.02800629287958145,0.10831252485513687,0.10831252485513687,1.0,1.0,0,0
556,t2_b0,5,18,0.3138056164759699,0.14681082963943481,0.013943628408014774,0.013943628408014774,0.1,1.0,0,0
557,t2_b0,2,9,-0.009989488929272462,0.07691784203052521,0.0037764417938888073,0.0037764417938888073,1.0,1.0,0,0
558,t2_b0,9,2,0.9464947252524045,0.02657211571931839,0.42312878370285034,0.42312878370285034,0.17421875,1.0,0,0
558,t2_b0,8,18,0.9275744256168366,-0.125444233417511,0.5530185699462891,0.5530185699462891,1.0,1.0,0,0
558,t2_b0,4,12,0.023426686961048004,0.1376781165599823,0.006526694167405367,0.006526694167405367,0.9166666666666667,1.0,0,0
558,t2_b0,13,19,0.9966374516434747,0.12520241737365723,0.3796995282173157,0.3796995282173157,0.9,1.0,0,0
558,t2_b0,6,3,-0.03328644368452551,0.0354217067360878,0.002360404934734106,0.002360404934734106,0.03333333333333333,1.0,0,0
560,t2_b0,18,8,0.00010106955699636608,0.12220871448516846,0.007455138955265284,0.007455138955265284,0.1,1.0,0,0
560,t2_b0,19,13,-0.011396985887762544,0.14818018674850464,0.012732437811791897,0.012732437811791897,0.03333333333333333,1.0,0,0
560,t2_b0,11,7,0.1528173865088128,-0.009325414896011353,0.013145143166184425,0.013145143166184425,0.9500000000000001,1.0,0,0
561,t2_b0,10,16,-0.174934630108361,0.1638617217540741,0.05739148333668709,0.05739148333668709,0.02,1.0,0,0
562,t2_b0,6,7,0.17497463160268845,0.11303725838661194,0.001918119378387928,0.001918119378387928,0.9500000000000001,1.0,0,0
562,t2_b0,15,4,-0.11618741468932779,0.11183635145425797,0.02599741891026497,0.02599741891026497,0.025,1.0,0,0
563,t2_b0,3,7,0.04486414677165188,0.08359227329492569,0.0007499338244087994,0.0007499338244087994,0.1,1.0,0,0
563,t2_b0,4,15,0.11114652155204376,0.08297289162874222,0.00039687679964117706,0.00039687679964117706,0.02,1.0,0,0
564,t2_b0,9,2,0.0,0.10494355112314224,0.005506574641913176,0.005506574641913176,1.0,1.0,0,0
565,t2_b0,11,3,0.9908814693804918,0.11649025976657867,0.38227999210357666,0.38227999210357666,1.0,1.0,0,0
565,t2_b0,17,8,-0.0377292481125989,0.11767370253801346,0.012075039558112621,0.012075039558112621,1.0,1.0,0,0
566,t2_b0,12,13,0.062176219484464876,0.11922671645879745,0.0016273795627057552,0.0016273795627057552,0.925,1.0,0,0
566,t2_b0,11,3,-0.23724354515926896,0.26566365361213684,0.1264578402042389,0.1264578402042389,1.0,1.0,0,0
567,t2_b0,6,11,0.9257122184729869,-0.12550866603851318,0.5512208938598633,0.5512208938598633,1.0,1.0,0,0
568,t2_b0,14,5,-0.0834487116261025,0.1746724247932434,0.03331325948238373,0.03331325948238373,0.9166666666666667,1.0,0,0
569,t2_b0,4,1,-0.5040847238428251,0.12386403977870941,0.19715982675552368,0.19715982675552368,0.016666666666666666,1.0,0,0
569,t2_b0,5,12,-0.002292037743430383,0.10334847867488861,0.005579959135502577,0.005579959135502577,0.9166666666666667,1.0,0,0
570,t2_b0,16,10,0.0579535230905938,0.10169018059968948,0.0009564476786181331,0.0009564476786181331,0.92,1.0,0,0
570,t2_b0,2,3,0.31510507198253496,0.2310020625591278,0.003536658827215433,0.003536658827215433,0.9500000000000001,1.0,0,0
571,t2_b0,7,18,0.04082477778084491,0.10226095467805862,0.0018872019136324525,0.0018872019136324525,1.0,1.0,0,0
571,t2_b0,6,3,0.04066560332894221,1.129180669784546,0.588515043258667,0.588515043258667,1.0,1.0,0,0
572,t2_b0,8,10,-0.3287046795809187,0.1444966346025467,0.11195974797010422,0.11195974797010422,1.0,1.0,0,0
572,t2_b0,18,7,0.6963424646024899,0.1702757179737091,0.13837312161922455,0.13837312161922455,1.0,1.0,0,0
572,t2_b0,5,1,0.04015908716003873,0.23235008120536804,0.018468689173460007,0.018468689173460007,0.9142857142857143,1.0,0,0
573,t2_b0,14,1,0.03286980541887147,0.23398326337337494,0.020223312079906464,0.020223312079906464,0.9142857142857143,1.0,0,0
573,t2_b0,18,7,0.3749302936941346,0.2005561739206314,0.015203166753053665,0.015203166753053665,1.0,1.0,0,0
573,t2_b0,12,0,-0.026701824914277573,0.2315923273563385,0.03335793688893318,0.03335793688893318,0.9166666666666667,1.0,0,0
573,t2_b0,8,10,-0.28098656453279236,0.0829005166888237,0.0662069097161293,0.0662069097161293,0.1,1.0,0,0
574,t2_b0,16,1,-0.19259962049335336,0.21949808299541473,0.0849122554063797,0.0849122554063797,0.9166666666666667,1.0,0,0
574,t2_b0,10,14,-0.01629994033409062,0.11696095019578934,0.008879232220351696,0.008879232220351696,0.92,1.0,0,0
574,t2_b0,13,15,0.27586533053319534,0.12305102497339249,0.011676104739308357,0.011676104739308357,0.0125,1.0,0,0
574,t2_b0,7,18,0.062301103504037295,0.07193423807621002,4.6398647100431845e-05,4.6398647100431845e-05,0.1,1.0,0,0
574,t2_b0,0,12,-0.025951624083746648,0.12186471372842789,0.010924833826720715,0.010924833826720715,1.0,1.0,0,0
575,t2_b0,1,14,0.0,0.12352848052978516,0.007629642728716135,0.007629642728716135,0.9142857142857143,1.0,0,0
575,t2_b0,17,3,0.7269103853552262,-0.12511691451072693,0.36297526955604553,0.36297526955604553,0.5,1.0,0,0
577,t2_b0,2,3,0.06998973329139929,0.3037383258342743,0.027319200336933136,0.027319200336933136,0.925,1.0,0,0
578,t2_b0,12,0,0.11355300518700753,0.20688727498054504,0.004355643410235643,0.004355643410235643,0.9166666666666667,1.0,0,0
578,t2_b0,13,14,0.0,0.10124438256025314,0.005125212483108044,0.005125212483108044,0.0125,1.0,0,0
578,t2_b0,9,3,-0.19443688687617317,0.16881215572357178,0.06597494333982468,0.06597494333982468,0.03333333333333333,1.0,0,0
579,t2_b0,15,12,-0.11974596763420804,0.20754773914813995,0.05356058105826378,0.05356058105826378,0.9125,1.0,0,0
580,t2_b0,5,12,-0.14947764995881926,0.18023145198822021,0.054354049265384674,0.054354049265384674,0.9142857142857143,1.0,0,0
580,t2_b0,10,15,-0.06399592490647457,0.12752105295658112,0.018339376896619797,0.018339376896619797,0.02,1.0,0,0
580,t2_b0,14,1,0.0631237906594793,0.1668812334537506,0.00538280326873064,0.00538280326873064,0.014285714285714287,1.0,0,0
580,t2_b0,19,0,0.8776782792851189,0.22041016817092896,0.21600067615509033,0.21600067615509033,0.8687499999999999,1.0,0,0
581,t2_b0,15,12,0.1361132782182755,0.2946866452693939,0.0125727578997612,0.0125727578997612,0.9125,1.0,0,0
582,t2_b0,16,14,0.13120540400029668,0.05755367875099182,0.002712288638576865,0.002712288638576865,0.016666666666666666,1.0,0,0
583,t2_b0,17,10,0.3062237449885419,-0.0006559193134307861,0.04708756506443024,0.04708756506443024,0.14765625000000002,1.0,0,0
584,t2_b0,7,18,-0.03225683512936876,0.07739291340112686,0.006011533550918102,0.006011533550918102,0.1,1.0,0,0
584,t2_b0,0,12,-0.02241645704005535,0.09335214644670486,0.006701184902340174,0.006701184902340174,1.0,1.0,0,0
584,t2_b0,9,3,-0.09995013024557475,0.23858493566513062,0.05730299651622772,0.05730299651622772,0.9333333333333333,1.0,0,0
585,t2_b0,11,7,0.8366477289350691,0.1383262425661087,0.2438264787197113,0.2438264787197113,1.0,1.0,0,0
585,t2_b0,1,12,-0.053216756979231006,0.12050385773181915,0.015089425258338451,0.015089425258338451,0.9125,1.0,0,0
586,t2_b0,19,1,-0.000814252715496256,0.12574011087417603,0.008008004166185856,0.008008004166185856,0.014285714285714287,1.0,0,0
586,t2_b0,11,7,0.04525024890335062,0.35334014892578125,0.04745969548821449,0.04745969548821449,1.0,1.0,0,0
587,t2_b0,0,12,-0.08449003837303105,-0.08155327290296555,4.3122959141328465e-06,4.3122959141328465e-06,0.05,1.0,0,0
587,t2_b0,2,18,0.0,0.08439847826957703,0.003561551682651043,0.003561551682651043,0.025,1.0,0,0
587,t2_b0,3,6,-0.017195702293484057,0.06035870313644409,0.003007342806085944,0.003007342806085944,0.9333333333333333,1.0,0,0
588,t2_b0,6,2,-0.22609296065491752,0.15929073095321655,0.07426029443740845,0.07426029443740845,0.03333333333333333,1.0,0,0
588,t2_b0,10,17,-0.018660811192146163,0.12355300784111023,0.010112385265529156,0.010112385265529156,0.025,1.0,0,0
588,t2_b0,4,0,-0.004557270890662215,0.19515198469161987,0.019941892474889755,0.019941892474889755,0.9142857142857143,1.0,0,0
588,t2_b0,13,1,-0.48190605417253135,0.17612265050411224,0.2165008932352066,0.2165008932352066,0.9142857142857143,1.0,0,0
589,t2_b0,14,16,-0.008882582815916713,0.0759720727801323,0.003600156167522073,0.003600156167522073,0.0125,1.0,0,0
589,t2_b0,12,0,0.0,0.2254144251346588,0.02540583163499832,0.02540583163499832,0.925,1.0,0,0
589,t2_b0,18,2,-0.13834924343792326,0.1761614829301834,0.04945849999785423,0.04945849999785423,0.05,1.0,0,0
590,t2_b0,4,0,-0.07998019677315146,0.2060125470161438,0.04089592397212982,0.04089592397212982,0.92,1.0,0,0
591,t2_b0,5,0,-0.06456538121723965,0.24824956059455872,0.048926595598459244,0.048926595598459244,0.92,1.0,0,0
591,t2_b0,3,9,0.15761529387705142,0.08071137964725494,0.0029571056365966797,0.0029571056365966797,0.03333333333333333,1.0,0,0
592,t2_b0,8,1,-0.5872668889300937,0.12548628449440002,0.25400853157043457,0.25400853157043457,0.92,1.0,0,0
593,t2_b0,15,1,-0.14693170460085334,0.23285731673240662,0.07211985439062119,0.07211985439062119,0.9166666666666667,1.0,0,0
593,t2_b0,16,14,0.07278564355454827,0.021952390670776367,0.001292009954340756,0.001292009954340756,0.9500000000000001,1.0,0,0
594,t2_b0,9,3,-0.07923882490201523,0.2562555968761444,0.056278254836797714,0.056278254836797714,0.9333333333333333,1.0,0,0
595,t2_b0,19,1,-0.07354877152080998,0.08883872628211975,0.013184848241508007,0.013184848241508007,0.05,1.0,0,0
595,t2_b0,8,0,-0.18713672206935406,0.17687752842903137,0.0662531927227974,0.0662531927227974,0.9333333333333333,1.0,0,0
596,t2_b0,18,9,0.03226240442181054,0.19287633895874023,0.012898419052362442,0.012898419052362442,1.0,1.0,0,0
596,t2_b0,4,13,0.9650391362075612,-0.1252271682024002,0.5902663469314575,0.5902663469314575,1.0,1.0,0,0
597,t2_b0,11,12,-0.05488451939040339,0.1266116201877594,0.016470424830913544,0.016470424830913544,0.05,1.0,0,0
597,t2_b0,7,9,0.9653239214336845,0.2864987254142761,0.23040182888507843,0.23040182888507843,0.9125,1.0,0,0
598,t2_b0,17,15,0.0015562136253849492,0.15027353167533875,0.011058419942855835,0.011058419942855835,0.025,1.0,0,0
598,t2_b0,2,7,0.019805060944979067,0.12173855304718018,0.005195218604058027,0.005195218604058027,0.05,1.0,0,0
598,t2_b0,6,11,0.030953756552832137,0.13763025403022766,0.005689937621355057,0.005689937621355057,1.0,1.0,0,0
599,t2_b0,4,8,-0.2306139877185183,0.1910136342048645,0.08888493478298187,0.08888493478298187,0.925390625,1.0,0,0
599,t2_b0,10,1,0.8739517397109045,0.10914874821901321,0.2924618124961853,0.2924618124961853,0.8666666666666667,1.0,0,0
600,t2_b0,15,3,0.049100872117798774,0.18304072320461273,0.008969941176474094,0.008969941176474094,0.9333333333333333,1.0,0,0
602,t2_b0,17,0,-0.1876981468010356,0.2560642659664154,0.0984625443816185,0.0984625443816185,0.9333333333333333,1.0,0,0
602,t2_b0,3,1,0.014064587979581883,-0.19909340143203735,0.022718163207173347,0.022718163207173347,1.0,1.0,0,0
602,t2_b0,12,11,0.0,0.09141948819160461,0.004178761504590511,0.004178761504590511,0.1,1.0,0,0
602,t2_b0,14,15,0.05337674423062589,0.16521115601062775,0.006253467407077551,0.006253467407077551,0.03333333333333333,1.0,0,0
602,t2_b0,5,6,0.9674585135098935,0.13797742128372192,0.34401941299438477,0.34401941299438477,0.2,1.0,0,0
604,t2_b0,0,10,0.07819418883202782,0.007283076643943787,0.002514192834496498,0.002514192834496498,0.9500000000000001,1.0,0,0
604,t2_b0,6,5,0.042092726125574624,0.118833988904953,0.0029446107801049948,0.0029446107801049948,0.1,1.0,0,0
605,t2_b0,1,15,-0.009225987758927917,0.07709135860204697,0.0037253419868648052,0.0037253419868648052,0.9500000000000001,1.0,0,0
605,t2_b0,8,13,-0.031716605378872095,0.10825138539075851,0.009795519523322582,0.009795519523322582,0.1,1.0,0,0
606,t2_b0,11,7,0.008418132545533646,0.1446659117937088,0.009281729348003864,0.009281729348003864,0.03333333333333333,1.0,0,0
606,t2_b0,3,9,0.16545001019117977,-0.12528178095817566,0.0422624871134758,0.0422624871134758,1.0,1.0,0,0
607,t2_b0,13,8,-0.004473834628856072,0.08124126493930817,0.003673539264127612,0.003673539264127612,1.0,1.0,0,0
607,t2_b0,16,4,0.9753486505317353,0.09364128857851028,0.38870394229888916,0.38870394229888916,1.0,1.0,0,0
608,t2_b0,19,5,0.9715949160027948,0.2864121198654175,0.23473773896694183,0.23473773896694183,1.0,1.0,0,0
608,t2_b0,1,15,0.015005446810462161,0.052617281675338745,0.0007073250599205494,0.0007073250599205494,0.05,1.0,0,0
609,t2_b0,14,15,0.1607708820529699,0.17939487099647522,0.00017342655337415636,0.00017342655337415636,0.9500000000000001,1.0,0,0
609,t2_b0,9,12,0.8936801412439719,0.17822986841201782,0.25593456625938416,0.25593456625938416,0.833984375,1.0,0,0
609,t2_b0,10,17,0.004266978226650303,0.10159002244472504,0.004735887516289949,0.004735887516289949,0.05,1.0,0,0
610,t2_b0,7,11,-0.0924870767917337,0.13799461722373962,0.02656090259552002,0.02656090259552002,0.025,1.0,0,0
610,t2_b0,12,9,0.007530321048005688,0.1929512917995453,0.017190469428896904,0.017190469428896904,0.92,1.0,0,0
611,t2_b0,2,18,0.47513571327582993,-0.125557541847229,0.18041618168354034,0.18041618168354034,1.0,1.0,0,0
612,t2_b0,18,2,0.4356703751945266,0.13801215589046478,0.044300202280282974,0.044300202280282974,1.0,1.0,0,0
614,t2_b0,0,10,0.06765150084086585,0.0369560644030571,0.0004711049550678581,0.0004711049550678581,0.9500000000000001,1.0,0,0
614,t2_b0,8,11,-0.004453248436642572,0.09864777326583862,0.005314910318702459,0.005314910318702459,0.03333333333333333,1.0,0,0
614,t2_b0,3,5,0.6954377573793201,0.1496228277683258,0.14895693957805634,0.14895693957805634,0.9171874999999999,1.0,0,0
614,t2_b0,18,2,-0.030491369435682442,0.515975832939148,0.14931319653987885,0.14931319653987885,1.0,1.0,0,0
615,t2_b0,6,19,0.3226626936859695,0.256034255027771,0.0022196737118065357,0.0022196737118065357,1.0,1.0,0,0
615,t2_b0,16,4,0.30707733718771857,0.07977453619241714,0.025833286345005035,0.025833286345005035,0.1,1.0,0,0
615,t2_b0,9,7,-0.019143561736029806,0.10880190134048462,0.008185021579265594,0.008185021579265594,0.05,1.0,0,0
615,t2_b0,13,1,0.9039564262973896,-0.10649781674146652,0.5104541778564453,0.5104541778564453,0.3333333333333333,1.0,0,0
616,t2_b0,19,5,0.0,0.12782585620880127,0.008169724605977535,0.008169724605977535,0.9500000000000001,1.0,0,0
616,t2_b0,1,15,0.11897937486479473,0.0035310015082359314,0.006664162967354059,0.006664162967354059,0.03333333333333333,1.0,0,0
618,t2_b0,3,14,0.20480977431860087,0.13424625992774963,0.0024896045215427876,0.0024896045215427876,0.9156249999999999,1.0,0,0
618,t2_b0,4,16,0.009315402375956124,0.13037192821502686,0.007327341474592686,0.007327341474592686,0.9500000000000001,1.0,0,0
618,t2_b0,13,0,-0.34096148492328865,0.2650037705898285,0.18359693884849548,0.18359693884849548,0.9005208333333334,1.0,0,0
619,t2_b0,12,8,0.026640606117341252,0.014388561248779297,7.505631219828501e-05,7.505631219828501e-05,0.05,1.0,0,0
619,t2_b0,0,13,0.041540861176899674,0.1959657222032547,0.01192351896315813,0.01192351896315813,0.9500000000000001,1.0,0,0
619,t2_b0,15,14,-0.052625543665714015,0.10581846535205841,0.012552252970635891,0.012552252970635891,0.9333333333333333,1.0,0,0
619,t2_b0,5,19,-0.10912338520539283,0.13359740376472473,0.029456689953804016,0.029456689953804016,0.9333333333333333,1.0,0,0
620,t2_b0,4,7,0.10324044491491996,0.12542638182640076,0.0002461078984197229,0.0002461078984197229,0.05,1.0,0,0
620,t2_b0,17,13,0.01723913856003063,0.11694695055484772,0.004970823880285025,0.004970823880285025,0.05,1.0,0,0
621,t2_b0,6,19,-0.20691382082661303,0.13830074667930603,0.0595865398645401,0.0595865398645401,0.9500000000000001,1.0,0,0
621,t2_b0,2,18,0.0,0.15524408221244812,0.012050362303853035,0.012050362303853035,0.9182291666666667,1.0,0,0
621,t2_b0,7,4,-0.15208881018053688,0.12620842456817627,0.03872467949986458,0.03872467949986458,0.9500000000000001,1.0,0,0
621,t2_b0,15,3,-0.07117403745113211,0.06371615082025528,0.009097683243453503,0.009097683243453503,0.03333333333333333,1.0,0,0
622,t2_b0,14,1,0.05789583074039004,-0.023877717554569244,0.003343456657603383,0.003343456657603383,0.025,1.0,0,0
623,t2_b0,18,2,0.07887582234493318,0.16821017861366272,0.00399031350389123,0.00399031350389123,1.0,1.0,0,0
624,t2_b0,8,11,-0.013705549367076105,0.09680238366127014,0.006106001790612936,0.006106001790612936,0.05,1.0,0,0
624,t2_b0,10,17,-0.08197856555367597,0.1158965453505516,0.019577279686927795,0.019577279686927795,0.9333333333333333,1.0,0,0
624,t2_b0,16,4,-0.013526206247393497,0.13379500806331635,0.010851769708096981,0.010851769708096981,1.0,1.0,0,0
625,t2_b0,19,5,0.3743610297148942,0.1592857837677002,0.023128682747483253,0.023128682747483253,0.9500000000000001,1.0,0,0
625,t2_b0,11,12,-0.048566647337695876,0.133122980594635,0.016505559906363487,0.016505559906363487,0.9333333333333333,1.0,0,0
626,t2_b0,10,0,0.44903399669852295,0.21288573741912842,0.027883002534508705,0.027883002534508705,0.9333333333333333,1.0,0,0
626,t2_b0,5,11,-0.2387461928711988,0.13151313364505768,0.06854598969221115,0.06854598969221115,0.03333333333333333,1.0,0,0
627,t2_b0,17,13,0.1374355310300784,0.17193703353405,0.0005951769999228418,0.0005951769999228418,0.05,1.0,0,0
627,t2_b0,2,14,0.6025587580006605,0.14022886753082275,0.10687445104122162,0.10687445104122162,0.9500000000000001,1.0,0,0
628,t2_b0,13,0,-0.27518974675423924,0.1158781424164772,0.07646704465150833,0.07646704465150833,0.03333333333333333,1.0,0,0
628,t2_b0,12,8,-0.0032030784501140283,-0.016410961747169495,8.722409256733954e-05,8.722409256733954e-05,0.05,1.0,0,0
628,t2_b0,11,5,0.11907719711568766,0.13158628344535828,7.823860505595803e-05,7.823860505595803e-05,0.025,1.0,0,0
629,t2_b0,3,11,0.9762001138104753,0.12749063968658447,0.3601538836956024,0.3601538836956024,0.06666666666666667,1.0,0,0
629,t2_b0,9,7,-0.37172738034495484,0.13804775476455688,0.1299353539943695,0.1299353539943695,0.1,1.0,0,0
629,t2_b0,0,10,0.03628255767998545,0.10999352484941483,0.002716653048992157,0.002716653048992157,0.05,1.0,0,0
631,t2_b0,7,16,-0.08792373749998042,0.09635856002569199,0.01697998307645321,0.01697998307645321,0.9333333333333333,1.0,0,0
632,t2_b0,15,14,0.058421424630047625,0.16094741225242615,0.005255789030343294,0.005255789030343294,0.9333333333333333,1.0,0,0
633,t2_b0,7,9,0.4114957911160022,0.15070012211799622,0.03400719538331032,0.03400719538331032,0.03333333333333333,1.0,0,0
633,t2_b0,14,15,0.029857857498407782,0.09697243571281433,0.0022521831560879946,0.0022521831560879946,0.025,1.0,0,0
634,t2_b0,8,12,0.026495536547189596,0.19576498866081238,0.014326074160635471,0.014326074160635471,0.925,1.0,0,0
634,t2_b0,18,14,0.6170996801001063,0.12662607431411743,0.12028218805789948,0.12028218805789948,0.03333333333333333,1.0,0,0
635,t2_b0,10,0,-0.2097846801097476,0.22715789079666138,0.09545940905809402,0.09545940905809402,0.9500000000000001,1.0,0,0
635,t2_b0,5,12,-0.04409066159942296,0.20678144693374634,0.031468406319618225,0.031468406319618225,0.9166666666666667,1.0,0,0
635,t2_b0,1,15,-0.04162987762870036,0.06422193348407745,0.005602303426712751,0.005602303426712751,0.9333333333333333,1.0,0,0
636,t2_b0,0,10,0.20561537886394307,0.1996009647846222,1.80865445145173e-05,1.80865445145173e-05,0.9500000000000001,1.0,0,0
636,t2_b0,6,5,-0.3035438360314562,0.1285085678100586,0.0933346375823021,0.0933346375823021,0.025,1.0,0,0
637,t2_b0,17,13,0.003561966533567031,0.1689702868461609,0.013679955154657364,0.013679955154657364,1.0,1.0,0,0
637,t2_b0,11,3,0.001243081110664614,0.031223148107528687,0.0004494021995924413,0.0004494021995924413,1.0,1.0,0,0
638,t2_b0,12,3,0.0,-0.014450699090957642,0.00010441135236760601,0.00010441135236760601,0.02,1.0,0,0
638,t2_b0,4,16,0.0,0.12546759843826294,0.007871058769524097,0.007871058769524097,0.9500000000000001,1.0,0,0
638,t2_b0,2,10,0.3061833613246944,0.13300146162509918,0.014995986595749855,0.014995986595749855,0.05,1.0,0,0
638,t2_b0,1,18,0.0,-0.13236258924007416,0.008759927935898304,0.008759927935898304,0.05,1.0,0,0
639,t2_b0,9,16,-0.12108775022379986,0.13318884372711182,0.032328296452760696,0.032328296452760696,0.9500000000000001,1.0,0,0
640,t2_b0,11,17,0.0,-0.12578372657299042,0.007910773158073425,0.007910773158073425,1.0,1.0,0,0
640,t2_b0,14,13,0.9956684978331606,0.15980005264282227,0.34933799505233765,0.34933799505233765,1.0,1.0,0,0
640,t2_b0,16,4,0.30755838200668667,0.11838968843221664,0.017892396077513695,0.017892396077513695,1.0,1.0,0,0
640,t2_b0,19,8,-0.07283328213064413,0.1254880726337433,0.019665680825710297,0.019665680825710297,0.02,1.0,0,0
641,t2_b0,17,11,0.13442608147608928,0.07116327434778214,0.0020010918378829956,0.0020010918378829956,1.0,1.0,0,0
641,t2_b0,18,19,0.9844000038074551,0.1194961741566658,0.3740293085575104,0.3740293085575104,0.8500000000000001,1.0,0,0
642,t2_b0,13,15,0.0,0.1605607271194458,0.01288987323641777,0.01288987323641777,0.1,1.0,0,0
642,t2_b0,9,2,0.9345861777239476,0.18542402982711792,0.2806219458580017,0.2806219458580017,1.0,1.0,0,0
643,t2_b0,18,19,0.3569156159889491,0.2196132391691208,0.00942597258836031,0.00942597258836031,0.8880859375000001,1.0,0,0
643,t2_b0,15,13,0.9737785295056679,0.18859955668449402,0.30825304985046387,0.30825304985046387,1.0,1.0,0,0
644,t2_b0,17,11,0.0,0.07932965457439423,0.0031465969514101744,0.0031465969514101744,1.0,1.0,0,0
644,t2_b0,3,6,-0.009735614424347196,0.20805533230304718,0.02371644787490368,0.02371644787490368,0.925,1.0,0,0
646,t2_b0,5,19,0.08927287566561645,0.15803416073322296,0.002364056883379817,0.002364056883379817,0.9500000000000001,1.0,0,0
646,t2_b0,8,12,-0.0653559204625914,0.1230948269367218,0.01775684393942356,0.01775684393942356,1.0,1.0,0,0
646,t2_b0,11,17,0.0,0.040577568113803864,0.0008232695399783552,0.0008232695399783552,1.0,1.0,0,0
647,t2_b0,19,6,0.032051455608825156,0.2008676528930664,0.014249453321099281,0.014249453321099281,0.9500000000000001,1.0,0,0
648,t2_b0,4,16,0.1118358171172675,0.08925490081310272,0.0002549488563090563,0.0002549488563090563,0.9500000000000001,1.0,0,0
648,t2_b0,6,3,0.15433952729829267,0.11822524666786194,0.0006521204486489296,0.0006521204486489296,0.9500000000000001,1.0,0,0
649,t2_b0,9,2,0.0,0.15500222146511078,0.01201284397393465,0.01201284397393465,0.06875,1.0,0,0
649,t2_b0,3,19,0.2765077592375484,0.13658133149147034,0.009789703413844109,0.009789703413844109,0.9500000000000001,1.0,0,0
649,t2_b0,7,10,0.0,-0.12595932185649872,0.0079328753054142,0.0079328753054142,1.0,1.0,0,0
650,t2_b0,16,4,0.2507513619605796,0.15830975770950317,0.004272726364433765,0.004272726364433765,0.9333333333333333,1.0,0,0
650,t2_b0,10,7,0.5047323176324503,0.07123568654060364,0.09395965933799744,0.09395965933799744,1.0,1.0,0,0
650,t2_b0,12,15,0.910989885231964,0.20197638869285583,0.2513500452041626,0.2513500452041626,1.0,1.0,0,0
651,t2_b0,15,4,0.0808617616979925,0.1658107042312622,0.00360816135071218,0.00360816135071218,0.90125,1.0,0,0
652,t2_b0,17,14,0.6729482280528766,0.09556452929973602,0.16668596863746643,0.16668596863746643,1.0,1.0,0,0
652,t2_b0,19,13,0.7657622854025029,-0.12514202296733856,0.3968552350997925,0.3968552350997925,1.0,1.0,0,0
653,t2_b0,14,17,0.04617605770252992,0.14340057969093323,0.004726303741335869,0.004726303741335869,0.9500000000000001,1.0,0,0
653,t2_b0,2,9,0.901223083667564,0.14613735675811768,0.28507721424102783,0.28507721424102783,0.0279296875,1.0,0,0
654,t2_b0,4,9,-0.02528245109485695,0.06786089390516281,0.0043378411792218685,0.0043378411792218685,0.02,1.0,0,0
654,t2_b0,13,18,0.5764153807065032,0.3799135684967041,0.019306477159261703,0.019306477159261703,0.900390625,1.0,0,0
654,t2_b0,7,10,0.3989544156479409,0.22333520650863647,0.01542105432599783,0.01542105432599783,1.0,1.0,0,0
655,t2_b0,6,14,-0.1785653757082136,0.21124443411827087,0.07597585022449493,0.07597585022449493,1.0,1.0,0,0
655,t2_b0,19,13,0.665317400256945,0.7429219484329224,0.0030112317763268948,0.0030112317763268948,1.0,1.0,0,0
656,t2_b0,5,13,0.7929798066158379,-0.12586401402950287,0.42213696241378784,0.42213696241378784,0.5,1.0,0,0
658,t2_b0,2,12,0.011880605425355807,0.17481492459774017,0.013273796066641808,0.013273796066641808,0.03333333333333333,1.0,0,0
658,t2_b0,17,16,0.9500782377933786,0.32581475377082825,0.19485247135162354,0.19485247135162354,0.043750000000000004,1.0,0,0
659,t2_b0,9,15,-0.13263244286024833,0.10193966329097748,0.027512038126587868,0.027512038126587868,0.03333333333333333,1.0,0,0
659,t2_b0,12,2,0.11979619974579683,0.1548539698123932,0.0006145235383883119,0.0006145235383883119,1.0,1.0,0,0
659,t2_b0,8,3,0.7108524593066272,0.13306105136871338,0.1669214516878128,0.1669214516878128,0.2,1.0,0,0
660,t2_b0,16,4,0.08780417832369106,0.07599799335002899,6.969297101022676e-05,6.969297101022676e-05,0.9333333333333333,1.0,0,0
660,t2_b0,11,1,0.9761788505192994,0.46830740571022034,0.12896667420864105,0.12896667420864105,0.841875,1.0,0,0
661,t2_b0,15,9,0.10169502552672988,0.14064323902130127,0.0007584817358292639,0.0007584817358292639,0.05,1.0,0,0
661,t2_b0,18,5,-0.04515289555467277,0.14889249205589294,0.018826806917786598,0.018826806917786598,0.02,1.0,0,0
661,t2_b0,13,0,0.09182998769131587,0.23937784135341644,0.01088518463075161,0.01088518463075161,0.028385416666666666,1.0,0,0
661,t2_b0,4,17,0.03813959962391698,0.22830761969089508,0.018081938847899437,0.018081938847899437,0.9333333333333333,1.0,0,0
662,t2_b0,17,4,-0.03213057907577304,0.09024719148874283,0.007488158997148275,0.007488158997148275,1.0,1.0,0,0
662,t2_b0,10,1,0.6930150089855757,0.3930884003639221,0.044977977871894836,0.044977977871894836,0.8540178571428572,1.0,0,0
663,t2_b0,1,11,0.0076414927237315605,0.02823815494775772,0.00021211124840192497,0.00021211124840192497,0.03333333333333333,1.0,0,0
664,t2_b0,0,13,0.06029343141999324,0.0803048387169838,0.00020022819808218628,0.00020022819808218628,0.925,1.0,0,0
664,t2_b0,7,11,0.7929515109651382,0.19829466938972473,0.17680837213993073,0.17680837213993073,0.9333333333333333,1.0,0,0
665,t2_b0,14,15,-0.08166042834718541,0.14663352072238922,0.026059065014123917,0.026059065014123917,0.05,1.0,0,0
666,t2_b0,19,0,-1.0,0.14732366800308228,0.6473236083984375,0.6473236083984375,0.023125,1.0,0,0
666,t2_b0,9,16,-0.14145973008770935,0.22859928011894226,0.06847183406352997,0.06847183406352997,0.9333333333333333,1.0,0,0
667,t2_b0,10,0,-0.00746998350210225,0.18934445083141327,0.019367961212992668,0.019367961212992668,0.9296875,1.0,0,0
667,t2_b0,11,1,-0.2570672046286223,0.21443748474121094,0.1111583337187767,0.1111583337187767,0.925,1.0,0,0
667,t2_b0,3,5,-0.01920481622092316,0.13182200491428375,0.011404549703001976,0.011404549703001976,1.0,1.0,0,0
668,t2_b0,3,5,0.026914107390528328,0.0665825605392456,0.0007867931853979826,0.0007867931853979826,0.1,1.0,0,0
668,t2_b0,2,4,-0.07747856036535586,0.11746302247047424,0.019001109525561333,0.019001109525561333,0.1,1.0,0,0
669,t2_b0,13,19,0.083762181162837,0.1658259481191635,0.003367230761796236,0.003367230761796236,0.025,1.0,0,0
669,t2_b0,16,4,0.11011591870830971,0.06569382548332214,0.0009866610635071993,0.0009866610635071993,0.05,1.0,0,0
669,t2_b0,5,7,-0.24407711162913812,0.1448199450969696,0.07562046498060226,0.07562046498060226,0.9500000000000001,1.0,0,0
670,t2_b0,0,19,0.1260644704754557,0.02305753529071808,0.00530521385371685,0.00530521385371685,0.05,1.0,0,0
670,t2_b0,8,1,-0.055480240407729836,0.06746435910463333,0.007557687349617481,0.007557687349617481,0.03333333333333333,1.0,0,0
670,t2_b0,18,13,-0.07451922530501652,0.17114987969398499,0.03017665259540081,0.03017665259540081,0.03333333333333333,1.0,0,0
671,t2_b0,14,9,-0.07194381383233675,0.2519060969352722,0.052439384162425995,0.052439384162425995,0.9500000000000001,1.0,0,0
671,t2_b0,12,16,-0.01373333109545728,0.32108789682388306,0.05605262517929077,0.05605262517929077,0.05833333333333334,1.0,0,0
672,t2_b0,7,5,0.013910955644878016,0.20709292590618134,0.01865963824093342,0.01865963824093342,0.9333333333333333,1.0,0,0
675,t2_b0,1,18,0.0,0.08152353018522263,0.0033230429980903864,0.0033230429980903864,0.92,1.0,0,0
675,t2_b0,0,19,0.017863548189077736,0.18610969185829163,0.014153383672237396,0.014153383672237396,0.9500000000000001,1.0,0,0
676,t2_b0,6,13,0.7243658036854717,0.22248555719852448,0.1259419173002243,0.1259419173002243,0.030000000000000006,1.0,0,0
677,t2_b0,5,7,-0.40690681696198056,0.1444724202156067,0.152009516954422,0.152009516954422,0.03333333333333333,1.0,0,0
677,t2_b0,10,4,0.7712312669697327,0.13823874294757843,0.20033979415893555,0.20033979415893555,0.8666666666666667,1.0,0,0
678,t2_b0,11,1,-0.11949371151200792,0.016131140291690826,0.009197050705552101,0.009197050705552101,0.03333333333333333,1.0,0,0
678,t2_b0,13,8,0.060288131372207086,0.17387017607688904,0.006450440268963575,0.006450440268963575,0.016666666666666666,1.0,0,0
678,t2_b0,4,10,0.05244680058772884,0.04178936779499054,5.6790442613419145e-05,5.6790442613419145e-05,0.9333333333333333,1.0,0,0
679,t2_b0,3,5,-0.025475975507261276,0.10131017863750458,0.008037365041673183,0.008037365041673183,0.03333333333333333,1.0,0,0
679,t2_b0,18,0,0.06195092240955151,0.2328304648399353,0.014599909074604511,0.014599909074604511,0.92,1.0,0,0
679,t2_b0,9,15,-0.035750016980749984,0.1722564995288849,0.02163335494697094,0.02163335494697094,0.05,1.0,0,0
680,t2_b0,14,9,-0.11822153681914897,0.14437849819660187,0.03447939082980156,0.03447939082980156,0.9500000000000001,1.0,0,0
680,t2_b0,17,3,0.7558858369876021,-0.12547039985656738,0.38839441537857056,0.38839441537857056,0.5,1.0,0,0
680,t2_b0,4,2,-0.046864936585350694,-0.0265737846493721,0.0002058654499705881,0.0002058654499705881,0.03333333333333333,1.0,0,0
681,t2_b0,5,7,-0.23118653748504928,0.1789083033800125,0.08408889919519424,0.08408889919519424,0.9500000000000001,1.0,0,0
682,t2_b0,17,11,-0.33761571222413317,0.4916841685771942,0.343869149684906,0.343869149684906,0.0498046875,1.0,0,0
682,t2_b0,19,12,0.0,0.13528414070606232,0.009150899015367031,0.009150899015367031,0.02,1.0,0,0
683,t2_b0,7,11,0.0019085939454100917,0.15754994750022888,0.012112114578485489,0.012112114578485489,0.025,1.0,0,0
683,t2_b0,12,6,-0.19818342854109222,0.13639748096466064,0.05597218871116638,0.05597218871116638,0.025,1.0,0,0
683,t2_b0,1,17,-0.027300541925227347,0.043068014085292816,0.002475867047905922,0.002475867047905922,0.03333333333333333,1.0,0,0
683,t2_b0,8,13,-0.22396210521370138,0.2095259428024292,0.09395594149827957,0.09395594149827957,0.925,1.0,0,0
685,t2_b0,5,9,0.9788160877940895,0.13376548886299133,0.3570552468299866,0.3570552468299866,0.9,1.0,0,0
685,t2_b0,10,4,-0.8444710373265271,0.17702022194862366,0.521491289138794,0.521491289138794,0.9500000000000001,1.0,0,0
686,t2_b0,0,13,-0.027236891878314518,0.2410021722316742,0.035976093262434006,0.035976093262434006,0.925,1.0,0,0
686,t2_b0,6,12,-1.0,0.10479531437158585,0.6047953367233276,0.6047953367233276,0.025,1.0,0,0
686,t2_b0,11,3,-0.0878325371859081,0.1416173279285431,0.026323620229959488,0.026323620229959488,1.0,1.0,0,0
686,t2_b0,9,5,0.0,0.1971624493598938,0.019436515867710114,0.019436515867710114,0.9500000000000001,1.0,0,0
687,t2_b0,12,2,-0.035168110222111214,0.21428176760673523,0.03111262060701847,0.03111262060701847,0.925,1.0,0,0
688,t2_b0,19,2,-0.47105335893606565,0.16772107779979706,0.20401640236377716,0.20401640236377716,0.925,1.0,0,0
688,t2_b0,18,7,0.00045917835582198215,0.1423502266407013,0.010066534392535686,0.010066534392535686,1.0,1.0,0,0
688,t2_b0,13,6,0.02270384624174238,0.13993597030639648,0.0068716853857040405,0.0068716853857040405,1.0,1.0,0,0
689,t2_b0,14,5,0.9864248949555007,0.1360214650630951,0.36159300804138184,0.36159300804138184,0.9,1.0,0,0
689,t2_b0,3,17,-0.12123127124427938,0.10931677371263504,0.026576202362775803,0.026576202362775803,0.1,1.0,0,0
689,t2_b0,15,8,-0.002089766166539908,0.1642742156982422,0.013838487677276134,0.013838487677276134,1.0,1.0,0,0
690,t2_b0,15,8,0.01069465572842757,0.1119953915476799,0.005130919627845287,0.005130919627845287,1.0,1.0,0,0
690,t2_b0,16,2,-0.013304198398641607,0.03200393170118332,0.0010264132870361209,0.0010264132870361209,0.9333333333333333,1.0,0,0
690,t2_b0,11,18,0.0,-0.12583857774734497,0.007917674258351326,0.007917674258351326,1.0,1.0,0,0
690,t2_b0,7,13,0.0,0.1320064216852188,0.008712847717106342,0.008712847717106342,0.17500000000000002,1.0,0,0
691,t2_b0,5,11,0.017371657018010925,0.1369554102420807,0.007150137331336737,0.007150137331336737,0.08671875000000001,1.0,0,0
691,t2_b0,9,4,0.1424434934458027,-0.12575513124465942,0.035965245217084885,0.035965245217084885,1.0,1.0,0,0
691,t2_b0,6,12,-0.010321453565555432,0.200960174202919,0.022319963201880455,0.022319963201880455,0.9500000000000001,1.0,0,0
692,t2_b0,18,11,0.1575430791079549,-0.009553693234920502,0.01396066416054964,0.01396066416054964,1.0,1.0,0,0
694,t2_b0,13,7,0.8708654116865109,0.11859039962291718,0.28295883536338806,0.28295883536338806,0.17421875,1.0,0,0
694,t2_b0,19,17,0.031990759023286255,0.16906648874282837,0.009394876658916473,0.009394876658916473,0.925,1.0,0,0
695,t2_b0,1,5,0.09750422313808348,0.08459319919347763,8.334724407177418e-05,8.334724407177418e-05,0.925,1.0,0,0
696,t2_b0,2,12,-0.1024917217471721,0.06843356788158417,0.014607727527618408,0.014607727527618408,0.05,1.0,0,0
697,t2_b0,8,5,0.13509298898924296,0.1311849057674408,7.63655589253176e-06,7.63655589253176e-06,0.0625,1.0,0,0
697,t2_b0,15,11,0.8736939064654856,-0.12498211115598679,0.4986768662929535,0.4986768662929535,1.0,1.0,0,0
697,t2_b0,7,13,0.021937034331617696,0.1170598566532135,0.00452417554333806,0.00452417554333806,0.06171875,1.0,0,0
697,t2_b0,0,19,0.009601204198771399,0.06201699376106262,0.001373707433231175,0.001373707433231175,0.025,1.0,0,0
698,t2_b0,11,3,0.9116760621007288,0.18754632771015167,0.26218193769454956,0.26218193769454956,0.9500000000000001,1.0,0,0
698,t2_b0,17,9,0.03738877024938201,0.12147459387779236,0.003535212716087699,0.003535212716087699,0.025,1.0,0,0
698,t2_b0,4,19,0.8230348593873251,0.20597998797893524,0.1903783679008484,0.1903783679008484,0.925,1.0,0,0
699,t2_b0,13,7,0.0,0.18128922581672668,0.01643289253115654,0.01643289253115654,0.08671875000000001,1.0,0,0
699,t2_b0,12,2,0.0765443011905763,0.20651227235794067,0.00844583660364151,0.00844583660364151,0.9333333333333333,1.0,0,0
700,t2_b0,16,2,-0.003004210669524218,0.020690269768238068,0.00028071418637409806,0.00028071418637409806,0.9500000000000001,1.0,0,0
702,t2_b0,9,11,0.7272731762720092,0.10683878511190414,0.19246941804885864,0.19246941804885864,0.03333333333333333,1.0,0,0
702,t2_b0,18,10,0.32184619500543843,0.20676234364509583,0.006622145418077707,0.006622145418077707,1.0,1.0,0,0
703,t2_b0,3,0,-0.13548023453449862,0.3771606683731079,0.13140034675598145,0.13140034675598145,0.9500000000000001,1.0,0,0
704,t2_b0,9,11,-0.09556000657966063,0.18482282757759094,0.03930727019906044,0.03930727019906044,0.9500000000000001,1.0,0,0
704,t2_b0,16,2,0.26239501177513336,-0.08158235251903534,0.05916022136807442,0.05916022136807442,0.05,1.0,0,0
704,t2_b0,4,15,-0.003916324023038815,0.17272984981536865,0.015601934865117073,0.015601934865117073,0.05,1.0,0,0
704,t2_b0,10,18,-0.2511416718896294,0.14681297540664673,0.07918395102024078,0.07918395102024078,1.0,1.0,0,0
705,t2_b0,1,0,-0.023826067927665447,-0.27849000692367554,0.0324268639087677,0.0324268639087677,0.03333333333333333,1.0,0,0
705,t2_b0,5,14,0.0006152519922894044,0.18165627121925354,0.016387924551963806,0.016387924551963806,0.9333333333333333,1.0,0,0
705,t2_b0,10,18,-0.6638230289421281,0.03887545317411423,0.24689257144927979,0.24689257144927979,0.1,1.0,0,0
705,t2_b0,2,16,-0.27486975297837574,0.11884676665067673,0.07750634849071503,0.07750634849071503,0.05,1.0,0,0
706,t2_b0,15,3,0.5887488079230058,0.2043752372264862,0.07387152314186096,0.07387152314186096,0.9333333333333333,1.0,0,0
706,t2_b0,1,5,0.0118018949610321,0.13320806622505188,0.00736972875893116,0.00736972875893116,0.03333333333333333,1.0,0,0
706,t2_b0,18,10,0.26008200589593594,0.1969088762998581,0.0019954221788793802,0.0019954221788793802,1.0,1.0,0,0
707,t2_b0,14,5,0.0,0.18473201990127563,0.01706296019256115,0.01706296019256115,0.9500000000000001,1.0,0,0
707,t2_b0,11,17,0.23551897738734398,0.11345253884792328,0.0074501074850559235,0.0074501074850559235,0.1,1.0,0,0
708,t2_b0,2,16,-0.002232218399365772,-0.04981725662946701,0.0011321678757667542,0.0011321678757667542,0.05,1.0,0,0
708,t2_b0,8,14,0.5305279181595896,0.2523884177207947,0.0386807844042778,0.0386807844042778,0.9500000000000001,1.0,0,0
708,t2_b0,13,7,0.0,0.1541563868522644,0.011882095597684383,0.011882095597684383,0.05,1.0,0,0
709,t2_b0,4,15,-0.13059547908739322,0.16896936297416687,0.044869545847177505,0.044869545847177505,1.0,1.0,0,0
709,t2_b0,3,0,-0.007317450000532562,0.2247607409954071,0.02693014405667782,0.02693014405667782,0.9333333333333333,1.0,0,0
710,t2_b0,7,6,0.339639542570518,0.18579766154289246,0.011833662167191505,0.011833662167191505,0.05,1.0,0,0
710,t2_b0,0,1,0.0004956807083329775,-0.3926701545715332,0.07728968560695648,0.07728968560695648,0.03333333333333333,1.0,0,0
711,t2_b0,12,2,0.07890845728291009,0.21296922862529755,0.008986145257949829,0.008986145257949829,0.9333333333333333,1.0,0,0
711,t2_b0,17,11,-0.20232281924263779,0.13714852929115295,0.057620394974946976,0.057620394974946976,1.0,1.0,0,0
711,t2_b0,5,14,0.07488942477391256,0.18400202691555023,0.00595278013497591,0.00595278013497591,0.9333333333333333,1.0,0,0
711,t2_b0,6,7,-0.027954317797895374,0.1548832803964615,0.0167147945612669,0.0167147945612669,0.03333333333333333,1.0,0,0
712,t2_b0,14,8,-0.00016449622836661252,0.15098196268081665,0.011422625742852688,0.011422625742852688,0.03333333333333333,1.0,0,0
713,t2_b0,19,14,0.8267686407668237,0.035426005721092224,0.3131115734577179,0.3131115734577179,0.9125,1.0,0,0
713,t2_b0,15,4,0.2210949776634451,0.18060126900672913,0.0008198703289963305,0.0008198703289963305,0.925,1.0,0,0
714,t2_b0,19,8,0.15976348195220752,0.10459055006504059,0.0015220263740047812,0.0015220263740047812,0.087109375,1.0,0,0
715,t2_b0,0,3,0.18524378370131023,0.16945227980613708,0.00012468583008740097,0.00012468583008740097,0.9333333333333333,1.0,0,0
716,t2_b0,9,17,0.9748626800613578,0.24637460708618164,0.2653474509716034,0.2653474509716034,1.0,1.0,0,0
716,t2_b0,8,14,0.21739988537392121,0.19614839553833008,0.00022581280791200697,0.00022581280791200697,0.9333333333333333,1.0,0,0
717,t2_b0,17,11,0.11148071316576222,0.14194869995117188,0.0004641491104848683,0.0004641491104848683,0.05,1.0,0,0
718,t2_b0,2,12,0.07431099836635596,0.004060737788677216,0.002467549405992031,0.002467549405992031,0.05,1.0,0,0
718,t2_b0,13,6,-0.10274412326863672,0.22658824920654297,0.05422990769147873,0.05422990769147873,0.9500000000000001,1.0,0,0
719,t2_b0,4,15,-0.020295844853498543,0.180039644241333,0.020067153498530388,0.020067153498530388,1.0,1.0,0,0
719,t2_b0,14,5,0.09178845166873639,0.2275119423866272,0.0092104347422719,0.0092104347422719,0.9333333333333333,1.0,0,0
720,t2_b0,5,14,-0.0005498357483096826,0.2129979431629181,0.02280132658779621,0.02280132658779621,0.925,1.0,0,0
720,t2_b0,16,2,-0.001965944111159737,-0.006644710898399353,1.0945428584818728e-05,1.0945428584818728e-05,0.9500000000000001,1.0,0,0
721,t2_b0,15,3,0.16131505726515954,0.1564248949289322,1.1956826710957102e-05,1.1956826710957102e-05,0.925,1.0,0,0
721,t2_b0,6,2,-1.0,0.2234695702791214,0.723469614982605,0.723469614982605,0.925,1.0,0,0
721,t2_b0,12,16,0.029443746565654353,0.19522947072982788,0.01374245434999466,0.01374245434999466,0.925,1.0,0,0
722,t2_b0,7,12,-0.25840040339795783,0.24919229745864868,0.12882515788078308,0.12882515788078308,0.9333333333333333,1.0,0,0
722,t2_b0,1,5,0.008771829846436733,0.09458933770656586,0.003682322334498167,0.003682322334498167,0.025,1.0,0,0
724,t2_b0,9,11,-1.0,0.17745153605937958,0.677451491355896,0.677451491355896,0.05,1.0,0,0
725,t2_b0,19,5,-0.3277437919247724,0.12334588915109634,0.10174094885587692,0.10174094885587692,0.025,1.0,0,0
725,t2_b0,11,9,-0.002147574196704029,0.13967162370681763,0.010056341998279095,0.010056341998279095,0.9500000000000001,1.0,0,0
726,t2_b0,8,14,0.14794251287012572,0.19335365295410156,0.0010310858488082886,0.0010310858488082886,0.92,1.0,0,0
727,t2_b0,12,2,-0.03730711002407065,0.10687308013439178,0.010393964126706123,0.010393964126706123,0.9333333333333333,1.0,0,0
727,t2_b0,3,14,-0.12778142447893126,0.1601257622241974,0.04144527390599251,0.04144527390599251,0.9166666666666667,1.0,0,0
729,t2_b0,13,16,-0.9038553645608347,0.24429556727409363,0.6481509208679199,0.6481509208679199,0.925,1.0,0,0
729,t2_b0,3,14,0.22766983337064123,0.023776665329933167,0.020786212757229805,0.020786212757229805,0.925,1.0,0,0
729,t2_b0,0,10,0.024078183559977404,-0.03970489650964737,0.002034140517935157,0.002034140517935157,0.02,1.0,0,0
730,t2_b0,11,12,0.0,-0.12580345571041107,0.007913255132734776,0.007913255132734776,1.0,1.0,0,0
730,t2_b0,16,13,0.09505257603410638,-0.0175246000289917,0.0063368105329573154,0.0063368105329573154,0.9333333333333333,1.0,0,0
730,t2_b0,15,14,0.21671656302913866,0.17506194114685059,0.0008675535209476948,0.0008675535209476948,0.92,1.0,0,0
730,t2_b0,17,4,-0.2763416806375639,0.15731734037399292,0.09403007477521896,0.09403007477521896,0.1,1.0,0,0
731,t2_b0,12,11,0.10368308720550563,0.07117509841918945,0.0005283845821395516,0.0005283845821395516,1.0,1.0,0,0
731,t2_b0,2,7,0.9970667878699854,-0.12478885799646378,0.621855616569519,0.621855616569519,0.5,1.0,0,0
732,t2_b0,18,13,-0.004375433074669629,0.058662980794906616,0.00198692106641829,0.00198692106641829,0.92,1.0,0,0
732,t2_b0,5,14,0.0,0.187811017036438,0.017636489123106003,0.017636489123106003,0.9166666666666667,1.0,0,0
733,t2_b0,7,9,-0.1435839618475698,0.15030799806118011,0.0431862436234951,0.0431862436234951,0.02,1.0,0,0
733,t2_b0,14,15,0.04903904384236217,0.03752727061510086,6.626045797020197e-05,6.626045797020197e-05,0.016666666666666666,1.0,0,0
733,t2_b0,18,13,-0.0062433703596374845,0.2170443832874298,0.024928711354732513,0.024928711354732513,0.92,1.0,0,0
734,t2_b0,10,14,-0.10449500877959028,0.07369323819875717,0.015875525772571564,0.015875525772571564,0.92,1.0,0,0
734,t2_b0,19,5,0.03728780281567755,0.18832187354564667,0.011405645869672298,0.011405645869672298,0.925,1.0,0,0
736,t2_b0,4,14,-0.2602794026036639,0.23306983709335327,0.12169674038887024,0.12169674038887024,0.9500000000000001,1.0,0,0
736,t2_b0,8,10,-0.3459575466567048,0.19605328142642975,0.1468878835439682,0.1468878835439682,0.9166666666666667,1.0,0,0
736,t2_b0,16,12,0.9579472960369495,0.10295773297548294,0.36550360918045044,0.36550360918045044,1.0,1.0,0,0
736,t2_b0,6,13,0.02308834439938145,0.17163026332855225,0.011032349430024624,0.011032349430024624,0.9333333333333333,1.0,0,0
737,t2_b0,12,16,0.8155791655678015,0.22760936617851257,0.1728542298078537,0.1728542298078537,1.0,1.0,0,0
738,t2_b0,11,6,0.7953902201153714,-0.02085254341363907,0.33312615752220154,0.33312615752220154,0.06614583333333333,1.0,0,0
739,t2_b0,3,16,0.6570512865606902,0.42357009649276733,0.02725672721862793,0.02725672721862793,1.0,1.0,0,0
739,t2_b0,17,10,-0.01000584632440244,0.17811043560504913,0.017693867906928062,0.017693867906928062,1.0,1.0,0,0
739,t2_b0,9,7,-0.344966563984007,0.13190443813800812,0.11370298266410828,0.11370298266410828,0.02,1.0,0,0
740,t2_b0,14,8,0.2079926712229043,0.2154051512479782,2.74724170594709e-05,2.74724170594709e-05,0.9500000000000001,1.0,0,0
742,t2_b0,2,13,0.018858277833981467,0.14114320278167725,0.00747680151835084,0.00747680151835084,0.03333333333333333,1.0,0,0
742,t2_b0,10,19,-0.08566069335707127,0.08092019706964493,0.013874595984816551,0.013874595984816551,0.1,1.0,0,0
743,t2_b0,4,6,0.9833726953634048,0.5010908842086792,0.11629787087440491,0.11629787087440491,0.86875,1.0,0,0
743,t2_b0,8,14,0.11911126909809185,0.14402559399604797,0.0003103617636952549,0.0003103617636952549,0.03333333333333333,1.0,0,0
744,t2_b0,7,13,0.0,0.03840019553899765,0.0007372875115834177,0.0007372875115834177,0.025,1.0,0,0
744,t2_b0,1,10,-0.004367527564826248,0.13292552530765533,0.009424692019820213,0.009424692019820213,0.1,1.0,0,0
744,t2_b0,16,6,0.4540620665613731,0.33029264211654663,0.0076594362035393715,0.0076594362035393715,0.86875,1.0,0,0
747,t2_b0,5,14,0.9984713150735963,0.127262681722641,0.3795022666454315,0.3795022666454315,0.2,1.0,0,0
747,t2_b0,12,0,0.7082205463543424,0.22595573961734772,0.11628967523574829,0.11628967523574829,0.03333333333333333,1.0,0,0
747,t2_b0,11,9,-0.13046376933780957,0.12288274616003036,0.032092224806547165,0.032092224806547165,0.03333333333333333,1.0,0,0
748,t2_b0,1,10,0.22414389505304455,-0.013023793697357178,0.028124256059527397,0.028124256059527397,0.05,1.0,0,0
748,t2_b0,3,7,0.4697396043717799,0.21239832043647766,0.03311227262020111,0.03311227262020111,0.925,1.0,0,0
750,t2_b0,2,18,-0.0236873227900402,0.09075787663459778,0.006548852194100618,0.006548852194100618,0.05,1.0,0,0
750,t2_b0,6,19,-0.12475450052789709,0.17900726199150085,0.04613560810685158,0.04613560810685158,0.9142857142857143,1.0,0,0
751,t2_b0,17,2,-0.009139718769715019,0.0828426256775856,0.0042303758673369884,0.0042303758673369884,0.9333333333333333,1.0,0,0
751,t2_b0,14,8,0.0778303957857298,0.05945946276187897,0.00016874560969881713,0.00016874560969881713,0.05,1.0,0,0
752,t2_b0,18,17,0.9133548584858416,0.0541134849190712,0.3691478669643402,0.3691478669643402,0.9375,1.0,0,0
752,t2_b0,9,15,-0.00543383039322003,0.13733181357383728,0.010191014036536217,0.010191014036536217,0.03333333333333333,1.0,0,0
753,t2_b0,6,5,0.0,0.056746870279312134,0.00161010364536196,0.00161010364536196,0.02,1.0,0,0
753,t2_b0,18,17,0.056538597227591816,0.1709417700767517,0.006544042844325304,0.006544042844325304,0.937890625,1.0,0,0
753,t2_b0,19,8,0.054421584048741235,0.11494795978069305,0.0018317210488021374,0.0018317210488021374,0.925,1.0,0,0
754,t2_b0,0,10,-0.024759662017590327,0.09455740451812744,0.007118281442672014,0.007118281442672014,1.0,1.0,0,0
754,t2_b0,8,19,-0.0010600576184051666,0.007119759917259216,3.345470759086311e-05,3.345470759086311e-05,0.05,1.0,0,0
754,t2_b0,16,5,-0.13377788912344002,0.1282632052898407,0.0343327671289444,0.0343327671289444,0.03333333333333333,1.0,0,0
754,t2_b0,15,9,-0.3731835931144208,0.05726366490125656,0.0926424190402031,0.0926424190402031,0.15000000000000002,1.0,0,0
754,t2_b0,12,1,0.9866250981957673,0.1770877242088318,0.32767537236213684,0.32767537236213684,0.8875,1.0,0,0
756,t2_b0,11,3,-0.18143534913501183,0.17650005221366882,0.06405887752771378,0.06405887752771378,0.03333333333333333,1.0,0,0
756,t2_b0,0,10,-0.08536367983417147,-0.012246474623680115,0.002673062728717923,0.002673062728717923,0.1,1.0,0,0
757,t2_b0,13,5,-0.0197164585289872,0.11773654073476791,0.009446664713323116,0.009446664713323116,0.92,1.0,0,0
757,t2_b0,17,18,0.036110868845023986,0.11415493488311768,0.003045438090339303,0.003045438090339303,0.03333333333333333,1.0,0,0
757,t2_b0,12,1,-0.4694300829625895,0.20775964856147766,0.22929294407367706,0.22929294407367706,0.9333333333333333,1.0,0,0
758,t2_b0,4,14,0.06511710808872301,0.13030654191970825,0.00212483131326735,0.00212483131326735,1.0,1.0,0,0
759,t2_b0,4,14,0.444078563259084,0.1254393756389618,0.05076546594500542,0.05076546594500542,1.0,1.0,0,0
759,t2_b0,5,6,-0.23759683278024893,0.09124704450368881,0.0540691539645195,0.0540691539645195,0.92,1.0,0,0
760,t2_b0,7,6,0.0065244867774002496,0.07935792952775955,0.0026523550041019917,0.0026523550041019917,0.02,1.0,0,0
760,t2_b0,15,1,-0.039018580923687714,0.2301468849182129,0.03622502088546753,0.03622502088546753,0.9333333333333333,1.0,0,0
760,t2_b0,8,12,0.9672599477725958,0.12844347953796387,0.35180652141571045,0.35180652141571045,0.2,1.0,0,0
760,t2_b0,10,0,-0.26447569580926106,0.0004952996969223022,0.035104818642139435,0.035104818642139435,0.1,1.0,0,0
762,t2_b0,1,17,-0.027748209837055553,-0.02275659143924713,1.245812927663792e-05,1.245812927663792e-05,0.05,1.0,0,0
763,t2_b0,9,5,0.002611279086649126,0.08035121113061905,0.0030217485036700964,0.0030217485036700964,0.9333333333333333,1.0,0,0
763,t2_b0,2,0,0.9558291732882954,0.1572575569152832,0.3188582956790924,0.3188582956790924,1.0,1.0,0,0
763,t2_b0,7,14,0.0,-0.17658576369285583,0.015591265633702278,0.015591265633702278,0.02,1.0,0,0
763,t2_b0,8,1,-0.010588025090821948,0.2056962251663208,0.023389438167214394,0.023389438167214394,0.9068359374999999,1.0,0,0
765,t2_b0,18,8,0.08741106733005209,0.12282302230596542,0.0006270032608881593,0.0006270032608881593,0.05,1.0,0,0
765,t2_b0,19,0,0.8095167930963555,0.23793505132198334,0.163352832198143,0.163352832198143,0.8833333333333333,1.0,0,0
766,t2_b0,5,11,-0.04856820371379485,0.12340011447668076,0.014786549843847752,0.014786549843847752,0.02,1.0,0,0
767,t2_b0,12,15,0.016943559427745832,0.08241117745637894,0.0021430044434964657,0.0021430044434964657,1.0,1.0,0,0
767,t2_b0,9,11,0.0,0.008365929126739502,3.4994383895536885e-05,3.4994383895536885e-05,0.05,1.0,0,0
767,t2_b0,13,5,0.0469665822840927,0.07762811332941055,0.0004700647259596735,0.0004700647259596735,0.9166666666666667,1.0,0,0
768,t2_b0,1,17,0.012880616762531279,0.09242362529039383,0.003163545159623027,0.003163545159623027,0.05,1.0,0,0
768,t2_b0,14,6,0.6176592323256342,0.16558146476745605,0.1021871417760849,0.1021871417760849,0.92,1.0,0,0
768,t2_b0,10,19,0.02086701847751497,-0.03678446263074875,0.0016618467634543777,0.0016618467634543777,0.03333333333333333,1.0,0,0
768,t2_b0,4,18,0.9804465688844674,-0.12525109946727753,0.6056976318359375,0.6056976318359375,1.0,1.0,0,0
769,t2_b0,17,18,0.0,0.17826911807060242,0.015889938920736313,0.015889938920736313,0.9333333333333333,1.0,0,0
769,t2_b0,6,7,0.0675587776912638,-0.05841957777738571,0.00793527252972126,0.00793527252972126,0.03333333333333333,1.0,0,0
770,t2_b0,0,2,0.0,-0.056188978254795074,0.001578600611537695,0.001578600611537695,0.03333333333333333,1.0,0,0
770,t2_b0,4,17,-1.0,0.5191702842712402,1.0191702842712402,1.0191702842712402,0.06640625,1.0,0,0
770,t2_b0,16,6,-1.0,0.10124920308589935,0.6012492179870605,0.6012492179870605,0.9333333333333333,1.0,0,0
770,t2_b0,14,7,0.10466605582923516,0.1316533386707306,0.0003641567600425333,0.0003641567600425333,0.025,1.0,0,0
771,t2_b0,2,19,-0.5372504696234703,0.17412199079990387,0.2530253827571869,0.2530253827571869,0.03333333333333333,1.0,0,0
772,t2_b0,13,16,-0.048532213885028014,0.12919530272483826,0.015793535858392715,0.015793535858392715,0.03333333333333333,1.0,0,0
772,t2_b0,6,7,0.19753534315383764,0.07012171298265457,0.00811711698770523,0.00811711698770523,1.0,1.0,0,0
773,t2_b0,17,4,0.0,0.00918019562959671,4.213799547869712e-05,4.213799547869712e-05,1.0,1.0,0,0
774,t2_b0,15,6,0.0,-0.12576794624328613,0.00790878850966692,0.00790878850966692,1.0,1.0,0,0
774,t2_b0,7,16,-0.016468333805536348,0.0022874251008033752,0.0001758892321959138,0.0001758892321959138,1.0,1.0,0,0
774,t2_b0,3,14,0.0,0.1373971402645111,0.009438986890017986,0.009438986890017986,0.025,1.0,0,0
774,t2_b0,5,8,0.14210124839308966,0.16426700353622437,0.0002456604561302811,0.0002456604561302811,0.9333333333333333,1.0,0,0
775,t2_b0,6,15,0.0964205977027984,0.07151676714420319,0.00031010046950541437,0.00031010046950541437,1.0,1.0,0,0
775,t2_b0,11,8,-0.023126220473967327,0.13731014728546143,0.012869913130998611,0.012869913130998611,0.9500000000000001,1.0,0,0
775,t2_b0,12,3,0.8875879787157087,0.23192346096038818,0.21494796872138977,0.21494796872138977,1.0,1.0,0,0
776,t2_b0,8,1,0.0063769174593068965,0.10853265225887299,0.005217897240072489,0.005217897240072489,0.03333333333333333,1.0,0,0
776,t2_b0,9,0,-0.2049385133947508,0.23457613587379456,0.09658655524253845,0.09658655524253845,0.925,1.0,0,0
776,t2_b0,19,10,0.06715223853266641,0.13793200254440308,0.0025048875249922276,0.0025048875249922276,0.1,1.0,0,0
777,t2_b0,2,0,-0.2626108329757902,0.21074476838111877,0.11203275620937347,0.11203275620937347,0.925,1.0,0,0
778,t2_b0,3,17,-0.00023667006484379531,0.07949117571115494,0.003178264480084181,0.003178264480084181,0.1,1.0,0,0
778,t2_b0,0,2,-0.014678357255954868,-0.09220657497644424,0.003005312057211995,0.003005312057211995,0.02,1.0,0,0
779,t2_b0,17,3,0.989787609746641,0.23013055324554443,0.28853943943977356,0.28853943943977356,1.0,1.0,0,0
779,t2_b0,11,0,-0.03196604243074542,0.17662982642650604,0.021756118163466454,0.021756118163466454,0.92,1.0,0,0
779,t2_b0,1,5,0.012902975790875543,0.029187411069869995,0.0001325914345216006,0.0001325914345216006,0.05,1.0,0,0
780,t2_b0,16,10,-0.6008648947766718,0.10315070301294327,0.2478189915418625,0.2478189915418625,1.0,1.0,0,0
780,t2_b0,18,9,0.04413249707157656,0.10393499583005905,0.00178816937841475,0.00178816937841475,0.025,1.0,0,0
782,t2_b0,5,9,0.056626851325676124,0.16643548011779785,0.006028966978192329,0.006028966978192329,0.9333333333333333,1.0,0,0
782,t2_b0,10,16,0.39778245657814865,0.005918048322200775,0.0767788514494896,0.0767788514494896,1.0,1.0,0,0
783,t2_b0,14,17,0.03813345937976669,0.10415717959403992,0.002179565839469433,0.002179565839469433,0.1,1.0,0,0
785,t2_b0,19,13,0.0,0.10724087804555893,0.005750303156673908,0.005750303156673908,0.05,1.0,0,0
785,t2_b0,8,0,-0.04657786957667657,0.10552438348531723,0.011567548848688602,0.011567548848688602,0.03333333333333333,1.0,0,0
785,t2_b0,6,15,0.2487579662537118,0.04445621371269226,0.020869605243206024,0.020869605243206024,0.5,1.0,0,0
785,t2_b0,18,11,0.029608623893700982,0.2498566061258316,0.024254586547613144,0.024254586547613144,0.9500000000000001,1.0,0,0
786,t2_b0,12,8,-0.44523961173700516,0.1450267732143402,0.1742071807384491,0.1742071807384491,0.9500000000000001,1.0,0,0
786,t2_b0,13,19,0.9084834264779238,0.12307815253734589,0.3084307312965393,0.3084307312965393,0.1,1.0,0,0
788,t2_b0,17,12,0.0,0.15118789672851562,0.011428889818489552,0.011428889818489552,0.1,1.0,0,0
788,t2_b0,2,15,0.0,0.09502267837524414,0.004514654632657766,0.004514654632657766,0.05,1.0,0,0
788,t2_b0,13,19,0.2813027537740924,0.17261315882205963,0.0059067136608064175,0.0059067136608064175,0.05,1.0,0,0
788,t2_b0,4,16,-0.1278299389573603,0.12144456058740616,0.031068885698914528,0.031068885698914528,0.9333333333333333,1.0,0,0
789,t2_b0,9,5,0.03014331541815238,0.024510711431503296,1.586311191204004e-05,1.586311191204004e-05,0.03333333333333333,1.0,0,0
789,t2_b0,15,2,0.7667007668484608,0.1357656568288803,0.1990395337343216,0.1990395337343216,0.04088541666666667,1.0,0,0
790,t2_b0,5,9,0.204794073977698,0.17740598320960999,0.0003750539035536349,0.0003750539035536349,0.9333333333333333,1.0,0,0
790,t2_b0,4,16,0.10077701503939519,0.09711151570081711,6.717943051626207e-06,6.717943051626207e-06,0.03333333333333333,1.0,0,0
790,t2_b0,10,1,0.944538162058504,0.20465046167373657,0.27371692657470703,0.27371692657470703,0.8400000000000001,1.0,0,0
793,t2_b0,18,11,-0.11980765959627271,0.16971230506896973,0.04191090539097786,0.04191090539097786,0.9500000000000001,1.0,0,0
794,t2_b0,0,8,0.08912988586274836,-0.03287456929683685,0.007442543748766184,0.007442543748766184,0.9333333333333333,1.0,0,0
794,t2_b0,16,19,-0.17954556530148677,0.10619261115789413,0.04082315042614937,0.04082315042614937,0.1,1.0,0,0
794,t2_b0,11,9,0.0,-0.024539031088352203,0.00030108203645795584,0.00030108203645795584,0.03333333333333333,1.0,0,0
794,t2_b0,3,7,0.07834921958748418,-0.12572088837623596,0.020822303369641304,0.020822303369641304,0.5,1.0,0,0
795,t2_b0,15,9,-0.04752475958287488,0.14599597454071045,0.018725138157606125,0.018725138157606125,0.9500000000000001,1.0,0,0
795,t2_b0,1,8,0.017039782993365192,0.054659731686115265,0.0007076302426867187,0.0007076302426867187,0.9333333333333333,1.0,0,0
796,t2_b0,8,0,0.0905330439387071,0.24808380007743835,0.012411119416356087,0.012411119416356087,0.925,1.0,0,0
796,t2_b0,10,1,0.005046521185867827,0.24006661772727966,0.02761722356081009,0.02761722356081009,0.925,1.0,0,0
797,t2_b0,19,13,0.0,0.17272816598415375,0.014917509630322456,0.014917509630322456,0.9500000000000001,1.0,0,0
797,t2_b0,9,5,0.0,-0.023969680070877075,0.0002872727927751839,0.0002872727927751839,0.03333333333333333,1.0,0,0
798,t2_b0,1,8,0.17296672470021754,0.07563827931880951,0.0047364127822220325,0.0047364127822220325,0.03333333333333333,1.0,0,0
798,t2_b0,2,6,0.9951130015439831,0.1115419790148735,0.390348881483078,0.390348881483078,0.1,1.0,0,0
798,t2_b0,14,3,0.5619219817269138,0.03152356296777725,0.14066120982170105,0.14066120982170105,1.0,1.0,0,0
799,t2_b0,6,15,0.49625887830377774,0.1590409278869629,0.05685797333717346,0.05685797333717346,0.9500000000000001,1.0,0,0
799,t2_b0,7,3,0.4901431811596354,0.03191768378019333,0.1049852967262268,0.1049852967262268,1.0,1.0,0,0
800,t2_b0,12,8,-0.03378401662661128,0.11555235087871552,0.01115067582577467,0.01115067582577467,0.05,1.0,0,0
801,t2_b0,17,12,0.16350781387820282,0.15910084545612335,9.71070858213352e-06,9.71070858213352e-06,1.0,1.0,0,0
802,t2_b0,14,4,-0.036767262022378316,0.37336793541908264,0.08410544693470001,0.08410544693470001,0.5,1.0,0,0
803,t2_b0,0,8,0.17569785863377932,0.026343487203121185,0.01115336362272501,0.01115336362272501,0.03333333333333333,1.0,0,0
803,t2_b0,6,15,-0.00842171061957444,0.15602993965148926,0.013522171415388584,0.013522171415388584,0.9500000000000001,1.0,0,0
804,t2_b0,8,0,-0.04308230657909543,0.23931178450584412,0.03987320885062218,0.03987320885062218,0.925,1.0,0,0
804,t2_b0,3,4,-0.009704025454584299,0.2074078619480133,0.023568784818053246,0.023568784818053246,0.3333333333333333,1.0,0,0
805,t2_b0,7,3,-0.008872366974703507,0.21187663078308105,0.024365058168768883,0.024365058168768883,1.0,1.0,0,0
805,t2_b0,4,14,0.39024622918577295,0.21933257579803467,0.014605741016566753,0.014605741016566753,0.5,1.0,0,0
805,t2_b0,11,18,-0.023391904470529443,0.10520195960998535,0.008268190547823906,0.008268190547823906,0.9333333333333333,1.0,0,0
805,t2_b0,10,1,0.08898742434150356,0.18984916806221008,0.005086545832455158,0.005086545832455158,0.925,1.0,0,0
806,t2_b0,19,16,-0.0999256764421328,0.1143004521727562,0.022946417331695557,0.022946417331695557,0.05,1.0,0,0
807,t2_b0,17,12,0.02216522964789236,0.14296954870224,0.007296841591596603,0.007296841591596603,0.1,1.0,0,0
807,t2_b0,13,19,-0.1567129413068204,0.1659395545721054,0.05205231532454491,0.05205231532454491,1.0,1.0,0,0
808,t2_b0,12,8,0.20640200718568144,0.09876730293035507,0.005792614538222551,0.005792614538222551,0.05,1.0,0,0
808,t2_b0,11,9,-0.07858762008658579,0.11863955855369568,0.019449280574917793,0.019449280574917793,0.03333333333333333,1.0,0,0
809,t2_b0,0,10,0.012566726769541408,0.08916652202606201,0.0029337641317397356,0.0029337641317397356,0.03333333333333333,1.0,0,0
809,t2_b0,15,9,-0.1251784850824173,0.08779298514127731,0.022678425535559654,0.022678425535559654,0.9333333333333333,1.0,0,0
809,t2_b0,5,18,-0.10596863990237106,0.22525817155838013,0.054855603724718094,0.054855603724718094,0.9333333333333333,1.0,0,0
810,t2_b0,16,19,-0.1982703620729621,0.046065181493759155,0.029849929735064507,0.029849929735064507,1.0,1.0,0,0
811,t2_b0,5,18,0.24880260463147766,0.19787834584712982,0.001296639908105135,0.001296639908105135,0.03333333333333333,1.0,0,0
811,t2_b0,2,6,-0.22175001926370713,0.1787552833557129,0.08020225167274475,0.08020225167274475,0.9500000000000001,1.0,0,0
812,t2_b0,18,11,-0.13824912136400422,-0.01006152480840683,0.008216029964387417,0.008216029964387417,0.9333333333333333,1.0,0,0
813,t2_b0,16,13,0.3164397835596638,-0.06941002607345581,0.07444003224372864,0.07444003224372864,0.05,1.0,0,0
813,t2_b0,3,7,0.0826634197503961,0.2145581841468811,0.0086981151252985,0.0086981151252985,0.3333333333333333,1.0,0,0
813,t2_b0,9,5,0.0,-0.034790657460689545,0.0006051949458196759,0.0006051949458196759,0.92,1.0,0,0
814,t2_b0,19,16,-0.010643374374078845,0.16433405876159668,0.015308551490306854,0.015308551490306854,0.9500000000000001,1.0,0,0
814,t2_b0,4,14,0.2853159193767225,0.2212335765361786,0.0020532740745693445,0.0020532740745693445,0.5,1.0,0,0
815,t2_b0,8,0,-0.081915309049878,0.18976682424545288,0.036905594170093536,0.036905594170093536,0.925,1.0,0,0
815,t2_b0,1,12,-0.008717097183691902,-0.0033089295029640198,1.4624140021624044e-05,1.4624140021624044e-05,0.02,1.0,0,0
816,t2_b0,10,18,-0.139264584040462,0.0961136668920517,0.02770145982503891,0.02770145982503891,0.03333333333333333,1.0,0,0
816,t2_b0,7,4,-0.028960498593957707,0.19073548913002014,0.024133162572979927,0.024133162572979927,0.3333333333333333,1.0,0,0
817,t2_b0,13,16,-1.0,0.07335443794727325,0.5733544826507568,0.5733544826507568,1.0,1.0,0,0
817,t2_b0,17,8,-0.002479052506294189,0.22032693028450012,0.02482125163078308,0.02482125163078308,0.9500000000000001,1.0,0,0
817,t2_b0,14,4,-0.010486500576314816,0.17383165657520294,0.01698659174144268,0.01698659174144268,0.3333333333333333,1.0,0,0
817,t2_b0,12,0,-0.3146404613458646,0.18803071975708008,0.1263391524553299,0.1263391524553299,0.92,1.0,0,0
817,t2_b0,6,15,0.0,0.0996127501130104,0.004961350001394749,0.004961350001394749,0.02,1.0,0,0
818,t2_b0,2,11,-0.8193880427943822,0.0773819237947464,0.402098149061203,0.402098149061203,0.02,1.0,0,0
819,t2_b0,19,5,0.9769027743521087,0.12784141302108765,0.3604525923728943,0.3604525923728943,0.8400000000000001,1.0,0,0
819,t2_b0,18,0,-0.05221456786140527,0.14372916519641876,0.019196972250938416,0.019196972250938416,0.9333333333333333,1.0,0,0
819,t2_b0,15,6,0.19399512942932504,0.06908240914344788,0.007801594212651253,0.007801594212651253,0.925,1.0,0,0
820,t2_b0,1,18,0.06859154182300782,0.07011070847511292,1.1539325441844994e-06,1.1539325441844994e-06,0.03333333333333333,1.0,0,0
821,t2_b0,15,10,0.4034427619916211,-0.029402725398540497,0.09367761760950089,0.09367761760950089,0.02,1.0,0,0
821,t2_b0,11,9,0.018992027263916893,0.005533047020435333,9.057207353180274e-05,9.057207353180274e-05,0.02,1.0,0,0
821,t2_b0,6,5,-0.6715797688006289,0.15326116979122162,0.3401813209056854,0.3401813209056854,0.9166666666666667,1.0,0,0
822,t2_b0,5,19,0.0565405505289998,0.021571621298789978,0.0006114129209890962,0.0006114129209890962,0.016666666666666666,1.0,0,0
822,t2_b0,3,16,0.8362501878241128,0.17522427439689636,0.21847760677337646,0.21847760677337646,0.929296875,1.0,0,0
823,t2_b0,9,11,0.0641700001093626,-0.019731201231479645,0.0035197059623897076,0.0035197059623897076,1.0,1.0,0,0
824,t2_b0,0,18,0.10225040212155141,0.0008782222867012024,0.005138159729540348,0.005138159729540348,1.0,1.0,0,0
824,t2_b0,14,3,0.6362471069880814,0.1888670027256012,0.10007447749376297,0.10007447749376297,0.9296875,1.0,0,0
824,t2_b0,7,13,0.411063478838558,-0.008724890649318695,0.08811114728450775,0.08811114728450775,1.0,1.0,0,0
824,t2_b0,9,11,-0.027835586740042193,-0.14968612790107727,0.007423777598887682,0.007423777598887682,1.0,1.0,0,0
825,t2_b0,0,18,-0.0021733462504951295,0.031277962028980255,0.0005594950052909553,0.0005594950052909553,1.0,1.0,0,0
826,t2_b0,13,17,0.026665415651953225,0.04142742604017258,0.00010895847663050517,0.00010895847663050517,1.0,1.0,0,0
827,t2_b0,16,3,0.9472002363102726,0.09759999066591263,0.3609102964401245,0.3609102964401245,1.0,1.0,0,0
827,t2_b0,19,2,-0.0560528993636832,0.06535845249891281,0.0073703583329916,0.0073703583329916,0.03333333333333333,1.0,0,0
828,t2_b0,2,10,-0.09637805965229693,0.06865424662828445,0.01361782941967249,0.01361782941967249,0.025,1.0,0,0
828,t2_b0,17,9,0.3177234555672669,-0.01127634197473526,0.05412042886018753,0.05412042886018753,0.2,1.0,0,0
828,t2_b0,12,14,-0.006348574314349974,0.1639004349708557,0.014492363668978214,0.014492363668978214,0.9500000000000001,1.0,0,0
829,t2_b0,10,19,0.0,0.15399140119552612,0.011856676079332829,0.011856676079332829,1.0,1.0,0,0
830,t2_b0,5,17,0.8145888618298706,0.09924506396055222,0.2558583617210388,0.2558583617210388,0.2,1.0,0,0
830,t2_b0,9,13,0.0,0.003280341625213623,5.380320544645656e-06,5.380320544645656e-06,0.099609375,1.0,0,0
831,t2_b0,11,10,0.9873646696905889,0.10718748718500137,0.38735589385032654,0.38735589385032654,0.17500000000000002,1.0,0,0
831,t2_b0,3,8,0.9456899007045844,-0.1253383457660675,0.5710282325744629,0.5710282325744629,1.0,1.0,0,0
831,t2_b0,18,16,0.995406411335702,-0.12570792436599731,0.6211142539978027,0.6211142539978027,1.0,1.0,0,0
831,t2_b0,4,12,0.6024717288743168,0.11650237441062927,0.11808309704065323,0.11808309704065323,0.03333333333333333,1.0,0,0
832,t2_b0,6,4,-0.47993492765387963,-0.009177200496196747,0.1108064204454422,0.1108064204454422,0.025,1.0,0,0
832,t2_b0,8,3,0.0,0.14063571393489838,0.009889202192425728,0.009889202192425728,1.0,1.0,0,0
833,t2_b0,18,16,-0.14420883617354344,0.2302660346031189,0.07011572271585464,0.07011572271585464,1.0,1.0,0,0
834,t2_b0,8,7,0.8387165167884684,0.5133347511291504,0.05293664336204529,0.05293664336204529,0.90078125,1.0,0,0
834,t2_b0,13,5,0.8946578669038685,0.11806698143482208,0.30154669284820557,0.30154669284820557,0.098828125,1.0,0,0
834,t2_b0,16,18,0.01476916793698905,0.10551056265830994,0.0041170003823935986,0.0041170003823935986,0.07382812500000001,1.0,0,0
834,t2_b0,10,11,0.8624321695109793,0.11880868673324585,0.27648794651031494,0.27648794651031494,1.0,1.0,0,0
835,t2_b0,14,19,0.05266663126291455,0.0464286282658577,1.945633630384691e-05,1.945633630384691e-05,0.05,1.0,0,0
835,t2_b0,10,11,-1.0,0.256785124540329,0.7567851543426514,0.7567851543426514,1.0,1.0,0,0
836,t2_b0,19,10,0.0020805594134464633,0.10162848234176636,0.0049548945389688015,0.0049548945389688015,1.0,1.0,0,0
836,t2_b0,15,8,0.9029993404904396,-0.12582185864448547,0.5288212299346924,0.5288212299346924,0.5,1.0,0,0
838,t2_b0,11,14,-0.12430387954881737,0.09020783007144928,0.02300763688981533,0.02300763688981533,0.14765625000000002,1.0,0,0
839,t2_b0,9,7,0.4359003199326175,0.1864551305770874,0.031111454591155052,0.031111454591155052,0.8932291666666666,1.0,0,0
840,t2_b0,4,2,0.17319254677121343,0.02064138650894165,0.01163592841476202,0.01163592841476202,0.025,1.0,0,0
840,t2_b0,13,9,0.4806024786476906,0.1196649894118309,0.06513793021440506,0.06513793021440506,0.09843750000000001,1.0,0,0
841,t2_b0,17,6,0.09634743628419251,0.20315483212471008,0.0057039097882807255,0.0057039097882807255,0.925,1.0,0,0
841,t2_b0,7,9,0.002062379680039685,0.08184465020895004,0.0031826053746044636,0.0031826053746044636,0.8810546875,1.0,0,0
843,t2_b0,7,9,0.3851688546579393,0.06267888098955154,0.05199989303946495,0.05199989303946495,0.0392578125,1.0,0,0
843,t2_b0,14,4,-0.022878456817743132,0.03857845067977905,0.0018884757300838828,0.0018884757300838828,0.05,1.0,0,0
843,t2_b0,19,8,0.9171652544183453,0.2711544632911682,0.20866498351097107,0.20866498351097107,0.9125,1.0,0,0
844,t2_b0,19,11,0.05188719566687078,0.29605013132095337,0.029807768762111664,0.029807768762111664,0.9005208333333334,1.0,0,0
844,t2_b0,15,7,-0.6578795759816547,0.08881024271249771,0.27877286076545715,0.27877286076545715,0.06640625,1.0,0,0
845,t2_b0,8,19,-0.1578317344672922,0.12897756695747375,0.041129786521196365,0.041129786521196365,0.9441406250000001,1.0,0,0
846,t2_b0,11,7,0.06492974920397056,0.10941492766141891,0.0009894657414406538,0.0009894657414406538,0.034895833333333334,1.0,0,0
846,t2_b0,12,6,-0.040070729713762146,0.13770584762096405,0.015802254900336266,0.015802254900336266,0.9333333333333333,1.0,0,0
846,t2_b0,2,17,0.015526145750530644,0.06886584311723709,0.0014225617051124573,0.0014225617051124573,0.025,1.0,0,0
846,t2_b0,3,19,0.18192547586238564,0.13823893666267395,0.000954256858676672,0.000954256858676672,1.0,1.0,0,0
848,t2_b0,8,0,0.9463696575074999,0.10825131088495255,0.35122114419937134,0.35122114419937134,0.9,1.0,0,0
848,t2_b0,2,6,0.07381451429993288,0.1657637357711792,0.0042273299768567085,0.0042273299768567085,0.925,1.0,0,0
848,t2_b0,10,15,-0.11320335552295538,0.07861451059579849,0.018397046253085136,0.018397046253085136,0.01705729166666667,1.0,0,0
849,t2_b0,14,19,-0.0012772174517303478,0.05915680527687073,0.001826135441660881,0.001826135441660881,0.03333333333333333,1.0,0,0
850,t2_b0,6,2,0.0,-0.06571421027183533,0.0021591787226498127,0.0021591787226498127,0.9333333333333333,1.0,0,0
850,t2_b0,18,16,-0.5547106344634153,0.08454728126525879,0.204325333237648,0.204325333237648,0.1,1.0,0,0
850,t2_b0,15,1,-0.08962253141177809,0.2491675466299057,0.05738936364650726,0.05738936364650726,0.9166666666666667,1.0,0,0
851,t2_b0,13,1,-0.4132639220714208,0.23489603400230408,0.21005567908287048,0.21005567908287048,0.9291666666666667,1.0,0,0
851,t2_b0,17,14,-0.5444475931247956,0.0759568065404892,0.19245082139968872,0.19245082139968872,0.025,1.0,0,0
852,t2_b0,9,13,0.1468079641994271,0.06435922533273697,0.0033988975919783115,0.0033988975919783115,0.02,1.0,0,0
853,t2_b0,0,11,0.032626176200668794,-0.03883656486868858,0.002553461352363229,0.002553461352363229,0.025,1.0,0,0
853,t2_b0,17,6,-0.6204667801685557,0.1667969822883606,0.30989211797714233,0.30989211797714233,0.92,1.0,0,0
853,t2_b0,7,13,0.08090091206411613,0.05872092396020889,0.000245975999860093,0.000245975999860093,0.016666666666666666,1.0,0,0
854,t2_b0,1,13,-0.027334355369770677,0.020257383584976196,0.0011324867373332381,0.0011324867373332381,0.05,1.0,0,0
855,t2_b0,3,14,0.9507399708518344,0.08876878768205643,0.37149718403816223,0.37149718403816223,1.0,1.0,0,0
856,t2_b0,12,6,-0.005971970060547967,0.07232459634542465,0.003065176075324416,0.003065176075324416,0.925,1.0,0,0
856,t2_b0,10,0,-0.15566685840711036,0.13494881987571716,0.042228735983371735,0.042228735983371735,0.925,1.0,0,0
857,t2_b0,8,0,-1.0,0.15450629591941833,0.6545063257217407,0.6545063257217407,0.025,1.0,0,0
857,t2_b0,2,6,0.1643579658056274,0.17878535389900208,0.00010407484660390764,0.00010407484660390764,0.925,1.0,0,0
857,t2_b0,5,1,0.21743133399695308,0.08353649824857712,0.008963912725448608,0.008963912725448608,0.146875,1.0,0,0
858,t2_b0,12,2,-0.06744439681082698,0.029996052384376526,0.004747320897877216,0.004747320897877216,0.025,1.0,0,0
858,t2_b0,11,0,-0.05384068254444754,0.12007749080657959,0.015123764984309673,0.015123764984309673,0.9500000000000001,1.0,0,0
858,t2_b0,4,14,0.04956228471350705,0.013929575681686401,0.0006348449387587607,0.0006348449387587607,0.9500000000000001,1.0,0,0
859,t2_b0,6,12,-0.29934785369695266,-0.03375210240483284,0.03527054563164711,0.03527054563164711,0.025,1.0,0,0
860,t2_b0,11,0,0.983043713968267,-0.1079702228307724,0.5910139083862305,0.5910139083862305,0.5,1.0,0,0
860,t2_b0,16,2,-0.8951722697458117,0.04558657109737396,0.442513644695282,0.442513644695282,0.925,1.0,0,0
860,t2_b0,18,12,-0.5742548901861819,0.11336541920900345,0.23641082644462585,0.23641082644462585,0.025,1.0,0,0
862,t2_b0,16,18,0.4669783785939685,0.17084228992462158,0.04384829103946686,0.04384829103946686,1.0,1.0,0,0
863,t2_b0,7,9,0.08917403046416413,0.013383671641349792,0.0028720893897116184,0.0028720893897116184,0.9333333333333333,1.0,0,0
863,t2_b0,14,4,-0.02370729589532745,-0.0218641459941864,1.6986022046694416e-06,1.6986022046694416e-06,1.0,1.0,0,0
864,t2_b0,0,8,0.1434864901304788,-0.05441384017467499,0.019582269713282585,0.019582269713282585,0.92,1.0,0,0
864,t2_b0,1,10,0.0,-0.09743333607912064,0.004746627528220415,0.004746627528220415,1.0,1.0,0,0
864,t2_b0,15,5,-0.3053198829224597,0.08671532571315765,0.07684579491615295,0.07684579491615295,1.0,1.0,0,0
865,t2_b0,4,17,0.0,-0.037682607769966125,0.0007099894573912024,0.0007099894573912024,1.0,1.0,0,0
865,t2_b0,8,0,-0.4056002941310927,0.05719638615846634,0.10709037631750107,0.10709037631750107,0.02,1.0,0,0
865,t2_b0,7,2,0.9663284932663676,0.09510648250579834,0.3795138895511627,0.3795138895511627,1.0,1.0,0,0
866,t2_b0,19,6,0.9872467975778579,0.08572742342948914,0.4063686430454254,0.4063686430454254,1.0,1.0,0,0
866,t2_b0,11,0,-0.0897248302339339,0.35514912009239197,0.09895642101764679,0.09895642101764679,0.925,1.0,0,0
867,t2_b0,2,7,0.08111788080199651,0.017877653241157532,0.001999663421884179,0.001999663421884179,1.0,1.0,0,0
867,t2_b0,13,3,-0.14515648821144253,0.01984400302171707,0.013612582348287106,0.013612582348287106,0.92,1.0,0,0
867,t2_b0,0,5,0.08586054240412293,0.2143380045890808,0.008253227919340134,0.008253227919340134,0.92,1.0,0,0
867,t2_b0,4,19,0.9938612736943853,-0.12576554715633392,0.6196267604827881,0.6196267604827881,0.5,1.0,0,0
868,t2_b0,6,19,-0.00467364590019381,-0.08734949678182602,0.0034176481422036886,0.0034176481422036886,1.0,1.0,0,0
868,t2_b0,14,18,0.9612721807781713,0.10932504385709763,0.36290696263313293,0.36290696263313293,1.0,1.0,0,0
869,t2_b0,10,9,0.0,0.1443924605846405,0.010424591600894928,0.010424591600894928,0.125,1.0,0,0
869,t2_b0,5,13,0.030208445010134442,-0.005962014198303223,0.0006541510811075568,0.0006541510811075568,0.925,1.0,0,0
870,t2_b0,9,10,0.8770633800050217,0.15803824365139008,0.25849857926368713,0.25849857926368713,0.15000000000000002,1.0,0,0
871,t2_b0,3,13,0.11126383658362952,0.09412366151809692,0.00014689275121781975,0.00014689275121781975,0.02,1.0,0,0
871,t2_b0,17,19,0.961687825276645,0.10989125818014145,0.3627786934375763,0.3627786934375763,0.9,1.0,0,0
872,t2_b0,17,19,0.14708619518762,0.262730211019516,0.006686769891530275,0.006686769891530275,0.087109375,1.0,0,0
872,t2_b0,16,0,-0.3597147628084753,0.17214396595954895,0.1414368599653244,0.1414368599653244,0.925,1.0,0,0
872,t2_b0,12,8,0.7492733470613824,0.2357107400894165,0.13187327980995178,0.13187327980995178,0.17500000000000002,1.0,0,0
872,t2_b0,18,14,-0.024715951744053388,0.11691306531429291,0.010029388591647148,0.010029388591647148,0.9500000000000001,1.0,0,0
873,t2_b0,5,11,0.07637032938138373,0.14128783345222473,0.0021071413066238165,0.0021071413066238165,0.016666666666666666,1.0,0,0
873,t2_b0,7,1,0.16978362045605094,0.19111664593219757,0.00022754895326215774,0.00022754895326215774,0.9333333333333333,1.0,0,0
874,t2_b0,1,7,0.016684218843607816,0.1180022805929184,0.00513267470523715,0.00513267470523715,0.03333333333333333,1.0,0,0
875,t2_b0,8,18,0.0,-0.12574522197246552,0.007905930280685425,0.007905930280685425,1.0,1.0,0,0
876,t2_b0,11,0,0.03051980401891574,0.25797200202941895,0.025867251679301262,0.025867251679301262,0.925,1.0,0,0
876,t2_b0,18,8,0.09730476592707916,0.07149693369865417,0.0003330221807118505,0.0003330221807118505,1.0,1.0,0,0
877,t2_b0,10,1,0.6601745573859455,0.24226030707359314,0.08732615411281586,0.08732615411281586,0.9333333333333333,1.0,0,0
877,t2_b0,13,16,0.0049214776849867544,0.06418026983737946,0.0017558021936565638,0.0017558021936565638,0.92,1.0,0,0
877,t2_b0,19,4,0.0165937412848782,0.09127955138683319,0.0027889851480722427,0.0027889851480722427,0.057291666666666664,1.0,0,0
878,t2_b0,4,17,-0.2622109421807907,0.13359993696212769,0.07833312451839447,0.07833312451839447,0.057291666666666664,1.0,0,0
878,t2_b0,15,1,-0.016407800511598368,0.1830008327960968,0.019881902262568474,0.019881902262568474,0.9500000000000001,1.0,0,0
878,t2_b0,3,16,-0.026411361021787143,0.0611204132437706,0.003830905770882964,0.003830905770882964,0.016666666666666666,1.0,0,0
878,t2_b0,14,7,-0.49996737487550474,0.09789561480283737,0.17872005701065063,0.17872005701065063,0.9500000000000001,1.0,0,0
879,t2_b0,1,10,0.0,0.07106306403875351,0.0025249796453863382,0.0025249796453863382,0.03333333333333333,1.0,0,0
880,t2_b0,9,11,0.6160062980260786,0.13162121176719666,0.11731446534395218,0.11731446534395218,0.05,1.0,0,0
880,t2_b0,6,19,0.866989806161462,0.17591676115989685,0.23879098892211914,0.23879098892211914,0.8859374999999999,1.0,0,0
880,t2_b0,4,1,0.009628884765567435,0.14991581439971924,0.00984020996838808,0.00984020996838808,0.036328125,1.0,0,0
881,t2_b0,13,3,0.12986800598708975,0.18610218167304993,0.0015811416087672114,0.0015811416087672114,0.9166666666666667,1.0,0,0
881,t2_b0,16,5,-0.27661268069408657,0.0019335299730300903,0.03879399597644806,0.03879399597644806,0.025,1.0,0,0
881,t2_b0,6,17,0.3127668960002092,0.2388414442539215,0.0027324871625751257,0.0027324871625751257,0.056510416666666674,1.0,0,0
883,t2_b0,0,11,0.0,-0.008794315159320831,3.866999031743035e-05,3.866999031743035e-05,0.05,1.0,0,0
884,t2_b0,2,14,0.8426977393350834,0.1140669658780098,0.2654514014720917,0.2654514014720917,0.1,1.0,0,0
885,t2_b0,10,1,-0.11608711384357973,0.25667816400527954,0.06947697699069977,0.06947697699069977,0.9500000000000001,1.0,0,0
885,t2_b0,19,4,-0.07759425781436052,0.1268083155155182,0.02089020423591137,0.02089020423591137,0.03932291666666667,1.0,0,0
886,t2_b0,11,0,0.032394200486018015,0.18323823809623718,0.011376962065696716,0.011376962065696716,0.9500000000000001,1.0,0,0
886,t2_b0,12,5,0.34390156419615037,0.14091941714286804,0.020600877702236176,0.020600877702236176,0.9333333333333333,1.0,0,0
886,t2_b0,8,7,0.9495450419336066,0.06601953506469727,0.3903086483478546,0.3903086483478546,0.2,1.0,0,0
887,t2_b0,18,9,0.9008070035449376,0.15725946426391602,0.27643150091171265,0.27643150091171265,0.1,1.0,0,0
887,t2_b0,1,4,0.0004938680872110822,0.08125463128089905,0.003261150326579809,0.003261150326579809,0.03333333333333333,1.0,0,0
888,t2_b0,2,14,0.160613860196366,0.07033843547105789,0.004074826370924711,0.004074826370924711,0.1,1.0,0,0
888,t2_b0,15,1,-0.10990733312285836,0.18892335891723633,0.044649891555309296,0.044649891555309296,0.9500000000000001,1.0,0,0
888,t2_b0,17,19,0.22483443791091315,0.04981733113527298,0.015315495431423187,0.015315495431423187,0.03333333333333333,1.0,0,0
889,t2_b0,0,11,0.0,0.06481721252202988,0.00210063555277884,0.00210063555277884,0.1,1.0,0,0
889,t2_b0,5,12,0.0020203993950573505,-0.03269409015774727,0.0006025478942319751,0.0006025478942319751,1.0,1.0,0,0
889,t2_b0,14,2,0.011132101555941576,0.033829301595687866,0.00025758141418918967,0.00025758141418918967,0.1,1.0,0,0
890,t2_b0,5,12,0.1413951787668854,-0.049686089158058167,0.01825602538883686,0.01825602538883686,1.0,1.0,0,0
891,t2_b0,6,4,-0.2576493998656467,0.13067035377025604,0.0753961056470871,0.0753961056470871,0.03333333333333333,1.0,0,0
891,t2_b0,7,13,0.007647071601572394,0.034246742725372314,0.00035377126187086105,0.00035377126187086105,0.9500000000000001,1.0,0,0
891,t2_b0,15,10,-0.013473850265697059,0.20165196061134338,0.023139558732509613,0.023139558732509613,0.9500000000000001,1.0,0,0
892,t2_b0,9,11,0.5628782209142585,0.08888179063796997,0.11233629286289215,0.11233629286289215,0.1,1.0,0,0
892,t2_b0,3,12,-0.006559866831666169,0.08849644660949707,0.004517850931733847,0.004517850931733847,0.05,1.0,0,0
894,t2_b0,16,3,-0.10261665630774706,0.07692444324493408,0.016117502003908157,0.016117502003908157,0.1,1.0,0,0
895,t2_b0,7,8,0.20893504621170256,0.116545669734478,0.004267898853868246,0.004267898853868246,1.0,1.0,0,0
896,t2_b0,0,11,0.0,-0.008838340640068054,3.9058133552316576e-05,3.9058133552316576e-05,0.1,1.0,0,0
896,t2_b0,4,1,0.028332102447499622,0.21354836225509644,0.017152532935142517,0.017152532935142517,0.925,1.0,0,0
896,t2_b0,12,3,-0.17522431171923306,0.06145137548446655,0.028007691726088524,0.028007691726088524,1.0,1.0,0,0
897,t2_b0,18,3,0.9154298073876443,-0.12508727610111237,0.5405170917510986,0.5405170917510986,0.5,1.0,0,0
897,t2_b0,8,13,-0.6562592395014363,0.08394797891378403,0.2739533483982086,0.2739533483982086,0.1,1.0,0,0
897,t2_b0,11,0,0.17150407015573696,0.17593908309936523,9.834690899879206e-06,9.834690899879206e-06,0.9500000000000001,1.0,0,0
898,t2_b0,2,14,0.074200117560618,0.04487275332212448,0.00043004710460081697,0.00043004710460081697,0.1,1.0,0,0
899,t2_b0,14,13,-0.46910137427119414,0.1101817637681961,0.16778446733951569,0.16778446733951569,0.05,1.0,0,0
899,t2_b0,1,15,-0.006064580751493864,0.17784231901168823,0.016910873353481293,0.016910873353481293,0.9333333333333333,1.0,0,0
900,t2_b0,19,6,0.015632469511049615,0.05034605413675308,0.0006025164620950818,0.0006025164620950818,0.03333333333333333,1.0,0,0
900,t2_b0,12,3,0.2761870079176325,0.0006219744682312012,0.037968043237924576,0.037968043237924576,0.05,1.0,0,0
900,t2_b0,4,1,0.379952071888352,0.20543864369392395,0.015227468684315681,0.015227468684315681,0.925,1.0,0,0
901,t2_b0,17,19,0.14667881976321956,0.04492916911840439,0.005176495760679245,0.005176495760679245,0.9333333333333333,1.0,0,0
902,t2_b0,15,4,-0.06161318823433452,0.010558173060417175,0.002604352543130517,0.002604352543130517,0.03333333333333333,1.0,0,0
902,t2_b0,9,11,0.34235803442092105,0.0843336209654808,0.033288292586803436,0.033288292586803436,1.0,1.0,0,0
904,t2_b0,10,15,-0.10236452857905788,0.19430725276470184,0.0440070703625679,0.0440070703625679,0.9500000000000001,1.0,0,0
905,t2_b0,8,2,-0.35013004539204956,0.05136236548423767,0.08059807866811752,0.08059807866811752,0.03333333333333333,1.0,0,0
905,t2_b0,10,15,-0.0008889755021597025,-0.029285304248332977,0.00040317574166692793,0.00040317574166692793,0.03333333333333333,1.0,0,0
906,t2_b0,13,2,-0.04476989414243729,-0.017086103558540344,0.000383196136681363,0.000383196136681363,0.9500000000000001,1.0,0,0
906,t2_b0,11,0,-0.06161857364187193,0.18871644139289856,0.0313338078558445,0.0313338078558445,1.0,1.0,0,0
906,t2_b0,5,14,0.47557703614741176,0.0951322540640831,0.07236910611391068,0.07236910611391068,0.2,1.0,0,0
907,t2_b0,17,10,0.09627334939169405,0.035551659762859344,0.001843561651185155,0.001843561651185155,0.02,1.0,0,0
907,t2_b0,3,16,-0.1956513983280565,0.028456799685955048,0.02511223964393139,0.02511223964393139,0.9500000000000001,1.0,0,0
907,t2_b0,1,6,0.0,0.09678832441568375,0.004683990031480789,0.004683990031480789,0.9333333333333333,1.0,0,0
908,t2_b0,7,3,0.6856181558200009,0.059555843472480774,0.19597701728343964,0.19597701728343964,0.07500000000000001,1.0,0,0
910,t2_b0,6,2,-0.01457446688384385,0.006503656506538391,0.00022214367345441133,0.00022214367345441133,0.9500000000000001,1.0,0,0
910,t2_b0,16,7,-0.03379562513170179,-0.049789465963840485,0.0001279014686588198,0.0001279014686588198,0.9500000000000001,1.0,0,0
911,t2_b0,6,0,-0.8569126006323379,-0.04745073616504669,0.32761427760124207,0.32761427760124207,0.05,1.0,0,0
912,t2_b0,17,19,0.0,-0.08445728570222855,0.003566516563296318,0.003566516563296318,0.1,1.0,0,0
912,t2_b0,8,9,0.9411716751862761,0.1302708089351654,0.32878005504608154,0.32878005504608154,1.0,1.0,0,0
912,t2_b0,18,7,-0.016324927517731288,0.10028041154146194,0.00679840287193656,0.00679840287193656,0.05,1.0,0,0
913,t2_b0,8,9,0.2509634499588377,0.2759220004081726,0.0003114646242465824,0.0003114646242465824,1.0,1.0,0,0
913,t2_b0,19,17,0.35474294820183366,0.06904184818267822,0.04081255942583084,0.04081255942583084,0.9500000000000001,1.0,0,0
913,t2_b0,3,16,0.2613295774576953,0.003053434193134308,0.0333532877266407,0.0333532877266407,0.9500000000000001,1.0,0,0
914,t2_b0,16,15,0.0,-0.1832275390625,0.01678616553544998,0.01678616553544998,1.0,1.0,0,0
914,t2_b0,9,8,0.0,0.001753300428390503,1.5370311530205072e-06,1.5370311530205072e-06,1.0,1.0,0,0
914,t2_b0,0,11,0.0035458651963611158,0.056039415299892426,0.001377786393277347,0.001377786393277347,0.9500000000000001,1.0,0,0
915,t2_b0,12,11,0.9420589314390038,-0.12477747350931168,0.5668363571166992,0.5668363571166992,1.0,1.0,0,0
915,t2_b0,0,6,-0.02925594446235518,-0.04759461432695389,0.0001681533904047683,0.0001681533904047683,1.0,1.0,0,0
915,t2_b0,4,8,0.10861915214399241,0.02342117577791214,0.003629347775131464,0.003629347775131464,1.0,1.0,0,0
916,t2_b0,2,11,-0.1432428182497496,-0.04501435160636902,0.004824416246265173,0.004824416246265173,0.9500000000000001,1.0,0,0
916,t2_b0,3,13,0.0,0.06467033922672272,0.0020911262836307287,0.0020911262836307287,0.1,1.0,0,0
917,t2_b0,14,18,-0.13155545880606442,-0.0024418607354164124,0.008335159160196781,0.008335159160196781,0.1,1.0,0,0
917,t2_b0,13,3,0.13034323024201966,0.0670682042837143,0.002001864369958639,0.002001864369958639,1.0,1.0,0,0
917,t2_b0,5,7,-0.13090826516589713,0.10443215817213058,0.027692556381225586,0.027692556381225586,1.0,1.0,0,0
918,t2_b0,2,6,0.47240507314709346,0.03756130486726761,0.09454455226659775,0.09454455226659775,0.1,1.0,0,0
919,t2_b0,15,18,0.9010271376706924,0.14574655890464783,0.28522440791130066,0.28522440791130066,1.0,1.0,0,0
919,t2_b0,19,17,0.17402939136771256,0.0213642418384552,0.011653324589133263,0.011653324589133263,0.9500000000000001,1.0,0,0
919,t2_b0,3,10,0.9573222813033682,0.18777483701705933,0.2961016595363617,0.2961016595363617,0.9005208333333334,1.0,0,0
919,t2_b0,12,2,0.4446167811968491,0.05041491240262985,0.07769756019115448,0.07769756019115448,0.19921875,1.0,0,0
920,t2_b0,16,17,0.9526376516402091,0.07436954975128174,0.3856774568557739,0.3856774568557739,0.9375,1.0,0,0
920,t2_b0,18,15,0.13202562884519262,0.07090200483798981,0.001868048682808876,0.001868048682808876,0.1,1.0,0,0
920,t2_b0,13,4,0.0,0.16159780323505402,0.013056924566626549,0.013056924566626549,0.04973958333333334,1.0,0,0
921,t2_b0,15,18,0.4519907922677367,0.20355412364006042,0.030860386788845062,0.030860386788845062,0.1,1.0,0,0
921,t2_b0,7,13,-0.05982277761641978,0.08297793567180634,0.010196022689342499,0.010196022689342499,0.9333333333333333,1.0,0,0
922,t2_b0,6,10,-0.13469063472531467,0.08233862370252609,0.023550845682621002,0.023550845682621002,0.05,1.0,0,0
922,t2_b0,16,19,0.0,0.26085609197616577,0.03402294963598251,0.03402294963598251,0.06015625,1.0,0,0
923,t2_b0,14,17,0.0,-0.12592291831970215,0.007928290404379368,0.007928290404379368,0.5,1.0,0,0
923,t2_b0,9,7,0.4017846094934146,0.08322574943304062,0.050739869475364685,0.050739869475364685,1.0,1.0,0,0
923,t2_b0,19,16,0.9336813862974214,0.30073270201683044,0.20031198859214783,0.20031198859214783,1.0,1.0,0,0
924,t2_b0,10,6,-0.0019597447146729803,0.04947572201490402,0.0013228036696091294,0.0013228036696091294,0.9333333333333333,1.0,0,0
924,t2_b0,19,16,-1.0,0.32780906558036804,0.8278090953826904,0.8278090953826904,1.0,1.0,0,0
924,t2_b0,7,9,0.014645722124494628,0.142532616853714,0.008177528157830238,0.008177528157830238,0.05,1.0,0,0
927,t2_b0,5,15,-0.1193936646990524,0.20351868867874146,0.05213618651032448,0.05213618651032448,1.0,1.0,0,0
927,t2_b0,17,14,0.8009904238914191,0.1402905136346817,0.218262180685997,0.218262180685997,0.087109375,1.0,0,0
928,t2_b0,13,2,0.8557062170896083,0.21029449999332428,0.20827814936637878,0.20827814936637878,0.9500000000000001,1.0,0,0
928,t2_b0,4,10,0.5855588419366481,0.2080851048231125,0.07124320417642593,0.07124320417642593,0.9333333333333333,1.0,0,0
928,t2_b0,11,3,0.4818615097426707,-0.12570306658744812,0.18456734716892242,0.18456734716892242,0.5,1.0,0,0
929,t2_b0,9,10,-0.23314069410557048,0.15331436693668365,0.07467375695705414,0.07467375695705414,0.016666666666666666,1.0,0,0
930,t2_b0,1,2,0.003111502148673851,0.0938301756978035,0.004114938899874687,0.004114938899874687,0.05,1.0,0,0
930,t2_b0,8,19,-0.012036297466948032,0.17249709367752075,0.017026284709572792,0.017026284709572792,1.0,1.0,0,0
931,t2_b0,10,14,0.0,-0.2046414613723755,0.020939063280820847,0.020939063280820847,0.02,1.0,0,0
932,t2_b0,18,3,-0.010533573259883546,0.08650361746549606,0.004708108026534319,0.004708108026534319,0.9500000000000001,1.0,0,0
933,t2_b0,8,16,0.996240551720603,0.1334039866924286,0.3722434937953949,0.3722434937953949,0.2,1.0,0,0
933,t2_b0,4,17,0.0,0.11115739494562149,0.006177983246743679,0.006177983246743679,0.025,1.0,0,0
934,t2_b0,15,4,0.16668422947416253,0.12755078077316284,0.0007657132227905095,0.0007657132227905095,1.0,1.0,0,0
935,t2_b0,5,9,0.0,-0.06671220064163208,0.0022252588532865047,0.0022252588532865047,0.03333333333333333,1.0,0,0
936,t2_b0,12,1,0.19880694461460657,0.1288255751132965,0.0024486957117915154,0.0024486957117915154,0.925,1.0,0,0
936,t2_b0,9,3,0.9666332320737488,0.19970253109931946,0.2940913438796997,0.2940913438796997,0.8833333333333333,1.0,0,0
937,t2_b0,3,5,-0.08034914243555924,0.1328950673341751,0.02273654378950596,0.02273654378950596,0.9333333333333333,1.0,0,0
938,t2_b0,12,1,-0.04281768544911376,0.19668681919574738,0.028681203722953796,0.028681203722953796,0.925,1.0,0,0
938,t2_b0,13,2,0.15571638004723926,0.08569765090942383,0.0024513108655810356,0.0024513108655810356,0.03333333333333333,1.0,0,0
938,t2_b0,14,17,0.25319456406723995,0.1308717429637909,0.007481437176465988,0.007481437176465988,1.0,1.0,0,0
938,t2_b0,3,5,0.1764439549967139,0.04180065542459488,0.009064407087862492,0.009064407087862492,0.9333333333333333,1.0,0,0
939,t2_b0,7,2,0.79864722222622,-0.12465983629226685,0.4262479543685913,0.4262479543685913,0.5,1.0,0,0
940,t2_b0,5,9,-0.004561841079004485,0.02550467848777771,0.0004519978247117251,0.0004519978247117251,0.9500000000000001,1.0,0,0
940,t2_b0,19,2,0.9726855376827095,0.19922968745231628,0.29911696910858154,0.29911696910858154,0.8833333333333333,1.0,0,0
940,t2_b0,6,10,-0.038765208083345576,0.06561901420354843,0.005448032636195421,0.005448032636195421,0.9333333333333333,1.0,0,0
940,t2_b0,11,16,-0.09209741342030317,0.16266965866088867,0.03245312720537186,0.03245312720537186,0.1,1.0,0,0
941,t2_b0,18,8,0.0,0.1901102215051651,0.018070947378873825,0.018070947378873825,0.925,1.0,0,0
941,t2_b0,3,4,0.9162723530677742,0.1366640031337738,0.30389460921287537,0.30389460921287537,0.2,1.0,0,0
941,t2_b0,14,17,0.15330659466529498,0.09246941655874252,0.0018505807965993881,0.0018505807965993881,0.025,1.0,0,0
944,t2_b0,9,18,0.006007352370494367,0.18755894899368286,0.016480490565299988,0.016480490565299988,0.03333333333333333,1.0,0,0
944,t2_b0,0,19,-0.005679113890248716,0.0390896201133728,0.001002119854092598,0.001002119854092598,1.0,1.0,0,0
944,t2_b0,10,6,-0.048621336281164364,0.03114226460456848,0.003181116422638297,0.003181116422638297,0.925,1.0,0,0
944,t2_b0,5,15,0.9237721533376624,-0.1249060183763504,0.5486781597137451,0.5486781597137451,1.0,1.0,0,0
945,t2_b0,15,16,0.5830879920204061,0.14396324753761292,0.09641526639461517,0.09641526639461517,0.3333333333333333,1.0,0,0
945,t2_b0,1,6,0.0010963220529161993,0.13752931356430054,0.009306980296969414,0.009306980296969414,0.92,1.0,0,0
945,t2_b0,2,13,0.07492566017222575,-0.037839993834495544,0.006358046550303698,0.006358046550303698,0.03333333333333333,1.0,0,0
946,t2_b0,18,9,0.05907662399350324,0.04772011935710907,6.44851170363836e-05,6.44851170363836e-05,0.025,1.0,0,0
946,t2_b0,19,0,0.6121681669295908,0.027487069368362427,0.1709260195493698,0.1709260195493698,0.03333333333333333,1.0,0,0
947,t2_b0,8,9,-0.46893509837002123,0.15667688846588135,0.1956952065229416,0.1956952065229416,0.03333333333333333,1.0,0,0
947,t2_b0,1,12,0.6379246327621858,-0.017697393894195557,0.21492010354995728,0.21492010354995728,0.03333333333333333,1.0,0,0
948,t2_b0,17,9,0.5258276292970077,0.29129743576049805,0.027502208948135376,0.027502208948135376,0.03333333333333333,1.0,0,0
948,t2_b0,4,6,-0.6537270367252591,0.17748725414276123,0.34545862674713135,0.34545862674713135,0.9333333333333333,1.0,0,0
948,t2_b0,2,19,-0.00027472154275453003,-0.07790375500917435,0.0030131330713629723,0.0030131330713629723,0.03333333333333333,1.0,0,0
949,t2_b0,6,3,-0.09536189855650198,0.003998957574367523,0.004936289507895708,0.004936289507895708,0.02,1.0,0,0
950,t2_b0,4,10,0.2997561867538216,0.12896935641765594,0.01458407286554575,0.01458407286554575,0.9333333333333333,1.0,0,0
950,t2_b0,15,16,0.15489194352634922,0.3135686218738556,0.012589145451784134,0.012589145451784134,0.0296875,1.0,0,0
951,t2_b0,7,16,-0.020587845243667503,0.2256675660610199,0.03032086417078972,0.03032086417078972,0.9500000000000001,1.0,0,0
952,t2_b0,5,11,0.5873579247635881,0.16901159286499023,0.08750683069229126,0.08750683069229126,0.049479166666666664,1.0,0,0
953,t2_b0,17,9,-0.06339144024662004,0.05008700489997864,0.0064386785961687565,0.0064386785961687565,1.0,1.0,0,0
954,t2_b0,18,15,-0.040218704687799034,0.08318794518709183,0.007614600472152233,0.007614600472152233,0.03333333333333333,1.0,0,0
954,t2_b0,16,7,-0.2974577783265975,0.044268734753131866,0.05838850513100624,0.05838850513100624,1.0,1.0,0,0
954,t2_b0,0,12,0.0,0.034651197493076324,0.0006003527669236064,0.0006003527669236064,0.925,1.0,0,0
954,t2_b0,10,6,-0.061465163505504905,-0.043806105852127075,0.0001559211523272097,0.0001559211523272097,0.9500000000000001,1.0,0,0
955,t2_b0,19,1,-0.16993318637433724,0.12941531836986542,0.04480476304888725,0.04480476304888725,0.025,1.0,0,0
956,t2_b0,12,10,0.007649962394847548,0.12674838304519653,0.007092216517776251,0.007092216517776251,0.925,1.0,0,0
956,t2_b0,0,19,0.0837887905200423,-0.03781591355800629,0.00739385187625885,0.00739385187625885,0.03333333333333333,1.0,0,0
957,t2_b0,3,11,0.0,0.13713529706001282,0.009403045289218426,0.009403045289218426,0.9500000000000001,1.0,0,0
957,t2_b0,13,2,0.05178944376719449,0.09940124303102493,0.0011334416922181845,0.0011334416922181845,1.0,1.0,0,0
957,t2_b0,10,6,0.13017645462531735,-0.08183789253234863,0.022475041449069977,0.022475041449069977,0.9500000000000001,1.0,0,0
958,t2_b0,7,9,0.23329040057835412,0.11640553176403046,0.006831036880612373,0.006831036880612373,0.03333333333333333,1.0,0,0
958,t2_b0,14,15,0.9110855542846006,0.19102394580841064,0.2592443525791168,0.2592443525791168,0.9500000000000001,1.0,0,0
958,t2_b0,12,1,-0.015547510126150937,0.1278766691684723,0.010285248048603535,0.010285248048603535,0.05,1.0,0,0
958,t2_b0,11,3,0.9613558322591409,0.29846739768981934,0.21971051394939423,0.21971051394939423,0.17500000000000002,1.0,0,0
959,t2_b0,8,5,0.9999994774395148,-0.1254628449678421,0.6254622936248779,0.6254622936248779,0.3333333333333333,1.0,0,0
959,t2_b0,6,12,0.11738131387446477,0.0033701956272125244,0.006499267183244228,0.006499267183244228,1.0,1.0,0,0
959,t2_b0,2,13,0.2003091646888443,-0.12598778307437897,0.05323484167456627,0.05323484167456627,1.0,1.0,0,0
960,t2_b0,3,11,0.06637602649205816,0.12654432654380798,0.0018101123860105872,0.0018101123860105872,1.0,1.0,0,0
961,t2_b0,9,15,-0.14458587307278187,0.12642407417297363,0.036723196506500244,0.036723196506500244,0.03333333333333333,1.0,0,0
962,t2_b0,15,5,0.04436513144927204,0.1708192229270935,0.007995317690074444,0.007995317690074444,0.025,1.0,0,0
962,t2_b0,14,8,0.4297593381914195,0.17707490921020508,0.03192470595240593,0.03192470595240593,0.03333333333333333,1.0,0,0
963,t2_b0,2,3,0.0,-0.12591667473316193,0.007927504368126392,0.007927504368126392,1.0,1.0,0,0
963,t2_b0,1,19,-0.008948144829211118,0.08146447688341141,0.004087221343070269,0.004087221343070269,0.03333333333333333,1.0,0,0
963,t2_b0,7,9,-0.00413479220151729,0.1252897083759308,0.008375350385904312,0.008375350385904312,0.05,1.0,0,0
965,t2_b0,6,3,0.16196744138882394,0.07120022177696228,0.004119344055652618,0.004119344055652618,1.0,1.0,0,0
965,t2_b0,13,7,0.9397972771620176,-0.12516528367996216,0.56496262550354,0.56496262550354,1.0,1.0,0,0
966,t2_b0,3,2,0.5438160332059243,0.032931603491306305,0.13050143420696259,0.13050143420696259,0.5,1.0,0,0
966,t2_b0,0,19,0.09316418973980005,-0.024061374366283417,0.0068709165789186954,0.0068709165789186954,1.0,1.0,0,0
968,t2_b0,17,12,-0.12316998332709342,0.23777905106544495,0.06514210253953934,0.06514210253953934,0.05,1.0,0,0
969,t2_b0,5,15,-0.07638330687203708,0.1696060597896576,0.030255384743213654,0.030255384743213654,0.92,1.0,0,0
971,t2_b0,4,17,0.6210738041097701,0.12302054464817047,0.1240285187959671,0.1240285187959671,1.0,1.0,0,0
972,t2_b0,9,18,0.0607097824967932,0.10840314626693726,0.0011373284505680203,0.0011373284505680203,0.1,1.0,0,0
972,t2_b0,11,2,0.6936944196480731,0.23565484583377838,0.10490012913942337,0.10490012913942337,0.06588541666666667,1.0,0,0
972,t2_b0,8,14,0.0487763162871202,0.19790098071098328,0.011119083501398563,0.011119083501398563,0.9166666666666667,1.0,0,0
972,t2_b0,1,17,-0.009684647145535932,0.09424825757741928,0.005401024129241705,0.005401024129241705,0.05,1.0,0,0
973,t2_b0,8,2,-0.02061086163405268,0.12649250030517578,0.010819700546562672,0.010819700546562672,0.016666666666666666,1.0,0,0
973,t2_b0,5,14,0.28227592873257046,0.14234709739685059,0.009790036827325821,0.009790036827325821,0.025,1.0,0,0
974,t2_b0,14,8,0.017375739861897065,0.13296476006507874,0.006680411286652088,0.006680411286652088,0.016666666666666666,1.0,0,0
975,t2_b0,13,12,-0.6037713990721942,0.2382529228925705,0.35450246930122375,0.35450246930122375,0.03333333333333333,1.0,0,0
975,t2_b0,2,8,0.7299278208139138,0.17675167322158813,0.15300193428993225,0.15300193428993225,0.016666666666666666,1.0,0,0
975,t2_b0,18,16,-0.01647242676175756,-0.17284975945949554,0.012226934544742107,0.012226934544742107,0.05,1.0,0,0
976,t2_b0,12,13,0.02744862066454744,0.1405271589756012,0.006393377669155598,0.006393377669155598,0.9333333333333333,1.0,0,0
976,t2_b0,16,18,0.8705777043807242,0.11256849765777588,0.28728896379470825,0.28728896379470825,0.125,1.0,0,0
977,t2_b0,11,3,-0.05545450231379795,0.20284804701805115,0.03336010128259659,0.03336010128259659,0.040625,1.0,0,0
978,t2_b0,2,5,-0.19083083166723872,0.14480677247047424,0.05632629990577698,0.05632629990577698,0.016666666666666666,1.0,0,0
978,t2_b0,13,17,-0.3310259556808091,0.13243608176708221,0.10739853978157043,0.10739853978157043,0.9500000000000001,1.0,0,0
979,t2_b0,15,14,-0.004206097311346495,0.1731230914592743,0.015722818672657013,0.015722818672657013,0.925,1.0,0,0
979,t2_b0,6,2,0.43768762636575653,0.29485884308815,0.010200032033026218,0.010200032033026218,0.02,1.0,0,0
980,t2_b0,19,7,0.5940685668640644,0.12545274198055267,0.10980039834976196,0.10980039834976196,0.1,1.0,0,0
980,t2_b0,1,12,0.0,0.047342732548713684,0.0011206672061234713,0.0011206672061234713,0.05,1.0,0,0
981,t2_b0,17,12,-0.012809344489179217,0.07643689215183258,0.003982445225119591,0.003982445225119591,0.9333333333333333,1.0,0,0
981,t2_b0,7,15,-0.10366993950890044,0.11160732060670853,0.023172147572040558,0.023172147572040558,0.9500000000000001,1.0,0,0
983,t2_b0,14,5,-0.14865923741963752,0.09014566242694855,0.028513891622424126,0.028513891622424126,0.016666666666666666,1.0,0,0
983,t2_b0,9,18,0.11800060444917825,0.0647784024477005,0.001416301354765892,0.001416301354765892,1.0,1.0,0,0
984,t2_b0,7,19,0.1868611691125724,0.0673442855477333,0.007142143324017525,0.007142143324017525,0.05,1.0,0,0
985,t2_b0,19,7,0.09435816677474736,0.16545383632183075,0.002527297008782625,0.002527297008782625,0.1,1.0,0,0
985,t2_b0,9,18,0.07388958511706246,0.09710082411766052,0.00026938083465211093,0.00026938083465211093,0.1,1.0,0,0
986,t2_b0,12,17,-0.03567875905304523,0.07164859026670456,0.005759580060839653,0.005759580060839653,0.9500000000000001,1.0,0,0
986,t2_b0,3,11,-0.09501054484661163,0.2851208448410034,0.07224994152784348,0.07224994152784348,0.016666666666666666,1.0,0,0
987,t2_b0,18,9,-0.01624006701613842,-0.08024156838655472,0.002048096153885126,0.002048096153885126,0.05,1.0,0,0
987,t2_b0,13,6,0.9495169308230931,0.14780449867248535,0.3213714361190796,0.3213714361190796,0.9333333333333333,1.0,0,0
988,t2_b0,4,17,-0.4986058251936131,0.21356764435768127,0.2535955309867859,0.2535955309867859,1.0,1.0,0,0
988,t2_b0,13,6,-0.21526923779105875,0.286142498254776,0.12570686638355255,0.12570686638355255,0.03333333333333333,1.0,0,0
989,t2_b0,5,8,-0.15041604234903247,0.16522449254989624,0.04981447383761406,0.04981447383761406,0.925,1.0,0,0
989,t2_b0,1,12,0.020282682561093723,0.09486567974090576,0.0027813115157186985,0.0027813115157186985,0.05,1.0,0,0
990,t2_b0,6,8,-0.3851186015565039,0.1850598156452179,0.16255170106887817,0.16255170106887817,0.9166666666666667,1.0,0,0
990,t2_b0,16,18,-0.9010953822071894,0.119333416223526,0.5204287767410278,0.5204287767410278,1.0,1.0,0,0
991,t2_b0,6,13,0.31734411942577456,-0.06884978711605072,0.07457287609577179,0.07457287609577179,0.016666666666666666,1.0,0,0
991,t2_b0,17,12,0.03674103029724029,0.0023738518357276917,0.0005905514699406922,0.0005905514699406922,0.9333333333333333,1.0,0,0
992,t2_b0,8,2,9.454330758796617e-05,0.15354877710342407,0.011774100363254547,0.011774100363254547,0.92,1.0,0,0
993,t2_b0,3,13,-0.06673693035904309,0.19175702333450317,0.03340956196188927,0.03340956196188927,0.016666666666666666,1.0,0,0
993,t2_b0,14,8,-0.15272564042419476,0.07346315681934357,0.02558068558573723,0.02558068558573723,0.014285714285714287,1.0,0,0
993,t2_b0,12,1,-0.01909195278701521,-0.031162895262241364,7.285382889676839e-05,7.285382889676839e-05,0.03333333333333333,1.0,0,0
994,t2_b0,7,15,0.05580972587501317,0.03942976891994476,0.0001341514871455729,0.0001341514871455729,0.02,1.0,0,0
995,t2_b0,11,2,-0.023059727022611463,0.2848750650882721,0.04741191864013672,0.04741191864013672,0.925,1.0,0,0
995,t2_b0,18,16,0.011585898543995285,0.019218899309635162,2.913134994741995e-05,2.913134994741995e-05,0.05,1.0,0,0
996,t2_b0,9,16,0.10104469362165899,-0.028375402092933655,0.008374781347811222,0.008374781347811222,0.9500000000000001,1.0,0,0
996,t2_b0,2,8,0.12173419097375059,0.07353954017162323,0.001161362393759191,0.001161362393759191,0.9166666666666667,1.0,0,0
998,t2_b0,8,5,-0.17072173085596173,0.11833953857421875,0.04177820309996605,0.04177820309996605,0.016666666666666666,1.0,0,0
998,t2_b0,13,11,-0.34579688121508634,0.13366906344890594,0.11494380235671997,0.11494380235671997,0.05,1.0,0,0
998,t2_b0,4,0,-0.09049945486818783,0.11213703453540802,0.02053077146410942,0.02053077146410942,1.0,1.0,0,0
999,t2_b0,14,5,-0.10361749531372605,0.10117870569229126,0.020970741286873817,0.020970741286873817,0.025,1.0,0,0
999,t2_b0,17,12,0.16904285398840094,-0.009945005178451538,0.016018327325582504,0.016018327325582504,0.1,1.0,0,0
999,t2_b0,15,1,-0.7073499674703269,0.036477312445640564,0.27663952112197876,0.27663952112197876,0.9500000000000001,1.0,0,0
999,t2_b0,11,6,0.5648750546776703,0.1831994205713272,0.07283815741539001,0.07283815741539001,0.025,1.0,0,0
1000,t2_b0,12,17,0.12866850189056003,-0.03299539536237717,0.013067606836557388,0.013067606836557388,0.9500000000000001,1.0,0,0
1000,t2_b0,3,2,0.12565204889124273,0.21446724236011505,0.003944069612771273,0.003944069612771273,0.9166666666666667,1.0,0,0
1000,t2_b0,0,15,0.04610125238068034,0.07756190747022629,0.0004948863643221557,0.0004948863643221557,1.0,1.0,0,0
1000,t2_b0,5,8,0.005567892756469953,0.0922597199678421,0.003757736412808299,0.003757736412808299,0.016666666666666666,1.0,0,0
