step,contact_threshold_rx_power_dbm,contact_threshold_snr_db,feasible_contact_decisions,feasible_contact_pairs,greedy_comm_bytes,greedy_comm_cumulative_mb,greedy_comm_mb,greedy_events,local_policy_initial_pull_probability,model_transfer_snr_min_db,network_half_duplex_rejections,network_mean_direction_capacity_bytes,network_mean_sinr_db,network_min_sinr_db,network_raw_contact_pairs,network_raw_directed_candidates,network_rejected_transfers,network_scheduled_transfers,network_shortlisted_directed_candidates,network_sinr_or_airtime_rejections,network_transfer_proposals,noise_floor_dbm,propagation_loss_contact_threshold_db,rssi_gossip_threshold_dbm,snr_min_db,t2_b0_comm_bytes,t2_b0_comm_cumulative_mb,t2_b0_comm_cumulative_vs_greedy_ratio,t2_b0_comm_mb,t2_b0_comm_vs_greedy_ratio,t2_b0_events,t2_b0_metadata_bytes,t2_b0_model_bytes,t2_b0_model_messages,t2_b0_policy_bytes,t2_b0_policy_messages,t2_b0_pull_events,t2_b0_scalar_bytes,t2_b0_scalar_control_bytes,t2_b0_scalar_control_messages,t2_b0_scalar_loss_bytes,t2_b0_scalar_loss_messages,t2_b0_scalar_messages,t2_b0_selected_providers,t2_b0_training_sample_bytes,t2_b0_training_sample_messages,t2_b0_valid_pull_events
1,-47.5,57.5,0,0,0,0.0,0.0,0,0.0,57.5,,,,,0,,,0,0,,0,-105.0,70.5,-47.5,5.0,0,0.0,nan,0.0,nan,0,0,0,0,0,0,0,0,0,0,0,0,0,0,0,0,0
2,-47.5,57.5,2,1,0,0.0,0.0,0,0.0,57.5,1,562500.0,65.34734725952148,65.34734725952148,1,2,1,1,2,0,2,-105.0,70.5,-47.5,5.0,495952,0.495952,nan,0.495952,nan,1,144,289160,2,206648,2,1,0,0,0,0,0,0,1,0,0,0
3,-47.5,57.5,4,2,0,0.0,0.0,0,0.0,57.5,2,562500.0,42.558376512405246,41.25456584793081,2,4,2,2,4,0,4,-105.0,70.5,-47.5,5.0,992168,1.48812,nan,0.992168,nan,2,288,578320,4,413296,4,2,264,128,32,136,34,66,2,0,0,2
4,-47.5,57.5,6,3,0,0.0,0.0,0,0.0,57.5,3,562500.0,63.281057357788086,61.851173400878906,3,6,3,2,6,0,5,-105.0,70.5,-47.5,5.0,1198960,2.68708,nan,1.19896,nan,2,432,578320,4,619944,6,2,264,128,32,136,34,66,2,0,0,2
5,-47.5,57.5,10,5,0,0.0,0.0,0,0.0,57.5,4,562500.0,33.93971610729881,32.997579884057075,5,10,4,2,10,0,6,-105.0,70.5,-47.5,5.0,1612544,4.299624,nan,1.612544,nan,2,720,578320,4,1033240,10,2,264,128,32,136,34,66,2,0,0,2
6,-47.5,57.5,10,5,0,0.0,0.0,0,0.0,57.5,4,562500.0,34.274202101236085,33.76231748755406,5,10,4,2,10,0,6,-105.0,70.5,-47.5,5.0,1612544,5.912168,nan,1.612544,nan,2,720,578320,4,1033240,10,2,264,128,32,136,34,66,2,0,0,2
7,-47.5,57.5,10,5,0,0.0,0.0,0,0.0,57.5,4,562500.0,34.84456631794032,34.21545804305305,5,10,4,2,10,0,6,-105.0,70.5,-47.5,5.0,1612544,7.524712,nan,1.612544,nan,2,720,578320,4,1033240,10,2,264,128,32,136,34,66,2,0,0,2
8,-47.5,57.5,10,5,0,0.0,0.0,0,0.0,57.5,4,562500.0,33.20312065784915,32.21624772956525,5,10,4,2,10,0,6,-105.0,70.5,-47.5,5.0,1612544,9.137256,nan,1.612544,nan,2,720,578320,4,1033240,10,2,264,128,32,136,34,66,2,0,0,2
9,-47.5,57.5,12,6,0,0.0,0.0,0,0.0,57.5,5,562500.0,43.21528712860146,20.570864032999815,6,12,5,3,12,0,8,-105.0,70.5,-47.5,5.0,2108628,11.245884,nan,2.108628,nan,3,864,867480,6,1239888,12,3,396,192,48,204,51,99,3,0,0,3
10,-47.5,57.5,8,4,0,0.0,0.0,0,0.0,57.5,4,562500.0,61.194875717163086,60.5091552734375,4,8,4,3,8,0,7,-105.0,70.5,-47.5,5.0,1695044,12.940928,nan,1.695044,nan,3,576,867480,6,826592,8,3,396,192,48,204,51,99,3,0,0,3
11,-47.5,57.5,12,6,0,0.0,0.0,0,0.0,57.5,5,562500.0,50.81743285612649,35.421273063348586,6,12,5,4,12,0,9,-105.0,70.5,-47.5,5.0,2397920,15.338848,nan,2.39792,nan,4,864,1156640,8,1239888,12,4,528,256,64,272,68,132,4,0,0,4
12,-47.5,57.5,14,7,0,0.0,0.0,0,0.0,57.5,5,562500.0,50.153130344719656,26.06273859258772,7,14,5,4,14,0,9,-105.0,70.5,-47.5,5.0,2604712,17.94356,nan,2.604712,nan,4,1008,1156640,8,1446536,14,4,528,256,64,272,68,132,4,0,0,4
13,-47.5,57.5,16,8,0,0.0,0.0,0,0.0,57.5,6,562500.0,48.911925723088444,39.60288433521799,8,16,6,3,16,0,9,-105.0,70.5,-47.5,5.0,2522212,20.465772,nan,2.522212,nan,3,1152,867480,6,1653184,16,3,396,192,48,204,51,99,3,0,0,3
14,-47.5,57.5,10,5,0,0.0,0.0,0,0.0,57.5,3,562500.0,48.975978584115666,39.813209396075656,5,10,3,3,10,0,6,-105.0,70.5,-47.5,5.0,1901836,22.367608,nan,1.901836,nan,3,720,867480,6,1033240,10,3,396,192,48,204,51,99,3,0,0,3
15,-47.5,57.5,16,8,0,0.0,0.0,0,0.0,57.5,5,562500.0,62.95223522186279,58.5024528503418,8,16,5,2,16,0,7,-105.0,70.5,-47.5,5.0,2232920,24.600528,nan,2.23292,nan,2,1152,578320,4,1653184,16,2,264,128,32,136,34,66,2,0,0,2
16,-47.5,57.5,12,6,0,0.0,0.0,0,0.0,57.5,4,562500.0,41.706865531819126,34.41708922953798,6,12,4,2,12,0,6,-105.0,70.5,-47.5,5.0,1819336,26.419864,nan,1.819336,nan,2,864,578320,4,1239888,12,2,264,128,32,136,34,66,2,0,0,2
17,-47.5,57.5,8,4,0,0.0,0.0,0,0.0,57.5,3,562500.0,31.051799459233145,25.880286405581508,4,8,3,2,8,0,5,-105.0,70.5,-47.5,5.0,1405752,27.825616,nan,1.405752,nan,2,576,578320,4,826592,8,2,264,128,32,136,34,66,2,0,0,2
18,-47.5,57.5,10,5,0,0.0,0.0,0,0.0,57.5,3,562500.0,49.40901680790057,37.14898673064616,5,10,3,3,10,0,6,-105.0,70.5,-47.5,5.0,1901836,29.727452,nan,1.901836,nan,3,720,867480,6,1033240,10,3,396,192,48,204,51,99,3,0,0,3
19,-47.5,57.5,8,4,0,0.0,0.0,0,0.0,57.5,3,562500.0,60.028125029804606,39.64597792502286,4,8,3,3,8,0,6,-105.0,70.5,-47.5,5.0,1695044,31.422496,nan,1.695044,nan,3,576,867480,6,826592,8,3,396,192,48,204,51,99,3,0,0,3
20,-47.5,57.5,12,6,0,0.0,0.0,0,0.0,57.5,5,562500.0,37.30262673170003,18.508667672294614,6,12,5,4,12,0,9,-105.0,70.5,-47.5,5.0,2397920,33.820416,nan,2.39792,nan,4,864,1156640,8,1239888,12,4,528,256,64,272,68,132,4,0,0,4
21,-47.5,57.5,12,6,0,0.0,0.0,0,0.0,57.5,5,562500.0,37.22776644266429,21.18869344342638,6,12,5,4,12,0,9,-105.0,70.5,-47.5,5.0,2397920,36.218336,nan,2.39792,nan,4,864,1156640,8,1239888,12,4,528,256,64,272,68,132,4,0,0,4
22,-47.5,57.5,14,7,0,0.0,0.0,0,0.0,57.5,5,562500.0,34.12532960749368,18.29936076014097,7,14,5,4,14,0,9,-105.0,70.5,-47.5,5.0,2604712,38.823048,nan,2.604712,nan,4,1008,1156640,8,1446536,14,4,528,256,64,272,68,132,4,0,0,4
23,-47.5,57.5,10,5,0,0.0,0.0,0,0.0,57.5,5,562500.0,33.49274443772438,19.84567268735878,5,10,5,3,10,0,8,-105.0,70.5,-47.5,5.0,1901836,40.724884,nan,1.901836,nan,3,720,867480,6,1033240,10,3,396,192,48,204,51,99,3,0,0,3
24,-47.5,57.5,10,5,0,0.0,0.0,0,0.0,57.5,5,562500.0,33.834631941456664,20.138533123851907,5,10,5,3,10,0,8,-105.0,70.5,-47.5,5.0,1901836,42.62672,nan,1.901836,nan,3,720,867480,6,1033240,10,3,396,192,48,204,51,99,3,0,0,3
25,-47.5,57.5,12,6,0,0.0,0.0,0,0.0,57.5,6,562500.0,40.11017252634396,20.138533123851907,6,12,6,4,12,0,10,-105.0,70.5,-47.5,5.0,2397920,45.02464,nan,2.39792,nan,4,864,1156640,8,1239888,12,4,528,256,64,272,68,132,4,0,0,4
26,-47.5,57.5,12,6,0,0.0,0.0,0,0.0,57.5,6,562500.0,40.81831289957394,20.138533123851907,6,12,6,4,12,0,10,-105.0,70.5,-47.5,5.0,2397920,47.42256,nan,2.39792,nan,4,864,1156640,8,1239888,12,4,528,256,64,272,68,132,4,0,0,4
27,-47.5,57.5,12,6,0,0.0,0.0,0,0.0,57.5,6,562500.0,41.41852426019429,19.84545525343031,6,12,6,4,12,0,10,-105.0,70.5,-47.5,5.0,2397920,49.82048,nan,2.39792,nan,4,864,1156640,8,1239888,12,4,528,256,64,272,68,132,4,0,0,4
28,-47.5,57.5,12,6,0,0.0,0.0,0,0.0,57.5,6,562500.0,41.939012045533644,19.84545525343031,6,12,6,4,12,0,10,-105.0,70.5,-47.5,5.0,2397920,52.2184,nan,2.39792,nan,4,864,1156640,8,1239888,12,4,528,256,64,272,68,132,4,0,0,4
29,-47.5,57.5,12,6,0,0.0,0.0,0,0.0,57.5,6,562500.0,46.654800981456894,40.24001686988392,6,12,6,4,12,0,10,-105.0,70.5,-47.5,5.0,2397920,54.61632,nan,2.39792,nan,4,864,1156640,8,1239888,12,4,528,256,64,272,68,132,4,0,0,4
30,-47.5,57.5,12,6,0,0.0,0.0,0,0.0,57.5,6,562500.0,46.67177284375986,40.24001686988392,6,12,6,4,12,0,10,-105.0,70.5,-47.5,5.0,2397920,57.01424,nan,2.39792,nan,4,864,1156640,8,1239888,12,4,528,256,64,272,68,132,4,0,0,4
31,-47.5,57.5,12,6,0,0.0,0.0,0,0.0,57.5,6,562500.0,46.67487055222121,40.24001686988392,6,12,6,4,12,0,10,-105.0,70.5,-47.5,5.0,2397920,59.41216,nan,2.39792,nan,4,864,1156640,8,1239888,12,4,528,256,64,272,68,132,4,0,0,4
32,-47.5,57.5,12,6,0,0.0,0.0,0,0.0,57.5,6,562500.0,46.675146241264,40.24001686988392,6,12,6,4,12,0,10,-105.0,70.5,-47.5,5.0,2397920,61.81008,nan,2.39792,nan,4,864,1156640,8,1239888,12,4,528,256,64,272,68,132,4,0,0,4
33,-47.5,57.5,12,6,0,0.0,0.0,0,0.0,57.5,6,562500.0,46.67515284986463,40.24001686988392,6,12,6,4,12,0,10,-105.0,70.5,-47.5,5.0,2397920,64.208,nan,2.39792,nan,4,864,1156640,8,1239888,12,4,528,256,64,272,68,132,4,0,0,4
34,-47.5,57.5,12,6,0,0.0,0.0,0,0.0,57.5,6,562500.0,46.67514246444888,40.24001686988392,6,12,6,4,12,0,10,-105.0,70.5,-47.5,5.0,2397920,66.60592,nan,2.39792,nan,4,864,1156640,8,1239888,12,4,528,256,64,272,68,132,4,0,0,4
35,-47.5,57.5,12,6,0,0.0,0.0,0,0.0,57.5,6,562500.0,46.67514246444888,40.24001686988392,6,12,6,4,12,0,10,-105.0,70.5,-47.5,5.0,2397920,69.00384,nan,2.39792,nan,4,864,1156640,8,1239888,12,4,528,256,64,272,68,132,4,0,0,4
36,-47.5,57.5,12,6,0,0.0,0.0,0,0.0,57.5,6,562500.0,46.67515001742291,40.24001686988392,6,12,6,4,12,0,10,-105.0,70.5,-47.5,5.0,2397920,71.40176,nan,2.39792,nan,4,864,1156640,8,1239888,12,4,528,256,64,272,68,132,4,0,0,4
37,-47.5,57.5,12,6,0,0.0,0.0,0,0.0,57.5,6,562500.0,46.67514907335004,40.24001686988392,6,12,6,4,12,0,10,-105.0,70.5,-47.5,5.0,2397920,73.79968,nan,2.39792,nan,4,864,1156640,8,1239888,12,4,528,256,64,272,68,132,4,0,0,4
38,-47.5,57.5,12,6,0,0.0,0.0,0,0.0,57.5,6,562500.0,46.67515284986463,40.24001686988392,6,12,6,4,12,0,10,-105.0,70.5,-47.5,5.0,2397920,76.1976,nan,2.39792,nan,4,864,1156640,8,1239888,12,4,528,256,64,272,68,132,4,0,0,4
39,-47.5,57.5,12,6,0,0.0,0.0,0,0.0,57.5,6,562500.0,46.675150017778584,40.24001686988392,6,12,6,4,12,0,10,-105.0,70.5,-47.5,5.0,2397920,78.59552,nan,2.39792,nan,4,864,1156640,8,1239888,12,4,528,256,64,272,68,132,4,0,0,4
40,-47.5,57.5,12,6,0,0.0,0.0,0,0.0,57.5,6,562500.0,46.67514246444888,40.24001686988392,6,12,6,4,12,0,10,-105.0,70.5,-47.5,5.0,2397920,80.99344,nan,2.39792,nan,4,864,1156640,8,1239888,12,4,528,256,64,272,68,132,4,0,0,4
41,-47.5,57.5,12,6,0,0.0,0.0,0,0.0,57.5,6,562500.0,46.67515094975186,40.24001686988392,6,12,6,4,12,0,10,-105.0,70.5,-47.5,5.0,2397920,83.39136,nan,2.39792,nan,4,864,1156640,8,1239888,12,4,528,256,64,272,68,132,4,0,0,4
42,-47.5,57.5,12,6,0,0.0,0.0,0,0.0,57.5,6,562500.0,46.675153781837906,40.24001686988392,6,12,6,4,12,0,10,-105.0,70.5,-47.5,5.0,2397920,85.78928,nan,2.39792,nan,4,864,1156640,8,1239888,12,4,528,256,64,272,68,132,4,0,0,4
43,-47.5,57.5,12,6,0,0.0,0.0,0,0.0,57.5,6,562500.0,46.67515284986463,40.24001686988392,6,12,6,4,12,0,10,-105.0,70.5,-47.5,5.0,2397920,88.1872,nan,2.39792,nan,4,864,1156640,8,1239888,12,4,528,256,64,272,68,132,4,0,0,4
44,-47.5,57.5,12,6,0,0.0,0.0,0,0.0,57.5,6,562500.0,46.67513868793429,40.24001686988392,6,12,6,4,12,0,10,-105.0,70.5,-47.5,5.0,2397920,90.58512,nan,2.39792,nan,4,864,1156640,8,1239888,12,4,528,256,64,272,68,132,4,0,0,4
45,-47.5,57.5,12,6,0,0.0,0.0,0,0.0,57.5,6,562500.0,46.67513585584825,40.24001686988392,6,12,6,4,12,0,10,-105.0,70.5,-47.5,5.0,2397920,92.98304,nan,2.39792,nan,4,864,1156640,8,1239888,12,4,528,256,64,272,68,132,4,0,0,4
46,-47.5,57.5,16,8,0,0.0,0.0,0,0.0,57.5,6,562500.0,44.38561275948004,41.04993992554691,8,16,6,4,16,0,10,-105.0,70.5,-47.5,5.0,2811504,95.794544,nan,2.811504,nan,4,1152,1156640,8,1653184,16,4,528,256,64,272,68,132,4,0,0,4
47,-47.5,57.5,16,8,0,0.0,0.0,0,0.0,57.5,6,562500.0,45.803621531002186,45.18685477719157,8,16,6,4,16,0,10,-105.0,70.5,-47.5,5.0,2811504,98.606048,nan,2.811504,nan,4,1152,1156640,8,1653184,16,4,528,256,64,272,68,132,4,0,0,4
48,-47.5,57.5,16,8,0,0.0,0.0,0,0.0,57.5,6,562500.0,47.96159991028184,42.80825398302794,8,16,6,4,16,0,10,-105.0,70.5,-47.5,5.0,2811504,101.417552,nan,2.811504,nan,4,1152,1156640,8,1653184,16,4,528,256,64,272,68,132,4,0,0,4
49,-47.5,57.5,16,8,0,0.0,0.0,0,0.0,57.5,6,562500.0,48.18737052406273,39.878168001327175,8,16,6,4,16,0,10,-105.0,70.5,-47.5,5.0,2811504,104.229056,nan,2.811504,nan,4,1152,1156640,8,1653184,16,4,528,256,64,272,68,132,4,0,0,4
50,-47.5,57.5,14,7,0,0.0,0.0,0,0.0,57.5,6,562500.0,47.600091827777334,42.42577556181921,7,14,6,4,14,0,10,-105.0,70.5,-47.5,5.0,2604712,106.833768,nan,2.604712,nan,4,1008,1156640,8,1446536,14,4,528,256,64,272,68,132,4,0,0,4
51,-47.5,57.5,14,7,0,0.0,0.0,0,0.0,57.5,5,562500.0,32.271551033323064,25.330062226994926,7,14,5,4,14,0,9,-105.0,70.5,-47.5,5.0,2604712,109.43848,nan,2.604712,nan,4,1008,1156640,8,1446536,14,4,528,256,64,272,68,132,4,0,0,4
52,-47.5,57.5,12,6,0,0.0,0.0,0,0.0,57.5,4,562500.0,63.20517094930013,57.63025665283203,6,12,4,3,12,0,7,-105.0,70.5,-47.5,5.0,2108628,111.547108,nan,2.108628,nan,3,864,867480,6,1239888,12,3,396,192,48,204,51,99,3,0,0,3
53,-47.5,57.5,12,6,0,0.0,0.0,0,0.0,57.5,4,562500.0,62.569053649902344,59.25510787963867,6,12,4,3,12,0,7,-105.0,70.5,-47.5,5.0,2108628,113.655736,nan,2.108628,nan,3,864,867480,6,1239888,12,3,396,192,48,204,51,99,3,0,0,3
54,-47.5,57.5,12,6,0,0.0,0.0,0,0.0,57.5,4,562500.0,39.07027446671944,21.426440290640333,6,12,4,3,12,0,7,-105.0,70.5,-47.5,5.0,2108628,115.764364,nan,2.108628,nan,3,864,867480,6,1239888,12,3,396,192,48,204,51,99,3,0,0,3
55,-47.5,57.5,10,5,0,0.0,0.0,0,0.0,57.5,4,562500.0,63.861045837402344,61.68861770629883,5,10,4,2,10,0,6,-105.0,70.5,-47.5,5.0,1612544,117.376908,nan,1.612544,nan,2,720,578320,4,1033240,10,2,264,128,32,136,34,66,2,0,0,2
56,-47.5,57.5,10,5,0,0.0,0.0,0,0.0,57.5,4,562500.0,64.8055534362793,62.32162857055664,5,10,4,2,10,0,6,-105.0,70.5,-47.5,5.0,1612544,118.989452,nan,1.612544,nan,2,720,578320,4,1033240,10,2,264,128,32,136,34,66,2,0,0,2
57,-47.5,57.5,14,7,0,0.0,0.0,0,0.0,57.5,4,562500.0,61.724562327067055,58.62421417236328,7,14,4,3,14,0,7,-105.0,70.5,-47.5,5.0,2315420,121.304872,nan,2.31542,nan,3,1008,867480,6,1446536,14,3,396,192,48,204,51,99,3,0,0,3
58,-47.5,57.5,20,10,0,0.0,0.0,0,0.0,57.5,4,562500.0,63.14784049987793,60.3486213684082,10,20,4,3,20,0,7,-105.0,70.5,-47.5,5.0,2935796,124.240668,nan,2.935796,nan,3,1440,867480,6,2066480,20,3,396,192,48,204,51,99,3,0,0,3
59,-47.5,57.5,22,11,0,0.0,0.0,0,0.0,57.5,4,562500.0,64.96875890096028,60.24345016479492,11,22,4,3,22,0,7,-105.0,70.5,-47.5,5.0,3142588,127.383256,nan,3.142588,nan,3,1584,867480,6,2273128,22,3,396,192,48,204,51,99,3,0,0,3
60,-47.5,57.5,24,12,0,0.0,0.0,0,0.0,57.5,4,562500.0,64.07676792144775,60.468994140625,12,24,4,2,24,0,6,-105.0,70.5,-47.5,5.0,3060088,130.443344,nan,3.060088,nan,2,1728,578320,4,2479776,24,2,264,128,32,136,34,66,2,0,0,2
61,-47.5,57.5,24,12,0,0.0,0.0,0,0.0,57.5,4,562500.0,67.12975120544434,63.89391326904297,12,24,4,2,24,0,6,-105.0,70.5,-47.5,5.0,3060088,133.503432,nan,3.060088,nan,2,1728,578320,4,2479776,24,2,264,128,32,136,34,66,2,0,0,2
62,-47.5,57.5,26,13,0,0.0,0.0,0,0.0,57.5,3,562500.0,63.12350718180338,58.335384368896484,13,26,3,3,26,0,6,-105.0,70.5,-47.5,5.0,3556172,137.059604,nan,3.556172,nan,3,1872,867480,6,2686424,26,3,396,192,48,204,51,99,3,0,0,3
63,-47.5,57.5,24,12,0,0.0,0.0,0,0.0,57.5,4,562500.0,64.98894691467285,63.39810562133789,12,24,4,2,24,0,6,-105.0,70.5,-47.5,5.0,3060088,140.119692,nan,3.060088,nan,2,1728,578320,4,2479776,24,2,264,128,32,136,34,66,2,0,0,2
64,-47.5,57.5,22,11,0,0.0,0.0,0,0.0,57.5,4,562500.0,63.989959716796875,60.463016510009766,11,22,4,2,22,0,6,-105.0,70.5,-47.5,5.0,2853296,142.972988,nan,2.853296,nan,2,1584,578320,4,2273128,22,2,264,128,32,136,34,66,2,0,0,2
65,-47.5,57.5,18,9,0,0.0,0.0,0,0.0,57.5,4,562500.0,63.039878845214844,58.70622634887695,9,18,4,2,18,0,6,-105.0,70.5,-47.5,5.0,2439712,145.4127,nan,2.439712,nan,2,1296,578320,4,1859832,18,2,264,128,32,136,34,66,2,0,0,2
66,-47.5,57.5,16,8,0,0.0,0.0,0,0.0,57.5,4,562500.0,63.27219009399414,59.14474105834961,8,16,4,2,16,0,6,-105.0,70.5,-47.5,5.0,2232920,147.64562,nan,2.23292,nan,2,1152,578320,4,1653184,16,2,264,128,32,136,34,66,2,0,0,2
67,-47.5,57.5,14,7,0,0.0,0.0,0,0.0,57.5,3,562500.0,63.309701919555664,59.217384338378906,7,14,3,2,14,0,5,-105.0,70.5,-47.5,5.0,2026128,149.671748,nan,2.026128,nan,2,1008,578320,4,1446536,14,2,264,128,32,136,34,66,2,0,0,2
68,-47.5,57.5,14,7,0,0.0,0.0,0,0.0,57.5,4,562500.0,63.60008802782466,60.853358131214534,7,14,4,3,14,0,7,-105.0,70.5,-47.5,5.0,2315420,151.987168,nan,2.31542,nan,3,1008,867480,6,1446536,14,3,396,192,48,204,51,99,3,0,0,3
69,-47.5,57.5,8,4,0,0.0,0.0,0,0.0,57.5,3,562500.0,67.5838374174731,61.83152389526367,4,8,3,3,8,0,6,-105.0,70.5,-47.5,5.0,1695044,153.682212,nan,1.695044,nan,3,576,867480,6,826592,8,3,396,192,48,204,51,99,3,0,0,3
70,-47.5,57.5,6,3,0,0.0,0.0,0,0.0,57.5,3,562500.0,63.78439003995032,61.49042510986328,3,6,3,3,6,0,6,-105.0,70.5,-47.5,5.0,1488252,155.170464,nan,1.488252,nan,3,432,867480,6,619944,6,3,396,192,48,204,51,99,3,0,0,3
71,-47.5,57.5,4,2,0,0.0,0.0,0,0.0,57.5,2,562500.0,64.25583744049072,61.108463287353516,2,4,2,2,4,0,4,-105.0,70.5,-47.5,5.0,992168,156.162632,nan,0.992168,nan,2,288,578320,4,413296,4,2,264,128,32,136,34,66,2,0,0,2
72,-47.5,57.5,4,2,0,0.0,0.0,0,0.0,57.5,2,562500.0,65.18736267089844,62.97151565551758,2,4,2,2,4,0,4,-105.0,70.5,-47.5,5.0,992168,157.1548,nan,0.992168,nan,2,288,578320,4,413296,4,2,264,128,32,136,34,66,2,0,0,2
73,-47.5,57.5,4,2,0,0.0,0.0,0,0.0,57.5,2,562500.0,66.37130165100098,65.33939361572266,2,4,2,2,4,0,4,-105.0,70.5,-47.5,5.0,992168,158.146968,nan,0.992168,nan,2,288,578320,4,413296,4,2,264,128,32,136,34,66,2,0,0,2
74,-47.5,57.5,4,2,0,0.0,0.0,0,0.0,57.5,2,562500.0,67.36791038513184,67.33261108398438,2,4,2,2,4,0,4,-105.0,70.5,-47.5,5.0,992168,159.139136,nan,0.992168,nan,2,288,578320,4,413296,4,2,264,128,32,136,34,66,2,0,0,2
75,-47.5,57.5,6,3,0,0.0,0.0,0,0.0,57.5,3,562500.0,47.365463565578956,29.521050416893257,3,6,3,3,6,0,6,-105.0,70.5,-47.5,5.0,1488252,160.627388,nan,1.488252,nan,3,432,867480,6,619944,6,3,396,192,48,204,51,99,3,0,0,3
76,-47.5,57.5,6,3,0,0.0,0.0,0,0.0,57.5,3,562500.0,47.97115338126154,31.318436015088203,3,6,3,3,6,0,6,-105.0,70.5,-47.5,5.0,1488252,162.11564,nan,1.488252,nan,3,432,867480,6,619944,6,3,396,192,48,204,51,99,3,0,0,3
77,-47.5,57.5,8,4,0,0.0,0.0,0,0.0,57.5,4,562500.0,50.59106928013808,37.86370468444247,4,8,4,3,8,0,7,-105.0,70.5,-47.5,5.0,1695044,163.810684,nan,1.695044,nan,3,576,867480,6,826592,8,3,396,192,48,204,51,99,3,0,0,3
78,-47.5,57.5,12,6,0,0.0,0.0,0,0.0,57.5,6,562500.0,50.59424031353219,37.87695312804598,6,12,6,3,12,0,9,-105.0,70.5,-47.5,5.0,2108628,165.919312,nan,2.108628,nan,3,864,867480,6,1239888,12,3,396,192,48,204,51,99,3,0,0,3
79,-47.5,57.5,16,8,0,0.0,0.0,0,0.0,57.5,7,562500.0,49.460681202423196,33.42403211838128,8,16,7,3,16,0,10,-105.0,70.5,-47.5,5.0,2522212,168.441524,nan,2.522212,nan,3,1152,867480,6,1653184,16,3,396,192,48,204,51,99,3,0,0,3
80,-47.5,57.5,18,9,0,0.0,0.0,0,0.0,57.5,7,562500.0,50.62323927350439,36.91171394983142,9,18,7,3,18,0,10,-105.0,70.5,-47.5,5.0,2729004,171.170528,nan,2.729004,nan,3,1296,867480,6,1859832,18,3,396,192,48,204,51,99,3,0,0,3
81,-47.5,57.5,20,10,0,0.0,0.0,0,0.0,57.5,7,562500.0,34.552594551516286,18.051478610277496,10,20,7,3,20,0,10,-105.0,70.5,-47.5,5.0,2935796,174.106324,nan,2.935796,nan,3,1440,867480,6,2066480,20,3,396,192,48,204,51,99,3,0,0,3
82,-47.5,57.5,20,10,0,0.0,0.0,0,0.0,57.5,7,562500.0,34.579343858489416,18.13058780217203,10,20,7,3,20,0,10,-105.0,70.5,-47.5,5.0,2935796,177.04212,nan,2.935796,nan,3,1440,867480,6,2066480,20,3,396,192,48,204,51,99,3,0,0,3
83,-47.5,57.5,20,10,0,0.0,0.0,0,0.0,57.5,7,562500.0,34.582682991954435,18.1410667755607,10,20,7,3,20,0,10,-105.0,70.5,-47.5,5.0,2935796,179.977916,nan,2.935796,nan,3,1440,867480,6,2066480,20,3,396,192,48,204,51,99,3,0,0,3
84,-47.5,57.5,20,10,0,0.0,0.0,0,0.0,57.5,6,562500.0,55.48021812515529,38.96394135400027,10,20,6,4,20,0,10,-105.0,70.5,-47.5,5.0,3225088,183.203004,nan,3.225088,nan,4,1440,1156640,8,2066480,20,4,528,256,64,272,68,132,4,0,0,4
85,-47.5,57.5,20,10,0,0.0,0.0,0,0.0,57.5,7,562500.0,34.577834512129634,18.14339374089273,10,20,7,3,20,0,10,-105.0,70.5,-47.5,5.0,2935796,186.1388,nan,2.935796,nan,3,1440,867480,6,2066480,20,3,396,192,48,204,51,99,3,0,0,3
86,-47.5,57.5,18,9,0,0.0,0.0,0,0.0,57.5,7,562500.0,34.58342431518953,18.14339374089273,9,18,7,3,18,0,10,-105.0,70.5,-47.5,5.0,2729004,188.867804,nan,2.729004,nan,3,1296,867480,6,1859832,18,3,396,192,48,204,51,99,3,0,0,3
87,-47.5,57.5,18,9,0,0.0,0.0,0,0.0,57.5,6,562500.0,49.627740190160964,38.7431867989678,9,18,6,4,18,0,10,-105.0,70.5,-47.5,5.0,3018296,191.8861,nan,3.018296,nan,4,1296,1156640,8,1859832,18,4,528,256,64,272,68,132,4,0,0,4
88,-47.5,57.5,18,9,0,0.0,0.0,0,0.0,57.5,6,562500.0,50.58446817319705,38.7431867989678,9,18,6,4,18,0,10,-105.0,70.5,-47.5,5.0,3018296,194.904396,nan,3.018296,nan,4,1296,1156640,8,1859832,18,4,528,256,64,272,68,132,4,0,0,4
89,-47.5,57.5,18,9,0,0.0,0.0,0,0.0,57.5,6,562500.0,51.38238744363611,38.7431867989678,9,18,6,4,18,0,10,-105.0,70.5,-47.5,5.0,3018296,197.922692,nan,3.018296,nan,4,1296,1156640,8,1859832,18,4,528,256,64,272,68,132,4,0,0,4
90,-47.5,57.5,18,9,0,0.0,0.0,0,0.0,57.5,6,562500.0,41.07390444239984,18.14339374089273,9,18,6,4,18,0,10,-105.0,70.5,-47.5,5.0,3018296,200.940988,nan,3.018296,nan,4,1296,1156640,8,1859832,18,4,528,256,64,272,68,132,4,0,0,4
91,-47.5,57.5,22,11,0,0.0,0.0,0,0.0,57.5,7,562500.0,48.44084234554352,37.49697967910762,11,22,7,3,22,0,10,-105.0,70.5,-47.5,5.0,3142588,204.083576,nan,3.142588,nan,3,1584,867480,6,2273128,22,3,396,192,48,204,51,99,3,0,0,3
92,-47.5,57.5,22,11,0,0.0,0.0,0,0.0,57.5,7,562500.0,50.41976539830679,42.649848567457475,11,22,7,3,22,0,10,-105.0,70.5,-47.5,5.0,3142588,207.226164,nan,3.142588,nan,3,1584,867480,6,2273128,22,3,396,192,48,204,51,99,3,0,0,3
93,-47.5,57.5,24,12,0,0.0,0.0,0,0.0,57.5,7,562500.0,53.68728280656307,41.92228851388129,12,24,7,3,24,0,10,-105.0,70.5,-47.5,5.0,3349380,210.575544,nan,3.34938,nan,3,1728,867480,6,2479776,24,3,396,192,48,204,51,99,3,0,0,3
94,-47.5,57.5,22,11,0,0.0,0.0,0,0.0,57.5,6,562500.0,53.002809177848945,40.451353063368394,11,22,6,4,22,0,10,-105.0,70.5,-47.5,5.0,3431880,214.007424,nan,3.43188,nan,4,1584,1156640,8,2273128,22,4,528,256,64,272,68,132,4,0,0,4
95,-47.5,57.5,20,10,0,0.0,0.0,0,0.0,57.5,6,562500.0,52.66484396869171,38.431467007615694,10,20,6,4,20,0,10,-105.0,70.5,-47.5,5.0,3225088,217.232512,nan,3.225088,nan,4,1440,1156640,8,2066480,20,4,528,256,64,272,68,132,4,0,0,4
96,-47.5,57.5,14,7,0,0.0,0.0,0,0.0,57.5,5,562500.0,53.0216264531444,42.13855529229747,7,14,5,4,14,0,9,-105.0,70.5,-47.5,5.0,2604712,219.837224,nan,2.604712,nan,4,1008,1156640,8,1446536,14,4,528,256,64,272,68,132,4,0,0,4
97,-47.5,57.5,10,5,0,0.0,0.0,0,0.0,57.5,5,562500.0,48.81995637182993,40.126241870867226,5,10,5,3,10,0,8,-105.0,70.5,-47.5,5.0,1901836,221.73906,nan,1.901836,nan,3,720,867480,6,1033240,10,3,396,192,48,204,51,99,3,0,0,3
98,-47.5,57.5,6,3,0,0.0,0.0,0,0.0,57.5,3,562500.0,46.37462010641374,38.5488400526719,3,6,3,3,6,0,6,-105.0,70.5,-47.5,5.0,1488252,223.227312,nan,1.488252,nan,3,432,867480,6,619944,6,3,396,192,48,204,51,99,3,0,0,3
99,-47.5,57.5,6,3,0,0.0,0.0,0,0.0,57.5,3,562500.0,46.015957394469176,37.58682752139744,3,6,3,3,6,0,6,-105.0,70.5,-47.5,5.0,1488252,224.715564,nan,1.488252,nan,3,432,867480,6,619944,6,3,396,192,48,204,51,99,3,0,0,3
100,-47.5,57.5,4,2,0,0.0,0.0,0,0.0,57.5,2,562500.0,66.17304134368896,58.381011962890625,2,4,2,2,4,0,4,-105.0,70.5,-47.5,5.0,992168,225.707732,nan,0.992168,nan,2,288,578320,4,413296,4,2,264,128,32,136,34,66,2,0,0,2
101,-47.5,57.5,6,3,0,0.0,0.0,0,0.0,57.5,2,562500.0,70.27249908447266,70.27249908447266,3,6,2,1,6,0,3,-105.0,70.5,-47.5,5.0,909668,226.6174,nan,0.909668,nan,1,432,289160,2,619944,6,1,132,64,16,68,17,33,1,0,0,1
102,-47.5,57.5,0,0,0,0.0,0.0,0,0.0,57.5,,,,,0,,,0,0,,0,-105.0,70.5,-47.5,5.0,0,226.6174,nan,0.0,nan,0,0,0,0,0,0,0,0,0,0,0,0,0,0,0,0,0
103,-47.5,57.5,2,1,0,0.0,0.0,0,0.0,57.5,1,562500.0,61.20015525817871,61.20015335083008,1,2,1,1,2,0,2,-105.0,70.5,-47.5,5.0,496084,227.113484,nan,0.496084,nan,1,144,289160,2,206648,2,1,132,64,16,68,17,33,1,0,0,1
104,-47.5,57.5,2,1,0,0.0,0.0,0,0.0,57.5,1,562500.0,68.12362289428711,68.12362289428711,1,2,1,1,2,0,2,-105.0,70.5,-47.5,5.0,496084,227.609568,nan,0.496084,nan,1,144,289160,2,206648,2,1,132,64,16,68,17,33,1,0,0,1
105,-47.5,57.5,4,2,0,0.0,0.0,0,0.0,57.5,2,562500.0,62.16429424285889,60.990142822265625,2,4,2,2,4,0,4,-105.0,70.5,-47.5,5.0,992168,228.601736,nan,0.992168,nan,2,288,578320,4,413296,4,2,264,128,32,136,34,66,2,0,0,2
106,-47.5,57.5,6,3,0,0.0,0.0,0,0.0,57.5,3,562500.0,48.186589832487215,35.28134429731376,3,6,3,3,6,0,6,-105.0,70.5,-47.5,5.0,1488252,230.089988,nan,1.488252,nan,3,432,867480,6,619944,6,3,396,192,48,204,51,99,3,0,0,3
107,-47.5,57.5,4,2,0,0.0,0.0,0,0.0,57.5,2,562500.0,63.83445453643799,63.03029251098633,2,4,2,2,4,0,4,-105.0,70.5,-47.5,5.0,992168,231.082156,nan,0.992168,nan,2,288,578320,4,413296,4,2,264,128,32,136,34,66,2,0,0,2
108,-47.5,57.5,4,2,0,0.0,0.0,0,0.0,57.5,2,562500.0,63.09789848327637,58.38898468017578,2,4,2,2,4,0,4,-105.0,70.5,-47.5,5.0,992168,232.074324,nan,0.992168,nan,2,288,578320,4,413296,4,2,264,128,32,136,34,66,2,0,0,2
109,-47.5,57.5,2,1,0,0.0,0.0,0,0.0,57.5,1,562500.0,74.57440948486328,74.57440948486328,1,2,1,1,2,0,2,-105.0,70.5,-47.5,5.0,496084,232.570408,nan,0.496084,nan,1,144,289160,2,206648,2,1,132,64,16,68,17,33,1,0,0,1
110,-47.5,57.5,4,2,0,0.0,0.0,0,0.0,57.5,2,562500.0,62.62443542480469,59.49898910522461,2,4,2,2,4,0,4,-105.0,70.5,-47.5,5.0,992168,233.562576,nan,0.992168,nan,2,288,578320,4,413296,4,2,264,128,32,136,34,66,2,0,0,2
111,-47.5,57.5,6,3,0,0.0,0.0,0,0.0,57.5,3,562500.0,45.17569607230424,30.415988446672845,3,6,3,3,6,0,6,-105.0,70.5,-47.5,5.0,1488252,235.050828,nan,1.488252,nan,3,432,867480,6,619944,6,3,396,192,48,204,51,99,3,0,0,3
112,-47.5,57.5,4,2,0,0.0,0.0,0,0.0,57.5,2,562500.0,44.98881675308434,41.72512007064164,2,4,2,2,4,0,4,-105.0,70.5,-47.5,5.0,992168,236.042996,nan,0.992168,nan,2,288,578320,4,413296,4,2,264,128,32,136,34,66,2,0,0,2
113,-47.5,57.5,4,2,0,0.0,0.0,0,0.0,57.5,2,562500.0,43.39563684529854,41.1464888331263,2,4,2,2,4,0,4,-105.0,70.5,-47.5,5.0,992168,237.035164,nan,0.992168,nan,2,288,578320,4,413296,4,2,264,128,32,136,34,66,2,0,0,2
114,-47.5,57.5,4,2,0,0.0,0.0,0,0.0,57.5,2,562500.0,63.13205146789551,62.61936950683594,2,4,2,2,4,0,4,-105.0,70.5,-47.5,5.0,992168,238.027332,nan,0.992168,nan,2,288,578320,4,413296,4,2,264,128,32,136,34,66,2,0,0,2
115,-47.5,57.5,10,5,0,0.0,0.0,0,0.0,57.5,4,562500.0,59.4518985748291,57.827430725097656,5,10,4,2,10,0,6,-105.0,70.5,-47.5,5.0,1612544,239.639876,nan,1.612544,nan,2,720,578320,4,1033240,10,2,264,128,32,136,34,66,2,0,0,2
116,-47.5,57.5,8,4,0,0.0,0.0,0,0.0,57.5,4,562500.0,61.26176834106445,61.13784408569336,4,8,4,2,8,0,6,-105.0,70.5,-47.5,5.0,1405752,241.045628,nan,1.405752,nan,2,576,578320,4,826592,8,2,264,128,32,136,34,66,2,0,0,2
117,-47.5,57.5,6,3,0,0.0,0.0,0,0.0,57.5,3,562500.0,64.17035484313965,63.810001373291016,3,6,3,2,6,0,5,-105.0,70.5,-47.5,5.0,1198960,242.244588,nan,1.19896,nan,2,432,578320,4,619944,6,2,264,128,32,136,34,66,2,0,0,2
118,-47.5,57.5,8,4,0,0.0,0.0,0,0.0,57.5,3,562500.0,63.62722969055176,62.39362335205078,4,8,3,2,8,0,5,-105.0,70.5,-47.5,5.0,1405752,243.65034,nan,1.405752,nan,2,576,578320,4,826592,8,2,264,128,32,136,34,66,2,0,0,2
119,-47.5,57.5,8,4,0,0.0,0.0,0,0.0,57.5,3,562500.0,61.05634689331055,60.42337417602539,4,8,3,2,8,0,5,-105.0,70.5,-47.5,5.0,1405752,245.056092,nan,1.405752,nan,2,576,578320,4,826592,8,2,264,128,32,136,34,66,2,0,0,2
120,-47.5,57.5,6,3,0,0.0,0.0,0,0.0,57.5,3,562500.0,61.8911190032959,58.973419189453125,3,6,3,2,6,0,5,-105.0,70.5,-47.5,5.0,1198960,246.255052,nan,1.19896,nan,2,432,578320,4,619944,6,2,264,128,32,136,34,66,2,0,0,2
121,-47.5,57.5,4,2,0,0.0,0.0,0,0.0,57.5,2,562500.0,61.04225540161133,60.1496696472168,2,4,2,2,4,0,4,-105.0,70.5,-47.5,5.0,992168,247.24722,nan,0.992168,nan,2,288,578320,4,413296,4,2,264,128,32,136,34,66,2,0,0,2
122,-47.5,57.5,8,4,0,0.0,0.0,0,0.0,57.5,4,562500.0,58.90108299255371,57.59811019897461,4,8,4,2,8,0,6,-105.0,70.5,-47.5,5.0,1405752,248.652972,nan,1.405752,nan,2,576,578320,4,826592,8,2,264,128,32,136,34,66,2,0,0,2
123,-47.5,57.5,6,3,0,0.0,0.0,0,0.0,57.5,2,562500.0,63.67370796203613,63.487022399902344,3,6,2,2,6,0,4,-105.0,70.5,-47.5,5.0,1198960,249.851932,nan,1.19896,nan,2,432,578320,4,619944,6,2,264,128,32,136,34,66,2,0,0,2
124,-47.5,57.5,10,5,0,0.0,0.0,0,0.0,57.5,4,562500.0,62.646217346191406,58.05070877075195,5,10,4,2,10,0,6,-105.0,70.5,-47.5,5.0,1612544,251.464476,nan,1.612544,nan,2,720,578320,4,1033240,10,2,264,128,32,136,34,66,2,0,0,2
125,-47.5,57.5,8,4,0,0.0,0.0,0,0.0,57.5,3,562500.0,64.93710708618164,59.78132247924805,4,8,3,3,8,0,6,-105.0,70.5,-47.5,5.0,1695044,253.15952,nan,1.695044,nan,3,576,867480,6,826592,8,3,396,192,48,204,51,99,3,0,0,3
126,-47.5,57.5,10,5,0,0.0,0.0,0,0.0,57.5,4,562500.0,31.955967844017948,19.414838608841265,5,10,4,4,10,0,8,-105.0,70.5,-47.5,5.0,2191128,255.350648,nan,2.191128,nan,4,720,1156640,8,1033240,10,4,528,256,64,272,68,132,4,0,0,4
127,-47.5,57.5,10,5,0,0.0,0.0,0,0.0,57.5,4,562500.0,59.10615809042736,41.084991881862095,5,10,4,4,10,0,8,-105.0,70.5,-47.5,5.0,2191128,257.541776,nan,2.191128,nan,4,720,1156640,8,1033240,10,4,528,256,64,272,68,132,4,0,0,4
128,-47.5,57.5,10,5,0,0.0,0.0,0,0.0,57.5,4,562500.0,59.7585683542045,43.69090600781992,5,10,4,4,10,0,8,-105.0,70.5,-47.5,5.0,2191128,259.732904,nan,2.191128,nan,4,720,1156640,8,1033240,10,4,528,256,64,272,68,132,4,0,0,4
129,-47.5,57.5,10,5,0,0.0,0.0,0,0.0,57.5,4,562500.0,60.765704409925775,47.39316201157425,5,10,4,4,10,0,8,-105.0,70.5,-47.5,5.0,2191128,261.924032,nan,2.191128,nan,4,720,1156640,8,1033240,10,4,528,256,64,272,68,132,4,0,0,4
130,-47.5,57.5,10,5,0,0.0,0.0,0,0.0,57.5,4,562500.0,62.38542090073123,47.513970918487736,5,10,4,4,10,0,8,-105.0,70.5,-47.5,5.0,2191128,264.11516,nan,2.191128,nan,4,720,1156640,8,1033240,10,4,528,256,64,272,68,132,4,0,0,4
131,-47.5,57.5,14,7,0,0.0,0.0,0,0.0,57.5,5,562500.0,59.759971637277346,45.53888056022884,7,14,5,4,14,0,9,-105.0,70.5,-47.5,5.0,2604712,266.719872,nan,2.604712,nan,4,1008,1156640,8,1446536,14,4,528,256,64,272,68,132,4,0,0,4
132,-47.5,57.5,14,7,0,0.0,0.0,0,0.0,57.5,5,562500.0,41.423706251725065,22.932655024645243,7,14,5,4,14,0,9,-105.0,70.5,-47.5,5.0,2604712,269.324584,nan,2.604712,nan,4,1008,1156640,8,1446536,14,4,528,256,64,272,68,132,4,0,0,4
133,-47.5,57.5,14,7,0,0.0,0.0,0,0.0,57.5,5,562500.0,41.105688926519676,24.623417874753386,7,14,5,4,14,0,9,-105.0,70.5,-47.5,5.0,2604712,271.929296,nan,2.604712,nan,4,1008,1156640,8,1446536,14,4,528,256,64,272,68,132,4,0,0,4
134,-47.5,57.5,12,6,0,0.0,0.0,0,0.0,57.5,4,562500.0,44.93067316658067,27.113999344856726,6,12,4,3,12,0,7,-105.0,70.5,-47.5,5.0,2108628,274.037924,nan,2.108628,nan,3,864,867480,6,1239888,12,3,396,192,48,204,51,99,3,0,0,3
135,-47.5,57.5,12,6,0,0.0,0.0,0,0.0,57.5,4,562500.0,42.500372377475266,27.113999344856726,6,12,4,3,12,0,7,-105.0,70.5,-47.5,5.0,2108628,276.146552,nan,2.108628,nan,3,864,867480,6,1239888,12,3,396,192,48,204,51,99,3,0,0,3
136,-47.5,57.5,16,8,0,0.0,0.0,0,0.0,57.5,6,562500.0,55.333257023134074,38.40479966517561,8,16,6,3,16,0,9,-105.0,70.5,-47.5,5.0,2522212,278.668764,nan,2.522212,nan,3,1152,867480,6,1653184,16,3,396,192,48,204,51,99,3,0,0,3
137,-47.5,57.5,14,7,0,0.0,0.0,0,0.0,57.5,5,562500.0,56.857981504805615,40.072480953304634,7,14,5,3,14,0,8,-105.0,70.5,-47.5,5.0,2315420,280.984184,nan,2.31542,nan,3,1008,867480,6,1446536,14,3,396,192,48,204,51,99,3,0,0,3
138,-47.5,57.5,14,7,0,0.0,0.0,0,0.0,57.5,5,562500.0,36.05715116124624,18.15037479327829,7,14,5,3,14,0,8,-105.0,70.5,-47.5,5.0,2315420,283.299604,nan,2.31542,nan,3,1008,867480,6,1446536,14,3,396,192,48,204,51,99,3,0,0,3
139,-47.5,57.5,18,9,0,0.0,0.0,0,0.0,57.5,6,562500.0,52.797742923264366,45.673952126955086,9,18,6,3,18,0,9,-105.0,70.5,-47.5,5.0,2729004,286.028608,nan,2.729004,nan,3,1296,867480,6,1859832,18,3,396,192,48,204,51,99,3,0,0,3
140,-47.5,57.5,18,9,0,0.0,0.0,0,0.0,57.5,5,562500.0,50.99671795884016,47.465860188784596,9,18,5,2,18,0,7,-105.0,70.5,-47.5,5.0,2439712,288.46832,nan,2.439712,nan,2,1296,578320,4,1859832,18,2,264,128,32,136,34,66,2,0,0,2
141,-47.5,57.5,20,10,0,0.0,0.0,0,0.0,57.5,5,562500.0,54.494026862880254,48.488513887686494,10,20,5,3,20,0,8,-105.0,70.5,-47.5,5.0,2935796,291.404116,nan,2.935796,nan,3,1440,867480,6,2066480,20,3,396,192,48,204,51,99,3,0,0,3
142,-47.5,57.5,22,11,0,0.0,0.0,0,0.0,57.5,5,562500.0,56.704424407933686,47.46227564900523,11,22,5,3,22,0,8,-105.0,70.5,-47.5,5.0,3142588,294.546704,nan,3.142588,nan,3,1584,867480,6,2273128,22,3,396,192,48,204,51,99,3,0,0,3
143,-47.5,57.5,22,11,0,0.0,0.0,0,0.0,57.5,5,562500.0,52.519722862072406,46.01331640470579,11,22,5,3,22,0,8,-105.0,70.5,-47.5,5.0,3142588,297.689292,nan,3.142588,nan,3,1584,867480,6,2273128,22,3,396,192,48,204,51,99,3,0,0,3
144,-47.5,57.5,18,9,0,0.0,0.0,0,0.0,57.5,5,562500.0,43.198608081437804,30.172204344800097,9,18,5,3,18,0,8,-105.0,70.5,-47.5,5.0,2729004,300.418296,nan,2.729004,nan,3,1296,867480,6,1859832,18,3,396,192,48,204,51,99,3,0,0,3
145,-47.5,57.5,14,7,0,0.0,0.0,0,0.0,57.5,5,562500.0,50.79929588211212,43.685494425855296,7,14,5,3,14,0,8,-105.0,70.5,-47.5,5.0,2315420,302.733716,nan,2.31542,nan,3,1008,867480,6,1446536,14,3,396,192,48,204,51,99,3,0,0,3
146,-47.5,57.5,14,7,0,0.0,0.0,0,0.0,57.5,5,562500.0,50.770308614712626,42.63049109599624,7,14,5,3,14,0,8,-105.0,70.5,-47.5,5.0,2315420,305.049136,nan,2.31542,nan,3,1008,867480,6,1446536,14,3,396,192,48,204,51,99,3,0,0,3
147,-47.5,57.5,16,8,0,0.0,0.0,0,0.0,57.5,6,562500.0,47.767755940154416,37.47863500633034,8,16,6,4,16,0,10,-105.0,70.5,-47.5,5.0,2811504,307.86064,nan,2.811504,nan,4,1152,1156640,8,1653184,16,4,528,256,64,272,68,132,4,0,0,4
148,-47.5,57.5,12,6,0,0.0,0.0,0,0.0,57.5,5,562500.0,45.218944372454345,34.451610672535324,6,12,5,4,12,0,9,-105.0,70.5,-47.5,5.0,2397920,310.25856,nan,2.39792,nan,4,864,1156640,8,1239888,12,4,528,256,64,272,68,132,4,0,0,4
149,-47.5,57.5,12,6,0,0.0,0.0,0,0.0,57.5,5,562500.0,40.36492380529264,20.407382800400136,6,12,5,4,12,0,9,-105.0,70.5,-47.5,5.0,2397920,312.65648,nan,2.39792,nan,4,864,1156640,8,1239888,12,4,528,256,64,272,68,132,4,0,0,4
150,-47.5,57.5,8,4,0,0.0,0.0,0,0.0,57.5,4,562500.0,62.57863108317057,60.88904571533203,4,8,4,3,8,0,7,-105.0,70.5,-47.5,5.0,1695044,314.351524,nan,1.695044,nan,3,576,867480,6,826592,8,3,396,192,48,204,51,99,3,0,0,3
151,-47.5,57.5,6,3,0,0.0,0.0,0,0.0,57.5,3,562500.0,62.70203526814779,61.15945816040039,3,6,3,3,6,0,6,-105.0,70.5,-47.5,5.0,1488252,315.839776,nan,1.488252,nan,3,432,867480,6,619944,6,3,396,192,48,204,51,99,3,0,0,3
152,-47.5,57.5,6,3,0,0.0,0.0,0,0.0,57.5,3,562500.0,63.23549143473307,62.4932861328125,3,6,3,3,6,0,6,-105.0,70.5,-47.5,5.0,1488252,317.328028,nan,1.488252,nan,3,432,867480,6,619944,6,3,396,192,48,204,51,99,3,0,0,3
153,-47.5,57.5,6,3,0,0.0,0.0,0,0.0,57.5,3,562500.0,61.96441141764323,59.158756256103516,3,6,3,3,6,0,6,-105.0,70.5,-47.5,5.0,1488252,318.81628,nan,1.488252,nan,3,432,867480,6,619944,6,3,396,192,48,204,51,99,3,0,0,3
154,-47.5,57.5,6,3,0,0.0,0.0,0,0.0,57.5,3,562500.0,39.135921530495445,18.414256016093912,3,6,3,3,6,0,6,-105.0,70.5,-47.5,5.0,1488252,320.304532,nan,1.488252,nan,3,432,867480,6,619944,6,3,396,192,48,204,51,99,3,0,0,3
155,-47.5,57.5,6,3,0,0.0,0.0,0,0.0,57.5,3,562500.0,42.15478124999663,32.533530961568445,3,6,3,3,6,0,6,-105.0,70.5,-47.5,5.0,1488252,321.792784,nan,1.488252,nan,3,432,867480,6,619944,6,3,396,192,48,204,51,99,3,0,0,3
156,-47.5,57.5,8,4,0,0.0,0.0,0,0.0,57.5,3,562500.0,41.289659713114986,36.487177561803655,4,8,3,2,8,0,5,-105.0,70.5,-47.5,5.0,1405752,323.198536,nan,1.405752,nan,2,576,578320,4,826592,8,2,264,128,32,136,34,66,2,0,0,2
157,-47.5,57.5,8,4,0,0.0,0.0,0,0.0,57.5,3,562500.0,38.095504354319445,37.10476639030665,4,8,3,2,8,0,5,-105.0,70.5,-47.5,5.0,1405752,324.604288,nan,1.405752,nan,2,576,578320,4,826592,8,2,264,128,32,136,34,66,2,0,0,2
158,-47.5,57.5,16,8,0,0.0,0.0,0,0.0,57.5,4,562500.0,45.16422005273881,38.09707808926725,8,16,4,3,16,0,7,-105.0,70.5,-47.5,5.0,2522212,327.1265,nan,2.522212,nan,3,1152,867480,6,1653184,16,3,396,192,48,204,51,99,3,0,0,3
159,-47.5,57.5,18,9,0,0.0,0.0,0,0.0,57.5,5,562500.0,42.68239826937936,32.60007529067413,9,18,5,2,18,0,7,-105.0,70.5,-47.5,5.0,2439712,329.566212,nan,2.439712,nan,2,1296,578320,4,1859832,18,2,264,128,32,136,34,66,2,0,0,2
160,-47.5,57.5,18,9,0,0.0,0.0,0,0.0,57.5,5,562500.0,42.50333268568182,35.73467585403219,9,18,5,2,18,0,7,-105.0,70.5,-47.5,5.0,2439712,332.005924,nan,2.439712,nan,2,1296,578320,4,1859832,18,2,264,128,32,136,34,66,2,0,0,2
161,-47.5,57.5,18,9,0,0.0,0.0,0,0.0,57.5,4,562500.0,48.36804111257309,33.81990017692476,9,18,4,3,18,0,7,-105.0,70.5,-47.5,5.0,2729004,334.734928,nan,2.729004,nan,3,1296,867480,6,1859832,18,3,396,192,48,204,51,99,3,0,0,3
162,-47.5,57.5,18,9,0,0.0,0.0,0,0.0,57.5,5,562500.0,43.02819805416365,39.37302094462093,9,18,5,2,18,0,7,-105.0,70.5,-47.5,5.0,2439712,337.17464,nan,2.439712,nan,2,1296,578320,4,1859832,18,2,264,128,32,136,34,66,2,0,0,2
163,-47.5,57.5,18,9,0,0.0,0.0,0,0.0,57.5,5,562500.0,42.89443478896297,39.39081914043595,9,18,5,2,18,0,7,-105.0,70.5,-47.5,5.0,2439712,339.614352,nan,2.439712,nan,2,1296,578320,4,1859832,18,2,264,128,32,136,34,66,2,0,0,2
164,-47.5,57.5,18,9,0,0.0,0.0,0,0.0,57.5,5,562500.0,42.13711730045535,37.79430504711592,9,18,5,2,18,0,7,-105.0,70.5,-47.5,5.0,2439712,342.054064,nan,2.439712,nan,2,1296,578320,4,1859832,18,2,264,128,32,136,34,66,2,0,0,2
165,-47.5,57.5,16,8,0,0.0,0.0,0,0.0,57.5,5,562500.0,43.405855758409984,39.27853525650856,8,16,5,2,16,0,7,-105.0,70.5,-47.5,5.0,2232920,344.286984,nan,2.23292,nan,2,1152,578320,4,1653184,16,2,264,128,32,136,34,66,2,0,0,2
166,-47.5,57.5,14,7,0,0.0,0.0,0,0.0,57.5,3,562500.0,47.62254824460074,33.649589129449616,7,14,3,3,14,0,6,-105.0,70.5,-47.5,5.0,2315420,346.602404,nan,2.31542,nan,3,1008,867480,6,1446536,14,3,396,192,48,204,51,99,3,0,0,3
167,-47.5,57.5,16,8,0,0.0,0.0,0,0.0,57.5,4,562500.0,50.61140094275822,33.649589129449616,8,16,4,4,16,0,8,-105.0,70.5,-47.5,5.0,2811504,349.413908,nan,2.811504,nan,4,1152,1156640,8,1653184,16,4,528,256,64,272,68,132,4,0,0,4
168,-47.5,57.5,16,8,0,0.0,0.0,0,0.0,57.5,5,562500.0,50.10944786367443,39.27854287415349,8,16,5,3,16,0,8,-105.0,70.5,-47.5,5.0,2522212,351.93612,nan,2.522212,nan,3,1152,867480,6,1653184,16,3,396,192,48,204,51,99,3,0,0,3
169,-47.5,57.5,18,9,0,0.0,0.0,0,0.0,57.5,6,562500.0,42.047998471899234,34.425109400709964,9,18,6,4,18,0,10,-105.0,70.5,-47.5,5.0,3018296,354.954416,nan,3.018296,nan,4,1296,1156640,8,1859832,18,4,528,256,64,272,68,132,4,0,0,4
170,-47.5,57.5,18,9,0,0.0,0.0,0,0.0,57.5,6,562500.0,41.746326653589804,19.652413065726936,9,18,6,4,18,0,10,-105.0,70.5,-47.5,5.0,3018296,357.972712,nan,3.018296,nan,4,1296,1156640,8,1859832,18,4,528,256,64,272,68,132,4,0,0,4
171,-47.5,57.5,18,9,0,0.0,0.0,0,0.0,57.5,6,562500.0,41.77926655210595,19.686558420951542,9,18,6,4,18,0,10,-105.0,70.5,-47.5,5.0,3018296,360.991008,nan,3.018296,nan,4,1296,1156640,8,1859832,18,4,528,256,64,272,68,132,4,0,0,4
172,-47.5,57.5,18,9,0,0.0,0.0,0,0.0,57.5,5,562500.0,45.44528661145257,33.649589129449616,9,18,5,5,18,0,10,-105.0,70.5,-47.5,5.0,3307588,364.298596,nan,3.307588,nan,5,1296,1445800,10,1859832,18,5,660,320,80,340,85,165,5,0,0,5
173,-47.5,57.5,18,9,0,0.0,0.0,0,0.0,57.5,6,562500.0,41.7839738877327,19.688885386283573,9,18,6,4,18,0,10,-105.0,70.5,-47.5,5.0,3018296,367.316892,nan,3.018296,nan,4,1296,1156640,8,1859832,18,4,528,256,64,272,68,132,4,0,0,4
174,-47.5,57.5,18,9,0,0.0,0.0,0,0.0,57.5,5,562500.0,45.44633690418525,33.649589129449616,9,18,5,5,18,0,10,-105.0,70.5,-47.5,5.0,3307588,370.62448,nan,3.307588,nan,5,1296,1445800,10,1859832,18,5,660,320,80,340,85,165,5,0,0,5
175,-47.5,57.5,18,9,0,0.0,0.0,0,0.0,57.5,5,562500.0,37.413929078481104,20.313889527341573,9,18,5,5,18,0,10,-105.0,70.5,-47.5,5.0,3307588,373.932068,nan,3.307588,nan,5,1296,1445800,10,1859832,18,5,660,320,80,340,85,165,5,0,0,5
176,-47.5,57.5,18,9,0,0.0,0.0,0,0.0,57.5,5,562500.0,37.43166836125443,19.83363163983432,9,18,5,5,18,0,10,-105.0,70.5,-47.5,5.0,3307588,377.239656,nan,3.307588,nan,5,1296,1445800,10,1859832,18,5,660,320,80,340,85,165,5,0,0,5
177,-47.5,57.5,18,9,0,0.0,0.0,0,0.0,57.5,5,562500.0,45.27017702652305,33.82202510962928,9,18,5,5,18,0,10,-105.0,70.5,-47.5,5.0,3307588,380.547244,nan,3.307588,nan,5,1296,1445800,10,1859832,18,5,660,320,80,340,85,165,5,0,0,5
178,-47.5,57.5,18,9,0,0.0,0.0,0,0.0,57.5,5,562500.0,45.446333857115086,33.649589129449616,9,18,5,5,18,0,10,-105.0,70.5,-47.5,5.0,3307588,383.854832,nan,3.307588,nan,5,1296,1445800,10,1859832,18,5,660,320,80,340,85,165,5,0,0,5
179,-47.5,57.5,18,9,0,0.0,0.0,0,0.0,57.5,5,562500.0,45.44634293974271,33.649589129449616,9,18,5,5,18,0,10,-105.0,70.5,-47.5,5.0,3307588,387.16242,nan,3.307588,nan,5,1296,1445800,10,1859832,18,5,660,320,80,340,85,165,5,0,0,5
180,-47.5,57.5,18,9,0,0.0,0.0,0,0.0,57.5,5,562500.0,45.446333857115086,33.649589129449616,9,18,5,5,18,0,10,-105.0,70.5,-47.5,5.0,3307588,390.470008,nan,3.307588,nan,5,1296,1445800,10,1859832,18,5,660,320,80,340,85,165,5,0,0,5
181,-47.5,57.5,18,9,0,0.0,0.0,0,0.0,57.5,5,562500.0,43.50317941423251,33.66086706940424,9,18,5,5,18,0,10,-105.0,70.5,-47.5,5.0,3307588,393.777596,nan,3.307588,nan,5,1296,1445800,10,1859832,18,5,660,320,80,340,85,165,5,0,0,5
182,-47.5,57.5,16,8,0,0.0,0.0,0,0.0,57.5,5,562500.0,46.97673505551146,41.476112177590174,8,16,5,5,16,0,10,-105.0,70.5,-47.5,5.0,3100796,396.878392,nan,3.100796,nan,5,1152,1445800,10,1653184,16,5,660,320,80,340,85,165,5,0,0,5
183,-47.5,57.5,16,8,0,0.0,0.0,0,0.0,57.5,5,562500.0,45.87364443755856,32.18843486213306,8,16,5,5,16,0,10,-105.0,70.5,-47.5,5.0,3100796,399.979188,nan,3.100796,nan,5,1152,1445800,10,1653184,16,5,660,320,80,340,85,165,5,0,0,5
184,-47.5,57.5,16,8,0,0.0,0.0,0,0.0,57.5,5,562500.0,46.626531239987614,31.183985395663875,8,16,5,5,16,0,10,-105.0,70.5,-47.5,5.0,3100796,403.079984,nan,3.100796,nan,5,1152,1445800,10,1653184,16,5,660,320,80,340,85,165,5,0,0,5
185,-47.5,57.5,16,8,0,0.0,0.0,0,0.0,57.5,6,562500.0,44.480315168124875,40.8682995069454,8,16,6,4,16,0,10,-105.0,70.5,-47.5,5.0,2811504,405.891488,nan,2.811504,nan,4,1152,1156640,8,1653184,16,4,528,256,64,272,68,132,4,0,0,4
186,-47.5,57.5,10,5,0,0.0,0.0,0,0.0,57.5,4,562500.0,49.8658726274912,41.96393207432622,5,10,4,3,10,0,7,-105.0,70.5,-47.5,5.0,1901836,407.793324,nan,1.901836,nan,3,720,867480,6,1033240,10,3,396,192,48,204,51,99,3,0,0,3
187,-47.5,57.5,6,3,0,0.0,0.0,0,0.0,57.5,3,562500.0,46.375538219083765,45.28646084008837,3,6,3,2,6,0,5,-105.0,70.5,-47.5,5.0,1198960,408.992284,nan,1.19896,nan,2,432,578320,4,619944,6,2,264,128,32,136,34,66,2,0,0,2
188,-47.5,57.5,6,3,0,0.0,0.0,0,0.0,57.5,3,562500.0,61.96029853820801,61.18257522583008,3,6,3,2,6,0,5,-105.0,70.5,-47.5,5.0,1198960,410.191244,nan,1.19896,nan,2,432,578320,4,619944,6,2,264,128,32,136,34,66,2,0,0,2
189,-47.5,57.5,4,2,0,0.0,0.0,0,0.0,57.5,2,562500.0,67.68498229980469,62.971736907958984,2,4,2,2,4,0,4,-105.0,70.5,-47.5,5.0,992168,411.183412,nan,0.992168,nan,2,288,578320,4,413296,4,2,264,128,32,136,34,66,2,0,0,2
190,-47.5,57.5,8,4,0,0.0,0.0,0,0.0,57.5,3,562500.0,63.39742660522461,60.38286590576172,4,8,3,2,8,0,5,-105.0,70.5,-47.5,5.0,1405752,412.589164,nan,1.405752,nan,2,576,578320,4,826592,8,2,264,128,32,136,34,66,2,0,0,2
191,-47.5,57.5,10,5,0,0.0,0.0,0,0.0,57.5,3,562500.0,60.68256187438965,58.66373062133789,5,10,3,2,10,0,5,-105.0,70.5,-47.5,5.0,1612544,414.201708,nan,1.612544,nan,2,720,578320,4,1033240,10,2,264,128,32,136,34,66,2,0,0,2
192,-47.5,57.5,10,5,0,0.0,0.0,0,0.0,57.5,3,562500.0,64.51394462585449,64.42826080322266,5,10,3,2,10,0,5,-105.0,70.5,-47.5,5.0,1612544,415.814252,nan,1.612544,nan,2,720,578320,4,1033240,10,2,264,128,32,136,34,66,2,0,0,2
193,-47.5,57.5,12,6,0,0.0,0.0,0,0.0,57.5,3,562500.0,68.11419486999512,65.27973556518555,6,12,3,2,12,0,5,-105.0,70.5,-47.5,5.0,1819336,417.633588,nan,1.819336,nan,2,864,578320,4,1239888,12,2,264,128,32,136,34,66,2,0,0,2
194,-47.5,57.5,8,4,0,0.0,0.0,0,0.0,57.5,3,562500.0,62.36996841430664,62.36996841430664,4,8,3,1,8,0,4,-105.0,70.5,-47.5,5.0,1116460,418.750048,nan,1.11646,nan,1,576,289160,2,826592,8,1,132,64,16,68,17,33,1,0,0,1
195,-47.5,57.5,8,4,0,0.0,0.0,0,0.0,57.5,3,562500.0,64.72148895263672,63.863731384277344,4,8,3,2,8,0,5,-105.0,70.5,-47.5,5.0,1405752,420.1558,nan,1.405752,nan,2,576,578320,4,826592,8,2,264,128,32,136,34,66,2,0,0,2
196,-47.5,57.5,8,4,0,0.0,0.0,0,0.0,57.5,3,562500.0,68.0213565826416,67.3723258972168,4,8,3,2,8,0,5,-105.0,70.5,-47.5,5.0,1405752,421.561552,nan,1.405752,nan,2,576,578320,4,826592,8,2,264,128,32,136,34,66,2,0,0,2
197,-47.5,57.5,10,5,0,0.0,0.0,0,0.0,57.5,4,562500.0,45.43779898694919,31.292983870408094,5,10,4,3,10,0,7,-105.0,70.5,-47.5,5.0,1901836,423.463388,nan,1.901836,nan,3,720,867480,6,1033240,10,3,396,192,48,204,51,99,3,0,0,3
198,-47.5,57.5,10,5,0,0.0,0.0,0,0.0,57.5,4,562500.0,50.43813301381195,38.40016060370665,5,10,4,3,10,0,7,-105.0,70.5,-47.5,5.0,1901836,425.365224,nan,1.901836,nan,3,720,867480,6,1033240,10,3,396,192,48,204,51,99,3,0,0,3
199,-47.5,57.5,10,5,0,0.0,0.0,0,0.0,57.5,4,562500.0,54.09496352526627,42.62516650579259,5,10,4,3,10,0,7,-105.0,70.5,-47.5,5.0,1901836,427.26706,nan,1.901836,nan,3,720,867480,6,1033240,10,3,396,192,48,204,51,99,3,0,0,3
200,-47.5,57.5,10,5,0,0.0,0.0,0,0.0,57.5,4,562500.0,54.40608375409723,42.12558223526885,5,10,4,3,10,0,7,-105.0,70.5,-47.5,5.0,1901836,429.168896,nan,1.901836,nan,3,720,867480,6,1033240,10,3,396,192,48,204,51,99,3,0,0,3
201,-47.5,57.5,14,7,0,0.0,0.0,0,0.0,57.5,5,562500.0,51.81280253885068,40.06240957363702,7,14,5,3,14,0,8,-105.0,70.5,-47.5,5.0,2315420,431.484316,nan,2.31542,nan,3,1008,867480,6,1446536,14,3,396,192,48,204,51,99,3,0,0,3
202,-47.5,57.5,14,7,0,0.0,0.0,0,0.0,57.5,4,562500.0,47.16635714189322,31.576360490876482,7,14,4,3,14,0,7,-105.0,70.5,-47.5,5.0,2315420,433.799736,nan,2.31542,nan,3,1008,867480,6,1446536,14,3,396,192,48,204,51,99,3,0,0,3
203,-47.5,57.5,20,10,0,0.0,0.0,0,0.0,57.5,5,562500.0,52.29769152812881,38.82665355845461,10,20,5,3,20,0,8,-105.0,70.5,-47.5,5.0,2935796,436.735532,nan,2.935796,nan,3,1440,867480,6,2066480,20,3,396,192,48,204,51,99,3,0,0,3
204,-47.5,57.5,20,10,0,0.0,0.0,0,0.0,57.5,5,562500.0,63.38946278889974,61.43870162963867,10,20,5,3,20,0,8,-105.0,70.5,-47.5,5.0,2935796,439.671328,nan,2.935796,nan,3,1440,867480,6,2066480,20,3,396,192,48,204,51,99,3,0,0,3
205,-47.5,57.5,20,10,0,0.0,0.0,0,0.0,57.5,5,562500.0,31.601964342068282,18.11692240921354,10,20,5,3,20,0,8,-105.0,70.5,-47.5,5.0,2935796,442.607124,nan,2.935796,nan,3,1440,867480,6,2066480,20,3,396,192,48,204,51,99,3,0,0,3
206,-47.5,57.5,20,10,0,0.0,0.0,0,0.0,57.5,5,562500.0,32.41657924321057,18.877464345968814,10,20,5,3,20,0,8,-105.0,70.5,-47.5,5.0,2935796,445.54292,nan,2.935796,nan,3,1440,867480,6,2066480,20,3,396,192,48,204,51,99,3,0,0,3
207,-47.5,57.5,20,10,0,0.0,0.0,0,0.0,57.5,5,562500.0,34.42434361846438,18.877464345968814,10,20,5,3,20,0,8,-105.0,70.5,-47.5,5.0,2935796,448.478716,nan,2.935796,nan,3,1440,867480,6,2066480,20,3,396,192,48,204,51,99,3,0,0,3
208,-47.5,57.5,20,10,0,0.0,0.0,0,0.0,57.5,5,562500.0,31.609822617651854,18.140886335085366,10,20,5,3,20,0,8,-105.0,70.5,-47.5,5.0,2935796,451.414512,nan,2.935796,nan,3,1440,867480,6,2066480,20,3,396,192,48,204,51,99,3,0,0,3
209,-47.5,57.5,20,10,0,0.0,0.0,0,0.0,57.5,6,562500.0,39.71505669978389,37.45401761829426,10,20,6,2,20,0,8,-105.0,70.5,-47.5,5.0,2646504,454.061016,nan,2.646504,nan,2,1440,578320,4,2066480,20,2,264,128,32,136,34,66,2,0,0,2
210,-47.5,57.5,18,9,0,0.0,0.0,0,0.0,57.5,5,562500.0,31.847735784935043,18.59513099567915,9,18,5,3,18,0,8,-105.0,70.5,-47.5,5.0,2729004,456.79002,nan,2.729004,nan,3,1296,867480,6,1859832,18,3,396,192,48,204,51,99,3,0,0,3
211,-47.5,57.5,16,8,0,0.0,0.0,0,0.0,57.5,4,562500.0,63.429266611735024,61.44229507446289,8,16,4,3,16,0,7,-105.0,70.5,-47.5,5.0,2522212,459.312232,nan,2.522212,nan,3,1152,867480,6,1653184,16,3,396,192,48,204,51,99,3,0,0,3
212,-47.5,57.5,18,9,0,0.0,0.0,0,0.0,57.5,5,562500.0,31.75710074963913,20.829101347376067,9,18,5,4,18,0,9,-105.0,70.5,-47.5,5.0,3018296,462.330528,nan,3.018296,nan,4,1296,1156640,8,1859832,18,4,528,256,64,272,68,132,4,0,0,4
213,-47.5,57.5,18,9,0,0.0,0.0,0,0.0,57.5,5,562500.0,38.89589648134044,18.59513099567915,9,18,5,4,18,0,9,-105.0,70.5,-47.5,5.0,3018296,465.348824,nan,3.018296,nan,4,1296,1156640,8,1859832,18,4,528,256,64,272,68,132,4,0,0,4
214,-47.5,57.5,18,9,0,0.0,0.0,0,0.0,57.5,5,562500.0,38.93719725496105,18.59513099567915,9,18,5,4,18,0,9,-105.0,70.5,-47.5,5.0,3018296,468.36712,nan,3.018296,nan,4,1296,1156640,8,1859832,18,4,528,256,64,272,68,132,4,0,0,4
215,-47.5,57.5,18,9,0,0.0,0.0,0,0.0,57.5,5,562500.0,38.759781857342894,18.140886335085366,9,18,5,4,18,0,9,-105.0,70.5,-47.5,5.0,3018296,471.385416,nan,3.018296,nan,4,1296,1156640,8,1859832,18,4,528,256,64,272,68,132,4,0,0,4
216,-47.5,57.5,22,11,0,0.0,0.0,0,0.0,57.5,6,562500.0,38.938472317522084,18.59513099567915,11,22,6,4,22,0,10,-105.0,70.5,-47.5,5.0,3431880,474.817296,nan,3.43188,nan,4,1584,1156640,8,2273128,22,4,528,256,64,272,68,132,4,0,0,4
217,-47.5,57.5,22,11,0,0.0,0.0,0,0.0,57.5,6,562500.0,39.54313375553625,18.140886335085366,11,22,6,4,22,0,10,-105.0,70.5,-47.5,5.0,3431880,478.249176,nan,3.43188,nan,4,1584,1156640,8,2273128,22,4,528,256,64,272,68,132,4,0,0,4
218,-47.5,57.5,22,11,0,0.0,0.0,0,0.0,57.5,6,562500.0,40.528273677702224,18.595142439620357,11,22,6,4,22,0,10,-105.0,70.5,-47.5,5.0,3431880,481.681056,nan,3.43188,nan,4,1584,1156640,8,2273128,22,4,528,256,64,272,68,132,4,0,0,4
219,-47.5,57.5,22,11,0,0.0,0.0,0,0.0,57.5,6,562500.0,49.71437150811323,24.779062279959323,11,22,6,4,22,0,10,-105.0,70.5,-47.5,5.0,3431880,485.112936,nan,3.43188,nan,4,1584,1156640,8,2273128,22,4,528,256,64,272,68,132,4,0,0,4
220,-47.5,57.5,22,11,0,0.0,0.0,0,0.0,57.5,6,562500.0,38.938472317522084,18.59513099567915,11,22,6,4,22,0,10,-105.0,70.5,-47.5,5.0,3431880,488.544816,nan,3.43188,nan,4,1584,1156640,8,2273128,22,4,528,256,64,272,68,132,4,0,0,4
221,-47.5,57.5,18,9,0,0.0,0.0,0,0.0,57.5,5,562500.0,38.938472317522084,18.59513099567915,9,18,5,4,18,0,9,-105.0,70.5,-47.5,5.0,3018296,491.563112,nan,3.018296,nan,4,1296,1156640,8,1859832,18,4,528,256,64,272,68,132,4,0,0,4
222,-47.5,57.5,18,9,0,0.0,0.0,0,0.0,57.5,5,562500.0,49.351151481175656,23.544554388803295,9,18,5,4,18,0,9,-105.0,70.5,-47.5,5.0,3018296,494.581408,nan,3.018296,nan,4,1296,1156640,8,1859832,18,4,528,256,64,272,68,132,4,0,0,4
223,-47.5,57.5,18,9,0,0.0,0.0,0,0.0,57.5,5,562500.0,38.938472317522084,18.59513099567915,9,18,5,4,18,0,9,-105.0,70.5,-47.5,5.0,3018296,497.599704,nan,3.018296,nan,4,1296,1156640,8,1859832,18,4,528,256,64,272,68,132,4,0,0,4
224,-47.5,57.5,18,9,0,0.0,0.0,0,0.0,57.5,5,562500.0,38.93847279435297,18.59513481032622,9,18,5,4,18,0,9,-105.0,70.5,-47.5,5.0,3018296,500.618,nan,3.018296,nan,4,1296,1156640,8,1859832,18,4,528,256,64,272,68,132,4,0,0,4
225,-47.5,57.5,18,9,0,0.0,0.0,0,0.0,57.5,5,562500.0,39.4078761099532,18.595142439620357,9,18,5,4,18,0,9,-105.0,70.5,-47.5,5.0,3018296,503.636296,nan,3.018296,nan,4,1296,1156640,8,1859832,18,4,528,256,64,272,68,132,4,0,0,4
226,-47.5,57.5,14,7,0,0.0,0.0,0,0.0,57.5,5,562500.0,51.2411056545653,40.212555425764016,7,14,5,3,14,0,8,-105.0,70.5,-47.5,5.0,2315420,505.951716,nan,2.31542,nan,3,1008,867480,6,1446536,14,3,396,192,48,204,51,99,3,0,0,3
227,-47.5,57.5,14,7,0,0.0,0.0,0,0.0,57.5,4,562500.0,45.45344317214173,22.639848020003143,7,14,4,4,14,0,8,-105.0,70.5,-47.5,5.0,2604712,508.556428,nan,2.604712,nan,4,1008,1156640,8,1446536,14,4,528,256,64,272,68,132,4,0,0,4
228,-47.5,57.5,14,7,0,0.0,0.0,0,0.0,57.5,4,562500.0,46.62586824161288,24.292163648786573,7,14,4,4,14,0,8,-105.0,70.5,-47.5,5.0,2604712,511.16114,nan,2.604712,nan,4,1008,1156640,8,1446536,14,4,528,256,64,272,68,132,4,0,0,4
229,-47.5,57.5,14,7,0,0.0,0.0,0,0.0,57.5,4,562500.0,46.3627241836842,26.696057218693674,7,14,4,4,14,0,8,-105.0,70.5,-47.5,5.0,2604712,513.765852,nan,2.604712,nan,4,1008,1156640,8,1446536,14,4,528,256,64,272,68,132,4,0,0,4
230,-47.5,57.5,12,6,0,0.0,0.0,0,0.0,57.5,4,562500.0,46.89614722593532,28.711897270933026,6,12,4,4,12,0,8,-105.0,70.5,-47.5,5.0,2397920,516.163772,nan,2.39792,nan,4,864,1156640,8,1239888,12,4,528,256,64,272,68,132,4,0,0,4
231,-47.5,57.5,6,3,0,0.0,0.0,0,0.0,57.5,3,562500.0,60.89979267120361,59.039772033691406,3,6,3,2,6,0,5,-105.0,70.5,-47.5,5.0,1198960,517.362732,nan,1.19896,nan,2,432,578320,4,619944,6,2,264,128,32,136,34,66,2,0,0,2
232,-47.5,57.5,6,3,0,0.0,0.0,0,0.0,57.5,3,562500.0,65.96137046813965,62.02739715576172,3,6,3,2,6,0,5,-105.0,70.5,-47.5,5.0,1198960,518.561692,nan,1.19896,nan,2,432,578320,4,619944,6,2,264,128,32,136,34,66,2,0,0,2
233,-47.5,57.5,6,3,0,0.0,0.0,0,0.0,57.5,3,562500.0,63.9286527633667,63.354949951171875,3,6,3,2,6,0,5,-105.0,70.5,-47.5,5.0,1198960,519.760652,nan,1.19896,nan,2,432,578320,4,619944,6,2,264,128,32,136,34,66,2,0,0,2
234,-47.5,57.5,8,4,0,0.0,0.0,0,0.0,57.5,4,562500.0,35.86760048033931,19.590449560120195,4,8,4,3,8,0,7,-105.0,70.5,-47.5,5.0,1695044,521.455696,nan,1.695044,nan,3,576,867480,6,826592,8,3,396,192,48,204,51,99,3,0,0,3
235,-47.5,57.5,8,4,0,0.0,0.0,0,0.0,57.5,4,562500.0,44.597315980534496,21.243136807775038,4,8,4,3,8,0,7,-105.0,70.5,-47.5,5.0,1695044,523.15074,nan,1.695044,nan,3,576,867480,6,826592,8,3,396,192,48,204,51,99,3,0,0,3
236,-47.5,57.5,6,3,0,0.0,0.0,0,0.0,57.5,3,562500.0,41.426748089318416,21.065158116589117,3,6,3,3,6,0,6,-105.0,70.5,-47.5,5.0,1488252,524.638992,nan,1.488252,nan,3,432,867480,6,619944,6,3,396,192,48,204,51,99,3,0,0,3
237,-47.5,57.5,6,3,0,0.0,0.0,0,0.0,57.5,2,562500.0,59.68003845214844,59.68003845214844,3,6,2,1,6,0,3,-105.0,70.5,-47.5,5.0,909668,525.54866,nan,0.909668,nan,1,432,289160,2,619944,6,1,132,64,16,68,17,33,1,0,0,1
238,-47.5,57.5,4,2,0,0.0,0.0,0,0.0,57.5,2,562500.0,63.23073959350586,63.23073959350586,2,4,2,1,4,0,3,-105.0,70.5,-47.5,5.0,702876,526.251536,nan,0.702876,nan,1,288,289160,2,413296,4,1,132,64,16,68,17,33,1,0,0,1
239,-47.5,57.5,2,1,0,0.0,0.0,0,0.0,57.5,1,562500.0,67.99407577514648,67.99407577514648,1,2,1,1,2,0,2,-105.0,70.5,-47.5,5.0,496084,526.74762,nan,0.496084,nan,1,144,289160,2,206648,2,1,132,64,16,68,17,33,1,0,0,1
240,-47.5,57.5,2,1,0,0.0,0.0,0,0.0,57.5,1,562500.0,74.55255699157715,74.55255699157715,1,2,1,1,2,0,2,-105.0,70.5,-47.5,5.0,496084,527.243704,nan,0.496084,nan,1,144,289160,2,206648,2,1,132,64,16,68,17,33,1,0,0,1
241,-47.5,57.5,6,3,0,0.0,0.0,0,0.0,57.5,3,562500.0,55.40162522662501,39.64551264489375,3,6,3,3,6,0,6,-105.0,70.5,-47.5,5.0,1488252,528.731956,nan,1.488252,nan,3,432,867480,6,619944,6,3,396,192,48,204,51,99,3,0,0,3
242,-47.5,57.5,4,2,0,0.0,0.0,0,0.0,57.5,2,562500.0,62.75921821594238,61.226558685302734,2,4,2,2,4,0,4,-105.0,70.5,-47.5,5.0,992168,529.724124,nan,0.992168,nan,2,288,578320,4,413296,4,2,264,128,32,136,34,66,2,0,0,2
243,-47.5,57.5,2,1,0,0.0,0.0,0,0.0,57.5,1,562500.0,68.26337051391602,68.26337051391602,1,2,1,1,2,0,2,-105.0,70.5,-47.5,5.0,496084,530.220208,nan,0.496084,nan,1,144,289160,2,206648,2,1,132,64,16,68,17,33,1,0,0,1
244,-47.5,57.5,6,3,0,0.0,0.0,0,0.0,57.5,3,562500.0,41.264489046344174,37.75799153723507,3,6,3,2,6,0,5,-105.0,70.5,-47.5,5.0,1198960,531.419168,nan,1.19896,nan,2,432,578320,4,619944,6,2,264,128,32,136,34,66,2,0,0,2
245,-47.5,57.5,6,3,0,0.0,0.0,0,0.0,57.5,3,562500.0,43.34429981842434,40.08915395471505,3,6,3,2,6,0,5,-105.0,70.5,-47.5,5.0,1198960,532.618128,nan,1.19896,nan,2,432,578320,4,619944,6,2,264,128,32,136,34,66,2,0,0,2
246,-47.5,57.5,6,3,0,0.0,0.0,0,0.0,57.5,3,562500.0,28.412402634369304,24.616606370674386,3,6,3,2,6,0,5,-105.0,70.5,-47.5,5.0,1198960,533.817088,nan,1.19896,nan,2,432,578320,4,619944,6,2,264,128,32,136,34,66,2,0,0,2
247,-47.5,57.5,6,3,0,0.0,0.0,0,0.0,57.5,3,562500.0,28.074867284300254,22.188338860820277,3,6,3,2,6,0,5,-105.0,70.5,-47.5,5.0,1198960,535.016048,nan,1.19896,nan,2,432,578320,4,619944,6,2,264,128,32,136,34,66,2,0,0,2
248,-47.5,57.5,10,5,0,0.0,0.0,0,0.0,57.5,4,562500.0,43.485740793732965,22.940956280548676,5,10,4,4,10,0,8,-105.0,70.5,-47.5,5.0,2191128,537.207176,nan,2.191128,nan,4,720,1156640,8,1033240,10,4,528,256,64,272,68,132,4,0,0,4
249,-47.5,57.5,10,5,0,0.0,0.0,0,0.0,57.5,4,562500.0,56.22703114671449,45.213571939596314,5,10,4,4,10,0,8,-105.0,70.5,-47.5,5.0,2191128,539.398304,nan,2.191128,nan,4,720,1156640,8,1033240,10,4,528,256,64,272,68,132,4,0,0,4
250,-47.5,57.5,10,5,0,0.0,0.0,0,0.0,57.5,4,562500.0,57.5660492816305,46.37222953128327,5,10,4,4,10,0,8,-105.0,70.5,-47.5,5.0,2191128,541.589432,nan,2.191128,nan,4,720,1156640,8,1033240,10,4,528,256,64,272,68,132,4,0,0,4
251,-47.5,57.5,10,5,0,0.0,0.0,0,0.0,57.5,4,562500.0,41.13875094992922,18.02239223658878,5,10,4,4,10,0,8,-105.0,70.5,-47.5,5.0,2191128,543.78056,nan,2.191128,nan,4,720,1156640,8,1033240,10,4,528,256,64,272,68,132,4,0,0,4
252,-47.5,57.5,10,5,0,0.0,0.0,0,0.0,57.5,4,562500.0,31.69302076152859,18.06340411301828,5,10,4,4,10,0,8,-105.0,70.5,-47.5,5.0,2191128,545.971688,nan,2.191128,nan,4,720,1156640,8,1033240,10,4,528,256,64,272,68,132,4,0,0,4
253,-47.5,57.5,10,5,0,0.0,0.0,0,0.0,57.5,4,562500.0,31.824080263151565,18.075065655617394,5,10,4,4,10,0,8,-105.0,70.5,-47.5,5.0,2191128,548.162816,nan,2.191128,nan,4,720,1156640,8,1033240,10,4,528,256,64,272,68,132,4,0,0,4
254,-47.5,57.5,10,5,0,0.0,0.0,0,0.0,57.5,4,562500.0,31.837947476951292,18.14339374089273,5,10,4,4,10,0,8,-105.0,70.5,-47.5,5.0,2191128,550.353944,nan,2.191128,nan,4,720,1156640,8,1033240,10,4,528,256,64,272,68,132,4,0,0,4
255,-47.5,57.5,10,5,0,0.0,0.0,0,0.0,57.5,4,562500.0,31.844028228851712,18.14339374089273,5,10,4,4,10,0,8,-105.0,70.5,-47.5,5.0,2191128,552.545072,nan,2.191128,nan,4,720,1156640,8,1033240,10,4,528,256,64,272,68,132,4,0,0,4
256,-47.5,57.5,12,6,0,0.0,0.0,0,0.0,57.5,5,562500.0,54.1446748759161,41.29039304070929,6,12,5,4,12,0,9,-105.0,70.5,-47.5,5.0,2397920,554.942992,nan,2.39792,nan,4,864,1156640,8,1239888,12,4,528,256,64,272,68,132,4,0,0,4
257,-47.5,57.5,10,5,0,0.0,0.0,0,0.0,57.5,4,562500.0,31.845060070691495,18.14339374089273,5,10,4,4,10,0,8,-105.0,70.5,-47.5,5.0,2191128,557.13412,nan,2.191128,nan,4,720,1156640,8,1033240,10,4,528,256,64,272,68,132,4,0,0,4
258,-47.5,57.5,10,5,0,0.0,0.0,0,0.0,57.5,4,562500.0,31.845060070691495,18.14339374089273,5,10,4,4,10,0,8,-105.0,70.5,-47.5,5.0,2191128,559.325248,nan,2.191128,nan,4,720,1156640,8,1033240,10,4,528,256,64,272,68,132,4,0,0,4
259,-47.5,57.5,10,5,0,0.0,0.0,0,0.0,57.5,4,562500.0,31.845074650291163,18.14339374089273,5,10,4,4,10,0,8,-105.0,70.5,-47.5,5.0,2191128,561.516376,nan,2.191128,nan,4,720,1156640,8,1033240,10,4,528,256,64,272,68,132,4,0,0,4
260,-47.5,57.5,10,5,0,0.0,0.0,0,0.0,57.5,4,562500.0,31.845059593854337,18.14339374089273,5,10,4,4,10,0,8,-105.0,70.5,-47.5,5.0,2191128,563.707504,nan,2.191128,nan,4,720,1156640,8,1033240,10,4,528,256,64,272,68,132,4,0,0,4
261,-47.5,57.5,10,5,0,0.0,0.0,0,0.0,57.5,4,562500.0,31.84507512712832,18.14339374089273,5,10,4,4,10,0,8,-105.0,70.5,-47.5,5.0,2191128,565.898632,nan,2.191128,nan,4,720,1156640,8,1033240,10,4,528,256,64,272,68,132,4,0,0,4
262,-47.5,57.5,10,5,0,0.0,0.0,0,0.0,57.5,4,562500.0,31.845059593854337,18.14339374089273,5,10,4,4,10,0,8,-105.0,70.5,-47.5,5.0,2191128,568.08976,nan,2.191128,nan,4,720,1156640,8,1033240,10,4,528,256,64,272,68,132,4,0,0,4
263,-47.5,57.5,10,5,0,0.0,0.0,0,0.0,57.5,4,562500.0,31.84507277407432,18.14339374089273,5,10,4,4,10,0,8,-105.0,70.5,-47.5,5.0,2191128,570.280888,nan,2.191128,nan,4,720,1156640,8,1033240,10,4,528,256,64,272,68,132,4,0,0,4
264,-47.5,57.5,10,5,0,0.0,0.0,0,0.0,57.5,4,562500.0,31.845059593854337,18.14339374089273,5,10,4,4,10,0,8,-105.0,70.5,-47.5,5.0,2191128,572.472016,nan,2.191128,nan,4,720,1156640,8,1033240,10,4,528,256,64,272,68,132,4,0,0,4
265,-47.5,57.5,14,7,0,0.0,0.0,0,0.0,57.5,5,562500.0,31.853828489929306,18.07600407379946,7,14,5,4,14,0,9,-105.0,70.5,-47.5,5.0,2604712,575.076728,nan,2.604712,nan,4,1008,1156640,8,1446536,14,4,528,256,64,272,68,132,4,0,0,4
266,-47.5,57.5,14,7,0,0.0,0.0,0,0.0,57.5,5,562500.0,31.84506147007118,18.14339374089273,7,14,5,4,14,0,9,-105.0,70.5,-47.5,5.0,2604712,577.68144,nan,2.604712,nan,4,1008,1156640,8,1446536,14,4,528,256,64,272,68,132,4,0,0,4
267,-47.5,57.5,14,7,0,0.0,0.0,0,0.0,57.5,5,562500.0,31.845059593854337,18.14339374089273,7,14,5,4,14,0,9,-105.0,70.5,-47.5,5.0,2604712,580.286152,nan,2.604712,nan,4,1008,1156640,8,1446536,14,4,528,256,64,272,68,132,4,0,0,4
268,-47.5,57.5,12,6,0,0.0,0.0,0,0.0,57.5,5,562500.0,31.853841670149293,18.07600407379946,6,12,5,4,12,0,9,-105.0,70.5,-47.5,5.0,2397920,582.684072,nan,2.39792,nan,4,864,1156640,8,1239888,12,4,528,256,64,272,68,132,4,0,0,4
269,-47.5,57.5,10,5,0,0.0,0.0,0,0.0,57.5,4,562500.0,31.845059593854337,18.14339374089273,5,10,4,4,10,0,8,-105.0,70.5,-47.5,5.0,2191128,584.8752,nan,2.191128,nan,4,720,1156640,8,1033240,10,4,528,256,64,272,68,132,4,0,0,4
270,-47.5,57.5,10,5,0,0.0,0.0,0,0.0,57.5,4,562500.0,31.84506522250534,18.14339374089273,5,10,4,4,10,0,8,-105.0,70.5,-47.5,5.0,2191128,587.066328,nan,2.191128,nan,4,720,1156640,8,1033240,10,4,528,256,64,272,68,132,4,0,0,4
271,-47.5,57.5,14,7,0,0.0,0.0,0,0.0,57.5,5,562500.0,50.267978901591675,38.49034724263936,7,14,5,3,14,0,8,-105.0,70.5,-47.5,5.0,2315420,589.381748,nan,2.31542,nan,3,1008,867480,6,1446536,14,3,396,192,48,204,51,99,3,0,0,3
272,-47.5,57.5,14,7,0,0.0,0.0,0,0.0,57.5,5,562500.0,52.17841790460293,44.66108451870863,7,14,5,3,14,0,8,-105.0,70.5,-47.5,5.0,2315420,591.697168,nan,2.31542,nan,3,1008,867480,6,1446536,14,3,396,192,48,204,51,99,3,0,0,3
273,-47.5,57.5,16,8,0,0.0,0.0,0,0.0,57.5,6,562500.0,54.766256977047384,47.454642652285926,8,16,6,3,16,0,9,-105.0,70.5,-47.5,5.0,2522212,594.21938,nan,2.522212,nan,3,1152,867480,6,1653184,16,3,396,192,48,204,51,99,3,0,0,3
274,-47.5,57.5,20,10,0,0.0,0.0,0,0.0,57.5,6,562500.0,55.730431106052244,48.40699153649854,10,20,6,3,20,0,9,-105.0,70.5,-47.5,5.0,2935796,597.155176,nan,2.935796,nan,3,1440,867480,6,2066480,20,3,396,192,48,204,51,99,3,0,0,3
275,-47.5,57.5,20,10,0,0.0,0.0,0,0.0,57.5,6,562500.0,52.92722032627257,46.11672445342238,10,20,6,3,20,0,9,-105.0,70.5,-47.5,5.0,2935796,600.090972,nan,2.935796,nan,3,1440,867480,6,2066480,20,3,396,192,48,204,51,99,3,0,0,3
276,-47.5,57.5,20,10,0,0.0,0.0,0,0.0,57.5,6,562500.0,52.56654402799261,40.06962929457234,10,20,6,3,20,0,9,-105.0,70.5,-47.5,5.0,2935796,603.026768,nan,2.935796,nan,3,1440,867480,6,2066480,20,3,396,192,48,204,51,99,3,0,0,3
277,-47.5,57.5,18,9,0,0.0,0.0,0,0.0,57.5,6,562500.0,53.870755728025415,46.411979300675846,9,18,6,3,18,0,9,-105.0,70.5,-47.5,5.0,2729004,605.755772,nan,2.729004,nan,3,1296,867480,6,1859832,18,3,396,192,48,204,51,99,3,0,0,3
278,-47.5,57.5,24,12,0,0.0,0.0,0,0.0,57.5,4,562500.0,53.519157849272574,40.010555043644196,12,24,4,4,24,0,8,-105.0,70.5,-47.5,5.0,3638672,609.394444,nan,3.638672,nan,4,1728,1156640,8,2479776,24,4,528,256,64,272,68,132,4,0,0,4
279,-47.5,57.5,26,13,0,0.0,0.0,0,0.0,57.5,4,562500.0,65.2346928914388,58.72665023803711,13,26,4,3,26,0,7,-105.0,70.5,-47.5,5.0,3556172,612.950616,nan,3.556172,nan,3,1872,867480,6,2686424,26,3,396,192,48,204,51,99,3,0,0,3
280,-47.5,57.5,28,14,0,0.0,0.0,0,0.0,57.5,5,562500.0,71.75759696960449,71.67013549804688,14,28,5,2,28,0,7,-105.0,70.5,-47.5,5.0,3473672,616.424288,nan,3.473672,nan,2,2016,578320,4,2893072,28,2,264,128,32,136,34,66,2,0,0,2
281,-47.5,57.5,28,14,0,0.0,0.0,0,0.0,57.5,4,562500.0,65.9423319498698,60.66293716430664,14,28,4,3,28,0,7,-105.0,70.5,-47.5,5.0,3762964,620.187252,nan,3.762964,nan,3,2016,867480,6,2893072,28,3,396,192,48,204,51,99,3,0,0,3
282,-47.5,57.5,24,12,0,0.0,0.0,0,0.0,57.5,4,562500.0,66.49480628967285,65.84373092651367,12,24,4,2,24,0,6,-105.0,70.5,-47.5,5.0,3060088,623.24734,nan,3.060088,nan,2,1728,578320,4,2479776,24,2,264,128,32,136,34,66,2,0,0,2
283,-47.5,57.5,24,12,0,0.0,0.0,0,0.0,57.5,5,562500.0,62.39512952168783,60.19939422607422,12,24,5,3,24,0,8,-105.0,70.5,-47.5,5.0,3349380,626.59672,nan,3.34938,nan,3,1728,867480,6,2479776,24,3,396,192,48,204,51,99,3,0,0,3
284,-47.5,57.5,22,11,0,0.0,0.0,0,0.0,57.5,5,562500.0,64.45333480834961,64.26000213623047,11,22,5,2,22,0,7,-105.0,70.5,-47.5,5.0,2853296,629.450016,nan,2.853296,nan,2,1584,578320,4,2273128,22,2,264,128,32,136,34,66,2,0,0,2
285,-47.5,57.5,20,10,0,0.0,0.0,0,0.0,57.5,4,562500.0,64.22717412312825,59.22010040283203,10,20,4,3,20,0,7,-105.0,70.5,-47.5,5.0,2935796,632.385812,nan,2.935796,nan,3,1440,867480,6,2066480,20,3,396,192,48,204,51,99,3,0,0,3
286,-47.5,57.5,18,9,0,0.0,0.0,0,0.0,57.5,5,562500.0,38.860053875373126,18.186059422972843,9,18,5,4,18,0,9,-105.0,70.5,-47.5,5.0,3018296,635.404108,nan,3.018296,nan,4,1296,1156640,8,1859832,18,4,528,256,64,272,68,132,4,0,0,4
287,-47.5,57.5,16,8,0,0.0,0.0,0,0.0,57.5,5,562500.0,51.402467910121594,42.047731210993355,8,16,5,3,16,0,8,-105.0,70.5,-47.5,5.0,2522212,637.92632,nan,2.522212,nan,3,1152,867480,6,1653184,16,3,396,192,48,204,51,99,3,0,0,3
288,-47.5,57.5,20,10,0,0.0,0.0,0,0.0,57.5,5,562500.0,64.05351130167644,62.372745513916016,10,20,5,3,20,0,8,-105.0,70.5,-47.5,5.0,2935796,640.862116,nan,2.935796,nan,3,1440,867480,6,2066480,20,3,396,192,48,204,51,99,3,0,0,3
289,-47.5,57.5,20,10,0,0.0,0.0,0,0.0,57.5,5,562500.0,40.68170474110955,21.257267247169167,10,20,5,3,20,0,8,-105.0,70.5,-47.5,5.0,2935796,643.797912,nan,2.935796,nan,3,1440,867480,6,2066480,20,3,396,192,48,204,51,99,3,0,0,3
290,-47.5,57.5,16,8,0,0.0,0.0,0,0.0,57.5,3,562500.0,62.9736696879069,60.43323516845703,8,16,3,3,16,0,6,-105.0,70.5,-47.5,5.0,2522212,646.320124,nan,2.522212,nan,3,1152,867480,6,1653184,16,3,396,192,48,204,51,99,3,0,0,3
291,-47.5,57.5,10,5,0,0.0,0.0,0,0.0,57.5,3,562500.0,66.5048828125,65.7153205871582,5,10,3,2,10,0,5,-105.0,70.5,-47.5,5.0,1612544,647.932668,nan,1.612544,nan,2,720,578320,4,1033240,10,2,264,128,32,136,34,66,2,0,0,2
292,-47.5,57.5,10,5,0,0.0,0.0,0,0.0,57.5,3,562500.0,67.33857345581055,67.16499710083008,5,10,3,2,10,0,5,-105.0,70.5,-47.5,5.0,1612544,649.545212,nan,1.612544,nan,2,720,578320,4,1033240,10,2,264,128,32,136,34,66,2,0,0,2
293,-47.5,57.5,10,5,0,0.0,0.0,0,0.0,57.5,3,562500.0,67.45893096923828,67.39607238769531,5,10,3,2,10,0,5,-105.0,70.5,-47.5,5.0,1612544,651.157756,nan,1.612544,nan,2,720,578320,4,1033240,10,2,264,128,32,136,34,66,2,0,0,2
294,-47.5,57.5,10,5,0,0.0,0.0,0,0.0,57.5,3,562500.0,67.46191215515137,67.40082931518555,5,10,3,2,10,0,5,-105.0,70.5,-47.5,5.0,1612544,652.7703,nan,1.612544,nan,2,720,578320,4,1033240,10,2,264,128,32,136,34,66,2,0,0,2
295,-47.5,57.5,10,5,0,0.0,0.0,0,0.0,57.5,3,562500.0,67.46310234069824,67.4032096862793,5,10,3,2,10,0,5,-105.0,70.5,-47.5,5.0,1612544,654.382844,nan,1.612544,nan,2,720,578320,4,1033240,10,2,264,128,32,136,34,66,2,0,0,2
296,-47.5,57.5,10,5,0,0.0,0.0,0,0.0,57.5,3,562500.0,67.46310234069824,67.4032096862793,5,10,3,2,10,0,5,-105.0,70.5,-47.5,5.0,1612544,655.995388,nan,1.612544,nan,2,720,578320,4,1033240,10,2,264,128,32,136,34,66,2,0,0,2
297,-47.5,57.5,10,5,0,0.0,0.0,0,0.0,57.5,3,562500.0,67.46310234069824,67.4032096862793,5,10,3,2,10,0,5,-105.0,70.5,-47.5,5.0,1612544,657.607932,nan,1.612544,nan,2,720,578320,4,1033240,10,2,264,128,32,136,34,66,2,0,0,2
298,-47.5,57.5,10,5,0,0.0,0.0,0,0.0,57.5,3,562500.0,67.46310234069824,67.4032096862793,5,10,3,2,10,0,5,-105.0,70.5,-47.5,5.0,1612544,659.220476,nan,1.612544,nan,2,720,578320,4,1033240,10,2,264,128,32,136,34,66,2,0,0,2
299,-47.5,57.5,10,5,0,0.0,0.0,0,0.0,57.5,3,562500.0,67.46310234069824,67.4032096862793,5,10,3,2,10,0,5,-105.0,70.5,-47.5,5.0,1612544,660.83302,nan,1.612544,nan,2,720,578320,4,1033240,10,2,264,128,32,136,34,66,2,0,0,2
300,-47.5,57.5,10,5,0,0.0,0.0,0,0.0,57.5,3,562500.0,67.46310234069824,67.4032096862793,5,10,3,2,10,0,5,-105.0,70.5,-47.5,5.0,1612544,662.445564,nan,1.612544,nan,2,720,578320,4,1033240,10,2,264,128,32,136,34,66,2,0,0,2
301,-47.5,57.5,12,6,0,0.0,0.0,0,0.0,57.5,4,562500.0,52.90731267562747,39.872426713648764,6,12,4,3,12,0,7,-105.0,70.5,-47.5,5.0,2108628,664.554192,nan,2.108628,nan,3,864,867480,6,1239888,12,3,396,192,48,204,51,99,3,0,0,3
302,-47.5,57.5,16,8,0,0.0,0.0,0,0.0,57.5,5,562500.0,53.58922710132865,42.26580923184015,8,16,5,3,16,0,8,-105.0,70.5,-47.5,5.0,2522212,667.076404,nan,2.522212,nan,3,1152,867480,6,1653184,16,3,396,192,48,204,51,99,3,0,0,3
303,-47.5,57.5,18,9,0,0.0,0.0,0,0.0,57.5,5,562500.0,40.418247722323684,19.49809815751009,9,18,5,4,18,0,9,-105.0,70.5,-47.5,5.0,3018296,670.0947,nan,3.018296,nan,4,1296,1156640,8,1859832,18,4,528,256,64,272,68,132,4,0,0,4
304,-47.5,57.5,22,11,0,0.0,0.0,0,0.0,57.5,6,562500.0,54.95623170489808,43.711865873402644,11,22,6,4,22,0,10,-105.0,70.5,-47.5,5.0,3431880,673.52658,nan,3.43188,nan,4,1584,1156640,8,2273128,22,4,528,256,64,272,68,132,4,0,0,4
305,-47.5,57.5,24,12,0,0.0,0.0,0,0.0,57.5,6,562500.0,53.11608862333802,35.603045677853935,12,24,6,4,24,0,10,-105.0,70.5,-47.5,5.0,3638672,677.165252,nan,3.638672,nan,4,1728,1156640,8,2479776,24,4,528,256,64,272,68,132,4,0,0,4
306,-47.5,57.5,20,10,0,0.0,0.0,0,0.0,57.5,5,562500.0,63.95708719889323,60.68452835083008,10,20,5,3,20,0,8,-105.0,70.5,-47.5,5.0,2935796,680.101048,nan,2.935796,nan,3,1440,867480,6,2066480,20,3,396,192,48,204,51,99,3,0,0,3
307,-47.5,57.5,20,10,0,0.0,0.0,0,0.0,57.5,5,562500.0,60.809030055999756,57.702369689941406,10,20,5,4,20,0,9,-105.0,70.5,-47.5,5.0,3225088,683.326136,nan,3.225088,nan,4,1440,1156640,8,2066480,20,4,528,256,64,272,68,132,4,0,0,4
308,-47.5,57.5,14,7,0,0.0,0.0,0,0.0,57.5,4,562500.0,45.72508414545379,22.537885187754938,7,14,4,4,14,0,8,-105.0,70.5,-47.5,5.0,2604712,685.930848,nan,2.604712,nan,4,1008,1156640,8,1446536,14,4,528,256,64,272,68,132,4,0,0,4
309,-47.5,57.5,14,7,0,0.0,0.0,0,0.0,57.5,4,562500.0,49.78238913077981,27.648500559709998,7,14,4,4,14,0,8,-105.0,70.5,-47.5,5.0,2604712,688.53556,nan,2.604712,nan,4,1008,1156640,8,1446536,14,4,528,256,64,272,68,132,4,0,0,4
310,-47.5,57.5,14,7,0,0.0,0.0,0,0.0,57.5,4,562500.0,49.304103669958685,26.50931755079494,7,14,4,4,14,0,8,-105.0,70.5,-47.5,5.0,2604712,691.140272,nan,2.604712,nan,4,1008,1156640,8,1446536,14,4,528,256,64,272,68,132,4,0,0,4
311,-47.5,57.5,16,8,0,0.0,0.0,0,0.0,57.5,5,562500.0,53.38060875939556,36.15713031029153,8,16,5,4,16,0,9,-105.0,70.5,-47.5,5.0,2811504,693.951776,nan,2.811504,nan,4,1152,1156640,8,1653184,16,4,528,256,64,272,68,132,4,0,0,4
312,-47.5,57.5,14,7,0,0.0,0.0,0,0.0,57.5,4,562500.0,54.80254354871185,41.84489605571842,7,14,4,4,14,0,8,-105.0,70.5,-47.5,5.0,2604712,696.556488,nan,2.604712,nan,4,1008,1156640,8,1446536,14,4,528,256,64,272,68,132,4,0,0,4
313,-47.5,57.5,16,8,0,0.0,0.0,0,0.0,57.5,5,562500.0,55.11391888855387,43.090333437005626,8,16,5,4,16,0,9,-105.0,70.5,-47.5,5.0,2811504,699.367992,nan,2.811504,nan,4,1152,1156640,8,1653184,16,4,528,256,64,272,68,132,4,0,0,4
314,-47.5,57.5,16,8,0,0.0,0.0,0,0.0,57.5,5,562500.0,54.77824603827837,39.52266998254806,8,16,5,4,16,0,9,-105.0,70.5,-47.5,5.0,2811504,702.179496,nan,2.811504,nan,4,1152,1156640,8,1653184,16,4,528,256,64,272,68,132,4,0,0,4
315,-47.5,57.5,16,8,0,0.0,0.0,0,0.0,57.5,4,562500.0,66.98615646362305,66.03226470947266,8,16,4,3,16,0,7,-105.0,70.5,-47.5,5.0,2522212,704.701708,nan,2.522212,nan,3,1152,867480,6,1653184,16,3,396,192,48,204,51,99,3,0,0,3
316,-47.5,57.5,18,9,0,0.0,0.0,0,0.0,57.5,4,562500.0,64.23602040608723,60.7357063293457,9,18,4,3,18,0,7,-105.0,70.5,-47.5,5.0,2729004,707.430712,nan,2.729004,nan,3,1296,867480,6,1859832,18,3,396,192,48,204,51,99,3,0,0,3
317,-47.5,57.5,18,9,0,0.0,0.0,0,0.0,57.5,5,562500.0,64.96996116638184,64.29441452026367,9,18,5,2,18,0,7,-105.0,70.5,-47.5,5.0,2439712,709.870424,nan,2.439712,nan,2,1296,578320,4,1859832,18,2,264,128,32,136,34,66,2,0,0,2
318,-47.5,57.5,18,9,0,0.0,0.0,0,0.0,57.5,5,562500.0,67.71708297729492,63.85822677612305,9,18,5,2,18,0,7,-105.0,70.5,-47.5,5.0,2439712,712.310136,nan,2.439712,nan,2,1296,578320,4,1859832,18,2,264,128,32,136,34,66,2,0,0,2
319,-47.5,57.5,20,10,0,0.0,0.0,0,0.0,57.5,5,562500.0,69.1275634765625,63.37150955200195,10,20,5,2,20,0,7,-105.0,70.5,-47.5,5.0,2646504,714.95664,nan,2.646504,nan,2,1440,578320,4,2066480,20,2,264,128,32,136,34,66,2,0,0,2
320,-47.5,57.5,24,12,0,0.0,0.0,0,0.0,57.5,6,562500.0,61.42754418253006,49.556580429693895,12,24,6,3,24,0,9,-105.0,70.5,-47.5,5.0,3349380,718.30602,nan,3.34938,nan,3,1728,867480,6,2479776,24,3,396,192,48,204,51,99,3,0,0,3
321,-47.5,57.5,22,11,0,0.0,0.0,0,0.0,57.5,4,562500.0,56.05504180402807,45.35255087548624,11,22,4,3,22,0,7,-105.0,70.5,-47.5,5.0,3142588,721.448608,nan,3.142588,nan,3,1584,867480,6,2273128,22,3,396,192,48,204,51,99,3,0,0,3
322,-47.5,57.5,20,10,0,0.0,0.0,0,0.0,57.5,4,562500.0,51.963532393284886,44.28929456427787,10,20,4,3,20,0,7,-105.0,70.5,-47.5,5.0,2935796,724.384404,nan,2.935796,nan,3,1440,867480,6,2066480,20,3,396,192,48,204,51,99,3,0,0,3
323,-47.5,57.5,18,9,0,0.0,0.0,0,0.0,57.5,4,562500.0,50.94756053290687,43.85813705921446,9,18,4,3,18,0,7,-105.0,70.5,-47.5,5.0,2729004,727.113408,nan,2.729004,nan,3,1296,867480,6,1859832,18,3,396,192,48,204,51,99,3,0,0,3
324,-47.5,57.5,14,7,0,0.0,0.0,0,0.0,57.5,5,562500.0,37.30669201367435,27.40324266166191,7,14,5,2,14,0,7,-105.0,70.5,-47.5,5.0,2026128,729.139536,nan,2.026128,nan,2,1008,578320,4,1446536,14,2,264,128,32,136,34,66,2,0,0,2
325,-47.5,57.5,12,6,0,0.0,0.0,0,0.0,57.5,4,562500.0,53.90201195991063,49.22204947238727,6,12,4,3,12,0,7,-105.0,70.5,-47.5,5.0,2108628,731.248164,nan,2.108628,nan,3,864,867480,6,1239888,12,3,396,192,48,204,51,99,3,0,0,3
326,-47.5,57.5,10,5,0,0.0,0.0,0,0.0,57.5,4,562500.0,53.748098990417354,48.53876627682012,5,10,4,3,10,0,7,-105.0,70.5,-47.5,5.0,1901836,733.15,nan,1.901836,nan,3,720,867480,6,1033240,10,3,396,192,48,204,51,99,3,0,0,3
327,-47.5,57.5,10,5,0,0.0,0.0,0,0.0,57.5,4,562500.0,53.23017139155735,46.78180742843304,5,10,4,3,10,0,7,-105.0,70.5,-47.5,5.0,1901836,735.051836,nan,1.901836,nan,3,720,867480,6,1033240,10,3,396,192,48,204,51,99,3,0,0,3
328,-47.5,57.5,8,4,0,0.0,0.0,0,0.0,57.5,4,562500.0,50.82106262418451,42.75744503202133,4,8,4,3,8,0,7,-105.0,70.5,-47.5,5.0,1695044,736.74688,nan,1.695044,nan,3,576,867480,6,826592,8,3,396,192,48,204,51,99,3,0,0,3
329,-47.5,57.5,8,4,0,0.0,0.0,0,0.0,57.5,4,562500.0,49.75017792982559,44.863383001982726,4,8,4,3,8,0,7,-105.0,70.5,-47.5,5.0,1695044,738.441924,nan,1.695044,nan,3,576,867480,6,826592,8,3,396,192,48,204,51,99,3,0,0,3
330,-47.5,57.5,8,4,0,0.0,0.0,0,0.0,57.5,4,562500.0,50.41364441750641,42.43822820169993,4,8,4,3,8,0,7,-105.0,70.5,-47.5,5.0,1695044,740.136968,nan,1.695044,nan,3,576,867480,6,826592,8,3,396,192,48,204,51,99,3,0,0,3
331,-47.5,57.5,10,5,0,0.0,0.0,0,0.0,57.5,4,562500.0,53.21073571993967,43.53375487144661,5,10,4,4,10,0,8,-105.0,70.5,-47.5,5.0,2191128,742.328096,nan,2.191128,nan,4,720,1156640,8,1033240,10,4,528,256,64,272,68,132,4,0,0,4
332,-47.5,57.5,10,5,0,0.0,0.0,0,0.0,57.5,4,562500.0,55.18301512881705,48.18323799563653,5,10,4,4,10,0,8,-105.0,70.5,-47.5,5.0,2191128,744.519224,nan,2.191128,nan,4,720,1156640,8,1033240,10,4,528,256,64,272,68,132,4,0,0,4
333,-47.5,57.5,8,4,0,0.0,0.0,0,0.0,57.5,3,562500.0,63.49834060668945,58.15350341796875,4,8,3,3,8,0,6,-105.0,70.5,-47.5,5.0,1695044,746.214268,nan,1.695044,nan,3,576,867480,6,826592,8,3,396,192,48,204,51,99,3,0,0,3
334,-47.5,57.5,8,4,0,0.0,0.0,0,0.0,57.5,3,562500.0,65.44939422607422,61.8218994140625,4,8,3,3,8,0,6,-105.0,70.5,-47.5,5.0,1695044,747.909312,nan,1.695044,nan,3,576,867480,6,826592,8,3,396,192,48,204,51,99,3,0,0,3
335,-47.5,57.5,8,4,0,0.0,0.0,0,0.0,57.5,3,562500.0,66.49340947469075,64.63516235351562,4,8,3,3,8,0,6,-105.0,70.5,-47.5,5.0,1695044,749.604356,nan,1.695044,nan,3,576,867480,6,826592,8,3,396,192,48,204,51,99,3,0,0,3
336,-47.5,57.5,10,5,0,0.0,0.0,0,0.0,57.5,4,562500.0,53.39645587539762,38.542513756140586,5,10,4,4,10,0,8,-105.0,70.5,-47.5,5.0,2191128,751.795484,nan,2.191128,nan,4,720,1156640,8,1033240,10,4,528,256,64,272,68,132,4,0,0,4
337,-47.5,57.5,10,5,0,0.0,0.0,0,0.0,57.5,4,562500.0,55.59822649548499,44.10866699686943,5,10,4,4,10,0,8,-105.0,70.5,-47.5,5.0,2191128,753.986612,nan,2.191128,nan,4,720,1156640,8,1033240,10,4,528,256,64,272,68,132,4,0,0,4
338,-47.5,57.5,10,5,0,0.0,0.0,0,0.0,57.5,4,562500.0,50.40078024198391,39.322452297593046,5,10,4,3,10,0,7,-105.0,70.5,-47.5,5.0,1901836,755.888448,nan,1.901836,nan,3,720,867480,6,1033240,10,3,396,192,48,204,51,99,3,0,0,3
339,-47.5,57.5,10,5,0,0.0,0.0,0,0.0,57.5,3,562500.0,67.56755256652832,67.50382995605469,5,10,3,2,10,0,5,-105.0,70.5,-47.5,5.0,1612544,757.500992,nan,1.612544,nan,2,720,578320,4,1033240,10,2,264,128,32,136,34,66,2,0,0,2
340,-47.5,57.5,14,7,0,0.0,0.0,0,0.0,57.5,4,562500.0,67.56755256652832,67.50382995605469,7,14,4,2,14,0,6,-105.0,70.5,-47.5,5.0,2026128,759.52712,nan,2.026128,nan,2,1008,578320,4,1446536,14,2,264,128,32,136,34,66,2,0,0,2
341,-47.5,57.5,18,9,0,0.0,0.0,0,0.0,57.5,4,562500.0,64.53960704803467,61.575382232666016,9,18,4,2,18,0,6,-105.0,70.5,-47.5,5.0,2439712,761.966832,nan,2.439712,nan,2,1296,578320,4,1859832,18,2,264,128,32,136,34,66,2,0,0,2
342,-47.5,57.5,18,9,0,0.0,0.0,0,0.0,57.5,4,562500.0,67.5749683380127,67.51866149902344,9,18,4,2,18,0,6,-105.0,70.5,-47.5,5.0,2439712,764.406544,nan,2.439712,nan,2,1296,578320,4,1859832,18,2,264,128,32,136,34,66,2,0,0,2
343,-47.5,57.5,20,10,0,0.0,0.0,0,0.0,57.5,4,562500.0,67.57901763916016,67.52676010131836,10,20,4,2,20,0,6,-105.0,70.5,-47.5,5.0,2646504,767.053048,nan,2.646504,nan,2,1440,578320,4,2066480,20,2,264,128,32,136,34,66,2,0,0,2
344,-47.5,57.5,18,9,0,0.0,0.0,0,0.0,57.5,4,562500.0,67.97099685668945,67.63127517700195,9,18,4,2,18,0,6,-105.0,70.5,-47.5,5.0,2439712,769.49276,nan,2.439712,nan,2,1296,578320,4,1859832,18,2,264,128,32,136,34,66,2,0,0,2
345,-47.5,57.5,16,8,0,0.0,0.0,0,0.0,57.5,4,562500.0,69.27504348754883,67.63127517700195,8,16,4,2,16,0,6,-105.0,70.5,-47.5,5.0,2232920,771.72568,nan,2.23292,nan,2,1152,578320,4,1653184,16,2,264,128,32,136,34,66,2,0,0,2
346,-47.5,57.5,16,8,0,0.0,0.0,0,0.0,57.5,4,562500.0,67.58017539978027,67.5290756225586,8,16,4,2,16,0,6,-105.0,70.5,-47.5,5.0,2232920,773.9586,nan,2.23292,nan,2,1152,578320,4,1653184,16,2,264,128,32,136,34,66,2,0,0,2
347,-47.5,57.5,14,7,0,0.0,0.0,0,0.0,57.5,4,562500.0,67.58017539978027,67.5290756225586,7,14,4,2,14,0,6,-105.0,70.5,-47.5,5.0,2026128,775.984728,nan,2.026128,nan,2,1008,578320,4,1446536,14,2,264,128,32,136,34,66,2,0,0,2
348,-47.5,57.5,10,5,0,0.0,0.0,0,0.0,57.5,3,562500.0,67.58017539978027,67.5290756225586,5,10,3,2,10,0,5,-105.0,70.5,-47.5,5.0,1612544,777.597272,nan,1.612544,nan,2,720,578320,4,1033240,10,2,264,128,32,136,34,66,2,0,0,2
349,-47.5,57.5,10,5,0,0.0,0.0,0,0.0,57.5,3,562500.0,67.58017539978027,67.5290756225586,5,10,3,2,10,0,5,-105.0,70.5,-47.5,5.0,1612544,779.209816,nan,1.612544,nan,2,720,578320,4,1033240,10,2,264,128,32,136,34,66,2,0,0,2
350,-47.5,57.5,14,7,0,0.0,0.0,0,0.0,57.5,5,562500.0,50.68573820848608,29.968695751451364,7,14,5,4,14,0,9,-105.0,70.5,-47.5,5.0,2604712,781.814528,nan,2.604712,nan,4,1008,1156640,8,1446536,14,4,528,256,64,272,68,132,4,0,0,4
351,-47.5,57.5,14,7,0,0.0,0.0,0,0.0,57.5,5,562500.0,52.25544308636093,31.701366489904,7,14,5,4,14,0,9,-105.0,70.5,-47.5,5.0,2604712,784.41924,nan,2.604712,nan,4,1008,1156640,8,1446536,14,4,528,256,64,272,68,132,4,0,0,4
352,-47.5,57.5,14,7,0,0.0,0.0,0,0.0,57.5,5,562500.0,41.419830857226174,18.389306165399187,7,14,5,4,14,0,9,-105.0,70.5,-47.5,5.0,2604712,787.023952,nan,2.604712,nan,4,1008,1156640,8,1446536,14,4,528,256,64,272,68,132,4,0,0,4
353,-47.5,57.5,14,7,0,0.0,0.0,0,0.0,57.5,5,562500.0,41.44702394339931,18.50135145348512,7,14,5,4,14,0,9,-105.0,70.5,-47.5,5.0,2604712,789.628664,nan,2.604712,nan,4,1008,1156640,8,1446536,14,4,528,256,64,272,68,132,4,0,0,4
354,-47.5,57.5,14,7,0,0.0,0.0,0,0.0,57.5,5,562500.0,41.45102460961727,18.517987348260515,7,14,5,4,14,0,9,-105.0,70.5,-47.5,5.0,2604712,792.233376,nan,2.604712,nan,4,1008,1156640,8,1446536,14,4,528,256,64,272,68,132,4,0,0,4
355,-47.5,57.5,14,7,0,0.0,0.0,0,0.0,57.5,5,562500.0,41.45159681456284,18.52036771935426,7,14,5,4,14,0,9,-105.0,70.5,-47.5,5.0,2604712,794.838088,nan,2.604712,nan,4,1008,1156640,8,1446536,14,4,528,256,64,272,68,132,4,0,0,4
356,-47.5,57.5,14,7,0,0.0,0.0,0,0.0,57.5,5,562500.0,41.45159681456284,18.52036771935426,7,14,5,4,14,0,9,-105.0,70.5,-47.5,5.0,2604712,797.4428,nan,2.604712,nan,4,1008,1156640,8,1446536,14,4,528,256,64,272,68,132,4,0,0,4
357,-47.5,57.5,14,7,0,0.0,0.0,0,0.0,57.5,5,562500.0,41.45159681456284,18.52036771935426,7,14,5,4,14,0,9,-105.0,70.5,-47.5,5.0,2604712,800.047512,nan,2.604712,nan,4,1008,1156640,8,1446536,14,4,528,256,64,272,68,132,4,0,0,4
358,-47.5,57.5,14,7,0,0.0,0.0,0,0.0,57.5,5,562500.0,41.59403573227814,19.318188880938106,7,14,5,4,14,0,9,-105.0,70.5,-47.5,5.0,2604712,802.652224,nan,2.604712,nan,4,1008,1156640,8,1446536,14,4,528,256,64,272,68,132,4,0,0,4
359,-47.5,57.5,14,7,0,0.0,0.0,0,0.0,57.5,5,562500.0,46.15709544185768,26.417603545109948,7,14,5,4,14,0,9,-105.0,70.5,-47.5,5.0,2604712,805.256936,nan,2.604712,nan,4,1008,1156640,8,1446536,14,4,528,256,64,272,68,132,4,0,0,4
360,-47.5,57.5,14,7,0,0.0,0.0,0,0.0,57.5,5,562500.0,41.59403573227814,19.318188880938106,7,14,5,4,14,0,9,-105.0,70.5,-47.5,5.0,2604712,807.861648,nan,2.604712,nan,4,1008,1156640,8,1446536,14,4,528,256,64,272,68,132,4,0,0,4
361,-47.5,57.5,18,9,0,0.0,0.0,0,0.0,57.5,5,562500.0,43.692577237212944,25.03678994647714,9,18,5,4,18,0,9,-105.0,70.5,-47.5,5.0,3018296,810.879944,nan,3.018296,nan,4,1296,1156640,8,1859832,18,4,528,256,64,272,68,132,4,0,0,4
362,-47.5,57.5,18,9,0,0.0,0.0,0,0.0,57.5,5,562500.0,45.85060404529499,23.435061737393276,9,18,5,4,18,0,9,-105.0,70.5,-47.5,5.0,3018296,813.89824,nan,3.018296,nan,4,1296,1156640,8,1859832,18,4,528,256,64,272,68,132,4,0,0,4
363,-47.5,57.5,18,9,0,0.0,0.0,0,0.0,57.5,5,562500.0,55.78578204531138,41.74617958657766,9,18,5,4,18,0,9,-105.0,70.5,-47.5,5.0,3018296,816.916536,nan,3.018296,nan,4,1296,1156640,8,1859832,18,4,528,256,64,272,68,132,4,0,0,4
364,-47.5,57.5,20,10,0,0.0,0.0,0,0.0,57.5,5,562500.0,57.06323521887816,40.45050151826349,10,20,5,4,20,0,9,-105.0,70.5,-47.5,5.0,3225088,820.141624,nan,3.225088,nan,4,1440,1156640,8,2066480,20,4,528,256,64,272,68,132,4,0,0,4
365,-47.5,57.5,22,11,0,0.0,0.0,0,0.0,57.5,6,562500.0,49.13665720028701,35.401164338530194,11,22,6,3,22,0,9,-105.0,70.5,-47.5,5.0,3142588,823.284212,nan,3.142588,nan,3,1584,867480,6,2273128,22,3,396,192,48,204,51,99,3,0,0,3
366,-47.5,57.5,18,9,0,0.0,0.0,0,0.0,57.5,5,562500.0,67.92428588867188,61.535865783691406,9,18,5,2,18,0,7,-105.0,70.5,-47.5,5.0,2439712,825.723924,nan,2.439712,nan,2,1296,578320,4,1859832,18,2,264,128,32,136,34,66,2,0,0,2
367,-47.5,57.5,10,5,0,0.0,0.0,0,0.0,57.5,3,562500.0,62.48347028096517,58.96195602416992,5,10,3,3,10,0,6,-105.0,70.5,-47.5,5.0,1901836,827.62576,nan,1.901836,nan,3,720,867480,6,1033240,10,3,396,192,48,204,51,99,3,0,0,3
368,-47.5,57.5,10,5,0,0.0,0.0,0,0.0,57.5,4,562500.0,41.12514620045096,22.977568040547286,5,10,4,3,10,0,7,-105.0,70.5,-47.5,5.0,1901836,829.527596,nan,1.901836,nan,3,720,867480,6,1033240,10,3,396,192,48,204,51,99,3,0,0,3
369,-47.5,57.5,8,4,0,0.0,0.0,0,0.0,57.5,4,562500.0,44.91200551164823,31.72731056610091,4,8,4,3,8,0,7,-105.0,70.5,-47.5,5.0,1695044,831.22264,nan,1.695044,nan,3,576,867480,6,826592,8,3,396,192,48,204,51,99,3,0,0,3
370,-47.5,57.5,6,3,0,0.0,0.0,0,0.0,57.5,3,562500.0,38.4906987941016,21.540125669058398,3,6,3,3,6,0,6,-105.0,70.5,-47.5,5.0,1488252,832.710892,nan,1.488252,nan,3,432,867480,6,619944,6,3,396,192,48,204,51,99,3,0,0,3
371,-47.5,57.5,8,4,0,0.0,0.0,0,0.0,57.5,4,562500.0,47.206046968265376,35.452590139135694,4,8,4,3,8,0,7,-105.0,70.5,-47.5,5.0,1695044,834.405936,nan,1.695044,nan,3,576,867480,6,826592,8,3,396,192,48,204,51,99,3,0,0,3
372,-47.5,57.5,10,5,0,0.0,0.0,0,0.0,57.5,4,562500.0,57.24887461642061,46.61127578993398,5,10,4,3,10,0,7,-105.0,70.5,-47.5,5.0,1901836,836.307772,nan,1.901836,nan,3,720,867480,6,1033240,10,3,396,192,48,204,51,99,3,0,0,3
373,-47.5,57.5,10,5,0,0.0,0.0,0,0.0,57.5,4,562500.0,59.5905714340401,45.05593502686302,5,10,4,3,10,0,7,-105.0,70.5,-47.5,5.0,1901836,838.209608,nan,1.901836,nan,3,720,867480,6,1033240,10,3,396,192,48,204,51,99,3,0,0,3
374,-47.5,57.5,10,5,0,0.0,0.0,0,0.0,57.5,4,562500.0,31.9413027556096,24.332742370824512,5,10,4,3,10,0,7,-105.0,70.5,-47.5,5.0,1901836,840.111444,nan,1.901836,nan,3,720,867480,6,1033240,10,3,396,192,48,204,51,99,3,0,0,3
375,-47.5,57.5,10,5,0,0.0,0.0,0,0.0,57.5,4,562500.0,28.84282834234268,18.34055756928898,5,10,4,3,10,0,7,-105.0,70.5,-47.5,5.0,1901836,842.01328,nan,1.901836,nan,3,720,867480,6,1033240,10,3,396,192,48,204,51,99,3,0,0,3
376,-47.5,57.5,8,4,0,0.0,0.0,0,0.0,57.5,3,562500.0,62.06932258605957,61.85737991333008,4,8,3,2,8,0,5,-105.0,70.5,-47.5,5.0,1405752,843.419032,nan,1.405752,nan,2,576,578320,4,826592,8,2,264,128,32,136,34,66,2,0,0,2
377,-47.5,57.5,4,2,0,0.0,0.0,0,0.0,57.5,2,562500.0,72.06034469604492,72.06034469604492,2,4,2,1,4,0,3,-105.0,70.5,-47.5,5.0,702876,844.121908,nan,0.702876,nan,1,288,289160,2,413296,4,1,132,64,16,68,17,33,1,0,0,1
378,-47.5,57.5,2,1,0,0.0,0.0,0,0.0,57.5,1,562500.0,73.11253356933594,73.11253356933594,1,2,1,1,2,0,2,-105.0,70.5,-47.5,5.0,496084,844.617992,nan,0.496084,nan,1,144,289160,2,206648,2,1,132,64,16,68,17,33,1,0,0,1
379,-47.5,57.5,6,3,0,0.0,0.0,0,0.0,57.5,3,562500.0,62.4561824798584,59.495513916015625,3,6,3,2,6,0,5,-105.0,70.5,-47.5,5.0,1198960,845.816952,nan,1.19896,nan,2,432,578320,4,619944,6,2,264,128,32,136,34,66,2,0,0,2
380,-47.5,57.5,6,3,0,0.0,0.0,0,0.0,57.5,3,562500.0,64.01781272888184,60.13954162597656,3,6,3,2,6,0,5,-105.0,70.5,-47.5,5.0,1198960,847.015912,nan,1.19896,nan,2,432,578320,4,619944,6,2,264,128,32,136,34,66,2,0,0,2
381,-47.5,57.5,6,3,0,0.0,0.0,0,0.0,57.5,2,562500.0,63.736366271972656,59.74876403808594,3,6,2,2,6,0,4,-105.0,70.5,-47.5,5.0,1198960,848.214872,nan,1.19896,nan,2,432,578320,4,619944,6,2,264,128,32,136,34,66,2,0,0,2
382,-47.5,57.5,6,3,0,0.0,0.0,0,0.0,57.5,2,562500.0,62.382957458496094,60.992897033691406,3,6,2,2,6,0,4,-105.0,70.5,-47.5,5.0,1198960,849.413832,nan,1.19896,nan,2,432,578320,4,619944,6,2,264,128,32,136,34,66,2,0,0,2
383,-47.5,57.5,6,3,0,0.0,0.0,0,0.0,57.5,2,562500.0,62.44904041290283,57.73075485229492,3,6,2,2,6,0,4,-105.0,70.5,-47.5,5.0,1198960,850.612792,nan,1.19896,nan,2,432,578320,4,619944,6,2,264,128,32,136,34,66,2,0,0,2
384,-47.5,57.5,4,2,0,0.0,0.0,0,0.0,57.5,2,562500.0,67.35219955444336,67.35219955444336,2,4,2,1,4,0,3,-105.0,70.5,-47.5,5.0,702876,851.315668,nan,0.702876,nan,1,288,289160,2,413296,4,1,132,64,16,68,17,33,1,0,0,1
385,-47.5,57.5,6,3,0,0.0,0.0,0,0.0,57.5,3,562500.0,64.69316945628778,62.12666974620477,3,6,3,2,6,0,5,-105.0,70.5,-47.5,5.0,1198960,852.514628,nan,1.19896,nan,2,432,578320,4,619944,6,2,264,128,32,136,34,66,2,0,0,2
386,-47.5,57.5,6,3,0,0.0,0.0,0,0.0,57.5,3,562500.0,64.51540361003535,61.763998847767276,3,6,3,2,6,0,5,-105.0,70.5,-47.5,5.0,1198960,853.713588,nan,1.19896,nan,2,432,578320,4,619944,6,2,264,128,32,136,34,66,2,0,0,2
387,-47.5,57.5,8,4,0,0.0,0.0,0,0.0,57.5,4,562500.0,55.95240741717017,42.52117342169335,4,8,4,3,8,0,7,-105.0,70.5,-47.5,5.0,1695044,855.408632,nan,1.695044,nan,3,576,867480,6,826592,8,3,396,192,48,204,51,99,3,0,0,3
388,-47.5,57.5,8,4,0,0.0,0.0,0,0.0,57.5,4,562500.0,58.00332876866833,45.04348604615999,4,8,4,3,8,0,7,-105.0,70.5,-47.5,5.0,1695044,857.103676,nan,1.695044,nan,3,576,867480,6,826592,8,3,396,192,48,204,51,99,3,0,0,3
389,-47.5,57.5,14,7,0,0.0,0.0,0,0.0,57.5,4,562500.0,52.624813955091284,39.5703102366423,7,14,4,4,14,0,8,-105.0,70.5,-47.5,5.0,2604712,859.708388,nan,2.604712,nan,4,1008,1156640,8,1446536,14,4,528,256,64,272,68,132,4,0,0,4
390,-47.5,57.5,16,8,0,0.0,0.0,0,0.0,57.5,6,562500.0,54.59265050324232,42.25058509253789,8,16,6,3,16,0,9,-105.0,70.5,-47.5,5.0,2522212,862.2306,nan,2.522212,nan,3,1152,867480,6,1653184,16,3,396,192,48,204,51,99,3,0,0,3
391,-47.5,57.5,18,9,0,0.0,0.0,0,0.0,57.5,6,562500.0,36.56339510100449,19.832301738568127,9,18,6,3,18,0,9,-105.0,70.5,-47.5,5.0,2729004,864.959604,nan,2.729004,nan,3,1296,867480,6,1859832,18,3,396,192,48,204,51,99,3,0,0,3
392,-47.5,57.5,18,9,0,0.0,0.0,0,0.0,57.5,6,562500.0,60.66641954551278,47.8260115903429,9,18,6,3,18,0,9,-105.0,70.5,-47.5,5.0,2729004,867.688608,nan,2.729004,nan,3,1296,867480,6,1859832,18,3,396,192,48,204,51,99,3,0,0,3
393,-47.5,57.5,16,8,0,0.0,0.0,0,0.0,57.5,5,562500.0,51.523358640409256,38.42610375214295,8,16,5,4,16,0,9,-105.0,70.5,-47.5,5.0,2811504,870.500112,nan,2.811504,nan,4,1152,1156640,8,1653184,16,4,528,256,64,272,68,132,4,0,0,4
394,-47.5,57.5,12,6,0,0.0,0.0,0,0.0,57.5,4,562500.0,46.61977703248692,33.1156531141579,6,12,4,3,12,0,7,-105.0,70.5,-47.5,5.0,2108628,872.60874,nan,2.108628,nan,3,864,867480,6,1239888,12,3,396,192,48,204,51,99,3,0,0,3
395,-47.5,57.5,12,6,0,0.0,0.0,0,0.0,57.5,5,562500.0,49.459966538471015,39.56720916733176,6,12,5,3,12,0,8,-105.0,70.5,-47.5,5.0,2108628,874.717368,nan,2.108628,nan,3,864,867480,6,1239888,12,3,396,192,48,204,51,99,3,0,0,3
396,-47.5,57.5,10,5,0,0.0,0.0,0,0.0,57.5,5,562500.0,59.5943571405273,46.13849465965893,5,10,5,3,10,0,8,-105.0,70.5,-47.5,5.0,1901836,876.619204,nan,1.901836,nan,3,720,867480,6,1033240,10,3,396,192,48,204,51,99,3,0,0,3
397,-47.5,57.5,10,5,0,0.0,0.0,0,0.0,57.5,5,562500.0,60.35810017569363,46.138532521535765,5,10,5,3,10,0,8,-105.0,70.5,-47.5,5.0,1901836,878.52104,nan,1.901836,nan,3,720,867480,6,1033240,10,3,396,192,48,204,51,99,3,0,0,3
398,-47.5,57.5,10,5,0,0.0,0.0,0,0.0,57.5,5,562500.0,60.82683900962411,47.43257103651569,5,10,5,3,10,0,8,-105.0,70.5,-47.5,5.0,1901836,880.422876,nan,1.901836,nan,3,720,867480,6,1033240,10,3,396,192,48,204,51,99,3,0,0,3
399,-47.5,57.5,10,5,0,0.0,0.0,0,0.0,57.5,5,562500.0,60.831987579366945,47.43257103651569,5,10,5,3,10,0,8,-105.0,70.5,-47.5,5.0,1901836,882.324712,nan,1.901836,nan,3,720,867480,6,1033240,10,3,396,192,48,204,51,99,3,0,0,3
400,-47.5,57.5,10,5,0,0.0,0.0,0,0.0,57.5,5,562500.0,38.0175628321773,19.66769341733732,5,10,5,3,10,0,8,-105.0,70.5,-47.5,5.0,1901836,884.226548,nan,1.901836,nan,3,720,867480,6,1033240,10,3,396,192,48,204,51,99,3,0,0,3
401,-47.5,57.5,10,5,0,0.0,0.0,0,0.0,57.5,5,562500.0,44.640866145359546,19.66769341733732,5,10,5,3,10,0,8,-105.0,70.5,-47.5,5.0,1901836,886.128384,nan,1.901836,nan,3,720,867480,6,1033240,10,3,396,192,48,204,51,99,3,0,0,3
402,-47.5,57.5,10,5,0,0.0,0.0,0,0.0,57.5,5,562500.0,44.640866145359546,19.66769341733732,5,10,5,3,10,0,8,-105.0,70.5,-47.5,5.0,1901836,888.03022,nan,1.901836,nan,3,720,867480,6,1033240,10,3,396,192,48,204,51,99,3,0,0,3
403,-47.5,57.5,12,6,0,0.0,0.0,0,0.0,57.5,5,562500.0,39.77401065574689,19.66769341733732,6,12,5,4,12,0,9,-105.0,70.5,-47.5,5.0,2397920,890.42814,nan,2.39792,nan,4,864,1156640,8,1239888,12,4,528,256,64,272,68,132,4,0,0,4
404,-47.5,57.5,16,8,0,0.0,0.0,0,0.0,57.5,6,562500.0,44.640866145359546,19.66769341733732,8,16,6,3,16,0,9,-105.0,70.5,-47.5,5.0,2522212,892.950352,nan,2.522212,nan,3,1152,867480,6,1653184,16,3,396,192,48,204,51,99,3,0,0,3
405,-47.5,57.5,16,8,0,0.0,0.0,0,0.0,57.5,6,562500.0,44.640866145359546,19.66769341733732,8,16,6,3,16,0,9,-105.0,70.5,-47.5,5.0,2522212,895.472564,nan,2.522212,nan,3,1152,867480,6,1653184,16,3,396,192,48,204,51,99,3,0,0,3
406,-47.5,57.5,20,10,0,0.0,0.0,0,0.0,57.5,6,562500.0,59.3632570595189,46.18233929016639,10,20,6,3,20,0,9,-105.0,70.5,-47.5,5.0,2935796,898.40836,nan,2.935796,nan,3,1440,867480,6,2066480,20,3,396,192,48,204,51,99,3,0,0,3
407,-47.5,57.5,20,10,0,0.0,0.0,0,0.0,57.5,6,562500.0,51.69753048899147,44.37739984779248,10,20,6,3,20,0,9,-105.0,70.5,-47.5,5.0,2935796,901.344156,nan,2.935796,nan,3,1440,867480,6,2066480,20,3,396,192,48,204,51,99,3,0,0,3
408,-47.5,57.5,20,10,0,0.0,0.0,0,0.0,57.5,6,562500.0,53.57292545318819,47.59219876988769,10,20,6,3,20,0,9,-105.0,70.5,-47.5,5.0,2935796,904.279952,nan,2.935796,nan,3,1440,867480,6,2066480,20,3,396,192,48,204,51,99,3,0,0,3
409,-47.5,57.5,20,10,0,0.0,0.0,0,0.0,57.5,6,562500.0,53.32783969491109,43.50845655238138,10,20,6,3,20,0,9,-105.0,70.5,-47.5,5.0,2935796,907.215748,nan,2.935796,nan,3,1440,867480,6,2066480,20,3,396,192,48,204,51,99,3,0,0,3
410,-47.5,57.5,20,10,0,0.0,0.0,0,0.0,57.5,6,562500.0,49.16838346473949,42.40083170130073,10,20,6,3,20,0,9,-105.0,70.5,-47.5,5.0,2935796,910.151544,nan,2.935796,nan,3,1440,867480,6,2066480,20,3,396,192,48,204,51,99,3,0,0,3
411,-47.5,57.5,12,6,0,0.0,0.0,0,0.0,57.5,4,562500.0,50.29417947535623,36.76153370219128,6,12,4,4,12,0,8,-105.0,70.5,-47.5,5.0,2397920,912.549464,nan,2.39792,nan,4,864,1156640,8,1239888,12,4,528,256,64,272,68,132,4,0,0,4
412,-47.5,57.5,6,3,0,0.0,0.0,0,0.0,57.5,3,562500.0,60.1594352722168,58.88938903808594,3,6,3,2,6,0,5,-105.0,70.5,-47.5,5.0,1198960,913.748424,nan,1.19896,nan,2,432,578320,4,619944,6,2,264,128,32,136,34,66,2,0,0,2
413,-47.5,57.5,4,2,0,0.0,0.0,0,0.0,57.5,2,562500.0,59.95845413208008,59.95845413208008,2,4,2,1,4,0,3,-105.0,70.5,-47.5,5.0,702876,914.4513,nan,0.702876,nan,1,288,289160,2,413296,4,1,132,64,16,68,17,33,1,0,0,1
414,-47.5,57.5,2,1,0,0.0,0.0,0,0.0,57.5,1,562500.0,59.787750244140625,59.787750244140625,1,2,1,1,2,0,2,-105.0,70.5,-47.5,5.0,496084,914.947384,nan,0.496084,nan,1,144,289160,2,206648,2,1,132,64,16,68,17,33,1,0,0,1
415,-47.5,57.5,2,1,0,0.0,0.0,0,0.0,57.5,1,562500.0,59.75221633911133,59.75221633911133,1,2,1,1,2,0,2,-105.0,70.5,-47.5,5.0,496084,915.443468,nan,0.496084,nan,1,144,289160,2,206648,2,1,132,64,16,68,17,33,1,0,0,1
416,-47.5,57.5,2,1,0,0.0,0.0,0,0.0,57.5,1,562500.0,61.102142333984375,61.102142333984375,1,2,1,1,2,0,2,-105.0,70.5,-47.5,5.0,496084,915.939552,nan,0.496084,nan,1,144,289160,2,206648,2,1,132,64,16,68,17,33,1,0,0,1
417,-47.5,57.5,2,1,0,0.0,0.0,0,0.0,57.5,1,562500.0,62.37697219848633,62.37697219848633,1,2,1,1,2,0,2,-105.0,70.5,-47.5,5.0,496084,916.435636,nan,0.496084,nan,1,144,289160,2,206648,2,1,132,64,16,68,17,33,1,0,0,1
418,-47.5,57.5,2,1,0,0.0,0.0,0,0.0,57.5,1,562500.0,63.585670471191406,63.585670471191406,1,2,1,1,2,0,2,-105.0,70.5,-47.5,5.0,496084,916.93172,nan,0.496084,nan,1,144,289160,2,206648,2,1,132,64,16,68,17,33,1,0,0,1
419,-47.5,57.5,4,2,0,0.0,0.0,0,0.0,57.5,2,562500.0,61.18292236328125,61.18292236328125,2,4,2,1,4,0,3,-105.0,70.5,-47.5,5.0,702876,917.634596,nan,0.702876,nan,1,288,289160,2,413296,4,1,132,64,16,68,17,33,1,0,0,1
420,-47.5,57.5,6,3,0,0.0,0.0,0,0.0,57.5,3,562500.0,59.303428649902344,57.61307907104492,3,6,3,2,6,0,5,-105.0,70.5,-47.5,5.0,1198960,918.833556,nan,1.19896,nan,2,432,578320,4,619944,6,2,264,128,32,136,34,66,2,0,0,2
421,-47.5,57.5,6,3,0,0.0,0.0,0,0.0,57.5,3,562500.0,62.4444637298584,59.6257438659668,3,6,3,2,6,0,5,-105.0,70.5,-47.5,5.0,1198960,920.032516,nan,1.19896,nan,2,432,578320,4,619944,6,2,264,128,32,136,34,66,2,0,0,2
422,-47.5,57.5,8,4,0,0.0,0.0,0,0.0,57.5,3,562500.0,63.475149154663086,63.17585372924805,4,8,3,2,8,0,5,-105.0,70.5,-47.5,5.0,1405752,921.438268,nan,1.405752,nan,2,576,578320,4,826592,8,2,264,128,32,136,34,66,2,0,0,2
423,-47.5,57.5,8,4,0,0.0,0.0,0,0.0,57.5,4,562500.0,47.28164600369317,39.568994783089785,4,8,4,3,8,0,7,-105.0,70.5,-47.5,5.0,1695044,923.133312,nan,1.695044,nan,3,576,867480,6,826592,8,3,396,192,48,204,51,99,3,0,0,3
424,-47.5,57.5,8,4,0,0.0,0.0,0,0.0,57.5,4,562500.0,49.42219406844358,42.44152840722994,4,8,4,3,8,0,7,-105.0,70.5,-47.5,5.0,1695044,924.828356,nan,1.695044,nan,3,576,867480,6,826592,8,3,396,192,48,204,51,99,3,0,0,3
425,-47.5,57.5,14,7,0,0.0,0.0,0,0.0,57.5,5,562500.0,53.6090709661066,44.22068705332491,7,14,5,4,14,0,9,-105.0,70.5,-47.5,5.0,2604712,927.433068,nan,2.604712,nan,4,1008,1156640,8,1446536,14,4,528,256,64,272,68,132,4,0,0,4
426,-47.5,57.5,14,7,0,0.0,0.0,0,0.0,57.5,4,562500.0,51.17234201082227,45.093162436482295,7,14,4,3,14,0,7,-105.0,70.5,-47.5,5.0,2315420,929.748488,nan,2.31542,nan,3,1008,867480,6,1446536,14,3,396,192,48,204,51,99,3,0,0,3
427,-47.5,57.5,14,7,0,0.0,0.0,0,0.0,57.5,5,562500.0,46.56553268330314,44.42297987060538,7,14,5,2,14,0,7,-105.0,70.5,-47.5,5.0,2026128,931.774616,nan,2.026128,nan,2,1008,578320,4,1446536,14,2,264,128,32,136,34,66,2,0,0,2
428,-47.5,57.5,18,9,0,0.0,0.0,0,0.0,57.5,5,562500.0,53.501662463141464,47.512738588819374,9,18,5,3,18,0,8,-105.0,70.5,-47.5,5.0,2729004,934.50362,nan,2.729004,nan,3,1296,867480,6,1859832,18,3,396,192,48,204,51,99,3,0,0,3
429,-47.5,57.5,18,9,0,0.0,0.0,0,0.0,57.5,5,562500.0,51.47324913840032,47.54308084391308,9,18,5,3,18,0,8,-105.0,70.5,-47.5,5.0,2729004,937.232624,nan,2.729004,nan,3,1296,867480,6,1859832,18,3,396,192,48,204,51,99,3,0,0,3
430,-47.5,57.5,16,8,0,0.0,0.0,0,0.0,57.5,5,562500.0,47.60643302661803,47.55224459275843,8,16,5,2,16,0,7,-105.0,70.5,-47.5,5.0,2232920,939.465544,nan,2.23292,nan,2,1152,578320,4,1653184,16,2,264,128,32,136,34,66,2,0,0,2
431,-47.5,57.5,16,8,0,0.0,0.0,0,0.0,57.5,4,562500.0,53.74816104056935,47.55483582176461,8,16,4,3,16,0,7,-105.0,70.5,-47.5,5.0,2522212,941.987756,nan,2.522212,nan,3,1152,867480,6,1653184,16,3,396,192,48,204,51,99,3,0,0,3
432,-47.5,57.5,14,7,0,0.0,0.0,0,0.0,57.5,5,562500.0,47.60773430555864,47.554820716598684,7,14,5,2,14,0,7,-105.0,70.5,-47.5,5.0,2026128,944.013884,nan,2.026128,nan,2,1008,578320,4,1446536,14,2,264,128,32,136,34,66,2,0,0,2
433,-47.5,57.5,12,6,0,0.0,0.0,0,0.0,57.5,4,562500.0,51.24078534901012,47.554820716598684,6,12,4,3,12,0,7,-105.0,70.5,-47.5,5.0,2108628,946.122512,nan,2.108628,nan,3,864,867480,6,1239888,12,3,396,192,48,204,51,99,3,0,0,3
434,-47.5,57.5,10,5,0,0.0,0.0,0,0.0,57.5,4,562500.0,47.60773430555864,47.554820716598684,5,10,4,2,10,0,6,-105.0,70.5,-47.5,5.0,1612544,947.735056,nan,1.612544,nan,2,720,578320,4,1033240,10,2,264,128,32,136,34,66,2,0,0,2
435,-47.5,57.5,12,6,0,0.0,0.0,0,0.0,57.5,4,562500.0,51.03620628796518,47.55483582176461,6,12,4,3,12,0,7,-105.0,70.5,-47.5,5.0,2108628,949.843684,nan,2.108628,nan,3,864,867480,6,1239888,12,3,396,192,48,204,51,99,3,0,0,3
436,-47.5,57.5,12,6,0,0.0,0.0,0,0.0,57.5,4,562500.0,51.3025818598117,46.501577925533475,6,12,4,3,12,0,7,-105.0,70.5,-47.5,5.0,2108628,951.952312,nan,2.108628,nan,3,864,867480,6,1239888,12,3,396,192,48,204,51,99,3,0,0,3
437,-47.5,57.5,10,5,0,0.0,0.0,0,0.0,57.5,4,562500.0,47.60773430555864,47.554820716598684,5,10,4,2,10,0,6,-105.0,70.5,-47.5,5.0,1612544,953.564856,nan,1.612544,nan,2,720,578320,4,1033240,10,2,264,128,32,136,34,66,2,0,0,2
438,-47.5,57.5,10,5,0,0.0,0.0,0,0.0,57.5,4,562500.0,47.606594213532496,46.50159306378222,5,10,4,2,10,0,6,-105.0,70.5,-47.5,5.0,1612544,955.1774,nan,1.612544,nan,2,720,578320,4,1033240,10,2,264,128,32,136,34,66,2,0,0,2
439,-47.5,57.5,10,5,0,0.0,0.0,0,0.0,57.5,4,562500.0,47.60773430555864,47.554820716598684,5,10,4,2,10,0,6,-105.0,70.5,-47.5,5.0,1612544,956.789944,nan,1.612544,nan,2,720,578320,4,1033240,10,2,264,128,32,136,34,66,2,0,0,2
440,-47.5,57.5,12,6,0,0.0,0.0,0,0.0,57.5,5,562500.0,51.04404170175263,47.554820716598684,6,12,5,3,12,0,8,-105.0,70.5,-47.5,5.0,2108628,958.898572,nan,2.108628,nan,3,864,867480,6,1239888,12,3,396,192,48,204,51,99,3,0,0,3
441,-47.5,57.5,14,7,0,0.0,0.0,0,0.0,57.5,5,562500.0,53.25254612311623,47.554820716598684,7,14,5,4,14,0,9,-105.0,70.5,-47.5,5.0,2604712,961.503284,nan,2.604712,nan,4,1008,1156640,8,1446536,14,4,528,256,64,272,68,132,4,0,0,4
442,-47.5,57.5,14,7,0,0.0,0.0,0,0.0,57.5,5,562500.0,53.42849235877297,47.554820716598684,7,14,5,4,14,0,9,-105.0,70.5,-47.5,5.0,2604712,964.107996,nan,2.604712,nan,4,1008,1156640,8,1446536,14,4,528,256,64,272,68,132,4,0,0,4
443,-47.5,57.5,14,7,0,0.0,0.0,0,0.0,57.5,5,562500.0,53.46011476859353,47.554820716598684,7,14,5,4,14,0,9,-105.0,70.5,-47.5,5.0,2604712,966.712708,nan,2.604712,nan,4,1008,1156640,8,1446536,14,4,528,256,64,272,68,132,4,0,0,4
444,-47.5,57.5,14,7,0,0.0,0.0,0,0.0,57.5,5,562500.0,53.408404143769296,47.43257103651569,7,14,5,4,14,0,9,-105.0,70.5,-47.5,5.0,2604712,969.31742,nan,2.604712,nan,4,1008,1156640,8,1446536,14,4,528,256,64,272,68,132,4,0,0,4
445,-47.5,57.5,14,7,0,0.0,0.0,0,0.0,57.5,5,562500.0,53.40844896646217,47.43257103651569,7,14,5,4,14,0,9,-105.0,70.5,-47.5,5.0,2604712,971.922132,nan,2.604712,nan,4,1008,1156640,8,1446536,14,4,528,256,64,272,68,132,4,0,0,4
446,-47.5,57.5,14,7,0,0.0,0.0,0,0.0,57.5,5,562500.0,53.408452742752985,47.43254082618275,7,14,5,4,14,0,9,-105.0,70.5,-47.5,5.0,2604712,974.526844,nan,2.604712,nan,4,1008,1156640,8,1446536,14,4,528,256,64,272,68,132,4,0,0,4
447,-47.5,57.5,14,7,0,0.0,0.0,0,0.0,57.5,5,562500.0,53.40844896646217,47.43257103651569,7,14,5,4,14,0,9,-105.0,70.5,-47.5,5.0,2604712,977.131556,nan,2.604712,nan,4,1008,1156640,8,1446536,14,4,528,256,64,272,68,132,4,0,0,4
448,-47.5,57.5,14,7,0,0.0,0.0,0,0.0,57.5,5,562500.0,53.40844896646217,47.43257103651569,7,14,5,4,14,0,9,-105.0,70.5,-47.5,5.0,2604712,979.736268,nan,2.604712,nan,4,1008,1156640,8,1446536,14,4,528,256,64,272,68,132,4,0,0,4
449,-47.5,57.5,14,7,0,0.0,0.0,0,0.0,57.5,5,562500.0,53.40844896646217,47.43257103651569,7,14,5,4,14,0,9,-105.0,70.5,-47.5,5.0,2604712,982.34098,nan,2.604712,nan,4,1008,1156640,8,1446536,14,4,528,256,64,272,68,132,4,0,0,4
450,-47.5,57.5,14,7,0,0.0,0.0,0,0.0,57.5,5,562500.0,53.40844896646217,47.43257103651569,7,14,5,4,14,0,9,-105.0,70.5,-47.5,5.0,2604712,984.945692,nan,2.604712,nan,4,1008,1156640,8,1446536,14,4,528,256,64,272,68,132,4,0,0,4
451,-47.5,57.5,16,8,0,0.0,0.0,0,0.0,57.5,5,562500.0,53.085122429050514,45.95141424176127,8,16,5,4,16,0,9,-105.0,70.5,-47.5,5.0,2811504,987.757196,nan,2.811504,nan,4,1152,1156640,8,1653184,16,4,528,256,64,272,68,132,4,0,0,4
452,-47.5,57.5,16,8,0,0.0,0.0,0,0.0,57.5,5,562500.0,53.93187761309516,45.51984574133688,8,16,5,4,16,0,9,-105.0,70.5,-47.5,5.0,2811504,990.5687,nan,2.811504,nan,4,1152,1156640,8,1653184,16,4,528,256,64,272,68,132,4,0,0,4
453,-47.5,57.5,16,8,0,0.0,0.0,0,0.0,57.5,5,562500.0,55.80600087229538,43.014796409958436,8,16,5,4,16,0,9,-105.0,70.5,-47.5,5.0,2811504,993.380204,nan,2.811504,nan,4,1152,1156640,8,1653184,16,4,528,256,64,272,68,132,4,0,0,4
454,-47.5,57.5,16,8,0,0.0,0.0,0,0.0,57.5,5,562500.0,51.661606153405984,40.25628480734766,8,16,5,4,16,0,9,-105.0,70.5,-47.5,5.0,2811504,996.191708,nan,2.811504,nan,4,1152,1156640,8,1653184,16,4,528,256,64,272,68,132,4,0,0,4
455,-47.5,57.5,16,8,0,0.0,0.0,0,0.0,57.5,5,562500.0,49.98912355908908,38.700770414468806,8,16,5,4,16,0,9,-105.0,70.5,-47.5,5.0,2811504,999.003212,nan,2.811504,nan,4,1152,1156640,8,1653184,16,4,528,256,64,272,68,132,4,0,0,4
456,-47.5,57.5,12,6,0,0.0,0.0,0,0.0,57.5,4,562500.0,46.0322467096878,35.91449081389137,6,12,4,3,12,0,7,-105.0,70.5,-47.5,5.0,2108628,1001.11184,nan,2.108628,nan,3,864,867480,6,1239888,12,3,396,192,48,204,51,99,3,0,0,3
457,-47.5,57.5,14,7,0,0.0,0.0,0,0.0,57.5,5,562500.0,47.090255558271046,30.221031685127684,7,14,5,4,14,0,9,-105.0,70.5,-47.5,5.0,2604712,1003.716552,nan,2.604712,nan,4,1008,1156640,8,1446536,14,4,528,256,64,272,68,132,4,0,0,4
458,-47.5,57.5,10,5,0,0.0,0.0,0,0.0,57.5,4,562500.0,32.70096633298567,19.70846930472061,5,10,4,4,10,0,8,-105.0,70.5,-47.5,5.0,2191128,1005.90768,nan,2.191128,nan,4,720,1156640,8,1033240,10,4,528,256,64,272,68,132,4,0,0,4
459,-47.5,57.5,8,4,0,0.0,0.0,0,0.0,57.5,4,562500.0,42.61131224491938,22.660646391759126,4,8,4,3,8,0,7,-105.0,70.5,-47.5,5.0,1695044,1007.602724,nan,1.695044,nan,3,576,867480,6,826592,8,3,396,192,48,204,51,99,3,0,0,3
460,-47.5,57.5,6,3,0,0.0,0.0,0,0.0,57.5,3,562500.0,41.45048765745808,38.85721506653767,3,6,3,2,6,0,5,-105.0,70.5,-47.5,5.0,1198960,1008.801684,nan,1.19896,nan,2,432,578320,4,619944,6,2,264,128,32,136,34,66,2,0,0,2
461,-47.5,57.5,8,4,0,0.0,0.0,0,0.0,57.5,4,562500.0,36.42726324072898,30.51226439204067,4,8,4,2,8,0,6,-105.0,70.5,-47.5,5.0,1405752,1010.207436,nan,1.405752,nan,2,576,578320,4,826592,8,2,264,128,32,136,34,66,2,0,0,2
462,-47.5,57.5,12,6,0,0.0,0.0,0,0.0,57.5,2,562500.0,62.59086990356445,60.946353912353516,6,12,2,2,12,0,4,-105.0,70.5,-47.5,5.0,1819336,1012.026772,nan,1.819336,nan,2,864,578320,4,1239888,12,2,264,128,32,136,34,66,2,0,0,2
463,-47.5,57.5,12,6,0,0.0,0.0,0,0.0,57.5,2,562500.0,64.29493713378906,59.6131477355957,6,12,2,2,12,0,4,-105.0,70.5,-47.5,5.0,1819336,1013.846108,nan,1.819336,nan,2,864,578320,4,1239888,12,2,264,128,32,136,34,66,2,0,0,2
464,-47.5,57.5,10,5,0,0.0,0.0,0,0.0,57.5,2,562500.0,59.660194396972656,59.20813751220703,5,10,2,2,10,0,4,-105.0,70.5,-47.5,5.0,1612544,1015.458652,nan,1.612544,nan,2,720,578320,4,1033240,10,2,264,128,32,136,34,66,2,0,0,2
465,-47.5,57.5,6,3,0,0.0,0.0,0,0.0,57.5,2,562500.0,72.96231079101562,72.96231079101562,3,6,2,1,6,0,3,-105.0,70.5,-47.5,5.0,909668,1016.36832,nan,0.909668,nan,1,432,289160,2,619944,6,1,132,64,16,68,17,33,1,0,0,1
466,-47.5,57.5,6,3,0,0.0,0.0,0,0.0,57.5,2,562500.0,70.63528823852539,70.63528823852539,3,6,2,1,6,0,3,-105.0,70.5,-47.5,5.0,909668,1017.277988,nan,0.909668,nan,1,432,289160,2,619944,6,1,132,64,16,68,17,33,1,0,0,1
467,-47.5,57.5,4,2,0,0.0,0.0,0,0.0,57.5,2,562500.0,63.163204193115234,63.163204193115234,2,4,2,1,4,0,3,-105.0,70.5,-47.5,5.0,702876,1017.980864,nan,0.702876,nan,1,288,289160,2,413296,4,1,132,64,16,68,17,33,1,0,0,1
468,-47.5,57.5,4,2,0,0.0,0.0,0,0.0,57.5,2,562500.0,60.2106819152832,60.2106819152832,2,4,2,1,4,0,3,-105.0,70.5,-47.5,5.0,702876,1018.68374,nan,0.702876,nan,1,288,289160,2,413296,4,1,132,64,16,68,17,33,1,0,0,1
469,-47.5,57.5,4,2,0,0.0,0.0,0,0.0,57.5,2,562500.0,60.578269958496094,60.2106819152832,2,4,2,2,4,0,4,-105.0,70.5,-47.5,5.0,992168,1019.675908,nan,0.992168,nan,2,288,578320,4,413296,4,2,264,128,32,136,34,66,2,0,0,2
470,-47.5,57.5,4,2,0,0.0,0.0,0,0.0,57.5,2,562500.0,62.588300704956055,60.2106819152832,2,4,2,2,4,0,4,-105.0,70.5,-47.5,5.0,992168,1020.668076,nan,0.992168,nan,2,288,578320,4,413296,4,2,264,128,32,136,34,66,2,0,0,2
471,-47.5,57.5,4,2,0,0.0,0.0,0,0.0,57.5,2,562500.0,63.76255416870117,60.2106819152832,2,4,2,2,4,0,4,-105.0,70.5,-47.5,5.0,992168,1021.660244,nan,0.992168,nan,2,288,578320,4,413296,4,2,264,128,32,136,34,66,2,0,0,2
472,-47.5,57.5,4,2,0,0.0,0.0,0,0.0,57.5,2,562500.0,63.799217224121094,60.2106819152832,2,4,2,2,4,0,4,-105.0,70.5,-47.5,5.0,992168,1022.652412,nan,0.992168,nan,2,288,578320,4,413296,4,2,264,128,32,136,34,66,2,0,0,2
473,-47.5,57.5,6,3,0,0.0,0.0,0,0.0,57.5,3,562500.0,50.814987828070365,41.701470154701774,3,6,3,3,6,0,6,-105.0,70.5,-47.5,5.0,1488252,1024.140664,nan,1.488252,nan,3,432,867480,6,619944,6,3,396,192,48,204,51,99,3,0,0,3
474,-47.5,57.5,10,5,0,0.0,0.0,0,0.0,57.5,4,562500.0,51.796201543684525,45.54632169589429,5,10,4,3,10,0,7,-105.0,70.5,-47.5,5.0,1901836,1026.0425,nan,1.901836,nan,3,720,867480,6,1033240,10,3,396,192,48,204,51,99,3,0,0,3
475,-47.5,57.5,10,5,0,0.0,0.0,0,0.0,57.5,4,562500.0,53.497157706800515,47.57876372913457,5,10,4,3,10,0,7,-105.0,70.5,-47.5,5.0,1901836,1027.944336,nan,1.901836,nan,3,720,867480,6,1033240,10,3,396,192,48,204,51,99,3,0,0,3
476,-47.5,57.5,16,8,0,0.0,0.0,0,0.0,57.5,6,562500.0,52.753519623452945,43.11696856986324,8,16,6,3,16,0,9,-105.0,70.5,-47.5,5.0,2522212,1030.466548,nan,2.522212,nan,3,1152,867480,6,1653184,16,3,396,192,48,204,51,99,3,0,0,3
477,-47.5,57.5,16,8,0,0.0,0.0,0,0.0,57.5,6,562500.0,55.71410634074342,42.9742332292625,8,16,6,3,16,0,9,-105.0,70.5,-47.5,5.0,2522212,1032.98876,nan,2.522212,nan,3,1152,867480,6,1653184,16,3,396,192,48,204,51,99,3,0,0,3
478,-47.5,57.5,12,6,0,0.0,0.0,0,0.0,57.5,5,562500.0,54.98090686598092,47.957726556501484,6,12,5,3,12,0,8,-105.0,70.5,-47.5,5.0,2108628,1035.097388,nan,2.108628,nan,3,864,867480,6,1239888,12,3,396,192,48,204,51,99,3,0,0,3
479,-47.5,57.5,14,7,0,0.0,0.0,0,0.0,57.5,5,562500.0,55.55254832004882,48.32017620249758,7,14,5,3,14,0,8,-105.0,70.5,-47.5,5.0,2315420,1037.412808,nan,2.31542,nan,3,1008,867480,6,1446536,14,3,396,192,48,204,51,99,3,0,0,3
480,-47.5,57.5,16,8,0,0.0,0.0,0,0.0,57.5,5,562500.0,53.767954163193274,48.342743951521015,8,16,5,3,16,0,8,-105.0,70.5,-47.5,5.0,2522212,1039.93502,nan,2.522212,nan,3,1152,867480,6,1653184,16,3,396,192,48,204,51,99,3,0,0,3
481,-47.5,57.5,16,8,0,0.0,0.0,0,0.0,57.5,5,562500.0,53.15796382488346,49.63157105278023,8,16,5,3,16,0,8,-105.0,70.5,-47.5,5.0,2522212,1042.457232,nan,2.522212,nan,3,1152,867480,6,1653184,16,3,396,192,48,204,51,99,3,0,0,3
482,-47.5,57.5,20,10,0,0.0,0.0,0,0.0,57.5,6,562500.0,53.15797507780476,49.63159724587533,10,20,6,3,20,0,9,-105.0,70.5,-47.5,5.0,2935796,1045.393028,nan,2.935796,nan,3,1440,867480,6,2066480,20,3,396,192,48,204,51,99,3,0,0,3
483,-47.5,57.5,20,10,0,0.0,0.0,0,0.0,57.5,6,562500.0,53.96078867222223,49.63155973613432,10,20,6,3,20,0,9,-105.0,70.5,-47.5,5.0,2935796,1048.328824,nan,2.935796,nan,3,1440,867480,6,2066480,20,3,396,192,48,204,51,99,3,0,0,3
484,-47.5,57.5,20,10,0,0.0,0.0,0,0.0,57.5,5,562500.0,56.18770945911934,48.34506023093461,10,20,5,4,20,0,9,-105.0,70.5,-47.5,5.0,3225088,1051.553912,nan,3.225088,nan,4,1440,1156640,8,2066480,20,4,528,256,64,272,68,132,4,0,0,4
485,-47.5,57.5,20,10,0,0.0,0.0,0,0.0,57.5,6,562500.0,55.55507635336652,49.63157105278023,10,20,6,3,20,0,9,-105.0,70.5,-47.5,5.0,2935796,1054.489708,nan,2.935796,nan,3,1440,867480,6,2066480,20,3,396,192,48,204,51,99,3,0,0,3
486,-47.5,57.5,18,9,0,0.0,0.0,0,0.0,57.5,6,562500.0,35.048341129165145,18.59513862502348,9,18,6,3,18,0,9,-105.0,70.5,-47.5,5.0,2729004,1057.218712,nan,2.729004,nan,3,1296,867480,6,1859832,18,3,396,192,48,204,51,99,3,0,0,3
487,-47.5,57.5,16,8,0,0.0,0.0,0,0.0,57.5,5,562500.0,50.50751479544407,19.66769341733732,8,16,5,4,16,0,9,-105.0,70.5,-47.5,5.0,2811504,1060.030216,nan,2.811504,nan,4,1152,1156640,8,1653184,16,4,528,256,64,272,68,132,4,0,0,4
488,-47.5,57.5,16,8,0,0.0,0.0,0,0.0,57.5,5,562500.0,41.89646054352913,18.59513862502348,8,16,5,4,16,0,9,-105.0,70.5,-47.5,5.0,2811504,1062.84172,nan,2.811504,nan,4,1152,1156640,8,1653184,16,4,528,256,64,272,68,132,4,0,0,4
489,-47.5,57.5,16,8,0,0.0,0.0,0,0.0,57.5,5,562500.0,41.10778761948738,18.59513862502348,8,16,5,4,16,0,9,-105.0,70.5,-47.5,5.0,2811504,1065.653224,nan,2.811504,nan,4,1152,1156640,8,1653184,16,4,528,256,64,272,68,132,4,0,0,4
490,-47.5,57.5,14,7,0,0.0,0.0,0,0.0,57.5,5,562500.0,35.048341129165145,18.59513862502348,7,14,5,3,14,0,8,-105.0,70.5,-47.5,5.0,2315420,1067.968644,nan,2.31542,nan,3,1008,867480,6,1446536,14,3,396,192,48,204,51,99,3,0,0,3
491,-47.5,57.5,14,7,0,0.0,0.0,0,0.0,57.5,4,562500.0,54.497711140702314,49.63155973613432,7,14,4,4,14,0,8,-105.0,70.5,-47.5,5.0,2604712,1070.573356,nan,2.604712,nan,4,1008,1156640,8,1446536,14,4,528,256,64,272,68,132,4,0,0,4
492,-47.5,57.5,14,7,0,0.0,0.0,0,0.0,57.5,5,562500.0,35.048341129165145,18.59513862502348,7,14,5,3,14,0,8,-105.0,70.5,-47.5,5.0,2315420,1072.888776,nan,2.31542,nan,3,1008,867480,6,1446536,14,3,396,192,48,204,51,99,3,0,0,3
493,-47.5,57.5,16,8,0,0.0,0.0,0,0.0,57.5,5,562500.0,54.497711140702314,49.63155973613432,8,16,5,4,16,0,9,-105.0,70.5,-47.5,5.0,2811504,1075.70028,nan,2.811504,nan,4,1152,1156640,8,1653184,16,4,528,256,64,272,68,132,4,0,0,4
494,-47.5,57.5,18,9,0,0.0,0.0,0,0.0,57.5,6,562500.0,35.048341129165145,18.59513862502348,9,18,6,3,18,0,9,-105.0,70.5,-47.5,5.0,2729004,1078.429284,nan,2.729004,nan,3,1296,867480,6,1859832,18,3,396,192,48,204,51,99,3,0,0,3
495,-47.5,57.5,18,9,0,0.0,0.0,0,0.0,57.5,6,562500.0,35.048341129165145,18.59513862502348,9,18,6,3,18,0,9,-105.0,70.5,-47.5,5.0,2729004,1081.158288,nan,2.729004,nan,3,1296,867480,6,1859832,18,3,396,192,48,204,51,99,3,0,0,3
496,-47.5,57.5,20,10,0,0.0,0.0,0,0.0,57.5,6,562500.0,53.97835791666139,48.031786624433366,10,20,6,3,20,0,9,-105.0,70.5,-47.5,5.0,2935796,1084.094084,nan,2.935796,nan,3,1440,867480,6,2066480,20,3,396,192,48,204,51,99,3,0,0,3
497,-47.5,57.5,20,10,0,0.0,0.0,0,0.0,57.5,6,562500.0,52.890886884482235,46.11513596143391,10,20,6,3,20,0,9,-105.0,70.5,-47.5,5.0,2935796,1087.02988,nan,2.935796,nan,3,1440,867480,6,2066480,20,3,396,192,48,204,51,99,3,0,0,3
498,-47.5,57.5,18,9,0,0.0,0.0,0,0.0,57.5,6,562500.0,36.12901241558861,19.021931969899416,9,18,6,3,18,0,9,-105.0,70.5,-47.5,5.0,2729004,1089.758884,nan,2.729004,nan,3,1296,867480,6,1859832,18,3,396,192,48,204,51,99,3,0,0,3
499,-47.5,57.5,16,8,0,0.0,0.0,0,0.0,57.5,6,562500.0,38.606443105715755,24.707113666017307,8,16,6,3,16,0,9,-105.0,70.5,-47.5,5.0,2522212,1092.281096,nan,2.522212,nan,3,1152,867480,6,1653184,16,3,396,192,48,204,51,99,3,0,0,3
500,-47.5,57.5,16,8,0,0.0,0.0,0,0.0,57.5,6,562500.0,35.68347705238188,20.33320870128097,8,16,6,3,16,0,9,-105.0,70.5,-47.5,5.0,2522212,1094.803308,nan,2.522212,nan,3,1152,867480,6,1653184,16,3,396,192,48,204,51,99,3,0,0,3
501,-47.5,57.5,16,8,0,0.0,0.0,0,0.0,57.5,6,562500.0,48.4430204088034,34.65198312688727,8,16,6,3,16,0,9,-105.0,70.5,-47.5,5.0,2522212,1097.32552,nan,2.522212,nan,3,1152,867480,6,1653184,16,3,396,192,48,204,51,99,3,0,0,3
502,-47.5,57.5,12,6,0,0.0,0.0,0,0.0,57.5,6,562500.0,49.00344624568741,40.142263198658476,6,12,6,3,12,0,9,-105.0,70.5,-47.5,5.0,2108628,1099.434148,nan,2.108628,nan,3,864,867480,6,1239888,12,3,396,192,48,204,51,99,3,0,0,3
503,-47.5,57.5,10,5,0,0.0,0.0,0,0.0,57.5,5,562500.0,43.63363456499667,31.48629612182303,5,10,5,3,10,0,8,-105.0,70.5,-47.5,5.0,1901836,1101.335984,nan,1.901836,nan,3,720,867480,6,1033240,10,3,396,192,48,204,51,99,3,0,0,3
504,-47.5,57.5,8,4,0,0.0,0.0,0,0.0,57.5,4,562500.0,49.306934522643616,41.6828138943024,4,8,4,3,8,0,7,-105.0,70.5,-47.5,5.0,1695044,1103.031028,nan,1.695044,nan,3,576,867480,6,826592,8,3,396,192,48,204,51,99,3,0,0,3
505,-47.5,57.5,6,3,0,0.0,0.0,0,0.0,57.5,3,562500.0,49.716674506027935,40.500024576897374,3,6,3,3,6,0,6,-105.0,70.5,-47.5,5.0,1488252,1104.51928,nan,1.488252,nan,3,432,867480,6,619944,6,3,396,192,48,204,51,99,3,0,0,3
506,-47.5,57.5,4,2,0,0.0,0.0,0,0.0,57.5,2,562500.0,62.30416679382324,61.560333251953125,2,4,2,2,4,0,4,-105.0,70.5,-47.5,5.0,992168,1105.511448,nan,0.992168,nan,2,288,578320,4,413296,4,2,264,128,32,136,34,66,2,0,0,2
507,-47.5,57.5,6,3,0,0.0,0.0,0,0.0,57.5,3,562500.0,47.17719231635126,39.67925204921891,3,6,3,3,6,0,6,-105.0,70.5,-47.5,5.0,1488252,1106.9997,nan,1.488252,nan,3,432,867480,6,619944,6,3,396,192,48,204,51,99,3,0,0,3
508,-47.5,57.5,4,2,0,0.0,0.0,0,0.0,57.5,2,562500.0,40.871245129226494,38.30782617035395,2,4,2,2,4,0,4,-105.0,70.5,-47.5,5.0,992168,1107.991868,nan,0.992168,nan,2,288,578320,4,413296,4,2,264,128,32,136,34,66,2,0,0,2
509,-47.5,57.5,8,4,0,0.0,0.0,0,0.0,57.5,4,562500.0,61.39374542236328,58.93720245361328,4,8,4,2,8,0,6,-105.0,70.5,-47.5,5.0,1405752,1109.39762,nan,1.405752,nan,2,576,578320,4,826592,8,2,264,128,32,136,34,66,2,0,0,2
510,-47.5,57.5,14,7,0,0.0,0.0,0,0.0,57.5,4,562500.0,63.31632614135742,60.42439651489258,7,14,4,2,14,0,6,-105.0,70.5,-47.5,5.0,2026128,1111.423748,nan,2.026128,nan,2,1008,578320,4,1446536,14,2,264,128,32,136,34,66,2,0,0,2
511,-47.5,57.5,12,6,0,0.0,0.0,0,0.0,57.5,3,562500.0,34.72922211837286,18.32416968615718,6,12,3,3,12,0,6,-105.0,70.5,-47.5,5.0,2108628,1113.532376,nan,2.108628,nan,3,864,867480,6,1239888,12,3,396,192,48,204,51,99,3,0,0,3
512,-47.5,57.5,8,4,0,0.0,0.0,0,0.0,57.5,4,562500.0,19.099285628284154,19.029102978411508,4,8,4,2,8,0,6,-105.0,70.5,-47.5,5.0,1405752,1114.938128,nan,1.405752,nan,2,576,578320,4,826592,8,2,264,128,32,136,34,66,2,0,0,2
513,-47.5,57.5,4,2,0,0.0,0.0,0,0.0,57.5,2,562500.0,60.6749382019043,59.87920379638672,2,4,2,2,4,0,4,-105.0,70.5,-47.5,5.0,992168,1115.930296,nan,0.992168,nan,2,288,578320,4,413296,4,2,264,128,32,136,34,66,2,0,0,2
514,-47.5,57.5,6,3,0,0.0,0.0,0,0.0,57.5,3,562500.0,58.37433052062988,57.760135650634766,3,6,3,2,6,0,5,-105.0,70.5,-47.5,5.0,1198960,1117.129256,nan,1.19896,nan,2,432,578320,4,619944,6,2,264,128,32,136,34,66,2,0,0,2
515,-47.5,57.5,8,4,0,0.0,0.0,0,0.0,57.5,4,562500.0,42.722096910387044,28.472420531019566,4,8,4,3,8,0,7,-105.0,70.5,-47.5,5.0,1695044,1118.8243,nan,1.695044,nan,3,576,867480,6,826592,8,3,396,192,48,204,51,99,3,0,0,3
516,-47.5,57.5,8,4,0,0.0,0.0,0,0.0,57.5,4,562500.0,48.1467351521675,41.257487044029375,4,8,4,3,8,0,7,-105.0,70.5,-47.5,5.0,1695044,1120.519344,nan,1.695044,nan,3,576,867480,6,826592,8,3,396,192,48,204,51,99,3,0,0,3
517,-47.5,57.5,10,5,0,0.0,0.0,0,0.0,57.5,5,562500.0,50.87014115291254,46.05697074641526,5,10,5,3,10,0,8,-105.0,70.5,-47.5,5.0,1901836,1122.42118,nan,1.901836,nan,3,720,867480,6,1033240,10,3,396,192,48,204,51,99,3,0,0,3
518,-47.5,57.5,14,7,0,0.0,0.0,0,0.0,57.5,6,562500.0,51.97878262922478,47.209504780592184,7,14,6,3,14,0,9,-105.0,70.5,-47.5,5.0,2315420,1124.7366,nan,2.31542,nan,3,1008,867480,6,1446536,14,3,396,192,48,204,51,99,3,0,0,3
519,-47.5,57.5,18,9,0,0.0,0.0,0,0.0,57.5,6,562500.0,54.625937396870306,46.41525275918521,9,18,6,4,18,0,10,-105.0,70.5,-47.5,5.0,3018296,1127.754896,nan,3.018296,nan,4,1296,1156640,8,1859832,18,4,528,256,64,272,68,132,4,0,0,4
520,-47.5,57.5,20,10,0,0.0,0.0,0,0.0,57.5,7,562500.0,53.01573137099561,46.475977414027845,10,20,7,3,20,0,10,-105.0,70.5,-47.5,5.0,2935796,1130.690692,nan,2.935796,nan,3,1440,867480,6,2066480,20,3,396,192,48,204,51,99,3,0,0,3
521,-47.5,57.5,20,10,0,0.0,0.0,0,0.0,57.5,7,562500.0,51.854157557720704,46.479861516964476,10,20,7,3,20,0,10,-105.0,70.5,-47.5,5.0,2935796,1133.626488,nan,2.935796,nan,3,1440,867480,6,2066480,20,3,396,192,48,204,51,99,3,0,0,3
522,-47.5,57.5,18,9,0,0.0,0.0,0,0.0,57.5,7,562500.0,54.23353342321702,47.66062897465532,9,18,7,3,18,0,10,-105.0,70.5,-47.5,5.0,2729004,1136.355492,nan,2.729004,nan,3,1296,867480,6,1859832,18,3,396,192,48,204,51,99,3,0,0,3
523,-47.5,57.5,16,8,0,0.0,0.0,0,0.0,57.5,6,562500.0,52.50593268801669,47.66063652723835,8,16,6,3,16,0,9,-105.0,70.5,-47.5,5.0,2522212,1138.877704,nan,2.522212,nan,3,1152,867480,6,1653184,16,3,396,192,48,204,51,99,3,0,0,3
524,-47.5,57.5,14,7,0,0.0,0.0,0,0.0,57.5,6,562500.0,51.80149384087963,47.53314980548814,7,14,6,3,14,0,9,-105.0,70.5,-47.5,5.0,2315420,1141.193124,nan,2.31542,nan,3,1008,867480,6,1446536,14,3,396,192,48,204,51,99,3,0,0,3
525,-47.5,57.5,20,10,0,0.0,0.0,0,0.0,57.5,6,562500.0,53.909773670609866,46.479861516964476,10,20,6,4,20,0,10,-105.0,70.5,-47.5,5.0,3225088,1144.418212,nan,3.225088,nan,4,1440,1156640,8,2066480,20,4,528,256,64,272,68,132,4,0,0,4
526,-47.5,57.5,18,9,0,0.0,0.0,0,0.0,57.5,6,562500.0,54.74480905940118,47.53314980548814,9,18,6,4,18,0,10,-105.0,70.5,-47.5,5.0,3018296,1147.436508,nan,3.018296,nan,4,1296,1156640,8,1859832,18,4,528,256,64,272,68,132,4,0,0,4
527,-47.5,57.5,18,9,0,0.0,0.0,0,0.0,57.5,7,562500.0,52.125458747744936,46.037234716193886,9,18,7,3,18,0,10,-105.0,70.5,-47.5,5.0,2729004,1150.165512,nan,2.729004,nan,3,1296,867480,6,1859832,18,3,396,192,48,204,51,99,3,0,0,3
528,-47.5,57.5,18,9,0,0.0,0.0,0,0.0,57.5,6,562500.0,53.97507610728326,47.53314980548814,9,18,6,4,18,0,10,-105.0,70.5,-47.5,5.0,3018296,1153.183808,nan,3.018296,nan,4,1296,1156640,8,1859832,18,4,528,256,64,272,68,132,4,0,0,4
529,-47.5,57.5,16,8,0,0.0,0.0,0,0.0,57.5,7,562500.0,53.5542823845808,47.53314980548814,8,16,7,3,16,0,10,-105.0,70.5,-47.5,5.0,2522212,1155.70602,nan,2.522212,nan,3,1152,867480,6,1653184,16,3,396,192,48,204,51,99,3,0,0,3
530,-47.5,57.5,16,8,0,0.0,0.0,0,0.0,57.5,7,562500.0,54.18752969605973,47.53314980548814,8,16,7,3,16,0,10,-105.0,70.5,-47.5,5.0,2522212,1158.228232,nan,2.522212,nan,3,1152,867480,6,1653184,16,3,396,192,48,204,51,99,3,0,0,3
531,-47.5,57.5,14,7,0,0.0,0.0,0,0.0,57.5,7,562500.0,54.19900119052969,47.53314980548814,7,14,7,3,14,0,10,-105.0,70.5,-47.5,5.0,2315420,1160.543652,nan,2.31542,nan,3,1008,867480,6,1446536,14,3,396,192,48,204,51,99,3,0,0,3
532,-47.5,57.5,14,7,0,0.0,0.0,0,0.0,57.5,7,562500.0,54.19900055474682,47.53314980548814,7,14,7,3,14,0,10,-105.0,70.5,-47.5,5.0,2315420,1162.859072,nan,2.31542,nan,3,1008,867480,6,1446536,14,3,396,192,48,204,51,99,3,0,0,3
533,-47.5,57.5,14,7,0,0.0,0.0,0,0.0,57.5,7,562500.0,54.19900055474682,47.53314980548814,7,14,7,3,14,0,10,-105.0,70.5,-47.5,5.0,2315420,1165.174492,nan,2.31542,nan,3,1008,867480,6,1446536,14,3,396,192,48,204,51,99,3,0,0,3
534,-47.5,57.5,12,6,0,0.0,0.0,0,0.0,57.5,6,562500.0,54.19900055474682,47.53314980548814,6,12,6,3,12,0,9,-105.0,70.5,-47.5,5.0,2108628,1167.28312,nan,2.108628,nan,3,864,867480,6,1239888,12,3,396,192,48,204,51,99,3,0,0,3
535,-47.5,57.5,12,6,0,0.0,0.0,0,0.0,57.5,6,562500.0,54.19900055474682,47.53314980548814,6,12,6,3,12,0,9,-105.0,70.5,-47.5,5.0,2108628,1169.391748,nan,2.108628,nan,3,864,867480,6,1239888,12,3,396,192,48,204,51,99,3,0,0,3
536,-47.5,57.5,12,6,0,0.0,0.0,0,0.0,57.5,6,562500.0,54.19900055474682,47.53314980548814,6,12,6,3,12,0,9,-105.0,70.5,-47.5,5.0,2108628,1171.500376,nan,2.108628,nan,3,864,867480,6,1239888,12,3,396,192,48,204,51,99,3,0,0,3
537,-47.5,57.5,12,6,0,0.0,0.0,0,0.0,57.5,6,562500.0,54.19900055474682,47.53314980548814,6,12,6,3,12,0,9,-105.0,70.5,-47.5,5.0,2108628,1173.609004,nan,2.108628,nan,3,864,867480,6,1239888,12,3,396,192,48,204,51,99,3,0,0,3
538,-47.5,57.5,12,6,0,0.0,0.0,0,0.0,57.5,6,562500.0,54.19900055474682,47.53314980548814,6,12,6,3,12,0,9,-105.0,70.5,-47.5,5.0,2108628,1175.717632,nan,2.108628,nan,3,864,867480,6,1239888,12,3,396,192,48,204,51,99,3,0,0,3
539,-47.5,57.5,12,6,0,0.0,0.0,0,0.0,57.5,6,562500.0,54.19900055474682,47.53314980548814,6,12,6,3,12,0,9,-105.0,70.5,-47.5,5.0,2108628,1177.82626,nan,2.108628,nan,3,864,867480,6,1239888,12,3,396,192,48,204,51,99,3,0,0,3
540,-47.5,57.5,12,6,0,0.0,0.0,0,0.0,57.5,6,562500.0,54.19900119052969,47.53314980548814,6,12,6,3,12,0,9,-105.0,70.5,-47.5,5.0,2108628,1179.934888,nan,2.108628,nan,3,864,867480,6,1239888,12,3,396,192,48,204,51,99,3,0,0,3
541,-47.5,57.5,18,9,0,0.0,0.0,0,0.0,57.5,6,562500.0,50.16093222844962,38.47823685633585,9,18,6,3,18,0,9,-105.0,70.5,-47.5,5.0,2729004,1182.663892,nan,2.729004,nan,3,1296,867480,6,1859832,18,3,396,192,48,204,51,99,3,0,0,3
542,-47.5,57.5,18,9,0,0.0,0.0,0,0.0,57.5,6,562500.0,52.11629575038978,44.76045671190913,9,18,6,3,18,0,9,-105.0,70.5,-47.5,5.0,2729004,1185.392896,nan,2.729004,nan,3,1296,867480,6,1859832,18,3,396,192,48,204,51,99,3,0,0,3
543,-47.5,57.5,18,9,0,0.0,0.0,0,0.0,57.5,6,562500.0,36.83127551586322,23.039321265882705,9,18,6,3,18,0,9,-105.0,70.5,-47.5,5.0,2729004,1188.1219,nan,2.729004,nan,3,1296,867480,6,1859832,18,3,396,192,48,204,51,99,3,0,0,3
544,-47.5,57.5,16,8,0,0.0,0.0,0,0.0,57.5,6,562500.0,53.028001423589245,42.756583642694785,8,16,6,3,16,0,9,-105.0,70.5,-47.5,5.0,2522212,1190.644112,nan,2.522212,nan,3,1152,867480,6,1653184,16,3,396,192,48,204,51,99,3,0,0,3
545,-47.5,57.5,12,6,0,0.0,0.0,0,0.0,57.5,5,562500.0,54.165007608278366,41.40121937381178,6,12,5,4,12,0,9,-105.0,70.5,-47.5,5.0,2397920,1193.042032,nan,2.39792,nan,4,864,1156640,8,1239888,12,4,528,256,64,272,68,132,4,0,0,4
546,-47.5,57.5,12,6,0,0.0,0.0,0,0.0,57.5,5,562500.0,42.85757856990601,21.116689183830175,6,12,5,4,12,0,9,-105.0,70.5,-47.5,5.0,2397920,1195.439952,nan,2.39792,nan,4,864,1156640,8,1239888,12,4,528,256,64,272,68,132,4,0,0,4
547,-47.5,57.5,6,3,0,0.0,0.0,0,0.0,57.5,3,562500.0,20.39054314517288,19.336001627288894,3,6,3,2,6,0,5,-105.0,70.5,-47.5,5.0,1198960,1196.638912,nan,1.19896,nan,2,432,578320,4,619944,6,2,264,128,32,136,34,66,2,0,0,2
548,-47.5,57.5,2,1,0,0.0,0.0,0,0.0,57.5,1,562500.0,58.4632682800293,58.4632682800293,1,2,1,1,2,0,2,-105.0,70.5,-47.5,5.0,496084,1197.134996,nan,0.496084,nan,1,144,289160,2,206648,2,1,132,64,16,68,17,33,1,0,0,1
549,-47.5,57.5,2,1,0,0.0,0.0,0,0.0,57.5,1,562500.0,59.68671798706055,59.68671798706055,1,2,1,1,2,0,2,-105.0,70.5,-47.5,5.0,496084,1197.63108,nan,0.496084,nan,1,144,289160,2,206648,2,1,132,64,16,68,17,33,1,0,0,1
550,-47.5,57.5,2,1,0,0.0,0.0,0,0.0,57.5,1,562500.0,60.22933578491211,60.22933578491211,1,2,1,1,2,0,2,-105.0,70.5,-47.5,5.0,496084,1198.127164,nan,0.496084,nan,1,144,289160,2,206648,2,1,132,64,16,68,17,33,1,0,0,1
551,-47.5,57.5,2,1,0,0.0,0.0,0,0.0,57.5,1,562500.0,62.40734100341797,62.40734100341797,1,2,1,1,2,0,2,-105.0,70.5,-47.5,5.0,496084,1198.623248,nan,0.496084,nan,1,144,289160,2,206648,2,1,132,64,16,68,17,33,1,0,0,1
552,-47.5,57.5,2,1,0,0.0,0.0,0,0.0,57.5,1,562500.0,71.79010391235352,71.79010391235352,1,2,1,1,2,0,2,-105.0,70.5,-47.5,5.0,496084,1199.119332,nan,0.496084,nan,1,144,289160,2,206648,2,1,132,64,16,68,17,33,1,0,0,1
553,-47.5,57.5,4,2,0,0.0,0.0,0,0.0,57.5,2,562500.0,59.08802032470703,59.08802032470703,2,4,2,1,4,0,3,-105.0,70.5,-47.5,5.0,702876,1199.822208,nan,0.702876,nan,1,288,289160,2,413296,4,1,132,64,16,68,17,33,1,0,0,1
554,-47.5,57.5,2,1,0,0.0,0.0,0,0.0,57.5,1,562500.0,67.43840789794922,67.43840789794922,1,2,1,1,2,0,2,-105.0,70.5,-47.5,5.0,496084,1200.318292,nan,0.496084,nan,1,144,289160,2,206648,2,1,132,64,16,68,17,33,1,0,0,1
555,-47.5,57.5,2,1,0,0.0,0.0,0,0.0,57.5,1,562500.0,70.63110733032227,70.63110733032227,1,2,1,1,2,0,2,-105.0,70.5,-47.5,5.0,496084,1200.814376,nan,0.496084,nan,1,144,289160,2,206648,2,1,132,64,16,68,17,33,1,0,0,1
556,-47.5,57.5,2,1,0,0.0,0.0,0,0.0,57.5,1,562500.0,62.28447723388672,62.28447723388672,1,2,1,1,2,0,2,-105.0,70.5,-47.5,5.0,496084,1201.31046,nan,0.496084,nan,1,144,289160,2,206648,2,1,132,64,16,68,17,33,1,0,0,1
557,-47.5,57.5,2,1,0,0.0,0.0,0,0.0,57.5,1,562500.0,58.35539245605469,58.35539245605469,1,2,1,1,2,0,2,-105.0,70.5,-47.5,5.0,496084,1201.806544,nan,0.496084,nan,1,144,289160,2,206648,2,1,132,64,16,68,17,33,1,0,0,1
558,-47.5,57.5,0,0,0,0.0,0.0,0,0.0,57.5,,,,,0,,,0,0,,0,-105.0,70.5,-47.5,5.0,0,1201.806544,nan,0.0,nan,0,0,0,0,0,0,0,0,0,0,0,0,0,0,0,0,0
559,-47.5,57.5,0,0,0,0.0,0.0,0,0.0,57.5,,,,,0,,,0,0,,0,-105.0,70.5,-47.5,5.0,0,1201.806544,nan,0.0,nan,0,0,0,0,0,0,0,0,0,0,0,0,0,0,0,0,0
560,-47.5,57.5,0,0,0,0.0,0.0,0,0.0,57.5,,,,,0,,,0,0,,0,-105.0,70.5,-47.5,5.0,0,1201.806544,nan,0.0,nan,0,0,0,0,0,0,0,0,0,0,0,0,0,0,0,0,0
561,-47.5,57.5,0,0,0,0.0,0.0,0,0.0,57.5,,,,,0,,,0,0,,0,-105.0,70.5,-47.5,5.0,0,1201.806544,nan,0.0,nan,0,0,0,0,0,0,0,0,0,0,0,0,0,0,0,0,0
562,-47.5,57.5,4,2,0,0.0,0.0,0,0.0,57.5,2,562500.0,60.34633527354852,59.30301938609735,2,4,2,2,4,0,4,-105.0,70.5,-47.5,5.0,992168,1202.798712,nan,0.992168,nan,2,288,578320,4,413296,4,2,264,128,32,136,34,66,2,0,0,2
563,-47.5,57.5,8,4,0,0.0,0.0,0,0.0,57.5,3,562500.0,67.24364982204095,59.95990262584344,4,8,3,2,8,0,5,-105.0,70.5,-47.5,5.0,1405752,1204.204464,nan,1.405752,nan,2,576,578320,4,826592,8,2,264,128,32,136,34,66,2,0,0,2
564,-47.5,57.5,6,3,0,0.0,0.0,0,0.0,57.5,2,562500.0,61.5667839050293,61.5667839050293,3,6,2,1,6,0,3,-105.0,70.5,-47.5,5.0,909668,1205.114132,nan,0.909668,nan,1,432,289160,2,619944,6,1,132,64,16,68,17,33,1,0,0,1
565,-47.5,57.5,8,4,0,0.0,0.0,0,0.0,57.5,3,562500.0,61.58546829223633,58.42776870727539,4,8,3,2,8,0,5,-105.0,70.5,-47.5,5.0,1405752,1206.519884,nan,1.405752,nan,2,576,578320,4,826592,8,2,264,128,32,136,34,66,2,0,0,2
566,-47.5,57.5,8,4,0,0.0,0.0,0,0.0,57.5,3,562500.0,62.40192985534668,62.397483825683594,4,8,3,2,8,0,5,-105.0,70.5,-47.5,5.0,1405752,1207.925636,nan,1.405752,nan,2,576,578320,4,826592,8,2,264,128,32,136,34,66,2,0,0,2
567,-47.5,57.5,12,6,0,0.0,0.0,0,0.0,57.5,5,562500.0,46.99780731293299,39.857380767680844,6,12,5,3,12,0,8,-105.0,70.5,-47.5,5.0,2108628,1210.034264,nan,2.108628,nan,3,864,867480,6,1239888,12,3,396,192,48,204,51,99,3,0,0,3
568,-47.5,57.5,8,4,0,0.0,0.0,0,0.0,57.5,4,562500.0,43.64476608138082,29.03774541970289,4,8,4,3,8,0,7,-105.0,70.5,-47.5,5.0,1695044,1211.729308,nan,1.695044,nan,3,576,867480,6,826592,8,3,396,192,48,204,51,99,3,0,0,3
569,-47.5,57.5,10,5,0,0.0,0.0,0,0.0,57.5,4,562500.0,44.60996371121441,29.576202522588616,5,10,4,3,10,0,7,-105.0,70.5,-47.5,5.0,1901836,1213.631144,nan,1.901836,nan,3,720,867480,6,1033240,10,3,396,192,48,204,51,99,3,0,0,3
570,-47.5,57.5,10,5,0,0.0,0.0,0,0.0,57.5,5,562500.0,40.79626342440784,30.66128543333233,5,10,5,2,10,0,7,-105.0,70.5,-47.5,5.0,1612544,1215.243688,nan,1.612544,nan,2,720,578320,4,1033240,10,2,264,128,32,136,34,66,2,0,0,2
571,-47.5,57.5,10,5,0,0.0,0.0,0,0.0,57.5,5,562500.0,42.80866553225406,34.64432739164732,5,10,5,2,10,0,7,-105.0,70.5,-47.5,5.0,1612544,1216.856232,nan,1.612544,nan,2,720,578320,4,1033240,10,2,264,128,32,136,34,66,2,0,0,2
572,-47.5,57.5,12,6,0,0.0,0.0,0,0.0,57.5,5,562500.0,50.9673567917291,50.95737994675442,6,12,5,2,12,0,7,-105.0,70.5,-47.5,5.0,1819336,1218.675568,nan,1.819336,nan,2,864,578320,4,1239888,12,2,264,128,32,136,34,66,2,0,0,2
573,-47.5,57.5,14,7,0,0.0,0.0,0,0.0,57.5,6,562500.0,35.471134026705904,18.082441990638255,7,14,6,3,14,0,9,-105.0,70.5,-47.5,5.0,2315420,1220.990988,nan,2.31542,nan,3,1008,867480,6,1446536,14,3,396,192,48,204,51,99,3,0,0,3
574,-47.5,57.5,14,7,0,0.0,0.0,0,0.0,57.5,5,562500.0,55.52056086817015,49.41764369037776,7,14,5,4,14,0,9,-105.0,70.5,-47.5,5.0,2604712,1223.5957,nan,2.604712,nan,4,1008,1156640,8,1446536,14,4,528,256,64,272,68,132,4,0,0,4
575,-47.5,57.5,12,6,0,0.0,0.0,0,0.0,57.5,4,562500.0,53.569752433281074,49.40587077254466,6,12,4,3,12,0,7,-105.0,70.5,-47.5,5.0,2108628,1225.704328,nan,2.108628,nan,3,864,867480,6,1239888,12,3,396,192,48,204,51,99,3,0,0,3
576,-47.5,57.5,14,7,0,0.0,0.0,0,0.0,57.5,5,562500.0,53.57006790142082,49.405607978327055,7,14,5,3,14,0,8,-105.0,70.5,-47.5,5.0,2315420,1228.019748,nan,2.31542,nan,3,1008,867480,6,1446536,14,3,396,192,48,204,51,99,3,0,0,3
577,-47.5,57.5,16,8,0,0.0,0.0,0,0.0,57.5,5,562500.0,43.125906735756665,34.418088177647995,8,16,5,3,16,0,8,-105.0,70.5,-47.5,5.0,2522212,1230.54196,nan,2.522212,nan,3,1152,867480,6,1653184,16,3,396,192,48,204,51,99,3,0,0,3
578,-47.5,57.5,22,11,0,0.0,0.0,0,0.0,57.5,6,562500.0,43.270153155027494,34.418088177647995,11,22,6,3,22,0,9,-105.0,70.5,-47.5,5.0,3142588,1233.684548,nan,3.142588,nan,3,1584,867480,6,2273128,22,3,396,192,48,204,51,99,3,0,0,3
579,-47.5,57.5,28,14,0,0.0,0.0,0,0.0,57.5,7,562500.0,42.57687123410278,28.16815268395819,14,28,7,3,28,0,10,-105.0,70.5,-47.5,5.0,3762964,1237.447512,nan,3.762964,nan,3,2016,867480,6,2893072,28,3,396,192,48,204,51,99,3,0,0,3
580,-47.5,57.5,30,15,0,0.0,0.0,0,0.0,57.5,7,562500.0,54.50380810740555,50.973989833080694,15,30,7,3,30,0,10,-105.0,70.5,-47.5,5.0,3969756,1241.417268,nan,3.969756,nan,3,2160,867480,6,3099720,30,3,396,192,48,204,51,99,3,0,0,3
581,-47.5,57.5,24,12,0,0.0,0.0,0,0.0,57.5,7,562500.0,43.125906735756665,34.418088177647995,12,24,7,3,24,0,10,-105.0,70.5,-47.5,5.0,3349380,1244.766648,nan,3.34938,nan,3,1728,867480,6,2479776,24,3,396,192,48,204,51,99,3,0,0,3
582,-47.5,57.5,22,11,0,0.0,0.0,0,0.0,57.5,6,562500.0,53.473299428968396,49.23521539387334,11,22,6,3,22,0,9,-105.0,70.5,-47.5,5.0,3142588,1247.909236,nan,3.142588,nan,3,1584,867480,6,2273128,22,3,396,192,48,204,51,99,3,0,0,3
583,-47.5,57.5,22,11,0,0.0,0.0,0,0.0,57.5,6,562500.0,43.125906735756665,34.418088177647995,11,22,6,3,22,0,9,-105.0,70.5,-47.5,5.0,3142588,1251.051824,nan,3.142588,nan,3,1584,867480,6,2273128,22,3,396,192,48,204,51,99,3,0,0,3
584,-47.5,57.5,22,11,0,0.0,0.0,0,0.0,57.5,6,562500.0,43.125906735756665,34.418088177647995,11,22,6,3,22,0,9,-105.0,70.5,-47.5,5.0,3142588,1254.194412,nan,3.142588,nan,3,1584,867480,6,2273128,22,3,396,192,48,204,51,99,3,0,0,3
585,-47.5,57.5,22,11,0,0.0,0.0,0,0.0,57.5,6,562500.0,43.125906735756665,34.418088177647995,11,22,6,3,22,0,9,-105.0,70.5,-47.5,5.0,3142588,1257.337,nan,3.142588,nan,3,1584,867480,6,2273128,22,3,396,192,48,204,51,99,3,0,0,3
586,-47.5,57.5,24,12,0,0.0,0.0,0,0.0,57.5,6,562500.0,44.96311263154402,23.688533172012576,12,24,6,3,24,0,9,-105.0,70.5,-47.5,5.0,3349380,1260.68638,nan,3.34938,nan,3,1728,867480,6,2479776,24,3,396,192,48,204,51,99,3,0,0,3
587,-47.5,57.5,24,12,0,0.0,0.0,0,0.0,57.5,6,562500.0,50.60691530833402,45.47279845111544,12,24,6,3,24,0,9,-105.0,70.5,-47.5,5.0,3349380,1264.03576,nan,3.34938,nan,3,1728,867480,6,2479776,24,3,396,192,48,204,51,99,3,0,0,3
588,-47.5,57.5,28,14,0,0.0,0.0,0,0.0,57.5,6,562500.0,54.53045486130991,48.277027354618994,14,28,6,3,28,0,9,-105.0,70.5,-47.5,5.0,3762964,1267.798724,nan,3.762964,nan,3,2016,867480,6,2893072,28,3,396,192,48,204,51,99,3,0,0,3
589,-47.5,57.5,28,14,0,0.0,0.0,0,0.0,57.5,6,562500.0,55.44147366311666,45.33230990233535,14,28,6,3,28,0,9,-105.0,70.5,-47.5,5.0,3762964,1271.561688,nan,3.762964,nan,3,2016,867480,6,2893072,28,3,396,192,48,204,51,99,3,0,0,3
590,-47.5,57.5,28,14,0,0.0,0.0,0,0.0,57.5,7,562500.0,49.41523464174568,42.59887155953318,14,28,7,2,28,0,9,-105.0,70.5,-47.5,5.0,3473672,1275.03536,nan,3.473672,nan,2,2016,578320,4,2893072,28,2,264,128,32,136,34,66,2,0,0,2
591,-47.5,57.5,12,6,0,0.0,0.0,0,0.0,57.5,4,562500.0,49.84327463486289,34.73024167796615,6,12,4,3,12,0,7,-105.0,70.5,-47.5,5.0,2108628,1277.143988,nan,2.108628,nan,3,864,867480,6,1239888,12,3,396,192,48,204,51,99,3,0,0,3
592,-47.5,57.5,10,5,0,0.0,0.0,0,0.0,57.5,4,562500.0,41.22645108887766,28.89998802386185,5,10,4,3,10,0,7,-105.0,70.5,-47.5,5.0,1901836,1279.045824,nan,1.901836,nan,3,720,867480,6,1033240,10,3,396,192,48,204,51,99,3,0,0,3
593,-47.5,57.5,10,5,0,0.0,0.0,0,0.0,57.5,5,562500.0,55.81891515311374,48.47321584167649,5,10,5,3,10,0,8,-105.0,70.5,-47.5,5.0,1901836,1280.94766,nan,1.901836,nan,3,720,867480,6,1033240,10,3,396,192,48,204,51,99,3,0,0,3
594,-47.5,57.5,8,4,0,0.0,0.0,0,0.0,57.5,3,562500.0,55.33699346754367,42.626707701282996,4,8,3,3,8,0,6,-105.0,70.5,-47.5,5.0,1695044,1282.642704,nan,1.695044,nan,3,576,867480,6,826592,8,3,396,192,48,204,51,99,3,0,0,3
595,-47.5,57.5,4,2,0,0.0,0.0,0,0.0,57.5,2,562500.0,60.43917356090204,59.738146644398135,2,4,2,2,4,0,4,-105.0,70.5,-47.5,5.0,992168,1283.634872,nan,0.992168,nan,2,288,578320,4,413296,4,2,264,128,32,136,34,66,2,0,0,2
596,-47.5,57.5,2,1,0,0.0,0.0,0,0.0,57.5,1,562500.0,58.45152282714844,58.45152282714844,1,2,1,1,2,0,2,-105.0,70.5,-47.5,5.0,496084,1284.130956,nan,0.496084,nan,1,144,289160,2,206648,2,1,132,64,16,68,17,33,1,0,0,1
597,-47.5,57.5,2,1,0,0.0,0.0,0,0.0,57.5,1,562500.0,68.52325439453125,68.52325439453125,1,2,1,1,2,0,2,-105.0,70.5,-47.5,5.0,496084,1284.62704,nan,0.496084,nan,1,144,289160,2,206648,2,1,132,64,16,68,17,33,1,0,0,1
598,-47.5,57.5,4,2,0,0.0,0.0,0,0.0,57.5,2,562500.0,36.13686706765081,30.66716012891801,2,4,2,2,4,0,4,-105.0,70.5,-47.5,5.0,992168,1285.619208,nan,0.992168,nan,2,288,578320,4,413296,4,2,264,128,32,136,34,66,2,0,0,2
599,-47.5,57.5,4,2,0,0.0,0.0,0,0.0,57.5,2,562500.0,37.42566930492244,28.366097272261527,2,4,2,2,4,0,4,-105.0,70.5,-47.5,5.0,992168,1286.611376,nan,0.992168,nan,2,288,578320,4,413296,4,2,264,128,32,136,34,66,2,0,0,2
600,-47.5,57.5,0,0,0,0.0,0.0,0,0.0,57.5,,,,,0,,,0,0,,0,-105.0,70.5,-47.5,5.0,0,1286.611376,nan,0.0,nan,0,0,0,0,0,0,0,0,0,0,0,0,0,0,0,0,0
601,-47.5,57.5,0,0,0,0.0,0.0,0,0.0,57.5,,,,,0,,,0,0,,0,-105.0,70.5,-47.5,5.0,0,1286.611376,nan,0.0,nan,0,0,0,0,0,0,0,0,0,0,0,0,0,0,0,0,0
602,-47.5,57.5,4,2,0,0.0,0.0,0,0.0,57.5,2,562500.0,57.88155555725098,57.534576416015625,2,4,2,2,4,0,4,-105.0,70.5,-47.5,5.0,992168,1287.603544,nan,0.992168,nan,2,288,578320,4,413296,4,2,264,128,32,136,34,66,2,0,0,2
603,-47.5,57.5,4,2,0,0.0,0.0,0,0.0,57.5,2,562500.0,63.197566986083984,61.01976776123047,2,4,2,2,4,0,4,-105.0,70.5,-47.5,5.0,992168,1288.595712,nan,0.992168,nan,2,288,578320,4,413296,4,2,264,128,32,136,34,66,2,0,0,2
604,-47.5,57.5,6,3,0,0.0,0.0,0,0.0,57.5,3,562500.0,50.65350326206133,35.51115572547526,3,6,3,3,6,0,6,-105.0,70.5,-47.5,5.0,1488252,1290.083964,nan,1.488252,nan,3,432,867480,6,619944,6,3,396,192,48,204,51,99,3,0,0,3
605,-47.5,57.5,6,3,0,0.0,0.0,0,0.0,57.5,3,562500.0,48.88918160308854,35.99525605623178,3,6,3,3,6,0,6,-105.0,70.5,-47.5,5.0,1488252,1291.572216,nan,1.488252,nan,3,432,867480,6,619944,6,3,396,192,48,204,51,99,3,0,0,3
606,-47.5,57.5,6,3,0,0.0,0.0,0,0.0,57.5,3,562500.0,44.6099853981392,27.705207951989617,3,6,3,3,6,0,6,-105.0,70.5,-47.5,5.0,1488252,1293.060468,nan,1.488252,nan,3,432,867480,6,619944,6,3,396,192,48,204,51,99,3,0,0,3
607,-47.5,57.5,6,3,0,0.0,0.0,0,0.0,57.5,3,562500.0,46.967983193409225,37.82424756166539,3,6,3,3,6,0,6,-105.0,70.5,-47.5,5.0,1488252,1294.54872,nan,1.488252,nan,3,432,867480,6,619944,6,3,396,192,48,204,51,99,3,0,0,3
608,-47.5,57.5,12,6,0,0.0,0.0,0,0.0,57.5,6,562500.0,34.69910144448194,19.46767144798339,6,12,6,4,12,0,10,-105.0,70.5,-47.5,5.0,2397920,1296.94664,nan,2.39792,nan,4,864,1156640,8,1239888,12,4,528,256,64,272,68,132,4,0,0,4
609,-47.5,57.5,10,5,0,0.0,0.0,0,0.0,57.5,5,562500.0,36.490160703371096,22.82310054675453,5,10,5,3,10,0,8,-105.0,70.5,-47.5,5.0,1901836,1298.848476,nan,1.901836,nan,3,720,867480,6,1033240,10,3,396,192,48,204,51,99,3,0,0,3
610,-47.5,57.5,10,5,0,0.0,0.0,0,0.0,57.5,5,562500.0,50.17913684781518,37.910625382662666,5,10,5,3,10,0,8,-105.0,70.5,-47.5,5.0,1901836,1300.750312,nan,1.901836,nan,3,720,867480,6,1033240,10,3,396,192,48,204,51,99,3,0,0,3
611,-47.5,57.5,14,7,0,0.0,0.0,0,0.0,57.5,6,562500.0,50.52523800315753,36.80746850222545,7,14,6,3,14,0,9,-105.0,70.5,-47.5,5.0,2315420,1303.065732,nan,2.31542,nan,3,1008,867480,6,1446536,14,3,396,192,48,204,51,99,3,0,0,3
612,-47.5,57.5,14,7,0,0.0,0.0,0,0.0,57.5,6,562500.0,51.174115246585586,38.78801259561694,7,14,6,3,14,0,9,-105.0,70.5,-47.5,5.0,2315420,1305.381152,nan,2.31542,nan,3,1008,867480,6,1446536,14,3,396,192,48,204,51,99,3,0,0,3
613,-47.5,57.5,14,7,0,0.0,0.0,0,0.0,57.5,6,562500.0,51.67488691099712,40.64220106933217,7,14,6,3,14,0,9,-105.0,70.5,-47.5,5.0,2315420,1307.696572,nan,2.31542,nan,3,1008,867480,6,1446536,14,3,396,192,48,204,51,99,3,0,0,3
614,-47.5,57.5,14,7,0,0.0,0.0,0,0.0,57.5,6,562500.0,51.17473049302677,38.852233364972875,7,14,6,3,14,0,9,-105.0,70.5,-47.5,5.0,2315420,1310.011992,nan,2.31542,nan,3,1008,867480,6,1446536,14,3,396,192,48,204,51,99,3,0,0,3
615,-47.5,57.5,14,7,0,0.0,0.0,0,0.0,57.5,6,562500.0,50.59630301221144,36.830874874982634,7,14,6,3,14,0,9,-105.0,70.5,-47.5,5.0,2315420,1312.327412,nan,2.31542,nan,3,1008,867480,6,1446536,14,3,396,192,48,204,51,99,3,0,0,3
616,-47.5,57.5,12,6,0,0.0,0.0,0,0.0,57.5,6,562500.0,53.687110885019,44.66994715847626,6,12,6,3,12,0,9,-105.0,70.5,-47.5,5.0,2108628,1314.43604,nan,2.108628,nan,3,864,867480,6,1239888,12,3,396,192,48,204,51,99,3,0,0,3
617,-47.5,57.5,12,6,0,0.0,0.0,0,0.0,57.5,6,562500.0,51.573641091282525,39.44493724026338,6,12,6,3,12,0,9,-105.0,70.5,-47.5,5.0,2108628,1316.544668,nan,2.108628,nan,3,864,867480,6,1239888,12,3,396,192,48,204,51,99,3,0,0,3
618,-47.5,57.5,10,5,0,0.0,0.0,0,0.0,57.5,5,562500.0,50.60888744213739,37.92184440732087,5,10,5,3,10,0,8,-105.0,70.5,-47.5,5.0,1901836,1318.446504,nan,1.901836,nan,3,720,867480,6,1033240,10,3,396,192,48,204,51,99,3,0,0,3
619,-47.5,57.5,10,5,0,0.0,0.0,0,0.0,57.5,5,562500.0,50.60888744213739,37.92184440732087,5,10,5,3,10,0,8,-105.0,70.5,-47.5,5.0,1901836,1320.34834,nan,1.901836,nan,3,720,867480,6,1033240,10,3,396,192,48,204,51,99,3,0,0,3
620,-47.5,57.5,10,5,0,0.0,0.0,0,0.0,57.5,5,562500.0,50.60888744213739,37.92184440732087,5,10,5,3,10,0,8,-105.0,70.5,-47.5,5.0,1901836,1322.250176,nan,1.901836,nan,3,720,867480,6,1033240,10,3,396,192,48,204,51,99,3,0,0,3
621,-47.5,57.5,10,5,0,0.0,0.0,0,0.0,57.5,5,562500.0,50.60888744213739,37.92184440732087,5,10,5,3,10,0,8,-105.0,70.5,-47.5,5.0,1901836,1324.152012,nan,1.901836,nan,3,720,867480,6,1033240,10,3,396,192,48,204,51,99,3,0,0,3
622,-47.5,57.5,10,5,0,0.0,0.0,0,0.0,57.5,5,562500.0,50.60888744213739,37.92184440732087,5,10,5,3,10,0,8,-105.0,70.5,-47.5,5.0,1901836,1326.053848,nan,1.901836,nan,3,720,867480,6,1033240,10,3,396,192,48,204,51,99,3,0,0,3
623,-47.5,57.5,10,5,0,0.0,0.0,0,0.0,57.5,5,562500.0,50.60888996517884,37.92184440732087,5,10,5,3,10,0,8,-105.0,70.5,-47.5,5.0,1901836,1327.955684,nan,1.901836,nan,3,720,867480,6,1033240,10,3,396,192,48,204,51,99,3,0,0,3
624,-47.5,57.5,10,5,0,0.0,0.0,0,0.0,57.5,5,562500.0,50.60888996517884,37.92184440732087,5,10,5,3,10,0,8,-105.0,70.5,-47.5,5.0,1901836,1329.85752,nan,1.901836,nan,3,720,867480,6,1033240,10,3,396,192,48,204,51,99,3,0,0,3
625,-47.5,57.5,10,5,0,0.0,0.0,0,0.0,57.5,5,562500.0,50.60888364996047,37.92182165425938,5,10,5,3,10,0,8,-105.0,70.5,-47.5,5.0,1901836,1331.759356,nan,1.901836,nan,3,720,867480,6,1033240,10,3,396,192,48,204,51,99,3,0,0,3
626,-47.5,57.5,10,5,0,0.0,0.0,0,0.0,57.5,5,562500.0,50.60887732966619,37.92184440732087,5,10,5,3,10,0,8,-105.0,70.5,-47.5,5.0,1901836,1333.661192,nan,1.901836,nan,3,720,867480,6,1033240,10,3,396,192,48,204,51,99,3,0,0,3
627,-47.5,57.5,10,5,0,0.0,0.0,0,0.0,57.5,5,562500.0,50.60888744213739,37.92184440732087,5,10,5,3,10,0,8,-105.0,70.5,-47.5,5.0,1901836,1335.563028,nan,1.901836,nan,3,720,867480,6,1033240,10,3,396,192,48,204,51,99,3,0,0,3
628,-47.5,57.5,10,5,0,0.0,0.0,0,0.0,57.5,5,562500.0,50.60888744213739,37.92184440732087,5,10,5,3,10,0,8,-105.0,70.5,-47.5,5.0,1901836,1337.464864,nan,1.901836,nan,3,720,867480,6,1033240,10,3,396,192,48,204,51,99,3,0,0,3
629,-47.5,57.5,12,6,0,0.0,0.0,0,0.0,57.5,6,562500.0,40.03281413445358,29.312523933959362,6,12,6,4,12,0,10,-105.0,70.5,-47.5,5.0,2397920,1339.862784,nan,2.39792,nan,4,864,1156640,8,1239888,12,4,528,256,64,272,68,132,4,0,0,4
630,-47.5,57.5,12,6,0,0.0,0.0,0,0.0,57.5,6,562500.0,40.783576367348466,32.395669075560924,6,12,6,4,12,0,10,-105.0,70.5,-47.5,5.0,2397920,1342.260704,nan,2.39792,nan,4,864,1156640,8,1239888,12,4,528,256,64,272,68,132,4,0,0,4
631,-47.5,57.5,16,8,0,0.0,0.0,0,0.0,57.5,6,562500.0,42.5770690297211,39.641552923439576,8,16,6,4,16,0,10,-105.0,70.5,-47.5,5.0,2811504,1345.072208,nan,2.811504,nan,4,1152,1156640,8,1653184,16,4,528,256,64,272,68,132,4,0,0,4
632,-47.5,57.5,16,8,0,0.0,0.0,0,0.0,57.5,6,562500.0,45.43035550556736,44.56857191805813,8,16,6,4,16,0,10,-105.0,70.5,-47.5,5.0,2811504,1347.883712,nan,2.811504,nan,4,1152,1156640,8,1653184,16,4,528,256,64,272,68,132,4,0,0,4
633,-47.5,57.5,16,8,0,0.0,0.0,0,0.0,57.5,6,562500.0,32.342376508139864,18.35317063394185,8,16,6,4,16,0,10,-105.0,70.5,-47.5,5.0,2811504,1350.695216,nan,2.811504,nan,4,1152,1156640,8,1653184,16,4,528,256,64,272,68,132,4,0,0,4
634,-47.5,57.5,16,8,0,0.0,0.0,0,0.0,57.5,6,562500.0,43.80828592343835,23.082193984551296,8,16,6,4,16,0,10,-105.0,70.5,-47.5,5.0,2811504,1353.50672,nan,2.811504,nan,4,1152,1156640,8,1653184,16,4,528,256,64,272,68,132,4,0,0,4
635,-47.5,57.5,14,7,0,0.0,0.0,0,0.0,57.5,5,562500.0,34.713798080374744,21.54991122663678,7,14,5,3,14,0,8,-105.0,70.5,-47.5,5.0,2315420,1355.82214,nan,2.31542,nan,3,1008,867480,6,1446536,14,3,396,192,48,204,51,99,3,0,0,3
636,-47.5,57.5,14,7,0,0.0,0.0,0,0.0,57.5,5,562500.0,47.38930964032638,33.41098139622978,7,14,5,3,14,0,8,-105.0,70.5,-47.5,5.0,2315420,1358.13756,nan,2.31542,nan,3,1008,867480,6,1446536,14,3,396,192,48,204,51,99,3,0,0,3
637,-47.5,57.5,10,5,0,0.0,0.0,0,0.0,57.5,4,562500.0,42.33483566153291,26.91452569657786,5,10,4,3,10,0,7,-105.0,70.5,-47.5,5.0,1901836,1360.039396,nan,1.901836,nan,3,720,867480,6,1033240,10,3,396,192,48,204,51,99,3,0,0,3
638,-47.5,57.5,8,4,0,0.0,0.0,0,0.0,57.5,4,562500.0,47.43166949001232,27.926896678350662,4,8,4,4,8,0,8,-105.0,70.5,-47.5,5.0,1984336,1362.023732,nan,1.984336,nan,4,576,1156640,8,826592,8,4,528,256,64,272,68,132,4,0,0,4
639,-47.5,57.5,8,4,0,0.0,0.0,0,0.0,57.5,4,562500.0,32.036545453447026,26.713217216317485,4,8,4,4,8,0,8,-105.0,70.5,-47.5,5.0,1984336,1364.008068,nan,1.984336,nan,4,576,1156640,8,826592,8,4,528,256,64,272,68,132,4,0,0,4
640,-47.5,57.5,6,3,0,0.0,0.0,0,0.0,57.5,3,562500.0,58.69052219390869,57.91804885864258,3,6,3,2,6,0,5,-105.0,70.5,-47.5,5.0,1198960,1365.207028,nan,1.19896,nan,2,432,578320,4,619944,6,2,264,128,32,136,34,66,2,0,0,2
641,-47.5,57.5,4,2,0,0.0,0.0,0,0.0,57.5,2,562500.0,59.44850540161133,58.437469482421875,2,4,2,2,4,0,4,-105.0,70.5,-47.5,5.0,992168,1366.199196,nan,0.992168,nan,2,288,578320,4,413296,4,2,264,128,32,136,34,66,2,0,0,2
642,-47.5,57.5,6,3,0,0.0,0.0,0,0.0,57.5,3,562500.0,52.77583190548928,39.499857764310356,3,6,3,3,6,0,6,-105.0,70.5,-47.5,5.0,1488252,1367.687448,nan,1.488252,nan,3,432,867480,6,619944,6,3,396,192,48,204,51,99,3,0,0,3
643,-47.5,57.5,4,2,0,0.0,0.0,0,0.0,57.5,2,562500.0,38.05443571307791,30.89939821511273,2,4,2,2,4,0,4,-105.0,70.5,-47.5,5.0,992168,1368.679616,nan,0.992168,nan,2,288,578320,4,413296,4,2,264,128,32,136,34,66,2,0,0,2
644,-47.5,57.5,4,2,0,0.0,0.0,0,0.0,57.5,2,562500.0,46.45988415420812,38.215850500336074,2,4,2,2,4,0,4,-105.0,70.5,-47.5,5.0,992168,1369.671784,nan,0.992168,nan,2,288,578320,4,413296,4,2,264,128,32,136,34,66,2,0,0,2
645,-47.5,57.5,4,2,0,0.0,0.0,0,0.0,57.5,2,562500.0,62.65730176524775,59.359633308216495,2,4,2,2,4,0,4,-105.0,70.5,-47.5,5.0,992168,1370.663952,nan,0.992168,nan,2,288,578320,4,413296,4,2,264,128,32,136,34,66,2,0,0,2
646,-47.5,57.5,4,2,0,0.0,0.0,0,0.0,57.5,2,562500.0,66.27527890758174,60.77315030650751,2,4,2,2,4,0,4,-105.0,70.5,-47.5,5.0,992168,1371.65612,nan,0.992168,nan,2,288,578320,4,413296,4,2,264,128,32,136,34,66,2,0,0,2
647,-47.5,57.5,4,2,0,0.0,0.0,0,0.0,57.5,2,562500.0,60.1136740262951,57.97563062266961,2,4,2,2,4,0,4,-105.0,70.5,-47.5,5.0,992168,1372.648288,nan,0.992168,nan,2,288,578320,4,413296,4,2,264,128,32,136,34,66,2,0,0,2
648,-47.5,57.5,2,1,0,0.0,0.0,0,0.0,57.5,1,562500.0,57.7287712097168,57.7287712097168,1,2,1,1,2,0,2,-105.0,70.5,-47.5,5.0,496084,1373.144372,nan,0.496084,nan,1,144,289160,2,206648,2,1,132,64,16,68,17,33,1,0,0,1
649,-47.5,57.5,2,1,0,0.0,0.0,0,0.0,57.5,1,562500.0,59.59645462036133,59.59645462036133,1,2,1,1,2,0,2,-105.0,70.5,-47.5,5.0,496084,1373.640456,nan,0.496084,nan,1,144,289160,2,206648,2,1,132,64,16,68,17,33,1,0,0,1
650,-47.5,57.5,4,2,0,0.0,0.0,0,0.0,57.5,2,562500.0,49.21482565102649,38.35670416454906,2,4,2,2,4,0,4,-105.0,70.5,-47.5,5.0,992168,1374.632624,nan,0.992168,nan,2,288,578320,4,413296,4,2,264,128,32,136,34,66,2,0,0,2
651,-47.5,57.5,4,2,0,0.0,0.0,0,0.0,57.5,2,562500.0,50.97445574071902,39.50696082092663,2,4,2,2,4,0,4,-105.0,70.5,-47.5,5.0,992168,1375.624792,nan,0.992168,nan,2,288,578320,4,413296,4,2,264,128,32,136,34,66,2,0,0,2
652,-47.5,57.5,6,3,0,0.0,0.0,0,0.0,57.5,3,562500.0,55.04308253658345,39.50746067604559,3,6,3,3,6,0,6,-105.0,70.5,-47.5,5.0,1488252,1377.113044,nan,1.488252,nan,3,432,867480,6,619944,6,3,396,192,48,204,51,99,3,0,0,3
653,-47.5,57.5,6,3,0,0.0,0.0,0,0.0,57.5,3,562500.0,57.62626859931138,45.032183347552234,3,6,3,3,6,0,6,-105.0,70.5,-47.5,5.0,1488252,1378.601296,nan,1.488252,nan,3,432,867480,6,619944,6,3,396,192,48,204,51,99,3,0,0,3
654,-47.5,57.5,10,5,0,0.0,0.0,0,0.0,57.5,3,562500.0,56.92040785714982,42.89355742314291,5,10,3,3,10,0,6,-105.0,70.5,-47.5,5.0,1901836,1380.503132,nan,1.901836,nan,3,720,867480,6,1033240,10,3,396,192,48,204,51,99,3,0,0,3
655,-47.5,57.5,14,7,0,0.0,0.0,0,0.0,57.5,5,562500.0,55.440901381977795,43.22035418975972,7,14,5,2,14,0,7,-105.0,70.5,-47.5,5.0,2026128,1382.52926,nan,2.026128,nan,2,1008,578320,4,1446536,14,2,264,128,32,136,34,66,2,0,0,2
656,-47.5,57.5,14,7,0,0.0,0.0,0,0.0,57.5,4,562500.0,49.94518536533974,44.742477349620245,7,14,4,3,14,0,7,-105.0,70.5,-47.5,5.0,2315420,1384.84468,nan,2.31542,nan,3,1008,867480,6,1446536,14,3,396,192,48,204,51,99,3,0,0,3
657,-47.5,57.5,16,8,0,0.0,0.0,0,0.0,57.5,5,562500.0,54.706333181239174,41.606558881612,8,16,5,2,16,0,7,-105.0,70.5,-47.5,5.0,2232920,1387.0776,nan,2.23292,nan,2,1152,578320,4,1653184,16,2,264,128,32,136,34,66,2,0,0,2
658,-47.5,57.5,18,9,0,0.0,0.0,0,0.0,57.5,5,562500.0,55.50502457353008,41.681517682881534,9,18,5,3,18,0,8,-105.0,70.5,-47.5,5.0,2729004,1389.806604,nan,2.729004,nan,3,1296,867480,6,1859832,18,3,396,192,48,204,51,99,3,0,0,3
659,-47.5,57.5,14,7,0,0.0,0.0,0,0.0,57.5,4,562500.0,58.86125820277598,46.85814217564216,7,14,4,3,14,0,7,-105.0,70.5,-47.5,5.0,2315420,1392.122024,nan,2.31542,nan,3,1008,867480,6,1446536,14,3,396,192,48,204,51,99,3,0,0,3
660,-47.5,57.5,12,6,0,0.0,0.0,0,0.0,57.5,4,562500.0,57.26926419336395,46.858164869160824,6,12,4,2,12,0,6,-105.0,70.5,-47.5,5.0,1819336,1393.94136,nan,1.819336,nan,2,864,578320,4,1239888,12,2,264,128,32,136,34,66,2,0,0,2
661,-47.5,57.5,12,6,0,0.0,0.0,0,0.0,57.5,4,562500.0,57.293816554861934,46.858164869160824,6,12,4,2,12,0,6,-105.0,70.5,-47.5,5.0,1819336,1395.760696,nan,1.819336,nan,2,864,578320,4,1239888,12,2,264,128,32,136,34,66,2,0,0,2
662,-47.5,57.5,12,6,0,0.0,0.0,0,0.0,57.5,3,562500.0,59.36187778936653,47.266946770809014,6,12,3,3,12,0,6,-105.0,70.5,-47.5,5.0,2108628,1397.869324,nan,2.108628,nan,3,864,867480,6,1239888,12,3,396,192,48,204,51,99,3,0,0,3
663,-47.5,57.5,12,6,0,0.0,0.0,0,0.0,57.5,4,562500.0,65.23303311147518,60.21068572998047,6,12,4,4,12,0,8,-105.0,70.5,-47.5,5.0,2397920,1400.267244,nan,2.39792,nan,4,864,1156640,8,1239888,12,4,528,256,64,272,68,132,4,0,0,4
664,-47.5,57.5,14,7,0,0.0,0.0,0,0.0,57.5,6,562500.0,50.33540962933843,39.52459126756609,7,14,6,4,14,0,10,-105.0,70.5,-47.5,5.0,2604712,1402.871956,nan,2.604712,nan,4,1008,1156640,8,1446536,14,4,528,256,64,272,68,132,4,0,0,4
665,-47.5,57.5,14,7,0,0.0,0.0,0,0.0,57.5,6,562500.0,51.665769353766365,44.54026574036795,7,14,6,4,14,0,10,-105.0,70.5,-47.5,5.0,2604712,1405.476668,nan,2.604712,nan,4,1008,1156640,8,1446536,14,4,528,256,64,272,68,132,4,0,0,4
666,-47.5,57.5,10,5,0,0.0,0.0,0,0.0,57.5,5,562500.0,50.85596125024729,40.116593279345196,5,10,5,4,10,0,9,-105.0,70.5,-47.5,5.0,2191128,1407.667796,nan,2.191128,nan,4,720,1156640,8,1033240,10,4,528,256,64,272,68,132,4,0,0,4
667,-47.5,57.5,8,4,0,0.0,0.0,0,0.0,57.5,4,562500.0,58.51218666764628,46.858164869160824,4,8,4,3,8,0,7,-105.0,70.5,-47.5,5.0,1695044,1409.36284,nan,1.695044,nan,3,576,867480,6,826592,8,3,396,192,48,204,51,99,3,0,0,3
668,-47.5,57.5,6,3,0,0.0,0.0,0,0.0,57.5,3,562500.0,57.2943668087204,46.858164869160824,3,6,3,2,6,0,5,-105.0,70.5,-47.5,5.0,1198960,1410.5618,nan,1.19896,nan,2,432,578320,4,619944,6,2,264,128,32,136,34,66,2,0,0,2
669,-47.5,57.5,10,5,0,0.0,0.0,0,0.0,57.5,4,562500.0,53.89962002832489,40.06867130836981,5,10,4,2,10,0,6,-105.0,70.5,-47.5,5.0,1612544,1412.174344,nan,1.612544,nan,2,720,578320,4,1033240,10,2,264,128,32,136,34,66,2,0,0,2
670,-47.5,57.5,10,5,0,0.0,0.0,0,0.0,57.5,4,562500.0,55.289196035243066,42.847811975446845,5,10,4,2,10,0,6,-105.0,70.5,-47.5,5.0,1612544,1413.786888,nan,1.612544,nan,2,720,578320,4,1033240,10,2,264,128,32,136,34,66,2,0,0,2
671,-47.5,57.5,10,5,0,0.0,0.0,0,0.0,57.5,4,562500.0,55.194450350590515,42.65833195290106,5,10,4,2,10,0,6,-105.0,70.5,-47.5,5.0,1612544,1415.399432,nan,1.612544,nan,2,720,578320,4,1033240,10,2,264,128,32,136,34,66,2,0,0,2
672,-47.5,57.5,10,5,0,0.0,0.0,0,0.0,57.5,4,562500.0,54.22280695138076,40.715033807722236,5,10,4,2,10,0,6,-105.0,70.5,-47.5,5.0,1612544,1417.011976,nan,1.612544,nan,2,720,578320,4,1033240,10,2,264,128,32,136,34,66,2,0,0,2
673,-47.5,57.5,10,5,0,0.0,0.0,0,0.0,57.5,4,562500.0,53.16112903486362,38.591681756940986,5,10,4,2,10,0,6,-105.0,70.5,-47.5,5.0,1612544,1418.62452,nan,1.612544,nan,2,720,578320,4,1033240,10,2,264,128,32,136,34,66,2,0,0,2
674,-47.5,57.5,6,3,0,0.0,0.0,0,0.0,57.5,3,562500.0,57.2943668087204,46.858164869160824,3,6,3,2,6,0,5,-105.0,70.5,-47.5,5.0,1198960,1419.82348,nan,1.19896,nan,2,432,578320,4,619944,6,2,264,128,32,136,34,66,2,0,0,2
675,-47.5,57.5,6,3,0,0.0,0.0,0,0.0,57.5,3,562500.0,57.2943668087204,46.858164869160824,3,6,3,2,6,0,5,-105.0,70.5,-47.5,5.0,1198960,1421.02244,nan,1.19896,nan,2,432,578320,4,619944,6,2,264,128,32,136,34,66,2,0,0,2
676,-47.5,57.5,10,5,0,0.0,0.0,0,0.0,57.5,4,562500.0,55.90432672166127,45.34883089337566,5,10,4,2,10,0,6,-105.0,70.5,-47.5,5.0,1612544,1422.634984,nan,1.612544,nan,2,720,578320,4,1033240,10,2,264,128,32,136,34,66,2,0,0,2
677,-47.5,57.5,12,6,0,0.0,0.0,0,0.0,57.5,4,562500.0,54.49529453972181,43.91689552548448,6,12,4,2,12,0,6,-105.0,70.5,-47.5,5.0,1819336,1424.45432,nan,1.819336,nan,2,864,578320,4,1239888,12,2,264,128,32,136,34,66,2,0,0,2
678,-47.5,57.5,12,6,0,0.0,0.0,0,0.0,57.5,4,562500.0,42.83280569122103,42.28079575543218,6,12,4,2,12,0,6,-105.0,70.5,-47.5,5.0,1819336,1426.273656,nan,1.819336,nan,2,864,578320,4,1239888,12,2,264,128,32,136,34,66,2,0,0,2
679,-47.5,57.5,12,6,0,0.0,0.0,0,0.0,57.5,5,562500.0,56.35081710371142,41.71055031779065,6,12,5,3,12,0,8,-105.0,70.5,-47.5,5.0,2108628,1428.382284,nan,2.108628,nan,3,864,867480,6,1239888,12,3,396,192,48,204,51,99,3,0,0,3
680,-47.5,57.5,10,5,0,0.0,0.0,0,0.0,57.5,5,562500.0,58.41976543611717,39.86205937185431,5,10,5,3,10,0,8,-105.0,70.5,-47.5,5.0,1901836,1430.28412,nan,1.901836,nan,3,720,867480,6,1033240,10,3,396,192,48,204,51,99,3,0,0,3
681,-47.5,57.5,6,3,0,0.0,0.0,0,0.0,57.5,3,562500.0,61.538230895996094,61.41180419921875,3,6,3,2,6,0,5,-105.0,70.5,-47.5,5.0,1198960,1431.48308,nan,1.19896,nan,2,432,578320,4,619944,6,2,264,128,32,136,34,66,2,0,0,2
682,-47.5,57.5,6,3,0,0.0,0.0,0,0.0,57.5,3,562500.0,59.729430516560875,58.37961959838867,3,6,3,3,6,0,6,-105.0,70.5,-47.5,5.0,1488252,1432.971332,nan,1.488252,nan,3,432,867480,6,619944,6,3,396,192,48,204,51,99,3,0,0,3
683,-47.5,57.5,6,3,0,0.0,0.0,0,0.0,57.5,3,562500.0,45.065396720299155,28.234424770689692,3,6,3,3,6,0,6,-105.0,70.5,-47.5,5.0,1488252,1434.459584,nan,1.488252,nan,3,432,867480,6,619944,6,3,396,192,48,204,51,99,3,0,0,3
684,-47.5,57.5,0,0,0,0.0,0.0,0,0.0,57.5,,,,,0,,,0,0,,0,-105.0,70.5,-47.5,5.0,0,1434.459584,nan,0.0,nan,0,0,0,0,0,0,0,0,0,0,0,0,0,0,0,0,0
685,-47.5,57.5,4,2,0,0.0,0.0,0,0.0,57.5,2,562500.0,60.721153259277344,59.539466857910156,2,4,2,2,4,0,4,-105.0,70.5,-47.5,5.0,992168,1435.451752,nan,0.992168,nan,2,288,578320,4,413296,4,2,264,128,32,136,34,66,2,0,0,2
686,-47.5,57.5,8,4,0,0.0,0.0,0,0.0,57.5,4,562500.0,40.64701250588479,27.252605770460576,4,8,4,3,8,0,7,-105.0,70.5,-47.5,5.0,1695044,1437.146796,nan,1.695044,nan,3,576,867480,6,826592,8,3,396,192,48,204,51,99,3,0,0,3
687,-47.5,57.5,10,5,0,0.0,0.0,0,0.0,57.5,5,562500.0,50.38175348941345,42.135223557575785,5,10,5,3,10,0,8,-105.0,70.5,-47.5,5.0,1901836,1439.048632,nan,1.901836,nan,3,720,867480,6,1033240,10,3,396,192,48,204,51,99,3,0,0,3
688,-47.5,57.5,10,5,0,0.0,0.0,0,0.0,57.5,4,562500.0,50.88389981923982,40.9949885935154,5,10,4,3,10,0,7,-105.0,70.5,-47.5,5.0,1901836,1440.950468,nan,1.901836,nan,3,720,867480,6,1033240,10,3,396,192,48,204,51,99,3,0,0,3
689,-47.5,57.5,10,5,0,0.0,0.0,0,0.0,57.5,4,562500.0,51.90499099964594,44.879829195956205,5,10,4,3,10,0,7,-105.0,70.5,-47.5,5.0,1901836,1442.852304,nan,1.901836,nan,3,720,867480,6,1033240,10,3,396,192,48,204,51,99,3,0,0,3
690,-47.5,57.5,10,5,0,0.0,0.0,0,0.0,57.5,4,562500.0,32.02397249129964,19.570238270879475,5,10,4,3,10,0,7,-105.0,70.5,-47.5,5.0,1901836,1444.75414,nan,1.901836,nan,3,720,867480,6,1033240,10,3,396,192,48,204,51,99,3,0,0,3
691,-47.5,57.5,4,2,0,0.0,0.0,0,0.0,57.5,2,562500.0,63.53980255126953,63.53980255126953,2,4,2,1,4,0,3,-105.0,70.5,-47.5,5.0,702876,1445.457016,nan,0.702876,nan,1,288,289160,2,413296,4,1,132,64,16,68,17,33,1,0,0,1
692,-47.5,57.5,4,2,0,0.0,0.0,0,0.0,57.5,2,562500.0,60.21068572998047,60.21068572998047,2,4,2,1,4,0,3,-105.0,70.5,-47.5,5.0,702876,1446.159892,nan,0.702876,nan,1,288,289160,2,413296,4,1,132,64,16,68,17,33,1,0,0,1
693,-47.5,57.5,6,3,0,0.0,0.0,0,0.0,57.5,3,562500.0,59.92127799987793,59.63187026977539,3,6,3,2,6,0,5,-105.0,70.5,-47.5,5.0,1198960,1447.358852,nan,1.19896,nan,2,432,578320,4,619944,6,2,264,128,32,136,34,66,2,0,0,2
694,-47.5,57.5,6,3,0,0.0,0.0,0,0.0,57.5,3,562500.0,60.90077781677246,60.21068572998047,3,6,3,2,6,0,5,-105.0,70.5,-47.5,5.0,1198960,1448.557812,nan,1.19896,nan,2,432,578320,4,619944,6,2,264,128,32,136,34,66,2,0,0,2
695,-47.5,57.5,8,4,0,0.0,0.0,0,0.0,57.5,4,562500.0,48.08571564557784,37.509475336859886,4,8,4,3,8,0,7,-105.0,70.5,-47.5,5.0,1695044,1450.252856,nan,1.695044,nan,3,576,867480,6,826592,8,3,396,192,48,204,51,99,3,0,0,3
696,-47.5,57.5,8,4,0,0.0,0.0,0,0.0,57.5,4,562500.0,52.219649638377156,46.310148944023375,4,8,4,3,8,0,7,-105.0,70.5,-47.5,5.0,1695044,1451.9479,nan,1.695044,nan,3,576,867480,6,826592,8,3,396,192,48,204,51,99,3,0,0,3
697,-47.5,57.5,10,5,0,0.0,0.0,0,0.0,57.5,5,562500.0,42.33941594326229,35.75440343374439,5,10,5,4,10,0,9,-105.0,70.5,-47.5,5.0,2191128,1454.139028,nan,2.191128,nan,4,720,1156640,8,1033240,10,4,528,256,64,272,68,132,4,0,0,4
698,-47.5,57.5,12,6,0,0.0,0.0,0,0.0,57.5,6,562500.0,41.65253919665494,36.541907927888836,6,12,6,4,12,0,10,-105.0,70.5,-47.5,5.0,2397920,1456.536948,nan,2.39792,nan,4,864,1156640,8,1239888,12,4,528,256,64,272,68,132,4,0,0,4
699,-47.5,57.5,10,5,0,0.0,0.0,0,0.0,57.5,5,562500.0,43.26905802467803,36.90672807312343,5,10,5,4,10,0,9,-105.0,70.5,-47.5,5.0,2191128,1458.728076,nan,2.191128,nan,4,720,1156640,8,1033240,10,4,528,256,64,272,68,132,4,0,0,4
700,-47.5,57.5,10,5,0,0.0,0.0,0,0.0,57.5,5,562500.0,43.42733744423467,36.92279629077777,5,10,5,4,10,0,9,-105.0,70.5,-47.5,5.0,2191128,1460.919204,nan,2.191128,nan,4,720,1156640,8,1033240,10,4,528,256,64,272,68,132,4,0,0,4
701,-47.5,57.5,12,6,0,0.0,0.0,0,0.0,57.5,5,562500.0,51.273701566535834,35.29483644742812,6,12,5,4,12,0,9,-105.0,70.5,-47.5,5.0,2397920,1463.317124,nan,2.39792,nan,4,864,1156640,8,1239888,12,4,528,256,64,272,68,132,4,0,0,4
702,-47.5,57.5,10,5,0,0.0,0.0,0,0.0,57.5,5,562500.0,50.89358405528304,41.16082882409769,5,10,5,3,10,0,8,-105.0,70.5,-47.5,5.0,1901836,1465.21896,nan,1.901836,nan,3,720,867480,6,1033240,10,3,396,192,48,204,51,99,3,0,0,3
703,-47.5,57.5,12,6,0,0.0,0.0,0,0.0,57.5,6,562500.0,42.569813836853214,34.855789201855856,6,12,6,4,12,0,10,-105.0,70.5,-47.5,5.0,2397920,1467.61688,nan,2.39792,nan,4,864,1156640,8,1239888,12,4,528,256,64,272,68,132,4,0,0,4
704,-47.5,57.5,12,6,0,0.0,0.0,0,0.0,57.5,6,562500.0,43.34093426611471,37.732041309054864,6,12,6,4,12,0,10,-105.0,70.5,-47.5,5.0,2397920,1470.0148,nan,2.39792,nan,4,864,1156640,8,1239888,12,4,528,256,64,272,68,132,4,0,0,4
705,-47.5,57.5,12,6,0,0.0,0.0,0,0.0,57.5,6,562500.0,44.666408959404876,43.00489547481221,6,12,6,4,12,0,10,-105.0,70.5,-47.5,5.0,2397920,1472.41272,nan,2.39792,nan,4,864,1156640,8,1239888,12,4,528,256,64,272,68,132,4,0,0,4
706,-47.5,57.5,12,6,0,0.0,0.0,0,0.0,57.5,6,562500.0,45.60791353912929,44.11540956594811,6,12,6,4,12,0,10,-105.0,70.5,-47.5,5.0,2397920,1474.81064,nan,2.39792,nan,4,864,1156640,8,1239888,12,4,528,256,64,272,68,132,4,0,0,4
707,-47.5,57.5,12,6,0,0.0,0.0,0,0.0,57.5,6,562500.0,45.7846133631613,44.11671365547214,6,12,6,4,12,0,10,-105.0,70.5,-47.5,5.0,2397920,1477.20856,nan,2.39792,nan,4,864,1156640,8,1239888,12,4,528,256,64,272,68,132,4,0,0,4
708,-47.5,57.5,12,6,0,0.0,0.0,0,0.0,57.5,6,562500.0,45.796525228516074,44.11671365547214,6,12,6,4,12,0,10,-105.0,70.5,-47.5,5.0,2397920,1479.60648,nan,2.39792,nan,4,864,1156640,8,1239888,12,4,528,256,64,272,68,132,4,0,0,4
709,-47.5,57.5,12,6,0,0.0,0.0,0,0.0,57.5,6,562500.0,45.79947021036256,44.11671365547214,6,12,6,4,12,0,10,-105.0,70.5,-47.5,5.0,2397920,1482.0044,nan,2.39792,nan,4,864,1156640,8,1239888,12,4,528,256,64,272,68,132,4,0,0,4
710,-47.5,57.5,12,6,0,0.0,0.0,0,0.0,57.5,6,562500.0,45.7997955444947,44.11671365547214,6,12,6,4,12,0,10,-105.0,70.5,-47.5,5.0,2397920,1484.40232,nan,2.39792,nan,4,864,1156640,8,1239888,12,4,528,256,64,272,68,132,4,0,0,4
711,-47.5,57.5,12,6,0,0.0,0.0,0,0.0,57.5,6,562500.0,45.7997955444947,44.11671365547214,6,12,6,4,12,0,10,-105.0,70.5,-47.5,5.0,2397920,1486.80024,nan,2.39792,nan,4,864,1156640,8,1239888,12,4,528,256,64,272,68,132,4,0,0,4
712,-47.5,57.5,12,6,0,0.0,0.0,0,0.0,57.5,6,562500.0,45.79978988005717,44.11671365547214,6,12,6,4,12,0,10,-105.0,70.5,-47.5,5.0,2397920,1489.19816,nan,2.39792,nan,4,864,1156640,8,1239888,12,4,528,256,64,272,68,132,4,0,0,4
713,-47.5,57.5,12,6,0,0.0,0.0,0,0.0,57.5,6,562500.0,45.79978703245788,44.11669087467783,6,12,6,4,12,0,10,-105.0,70.5,-47.5,5.0,2397920,1491.59608,nan,2.39792,nan,4,864,1156640,8,1239888,12,4,528,256,64,272,68,132,4,0,0,4
714,-47.5,57.5,12,6,0,0.0,0.0,0,0.0,57.5,6,562500.0,45.7997955444947,44.11671365547214,6,12,6,4,12,0,10,-105.0,70.5,-47.5,5.0,2397920,1493.994,nan,2.39792,nan,4,864,1156640,8,1239888,12,4,528,256,64,272,68,132,4,0,0,4
715,-47.5,57.5,12,6,0,0.0,0.0,0,0.0,57.5,6,562500.0,45.79979175282253,44.11669087467783,6,12,6,4,12,0,10,-105.0,70.5,-47.5,5.0,2397920,1496.39192,nan,2.39792,nan,4,864,1156640,8,1239888,12,4,528,256,64,272,68,132,4,0,0,4
716,-47.5,57.5,12,6,0,0.0,0.0,0,0.0,57.5,6,562500.0,45.79978988005717,44.11671365547214,6,12,6,4,12,0,10,-105.0,70.5,-47.5,5.0,2397920,1498.78984,nan,2.39792,nan,4,864,1156640,8,1239888,12,4,528,256,64,272,68,132,4,0,0,4
717,-47.5,57.5,12,6,0,0.0,0.0,0,0.0,57.5,6,562500.0,45.79978703245788,44.11669087467783,6,12,6,4,12,0,10,-105.0,70.5,-47.5,5.0,2397920,1501.18776,nan,2.39792,nan,4,864,1156640,8,1239888,12,4,528,256,64,272,68,132,4,0,0,4
718,-47.5,57.5,12,6,0,0.0,0.0,0,0.0,57.5,6,562500.0,45.7997955444947,44.11671365547214,6,12,6,4,12,0,10,-105.0,70.5,-47.5,5.0,2397920,1503.58568,nan,2.39792,nan,4,864,1156640,8,1239888,12,4,528,256,64,272,68,132,4,0,0,4
719,-47.5,57.5,12,6,0,0.0,0.0,0,0.0,57.5,6,562500.0,45.79978988005717,44.11671365547214,6,12,6,4,12,0,10,-105.0,70.5,-47.5,5.0,2397920,1505.9836,nan,2.39792,nan,4,864,1156640,8,1239888,12,4,528,256,64,272,68,132,4,0,0,4
720,-47.5,57.5,12,6,0,0.0,0.0,0,0.0,57.5,6,562500.0,45.85681239401252,44.11671365547214,6,12,6,4,12,0,10,-105.0,70.5,-47.5,5.0,2397920,1508.38152,nan,2.39792,nan,4,864,1156640,8,1239888,12,4,528,256,64,272,68,132,4,0,0,4
721,-47.5,57.5,16,8,0,0.0,0.0,0,0.0,57.5,6,562500.0,42.261217192384365,38.48758602724566,8,16,6,4,16,0,10,-105.0,70.5,-47.5,5.0,2811504,1511.193024,nan,2.811504,nan,4,1152,1156640,8,1653184,16,4,528,256,64,272,68,132,4,0,0,4
722,-47.5,57.5,16,8,0,0.0,0.0,0,0.0,57.5,6,562500.0,43.75962195260073,41.783283924510584,8,16,6,4,16,0,10,-105.0,70.5,-47.5,5.0,2811504,1514.004528,nan,2.811504,nan,4,1152,1156640,8,1653184,16,4,528,256,64,272,68,132,4,0,0,4
723,-47.5,57.5,16,8,0,0.0,0.0,0,0.0,57.5,6,562500.0,45.71640551240904,41.433601269107825,8,16,6,4,16,0,10,-105.0,70.5,-47.5,5.0,2811504,1516.816032,nan,2.811504,nan,4,1152,1156640,8,1653184,16,4,528,256,64,272,68,132,4,0,0,4
724,-47.5,57.5,16,8,0,0.0,0.0,0,0.0,57.5,6,562500.0,45.41826219839591,41.137689562970024,8,16,6,4,16,0,10,-105.0,70.5,-47.5,5.0,2811504,1519.627536,nan,2.811504,nan,4,1152,1156640,8,1653184,16,4,528,256,64,272,68,132,4,0,0,4
725,-47.5,57.5,16,8,0,0.0,0.0,0,0.0,57.5,6,562500.0,45.54267235471527,38.88036942294587,8,16,6,4,16,0,10,-105.0,70.5,-47.5,5.0,2811504,1522.43904,nan,2.811504,nan,4,1152,1156640,8,1653184,16,4,528,256,64,272,68,132,4,0,0,4
726,-47.5,57.5,14,7,0,0.0,0.0,0,0.0,57.5,6,562500.0,44.726911570259844,32.497740786879376,7,14,6,4,14,0,10,-105.0,70.5,-47.5,5.0,2604712,1525.043752,nan,2.604712,nan,4,1008,1156640,8,1446536,14,4,528,256,64,272,68,132,4,0,0,4
727,-47.5,57.5,8,4,0,0.0,0.0,0,0.0,57.5,4,562500.0,55.042203775831204,39.675900406006136,4,8,4,3,8,0,7,-105.0,70.5,-47.5,5.0,1695044,1526.738796,nan,1.695044,nan,3,576,867480,6,826592,8,3,396,192,48,204,51,99,3,0,0,3
728,-47.5,57.5,4,2,0,0.0,0.0,0,0.0,57.5,2,562500.0,52.28916058837417,40.28701863330235,2,4,2,2,4,0,4,-105.0,70.5,-47.5,5.0,992168,1527.730964,nan,0.992168,nan,2,288,578320,4,413296,4,2,264,128,32,136,34,66,2,0,0,2
729,-47.5,57.5,2,1,0,0.0,0.0,0,0.0,57.5,1,562500.0,62.695953369140625,62.695953369140625,1,2,1,1,2,0,2,-105.0,70.5,-47.5,5.0,496084,1528.227048,nan,0.496084,nan,1,144,289160,2,206648,2,1,132,64,16,68,17,33,1,0,0,1
730,-47.5,57.5,4,2,0,0.0,0.0,0,0.0,57.5,2,562500.0,30.17478385561489,20.067771787548615,2,4,2,2,4,0,4,-105.0,70.5,-47.5,5.0,992168,1529.219216,nan,0.992168,nan,2,288,578320,4,413296,4,2,264,128,32,136,34,66,2,0,0,2
731,-47.5,57.5,2,1,0,0.0,0.0,0,0.0,57.5,1,562500.0,70.42131423950195,70.42131423950195,1,2,1,1,2,0,2,-105.0,70.5,-47.5,5.0,496084,1529.7153,nan,0.496084,nan,1,144,289160,2,206648,2,1,132,64,16,68,17,33,1,0,0,1
732,-47.5,57.5,4,2,0,0.0,0.0,0,0.0,57.5,2,562500.0,60.7313175201416,58.43695068359375,2,4,2,2,4,0,4,-105.0,70.5,-47.5,5.0,992168,1530.707468,nan,0.992168,nan,2,288,578320,4,413296,4,2,264,128,32,136,34,66,2,0,0,2
733,-47.5,57.5,2,1,0,0.0,0.0,0,0.0,57.5,1,562500.0,57.723947525024414,57.72393798828125,1,2,1,1,2,0,2,-105.0,70.5,-47.5,5.0,496084,1531.203552,nan,0.496084,nan,1,144,289160,2,206648,2,1,132,64,16,68,17,33,1,0,0,1
734,-47.5,57.5,0,0,0,0.0,0.0,0,0.0,57.5,,,,,0,,,0,0,,0,-105.0,70.5,-47.5,5.0,0,1531.203552,nan,0.0,nan,0,0,0,0,0,0,0,0,0,0,0,0,0,0,0,0,0
735,-47.5,57.5,0,0,0,0.0,0.0,0,0.0,57.5,,,,,0,,,0,0,,0,-105.0,70.5,-47.5,5.0,0,1531.203552,nan,0.0,nan,0,0,0,0,0,0,0,0,0,0,0,0,0,0,0,0,0
736,-47.5,57.5,2,1,0,0.0,0.0,0,0.0,57.5,1,562500.0,58.33955764770508,58.33955383300781,1,2,1,1,2,0,2,-105.0,70.5,-47.5,5.0,496084,1531.699636,nan,0.496084,nan,1,144,289160,2,206648,2,1,132,64,16,68,17,33,1,0,0,1
737,-47.5,57.5,6,3,0,0.0,0.0,0,0.0,57.5,3,562500.0,46.060936825245896,37.171351791420044,3,6,3,3,6,0,6,-105.0,70.5,-47.5,5.0,1488252,1533.187888,nan,1.488252,nan,3,432,867480,6,619944,6,3,396,192,48,204,51,99,3,0,0,3
738,-47.5,57.5,10,5,0,0.0,0.0,0,0.0,57.5,4,562500.0,50.49072617236377,35.83182320382393,5,10,4,4,10,0,8,-105.0,70.5,-47.5,5.0,2191128,1535.379016,nan,2.191128,nan,4,720,1156640,8,1033240,10,4,528,256,64,272,68,132,4,0,0,4
739,-47.5,57.5,12,6,0,0.0,0.0,0,0.0,57.5,4,562500.0,55.89602020352972,44.91112671454702,6,12,4,4,12,0,8,-105.0,70.5,-47.5,5.0,2397920,1537.776936,nan,2.39792,nan,4,864,1156640,8,1239888,12,4,528,256,64,272,68,132,4,0,0,4
740,-47.5,57.5,14,7,0,0.0,0.0,0,0.0,57.5,3,562500.0,50.65919013667959,43.83878233926238,7,14,3,3,14,0,6,-105.0,70.5,-47.5,5.0,2315420,1540.092356,nan,2.31542,nan,3,1008,867480,6,1446536,14,3,396,192,48,204,51,99,3,0,0,3
741,-47.5,57.5,14,7,0,0.0,0.0,0,0.0,57.5,3,562500.0,53.20244031852365,39.28108413989617,7,14,3,3,14,0,6,-105.0,70.5,-47.5,5.0,2315420,1542.407776,nan,2.31542,nan,3,1008,867480,6,1446536,14,3,396,192,48,204,51,99,3,0,0,3
742,-47.5,57.5,12,6,0,0.0,0.0,0,0.0,57.5,3,562500.0,65.238525390625,65.238525390625,6,12,3,1,12,0,4,-105.0,70.5,-47.5,5.0,1530044,1543.93782,nan,1.530044,nan,1,864,289160,2,1239888,12,1,132,64,16,68,17,33,1,0,0,1
743,-47.5,57.5,12,6,0,0.0,0.0,0,0.0,57.5,3,562500.0,63.06910705566406,59.148929595947266,6,12,3,2,12,0,5,-105.0,70.5,-47.5,5.0,1819336,1545.757156,nan,1.819336,nan,2,864,578320,4,1239888,12,2,264,128,32,136,34,66,2,0,0,2
744,-47.5,57.5,12,6,0,0.0,0.0,0,0.0,57.5,3,562500.0,65.2397689819336,65.2397689819336,6,12,3,1,12,0,4,-105.0,70.5,-47.5,5.0,1530044,1547.2872,nan,1.530044,nan,1,864,289160,2,1239888,12,1,132,64,16,68,17,33,1,0,0,1
745,-47.5,57.5,14,7,0,0.0,0.0,0,0.0,57.5,4,562500.0,62.56394004821777,59.01789855957031,7,14,4,2,14,0,6,-105.0,70.5,-47.5,5.0,2026128,1549.313328,nan,2.026128,nan,2,1008,578320,4,1446536,14,2,264,128,32,136,34,66,2,0,0,2
746,-47.5,57.5,14,7,0,0.0,0.0,0,0.0,57.5,5,562500.0,65.32429885864258,62.76242446899414,7,14,5,2,14,0,7,-105.0,70.5,-47.5,5.0,2026128,1551.339456,nan,2.026128,nan,2,1008,578320,4,1446536,14,2,264,128,32,136,34,66,2,0,0,2
747,-47.5,57.5,14,7,0,0.0,0.0,0,0.0,57.5,5,562500.0,69.83312034606934,67.60428237915039,7,14,5,2,14,0,7,-105.0,70.5,-47.5,5.0,2026128,1553.365584,nan,2.026128,nan,2,1008,578320,4,1446536,14,2,264,128,32,136,34,66,2,0,0,2
748,-47.5,57.5,16,8,0,0.0,0.0,0,0.0,57.5,4,562500.0,64.83461380004883,60.19437026977539,8,16,4,3,16,0,7,-105.0,70.5,-47.5,5.0,2522212,1555.887796,nan,2.522212,nan,3,1152,867480,6,1653184,16,3,396,192,48,204,51,99,3,0,0,3
749,-47.5,57.5,14,7,0,0.0,0.0,0,0.0,57.5,4,562500.0,66.50762685139973,60.20863723754883,7,14,4,3,14,0,7,-105.0,70.5,-47.5,5.0,2315420,1558.203216,nan,2.31542,nan,3,1008,867480,6,1446536,14,3,396,192,48,204,51,99,3,0,0,3
750,-47.5,57.5,16,8,0,0.0,0.0,0,0.0,57.5,4,562500.0,61.94289525349935,60.21017074584961,8,16,4,3,16,0,7,-105.0,70.5,-47.5,5.0,2522212,1560.725428,nan,2.522212,nan,3,1152,867480,6,1653184,16,3,396,192,48,204,51,99,3,0,0,3
751,-47.5,57.5,16,8,0,0.0,0.0,0,0.0,57.5,4,562500.0,62.89259020487467,59.61594009399414,8,16,4,3,16,0,7,-105.0,70.5,-47.5,5.0,2522212,1563.24764,nan,2.522212,nan,3,1152,867480,6,1653184,16,3,396,192,48,204,51,99,3,0,0,3
752,-47.5,57.5,12,6,0,0.0,0.0,0,0.0,57.5,3,562500.0,63.39799245198568,60.21068572998047,6,12,3,3,12,0,6,-105.0,70.5,-47.5,5.0,2108628,1565.356268,nan,2.108628,nan,3,864,867480,6,1239888,12,3,396,192,48,204,51,99,3,0,0,3
753,-47.5,57.5,12,6,0,0.0,0.0,0,0.0,57.5,4,562500.0,67.23175239562988,67.06029891967773,6,12,4,2,12,0,6,-105.0,70.5,-47.5,5.0,1819336,1567.175604,nan,1.819336,nan,2,864,578320,4,1239888,12,2,264,128,32,136,34,66,2,0,0,2
754,-47.5,57.5,14,7,0,0.0,0.0,0,0.0,57.5,4,562500.0,50.37338074532227,22.831190706881408,7,14,4,4,14,0,8,-105.0,70.5,-47.5,5.0,2604712,1569.780316,nan,2.604712,nan,4,1008,1156640,8,1446536,14,4,528,256,64,272,68,132,4,0,0,4
755,-47.5,57.5,14,7,0,0.0,0.0,0,0.0,57.5,5,562500.0,52.86212675316253,40.211550159606766,7,14,5,3,14,0,8,-105.0,70.5,-47.5,5.0,2315420,1572.095736,nan,2.31542,nan,3,1008,867480,6,1446536,14,3,396,192,48,204,51,99,3,0,0,3
756,-47.5,57.5,14,7,0,0.0,0.0,0,0.0,57.5,4,562500.0,50.48203706762085,23.220455430985382,7,14,4,4,14,0,8,-105.0,70.5,-47.5,5.0,2604712,1574.700448,nan,2.604712,nan,4,1008,1156640,8,1446536,14,4,528,256,64,272,68,132,4,0,0,4
757,-47.5,57.5,14,7,0,0.0,0.0,0,0.0,57.5,4,562500.0,50.48289347441158,23.22388105814829,7,14,4,4,14,0,8,-105.0,70.5,-47.5,5.0,2604712,1577.30516,nan,2.604712,nan,4,1008,1156640,8,1446536,14,4,528,256,64,272,68,132,4,0,0,4
758,-47.5,57.5,18,9,0,0.0,0.0,0,0.0,57.5,5,562500.0,50.483138570810866,23.224865257679067,9,18,5,4,18,0,9,-105.0,70.5,-47.5,5.0,3018296,1580.323456,nan,3.018296,nan,4,1296,1156640,8,1859832,18,4,528,256,64,272,68,132,4,0,0,4
759,-47.5,57.5,18,9,0,0.0,0.0,0,0.0,57.5,5,562500.0,50.85954682810444,29.56610266033656,9,18,5,4,18,0,9,-105.0,70.5,-47.5,5.0,3018296,1583.341752,nan,3.018296,nan,4,1296,1156640,8,1859832,18,4,528,256,64,272,68,132,4,0,0,4
760,-47.5,57.5,18,9,0,0.0,0.0,0,0.0,57.5,6,562500.0,53.03596520585813,42.86399451262858,9,18,6,3,18,0,9,-105.0,70.5,-47.5,5.0,2729004,1586.070756,nan,2.729004,nan,3,1296,867480,6,1859832,18,3,396,192,48,204,51,99,3,0,0,3
761,-47.5,57.5,18,9,0,0.0,0.0,0,0.0,57.5,5,562500.0,50.483138570810866,23.224865257679067,9,18,5,4,18,0,9,-105.0,70.5,-47.5,5.0,3018296,1589.089052,nan,3.018296,nan,4,1296,1156640,8,1859832,18,4,528,256,64,272,68,132,4,0,0,4
762,-47.5,57.5,14,7,0,0.0,0.0,0,0.0,57.5,4,562500.0,50.483139502784134,23.224865257679067,7,14,4,4,14,0,8,-105.0,70.5,-47.5,5.0,2604712,1591.693764,nan,2.604712,nan,4,1008,1156640,8,1446536,14,4,528,256,64,272,68,132,4,0,0,4
763,-47.5,57.5,14,7,0,0.0,0.0,0,0.0,57.5,4,562500.0,50.483138570810866,23.224865257679067,7,14,4,4,14,0,8,-105.0,70.5,-47.5,5.0,2604712,1594.298476,nan,2.604712,nan,4,1008,1156640,8,1446536,14,4,528,256,64,272,68,132,4,0,0,4
764,-47.5,57.5,14,7,0,0.0,0.0,0,0.0,57.5,4,562500.0,50.483138570810866,23.224865257679067,7,14,4,4,14,0,8,-105.0,70.5,-47.5,5.0,2604712,1596.903188,nan,2.604712,nan,4,1008,1156640,8,1446536,14,4,528,256,64,272,68,132,4,0,0,4
765,-47.5,57.5,14,7,0,0.0,0.0,0,0.0,57.5,4,562500.0,50.483138570810866,23.224865257679067,7,14,4,4,14,0,8,-105.0,70.5,-47.5,5.0,2604712,1599.5079,nan,2.604712,nan,4,1008,1156640,8,1446536,14,4,528,256,64,272,68,132,4,0,0,4
766,-47.5,57.5,16,8,0,0.0,0.0,0,0.0,57.5,5,562500.0,52.200212657142146,41.72393882863822,8,16,5,3,16,0,8,-105.0,70.5,-47.5,5.0,2522212,1602.030112,nan,2.522212,nan,3,1152,867480,6,1653184,16,3,396,192,48,204,51,99,3,0,0,3
767,-47.5,57.5,16,8,0,0.0,0.0,0,0.0,57.5,5,562500.0,46.78706656127557,27.47519476034849,8,16,5,3,16,0,8,-105.0,70.5,-47.5,5.0,2522212,1604.552324,nan,2.522212,nan,3,1152,867480,6,1653184,16,3,396,192,48,204,51,99,3,0,0,3
768,-47.5,57.5,16,8,0,0.0,0.0,0,0.0,57.5,4,562500.0,56.10112839245505,46.60155373987777,8,16,4,4,16,0,8,-105.0,70.5,-47.5,5.0,2811504,1607.363828,nan,2.811504,nan,4,1152,1156640,8,1653184,16,4,528,256,64,272,68,132,4,0,0,4
769,-47.5,57.5,16,8,0,0.0,0.0,0,0.0,57.5,5,562500.0,47.1148068964975,30.974346781654507,8,16,5,3,16,0,8,-105.0,70.5,-47.5,5.0,2522212,1609.88604,nan,2.522212,nan,3,1152,867480,6,1653184,16,3,396,192,48,204,51,99,3,0,0,3
770,-47.5,57.5,14,7,0,0.0,0.0,0,0.0,57.5,3,562500.0,62.63646697998047,61.084693908691406,7,14,3,3,14,0,6,-105.0,70.5,-47.5,5.0,2315420,1612.20146,nan,2.31542,nan,3,1008,867480,6,1446536,14,3,396,192,48,204,51,99,3,0,0,3
771,-47.5,57.5,12,6,0,0.0,0.0,0,0.0,57.5,5,562500.0,36.976806010701345,20.789613501108303,6,12,5,3,12,0,8,-105.0,70.5,-47.5,5.0,2108628,1614.310088,nan,2.108628,nan,3,864,867480,6,1239888,12,3,396,192,48,204,51,99,3,0,0,3
772,-47.5,57.5,10,5,0,0.0,0.0,0,0.0,57.5,4,562500.0,46.8714164418351,30.03625295498198,5,10,4,3,10,0,7,-105.0,70.5,-47.5,5.0,1901836,1616.211924,nan,1.901836,nan,3,720,867480,6,1033240,10,3,396,192,48,204,51,99,3,0,0,3
773,-47.5,57.5,8,4,0,0.0,0.0,0,0.0,57.5,4,562500.0,38.650008365599234,24.191285981585843,4,8,4,3,8,0,7,-105.0,70.5,-47.5,5.0,1695044,1617.906968,nan,1.695044,nan,3,576,867480,6,826592,8,3,396,192,48,204,51,99,3,0,0,3
774,-47.5,57.5,6,3,0,0.0,0.0,0,0.0,57.5,3,562500.0,27.76078201510255,23.287760070790767,3,6,3,2,6,0,5,-105.0,70.5,-47.5,5.0,1198960,1619.105928,nan,1.19896,nan,2,432,578320,4,619944,6,2,264,128,32,136,34,66,2,0,0,2
775,-47.5,57.5,8,4,0,0.0,0.0,0,0.0,57.5,4,562500.0,28.1121481302821,20.732034776374626,4,8,4,2,8,0,6,-105.0,70.5,-47.5,5.0,1405752,1620.51168,nan,1.405752,nan,2,576,578320,4,826592,8,2,264,128,32,136,34,66,2,0,0,2
776,-47.5,57.5,8,4,0,0.0,0.0,0,0.0,57.5,3,562500.0,53.55668928697148,37.03524801400169,4,8,3,3,8,0,6,-105.0,70.5,-47.5,5.0,1695044,1622.206724,nan,1.695044,nan,3,576,867480,6,826592,8,3,396,192,48,204,51,99,3,0,0,3
777,-47.5,57.5,12,6,0,0.0,0.0,0,0.0,57.5,4,562500.0,28.232439496882073,22.719968732961714,6,12,4,2,12,0,6,-105.0,70.5,-47.5,5.0,1819336,1624.02606,nan,1.819336,nan,2,864,578320,4,1239888,12,2,264,128,32,136,34,66,2,0,0,2
778,-47.5,57.5,10,5,0,0.0,0.0,0,0.0,57.5,3,562500.0,39.616794527010384,21.020806511607386,5,10,3,3,10,0,6,-105.0,70.5,-47.5,5.0,1901836,1625.927896,nan,1.901836,nan,3,720,867480,6,1033240,10,3,396,192,48,204,51,99,3,0,0,3
779,-47.5,57.5,8,4,0,0.0,0.0,0,0.0,57.5,3,562500.0,63.58363151550293,57.50904083251953,4,8,3,2,8,0,5,-105.0,70.5,-47.5,5.0,1405752,1627.333648,nan,1.405752,nan,2,576,578320,4,826592,8,2,264,128,32,136,34,66,2,0,0,2
780,-47.5,57.5,8,4,0,0.0,0.0,0,0.0,57.5,3,562500.0,38.12344032869244,27.972729505352522,4,8,3,2,8,0,5,-105.0,70.5,-47.5,5.0,1405752,1628.7394,nan,1.405752,nan,2,576,578320,4,826592,8,2,264,128,32,136,34,66,2,0,0,2
781,-47.5,57.5,8,4,0,0.0,0.0,0,0.0,57.5,3,562500.0,28.846975642927887,21.213494246727898,4,8,3,2,8,0,5,-105.0,70.5,-47.5,5.0,1405752,1630.145152,nan,1.405752,nan,2,576,578320,4,826592,8,2,264,128,32,136,34,66,2,0,0,2
782,-47.5,57.5,6,3,0,0.0,0.0,0,0.0,57.5,2,562500.0,67.50382995605469,67.50382995605469,3,6,2,1,6,0,3,-105.0,70.5,-47.5,5.0,909668,1631.05482,nan,0.909668,nan,1,432,289160,2,619944,6,1,132,64,16,68,17,33,1,0,0,1
783,-47.5,57.5,4,2,0,0.0,0.0,0,0.0,57.5,2,562500.0,67.50382995605469,67.50382995605469,2,4,2,1,4,0,3,-105.0,70.5,-47.5,5.0,702876,1631.757696,nan,0.702876,nan,1,288,289160,2,413296,4,1,132,64,16,68,17,33,1,0,0,1
784,-47.5,57.5,2,1,0,0.0,0.0,0,0.0,57.5,1,562500.0,67.50382995605469,67.50382995605469,1,2,1,1,2,0,2,-105.0,70.5,-47.5,5.0,496084,1632.25378,nan,0.496084,nan,1,144,289160,2,206648,2,1,132,64,16,68,17,33,1,0,0,1
785,-47.5,57.5,6,3,0,0.0,0.0,0,0.0,57.5,3,562500.0,44.37708647530392,27.541236752866475,3,6,3,3,6,0,6,-105.0,70.5,-47.5,5.0,1488252,1633.742032,nan,1.488252,nan,3,432,867480,6,619944,6,3,396,192,48,204,51,99,3,0,0,3
786,-47.5,57.5,6,3,0,0.0,0.0,0,0.0,57.5,3,562500.0,49.01181919298593,39.55716574977137,3,6,3,3,6,0,6,-105.0,70.5,-47.5,5.0,1488252,1635.230284,nan,1.488252,nan,3,432,867480,6,619944,6,3,396,192,48,204,51,99,3,0,0,3
787,-47.5,57.5,6,3,0,0.0,0.0,0,0.0,57.5,3,562500.0,49.02424379525602,41.44940358192759,3,6,3,3,6,0,6,-105.0,70.5,-47.5,5.0,1488252,1636.718536,nan,1.488252,nan,3,432,867480,6,619944,6,3,396,192,48,204,51,99,3,0,0,3
788,-47.5,57.5,8,4,0,0.0,0.0,0,0.0,57.5,4,562500.0,50.14006602283295,44.124022915754125,4,8,4,3,8,0,7,-105.0,70.5,-47.5,5.0,1695044,1638.41358,nan,1.695044,nan,3,576,867480,6,826592,8,3,396,192,48,204,51,99,3,0,0,3
789,-47.5,57.5,8,4,0,0.0,0.0,0,0.0,57.5,4,562500.0,52.77563549449453,44.124022915754125,4,8,4,3,8,0,7,-105.0,70.5,-47.5,5.0,1695044,1640.108624,nan,1.695044,nan,3,576,867480,6,826592,8,3,396,192,48,204,51,99,3,0,0,3
790,-47.5,57.5,8,4,0,0.0,0.0,0,0.0,57.5,4,562500.0,50.721568328558114,42.695558638763245,4,8,4,3,8,0,7,-105.0,70.5,-47.5,5.0,1695044,1641.803668,nan,1.695044,nan,3,576,867480,6,826592,8,3,396,192,48,204,51,99,3,0,0,3
791,-47.5,57.5,16,8,0,0.0,0.0,0,0.0,57.5,7,562500.0,33.29138461522758,19.64439838525766,8,16,7,3,16,0,10,-105.0,70.5,-47.5,5.0,2522212,1644.32588,nan,2.522212,nan,3,1152,867480,6,1653184,16,3,396,192,48,204,51,99,3,0,0,3
792,-47.5,57.5,18,9,0,0.0,0.0,0,0.0,57.5,6,562500.0,24.492346542996504,19.611601586081175,9,18,6,3,18,0,9,-105.0,70.5,-47.5,5.0,2729004,1647.054884,nan,2.729004,nan,3,1296,867480,6,1859832,18,3,396,192,48,204,51,99,3,0,0,3
793,-47.5,57.5,18,9,0,0.0,0.0,0,0.0,57.5,6,562500.0,25.45742768136108,20.049388004493096,9,18,6,3,18,0,9,-105.0,70.5,-47.5,5.0,2729004,1649.783888,nan,2.729004,nan,3,1296,867480,6,1859832,18,3,396,192,48,204,51,99,3,0,0,3
794,-47.5,57.5,18,9,0,0.0,0.0,0,0.0,57.5,6,562500.0,22.874023195350286,19.40549843209262,9,18,6,3,18,0,9,-105.0,70.5,-47.5,5.0,2729004,1652.512892,nan,2.729004,nan,3,1296,867480,6,1859832,18,3,396,192,48,204,51,99,3,0,0,3
795,-47.5,57.5,12,6,0,0.0,0.0,0,0.0,57.5,5,562500.0,19.76125755940094,19.688885386283573,6,12,5,2,12,0,7,-105.0,70.5,-47.5,5.0,1819336,1654.332228,nan,1.819336,nan,2,864,578320,4,1239888,12,2,264,128,32,136,34,66,2,0,0,2
796,-47.5,57.5,10,5,0,0.0,0.0,0,0.0,57.5,4,562500.0,19.76125755940094,19.688885386283573,5,10,4,2,10,0,6,-105.0,70.5,-47.5,5.0,1612544,1655.944772,nan,1.612544,nan,2,720,578320,4,1033240,10,2,264,128,32,136,34,66,2,0,0,2
797,-47.5,57.5,10,5,0,0.0,0.0,0,0.0,57.5,5,562500.0,32.815295160043334,19.688885386283573,5,10,5,3,10,0,8,-105.0,70.5,-47.5,5.0,1901836,1657.846608,nan,1.901836,nan,3,720,867480,6,1033240,10,3,396,192,48,204,51,99,3,0,0,3
798,-47.5,57.5,8,4,0,0.0,0.0,0,0.0,57.5,4,562500.0,34.10024668795675,19.688885386283573,4,8,4,3,8,0,7,-105.0,70.5,-47.5,5.0,1695044,1659.541652,nan,1.695044,nan,3,576,867480,6,826592,8,3,396,192,48,204,51,99,3,0,0,3
799,-47.5,57.5,10,5,0,0.0,0.0,0,0.0,57.5,4,562500.0,29.698844832807033,19.688885386283573,5,10,4,4,10,0,8,-105.0,70.5,-47.5,5.0,2191128,1661.73278,nan,2.191128,nan,4,720,1156640,8,1033240,10,4,528,256,64,272,68,132,4,0,0,4
800,-47.5,57.5,10,5,0,0.0,0.0,0,0.0,57.5,4,562500.0,31.13640079549496,19.688885386283573,5,10,4,4,10,0,8,-105.0,70.5,-47.5,5.0,2191128,1663.923908,nan,2.191128,nan,4,720,1156640,8,1033240,10,4,528,256,64,272,68,132,4,0,0,4
801,-47.5,57.5,12,6,0,0.0,0.0,0,0.0,57.5,5,562500.0,31.849488542713054,19.688885386283573,6,12,5,4,12,0,9,-105.0,70.5,-47.5,5.0,2397920,1666.321828,nan,2.39792,nan,4,864,1156640,8,1239888,12,4,528,256,64,272,68,132,4,0,0,4
802,-47.5,57.5,12,6,0,0.0,0.0,0,0.0,57.5,5,562500.0,31.93142686906785,19.688885386283573,6,12,5,4,12,0,9,-105.0,70.5,-47.5,5.0,2397920,1668.719748,nan,2.39792,nan,4,864,1156640,8,1239888,12,4,528,256,64,272,68,132,4,0,0,4
803,-47.5,57.5,12,6,0,0.0,0.0,0,0.0,57.5,5,562500.0,31.938335470019634,19.688885386283573,6,12,5,4,12,0,9,-105.0,70.5,-47.5,5.0,2397920,1671.117668,nan,2.39792,nan,4,864,1156640,8,1239888,12,4,528,256,64,272,68,132,4,0,0,4
804,-47.5,57.5,12,6,0,0.0,0.0,0,0.0,57.5,5,562500.0,31.948144228361745,19.688885386283573,6,12,5,4,12,0,9,-105.0,70.5,-47.5,5.0,2397920,1673.515588,nan,2.39792,nan,4,864,1156640,8,1239888,12,4,528,256,64,272,68,132,4,0,0,4
805,-47.5,57.5,12,6,0,0.0,0.0,0,0.0,57.5,5,562500.0,31.938987037940123,19.688885386283573,6,12,5,4,12,0,9,-105.0,70.5,-47.5,5.0,2397920,1675.913508,nan,2.39792,nan,4,864,1156640,8,1239888,12,4,528,256,64,272,68,132,4,0,0,4
806,-47.5,57.5,12,6,0,0.0,0.0,0,0.0,57.5,5,562500.0,31.938987037940123,19.688885386283573,6,12,5,4,12,0,9,-105.0,70.5,-47.5,5.0,2397920,1678.311428,nan,2.39792,nan,4,864,1156640,8,1239888,12,4,528,256,64,272,68,132,4,0,0,4
807,-47.5,57.5,12,6,0,0.0,0.0,0,0.0,57.5,5,562500.0,31.938986561110852,19.688885386283573,6,12,5,4,12,0,9,-105.0,70.5,-47.5,5.0,2397920,1680.709348,nan,2.39792,nan,4,864,1156640,8,1239888,12,4,528,256,64,272,68,132,4,0,0,4
808,-47.5,57.5,12,6,0,0.0,0.0,0,0.0,57.5,5,562500.0,31.938987037940123,19.688885386283573,6,12,5,4,12,0,9,-105.0,70.5,-47.5,5.0,2397920,1683.107268,nan,2.39792,nan,4,864,1156640,8,1239888,12,4,528,256,64,272,68,132,4,0,0,4
809,-47.5,57.5,12,6,0,0.0,0.0,0,0.0,57.5,5,562500.0,31.938986561110852,19.688885386283573,6,12,5,4,12,0,9,-105.0,70.5,-47.5,5.0,2397920,1685.505188,nan,2.39792,nan,4,864,1156640,8,1239888,12,4,528,256,64,272,68,132,4,0,0,4
810,-47.5,57.5,12,6,0,0.0,0.0,0,0.0,57.5,5,562500.0,31.938986561110852,19.688885386283573,6,12,5,4,12,0,9,-105.0,70.5,-47.5,5.0,2397920,1687.903108,nan,2.39792,nan,4,864,1156640,8,1239888,12,4,528,256,64,272,68,132,4,0,0,4
811,-47.5,57.5,18,9,0,0.0,0.0,0,0.0,57.5,5,562500.0,30.27196500243191,18.325821719808715,9,18,5,4,18,0,9,-105.0,70.5,-47.5,5.0,3018296,1690.921404,nan,3.018296,nan,4,1296,1156640,8,1859832,18,4,528,256,64,272,68,132,4,0,0,4
812,-47.5,57.5,18,9,0,0.0,0.0,0,0.0,57.5,6,562500.0,51.89182131776246,43.55701296135737,9,18,6,3,18,0,9,-105.0,70.5,-47.5,5.0,2729004,1693.650408,nan,2.729004,nan,3,1296,867480,6,1859832,18,3,396,192,48,204,51,99,3,0,0,3
813,-47.5,57.5,18,9,0,0.0,0.0,0,0.0,57.5,5,562500.0,54.07198637954306,42.070107114683346,9,18,5,4,18,0,9,-105.0,70.5,-47.5,5.0,3018296,1696.668704,nan,3.018296,nan,4,1296,1156640,8,1859832,18,4,528,256,64,272,68,132,4,0,0,4
814,-47.5,57.5,20,10,0,0.0,0.0,0,0.0,57.5,6,562500.0,53.581247645456266,44.072707129664856,10,20,6,3,20,0,9,-105.0,70.5,-47.5,5.0,2935796,1699.6045,nan,2.935796,nan,3,1440,867480,6,2066480,20,3,396,192,48,204,51,99,3,0,0,3
815,-47.5,57.5,18,9,0,0.0,0.0,0,0.0,57.5,6,562500.0,50.867712787345596,42.328654972601704,9,18,6,3,18,0,9,-105.0,70.5,-47.5,5.0,2729004,1702.333504,nan,2.729004,nan,3,1296,867480,6,1859832,18,3,396,192,48,204,51,99,3,0,0,3
816,-47.5,57.5,12,6,0,0.0,0.0,0,0.0,57.5,4,562500.0,52.30079960284274,41.62660426374485,6,12,4,4,12,0,8,-105.0,70.5,-47.5,5.0,2397920,1704.731424,nan,2.39792,nan,4,864,1156640,8,1239888,12,4,528,256,64,272,68,132,4,0,0,4
817,-47.5,57.5,10,5,0,0.0,0.0,0,0.0,57.5,4,562500.0,52.895440671490235,43.462108463319964,5,10,4,4,10,0,8,-105.0,70.5,-47.5,5.0,2191128,1706.922552,nan,2.191128,nan,4,720,1156640,8,1033240,10,4,528,256,64,272,68,132,4,0,0,4
818,-47.5,57.5,8,4,0,0.0,0.0,0,0.0,57.5,4,562500.0,53.83460821775813,47.68071689134324,4,8,4,4,8,0,8,-105.0,70.5,-47.5,5.0,1984336,1708.906888,nan,1.984336,nan,4,576,1156640,8,826592,8,4,528,256,64,272,68,132,4,0,0,4
819,-47.5,57.5,6,3,0,0.0,0.0,0,0.0,57.5,3,562500.0,53.68871474966003,50.73335239444131,3,6,3,3,6,0,6,-105.0,70.5,-47.5,5.0,1488252,1710.39514,nan,1.488252,nan,3,432,867480,6,619944,6,3,396,192,48,204,51,99,3,0,0,3
820,-47.5,57.5,8,4,0,0.0,0.0,0,0.0,57.5,4,562500.0,54.271256705654196,51.840795376726085,4,8,4,3,8,0,7,-105.0,70.5,-47.5,5.0,1695044,1712.090184,nan,1.695044,nan,3,576,867480,6,826592,8,3,396,192,48,204,51,99,3,0,0,3
821,-47.5,57.5,10,5,0,0.0,0.0,0,0.0,57.5,4,562500.0,33.66450923104228,26.98097084377818,5,10,4,3,10,0,7,-105.0,70.5,-47.5,5.0,1901836,1713.99202,nan,1.901836,nan,3,720,867480,6,1033240,10,3,396,192,48,204,51,99,3,0,0,3
822,-47.5,57.5,12,6,0,0.0,0.0,0,0.0,57.5,5,562500.0,40.91462310160542,31.106335657008003,6,12,5,3,12,0,8,-105.0,70.5,-47.5,5.0,2108628,1716.100648,nan,2.108628,nan,3,864,867480,6,1239888,12,3,396,192,48,204,51,99,3,0,0,3
823,-47.5,57.5,14,7,0,0.0,0.0,0,0.0,57.5,5,562500.0,37.2873307572161,24.196067639366213,7,14,5,3,14,0,8,-105.0,70.5,-47.5,5.0,2315420,1718.416068,nan,2.31542,nan,3,1008,867480,6,1446536,14,3,396,192,48,204,51,99,3,0,0,3
824,-47.5,57.5,12,6,0,0.0,0.0,0,0.0,57.5,5,562500.0,36.059310490395845,20.082393350484104,6,12,5,3,12,0,8,-105.0,70.5,-47.5,5.0,2108628,1720.524696,nan,2.108628,nan,3,864,867480,6,1239888,12,3,396,192,48,204,51,99,3,0,0,3
825,-47.5,57.5,6,3,0,0.0,0.0,0,0.0,57.5,3,562500.0,60.412800788879395,59.2928352355957,3,6,3,2,6,0,5,-105.0,70.5,-47.5,5.0,1198960,1721.723656,nan,1.19896,nan,2,432,578320,4,619944,6,2,264,128,32,136,34,66,2,0,0,2
826,-47.5,57.5,2,1,0,0.0,0.0,0,0.0,57.5,1,562500.0,57.98719596862793,57.9871940612793,1,2,1,1,2,0,2,-105.0,70.5,-47.5,5.0,496084,1722.21974,nan,0.496084,nan,1,144,289160,2,206648,2,1,132,64,16,68,17,33,1,0,0,1
827,-47.5,57.5,0,0,0,0.0,0.0,0,0.0,57.5,,,,,0,,,0,0,,0,-105.0,70.5,-47.5,5.0,0,1722.21974,nan,0.0,nan,0,0,0,0,0,0,0,0,0,0,0,0,0,0,0,0,0
828,-47.5,57.5,2,1,0,0.0,0.0,0,0.0,57.5,1,562500.0,66.80411529541016,66.80411529541016,1,2,1,1,2,0,2,-105.0,70.5,-47.5,5.0,495952,1722.715692,nan,0.495952,nan,1,144,289160,2,206648,2,1,0,0,0,0,0,0,1,0,0,0
829,-47.5,57.5,2,1,0,0.0,0.0,0,0.0,57.5,1,562500.0,63.823463439941406,63.823463439941406,1,2,1,1,2,0,2,-105.0,70.5,-47.5,5.0,496084,1723.211776,nan,0.496084,nan,1,144,289160,2,206648,2,1,132,64,16,68,17,33,1,0,0,1
830,-47.5,57.5,2,1,0,0.0,0.0,0,0.0,57.5,1,562500.0,62.58268928527832,62.58268737792969,1,2,1,1,2,0,2,-105.0,70.5,-47.5,5.0,496084,1723.70786,nan,0.496084,nan,1,144,289160,2,206648,2,1,132,64,16,68,17,33,1,0,0,1
831,-47.5,57.5,4,2,0,0.0,0.0,0,0.0,57.5,2,562500.0,50.73971410852158,34.923858705823754,2,4,2,2,4,0,4,-105.0,70.5,-47.5,5.0,992168,1724.700028,nan,0.992168,nan,2,288,578320,4,413296,4,2,264,128,32,136,34,66,2,0,0,2
832,-47.5,57.5,8,4,0,0.0,0.0,0,0.0,57.5,3,562500.0,39.72853431376733,34.8004736808463,4,8,3,2,8,0,5,-105.0,70.5,-47.5,5.0,1405752,1726.10578,nan,1.405752,nan,2,576,578320,4,826592,8,2,264,128,32,136,34,66,2,0,0,2
833,-47.5,57.5,8,4,0,0.0,0.0,0,0.0,57.5,4,562500.0,43.0660749367959,34.94766780050989,4,8,4,3,8,0,7,-105.0,70.5,-47.5,5.0,1695044,1727.800824,nan,1.695044,nan,3,576,867480,6,826592,8,3,396,192,48,204,51,99,3,0,0,3
834,-47.5,57.5,8,4,0,0.0,0.0,0,0.0,57.5,4,562500.0,50.64542604639018,33.19650654499393,4,8,4,4,8,0,8,-105.0,70.5,-47.5,5.0,1984336,1729.78516,nan,1.984336,nan,4,576,1156640,8,826592,8,4,528,256,64,272,68,132,4,0,0,4
835,-47.5,57.5,10,5,0,0.0,0.0,0,0.0,57.5,4,562500.0,61.693410873413086,61.64595031738281,5,10,4,2,10,0,6,-105.0,70.5,-47.5,5.0,1612544,1731.397704,nan,1.612544,nan,2,720,578320,4,1033240,10,2,264,128,32,136,34,66,2,0,0,2
836,-47.5,57.5,12,6,0,0.0,0.0,0,0.0,57.5,4,562500.0,67.29142951965332,63.54069137573242,6,12,4,2,12,0,6,-105.0,70.5,-47.5,5.0,1819336,1733.21704,nan,1.819336,nan,2,864,578320,4,1239888,12,2,264,128,32,136,34,66,2,0,0,2
837,-47.5,57.5,14,7,0,0.0,0.0,0,0.0,57.5,4,562500.0,66.91582743326823,64.4554672241211,7,14,4,3,14,0,7,-105.0,70.5,-47.5,5.0,2315420,1735.53246,nan,2.31542,nan,3,1008,867480,6,1446536,14,3,396,192,48,204,51,99,3,0,0,3
838,-47.5,57.5,14,7,0,0.0,0.0,0,0.0,57.5,5,562500.0,64.0402021408081,63.59575271606445,7,14,5,2,14,0,7,-105.0,70.5,-47.5,5.0,2026128,1737.558588,nan,2.026128,nan,2,1008,578320,4,1446536,14,2,264,128,32,136,34,66,2,0,0,2
839,-47.5,57.5,16,8,0,0.0,0.0,0,0.0,57.5,6,562500.0,48.7799293297767,38.16869309105173,8,16,6,3,16,0,9,-105.0,70.5,-47.5,5.0,2522212,1740.0808,nan,2.522212,nan,3,1152,867480,6,1653184,16,3,396,192,48,204,51,99,3,0,0,3
840,-47.5,57.5,14,7,0,0.0,0.0,0,0.0,57.5,5,562500.0,53.4119469276332,39.23550952422271,7,14,5,3,14,0,8,-105.0,70.5,-47.5,5.0,2315420,1742.39622,nan,2.31542,nan,3,1008,867480,6,1446536,14,3,396,192,48,204,51,99,3,0,0,3
841,-47.5,57.5,10,5,0,0.0,0.0,0,0.0,57.5,4,562500.0,53.179166259890486,39.798552375567986,5,10,4,3,10,0,7,-105.0,70.5,-47.5,5.0,1901836,1744.298056,nan,1.901836,nan,3,720,867480,6,1033240,10,3,396,192,48,204,51,99,3,0,0,3
842,-47.5,57.5,10,5,0,0.0,0.0,0,0.0,57.5,4,562500.0,39.51700359309212,23.666029309464417,5,10,4,3,10,0,7,-105.0,70.5,-47.5,5.0,1901836,1746.199892,nan,1.901836,nan,3,720,867480,6,1033240,10,3,396,192,48,204,51,99,3,0,0,3
843,-47.5,57.5,8,4,0,0.0,0.0,0,0.0,57.5,3,562500.0,39.52540513727355,32.14979611921114,4,8,3,2,8,0,5,-105.0,70.5,-47.5,5.0,1405752,1747.605644,nan,1.405752,nan,2,576,578320,4,826592,8,2,264,128,32,136,34,66,2,0,0,2
844,-47.5,57.5,10,5,0,0.0,0.0,0,0.0,57.5,4,562500.0,49.008131902922436,38.945588326771684,5,10,4,3,10,0,7,-105.0,70.5,-47.5,5.0,1901836,1749.50748,nan,1.901836,nan,3,720,867480,6,1033240,10,3,396,192,48,204,51,99,3,0,0,3
845,-47.5,57.5,12,6,0,0.0,0.0,0,0.0,57.5,4,562500.0,49.18376159097431,41.29438005387484,6,12,4,3,12,0,7,-105.0,70.5,-47.5,5.0,2108628,1751.616108,nan,2.108628,nan,3,864,867480,6,1239888,12,3,396,192,48,204,51,99,3,0,0,3
846,-47.5,57.5,14,7,0,0.0,0.0,0,0.0,57.5,5,562500.0,51.60672201069034,38.94587607716596,7,14,5,3,14,0,8,-105.0,70.5,-47.5,5.0,2315420,1753.931528,nan,2.31542,nan,3,1008,867480,6,1446536,14,3,396,192,48,204,51,99,3,0,0,3
847,-47.5,57.5,16,8,0,0.0,0.0,0,0.0,57.5,6,562500.0,39.54060497638047,23.15565223012559,8,16,6,4,16,0,10,-105.0,70.5,-47.5,5.0,2811504,1756.743032,nan,2.811504,nan,4,1152,1156640,8,1653184,16,4,528,256,64,272,68,132,4,0,0,4
848,-47.5,57.5,16,8,0,0.0,0.0,0,0.0,57.5,6,562500.0,42.10572555319603,26.402440499574688,8,16,6,4,16,0,10,-105.0,70.5,-47.5,5.0,2811504,1759.554536,nan,2.811504,nan,4,1152,1156640,8,1653184,16,4,528,256,64,272,68,132,4,0,0,4
849,-47.5,57.5,16,8,0,0.0,0.0,0,0.0,57.5,6,562500.0,41.77516323792239,18.70615620891067,8,16,6,4,16,0,10,-105.0,70.5,-47.5,5.0,2811504,1762.36604,nan,2.811504,nan,4,1152,1156640,8,1653184,16,4,528,256,64,272,68,132,4,0,0,4
850,-47.5,57.5,16,8,0,0.0,0.0,0,0.0,57.5,6,562500.0,41.93977294295934,19.87203178154714,8,16,6,4,16,0,10,-105.0,70.5,-47.5,5.0,2811504,1765.177544,nan,2.811504,nan,4,1152,1156640,8,1653184,16,4,528,256,64,272,68,132,4,0,0,4
851,-47.5,57.5,10,5,0,0.0,0.0,0,0.0,57.5,5,562500.0,42.61164032459033,19.869533198940196,5,10,5,4,10,0,9,-105.0,70.5,-47.5,5.0,2191128,1767.368672,nan,2.191128,nan,4,720,1156640,8,1033240,10,4,528,256,64,272,68,132,4,0,0,4
852,-47.5,57.5,10,5,0,0.0,0.0,0,0.0,57.5,5,562500.0,41.955507149887616,19.869491238010706,5,10,5,4,10,0,9,-105.0,70.5,-47.5,5.0,2191128,1769.5598,nan,2.191128,nan,4,720,1156640,8,1033240,10,4,528,256,64,272,68,132,4,0,0,4
853,-47.5,57.5,8,4,0,0.0,0.0,0,0.0,57.5,4,562500.0,41.955507149887616,19.869491238010706,4,8,4,4,8,0,8,-105.0,70.5,-47.5,5.0,1984336,1771.544136,nan,1.984336,nan,4,576,1156640,8,826592,8,4,528,256,64,272,68,132,4,0,0,4
854,-47.5,57.5,10,5,0,0.0,0.0,0,0.0,57.5,5,562500.0,41.955507149887616,19.869491238010706,5,10,5,4,10,0,9,-105.0,70.5,-47.5,5.0,2191128,1773.735264,nan,2.191128,nan,4,720,1156640,8,1033240,10,4,528,256,64,272,68,132,4,0,0,4
855,-47.5,57.5,10,5,0,0.0,0.0,0,0.0,57.5,5,562500.0,42.21202857783068,20.143915560656605,5,10,5,4,10,0,9,-105.0,70.5,-47.5,5.0,2191128,1775.926392,nan,2.191128,nan,4,720,1156640,8,1033240,10,4,528,256,64,272,68,132,4,0,0,4
856,-47.5,57.5,12,6,0,0.0,0.0,0,0.0,57.5,5,562500.0,44.73868588000605,40.39071203510251,6,12,5,4,12,0,9,-105.0,70.5,-47.5,5.0,2397920,1778.324312,nan,2.39792,nan,4,864,1156640,8,1239888,12,4,528,256,64,272,68,132,4,0,0,4
857,-47.5,57.5,12,6,0,0.0,0.0,0,0.0,57.5,5,562500.0,44.8089499461076,43.09245964203795,6,12,5,4,12,0,9,-105.0,70.5,-47.5,5.0,2397920,1780.722232,nan,2.39792,nan,4,864,1156640,8,1239888,12,4,528,256,64,272,68,132,4,0,0,4
858,-47.5,57.5,12,6,0,0.0,0.0,0,0.0,57.5,5,562500.0,43.48552851800787,23.694102626313757,6,12,5,4,12,0,9,-105.0,70.5,-47.5,5.0,2397920,1783.120152,nan,2.39792,nan,4,864,1156640,8,1239888,12,4,528,256,64,272,68,132,4,0,0,4
859,-47.5,57.5,10,5,0,0.0,0.0,0,0.0,57.5,5,562500.0,43.27120189816865,40.90260269300836,5,10,5,4,10,0,9,-105.0,70.5,-47.5,5.0,2191128,1785.31128,nan,2.191128,nan,4,720,1156640,8,1033240,10,4,528,256,64,272,68,132,4,0,0,4
860,-47.5,57.5,8,4,0,0.0,0.0,0,0.0,57.5,4,562500.0,47.65437811422945,40.230087816751094,4,8,4,3,8,0,7,-105.0,70.5,-47.5,5.0,1695044,1787.006324,nan,1.695044,nan,3,576,867480,6,826592,8,3,396,192,48,204,51,99,3,0,0,3
861,-47.5,57.5,8,4,0,0.0,0.0,0,0.0,57.5,4,562500.0,44.1822451864869,31.924624466221164,4,8,4,3,8,0,7,-105.0,70.5,-47.5,5.0,1695044,1788.701368,nan,1.695044,nan,3,576,867480,6,826592,8,3,396,192,48,204,51,99,3,0,0,3
862,-47.5,57.5,12,6,0,0.0,0.0,0,0.0,57.5,5,562500.0,61.88263956705729,59.09952926635742,6,12,5,3,12,0,8,-105.0,70.5,-47.5,5.0,2108628,1790.809996,nan,2.108628,nan,3,864,867480,6,1239888,12,3,396,192,48,204,51,99,3,0,0,3
863,-47.5,57.5,10,5,0,0.0,0.0,0,0.0,57.5,4,562500.0,37.31977878779096,22.023376068838797,5,10,4,3,10,0,7,-105.0,70.5,-47.5,5.0,1901836,1792.711832,nan,1.901836,nan,3,720,867480,6,1033240,10,3,396,192,48,204,51,99,3,0,0,3
864,-47.5,57.5,4,2,0,0.0,0.0,0,0.0,57.5,2,562500.0,64.0524673461914,64.0524673461914,2,4,2,1,4,0,3,-105.0,70.5,-47.5,5.0,702876,1793.414708,nan,0.702876,nan,1,288,289160,2,413296,4,1,132,64,16,68,17,33,1,0,0,1
865,-47.5,57.5,4,2,0,0.0,0.0,0,0.0,57.5,2,562500.0,59.98739051818848,59.060543060302734,2,4,2,2,4,0,4,-105.0,70.5,-47.5,5.0,992168,1794.406876,nan,0.992168,nan,2,288,578320,4,413296,4,2,264,128,32,136,34,66,2,0,0,2
866,-47.5,57.5,4,2,0,0.0,0.0,0,0.0,57.5,2,562500.0,63.70780563354492,61.02770233154297,2,4,2,2,4,0,4,-105.0,70.5,-47.5,5.0,992168,1795.399044,nan,0.992168,nan,2,288,578320,4,413296,4,2,264,128,32,136,34,66,2,0,0,2
867,-47.5,57.5,10,5,0,0.0,0.0,0,0.0,57.5,5,562500.0,58.02147613026173,39.48563852000318,5,10,5,3,10,0,8,-105.0,70.5,-47.5,5.0,1901836,1797.30088,nan,1.901836,nan,3,720,867480,6,1033240,10,3,396,192,48,204,51,99,3,0,0,3
868,-47.5,57.5,10,5,0,0.0,0.0,0,0.0,57.5,4,562500.0,69.22394561767578,63.77861404418945,5,10,4,2,10,0,6,-105.0,70.5,-47.5,5.0,1612544,1798.913424,nan,1.612544,nan,2,720,578320,4,1033240,10,2,264,128,32,136,34,66,2,0,0,2
869,-47.5,57.5,10,5,0,0.0,0.0,0,0.0,57.5,4,562500.0,63.70754146575928,63.571189880371094,5,10,4,2,10,0,6,-105.0,70.5,-47.5,5.0,1612544,1800.525968,nan,1.612544,nan,2,720,578320,4,1033240,10,2,264,128,32,136,34,66,2,0,0,2
870,-47.5,57.5,8,4,0,0.0,0.0,0,0.0,57.5,3,562500.0,70.77270698547363,67.32051467895508,4,8,3,2,8,0,5,-105.0,70.5,-47.5,5.0,1405752,1801.93172,nan,1.405752,nan,2,576,578320,4,826592,8,2,264,128,32,136,34,66,2,0,0,2
871,-47.5,57.5,6,3,0,0.0,0.0,0,0.0,57.5,3,562500.0,53.194610965423145,39.23349157614419,3,6,3,3,6,0,6,-105.0,70.5,-47.5,5.0,1488252,1803.419972,nan,1.488252,nan,3,432,867480,6,619944,6,3,396,192,48,204,51,99,3,0,0,3
872,-47.5,57.5,6,3,0,0.0,0.0,0,0.0,57.5,3,562500.0,49.05781118768811,43.18133405518275,3,6,3,3,6,0,6,-105.0,70.5,-47.5,5.0,1488252,1804.908224,nan,1.488252,nan,3,432,867480,6,619944,6,3,396,192,48,204,51,99,3,0,0,3
873,-47.5,57.5,6,3,0,0.0,0.0,0,0.0,57.5,3,562500.0,45.79824352829434,35.750763585357966,3,6,3,3,6,0,6,-105.0,70.5,-47.5,5.0,1488252,1806.396476,nan,1.488252,nan,3,432,867480,6,619944,6,3,396,192,48,204,51,99,3,0,0,3
874,-47.5,57.5,6,3,0,0.0,0.0,0,0.0,57.5,3,562500.0,60.98165512084961,59.92695617675781,3,6,3,2,6,0,5,-105.0,70.5,-47.5,5.0,1198960,1807.595436,nan,1.19896,nan,2,432,578320,4,619944,6,2,264,128,32,136,34,66,2,0,0,2
875,-47.5,57.5,12,6,0,0.0,0.0,0,0.0,57.5,5,562500.0,59.84394073486328,59.217437744140625,6,12,5,2,12,0,7,-105.0,70.5,-47.5,5.0,1819336,1809.414772,nan,1.819336,nan,2,864,578320,4,1239888,12,2,264,128,32,136,34,66,2,0,0,2
876,-47.5,57.5,12,6,0,0.0,0.0,0,0.0,57.5,4,562500.0,60.04075050354004,58.71888732910156,6,12,4,2,12,0,6,-105.0,70.5,-47.5,5.0,1819336,1811.234108,nan,1.819336,nan,2,864,578320,4,1239888,12,2,264,128,32,136,34,66,2,0,0,2
877,-47.5,57.5,16,8,0,0.0,0.0,0,0.0,57.5,6,562500.0,34.94796039702159,30.91365963945009,8,16,6,4,16,0,10,-105.0,70.5,-47.5,5.0,2811504,1814.045612,nan,2.811504,nan,4,1152,1156640,8,1653184,16,4,528,256,64,272,68,132,4,0,0,4
878,-47.5,57.5,14,7,0,0.0,0.0,0,0.0,57.5,5,562500.0,43.49713720475456,33.619085314930295,7,14,5,3,14,0,8,-105.0,70.5,-47.5,5.0,2315420,1816.361032,nan,2.31542,nan,3,1008,867480,6,1446536,14,3,396,192,48,204,51,99,3,0,0,3
879,-47.5,57.5,12,6,0,0.0,0.0,0,0.0,57.5,5,562500.0,41.05502259560609,18.62800647360705,6,12,5,3,12,0,8,-105.0,70.5,-47.5,5.0,2108628,1818.46966,nan,2.108628,nan,3,864,867480,6,1239888,12,3,396,192,48,204,51,99,3,0,0,3
880,-47.5,57.5,8,4,0,0.0,0.0,0,0.0,57.5,4,562500.0,40.5802707815815,21.11466835962834,4,8,4,3,8,0,7,-105.0,70.5,-47.5,5.0,1695044,1820.164704,nan,1.695044,nan,3,576,867480,6,826592,8,3,396,192,48,204,51,99,3,0,0,3
881,-47.5,57.5,6,3,0,0.0,0.0,0,0.0,57.5,3,562500.0,67.99909782409668,67.50382995605469,3,6,3,2,6,0,5,-105.0,70.5,-47.5,5.0,1198960,1821.363664,nan,1.19896,nan,2,432,578320,4,619944,6,2,264,128,32,136,34,66,2,0,0,2
882,-47.5,57.5,10,5,0,0.0,0.0,0,0.0,57.5,5,562500.0,42.13232753677944,30.212354131089107,5,10,5,4,10,0,9,-105.0,70.5,-47.5,5.0,2191128,1823.554792,nan,2.191128,nan,4,720,1156640,8,1033240,10,4,528,256,64,272,68,132,4,0,0,4
883,-47.5,57.5,10,5,0,0.0,0.0,0,0.0,57.5,5,562500.0,42.936012427350086,40.817864371610085,5,10,5,4,10,0,9,-105.0,70.5,-47.5,5.0,2191128,1825.74592,nan,2.191128,nan,4,720,1156640,8,1033240,10,4,528,256,64,272,68,132,4,0,0,4
884,-47.5,57.5,10,5,0,0.0,0.0,0,0.0,57.5,5,562500.0,39.91141330887721,30.62420385609682,5,10,5,4,10,0,9,-105.0,70.5,-47.5,5.0,2191128,1827.937048,nan,2.191128,nan,4,720,1156640,8,1033240,10,4,528,256,64,272,68,132,4,0,0,4
885,-47.5,57.5,8,4,0,0.0,0.0,0,0.0,57.5,4,562500.0,49.114779584361116,44.12276225132497,4,8,4,3,8,0,7,-105.0,70.5,-47.5,5.0,1695044,1829.632092,nan,1.695044,nan,3,576,867480,6,826592,8,3,396,192,48,204,51,99,3,0,0,3
886,-47.5,57.5,8,4,0,0.0,0.0,0,0.0,57.5,4,562500.0,44.13347857133271,44.1236507920922,4,8,4,2,8,0,6,-105.0,70.5,-47.5,5.0,1405752,1831.037844,nan,1.405752,nan,2,576,578320,4,826592,8,2,264,128,32,136,34,66,2,0,0,2
887,-47.5,57.5,8,4,0,0.0,0.0,0,0.0,57.5,4,562500.0,44.13482619972215,44.124022915754125,4,8,4,2,8,0,6,-105.0,70.5,-47.5,5.0,1405752,1832.443596,nan,1.405752,nan,2,576,578320,4,826592,8,2,264,128,32,136,34,66,2,0,0,2
888,-47.5,57.5,10,5,0,0.0,0.0,0,0.0,57.5,4,562500.0,42.70769109114049,39.389381167228244,5,10,4,2,10,0,6,-105.0,70.5,-47.5,5.0,1612544,1834.05614,nan,1.612544,nan,2,720,578320,4,1033240,10,2,264,128,32,136,34,66,2,0,0,2
889,-47.5,57.5,12,6,0,0.0,0.0,0,0.0,57.5,4,562500.0,48.70144669515032,41.94405340843918,6,12,4,3,12,0,7,-105.0,70.5,-47.5,5.0,2108628,1836.164768,nan,2.108628,nan,3,864,867480,6,1239888,12,3,396,192,48,204,51,99,3,0,0,3
890,-47.5,57.5,10,5,0,0.0,0.0,0,0.0,57.5,4,562500.0,44.13480721382402,44.12394697216159,5,10,4,2,10,0,6,-105.0,70.5,-47.5,5.0,1612544,1837.777312,nan,1.612544,nan,2,720,578320,4,1033240,10,2,264,128,32,136,34,66,2,0,0,2
891,-47.5,57.5,8,4,0,0.0,0.0,0,0.0,57.5,4,562500.0,44.13482619972215,44.124022915754125,4,8,4,2,8,0,6,-105.0,70.5,-47.5,5.0,1405752,1839.183064,nan,1.405752,nan,2,576,578320,4,826592,8,2,264,128,32,136,34,66,2,0,0,2
892,-47.5,57.5,6,3,0,0.0,0.0,0,0.0,57.5,3,562500.0,44.13482619972215,44.124022915754125,3,6,3,2,6,0,5,-105.0,70.5,-47.5,5.0,1198960,1840.382024,nan,1.19896,nan,2,432,578320,4,619944,6,2,264,128,32,136,34,66,2,0,0,2
893,-47.5,57.5,6,3,0,0.0,0.0,0,0.0,57.5,3,562500.0,44.13482619972215,44.124022915754125,3,6,3,2,6,0,5,-105.0,70.5,-47.5,5.0,1198960,1841.580984,nan,1.19896,nan,2,432,578320,4,619944,6,2,264,128,32,136,34,66,2,0,0,2
894,-47.5,57.5,6,3,0,0.0,0.0,0,0.0,57.5,3,562500.0,44.13482619972215,44.124022915754125,3,6,3,2,6,0,5,-105.0,70.5,-47.5,5.0,1198960,1842.779944,nan,1.19896,nan,2,432,578320,4,619944,6,2,264,128,32,136,34,66,2,0,0,2
895,-47.5,57.5,6,3,0,0.0,0.0,0,0.0,57.5,3,562500.0,44.13482619972215,44.124022915754125,3,6,3,2,6,0,5,-105.0,70.5,-47.5,5.0,1198960,1843.978904,nan,1.19896,nan,2,432,578320,4,619944,6,2,264,128,32,136,34,66,2,0,0,2
896,-47.5,57.5,6,3,0,0.0,0.0,0,0.0,57.5,3,562500.0,44.13482619972215,44.124022915754125,3,6,3,2,6,0,5,-105.0,70.5,-47.5,5.0,1198960,1845.177864,nan,1.19896,nan,2,432,578320,4,619944,6,2,264,128,32,136,34,66,2,0,0,2
897,-47.5,57.5,8,4,0,0.0,0.0,0,0.0,57.5,3,562500.0,48.6629286505653,44.12394697216159,4,8,3,3,8,0,6,-105.0,70.5,-47.5,5.0,1695044,1846.872908,nan,1.695044,nan,3,576,867480,6,826592,8,3,396,192,48,204,51,99,3,0,0,3
898,-47.5,57.5,14,7,0,0.0,0.0,0,0.0,57.5,5,562500.0,49.54446634750357,44.124022915754125,7,14,5,3,14,0,8,-105.0,70.5,-47.5,5.0,2315420,1849.188328,nan,2.31542,nan,3,1008,867480,6,1446536,14,3,396,192,48,204,51,99,3,0,0,3
899,-47.5,57.5,14,7,0,0.0,0.0,0,0.0,57.5,5,562500.0,50.265544642793486,44.12394697216159,7,14,5,3,14,0,8,-105.0,70.5,-47.5,5.0,2315420,1851.503748,nan,2.31542,nan,3,1008,867480,6,1446536,14,3,396,192,48,204,51,99,3,0,0,3
900,-47.5,57.5,16,8,0,0.0,0.0,0,0.0,57.5,6,562500.0,50.45414260306683,43.06552637531391,8,16,6,3,16,0,9,-105.0,70.5,-47.5,5.0,2522212,1854.02596,nan,2.522212,nan,3,1152,867480,6,1653184,16,3,396,192,48,204,51,99,3,0,0,3
901,-47.5,57.5,20,10,0,0.0,0.0,0,0.0,57.5,6,562500.0,49.882762168048316,42.86334302865684,10,20,6,3,20,0,9,-105.0,70.5,-47.5,5.0,2935796,1856.961756,nan,2.935796,nan,3,1440,867480,6,2066480,20,3,396,192,48,204,51,99,3,0,0,3
902,-47.5,57.5,20,10,0,0.0,0.0,0,0.0,57.5,5,562500.0,54.40083941591293,42.63192601744522,10,20,5,4,20,0,9,-105.0,70.5,-47.5,5.0,3225088,1860.186844,nan,3.225088,nan,4,1440,1156640,8,2066480,20,4,528,256,64,272,68,132,4,0,0,4
903,-47.5,57.5,20,10,0,0.0,0.0,0,0.0,57.5,6,562500.0,53.95678966562172,41.74396807259903,10,20,6,3,20,0,9,-105.0,70.5,-47.5,5.0,2935796,1863.12264,nan,2.935796,nan,3,1440,867480,6,2066480,20,3,396,192,48,204,51,99,3,0,0,3
904,-47.5,57.5,20,10,0,0.0,0.0,0,0.0,57.5,6,562500.0,36.079576903901035,22.4933277957011,10,20,6,3,20,0,9,-105.0,70.5,-47.5,5.0,2935796,1866.058436,nan,2.935796,nan,3,1440,867480,6,2066480,20,3,396,192,48,204,51,99,3,0,0,3
905,-47.5,57.5,20,10,0,0.0,0.0,0,0.0,57.5,6,562500.0,34.664779808718244,20.94311231604477,10,20,6,3,20,0,9,-105.0,70.5,-47.5,5.0,2935796,1868.994232,nan,2.935796,nan,3,1440,867480,6,2066480,20,3,396,192,48,204,51,99,3,0,0,3
906,-47.5,57.5,18,9,0,0.0,0.0,0,0.0,57.5,6,562500.0,62.04232143134842,58.3462818677868,9,18,6,3,18,0,9,-105.0,70.5,-47.5,5.0,2729004,1871.723236,nan,2.729004,nan,3,1296,867480,6,1859832,18,3,396,192,48,204,51,99,3,0,0,3
907,-47.5,57.5,12,6,0,0.0,0.0,0,0.0,57.5,3,562500.0,61.92375882466634,59.560516357421875,6,12,3,3,12,0,6,-105.0,70.5,-47.5,5.0,2108628,1873.831864,nan,2.108628,nan,3,864,867480,6,1239888,12,3,396,192,48,204,51,99,3,0,0,3
908,-47.5,57.5,6,3,0,0.0,0.0,0,0.0,57.5,3,562500.0,62.04444408416748,58.235164642333984,3,6,3,2,6,0,5,-105.0,70.5,-47.5,5.0,1198960,1875.030824,nan,1.19896,nan,2,432,578320,4,619944,6,2,264,128,32,136,34,66,2,0,0,2
909,-47.5,57.5,2,1,0,0.0,0.0,0,0.0,57.5,1,562500.0,64.72113037109375,64.72113037109375,1,2,1,1,2,0,2,-105.0,70.5,-47.5,5.0,496084,1875.526908,nan,0.496084,nan,1,144,289160,2,206648,2,1,132,64,16,68,17,33,1,0,0,1
910,-47.5,57.5,4,2,0,0.0,0.0,0,0.0,57.5,2,562500.0,62.029136657714844,62.029136657714844,2,4,2,1,4,0,3,-105.0,70.5,-47.5,5.0,702876,1876.229784,nan,0.702876,nan,1,288,289160,2,413296,4,1,132,64,16,68,17,33,1,0,0,1
911,-47.5,57.5,14,7,0,0.0,0.0,0,0.0,57.5,4,562500.0,53.27688401422902,45.813586901613164,7,14,4,3,14,0,7,-105.0,70.5,-47.5,5.0,2315288,1878.545072,nan,2.315288,nan,3,1008,867480,6,1446536,14,3,264,128,32,136,34,66,3,0,0,2
912,-47.5,57.5,14,7,0,0.0,0.0,0,0.0,57.5,5,562500.0,50.022114809968336,42.11181362652595,7,14,5,3,14,0,8,-105.0,70.5,-47.5,5.0,2315420,1880.860492,nan,2.31542,nan,3,1008,867480,6,1446536,14,3,396,192,48,204,51,99,3,0,0,3
913,-47.5,57.5,16,8,0,0.0,0.0,0,0.0,57.5,5,562500.0,62.56741641731034,60.27056884765625,8,16,5,3,16,0,8,-105.0,70.5,-47.5,5.0,2522212,1883.382704,nan,2.522212,nan,3,1152,867480,6,1653184,16,3,396,192,48,204,51,99,3,0,0,3
914,-47.5,57.5,12,6,0,0.0,0.0,0,0.0,57.5,5,562500.0,64.92251382426873,62.18354688243524,6,12,5,2,12,0,7,-105.0,70.5,-47.5,5.0,1819336,1885.20204,nan,1.819336,nan,2,864,578320,4,1239888,12,2,264,128,32,136,34,66,2,0,0,2
915,-47.5,57.5,10,5,0,0.0,0.0,0,0.0,57.5,4,562500.0,64.77804946899414,61.7583122253418,5,10,4,2,10,0,6,-105.0,70.5,-47.5,5.0,1612544,1886.814584,nan,1.612544,nan,2,720,578320,4,1033240,10,2,264,128,32,136,34,66,2,0,0,2
916,-47.5,57.5,12,6,0,0.0,0.0,0,0.0,57.5,5,562500.0,38.138222220015,18.920842169163695,6,12,5,3,12,0,8,-105.0,70.5,-47.5,5.0,2108628,1888.923212,nan,2.108628,nan,3,864,867480,6,1239888,12,3,396,192,48,204,51,99,3,0,0,3
917,-47.5,57.5,12,6,0,0.0,0.0,0,0.0,57.5,5,562500.0,48.79371593895602,18.90305290009758,6,12,5,3,12,0,8,-105.0,70.5,-47.5,5.0,2108628,1891.03184,nan,2.108628,nan,3,864,867480,6,1239888,12,3,396,192,48,204,51,99,3,0,0,3
918,-47.5,57.5,12,6,0,0.0,0.0,0,0.0,57.5,4,562500.0,50.98412524855103,38.646689514482425,6,12,4,4,12,0,8,-105.0,70.5,-47.5,5.0,2397920,1893.42976,nan,2.39792,nan,4,864,1156640,8,1239888,12,4,528,256,64,272,68,132,4,0,0,4
919,-47.5,57.5,14,7,0,0.0,0.0,0,0.0,57.5,6,562500.0,48.079950007519194,32.92289483361246,7,14,6,3,14,0,9,-105.0,70.5,-47.5,5.0,2315420,1895.74518,nan,2.31542,nan,3,1008,867480,6,1446536,14,3,396,192,48,204,51,99,3,0,0,3
920,-47.5,57.5,14,7,0,0.0,0.0,0,0.0,57.5,6,562500.0,42.28930653360201,24.084470926123444,7,14,6,3,14,0,9,-105.0,70.5,-47.5,5.0,2315420,1898.0606,nan,2.31542,nan,3,1008,867480,6,1446536,14,3,396,192,48,204,51,99,3,0,0,3
921,-47.5,57.5,16,8,0,0.0,0.0,0,0.0,57.5,6,562500.0,44.66668406872109,23.97286451344215,8,16,6,3,16,0,9,-105.0,70.5,-47.5,5.0,2522212,1900.582812,nan,2.522212,nan,3,1152,867480,6,1653184,16,3,396,192,48,204,51,99,3,0,0,3
922,-47.5,57.5,16,8,0,0.0,0.0,0,0.0,57.5,6,562500.0,51.43131578902705,41.48332070509659,8,16,6,3,16,0,9,-105.0,70.5,-47.5,5.0,2522212,1903.105024,nan,2.522212,nan,3,1152,867480,6,1653184,16,3,396,192,48,204,51,99,3,0,0,3
923,-47.5,57.5,14,7,0,0.0,0.0,0,0.0,57.5,6,562500.0,42.72903597290844,25.864703811558506,7,14,6,3,14,0,9,-105.0,70.5,-47.5,5.0,2315420,1905.420444,nan,2.31542,nan,3,1008,867480,6,1446536,14,3,396,192,48,204,51,99,3,0,0,3
924,-47.5,57.5,12,6,0,0.0,0.0,0,0.0,57.5,5,562500.0,41.71546232316336,23.727447200910383,6,12,5,3,12,0,8,-105.0,70.5,-47.5,5.0,2108628,1907.529072,nan,2.108628,nan,3,864,867480,6,1239888,12,3,396,192,48,204,51,99,3,0,0,3
925,-47.5,57.5,12,6,0,0.0,0.0,0,0.0,57.5,4,562500.0,48.398574688423764,31.439190821487188,6,12,4,4,12,0,8,-105.0,70.5,-47.5,5.0,2397920,1909.926992,nan,2.39792,nan,4,864,1156640,8,1239888,12,4,528,256,64,272,68,132,4,0,0,4
926,-47.5,57.5,14,7,0,0.0,0.0,0,0.0,57.5,4,562500.0,60.681260426839195,60.2106819152832,7,14,4,3,14,0,7,-105.0,70.5,-47.5,5.0,2315420,1912.242412,nan,2.31542,nan,3,1008,867480,6,1446536,14,3,396,192,48,204,51,99,3,0,0,3
927,-47.5,57.5,16,8,0,0.0,0.0,0,0.0,57.5,4,562500.0,61.887429555257164,60.2106819152832,8,16,4,3,16,0,7,-105.0,70.5,-47.5,5.0,2522212,1914.764624,nan,2.522212,nan,3,1152,867480,6,1653184,16,3,396,192,48,204,51,99,3,0,0,3
928,-47.5,57.5,16,8,0,0.0,0.0,0,0.0,57.5,4,562500.0,65.06541315714519,60.21068572998047,8,16,4,3,16,0,7,-105.0,70.5,-47.5,5.0,2522212,1917.286836,nan,2.522212,nan,3,1152,867480,6,1653184,16,3,396,192,48,204,51,99,3,0,0,3
929,-47.5,57.5,20,10,0,0.0,0.0,0,0.0,57.5,5,562500.0,61.93277676900228,58.027408599853516,10,20,5,3,20,0,8,-105.0,70.5,-47.5,5.0,2935796,1920.222632,nan,2.935796,nan,3,1440,867480,6,2066480,20,3,396,192,48,204,51,99,3,0,0,3
930,-47.5,57.5,22,11,0,0.0,0.0,0,0.0,57.5,5,562500.0,63.36017608642578,60.21068572998047,11,22,5,3,22,0,8,-105.0,70.5,-47.5,5.0,3142588,1923.36522,nan,3.142588,nan,3,1584,867480,6,2273128,22,3,396,192,48,204,51,99,3,0,0,3
931,-47.5,57.5,24,12,0,0.0,0.0,0,0.0,57.5,5,562500.0,63.82562383015951,60.21068572998047,12,24,5,3,24,0,8,-105.0,70.5,-47.5,5.0,3349380,1926.7146,nan,3.34938,nan,3,1728,867480,6,2479776,24,3,396,192,48,204,51,99,3,0,0,3
932,-47.5,57.5,20,10,0,0.0,0.0,0,0.0,57.5,5,562500.0,67.35436121622722,60.21068572998047,10,20,5,3,20,0,8,-105.0,70.5,-47.5,5.0,2935796,1929.650396,nan,2.935796,nan,3,1440,867480,6,2066480,20,3,396,192,48,204,51,99,3,0,0,3
933,-47.5,57.5,18,9,0,0.0,0.0,0,0.0,57.5,5,562500.0,64.3429183959961,60.21068572998047,9,18,5,3,18,0,8,-105.0,70.5,-47.5,5.0,2729004,1932.3794,nan,2.729004,nan,3,1296,867480,6,1859832,18,3,396,192,48,204,51,99,3,0,0,3
934,-47.5,57.5,18,9,0,0.0,0.0,0,0.0,57.5,5,562500.0,62.660919189453125,60.2106819152832,9,18,5,3,18,0,8,-105.0,70.5,-47.5,5.0,2729004,1935.108404,nan,2.729004,nan,3,1296,867480,6,1859832,18,3,396,192,48,204,51,99,3,0,0,3
935,-47.5,57.5,18,9,0,0.0,0.0,0,0.0,57.5,5,562500.0,62.66894022623698,60.2106819152832,9,18,5,3,18,0,8,-105.0,70.5,-47.5,5.0,2729004,1937.837408,nan,2.729004,nan,3,1296,867480,6,1859832,18,3,396,192,48,204,51,99,3,0,0,3
936,-47.5,57.5,18,9,0,0.0,0.0,0,0.0,57.5,5,562500.0,63.98741658528646,60.2106819152832,9,18,5,3,18,0,8,-105.0,70.5,-47.5,5.0,2729004,1940.566412,nan,2.729004,nan,3,1296,867480,6,1859832,18,3,396,192,48,204,51,99,3,0,0,3
937,-47.5,57.5,18,9,0,0.0,0.0,0,0.0,57.5,5,562500.0,33.42341096255827,19.726673055990045,9,18,5,3,18,0,8,-105.0,70.5,-47.5,5.0,2729004,1943.295416,nan,2.729004,nan,3,1296,867480,6,1859832,18,3,396,192,48,204,51,99,3,0,0,3
938,-47.5,57.5,18,9,0,0.0,0.0,0,0.0,57.5,5,562500.0,33.46403106141435,19.837581564290826,9,18,5,3,18,0,8,-105.0,70.5,-47.5,5.0,2729004,1946.02442,nan,2.729004,nan,3,1296,867480,6,1859832,18,3,396,192,48,204,51,99,3,0,0,3
939,-47.5,57.5,18,9,0,0.0,0.0,0,0.0,57.5,5,562500.0,33.46968570474592,19.853031088216607,9,18,5,3,18,0,8,-105.0,70.5,-47.5,5.0,2729004,1948.753424,nan,2.729004,nan,3,1296,867480,6,1859832,18,3,396,192,48,204,51,99,3,0,0,3
940,-47.5,57.5,18,9,0,0.0,0.0,0,0.0,57.5,5,562500.0,33.470120579509995,19.854221273763482,9,18,5,3,18,0,8,-105.0,70.5,-47.5,5.0,2729004,1951.482428,nan,2.729004,nan,3,1296,867480,6,1859832,18,3,396,192,48,204,51,99,3,0,0,3
941,-47.5,57.5,18,9,0,0.0,0.0,0,0.0,57.5,5,562500.0,33.54891950936025,19.854221273763482,9,18,5,3,18,0,8,-105.0,70.5,-47.5,5.0,2729004,1954.211432,nan,2.729004,nan,3,1296,867480,6,1859832,18,3,396,192,48,204,51,99,3,0,0,3
942,-47.5,57.5,18,9,0,0.0,0.0,0,0.0,57.5,5,562500.0,33.54891950936025,19.854221273763482,9,18,5,3,18,0,8,-105.0,70.5,-47.5,5.0,2729004,1956.940436,nan,2.729004,nan,3,1296,867480,6,1859832,18,3,396,192,48,204,51,99,3,0,0,3
943,-47.5,57.5,18,9,0,0.0,0.0,0,0.0,57.5,5,562500.0,33.54891950936025,19.854221273763482,9,18,5,3,18,0,8,-105.0,70.5,-47.5,5.0,2729004,1959.66944,nan,2.729004,nan,3,1296,867480,6,1859832,18,3,396,192,48,204,51,99,3,0,0,3
944,-47.5,57.5,18,9,0,0.0,0.0,0,0.0,57.5,5,562500.0,33.54891950936025,19.854221273763482,9,18,5,3,18,0,8,-105.0,70.5,-47.5,5.0,2729004,1962.398444,nan,2.729004,nan,3,1296,867480,6,1859832,18,3,396,192,48,204,51,99,3,0,0,3
945,-47.5,57.5,18,9,0,0.0,0.0,0,0.0,57.5,5,562500.0,34.927670845005046,18.29532249065209,9,18,5,3,18,0,8,-105.0,70.5,-47.5,5.0,2729004,1965.127448,nan,2.729004,nan,3,1296,867480,6,1859832,18,3,396,192,48,204,51,99,3,0,0,3
946,-47.5,57.5,22,11,0,0.0,0.0,0,0.0,57.5,5,562500.0,63.726271311442055,61.677520751953125,11,22,5,3,22,0,8,-105.0,70.5,-47.5,5.0,3142588,1968.270036,nan,3.142588,nan,3,1584,867480,6,2273128,22,3,396,192,48,204,51,99,3,0,0,3
947,-47.5,57.5,22,11,0,0.0,0.0,0,0.0,57.5,5,562500.0,66.08743413289388,64.65121078491211,11,22,5,3,22,0,8,-105.0,70.5,-47.5,5.0,3142588,1971.412624,nan,3.142588,nan,3,1584,867480,6,2273128,22,3,396,192,48,204,51,99,3,0,0,3
948,-47.5,57.5,24,12,0,0.0,0.0,0,0.0,57.5,5,562500.0,68.02033996582031,64.48058319091797,12,24,5,3,24,0,8,-105.0,70.5,-47.5,5.0,3349380,1974.762004,nan,3.34938,nan,3,1728,867480,6,2479776,24,3,396,192,48,204,51,99,3,0,0,3
949,-47.5,57.5,22,11,0,0.0,0.0,0,0.0,57.5,5,562500.0,37.02386864519365,18.517737603446193,11,22,5,3,22,0,8,-105.0,70.5,-47.5,5.0,3142588,1977.904592,nan,3.142588,nan,3,1584,867480,6,2273128,22,3,396,192,48,204,51,99,3,0,0,3
950,-47.5,57.5,22,11,0,0.0,0.0,0,0.0,57.5,5,562500.0,33.10958370103675,18.019501477127072,11,22,5,3,22,0,8,-105.0,70.5,-47.5,5.0,3142588,1981.04718,nan,3.142588,nan,3,1584,867480,6,2273128,22,3,396,192,48,204,51,99,3,0,0,3
951,-47.5,57.5,14,7,0,0.0,0.0,0,0.0,57.5,4,562500.0,62.42227745056152,57.802513122558594,7,14,4,3,14,0,7,-105.0,70.5,-47.5,5.0,2315420,1983.3626,nan,2.31542,nan,3,1008,867480,6,1446536,14,3,396,192,48,204,51,99,3,0,0,3
952,-47.5,57.5,12,6,0,0.0,0.0,0,0.0,57.5,4,562500.0,47.65709307569948,30.880685063811562,6,12,4,2,12,0,6,-105.0,70.5,-47.5,5.0,1819336,1985.181936,nan,1.819336,nan,2,864,578320,4,1239888,12,2,264,128,32,136,34,66,2,0,0,2
953,-47.5,57.5,10,5,0,0.0,0.0,0,0.0,57.5,3,562500.0,46.68329473006013,31.773284456226296,5,10,3,3,10,0,6,-105.0,70.5,-47.5,5.0,1901836,1987.083772,nan,1.901836,nan,3,720,867480,6,1033240,10,3,396,192,48,204,51,99,3,0,0,3
954,-47.5,57.5,10,5,0,0.0,0.0,0,0.0,57.5,3,562500.0,46.67881655836891,37.338624194709524,5,10,3,3,10,0,6,-105.0,70.5,-47.5,5.0,1901836,1988.985608,nan,1.901836,nan,3,720,867480,6,1033240,10,3,396,192,48,204,51,99,3,0,0,3
955,-47.5,57.5,12,6,0,0.0,0.0,0,0.0,57.5,3,562500.0,56.214201143932776,37.470891472594865,6,12,3,3,12,0,6,-105.0,70.5,-47.5,5.0,2108628,1991.094236,nan,2.108628,nan,3,864,867480,6,1239888,12,3,396,192,48,204,51,99,3,0,0,3
956,-47.5,57.5,14,7,0,0.0,0.0,0,0.0,57.5,4,562500.0,55.630760893509205,43.64100893669552,7,14,4,2,14,0,6,-105.0,70.5,-47.5,5.0,2026128,1993.120364,nan,2.026128,nan,2,1008,578320,4,1446536,14,2,264,128,32,136,34,66,2,0,0,2
957,-47.5,57.5,14,7,0,0.0,0.0,0,0.0,57.5,4,562500.0,60.34898850925029,46.29753209036761,7,14,4,2,14,0,6,-105.0,70.5,-47.5,5.0,2026128,1995.146492,nan,2.026128,nan,2,1008,578320,4,1446536,14,2,264,128,32,136,34,66,2,0,0,2
958,-47.5,57.5,12,6,0,0.0,0.0,0,0.0,57.5,3,562500.0,56.66764692220522,43.360868881676865,6,12,3,3,12,0,6,-105.0,70.5,-47.5,5.0,2108628,1997.25512,nan,2.108628,nan,3,864,867480,6,1239888,12,3,396,192,48,204,51,99,3,0,0,3
959,-47.5,57.5,10,5,0,0.0,0.0,0,0.0,57.5,3,562500.0,46.06197435916573,36.03255098402778,5,10,3,3,10,0,6,-105.0,70.5,-47.5,5.0,1901836,1999.156956,nan,1.901836,nan,3,720,867480,6,1033240,10,3,396,192,48,204,51,99,3,0,0,3
960,-47.5,57.5,8,4,0,0.0,0.0,0,0.0,57.5,2,562500.0,61.1295280456543,57.9517707824707,4,8,2,2,8,0,4,-105.0,70.5,-47.5,5.0,1405752,2000.562708,nan,1.405752,nan,2,576,578320,4,826592,8,2,264,128,32,136,34,66,2,0,0,2
961,-47.5,57.5,6,3,0,0.0,0.0,0,0.0,57.5,2,562500.0,66.91787338256836,64.00433731079102,3,6,2,2,6,0,4,-105.0,70.5,-47.5,5.0,1198960,2001.761668,nan,1.19896,nan,2,432,578320,4,619944,6,2,264,128,32,136,34,66,2,0,0,2
962,-47.5,57.5,6,3,0,0.0,0.0,0,0.0,57.5,2,562500.0,63.35812568664551,63.076419830322266,3,6,2,2,6,0,4,-105.0,70.5,-47.5,5.0,1198960,2002.960628,nan,1.19896,nan,2,432,578320,4,619944,6,2,264,128,32,136,34,66,2,0,0,2
963,-47.5,57.5,4,2,0,0.0,0.0,0,0.0,57.5,2,562500.0,63.9903678894043,63.9903678894043,2,4,2,1,4,0,3,-105.0,70.5,-47.5,5.0,702876,2003.663504,nan,0.702876,nan,1,288,289160,2,413296,4,1,132,64,16,68,17,33,1,0,0,1
964,-47.5,57.5,2,1,0,0.0,0.0,0,0.0,57.5,1,562500.0,62.40103530883789,62.40103530883789,1,2,1,1,2,0,2,-105.0,70.5,-47.5,5.0,496084,2004.159588,nan,0.496084,nan,1,144,289160,2,206648,2,1,132,64,16,68,17,33,1,0,0,1
965,-47.5,57.5,4,2,0,0.0,0.0,0,0.0,57.5,2,562500.0,65.26017379760742,65.26017379760742,2,4,2,1,4,0,3,-105.0,70.5,-47.5,5.0,702876,2004.862464,nan,0.702876,nan,1,288,289160,2,413296,4,1,132,64,16,68,17,33,1,0,0,1
966,-47.5,57.5,4,2,0,0.0,0.0,0,0.0,57.5,2,562500.0,67.15399551391602,67.15399551391602,2,4,2,1,4,0,3,-105.0,70.5,-47.5,5.0,702876,2005.56534,nan,0.702876,nan,1,288,289160,2,413296,4,1,132,64,16,68,17,33,1,0,0,1
967,-47.5,57.5,6,3,0,0.0,0.0,0,0.0,57.5,3,562500.0,47.22349075743744,37.409704702106204,3,6,3,3,6,0,6,-105.0,70.5,-47.5,5.0,1488252,2007.053592,nan,1.488252,nan,3,432,867480,6,619944,6,3,396,192,48,204,51,99,3,0,0,3
968,-47.5,57.5,8,4,0,0.0,0.0,0,0.0,57.5,4,562500.0,50.26076115674604,38.70812577222638,4,8,4,3,8,0,7,-105.0,70.5,-47.5,5.0,1695044,2008.748636,nan,1.695044,nan,3,576,867480,6,826592,8,3,396,192,48,204,51,99,3,0,0,3
969,-47.5,57.5,10,5,0,0.0,0.0,0,0.0,57.5,4,562500.0,50.5059227684882,38.986527483385316,5,10,4,3,10,0,7,-105.0,70.5,-47.5,5.0,1901836,2010.650472,nan,1.901836,nan,3,720,867480,6,1033240,10,3,396,192,48,204,51,99,3,0,0,3
970,-47.5,57.5,10,5,0,0.0,0.0,0,0.0,57.5,4,562500.0,48.780511901109854,39.09760794161957,5,10,4,3,10,0,7,-105.0,70.5,-47.5,5.0,1901836,2012.552308,nan,1.901836,nan,3,720,867480,6,1033240,10,3,396,192,48,204,51,99,3,0,0,3
971,-47.5,57.5,10,5,0,0.0,0.0,0,0.0,57.5,4,562500.0,65.73786544799805,60.205074310302734,5,10,4,2,10,0,6,-105.0,70.5,-47.5,5.0,1612544,2014.164852,nan,1.612544,nan,2,720,578320,4,1033240,10,2,264,128,32,136,34,66,2,0,0,2
972,-47.5,57.5,10,5,0,0.0,0.0,0,0.0,57.5,4,562500.0,66.12035942077637,60.50595474243164,5,10,4,2,10,0,6,-105.0,70.5,-47.5,5.0,1612544,2015.777396,nan,1.612544,nan,2,720,578320,4,1033240,10,2,264,128,32,136,34,66,2,0,0,2
973,-47.5,57.5,12,6,0,0.0,0.0,0,0.0,57.5,5,562500.0,67.9174919128418,64.58535766601562,6,12,5,2,12,0,7,-105.0,70.5,-47.5,5.0,1819336,2017.596732,nan,1.819336,nan,2,864,578320,4,1239888,12,2,264,128,32,136,34,66,2,0,0,2
974,-47.5,57.5,14,7,0,0.0,0.0,0,0.0,57.5,5,562500.0,64.94509315490723,62.68690872192383,7,14,5,2,14,0,7,-105.0,70.5,-47.5,5.0,2026128,2019.62286,nan,2.026128,nan,2,1008,578320,4,1446536,14,2,264,128,32,136,34,66,2,0,0,2
975,-47.5,57.5,16,8,0,0.0,0.0,0,0.0,57.5,6,562500.0,67.40201950073242,67.40082931518555,8,16,6,2,16,0,8,-105.0,70.5,-47.5,5.0,2232920,2021.85578,nan,2.23292,nan,2,1152,578320,4,1653184,16,2,264,128,32,136,34,66,2,0,0,2
976,-47.5,57.5,18,9,0,0.0,0.0,0,0.0,57.5,5,562500.0,32.40067322597694,18.491128441713904,9,18,5,3,18,0,8,-105.0,70.5,-47.5,5.0,2729004,2024.584784,nan,2.729004,nan,3,1296,867480,6,1859832,18,3,396,192,48,204,51,99,3,0,0,3
977,-47.5,57.5,18,9,0,0.0,0.0,0,0.0,57.5,5,562500.0,65.56459935506184,61.88738250732422,9,18,5,3,18,0,8,-105.0,70.5,-47.5,5.0,2729004,2027.313788,nan,2.729004,nan,3,1296,867480,6,1859832,18,3,396,192,48,204,51,99,3,0,0,3
978,-47.5,57.5,18,9,0,0.0,0.0,0,0.0,57.5,4,562500.0,64.60138607025146,57.990501403808594,9,18,4,4,18,0,8,-105.0,70.5,-47.5,5.0,3018296,2030.332084,nan,3.018296,nan,4,1296,1156640,8,1859832,18,4,528,256,64,272,68,132,4,0,0,4
979,-47.5,57.5,18,9,0,0.0,0.0,0,0.0,57.5,5,562500.0,67.42797978719075,67.4032096862793,9,18,5,3,18,0,8,-105.0,70.5,-47.5,5.0,2729004,2033.061088,nan,2.729004,nan,3,1296,867480,6,1859832,18,3,396,192,48,204,51,99,3,0,0,3
980,-47.5,57.5,18,9,0,0.0,0.0,0,0.0,57.5,5,562500.0,67.44839477539062,67.4032096862793,9,18,5,3,18,0,8,-105.0,70.5,-47.5,5.0,2729004,2035.790092,nan,2.729004,nan,3,1296,867480,6,1859832,18,3,396,192,48,204,51,99,3,0,0,3
981,-47.5,57.5,18,9,0,0.0,0.0,0,0.0,57.5,5,562500.0,67.4491678873698,67.4032096862793,9,18,5,3,18,0,8,-105.0,70.5,-47.5,5.0,2729004,2038.519096,nan,2.729004,nan,3,1296,867480,6,1859832,18,3,396,192,48,204,51,99,3,0,0,3
982,-47.5,57.5,18,9,0,0.0,0.0,0,0.0,57.5,5,562500.0,67.44955444335938,67.4032096862793,9,18,5,3,18,0,8,-105.0,70.5,-47.5,5.0,2729004,2041.2481,nan,2.729004,nan,3,1296,867480,6,1859832,18,3,396,192,48,204,51,99,3,0,0,3
983,-47.5,57.5,18,9,0,0.0,0.0,0,0.0,57.5,5,562500.0,67.44955444335938,67.4032096862793,9,18,5,3,18,0,8,-105.0,70.5,-47.5,5.0,2729004,2043.977104,nan,2.729004,nan,3,1296,867480,6,1859832,18,3,396,192,48,204,51,99,3,0,0,3
984,-47.5,57.5,18,9,0,0.0,0.0,0,0.0,57.5,4,562500.0,43.28277387763446,19.092835238442035,9,18,4,4,18,0,8,-105.0,70.5,-47.5,5.0,3018296,2046.9954,nan,3.018296,nan,4,1296,1156640,8,1859832,18,4,528,256,64,272,68,132,4,0,0,4
985,-47.5,57.5,18,9,0,0.0,0.0,0,0.0,57.5,5,562500.0,67.44955444335938,67.4032096862793,9,18,5,3,18,0,8,-105.0,70.5,-47.5,5.0,2729004,2049.724404,nan,2.729004,nan,3,1296,867480,6,1859832,18,3,396,192,48,204,51,99,3,0,0,3
986,-47.5,57.5,18,9,0,0.0,0.0,0,0.0,57.5,5,562500.0,34.84149773721694,18.491128441713904,9,18,5,3,18,0,8,-105.0,70.5,-47.5,5.0,2729004,2052.453408,nan,2.729004,nan,3,1296,867480,6,1859832,18,3,396,192,48,204,51,99,3,0,0,3
987,-47.5,57.5,18,9,0,0.0,0.0,0,0.0,57.5,5,562500.0,67.44955444335938,67.4032096862793,9,18,5,3,18,0,8,-105.0,70.5,-47.5,5.0,2729004,2055.182412,nan,2.729004,nan,3,1296,867480,6,1859832,18,3,396,192,48,204,51,99,3,0,0,3
988,-47.5,57.5,18,9,0,0.0,0.0,0,0.0,57.5,5,562500.0,67.52717717488606,67.4032096862793,9,18,5,3,18,0,8,-105.0,70.5,-47.5,5.0,2729004,2057.911416,nan,2.729004,nan,3,1296,867480,6,1859832,18,3,396,192,48,204,51,99,3,0,0,3
989,-47.5,57.5,18,9,0,0.0,0.0,0,0.0,57.5,5,562500.0,67.52717717488606,67.4032096862793,9,18,5,3,18,0,8,-105.0,70.5,-47.5,5.0,2729004,2060.64042,nan,2.729004,nan,3,1296,867480,6,1859832,18,3,396,192,48,204,51,99,3,0,0,3
990,-47.5,57.5,18,9,0,0.0,0.0,0,0.0,57.5,5,562500.0,35.274512769517095,18.450014160282652,9,18,5,3,18,0,8,-105.0,70.5,-47.5,5.0,2729004,2063.369424,nan,2.729004,nan,3,1296,867480,6,1859832,18,3,396,192,48,204,51,99,3,0,0,3
991,-47.5,57.5,22,11,0,0.0,0.0,0,0.0,57.5,5,562500.0,66.53481038411458,65.95051193237305,11,22,5,3,22,0,8,-105.0,70.5,-47.5,5.0,3142588,2066.512012,nan,3.142588,nan,3,1584,867480,6,2273128,22,3,396,192,48,204,51,99,3,0,0,3
992,-47.5,57.5,20,10,0,0.0,0.0,0,0.0,57.5,5,562500.0,65.69451077779134,64.58177947998047,10,20,5,3,20,0,8,-105.0,70.5,-47.5,5.0,2935796,2069.447808,nan,2.935796,nan,3,1440,867480,6,2066480,20,3,396,192,48,204,51,99,3,0,0,3
993,-47.5,57.5,22,11,0,0.0,0.0,0,0.0,57.5,5,562500.0,66.16419919331868,59.75067138671875,11,22,5,3,22,0,8,-105.0,70.5,-47.5,5.0,3142588,2072.590396,nan,3.142588,nan,3,1584,867480,6,2273128,22,3,396,192,48,204,51,99,3,0,0,3
994,-47.5,57.5,24,12,0,0.0,0.0,0,0.0,57.5,5,562500.0,66.14727592468262,61.96095657348633,12,24,5,3,24,0,8,-105.0,70.5,-47.5,5.0,3349380,2075.939776,nan,3.34938,nan,3,1728,867480,6,2479776,24,3,396,192,48,204,51,99,3,0,0,3
995,-47.5,57.5,22,11,0,0.0,0.0,0,0.0,57.5,5,562500.0,64.46813519795735,61.403079986572266,11,22,5,3,22,0,8,-105.0,70.5,-47.5,5.0,3142588,2079.082364,nan,3.142588,nan,3,1584,867480,6,2273128,22,3,396,192,48,204,51,99,3,0,0,3
996,-47.5,57.5,18,9,0,0.0,0.0,0,0.0,57.5,5,562500.0,68.93473688761394,58.494056701660156,9,18,5,3,18,0,8,-105.0,70.5,-47.5,5.0,2729004,2081.811368,nan,2.729004,nan,3,1296,867480,6,1859832,18,3,396,192,48,204,51,99,3,0,0,3
997,-47.5,57.5,16,8,0,0.0,0.0,0,0.0,57.5,4,562500.0,64.70118618011475,63.57341003417969,8,16,4,2,16,0,6,-105.0,70.5,-47.5,5.0,2232920,2084.044288,nan,2.23292,nan,2,1152,578320,4,1653184,16,2,264,128,32,136,34,66,2,0,0,2
998,-47.5,57.5,14,7,0,0.0,0.0,0,0.0,57.5,3,562500.0,65.00334803263347,58.04655075073242,7,14,3,3,14,0,6,-105.0,70.5,-47.5,5.0,2315420,2086.359708,nan,2.31542,nan,3,1008,867480,6,1446536,14,3,396,192,48,204,51,99,3,0,0,3
999,-47.5,57.5,12,6,0,0.0,0.0,0,0.0,57.5,4,562500.0,34.96676622237598,20.044145501879132,6,12,4,3,12,0,7,-105.0,70.5,-47.5,5.0,2108628,2088.468336,nan,2.108628,nan,3,864,867480,6,1239888,12,3,396,192,48,204,51,99,3,0,0,3
1000,-47.5,57.5,12,6,0,0.0,0.0,0,0.0,57.5,4,562500.0,64.65750821431477,57.58733367919922,6,12,4,3,12,0,7,-105.0,70.5,-47.5,5.0,2108628,2090.576964,nan,2.108628,nan,3,864,867480,6,1239888,12,3,396,192,48,204,51,99,3,0,0,3
