step,contact_threshold_rx_power_dbm,contact_threshold_snr_db,feasible_contact_decisions,feasible_contact_pairs,greedy_comm_bytes,greedy_comm_cumulative_mb,greedy_comm_mb,greedy_events,local_policy_initial_pull_probability,model_transfer_snr_min_db,network_half_duplex_rejections,network_mean_direction_capacity_bytes,network_mean_sinr_db,network_min_sinr_db,network_raw_contact_pairs,network_raw_directed_candidates,network_rejected_transfers,network_scheduled_transfers,network_shortlisted_directed_candidates,network_sinr_or_airtime_rejections,network_transfer_proposals,noise_floor_dbm,propagation_loss_contact_threshold_db,rssi_gossip_threshold_dbm,snr_min_db,t2_b0_comm_bytes,t2_b0_comm_cumulative_mb,t2_b0_comm_cumulative_vs_greedy_ratio,t2_b0_comm_mb,t2_b0_comm_vs_greedy_ratio,t2_b0_events,t2_b0_metadata_bytes,t2_b0_model_bytes,t2_b0_model_messages,t2_b0_policy_bytes,t2_b0_policy_messages,t2_b0_pull_events,t2_b0_scalar_bytes,t2_b0_scalar_control_bytes,t2_b0_scalar_control_messages,t2_b0_scalar_loss_bytes,t2_b0_scalar_loss_messages,t2_b0_scalar_messages,t2_b0_selected_providers,t2_b0_training_sample_bytes,t2_b0_training_sample_messages,t2_b0_valid_pull_events
1,-47.5,57.5,0,0,0,0.0,0.0,0,0.0,57.5,,,,,0,,,0,0,,0,-105.0,70.5,-47.5,5.0,0,0.0,nan,0.0,nan,0,0,0,0,0,0,0,0,0,0,0,0,0,0,0,0,0
2,-47.5,57.5,2,1,0,0.0,0.0,0,0.0,57.5,1,562500.0,67.51024436950684,67.5102424621582,1,2,1,1,2,0,2,-105.0,70.5,-47.5,5.0,496084,0.496084,nan,0.496084,nan,1,144,289160,2,206648,2,1,132,64,16,68,17,33,1,0,0,1
3,-47.5,57.5,8,4,0,0.0,0.0,0,0.0,57.5,3,562500.0,41.89995434479886,32.358795085013604,4,8,3,4,8,0,7,-105.0,70.5,-47.5,5.0,1984264,2.480348,nan,1.984264,nan,4,504,1156640,8,826592,8,4,528,256,64,272,68,132,4,0,0,4
4,-47.5,57.5,12,6,0,0.0,0.0,0,0.0,57.5,4,562500.0,44.1691630078695,33.349464619859326,6,12,4,5,12,0,9,-105.0,70.5,-47.5,5.0,2687068,5.167416,nan,2.687068,nan,5,720,1445800,10,1239888,12,5,660,320,80,340,85,165,5,0,0,5
5,-47.5,57.5,18,9,0,0.0,0.0,0,0.0,57.5,3,562500.0,44.93021930764348,31.779844721240448,9,18,3,5,18,0,8,-105.0,70.5,-47.5,5.0,3307084,8.4745,nan,3.307084,nan,5,792,1445800,10,1859832,18,5,660,320,80,340,85,165,5,0,0,5
6,-47.5,57.5,22,11,0,0.0,0.0,0,0.0,57.5,5,562500.0,36.61948463590503,22.656253762386534,11,22,5,6,22,0,11,-105.0,70.5,-47.5,5.0,4010176,12.484676,nan,4.010176,nan,6,1296,1734960,12,2273128,22,6,792,384,96,408,102,198,6,0,0,6
7,-47.5,57.5,22,11,0,0.0,0.0,0,0.0,57.5,4,562500.0,32.59921469982612,18.316137598575995,11,22,4,7,22,0,11,-105.0,70.5,-47.5,5.0,4299252,16.783928,nan,4.299252,nan,7,1080,2024120,14,2273128,22,7,924,448,112,476,119,231,7,0,0,7
8,-47.5,57.5,24,12,0,0.0,0.0,0,0.0,57.5,4,562500.0,25.930186880397038,18.51143717321917,12,24,4,5,24,0,9,-105.0,70.5,-47.5,5.0,3927316,20.711244,nan,3.927316,nan,5,1080,1445800,10,2479776,24,5,660,320,80,340,85,165,5,0,0,5
9,-47.5,57.5,28,14,0,0.0,0.0,0,0.0,57.5,4,562500.0,41.954244756577864,18.760037679807112,14,28,4,5,28,0,9,-105.0,70.5,-47.5,5.0,4341044,25.052288,nan,4.341044,nan,5,1512,1445800,10,2893072,28,5,660,320,80,340,85,165,5,0,0,5
10,-47.5,57.5,34,17,0,0.0,0.0,0,0.0,57.5,8,562500.0,42.36065222137394,19.396823423391048,17,34,8,5,34,0,13,-105.0,70.5,-47.5,5.0,4961492,30.01378,nan,4.961492,nan,5,2016,1445800,10,3513016,34,5,660,320,80,340,85,165,5,0,0,5
11,-47.5,57.5,46,23,0,0.0,0.0,0,0.0,57.5,7,562500.0,41.34135085130957,21.53323510030713,23,46,7,7,46,0,14,-105.0,70.5,-47.5,5.0,6780468,36.794248,nan,6.780468,nan,7,2520,2024120,14,4752904,46,7,924,448,112,476,119,231,7,0,0,7
12,-47.5,57.5,56,28,0,0.0,0.0,0,0.0,57.5,8,562500.0,41.82244235222685,25.959493522934693,28,56,8,7,56,0,15,-105.0,70.5,-47.5,5.0,7814428,44.608676,nan,7.814428,nan,7,3240,2024120,14,5786144,56,7,924,448,112,476,119,231,7,0,0,7
13,-47.5,57.5,56,28,0,0.0,0.0,0,0.0,57.5,8,562500.0,44.81064171353533,33.27223808765771,28,56,8,7,56,0,15,-105.0,70.5,-47.5,5.0,7814428,52.423104,nan,7.814428,nan,7,3240,2024120,14,5786144,56,7,924,448,112,476,119,231,7,0,0,7
14,-47.5,57.5,56,28,0,0.0,0.0,0,0.0,57.5,9,562500.0,40.554396222775985,23.762228495452945,28,56,9,6,56,0,15,-105.0,70.5,-47.5,5.0,7525136,59.94824,nan,7.525136,nan,6,3240,1734960,12,5786144,56,6,792,384,96,408,102,198,6,0,0,6
15,-47.5,57.5,42,21,0,0.0,0.0,0,0.0,57.5,8,562500.0,45.03090378811886,23.245903665045688,21,42,8,7,42,0,15,-105.0,70.5,-47.5,5.0,6367100,66.31534,nan,6.3671,nan,7,2448,2024120,14,4339608,42,7,924,448,112,476,119,231,7,0,0,7
16,-47.5,57.5,46,23,0,0.0,0.0,0,0.0,57.5,6,562500.0,40.99446475549056,19.774205102594994,23,46,6,6,46,0,12,-105.0,70.5,-47.5,5.0,6490960,72.8063,nan,6.49096,nan,6,2304,1734960,12,4752904,46,6,792,384,96,408,102,198,6,0,0,6
17,-47.5,57.5,38,19,0,0.0,0.0,0,0.0,57.5,8,562500.0,33.05228332841223,18.264401886811797,19,38,8,8,38,0,16,-105.0,70.5,-47.5,5.0,6242880,79.04918,nan,6.24288,nan,8,2232,2313280,16,3926312,38,8,1056,512,128,544,136,264,8,0,0,8
18,-47.5,57.5,38,19,0,0.0,0.0,0,0.0,57.5,7,562500.0,41.00883058831742,28.81545880367106,19,38,7,7,38,0,14,-105.0,70.5,-47.5,5.0,5953372,85.002552,nan,5.953372,nan,7,2016,2024120,14,3926312,38,7,924,448,112,476,119,231,7,0,0,7
19,-47.5,57.5,46,23,0,0.0,0.0,0,0.0,57.5,9,531908.6797840662,30.764540779106113,9.609541379226371,23,46,9,8,46,0,17,-105.0,70.5,-47.5,5.0,7070048,92.0726,nan,7.070048,nan,8,2808,2313280,16,4752904,46,8,1056,512,128,544,136,264,8,0,0,8
20,-47.5,57.5,48,24,0,0.0,0.0,0,0.0,57.5,8,562500.0,37.681249569780405,28.01157303947854,24,48,8,8,48,0,16,-105.0,70.5,-47.5,5.0,7276984,99.349584,nan,7.276984,nan,8,3096,2313280,16,4959552,48,8,1056,512,128,544,136,264,8,0,0,8
21,-47.5,57.5,44,22,0,0.0,0.0,0,0.0,57.5,9,562500.0,51.58823411120865,45.31904999101698,22,44,9,5,44,0,14,-105.0,70.5,-47.5,5.0,5995236,105.34482,nan,5.995236,nan,5,2520,1445800,10,4546256,44,5,660,320,80,340,85,165,5,0,0,5
22,-47.5,57.5,40,20,0,0.0,0.0,0,0.0,57.5,10,562500.0,48.983730926612346,38.66427170266923,20,40,10,6,40,0,16,-105.0,70.5,-47.5,5.0,5871160,111.21598,nan,5.87116,nan,6,2448,1734960,12,4132960,40,6,792,384,96,408,102,198,6,0,0,6
23,-47.5,57.5,34,17,0,0.0,0.0,0,0.0,57.5,8,562500.0,28.21161157107058,18.11829569801396,17,34,8,6,34,0,14,-105.0,70.5,-47.5,5.0,5251000,116.46698,nan,5.251,nan,6,2232,1734960,12,3513016,34,6,792,384,96,408,102,198,6,0,0,6
24,-47.5,57.5,38,19,0,0.0,0.0,0,0.0,57.5,7,562500.0,55.16031792305698,39.90705939259232,19,38,7,7,38,0,14,-105.0,70.5,-47.5,5.0,5953516,122.420496,nan,5.953516,nan,7,2160,2024120,14,3926312,38,7,924,448,112,476,119,231,7,0,0,7
25,-47.5,57.5,36,18,0,0.0,0.0,0,0.0,57.5,4,562500.0,39.47206865077248,19.034110854517916,18,36,4,6,36,0,10,-105.0,70.5,-47.5,5.0,5457000,127.877496,nan,5.457,nan,6,1584,1734960,12,3719664,36,6,792,384,96,408,102,198,6,0,0,6
26,-47.5,57.5,40,20,0,0.0,0.0,0,0.0,57.5,6,562500.0,36.94413493358307,18.062481955551164,20,40,6,7,40,0,13,-105.0,70.5,-47.5,5.0,6160020,134.037516,nan,6.16002,nan,7,2016,2024120,14,4132960,40,7,924,448,112,476,119,231,7,0,0,7
27,-47.5,57.5,40,20,0,0.0,0.0,0,0.0,57.5,7,562500.0,35.005550087506364,19.128463982945615,20,40,7,7,40,0,14,-105.0,70.5,-47.5,5.0,6160236,140.197752,nan,6.160236,nan,7,2232,2024120,14,4132960,40,7,924,448,112,476,119,231,7,0,0,7
28,-47.5,57.5,40,20,0,0.0,0.0,0,0.0,57.5,8,562500.0,37.20594889546862,18.396845582235553,20,40,8,6,40,0,14,-105.0,70.5,-47.5,5.0,5870872,146.068624,nan,5.870872,nan,6,2160,1734960,12,4132960,40,6,792,384,96,408,102,198,6,0,0,6
29,-47.5,57.5,38,19,0,0.0,0.0,0,0.0,57.5,6,562500.0,32.39392612388469,18.140886335085366,19,38,6,7,38,0,13,-105.0,70.5,-47.5,5.0,5953300,152.021924,nan,5.9533,nan,7,1944,2024120,14,3926312,38,7,924,448,112,476,119,231,7,0,0,7
30,-47.5,57.5,40,20,0,0.0,0.0,0,0.0,57.5,8,562500.0,51.07052608274749,40.24003197505066,20,40,8,5,40,0,13,-105.0,70.5,-47.5,5.0,5581508,157.603432,nan,5.581508,nan,5,2088,1445800,10,4132960,40,5,660,320,80,340,85,165,5,0,0,5
31,-47.5,57.5,40,20,0,0.0,0.0,0,0.0,57.5,8,562500.0,38.453065956074134,19.84545525343031,20,40,8,6,40,0,14,-105.0,70.5,-47.5,5.0,5871016,163.474448,nan,5.871016,nan,6,2304,1734960,12,4132960,40,6,792,384,96,408,102,198,6,0,0,6
32,-47.5,57.5,38,19,0,0.0,0.0,0,0.0,57.5,9,562500.0,28.51182852495437,18.140886335085366,19,38,9,5,38,0,14,-105.0,70.5,-47.5,5.0,5374860,168.849308,nan,5.37486,nan,5,2088,1445800,10,3926312,38,5,660,320,80,340,85,165,5,0,0,5
33,-47.5,57.5,36,18,0,0.0,0.0,0,0.0,57.5,9,562500.0,41.98673657845278,18.140886335085366,18,36,9,7,36,0,16,-105.0,70.5,-47.5,5.0,5747012,174.59632,nan,5.747012,nan,7,2304,2024120,14,3719664,36,7,924,448,112,476,119,231,7,0,0,7
34,-47.5,57.5,36,18,0,0.0,0.0,0,0.0,57.5,7,562500.0,34.01827699090102,19.286121870231902,18,36,7,6,36,0,13,-105.0,70.5,-47.5,5.0,5457504,180.053824,nan,5.457504,nan,6,2088,1734960,12,3719664,36,6,792,384,96,408,102,198,6,0,0,6
35,-47.5,57.5,36,18,0,0.0,0.0,0,0.0,57.5,7,562500.0,52.535001358409154,40.240050894914134,18,36,7,6,36,0,13,-105.0,70.5,-47.5,5.0,5457216,185.51104,nan,5.457216,nan,6,1800,1734960,12,3719664,36,6,792,384,96,408,102,198,6,0,0,6
36,-47.5,57.5,34,17,0,0.0,0.0,0,0.0,57.5,7,562500.0,43.200651864719866,18.98102095679376,17,34,7,7,34,0,14,-105.0,70.5,-47.5,5.0,5540076,191.051116,nan,5.540076,nan,7,2016,2024120,14,3513016,34,7,924,448,112,476,119,231,7,0,0,7
37,-47.5,57.5,34,17,0,0.0,0.0,0,0.0,57.5,7,562500.0,43.584417647627895,19.10734445250857,17,34,7,7,34,0,14,-105.0,70.5,-47.5,5.0,5539932,196.591048,nan,5.539932,nan,7,1872,2024120,14,3513016,34,7,924,448,112,476,119,231,7,0,0,7
38,-47.5,57.5,34,17,0,0.0,0.0,0,0.0,57.5,7,562500.0,29.19652054373101,19.14868881734059,17,34,7,5,34,0,12,-105.0,70.5,-47.5,5.0,4961204,201.552252,nan,4.961204,nan,5,1728,1445800,10,3513016,34,5,660,320,80,340,85,165,5,0,0,5
39,-47.5,57.5,34,17,0,0.0,0.0,0,0.0,57.5,7,562500.0,39.67974878184942,19.115289621029817,17,34,7,6,34,0,13,-105.0,70.5,-47.5,5.0,5250568,206.80282,nan,5.250568,nan,6,1800,1734960,12,3513016,34,6,792,384,96,408,102,198,6,0,0,6
40,-47.5,57.5,34,17,0,0.0,0.0,0,0.0,57.5,8,562500.0,29.19652053768977,19.148688756928195,17,34,8,5,34,0,13,-105.0,70.5,-47.5,5.0,4961348,211.764168,nan,4.961348,nan,5,1872,1445800,10,3513016,34,5,660,320,80,340,85,165,5,0,0,5
41,-47.5,57.5,36,18,0,0.0,0.0,0,0.0,57.5,7,562500.0,41.07172498551284,19.115289621029817,18,36,7,7,36,0,14,-105.0,70.5,-47.5,5.0,5746652,217.51082,nan,5.746652,nan,7,1944,2024120,14,3719664,36,7,924,448,112,476,119,231,7,0,0,7
42,-47.5,57.5,42,21,0,0.0,0.0,0,0.0,57.5,8,562500.0,39.818644308921684,19.148688756928195,21,42,8,6,42,0,14,-105.0,70.5,-47.5,5.0,6077880,223.5887,nan,6.07788,nan,6,2520,1734960,12,4339608,42,6,792,384,96,408,102,198,6,0,0,6
43,-47.5,57.5,44,22,0,0.0,0.0,0,0.0,57.5,6,562500.0,43.4333121219863,19.115289621029817,22,44,6,7,44,0,13,-105.0,70.5,-47.5,5.0,6573388,230.162088,nan,6.573388,nan,7,2088,2024120,14,4546256,44,7,924,448,112,476,119,231,7,0,0,7
44,-47.5,57.5,44,22,0,0.0,0.0,0,0.0,57.5,8,562500.0,34.59853026987034,18.950702798032925,22,44,8,6,44,0,14,-105.0,70.5,-47.5,5.0,6284672,236.44676,nan,6.284672,nan,6,2664,1734960,12,4546256,44,6,792,384,96,408,102,198,6,0,0,6
45,-47.5,57.5,44,22,0,0.0,0.0,0,0.0,57.5,5,562500.0,38.85656981687097,18.712600872926252,22,44,5,8,44,0,13,-105.0,70.5,-47.5,5.0,6862896,243.309656,nan,6.862896,nan,8,2304,2313280,16,4546256,44,8,1056,512,128,544,136,264,8,0,0,8
46,-47.5,57.5,60,30,0,0.0,0.0,0,0.0,57.5,8,562500.0,46.20908808315616,41.55030878675717,30,60,8,4,60,0,12,-105.0,70.5,-47.5,5.0,7359488,250.669144,nan,7.359488,nan,4,2880,1156640,8,6199440,60,4,528,256,64,272,68,132,4,0,0,4
47,-47.5,57.5,60,30,0,0.0,0.0,0,0.0,57.5,11,562500.0,53.63867559196483,44.54584175940684,30,60,11,5,60,0,16,-105.0,70.5,-47.5,5.0,7649500,258.318644,nan,7.6495,nan,5,3600,1445800,10,6199440,60,5,660,320,80,340,85,165,5,0,0,5
48,-47.5,57.5,60,30,0,0.0,0.0,0,0.0,57.5,9,562500.0,51.454981416051794,45.49996840884846,30,60,9,5,60,0,14,-105.0,70.5,-47.5,5.0,7648996,265.96764,nan,7.648996,nan,5,3096,1445800,10,6199440,60,5,660,320,80,340,85,165,5,0,0,5
49,-47.5,57.5,70,35,0,0.0,0.0,0,0.0,57.5,10,562500.0,54.557095688161155,42.53528301264201,35,70,10,5,70,0,15,-105.0,70.5,-47.5,5.0,8683028,274.650668,nan,8.683028,nan,5,3888,1445800,10,7232680,70,5,660,320,80,340,85,165,5,0,0,5
50,-47.5,57.5,72,36,0,0.0,0.0,0,0.0,57.5,10,534702.6219776218,33.837065667830686,11.829425419071484,36,72,10,6,72,0,16,-105.0,70.5,-47.5,5.0,9179616,283.830284,nan,9.179616,nan,6,4536,1734960,12,7439328,72,6,792,384,96,408,102,198,6,0,0,6
51,-47.5,57.5,72,36,0,0.0,0.0,0,0.0,57.5,11,562500.0,32.07242177123294,20.73840818927778,36,72,11,5,72,0,16,-105.0,70.5,-47.5,5.0,8890108,292.720392,nan,8.890108,nan,5,4320,1445800,10,7439328,72,5,660,320,80,340,85,165,5,0,0,5
52,-47.5,57.5,72,36,0,0.0,0.0,0,0.0,57.5,9,561877.4735017493,36.7617476276366,17.749618232942765,36,72,9,6,72,0,15,-105.0,70.5,-47.5,5.0,9179184,301.899576,nan,9.179184,nan,6,4104,1734960,12,7439328,72,6,792,384,96,408,102,198,6,0,0,6
53,-47.5,57.5,76,38,0,0.0,0.0,0,0.0,57.5,10,562500.0,43.75093608396501,20.473370793483202,38,76,10,6,76,0,16,-105.0,70.5,-47.5,5.0,9593128,311.492704,nan,9.593128,nan,6,4752,1734960,12,7852624,76,6,792,384,96,408,102,198,6,0,0,6
54,-47.5,57.5,76,38,0,0.0,0.0,0,0.0,57.5,11,525910.9484343134,39.0950441968216,8.599132544269077,38,76,11,7,76,0,18,-105.0,70.5,-47.5,5.0,9882492,321.375196,nan,9.882492,nan,7,4824,2024120,14,7852624,76,7,924,448,112,476,119,231,7,0,0,7
55,-47.5,57.5,66,33,0,0.0,0.0,0,0.0,57.5,11,562500.0,51.61280402981108,40.3774385104161,33,66,11,6,66,0,17,-105.0,70.5,-47.5,5.0,8559528,329.934724,nan,8.559528,nan,6,4392,1734960,12,6819384,66,6,792,384,96,408,102,198,6,0,0,6
56,-47.5,57.5,64,32,0,0.0,0.0,0,0.0,57.5,7,562500.0,43.01539628704421,20.582561624469314,32,64,8,7,64,1,15,-105.0,70.5,-47.5,5.0,8641092,338.575816,nan,8.641092,nan,7,3312,2024120,14,6612736,64,7,924,448,112,476,119,231,7,0,0,7
57,-47.5,57.5,56,28,0,0.0,0.0,0,0.0,57.5,8,562500.0,41.56833943692402,28.646599331686538,28,56,8,7,56,0,15,-105.0,70.5,-47.5,5.0,7814644,346.39046,nan,7.814644,nan,7,3456,2024120,14,5786144,56,7,924,448,112,476,119,231,7,0,0,7
58,-47.5,57.5,52,26,0,0.0,0.0,0,0.0,57.5,9,562500.0,45.953181078938634,33.416086400697466,26,52,9,5,52,0,14,-105.0,70.5,-47.5,5.0,6822260,353.21272,nan,6.82226,nan,5,2952,1445800,10,5372848,52,5,660,320,80,340,85,165,5,0,0,5
59,-47.5,57.5,46,23,0,0.0,0.0,0,0.0,57.5,9,562500.0,44.93596313576082,19.30747782971637,23,46,9,7,46,0,16,-105.0,70.5,-47.5,5.0,6780756,359.993476,nan,6.780756,nan,7,2808,2024120,14,4752904,46,7,924,448,112,476,119,231,7,0,0,7
60,-47.5,57.5,48,24,0,0.0,0.0,0,0.0,57.5,7,562500.0,44.49482196028946,22.724789404350695,24,48,7,7,48,0,14,-105.0,70.5,-47.5,5.0,6987116,366.980592,nan,6.987116,nan,7,2520,2024120,14,4959552,48,7,924,448,112,476,119,231,7,0,0,7
61,-47.5,57.5,36,18,0,0.0,0.0,0,0.0,57.5,7,562500.0,42.24887988015551,19.309489517040298,18,36,7,8,36,0,15,-105.0,70.5,-47.5,5.0,6036088,373.01668,nan,6.036088,nan,8,2088,2313280,16,3719664,36,8,1056,512,128,544,136,264,8,0,0,8
62,-47.5,57.5,32,16,0,0.0,0.0,0,0.0,57.5,5,562500.0,40.2915942177391,23.332749723660985,16,32,5,7,32,0,12,-105.0,70.5,-47.5,5.0,5332924,378.349604,nan,5.332924,nan,7,1512,2024120,14,3306368,32,7,924,448,112,476,119,231,7,0,0,7
63,-47.5,57.5,30,15,0,0.0,0.0,0,0.0,57.5,6,562500.0,41.699345557816464,32.781846212262934,15,30,6,6,30,0,12,-105.0,70.5,-47.5,5.0,4836912,383.186516,nan,4.836912,nan,6,1440,1734960,12,3099720,30,6,792,384,96,408,102,198,6,0,0,6
64,-47.5,57.5,36,18,0,0.0,0.0,0,0.0,57.5,6,562500.0,40.76401196390072,24.471087057265276,18,36,6,6,36,0,12,-105.0,70.5,-47.5,5.0,5457576,388.644092,nan,5.457576,nan,6,2160,1734960,12,3719664,36,6,792,384,96,408,102,198,6,0,0,6
65,-47.5,57.5,36,18,0,0.0,0.0,0,0.0,57.5,7,562500.0,42.72384151225435,29.088956861466244,18,36,7,5,36,0,12,-105.0,70.5,-47.5,5.0,5168212,393.812304,nan,5.168212,nan,5,2088,1445800,10,3719664,36,5,660,320,80,340,85,165,5,0,0,5
66,-47.5,57.5,36,18,0,0.0,0.0,0,0.0,57.5,7,562500.0,41.4189604380085,31.426584262664846,18,36,7,5,36,0,12,-105.0,70.5,-47.5,5.0,5168284,398.980588,nan,5.168284,nan,5,2160,1445800,10,3719664,36,5,660,320,80,340,85,165,5,0,0,5
67,-47.5,57.5,40,20,0,0.0,0.0,0,0.0,57.5,5,562500.0,37.41516343025181,19.76472528125304,20,40,5,8,40,0,13,-105.0,70.5,-47.5,5.0,6449456,405.430044,nan,6.449456,nan,8,2160,2313280,16,4132960,40,8,1056,512,128,544,136,264,8,0,0,8
68,-47.5,57.5,36,18,0,0.0,0.0,0,0.0,57.5,4,562500.0,43.66999045949097,27.226656909657784,18,36,4,6,36,0,10,-105.0,70.5,-47.5,5.0,5457000,410.887044,nan,5.457,nan,6,1584,1734960,12,3719664,36,6,792,384,96,408,102,198,6,0,0,6
69,-47.5,57.5,42,21,0,0.0,0.0,0,0.0,57.5,6,562500.0,34.747750122421834,21.088589176471647,21,42,6,6,42,0,12,-105.0,70.5,-47.5,5.0,6077520,416.964564,nan,6.07752,nan,6,2160,1734960,12,4339608,42,6,792,384,96,408,102,198,6,0,0,6
70,-47.5,57.5,44,22,0,0.0,0.0,0,0.0,57.5,7,562500.0,37.905893790903086,18.709447947117543,22,44,7,6,44,0,13,-105.0,70.5,-47.5,5.0,6284528,423.249092,nan,6.284528,nan,6,2520,1734960,12,4546256,44,6,792,384,96,408,102,198,6,0,0,6
71,-47.5,57.5,46,23,0,0.0,0.0,0,0.0,57.5,7,562500.0,40.279550770044374,26.124024383054397,23,46,7,6,46,0,13,-105.0,70.5,-47.5,5.0,6491608,429.7407,nan,6.491608,nan,6,2952,1734960,12,4752904,46,6,792,384,96,408,102,198,6,0,0,6
72,-47.5,57.5,50,25,0,0.0,0.0,0,0.0,57.5,9,562500.0,51.101489359527136,36.53540174499323,25,50,9,6,50,0,15,-105.0,70.5,-47.5,5.0,6904688,436.645388,nan,6.904688,nan,6,2736,1734960,12,5166200,50,6,792,384,96,408,102,198,6,0,0,6
73,-47.5,57.5,52,26,0,0.0,0.0,0,0.0,57.5,6,562500.0,36.58708699101796,19.682009714510862,26,52,6,6,52,0,12,-105.0,70.5,-47.5,5.0,7111696,443.757084,nan,7.111696,nan,6,3096,1734960,12,5372848,52,6,792,384,96,408,102,198,6,0,0,6
74,-47.5,57.5,52,26,0,0.0,0.0,0,0.0,57.5,6,562500.0,49.82951103877705,40.398107673071465,26,52,6,6,52,0,12,-105.0,70.5,-47.5,5.0,7111624,450.868708,nan,7.111624,nan,6,3024,1734960,12,5372848,52,6,792,384,96,408,102,198,6,0,0,6
75,-47.5,57.5,48,24,0,0.0,0.0,0,0.0,57.5,4,562500.0,48.93247886497877,22.307171640944503,24,48,4,5,48,0,9,-105.0,70.5,-47.5,5.0,6409036,457.277744,nan,6.409036,nan,5,3024,1445800,10,4959552,48,5,660,320,80,340,85,165,5,0,0,5
76,-47.5,57.5,46,23,0,0.0,0.0,0,0.0,57.5,8,562500.0,37.12173275720214,19.31819269563537,23,46,8,6,46,0,14,-105.0,70.5,-47.5,5.0,6491968,463.769712,nan,6.491968,nan,6,3312,1734960,12,4752904,46,6,792,384,96,408,102,198,6,0,0,6
77,-47.5,57.5,46,23,0,0.0,0.0,0,0.0,57.5,5,562500.0,43.76878366799311,20.592669597289518,23,46,5,5,46,0,10,-105.0,70.5,-47.5,5.0,6202460,469.972172,nan,6.20246,nan,5,3096,1445800,10,4752904,46,5,660,320,80,340,85,165,5,0,0,5
78,-47.5,57.5,42,21,0,0.0,0.0,0,0.0,57.5,7,562500.0,26.700116755024872,18.07489399619886,21,42,7,5,42,0,12,-105.0,70.5,-47.5,5.0,5788876,475.761048,nan,5.788876,nan,5,2808,1445800,10,4339608,42,5,660,320,80,340,85,165,5,0,0,5
79,-47.5,57.5,40,20,0,0.0,0.0,0,0.0,57.5,3,562500.0,42.74096483238163,20.433566861208558,20,40,3,6,40,0,9,-105.0,70.5,-47.5,5.0,5871376,481.632424,nan,5.871376,nan,6,2664,1734960,12,4132960,40,6,792,384,96,408,102,198,6,0,0,6
80,-47.5,57.5,40,20,0,0.0,0.0,0,0.0,57.5,7,562500.0,36.85515283553296,19.928564889803845,20,40,7,5,40,0,12,-105.0,70.5,-47.5,5.0,5582228,487.214652,nan,5.582228,nan,5,2808,1445800,10,4132960,40,5,660,320,80,340,85,165,5,0,0,5
81,-47.5,57.5,40,20,0,0.0,0.0,0,0.0,57.5,3,532754.116775942,33.108773618548376,10.03388622028681,20,40,3,8,40,0,11,-105.0,70.5,-47.5,5.0,6449960,493.664612,nan,6.44996,nan,8,2664,2313280,16,4132960,40,8,1056,512,128,544,136,264,8,0,0,8
82,-47.5,57.5,42,21,0,0.0,0.0,0,0.0,57.5,5,562500.0,32.150954025976226,20.012392862419862,21,42,5,6,42,0,11,-105.0,70.5,-47.5,5.0,6078024,499.742636,nan,6.078024,nan,6,2664,1734960,12,4339608,42,6,792,384,96,408,102,198,6,0,0,6
83,-47.5,57.5,40,20,0,0.0,0.0,0,0.0,57.5,2,562500.0,35.29042177991953,21.951441928279035,20,40,2,7,40,0,9,-105.0,70.5,-47.5,5.0,6160668,505.903304,nan,6.160668,nan,7,2664,2024120,14,4132960,40,7,924,448,112,476,119,231,7,0,0,7
84,-47.5,57.5,40,20,0,0.0,0.0,0,0.0,57.5,7,562500.0,35.6113515325186,18.296958141437088,20,40,7,7,40,0,14,-105.0,70.5,-47.5,5.0,6160812,512.064116,nan,6.160812,nan,7,2808,2024120,14,4132960,40,7,924,448,112,476,119,231,7,0,0,7
85,-47.5,57.5,40,20,0,0.0,0.0,0,0.0,57.5,2,562500.0,42.6285982914029,36.370927428696646,20,40,2,6,40,0,8,-105.0,70.5,-47.5,5.0,5870944,517.93506,nan,5.870944,nan,6,2232,1734960,12,4132960,40,6,792,384,96,408,102,198,6,0,0,6
86,-47.5,57.5,42,21,0,0.0,0.0,0,0.0,57.5,6,562500.0,34.242961602309315,18.14339374089273,21,42,6,6,42,0,12,-105.0,70.5,-47.5,5.0,6078024,524.013084,nan,6.078024,nan,6,2664,1734960,12,4339608,42,6,792,384,96,408,102,198,6,0,0,6
87,-47.5,57.5,44,22,0,0.0,0.0,0,0.0,57.5,3,562500.0,40.144371622508885,29.471897924458588,22,44,3,8,44,0,11,-105.0,70.5,-47.5,5.0,6863400,530.876484,nan,6.8634,nan,8,2808,2313280,16,4546256,44,8,1056,512,128,544,136,264,8,0,0,8
88,-47.5,57.5,48,24,0,0.0,0.0,0,0.0,57.5,6,562500.0,42.134259187520236,19.565163867494505,24,48,6,6,48,0,12,-105.0,70.5,-47.5,5.0,6698184,537.574668,nan,6.698184,nan,6,2880,1734960,12,4959552,48,6,792,384,96,408,102,198,6,0,0,6
89,-47.5,57.5,50,25,0,0.0,0.0,0,0.0,57.5,5,562500.0,37.25961687032415,18.899926944365177,25,50,5,6,50,0,11,-105.0,70.5,-47.5,5.0,6905120,544.479788,nan,6.90512,nan,6,3168,1734960,12,5166200,50,6,792,384,96,408,102,198,6,0,0,6
90,-47.5,57.5,50,25,0,0.0,0.0,0,0.0,57.5,7,562500.0,35.518021888748464,18.07600407379946,25,50,7,6,50,0,13,-105.0,70.5,-47.5,5.0,6905264,551.385052,nan,6.905264,nan,6,3312,1734960,12,5166200,50,6,792,384,96,408,102,198,6,0,0,6
91,-47.5,57.5,60,30,0,0.0,0.0,0,0.0,57.5,6,562500.0,46.96542742236232,26.09284938065526,30,60,6,6,60,0,12,-105.0,70.5,-47.5,5.0,7939080,559.324132,nan,7.93908,nan,6,3888,1734960,12,6199440,60,6,792,384,96,408,102,198,6,0,0,6
92,-47.5,57.5,60,30,0,0.0,0.0,0,0.0,57.5,9,562500.0,38.709669108356046,18.70780272325093,30,60,9,5,60,0,14,-105.0,70.5,-47.5,5.0,7649716,566.973848,nan,7.649716,nan,5,3816,1445800,10,6199440,60,5,660,320,80,340,85,165,5,0,0,5
93,-47.5,57.5,60,30,0,0.0,0.0,0,0.0,57.5,8,562500.0,51.06902899242781,43.46047037861069,30,60,8,6,60,0,14,-105.0,70.5,-47.5,5.0,7939296,574.913144,nan,7.939296,nan,6,4104,1734960,12,6199440,60,6,792,384,96,408,102,198,6,0,0,6
94,-47.5,57.5,62,31,0,0.0,0.0,0,0.0,57.5,10,562500.0,43.55160673950967,28.303371271828198,31,62,10,5,62,0,15,-105.0,70.5,-47.5,5.0,7856508,582.769652,nan,7.856508,nan,5,3960,1445800,10,6406088,62,5,660,320,80,340,85,165,5,0,0,5
95,-47.5,57.5,64,32,0,0.0,0.0,0,0.0,57.5,7,562500.0,47.11424367073316,19.27289266694215,32,64,7,5,64,0,12,-105.0,70.5,-47.5,5.0,8063012,590.832664,nan,8.063012,nan,5,3816,1445800,10,6612736,64,5,660,320,80,340,85,165,5,0,0,5
96,-47.5,57.5,46,23,0,0.0,0.0,0,0.0,57.5,9,562500.0,45.14254183378856,18.669800376947723,23,46,9,6,46,0,15,-105.0,70.5,-47.5,5.0,6491608,597.324272,nan,6.491608,nan,6,2952,1734960,12,4752904,46,6,792,384,96,408,102,198,6,0,0,6
97,-47.5,57.5,36,18,0,0.0,0.0,0,0.0,57.5,5,562500.0,45.58239366283885,25.995830728099456,18,36,5,6,36,0,11,-105.0,70.5,-47.5,5.0,5457576,602.781848,nan,5.457576,nan,6,2160,1734960,12,3719664,36,6,792,384,96,408,102,198,6,0,0,6
98,-47.5,57.5,24,12,0,0.0,0.0,0,0.0,57.5,7,562500.0,37.297999535211495,22.56327374392551,12,24,7,6,24,0,13,-105.0,70.5,-47.5,5.0,4217184,606.999032,nan,4.217184,nan,6,1656,1734960,12,2479776,24,6,792,384,96,408,102,198,6,0,0,6
99,-47.5,57.5,24,12,0,0.0,0.0,0,0.0,57.5,4,562500.0,50.660623511183864,46.64676620762445,12,24,4,3,24,0,7,-105.0,70.5,-47.5,5.0,3348948,610.34798,nan,3.348948,nan,3,1296,867480,6,2479776,24,3,396,192,48,204,51,99,3,0,0,3
100,-47.5,57.5,28,14,0,0.0,0.0,0,0.0,57.5,7,562500.0,49.82022379597885,37.208664441548386,14,28,7,3,28,0,10,-105.0,70.5,-47.5,5.0,3762964,614.110944,nan,3.762964,nan,3,2016,867480,6,2893072,28,3,396,192,48,204,51,99,3,0,0,3
101,-47.5,57.5,34,17,0,0.0,0.0,0,0.0,57.5,7,562500.0,34.938590623112546,24.34650212595967,17,34,7,4,34,0,11,-105.0,70.5,-47.5,5.0,4672344,618.783288,nan,4.672344,nan,4,2160,1156640,8,3513016,34,4,528,256,64,272,68,132,4,0,0,4
102,-47.5,57.5,32,16,0,0.0,0.0,0,0.0,57.5,7,562500.0,41.2401801452817,19.427666168234992,16,32,7,5,32,0,12,-105.0,70.5,-47.5,5.0,4754844,623.538132,nan,4.754844,nan,5,2016,1445800,10,3306368,32,5,660,320,80,340,85,165,5,0,0,5
103,-47.5,57.5,36,18,0,0.0,0.0,0,0.0,57.5,5,562500.0,33.65459271111256,18.05143966728498,18,36,5,5,36,0,10,-105.0,70.5,-47.5,5.0,5167924,628.706056,nan,5.167924,nan,5,1800,1445800,10,3719664,36,5,660,320,80,340,85,165,5,0,0,5
104,-47.5,57.5,42,21,0,0.0,0.0,0,0.0,57.5,7,562500.0,57.89844336636203,43.930738592127256,21,42,7,4,42,0,11,-105.0,70.5,-47.5,5.0,5499512,634.205568,nan,5.499512,nan,4,2736,1156640,8,4339608,42,4,528,256,64,272,68,132,4,0,0,4
105,-47.5,57.5,44,22,0,0.0,0.0,0,0.0,57.5,8,562500.0,46.35557458272079,29.55468412955495,22,44,8,5,44,0,13,-105.0,70.5,-47.5,5.0,5995596,640.201164,nan,5.995596,nan,5,2880,1445800,10,4546256,44,5,660,320,80,340,85,165,5,0,0,5
106,-47.5,57.5,34,17,0,0.0,0.0,0,0.0,57.5,8,562500.0,47.41641015837034,40.21657375417011,17,34,8,5,34,0,13,-105.0,70.5,-47.5,5.0,4961780,645.162944,nan,4.96178,nan,5,2304,1445800,10,3513016,34,5,660,320,80,340,85,165,5,0,0,5
107,-47.5,57.5,30,15,0,0.0,0.0,0,0.0,57.5,5,562500.0,51.19023646504526,35.55942032072754,15,30,5,5,30,0,10,-105.0,70.5,-47.5,5.0,4547620,649.710564,nan,4.54762,nan,5,1440,1445800,10,3099720,30,5,660,320,80,340,85,165,5,0,0,5
108,-47.5,57.5,30,15,0,0.0,0.0,0,0.0,57.5,6,562500.0,41.163114215936616,20.588267769099993,15,30,6,5,30,0,11,-105.0,70.5,-47.5,5.0,4547908,654.258472,nan,4.547908,nan,5,1728,1445800,10,3099720,30,5,660,320,80,340,85,165,5,0,0,5
109,-47.5,57.5,40,20,0,0.0,0.0,0,0.0,57.5,8,562500.0,49.10644928935119,40.2290293480563,20,40,8,6,40,0,14,-105.0,70.5,-47.5,5.0,5870872,660.129344,nan,5.870872,nan,6,2160,1734960,12,4132960,40,6,792,384,96,408,102,198,6,0,0,6
110,-47.5,57.5,38,19,0,0.0,0.0,0,0.0,57.5,7,562500.0,38.17548588847343,21.489834246552363,19,38,7,7,38,0,14,-105.0,70.5,-47.5,5.0,5953804,666.083148,nan,5.953804,nan,7,2448,2024120,14,3926312,38,7,924,448,112,476,119,231,7,0,0,7
111,-47.5,57.5,42,21,0,0.0,0.0,0,0.0,57.5,6,562500.0,44.99395989083915,20.706276377711404,21,42,6,5,42,0,11,-105.0,70.5,-47.5,5.0,5788300,671.871448,nan,5.7883,nan,5,2232,1445800,10,4339608,42,5,660,320,80,340,85,165,5,0,0,5
112,-47.5,57.5,40,20,0,0.0,0.0,0,0.0,57.5,8,562500.0,45.58638060593196,24.837330617043996,20,40,8,5,40,0,13,-105.0,70.5,-47.5,5.0,5581868,677.453316,nan,5.581868,nan,5,2448,1445800,10,4132960,40,5,660,320,80,340,85,165,5,0,0,5
113,-47.5,57.5,40,20,0,0.0,0.0,0,0.0,57.5,6,562500.0,45.427936329355106,19.754280042364567,20,40,6,6,40,0,12,-105.0,70.5,-47.5,5.0,5871016,683.324332,nan,5.871016,nan,6,2304,1734960,12,4132960,40,6,792,384,96,408,102,198,6,0,0,6
114,-47.5,57.5,38,19,0,0.0,0.0,0,0.0,57.5,6,562500.0,34.19097236412117,18.70409608562503,19,38,6,6,38,0,12,-105.0,70.5,-47.5,5.0,5664152,688.988484,nan,5.664152,nan,6,2088,1734960,12,3926312,38,6,792,384,96,408,102,198,6,0,0,6
115,-47.5,57.5,38,19,0,0.0,0.0,0,0.0,57.5,5,562500.0,56.456446957859654,43.09227080166026,19,38,5,5,38,0,10,-105.0,70.5,-47.5,5.0,5374572,694.363056,nan,5.374572,nan,5,1800,1445800,10,3926312,38,5,660,320,80,340,85,165,5,0,0,5
116,-47.5,57.5,40,20,0,0.0,0.0,0,0.0,57.5,5,562500.0,36.80761826656476,18.74924825795766,20,40,5,8,40,0,13,-105.0,70.5,-47.5,5.0,6449240,700.812296,nan,6.44924,nan,8,1944,2313280,16,4132960,40,8,1056,512,128,544,136,264,8,0,0,8
117,-47.5,57.5,32,16,0,0.0,0.0,0,0.0,57.5,5,562500.0,45.42139767065857,27.860838186204262,16,32,5,6,32,0,11,-105.0,70.5,-47.5,5.0,5043848,705.856144,nan,5.043848,nan,6,1728,1734960,12,3306368,32,6,792,384,96,408,102,198,6,0,0,6
118,-47.5,57.5,32,16,0,0.0,0.0,0,0.0,57.5,6,562500.0,33.06533179120812,18.186918891443177,16,32,6,6,32,0,12,-105.0,70.5,-47.5,5.0,5043992,710.900136,nan,5.043992,nan,6,1872,1734960,12,3306368,32,6,792,384,96,408,102,198,6,0,0,6
119,-47.5,57.5,32,16,0,0.0,0.0,0,0.0,57.5,6,562500.0,42.80333808247527,18.345801157077553,16,32,6,6,32,0,12,-105.0,70.5,-47.5,5.0,5043992,715.944128,nan,5.043992,nan,6,1872,1734960,12,3306368,32,6,792,384,96,408,102,198,6,0,0,6
120,-47.5,57.5,38,19,0,0.0,0.0,0,0.0,57.5,6,562500.0,40.020847456456536,19.228724368606912,19,38,6,6,38,0,12,-105.0,70.5,-47.5,5.0,5664008,721.608136,nan,5.664008,nan,6,1944,1734960,12,3926312,38,6,792,384,96,408,102,198,6,0,0,6
121,-47.5,57.5,42,21,0,0.0,0.0,0,0.0,57.5,6,562500.0,41.51134606300588,19.520626525977107,21,42,6,6,42,0,12,-105.0,70.5,-47.5,5.0,6077664,727.6858,nan,6.077664,nan,6,2304,1734960,12,4339608,42,6,792,384,96,408,102,198,6,0,0,6
122,-47.5,57.5,44,22,0,0.0,0.0,0,0.0,57.5,6,562500.0,49.16855466019481,20.853686034049773,22,44,6,6,44,0,12,-105.0,70.5,-47.5,5.0,6284096,733.969896,nan,6.284096,nan,6,2088,1734960,12,4546256,44,6,792,384,96,408,102,198,6,0,0,6
123,-47.5,57.5,50,25,0,0.0,0.0,0,0.0,57.5,7,562500.0,50.48879289443182,23.829053487652175,25,50,7,6,50,0,13,-105.0,70.5,-47.5,5.0,6904760,740.874656,nan,6.90476,nan,6,2808,1734960,12,5166200,50,6,792,384,96,408,102,198,6,0,0,6
124,-47.5,57.5,50,25,0,0.0,0.0,0,0.0,57.5,8,562500.0,26.58427689752638,20.004736714961567,25,50,8,6,50,0,14,-105.0,70.5,-47.5,5.0,6905048,747.779704,nan,6.905048,nan,6,3096,1734960,12,5166200,50,6,792,384,96,408,102,198,6,0,0,6
125,-47.5,57.5,58,29,0,0.0,0.0,0,0.0,57.5,10,562500.0,55.098228467998354,31.640428951006783,29,58,10,6,58,0,16,-105.0,70.5,-47.5,5.0,7732288,755.511992,nan,7.732288,nan,6,3744,1734960,12,5992792,58,6,792,384,96,408,102,198,6,0,0,6
126,-47.5,57.5,62,31,0,0.0,0.0,0,0.0,57.5,10,562500.0,33.38867560755269,19.168044080951493,31,62,10,6,62,0,16,-105.0,70.5,-47.5,5.0,8145728,763.65772,nan,8.145728,nan,6,3888,1734960,12,6406088,62,6,792,384,96,408,102,198,6,0,0,6
127,-47.5,57.5,52,26,0,0.0,0.0,0,0.0,57.5,7,544891.1904272382,32.65861589036857,11.501505020591512,26,52,7,7,52,0,14,-105.0,70.5,-47.5,5.0,7400628,771.058348,nan,7.400628,nan,7,2736,2024120,14,5372848,52,7,924,448,112,476,119,231,7,0,0,7
128,-47.5,57.5,46,23,0,0.0,0.0,0,0.0,57.5,5,562500.0,41.21047202832606,19.253482434560787,23,46,5,6,46,0,11,-105.0,70.5,-47.5,5.0,6490744,777.549092,nan,6.490744,nan,6,2088,1734960,12,4752904,46,6,792,384,96,408,102,198,6,0,0,6
129,-47.5,57.5,40,20,0,0.0,0.0,0,0.0,57.5,5,562500.0,47.62943191332874,30.274781958152474,20,40,5,6,40,0,11,-105.0,70.5,-47.5,5.0,5870728,783.41982,nan,5.870728,nan,6,2016,1734960,12,4132960,40,6,792,384,96,408,102,198,6,0,0,6
130,-47.5,57.5,36,18,0,0.0,0.0,0,0.0,57.5,8,562500.0,19.948659352057014,18.59513099567915,18,36,8,5,36,0,13,-105.0,70.5,-47.5,5.0,5168284,788.588104,nan,5.168284,nan,5,2160,1445800,10,3719664,36,5,660,320,80,340,85,165,5,0,0,5
131,-47.5,57.5,34,17,0,0.0,0.0,0,0.0,57.5,6,562500.0,38.092916684666136,19.95097029774081,17,34,6,6,34,0,12,-105.0,70.5,-47.5,5.0,5250856,793.83896,nan,5.250856,nan,6,2088,1734960,12,3513016,34,6,792,384,96,408,102,198,6,0,0,6
132,-47.5,57.5,38,19,0,0.0,0.0,0,0.0,57.5,7,562500.0,26.23363256349737,18.140886335085366,19,38,7,6,38,0,13,-105.0,70.5,-47.5,5.0,5664008,799.502968,nan,5.664008,nan,6,1944,1734960,12,3926312,38,6,792,384,96,408,102,198,6,0,0,6
133,-47.5,57.5,44,22,0,0.0,0.0,0,0.0,57.5,8,562500.0,48.65628496519609,43.38048385972584,22,44,8,4,44,0,12,-105.0,70.5,-47.5,5.0,5705728,805.208696,nan,5.705728,nan,4,2304,1156640,8,4546256,44,4,528,256,64,272,68,132,4,0,0,4
134,-47.5,57.5,52,26,0,0.0,0.0,0,0.0,57.5,9,562500.0,36.42094436659399,19.66769341733732,26,52,9,6,52,0,15,-105.0,70.5,-47.5,5.0,7111408,812.320104,nan,7.111408,nan,6,2808,1734960,12,5372848,52,6,792,384,96,408,102,198,6,0,0,6
135,-47.5,57.5,52,26,0,0.0,0.0,0,0.0,57.5,9,562500.0,45.84571621876632,38.81858184360223,26,52,9,6,52,0,15,-105.0,70.5,-47.5,5.0,7111624,819.431728,nan,7.111624,nan,6,3024,1734960,12,5372848,52,6,792,384,96,408,102,198,6,0,0,6
136,-47.5,57.5,58,29,0,0.0,0.0,0,0.0,57.5,9,562500.0,39.719968733504395,18.842517329150045,29,58,9,6,58,0,15,-105.0,70.5,-47.5,5.0,7731712,827.16344,nan,7.731712,nan,6,3168,1734960,12,5992792,58,6,792,384,96,408,102,198,6,0,0,6
137,-47.5,57.5,64,32,0,0.0,0.0,0,0.0,57.5,11,562500.0,49.63905286250836,43.60773364479863,32,64,11,5,64,0,16,-105.0,70.5,-47.5,5.0,8062940,835.22638,nan,8.06294,nan,5,3744,1445800,10,6612736,64,5,660,320,80,340,85,165,5,0,0,5
138,-47.5,57.5,74,37,0,0.0,0.0,0,0.0,57.5,8,460497.0193832382,26.917442183628523,6.063234725234684,37,74,8,8,74,0,16,-105.0,70.5,-47.5,5.0,9964560,845.19094,nan,9.96456,nan,8,4248,2313280,16,7645976,74,8,1056,512,128,544,136,264,8,0,0,8
139,-47.5,57.5,80,40,0,0.0,0.0,0,0.0,57.5,7,490804.715492161,35.80280009839242,5.680145283746097,40,80,7,7,80,0,14,-105.0,70.5,-47.5,5.0,10294780,855.48572,nan,10.29478,nan,7,3816,2024120,14,8265920,80,7,924,448,112,476,119,231,7,0,0,7
140,-47.5,57.5,84,42,0,0.0,0.0,0,0.0,57.5,10,524042.54968814127,36.15748681184043,10.629992185891663,42,84,10,7,84,0,17,-105.0,70.5,-47.5,5.0,10709372,866.195092,nan,10.709372,nan,7,5112,2024120,14,8679216,84,7,924,448,112,476,119,231,7,0,0,7
141,-47.5,57.5,80,40,0,0.0,0.0,0,0.0,57.5,8,562500.0,50.52613345959213,43.33430672824442,40,80,8,4,80,0,12,-105.0,70.5,-47.5,5.0,9426616,875.621708,nan,9.426616,nan,4,3528,1156640,8,8265920,80,4,528,256,64,272,68,132,4,0,0,4
142,-47.5,57.5,70,35,0,0.0,0.0,0,0.0,57.5,8,562500.0,43.5021348093935,30.79133942128778,35,70,8,5,70,0,13,-105.0,70.5,-47.5,5.0,8683388,884.305096,nan,8.683388,nan,5,4248,1445800,10,7232680,70,5,660,320,80,340,85,165,5,0,0,5
143,-47.5,57.5,70,35,0,0.0,0.0,0,0.0,57.5,7,562500.0,49.68521166688612,20.28766262905713,35,70,7,5,70,0,12,-105.0,70.5,-47.5,5.0,8682740,892.987836,nan,8.68274,nan,5,3600,1445800,10,7232680,70,5,660,320,80,340,85,165,5,0,0,5
144,-47.5,57.5,68,34,0,0.0,0.0,0,0.0,57.5,7,562500.0,55.181612488564795,37.40262089864604,34,68,7,5,68,0,12,-105.0,70.5,-47.5,5.0,8476020,901.463856,nan,8.47602,nan,5,3528,1445800,10,7026032,68,5,660,320,80,340,85,165,5,0,0,5
145,-47.5,57.5,66,33,0,0.0,0.0,0,0.0,57.5,8,562500.0,54.63374512101543,35.370467336701516,33,66,9,5,66,1,14,-105.0,70.5,-47.5,5.0,8269516,909.733372,nan,8.269516,nan,5,3672,1445800,10,6819384,66,5,660,320,80,340,85,165,5,0,0,5
146,-47.5,57.5,72,36,0,0.0,0.0,0,0.0,57.5,9,562500.0,49.609067623399206,20.19778581046712,36,72,9,5,72,0,14,-105.0,70.5,-47.5,5.0,8890396,918.623768,nan,8.890396,nan,5,4608,1445800,10,7439328,72,5,660,320,80,340,85,165,5,0,0,5
147,-47.5,57.5,64,32,0,0.0,0.0,0,0.0,57.5,7,562500.0,38.19011375655092,19.013647321308223,32,64,7,6,64,0,13,-105.0,70.5,-47.5,5.0,8352448,926.976216,nan,8.352448,nan,6,3960,1734960,12,6612736,64,6,792,384,96,408,102,198,6,0,0,6
148,-47.5,57.5,56,28,0,0.0,0.0,0,0.0,57.5,9,534584.4037138534,41.251201723545584,11.94124760634832,28,56,9,6,56,0,15,-105.0,70.5,-47.5,5.0,7525496,934.501712,nan,7.525496,nan,6,3600,1734960,12,5786144,56,6,792,384,96,408,102,198,6,0,0,6
149,-47.5,57.5,54,27,0,0.0,0.0,0,0.0,57.5,6,508059.45959139004,25.238308838997618,7.692164055475333,27,54,6,7,54,0,13,-105.0,70.5,-47.5,5.0,7607852,942.109564,nan,7.607852,nan,7,3312,2024120,14,5579496,54,7,924,448,112,476,119,231,7,0,0,7
150,-47.5,57.5,46,23,0,0.0,0.0,0,0.0,57.5,7,517961.2154866104,46.705468897379106,9.55011099908546,23,46,7,5,46,0,12,-105.0,70.5,-47.5,5.0,6202028,948.311592,nan,6.202028,nan,5,2664,1445800,10,4752904,46,5,660,320,80,340,85,165,5,0,0,5
151,-47.5,57.5,46,23,0,0.0,0.0,0,0.0,57.5,9,526544.8727186257,44.67371887844973,11.150081777969266,23,46,9,5,46,0,14,-105.0,70.5,-47.5,5.0,6202388,954.51398,nan,6.202388,nan,5,3024,1445800,10,4752904,46,5,660,320,80,340,85,165,5,0,0,5
152,-47.5,57.5,42,21,0,0.0,0.0,0,0.0,57.5,10,562500.0,43.281518701720316,29.421802871429183,21,42,10,5,42,0,15,-105.0,70.5,-47.5,5.0,5788876,960.302856,nan,5.788876,nan,5,2808,1445800,10,4339608,42,5,660,320,80,340,85,165,5,0,0,5
153,-47.5,57.5,36,18,0,0.0,0.0,0,0.0,57.5,9,562500.0,49.199805366615934,41.95243427473549,18,36,9,5,36,0,14,-105.0,70.5,-47.5,5.0,5168644,965.4715,nan,5.168644,nan,5,2520,1445800,10,3719664,36,5,660,320,80,340,85,165,5,0,0,5
154,-47.5,57.5,34,17,0,0.0,0.0,0,0.0,57.5,8,562500.0,42.3266877671929,24.206639905181415,17,34,8,5,34,0,13,-105.0,70.5,-47.5,5.0,4961708,970.433208,nan,4.961708,nan,5,2232,1445800,10,3513016,34,5,660,320,80,340,85,165,5,0,0,5
155,-47.5,57.5,28,14,0,0.0,0.0,0,0.0,57.5,5,562500.0,48.452051910626466,19.648366589751724,14,28,5,4,28,0,9,-105.0,70.5,-47.5,5.0,4051680,974.484888,nan,4.05168,nan,4,1440,1156640,8,2893072,28,4,528,256,64,272,68,132,4,0,0,4
156,-47.5,57.5,34,17,0,0.0,0.0,0,0.0,57.5,6,562500.0,43.18211661367978,21.296072437107693,17,34,6,7,34,0,13,-105.0,70.5,-47.5,5.0,5539932,980.02482,nan,5.539932,nan,7,1872,2024120,14,3513016,34,7,924,448,112,476,119,231,7,0,0,7
157,-47.5,57.5,32,16,0,0.0,0.0,0,0.0,57.5,8,562500.0,48.673607241145326,37.852512362665124,16,32,8,6,32,0,14,-105.0,70.5,-47.5,5.0,5043992,985.068812,nan,5.043992,nan,6,1872,1734960,12,3306368,32,6,792,384,96,408,102,198,6,0,0,6
158,-47.5,57.5,32,16,0,0.0,0.0,0,0.0,57.5,6,562500.0,42.18321557836924,37.877971652215905,16,32,6,6,32,0,12,-105.0,70.5,-47.5,5.0,5043992,990.112804,nan,5.043992,nan,6,1872,1734960,12,3306368,32,6,792,384,96,408,102,198,6,0,0,6
159,-47.5,57.5,34,17,0,0.0,0.0,0,0.0,57.5,6,562500.0,44.373592891190434,36.80333830559099,17,34,6,7,34,0,13,-105.0,70.5,-47.5,5.0,5540076,995.65288,nan,5.540076,nan,7,2016,2024120,14,3513016,34,7,924,448,112,476,119,231,7,0,0,7
160,-47.5,57.5,32,16,0,0.0,0.0,0,0.0,57.5,5,562500.0,44.29137639640675,25.802853828364043,16,32,5,6,32,0,11,-105.0,70.5,-47.5,5.0,5043776,1000.696656,nan,5.043776,nan,6,1656,1734960,12,3306368,32,6,792,384,96,408,102,198,6,0,0,6
161,-47.5,57.5,48,24,0,0.0,0.0,0,0.0,57.5,8,562500.0,41.038452313043344,23.063210243515773,24,48,8,7,48,0,15,-105.0,70.5,-47.5,5.0,6987332,1007.683988,nan,6.987332,nan,7,2736,2024120,14,4959552,48,7,924,448,112,476,119,231,7,0,0,7
162,-47.5,57.5,42,21,0,0.0,0.0,0,0.0,57.5,6,562500.0,41.62481587691622,35.668748383705676,21,42,6,6,42,0,12,-105.0,70.5,-47.5,5.0,6077376,1013.761364,nan,6.077376,nan,6,2016,1734960,12,4339608,42,6,792,384,96,408,102,198,6,0,0,6
163,-47.5,57.5,46,23,0,0.0,0.0,0,0.0,57.5,6,562500.0,44.585088389796866,29.484925544195114,23,46,6,7,46,0,13,-105.0,70.5,-47.5,5.0,6780612,1020.541976,nan,6.780612,nan,7,2664,2024120,14,4752904,46,7,924,448,112,476,119,231,7,0,0,7
164,-47.5,57.5,52,26,0,0.0,0.0,0,0.0,57.5,8,562500.0,35.486483733894815,19.128071048918866,26,52,8,7,52,0,15,-105.0,70.5,-47.5,5.0,7400844,1027.94282,nan,7.400844,nan,7,2952,2024120,14,5372848,52,7,924,448,112,476,119,231,7,0,0,7
165,-47.5,57.5,56,28,0,0.0,0.0,0,0.0,57.5,8,562500.0,34.60015768281103,19.378879764558807,28,56,8,5,56,0,13,-105.0,70.5,-47.5,5.0,7235700,1035.17852,nan,7.2357,nan,5,3096,1445800,10,5786144,56,5,660,320,80,340,85,165,5,0,0,5
166,-47.5,57.5,52,26,0,0.0,0.0,0,0.0,57.5,8,562500.0,41.53849410507315,18.212934832398588,26,52,8,6,52,0,14,-105.0,70.5,-47.5,5.0,7111408,1042.289928,nan,7.111408,nan,6,2808,1734960,12,5372848,52,6,792,384,96,408,102,198,6,0,0,6
167,-47.5,57.5,46,23,0,0.0,0.0,0,0.0,57.5,6,562500.0,37.76246494320769,18.616522659067844,23,46,6,7,46,0,13,-105.0,70.5,-47.5,5.0,6780612,1049.07054,nan,6.780612,nan,7,2664,2024120,14,4752904,46,7,924,448,112,476,119,231,7,0,0,7
168,-47.5,57.5,44,22,0,0.0,0.0,0,0.0,57.5,7,562500.0,42.02964248774484,18.21526179773062,22,44,7,6,44,0,13,-105.0,70.5,-47.5,5.0,6284312,1055.354852,nan,6.284312,nan,6,2304,1734960,12,4546256,44,6,792,384,96,408,102,198,6,0,0,6
169,-47.5,57.5,48,24,0,0.0,0.0,0,0.0,57.5,9,562500.0,34.362075291822755,18.21526179773062,24,48,9,6,48,0,15,-105.0,70.5,-47.5,5.0,6698112,1062.052964,nan,6.698112,nan,6,2808,1734960,12,4959552,48,6,792,384,96,408,102,198,6,0,0,6
170,-47.5,57.5,48,24,0,0.0,0.0,0,0.0,57.5,10,562500.0,37.67744827897515,18.21526179773062,24,48,10,7,48,0,17,-105.0,70.5,-47.5,5.0,6987548,1069.040512,nan,6.987548,nan,7,2952,2024120,14,4959552,48,7,924,448,112,476,119,231,7,0,0,7
171,-47.5,57.5,50,25,0,0.0,0.0,0,0.0,57.5,9,562500.0,42.92412144058457,18.21526179773062,25,50,9,6,50,0,15,-105.0,70.5,-47.5,5.0,6904976,1075.945488,nan,6.904976,nan,6,3024,1734960,12,5166200,50,6,792,384,96,408,102,198,6,0,0,6
172,-47.5,57.5,48,24,0,0.0,0.0,0,0.0,57.5,8,562500.0,40.46881678276307,18.541602936706155,24,48,8,6,48,0,14,-105.0,70.5,-47.5,5.0,6697824,1082.643312,nan,6.697824,nan,6,2520,1734960,12,4959552,48,6,792,384,96,408,102,198,6,0,0,6
173,-47.5,57.5,48,24,0,0.0,0.0,0,0.0,57.5,9,562500.0,39.73763073962829,18.21526179773062,24,48,9,5,48,0,14,-105.0,70.5,-47.5,5.0,6408820,1089.052132,nan,6.40882,nan,5,2808,1445800,10,4959552,48,5,660,320,80,340,85,165,5,0,0,5
174,-47.5,57.5,46,23,0,0.0,0.0,0,0.0,57.5,8,562500.0,47.736516123261254,36.79970291846269,23,46,8,7,46,0,15,-105.0,70.5,-47.5,5.0,6780540,1095.832672,nan,6.78054,nan,7,2592,2024120,14,4752904,46,7,924,448,112,476,119,231,7,0,0,7
175,-47.5,57.5,44,22,0,0.0,0.0,0,0.0,57.5,6,562500.0,30.597548352303445,18.232832560103077,22,44,6,8,44,0,14,-105.0,70.5,-47.5,5.0,6863112,1102.695784,nan,6.863112,nan,8,2520,2313280,16,4546256,44,8,1056,512,128,544,136,264,8,0,0,8
176,-47.5,57.5,42,21,0,0.0,0.0,0,0.0,57.5,8,562500.0,43.010052386142995,18.097663677199694,21,42,8,6,42,0,14,-105.0,70.5,-47.5,5.0,6077736,1108.77352,nan,6.077736,nan,6,2376,1734960,12,4339608,42,6,792,384,96,408,102,198,6,0,0,6
177,-47.5,57.5,42,21,0,0.0,0.0,0,0.0,57.5,8,562500.0,39.045690662437096,18.097663677199694,21,42,8,5,42,0,13,-105.0,70.5,-47.5,5.0,5788516,1114.562036,nan,5.788516,nan,5,2448,1445800,10,4339608,42,5,660,320,80,340,85,165,5,0,0,5
178,-47.5,57.5,42,21,0,0.0,0.0,0,0.0,57.5,8,562500.0,42.790840815595914,18.097663677199694,21,42,8,6,42,0,14,-105.0,70.5,-47.5,5.0,6077736,1120.639772,nan,6.077736,nan,6,2376,1734960,12,4339608,42,6,792,384,96,408,102,198,6,0,0,6
179,-47.5,57.5,42,21,0,0.0,0.0,0,0.0,57.5,7,562500.0,42.665767998593104,18.097663677199694,21,42,7,6,42,0,13,-105.0,70.5,-47.5,5.0,6077808,1126.71758,nan,6.077808,nan,6,2448,1734960,12,4339608,42,6,792,384,96,408,102,198,6,0,0,6
180,-47.5,57.5,42,21,0,0.0,0.0,0,0.0,57.5,7,562500.0,33.10601664414736,18.097663677199694,21,42,7,7,42,0,14,-105.0,70.5,-47.5,5.0,6367028,1133.084608,nan,6.367028,nan,7,2376,2024120,14,4339608,42,7,924,448,112,476,119,231,7,0,0,7
181,-47.5,57.5,52,26,0,0.0,0.0,0,0.0,57.5,6,562500.0,44.839696980502815,30.996140326585717,26,52,6,6,52,0,12,-105.0,70.5,-47.5,5.0,7111336,1140.195944,nan,7.111336,nan,6,2736,1734960,12,5372848,52,6,792,384,96,408,102,198,6,0,0,6
182,-47.5,57.5,50,25,0,0.0,0.0,0,0.0,57.5,8,562500.0,44.202187746438405,38.986895256091856,25,50,8,6,50,0,14,-105.0,70.5,-47.5,5.0,6904760,1147.100704,nan,6.90476,nan,6,2808,1734960,12,5166200,50,6,792,384,96,408,102,198,6,0,0,6
183,-47.5,57.5,56,28,0,0.0,0.0,0,0.0,57.5,8,562500.0,41.776923155494266,18.65781658655,28,56,8,7,56,0,15,-105.0,70.5,-47.5,5.0,7814356,1154.91506,nan,7.814356,nan,7,3168,2024120,14,5786144,56,7,924,448,112,476,119,231,7,0,0,7
184,-47.5,57.5,50,25,0,0.0,0.0,0,0.0,57.5,7,562500.0,36.86770536646646,19.166329837749753,25,50,7,6,50,0,13,-105.0,70.5,-47.5,5.0,6904400,1161.81946,nan,6.9044,nan,6,2448,1734960,12,5166200,50,6,792,384,96,408,102,198,6,0,0,6
185,-47.5,57.5,56,28,0,0.0,0.0,0,0.0,57.5,8,562500.0,48.81128840760028,39.606486895142375,28,56,8,5,56,0,13,-105.0,70.5,-47.5,5.0,7235772,1169.055232,nan,7.235772,nan,5,3168,1445800,10,5786144,56,5,660,320,80,340,85,165,5,0,0,5
186,-47.5,57.5,52,26,0,0.0,0.0,0,0.0,57.5,9,562500.0,48.25302175433308,30.70295268743223,26,52,9,6,52,0,15,-105.0,70.5,-47.5,5.0,7111552,1176.166784,nan,7.111552,nan,6,2952,1734960,12,5372848,52,6,792,384,96,408,102,198,6,0,0,6
187,-47.5,57.5,44,22,0,0.0,0.0,0,0.0,57.5,7,562500.0,48.94716783322278,40.393008748253706,22,44,7,6,44,0,13,-105.0,70.5,-47.5,5.0,6284600,1182.451384,nan,6.2846,nan,6,2592,1734960,12,4546256,44,6,792,384,96,408,102,198,6,0,0,6
188,-47.5,57.5,46,23,0,0.0,0.0,0,0.0,57.5,8,562500.0,46.61954615484977,36.142439500653765,23,46,8,5,46,0,13,-105.0,70.5,-47.5,5.0,6202100,1188.653484,nan,6.2021,nan,5,2736,1445800,10,4752904,46,5,660,320,80,340,85,165,5,0,0,5
189,-47.5,57.5,44,22,0,0.0,0.0,0,0.0,57.5,7,562500.0,53.025402706699616,38.653592877936724,22,44,7,5,44,0,12,-105.0,70.5,-47.5,5.0,5995092,1194.648576,nan,5.995092,nan,5,2376,1445800,10,4546256,44,5,660,320,80,340,85,165,5,0,0,5
190,-47.5,57.5,42,21,0,0.0,0.0,0,0.0,57.5,6,562500.0,45.93665068405742,25.764903741194672,21,42,6,5,42,0,11,-105.0,70.5,-47.5,5.0,5788444,1200.43702,nan,5.788444,nan,5,2376,1445800,10,4339608,42,5,660,320,80,340,85,165,5,0,0,5
191,-47.5,57.5,42,21,0,0.0,0.0,0,0.0,57.5,7,562500.0,51.930991172303344,47.02480735659921,21,42,7,3,42,0,10,-105.0,70.5,-47.5,5.0,5209572,1205.646592,nan,5.209572,nan,3,2088,867480,6,4339608,42,3,396,192,48,204,51,99,3,0,0,3
192,-47.5,57.5,50,25,0,0.0,0.0,0,0.0,57.5,8,562500.0,52.74210363085844,45.0816757073439,25,50,8,4,50,0,12,-105.0,70.5,-47.5,5.0,6326464,1211.973056,nan,6.326464,nan,4,3096,1156640,8,5166200,50,4,528,256,64,272,68,132,4,0,0,4
193,-47.5,57.5,60,30,0,0.0,0.0,0,0.0,57.5,8,562500.0,55.403344683963645,45.56991788336616,30,60,8,4,60,0,12,-105.0,70.5,-47.5,5.0,7359992,1219.333048,nan,7.359992,nan,4,3384,1156640,8,6199440,60,4,528,256,64,272,68,132,4,0,0,4
194,-47.5,57.5,66,33,0,0.0,0.0,0,0.0,57.5,9,562500.0,45.44817743769203,25.372172281124254,33,66,9,5,66,0,14,-105.0,70.5,-47.5,5.0,8270020,1227.603068,nan,8.27002,nan,5,4176,1445800,10,6819384,66,5,660,320,80,340,85,165,5,0,0,5
195,-47.5,57.5,70,35,0,0.0,0.0,0,0.0,57.5,10,562500.0,53.59520417663932,44.535217393979664,35,70,10,3,70,0,13,-105.0,70.5,-47.5,5.0,8104588,1235.707656,nan,8.104588,nan,3,4032,867480,6,7232680,70,3,396,192,48,204,51,99,3,0,0,3
196,-47.5,57.5,70,35,0,0.0,0.0,0,0.0,57.5,10,562500.0,55.85800655963979,44.59556977919695,35,70,10,4,70,0,14,-105.0,70.5,-47.5,5.0,8394096,1244.101752,nan,8.394096,nan,4,4248,1156640,8,7232680,70,4,528,256,64,272,68,132,4,0,0,4
197,-47.5,57.5,64,32,0,0.0,0.0,0,0.0,57.5,10,562500.0,58.04552733653578,54.076846267860994,32,64,10,4,64,0,14,-105.0,70.5,-47.5,5.0,7773648,1251.8754,nan,7.773648,nan,4,3744,1156640,8,6612736,64,4,528,256,64,272,68,132,4,0,0,4
198,-47.5,57.5,62,31,0,0.0,0.0,0,0.0,57.5,10,562500.0,58.665465976463615,50.33079329227415,31,62,10,4,62,0,14,-105.0,70.5,-47.5,5.0,7567576,1259.442976,nan,7.567576,nan,4,4320,1156640,8,6406088,62,4,528,256,64,272,68,132,4,0,0,4
199,-47.5,57.5,58,29,0,0.0,0.0,0,0.0,57.5,9,562500.0,55.95024435469436,47.464807750840436,29,58,9,4,58,0,13,-105.0,70.5,-47.5,5.0,7153560,1266.596536,nan,7.15356,nan,4,3600,1156640,8,5992792,58,4,528,256,64,272,68,132,4,0,0,4
200,-47.5,57.5,52,26,0,0.0,0.0,0,0.0,57.5,9,562500.0,57.626498116870145,51.38201611859276,26,52,9,3,52,0,12,-105.0,70.5,-47.5,5.0,6243676,1272.840212,nan,6.243676,nan,3,2952,867480,6,5372848,52,3,396,192,48,204,51,99,3,0,0,3
201,-47.5,57.5,42,21,0,0.0,0.0,0,0.0,57.5,7,562500.0,59.32706285416485,51.99463591700655,21,42,7,4,42,0,11,-105.0,70.5,-47.5,5.0,5499584,1278.339796,nan,5.499584,nan,4,2808,1156640,8,4339608,42,4,528,256,64,272,68,132,4,0,0,4
202,-47.5,57.5,40,20,0,0.0,0.0,0,0.0,57.5,6,562500.0,59.374623913031115,53.159773592226564,20,40,6,4,40,0,10,-105.0,70.5,-47.5,5.0,5292504,1283.6323,nan,5.292504,nan,4,2376,1156640,8,4132960,40,4,528,256,64,272,68,132,4,0,0,4
203,-47.5,57.5,32,16,0,0.0,0.0,0,0.0,57.5,5,562500.0,56.222271197196065,46.52870503128607,16,32,5,4,32,0,9,-105.0,70.5,-47.5,5.0,4465336,1288.097636,nan,4.465336,nan,4,1800,1156640,8,3306368,32,4,528,256,64,272,68,132,4,0,0,4
204,-47.5,57.5,36,18,0,0.0,0.0,0,0.0,57.5,5,562500.0,50.542770153642856,30.144468634186556,18,36,5,6,36,0,11,-105.0,70.5,-47.5,5.0,5457360,1293.554996,nan,5.45736,nan,6,1944,1734960,12,3719664,36,6,792,384,96,408,102,198,6,0,0,6
205,-47.5,57.5,36,18,0,0.0,0.0,0,0.0,57.5,5,562500.0,51.63922780382819,39.51281023387956,18,36,5,5,36,0,10,-105.0,70.5,-47.5,5.0,5168140,1298.723136,nan,5.16814,nan,5,2016,1445800,10,3719664,36,5,660,320,80,340,85,165,5,0,0,5
206,-47.5,57.5,36,18,0,0.0,0.0,0,0.0,57.5,5,562500.0,50.06440051510485,36.588046832943434,18,36,5,5,36,0,10,-105.0,70.5,-47.5,5.0,5168140,1303.891276,nan,5.16814,nan,5,2016,1445800,10,3719664,36,5,660,320,80,340,85,165,5,0,0,5
207,-47.5,57.5,40,20,0,0.0,0.0,0,0.0,57.5,6,562500.0,52.645160939888626,39.05560131793646,20,40,6,4,40,0,10,-105.0,70.5,-47.5,5.0,5292576,1309.183852,nan,5.292576,nan,4,2448,1156640,8,4132960,40,4,528,256,64,272,68,132,4,0,0,4
208,-47.5,57.5,40,20,0,0.0,0.0,0,0.0,57.5,8,562500.0,55.1391244330505,48.410793531602,20,40,8,4,40,0,12,-105.0,70.5,-47.5,5.0,5292864,1314.476716,nan,5.292864,nan,4,2736,1156640,8,4132960,40,4,528,256,64,272,68,132,4,0,0,4
209,-47.5,57.5,42,21,0,0.0,0.0,0,0.0,57.5,7,562500.0,46.83936155748445,30.396445390566313,21,42,7,5,42,0,12,-105.0,70.5,-47.5,5.0,5788732,1320.265448,nan,5.788732,nan,5,2664,1445800,10,4339608,42,5,660,320,80,340,85,165,5,0,0,5
210,-47.5,57.5,48,24,0,0.0,0.0,0,0.0,57.5,8,562500.0,45.12308091205208,21.769222952893017,24,48,8,5,48,0,13,-105.0,70.5,-47.5,5.0,6408820,1326.674268,nan,6.40882,nan,5,2808,1445800,10,4959552,48,5,660,320,80,340,85,165,5,0,0,5
211,-47.5,57.5,48,24,0,0.0,0.0,0,0.0,57.5,7,562500.0,49.86447940841615,37.32174731937006,24,48,7,6,48,0,13,-105.0,70.5,-47.5,5.0,6698400,1333.372668,nan,6.6984,nan,6,3096,1734960,12,4959552,48,6,792,384,96,408,102,198,6,0,0,6
212,-47.5,57.5,48,24,0,0.0,0.0,0,0.0,57.5,8,562500.0,41.172084705161936,18.860725688960706,24,48,8,4,48,0,12,-105.0,70.5,-47.5,5.0,6119384,1339.492052,nan,6.119384,nan,4,2664,1156640,8,4959552,48,4,528,256,64,272,68,132,4,0,0,4
213,-47.5,57.5,46,23,0,0.0,0.0,0,0.0,57.5,7,562500.0,50.13064549587758,40.21424911578474,23,46,7,6,46,0,13,-105.0,70.5,-47.5,5.0,6491536,1345.983588,nan,6.491536,nan,6,2880,1734960,12,4752904,46,6,792,384,96,408,102,198,6,0,0,6
214,-47.5,57.5,52,26,0,0.0,0.0,0,0.0,57.5,8,493786.9054233798,28.87621656598932,7.01775331040108,26,52,8,7,52,0,15,-105.0,70.5,-47.5,5.0,7400628,1353.384216,nan,7.400628,nan,7,2736,2024120,14,5372848,52,7,924,448,112,476,119,231,7,0,0,7
215,-47.5,57.5,54,27,0,0.0,0.0,0,0.0,57.5,10,562500.0,53.32786372924618,44.825532536680306,27,54,10,6,54,0,16,-105.0,70.5,-47.5,5.0,7318848,1360.703064,nan,7.318848,nan,6,3600,1734960,12,5579496,54,6,792,384,96,408,102,198,6,0,0,6
216,-47.5,57.5,48,24,0,0.0,0.0,0,0.0,57.5,8,562500.0,49.23640722997707,34.35899514138872,24,48,8,6,48,0,14,-105.0,70.5,-47.5,5.0,6697968,1367.401032,nan,6.697968,nan,6,2664,1734960,12,4959552,48,6,792,384,96,408,102,198,6,0,0,6
217,-47.5,57.5,56,28,0,0.0,0.0,0,0.0,57.5,9,498477.7698778574,37.31962268475657,7.811252496402491,28,56,9,7,56,0,16,-105.0,70.5,-47.5,5.0,7814788,1375.21582,nan,7.814788,nan,7,3600,2024120,14,5786144,56,7,924,448,112,476,119,231,7,0,0,7
218,-47.5,57.5,66,33,0,0.0,0.0,0,0.0,57.5,7,562500.0,51.060544763652814,30.53716308177847,33,66,7,6,66,0,13,-105.0,70.5,-47.5,5.0,8558376,1383.774196,nan,8.558376,nan,6,3240,1734960,12,6819384,66,6,792,384,96,408,102,198,6,0,0,6
219,-47.5,57.5,66,33,0,0.0,0.0,0,0.0,57.5,10,562500.0,45.751827316185214,18.595142439620357,33,66,10,5,66,0,15,-105.0,70.5,-47.5,5.0,8269660,1392.043856,nan,8.26966,nan,5,3816,1445800,10,6819384,66,5,660,320,80,340,85,165,5,0,0,5
220,-47.5,57.5,68,34,0,0.0,0.0,0,0.0,57.5,10,536723.633067133,32.205247145648876,11.980995143188055,34,68,10,7,68,0,17,-105.0,70.5,-47.5,5.0,9055180,1401.099036,nan,9.05518,nan,7,4104,2024120,14,7026032,68,7,924,448,112,476,119,231,7,0,0,7
221,-47.5,57.5,78,39,0,0.0,0.0,0,0.0,57.5,8,562500.0,43.82001280428773,33.20700791476773,39,78,8,6,78,0,14,-105.0,70.5,-47.5,5.0,9799200,1410.898236,nan,9.7992,nan,6,4176,1734960,12,8059272,78,6,792,384,96,408,102,198,6,0,0,6
222,-47.5,57.5,76,38,0,0.0,0.0,0,0.0,57.5,9,562500.0,42.717409058630146,26.040153194562734,38,76,9,7,76,0,16,-105.0,70.5,-47.5,5.0,9881916,1420.780152,nan,9.881916,nan,7,4248,2024120,14,7852624,76,7,924,448,112,476,119,231,7,0,0,7
223,-47.5,57.5,82,41,0,0.0,0.0,0,0.0,57.5,9,562500.0,50.58920180305923,20.127044570576267,41,82,9,6,82,0,15,-105.0,70.5,-47.5,5.0,10213216,1430.993368,nan,10.213216,nan,6,4896,1734960,12,8472568,82,6,792,384,96,408,102,198,6,0,0,6
224,-47.5,57.5,88,44,0,0.0,0.0,0,0.0,57.5,10,554313.1505035416,45.463977383366675,14.220183575381302,44,88,10,7,88,0,17,-105.0,70.5,-47.5,5.0,11122668,1442.116036,nan,11.122668,nan,7,5112,2024120,14,9092512,88,7,924,448,112,476,119,231,7,0,0,7
225,-47.5,57.5,88,44,0,0.0,0.0,0,0.0,57.5,10,562500.0,43.757998976765,18.26757605225005,44,88,10,6,88,0,16,-105.0,70.5,-47.5,5.0,10833664,1452.9497,nan,10.833664,nan,6,5400,1734960,12,9092512,88,6,792,384,96,408,102,198,6,0,0,6
226,-47.5,57.5,88,44,0,0.0,0.0,0,0.0,57.5,10,562500.0,43.06987374123796,32.85131190201323,44,88,10,7,88,0,17,-105.0,70.5,-47.5,5.0,11122740,1464.07244,nan,11.12274,nan,7,5184,2024120,14,9092512,88,7,924,448,112,476,119,231,7,0,0,7
227,-47.5,57.5,90,45,0,0.0,0.0,0,0.0,57.5,9,562500.0,43.25642448525114,18.2808206887795,45,90,9,6,90,0,15,-105.0,70.5,-47.5,5.0,11040312,1475.112752,nan,11.040312,nan,6,5400,1734960,12,9299160,90,6,792,384,96,408,102,198,6,0,0,6
228,-47.5,57.5,84,42,0,0.0,0.0,0,0.0,57.5,11,562500.0,39.712097149979314,20.94768884127255,42,84,11,6,84,0,17,-105.0,70.5,-47.5,5.0,10420008,1485.53276,nan,10.420008,nan,6,5040,1734960,12,8679216,84,6,792,384,96,408,102,198,6,0,0,6
229,-47.5,57.5,80,40,0,0.0,0.0,0,0.0,57.5,10,562500.0,40.265659526407354,20.94889428560849,40,80,10,5,80,0,15,-105.0,70.5,-47.5,5.0,9717204,1495.249964,nan,9.717204,nan,5,4824,1445800,10,8265920,80,5,660,320,80,340,85,165,5,0,0,5
230,-47.5,57.5,76,38,0,0.0,0.0,0,0.0,57.5,8,562500.0,48.737670982758424,39.851928082302855,38,76,8,7,76,0,15,-105.0,70.5,-47.5,5.0,9881700,1505.131664,nan,9.8817,nan,7,4032,2024120,14,7852624,76,7,924,448,112,476,119,231,7,0,0,7
231,-47.5,57.5,66,33,0,0.0,0.0,0,0.0,57.5,8,562500.0,49.57261477077417,28.012683417797597,33,66,8,6,66,0,14,-105.0,70.5,-47.5,5.0,8558592,1513.690256,nan,8.558592,nan,6,3456,1734960,12,6819384,66,6,792,384,96,408,102,198,6,0,0,6
232,-47.5,57.5,58,29,0,0.0,0.0,0,0.0,57.5,7,562500.0,43.25752685642512,38.320028439705446,29,58,7,6,58,0,13,-105.0,70.5,-47.5,5.0,7731856,1521.422112,nan,7.731856,nan,6,3312,1734960,12,5992792,58,6,792,384,96,408,102,198,6,0,0,6
233,-47.5,57.5,58,29,0,0.0,0.0,0,0.0,57.5,6,562500.0,47.4029816472545,28.155120161235324,29,58,6,6,58,0,12,-105.0,70.5,-47.5,5.0,7731640,1529.153752,nan,7.73164,nan,6,3096,1734960,12,5992792,58,6,792,384,96,408,102,198,6,0,0,6
234,-47.5,57.5,48,24,0,0.0,0.0,0,0.0,57.5,7,562500.0,41.3781813075813,24.603276962380672,24,48,7,6,48,0,13,-105.0,70.5,-47.5,5.0,6697896,1535.851648,nan,6.697896,nan,6,2592,1734960,12,4959552,48,6,792,384,96,408,102,198,6,0,0,6
235,-47.5,57.5,52,26,0,0.0,0.0,0,0.0,57.5,7,562500.0,48.33096660675138,38.24859084307451,26,52,7,7,52,0,14,-105.0,70.5,-47.5,5.0,7400772,1543.25242,nan,7.400772,nan,7,2880,2024120,14,5372848,52,7,924,448,112,476,119,231,7,0,0,7
236,-47.5,57.5,42,21,0,0.0,0.0,0,0.0,57.5,5,562500.0,45.59075646654835,34.59751849846151,21,42,5,6,42,0,11,-105.0,70.5,-47.5,5.0,6077448,1549.329868,nan,6.077448,nan,6,2088,1734960,12,4339608,42,6,792,384,96,408,102,198,6,0,0,6
237,-47.5,57.5,42,21,0,0.0,0.0,0,0.0,57.5,5,562500.0,50.58740354048615,37.986666657684495,21,42,5,4,42,0,9,-105.0,70.5,-47.5,5.0,5498864,1554.828732,nan,5.498864,nan,4,2088,1156640,8,4339608,42,4,528,256,64,272,68,132,4,0,0,4
238,-47.5,57.5,46,23,0,0.0,0.0,0,0.0,57.5,7,562500.0,50.12235965618824,32.34347461282284,23,46,7,5,46,0,12,-105.0,70.5,-47.5,5.0,6201740,1561.030472,nan,6.20174,nan,5,2376,1445800,10,4752904,46,5,660,320,80,340,85,165,5,0,0,5
239,-47.5,57.5,40,20,0,0.0,0.0,0,0.0,57.5,6,562500.0,35.350842173259124,21.687338695249544,20,40,6,4,40,0,10,-105.0,70.5,-47.5,5.0,5292360,1566.322832,nan,5.29236,nan,4,2232,1156640,8,4132960,40,4,528,256,64,272,68,132,4,0,0,4
240,-47.5,57.5,36,18,0,0.0,0.0,0,0.0,57.5,6,562500.0,48.06111802158829,36.32539815739291,18,36,6,6,36,0,12,-105.0,70.5,-47.5,5.0,5457504,1571.780336,nan,5.457504,nan,6,2088,1734960,12,3719664,36,6,792,384,96,408,102,198,6,0,0,6
241,-47.5,57.5,32,16,0,0.0,0.0,0,0.0,57.5,6,562500.0,53.76274542040253,36.199046543625556,16,32,6,5,32,0,11,-105.0,70.5,-47.5,5.0,4754556,1576.534892,nan,4.754556,nan,5,1728,1445800,10,3306368,32,5,660,320,80,340,85,165,5,0,0,5
242,-47.5,57.5,26,13,0,0.0,0.0,0,0.0,57.5,4,562500.0,42.56899132272865,24.764961358302497,13,26,4,6,26,0,10,-105.0,70.5,-47.5,5.0,4423616,1580.958508,nan,4.423616,nan,6,1440,1734960,12,2686424,26,6,792,384,96,408,102,198,6,0,0,6
243,-47.5,57.5,32,16,0,0.0,0.0,0,0.0,57.5,5,562500.0,58.67850634526322,39.28392075696681,16,32,5,5,32,0,10,-105.0,70.5,-47.5,5.0,4754628,1585.713136,nan,4.754628,nan,5,1800,1445800,10,3306368,32,5,660,320,80,340,85,165,5,0,0,5
244,-47.5,57.5,30,15,0,0.0,0.0,0,0.0,57.5,7,562500.0,46.877877781922756,32.461270057914376,15,30,7,6,30,0,13,-105.0,70.5,-47.5,5.0,4837056,1590.550192,nan,4.837056,nan,6,1584,1734960,12,3099720,30,6,792,384,96,408,102,198,6,0,0,6
245,-47.5,57.5,38,19,0,0.0,0.0,0,0.0,57.5,9,562500.0,38.708592206109245,18.490881542431154,19,38,9,7,38,0,16,-105.0,70.5,-47.5,5.0,5953660,1596.503852,nan,5.95366,nan,7,2304,2024120,14,3926312,38,7,924,448,112,476,119,231,7,0,0,7
246,-47.5,57.5,38,19,0,0.0,0.0,0,0.0,57.5,7,562500.0,43.12012802971652,21.383145322891636,19,38,7,7,38,0,14,-105.0,70.5,-47.5,5.0,5953444,1602.457296,nan,5.953444,nan,7,2088,2024120,14,3926312,38,7,924,448,112,476,119,231,7,0,0,7
247,-47.5,57.5,50,25,0,0.0,0.0,0,0.0,57.5,7,536248.4792670724,40.74131809445175,7.813714529170937,25,50,7,7,50,0,14,-105.0,70.5,-47.5,5.0,7193908,1609.651204,nan,7.193908,nan,7,2664,2024120,14,5166200,50,7,924,448,112,476,119,231,7,0,0,7
248,-47.5,57.5,54,27,0,0.0,0.0,0,0.0,57.5,6,562500.0,33.1719605283661,18.97752167947566,27,54,6,8,54,0,14,-105.0,70.5,-47.5,5.0,7896640,1617.547844,nan,7.89664,nan,8,2808,2313280,16,5579496,54,8,1056,512,128,544,136,264,8,0,0,8
249,-47.5,57.5,60,30,0,0.0,0.0,0,0.0,57.5,9,562500.0,44.87813440153259,32.16523724545092,30,60,9,5,60,0,14,-105.0,70.5,-47.5,5.0,7649140,1625.196984,nan,7.64914,nan,5,3240,1445800,10,6199440,60,5,660,320,80,340,85,165,5,0,0,5
250,-47.5,57.5,68,34,0,0.0,0.0,0,0.0,57.5,10,562500.0,49.149005291075405,34.91667813689229,34,68,10,6,68,0,16,-105.0,70.5,-47.5,5.0,8766032,1633.963016,nan,8.766032,nan,6,4248,1734960,12,7026032,68,6,792,384,96,408,102,198,6,0,0,6
251,-47.5,57.5,72,36,0,0.0,0.0,0,0.0,57.5,9,562500.0,45.709000018719756,32.346511028779254,36,72,9,6,72,0,15,-105.0,70.5,-47.5,5.0,9179112,1643.142128,nan,9.179112,nan,6,4032,1734960,12,7439328,72,6,792,384,96,408,102,198,6,0,0,6
252,-47.5,57.5,68,34,0,0.0,0.0,0,0.0,57.5,10,562500.0,38.935530566150845,22.424092088777044,34,68,10,5,68,0,15,-105.0,70.5,-47.5,5.0,8477028,1651.619156,nan,8.477028,nan,5,4536,1445800,10,7026032,68,5,660,320,80,340,85,165,5,0,0,5
253,-47.5,57.5,60,30,0,0.0,0.0,0,0.0,57.5,10,562500.0,37.7924689618801,27.400341629975337,30,60,10,6,60,0,16,-105.0,70.5,-47.5,5.0,7938360,1659.557516,nan,7.93836,nan,6,3168,1734960,12,6199440,60,6,792,384,96,408,102,198,6,0,0,6
254,-47.5,57.5,56,28,0,0.0,0.0,0,0.0,57.5,10,562500.0,32.24272694099328,18.884471846366345,28,56,10,5,56,0,15,-105.0,70.5,-47.5,5.0,7236204,1666.79372,nan,7.236204,nan,5,3600,1445800,10,5786144,56,5,660,320,80,340,85,165,5,0,0,5
255,-47.5,57.5,54,27,0,0.0,0.0,0,0.0,57.5,8,562500.0,38.75535782825307,21.565120681328487,27,54,8,7,54,0,15,-105.0,70.5,-47.5,5.0,7607564,1674.401284,nan,7.607564,nan,7,3024,2024120,14,5579496,54,7,924,448,112,476,119,231,7,0,0,7
256,-47.5,57.5,58,29,0,0.0,0.0,0,0.0,57.5,8,562500.0,42.13327065641143,28.93432655479957,29,58,8,6,58,0,14,-105.0,70.5,-47.5,5.0,7731784,1682.133068,nan,7.731784,nan,6,3240,1734960,12,5992792,58,6,792,384,96,408,102,198,6,0,0,6
257,-47.5,57.5,54,27,0,0.0,0.0,0,0.0,57.5,9,562500.0,35.678390590054086,18.280368530265008,27,54,9,7,54,0,16,-105.0,70.5,-47.5,5.0,7607852,1689.74092,nan,7.607852,nan,7,3312,2024120,14,5579496,54,7,924,448,112,476,119,231,7,0,0,7
258,-47.5,57.5,52,26,0,0.0,0.0,0,0.0,57.5,7,562500.0,42.932300115488836,20.476247717371212,26,52,7,7,52,0,14,-105.0,70.5,-47.5,5.0,7400556,1697.141476,nan,7.400556,nan,7,2664,2024120,14,5372848,52,7,924,448,112,476,119,231,7,0,0,7
259,-47.5,57.5,46,23,0,0.0,0.0,0,0.0,57.5,8,562500.0,39.8822058453199,18.240411487513455,23,46,8,7,46,0,15,-105.0,70.5,-47.5,5.0,6780540,1703.922016,nan,6.78054,nan,7,2592,2024120,14,4752904,46,7,924,448,112,476,119,231,7,0,0,7
260,-47.5,57.5,44,22,0,0.0,0.0,0,0.0,57.5,7,562500.0,46.90884943739013,37.23698100711042,22,44,7,7,44,0,14,-105.0,70.5,-47.5,5.0,6573820,1710.495836,nan,6.57382,nan,7,2520,2024120,14,4546256,44,7,924,448,112,476,119,231,7,0,0,7
261,-47.5,57.5,40,20,0,0.0,0.0,0,0.0,57.5,7,562500.0,40.45967945991403,18.06682589385351,20,40,7,7,40,0,14,-105.0,70.5,-47.5,5.0,6160236,1716.656072,nan,6.160236,nan,7,2232,2024120,14,4132960,40,7,924,448,112,476,119,231,7,0,0,7
262,-47.5,57.5,46,23,0,0.0,0.0,0,0.0,57.5,6,562500.0,35.295829908172976,18.076061293605655,23,46,6,8,46,0,14,-105.0,70.5,-47.5,5.0,7069688,1723.72576,nan,7.069688,nan,8,2448,2313280,16,4752904,46,8,1056,512,128,544,136,264,8,0,0,8
263,-47.5,57.5,50,25,0,0.0,0.0,0,0.0,57.5,7,562500.0,40.29843748376156,18.07600407379946,25,50,7,7,50,0,14,-105.0,70.5,-47.5,5.0,7193836,1730.919596,nan,7.193836,nan,7,2592,2024120,14,5166200,50,7,924,448,112,476,119,231,7,0,0,7
264,-47.5,57.5,54,27,0,0.0,0.0,0,0.0,57.5,8,562500.0,39.00997251506776,18.07600407379946,27,54,8,7,54,0,15,-105.0,70.5,-47.5,5.0,7607708,1738.527304,nan,7.607708,nan,7,3168,2024120,14,5579496,54,7,924,448,112,476,119,231,7,0,0,7
265,-47.5,57.5,54,27,0,0.0,0.0,0,0.0,57.5,8,562500.0,42.782768464175795,21.256919844111497,27,54,8,7,54,0,15,-105.0,70.5,-47.5,5.0,7607636,1746.13494,nan,7.607636,nan,7,3096,2024120,14,5579496,54,7,924,448,112,476,119,231,7,0,0,7
266,-47.5,57.5,56,28,0,0.0,0.0,0,0.0,57.5,7,562500.0,40.26193512232273,18.07600407379946,28,56,7,7,56,0,14,-105.0,70.5,-47.5,5.0,7814140,1753.94908,nan,7.81414,nan,7,2952,2024120,14,5786144,56,7,924,448,112,476,119,231,7,0,0,7
267,-47.5,57.5,54,27,0,0.0,0.0,0,0.0,57.5,8,562500.0,43.74316817659003,27.980239191911632,27,54,8,7,54,0,15,-105.0,70.5,-47.5,5.0,7607636,1761.556716,nan,7.607636,nan,7,3096,2024120,14,5579496,54,7,924,448,112,476,119,231,7,0,0,7
268,-47.5,57.5,52,26,0,0.0,0.0,0,0.0,57.5,7,562500.0,39.92213167383412,18.07600407379946,26,52,7,7,52,0,14,-105.0,70.5,-47.5,5.0,7400628,1768.957344,nan,7.400628,nan,7,2736,2024120,14,5372848,52,7,924,448,112,476,119,231,7,0,0,7
269,-47.5,57.5,52,26,0,0.0,0.0,0,0.0,57.5,8,562500.0,40.454542228123664,18.24014371905958,26,52,8,7,52,0,15,-105.0,70.5,-47.5,5.0,7400916,1776.35826,nan,7.400916,nan,7,3024,2024120,14,5372848,52,7,924,448,112,476,119,231,7,0,0,7
270,-47.5,57.5,50,25,0,0.0,0.0,0,0.0,57.5,7,562500.0,40.007259611096806,18.07600407379946,25,50,7,7,50,0,14,-105.0,70.5,-47.5,5.0,7193836,1783.552096,nan,7.193836,nan,7,2592,2024120,14,5166200,50,7,924,448,112,476,119,231,7,0,0,7
271,-47.5,57.5,60,30,0,0.0,0.0,0,0.0,57.5,9,562500.0,40.52460500210327,34.50209142222852,30,60,9,6,60,0,15,-105.0,70.5,-47.5,5.0,7938576,1791.490672,nan,7.938576,nan,6,3384,1734960,12,6199440,60,6,792,384,96,408,102,198,6,0,0,6
272,-47.5,57.5,58,29,0,0.0,0.0,0,0.0,57.5,8,562500.0,38.692084122757315,21.777405608297855,29,58,8,6,58,0,14,-105.0,70.5,-47.5,5.0,7731640,1799.222312,nan,7.73164,nan,6,3096,1734960,12,5992792,58,6,792,384,96,408,102,198,6,0,0,6
273,-47.5,57.5,60,30,0,0.0,0.0,0,0.0,57.5,11,562500.0,37.73958112945587,26.693214598324136,30,60,11,6,60,0,17,-105.0,70.5,-47.5,5.0,7938864,1807.161176,nan,7.938864,nan,6,3672,1734960,12,6199440,60,6,792,384,96,408,102,198,6,0,0,6
274,-47.5,57.5,58,29,0,0.0,0.0,0,0.0,57.5,9,562500.0,44.38914393558504,26.562456518552302,29,58,9,7,58,0,16,-105.0,70.5,-47.5,5.0,8021364,1815.18254,nan,8.021364,nan,7,3528,2024120,14,5992792,58,7,924,448,112,476,119,231,7,0,0,7
275,-47.5,57.5,60,30,0,0.0,0.0,0,0.0,57.5,11,562500.0,46.57207741455708,20.77896910222384,30,60,11,6,60,0,17,-105.0,70.5,-47.5,5.0,7938936,1823.121476,nan,7.938936,nan,6,3744,1734960,12,6199440,60,6,792,384,96,408,102,198,6,0,0,6
276,-47.5,57.5,48,24,0,0.0,0.0,0,0.0,57.5,8,546778.9171763194,39.51642296134982,14.29861955463328,24,48,8,7,48,0,15,-105.0,70.5,-47.5,5.0,6987692,1830.109168,nan,6.987692,nan,7,3096,2024120,14,4959552,48,7,924,448,112,476,119,231,7,0,0,7
277,-47.5,57.5,44,22,0,0.0,0.0,0,0.0,57.5,5,519470.6734507345,37.270166701007504,10.881191507926783,22,44,5,7,44,0,12,-105.0,70.5,-47.5,5.0,6573388,1836.682556,nan,6.573388,nan,7,2088,2024120,14,4546256,44,7,924,448,112,476,119,231,7,0,0,7
278,-47.5,57.5,50,25,0,0.0,0.0,0,0.0,57.5,8,562500.0,47.94664787025804,30.89230453640829,25,50,8,6,50,0,14,-105.0,70.5,-47.5,5.0,6905048,1843.587604,nan,6.905048,nan,6,3096,1734960,12,5166200,50,6,792,384,96,408,102,198,6,0,0,6
279,-47.5,57.5,58,29,0,0.0,0.0,0,0.0,57.5,8,562500.0,37.46974682333745,18.35776172376797,29,58,8,6,58,0,14,-105.0,70.5,-47.5,5.0,7731640,1851.319244,nan,7.73164,nan,6,3096,1734960,12,5992792,58,6,792,384,96,408,102,198,6,0,0,6
280,-47.5,57.5,62,31,0,0.0,0.0,0,0.0,57.5,8,562500.0,37.634303202106175,20.542071373754066,31,62,8,5,62,0,13,-105.0,70.5,-47.5,5.0,7856724,1859.175968,nan,7.856724,nan,5,4176,1445800,10,6406088,62,5,660,320,80,340,85,165,5,0,0,5
281,-47.5,57.5,48,24,0,0.0,0.0,0,0.0,57.5,6,562500.0,53.40966289561908,41.57885999256755,24,48,6,4,48,0,10,-105.0,70.5,-47.5,5.0,6119096,1865.295064,nan,6.119096,nan,4,2376,1156640,8,4959552,48,4,528,256,64,272,68,132,4,0,0,4
282,-47.5,57.5,46,23,0,0.0,0.0,0,0.0,57.5,7,562500.0,45.831157914875355,35.86030647724485,23,46,7,5,46,0,12,-105.0,70.5,-47.5,5.0,6202532,1871.497596,nan,6.202532,nan,5,3168,1445800,10,4752904,46,5,660,320,80,340,85,165,5,0,0,5
283,-47.5,57.5,44,22,0,0.0,0.0,0,0.0,57.5,5,562500.0,44.88719748757071,19.140129107888416,22,44,5,5,44,0,10,-105.0,70.5,-47.5,5.0,5995020,1877.492616,nan,5.99502,nan,5,2304,1445800,10,4546256,44,5,660,320,80,340,85,165,5,0,0,5
284,-47.5,57.5,46,23,0,0.0,0.0,0,0.0,57.5,6,562500.0,47.82327162225509,29.18263587991,23,46,6,5,46,0,11,-105.0,70.5,-47.5,5.0,6202316,1883.694932,nan,6.202316,nan,5,2952,1445800,10,4752904,46,5,660,320,80,340,85,165,5,0,0,5
285,-47.5,57.5,40,20,0,0.0,0.0,0,0.0,57.5,5,562500.0,51.0564848396941,34.84271641963911,20,40,5,4,40,0,9,-105.0,70.5,-47.5,5.0,5292000,1888.986932,nan,5.292,nan,4,1872,1156640,8,4132960,40,4,528,256,64,272,68,132,4,0,0,4
286,-47.5,57.5,36,18,0,0.0,0.0,0,0.0,57.5,6,562500.0,50.31969220789368,36.03265531129995,18,36,6,4,36,0,10,-105.0,70.5,-47.5,5.0,4878848,1893.86578,nan,4.878848,nan,4,2016,1156640,8,3719664,36,4,528,256,64,272,68,132,4,0,0,4
287,-47.5,57.5,36,18,0,0.0,0.0,0,0.0,57.5,6,562500.0,37.630909537040665,25.781921707163413,18,36,6,5,36,0,11,-105.0,70.5,-47.5,5.0,5168284,1899.034064,nan,5.168284,nan,5,2160,1445800,10,3719664,36,5,660,320,80,340,85,165,5,0,0,5
288,-47.5,57.5,30,15,0,0.0,0.0,0,0.0,57.5,5,562500.0,35.43506089243856,25.333876710424864,15,30,5,4,30,0,9,-105.0,70.5,-47.5,5.0,4258544,1903.292608,nan,4.258544,nan,4,1656,1156640,8,3099720,30,4,528,256,64,272,68,132,4,0,0,4
289,-47.5,57.5,34,17,0,0.0,0.0,0,0.0,57.5,5,562500.0,33.689194494021805,18.247163427903605,17,34,5,7,34,0,12,-105.0,70.5,-47.5,5.0,5540292,1908.8329,nan,5.540292,nan,7,2232,2024120,14,3513016,34,7,924,448,112,476,119,231,7,0,0,7
290,-47.5,57.5,34,17,0,0.0,0.0,0,0.0,57.5,6,540737.2334515179,27.3764929752143,11.701701933686913,17,34,6,7,34,0,13,-105.0,70.5,-47.5,5.0,5540076,1914.372976,nan,5.540076,nan,7,2016,2024120,14,3513016,34,7,924,448,112,476,119,231,7,0,0,7
291,-47.5,57.5,40,20,0,0.0,0.0,0,0.0,57.5,6,562500.0,42.17638872563793,18.27647765469763,20,40,6,6,40,0,12,-105.0,70.5,-47.5,5.0,5870872,1920.243848,nan,5.870872,nan,6,2160,1734960,12,4132960,40,6,792,384,96,408,102,198,6,0,0,6
292,-47.5,57.5,40,20,0,0.0,0.0,0,0.0,57.5,5,562500.0,44.1375225150235,18.59513862502348,20,40,5,5,40,0,10,-105.0,70.5,-47.5,5.0,5581724,1925.825572,nan,5.581724,nan,5,2304,1445800,10,4132960,40,5,660,320,80,340,85,165,5,0,0,5
293,-47.5,57.5,42,21,0,0.0,0.0,0,0.0,57.5,6,562500.0,39.960256944314295,18.59513862502348,21,42,6,4,42,0,10,-105.0,70.5,-47.5,5.0,5498792,1931.324364,nan,5.498792,nan,4,2016,1156640,8,4339608,42,4,528,256,64,272,68,132,4,0,0,4
294,-47.5,57.5,40,20,0,0.0,0.0,0,0.0,57.5,7,562500.0,51.10025309429764,31.7884697563075,20,40,7,5,40,0,12,-105.0,70.5,-47.5,5.0,5581868,1936.906232,nan,5.581868,nan,5,2448,1445800,10,4132960,40,5,660,320,80,340,85,165,5,0,0,5
295,-47.5,57.5,42,21,0,0.0,0.0,0,0.0,57.5,7,562500.0,56.65127662462082,48.147033642571806,21,42,7,5,42,0,12,-105.0,70.5,-47.5,5.0,5788444,1942.694676,nan,5.788444,nan,5,2376,1445800,10,4339608,42,5,660,320,80,340,85,165,5,0,0,5
296,-47.5,57.5,36,18,0,0.0,0.0,0,0.0,57.5,7,548419.0630547571,42.52107097876977,13.001407231012438,18,36,7,6,36,0,13,-105.0,70.5,-47.5,5.0,5457648,1948.152324,nan,5.457648,nan,6,2232,1734960,12,3719664,36,6,792,384,96,408,102,198,6,0,0,6
297,-47.5,57.5,34,17,0,0.0,0.0,0,0.0,57.5,8,562500.0,58.25664462929517,52.75742328683222,17,34,8,5,34,0,13,-105.0,70.5,-47.5,5.0,4961420,1953.113744,nan,4.96142,nan,5,1944,1445800,10,3513016,34,5,660,320,80,340,85,165,5,0,0,5
298,-47.5,57.5,36,18,0,0.0,0.0,0,0.0,57.5,6,562500.0,40.683470945746365,18.186940626502373,18,36,6,6,36,0,12,-105.0,70.5,-47.5,5.0,5457432,1958.571176,nan,5.457432,nan,6,2016,1734960,12,3719664,36,6,792,384,96,408,102,198,6,0,0,6
299,-47.5,57.5,40,20,0,0.0,0.0,0,0.0,57.5,4,562500.0,41.06417188519748,20.418817751730458,20,40,4,5,40,0,9,-105.0,70.5,-47.5,5.0,5581148,1964.152324,nan,5.581148,nan,5,1728,1445800,10,4132960,40,5,660,320,80,340,85,165,5,0,0,5
300,-47.5,57.5,50,25,0,0.0,0.0,0,0.0,57.5,9,562500.0,33.91468637331111,18.186940626502373,25,50,9,7,50,0,16,-105.0,70.5,-47.5,5.0,7194340,1971.346664,nan,7.19434,nan,7,3096,2024120,14,5166200,50,7,924,448,112,476,119,231,7,0,0,7
301,-47.5,57.5,48,24,0,0.0,0.0,0,0.0,57.5,8,562500.0,28.822782750601217,18.13269246242203,24,48,8,6,48,0,14,-105.0,70.5,-47.5,5.0,6698256,1978.04492,nan,6.698256,nan,6,2952,1734960,12,4959552,48,6,792,384,96,408,102,198,6,0,0,6
302,-47.5,57.5,48,24,0,0.0,0.0,0,0.0,57.5,8,562500.0,48.92810231223109,39.25544043114299,24,48,8,5,48,0,13,-105.0,70.5,-47.5,5.0,6408820,1984.45374,nan,6.40882,nan,5,2808,1445800,10,4959552,48,5,660,320,80,340,85,165,5,0,0,5
303,-47.5,57.5,54,27,0,0.0,0.0,0,0.0,57.5,11,562500.0,43.63557900487973,23.04054448872087,27,54,11,5,54,0,16,-105.0,70.5,-47.5,5.0,7029628,1991.483368,nan,7.029628,nan,5,3672,1445800,10,5579496,54,5,660,320,80,340,85,165,5,0,0,5
304,-47.5,57.5,54,27,0,0.0,0.0,0,0.0,57.5,8,562500.0,45.47310360289839,18.186940626502373,27,54,8,5,54,0,13,-105.0,70.5,-47.5,5.0,7029052,1998.51242,nan,7.029052,nan,5,3096,1445800,10,5579496,54,5,660,320,80,340,85,165,5,0,0,5
305,-47.5,57.5,54,27,0,0.0,0.0,0,0.0,57.5,7,562500.0,50.26801688309672,44.686154443464375,27,54,7,5,54,0,12,-105.0,70.5,-47.5,5.0,7028980,2005.5414,nan,7.02898,nan,5,3024,1445800,10,5579496,54,5,660,320,80,340,85,165,5,0,0,5
306,-47.5,57.5,58,29,0,0.0,0.0,0,0.0,57.5,7,562500.0,53.65186078942667,49.55028210124005,29,58,7,6,58,0,13,-105.0,70.5,-47.5,5.0,7731712,2013.273112,nan,7.731712,nan,6,3168,1734960,12,5992792,58,6,792,384,96,408,102,198,6,0,0,6
307,-47.5,57.5,64,32,0,0.0,0.0,0,0.0,57.5,6,562500.0,39.22810967991699,19.954248486275535,32,64,6,5,64,0,11,-105.0,70.5,-47.5,5.0,8062148,2021.33526,nan,8.062148,nan,5,2952,1445800,10,6612736,64,5,660,320,80,340,85,165,5,0,0,5
308,-47.5,57.5,66,33,0,0.0,0.0,0,0.0,57.5,6,562500.0,51.548808949384835,34.38277033723126,33,66,6,6,66,0,12,-105.0,70.5,-47.5,5.0,8558808,2029.894068,nan,8.558808,nan,6,3672,1734960,12,6819384,66,6,792,384,96,408,102,198,6,0,0,6
309,-47.5,57.5,68,34,0,0.0,0.0,0,0.0,57.5,6,562500.0,47.413363642665054,25.930083842584096,34,68,6,6,68,0,12,-105.0,70.5,-47.5,5.0,8765312,2038.65938,nan,8.765312,nan,6,3528,1734960,12,7026032,68,6,792,384,96,408,102,198,6,0,0,6
310,-47.5,57.5,70,35,0,0.0,0.0,0,0.0,57.5,8,562500.0,18.700673011025447,18.186940626502373,35,70,8,4,70,0,12,-105.0,70.5,-47.5,5.0,8393952,2047.053332,nan,8.393952,nan,4,4104,1156640,8,7232680,70,4,528,256,64,272,68,132,4,0,0,4
311,-47.5,57.5,68,34,0,0.0,0.0,0,0.0,57.5,9,562500.0,39.36013568951155,25.325663069014404,34,68,9,5,68,0,14,-105.0,70.5,-47.5,5.0,8476524,2055.529856,nan,8.476524,nan,5,4032,1445800,10,7026032,68,5,660,320,80,340,85,165,5,0,0,5
312,-47.5,57.5,72,36,0,0.0,0.0,0,0.0,57.5,8,562500.0,48.55845001699268,28.560357602627025,36,72,8,6,72,0,14,-105.0,70.5,-47.5,5.0,9178968,2064.708824,nan,9.178968,nan,6,3888,1734960,12,7439328,72,6,792,384,96,408,102,198,6,0,0,6
313,-47.5,57.5,72,36,0,0.0,0.0,0,0.0,57.5,8,562500.0,51.20270860469253,34.40310013299963,36,72,8,6,72,0,14,-105.0,70.5,-47.5,5.0,9179256,2073.88808,nan,9.179256,nan,6,4176,1734960,12,7439328,72,6,792,384,96,408,102,198,6,0,0,6
314,-47.5,57.5,74,37,0,0.0,0.0,0,0.0,57.5,6,545591.4404275153,34.82885410773881,14.637581071094196,37,74,6,7,74,0,13,-105.0,70.5,-47.5,5.0,9674980,2083.56306,nan,9.67498,nan,7,3960,2024120,14,7645976,74,7,924,448,112,476,119,231,7,0,0,7
315,-47.5,57.5,82,41,0,0.0,0.0,0,0.0,57.5,7,562500.0,42.340278791629565,19.606186267312232,41,82,7,6,82,0,13,-105.0,70.5,-47.5,5.0,10211992,2093.775052,nan,10.211992,nan,6,3672,1734960,12,8472568,82,6,792,384,96,408,102,198,6,0,0,6
316,-47.5,57.5,94,47,0,0.0,0.0,0,0.0,57.5,8,562500.0,43.90423369089365,18.491125333957182,47,94,8,6,94,0,14,-105.0,70.5,-47.5,5.0,11453032,2105.228084,nan,11.453032,nan,6,4824,1734960,12,9712456,94,6,792,384,96,408,102,198,6,0,0,6
317,-47.5,57.5,94,47,0,0.0,0.0,0,0.0,57.5,10,538729.026016844,33.56055026186187,12.47638691412063,47,94,11,7,94,1,18,-105.0,70.5,-47.5,5.0,11743620,2116.971704,nan,11.74362,nan,7,6120,2024120,14,9712456,94,7,924,448,112,476,119,231,7,0,0,7
318,-47.5,57.5,90,45,0,0.0,0.0,0,0.0,57.5,10,562500.0,49.56595066044065,43.580700283425585,45,90,10,5,90,0,15,-105.0,70.5,-47.5,5.0,10750804,2127.722508,nan,10.750804,nan,5,5184,1445800,10,9299160,90,5,660,320,80,340,85,165,5,0,0,5
319,-47.5,57.5,92,46,0,0.0,0.0,0,0.0,57.5,11,562500.0,53.03437337547822,41.53775528383625,46,92,11,6,92,0,17,-105.0,70.5,-47.5,5.0,11247392,2138.9699,nan,11.247392,nan,6,5832,1734960,12,9505808,92,6,792,384,96,408,102,198,6,0,0,6
320,-47.5,57.5,82,41,0,0.0,0.0,0,0.0,57.5,9,562500.0,43.35077426425979,37.07919712925047,41,82,9,6,82,0,15,-105.0,70.5,-47.5,5.0,10213000,2149.1829,nan,10.213,nan,6,4680,1734960,12,8472568,82,6,792,384,96,408,102,198,6,0,0,6
321,-47.5,57.5,70,35,0,0.0,0.0,0,0.0,57.5,9,562500.0,50.29856079631487,36.57998983220843,35,70,9,6,70,0,15,-105.0,70.5,-47.5,5.0,8972176,2158.155076,nan,8.972176,nan,6,3744,1734960,12,7232680,70,6,792,384,96,408,102,198,6,0,0,6
322,-47.5,57.5,58,29,0,0.0,0.0,0,0.0,57.5,9,562500.0,52.53392209385542,41.41791882059127,29,58,9,4,58,0,13,-105.0,70.5,-47.5,5.0,7153560,2165.308636,nan,7.15356,nan,4,3600,1156640,8,5992792,58,4,528,256,64,272,68,132,4,0,0,4
323,-47.5,57.5,46,23,0,0.0,0.0,0,0.0,57.5,7,562500.0,50.08157263607961,34.894306582532074,23,46,8,6,46,1,14,-105.0,70.5,-47.5,5.0,6491608,2171.800244,nan,6.491608,nan,6,2952,1734960,12,4752904,46,6,792,384,96,408,102,198,6,0,0,6
324,-47.5,57.5,46,23,0,0.0,0.0,0,0.0,57.5,6,532014.440538729,43.03512110823547,11.054162648909859,23,46,6,6,46,0,12,-105.0,70.5,-47.5,5.0,6491176,2178.29142,nan,6.491176,nan,6,2520,1734960,12,4752904,46,6,792,384,96,408,102,198,6,0,0,6
325,-47.5,57.5,50,25,0,0.0,0.0,0,0.0,57.5,6,525412.2979406221,32.58064113220212,9.48902947148601,25,50,6,8,50,0,14,-105.0,70.5,-47.5,5.0,7483776,2185.775196,nan,7.483776,nan,8,3240,2313280,16,5166200,50,8,1056,512,128,544,136,264,8,0,0,8
326,-47.5,57.5,52,26,0,0.0,0.0,0,0.0,57.5,7,562500.0,51.30916117375062,39.96498638290745,26,52,7,6,52,0,13,-105.0,70.5,-47.5,5.0,7111408,2192.886604,nan,7.111408,nan,6,2808,1734960,12,5372848,52,6,792,384,96,408,102,198,6,0,0,6
327,-47.5,57.5,48,24,0,0.0,0.0,0,0.0,57.5,7,562500.0,50.2541326571278,39.67924588009305,24,48,7,6,48,0,13,-105.0,70.5,-47.5,5.0,6698256,2199.58486,nan,6.698256,nan,6,2952,1734960,12,4959552,48,6,792,384,96,408,102,198,6,0,0,6
328,-47.5,57.5,42,21,0,0.0,0.0,0,0.0,57.5,5,562500.0,52.79784806990161,43.700362720887455,21,42,5,6,42,0,11,-105.0,70.5,-47.5,5.0,6077592,2205.662452,nan,6.077592,nan,6,2232,1734960,12,4339608,42,6,792,384,96,408,102,198,6,0,0,6
329,-47.5,57.5,40,20,0,0.0,0.0,0,0.0,57.5,6,562500.0,49.95917853257498,39.03141249652015,20,40,6,5,40,0,11,-105.0,70.5,-47.5,5.0,5581724,2211.244176,nan,5.581724,nan,5,2304,1445800,10,4132960,40,5,660,320,80,340,85,165,5,0,0,5
330,-47.5,57.5,36,18,0,0.0,0.0,0,0.0,57.5,6,562500.0,44.4194260444795,30.456682177357763,18,36,6,6,36,0,12,-105.0,70.5,-47.5,5.0,5457360,2216.701536,nan,5.45736,nan,6,1944,1734960,12,3719664,36,6,792,384,96,408,102,198,6,0,0,6
331,-47.5,57.5,30,15,0,0.0,0.0,0,0.0,57.5,6,562500.0,42.43462966559754,18.267717078154778,15,30,6,6,30,0,12,-105.0,70.5,-47.5,5.0,4837344,2221.53888,nan,4.837344,nan,6,1872,1734960,12,3099720,30,6,792,384,96,408,102,198,6,0,0,6
332,-47.5,57.5,26,13,0,0.0,0.0,0,0.0,57.5,5,562500.0,48.00890914820735,31.421437420816858,13,26,5,5,26,0,10,-105.0,70.5,-47.5,5.0,4134324,2225.673204,nan,4.134324,nan,5,1440,1445800,10,2686424,26,5,660,320,80,340,85,165,5,0,0,5
333,-47.5,57.5,32,16,0,0.0,0.0,0,0.0,57.5,8,562500.0,42.597029444854606,20.841749396371966,16,32,8,6,32,0,14,-105.0,70.5,-47.5,5.0,5043992,2230.717196,nan,5.043992,nan,6,1872,1734960,12,3306368,32,6,792,384,96,408,102,198,6,0,0,6
334,-47.5,57.5,40,20,0,0.0,0.0,0,0.0,57.5,8,562500.0,32.77083784048462,19.56258793745518,20,40,8,7,40,0,15,-105.0,70.5,-47.5,5.0,6160308,2236.877504,nan,6.160308,nan,7,2304,2024120,14,4132960,40,7,924,448,112,476,119,231,7,0,0,7
335,-47.5,57.5,48,24,0,0.0,0.0,0,0.0,57.5,8,562500.0,35.64116335076634,20.26415889916974,24,48,8,7,48,0,15,-105.0,70.5,-47.5,5.0,6987476,2243.86498,nan,6.987476,nan,7,2880,2024120,14,4959552,48,7,924,448,112,476,119,231,7,0,0,7
336,-47.5,57.5,46,23,0,0.0,0.0,0,0.0,57.5,6,520072.14897486975,39.01504127217252,7.423499507215463,23,46,6,7,46,0,13,-105.0,70.5,-47.5,5.0,6780468,2250.645448,nan,6.780468,nan,7,2520,2024120,14,4752904,46,7,924,448,112,476,119,231,7,0,0,7
337,-47.5,57.5,44,22,0,0.0,0.0,0,0.0,57.5,7,488376.8296657512,27.65322644180619,6.645852123399775,22,44,7,8,44,0,15,-105.0,70.5,-47.5,5.0,6863400,2257.508848,nan,6.8634,nan,8,2808,2313280,16,4546256,44,8,1056,512,128,544,136,264,8,0,0,8
338,-47.5,57.5,36,18,0,0.0,0.0,0,0.0,57.5,7,562500.0,37.70620983138135,18.135340511937287,18,36,7,7,36,0,14,-105.0,70.5,-47.5,5.0,5746796,2263.255644,nan,5.746796,nan,7,2088,2024120,14,3719664,36,7,924,448,112,476,119,231,7,0,0,7
339,-47.5,57.5,42,21,0,0.0,0.0,0,0.0,57.5,5,494850.05083645374,29.73467791786093,9.405832078533804,21,42,5,9,42,0,14,-105.0,70.5,-47.5,5.0,6945612,2270.201256,nan,6.945612,nan,9,2376,2602440,18,4339608,42,9,1188,576,144,612,153,297,9,0,0,9
340,-47.5,57.5,46,23,0,0.0,0.0,0,0.0,57.5,5,549528.0050249464,38.841116061871546,14.101846483341038,23,46,5,8,46,0,13,-105.0,70.5,-47.5,5.0,7069472,2277.270728,nan,7.069472,nan,8,2232,2313280,16,4752904,46,8,1056,512,128,544,136,264,8,0,0,8
341,-47.5,57.5,50,25,0,0.0,0.0,0,0.0,57.5,8,562500.0,31.62446028398812,20.823076155177183,25,50,8,8,50,0,16,-105.0,70.5,-47.5,5.0,7483416,2284.754144,nan,7.483416,nan,8,2880,2313280,16,5166200,50,8,1056,512,128,544,136,264,8,0,0,8
342,-47.5,57.5,50,25,0,0.0,0.0,0,0.0,57.5,5,527427.7216248041,27.308892093321898,7.832429912175468,25,50,5,9,50,0,14,-105.0,70.5,-47.5,5.0,7772348,2292.526492,nan,7.772348,nan,9,2520,2602440,18,5166200,50,9,1188,576,144,612,153,297,9,0,0,9
343,-47.5,57.5,48,24,0,0.0,0.0,0,0.0,57.5,5,523549.10845030204,27.46224214370777,6.342599972309144,24,48,5,9,48,0,14,-105.0,70.5,-47.5,5.0,7565628,2300.09212,nan,7.565628,nan,9,2448,2602440,18,4959552,48,9,1188,576,144,612,153,297,9,0,0,9
344,-47.5,57.5,46,23,0,0.0,0.0,0,0.0,57.5,3,523549.108453238,29.633385351640317,6.342599972309144,23,46,3,9,46,0,12,-105.0,70.5,-47.5,5.0,7358332,2307.450452,nan,7.358332,nan,9,1800,2602440,18,4752904,46,9,1188,576,144,612,153,297,9,0,0,9
345,-47.5,57.5,44,22,0,0.0,0.0,0,0.0,57.5,6,562500.0,27.22203440188233,18.165263146326257,22,44,6,7,44,0,13,-105.0,70.5,-47.5,5.0,6573460,2314.023912,nan,6.57346,nan,7,2160,2024120,14,4546256,44,7,924,448,112,476,119,231,7,0,0,7
346,-47.5,57.5,40,20,0,0.0,0.0,0,0.0,57.5,7,562500.0,36.287762934509374,19.373518053142227,20,40,7,8,40,0,15,-105.0,70.5,-47.5,5.0,6449384,2320.473296,nan,6.449384,nan,8,2088,2313280,16,4132960,40,8,1056,512,128,544,136,264,8,0,0,8
347,-47.5,57.5,38,19,0,0.0,0.0,0,0.0,57.5,6,562500.0,27.340667536567544,18.165263146326257,19,38,6,7,38,0,13,-105.0,70.5,-47.5,5.0,5953516,2326.426812,nan,5.953516,nan,7,2160,2024120,14,3926312,38,7,924,448,112,476,119,231,7,0,0,7
348,-47.5,57.5,38,19,0,0.0,0.0,0,0.0,57.5,6,562500.0,36.48302757399025,19.373518053142227,19,38,6,6,38,0,12,-105.0,70.5,-47.5,5.0,5663864,2332.090676,nan,5.663864,nan,6,1800,1734960,12,3926312,38,6,792,384,96,408,102,198,6,0,0,6
349,-47.5,57.5,38,19,0,0.0,0.0,0,0.0,57.5,7,562500.0,32.74039380801152,18.165263146326257,19,38,7,7,38,0,14,-105.0,70.5,-47.5,5.0,5953660,2338.044336,nan,5.95366,nan,7,2304,2024120,14,3926312,38,7,924,448,112,476,119,231,7,0,0,7
350,-47.5,57.5,38,19,0,0.0,0.0,0,0.0,57.5,6,562500.0,29.639805719704142,18.313041491397538,19,38,6,6,38,0,12,-105.0,70.5,-47.5,5.0,5663792,2343.708128,nan,5.663792,nan,6,1728,1734960,12,3926312,38,6,792,384,96,408,102,198,6,0,0,6
351,-47.5,57.5,42,21,0,0.0,0.0,0,0.0,57.5,7,562500.0,31.061333095028704,18.165263146326257,21,42,7,8,42,0,15,-105.0,70.5,-47.5,5.0,6656536,2350.364664,nan,6.656536,nan,8,2592,2313280,16,4339608,42,8,1056,512,128,544,136,264,8,0,0,8
352,-47.5,57.5,44,22,0,0.0,0.0,0,0.0,57.5,5,562500.0,39.09224947078098,21.34439313114182,22,44,5,7,44,0,12,-105.0,70.5,-47.5,5.0,6573244,2356.937908,nan,6.573244,nan,7,1944,2024120,14,4546256,44,7,924,448,112,476,119,231,7,0,0,7
353,-47.5,57.5,46,23,0,0.0,0.0,0,0.0,57.5,5,513536.309262424,23.00649412880857,10.803909106560319,23,46,5,9,46,0,14,-105.0,70.5,-47.5,5.0,7359124,2364.297032,nan,7.359124,nan,9,2592,2602440,18,4752904,46,9,1188,576,144,612,153,297,9,0,0,9
354,-47.5,57.5,48,24,0,0.0,0.0,0,0.0,57.5,6,562500.0,39.31951653710262,21.34439313114182,24,48,6,7,48,0,13,-105.0,70.5,-47.5,5.0,6986756,2371.283788,nan,6.986756,nan,7,2160,2024120,14,4959552,48,7,924,448,112,476,119,231,7,0,0,7
355,-47.5,57.5,48,24,0,0.0,0.0,0,0.0,57.5,6,496267.6018491908,22.42791239647211,10.803909106560319,24,48,6,9,48,0,15,-105.0,70.5,-47.5,5.0,7565844,2378.849632,nan,7.565844,nan,9,2664,2602440,18,4959552,48,9,1188,576,144,612,153,297,9,0,0,9
356,-47.5,57.5,46,23,0,0.0,0.0,0,0.0,57.5,5,562500.0,38.41212697819226,21.34439313114182,23,46,5,8,46,0,13,-105.0,70.5,-47.5,5.0,7069328,2385.91896,nan,7.069328,nan,8,2088,2313280,16,4752904,46,8,1056,512,128,544,136,264,8,0,0,8
357,-47.5,57.5,42,21,0,0.0,0.0,0,0.0,57.5,6,562500.0,30.446434373314702,18.165263146326257,21,42,6,8,42,0,14,-105.0,70.5,-47.5,5.0,6656248,2392.575208,nan,6.656248,nan,8,2304,2313280,16,4339608,42,8,1056,512,128,544,136,264,8,0,0,8
358,-47.5,57.5,40,20,0,0.0,0.0,0,0.0,57.5,7,562500.0,36.95171242377196,19.683146495198805,20,40,7,6,40,0,13,-105.0,70.5,-47.5,5.0,5870656,2398.445864,nan,5.870656,nan,6,1944,1734960,12,4132960,40,6,792,384,96,408,102,198,6,0,0,6
359,-47.5,57.5,42,21,0,0.0,0.0,0,0.0,57.5,8,562500.0,40.57609118577502,19.714142496942365,21,42,8,7,42,0,15,-105.0,70.5,-47.5,5.0,6367028,2404.812892,nan,6.367028,nan,7,2376,2024120,14,4339608,42,7,924,448,112,476,119,231,7,0,0,7
360,-47.5,57.5,46,23,0,0.0,0.0,0,0.0,57.5,8,562500.0,40.28155365472931,19.683146495198805,23,46,8,7,46,0,15,-105.0,70.5,-47.5,5.0,6780468,2411.59336,nan,6.780468,nan,7,2520,2024120,14,4752904,46,7,924,448,112,476,119,231,7,0,0,7
361,-47.5,57.5,58,29,0,0.0,0.0,0,0.0,57.5,8,562500.0,35.73231999172557,19.141294469902345,29,58,8,6,58,0,14,-105.0,70.5,-47.5,5.0,7731568,2419.324928,nan,7.731568,nan,6,3024,1734960,12,5992792,58,6,792,384,96,408,102,198,6,0,0,6
362,-47.5,57.5,56,28,0,0.0,0.0,0,0.0,57.5,9,562500.0,44.73253291723521,36.654059457967215,28,56,9,7,56,0,16,-105.0,70.5,-47.5,5.0,7814356,2427.139284,nan,7.814356,nan,7,3168,2024120,14,5786144,56,7,924,448,112,476,119,231,7,0,0,7
363,-47.5,57.5,58,29,0,0.0,0.0,0,0.0,57.5,7,562500.0,40.247011485834726,18.5407194978485,29,58,7,7,58,0,14,-105.0,70.5,-47.5,5.0,8020860,2435.160144,nan,8.02086,nan,7,3024,2024120,14,5992792,58,7,924,448,112,476,119,231,7,0,0,7
364,-47.5,57.5,60,30,0,0.0,0.0,0,0.0,57.5,6,522489.439948671,36.622822457531925,5.9110256682936635,30,60,6,8,60,0,14,-105.0,70.5,-47.5,5.0,8516728,2443.676872,nan,8.516728,nan,8,2952,2313280,16,6199440,60,8,1056,512,128,544,136,264,8,0,0,8
365,-47.5,57.5,62,31,0,0.0,0.0,0,0.0,57.5,8,562500.0,33.02374405032406,18.188228301695187,31,62,8,7,62,0,15,-105.0,70.5,-47.5,5.0,8434660,2452.111532,nan,8.43466,nan,7,3528,2024120,14,6406088,62,7,924,448,112,476,119,231,7,0,0,7
366,-47.5,57.5,56,28,0,0.0,0.0,0,0.0,57.5,9,562500.0,48.705133420957,38.586499566409735,28,56,9,5,56,0,14,-105.0,70.5,-47.5,5.0,7235628,2459.34716,nan,7.235628,nan,5,3024,1445800,10,5786144,56,5,660,320,80,340,85,165,5,0,0,5
367,-47.5,57.5,48,24,0,0.0,0.0,0,0.0,57.5,6,490727.2384127523,33.97814835784503,7.151903375192119,24,48,6,8,48,0,14,-105.0,70.5,-47.5,5.0,7276624,2466.623784,nan,7.276624,nan,8,2736,2313280,16,4959552,48,8,1056,512,128,544,136,264,8,0,0,8
368,-47.5,57.5,32,16,0,0.0,0.0,0,0.0,57.5,4,562500.0,43.964300408925546,27.7364503582487,16,32,4,6,32,0,10,-105.0,70.5,-47.5,5.0,5043560,2471.667344,nan,5.04356,nan,6,1440,1734960,12,3306368,32,6,792,384,96,408,102,198,6,0,0,6
369,-47.5,57.5,28,14,0,0.0,0.0,0,0.0,57.5,6,562500.0,47.52754955458011,28.072347815083404,14,28,6,6,28,0,12,-105.0,70.5,-47.5,5.0,4630336,2476.29768,nan,4.630336,nan,6,1512,1734960,12,2893072,28,6,792,384,96,408,102,198,6,0,0,6
370,-47.5,57.5,20,10,0,0.0,0.0,0,0.0,57.5,4,562500.0,48.13956498581413,34.17667018105357,10,20,4,5,20,0,9,-105.0,70.5,-47.5,5.0,3513948,2479.811628,nan,3.513948,nan,5,1008,1445800,10,2066480,20,5,660,320,80,340,85,165,5,0,0,5
371,-47.5,57.5,26,13,0,0.0,0.0,0,0.0,57.5,7,562500.0,40.23698645614801,19.54413441771075,13,26,7,6,26,0,13,-105.0,70.5,-47.5,5.0,4423760,2484.235388,nan,4.42376,nan,6,1584,1734960,12,2686424,26,6,792,384,96,408,102,198,6,0,0,6
372,-47.5,57.5,34,17,0,0.0,0.0,0,0.0,57.5,6,562500.0,43.482238842350505,20.355506169358463,17,34,6,6,34,0,12,-105.0,70.5,-47.5,5.0,5250640,2489.486028,nan,5.25064,nan,6,1872,1734960,12,3513016,34,6,792,384,96,408,102,198,6,0,0,6
373,-47.5,57.5,30,15,0,0.0,0.0,0,0.0,57.5,7,562500.0,40.223934590717036,20.171396552279216,15,30,7,5,30,0,12,-105.0,70.5,-47.5,5.0,4548052,2494.03408,nan,4.548052,nan,5,1872,1445800,10,3099720,30,5,660,320,80,340,85,165,5,0,0,5
374,-47.5,57.5,26,13,0,0.0,0.0,0,0.0,57.5,6,562500.0,39.9527929038389,19.702559160623846,13,26,6,4,26,0,10,-105.0,70.5,-47.5,5.0,3845176,2497.879256,nan,3.845176,nan,4,1584,1156640,8,2686424,26,4,528,256,64,272,68,132,4,0,0,4
375,-47.5,57.5,22,11,0,0.0,0.0,0,0.0,57.5,5,562500.0,33.440710142379814,19.278408152784525,11,22,5,3,22,0,8,-105.0,70.5,-47.5,5.0,3142156,2501.021412,nan,3.142156,nan,3,1152,867480,6,2273128,22,3,396,192,48,204,51,99,3,0,0,3
376,-47.5,57.5,16,8,0,0.0,0.0,0,0.0,57.5,3,562500.0,35.29250409039715,19.589361587674226,8,16,3,3,16,0,6,-105.0,70.5,-47.5,5.0,2521780,2503.543192,nan,2.52178,nan,3,720,867480,6,1653184,16,3,396,192,48,204,51,99,3,0,0,3
377,-47.5,57.5,24,12,0,0.0,0.0,0,0.0,57.5,5,562500.0,45.71154904542712,25.41847271774346,12,24,5,5,24,0,10,-105.0,70.5,-47.5,5.0,3927460,2507.470652,nan,3.92746,nan,5,1224,1445800,10,2479776,24,5,660,320,80,340,85,165,5,0,0,5
378,-47.5,57.5,28,14,0,0.0,0.0,0,0.0,57.5,6,562500.0,51.60766644609369,34.337528735189736,14,28,6,4,28,0,10,-105.0,70.5,-47.5,5.0,4051752,2511.522404,nan,4.051752,nan,4,1512,1156640,8,2893072,28,4,528,256,64,272,68,132,4,0,0,4
379,-47.5,57.5,30,15,0,0.0,0.0,0,0.0,57.5,6,562500.0,43.78618806998052,21.380507636246158,15,30,6,5,30,0,11,-105.0,70.5,-47.5,5.0,4547980,2516.070384,nan,4.54798,nan,5,1800,1445800,10,3099720,30,5,660,320,80,340,85,165,5,0,0,5
380,-47.5,57.5,30,15,0,0.0,0.0,0,0.0,57.5,4,562500.0,44.7086243668138,32.91794991839724,15,30,4,5,30,0,9,-105.0,70.5,-47.5,5.0,4547764,2520.618148,nan,4.547764,nan,5,1584,1445800,10,3099720,30,5,660,320,80,340,85,165,5,0,0,5
381,-47.5,57.5,28,14,0,0.0,0.0,0,0.0,57.5,6,562500.0,39.101988086197096,31.854773119439695,14,28,6,4,28,0,10,-105.0,70.5,-47.5,5.0,4051968,2524.670116,nan,4.051968,nan,4,1728,1156640,8,2893072,28,4,528,256,64,272,68,132,4,0,0,4
382,-47.5,57.5,28,14,0,0.0,0.0,0,0.0,57.5,4,562500.0,52.07258863138065,34.33752110945909,14,28,4,4,28,0,8,-105.0,70.5,-47.5,5.0,4051752,2528.721868,nan,4.051752,nan,4,1512,1156640,8,2893072,28,4,528,256,64,272,68,132,4,0,0,4
383,-47.5,57.5,36,18,0,0.0,0.0,0,0.0,57.5,8,562500.0,30.016406777786926,19.178665815562297,18,36,8,5,36,0,13,-105.0,70.5,-47.5,5.0,5168356,2533.890224,nan,5.168356,nan,5,2232,1445800,10,3719664,36,5,660,320,80,340,85,165,5,0,0,5
384,-47.5,57.5,48,24,0,0.0,0.0,0,0.0,57.5,7,562500.0,43.597839763315214,28.517001718910286,24,48,7,7,48,0,14,-105.0,70.5,-47.5,5.0,6987548,2540.877772,nan,6.987548,nan,7,2952,2024120,14,4959552,48,7,924,448,112,476,119,231,7,0,0,7
385,-47.5,57.5,50,25,0,0.0,0.0,0,0.0,57.5,8,562500.0,45.931342153163534,26.516255902831286,25,50,8,6,50,0,14,-105.0,70.5,-47.5,5.0,6904544,2547.782316,nan,6.904544,nan,6,2592,1734960,12,5166200,50,6,792,384,96,408,102,198,6,0,0,6
386,-47.5,57.5,56,28,0,0.0,0.0,0,0.0,57.5,9,562500.0,49.07336549759319,39.956995823277495,28,56,9,5,56,0,14,-105.0,70.5,-47.5,5.0,7235988,2555.018304,nan,7.235988,nan,5,3384,1445800,10,5786144,56,5,660,320,80,340,85,165,5,0,0,5
387,-47.5,57.5,54,27,0,0.0,0.0,0,0.0,57.5,10,562500.0,51.733542462825085,39.64574715103486,27,54,10,5,54,0,15,-105.0,70.5,-47.5,5.0,7029556,2562.04786,nan,7.029556,nan,5,3600,1445800,10,5579496,54,5,660,320,80,340,85,165,5,0,0,5
388,-47.5,57.5,44,22,0,0.0,0.0,0,0.0,57.5,7,562500.0,43.23465243871057,18.20526173398143,22,44,7,5,44,0,12,-105.0,70.5,-47.5,5.0,5995092,2568.042952,nan,5.995092,nan,5,2376,1445800,10,4546256,44,5,660,320,80,340,85,165,5,0,0,5
389,-47.5,57.5,44,22,0,0.0,0.0,0,0.0,57.5,6,562500.0,52.641532443398326,31.23946407106437,22,44,6,6,44,0,12,-105.0,70.5,-47.5,5.0,6284384,2574.327336,nan,6.284384,nan,6,2376,1734960,12,4546256,44,6,792,384,96,408,102,198,6,0,0,6
390,-47.5,57.5,48,24,0,0.0,0.0,0,0.0,57.5,7,562500.0,37.445154614806235,19.661197557584313,24,48,7,6,48,0,13,-105.0,70.5,-47.5,5.0,6697968,2581.025304,nan,6.697968,nan,6,2664,1734960,12,4959552,48,6,792,384,96,408,102,198,6,0,0,6
391,-47.5,57.5,48,24,0,0.0,0.0,0,0.0,57.5,9,562500.0,44.318465043000906,18.022646058612178,24,48,9,5,48,0,14,-105.0,70.5,-47.5,5.0,6408964,2587.434268,nan,6.408964,nan,5,2952,1445800,10,4959552,48,5,660,320,80,340,85,165,5,0,0,5
392,-47.5,57.5,44,22,0,0.0,0.0,0,0.0,57.5,6,562500.0,55.93253127746341,39.510660451993395,22,44,6,5,44,0,11,-105.0,70.5,-47.5,5.0,5995164,2593.429432,nan,5.995164,nan,5,2448,1445800,10,4546256,44,5,660,320,80,340,85,165,5,0,0,5
393,-47.5,57.5,48,24,0,0.0,0.0,0,0.0,57.5,5,511258.1117854268,38.51915865261991,8.260339896476651,24,48,5,6,48,0,11,-105.0,70.5,-47.5,5.0,6698184,2600.127616,nan,6.698184,nan,6,2880,1734960,12,4959552,48,6,792,384,96,408,102,198,6,0,0,6
394,-47.5,57.5,56,28,0,0.0,0.0,0,0.0,57.5,4,562500.0,42.621590227007395,21.158045709426254,28,56,4,6,56,0,10,-105.0,70.5,-47.5,5.0,7524056,2607.651672,nan,7.524056,nan,6,2160,1734960,12,5786144,56,6,792,384,96,408,102,198,6,0,0,6
395,-47.5,57.5,54,27,0,0.0,0.0,0,0.0,57.5,7,562500.0,44.66070106404537,18.695492680255338,27,54,7,5,54,0,12,-105.0,70.5,-47.5,5.0,7029052,2614.680724,nan,7.029052,nan,5,3096,1445800,10,5579496,54,5,660,320,80,340,85,165,5,0,0,5
396,-47.5,57.5,54,27,0,0.0,0.0,0,0.0,57.5,9,562500.0,43.67439962837446,18.997714504681806,27,54,9,4,54,0,13,-105.0,70.5,-47.5,5.0,6739832,2621.420556,nan,6.739832,nan,4,3168,1156640,8,5579496,54,4,528,256,64,272,68,132,4,0,0,4
397,-47.5,57.5,58,29,0,0.0,0.0,0,0.0,57.5,9,562500.0,41.867861568163484,20.187507525994658,29,58,9,6,58,0,15,-105.0,70.5,-47.5,5.0,7732000,2629.152556,nan,7.732,nan,6,3456,1734960,12,5992792,58,6,792,384,96,408,102,198,6,0,0,6
398,-47.5,57.5,60,30,0,0.0,0.0,0,0.0,57.5,10,562500.0,44.538527381878176,25.527436556796047,30,60,10,6,60,0,16,-105.0,70.5,-47.5,5.0,7938792,2637.091348,nan,7.938792,nan,6,3600,1734960,12,6199440,60,6,792,384,96,408,102,198,6,0,0,6
399,-47.5,57.5,60,30,0,0.0,0.0,0,0.0,57.5,9,562500.0,45.28000239384368,21.157847349744703,30,60,9,6,60,0,15,-105.0,70.5,-47.5,5.0,7938720,2645.030068,nan,7.93872,nan,6,3528,1734960,12,6199440,60,6,792,384,96,408,102,198,6,0,0,6
400,-47.5,57.5,56,28,0,0.0,0.0,0,0.0,57.5,6,562500.0,41.98186848053816,19.75500273858796,28,56,6,6,56,0,12,-105.0,70.5,-47.5,5.0,7524632,2652.5547,nan,7.524632,nan,6,2736,1734960,12,5786144,56,6,792,384,96,408,102,198,6,0,0,6
401,-47.5,57.5,52,26,0,0.0,0.0,0,0.0,57.5,9,562500.0,40.84152434273959,18.65503318401146,26,52,9,4,52,0,13,-105.0,70.5,-47.5,5.0,6532608,2659.087308,nan,6.532608,nan,4,2592,1156640,8,5372848,52,4,528,256,64,272,68,132,4,0,0,4
402,-47.5,57.5,48,24,0,0.0,0.0,0,0.0,57.5,7,533318.8695209123,36.941441032879396,11.871660181320905,24,48,7,6,48,0,13,-105.0,70.5,-47.5,5.0,6698112,2665.78542,nan,6.698112,nan,6,2808,1734960,12,4959552,48,6,792,384,96,408,102,198,6,0,0,6
403,-47.5,57.5,46,23,0,0.0,0.0,0,0.0,57.5,7,562500.0,47.725336401855955,34.53787730118315,23,46,7,5,46,0,12,-105.0,70.5,-47.5,5.0,6201956,2671.987376,nan,6.201956,nan,5,2592,1445800,10,4752904,46,5,660,320,80,340,85,165,5,0,0,5
404,-47.5,57.5,46,23,0,0.0,0.0,0,0.0,57.5,8,562500.0,36.79402848579212,19.52178237924859,23,46,8,5,46,0,13,-105.0,70.5,-47.5,5.0,6202028,2678.189404,nan,6.202028,nan,5,2664,1445800,10,4752904,46,5,660,320,80,340,85,165,5,0,0,5
405,-47.5,57.5,46,23,0,0.0,0.0,0,0.0,57.5,6,562500.0,35.30440808559464,19.52178237924859,23,46,6,7,46,0,13,-105.0,70.5,-47.5,5.0,6780252,2684.969656,nan,6.780252,nan,7,2304,2024120,14,4752904,46,7,924,448,112,476,119,231,7,0,0,7
406,-47.5,57.5,64,32,0,0.0,0.0,0,0.0,57.5,9,562500.0,42.46006440082362,20.02363104132696,32,64,9,7,64,0,16,-105.0,70.5,-47.5,5.0,8641596,2693.611252,nan,8.641596,nan,7,3816,2024120,14,6612736,64,7,924,448,112,476,119,231,7,0,0,7
407,-47.5,57.5,66,33,0,0.0,0.0,0,0.0,57.5,9,562500.0,39.537957180054406,27.731645467633722,33,66,9,6,66,0,15,-105.0,70.5,-47.5,5.0,8559024,2702.170276,nan,8.559024,nan,6,3888,1734960,12,6819384,66,6,792,384,96,408,102,198,6,0,0,6
408,-47.5,57.5,74,37,0,0.0,0.0,0,0.0,57.5,10,562500.0,36.17491352601184,18.669419363132874,37,74,10,6,74,0,16,-105.0,70.5,-47.5,5.0,9386192,2711.556468,nan,9.386192,nan,6,4464,1734960,12,7645976,74,6,792,384,96,408,102,198,6,0,0,6
409,-47.5,57.5,80,40,0,0.0,0.0,0,0.0,57.5,9,562500.0,35.501022059358384,18.686148314434526,40,80,9,6,80,0,15,-105.0,70.5,-47.5,5.0,10006064,2721.562532,nan,10.006064,nan,6,4392,1734960,12,8265920,80,6,792,384,96,408,102,198,6,0,0,6
410,-47.5,57.5,80,40,0,0.0,0.0,0,0.0,57.5,8,532125.3294678001,23.940104620927773,9.479690204218036,40,80,8,8,80,0,16,-105.0,70.5,-47.5,5.0,10584864,2732.147396,nan,10.584864,nan,8,4608,2313280,16,8265920,80,8,1056,512,128,544,136,264,8,0,0,8
411,-47.5,57.5,78,39,0,0.0,0.0,0,0.0,57.5,8,544289.1934307811,38.02259109869216,11.903407140011186,39,78,9,8,78,1,17,-105.0,70.5,-47.5,5.0,10378360,2742.525756,nan,10.37836,nan,8,4752,2313280,16,8059272,78,8,1056,512,128,544,136,264,8,0,0,8
412,-47.5,57.5,62,31,0,0.0,0.0,0,0.0,57.5,7,531520.1918818167,31.46369113787639,11.382014515698188,31,62,7,7,62,0,14,-105.0,70.5,-47.5,5.0,8434660,2750.960416,nan,8.43466,nan,7,3528,2024120,14,6406088,62,7,924,448,112,476,119,231,7,0,0,7
413,-47.5,57.5,54,27,0,0.0,0.0,0,0.0,57.5,7,562500.0,41.86642082077641,31.763684309635675,27,54,7,7,54,0,14,-105.0,70.5,-47.5,5.0,7607708,2758.568124,nan,7.607708,nan,7,3168,2024120,14,5579496,54,7,924,448,112,476,119,231,7,0,0,7
414,-47.5,57.5,46,23,0,0.0,0.0,0,0.0,57.5,6,562500.0,46.896034170872205,38.078128516891645,23,46,6,6,46,0,12,-105.0,70.5,-47.5,5.0,6491032,2765.059156,nan,6.491032,nan,6,2376,1734960,12,4752904,46,6,792,384,96,408,102,198,6,0,0,6
415,-47.5,57.5,40,20,0,0.0,0.0,0,0.0,57.5,9,562500.0,46.62071908057027,35.274304965918496,20,40,9,5,40,0,14,-105.0,70.5,-47.5,5.0,5581940,2770.641096,nan,5.58194,nan,5,2520,1445800,10,4132960,40,5,660,320,80,340,85,165,5,0,0,5
416,-47.5,57.5,38,19,0,0.0,0.0,0,0.0,57.5,8,510317.4701031158,33.64456690969861,10.583876622862768,19,38,8,8,38,0,16,-105.0,70.5,-47.5,5.0,6242952,2776.884048,nan,6.242952,nan,8,2304,2313280,16,3926312,38,8,1056,512,128,544,136,264,8,0,0,8
417,-47.5,57.5,40,20,0,0.0,0.0,0,0.0,57.5,7,562500.0,49.835127595708286,36.532392652579105,20,40,7,6,40,0,13,-105.0,70.5,-47.5,5.0,5870872,2782.75492,nan,5.870872,nan,6,2160,1734960,12,4132960,40,6,792,384,96,408,102,198,6,0,0,6
418,-47.5,57.5,34,17,0,0.0,0.0,0,0.0,57.5,6,519458.32857217547,36.148396245709776,10.86205231729216,17,34,6,7,34,0,13,-105.0,70.5,-47.5,5.0,5539788,2788.294708,nan,5.539788,nan,7,1728,2024120,14,3513016,34,7,924,448,112,476,119,231,7,0,0,7
419,-47.5,57.5,32,16,0,0.0,0.0,0,0.0,57.5,5,562500.0,40.15918398264574,22.536359325439278,16,32,5,8,32,0,13,-105.0,70.5,-47.5,5.0,5622504,2793.917212,nan,5.622504,nan,8,1800,2313280,16,3306368,32,8,1056,512,128,544,136,264,8,0,0,8
420,-47.5,57.5,32,16,0,0.0,0.0,0,0.0,57.5,4,562500.0,35.238355677455004,20.415357853650498,16,32,4,7,32,0,11,-105.0,70.5,-47.5,5.0,5332924,2799.250136,nan,5.332924,nan,7,1512,2024120,14,3306368,32,7,924,448,112,476,119,231,7,0,0,7
421,-47.5,57.5,28,14,0,0.0,0.0,0,0.0,57.5,5,562500.0,42.27764536328277,28.654457590531837,14,28,5,5,28,0,10,-105.0,70.5,-47.5,5.0,4341116,2803.591252,nan,4.341116,nan,5,1584,1445800,10,2893072,28,5,660,320,80,340,85,165,5,0,0,5
422,-47.5,57.5,26,13,0,0.0,0.0,0,0.0,57.5,5,562500.0,42.291526727511624,26.676456749345327,13,26,5,5,26,0,10,-105.0,70.5,-47.5,5.0,4134396,2807.725648,nan,4.134396,nan,5,1512,1445800,10,2686424,26,5,660,320,80,340,85,165,5,0,0,5
423,-47.5,57.5,32,16,0,0.0,0.0,0,0.0,57.5,6,562500.0,44.28645447757094,24.538370868597635,16,32,6,6,32,0,12,-105.0,70.5,-47.5,5.0,5043920,2812.769568,nan,5.04392,nan,6,1800,1734960,12,3306368,32,6,792,384,96,408,102,198,6,0,0,6
424,-47.5,57.5,38,19,0,0.0,0.0,0,0.0,57.5,5,562500.0,47.2860643179051,33.47847444311992,19,38,5,6,38,0,11,-105.0,70.5,-47.5,5.0,5664080,2818.433648,nan,5.66408,nan,6,2016,1734960,12,3926312,38,6,792,384,96,408,102,198,6,0,0,6
425,-47.5,57.5,46,23,0,0.0,0.0,0,0.0,57.5,6,562500.0,46.387806116925184,25.775927176245695,23,46,6,6,46,0,12,-105.0,70.5,-47.5,5.0,6490888,2824.924536,nan,6.490888,nan,6,2232,1734960,12,4752904,46,6,792,384,96,408,102,198,6,0,0,6
426,-47.5,57.5,50,25,0,0.0,0.0,0,0.0,57.5,7,562500.0,47.35252075435185,29.622909406847672,25,50,7,6,50,0,13,-105.0,70.5,-47.5,5.0,6904760,2831.829296,nan,6.90476,nan,6,2808,1734960,12,5166200,50,6,792,384,96,408,102,198,6,0,0,6
427,-47.5,57.5,50,25,0,0.0,0.0,0,0.0,57.5,8,562500.0,34.74137875886876,18.331272238912966,25,50,8,6,50,0,14,-105.0,70.5,-47.5,5.0,6904688,2838.733984,nan,6.904688,nan,6,2736,1734960,12,5166200,50,6,792,384,96,408,102,198,6,0,0,6
428,-47.5,57.5,46,23,0,0.0,0.0,0,0.0,57.5,7,562500.0,49.551226759810184,36.803998055796676,23,46,7,6,46,0,13,-105.0,70.5,-47.5,5.0,6491032,2845.225016,nan,6.491032,nan,6,2376,1734960,12,4752904,46,6,792,384,96,408,102,198,6,0,0,6
429,-47.5,57.5,54,27,0,0.0,0.0,0,0.0,57.5,7,557041.1759391156,41.037574661579676,15.48677957859236,27,54,7,7,54,0,14,-105.0,70.5,-47.5,5.0,7607420,2852.832436,nan,7.60742,nan,7,2880,2024120,14,5579496,54,7,924,448,112,476,119,231,7,0,0,7
430,-47.5,57.5,50,25,0,0.0,0.0,0,0.0,57.5,6,562500.0,39.804999707019654,19.029710552766677,25,50,6,6,50,0,12,-105.0,70.5,-47.5,5.0,6904328,2859.736764,nan,6.904328,nan,6,2376,1734960,12,5166200,50,6,792,384,96,408,102,198,6,0,0,6
431,-47.5,57.5,44,22,0,0.0,0.0,0,0.0,57.5,6,562500.0,47.99361795431462,31.930077644896855,22,44,6,6,44,0,12,-105.0,70.5,-47.5,5.0,6284168,2866.020932,nan,6.284168,nan,6,2160,1734960,12,4546256,44,6,792,384,96,408,102,198,6,0,0,6
432,-47.5,57.5,42,21,0,0.0,0.0,0,0.0,57.5,7,515639.1319875082,28.15615905102697,11.267854604401464,21,42,7,7,42,0,14,-105.0,70.5,-47.5,5.0,6366884,2872.387816,nan,6.366884,nan,7,2232,2024120,14,4339608,42,7,924,448,112,476,119,231,7,0,0,7
433,-47.5,57.5,46,23,0,0.0,0.0,0,0.0,57.5,5,488318.9179316093,28.2985151330099,5.603478142903504,23,46,6,8,46,1,14,-105.0,70.5,-47.5,5.0,7069544,2879.45736,nan,7.069544,nan,8,2304,2313280,16,4752904,46,8,1056,512,128,544,136,264,8,0,0,8
434,-47.5,57.5,54,27,0,0.0,0.0,0,0.0,57.5,9,562500.0,39.11092298859824,18.850031604721995,27,54,9,6,54,0,15,-105.0,70.5,-47.5,5.0,7318128,2886.775488,nan,7.318128,nan,6,2880,1734960,12,5579496,54,6,792,384,96,408,102,198,6,0,0,6
435,-47.5,57.5,54,27,0,0.0,0.0,0,0.0,57.5,7,562500.0,39.133331614464,18.02381898316542,27,54,7,7,54,0,14,-105.0,70.5,-47.5,5.0,7607492,2894.38298,nan,7.607492,nan,7,2952,2024120,14,5579496,54,7,924,448,112,476,119,231,7,0,0,7
436,-47.5,57.5,52,26,0,0.0,0.0,0,0.0,57.5,8,562500.0,45.66874279332462,26.61663355890164,26,52,8,7,52,0,15,-105.0,70.5,-47.5,5.0,7400556,2901.783536,nan,7.400556,nan,7,2664,2024120,14,5372848,52,7,924,448,112,476,119,231,7,0,0,7
437,-47.5,57.5,50,25,0,0.0,0.0,0,0.0,57.5,6,562500.0,41.69705858623797,21.48059001031765,25,50,6,8,50,0,14,-105.0,70.5,-47.5,5.0,7483200,2909.266736,nan,7.4832,nan,8,2664,2313280,16,5166200,50,8,1056,512,128,544,136,264,8,0,0,8
438,-47.5,57.5,46,23,0,0.0,0.0,0,0.0,57.5,7,562500.0,31.66740547359604,18.993419833836576,23,46,7,8,46,0,15,-105.0,70.5,-47.5,5.0,7069616,2916.336352,nan,7.069616,nan,8,2376,2313280,16,4752904,46,8,1056,512,128,544,136,264,8,0,0,8
439,-47.5,57.5,40,20,0,0.0,0.0,0,0.0,57.5,7,562500.0,47.488173694672916,39.16733432215133,20,40,7,6,40,0,13,-105.0,70.5,-47.5,5.0,5870872,2922.207224,nan,5.870872,nan,6,2160,1734960,12,4132960,40,6,792,384,96,408,102,198,6,0,0,6
440,-47.5,57.5,38,19,0,0.0,0.0,0,0.0,57.5,6,550033.2417481217,25.01012560555382,15.458092604281255,19,38,6,9,38,0,15,-105.0,70.5,-47.5,5.0,6532172,2928.739396,nan,6.532172,nan,9,2232,2602440,18,3926312,38,9,1188,576,144,612,153,297,9,0,0,9
441,-47.5,57.5,38,19,0,0.0,0.0,0,0.0,57.5,4,562500.0,33.322275983782106,19.029710552766677,19,38,4,8,38,0,12,-105.0,70.5,-47.5,5.0,6242520,2934.981916,nan,6.24252,nan,8,1872,2313280,16,3926312,38,8,1056,512,128,544,136,264,8,0,0,8
442,-47.5,57.5,38,19,0,0.0,0.0,0,0.0,57.5,4,562500.0,47.60565714438001,43.16292108588699,19,38,4,8,38,0,12,-105.0,70.5,-47.5,5.0,6242304,2941.22422,nan,6.242304,nan,8,1656,2313280,16,3926312,38,8,1056,512,128,544,136,264,8,0,0,8
443,-47.5,57.5,36,18,0,0.0,0.0,0,0.0,57.5,4,562500.0,42.373265534298966,19.029710552766677,18,36,4,7,36,0,11,-105.0,70.5,-47.5,5.0,5746364,2946.970584,nan,5.746364,nan,7,1656,2024120,14,3719664,36,7,924,448,112,476,119,231,7,0,0,7
444,-47.5,57.5,36,18,0,0.0,0.0,0,0.0,57.5,5,562500.0,47.499094034495,43.1956662519753,18,36,5,8,36,0,13,-105.0,70.5,-47.5,5.0,6035800,2953.006384,nan,6.0358,nan,8,1800,2313280,16,3719664,36,8,1056,512,128,544,136,264,8,0,0,8
445,-47.5,57.5,36,18,0,0.0,0.0,0,0.0,57.5,3,536940.8478722282,28.789078685811937,11.883133566211823,18,36,3,8,36,0,11,-105.0,70.5,-47.5,5.0,6035656,2959.04204,nan,6.035656,nan,8,1656,2313280,16,3719664,36,8,1056,512,128,544,136,264,8,0,0,8
446,-47.5,57.5,38,19,0,0.0,0.0,0,0.0,57.5,5,562500.0,33.50694437703452,19.029710552766677,19,38,5,8,38,0,13,-105.0,70.5,-47.5,5.0,6242448,2965.284488,nan,6.242448,nan,8,1800,2313280,16,3926312,38,8,1056,512,128,544,136,264,8,0,0,8
447,-47.5,57.5,38,19,0,0.0,0.0,0,0.0,57.5,5,562500.0,42.270631126821776,20.32269409328424,19,38,5,7,38,0,12,-105.0,70.5,-47.5,5.0,5953156,2971.237644,nan,5.953156,nan,7,1800,2024120,14,3926312,38,7,924,448,112,476,119,231,7,0,0,7
448,-47.5,57.5,40,20,0,0.0,0.0,0,0.0,57.5,6,562500.0,19.538883162096212,19.029710552766677,20,40,6,8,40,0,14,-105.0,70.5,-47.5,5.0,6449240,2977.686884,nan,6.44924,nan,8,1944,2313280,16,4132960,40,8,1056,512,128,544,136,264,8,0,0,8
449,-47.5,57.5,40,20,0,0.0,0.0,0,0.0,57.5,6,562500.0,42.2629317315393,19.69979178308443,20,40,6,7,40,0,13,-105.0,70.5,-47.5,5.0,6160020,2983.846904,nan,6.16002,nan,7,2016,2024120,14,4132960,40,7,924,448,112,476,119,231,7,0,0,7
450,-47.5,57.5,40,20,0,0.0,0.0,0,0.0,57.5,7,562500.0,32.473200320951975,19.029710552766677,20,40,7,8,40,0,15,-105.0,70.5,-47.5,5.0,6449456,2990.29636,nan,6.449456,nan,8,2160,2313280,16,4132960,40,8,1056,512,128,544,136,264,8,0,0,8
451,-47.5,57.5,56,28,0,0.0,0.0,0,0.0,57.5,7,562500.0,34.89321473658804,18.859309441798572,28,56,7,6,56,0,13,-105.0,70.5,-47.5,5.0,7524560,2997.82092,nan,7.52456,nan,6,2664,1734960,12,5786144,56,6,792,384,96,408,102,198,6,0,0,6
452,-47.5,57.5,56,28,0,0.0,0.0,0,0.0,57.5,8,562500.0,39.20476714707917,18.82720608582566,28,56,8,7,56,0,15,-105.0,70.5,-47.5,5.0,7814500,3005.63542,nan,7.8145,nan,7,3312,2024120,14,5786144,56,7,924,448,112,476,119,231,7,0,0,7
453,-47.5,57.5,60,30,0,0.0,0.0,0,0.0,57.5,9,562500.0,44.314142984322984,18.142037887656773,30,60,9,6,60,0,15,-105.0,70.5,-47.5,5.0,7938504,3013.573924,nan,7.938504,nan,6,3312,1734960,12,6199440,60,6,792,384,96,408,102,198,6,0,0,6
454,-47.5,57.5,62,31,0,0.0,0.0,0,0.0,57.5,10,562500.0,50.548607910893296,41.53249960792781,31,62,10,5,62,0,15,-105.0,70.5,-47.5,5.0,7856292,3021.430216,nan,7.856292,nan,5,3744,1445800,10,6406088,62,5,660,320,80,340,85,165,5,0,0,5
455,-47.5,57.5,68,34,0,0.0,0.0,0,0.0,57.5,8,562500.0,39.84792717354665,22.890384950137225,34,68,8,8,68,0,16,-105.0,70.5,-47.5,5.0,9344184,3030.7744,nan,9.344184,nan,8,3816,2313280,16,7026032,68,8,1056,512,128,544,136,264,8,0,0,8
456,-47.5,57.5,66,33,0,0.0,0.0,0,0.0,57.5,8,562500.0,34.46361959775944,18.40542113439391,33,66,8,6,66,0,14,-105.0,70.5,-47.5,5.0,8558448,3039.332848,nan,8.558448,nan,6,3312,1734960,12,6819384,66,6,792,384,96,408,102,198,6,0,0,6
457,-47.5,57.5,62,31,0,0.0,0.0,0,0.0,57.5,8,562500.0,41.13036598983095,26.70565641502867,31,62,8,8,62,0,16,-105.0,70.5,-47.5,5.0,8723880,3048.056728,nan,8.72388,nan,8,3456,2313280,16,6406088,62,8,1056,512,128,544,136,264,8,0,0,8
458,-47.5,57.5,54,27,0,0.0,0.0,0,0.0,57.5,6,562500.0,40.1198743652236,17.996820492259204,27,54,6,7,54,0,13,-105.0,70.5,-47.5,5.0,7607348,3055.664076,nan,7.607348,nan,7,2808,2024120,14,5579496,54,7,924,448,112,476,119,231,7,0,0,7
459,-47.5,57.5,42,21,0,0.0,0.0,0,0.0,57.5,4,562500.0,44.92196124979845,19.847338597633705,21,42,4,6,42,0,10,-105.0,70.5,-47.5,5.0,6077520,3061.741596,nan,6.07752,nan,6,2160,1734960,12,4339608,42,6,792,384,96,408,102,198,6,0,0,6
460,-47.5,57.5,38,19,0,0.0,0.0,0,0.0,57.5,5,562500.0,41.723516735169156,20.5441177573282,19,38,5,5,38,0,10,-105.0,70.5,-47.5,5.0,5374644,3067.11624,nan,5.374644,nan,5,1872,1445800,10,3926312,38,5,660,320,80,340,85,165,5,0,0,5
461,-47.5,57.5,32,16,0,0.0,0.0,0,0.0,57.5,2,562500.0,40.11184108817429,20.5441177573282,16,32,2,6,32,0,8,-105.0,70.5,-47.5,5.0,5043632,3072.159872,nan,5.043632,nan,6,1512,1734960,12,3306368,32,6,792,384,96,408,102,198,6,0,0,6
462,-47.5,57.5,36,18,0,0.0,0.0,0,0.0,57.5,5,562500.0,53.864752084373784,42.32443392772013,18,36,5,3,36,0,8,-105.0,70.5,-47.5,5.0,4589196,3076.749068,nan,4.589196,nan,3,1656,867480,6,3719664,36,3,396,192,48,204,51,99,3,0,0,3
463,-47.5,57.5,38,19,0,0.0,0.0,0,0.0,57.5,5,562500.0,35.64479965616705,19.14252213371697,19,38,5,6,38,0,11,-105.0,70.5,-47.5,5.0,5664224,3082.413292,nan,5.664224,nan,6,2160,1734960,12,3926312,38,6,792,384,96,408,102,198,6,0,0,6
464,-47.5,57.5,34,17,0,0.0,0.0,0,0.0,57.5,6,562500.0,35.19132741872793,18.24794947575578,17,34,6,6,34,0,12,-105.0,70.5,-47.5,5.0,5250640,3087.663932,nan,5.25064,nan,6,1872,1734960,12,3513016,34,6,792,384,96,408,102,198,6,0,0,6
465,-47.5,57.5,24,12,0,0.0,0.0,0,0.0,57.5,4,562500.0,56.178779318864464,44.22951281999707,12,24,4,5,24,0,9,-105.0,70.5,-47.5,5.0,3927460,3091.591392,nan,3.92746,nan,5,1224,1445800,10,2479776,24,5,660,320,80,340,85,165,5,0,0,5
466,-47.5,57.5,32,16,0,0.0,0.0,0,0.0,57.5,7,562500.0,43.83236384887789,24.74667693708429,16,32,7,6,32,0,13,-105.0,70.5,-47.5,5.0,5043776,3096.635168,nan,5.043776,nan,6,1656,1734960,12,3306368,32,6,792,384,96,408,102,198,6,0,0,6
467,-47.5,57.5,28,14,0,0.0,0.0,0,0.0,57.5,6,562500.0,41.67186258338868,19.08786765217605,14,28,6,6,28,0,12,-105.0,70.5,-47.5,5.0,4630120,3101.265288,nan,4.63012,nan,6,1296,1734960,12,2893072,28,6,792,384,96,408,102,198,6,0,0,6
468,-47.5,57.5,26,13,0,0.0,0.0,0,0.0,57.5,5,562500.0,42.441655400436254,29.261835482384065,13,26,5,6,26,0,11,-105.0,70.5,-47.5,5.0,4423688,3105.688976,nan,4.423688,nan,6,1512,1734960,12,2686424,26,6,792,384,96,408,102,198,6,0,0,6
469,-47.5,57.5,30,15,0,0.0,0.0,0,0.0,57.5,7,562500.0,47.42876675349953,41.670690683040064,15,30,7,5,30,0,12,-105.0,70.5,-47.5,5.0,4547908,3110.236884,nan,4.547908,nan,5,1728,1445800,10,3099720,30,5,660,320,80,340,85,165,5,0,0,5
470,-47.5,57.5,36,18,0,0.0,0.0,0,0.0,57.5,6,562500.0,35.39675188709341,21.265446971060527,18,36,6,6,36,0,12,-105.0,70.5,-47.5,5.0,5457576,3115.69446,nan,5.457576,nan,6,2160,1734960,12,3719664,36,6,792,384,96,408,102,198,6,0,0,6
471,-47.5,57.5,34,17,0,0.0,0.0,0,0.0,57.5,3,562500.0,41.24507869603692,24.66824820220992,17,34,3,7,34,0,10,-105.0,70.5,-47.5,5.0,5539788,3121.234248,nan,5.539788,nan,7,1728,2024120,14,3513016,34,7,924,448,112,476,119,231,7,0,0,7
472,-47.5,57.5,34,17,0,0.0,0.0,0,0.0,57.5,7,562500.0,45.016432058892036,26.929741950658396,17,34,7,4,34,0,11,-105.0,70.5,-47.5,5.0,4672056,3125.906304,nan,4.672056,nan,4,1872,1156640,8,3513016,34,4,528,256,64,272,68,132,4,0,0,4
473,-47.5,57.5,30,15,0,0.0,0.0,0,0.0,57.5,7,562500.0,46.70970337580947,30.720558602717173,15,30,7,4,30,0,11,-105.0,70.5,-47.5,5.0,4258400,3130.164704,nan,4.2584,nan,4,1512,1156640,8,3099720,30,4,528,256,64,272,68,132,4,0,0,4
474,-47.5,57.5,26,13,0,0.0,0.0,0,0.0,57.5,8,562500.0,40.538211529921384,23.043228458631408,13,26,8,5,26,0,13,-105.0,70.5,-47.5,5.0,4134540,3134.299244,nan,4.13454,nan,5,1656,1445800,10,2686424,26,5,660,320,80,340,85,165,5,0,0,5
475,-47.5,57.5,34,17,0,0.0,0.0,0,0.0,57.5,8,562500.0,37.14763840847511,18.636093454063147,17,34,8,7,34,0,15,-105.0,70.5,-47.5,5.0,5540004,3139.839248,nan,5.540004,nan,7,1944,2024120,14,3513016,34,7,924,448,112,476,119,231,7,0,0,7
476,-47.5,57.5,28,14,0,0.0,0.0,0,0.0,57.5,8,562500.0,38.84239267880453,18.089650052803172,14,28,8,5,28,0,13,-105.0,70.5,-47.5,5.0,4341116,3144.180364,nan,4.341116,nan,5,1584,1445800,10,2893072,28,5,660,320,80,340,85,165,5,0,0,5
477,-47.5,57.5,32,16,0,0.0,0.0,0,0.0,57.5,5,562500.0,39.16795331638291,20.020413775931306,16,32,5,6,32,0,11,-105.0,70.5,-47.5,5.0,5043704,3149.224068,nan,5.043704,nan,6,1584,1734960,12,3306368,32,6,792,384,96,408,102,198,6,0,0,6
478,-47.5,57.5,36,18,0,0.0,0.0,0,0.0,57.5,6,562500.0,35.61782791628813,19.797426769630025,18,36,6,6,36,0,12,-105.0,70.5,-47.5,5.0,5457216,3154.681284,nan,5.457216,nan,6,1800,1734960,12,3719664,36,6,792,384,96,408,102,198,6,0,0,6
479,-47.5,57.5,42,21,0,0.0,0.0,0,0.0,57.5,6,562500.0,37.18739196131239,20.14153518956286,21,42,6,7,42,0,13,-105.0,70.5,-47.5,5.0,6367100,3161.048384,nan,6.3671,nan,7,2448,2024120,14,4339608,42,7,924,448,112,476,119,231,7,0,0,7
480,-47.5,57.5,38,19,0,0.0,0.0,0,0.0,57.5,6,562500.0,35.53173598434451,20.194718738307145,19,38,6,6,38,0,12,-105.0,70.5,-47.5,5.0,5663864,3166.712248,nan,5.663864,nan,6,1800,1734960,12,3926312,38,6,792,384,96,408,102,198,6,0,0,6
481,-47.5,57.5,36,18,0,0.0,0.0,0,0.0,57.5,5,562500.0,38.884930941267235,19.958495429893276,18,36,5,6,36,0,11,-105.0,70.5,-47.5,5.0,5457216,3172.169464,nan,5.457216,nan,6,1800,1734960,12,3719664,36,6,792,384,96,408,102,198,6,0,0,6
482,-47.5,57.5,38,19,0,0.0,0.0,0,0.0,57.5,6,562500.0,41.962912860955484,18.078937582654127,19,38,6,7,38,0,13,-105.0,70.5,-47.5,5.0,5953372,3178.122836,nan,5.953372,nan,7,2016,2024120,14,3926312,38,7,924,448,112,476,119,231,7,0,0,7
483,-47.5,57.5,36,18,0,0.0,0.0,0,0.0,57.5,6,562500.0,40.001391451780115,18.09984687358647,18,36,6,6,36,0,12,-105.0,70.5,-47.5,5.0,5457360,3183.580196,nan,5.45736,nan,6,1944,1734960,12,3719664,36,6,792,384,96,408,102,198,6,0,0,6
484,-47.5,57.5,36,18,0,0.0,0.0,0,0.0,57.5,8,562500.0,41.43825570682215,20.19472255293187,18,36,8,5,36,0,13,-105.0,70.5,-47.5,5.0,5168140,3188.748336,nan,5.16814,nan,5,2016,1445800,10,3719664,36,5,660,320,80,340,85,165,5,0,0,5
485,-47.5,57.5,36,18,0,0.0,0.0,0,0.0,57.5,6,562500.0,42.935515212720574,18.09970796521181,18,36,6,7,36,0,13,-105.0,70.5,-47.5,5.0,5746652,3194.494988,nan,5.746652,nan,7,1944,2024120,14,3719664,36,7,924,448,112,476,119,231,7,0,0,7
486,-47.5,57.5,46,23,0,0.0,0.0,0,0.0,57.5,7,562500.0,38.859965619089145,19.07463906702684,23,46,7,5,46,0,12,-105.0,70.5,-47.5,5.0,6201452,3200.69644,nan,6.201452,nan,5,2088,1445800,10,4752904,46,5,660,320,80,340,85,165,5,0,0,5
487,-47.5,57.5,48,24,0,0.0,0.0,0,0.0,57.5,5,562500.0,28.50409417049499,18.24193580519926,24,48,5,7,48,0,12,-105.0,70.5,-47.5,5.0,6987332,3207.683772,nan,6.987332,nan,7,2736,2024120,14,4959552,48,7,924,448,112,476,119,231,7,0,0,7
488,-47.5,57.5,50,25,0,0.0,0.0,0,0.0,57.5,8,562500.0,40.84322117376663,20.46176782316387,25,50,8,7,50,0,15,-105.0,70.5,-47.5,5.0,7193764,3214.877536,nan,7.193764,nan,7,2520,2024120,14,5166200,50,7,924,448,112,476,119,231,7,0,0,7
489,-47.5,57.5,46,23,0,0.0,0.0,0,0.0,57.5,7,562500.0,23.57052127312209,18.050513637016586,23,46,7,7,46,0,14,-105.0,70.5,-47.5,5.0,6780396,3221.657932,nan,6.780396,nan,7,2448,2024120,14,4752904,46,7,924,448,112,476,119,231,7,0,0,7
490,-47.5,57.5,42,21,0,0.0,0.0,0,0.0,57.5,7,562500.0,31.155312824735226,18.186974958366548,21,42,7,7,42,0,14,-105.0,70.5,-47.5,5.0,6366956,3228.024888,nan,6.366956,nan,7,2304,2024120,14,4339608,42,7,924,448,112,476,119,231,7,0,0,7
491,-47.5,57.5,44,22,0,0.0,0.0,0,0.0,57.5,8,562500.0,29.13931194130843,18.59513862502348,22,44,8,7,44,0,15,-105.0,70.5,-47.5,5.0,6573892,3234.59878,nan,6.573892,nan,7,2592,2024120,14,4546256,44,7,924,448,112,476,119,231,7,0,0,7
492,-47.5,57.5,40,20,0,0.0,0.0,0,0.0,57.5,7,562500.0,41.03298786534886,18.643718480740674,20,40,7,7,40,0,14,-105.0,70.5,-47.5,5.0,6160308,3240.759088,nan,6.160308,nan,7,2304,2024120,14,4132960,40,7,924,448,112,476,119,231,7,0,0,7
493,-47.5,57.5,38,19,0,0.0,0.0,0,0.0,57.5,5,562500.0,33.11687345565113,18.59513862502348,19,38,5,7,38,0,12,-105.0,70.5,-47.5,5.0,5953372,3246.71246,nan,5.953372,nan,7,2016,2024120,14,3926312,38,7,924,448,112,476,119,231,7,0,0,7
494,-47.5,57.5,42,21,0,0.0,0.0,0,0.0,57.5,7,562500.0,36.84599020210397,18.643718480740674,21,42,7,6,42,0,13,-105.0,70.5,-47.5,5.0,6077736,3252.790196,nan,6.077736,nan,6,2376,1734960,12,4339608,42,6,792,384,96,408,102,198,6,0,0,6
495,-47.5,57.5,48,24,0,0.0,0.0,0,0.0,57.5,7,551308.83265157,37.83331981189553,12.049444734530075,24,48,7,8,48,0,15,-105.0,70.5,-47.5,5.0,7276552,3260.066748,nan,7.276552,nan,8,2664,2313280,16,4959552,48,8,1056,512,128,544,136,264,8,0,0,8
496,-47.5,57.5,60,30,0,0.0,0.0,0,0.0,57.5,7,562500.0,40.92370195592976,18.776684212341,30,60,7,7,60,0,14,-105.0,70.5,-47.5,5.0,8227652,3268.2944,nan,8.227652,nan,7,3168,2024120,14,6199440,60,7,924,448,112,476,119,231,7,0,0,7
497,-47.5,57.5,66,33,0,0.0,0.0,0,0.0,57.5,8,562500.0,40.95719720272114,18.403657815347415,33,66,8,7,66,0,15,-105.0,70.5,-47.5,5.0,8848028,3277.142428,nan,8.848028,nan,7,3600,2024120,14,6819384,66,7,924,448,112,476,119,231,7,0,0,7
498,-47.5,57.5,66,33,0,0.0,0.0,0,0.0,57.5,8,562500.0,46.17157347380309,39.96352474695865,33,66,8,7,66,0,15,-105.0,70.5,-47.5,5.0,8848028,3285.990456,nan,8.848028,nan,7,3600,2024120,14,6819384,66,7,924,448,112,476,119,231,7,0,0,7
499,-47.5,57.5,68,34,0,0.0,0.0,0,0.0,57.5,6,499666.1846664914,32.45010769128861,6.742080843324682,34,68,6,9,68,0,15,-105.0,70.5,-47.5,5.0,9633332,3295.623788,nan,9.633332,nan,9,3672,2602440,18,7026032,68,9,1188,576,144,612,153,297,9,0,0,9
500,-47.5,57.5,66,33,0,0.0,0.0,0,0.0,57.5,5,497020.97817384335,34.58104619461005,5.429732937498873,33,66,5,8,66,0,13,-105.0,70.5,-47.5,5.0,9137032,3304.76082,nan,9.137032,nan,8,3312,2313280,16,6819384,66,8,1056,512,128,544,136,264,8,0,0,8
501,-47.5,57.5,54,27,0,0.0,0.0,0,0.0,57.5,5,521550.4363176258,33.50252119902474,11.880127616763732,27,54,5,8,54,0,13,-105.0,70.5,-47.5,5.0,7896568,3312.657388,nan,7.896568,nan,8,2736,2313280,16,5579496,54,8,1056,512,128,544,136,264,8,0,0,8
502,-47.5,57.5,48,24,0,0.0,0.0,0,0.0,57.5,6,562500.0,44.337094315131615,23.280407178387087,24,48,6,7,48,0,13,-105.0,70.5,-47.5,5.0,6987548,3319.644936,nan,6.987548,nan,7,2952,2024120,14,4959552,48,7,924,448,112,476,119,231,7,0,0,7
503,-47.5,57.5,40,20,0,0.0,0.0,0,0.0,57.5,6,562500.0,47.583202602808214,31.62538418122817,20,40,6,5,40,0,11,-105.0,70.5,-47.5,5.0,5581724,3325.22666,nan,5.581724,nan,5,2304,1445800,10,4132960,40,5,660,320,80,340,85,165,5,0,0,5
504,-47.5,57.5,42,21,0,0.0,0.0,0,0.0,57.5,7,562500.0,43.630504687745535,22.353053715545414,21,42,7,5,42,0,12,-105.0,70.5,-47.5,5.0,5788444,3331.015104,nan,5.788444,nan,5,2376,1445800,10,4339608,42,5,660,320,80,340,85,165,5,0,0,5
505,-47.5,57.5,40,20,0,0.0,0.0,0,0.0,57.5,7,562500.0,46.10572111686779,29.005143413172867,20,40,7,5,40,0,12,-105.0,70.5,-47.5,5.0,5581940,3336.597044,nan,5.58194,nan,5,2520,1445800,10,4132960,40,5,660,320,80,340,85,165,5,0,0,5
506,-47.5,57.5,40,20,0,0.0,0.0,0,0.0,57.5,6,562500.0,42.92529228222458,24.730152870856376,20,40,6,5,40,0,11,-105.0,70.5,-47.5,5.0,5581508,3342.178552,nan,5.581508,nan,5,2088,1445800,10,4132960,40,5,660,320,80,340,85,165,5,0,0,5
507,-47.5,57.5,50,25,0,0.0,0.0,0,0.0,57.5,7,562500.0,51.77296966875006,44.935328361363915,25,50,7,3,50,0,10,-105.0,70.5,-47.5,5.0,6037244,3348.215796,nan,6.037244,nan,3,3168,867480,6,5166200,50,3,396,192,48,204,51,99,3,0,0,3
508,-47.5,57.5,54,27,0,0.0,0.0,0,0.0,57.5,8,562500.0,53.51421944553235,42.54391408016565,27,54,8,3,54,0,11,-105.0,70.5,-47.5,5.0,6450756,3354.666552,nan,6.450756,nan,3,3384,867480,6,5579496,54,3,396,192,48,204,51,99,3,0,0,3
509,-47.5,57.5,56,28,0,0.0,0.0,0,0.0,57.5,8,562500.0,44.73965927751939,31.594513942364387,28,56,8,6,56,0,14,-105.0,70.5,-47.5,5.0,7525352,3362.191904,nan,7.525352,nan,6,3456,1734960,12,5786144,56,6,792,384,96,408,102,198,6,0,0,6
510,-47.5,57.5,54,27,0,0.0,0.0,0,0.0,57.5,6,562500.0,56.4537792616548,39.468116771718684,27,54,6,5,54,0,11,-105.0,70.5,-47.5,5.0,7028980,3369.220884,nan,7.02898,nan,5,3024,1445800,10,5579496,54,5,660,320,80,340,85,165,5,0,0,5
511,-47.5,57.5,42,21,0,0.0,0.0,0,0.0,57.5,6,562500.0,37.78979209381274,19.57916313522524,21,42,6,6,42,0,12,-105.0,70.5,-47.5,5.0,6078096,3375.29898,nan,6.078096,nan,6,2736,1734960,12,4339608,42,6,792,384,96,408,102,198,6,0,0,6
512,-47.5,57.5,50,25,0,0.0,0.0,0,0.0,57.5,6,562500.0,43.99550901404208,20.112336332921945,25,50,7,6,50,1,13,-105.0,70.5,-47.5,5.0,6904832,3382.203812,nan,6.904832,nan,6,2880,1734960,12,5166200,50,6,792,384,96,408,102,198,6,0,0,6
513,-47.5,57.5,54,27,0,0.0,0.0,0,0.0,57.5,7,562500.0,37.11544665181412,20.319330653744004,27,54,7,6,54,0,13,-105.0,70.5,-47.5,5.0,7318416,3389.522228,nan,7.318416,nan,6,3168,1734960,12,5579496,54,6,792,384,96,408,102,198,6,0,0,6
514,-47.5,57.5,60,30,0,0.0,0.0,0,0.0,57.5,6,562500.0,50.79469197720673,30.974566757755674,30,60,6,6,60,0,12,-105.0,70.5,-47.5,5.0,7938072,3397.4603,nan,7.938072,nan,6,2880,1734960,12,6199440,60,6,792,384,96,408,102,198,6,0,0,6
515,-47.5,57.5,64,32,0,0.0,0.0,0,0.0,57.5,10,562500.0,45.63309967521913,22.380250527854336,32,64,10,5,64,0,15,-105.0,70.5,-47.5,5.0,8063300,3405.5236,nan,8.0633,nan,5,4104,1445800,10,6612736,64,5,660,320,80,340,85,165,5,0,0,5
516,-47.5,57.5,62,31,0,0.0,0.0,0,0.0,57.5,10,562500.0,31.49029104485956,18.104516594507135,31,62,10,5,62,0,15,-105.0,70.5,-47.5,5.0,7856508,3413.380108,nan,7.856508,nan,5,3960,1445800,10,6406088,62,5,660,320,80,340,85,165,5,0,0,5
517,-47.5,57.5,54,27,0,0.0,0.0,0,0.0,57.5,7,542086.2274713705,38.67627185958332,12.883282358939823,27,54,7,7,54,0,14,-105.0,70.5,-47.5,5.0,7608212,3420.98832,nan,7.608212,nan,7,3672,2024120,14,5579496,54,7,924,448,112,476,119,231,7,0,0,7
518,-47.5,57.5,46,23,0,0.0,0.0,0,0.0,57.5,6,562500.0,45.35472812276173,26.01233545667806,23,46,6,5,46,0,11,-105.0,70.5,-47.5,5.0,6201596,3427.189916,nan,6.201596,nan,5,2232,1445800,10,4752904,46,5,660,320,80,340,85,165,5,0,0,5
519,-47.5,57.5,54,27,0,0.0,0.0,0,0.0,57.5,7,562500.0,40.485704286799155,19.196087616915356,27,54,7,5,54,0,12,-105.0,70.5,-47.5,5.0,7029124,3434.21904,nan,7.029124,nan,5,3168,1445800,10,5579496,54,5,660,320,80,340,85,165,5,0,0,5
520,-47.5,57.5,54,27,0,0.0,0.0,0,0.0,57.5,7,562500.0,33.81948319413788,18.993808560330358,27,54,7,6,54,0,13,-105.0,70.5,-47.5,5.0,7317984,3441.537024,nan,7.317984,nan,6,2736,1734960,12,5579496,54,6,792,384,96,408,102,198,6,0,0,6
521,-47.5,57.5,54,27,0,0.0,0.0,0,0.0,57.5,8,562500.0,49.96593098773451,32.3347721900397,27,54,8,6,54,0,14,-105.0,70.5,-47.5,5.0,7318632,3448.855656,nan,7.318632,nan,6,3384,1734960,12,5579496,54,6,792,384,96,408,102,198,6,0,0,6
522,-47.5,57.5,52,26,0,0.0,0.0,0,0.0,57.5,6,562500.0,35.56190058844052,20.11582444972355,26,52,6,8,52,0,14,-105.0,70.5,-47.5,5.0,7690136,3456.545792,nan,7.690136,nan,8,2952,2313280,16,5372848,52,8,1056,512,128,544,136,264,8,0,0,8
523,-47.5,57.5,56,28,0,0.0,0.0,0,0.0,57.5,9,562500.0,41.62624849856335,19.688885386283573,28,56,9,6,56,0,15,-105.0,70.5,-47.5,5.0,7525640,3464.071432,nan,7.52564,nan,6,3744,1734960,12,5786144,56,6,792,384,96,408,102,198,6,0,0,6
524,-47.5,57.5,54,27,0,0.0,0.0,0,0.0,57.5,9,562500.0,33.185527416604224,18.995063594332603,27,54,9,8,54,0,17,-105.0,70.5,-47.5,5.0,7897000,3471.968432,nan,7.897,nan,8,3168,2313280,16,5579496,54,8,1056,512,128,544,136,264,8,0,0,8
525,-47.5,57.5,58,29,0,0.0,0.0,0,0.0,57.5,8,562500.0,48.04522367997857,38.399119281198786,29,58,8,7,58,0,15,-105.0,70.5,-47.5,5.0,8020932,3479.989364,nan,8.020932,nan,7,3096,2024120,14,5992792,58,7,924,448,112,476,119,231,7,0,0,7
526,-47.5,57.5,56,28,0,0.0,0.0,0,0.0,57.5,5,562500.0,48.047717120112175,37.88050093034561,28,56,6,7,56,1,13,-105.0,70.5,-47.5,5.0,7813924,3487.803288,nan,7.813924,nan,7,2736,2024120,14,5786144,56,7,924,448,112,476,119,231,7,0,0,7
527,-47.5,57.5,46,23,0,0.0,0.0,0,0.0,57.5,6,562500.0,45.34585940153956,22.26122450549745,23,46,6,7,46,0,13,-105.0,70.5,-47.5,5.0,6780252,3494.58354,nan,6.780252,nan,7,2304,2024120,14,4752904,46,7,924,448,112,476,119,231,7,0,0,7
528,-47.5,57.5,40,20,0,0.0,0.0,0,0.0,57.5,4,562500.0,35.568362967273934,20.313889527341573,20,40,4,6,40,0,10,-105.0,70.5,-47.5,5.0,5870584,3500.454124,nan,5.870584,nan,6,1872,1734960,12,4132960,40,6,792,384,96,408,102,198,6,0,0,6
529,-47.5,57.5,42,21,0,0.0,0.0,0,0.0,57.5,4,514252.04939536436,34.046718817859556,10.739044732363887,21,42,4,8,42,0,12,-105.0,70.5,-47.5,5.0,6655816,3507.10994,nan,6.655816,nan,8,1872,2313280,16,4339608,42,8,1056,512,128,544,136,264,8,0,0,8
530,-47.5,57.5,40,20,0,0.0,0.0,0,0.0,57.5,4,519950.8946488324,36.3797428522903,10.569751957121987,20,40,4,8,40,0,12,-105.0,70.5,-47.5,5.0,6449240,3513.55918,nan,6.44924,nan,8,1944,2313280,16,4132960,40,8,1056,512,128,544,136,264,8,0,0,8
531,-47.5,57.5,42,21,0,0.0,0.0,0,0.0,57.5,5,562500.0,46.85966893927195,37.88052368468661,21,42,5,6,42,0,11,-105.0,70.5,-47.5,5.0,6077448,3519.636628,nan,6.077448,nan,6,2088,1734960,12,4339608,42,6,792,384,96,408,102,198,6,0,0,6
532,-47.5,57.5,42,21,0,0.0,0.0,0,0.0,57.5,5,562500.0,37.67671468108969,19.714142496942365,21,42,5,8,42,0,13,-105.0,70.5,-47.5,5.0,6656104,3526.292732,nan,6.656104,nan,8,2160,2313280,16,4339608,42,8,1056,512,128,544,136,264,8,0,0,8
533,-47.5,57.5,40,20,0,0.0,0.0,0,0.0,57.5,5,562500.0,37.885397503842185,18.564712858990728,20,40,5,7,40,0,12,-105.0,70.5,-47.5,5.0,6160092,3532.452824,nan,6.160092,nan,7,2088,2024120,14,4132960,40,7,924,448,112,476,119,231,7,0,0,7
534,-47.5,57.5,44,22,0,0.0,0.0,0,0.0,57.5,7,562500.0,45.595528881959886,31.51462098940488,22,44,7,7,44,0,14,-105.0,70.5,-47.5,5.0,6573604,3539.026428,nan,6.573604,nan,7,2304,2024120,14,4546256,44,7,924,448,112,476,119,231,7,0,0,7
535,-47.5,57.5,44,22,0,0.0,0.0,0,0.0,57.5,6,562500.0,37.68133815915526,18.188881354276063,22,44,6,7,44,0,13,-105.0,70.5,-47.5,5.0,6573676,3545.600104,nan,6.573676,nan,7,2376,2024120,14,4546256,44,7,924,448,112,476,119,231,7,0,0,7
536,-47.5,57.5,44,22,0,0.0,0.0,0,0.0,57.5,6,519135.82448103675,30.216984674974626,10.803909106560319,22,44,6,9,44,0,15,-105.0,70.5,-47.5,5.0,7152332,3552.752436,nan,7.152332,nan,9,2448,2602440,18,4546256,44,9,1188,576,144,612,153,297,9,0,0,9
537,-47.5,57.5,44,22,0,0.0,0.0,0,0.0,57.5,6,562500.0,51.42225103401611,29.134184433834083,22,44,6,6,44,0,12,-105.0,70.5,-47.5,5.0,6283880,3559.036316,nan,6.28388,nan,6,1872,1734960,12,4546256,44,6,792,384,96,408,102,198,6,0,0,6
538,-47.5,57.5,44,22,0,0.0,0.0,0,0.0,57.5,6,519950.8946488324,32.14972475308173,10.569751957121987,22,44,6,8,44,0,14,-105.0,70.5,-47.5,5.0,6863112,3565.899428,nan,6.863112,nan,8,2520,2313280,16,4546256,44,8,1056,512,128,544,136,264,8,0,0,8
539,-47.5,57.5,44,22,0,0.0,0.0,0,0.0,57.5,6,562500.0,52.97200990893641,37.815030102998705,22,44,6,6,44,0,12,-105.0,70.5,-47.5,5.0,6284312,3572.18374,nan,6.284312,nan,6,2304,1734960,12,4546256,44,6,792,384,96,408,102,198,6,0,0,6
540,-47.5,57.5,46,23,0,0.0,0.0,0,0.0,57.5,7,562500.0,37.747444505134744,18.418150620077395,23,46,7,8,46,0,15,-105.0,70.5,-47.5,5.0,7070192,3579.253932,nan,7.070192,nan,8,2952,2313280,16,4752904,46,8,1056,512,128,544,136,264,8,0,0,8
541,-47.5,57.5,54,27,0,0.0,0.0,0,0.0,57.5,5,562500.0,47.03112040613415,30.884115646869432,27,54,5,7,54,0,12,-105.0,70.5,-47.5,5.0,7607348,3586.86128,nan,7.607348,nan,7,2808,2024120,14,5579496,54,7,924,448,112,476,119,231,7,0,0,7
542,-47.5,57.5,52,26,0,0.0,0.0,0,0.0,57.5,7,562500.0,37.23085819403282,18.41610758454728,26,52,7,7,52,0,14,-105.0,70.5,-47.5,5.0,7400844,3594.262124,nan,7.400844,nan,7,2952,2024120,14,5372848,52,7,924,448,112,476,119,231,7,0,0,7
543,-47.5,57.5,56,28,0,0.0,0.0,0,0.0,57.5,4,523262.34727242286,29.07797835051099,6.391560878456156,28,56,4,9,56,0,13,-105.0,70.5,-47.5,5.0,8392652,3602.654776,nan,8.392652,nan,9,2880,2602440,18,5786144,56,9,1188,576,144,612,153,297,9,0,0,9
544,-47.5,57.5,54,27,0,0.0,0.0,0,0.0,57.5,3,540774.3418631256,36.921473436150855,13.438940920738796,27,54,3,8,54,0,11,-105.0,70.5,-47.5,5.0,7895920,3610.550696,nan,7.89592,nan,8,2088,2313280,16,5579496,54,8,1056,512,128,544,136,264,8,0,0,8
545,-47.5,57.5,58,29,0,0.0,0.0,0,0.0,57.5,4,540973.7528819221,37.84299415085736,14.951006741515705,29,58,4,7,58,0,11,-105.0,70.5,-47.5,5.0,8020572,3618.571268,nan,8.020572,nan,7,2736,2024120,14,5992792,58,7,924,448,112,476,119,231,7,0,0,7
546,-47.5,57.5,56,28,0,0.0,0.0,0,0.0,57.5,6,562500.0,50.68373076099403,29.86407211241646,28,56,6,6,56,0,12,-105.0,70.5,-47.5,5.0,7524632,3626.0959,nan,7.524632,nan,6,2736,1734960,12,5786144,56,6,792,384,96,408,102,198,6,0,0,6
547,-47.5,57.5,42,21,0,0.0,0.0,0,0.0,57.5,7,562500.0,39.67428845079188,18.433336038116302,21,42,7,5,42,0,12,-105.0,70.5,-47.5,5.0,5788660,3631.88456,nan,5.78866,nan,5,2592,1445800,10,4339608,42,5,660,320,80,340,85,165,5,0,0,5
548,-47.5,57.5,32,16,0,0.0,0.0,0,0.0,57.5,8,562500.0,52.355214534555145,35.04918115681172,16,32,8,5,32,0,13,-105.0,70.5,-47.5,5.0,4754772,3636.639332,nan,4.754772,nan,5,1944,1445800,10,3306368,32,5,660,320,80,340,85,165,5,0,0,5
549,-47.5,57.5,32,16,0,0.0,0.0,0,0.0,57.5,4,496823.0833642995,30.13826931553242,5.885468487852852,16,32,4,7,32,0,11,-105.0,70.5,-47.5,5.0,5332996,3641.972328,nan,5.332996,nan,7,1584,2024120,14,3306368,32,7,924,448,112,476,119,231,7,0,0,7
550,-47.5,57.5,30,15,0,0.0,0.0,0,0.0,57.5,4,562500.0,47.26988966865476,19.920316405793592,15,30,4,5,30,0,9,-105.0,70.5,-47.5,5.0,4547476,3646.519804,nan,4.547476,nan,5,1296,1445800,10,3099720,30,5,660,320,80,340,85,165,5,0,0,5
551,-47.5,57.5,30,15,0,0.0,0.0,0,0.0,57.5,6,562500.0,39.780641912747136,19.760476094656138,15,30,6,5,30,0,11,-105.0,70.5,-47.5,5.0,4547764,3651.067568,nan,4.547764,nan,5,1584,1445800,10,3099720,30,5,660,320,80,340,85,165,5,0,0,5
552,-47.5,57.5,28,14,0,0.0,0.0,0,0.0,57.5,5,562500.0,42.776289678144245,20.35180074852137,14,28,5,6,28,0,11,-105.0,70.5,-47.5,5.0,4630336,3655.697904,nan,4.630336,nan,6,1512,1734960,12,2893072,28,6,792,384,96,408,102,198,6,0,0,6
553,-47.5,57.5,30,15,0,0.0,0.0,0,0.0,57.5,7,562500.0,39.722066070042814,20.33550111492292,15,30,7,5,30,0,12,-105.0,70.5,-47.5,5.0,4547908,3660.245812,nan,4.547908,nan,5,1728,1445800,10,3099720,30,5,660,320,80,340,85,165,5,0,0,5
554,-47.5,57.5,30,15,0,0.0,0.0,0,0.0,57.5,6,562500.0,45.171218981055304,38.27390415012141,15,30,6,5,30,0,11,-105.0,70.5,-47.5,5.0,4547980,3664.793792,nan,4.54798,nan,5,1800,1445800,10,3099720,30,5,660,320,80,340,85,165,5,0,0,5
555,-47.5,57.5,34,17,0,0.0,0.0,0,0.0,57.5,5,562500.0,47.553144394722466,18.262899386133387,17,34,5,5,34,0,10,-105.0,70.5,-47.5,5.0,4961492,3669.755284,nan,4.961492,nan,5,2016,1445800,10,3513016,34,5,660,320,80,340,85,165,5,0,0,5
556,-47.5,57.5,38,19,0,0.0,0.0,0,0.0,57.5,4,562500.0,41.575709116644326,27.239872736880166,19,38,4,5,38,0,9,-105.0,70.5,-47.5,5.0,5374644,3675.129928,nan,5.374644,nan,5,1872,1445800,10,3926312,38,5,660,320,80,340,85,165,5,0,0,5
557,-47.5,57.5,36,18,0,0.0,0.0,0,0.0,57.5,6,562500.0,39.25168280293032,18.14837448286372,18,36,6,5,36,0,11,-105.0,70.5,-47.5,5.0,5168212,3680.29814,nan,5.168212,nan,5,2088,1445800,10,3719664,36,5,660,320,80,340,85,165,5,0,0,5
558,-47.5,57.5,32,16,0,0.0,0.0,0,0.0,57.5,3,562500.0,45.99105288992243,28.981461076017215,16,32,3,5,32,0,8,-105.0,70.5,-47.5,5.0,4754268,3685.052408,nan,4.754268,nan,5,1440,1445800,10,3306368,32,5,660,320,80,340,85,165,5,0,0,5
559,-47.5,57.5,30,15,0,0.0,0.0,0,0.0,57.5,7,562500.0,33.406923792886786,18.170110935056808,15,30,7,5,30,0,12,-105.0,70.5,-47.5,5.0,4547908,3689.600316,nan,4.547908,nan,5,1728,1445800,10,3099720,30,5,660,320,80,340,85,165,5,0,0,5
560,-47.5,57.5,32,16,0,0.0,0.0,0,0.0,57.5,3,562500.0,34.55554294737817,20.512543430832302,16,32,3,5,32,0,8,-105.0,70.5,-47.5,5.0,4754340,3694.354656,nan,4.75434,nan,5,1512,1445800,10,3306368,32,5,660,320,80,340,85,165,5,0,0,5
561,-47.5,57.5,28,14,0,0.0,0.0,0,0.0,57.5,6,562500.0,32.61797702464677,20.11770651561017,14,28,6,5,28,0,11,-105.0,70.5,-47.5,5.0,4341404,3698.69606,nan,4.341404,nan,5,1872,1445800,10,2893072,28,5,660,320,80,340,85,165,5,0,0,5
562,-47.5,57.5,28,14,0,0.0,0.0,0,0.0,57.5,4,562500.0,38.39523176968071,20.114361735533134,14,28,4,6,28,0,10,-105.0,70.5,-47.5,5.0,4630336,3703.326396,nan,4.630336,nan,6,1512,1734960,12,2893072,28,6,792,384,96,408,102,198,6,0,0,6
563,-47.5,57.5,38,19,0,0.0,0.0,0,0.0,57.5,6,562500.0,36.86718926798486,18.761122268532684,19,38,6,6,38,0,12,-105.0,70.5,-47.5,5.0,5664368,3708.990764,nan,5.664368,nan,6,2304,1734960,12,3926312,38,6,792,384,96,408,102,198,6,0,0,6
564,-47.5,57.5,42,21,0,0.0,0.0,0,0.0,57.5,4,562500.0,39.20534444964842,20.114138204359474,21,42,4,5,42,0,9,-105.0,70.5,-47.5,5.0,5788228,3714.778992,nan,5.788228,nan,5,2160,1445800,10,4339608,42,5,660,320,80,340,85,165,5,0,0,5
565,-47.5,57.5,40,20,0,0.0,0.0,0,0.0,57.5,5,562500.0,37.77491092527942,21.655461839695803,20,40,5,6,40,0,11,-105.0,70.5,-47.5,5.0,5871160,3720.650152,nan,5.87116,nan,6,2448,1734960,12,4132960,40,6,792,384,96,408,102,198,6,0,0,6
566,-47.5,57.5,32,16,0,0.0,0.0,0,0.0,57.5,5,562500.0,32.401321635467056,19.200199122029847,16,32,5,4,32,0,9,-105.0,70.5,-47.5,5.0,4465192,3725.115344,nan,4.465192,nan,4,1656,1156640,8,3306368,32,4,528,256,64,272,68,132,4,0,0,4
567,-47.5,57.5,36,18,0,0.0,0.0,0,0.0,57.5,8,562500.0,38.025466989796136,20.33053078133048,18,36,8,5,36,0,13,-105.0,70.5,-47.5,5.0,5168428,3730.283772,nan,5.168428,nan,5,2304,1445800,10,3719664,36,5,660,320,80,340,85,165,5,0,0,5
568,-47.5,57.5,44,22,0,0.0,0.0,0,0.0,57.5,7,562500.0,51.55300305291659,38.66714580578747,22,44,7,6,44,0,13,-105.0,70.5,-47.5,5.0,6284240,3736.568012,nan,6.28424,nan,6,2232,1734960,12,4546256,44,6,792,384,96,408,102,198,6,0,0,6
569,-47.5,57.5,50,25,0,0.0,0.0,0,0.0,57.5,9,562500.0,52.79491356489231,44.529440939196846,25,50,9,6,50,0,15,-105.0,70.5,-47.5,5.0,6904832,3743.472844,nan,6.904832,nan,6,2880,1734960,12,5166200,50,6,792,384,96,408,102,198,6,0,0,6
570,-47.5,57.5,50,25,0,0.0,0.0,0,0.0,57.5,8,562500.0,43.60736407677976,32.930200635349195,25,50,8,5,50,0,13,-105.0,70.5,-47.5,5.0,6615396,3750.08824,nan,6.615396,nan,5,2736,1445800,10,5166200,50,5,660,320,80,340,85,165,5,0,0,5
571,-47.5,57.5,46,23,0,0.0,0.0,0,0.0,57.5,9,562500.0,38.85644256498275,19.92994242762511,23,46,9,6,46,0,15,-105.0,70.5,-47.5,5.0,6491464,3756.579704,nan,6.491464,nan,6,2808,1734960,12,4752904,46,6,792,384,96,408,102,198,6,0,0,6
572,-47.5,57.5,44,22,0,0.0,0.0,0,0.0,57.5,7,562500.0,45.87737972881396,20.187507525994658,22,44,7,5,44,0,12,-105.0,70.5,-47.5,5.0,5995092,3762.574796,nan,5.995092,nan,5,2376,1445800,10,4546256,44,5,660,320,80,340,85,165,5,0,0,5
573,-47.5,57.5,46,23,0,0.0,0.0,0,0.0,57.5,8,562500.0,46.50315292259635,30.351909695009333,23,46,8,6,46,0,14,-105.0,70.5,-47.5,5.0,6491392,3769.066188,nan,6.491392,nan,6,2736,1734960,12,4752904,46,6,792,384,96,408,102,198,6,0,0,6
574,-47.5,57.5,44,22,0,0.0,0.0,0,0.0,57.5,6,562500.0,47.23435963442159,26.897326318183655,22,44,6,6,44,0,12,-105.0,70.5,-47.5,5.0,6284384,3775.350572,nan,6.284384,nan,6,2376,1734960,12,4546256,44,6,792,384,96,408,102,198,6,0,0,6
575,-47.5,57.5,52,26,0,0.0,0.0,0,0.0,57.5,5,562500.0,33.84919569977955,21.062782110344557,26,52,5,8,52,0,13,-105.0,70.5,-47.5,5.0,7689992,3783.040564,nan,7.689992,nan,8,2808,2313280,16,5372848,52,8,1056,512,128,544,136,264,8,0,0,8
576,-47.5,57.5,48,24,0,0.0,0.0,0,0.0,57.5,6,562500.0,48.81813698291646,40.61991521855831,24,48,6,5,48,0,11,-105.0,70.5,-47.5,5.0,6408532,3789.449096,nan,6.408532,nan,5,2520,1445800,10,4959552,48,5,660,320,80,340,85,165,5,0,0,5
577,-47.5,57.5,56,28,0,0.0,0.0,0,0.0,57.5,6,562500.0,47.99165130641067,21.237291344900736,28,56,6,7,56,0,13,-105.0,70.5,-47.5,5.0,7813996,3797.263092,nan,7.813996,nan,7,2808,2024120,14,5786144,56,7,924,448,112,476,119,231,7,0,0,7
578,-47.5,57.5,60,30,0,0.0,0.0,0,0.0,57.5,6,562500.0,42.81120321306701,19.136972398602254,30,60,6,6,60,0,12,-105.0,70.5,-47.5,5.0,7938144,3805.201236,nan,7.938144,nan,6,2952,1734960,12,6199440,60,6,792,384,96,408,102,198,6,0,0,6
579,-47.5,57.5,56,28,0,0.0,0.0,0,0.0,57.5,6,532005.860636773,34.526325940265345,12.140725950749498,28,56,6,7,56,0,13,-105.0,70.5,-47.5,5.0,7814212,3813.015448,nan,7.814212,nan,7,3024,2024120,14,5786144,56,7,924,448,112,476,119,231,7,0,0,7
580,-47.5,57.5,54,27,0,0.0,0.0,0,0.0,57.5,5,520229.14657816105,32.98433652412886,10.665636593540462,27,54,5,8,54,0,13,-105.0,70.5,-47.5,5.0,7896712,3820.91216,nan,7.896712,nan,8,2880,2313280,16,5579496,54,8,1056,512,128,544,136,264,8,0,0,8
581,-47.5,57.5,56,28,0,0.0,0.0,0,0.0,57.5,5,562500.0,41.311899621676645,18.863239339276074,28,56,5,4,56,0,9,-105.0,70.5,-47.5,5.0,6945544,3827.857704,nan,6.945544,nan,4,2232,1156640,8,5786144,56,4,528,256,64,272,68,132,4,0,0,4
582,-47.5,57.5,58,29,0,0.0,0.0,0,0.0,57.5,6,562500.0,57.388336177331304,23.459874739288786,29,58,6,6,58,0,12,-105.0,70.5,-47.5,5.0,7731784,3835.589488,nan,7.731784,nan,6,3240,1734960,12,5992792,58,6,792,384,96,408,102,198,6,0,0,6
583,-47.5,57.5,58,29,0,0.0,0.0,0,0.0,57.5,7,562500.0,41.209569985709116,18.291701212679023,29,58,7,6,58,0,13,-105.0,70.5,-47.5,5.0,7731928,3843.321416,nan,7.731928,nan,6,3384,1734960,12,5992792,58,6,792,384,96,408,102,198,6,0,0,6
584,-47.5,57.5,54,27,0,0.0,0.0,0,0.0,57.5,7,562500.0,56.59333501148795,49.37583160463153,27,54,7,5,54,0,12,-105.0,70.5,-47.5,5.0,7028980,3850.350396,nan,7.02898,nan,5,3024,1445800,10,5579496,54,5,660,320,80,340,85,165,5,0,0,5
585,-47.5,57.5,52,26,0,0.0,0.0,0,0.0,57.5,8,562500.0,36.14332624084799,18.900153761913103,26,52,8,6,52,0,14,-105.0,70.5,-47.5,5.0,7111768,3857.462164,nan,7.111768,nan,6,3168,1734960,12,5372848,52,6,792,384,96,408,102,198,6,0,0,6
586,-47.5,57.5,56,28,0,0.0,0.0,0,0.0,57.5,8,562500.0,49.75594729474373,33.12602730257581,28,56,8,5,56,0,13,-105.0,70.5,-47.5,5.0,7235844,3864.698008,nan,7.235844,nan,5,3240,1445800,10,5786144,56,5,660,320,80,340,85,165,5,0,0,5
587,-47.5,57.5,54,27,0,0.0,0.0,0,0.0,57.5,10,562500.0,50.73834804003022,27.273786244223572,27,54,10,4,54,0,14,-105.0,70.5,-47.5,5.0,6740192,3871.4382,nan,6.740192,nan,4,3528,1156640,8,5579496,54,4,528,256,64,272,68,132,4,0,0,4
588,-47.5,57.5,60,30,0,0.0,0.0,0,0.0,57.5,11,562500.0,19.917193601811086,18.294703176379713,30,60,11,5,60,0,16,-105.0,70.5,-47.5,5.0,7649788,3879.087988,nan,7.649788,nan,5,3888,1445800,10,6199440,60,5,660,320,80,340,85,165,5,0,0,5
589,-47.5,57.5,64,32,0,0.0,0.0,0,0.0,57.5,10,562500.0,48.103989679232086,30.639463981610504,32,64,10,6,64,0,16,-105.0,70.5,-47.5,5.0,8352520,3887.440508,nan,8.35252,nan,6,4032,1734960,12,6612736,64,6,792,384,96,408,102,198,6,0,0,6
590,-47.5,57.5,72,36,0,0.0,0.0,0,0.0,57.5,10,562500.0,43.41720106632462,19.06857099105628,36,72,10,6,72,0,16,-105.0,70.5,-47.5,5.0,9179472,3896.61998,nan,9.179472,nan,6,4392,1734960,12,7439328,72,6,792,384,96,408,102,198,6,0,0,6
591,-47.5,57.5,68,34,0,0.0,0.0,0,0.0,57.5,9,555493.9635343164,43.72812095134296,15.663488798116154,34,68,9,6,68,0,15,-105.0,70.5,-47.5,5.0,8765744,3905.385724,nan,8.765744,nan,6,3960,1734960,12,7026032,68,6,792,384,96,408,102,198,6,0,0,6
592,-47.5,57.5,62,31,0,0.0,0.0,0,0.0,57.5,9,562500.0,50.11168238886412,32.24323393821408,31,62,9,6,62,0,15,-105.0,70.5,-47.5,5.0,8145440,3913.531164,nan,8.14544,nan,6,3600,1734960,12,6406088,62,6,792,384,96,408,102,198,6,0,0,6
593,-47.5,57.5,54,27,0,0.0,0.0,0,0.0,57.5,10,562500.0,52.247223493256605,32.39844391506848,27,54,10,6,54,0,16,-105.0,70.5,-47.5,5.0,7318632,3920.849796,nan,7.318632,nan,6,3384,1734960,12,5579496,54,6,792,384,96,408,102,198,6,0,0,6
594,-47.5,57.5,52,26,0,0.0,0.0,0,0.0,57.5,6,489915.9586104743,29.881579342064477,9.116900317191618,26,52,6,7,52,0,13,-105.0,70.5,-47.5,5.0,7400484,3928.25028,nan,7.400484,nan,7,2592,2024120,14,5372848,52,7,924,448,112,476,119,231,7,0,0,7
595,-47.5,57.5,54,27,0,0.0,0.0,0,0.0,57.5,8,530931.8477834122,27.812990335336305,9.931859466212536,27,54,8,7,54,0,15,-105.0,70.5,-47.5,5.0,7607420,3935.8577,nan,7.60742,nan,7,2880,2024120,14,5579496,54,7,924,448,112,476,119,231,7,0,0,7
596,-47.5,57.5,58,29,0,0.0,0.0,0,0.0,57.5,7,525606.4455879183,41.790356390378356,9.694031590213333,29,58,7,6,58,0,13,-105.0,70.5,-47.5,5.0,7731496,3943.589196,nan,7.731496,nan,6,2952,1734960,12,5992792,58,6,792,384,96,408,102,198,6,0,0,6
597,-47.5,57.5,62,31,0,0.0,0.0,0,0.0,57.5,12,562500.0,55.058457006657264,43.67915637976,31,62,12,5,62,0,17,-105.0,70.5,-47.5,5.0,7856148,3951.445344,nan,7.856148,nan,5,3600,1445800,10,6406088,62,5,660,320,80,340,85,165,5,0,0,5
598,-47.5,57.5,52,26,0,0.0,0.0,0,0.0,57.5,6,518310.0630107071,40.838033672603636,9.321640771742027,26,52,6,6,52,0,12,-105.0,70.5,-47.5,5.0,7111192,3958.556536,nan,7.111192,nan,6,2592,1734960,12,5372848,52,6,792,384,96,408,102,198,6,0,0,6
599,-47.5,57.5,48,24,0,0.0,0.0,0,0.0,57.5,8,562500.0,42.08624106411283,19.678166264096788,24,48,8,6,48,0,14,-105.0,70.5,-47.5,5.0,6698328,3965.254864,nan,6.698328,nan,6,3024,1734960,12,4959552,48,6,792,384,96,408,102,198,6,0,0,6
600,-47.5,57.5,36,18,0,0.0,0.0,0,0.0,57.5,6,562500.0,61.56134935435616,40.342488010744916,18,36,6,5,36,0,11,-105.0,70.5,-47.5,5.0,5167924,3970.422788,nan,5.167924,nan,5,1800,1445800,10,3719664,36,5,660,320,80,340,85,165,5,0,0,5
601,-47.5,57.5,38,19,0,0.0,0.0,0,0.0,57.5,4,562500.0,45.19707705184529,19.944179651926547,19,38,4,5,38,0,9,-105.0,70.5,-47.5,5.0,5374644,3975.797432,nan,5.374644,nan,5,1872,1445800,10,3926312,38,5,660,320,80,340,85,165,5,0,0,5
602,-47.5,57.5,36,18,0,0.0,0.0,0,0.0,57.5,6,562500.0,36.084883139520215,18.986358577818834,18,36,6,5,36,0,11,-105.0,70.5,-47.5,5.0,5167852,3980.965284,nan,5.167852,nan,5,1728,1445800,10,3719664,36,5,660,320,80,340,85,165,5,0,0,5
603,-47.5,57.5,38,19,0,0.0,0.0,0,0.0,57.5,5,562500.0,38.44306803852748,18.986358577818834,19,38,5,6,38,0,11,-105.0,70.5,-47.5,5.0,5664080,3986.629364,nan,5.66408,nan,6,2016,1734960,12,3926312,38,6,792,384,96,408,102,198,6,0,0,6
604,-47.5,57.5,36,18,0,0.0,0.0,0,0.0,57.5,8,562500.0,46.67567196717371,20.859637091657675,18,36,8,6,36,0,14,-105.0,70.5,-47.5,5.0,5457576,3992.08694,nan,5.457576,nan,6,2160,1734960,12,3719664,36,6,792,384,96,408,102,198,6,0,0,6
605,-47.5,57.5,36,18,0,0.0,0.0,0,0.0,57.5,6,562500.0,42.684715372595235,20.375706661448135,18,36,6,5,36,0,11,-105.0,70.5,-47.5,5.0,5167852,3997.254792,nan,5.167852,nan,5,1728,1445800,10,3719664,36,5,660,320,80,340,85,165,5,0,0,5
606,-47.5,57.5,38,19,0,0.0,0.0,0,0.0,57.5,7,562500.0,46.12454452832271,20.37564944213271,19,38,7,6,38,0,13,-105.0,70.5,-47.5,5.0,5664080,4002.918872,nan,5.66408,nan,6,2016,1734960,12,3926312,38,6,792,384,96,408,102,198,6,0,0,6
607,-47.5,57.5,40,20,0,0.0,0.0,0,0.0,57.5,6,562500.0,30.021009676231756,19.5222559214574,20,40,6,6,40,0,12,-105.0,70.5,-47.5,5.0,5870656,4008.789528,nan,5.870656,nan,6,1944,1734960,12,4132960,40,6,792,384,96,408,102,198,6,0,0,6
608,-47.5,57.5,38,19,0,0.0,0.0,0,0.0,57.5,6,562500.0,30.456279663404803,20.07564889174202,19,38,6,6,38,0,12,-105.0,70.5,-47.5,5.0,5664080,4014.453608,nan,5.66408,nan,6,2016,1734960,12,3926312,38,6,792,384,96,408,102,198,6,0,0,6
609,-47.5,57.5,38,19,0,0.0,0.0,0,0.0,57.5,4,562500.0,28.6100273640069,18.986358577818834,19,38,4,6,38,0,10,-105.0,70.5,-47.5,5.0,5663792,4020.1174,nan,5.663792,nan,6,1728,1734960,12,3926312,38,6,792,384,96,408,102,198,6,0,0,6
610,-47.5,57.5,36,18,0,0.0,0.0,0,0.0,57.5,6,562500.0,28.958633671501463,18.986358577818834,18,36,6,6,36,0,12,-105.0,70.5,-47.5,5.0,5457432,4025.574832,nan,5.457432,nan,6,2016,1734960,12,3719664,36,6,792,384,96,408,102,198,6,0,0,6
611,-47.5,57.5,36,18,0,0.0,0.0,0,0.0,57.5,5,562500.0,33.712295958827504,18.986358577818834,18,36,5,7,36,0,12,-105.0,70.5,-47.5,5.0,5746436,4031.321268,nan,5.746436,nan,7,1728,2024120,14,3719664,36,7,924,448,112,476,119,231,7,0,0,7
612,-47.5,57.5,36,18,0,0.0,0.0,0,0.0,57.5,5,562500.0,33.27577308817889,18.986358577818834,18,36,5,7,36,0,12,-105.0,70.5,-47.5,5.0,5746652,4037.06792,nan,5.746652,nan,7,1944,2024120,14,3719664,36,7,924,448,112,476,119,231,7,0,0,7
613,-47.5,57.5,38,19,0,0.0,0.0,0,0.0,57.5,6,562500.0,32.60173711717355,18.344519478922386,19,38,6,7,38,0,13,-105.0,70.5,-47.5,5.0,5953228,4043.021148,nan,5.953228,nan,7,1872,2024120,14,3926312,38,7,924,448,112,476,119,231,7,0,0,7
614,-47.5,57.5,38,19,0,0.0,0.0,0,0.0,57.5,7,562500.0,31.601503846892665,20.859945243553856,19,38,7,6,38,0,13,-105.0,70.5,-47.5,5.0,5664080,4048.685228,nan,5.66408,nan,6,2016,1734960,12,3926312,38,6,792,384,96,408,102,198,6,0,0,6
615,-47.5,57.5,38,19,0,0.0,0.0,0,0.0,57.5,8,562500.0,31.1538982219425,20.335515046286112,19,38,8,7,38,0,15,-105.0,70.5,-47.5,5.0,5953588,4054.638816,nan,5.953588,nan,7,2232,2024120,14,3926312,38,7,924,448,112,476,119,231,7,0,0,7
616,-47.5,57.5,42,21,0,0.0,0.0,0,0.0,57.5,8,562500.0,26.715040213164198,20.1001524935233,21,42,8,7,42,0,15,-105.0,70.5,-47.5,5.0,6367172,4061.005988,nan,6.367172,nan,7,2520,2024120,14,4339608,42,7,924,448,112,476,119,231,7,0,0,7
617,-47.5,57.5,46,23,0,0.0,0.0,0,0.0,57.5,8,562500.0,34.59673729845316,19.141294469957643,23,46,8,6,46,0,14,-105.0,70.5,-47.5,5.0,6491032,4067.49702,nan,6.491032,nan,6,2376,1734960,12,4752904,46,6,792,384,96,408,102,198,6,0,0,6
618,-47.5,57.5,50,25,0,0.0,0.0,0,0.0,57.5,10,562500.0,40.045782806142554,21.070268679922343,25,50,10,7,50,0,17,-105.0,70.5,-47.5,5.0,7194484,4074.691504,nan,7.194484,nan,7,3240,2024120,14,5166200,50,7,924,448,112,476,119,231,7,0,0,7
619,-47.5,57.5,52,26,0,0.0,0.0,0,0.0,57.5,10,562500.0,34.06228425647814,18.07600407379946,26,52,10,7,52,0,17,-105.0,70.5,-47.5,5.0,7401060,4082.092564,nan,7.40106,nan,7,3168,2024120,14,5372848,52,7,924,448,112,476,119,231,7,0,0,7
620,-47.5,57.5,48,24,0,0.0,0.0,0,0.0,57.5,9,562500.0,41.21292215651465,19.944107173949796,24,48,9,7,48,0,16,-105.0,70.5,-47.5,5.0,6987548,4089.080112,nan,6.987548,nan,7,2952,2024120,14,4959552,48,7,924,448,112,476,119,231,7,0,0,7
621,-47.5,57.5,46,23,0,0.0,0.0,0,0.0,57.5,8,529109.8196164317,38.76980937761657,10.132004448430415,23,46,8,7,46,0,15,-105.0,70.5,-47.5,5.0,6780468,4095.86058,nan,6.780468,nan,7,2520,2024120,14,4752904,46,7,924,448,112,476,119,231,7,0,0,7
622,-47.5,57.5,46,23,0,0.0,0.0,0,0.0,57.5,8,562500.0,35.54868015730551,19.00505595827128,23,46,8,6,46,0,14,-105.0,70.5,-47.5,5.0,6490960,4102.35154,nan,6.49096,nan,6,2304,1734960,12,4752904,46,6,792,384,96,408,102,198,6,0,0,6
623,-47.5,57.5,40,20,0,0.0,0.0,0,0.0,57.5,8,562500.0,36.19192522191803,18.986358577818834,20,40,8,6,40,0,14,-105.0,70.5,-47.5,5.0,5870872,4108.222412,nan,5.870872,nan,6,2160,1734960,12,4132960,40,6,792,384,96,408,102,198,6,0,0,6
624,-47.5,57.5,40,20,0,0.0,0.0,0,0.0,57.5,8,562500.0,33.30628969605977,18.986358577818834,20,40,8,6,40,0,14,-105.0,70.5,-47.5,5.0,5870872,4114.093284,nan,5.870872,nan,6,2160,1734960,12,4132960,40,6,792,384,96,408,102,198,6,0,0,6
625,-47.5,57.5,40,20,0,0.0,0.0,0,0.0,57.5,8,562500.0,37.681526519543475,18.986358577818834,20,40,8,6,40,0,14,-105.0,70.5,-47.5,5.0,5870872,4119.964156,nan,5.870872,nan,6,2160,1734960,12,4132960,40,6,792,384,96,408,102,198,6,0,0,6
626,-47.5,57.5,40,20,0,0.0,0.0,0,0.0,57.5,8,562500.0,37.229534978744304,18.986358577818834,20,40,8,6,40,0,14,-105.0,70.5,-47.5,5.0,5870872,4125.835028,nan,5.870872,nan,6,2160,1734960,12,4132960,40,6,792,384,96,408,102,198,6,0,0,6
627,-47.5,57.5,40,20,0,0.0,0.0,0,0.0,57.5,9,562500.0,36.4662761333229,18.986358577818834,20,40,9,6,40,0,15,-105.0,70.5,-47.5,5.0,5871016,4131.706044,nan,5.871016,nan,6,2304,1734960,12,4132960,40,6,792,384,96,408,102,198,6,0,0,6
628,-47.5,57.5,40,20,0,0.0,0.0,0,0.0,57.5,8,562500.0,34.29907673931336,18.986358577818834,20,40,8,6,40,0,14,-105.0,70.5,-47.5,5.0,5870872,4137.576916,nan,5.870872,nan,6,2160,1734960,12,4132960,40,6,792,384,96,408,102,198,6,0,0,6
629,-47.5,57.5,40,20,0,0.0,0.0,0,0.0,57.5,9,562500.0,37.584216881421916,19.141294469957643,20,40,9,6,40,0,15,-105.0,70.5,-47.5,5.0,5871016,4143.447932,nan,5.871016,nan,6,2304,1734960,12,4132960,40,6,792,384,96,408,102,198,6,0,0,6
630,-47.5,57.5,40,20,0,0.0,0.0,0,0.0,57.5,8,562500.0,38.54058072171136,19.004993625340482,20,40,8,7,40,0,15,-105.0,70.5,-47.5,5.0,6160308,4149.60824,nan,6.160308,nan,7,2304,2024120,14,4132960,40,7,924,448,112,476,119,231,7,0,0,7
631,-47.5,57.5,48,24,0,0.0,0.0,0,0.0,57.5,7,562500.0,35.26307811069737,18.390909090428856,24,48,7,6,48,0,13,-105.0,70.5,-47.5,5.0,6697680,4156.30592,nan,6.69768,nan,6,2376,1734960,12,4959552,48,6,792,384,96,408,102,198,6,0,0,6
632,-47.5,57.5,48,24,0,0.0,0.0,0,0.0,57.5,8,562500.0,37.31017858374778,19.62595051395913,24,48,8,6,48,0,14,-105.0,70.5,-47.5,5.0,6697824,4163.003744,nan,6.697824,nan,6,2520,1734960,12,4959552,48,6,792,384,96,408,102,198,6,0,0,6
633,-47.5,57.5,50,25,0,0.0,0.0,0,0.0,57.5,6,489359.82870780857,30.78800961989641,9.672699149577149,25,50,6,8,50,0,14,-105.0,70.5,-47.5,5.0,7483272,4170.487016,nan,7.483272,nan,8,2736,2313280,16,5166200,50,8,1056,512,128,544,136,264,8,0,0,8
634,-47.5,57.5,50,25,0,0.0,0.0,0,0.0,57.5,7,562500.0,43.504893573915886,18.449911444588707,25,50,7,6,50,0,13,-105.0,70.5,-47.5,5.0,6904256,4177.391272,nan,6.904256,nan,6,2304,1734960,12,5166200,50,6,792,384,96,408,102,198,6,0,0,6
635,-47.5,57.5,52,26,0,0.0,0.0,0,0.0,57.5,9,562500.0,43.03583975061992,20.407351244498525,26,52,9,6,52,0,15,-105.0,70.5,-47.5,5.0,7111480,4184.502752,nan,7.11148,nan,6,2880,1734960,12,5372848,52,6,792,384,96,408,102,198,6,0,0,6
636,-47.5,57.5,50,25,0,0.0,0.0,0,0.0,57.5,10,562500.0,39.37724052733249,18.82373532735679,25,50,10,7,50,0,17,-105.0,70.5,-47.5,5.0,7194412,4191.697164,nan,7.194412,nan,7,3168,2024120,14,5166200,50,7,924,448,112,476,119,231,7,0,0,7
637,-47.5,57.5,40,20,0,0.0,0.0,0,0.0,57.5,8,539294.0487554312,35.73710368797457,11.752238462728592,20,40,8,7,40,0,15,-105.0,70.5,-47.5,5.0,6160164,4197.857328,nan,6.160164,nan,7,2160,2024120,14,4132960,40,7,924,448,112,476,119,231,7,0,0,7
638,-47.5,57.5,38,19,0,0.0,0.0,0,0.0,57.5,10,562500.0,45.82731109486048,20.14000003502227,19,38,10,6,38,0,16,-105.0,70.5,-47.5,5.0,5664584,4203.521912,nan,5.664584,nan,6,2520,1734960,12,3926312,38,6,792,384,96,408,102,198,6,0,0,6
639,-47.5,57.5,34,17,0,0.0,0.0,0,0.0,57.5,8,562500.0,34.59838566557277,20.31819647956604,17,34,8,6,34,0,14,-105.0,70.5,-47.5,5.0,5250640,4208.772552,nan,5.25064,nan,6,1872,1734960,12,3513016,34,6,792,384,96,408,102,198,6,0,0,6
640,-47.5,57.5,40,20,0,0.0,0.0,0,0.0,57.5,8,562500.0,39.88105804910371,20.14478260816916,20,40,8,7,40,0,15,-105.0,70.5,-47.5,5.0,6160452,4214.933004,nan,6.160452,nan,7,2448,2024120,14,4132960,40,7,924,448,112,476,119,231,7,0,0,7
641,-47.5,57.5,46,23,0,0.0,0.0,0,0.0,57.5,7,562500.0,40.42570346072012,28.788411497434048,23,46,7,7,46,0,14,-105.0,70.5,-47.5,5.0,6780396,4221.7134,nan,6.780396,nan,7,2448,2024120,14,4752904,46,7,924,448,112,476,119,231,7,0,0,7
642,-47.5,57.5,46,23,0,0.0,0.0,0,0.0,57.5,7,562500.0,41.99668636019939,22.5554110015278,23,46,7,6,46,0,13,-105.0,70.5,-47.5,5.0,6491320,4228.20472,nan,6.49132,nan,6,2664,1734960,12,4752904,46,6,792,384,96,408,102,198,6,0,0,6
643,-47.5,57.5,62,31,0,0.0,0.0,0,0.0,57.5,6,562500.0,39.0320077295286,18.940627402564306,31,62,6,6,62,0,12,-105.0,70.5,-47.5,5.0,8144792,4236.349512,nan,8.144792,nan,6,2952,1734960,12,6406088,62,6,792,384,96,408,102,198,6,0,0,6
644,-47.5,57.5,60,30,0,0.0,0.0,0,0.0,57.5,9,562500.0,28.144394370524378,18.180997328116845,30,60,9,6,60,0,15,-105.0,70.5,-47.5,5.0,7938792,4244.288304,nan,7.938792,nan,6,3600,1734960,12,6199440,60,6,792,384,96,408,102,198,6,0,0,6
645,-47.5,57.5,62,31,0,0.0,0.0,0,0.0,57.5,6,562500.0,33.35276017887021,18.883590663743995,31,62,6,7,62,0,13,-105.0,70.5,-47.5,5.0,8434372,4252.722676,nan,8.434372,nan,7,3240,2024120,14,6406088,62,7,924,448,112,476,119,231,7,0,0,7
646,-47.5,57.5,52,26,0,0.0,0.0,0,0.0,57.5,8,562500.0,49.42677273589781,34.205501258768734,26,52,8,5,52,0,13,-105.0,70.5,-47.5,5.0,6822476,4259.545152,nan,6.822476,nan,5,3168,1445800,10,5372848,52,5,660,320,80,340,85,165,5,0,0,5
647,-47.5,57.5,52,26,0,0.0,0.0,0,0.0,57.5,7,562500.0,49.99384821767659,36.998810206669084,26,52,7,5,52,0,12,-105.0,70.5,-47.5,5.0,6821972,4266.367124,nan,6.821972,nan,5,2664,1445800,10,5372848,52,5,660,320,80,340,85,165,5,0,0,5
648,-47.5,57.5,56,28,0,0.0,0.0,0,0.0,57.5,10,562500.0,37.31501771433891,19.058401444721447,28,56,10,7,56,0,17,-105.0,70.5,-47.5,5.0,7815148,4274.182272,nan,7.815148,nan,7,3960,2024120,14,5786144,56,7,924,448,112,476,119,231,7,0,0,7
649,-47.5,57.5,52,26,0,0.0,0.0,0,0.0,57.5,7,562500.0,43.65692216909311,18.001559465287293,26,52,7,7,52,0,14,-105.0,70.5,-47.5,5.0,7400772,4281.583044,nan,7.400772,nan,7,2880,2024120,14,5372848,52,7,924,448,112,476,119,231,7,0,0,7
650,-47.5,57.5,46,23,0,0.0,0.0,0,0.0,57.5,6,562500.0,40.05412544390405,21.367913052486543,23,46,6,7,46,0,13,-105.0,70.5,-47.5,5.0,6780540,4288.363584,nan,6.78054,nan,7,2592,2024120,14,4752904,46,7,924,448,112,476,119,231,7,0,0,7
651,-47.5,57.5,44,22,0,0.0,0.0,0,0.0,57.5,5,544146.1239136013,27.71988829273552,9.97548862988306,22,44,5,8,44,0,13,-105.0,70.5,-47.5,5.0,6862752,4295.226336,nan,6.862752,nan,8,2160,2313280,16,4546256,44,8,1056,512,128,544,136,264,8,0,0,8
652,-47.5,57.5,44,22,0,0.0,0.0,0,0.0,57.5,8,562500.0,38.53635163967554,20.47583351560486,22,44,8,6,44,0,14,-105.0,70.5,-47.5,5.0,6284456,4301.510792,nan,6.284456,nan,6,2448,1734960,12,4546256,44,6,792,384,96,408,102,198,6,0,0,6
653,-47.5,57.5,52,26,0,0.0,0.0,0,0.0,57.5,7,562500.0,32.467146496419424,18.59513862502348,26,52,7,7,52,0,14,-105.0,70.5,-47.5,5.0,7400700,4308.911492,nan,7.4007,nan,7,2808,2024120,14,5372848,52,7,924,448,112,476,119,231,7,0,0,7
654,-47.5,57.5,54,27,0,0.0,0.0,0,0.0,57.5,8,562500.0,45.841258764625714,18.186974958366548,27,54,8,6,54,0,14,-105.0,70.5,-47.5,5.0,7318200,4316.229692,nan,7.3182,nan,6,2952,1734960,12,5579496,54,6,792,384,96,408,102,198,6,0,0,6
655,-47.5,57.5,52,26,0,0.0,0.0,0,0.0,57.5,8,562500.0,36.553061103701424,18.186974958366548,26,52,8,6,52,0,14,-105.0,70.5,-47.5,5.0,7112128,4323.34182,nan,7.112128,nan,6,3528,1734960,12,5372848,52,6,792,384,96,408,102,198,6,0,0,6
656,-47.5,57.5,52,26,0,0.0,0.0,0,0.0,57.5,6,562500.0,49.02914192477922,33.57556654880797,26,52,6,7,52,0,13,-105.0,70.5,-47.5,5.0,7400484,4330.742304,nan,7.400484,nan,7,2592,2024120,14,5372848,52,7,924,448,112,476,119,231,7,0,0,7
657,-47.5,57.5,50,25,0,0.0,0.0,0,0.0,57.5,5,535829.3920478028,33.58804144189211,10.681979125854465,25,50,5,7,50,0,12,-105.0,70.5,-47.5,5.0,7193836,4337.93614,nan,7.193836,nan,7,2592,2024120,14,5166200,50,7,924,448,112,476,119,231,7,0,0,7
658,-47.5,57.5,54,27,0,0.0,0.0,0,0.0,57.5,8,562500.0,43.83549321082103,18.595146254317623,27,54,8,6,54,0,14,-105.0,70.5,-47.5,5.0,7318128,4345.254268,nan,7.318128,nan,6,2880,1734960,12,5579496,54,6,792,384,96,408,102,198,6,0,0,6
659,-47.5,57.5,58,29,0,0.0,0.0,0,0.0,57.5,9,562500.0,43.84284831511503,18.59513862502348,29,58,9,6,58,0,15,-105.0,70.5,-47.5,5.0,7732144,4352.986412,nan,7.732144,nan,6,3600,1734960,12,5992792,58,6,792,384,96,408,102,198,6,0,0,6
660,-47.5,57.5,62,31,0,0.0,0.0,0,0.0,57.5,10,562500.0,51.33357259495153,37.949217933832315,31,62,10,6,62,0,16,-105.0,70.5,-47.5,5.0,8145944,4361.132356,nan,8.145944,nan,6,4104,1734960,12,6406088,62,6,792,384,96,408,102,198,6,0,0,6
661,-47.5,57.5,64,32,0,0.0,0.0,0,0.0,57.5,9,562500.0,47.97203364858375,33.88988253225794,32,64,9,5,64,0,14,-105.0,70.5,-47.5,5.0,8063084,4369.19544,nan,8.063084,nan,5,3888,1445800,10,6612736,64,5,660,320,80,340,85,165,5,0,0,5
662,-47.5,57.5,62,31,0,0.0,0.0,0,0.0,57.5,10,562500.0,43.43708630420656,28.355516810616578,31,62,10,4,62,0,14,-105.0,70.5,-47.5,5.0,7567072,4376.762512,nan,7.567072,nan,4,3816,1156640,8,6406088,62,4,528,256,64,272,68,132,4,0,0,4
663,-47.5,57.5,64,32,0,0.0,0.0,0,0.0,57.5,8,562500.0,48.98519660589075,33.77814536135179,32,64,8,5,64,0,13,-105.0,70.5,-47.5,5.0,8063084,4384.825596,nan,8.063084,nan,5,3888,1445800,10,6612736,64,5,660,320,80,340,85,165,5,0,0,5
664,-47.5,57.5,74,37,0,0.0,0.0,0,0.0,57.5,9,562500.0,55.01933461666638,39.185434674864915,37,74,9,5,74,0,14,-105.0,70.5,-47.5,5.0,9096612,4393.922208,nan,9.096612,nan,5,4176,1445800,10,7645976,74,5,660,320,80,340,85,165,5,0,0,5
665,-47.5,57.5,72,36,0,0.0,0.0,0,0.0,57.5,8,562500.0,47.89500297367534,29.527894075423383,36,72,8,5,72,0,13,-105.0,70.5,-47.5,5.0,8890108,4402.812316,nan,8.890108,nan,5,4320,1445800,10,7439328,72,5,660,320,80,340,85,165,5,0,0,5
666,-47.5,57.5,72,36,0,0.0,0.0,0,0.0,57.5,6,562500.0,32.48634234992762,18.186974958366548,36,72,6,6,72,0,12,-105.0,70.5,-47.5,5.0,9178752,4411.991068,nan,9.178752,nan,6,3672,1734960,12,7439328,72,6,792,384,96,408,102,198,6,0,0,6
667,-47.5,57.5,72,36,0,0.0,0.0,0,0.0,57.5,5,562500.0,56.71922973930435,39.69637525063447,36,72,5,5,72,0,10,-105.0,70.5,-47.5,5.0,8889676,4420.880744,nan,8.889676,nan,5,3888,1445800,10,7439328,72,5,660,320,80,340,85,165,5,0,0,5
668,-47.5,57.5,72,36,0,0.0,0.0,0,0.0,57.5,5,562500.0,51.74105346579586,38.599530141510016,36,72,5,6,72,0,11,-105.0,70.5,-47.5,5.0,9178248,4430.058992,nan,9.178248,nan,6,3168,1734960,12,7439328,72,6,792,384,96,408,102,198,6,0,0,6
669,-47.5,57.5,72,36,0,0.0,0.0,0,0.0,57.5,6,562500.0,47.60086736713006,20.00861031018323,36,72,6,6,72,0,12,-105.0,70.5,-47.5,5.0,9179040,4439.238032,nan,9.17904,nan,6,3960,1734960,12,7439328,72,6,792,384,96,408,102,198,6,0,0,6
670,-47.5,57.5,72,36,0,0.0,0.0,0,0.0,57.5,4,562500.0,58.57526482932177,36.374990994916644,36,72,4,5,72,0,9,-105.0,70.5,-47.5,5.0,8889748,4448.12778,nan,8.889748,nan,5,3960,1445800,10,7439328,72,5,660,320,80,340,85,165,5,0,0,5
671,-47.5,57.5,72,36,0,0.0,0.0,0,0.0,57.5,5,562500.0,50.65880298776354,36.552692818473744,36,72,5,6,72,0,11,-105.0,70.5,-47.5,5.0,9178968,4457.306748,nan,9.178968,nan,6,3888,1734960,12,7439328,72,6,792,384,96,408,102,198,6,0,0,6
672,-47.5,57.5,78,39,0,0.0,0.0,0,0.0,57.5,6,562500.0,47.31032055548663,20.06641257933587,39,78,6,6,78,0,12,-105.0,70.5,-47.5,5.0,9798984,4467.105732,nan,9.798984,nan,6,3960,1734960,12,8059272,78,6,792,384,96,408,102,198,6,0,0,6
673,-47.5,57.5,80,40,0,0.0,0.0,0,0.0,57.5,8,562500.0,52.12353261101611,36.552692818473744,40,80,8,7,80,0,15,-105.0,70.5,-47.5,5.0,10295500,4477.401232,nan,10.2955,nan,7,4536,2024120,14,8265920,80,7,924,448,112,476,119,231,7,0,0,7
674,-47.5,57.5,82,41,0,0.0,0.0,0,0.0,57.5,7,562500.0,32.863433016357284,18.186974958366548,41,82,7,7,82,0,14,-105.0,70.5,-47.5,5.0,10501932,4487.903164,nan,10.501932,nan,7,4320,2024120,14,8472568,82,7,924,448,112,476,119,231,7,0,0,7
675,-47.5,57.5,82,41,0,0.0,0.0,0,0.0,57.5,7,562500.0,53.83243239213123,36.552692818473744,41,82,7,6,82,0,13,-105.0,70.5,-47.5,5.0,10212712,4498.115876,nan,10.212712,nan,6,4392,1734960,12,8472568,82,6,792,384,96,408,102,198,6,0,0,6
676,-47.5,57.5,74,37,0,0.0,0.0,0,0.0,57.5,8,562500.0,51.39035420875726,35.819900881227824,37,74,8,6,74,0,14,-105.0,70.5,-47.5,5.0,9385760,4507.501636,nan,9.38576,nan,6,4032,1734960,12,7645976,74,6,792,384,96,408,102,198,6,0,0,6
677,-47.5,57.5,74,37,0,0.0,0.0,0,0.0,57.5,9,562500.0,54.38187226319013,35.19121210558312,37,74,9,5,74,0,14,-105.0,70.5,-47.5,5.0,9096396,4516.598032,nan,9.096396,nan,5,3960,1445800,10,7645976,74,5,660,320,80,340,85,165,5,0,0,5
678,-47.5,57.5,72,36,0,0.0,0.0,0,0.0,57.5,9,562500.0,31.44560164368669,18.87702853170729,36,72,9,6,72,0,15,-105.0,70.5,-47.5,5.0,9179184,4525.777216,nan,9.179184,nan,6,4104,1734960,12,7439328,72,6,792,384,96,408,102,198,6,0,0,6
679,-47.5,57.5,78,39,0,0.0,0.0,0,0.0,57.5,8,554757.4041194088,31.628549748502564,14.642665967284888,39,78,8,8,78,0,16,-105.0,70.5,-47.5,5.0,10378576,4536.155792,nan,10.378576,nan,8,4968,2313280,16,8059272,78,8,1056,512,128,544,136,264,8,0,0,8
680,-47.5,57.5,74,37,0,0.0,0.0,0,0.0,57.5,8,562500.0,47.70846149559039,40.94033741514348,37,74,8,5,74,0,13,-105.0,70.5,-47.5,5.0,9095964,4545.251756,nan,9.095964,nan,5,3528,1445800,10,7645976,74,5,660,320,80,340,85,165,5,0,0,5
681,-47.5,57.5,70,35,0,0.0,0.0,0,0.0,57.5,10,562500.0,44.07446872090116,22.768341573873055,35,70,10,6,70,0,16,-105.0,70.5,-47.5,5.0,8972176,4554.223932,nan,8.972176,nan,6,3744,1734960,12,7232680,70,6,792,384,96,408,102,198,6,0,0,6
682,-47.5,57.5,68,34,0,0.0,0.0,0,0.0,57.5,10,562500.0,41.02730616782628,24.920824579294667,34,68,10,7,68,0,17,-105.0,70.5,-47.5,5.0,9055396,4563.279328,nan,9.055396,nan,7,4320,2024120,14,7026032,68,7,924,448,112,476,119,231,7,0,0,7
683,-47.5,57.5,60,30,0,0.0,0.0,0,0.0,57.5,7,531904.0270435779,36.36377064332778,11.625415593273829,30,60,7,7,60,0,14,-105.0,70.5,-47.5,5.0,8227580,4571.506908,nan,8.22758,nan,7,3096,2024120,14,6199440,60,7,924,448,112,476,119,231,7,0,0,7
684,-47.5,57.5,54,27,0,0.0,0.0,0,0.0,57.5,6,534505.1271052399,44.34213520942114,11.98083400222921,27,54,6,6,54,0,12,-105.0,70.5,-47.5,5.0,7317984,4578.824892,nan,7.317984,nan,6,2736,1734960,12,5579496,54,6,792,384,96,408,102,198,6,0,0,6
685,-47.5,57.5,40,20,0,0.0,0.0,0,0.0,57.5,5,562500.0,48.82506306639374,32.61247275513061,20,40,5,4,40,0,9,-105.0,70.5,-47.5,5.0,5292072,4584.116964,nan,5.292072,nan,4,1944,1156640,8,4132960,40,4,528,256,64,272,68,132,4,0,0,4
686,-47.5,57.5,38,19,0,0.0,0.0,0,0.0,57.5,4,562500.0,52.82067510588712,40.413088588481294,19,38,4,5,38,0,9,-105.0,70.5,-47.5,5.0,5374788,4589.491752,nan,5.374788,nan,5,2016,1445800,10,3926312,38,5,660,320,80,340,85,165,5,0,0,5
687,-47.5,57.5,38,19,0,0.0,0.0,0,0.0,57.5,5,562500.0,53.259115509314505,41.01998124260254,19,38,5,5,38,0,10,-105.0,70.5,-47.5,5.0,5374860,4594.866612,nan,5.37486,nan,5,2088,1445800,10,3926312,38,5,660,320,80,340,85,165,5,0,0,5
688,-47.5,57.5,34,17,0,0.0,0.0,0,0.0,57.5,7,562500.0,47.76114225620138,26.76511182948303,17,34,7,4,34,0,11,-105.0,70.5,-47.5,5.0,4672128,4599.53874,nan,4.672128,nan,4,1944,1156640,8,3513016,34,4,528,256,64,272,68,132,4,0,0,4
689,-47.5,57.5,38,19,0,0.0,0.0,0,0.0,57.5,7,562500.0,53.2420770078366,40.72133508272012,19,38,7,5,38,0,12,-105.0,70.5,-47.5,5.0,5375292,4604.914032,nan,5.375292,nan,5,2520,1445800,10,3926312,38,5,660,320,80,340,85,165,5,0,0,5
690,-47.5,57.5,38,19,0,0.0,0.0,0,0.0,57.5,5,562500.0,46.08864921570538,34.13786766275245,19,38,5,6,38,0,11,-105.0,70.5,-47.5,5.0,5664008,4610.57804,nan,5.664008,nan,6,1944,1734960,12,3926312,38,6,792,384,96,408,102,198,6,0,0,6
691,-47.5,57.5,34,17,0,0.0,0.0,0,0.0,57.5,5,562500.0,39.71752891107009,22.250432724863817,17,34,5,7,34,0,12,-105.0,70.5,-47.5,5.0,5540076,4616.118116,nan,5.540076,nan,7,2016,2024120,14,3513016,34,7,924,448,112,476,119,231,7,0,0,7
692,-47.5,57.5,32,16,0,0.0,0.0,0,0.0,57.5,5,562500.0,35.881137800622646,18.498539614218394,16,32,5,6,32,0,11,-105.0,70.5,-47.5,5.0,5043776,4621.161892,nan,5.043776,nan,6,1656,1734960,12,3306368,32,6,792,384,96,408,102,198,6,0,0,6
693,-47.5,57.5,32,16,0,0.0,0.0,0,0.0,57.5,7,562500.0,56.59778428863753,44.09767174055652,16,32,7,5,32,0,12,-105.0,70.5,-47.5,5.0,4754916,4625.916808,nan,4.754916,nan,5,2088,1445800,10,3306368,32,5,660,320,80,340,85,165,5,0,0,5
694,-47.5,57.5,30,15,0,0.0,0.0,0,0.0,57.5,7,562500.0,54.6892594583522,41.44910130201059,15,30,7,4,30,0,11,-105.0,70.5,-47.5,5.0,4258616,4630.175424,nan,4.258616,nan,4,1728,1156640,8,3099720,30,4,528,256,64,272,68,132,4,0,0,4
695,-47.5,57.5,24,12,0,0.0,0.0,0,0.0,57.5,6,562500.0,35.46959508640422,18.11370593643431,12,24,6,6,24,0,12,-105.0,70.5,-47.5,5.0,4216968,4634.392392,nan,4.216968,nan,6,1440,1734960,12,2479776,24,6,792,384,96,408,102,198,6,0,0,6
696,-47.5,57.5,26,13,0,0.0,0.0,0,0.0,57.5,7,562500.0,39.46898170175655,18.87195170423635,13,26,7,4,26,0,11,-105.0,70.5,-47.5,5.0,3845104,4638.237496,nan,3.845104,nan,4,1512,1156640,8,2686424,26,4,528,256,64,272,68,132,4,0,0,4
697,-47.5,57.5,34,17,0,0.0,0.0,0,0.0,57.5,8,562500.0,23.711114266074016,18.214090685670072,17,34,8,6,34,0,14,-105.0,70.5,-47.5,5.0,5250856,4643.488352,nan,5.250856,nan,6,2088,1734960,12,3513016,34,6,792,384,96,408,102,198,6,0,0,6
698,-47.5,57.5,42,21,0,0.0,0.0,0,0.0,57.5,10,562500.0,42.78419592335699,19.67741412330427,21,42,10,5,42,0,15,-105.0,70.5,-47.5,5.0,5788876,4649.277228,nan,5.788876,nan,5,2808,1445800,10,4339608,42,5,660,320,80,340,85,165,5,0,0,5
699,-47.5,57.5,46,23,0,0.0,0.0,0,0.0,57.5,6,562500.0,36.38172294343535,18.189037710633304,23,46,6,8,46,0,14,-105.0,70.5,-47.5,5.0,7069688,4656.346916,nan,7.069688,nan,8,2448,2313280,16,4752904,46,8,1056,512,128,544,136,264,8,0,0,8
700,-47.5,57.5,50,25,0,0.0,0.0,0,0.0,57.5,8,562500.0,55.064520613494224,43.90978154240969,25,50,8,4,50,0,12,-105.0,70.5,-47.5,5.0,6326032,4662.672948,nan,6.326032,nan,4,2664,1156640,8,5166200,50,4,528,256,64,272,68,132,4,0,0,4
701,-47.5,57.5,52,26,0,0.0,0.0,0,0.0,57.5,8,562500.0,26.890264971557645,18.21526179773062,26,52,8,6,52,0,14,-105.0,70.5,-47.5,5.0,7111480,4669.784428,nan,7.11148,nan,6,2880,1734960,12,5372848,52,6,792,384,96,408,102,198,6,0,0,6
702,-47.5,57.5,50,25,0,0.0,0.0,0,0.0,57.5,9,562500.0,55.89516931819094,43.77210954992145,25,50,9,5,50,0,14,-105.0,70.5,-47.5,5.0,6615828,4676.400256,nan,6.615828,nan,5,3168,1445800,10,5166200,50,5,660,320,80,340,85,165,5,0,0,5
703,-47.5,57.5,46,23,0,0.0,0.0,0,0.0,57.5,7,562500.0,39.47875441779038,18.18738061687711,23,46,7,7,46,0,14,-105.0,70.5,-47.5,5.0,6780468,4683.180724,nan,6.780468,nan,7,2520,2024120,14,4752904,46,7,924,448,112,476,119,231,7,0,0,7
704,-47.5,57.5,48,24,0,0.0,0.0,0,0.0,57.5,9,562500.0,49.75252891701831,39.51062113991178,24,48,9,5,48,0,14,-105.0,70.5,-47.5,5.0,6408892,4689.589616,nan,6.408892,nan,5,2880,1445800,10,4959552,48,5,660,320,80,340,85,165,5,0,0,5
705,-47.5,57.5,46,23,0,0.0,0.0,0,0.0,57.5,9,562500.0,34.60883831343462,19.318188880938106,23,46,9,7,46,0,16,-105.0,70.5,-47.5,5.0,6780828,4696.370444,nan,6.780828,nan,7,2880,2024120,14,4752904,46,7,924,448,112,476,119,231,7,0,0,7
706,-47.5,57.5,42,21,0,0.0,0.0,0,0.0,57.5,7,562500.0,40.811446156725154,19.68314268050154,21,42,7,7,42,0,14,-105.0,70.5,-47.5,5.0,6367172,4702.737616,nan,6.367172,nan,7,2520,2024120,14,4339608,42,7,924,448,112,476,119,231,7,0,0,7
707,-47.5,57.5,42,21,0,0.0,0.0,0,0.0,57.5,8,562500.0,31.126965103362885,19.216499950180832,21,42,8,7,42,0,15,-105.0,70.5,-47.5,5.0,6367172,4709.104788,nan,6.367172,nan,7,2520,2024120,14,4339608,42,7,924,448,112,476,119,231,7,0,0,7
708,-47.5,57.5,40,20,0,0.0,0.0,0,0.0,57.5,7,562500.0,35.43565134336652,24.492381661023042,20,40,7,6,40,0,13,-105.0,70.5,-47.5,5.0,5870944,4714.975732,nan,5.870944,nan,6,2232,1734960,12,4132960,40,6,792,384,96,408,102,198,6,0,0,6
709,-47.5,57.5,40,20,0,0.0,0.0,0,0.0,57.5,8,562500.0,33.9017676998247,18.21526179773062,20,40,8,7,40,0,15,-105.0,70.5,-47.5,5.0,6160524,4721.136256,nan,6.160524,nan,7,2520,2024120,14,4132960,40,7,924,448,112,476,119,231,7,0,0,7
710,-47.5,57.5,38,19,0,0.0,0.0,0,0.0,57.5,7,562500.0,50.70155902273392,41.29102099815302,19,38,7,5,38,0,12,-105.0,70.5,-47.5,5.0,5375004,4726.51126,nan,5.375004,nan,5,2232,1445800,10,3926312,38,5,660,320,80,340,85,165,5,0,0,5
711,-47.5,57.5,38,19,0,0.0,0.0,0,0.0,57.5,7,562500.0,29.5721273145296,18.587428605398934,19,38,7,6,38,0,13,-105.0,70.5,-47.5,5.0,5664368,4732.175628,nan,5.664368,nan,6,2304,1734960,12,3926312,38,6,792,384,96,408,102,198,6,0,0,6
712,-47.5,57.5,38,19,0,0.0,0.0,0,0.0,57.5,6,562500.0,35.11115698198476,19.318188880938106,19,38,6,6,38,0,12,-105.0,70.5,-47.5,5.0,5664224,4737.839852,nan,5.664224,nan,6,2160,1734960,12,3926312,38,6,792,384,96,408,102,198,6,0,0,6
713,-47.5,57.5,38,19,0,0.0,0.0,0,0.0,57.5,6,562500.0,44.089484793643614,18.21526179773062,19,38,6,6,38,0,12,-105.0,70.5,-47.5,5.0,5664080,4743.503932,nan,5.66408,nan,6,2016,1734960,12,3926312,38,6,792,384,96,408,102,198,6,0,0,6
714,-47.5,57.5,38,19,0,0.0,0.0,0,0.0,57.5,7,562500.0,40.27975205653697,19.029710552766677,19,38,7,5,38,0,12,-105.0,70.5,-47.5,5.0,5375004,4748.878936,nan,5.375004,nan,5,2232,1445800,10,3926312,38,5,660,320,80,340,85,165,5,0,0,5
715,-47.5,57.5,38,19,0,0.0,0.0,0,0.0,57.5,7,562500.0,44.43384688735481,18.21526179773062,19,38,7,6,38,0,13,-105.0,70.5,-47.5,5.0,5664224,4754.54316,nan,5.664224,nan,6,2160,1734960,12,3926312,38,6,792,384,96,408,102,198,6,0,0,6
716,-47.5,57.5,38,19,0,0.0,0.0,0,0.0,57.5,4,562500.0,41.298951059887884,18.395297868867832,19,38,4,7,38,0,11,-105.0,70.5,-47.5,5.0,5953372,4760.496532,nan,5.953372,nan,7,2016,2024120,14,3926312,38,7,924,448,112,476,119,231,7,0,0,7
717,-47.5,57.5,40,20,0,0.0,0.0,0,0.0,57.5,6,562500.0,28.066445653724344,18.995063594332603,20,40,6,6,40,0,12,-105.0,70.5,-47.5,5.0,5870800,4766.367332,nan,5.8708,nan,6,2088,1734960,12,4132960,40,6,792,384,96,408,102,198,6,0,0,6
718,-47.5,57.5,40,20,0,0.0,0.0,0,0.0,57.5,7,562500.0,28.28792951260627,19.683138865868756,20,40,7,6,40,0,13,-105.0,70.5,-47.5,5.0,5871016,4772.238348,nan,5.871016,nan,6,2304,1734960,12,4132960,40,6,792,384,96,408,102,198,6,0,0,6
719,-47.5,57.5,42,21,0,0.0,0.0,0,0.0,57.5,6,562500.0,33.724019728403164,18.21526179773062,21,42,6,7,42,0,13,-105.0,70.5,-47.5,5.0,6367028,4778.605376,nan,6.367028,nan,7,2376,2024120,14,4339608,42,7,924,448,112,476,119,231,7,0,0,7
720,-47.5,57.5,42,21,0,0.0,0.0,0,0.0,57.5,6,562500.0,57.14940928939713,47.53314980548814,21,42,6,5,42,0,11,-105.0,70.5,-47.5,5.0,5788084,4784.39346,nan,5.788084,nan,5,2016,1445800,10,4339608,42,5,660,320,80,340,85,165,5,0,0,5
721,-47.5,57.5,52,26,0,0.0,0.0,0,0.0,57.5,8,562500.0,42.495392460707414,18.471516263871578,26,52,8,6,52,0,14,-105.0,70.5,-47.5,5.0,7111624,4791.505084,nan,7.111624,nan,6,3024,1734960,12,5372848,52,6,792,384,96,408,102,198,6,0,0,6
722,-47.5,57.5,50,25,0,0.0,0.0,0,0.0,57.5,8,562500.0,56.69923030476614,45.614722800599665,25,50,8,5,50,0,13,-105.0,70.5,-47.5,5.0,6615612,4798.120696,nan,6.615612,nan,5,2952,1445800,10,5166200,50,5,660,320,80,340,85,165,5,0,0,5
723,-47.5,57.5,56,28,0,0.0,0.0,0,0.0,57.5,7,562500.0,50.91631738502888,41.77090444431914,28,56,8,6,56,1,14,-105.0,70.5,-47.5,5.0,7525136,4805.645832,nan,7.525136,nan,6,3240,1734960,12,5786144,56,6,792,384,96,408,102,198,6,0,0,6
724,-47.5,57.5,50,25,0,0.0,0.0,0,0.0,57.5,6,518311.0719294498,38.401311681095706,11.278923656802176,25,50,6,7,50,0,13,-105.0,70.5,-47.5,5.0,7194124,4812.839956,nan,7.194124,nan,7,2880,2024120,14,5166200,50,7,924,448,112,476,119,231,7,0,0,7
725,-47.5,57.5,54,27,0,0.0,0.0,0,0.0,57.5,8,562500.0,37.33448641544105,18.976863966490583,27,54,8,5,54,0,13,-105.0,70.5,-47.5,5.0,7028908,4819.868864,nan,7.028908,nan,5,2952,1445800,10,5579496,54,5,660,320,80,340,85,165,5,0,0,5
726,-47.5,57.5,54,27,0,0.0,0.0,0,0.0,57.5,8,562500.0,44.59980562054658,18.794310224701174,27,54,8,6,54,0,14,-105.0,70.5,-47.5,5.0,7318056,4827.18692,nan,7.318056,nan,6,2808,1734960,12,5579496,54,6,792,384,96,408,102,198,6,0,0,6
727,-47.5,57.5,46,23,0,0.0,0.0,0,0.0,57.5,7,542425.5953066541,41.35740083976952,15.497714889299575,23,46,7,6,46,0,13,-105.0,70.5,-47.5,5.0,6491464,4833.678384,nan,6.491464,nan,6,2808,1734960,12,4752904,46,6,792,384,96,408,102,198,6,0,0,6
728,-47.5,57.5,34,17,0,0.0,0.0,0,0.0,57.5,6,562500.0,38.753383430651354,19.529834553319773,17,34,6,5,34,0,11,-105.0,70.5,-47.5,5.0,4961060,4838.639444,nan,4.96106,nan,5,1584,1445800,10,3513016,34,5,660,320,80,340,85,165,5,0,0,5
729,-47.5,57.5,26,13,0,0.0,0.0,0,0.0,57.5,7,562500.0,39.47803109358347,18.036567793712855,13,26,7,7,26,0,14,-105.0,70.5,-47.5,5.0,4713196,4843.35264,nan,4.713196,nan,7,1728,2024120,14,2686424,26,7,924,448,112,476,119,231,7,0,0,7
730,-47.5,57.5,34,17,0,0.0,0.0,0,0.0,57.5,7,562500.0,31.595067663348136,19.1527686469793,17,34,7,8,34,0,15,-105.0,70.5,-47.5,5.0,5829080,4849.18172,nan,5.82908,nan,8,1728,2313280,16,3513016,34,8,1056,512,128,544,136,264,8,0,0,8
731,-47.5,57.5,26,13,0,0.0,0.0,0,0.0,57.5,6,562500.0,38.203583449151566,24.352226528643083,13,26,6,7,26,0,13,-105.0,70.5,-47.5,5.0,4712980,4853.8947,nan,4.71298,nan,7,1512,2024120,14,2686424,26,7,924,448,112,476,119,231,7,0,0,7
732,-47.5,57.5,22,11,0,0.0,0.0,0,0.0,57.5,6,562500.0,48.93585243458644,38.507723924595034,11,22,6,7,22,0,13,-105.0,70.5,-47.5,5.0,4299612,4858.194312,nan,4.299612,nan,7,1440,2024120,14,2273128,22,7,924,448,112,476,119,231,7,0,0,7
733,-47.5,57.5,20,10,0,0.0,0.0,0,0.0,57.5,2,562500.0,38.47718042324523,20.09590318255645,10,20,2,5,20,0,7,-105.0,70.5,-47.5,5.0,3513660,4861.707972,nan,3.51366,nan,5,720,1445800,10,2066480,20,5,660,320,80,340,85,165,5,0,0,5
734,-47.5,57.5,26,13,0,0.0,0.0,0,0.0,57.5,6,562500.0,29.74639189753348,23.4555728539209,13,26,6,5,26,0,11,-105.0,70.5,-47.5,5.0,4134396,4865.842368,nan,4.134396,nan,5,1512,1445800,10,2686424,26,5,660,320,80,340,85,165,5,0,0,5
735,-47.5,57.5,26,13,0,0.0,0.0,0,0.0,57.5,7,562500.0,32.14530010963464,22.139886432792515,13,26,7,7,26,0,14,-105.0,70.5,-47.5,5.0,4713196,4870.555564,nan,4.713196,nan,7,1728,2024120,14,2686424,26,7,924,448,112,476,119,231,7,0,0,7
736,-47.5,57.5,18,9,0,0.0,0.0,0,0.0,57.5,3,562500.0,34.58348930684944,23.134813021789387,9,18,3,5,18,0,8,-105.0,70.5,-47.5,5.0,3307084,4873.862648,nan,3.307084,nan,5,792,1445800,10,1859832,18,5,660,320,80,340,85,165,5,0,0,5
737,-47.5,57.5,18,9,0,0.0,0.0,0,0.0,57.5,5,562500.0,35.45133153050266,21.60517383123116,9,18,5,4,18,0,9,-105.0,70.5,-47.5,5.0,3018080,4876.880728,nan,3.01808,nan,4,1080,1156640,8,1859832,18,4,528,256,64,272,68,132,4,0,0,4
738,-47.5,57.5,18,9,0,0.0,0.0,0,0.0,57.5,5,562500.0,54.73918951506756,40.95459995025965,9,18,5,4,18,0,9,-105.0,70.5,-47.5,5.0,3018080,4879.898808,nan,3.01808,nan,4,1080,1156640,8,1859832,18,4,528,256,64,272,68,132,4,0,0,4
739,-47.5,57.5,20,10,0,0.0,0.0,0,0.0,57.5,3,562500.0,34.65156095246873,20.556709037101758,10,20,3,5,20,0,8,-105.0,70.5,-47.5,5.0,3513876,4883.412684,nan,3.513876,nan,5,936,1445800,10,2066480,20,5,660,320,80,340,85,165,5,0,0,5
740,-47.5,57.5,22,11,0,0.0,0.0,0,0.0,57.5,5,562500.0,53.76537790269454,43.5764679790714,11,22,5,5,22,0,10,-105.0,70.5,-47.5,5.0,3720812,4887.133496,nan,3.720812,nan,5,1224,1445800,10,2273128,22,5,660,320,80,340,85,165,5,0,0,5
741,-47.5,57.5,32,16,0,0.0,0.0,0,0.0,57.5,5,562500.0,47.212920859768246,25.988908366195655,16,32,5,5,32,0,10,-105.0,70.5,-47.5,5.0,4754628,4891.888124,nan,4.754628,nan,5,1800,1445800,10,3306368,32,5,660,320,80,340,85,165,5,0,0,5
742,-47.5,57.5,32,16,0,0.0,0.0,0,0.0,57.5,5,562500.0,42.04994665902403,23.523664643603986,16,32,5,5,32,0,10,-105.0,70.5,-47.5,5.0,4754340,4896.642464,nan,4.75434,nan,5,1512,1445800,10,3306368,32,5,660,320,80,340,85,165,5,0,0,5
743,-47.5,57.5,32,16,0,0.0,0.0,0,0.0,57.5,6,562500.0,40.403309144953866,21.190733310636073,16,32,6,5,32,0,11,-105.0,70.5,-47.5,5.0,4754700,4901.397164,nan,4.7547,nan,5,1872,1445800,10,3306368,32,5,660,320,80,340,85,165,5,0,0,5
744,-47.5,57.5,40,20,0,0.0,0.0,0,0.0,57.5,6,562500.0,35.16403700851186,20.563654419681047,20,40,6,6,40,0,12,-105.0,70.5,-47.5,5.0,5870728,4907.267892,nan,5.870728,nan,6,2016,1734960,12,4132960,40,6,792,384,96,408,102,198,6,0,0,6
745,-47.5,57.5,44,22,0,0.0,0.0,0,0.0,57.5,10,562500.0,45.204966104111605,20.754599676632346,22,44,10,4,44,0,14,-105.0,70.5,-47.5,5.0,5706232,4912.974124,nan,5.706232,nan,4,2808,1156640,8,4546256,44,4,528,256,64,272,68,132,4,0,0,4
746,-47.5,57.5,50,25,0,0.0,0.0,0,0.0,57.5,10,562500.0,42.10084855392573,20.754599676632346,25,50,10,5,50,0,15,-105.0,70.5,-47.5,5.0,6615756,4919.58988,nan,6.615756,nan,5,3096,1445800,10,5166200,50,5,660,320,80,340,85,165,5,0,0,5
747,-47.5,57.5,52,26,0,0.0,0.0,0,0.0,57.5,10,562500.0,37.24436664861766,21.379212133702662,26,52,10,5,52,0,15,-105.0,70.5,-47.5,5.0,6822692,4926.412572,nan,6.822692,nan,5,3384,1445800,10,5372848,52,5,660,320,80,340,85,165,5,0,0,5
748,-47.5,57.5,50,25,0,0.0,0.0,0,0.0,57.5,9,562500.0,45.71900657047989,38.94072657796133,25,50,9,4,50,0,13,-105.0,70.5,-47.5,5.0,6326536,4932.739108,nan,6.326536,nan,4,3168,1156640,8,5166200,50,4,528,256,64,272,68,132,4,0,0,4
749,-47.5,57.5,46,23,0,0.0,0.0,0,0.0,57.5,8,562500.0,46.18775352472628,28.031842156197513,23,46,8,6,46,0,14,-105.0,70.5,-47.5,5.0,6491608,4939.230716,nan,6.491608,nan,6,2952,1734960,12,4752904,46,6,792,384,96,408,102,198,6,0,0,6
750,-47.5,57.5,42,21,0,0.0,0.0,0,0.0,57.5,6,562500.0,37.651726437930456,20.888252791716944,21,42,6,6,42,0,12,-105.0,70.5,-47.5,5.0,6077880,4945.308596,nan,6.07788,nan,6,2520,1734960,12,4339608,42,6,792,384,96,408,102,198,6,0,0,6
751,-47.5,57.5,44,22,0,0.0,0.0,0,0.0,57.5,6,562500.0,36.201292767970955,19.86076962595344,22,44,6,6,44,0,12,-105.0,70.5,-47.5,5.0,6284456,4951.593052,nan,6.284456,nan,6,2448,1734960,12,4546256,44,6,792,384,96,408,102,198,6,0,0,6
752,-47.5,57.5,40,20,0,0.0,0.0,0,0.0,57.5,5,562500.0,50.95874454534635,44.170089654307745,20,40,5,5,40,0,10,-105.0,70.5,-47.5,5.0,5581436,4957.174488,nan,5.581436,nan,5,2016,1445800,10,4132960,40,5,660,320,80,340,85,165,5,0,0,5
753,-47.5,57.5,42,21,0,0.0,0.0,0,0.0,57.5,6,562500.0,41.19574296162183,20.20518120531098,21,42,6,5,42,0,11,-105.0,70.5,-47.5,5.0,5788300,4962.962788,nan,5.7883,nan,5,2232,1445800,10,4339608,42,5,660,320,80,340,85,165,5,0,0,5
754,-47.5,57.5,46,23,0,0.0,0.0,0,0.0,57.5,6,562500.0,41.09630353831785,19.472323421893027,23,46,6,6,46,0,12,-105.0,70.5,-47.5,5.0,6491176,4969.453964,nan,6.491176,nan,6,2520,1734960,12,4752904,46,6,792,384,96,408,102,198,6,0,0,6
755,-47.5,57.5,52,26,0,0.0,0.0,0,0.0,57.5,8,562500.0,46.31566362682921,29.96294683070241,26,52,8,7,52,0,15,-105.0,70.5,-47.5,5.0,7400628,4976.854592,nan,7.400628,nan,7,2736,2024120,14,5372848,52,7,924,448,112,476,119,231,7,0,0,7
756,-47.5,57.5,54,27,0,0.0,0.0,0,0.0,57.5,6,562500.0,45.3665027808949,26.22125691170893,27,54,6,7,54,0,13,-105.0,70.5,-47.5,5.0,7607636,4984.462228,nan,7.607636,nan,7,3096,2024120,14,5579496,54,7,924,448,112,476,119,231,7,0,0,7
757,-47.5,57.5,54,27,0,0.0,0.0,0,0.0,57.5,7,562500.0,44.64285817747409,29.167872163124592,27,54,7,5,54,0,12,-105.0,70.5,-47.5,5.0,7028692,4991.49092,nan,7.028692,nan,5,2736,1445800,10,5579496,54,5,660,320,80,340,85,165,5,0,0,5
758,-47.5,57.5,52,26,0,0.0,0.0,0,0.0,57.5,8,562500.0,40.12958074636935,20.249038481165126,26,52,8,6,52,0,14,-105.0,70.5,-47.5,5.0,7112128,4998.603048,nan,7.112128,nan,6,3528,1734960,12,5372848,52,6,792,384,96,408,102,198,6,0,0,6
759,-47.5,57.5,58,29,0,0.0,0.0,0,0.0,57.5,8,562500.0,47.63797997360837,36.9359608783465,29,58,8,5,58,0,13,-105.0,70.5,-47.5,5.0,7442276,5006.045324,nan,7.442276,nan,5,3024,1445800,10,5992792,58,5,660,320,80,340,85,165,5,0,0,5
760,-47.5,57.5,58,29,0,0.0,0.0,0,0.0,57.5,8,562500.0,37.88847058648056,18.595142439620357,29,58,8,7,58,0,15,-105.0,70.5,-47.5,5.0,8021580,5014.066904,nan,8.02158,nan,7,3744,2024120,14,5992792,58,7,924,448,112,476,119,231,7,0,0,7
761,-47.5,57.5,66,33,0,0.0,0.0,0,0.0,57.5,8,562500.0,40.735886021456345,20.91474586422671,33,66,8,6,66,0,14,-105.0,70.5,-47.5,5.0,8558808,5022.625712,nan,8.558808,nan,6,3672,1734960,12,6819384,66,6,792,384,96,408,102,198,6,0,0,6
762,-47.5,57.5,76,38,0,0.0,0.0,0,0.0,57.5,8,543376.4596204808,29.487792244445064,12.601027019906603,38,76,8,8,76,0,16,-105.0,70.5,-47.5,5.0,10171568,5032.79728,nan,10.171568,nan,8,4608,2313280,16,7852624,76,8,1056,512,128,544,136,264,8,0,0,8
763,-47.5,57.5,78,39,0,0.0,0.0,0,0.0,57.5,7,562500.0,33.304567489783466,19.313419163044788,39,78,7,7,78,0,14,-105.0,70.5,-47.5,5.0,10088492,5042.885772,nan,10.088492,nan,7,4176,2024120,14,8059272,78,7,924,448,112,476,119,231,7,0,0,7
764,-47.5,57.5,72,36,0,0.0,0.0,0,0.0,57.5,8,562500.0,25.742965525095762,18.140886335085366,36,72,8,8,72,0,16,-105.0,70.5,-47.5,5.0,9758056,5052.643828,nan,9.758056,nan,8,4392,2313280,16,7439328,72,8,1056,512,128,544,136,264,8,0,0,8
765,-47.5,57.5,68,34,0,0.0,0.0,0,0.0,57.5,7,562500.0,30.961710745241714,18.001488170123267,34,68,7,6,68,0,13,-105.0,70.5,-47.5,5.0,8765024,5061.408852,nan,8.765024,nan,6,3240,1734960,12,7026032,68,6,792,384,96,408,102,198,6,0,0,6
766,-47.5,57.5,66,33,0,0.0,0.0,0,0.0,57.5,8,542683.8240414138,32.76700355990937,9.365660818214074,33,66,8,7,66,0,15,-105.0,70.5,-47.5,5.0,8848172,5070.257024,nan,8.848172,nan,7,3744,2024120,14,6819384,66,7,924,448,112,476,119,231,7,0,0,7
767,-47.5,57.5,66,33,0,0.0,0.0,0,0.0,57.5,8,562500.0,49.15117815775,41.278710436701694,33,66,8,6,66,0,14,-105.0,70.5,-47.5,5.0,8558520,5078.815544,nan,8.55852,nan,6,3384,1734960,12,6819384,66,6,792,384,96,408,102,198,6,0,0,6
768,-47.5,57.5,68,34,0,0.0,0.0,0,0.0,57.5,10,562500.0,49.538241933566184,39.9784060238599,34,68,10,6,68,0,16,-105.0,70.5,-47.5,5.0,8765816,5087.58136,nan,8.765816,nan,6,4032,1734960,12,7026032,68,6,792,384,96,408,102,198,6,0,0,6
769,-47.5,57.5,68,34,0,0.0,0.0,0,0.0,57.5,9,562500.0,47.741788389757026,27.918464441951144,34,68,9,6,68,0,15,-105.0,70.5,-47.5,5.0,8765600,5096.34696,nan,8.7656,nan,6,3816,1734960,12,7026032,68,6,792,384,96,408,102,198,6,0,0,6
770,-47.5,57.5,66,33,0,0.0,0.0,0,0.0,57.5,7,545914.1248344511,34.692539049810485,12.011345818860352,33,66,7,8,66,0,15,-105.0,70.5,-47.5,5.0,9137320,5105.48428,nan,9.13732,nan,8,3600,2313280,16,6819384,66,8,1056,512,128,544,136,264,8,0,0,8
771,-47.5,57.5,64,32,0,0.0,0.0,0,0.0,57.5,6,562500.0,47.45065933185153,25.91484297461813,32,64,6,6,64,0,12,-105.0,70.5,-47.5,5.0,8351944,5113.836224,nan,8.351944,nan,6,3456,1734960,12,6612736,64,6,792,384,96,408,102,198,6,0,0,6
772,-47.5,57.5,56,28,0,0.0,0.0,0,0.0,57.5,7,562500.0,41.21721183989236,20.958138438848128,28,56,7,5,56,0,12,-105.0,70.5,-47.5,5.0,7235772,5121.071996,nan,7.235772,nan,5,3168,1445800,10,5786144,56,5,660,320,80,340,85,165,5,0,0,5
773,-47.5,57.5,54,27,0,0.0,0.0,0,0.0,57.5,6,530681.2215186026,41.748140232359994,10.815955060058563,27,54,6,6,54,0,12,-105.0,70.5,-47.5,5.0,7318272,5128.390268,nan,7.318272,nan,6,3024,1734960,12,5579496,54,6,792,384,96,408,102,198,6,0,0,6
774,-47.5,57.5,46,23,0,0.0,0.0,0,0.0,57.5,6,492969.39461513836,34.294772366404274,8.114477426731598,23,46,6,7,46,0,13,-105.0,70.5,-47.5,5.0,6780324,5135.170592,nan,6.780324,nan,7,2376,2024120,14,4752904,46,7,924,448,112,476,119,231,7,0,0,7
775,-47.5,57.5,44,22,0,0.0,0.0,0,0.0,57.5,7,562500.0,49.29014415707014,28.595153569735906,22,44,7,6,44,0,13,-105.0,70.5,-47.5,5.0,6284384,5141.454976,nan,6.284384,nan,6,2376,1734960,12,4546256,44,6,792,384,96,408,102,198,6,0,0,6
776,-47.5,57.5,32,16,0,0.0,0.0,0,0.0,57.5,5,562500.0,54.00349896562175,37.93281645541987,16,32,5,4,32,0,9,-105.0,70.5,-47.5,5.0,4465120,5145.920096,nan,4.46512,nan,4,1584,1156640,8,3306368,32,4,528,256,64,272,68,132,4,0,0,4
777,-47.5,57.5,30,15,0,0.0,0.0,0,0.0,57.5,4,562500.0,51.99724501453361,32.48670890948635,15,30,4,5,30,0,9,-105.0,70.5,-47.5,5.0,4547908,5150.468004,nan,4.547908,nan,5,1728,1445800,10,3099720,30,5,660,320,80,340,85,165,5,0,0,5
778,-47.5,57.5,34,17,0,0.0,0.0,0,0.0,57.5,5,562500.0,44.44626264679171,30.120868549800942,17,34,5,5,34,0,10,-105.0,70.5,-47.5,5.0,4960844,5155.428848,nan,4.960844,nan,5,1368,1445800,10,3513016,34,5,660,320,80,340,85,165,5,0,0,5
779,-47.5,57.5,36,18,0,0.0,0.0,0,0.0,57.5,4,562500.0,54.04193406493046,37.124621626186695,18,36,4,5,36,0,9,-105.0,70.5,-47.5,5.0,5168068,5160.596916,nan,5.168068,nan,5,1944,1445800,10,3719664,36,5,660,320,80,340,85,165,5,0,0,5
780,-47.5,57.5,42,21,0,0.0,0.0,0,0.0,57.5,4,562500.0,52.366506592509,21.596698692767408,21,42,4,5,42,0,9,-105.0,70.5,-47.5,5.0,5788156,5166.385072,nan,5.788156,nan,5,2088,1445800,10,4339608,42,5,660,320,80,340,85,165,5,0,0,5
781,-47.5,57.5,48,24,0,0.0,0.0,0,0.0,57.5,6,562500.0,59.36277153764149,44.528347992683656,24,48,6,5,48,0,11,-105.0,70.5,-47.5,5.0,6408676,5172.793748,nan,6.408676,nan,5,2664,1445800,10,4959552,48,5,660,320,80,340,85,165,5,0,0,5
782,-47.5,57.5,52,26,0,0.0,0.0,0,0.0,57.5,7,562500.0,52.19174675132376,37.51108414113341,26,52,7,5,52,0,12,-105.0,70.5,-47.5,5.0,6821900,5179.615648,nan,6.8219,nan,5,2592,1445800,10,5372848,52,5,660,320,80,340,85,165,5,0,0,5
783,-47.5,57.5,48,24,0,0.0,0.0,0,0.0,57.5,7,562500.0,45.18164965533261,21.071942629074336,24,48,7,6,48,0,13,-105.0,70.5,-47.5,5.0,6697752,5186.3134,nan,6.697752,nan,6,2448,1734960,12,4959552,48,6,792,384,96,408,102,198,6,0,0,6
784,-47.5,57.5,50,25,0,0.0,0.0,0,0.0,57.5,7,562500.0,56.00924274982223,42.95524960598638,25,50,7,5,50,0,12,-105.0,70.5,-47.5,5.0,6615180,5192.92858,nan,6.61518,nan,5,2520,1445800,10,5166200,50,5,660,320,80,340,85,165,5,0,0,5
785,-47.5,57.5,46,23,0,0.0,0.0,0,0.0,57.5,6,562500.0,56.22820194832902,42.35438961909931,23,46,6,5,46,0,11,-105.0,70.5,-47.5,5.0,6201668,5199.130248,nan,6.201668,nan,5,2304,1445800,10,4752904,46,5,660,320,80,340,85,165,5,0,0,5
786,-47.5,57.5,56,28,0,0.0,0.0,0,0.0,57.5,8,562500.0,59.11406504356739,48.18450401657067,28,56,8,5,56,0,13,-105.0,70.5,-47.5,5.0,7235412,5206.36566,nan,7.235412,nan,5,2808,1445800,10,5786144,56,5,660,320,80,340,85,165,5,0,0,5
787,-47.5,57.5,48,24,0,0.0,0.0,0,0.0,57.5,8,562500.0,57.63820354768226,46.97467150385017,24,48,8,5,48,0,13,-105.0,70.5,-47.5,5.0,6408748,5212.774408,nan,6.408748,nan,5,2736,1445800,10,4959552,48,5,660,320,80,340,85,165,5,0,0,5
788,-47.5,57.5,52,26,0,0.0,0.0,0,0.0,57.5,8,562500.0,28.16206560736086,18.970726319771813,26,52,8,6,52,0,14,-105.0,70.5,-47.5,5.0,7111336,5219.885744,nan,7.111336,nan,6,2736,1734960,12,5372848,52,6,792,384,96,408,102,198,6,0,0,6
789,-47.5,57.5,48,24,0,0.0,0.0,0,0.0,57.5,6,530707.5532781753,30.829058351719596,9.242898724097927,24,48,6,7,48,0,13,-105.0,70.5,-47.5,5.0,6987188,5226.872932,nan,6.987188,nan,7,2592,2024120,14,4959552,48,7,924,448,112,476,119,231,7,0,0,7
790,-47.5,57.5,46,23,0,0.0,0.0,0,0.0,57.5,7,531442.742464631,32.53575754164703,12.309766351788667,23,46,7,7,46,0,14,-105.0,70.5,-47.5,5.0,6780180,5233.653112,nan,6.78018,nan,7,2232,2024120,14,4752904,46,7,924,448,112,476,119,231,7,0,0,7
791,-47.5,57.5,42,21,0,0.0,0.0,0,0.0,57.5,8,562500.0,46.314724432438815,29.92529693346027,21,42,8,6,42,0,14,-105.0,70.5,-47.5,5.0,6077592,5239.730704,nan,6.077592,nan,6,2232,1734960,12,4339608,42,6,792,384,96,408,102,198,6,0,0,6
792,-47.5,57.5,42,21,0,0.0,0.0,0,0.0,57.5,7,562500.0,37.3094546113292,19.678166264096788,21,42,7,7,42,0,14,-105.0,70.5,-47.5,5.0,6366956,5246.09766,nan,6.366956,nan,7,2304,2024120,14,4339608,42,7,924,448,112,476,119,231,7,0,0,7
793,-47.5,57.5,42,21,0,0.0,0.0,0,0.0,57.5,8,562500.0,34.27353582540561,20.99554553807486,21,42,8,6,42,0,14,-105.0,70.5,-47.5,5.0,6077520,5252.17518,nan,6.07752,nan,6,2160,1734960,12,4339608,42,6,792,384,96,408,102,198,6,0,0,6
794,-47.5,57.5,42,21,0,0.0,0.0,0,0.0,57.5,7,562500.0,28.668215504965527,19.678166264096788,21,42,7,7,42,0,14,-105.0,70.5,-47.5,5.0,6366956,5258.542136,nan,6.366956,nan,7,2304,2024120,14,4339608,42,7,924,448,112,476,119,231,7,0,0,7
795,-47.5,57.5,42,21,0,0.0,0.0,0,0.0,57.5,7,562500.0,30.169040267097746,18.326685251520303,21,42,7,7,42,0,14,-105.0,70.5,-47.5,5.0,6366740,5264.908876,nan,6.36674,nan,7,2088,2024120,14,4339608,42,7,924,448,112,476,119,231,7,0,0,7
796,-47.5,57.5,42,21,0,0.0,0.0,0,0.0,57.5,7,562500.0,28.737998826250557,18.986358577818834,21,42,7,7,42,0,14,-105.0,70.5,-47.5,5.0,6366956,5271.275832,nan,6.366956,nan,7,2304,2024120,14,4339608,42,7,924,448,112,476,119,231,7,0,0,7
797,-47.5,57.5,42,21,0,0.0,0.0,0,0.0,57.5,8,562500.0,28.749568039962924,19.678166264096788,21,42,8,7,42,0,15,-105.0,70.5,-47.5,5.0,6366956,5277.642788,nan,6.366956,nan,7,2304,2024120,14,4339608,42,7,924,448,112,476,119,231,7,0,0,7
798,-47.5,57.5,42,21,0,0.0,0.0,0,0.0,57.5,7,562500.0,28.704441678816938,20.32269409328424,21,42,7,7,42,0,14,-105.0,70.5,-47.5,5.0,6366956,5284.009744,nan,6.366956,nan,7,2304,2024120,14,4339608,42,7,924,448,112,476,119,231,7,0,0,7
799,-47.5,57.5,42,21,0,0.0,0.0,0,0.0,57.5,8,562500.0,28.314688473622688,18.208395423520038,21,42,8,7,42,0,15,-105.0,70.5,-47.5,5.0,6367100,5290.376844,nan,6.3671,nan,7,2448,2024120,14,4339608,42,7,924,448,112,476,119,231,7,0,0,7
800,-47.5,57.5,44,22,0,0.0,0.0,0,0.0,57.5,7,562500.0,32.02598736037609,19.678166264096788,22,44,7,8,44,0,15,-105.0,70.5,-47.5,5.0,6863040,5297.239884,nan,6.86304,nan,8,2448,2313280,16,4546256,44,8,1056,512,128,544,136,264,8,0,0,8
801,-47.5,57.5,48,24,0,0.0,0.0,0,0.0,57.5,6,562500.0,28.925644418374933,19.69979178308443,24,48,6,7,48,0,13,-105.0,70.5,-47.5,5.0,6986756,5304.22664,nan,6.986756,nan,7,2160,2024120,14,4959552,48,7,924,448,112,476,119,231,7,0,0,7
802,-47.5,57.5,50,25,0,0.0,0.0,0,0.0,57.5,7,534650.119492053,33.282448744155666,11.117608692398145,25,50,7,8,50,0,15,-105.0,70.5,-47.5,5.0,7483344,5311.709984,nan,7.483344,nan,8,2808,2313280,16,5166200,50,8,1056,512,128,544,136,264,8,0,0,8
803,-47.5,57.5,52,26,0,0.0,0.0,0,0.0,57.5,8,562500.0,28.52979528092636,19.703419559995226,26,52,8,7,52,0,15,-105.0,70.5,-47.5,5.0,7400700,5319.110684,nan,7.4007,nan,7,2808,2024120,14,5372848,52,7,924,448,112,476,119,231,7,0,0,7
804,-47.5,57.5,54,27,0,0.0,0.0,0,0.0,57.5,7,507633.87793392816,23.28438017336212,6.594679969809012,27,54,7,8,54,0,15,-105.0,70.5,-47.5,5.0,7896928,5327.007612,nan,7.896928,nan,8,3096,2313280,16,5579496,54,8,1056,512,128,544,136,264,8,0,0,8
805,-47.5,57.5,52,26,0,0.0,0.0,0,0.0,57.5,9,562500.0,41.06368415001972,21.29833798534227,26,52,9,7,52,0,16,-105.0,70.5,-47.5,5.0,7400700,5334.408312,nan,7.4007,nan,7,2808,2024120,14,5372848,52,7,924,448,112,476,119,231,7,0,0,7
806,-47.5,57.5,52,26,0,0.0,0.0,0,0.0,57.5,8,562500.0,27.91078210495067,19.618539120004264,26,52,8,7,52,0,15,-105.0,70.5,-47.5,5.0,7400844,5341.809156,nan,7.400844,nan,7,2952,2024120,14,5372848,52,7,924,448,112,476,119,231,7,0,0,7
807,-47.5,57.5,42,21,0,0.0,0.0,0,0.0,57.5,9,562500.0,32.29292698690378,20.90447316229838,21,42,9,6,42,0,15,-105.0,70.5,-47.5,5.0,6077736,5347.886892,nan,6.077736,nan,6,2376,1734960,12,4339608,42,6,792,384,96,408,102,198,6,0,0,6
808,-47.5,57.5,42,21,0,0.0,0.0,0,0.0,57.5,7,562500.0,40.86485970214169,21.196161318638755,21,42,7,7,42,0,14,-105.0,70.5,-47.5,5.0,6366956,5354.253848,nan,6.366956,nan,7,2304,2024120,14,4339608,42,7,924,448,112,476,119,231,7,0,0,7
809,-47.5,57.5,42,21,0,0.0,0.0,0,0.0,57.5,7,562500.0,38.964625518869695,21.29833798534227,21,42,7,7,42,0,14,-105.0,70.5,-47.5,5.0,6366668,5360.620516,nan,6.366668,nan,7,2016,2024120,14,4339608,42,7,924,448,112,476,119,231,7,0,0,7
810,-47.5,57.5,44,22,0,0.0,0.0,0,0.0,57.5,9,562500.0,36.88329855406356,20.964165716376503,22,44,9,7,44,0,16,-105.0,70.5,-47.5,5.0,6573892,5367.194408,nan,6.573892,nan,7,2592,2024120,14,4546256,44,7,924,448,112,476,119,231,7,0,0,7
811,-47.5,57.5,58,29,0,0.0,0.0,0,0.0,57.5,10,562500.0,29.408320668737076,18.129292362918413,29,58,10,6,58,0,16,-105.0,70.5,-47.5,5.0,7732072,5374.92648,nan,7.732072,nan,6,3528,1734960,12,5992792,58,6,792,384,96,408,102,198,6,0,0,6
812,-47.5,57.5,56,28,0,0.0,0.0,0,0.0,57.5,9,562500.0,37.48714799788775,20.998172293078483,28,56,9,6,56,0,15,-105.0,70.5,-47.5,5.0,7524992,5382.451472,nan,7.524992,nan,6,3096,1734960,12,5786144,56,6,792,384,96,408,102,198,6,0,0,6
813,-47.5,57.5,56,28,0,0.0,0.0,0,0.0,57.5,8,562500.0,41.56459231659727,20.760041543165535,28,56,8,7,56,0,15,-105.0,70.5,-47.5,5.0,7814140,5390.265612,nan,7.81414,nan,7,2952,2024120,14,5786144,56,7,924,448,112,476,119,231,7,0,0,7
814,-47.5,57.5,60,30,0,0.0,0.0,0,0.0,57.5,9,562500.0,31.85823785432471,19.235764805608056,30,60,9,6,60,0,15,-105.0,70.5,-47.5,5.0,7938576,5398.204188,nan,7.938576,nan,6,3384,1734960,12,6199440,60,6,792,384,96,408,102,198,6,0,0,6
815,-47.5,57.5,66,33,0,0.0,0.0,0,0.0,57.5,8,562500.0,39.46849325857733,19.75674087613131,33,66,8,7,66,0,15,-105.0,70.5,-47.5,5.0,8847956,5407.052144,nan,8.847956,nan,7,3528,2024120,14,6819384,66,7,924,448,112,476,119,231,7,0,0,7
816,-47.5,57.5,64,32,0,0.0,0.0,0,0.0,57.5,7,562500.0,32.46543699314403,18.41641330610677,32,64,7,7,64,0,14,-105.0,70.5,-47.5,5.0,8641092,5415.693236,nan,8.641092,nan,7,3312,2024120,14,6612736,64,7,924,448,112,476,119,231,7,0,0,7
817,-47.5,57.5,60,30,0,0.0,0.0,0,0.0,57.5,7,534090.2290352816,43.45499785655638,11.589479875151905,30,60,7,6,60,0,13,-105.0,70.5,-47.5,5.0,7938576,5423.631812,nan,7.938576,nan,6,3384,1734960,12,6199440,60,6,792,384,96,408,102,198,6,0,0,6
818,-47.5,57.5,46,23,0,0.0,0.0,0,0.0,57.5,9,562500.0,48.96976124095525,34.526026669135156,23,46,9,4,46,0,13,-105.0,70.5,-47.5,5.0,5913168,5429.54498,nan,5.913168,nan,4,3096,1156640,8,4752904,46,4,528,256,64,272,68,132,4,0,0,4
819,-47.5,57.5,40,20,0,0.0,0.0,0,0.0,57.5,7,562500.0,31.346915717445256,18.50686125495258,20,40,7,4,40,0,11,-105.0,70.5,-47.5,5.0,5292360,5434.83734,nan,5.29236,nan,4,2232,1156640,8,4132960,40,4,528,256,64,272,68,132,4,0,0,4
820,-47.5,57.5,40,20,0,0.0,0.0,0,0.0,57.5,9,562500.0,51.29335195121076,42.790460269707744,20,40,9,3,40,0,12,-105.0,70.5,-47.5,5.0,5003284,5439.840624,nan,5.003284,nan,3,2448,867480,6,4132960,40,3,396,192,48,204,51,99,3,0,0,3
821,-47.5,57.5,38,19,0,0.0,0.0,0,0.0,57.5,7,562500.0,40.21254372210004,21.541593029638793,19,38,7,5,38,0,12,-105.0,70.5,-47.5,5.0,5374932,5445.215556,nan,5.374932,nan,5,2160,1445800,10,3926312,38,5,660,320,80,340,85,165,5,0,0,5
822,-47.5,57.5,36,18,0,0.0,0.0,0,0.0,57.5,9,562500.0,52.726273029057964,36.142280490103225,18,36,9,4,36,0,13,-105.0,70.5,-47.5,5.0,4879280,5450.094836,nan,4.87928,nan,4,2448,1156640,8,3719664,36,4,528,256,64,272,68,132,4,0,0,4
823,-47.5,57.5,42,21,0,0.0,0.0,0,0.0,57.5,5,544774.9785867583,39.84921990120249,12.584570746372117,21,42,5,7,42,0,12,-105.0,70.5,-47.5,5.0,6366956,5456.461792,nan,6.366956,nan,7,2304,2024120,14,4339608,42,7,924,448,112,476,119,231,7,0,0,7
824,-47.5,57.5,44,22,0,0.0,0.0,0,0.0,57.5,7,562500.0,39.397271262458965,23.76652879597283,22,44,7,5,44,0,12,-105.0,70.5,-47.5,5.0,5994876,5462.456668,nan,5.994876,nan,5,2160,1445800,10,4546256,44,5,660,320,80,340,85,165,5,0,0,5
825,-47.5,57.5,34,17,0,0.0,0.0,0,0.0,57.5,4,557456.710792834,42.35479061697398,16.011055956730523,17,34,4,6,34,0,10,-105.0,70.5,-47.5,5.0,5250568,5467.707236,nan,5.250568,nan,6,1800,1734960,12,3513016,34,6,792,384,96,408,102,198,6,0,0,6
826,-47.5,57.5,34,17,0,0.0,0.0,0,0.0,57.5,6,546095.831557761,43.424733233630235,14.530298794027996,17,34,6,6,34,0,12,-105.0,70.5,-47.5,5.0,5250568,5472.957804,nan,5.250568,nan,6,1800,1734960,12,3513016,34,6,792,384,96,408,102,198,6,0,0,6
827,-47.5,57.5,38,19,0,0.0,0.0,0,0.0,57.5,6,562500.0,39.30753454838614,32.29488605554558,19,38,6,6,38,0,12,-105.0,70.5,-47.5,5.0,5664008,5478.621812,nan,5.664008,nan,6,1944,1734960,12,3926312,38,6,792,384,96,408,102,198,6,0,0,6
828,-47.5,57.5,38,19,0,0.0,0.0,0,0.0,57.5,8,562500.0,42.08298918543932,31.404594845907752,19,38,8,5,38,0,13,-105.0,70.5,-47.5,5.0,5374788,5483.9966,nan,5.374788,nan,5,2016,1445800,10,3926312,38,5,660,320,80,340,85,165,5,0,0,5
829,-47.5,57.5,34,17,0,0.0,0.0,0,0.0,57.5,7,562500.0,41.94977233655356,21.45111864088375,17,34,7,7,34,0,14,-105.0,70.5,-47.5,5.0,5539932,5489.536532,nan,5.539932,nan,7,1872,2024120,14,3513016,34,7,924,448,112,476,119,231,7,0,0,7
830,-47.5,57.5,36,18,0,0.0,0.0,0,0.0,57.5,8,562500.0,47.75624216445686,42.15523815975385,18,36,8,5,36,0,13,-105.0,70.5,-47.5,5.0,5167996,5494.704528,nan,5.167996,nan,5,1872,1445800,10,3719664,36,5,660,320,80,340,85,165,5,0,0,5
831,-47.5,57.5,42,21,0,0.0,0.0,0,0.0,57.5,7,562500.0,34.61715335976488,18.58772721979534,21,42,7,5,42,0,12,-105.0,70.5,-47.5,5.0,5788228,5500.492756,nan,5.788228,nan,5,2160,1445800,10,4339608,42,5,660,320,80,340,85,165,5,0,0,5
832,-47.5,57.5,44,22,0,0.0,0.0,0,0.0,57.5,7,562500.0,34.787282261819776,22.47034526757989,22,44,7,7,44,0,14,-105.0,70.5,-47.5,5.0,6573676,5507.066432,nan,6.573676,nan,7,2376,2024120,14,4546256,44,7,924,448,112,476,119,231,7,0,0,7
833,-47.5,57.5,52,26,0,0.0,0.0,0,0.0,57.5,8,562500.0,42.954039843898634,36.71633698148571,26,52,8,6,52,0,14,-105.0,70.5,-47.5,5.0,7111696,5514.178128,nan,7.111696,nan,6,3096,1734960,12,5372848,52,6,792,384,96,408,102,198,6,0,0,6
834,-47.5,57.5,56,28,0,0.0,0.0,0,0.0,57.5,7,562500.0,35.54004859110374,18.815236797706852,28,56,7,7,56,0,14,-105.0,70.5,-47.5,5.0,7814572,5521.9927,nan,7.814572,nan,7,3384,2024120,14,5786144,56,7,924,448,112,476,119,231,7,0,0,7
835,-47.5,57.5,54,27,0,0.0,0.0,0,0.0,57.5,7,562500.0,38.029084743543685,24.393284793389928,27,54,7,7,54,0,14,-105.0,70.5,-47.5,5.0,7607420,5529.60012,nan,7.60742,nan,7,2880,2024120,14,5579496,54,7,924,448,112,476,119,231,7,0,0,7
836,-47.5,57.5,60,30,0,0.0,0.0,0,0.0,57.5,8,562500.0,43.72119991289468,22.45435322047512,30,60,8,5,60,0,13,-105.0,70.5,-47.5,5.0,7649284,5537.249404,nan,7.649284,nan,5,3384,1445800,10,6199440,60,5,660,320,80,340,85,165,5,0,0,5
837,-47.5,57.5,48,24,0,0.0,0.0,0,0.0,57.5,6,562500.0,48.1004191130914,37.33613550119204,24,48,6,6,48,0,12,-105.0,70.5,-47.5,5.0,6697752,5543.947156,nan,6.697752,nan,6,2448,1734960,12,4959552,48,6,792,384,96,408,102,198,6,0,0,6
838,-47.5,57.5,42,21,0,0.0,0.0,0,0.0,57.5,6,562500.0,47.66594688223757,30.461052085064715,21,42,6,6,42,0,12,-105.0,70.5,-47.5,5.0,6077664,5550.02482,nan,6.077664,nan,6,2304,1734960,12,4339608,42,6,792,384,96,408,102,198,6,0,0,6
839,-47.5,57.5,40,20,0,0.0,0.0,0,0.0,57.5,6,562500.0,41.31365277133817,21.27715664503688,20,40,6,6,40,0,12,-105.0,70.5,-47.5,5.0,5870656,5555.895476,nan,5.870656,nan,6,1944,1734960,12,4132960,40,6,792,384,96,408,102,198,6,0,0,6
840,-47.5,57.5,34,17,0,0.0,0.0,0,0.0,57.5,8,562500.0,36.36624567568329,24.35100886807063,17,34,8,6,34,0,14,-105.0,70.5,-47.5,5.0,5250640,5561.146116,nan,5.25064,nan,6,1872,1734960,12,3513016,34,6,792,384,96,408,102,198,6,0,0,6
841,-47.5,57.5,40,20,0,0.0,0.0,0,0.0,57.5,8,562500.0,37.885538426896474,18.312439941024778,20,40,8,5,40,0,13,-105.0,70.5,-47.5,5.0,5581652,5566.727768,nan,5.581652,nan,5,2232,1445800,10,4132960,40,5,660,320,80,340,85,165,5,0,0,5
842,-47.5,57.5,42,21,0,0.0,0.0,0,0.0,57.5,7,562500.0,31.128647746316986,21.363641482184867,21,42,7,6,42,0,13,-105.0,70.5,-47.5,5.0,6077664,5572.805432,nan,6.077664,nan,6,2304,1734960,12,4339608,42,6,792,384,96,408,102,198,6,0,0,6
843,-47.5,57.5,46,23,0,0.0,0.0,0,0.0,57.5,8,562500.0,38.104586713147945,20.72901985388034,23,46,8,6,46,0,14,-105.0,70.5,-47.5,5.0,6491536,5579.296968,nan,6.491536,nan,6,2880,1734960,12,4752904,46,6,792,384,96,408,102,198,6,0,0,6
844,-47.5,57.5,50,25,0,0.0,0.0,0,0.0,57.5,7,562500.0,38.04427625134335,18.403475499911004,25,50,7,6,50,0,13,-105.0,70.5,-47.5,5.0,6904544,5586.201512,nan,6.904544,nan,6,2592,1734960,12,5166200,50,6,792,384,96,408,102,198,6,0,0,6
845,-47.5,57.5,48,24,0,0.0,0.0,0,0.0,57.5,10,562500.0,36.34332649164897,19.900051336828625,24,48,10,4,48,0,14,-105.0,70.5,-47.5,5.0,6119744,5592.321256,nan,6.119744,nan,4,3024,1156640,8,4959552,48,4,528,256,64,272,68,132,4,0,0,4
846,-47.5,57.5,50,25,0,0.0,0.0,0,0.0,57.5,9,562500.0,44.01091023117631,24.541998340965154,25,50,9,5,50,0,14,-105.0,70.5,-47.5,5.0,6615540,5598.936796,nan,6.61554,nan,5,2880,1445800,10,5166200,50,5,660,320,80,340,85,165,5,0,0,5
847,-47.5,57.5,46,23,0,0.0,0.0,0,0.0,57.5,10,562500.0,36.68104791144923,18.75473173653766,23,46,10,6,46,0,16,-105.0,70.5,-47.5,5.0,6491464,5605.42826,nan,6.491464,nan,6,2808,1734960,12,4752904,46,6,792,384,96,408,102,198,6,0,0,6
848,-47.5,57.5,46,23,0,0.0,0.0,0,0.0,57.5,7,562500.0,42.037789829748185,23.62611776012094,23,46,7,6,46,0,13,-105.0,70.5,-47.5,5.0,6491176,5611.919436,nan,6.491176,nan,6,2520,1734960,12,4752904,46,6,792,384,96,408,102,198,6,0,0,6
849,-47.5,57.5,46,23,0,0.0,0.0,0,0.0,57.5,6,562500.0,37.38443349857087,23.62611776012094,23,46,6,6,46,0,12,-105.0,70.5,-47.5,5.0,6491320,5618.410756,nan,6.49132,nan,6,2664,1734960,12,4752904,46,6,792,384,96,408,102,198,6,0,0,6
850,-47.5,57.5,44,22,0,0.0,0.0,0,0.0,57.5,5,562500.0,39.860381053643586,19.590048577676765,22,44,5,5,44,0,10,-105.0,70.5,-47.5,5.0,5994876,5624.405632,nan,5.994876,nan,5,2160,1445800,10,4546256,44,5,660,320,80,340,85,165,5,0,0,5
851,-47.5,57.5,48,24,0,0.0,0.0,0,0.0,57.5,7,562500.0,48.60452447801868,40.240024422467364,24,48,7,5,48,0,12,-105.0,70.5,-47.5,5.0,6408964,5630.814596,nan,6.408964,nan,5,2952,1445800,10,4959552,48,5,660,320,80,340,85,165,5,0,0,5
852,-47.5,57.5,52,26,0,0.0,0.0,0,0.0,57.5,8,562500.0,43.84026326602431,38.87805008831565,26,52,8,4,52,0,12,-105.0,70.5,-47.5,5.0,6532896,5637.347492,nan,6.532896,nan,4,2880,1156640,8,5372848,52,4,528,256,64,272,68,132,4,0,0,4
853,-47.5,57.5,48,24,0,0.0,0.0,0,0.0,57.5,8,562500.0,40.23727572554671,19.661860065688266,24,48,8,6,48,0,14,-105.0,70.5,-47.5,5.0,6698256,5644.045748,nan,6.698256,nan,6,2952,1734960,12,4959552,48,6,792,384,96,408,102,198,6,0,0,6
854,-47.5,57.5,46,23,0,0.0,0.0,0,0.0,57.5,9,562500.0,44.75276271740786,29.2722924009696,23,46,9,5,46,0,14,-105.0,70.5,-47.5,5.0,6202172,5650.24792,nan,6.202172,nan,5,2808,1445800,10,4752904,46,5,660,320,80,340,85,165,5,0,0,5
855,-47.5,57.5,48,24,0,0.0,0.0,0,0.0,57.5,9,562500.0,39.705841308201094,30.903041893421722,24,48,9,7,48,0,16,-105.0,70.5,-47.5,5.0,6987620,5657.23554,nan,6.98762,nan,7,3024,2024120,14,4959552,48,7,924,448,112,476,119,231,7,0,0,7
856,-47.5,57.5,54,27,0,0.0,0.0,0,0.0,57.5,9,562500.0,46.52675732653594,41.64149800151346,27,54,9,6,54,0,15,-105.0,70.5,-47.5,5.0,7318560,5664.5541,nan,7.31856,nan,6,3312,1734960,12,5579496,54,6,792,384,96,408,102,198,6,0,0,6
857,-47.5,57.5,50,25,0,0.0,0.0,0,0.0,57.5,9,562500.0,47.068533743646036,28.051865211242827,25,50,9,7,50,0,16,-105.0,70.5,-47.5,5.0,7194556,5671.748656,nan,7.194556,nan,7,3312,2024120,14,5166200,50,7,924,448,112,476,119,231,7,0,0,7
858,-47.5,57.5,50,25,0,0.0,0.0,0,0.0,57.5,9,562500.0,49.20431565769738,38.860785374909604,25,50,9,4,50,0,13,-105.0,70.5,-47.5,5.0,6326248,5678.074904,nan,6.326248,nan,4,2880,1156640,8,5166200,50,4,528,256,64,272,68,132,4,0,0,4
859,-47.5,57.5,50,25,0,0.0,0.0,0,0.0,57.5,8,562500.0,44.61432375215318,28.916629326520646,25,50,8,6,50,0,14,-105.0,70.5,-47.5,5.0,6904976,5684.97988,nan,6.904976,nan,6,3024,1734960,12,5166200,50,6,792,384,96,408,102,198,6,0,0,6
860,-47.5,57.5,48,24,0,0.0,0.0,0,0.0,57.5,6,562500.0,53.66768846075549,35.71125997544331,24,48,6,6,48,0,12,-105.0,70.5,-47.5,5.0,6697536,5691.677416,nan,6.697536,nan,6,2232,1734960,12,4959552,48,6,792,384,96,408,102,198,6,0,0,6
861,-47.5,57.5,50,25,0,0.0,0.0,0,0.0,57.5,9,562500.0,41.4625057108731,24.24975609728165,25,50,9,5,50,0,14,-105.0,70.5,-47.5,5.0,6615612,5698.293028,nan,6.615612,nan,5,2952,1445800,10,5166200,50,5,660,320,80,340,85,165,5,0,0,5
862,-47.5,57.5,48,24,0,0.0,0.0,0,0.0,57.5,8,562500.0,46.95266637951494,36.418179511625546,24,48,8,6,48,0,14,-105.0,70.5,-47.5,5.0,6697824,5704.990852,nan,6.697824,nan,6,2520,1734960,12,4959552,48,6,792,384,96,408,102,198,6,0,0,6
863,-47.5,57.5,40,20,0,0.0,0.0,0,0.0,57.5,10,562500.0,52.53573777651346,44.918506897059245,20,40,10,4,40,0,14,-105.0,70.5,-47.5,5.0,5293008,5710.28386,nan,5.293008,nan,4,2880,1156640,8,4132960,40,4,528,256,64,272,68,132,4,0,0,4
864,-47.5,57.5,46,23,0,0.0,0.0,0,0.0,57.5,5,562500.0,41.47829384270365,18.896910360376914,23,46,5,5,46,0,10,-105.0,70.5,-47.5,5.0,6201812,5716.485672,nan,6.201812,nan,5,2448,1445800,10,4752904,46,5,660,320,80,340,85,165,5,0,0,5
865,-47.5,57.5,46,23,0,0.0,0.0,0,0.0,57.5,7,562500.0,47.26463456491765,35.86720444383823,23,46,7,6,46,0,13,-105.0,70.5,-47.5,5.0,6491680,5722.977352,nan,6.49168,nan,6,3024,1734960,12,4752904,46,6,792,384,96,408,102,198,6,0,0,6
866,-47.5,57.5,46,23,0,0.0,0.0,0,0.0,57.5,5,562500.0,44.24924454864991,33.683300439909424,23,46,5,5,46,0,10,-105.0,70.5,-47.5,5.0,6201740,5729.179092,nan,6.20174,nan,5,2376,1445800,10,4752904,46,5,660,320,80,340,85,165,5,0,0,5
867,-47.5,57.5,52,26,0,0.0,0.0,0,0.0,57.5,7,562500.0,38.543337277409805,23.2106150174082,26,52,7,5,52,0,12,-105.0,70.5,-47.5,5.0,6822260,5736.001352,nan,6.82226,nan,5,2952,1445800,10,5372848,52,5,660,320,80,340,85,165,5,0,0,5
868,-47.5,57.5,54,27,0,0.0,0.0,0,0.0,57.5,8,562500.0,42.156791348407374,30.371745053988004,27,54,8,6,54,0,14,-105.0,70.5,-47.5,5.0,7318416,5743.319768,nan,7.318416,nan,6,3168,1734960,12,5579496,54,6,792,384,96,408,102,198,6,0,0,6
869,-47.5,57.5,48,24,0,0.0,0.0,0,0.0,57.5,5,562500.0,40.79288359885582,32.74396645071108,24,48,5,4,48,0,9,-105.0,70.5,-47.5,5.0,6119024,5749.438792,nan,6.119024,nan,4,2304,1156640,8,4959552,48,4,528,256,64,272,68,132,4,0,0,4
870,-47.5,57.5,46,23,0,0.0,0.0,0,0.0,57.5,6,562500.0,38.08106995748487,20.89623998174438,23,46,6,4,46,0,10,-105.0,70.5,-47.5,5.0,5912664,5755.351456,nan,5.912664,nan,4,2592,1156640,8,4752904,46,4,528,256,64,272,68,132,4,0,0,4
871,-47.5,57.5,44,22,0,0.0,0.0,0,0.0,57.5,8,562500.0,53.92180758051718,38.530950471083514,22,44,8,4,44,0,12,-105.0,70.5,-47.5,5.0,5706160,5761.057616,nan,5.70616,nan,4,2736,1156640,8,4546256,44,4,528,256,64,272,68,132,4,0,0,4
872,-47.5,57.5,44,22,0,0.0,0.0,0,0.0,57.5,8,562500.0,35.40415819280021,20.055839472373457,22,44,8,4,44,0,12,-105.0,70.5,-47.5,5.0,5705944,5766.76356,nan,5.705944,nan,4,2520,1156640,8,4546256,44,4,528,256,64,272,68,132,4,0,0,4
873,-47.5,57.5,48,24,0,0.0,0.0,0,0.0,57.5,9,562500.0,42.76162714619525,34.15456876428163,24,48,9,5,48,0,14,-105.0,70.5,-47.5,5.0,6409180,5773.17274,nan,6.40918,nan,5,3168,1445800,10,4959552,48,5,660,320,80,340,85,165,5,0,0,5
874,-47.5,57.5,48,24,0,0.0,0.0,0,0.0,57.5,9,562500.0,42.91701285443172,32.61378825222625,24,48,9,7,48,0,16,-105.0,70.5,-47.5,5.0,6987764,5780.160504,nan,6.987764,nan,7,3168,2024120,14,4959552,48,7,924,448,112,476,119,231,7,0,0,7
875,-47.5,57.5,46,23,0,0.0,0.0,0,0.0,57.5,7,562500.0,47.01371782516321,31.567390395240174,23,46,7,6,46,0,13,-105.0,70.5,-47.5,5.0,6491248,5786.651752,nan,6.491248,nan,6,2592,1734960,12,4752904,46,6,792,384,96,408,102,198,6,0,0,6
876,-47.5,57.5,50,25,0,0.0,0.0,0,0.0,57.5,8,562500.0,37.071108678886674,18.147906272568232,25,50,8,5,50,0,13,-105.0,70.5,-47.5,5.0,6615180,5793.266932,nan,6.61518,nan,5,2520,1445800,10,5166200,50,5,660,320,80,340,85,165,5,0,0,5
877,-47.5,57.5,52,26,0,0.0,0.0,0,0.0,57.5,9,562500.0,40.66828415020455,23.07713059963114,26,52,9,7,52,0,16,-105.0,70.5,-47.5,5.0,7400916,5800.667848,nan,7.400916,nan,7,3024,2024120,14,5372848,52,7,924,448,112,476,119,231,7,0,0,7
878,-47.5,57.5,56,28,0,0.0,0.0,0,0.0,57.5,7,541007.7413358792,39.7464874064076,11.37637492330734,28,56,7,8,56,0,15,-105.0,70.5,-47.5,5.0,8103720,5808.771568,nan,8.10372,nan,8,3240,2313280,16,5786144,56,8,1056,512,128,544,136,264,8,0,0,8
879,-47.5,57.5,50,25,0,0.0,0.0,0,0.0,57.5,8,562500.0,48.11168527358192,33.670315989101134,25,50,8,6,50,0,14,-105.0,70.5,-47.5,5.0,6904544,5815.676112,nan,6.904544,nan,6,2592,1734960,12,5166200,50,6,792,384,96,408,102,198,6,0,0,6
880,-47.5,57.5,50,25,0,0.0,0.0,0,0.0,57.5,6,562500.0,42.838390223093164,31.68437207588645,25,50,6,7,50,0,13,-105.0,70.5,-47.5,5.0,7193692,5822.869804,nan,7.193692,nan,7,2448,2024120,14,5166200,50,7,924,448,112,476,119,231,7,0,0,7
881,-47.5,57.5,48,24,0,0.0,0.0,0,0.0,57.5,8,538413.9619033618,32.92755861504926,12.165787284010666,24,48,8,7,48,0,15,-105.0,70.5,-47.5,5.0,6987404,5829.857208,nan,6.987404,nan,7,2808,2024120,14,4959552,48,7,924,448,112,476,119,231,7,0,0,7
882,-47.5,57.5,48,24,0,0.0,0.0,0,0.0,57.5,7,516221.2379324419,28.368109816729977,7.749434198613814,24,48,7,8,48,0,15,-105.0,70.5,-47.5,5.0,7276696,5837.133904,nan,7.276696,nan,8,2808,2313280,16,4959552,48,8,1056,512,128,544,136,264,8,0,0,8
883,-47.5,57.5,46,23,0,0.0,0.0,0,0.0,57.5,8,562500.0,34.540064883942414,19.03420215946699,23,46,8,6,46,0,14,-105.0,70.5,-47.5,5.0,6491176,5843.62508,nan,6.491176,nan,6,2520,1734960,12,4752904,46,6,792,384,96,408,102,198,6,0,0,6
884,-47.5,57.5,44,22,0,0.0,0.0,0,0.0,57.5,7,562500.0,43.71005305451292,18.56387158217694,22,44,7,6,44,0,13,-105.0,70.5,-47.5,5.0,6284312,5849.909392,nan,6.284312,nan,6,2304,1734960,12,4546256,44,6,792,384,96,408,102,198,6,0,0,6
885,-47.5,57.5,44,22,0,0.0,0.0,0,0.0,57.5,8,562500.0,34.54042635247439,19.036521495404493,22,44,8,6,44,0,14,-105.0,70.5,-47.5,5.0,6284384,5856.193776,nan,6.284384,nan,6,2376,1734960,12,4546256,44,6,792,384,96,408,102,198,6,0,0,6
886,-47.5,57.5,48,24,0,0.0,0.0,0,0.0,57.5,8,542883.5644655605,34.75149399800921,12.751997951184729,24,48,8,7,48,0,15,-105.0,70.5,-47.5,5.0,6987188,5863.180964,nan,6.987188,nan,7,2592,2024120,14,4959552,48,7,924,448,112,476,119,231,7,0,0,7
887,-47.5,57.5,48,24,0,0.0,0.0,0,0.0,57.5,8,562500.0,38.15560552629989,20.32269409328424,24,48,8,7,48,0,15,-105.0,70.5,-47.5,5.0,6987260,5870.168224,nan,6.98726,nan,7,2664,2024120,14,4959552,48,7,924,448,112,476,119,231,7,0,0,7
888,-47.5,57.5,50,25,0,0.0,0.0,0,0.0,57.5,9,562500.0,43.71106843841545,18.56387539687421,25,50,9,6,50,0,15,-105.0,70.5,-47.5,5.0,6904904,5877.073128,nan,6.904904,nan,6,2952,1734960,12,5166200,50,6,792,384,96,408,102,198,6,0,0,6
889,-47.5,57.5,48,24,0,0.0,0.0,0,0.0,57.5,9,562500.0,38.51238823461473,19.036521495404493,24,48,9,7,48,0,16,-105.0,70.5,-47.5,5.0,6987548,5884.060676,nan,6.987548,nan,7,2952,2024120,14,4959552,48,7,924,448,112,476,119,231,7,0,0,7
890,-47.5,57.5,44,22,0,0.0,0.0,0,0.0,57.5,7,562500.0,34.85267086942086,18.56387158217694,22,44,7,6,44,0,13,-105.0,70.5,-47.5,5.0,6284312,5890.344988,nan,6.284312,nan,6,2304,1734960,12,4546256,44,6,792,384,96,408,102,198,6,0,0,6
891,-47.5,57.5,42,21,0,0.0,0.0,0,0.0,57.5,8,562500.0,34.546721715725475,19.036521495404493,21,42,8,6,42,0,14,-105.0,70.5,-47.5,5.0,6077808,5896.422796,nan,6.077808,nan,6,2448,1734960,12,4339608,42,6,792,384,96,408,102,198,6,0,0,6
892,-47.5,57.5,42,21,0,0.0,0.0,0,0.0,57.5,6,535819.9796563046,34.78357995586977,11.383842789952798,21,42,6,7,42,0,13,-105.0,70.5,-47.5,5.0,6366884,5902.78968,nan,6.366884,nan,7,2232,2024120,14,4339608,42,7,924,448,112,476,119,231,7,0,0,7
893,-47.5,57.5,42,21,0,0.0,0.0,0,0.0,57.5,6,562500.0,33.69330927597257,19.036521495404493,21,42,6,7,42,0,13,-105.0,70.5,-47.5,5.0,6366884,5909.156564,nan,6.366884,nan,7,2232,2024120,14,4339608,42,7,924,448,112,476,119,231,7,0,0,7
894,-47.5,57.5,46,23,0,0.0,0.0,0,0.0,57.5,7,562500.0,40.16435399503394,18.56387158217694,23,46,7,7,46,0,14,-105.0,70.5,-47.5,5.0,6780540,5915.937104,nan,6.78054,nan,7,2592,2024120,14,4752904,46,7,924,448,112,476,119,231,7,0,0,7
895,-47.5,57.5,46,23,0,0.0,0.0,0,0.0,57.5,6,562500.0,43.074647150791215,31.21137217990316,23,46,6,6,46,0,12,-105.0,70.5,-47.5,5.0,6490960,5922.428064,nan,6.49096,nan,6,2304,1734960,12,4752904,46,6,792,384,96,408,102,198,6,0,0,6
896,-47.5,57.5,46,23,0,0.0,0.0,0,0.0,57.5,8,562500.0,47.82574281677585,36.39099086660596,23,46,8,6,46,0,14,-105.0,70.5,-47.5,5.0,6491032,5928.919096,nan,6.491032,nan,6,2376,1734960,12,4752904,46,6,792,384,96,408,102,198,6,0,0,6
897,-47.5,57.5,46,23,0,0.0,0.0,0,0.0,57.5,7,562500.0,34.54672077209121,19.036521495404493,23,46,7,6,46,0,13,-105.0,70.5,-47.5,5.0,6491176,5935.410272,nan,6.491176,nan,6,2520,1734960,12,4752904,46,6,792,384,96,408,102,198,6,0,0,6
898,-47.5,57.5,46,23,0,0.0,0.0,0,0.0,57.5,5,562500.0,39.55423078339048,18.56387158217694,23,46,6,7,46,1,13,-105.0,70.5,-47.5,5.0,6780396,5942.190668,nan,6.780396,nan,7,2448,2024120,14,4752904,46,7,924,448,112,476,119,231,7,0,0,7
899,-47.5,57.5,46,23,0,0.0,0.0,0,0.0,57.5,6,562500.0,45.649154358237176,32.356256864455155,23,46,6,6,46,0,12,-105.0,70.5,-47.5,5.0,6490960,5948.681628,nan,6.49096,nan,6,2304,1734960,12,4752904,46,6,792,384,96,408,102,198,6,0,0,6
900,-47.5,57.5,46,23,0,0.0,0.0,0,0.0,57.5,8,562500.0,43.0245945517174,18.165263146326257,23,46,8,6,46,0,14,-105.0,70.5,-47.5,5.0,6491032,5955.17266,nan,6.491032,nan,6,2376,1734960,12,4752904,46,6,792,384,96,408,102,198,6,0,0,6
901,-47.5,57.5,54,27,0,0.0,0.0,0,0.0,57.5,7,562500.0,34.62255001472781,19.036521495404493,27,54,7,6,54,0,13,-105.0,70.5,-47.5,5.0,7318056,5962.490716,nan,7.318056,nan,6,2808,1734960,12,5579496,54,6,792,384,96,408,102,198,6,0,0,6
902,-47.5,57.5,54,27,0,0.0,0.0,0,0.0,57.5,7,501114.03625653934,34.27545038932014,6.263152690151185,27,54,7,7,54,0,14,-105.0,70.5,-47.5,5.0,7607564,5970.09828,nan,7.607564,nan,7,3024,2024120,14,5579496,54,7,924,448,112,476,119,231,7,0,0,7
903,-47.5,57.5,56,28,0,0.0,0.0,0,0.0,57.5,9,562500.0,42.57325359609329,32.573899868840044,28,56,9,5,56,0,14,-105.0,70.5,-47.5,5.0,7235484,5977.333764,nan,7.235484,nan,5,2880,1445800,10,5786144,56,5,660,320,80,340,85,165,5,0,0,5
904,-47.5,57.5,58,29,0,0.0,0.0,0,0.0,57.5,8,462353.5160223137,26.114861937828845,6.14964910840045,29,58,8,9,58,0,17,-105.0,70.5,-47.5,5.0,8599948,5985.933712,nan,8.599948,nan,9,3528,2602440,18,5992792,58,9,1188,576,144,612,153,297,9,0,0,9
905,-47.5,57.5,54,27,0,0.0,0.0,0,0.0,57.5,9,562500.0,46.04355522135582,31.58760792467586,27,54,9,5,54,0,14,-105.0,70.5,-47.5,5.0,7028332,5992.962044,nan,7.028332,nan,5,2376,1445800,10,5579496,54,5,660,320,80,340,85,165,5,0,0,5
906,-47.5,57.5,38,19,0,0.0,0.0,0,0.0,57.5,6,562500.0,47.13265007194776,34.435340749404595,19,38,7,6,38,1,13,-105.0,70.5,-47.5,5.0,5664152,5998.626196,nan,5.664152,nan,6,2088,1734960,12,3926312,38,6,792,384,96,408,102,198,6,0,0,6
907,-47.5,57.5,32,16,0,0.0,0.0,0,0.0,57.5,6,562500.0,36.97172225760203,19.356657894885302,16,32,6,7,32,0,13,-105.0,70.5,-47.5,5.0,5333140,6003.959336,nan,5.33314,nan,7,1728,2024120,14,3306368,32,7,924,448,112,476,119,231,7,0,0,7
908,-47.5,57.5,32,16,0,0.0,0.0,0,0.0,57.5,6,562500.0,55.37488048044678,43.594244551764916,16,32,6,4,32,0,10,-105.0,70.5,-47.5,5.0,4465480,6008.424816,nan,4.46548,nan,4,1944,1156640,8,3306368,32,4,528,256,64,272,68,132,4,0,0,4
909,-47.5,57.5,30,15,0,0.0,0.0,0,0.0,57.5,6,562500.0,52.66859190881907,42.54095822852163,15,30,6,4,30,0,10,-105.0,70.5,-47.5,5.0,4258688,6012.683504,nan,4.258688,nan,4,1800,1156640,8,3099720,30,4,528,256,64,272,68,132,4,0,0,4
910,-47.5,57.5,30,15,0,0.0,0.0,0,0.0,57.5,3,562500.0,61.08294486999512,58.90644836425781,15,30,3,4,30,0,7,-105.0,70.5,-47.5,5.0,4258472,6016.941976,nan,4.258472,nan,4,1584,1156640,8,3099720,30,4,528,256,64,272,68,132,4,0,0,4
911,-47.5,57.5,38,19,0,0.0,0.0,0,0.0,57.5,4,562500.0,42.113099104734516,21.328957844931328,19,38,4,6,38,0,10,-105.0,70.5,-47.5,5.0,5664152,6022.606128,nan,5.664152,nan,6,2088,1734960,12,3926312,38,6,792,384,96,408,102,198,6,0,0,6
912,-47.5,57.5,40,20,0,0.0,0.0,0,0.0,57.5,5,562500.0,33.90383088731845,18.486140915360807,20,40,5,4,40,0,9,-105.0,70.5,-47.5,5.0,5292360,6027.898488,nan,5.29236,nan,4,2232,1156640,8,4132960,40,4,528,256,64,272,68,132,4,0,0,4
913,-47.5,57.5,42,21,0,0.0,0.0,0,0.0,57.5,6,562500.0,34.82123901429263,20.136749591400864,21,42,6,5,42,0,11,-105.0,70.5,-47.5,5.0,5788372,6033.68686,nan,5.788372,nan,5,2304,1445800,10,4339608,42,5,660,320,80,340,85,165,5,0,0,5
914,-47.5,57.5,40,20,0,0.0,0.0,0,0.0,57.5,5,562500.0,47.64415534730017,25.70656607570053,20,40,5,6,40,0,11,-105.0,70.5,-47.5,5.0,5871160,6039.55802,nan,5.87116,nan,6,2448,1734960,12,4132960,40,6,792,384,96,408,102,198,6,0,0,6
915,-47.5,57.5,42,21,0,0.0,0.0,0,0.0,57.5,6,562500.0,46.45015401814967,19.263269340984,21,42,6,6,42,0,12,-105.0,70.5,-47.5,5.0,6077952,6045.635972,nan,6.077952,nan,6,2592,1734960,12,4339608,42,6,792,384,96,408,102,198,6,0,0,6
916,-47.5,57.5,42,21,0,0.0,0.0,0,0.0,57.5,6,562500.0,42.37157193873827,18.965245143947996,21,42,6,6,42,0,12,-105.0,70.5,-47.5,5.0,6077664,6051.713636,nan,6.077664,nan,6,2304,1734960,12,4339608,42,6,792,384,96,408,102,198,6,0,0,6
917,-47.5,57.5,38,19,0,0.0,0.0,0,0.0,57.5,4,562500.0,44.83690082566124,25.96782287615671,19,38,6,6,38,2,12,-105.0,70.5,-47.5,5.0,5664008,6057.377644,nan,5.664008,nan,6,1944,1734960,12,3926312,38,6,792,384,96,408,102,198,6,0,0,6
918,-47.5,57.5,44,22,0,0.0,0.0,0,0.0,57.5,6,562500.0,46.50654902960947,34.60244699155235,22,44,6,6,44,0,12,-105.0,70.5,-47.5,5.0,6284672,6063.662316,nan,6.284672,nan,6,2664,1734960,12,4546256,44,6,792,384,96,408,102,198,6,0,0,6
919,-47.5,57.5,44,22,0,0.0,0.0,0,0.0,57.5,7,562500.0,39.86950259198649,29.484788335657658,22,44,7,5,44,0,12,-105.0,70.5,-47.5,5.0,5995308,6069.657624,nan,5.995308,nan,5,2592,1445800,10,4546256,44,5,660,320,80,340,85,165,5,0,0,5
920,-47.5,57.5,50,25,0,0.0,0.0,0,0.0,57.5,7,562500.0,43.63007635175367,21.693897730008203,25,50,7,5,50,0,12,-105.0,70.5,-47.5,5.0,6615540,6076.273164,nan,6.61554,nan,5,2880,1445800,10,5166200,50,5,660,320,80,340,85,165,5,0,0,5
921,-47.5,57.5,56,28,0,0.0,0.0,0,0.0,57.5,8,562500.0,43.34349098095096,21.85112866624106,28,56,8,4,56,0,12,-105.0,70.5,-47.5,5.0,6946696,6083.21986,nan,6.946696,nan,4,3384,1156640,8,5786144,56,4,528,256,64,272,68,132,4,0,0,4
922,-47.5,57.5,58,29,0,0.0,0.0,0,0.0,57.5,11,562500.0,42.82466523301195,34.39480731880002,29,58,11,4,58,0,15,-105.0,70.5,-47.5,5.0,7153920,6090.37378,nan,7.15392,nan,4,3960,1156640,8,5992792,58,4,528,256,64,272,68,132,4,0,0,4
923,-47.5,57.5,62,31,0,0.0,0.0,0,0.0,57.5,8,562500.0,43.41493484398947,21.469148066466182,31,62,8,5,62,0,13,-105.0,70.5,-47.5,5.0,7856364,6098.230144,nan,7.856364,nan,5,3816,1445800,10,6406088,62,5,660,320,80,340,85,165,5,0,0,5
924,-47.5,57.5,66,33,0,0.0,0.0,0,0.0,57.5,8,562500.0,50.761745544518156,23.74672776325697,33,66,9,6,66,1,15,-105.0,70.5,-47.5,5.0,8558952,6106.789096,nan,8.558952,nan,6,3816,1734960,12,6819384,66,6,792,384,96,408,102,198,6,0,0,6
925,-47.5,57.5,68,34,0,0.0,0.0,0,0.0,57.5,8,562500.0,46.87077488132112,23.606637869968715,34,68,8,6,68,0,14,-105.0,70.5,-47.5,5.0,8765600,6115.554696,nan,8.7656,nan,6,3816,1734960,12,7026032,68,6,792,384,96,408,102,198,6,0,0,6
926,-47.5,57.5,64,32,0,0.0,0.0,0,0.0,57.5,8,562500.0,48.1454719769822,28.11916545356741,32,64,8,5,64,0,13,-105.0,70.5,-47.5,5.0,8062868,6123.617564,nan,8.062868,nan,5,3672,1445800,10,6612736,64,5,660,320,80,340,85,165,5,0,0,5
927,-47.5,57.5,64,32,0,0.0,0.0,0,0.0,57.5,8,562500.0,47.72309042256555,23.47251638189594,32,64,8,6,64,0,14,-105.0,70.5,-47.5,5.0,8352448,6131.970012,nan,8.352448,nan,6,3960,1734960,12,6612736,64,6,792,384,96,408,102,198,6,0,0,6
928,-47.5,57.5,64,32,0,0.0,0.0,0,0.0,57.5,7,562500.0,38.58680500258309,19.610212651231585,32,64,7,6,64,0,13,-105.0,70.5,-47.5,5.0,8351944,6140.321956,nan,8.351944,nan,6,3456,1734960,12,6612736,64,6,792,384,96,408,102,198,6,0,0,6
929,-47.5,57.5,64,32,0,0.0,0.0,0,0.0,57.5,6,562500.0,58.40086083795406,50.973989833080694,32,64,6,5,64,0,11,-105.0,70.5,-47.5,5.0,8062652,6148.384608,nan,8.062652,nan,5,3456,1445800,10,6612736,64,5,660,320,80,340,85,165,5,0,0,5
930,-47.5,57.5,66,33,0,0.0,0.0,0,0.0,57.5,6,487403.9501005318,34.27964137228535,5.093646968375815,33,66,6,6,66,0,12,-105.0,70.5,-47.5,5.0,8559024,6156.943632,nan,8.559024,nan,6,3888,1734960,12,6819384,66,6,792,384,96,408,102,198,6,0,0,6
931,-47.5,57.5,70,35,0,0.0,0.0,0,0.0,57.5,6,510497.89812011836,36.616203288972095,6.617262615078275,35,70,6,6,70,0,12,-105.0,70.5,-47.5,5.0,8972176,6165.915808,nan,8.972176,nan,6,3744,1734960,12,7232680,70,6,792,384,96,408,102,198,6,0,0,6
932,-47.5,57.5,68,34,0,0.0,0.0,0,0.0,57.5,6,453549.57248013606,35.25442054898982,5.0005988726726915,34,68,6,6,68,0,12,-105.0,70.5,-47.5,5.0,8765456,6174.681264,nan,8.765456,nan,6,3672,1734960,12,7026032,68,6,792,384,96,408,102,198,6,0,0,6
933,-47.5,57.5,70,35,0,0.0,0.0,0,0.0,57.5,9,463196.1865172614,31.05869071461838,5.237612341235662,35,70,9,6,70,0,15,-105.0,70.5,-47.5,5.0,8973112,6183.654376,nan,8.973112,nan,6,4680,1734960,12,7232680,70,6,792,384,96,408,102,198,6,0,0,6
934,-47.5,57.5,68,34,0,0.0,0.0,0,0.0,57.5,8,472447.49985739385,43.00003418931573,6.762127400889916,34,68,8,6,68,0,14,-105.0,70.5,-47.5,5.0,8765600,6192.419976,nan,8.7656,nan,6,3816,1734960,12,7026032,68,6,792,384,96,408,102,198,6,0,0,6
935,-47.5,57.5,70,35,0,0.0,0.0,0,0.0,57.5,7,562500.0,37.67807480872624,18.29532249065209,35,70,7,5,70,0,12,-105.0,70.5,-47.5,5.0,8682596,6201.102572,nan,8.682596,nan,5,3456,1445800,10,7232680,70,5,660,320,80,340,85,165,5,0,0,5
936,-47.5,57.5,70,35,0,0.0,0.0,0,0.0,57.5,9,562500.0,45.966315250139154,33.04282744229192,35,70,9,5,70,0,14,-105.0,70.5,-47.5,5.0,8683748,6209.78632,nan,8.683748,nan,5,4608,1445800,10,7232680,70,5,660,320,80,340,85,165,5,0,0,5
937,-47.5,57.5,68,34,0,0.0,0.0,0,0.0,57.5,9,562500.0,48.77441683144765,34.6291076126644,34,68,9,5,68,0,14,-105.0,70.5,-47.5,5.0,8477244,6218.263564,nan,8.477244,nan,5,4752,1445800,10,7026032,68,5,660,320,80,340,85,165,5,0,0,5
938,-47.5,57.5,72,36,0,0.0,0.0,0,0.0,57.5,8,562500.0,46.58403548738954,17.995176385541814,36,72,8,6,72,0,14,-105.0,70.5,-47.5,5.0,9179328,6227.442892,nan,9.179328,nan,6,4248,1734960,12,7439328,72,6,792,384,96,408,102,198,6,0,0,6
939,-47.5,57.5,78,39,0,0.0,0.0,0,0.0,57.5,6,562500.0,39.67284330858353,18.59513099567915,39,78,6,6,78,0,12,-105.0,70.5,-47.5,5.0,9799416,6237.242308,nan,9.799416,nan,6,4392,1734960,12,8059272,78,6,792,384,96,408,102,198,6,0,0,6
940,-47.5,57.5,80,40,0,0.0,0.0,0,0.0,57.5,7,562500.0,45.086042925942536,28.349679645819457,40,80,7,6,80,0,13,-105.0,70.5,-47.5,5.0,10005920,6247.248228,nan,10.00592,nan,6,4248,1734960,12,8265920,80,6,792,384,96,408,102,198,6,0,0,6
941,-47.5,57.5,88,44,0,0.0,0.0,0,0.0,57.5,7,562500.0,43.6423683323291,24.678573071913608,44,88,7,5,88,0,12,-105.0,70.5,-47.5,5.0,10543508,6257.791736,nan,10.543508,nan,5,4536,1445800,10,9092512,88,5,660,320,80,340,85,165,5,0,0,5
942,-47.5,57.5,94,47,0,0.0,0.0,0,0.0,57.5,10,562500.0,60.509434371964176,47.43257103651569,47,94,10,4,94,0,14,-105.0,70.5,-47.5,5.0,10875312,6268.667048,nan,10.875312,nan,4,5688,1156640,8,9712456,94,4,528,256,64,272,68,132,4,0,0,4
943,-47.5,57.5,96,48,0,0.0,0.0,0,0.0,57.5,7,562500.0,58.273255340174956,34.6291076126644,48,96,7,5,96,0,12,-105.0,70.5,-47.5,5.0,11371612,6280.03866,nan,11.371612,nan,5,6048,1445800,10,9919104,96,5,660,320,80,340,85,165,5,0,0,5
944,-47.5,57.5,96,48,0,0.0,0.0,0,0.0,57.5,8,562500.0,61.01622357942267,47.43257103651569,48,96,8,4,96,0,12,-105.0,70.5,-47.5,5.0,11081456,6291.120116,nan,11.081456,nan,4,5184,1156640,8,9919104,96,4,528,256,64,272,68,132,4,0,0,4
945,-47.5,57.5,96,48,0,0.0,0.0,0,0.0,57.5,7,562500.0,56.461565246584,34.6291076126644,48,96,7,4,96,0,11,-105.0,70.5,-47.5,5.0,11081816,6302.201932,nan,11.081816,nan,4,5544,1156640,8,9919104,96,4,528,256,64,272,68,132,4,0,0,4
946,-47.5,57.5,94,47,0,0.0,0.0,0,0.0,57.5,11,562500.0,59.51371374327472,44.747491719533826,47,94,11,5,94,0,16,-105.0,70.5,-47.5,5.0,11164820,6313.366752,nan,11.16482,nan,5,5904,1445800,10,9712456,94,5,660,320,80,340,85,165,5,0,0,5
947,-47.5,57.5,104,52,0,0.0,0.0,0,0.0,57.5,10,562500.0,46.462180221058894,31.74370031692377,52,104,10,5,104,0,15,-105.0,70.5,-47.5,5.0,12198708,6325.56546,nan,12.198708,nan,5,6552,1445800,10,10745696,104,5,660,320,80,340,85,165,5,0,0,5
948,-47.5,57.5,96,48,0,0.0,0.0,0,0.0,57.5,7,532250.501963281,45.705266980114914,10.028651435178073,48,96,8,6,96,1,14,-105.0,70.5,-47.5,5.0,11660544,6337.226004,nan,11.660544,nan,6,5688,1734960,12,9919104,96,6,792,384,96,408,102,198,6,0,0,6
949,-47.5,57.5,90,45,0,0.0,0.0,0,0.0,57.5,9,562500.0,45.07943740703658,31.45904116901128,45,90,9,5,90,0,14,-105.0,70.5,-47.5,5.0,10750660,6347.976664,nan,10.75066,nan,5,5040,1445800,10,9299160,90,5,660,320,80,340,85,165,5,0,0,5
950,-47.5,57.5,86,43,0,0.0,0.0,0,0.0,57.5,11,562500.0,42.34929809364479,22.536502618591115,43,86,11,5,86,0,16,-105.0,70.5,-47.5,5.0,10337652,6358.314316,nan,10.337652,nan,5,5328,1445800,10,8885864,86,5,660,320,80,340,85,165,5,0,0,5
951,-47.5,57.5,72,36,0,0.0,0.0,0,0.0,57.5,12,562500.0,55.22691948646917,32.14086179270836,36,72,12,5,72,0,17,-105.0,70.5,-47.5,5.0,8890612,6367.204928,nan,8.890612,nan,5,4824,1445800,10,7439328,72,5,660,320,80,340,85,165,5,0,0,5
952,-47.5,57.5,70,35,0,0.0,0.0,0,0.0,57.5,8,540634.4839130081,33.773036198941966,12.489287259281953,35,70,8,7,70,0,15,-105.0,70.5,-47.5,5.0,9262116,6376.467044,nan,9.262116,nan,7,4392,2024120,14,7232680,70,7,924,448,112,476,119,231,7,0,0,7
953,-47.5,57.5,64,32,0,0.0,0.0,0,0.0,57.5,9,562500.0,43.13801649280916,22.236019021864138,32,64,9,6,64,0,15,-105.0,70.5,-47.5,5.0,8352088,6384.819132,nan,8.352088,nan,6,3600,1734960,12,6612736,64,6,792,384,96,408,102,198,6,0,0,6
954,-47.5,57.5,50,25,0,0.0,0.0,0,0.0,57.5,6,560785.7485067858,49.481199424055355,17.433636576626977,25,50,6,5,50,0,11,-105.0,70.5,-47.5,5.0,6615396,6391.434528,nan,6.615396,nan,5,2736,1445800,10,5166200,50,5,660,320,80,340,85,165,5,0,0,5
955,-47.5,57.5,52,26,0,0.0,0.0,0,0.0,57.5,5,562500.0,50.27660523942511,24.224640442597565,26,52,5,5,52,0,10,-105.0,70.5,-47.5,5.0,6821900,6398.256428,nan,6.8219,nan,5,2592,1445800,10,5372848,52,5,660,320,80,340,85,165,5,0,0,5
956,-47.5,57.5,52,26,0,0.0,0.0,0,0.0,57.5,9,562500.0,44.828528439186066,34.40689183680587,26,52,9,5,52,0,14,-105.0,70.5,-47.5,5.0,6822692,6405.07912,nan,6.822692,nan,5,3384,1445800,10,5372848,52,5,660,320,80,340,85,165,5,0,0,5
957,-47.5,57.5,48,24,0,0.0,0.0,0,0.0,57.5,10,562500.0,40.405439613037686,20.258606314601867,24,48,10,5,48,0,15,-105.0,70.5,-47.5,5.0,6409324,6411.488444,nan,6.409324,nan,5,3312,1445800,10,4959552,48,5,660,320,80,340,85,165,5,0,0,5
958,-47.5,57.5,46,23,0,0.0,0.0,0,0.0,57.5,9,562500.0,45.49860580938674,33.70007305609647,23,46,9,5,46,0,14,-105.0,70.5,-47.5,5.0,6202388,6417.690832,nan,6.202388,nan,5,3024,1445800,10,4752904,46,5,660,320,80,340,85,165,5,0,0,5
959,-47.5,57.5,26,13,0,0.0,0.0,0,0.0,57.5,6,562500.0,51.352623056295755,37.6319938957168,13,26,6,3,26,0,9,-105.0,70.5,-47.5,5.0,3555812,6421.246644,nan,3.555812,nan,3,1512,867480,6,2686424,26,3,396,192,48,204,51,99,3,0,0,3
960,-47.5,57.5,30,15,0,0.0,0.0,0,0.0,57.5,7,562500.0,49.55654905275449,36.24140723592102,15,30,7,4,30,0,11,-105.0,70.5,-47.5,5.0,4258976,6425.50562,nan,4.258976,nan,4,2088,1156640,8,3099720,30,4,528,256,64,272,68,132,4,0,0,4
961,-47.5,57.5,36,18,0,0.0,0.0,0,0.0,57.5,7,562500.0,41.09351800945733,21.95440860934419,18,36,7,6,36,0,13,-105.0,70.5,-47.5,5.0,5457648,6430.963268,nan,5.457648,nan,6,2232,1734960,12,3719664,36,6,792,384,96,408,102,198,6,0,0,6
962,-47.5,57.5,38,19,0,0.0,0.0,0,0.0,57.5,6,562500.0,46.66503661637779,30.905419722497673,19,38,6,6,38,0,12,-105.0,70.5,-47.5,5.0,5664296,6436.627564,nan,5.664296,nan,6,2232,1734960,12,3926312,38,6,792,384,96,408,102,198,6,0,0,6
963,-47.5,57.5,52,26,0,0.0,0.0,0,0.0,57.5,7,562500.0,48.20355894827194,38.007376657543126,26,52,7,6,52,0,13,-105.0,70.5,-47.5,5.0,7111408,6443.738972,nan,7.111408,nan,6,2808,1734960,12,5372848,52,6,792,384,96,408,102,198,6,0,0,6
964,-47.5,57.5,54,27,0,0.0,0.0,0,0.0,57.5,7,562500.0,41.09340731335124,22.945991984859596,27,54,7,7,54,0,14,-105.0,70.5,-47.5,5.0,7607564,6451.346536,nan,7.607564,nan,7,3024,2024120,14,5579496,54,7,924,448,112,476,119,231,7,0,0,7
965,-47.5,57.5,58,29,0,0.0,0.0,0,0.0,57.5,9,562500.0,45.38886883194862,38.17931363802838,29,58,9,5,58,0,14,-105.0,70.5,-47.5,5.0,7442348,6458.788884,nan,7.442348,nan,5,3096,1445800,10,5992792,58,5,660,320,80,340,85,165,5,0,0,5
966,-47.5,57.5,46,23,0,0.0,0.0,0,0.0,57.5,6,562500.0,44.053827857429255,29.59820496782175,23,46,6,7,46,0,13,-105.0,70.5,-47.5,5.0,6780396,6465.56928,nan,6.780396,nan,7,2448,2024120,14,4752904,46,7,924,448,112,476,119,231,7,0,0,7
967,-47.5,57.5,44,22,0,0.0,0.0,0,0.0,57.5,7,562500.0,36.10810020082984,19.78525801414419,22,44,7,5,44,0,12,-105.0,70.5,-47.5,5.0,5994948,6471.564228,nan,5.994948,nan,5,2232,1445800,10,4546256,44,5,660,320,80,340,85,165,5,0,0,5
968,-47.5,57.5,44,22,0,0.0,0.0,0,0.0,57.5,12,562500.0,40.505097248428406,32.46416885381541,22,44,12,6,44,0,18,-105.0,70.5,-47.5,5.0,6284888,6477.849116,nan,6.284888,nan,6,2880,1734960,12,4546256,44,6,792,384,96,408,102,198,6,0,0,6
969,-47.5,57.5,42,21,0,0.0,0.0,0,0.0,57.5,8,562500.0,41.1386249406792,19.02060500267777,21,42,8,6,42,0,14,-105.0,70.5,-47.5,5.0,6077592,6483.926708,nan,6.077592,nan,6,2232,1734960,12,4339608,42,6,792,384,96,408,102,198,6,0,0,6
970,-47.5,57.5,42,21,0,0.0,0.0,0,0.0,57.5,8,562500.0,33.11218078108215,18.143702727790956,21,42,8,7,42,0,15,-105.0,70.5,-47.5,5.0,6367028,6490.293736,nan,6.367028,nan,7,2376,2024120,14,4339608,42,7,924,448,112,476,119,231,7,0,0,7
971,-47.5,57.5,42,21,0,0.0,0.0,0,0.0,57.5,6,562500.0,46.03459156902727,25.359596315663083,21,42,6,7,42,0,13,-105.0,70.5,-47.5,5.0,6366956,6496.660692,nan,6.366956,nan,7,2304,2024120,14,4339608,42,7,924,448,112,476,119,231,7,0,0,7
972,-47.5,57.5,40,20,0,0.0,0.0,0,0.0,57.5,6,562500.0,43.65590839122416,24.682101618472473,20,40,6,6,40,0,12,-105.0,70.5,-47.5,5.0,5870656,6502.531348,nan,5.870656,nan,6,1944,1734960,12,4132960,40,6,792,384,96,408,102,198,6,0,0,6
973,-47.5,57.5,40,20,0,0.0,0.0,0,0.0,57.5,7,562500.0,27.537122536843146,18.779871603742333,20,40,7,6,40,0,13,-105.0,70.5,-47.5,5.0,5871088,6508.402436,nan,5.871088,nan,6,2376,1734960,12,4132960,40,6,792,384,96,408,102,198,6,0,0,6
974,-47.5,57.5,44,22,0,0.0,0.0,0,0.0,57.5,9,562500.0,39.77949403593259,18.986354763175232,22,44,9,6,44,0,15,-105.0,70.5,-47.5,5.0,6284456,6514.686892,nan,6.284456,nan,6,2448,1734960,12,4546256,44,6,792,384,96,408,102,198,6,0,0,6
975,-47.5,57.5,40,20,0,0.0,0.0,0,0.0,57.5,6,562500.0,24.48963992792156,18.986354763175232,20,40,6,6,40,0,12,-105.0,70.5,-47.5,5.0,5870800,6520.557692,nan,5.8708,nan,6,2088,1734960,12,4132960,40,6,792,384,96,408,102,198,6,0,0,6
976,-47.5,57.5,40,20,0,0.0,0.0,0,0.0,57.5,6,562500.0,37.69808118874118,18.387711895492163,20,40,6,7,40,0,13,-105.0,70.5,-47.5,5.0,6160092,6526.717784,nan,6.160092,nan,7,2088,2024120,14,4132960,40,7,924,448,112,476,119,231,7,0,0,7
977,-47.5,57.5,40,20,0,0.0,0.0,0,0.0,57.5,5,562500.0,46.33098634686036,20.83650828312383,20,40,5,6,40,0,11,-105.0,70.5,-47.5,5.0,5870800,6532.588584,nan,5.8708,nan,6,2088,1734960,12,4132960,40,6,792,384,96,408,102,198,6,0,0,6
978,-47.5,57.5,40,20,0,0.0,0.0,0,0.0,57.5,8,562500.0,32.812366459330356,18.77987469020379,20,40,8,6,40,0,14,-105.0,70.5,-47.5,5.0,5870944,6538.459528,nan,5.870944,nan,6,2232,1734960,12,4132960,40,6,792,384,96,408,102,198,6,0,0,6
979,-47.5,57.5,38,19,0,0.0,0.0,0,0.0,57.5,7,562500.0,36.386782295163194,18.77987469020379,19,38,7,6,38,0,13,-105.0,70.5,-47.5,5.0,5664224,6544.123752,nan,5.664224,nan,6,2160,1734960,12,3926312,38,6,792,384,96,408,102,198,6,0,0,6
980,-47.5,57.5,34,17,0,0.0,0.0,0,0.0,57.5,9,562500.0,32.81236620212523,18.779871603742333,17,34,9,6,34,0,15,-105.0,70.5,-47.5,5.0,5250712,6549.374464,nan,5.250712,nan,6,1944,1734960,12,3513016,34,6,792,384,96,408,102,198,6,0,0,6
981,-47.5,57.5,34,17,0,0.0,0.0,0,0.0,57.5,7,562500.0,27.530582920337093,18.779871603742333,17,34,7,6,34,0,13,-105.0,70.5,-47.5,5.0,5250640,6554.625104,nan,5.25064,nan,6,1872,1734960,12,3513016,34,6,792,384,96,408,102,198,6,0,0,6
982,-47.5,57.5,38,19,0,0.0,0.0,0,0.0,57.5,6,530772.0698452641,24.73403670627832,7.523898967391505,19,38,6,9,38,0,15,-105.0,70.5,-47.5,5.0,6532100,6561.157204,nan,6.5321,nan,9,2160,2602440,18,3926312,38,9,1188,576,144,612,153,297,9,0,0,9
983,-47.5,57.5,42,21,0,0.0,0.0,0,0.0,57.5,7,562500.0,23.329951387759106,18.77987469020379,21,42,7,6,42,0,13,-105.0,70.5,-47.5,5.0,6077592,6567.234796,nan,6.077592,nan,6,2232,1734960,12,4339608,42,6,792,384,96,408,102,198,6,0,0,6
984,-47.5,57.5,42,21,0,0.0,0.0,0,0.0,57.5,9,562500.0,38.742841749992635,18.77987469020379,21,42,9,7,42,0,16,-105.0,70.5,-47.5,5.0,6367244,6573.60204,nan,6.367244,nan,7,2592,2024120,14,4339608,42,7,924,448,112,476,119,231,7,0,0,7
985,-47.5,57.5,46,23,0,0.0,0.0,0,0.0,57.5,8,562500.0,37.49642107069902,19.42241890711272,23,46,8,6,46,0,14,-105.0,70.5,-47.5,5.0,6491104,6580.093144,nan,6.491104,nan,6,2448,1734960,12,4752904,46,6,792,384,96,408,102,198,6,0,0,6
986,-47.5,57.5,46,23,0,0.0,0.0,0,0.0,57.5,9,562500.0,42.828553437083436,20.289117355006997,23,46,9,6,46,0,15,-105.0,70.5,-47.5,5.0,6491104,6586.584248,nan,6.491104,nan,6,2448,1734960,12,4752904,46,6,792,384,96,408,102,198,6,0,0,6
987,-47.5,57.5,46,23,0,0.0,0.0,0,0.0,57.5,9,562500.0,42.18497757048291,31.930085262956162,23,46,9,6,46,0,15,-105.0,70.5,-47.5,5.0,6491320,6593.075568,nan,6.49132,nan,6,2664,1734960,12,4752904,46,6,792,384,96,408,102,198,6,0,0,6
988,-47.5,57.5,46,23,0,0.0,0.0,0,0.0,57.5,9,562500.0,42.41903646488592,18.986354763175232,23,46,9,6,46,0,15,-105.0,70.5,-47.5,5.0,6491104,6599.566672,nan,6.491104,nan,6,2448,1734960,12,4752904,46,6,792,384,96,408,102,198,6,0,0,6
989,-47.5,57.5,46,23,0,0.0,0.0,0,0.0,57.5,9,562500.0,42.25408998389986,19.479484775725503,23,46,9,6,46,0,15,-105.0,70.5,-47.5,5.0,6491320,6606.057992,nan,6.49132,nan,6,2664,1734960,12,4752904,46,6,792,384,96,408,102,198,6,0,0,6
990,-47.5,57.5,48,24,0,0.0,0.0,0,0.0,57.5,10,562500.0,34.04366696344213,18.794618331171836,24,48,10,7,48,0,17,-105.0,70.5,-47.5,5.0,6987548,6613.04554,nan,6.987548,nan,7,2952,2024120,14,4959552,48,7,924,448,112,476,119,231,7,0,0,7
991,-47.5,57.5,58,29,0,0.0,0.0,0,0.0,57.5,8,562500.0,42.78059414186911,29.27117852495757,29,58,8,5,58,0,13,-105.0,70.5,-47.5,5.0,7442060,6620.4876,nan,7.44206,nan,5,2808,1445800,10,5992792,58,5,660,320,80,340,85,165,5,0,0,5
992,-47.5,57.5,56,28,0,0.0,0.0,0,0.0,57.5,10,562500.0,40.15782732269275,30.847646412854207,28,56,10,6,56,0,16,-105.0,70.5,-47.5,5.0,7525208,6628.012808,nan,7.525208,nan,6,3312,1734960,12,5786144,56,6,792,384,96,408,102,198,6,0,0,6
993,-47.5,57.5,58,29,0,0.0,0.0,0,0.0,57.5,8,562500.0,46.75880317288035,40.154706742335065,29,58,8,7,58,0,15,-105.0,70.5,-47.5,5.0,8020788,6636.033596,nan,8.020788,nan,7,2952,2024120,14,5992792,58,7,924,448,112,476,119,231,7,0,0,7
994,-47.5,57.5,56,28,0,0.0,0.0,0,0.0,57.5,10,562500.0,40.852011969487215,21.619776712278348,28,56,10,6,56,0,16,-105.0,70.5,-47.5,5.0,7525208,6643.558804,nan,7.525208,nan,6,3312,1734960,12,5786144,56,6,792,384,96,408,102,198,6,0,0,6
995,-47.5,57.5,56,28,0,0.0,0.0,0,0.0,57.5,10,562500.0,48.92849709122252,38.92778316510689,28,56,10,6,56,0,16,-105.0,70.5,-47.5,5.0,7525136,6651.08394,nan,7.525136,nan,6,3240,1734960,12,5786144,56,6,792,384,96,408,102,198,6,0,0,6
996,-47.5,57.5,38,19,0,0.0,0.0,0,0.0,57.5,10,562500.0,52.80226924552642,43.35030457854377,19,38,10,6,38,0,16,-105.0,70.5,-47.5,5.0,5664728,6656.748668,nan,5.664728,nan,6,2664,1734960,12,3926312,38,6,792,384,96,408,102,198,6,0,0,6
997,-47.5,57.5,32,16,0,0.0,0.0,0,0.0,57.5,5,562500.0,42.60074665057942,29.06776082176635,16,32,5,7,32,0,12,-105.0,70.5,-47.5,5.0,5332996,6662.081664,nan,5.332996,nan,7,1584,2024120,14,3306368,32,7,924,448,112,476,119,231,7,0,0,7
998,-47.5,57.5,32,16,0,0.0,0.0,0,0.0,57.5,7,562500.0,46.14990626774353,40.82138298265153,16,32,7,5,32,0,12,-105.0,70.5,-47.5,5.0,4754484,6666.836148,nan,4.754484,nan,5,1656,1445800,10,3306368,32,5,660,320,80,340,85,165,5,0,0,5
999,-47.5,57.5,32,16,0,0.0,0.0,0,0.0,57.5,6,562500.0,47.15531028251687,29.316556026029588,16,32,6,6,32,0,12,-105.0,70.5,-47.5,5.0,5044064,6671.880212,nan,5.044064,nan,6,1944,1734960,12,3306368,32,6,792,384,96,408,102,198,6,0,0,6
1000,-47.5,57.5,26,13,0,0.0,0.0,0,0.0,57.5,6,562500.0,29.080397598129956,19.576475292786707,13,26,6,5,26,0,11,-105.0,70.5,-47.5,5.0,4134324,6676.014536,nan,4.134324,nan,5,1440,1445800,10,2686424,26,5,660,320,80,340,85,165,5,0,0,5
