step,contact_threshold_rx_power_dbm,contact_threshold_snr_db,feasible_contact_decisions,feasible_contact_pairs,greedy_comm_bytes,greedy_comm_cumulative_mb,greedy_comm_mb,greedy_events,local_policy_initial_pull_probability,model_transfer_snr_min_db,network_half_duplex_rejections,network_mean_direction_capacity_bytes,network_mean_sinr_db,network_min_sinr_db,network_raw_contact_pairs,network_raw_directed_candidates,network_rejected_transfers,network_scheduled_transfers,network_shortlisted_directed_candidates,network_sinr_or_airtime_rejections,network_transfer_proposals,noise_floor_dbm,propagation_loss_contact_threshold_db,rssi_gossip_threshold_dbm,snr_min_db,t2_b0_comm_bytes,t2_b0_comm_cumulative_mb,t2_b0_comm_cumulative_vs_greedy_ratio,t2_b0_comm_mb,t2_b0_comm_vs_greedy_ratio,t2_b0_events,t2_b0_metadata_bytes,t2_b0_model_bytes,t2_b0_model_messages,t2_b0_policy_bytes,t2_b0_policy_messages,t2_b0_pull_events,t2_b0_scalar_bytes,t2_b0_scalar_control_bytes,t2_b0_scalar_control_messages,t2_b0_scalar_loss_bytes,t2_b0_scalar_loss_messages,t2_b0_scalar_messages,t2_b0_selected_providers,t2_b0_training_sample_bytes,t2_b0_training_sample_messages,t2_b0_valid_pull_events
1,-47.5,57.5,0,0,0,0.0,0.0,0,0.0,57.5,,,,,0,,,0,0,,0,-105.0,70.5,-47.5,5.0,0,0.0,nan,0.0,nan,0,0,0,0,0,0,0,0,0,0,0,0,0,0,0,0,0
2,-47.5,57.5,4,2,0,0.0,0.0,0,0.0,57.5,2,562500.0,19.51061865854021,19.381058728309746,2,4,2,2,4,0,4,-105.0,70.5,-47.5,5.0,578584,0.578584,nan,0.578584,nan,2,0,578320,4,0,0,2,264,128,32,136,34,66,2,0,0,2
3,-47.5,57.5,14,7,0,0.0,0.0,0,0.0,57.5,7,562500.0,33.55560018078596,18.407905596941493,7,14,7,7,14,0,14,-105.0,70.5,-47.5,5.0,2025044,2.603628,nan,2.025044,nan,7,0,2024120,14,0,0,7,924,448,112,476,119,231,7,0,0,7
4,-47.5,57.5,40,20,0,0.0,0.0,0,0.0,57.5,14,562500.0,38.88938541849873,20.226163494692415,20,40,14,10,40,0,24,-105.0,70.5,-47.5,5.0,2892920,5.496548,nan,2.89292,nan,10,0,2891600,20,0,0,10,1320,640,160,680,170,330,10,0,0,10
5,-47.5,57.5,52,26,0,0.0,0.0,0,0.0,57.5,18,562500.0,40.33699727461457,18.06198705260026,26,52,18,12,52,0,30,-105.0,70.5,-47.5,5.0,3471504,8.968052,nan,3.471504,nan,12,0,3469920,24,0,0,12,1584,768,192,816,204,396,12,0,0,12
6,-47.5,57.5,70,35,0,0.0,0.0,0,0.0,57.5,20,514500.27776283695,30.420423295131698,7.900130330552395,35,70,20,12,70,0,32,-105.0,70.5,-47.5,5.0,3471504,12.439556,nan,3.471504,nan,12,0,3469920,24,0,0,12,1584,768,192,816,204,396,12,0,0,12
7,-47.5,57.5,76,38,0,0.0,0.0,0,0.0,57.5,22,562500.0,33.10569874168553,20.675579891730198,38,76,22,13,76,0,35,-105.0,70.5,-47.5,5.0,3760796,16.200352,nan,3.760796,nan,13,0,3759080,26,0,0,13,1716,832,208,884,221,429,13,0,0,13
8,-47.5,57.5,86,43,0,0.0,0.0,0,0.0,57.5,21,525117.3544055955,27.93067688874324,6.9981954613894635,43,86,21,13,86,0,34,-105.0,70.5,-47.5,5.0,3760796,19.961148,nan,3.760796,nan,13,0,3759080,26,0,0,13,1716,832,208,884,221,429,13,0,0,13
9,-47.5,57.5,98,49,0,0.0,0.0,0,0.0,57.5,22,539946.6839911104,29.544246043462692,9.499687700502236,49,98,22,13,98,0,35,-105.0,70.5,-47.5,5.0,3760796,23.721944,nan,3.760796,nan,13,0,3759080,26,0,0,13,1716,832,208,884,221,429,13,0,0,13
10,-47.5,57.5,100,50,0,0.0,0.0,0,0.0,57.5,22,482497.81097630964,20.754700883254557,8.082787178335899,50,100,22,15,100,0,37,-105.0,70.5,-47.5,5.0,4339380,28.061324,nan,4.33938,nan,15,0,4337400,30,0,0,15,1980,960,240,1020,255,495,15,0,0,15
11,-47.5,57.5,138,69,0,0.0,0.0,0,0.0,57.5,22,475617.8394791513,21.38686991030619,5.7919440813164,69,138,23,15,138,1,38,-105.0,70.5,-47.5,5.0,4339380,32.400704,nan,4.33938,nan,15,0,4337400,30,0,0,15,1980,960,240,1020,255,495,15,0,0,15
12,-47.5,57.5,152,76,0,0.0,0.0,0,0.0,57.5,21,487930.89814628,20.412535939199973,5.670574146500192,76,152,23,15,152,2,38,-105.0,70.5,-47.5,5.0,4339380,36.740084,nan,4.33938,nan,15,0,4337400,30,0,0,15,1980,960,240,1020,255,495,15,0,0,15
13,-47.5,57.5,158,79,0,0.0,0.0,0,0.0,57.5,25,506609.30182008096,22.435317670509868,9.344362978543305,79,158,26,13,158,1,39,-105.0,70.5,-47.5,5.0,3760796,40.50088,nan,3.760796,nan,13,0,3759080,26,0,0,13,1716,832,208,884,221,429,13,0,0,13
14,-47.5,57.5,174,87,0,0.0,0.0,0,0.0,57.5,26,481575.38248424616,21.07520550942426,5.576663178030417,87,174,26,13,174,0,39,-105.0,70.5,-47.5,5.0,3760796,44.261676,nan,3.760796,nan,13,0,3759080,26,0,0,13,1716,832,208,884,221,429,13,0,0,13
15,-47.5,57.5,158,79,0,0.0,0.0,0,0.0,57.5,24,473046.5698756102,17.166024480177796,7.4917317390874345,79,158,25,14,158,1,39,-105.0,70.5,-47.5,5.0,4050088,48.311764,nan,4.050088,nan,14,0,4048240,28,0,0,14,1848,896,224,952,238,462,14,0,0,14
16,-47.5,57.5,154,77,0,0.0,0.0,0,0.0,57.5,21,488425.4782163004,20.032462622181498,5.5917879935216614,77,154,24,14,154,3,38,-105.0,70.5,-47.5,5.0,4050088,52.361852,nan,4.050088,nan,14,0,4048240,28,0,0,14,1848,896,224,952,238,462,14,0,0,14
17,-47.5,57.5,154,77,0,0.0,0.0,0,0.0,57.5,23,485088.0436972389,18.808200185050698,6.266945441960389,77,154,25,13,154,2,38,-105.0,70.5,-47.5,5.0,3760796,56.122648,nan,3.760796,nan,13,0,3759080,26,0,0,13,1716,832,208,884,221,429,13,0,0,13
18,-47.5,57.5,146,73,0,0.0,0.0,0,0.0,57.5,25,492726.89037414495,21.94885327721817,5.808301672898011,73,146,25,13,146,0,38,-105.0,70.5,-47.5,5.0,3760796,59.883444,nan,3.760796,nan,13,0,3759080,26,0,0,13,1716,832,208,884,221,429,13,0,0,13
19,-47.5,57.5,144,72,0,0.0,0.0,0,0.0,57.5,22,482902.9619912592,18.05369692370329,7.340113201211894,72,144,22,15,144,0,37,-105.0,70.5,-47.5,5.0,4339380,64.222824,nan,4.33938,nan,15,0,4337400,30,0,0,15,1980,960,240,1020,255,495,15,0,0,15
20,-47.5,57.5,150,75,0,0.0,0.0,0,0.0,57.5,24,477038.60169620026,19.27603256532743,7.8284062594466794,75,150,24,14,150,0,38,-105.0,70.5,-47.5,5.0,4050088,68.272912,nan,4.050088,nan,14,0,4048240,28,0,0,14,1848,896,224,952,238,462,14,0,0,14
21,-47.5,57.5,150,75,0,0.0,0.0,0,0.0,57.5,23,502677.18756448274,21.00638875292658,8.934444559147765,75,150,25,12,150,2,37,-105.0,70.5,-47.5,5.0,3471504,71.744416,nan,3.471504,nan,12,0,3469920,24,0,0,12,1584,768,192,816,204,396,12,0,0,12
22,-47.5,57.5,154,77,0,0.0,0.0,0,0.0,57.5,23,455880.7578485743,15.576751315630094,6.566554557503524,77,154,24,14,154,1,38,-105.0,70.5,-47.5,5.0,4050088,75.794504,nan,4.050088,nan,14,0,4048240,28,0,0,14,1848,896,224,952,238,462,14,0,0,14
23,-47.5,57.5,146,73,0,0.0,0.0,0,0.0,57.5,22,494972.776024463,18.935793534678343,9.224486286894043,73,146,24,13,146,2,37,-105.0,70.5,-47.5,5.0,3760796,79.5553,nan,3.760796,nan,13,0,3759080,26,0,0,13,1716,832,208,884,221,429,13,0,0,13
24,-47.5,57.5,142,71,0,0.0,0.0,0,0.0,57.5,22,540305.7463912503,21.525398177868905,9.591934528203723,71,142,23,12,142,1,35,-105.0,70.5,-47.5,5.0,3471504,83.026804,nan,3.471504,nan,12,0,3469920,24,0,0,12,1584,768,192,816,204,396,12,0,0,12
25,-47.5,57.5,152,76,0,0.0,0.0,0,0.0,57.5,20,461527.10120695655,17.24659945131906,5.538881120062415,76,152,22,14,152,2,36,-105.0,70.5,-47.5,5.0,4050088,87.076892,nan,4.050088,nan,14,0,4048240,28,0,0,14,1848,896,224,952,238,462,14,0,0,14
26,-47.5,57.5,148,74,0,0.0,0.0,0,0.0,57.5,22,486513.8166547836,19.463555634256668,6.617330817997984,74,148,23,12,148,1,35,-105.0,70.5,-47.5,5.0,3471504,90.548396,nan,3.471504,nan,12,0,3469920,24,0,0,12,1584,768,192,816,204,396,12,0,0,12
27,-47.5,57.5,152,76,0,0.0,0.0,0,0.0,57.5,24,485349.8045857791,24.124255768405217,6.205662695057041,76,152,24,12,152,0,36,-105.0,70.5,-47.5,5.0,3471504,94.0199,nan,3.471504,nan,12,0,3469920,24,0,0,12,1584,768,192,816,204,396,12,0,0,12
28,-47.5,57.5,160,80,0,0.0,0.0,0,0.0,57.5,21,529042.1598999195,23.563799610813223,5.9387992449738505,80,160,24,12,160,3,36,-105.0,70.5,-47.5,5.0,3471504,97.491404,nan,3.471504,nan,12,0,3469920,24,0,0,12,1584,768,192,816,204,396,12,0,0,12
29,-47.5,57.5,152,76,0,0.0,0.0,0,0.0,57.5,22,513349.69481308904,21.3748685952645,8.388888095003162,76,152,22,13,152,0,35,-105.0,70.5,-47.5,5.0,3760796,101.2522,nan,3.760796,nan,13,0,3759080,26,0,0,13,1716,832,208,884,221,429,13,0,0,13
30,-47.5,57.5,148,74,0,0.0,0.0,0,0.0,57.5,21,514941.09974513215,19.657737120962484,9.401238645277681,74,148,22,14,148,1,36,-105.0,70.5,-47.5,5.0,4050088,105.302288,nan,4.050088,nan,14,0,4048240,28,0,0,14,1848,896,224,952,238,462,14,0,0,14
31,-47.5,57.5,136,68,0,0.0,0.0,0,0.0,57.5,24,514460.0464515885,20.659496954534323,10.381232764173216,68,136,24,13,136,0,37,-105.0,70.5,-47.5,5.0,3760796,109.063084,nan,3.760796,nan,13,0,3759080,26,0,0,13,1716,832,208,884,221,429,13,0,0,13
32,-47.5,57.5,130,65,0,0.0,0.0,0,0.0,57.5,24,528059.885061483,24.274526312267948,12.477291572737661,65,130,24,12,130,0,36,-105.0,70.5,-47.5,5.0,3471504,112.534588,nan,3.471504,nan,12,0,3469920,24,0,0,12,1584,768,192,816,204,396,12,0,0,12
33,-47.5,57.5,142,71,0,0.0,0.0,0,0.0,57.5,22,489894.9314781761,18.34063036370446,5.140515226704126,71,142,23,14,142,1,37,-105.0,70.5,-47.5,5.0,4050088,116.584676,nan,4.050088,nan,14,0,4048240,28,0,0,14,1848,896,224,952,238,462,14,0,0,14
34,-47.5,57.5,162,81,0,0.0,0.0,0,0.0,57.5,22,456479.02691400377,18.935585826697253,5.296664496168675,81,162,24,14,162,2,38,-105.0,70.5,-47.5,5.0,4050088,120.634764,nan,4.050088,nan,14,0,4048240,28,0,0,14,1848,896,224,952,238,462,14,0,0,14
35,-47.5,57.5,172,86,0,0.0,0.0,0,0.0,57.5,24,446417.18060705095,16.42751029200018,5.204075159321839,86,172,25,13,172,1,38,-105.0,70.5,-47.5,5.0,3760796,124.39556,nan,3.760796,nan,13,0,3759080,26,0,0,13,1716,832,208,884,221,429,13,0,0,13
36,-47.5,57.5,188,94,0,0.0,0.0,0,0.0,57.5,24,457049.5575258351,15.938232499254296,5.30686176125233,94,188,24,15,188,0,39,-105.0,70.5,-47.5,5.0,4339380,128.73494,nan,4.33938,nan,15,0,4337400,30,0,0,15,1980,960,240,1020,255,495,15,0,0,15
37,-47.5,57.5,198,99,0,0.0,0.0,0,0.0,57.5,22,461693.0472334114,17.52656055434208,6.73114344900066,99,198,25,15,198,3,40,-105.0,70.5,-47.5,5.0,4339380,133.07432,nan,4.33938,nan,15,0,4337400,30,0,0,15,1980,960,240,1020,255,495,15,0,0,15
38,-47.5,57.5,196,98,0,0.0,0.0,0,0.0,57.5,25,502456.7313859411,22.44857199356792,7.946241845567778,98,196,27,13,196,2,40,-105.0,70.5,-47.5,5.0,3760796,136.835116,nan,3.760796,nan,13,0,3759080,26,0,0,13,1716,832,208,884,221,429,13,0,0,13
39,-47.5,57.5,190,95,0,0.0,0.0,0,0.0,57.5,25,506436.7612007211,21.03060965425819,7.078739035308864,95,190,27,12,190,2,39,-105.0,70.5,-47.5,5.0,3471504,140.30662,nan,3.471504,nan,12,0,3469920,24,0,0,12,1584,768,192,816,204,396,12,0,0,12
40,-47.5,57.5,182,91,0,0.0,0.0,0,0.0,57.5,24,488891.35951330356,20.600525749718035,8.215298150297336,91,182,25,13,182,1,38,-105.0,70.5,-47.5,5.0,3760796,144.067416,nan,3.760796,nan,13,0,3759080,26,0,0,13,1716,832,208,884,221,429,13,0,0,13
41,-47.5,57.5,178,89,0,0.0,0.0,0,0.0,57.5,22,455047.7648873482,16.01338324426342,5.267472224540746,89,178,23,15,178,1,38,-105.0,70.5,-47.5,5.0,4339380,148.406796,nan,4.33938,nan,15,0,4337400,30,0,0,15,1980,960,240,1020,255,495,15,0,0,15
42,-47.5,57.5,172,86,0,0.0,0.0,0,0.0,57.5,23,477443.36477783654,17.6416412691523,7.5277991471624714,86,172,24,14,172,1,38,-105.0,70.5,-47.5,5.0,4050088,152.456884,nan,4.050088,nan,14,0,4048240,28,0,0,14,1848,896,224,952,238,462,14,0,0,14
43,-47.5,57.5,164,82,0,0.0,0.0,0,0.0,57.5,24,463674.88120923797,16.902905148609225,5.725792444089519,82,164,24,14,164,0,38,-105.0,70.5,-47.5,5.0,4050088,156.506972,nan,4.050088,nan,14,0,4048240,28,0,0,14,1848,896,224,952,238,462,14,0,0,14
44,-47.5,57.5,162,81,0,0.0,0.0,0,0.0,57.5,23,444929.34661869094,14.69501161364088,7.745625502158331,81,162,23,15,162,0,38,-105.0,70.5,-47.5,5.0,4339380,160.846352,nan,4.33938,nan,15,0,4337400,30,0,0,15,1980,960,240,1020,255,495,15,0,0,15
45,-47.5,57.5,158,79,0,0.0,0.0,0,0.0,57.5,21,455389.13604024117,15.083268774451659,6.706510618801012,79,158,22,15,158,1,37,-105.0,70.5,-47.5,5.0,4339380,165.185732,nan,4.33938,nan,15,0,4337400,30,0,0,15,1980,960,240,1020,255,495,15,0,0,15
46,-47.5,57.5,174,87,0,0.0,0.0,0,0.0,57.5,22,471836.4363227698,16.350048420787516,7.184877725279405,87,174,24,14,174,2,38,-105.0,70.5,-47.5,5.0,4050088,169.23582,nan,4.050088,nan,14,0,4048240,28,0,0,14,1848,896,224,952,238,462,14,0,0,14
47,-47.5,57.5,182,91,0,0.0,0.0,0,0.0,57.5,22,504623.43333010963,16.98399524369327,7.019398557604951,91,182,25,13,182,3,38,-105.0,70.5,-47.5,5.0,3760796,172.996616,nan,3.760796,nan,13,0,3759080,26,0,0,13,1716,832,208,884,221,429,13,0,0,13
48,-47.5,57.5,194,97,0,0.0,0.0,0,0.0,57.5,21,473357.56016173575,16.510598917825288,7.243786571471597,97,194,23,15,194,2,38,-105.0,70.5,-47.5,5.0,4339380,177.335996,nan,4.33938,nan,15,0,4337400,30,0,0,15,1980,960,240,1020,255,495,15,0,0,15
49,-47.5,57.5,188,94,0,0.0,0.0,0,0.0,57.5,23,438574.616077008,14.907419005631684,5.815970867919007,94,188,23,15,188,0,38,-105.0,70.5,-47.5,5.0,4339380,181.675376,nan,4.33938,nan,15,0,4337400,30,0,0,15,1980,960,240,1020,255,495,15,0,0,15
50,-47.5,57.5,190,95,0,0.0,0.0,0,0.0,57.5,22,496355.9641870513,18.42529945461142,7.843808321529895,95,190,25,13,190,3,38,-105.0,70.5,-47.5,5.0,3760796,185.436172,nan,3.760796,nan,13,0,3759080,26,0,0,13,1716,832,208,884,221,429,13,0,0,13
51,-47.5,57.5,192,96,0,0.0,0.0,0,0.0,57.5,23,455934.59802715335,16.08518351553926,6.438588101474196,96,192,23,15,192,0,38,-105.0,70.5,-47.5,5.0,4339380,189.775552,nan,4.33938,nan,15,0,4337400,30,0,0,15,1980,960,240,1020,255,495,15,0,0,15
52,-47.5,57.5,196,98,0,0.0,0.0,0,0.0,57.5,24,474579.6334036295,17.291217009806047,6.041465847825119,98,196,25,14,196,1,39,-105.0,70.5,-47.5,5.0,4050088,193.82564,nan,4.050088,nan,14,0,4048240,28,0,0,14,1848,896,224,952,238,462,14,0,0,14
53,-47.5,57.5,206,103,0,0.0,0.0,0,0.0,57.5,21,439673.3217245883,15.944978721099268,6.846256118663875,103,206,24,15,206,3,39,-105.0,70.5,-47.5,5.0,4339380,198.16502,nan,4.33938,nan,15,0,4337400,30,0,0,15,1980,960,240,1020,255,495,15,0,0,15
54,-47.5,57.5,204,102,0,0.0,0.0,0,0.0,57.5,22,436112.1490749585,19.319689695380788,5.1552357722865905,102,204,24,14,204,2,38,-105.0,70.5,-47.5,5.0,4050088,202.215108,nan,4.050088,nan,14,0,4048240,28,0,0,14,1848,896,224,952,238,462,14,0,0,14
55,-47.5,57.5,238,119,0,0.0,0.0,0,0.0,57.5,23,444653.78337914305,16.937516944437636,6.081926508556997,119,238,26,14,238,3,40,-105.0,70.5,-47.5,5.0,4050088,206.265196,nan,4.050088,nan,14,0,4048240,28,0,0,14,1848,896,224,952,238,462,14,0,0,14
56,-47.5,57.5,228,114,0,0.0,0.0,0,0.0,57.5,21,491802.350711354,19.657901074274413,5.40534874114631,114,228,26,14,228,5,40,-105.0,70.5,-47.5,5.0,4050088,210.315284,nan,4.050088,nan,14,0,4048240,28,0,0,14,1848,896,224,952,238,462,14,0,0,14
57,-47.5,57.5,228,114,0,0.0,0.0,0,0.0,57.5,23,430971.7846406266,14.961770132067228,6.310601839359498,114,228,24,13,228,1,37,-105.0,70.5,-47.5,5.0,3760796,214.07608,nan,3.760796,nan,13,0,3759080,26,0,0,13,1716,832,208,884,221,429,13,0,0,13
58,-47.5,57.5,232,116,0,0.0,0.0,0,0.0,57.5,22,456270.6452705939,16.709115096265013,6.060463007840443,116,232,24,13,232,2,37,-105.0,70.5,-47.5,5.0,3760796,217.836876,nan,3.760796,nan,13,0,3759080,26,0,0,13,1716,832,208,884,221,429,13,0,0,13
59,-47.5,57.5,226,113,0,0.0,0.0,0,0.0,57.5,23,455243.73640850454,17.96411634010781,7.238187324895544,113,226,24,13,226,1,37,-105.0,70.5,-47.5,5.0,3760796,221.597672,nan,3.760796,nan,13,0,3759080,26,0,0,13,1716,832,208,884,221,429,13,0,0,13
60,-47.5,57.5,212,106,0,0.0,0.0,0,0.0,57.5,22,434560.2425163706,16.300746210437403,5.581463202586,106,212,22,15,212,0,37,-105.0,70.5,-47.5,5.0,4339380,225.937052,nan,4.33938,nan,15,0,4337400,30,0,0,15,1980,960,240,1020,255,495,15,0,0,15
61,-47.5,57.5,228,114,0,0.0,0.0,0,0.0,57.5,23,426166.3735014296,15.298273213271528,6.298102389405594,114,228,24,14,228,1,38,-105.0,70.5,-47.5,5.0,4050088,229.98714,nan,4.050088,nan,14,0,4048240,28,0,0,14,1848,896,224,952,238,462,14,0,0,14
62,-47.5,57.5,222,111,0,0.0,0.0,0,0.0,57.5,24,436630.2559336033,17.60998515668185,5.102493082623344,111,222,26,13,222,2,39,-105.0,70.5,-47.5,5.0,3760796,233.747936,nan,3.760796,nan,13,0,3759080,26,0,0,13,1716,832,208,884,221,429,13,0,0,13
63,-47.5,57.5,210,105,0,0.0,0.0,0,0.0,57.5,23,502911.4908772256,16.65801389930196,7.609348980257373,105,210,26,13,210,3,39,-105.0,70.5,-47.5,5.0,3760796,237.508732,nan,3.760796,nan,13,0,3759080,26,0,0,13,1716,832,208,884,221,429,13,0,0,13
64,-47.5,57.5,182,91,0,0.0,0.0,0,0.0,57.5,21,419748.0961141879,14.768115667008034,5.356433477854993,91,182,26,13,182,5,39,-105.0,70.5,-47.5,5.0,3760796,241.269528,nan,3.760796,nan,13,0,3759080,26,0,0,13,1716,832,208,884,221,429,13,0,0,13
65,-47.5,57.5,186,93,0,0.0,0.0,0,0.0,57.5,23,428025.09661136166,14.782776294823355,6.4633668614978,93,186,23,15,186,0,38,-105.0,70.5,-47.5,5.0,4339380,245.608908,nan,4.33938,nan,15,0,4337400,30,0,0,15,1980,960,240,1020,255,495,15,0,0,15
66,-47.5,57.5,182,91,0,0.0,0.0,0,0.0,57.5,21,462752.46839065274,16.611229483855897,5.2785196657933895,91,182,24,12,182,3,36,-105.0,70.5,-47.5,5.0,3471504,249.080412,nan,3.471504,nan,12,0,3469920,24,0,0,12,1584,768,192,816,204,396,12,0,0,12
67,-47.5,57.5,178,89,0,0.0,0.0,0,0.0,57.5,20,419190.4831274338,17.41595707200988,5.14482907046358,89,178,22,14,178,2,36,-105.0,70.5,-47.5,5.0,4050088,253.1305,nan,4.050088,nan,14,0,4048240,28,0,0,14,1848,896,224,952,238,462,14,0,0,14
68,-47.5,57.5,168,84,0,0.0,0.0,0,0.0,57.5,22,478621.49285370804,17.362067074839267,6.90080773161868,84,168,23,14,168,1,37,-105.0,70.5,-47.5,5.0,4050088,257.180588,nan,4.050088,nan,14,0,4048240,28,0,0,14,1848,896,224,952,238,462,14,0,0,14
69,-47.5,57.5,170,85,0,0.0,0.0,0,0.0,57.5,24,480786.3126112149,17.34338031014589,5.912478402900447,85,170,24,13,170,0,37,-105.0,70.5,-47.5,5.0,3760796,260.941384,nan,3.760796,nan,13,0,3759080,26,0,0,13,1716,832,208,884,221,429,13,0,0,13
70,-47.5,57.5,170,85,0,0.0,0.0,0,0.0,57.5,22,455426.75084690936,19.87160865061235,6.986078393417947,85,170,23,16,170,1,39,-105.0,70.5,-47.5,5.0,4628672,265.570056,nan,4.628672,nan,16,0,4626560,32,0,0,16,2112,1024,256,1088,272,528,16,0,0,16
71,-47.5,57.5,162,81,0,0.0,0.0,0,0.0,57.5,22,498411.1468623654,19.936857100284673,6.605624710284382,81,162,24,14,162,2,38,-105.0,70.5,-47.5,5.0,4050088,269.620144,nan,4.050088,nan,14,0,4048240,28,0,0,14,1848,896,224,952,238,462,14,0,0,14
72,-47.5,57.5,162,81,0,0.0,0.0,0,0.0,57.5,22,482010.6946138317,17.288943081866762,9.352180075476252,81,162,22,16,162,0,38,-105.0,70.5,-47.5,5.0,4628672,274.248816,nan,4.628672,nan,16,0,4626560,32,0,0,16,2112,1024,256,1088,272,528,16,0,0,16
73,-47.5,57.5,162,81,0,0.0,0.0,0,0.0,57.5,21,504664.8347737373,19.828547267530446,10.75429821640624,81,162,22,15,162,1,37,-105.0,70.5,-47.5,5.0,4339380,278.588196,nan,4.33938,nan,15,0,4337400,30,0,0,15,1980,960,240,1020,255,495,15,0,0,15
74,-47.5,57.5,156,78,0,0.0,0.0,0,0.0,57.5,21,494936.76969011547,19.369073177168612,5.4637366980052136,78,156,22,12,156,1,34,-105.0,70.5,-47.5,5.0,3471504,282.0597,nan,3.471504,nan,12,0,3469920,24,0,0,12,1584,768,192,816,204,396,12,0,0,12
75,-47.5,57.5,152,76,0,0.0,0.0,0,0.0,57.5,21,431658.3759255114,15.74701782111931,5.0579317447342085,76,152,21,13,152,0,34,-105.0,70.5,-47.5,5.0,3760796,285.820496,nan,3.760796,nan,13,0,3759080,26,0,0,13,1716,832,208,884,221,429,13,0,0,13
76,-47.5,57.5,152,76,0,0.0,0.0,0,0.0,57.5,22,498971.38726548635,19.889621469089494,5.240105261251938,76,152,23,13,152,1,36,-105.0,70.5,-47.5,5.0,3760796,289.581292,nan,3.760796,nan,13,0,3759080,26,0,0,13,1716,832,208,884,221,429,13,0,0,13
77,-47.5,57.5,146,73,0,0.0,0.0,0,0.0,57.5,21,462422.4783423958,16.637194925206003,5.908152072440811,73,146,22,13,146,1,35,-105.0,70.5,-47.5,5.0,3760796,293.342088,nan,3.760796,nan,13,0,3759080,26,0,0,13,1716,832,208,884,221,429,13,0,0,13
78,-47.5,57.5,144,72,0,0.0,0.0,0,0.0,57.5,22,530261.6873656287,22.687493673927378,12.97282853497068,72,144,23,12,144,1,35,-105.0,70.5,-47.5,5.0,3471504,296.813592,nan,3.471504,nan,12,0,3469920,24,0,0,12,1584,768,192,816,204,396,12,0,0,12
79,-47.5,57.5,144,72,0,0.0,0.0,0,0.0,57.5,18,476758.96789333725,16.759271512733942,9.06276247358635,72,144,21,13,144,3,34,-105.0,70.5,-47.5,5.0,3760796,300.574388,nan,3.760796,nan,13,0,3759080,26,0,0,13,1716,832,208,884,221,429,13,0,0,13
80,-47.5,57.5,150,75,0,0.0,0.0,0,0.0,57.5,20,486357.2308618491,21.290228540099033,5.458419284300806,75,150,23,12,150,3,35,-105.0,70.5,-47.5,5.0,3471504,304.045892,nan,3.471504,nan,12,0,3469920,24,0,0,12,1584,768,192,816,204,396,12,0,0,12
81,-47.5,57.5,164,82,0,0.0,0.0,0,0.0,57.5,23,453610.89045693923,17.53343881280987,5.327089248578788,82,164,24,13,164,1,37,-105.0,70.5,-47.5,5.0,3760796,307.806688,nan,3.760796,nan,13,0,3759080,26,0,0,13,1716,832,208,884,221,429,13,0,0,13
82,-47.5,57.5,170,85,0,0.0,0.0,0,0.0,57.5,21,444590.42240508593,15.627249542607009,5.464110642446566,85,170,22,15,170,1,37,-105.0,70.5,-47.5,5.0,4339380,312.146068,nan,4.33938,nan,15,0,4337400,30,0,0,15,1980,960,240,1020,255,495,15,0,0,15
83,-47.5,57.5,172,86,0,0.0,0.0,0,0.0,57.5,22,427663.1692601587,14.29822939372925,7.31735910006334,86,172,22,15,172,0,37,-105.0,70.5,-47.5,5.0,4339380,316.485448,nan,4.33938,nan,15,0,4337400,30,0,0,15,1980,960,240,1020,255,495,15,0,0,15
84,-47.5,57.5,174,87,0,0.0,0.0,0,0.0,57.5,25,447113.2497554591,17.405944603279334,5.089381165192828,87,174,25,12,174,0,37,-105.0,70.5,-47.5,5.0,3471504,319.956952,nan,3.471504,nan,12,0,3469920,24,0,0,12,1584,768,192,816,204,396,12,0,0,12
85,-47.5,57.5,174,87,0,0.0,0.0,0,0.0,57.5,22,467942.8844837428,16.512277031862205,9.032946499375303,87,174,23,14,174,1,37,-105.0,70.5,-47.5,5.0,4050088,324.00704,nan,4.050088,nan,14,0,4048240,28,0,0,14,1848,896,224,952,238,462,14,0,0,14
86,-47.5,57.5,174,87,0,0.0,0.0,0,0.0,57.5,23,445158.6081334665,15.25033997095265,7.702594916495818,87,174,24,13,174,1,37,-105.0,70.5,-47.5,5.0,3760796,327.767836,nan,3.760796,nan,13,0,3759080,26,0,0,13,1716,832,208,884,221,429,13,0,0,13
87,-47.5,57.5,174,87,0,0.0,0.0,0,0.0,57.5,23,409161.5470606159,15.033202198500573,6.549333316927592,87,174,23,14,174,0,37,-105.0,70.5,-47.5,5.0,4050088,331.817924,nan,4.050088,nan,14,0,4048240,28,0,0,14,1848,896,224,952,238,462,14,0,0,14
88,-47.5,57.5,174,87,0,0.0,0.0,0,0.0,57.5,25,470474.6170450226,20.830089721890868,6.050872200394357,87,174,25,12,174,0,37,-105.0,70.5,-47.5,5.0,3471504,335.289428,nan,3.471504,nan,12,0,3469920,24,0,0,12,1584,768,192,816,204,396,12,0,0,12
89,-47.5,57.5,174,87,0,0.0,0.0,0,0.0,57.5,23,471481.00159290794,16.720196950203253,5.780838438376568,87,174,23,14,174,0,37,-105.0,70.5,-47.5,5.0,4050088,339.339516,nan,4.050088,nan,14,0,4048240,28,0,0,14,1848,896,224,952,238,462,14,0,0,14
90,-47.5,57.5,174,87,0,0.0,0.0,0,0.0,57.5,23,438648.86537236575,15.4099830179397,5.3912683219081785,87,174,23,14,174,0,37,-105.0,70.5,-47.5,5.0,4050088,343.389604,nan,4.050088,nan,14,0,4048240,28,0,0,14,1848,896,224,952,238,462,14,0,0,14
91,-47.5,57.5,184,92,0,0.0,0.0,0,0.0,57.5,21,498527.092977876,17.327444687394117,7.251413261450002,92,184,23,14,184,2,37,-105.0,70.5,-47.5,5.0,4050088,347.439692,nan,4.050088,nan,14,0,4048240,28,0,0,14,1848,896,224,952,238,462,14,0,0,14
92,-47.5,57.5,188,94,0,0.0,0.0,0,0.0,57.5,21,534300.9475774863,24.508201190866284,10.44987045223171,94,188,26,11,188,5,37,-105.0,70.5,-47.5,5.0,3182212,350.621904,nan,3.182212,nan,11,0,3180760,22,0,0,11,1452,704,176,748,187,363,11,0,0,11
93,-47.5,57.5,188,94,0,0.0,0.0,0,0.0,57.5,19,472737.10917390016,16.742535046552632,6.637304117145847,94,188,23,14,188,4,37,-105.0,70.5,-47.5,5.0,4050088,354.671992,nan,4.050088,nan,14,0,4048240,28,0,0,14,1848,896,224,952,238,462,14,0,0,14
94,-47.5,57.5,188,94,0,0.0,0.0,0,0.0,57.5,23,470076.13221790007,16.310399839009076,8.09301998008034,94,188,23,14,188,0,37,-105.0,70.5,-47.5,5.0,4050088,358.72208,nan,4.050088,nan,14,0,4048240,28,0,0,14,1848,896,224,952,238,462,14,0,0,14
95,-47.5,57.5,178,89,0,0.0,0.0,0,0.0,57.5,22,511298.9553511285,20.958904207760668,5.600368141035668,89,178,26,11,178,4,37,-105.0,70.5,-47.5,5.0,3182212,361.904292,nan,3.182212,nan,11,0,3180760,22,0,0,11,1452,704,176,748,187,363,11,0,0,11
96,-47.5,57.5,166,83,0,0.0,0.0,0,0.0,57.5,25,497559.50837953424,21.644489688157844,7.629925020196148,83,166,25,11,166,0,36,-105.0,70.5,-47.5,5.0,3182212,365.086504,nan,3.182212,nan,11,0,3180760,22,0,0,11,1452,704,176,748,187,363,11,0,0,11
97,-47.5,57.5,150,75,0,0.0,0.0,0,0.0,57.5,21,476967.4557040914,18.682972013836853,6.660588260406461,75,150,23,13,150,2,36,-105.0,70.5,-47.5,5.0,3760796,368.8473,nan,3.760796,nan,13,0,3759080,26,0,0,13,1716,832,208,884,221,429,13,0,0,13
98,-47.5,57.5,140,70,0,0.0,0.0,0,0.0,57.5,22,506967.3765406699,19.716601076468862,8.02915862969164,70,140,22,13,140,0,35,-105.0,70.5,-47.5,5.0,3760796,372.608096,nan,3.760796,nan,13,0,3759080,26,0,0,13,1716,832,208,884,221,429,13,0,0,13
99,-47.5,57.5,134,67,0,0.0,0.0,0,0.0,57.5,20,505417.86340107396,19.430380329048962,7.215571834727927,67,134,22,14,134,2,36,-105.0,70.5,-47.5,5.0,4050088,376.658184,nan,4.050088,nan,14,0,4048240,28,0,0,14,1848,896,224,952,238,462,14,0,0,14
100,-47.5,57.5,124,62,0,0.0,0.0,0,0.0,57.5,22,471599.9504728755,22.161461276340347,5.37196423082396,62,124,22,12,124,0,34,-105.0,70.5,-47.5,5.0,3471504,380.129688,nan,3.471504,nan,12,0,3469920,24,0,0,12,1584,768,192,816,204,396,12,0,0,12
101,-47.5,57.5,132,66,0,0.0,0.0,0,0.0,57.5,22,497726.3557385142,19.22233007924166,6.88357494565591,66,132,23,13,132,1,36,-105.0,70.5,-47.5,5.0,3760796,383.890484,nan,3.760796,nan,13,0,3759080,26,0,0,13,1716,832,208,884,221,429,13,0,0,13
102,-47.5,57.5,140,70,0,0.0,0.0,0,0.0,57.5,21,544749.3124625582,21.95354825761848,13.252721651809967,70,140,23,13,140,2,36,-105.0,70.5,-47.5,5.0,3760796,387.65128,nan,3.760796,nan,13,0,3759080,26,0,0,13,1716,832,208,884,221,429,13,0,0,13
103,-47.5,57.5,132,66,0,0.0,0.0,0,0.0,57.5,20,471243.4405985624,21.30810357248412,8.982449801966942,66,132,21,13,132,1,34,-105.0,70.5,-47.5,5.0,3760796,391.412076,nan,3.760796,nan,13,0,3759080,26,0,0,13,1716,832,208,884,221,429,13,0,0,13
104,-47.5,57.5,126,63,0,0.0,0.0,0,0.0,57.5,19,493346.8680710116,20.06162132040091,6.666174287981192,63,126,19,13,126,0,32,-105.0,70.5,-47.5,5.0,3760796,395.172872,nan,3.760796,nan,13,0,3759080,26,0,0,13,1716,832,208,884,221,429,13,0,0,13
105,-47.5,57.5,114,57,0,0.0,0.0,0,0.0,57.5,21,558129.4569370912,25.163653653723017,16.62118402506923,57,114,21,10,114,0,31,-105.0,70.5,-47.5,5.0,2892920,398.065792,nan,2.89292,nan,10,0,2891600,20,0,0,10,1320,640,160,680,170,330,10,0,0,10
106,-47.5,57.5,104,52,0,0.0,0.0,0,0.0,57.5,20,469458.36417653994,19.5538880977318,7.403803042364809,52,104,20,11,104,0,31,-105.0,70.5,-47.5,5.0,3182212,401.248004,nan,3.182212,nan,11,0,3180760,22,0,0,11,1452,704,176,748,187,363,11,0,0,11
107,-47.5,57.5,110,55,0,0.0,0.0,0,0.0,57.5,16,388735.74200552463,14.090731338368034,5.217363092288894,55,110,16,14,110,0,30,-105.0,70.5,-47.5,5.0,4050088,405.298092,nan,4.050088,nan,14,0,4048240,28,0,0,14,1848,896,224,952,238,462,14,0,0,14
108,-47.5,57.5,112,56,0,0.0,0.0,0,0.0,57.5,18,512836.12218048517,24.792901841505827,6.560475491209708,56,112,18,11,112,0,29,-105.0,70.5,-47.5,5.0,3182212,408.480304,nan,3.182212,nan,11,0,3180760,22,0,0,11,1452,704,176,748,187,363,11,0,0,11
109,-47.5,57.5,112,56,0,0.0,0.0,0,0.0,57.5,17,523910.214128539,24.2508289146705,9.012702268901744,56,112,17,11,112,0,28,-105.0,70.5,-47.5,5.0,3182212,411.662516,nan,3.182212,nan,11,0,3180760,22,0,0,11,1452,704,176,748,187,363,11,0,0,11
110,-47.5,57.5,126,63,0,0.0,0.0,0,0.0,57.5,18,492612.48704614857,24.41722340143882,6.348777049860788,63,126,18,11,126,0,29,-105.0,70.5,-47.5,5.0,3182212,414.844728,nan,3.182212,nan,11,0,3180760,22,0,0,11,1452,704,176,748,187,363,11,0,0,11
111,-47.5,57.5,128,64,0,0.0,0.0,0,0.0,57.5,20,562500.0,28.846908195772073,18.64148778967849,64,128,21,10,128,1,31,-105.0,70.5,-47.5,5.0,2892920,417.737648,nan,2.89292,nan,10,0,2891600,20,0,0,10,1320,640,160,680,170,330,10,0,0,10
112,-47.5,57.5,138,69,0,0.0,0.0,0,0.0,57.5,16,458128.68739806284,21.61571803982035,5.68916657253248,69,138,20,11,138,4,31,-105.0,70.5,-47.5,5.0,3182212,420.91986,nan,3.182212,nan,11,0,3180760,22,0,0,11,1452,704,176,748,187,363,11,0,0,11
113,-47.5,57.5,144,72,0,0.0,0.0,0,0.0,57.5,19,488567.1347311068,17.68990843784408,5.736424562598852,72,144,19,13,144,0,32,-105.0,70.5,-47.5,5.0,3760796,424.680656,nan,3.760796,nan,13,0,3759080,26,0,0,13,1716,832,208,884,221,429,13,0,0,13
114,-47.5,57.5,156,78,0,0.0,0.0,0,0.0,57.5,21,495047.25862097065,19.240428898263904,8.153946873387248,78,156,22,12,156,1,34,-105.0,70.5,-47.5,5.0,3471504,428.15216,nan,3.471504,nan,12,0,3469920,24,0,0,12,1584,768,192,816,204,396,12,0,0,12
115,-47.5,57.5,156,78,0,0.0,0.0,0,0.0,57.5,19,476439.6420971179,18.15670485653718,5.400356765429379,78,156,20,13,156,1,33,-105.0,70.5,-47.5,5.0,3760796,431.912956,nan,3.760796,nan,13,0,3759080,26,0,0,13,1716,832,208,884,221,429,13,0,0,13
116,-47.5,57.5,170,85,0,0.0,0.0,0,0.0,57.5,18,417237.3134996537,14.724947605430012,5.653320755168387,85,170,21,12,170,3,33,-105.0,70.5,-47.5,5.0,3471504,435.38446,nan,3.471504,nan,12,0,3469920,24,0,0,12,1584,768,192,816,204,396,12,0,0,12
117,-47.5,57.5,194,97,0,0.0,0.0,0,0.0,57.5,21,484733.7371794719,19.782536861770183,6.455916222878784,97,194,22,12,194,1,34,-105.0,70.5,-47.5,5.0,3471504,438.855964,nan,3.471504,nan,12,0,3469920,24,0,0,12,1584,768,192,816,204,396,12,0,0,12
118,-47.5,57.5,204,102,0,0.0,0.0,0,0.0,57.5,21,485494.6793684093,18.40107648051534,6.015598167778487,102,204,23,12,204,2,35,-105.0,70.5,-47.5,5.0,3471504,442.327468,nan,3.471504,nan,12,0,3469920,24,0,0,12,1584,768,192,816,204,396,12,0,0,12
119,-47.5,57.5,218,109,0,0.0,0.0,0,0.0,57.5,24,498680.97415094986,19.559930063775973,8.602000718699115,109,218,24,12,218,0,36,-105.0,70.5,-47.5,5.0,3471504,445.798972,nan,3.471504,nan,12,0,3469920,24,0,0,12,1584,768,192,816,204,396,12,0,0,12
120,-47.5,57.5,212,106,0,0.0,0.0,0,0.0,57.5,21,479591.3088294497,17.3973747865747,9.068865783180618,106,212,23,13,212,2,36,-105.0,70.5,-47.5,5.0,3760796,449.559768,nan,3.760796,nan,13,0,3759080,26,0,0,13,1716,832,208,884,221,429,13,0,0,13
121,-47.5,57.5,188,94,0,0.0,0.0,0,0.0,57.5,24,448785.83220752707,14.7135601490316,5.726914159597771,94,188,25,11,188,1,36,-105.0,70.5,-47.5,5.0,3182212,452.74198,nan,3.182212,nan,11,0,3180760,22,0,0,11,1452,704,176,748,187,363,11,0,0,11
122,-47.5,57.5,184,92,0,0.0,0.0,0,0.0,57.5,23,487743.2777342323,26.0646984826349,7.751511308704579,92,184,25,11,184,2,36,-105.0,70.5,-47.5,5.0,3182212,455.924192,nan,3.182212,nan,11,0,3180760,22,0,0,11,1452,704,176,748,187,363,11,0,0,11
123,-47.5,57.5,176,88,0,0.0,0.0,0,0.0,57.5,20,455169.9235445314,16.285544703773468,5.179399299145958,88,176,21,14,176,1,35,-105.0,70.5,-47.5,5.0,4050088,459.97428,nan,4.050088,nan,14,0,4048240,28,0,0,14,1848,896,224,952,238,462,14,0,0,14
124,-47.5,57.5,184,92,0,0.0,0.0,0,0.0,57.5,20,460104.0795154129,20.616777066331,6.322151029504002,92,184,23,12,184,3,35,-105.0,70.5,-47.5,5.0,3471504,463.445784,nan,3.471504,nan,12,0,3469920,24,0,0,12,1584,768,192,816,204,396,12,0,0,12
125,-47.5,57.5,182,91,0,0.0,0.0,0,0.0,57.5,22,530699.4189486385,26.17048307016443,12.555191058758622,91,182,24,10,182,2,34,-105.0,70.5,-47.5,5.0,2892920,466.338704,nan,2.89292,nan,10,0,2891600,20,0,0,10,1320,640,160,680,170,330,10,0,0,10
126,-47.5,57.5,182,91,0,0.0,0.0,0,0.0,57.5,22,502026.64514599496,20.04141041516898,8.220687752456184,91,182,23,10,182,1,33,-105.0,70.5,-47.5,5.0,2892920,469.231624,nan,2.89292,nan,10,0,2891600,20,0,0,10,1320,640,160,680,170,330,10,0,0,10
127,-47.5,57.5,186,93,0,0.0,0.0,0,0.0,57.5,19,435026.48887779453,16.39380802163223,5.691325404179186,93,186,22,12,186,3,34,-105.0,70.5,-47.5,5.0,3471504,472.703128,nan,3.471504,nan,12,0,3469920,24,0,0,12,1584,768,192,816,204,396,12,0,0,12
128,-47.5,57.5,190,95,0,0.0,0.0,0,0.0,57.5,21,450301.36779636005,18.333519828978215,6.461790123569,95,190,21,12,190,0,33,-105.0,70.5,-47.5,5.0,3471504,476.174632,nan,3.471504,nan,12,0,3469920,24,0,0,12,1584,768,192,816,204,396,12,0,0,12
129,-47.5,57.5,192,96,0,0.0,0.0,0,0.0,57.5,18,492501.16605995985,16.75339729534066,10.563259351834127,96,192,20,12,192,2,32,-105.0,70.5,-47.5,5.0,3471504,479.646136,nan,3.471504,nan,12,0,3469920,24,0,0,12,1584,768,192,816,204,396,12,0,0,12
130,-47.5,57.5,192,96,0,0.0,0.0,0,0.0,57.5,19,503667.31077904976,18.607772659660778,6.8966166700022,96,192,20,11,192,1,31,-105.0,70.5,-47.5,5.0,3182212,482.828348,nan,3.182212,nan,11,0,3180760,22,0,0,11,1452,704,176,748,187,363,11,0,0,11
131,-47.5,57.5,190,95,0,0.0,0.0,0,0.0,57.5,22,542611.6526472442,29.45815304294252,12.048599010586866,95,190,22,9,190,0,31,-105.0,70.5,-47.5,5.0,2603628,485.431976,nan,2.603628,nan,9,0,2602440,18,0,0,9,1188,576,144,612,153,297,9,0,0,9
132,-47.5,57.5,194,97,0,0.0,0.0,0,0.0,57.5,20,558904.1551820158,25.683545745969997,15.635508785126415,97,194,23,10,194,3,33,-105.0,70.5,-47.5,5.0,2892920,488.324896,nan,2.89292,nan,10,0,2891600,20,0,0,10,1320,640,160,680,170,330,10,0,0,10
133,-47.5,57.5,190,95,0,0.0,0.0,0,0.0,57.5,21,468813.894309049,21.291800509723103,5.781390563936362,95,190,22,12,190,1,34,-105.0,70.5,-47.5,5.0,3471504,491.7964,nan,3.471504,nan,12,0,3469920,24,0,0,12,1584,768,192,816,204,396,12,0,0,12
134,-47.5,57.5,190,95,0,0.0,0.0,0,0.0,57.5,20,488307.41723290517,22.574722491615994,6.644332070550011,95,190,22,11,190,2,33,-105.0,70.5,-47.5,5.0,3182212,494.978612,nan,3.182212,nan,11,0,3180760,22,0,0,11,1452,704,176,748,187,363,11,0,0,11
135,-47.5,57.5,186,93,0,0.0,0.0,0,0.0,57.5,19,562500.0,35.701927897281486,21.52714805313581,93,186,22,10,186,3,32,-105.0,70.5,-47.5,5.0,2892920,497.871532,nan,2.89292,nan,10,0,2891600,20,0,0,10,1320,640,160,680,170,330,10,0,0,10
136,-47.5,57.5,182,91,0,0.0,0.0,0,0.0,57.5,19,484938.07183030434,22.005413647913006,6.159303430951782,91,182,20,11,182,1,31,-105.0,70.5,-47.5,5.0,3182212,501.053744,nan,3.182212,nan,11,0,3180760,22,0,0,11,1452,704,176,748,187,363,11,0,0,11
137,-47.5,57.5,186,93,0,0.0,0.0,0,0.0,57.5,19,562500.0,33.470542780607985,18.032366586506146,93,186,22,9,186,3,31,-105.0,70.5,-47.5,5.0,2603628,503.657372,nan,2.603628,nan,9,0,2602440,18,0,0,9,1188,576,144,612,153,297,9,0,0,9
138,-47.5,57.5,184,92,0,0.0,0.0,0,0.0,57.5,22,531355.4557168044,25.00606065620346,8.642361689997943,92,184,22,10,184,0,32,-105.0,70.5,-47.5,5.0,2892920,506.550292,nan,2.89292,nan,10,0,2891600,20,0,0,10,1320,640,160,680,170,330,10,0,0,10
139,-47.5,57.5,176,88,0,0.0,0.0,0,0.0,57.5,18,449755.6098241883,19.230187502848178,5.285501639496754,88,176,20,12,176,2,32,-105.0,70.5,-47.5,5.0,3471504,510.021796,nan,3.471504,nan,12,0,3469920,24,0,0,12,1584,768,192,816,204,396,12,0,0,12
140,-47.5,57.5,170,85,0,0.0,0.0,0,0.0,57.5,18,474392.3260725465,18.578166603480796,6.042651980447717,85,170,22,12,170,4,34,-105.0,70.5,-47.5,5.0,3471504,513.4933,nan,3.471504,nan,12,0,3469920,24,0,0,12,1584,768,192,816,204,396,12,0,0,12
141,-47.5,57.5,144,72,0,0.0,0.0,0,0.0,57.5,21,488338.1950840308,21.677900101418206,7.142112583952883,72,144,22,11,144,1,33,-105.0,70.5,-47.5,5.0,3182212,516.675512,nan,3.182212,nan,11,0,3180760,22,0,0,11,1452,704,176,748,187,363,11,0,0,11
142,-47.5,57.5,140,70,0,0.0,0.0,0,0.0,57.5,18,474077.21886209125,20.118698576702073,6.062533160686801,70,140,19,13,140,1,32,-105.0,70.5,-47.5,5.0,3760796,520.436308,nan,3.760796,nan,13,0,3759080,26,0,0,13,1716,832,208,884,221,429,13,0,0,13
143,-47.5,57.5,138,69,0,0.0,0.0,0,0.0,57.5,22,483508.42808882636,18.058097733814403,7.039123577306617,69,138,22,12,138,0,34,-105.0,70.5,-47.5,5.0,3471504,523.907812,nan,3.471504,nan,12,0,3469920,24,0,0,12,1584,768,192,816,204,396,12,0,0,12
144,-47.5,57.5,126,63,0,0.0,0.0,0,0.0,57.5,19,499708.1753535243,23.771240520392396,8.278700873225663,63,126,20,12,126,1,32,-105.0,70.5,-47.5,5.0,3471504,527.379316,nan,3.471504,nan,12,0,3469920,24,0,0,12,1584,768,192,816,204,396,12,0,0,12
145,-47.5,57.5,142,71,0,0.0,0.0,0,0.0,57.5,23,542453.6315651865,24.16251997018424,10.919982528668047,71,142,23,11,142,0,34,-105.0,70.5,-47.5,5.0,3182212,530.561528,nan,3.182212,nan,11,0,3180760,22,0,0,11,1452,704,176,748,187,363,11,0,0,11
146,-47.5,57.5,146,73,0,0.0,0.0,0,0.0,57.5,21,474498.05633738765,21.512096377250508,8.368427052269665,73,146,21,13,146,0,34,-105.0,70.5,-47.5,5.0,3760796,534.322324,nan,3.760796,nan,13,0,3759080,26,0,0,13,1716,832,208,884,221,429,13,0,0,13
147,-47.5,57.5,146,73,0,0.0,0.0,0,0.0,57.5,21,510080.9211800719,19.801020083741378,8.278482821765703,73,146,21,13,146,0,34,-105.0,70.5,-47.5,5.0,3760796,538.08312,nan,3.760796,nan,13,0,3759080,26,0,0,13,1716,832,208,884,221,429,13,0,0,13
148,-47.5,57.5,144,72,0,0.0,0.0,0,0.0,57.5,24,468732.37410543347,22.512509746024925,6.059804412505438,72,144,24,10,144,0,34,-105.0,70.5,-47.5,5.0,2892920,540.97604,nan,2.89292,nan,10,0,2891600,20,0,0,10,1320,640,160,680,170,330,10,0,0,10
149,-47.5,57.5,140,70,0,0.0,0.0,0,0.0,57.5,21,541083.7923372523,19.952561987125065,11.8899869867135,70,140,22,11,140,1,33,-105.0,70.5,-47.5,5.0,3182212,544.158252,nan,3.182212,nan,11,0,3180760,22,0,0,11,1452,704,176,748,187,363,11,0,0,11
150,-47.5,57.5,138,69,0,0.0,0.0,0,0.0,57.5,20,497466.8340015622,18.937533854868835,6.114500971275641,69,138,20,13,138,0,33,-105.0,70.5,-47.5,5.0,3760796,547.919048,nan,3.760796,nan,13,0,3759080,26,0,0,13,1716,832,208,884,221,429,13,0,0,13
151,-47.5,57.5,136,68,0,0.0,0.0,0,0.0,57.5,21,481749.8670120729,19.08229402796815,7.34817075122862,68,136,21,12,136,0,33,-105.0,70.5,-47.5,5.0,3471504,551.390552,nan,3.471504,nan,12,0,3469920,24,0,0,12,1584,768,192,816,204,396,12,0,0,12
152,-47.5,57.5,130,65,0,0.0,0.0,0,0.0,57.5,20,445918.6621733092,16.393704634552847,5.8021940919016295,65,130,20,12,130,0,32,-105.0,70.5,-47.5,5.0,3471504,554.862056,nan,3.471504,nan,12,0,3469920,24,0,0,12,1584,768,192,816,204,396,12,0,0,12
153,-47.5,57.5,132,66,0,0.0,0.0,0,0.0,57.5,19,506701.4934926396,22.923563674322896,6.926834901530922,66,132,22,11,132,3,33,-105.0,70.5,-47.5,5.0,3182212,558.044268,nan,3.182212,nan,11,0,3180760,22,0,0,11,1452,704,176,748,187,363,11,0,0,11
154,-47.5,57.5,140,70,0,0.0,0.0,0,0.0,57.5,19,437959.8771287304,15.837487567518206,7.763726193543274,70,140,20,13,140,1,33,-105.0,70.5,-47.5,5.0,3760796,561.805064,nan,3.760796,nan,13,0,3759080,26,0,0,13,1716,832,208,884,221,429,13,0,0,13
155,-47.5,57.5,138,69,0,0.0,0.0,0,0.0,57.5,20,427142.3935297338,15.212956053694285,5.656467420644957,69,138,20,14,138,0,34,-105.0,70.5,-47.5,5.0,4050088,565.855152,nan,4.050088,nan,14,0,4048240,28,0,0,14,1848,896,224,952,238,462,14,0,0,14
156,-47.5,57.5,142,71,0,0.0,0.0,0,0.0,57.5,20,462046.08688266936,16.372790584347307,7.813461371407851,71,142,21,13,142,1,34,-105.0,70.5,-47.5,5.0,3760796,569.615948,nan,3.760796,nan,13,0,3759080,26,0,0,13,1716,832,208,884,221,429,13,0,0,13
157,-47.5,57.5,144,72,0,0.0,0.0,0,0.0,57.5,22,503206.6755739147,19.62648693978738,8.51288298203752,72,144,22,13,144,0,35,-105.0,70.5,-47.5,5.0,3760796,573.376744,nan,3.760796,nan,13,0,3759080,26,0,0,13,1716,832,208,884,221,429,13,0,0,13
158,-47.5,57.5,144,72,0,0.0,0.0,0,0.0,57.5,22,473038.2492005064,17.359588409605262,5.1259009651849,72,144,22,13,144,0,35,-105.0,70.5,-47.5,5.0,3760796,577.13754,nan,3.760796,nan,13,0,3759080,26,0,0,13,1716,832,208,884,221,429,13,0,0,13
159,-47.5,57.5,146,73,0,0.0,0.0,0,0.0,57.5,19,503833.13570137013,21.84138682208379,8.03797986141998,73,146,22,12,146,3,34,-105.0,70.5,-47.5,5.0,3471504,580.609044,nan,3.471504,nan,12,0,3469920,24,0,0,12,1584,768,192,816,204,396,12,0,0,12
160,-47.5,57.5,142,71,0,0.0,0.0,0,0.0,57.5,18,427976.14431807434,16.73008813634332,5.297762064357184,71,142,19,15,142,1,34,-105.0,70.5,-47.5,5.0,4339380,584.948424,nan,4.33938,nan,15,0,4337400,30,0,0,15,1980,960,240,1020,255,495,15,0,0,15
161,-47.5,57.5,132,66,0,0.0,0.0,0,0.0,57.5,23,527551.207935281,28.11807041231103,10.539685050967924,66,132,23,11,132,0,34,-105.0,70.5,-47.5,5.0,3182212,588.130636,nan,3.182212,nan,11,0,3180760,22,0,0,11,1452,704,176,748,187,363,11,0,0,11
162,-47.5,57.5,124,62,0,0.0,0.0,0,0.0,57.5,21,497188.21793915256,20.725548355865673,5.798243376537533,62,124,21,12,124,0,33,-105.0,70.5,-47.5,5.0,3471504,591.60214,nan,3.471504,nan,12,0,3469920,24,0,0,12,1584,768,192,816,204,396,12,0,0,12
163,-47.5,57.5,124,62,0,0.0,0.0,0,0.0,57.5,23,533268.9695235759,20.32491287055842,8.312772806621362,62,124,23,11,124,0,34,-105.0,70.5,-47.5,5.0,3182212,594.784352,nan,3.182212,nan,11,0,3180760,22,0,0,11,1452,704,176,748,187,363,11,0,0,11
164,-47.5,57.5,132,66,0,0.0,0.0,0,0.0,57.5,21,537844.3388868385,24.444183408592494,6.987756949500845,66,132,22,12,132,1,34,-105.0,70.5,-47.5,5.0,3471504,598.255856,nan,3.471504,nan,12,0,3469920,24,0,0,12,1584,768,192,816,204,396,12,0,0,12
165,-47.5,57.5,128,64,0,0.0,0.0,0,0.0,57.5,19,535281.5785263844,24.971947243000805,9.199103910509129,64,128,21,13,128,2,34,-105.0,70.5,-47.5,5.0,3760796,602.016652,nan,3.760796,nan,13,0,3759080,26,0,0,13,1716,832,208,884,221,429,13,0,0,13
166,-47.5,57.5,126,63,0,0.0,0.0,0,0.0,57.5,22,538279.4605868396,24.398749002295098,9.872251638972548,63,126,22,11,126,0,33,-105.0,70.5,-47.5,5.0,3182212,605.198864,nan,3.182212,nan,11,0,3180760,22,0,0,11,1452,704,176,748,187,363,11,0,0,11
167,-47.5,57.5,114,57,0,0.0,0.0,0,0.0,57.5,20,521391.05210342765,21.457706200259413,9.326582075789963,57,114,20,12,114,0,32,-105.0,70.5,-47.5,5.0,3471504,608.670368,nan,3.471504,nan,12,0,3469920,24,0,0,12,1584,768,192,816,204,396,12,0,0,12
168,-47.5,57.5,112,56,0,0.0,0.0,0,0.0,57.5,19,485649.7207747812,17.988223664687375,7.516427315182426,56,112,19,13,112,0,32,-105.0,70.5,-47.5,5.0,3760796,612.431164,nan,3.760796,nan,13,0,3759080,26,0,0,13,1716,832,208,884,221,429,13,0,0,13
169,-47.5,57.5,112,56,0,0.0,0.0,0,0.0,57.5,21,508609.63611798413,24.85769353138772,7.039225464655933,56,112,22,11,112,1,33,-105.0,70.5,-47.5,5.0,3182212,615.613376,nan,3.182212,nan,11,0,3180760,22,0,0,11,1452,704,176,748,187,363,11,0,0,11
170,-47.5,57.5,112,56,0,0.0,0.0,0,0.0,57.5,21,511193.5398373474,19.51806552095775,9.90838796478116,56,112,21,11,112,0,32,-105.0,70.5,-47.5,5.0,3182212,618.795588,nan,3.182212,nan,11,0,3180760,22,0,0,11,1452,704,176,748,187,363,11,0,0,11
171,-47.5,57.5,120,60,0,0.0,0.0,0,0.0,57.5,21,533642.9367962702,22.976678392441688,10.244662544842102,60,120,24,11,120,3,35,-105.0,70.5,-47.5,5.0,3182212,621.9778,nan,3.182212,nan,11,0,3180760,22,0,0,11,1452,704,176,748,187,363,11,0,0,11
172,-47.5,57.5,126,63,0,0.0,0.0,0,0.0,57.5,21,516161.3724341834,18.863260527424693,8.788005229379348,63,126,21,14,126,0,35,-105.0,70.5,-47.5,5.0,4050088,626.027888,nan,4.050088,nan,14,0,4048240,28,0,0,14,1848,896,224,952,238,462,14,0,0,14
173,-47.5,57.5,126,63,0,0.0,0.0,0,0.0,57.5,21,454018.7023805182,15.925853342636895,6.039587763938473,63,126,21,13,126,0,34,-105.0,70.5,-47.5,5.0,3760796,629.788684,nan,3.760796,nan,13,0,3759080,26,0,0,13,1716,832,208,884,221,429,13,0,0,13
174,-47.5,57.5,128,64,0,0.0,0.0,0,0.0,57.5,19,433197.6376001188,15.951470288287075,5.125752179127074,64,128,19,15,128,0,34,-105.0,70.5,-47.5,5.0,4339380,634.128064,nan,4.33938,nan,15,0,4337400,30,0,0,15,1980,960,240,1020,255,495,15,0,0,15
175,-47.5,57.5,128,64,0,0.0,0.0,0,0.0,57.5,21,496309.5860675461,18.333908556865925,5.652200914715218,64,128,21,13,128,0,34,-105.0,70.5,-47.5,5.0,3760796,637.88886,nan,3.760796,nan,13,0,3759080,26,0,0,13,1716,832,208,884,221,429,13,0,0,13
176,-47.5,57.5,128,64,0,0.0,0.0,0,0.0,57.5,23,535376.0839669005,22.55798394656554,13.87718196324191,64,128,23,11,128,0,34,-105.0,70.5,-47.5,5.0,3182212,641.071072,nan,3.182212,nan,11,0,3180760,22,0,0,11,1452,704,176,748,187,363,11,0,0,11
177,-47.5,57.5,130,65,0,0.0,0.0,0,0.0,57.5,23,516147.90466212854,19.179798020914816,8.66638901768846,65,130,23,12,130,0,35,-105.0,70.5,-47.5,5.0,3471504,644.542576,nan,3.471504,nan,12,0,3469920,24,0,0,12,1584,768,192,816,204,396,12,0,0,12
178,-47.5,57.5,134,67,0,0.0,0.0,0,0.0,57.5,21,457496.73761932686,15.86549581484347,6.413358945810424,67,134,21,14,134,0,35,-105.0,70.5,-47.5,5.0,4050088,648.592664,nan,4.050088,nan,14,0,4048240,28,0,0,14,1848,896,224,952,238,462,14,0,0,14
179,-47.5,57.5,136,68,0,0.0,0.0,0,0.0,57.5,21,480755.96579034574,18.83053304078257,6.728366759149566,68,136,21,14,136,0,35,-105.0,70.5,-47.5,5.0,4050088,652.642752,nan,4.050088,nan,14,0,4048240,28,0,0,14,1848,896,224,952,238,462,14,0,0,14
180,-47.5,57.5,136,68,0,0.0,0.0,0,0.0,57.5,20,503958.07547474897,17.894874801500677,8.382983604330077,68,136,22,13,136,2,35,-105.0,70.5,-47.5,5.0,3760796,656.403548,nan,3.760796,nan,13,0,3759080,26,0,0,13,1716,832,208,884,221,429,13,0,0,13
181,-47.5,57.5,150,75,0,0.0,0.0,0,0.0,57.5,24,538460.251315534,29.056807820805922,10.136488559142862,75,150,25,10,150,1,35,-105.0,70.5,-47.5,5.0,2892920,659.296468,nan,2.89292,nan,10,0,2891600,20,0,0,10,1320,640,160,680,170,330,10,0,0,10
182,-47.5,57.5,144,72,0,0.0,0.0,0,0.0,57.5,24,537389.2899810919,19.747535958824145,11.716012037328657,72,144,24,11,144,0,35,-105.0,70.5,-47.5,5.0,3182212,662.47868,nan,3.182212,nan,11,0,3180760,22,0,0,11,1452,704,176,748,187,363,11,0,0,11
183,-47.5,57.5,154,77,0,0.0,0.0,0,0.0,57.5,23,512603.52390453033,21.170287247511297,6.117406357697436,77,154,24,11,154,1,35,-105.0,70.5,-47.5,5.0,3182212,665.660892,nan,3.182212,nan,11,0,3180760,22,0,0,11,1452,704,176,748,187,363,11,0,0,11
184,-47.5,57.5,160,80,0,0.0,0.0,0,0.0,57.5,21,515421.9803823201,18.23358540467087,9.17014631939066,80,160,22,13,160,1,35,-105.0,70.5,-47.5,5.0,3760796,669.421688,nan,3.760796,nan,13,0,3759080,26,0,0,13,1716,832,208,884,221,429,13,0,0,13
185,-47.5,57.5,174,87,0,0.0,0.0,0,0.0,57.5,23,523736.8549767565,24.145883611858398,5.310722646203997,87,174,23,12,174,0,35,-105.0,70.5,-47.5,5.0,3471504,672.893192,nan,3.471504,nan,12,0,3469920,24,0,0,12,1584,768,192,816,204,396,12,0,0,12
186,-47.5,57.5,162,81,0,0.0,0.0,0,0.0,57.5,21,517333.222185555,22.342145443250782,9.229610304559051,81,162,23,12,162,2,35,-105.0,70.5,-47.5,5.0,3471504,676.364696,nan,3.471504,nan,12,0,3469920,24,0,0,12,1584,768,192,816,204,396,12,0,0,12
187,-47.5,57.5,138,69,0,0.0,0.0,0,0.0,57.5,22,561292.1297933384,27.094932441990046,17.12515365550664,69,138,23,11,138,1,34,-105.0,70.5,-47.5,5.0,3182212,679.546908,nan,3.182212,nan,11,0,3180760,22,0,0,11,1452,704,176,748,187,363,11,0,0,11
188,-47.5,57.5,130,65,0,0.0,0.0,0,0.0,57.5,17,511407.3446743353,21.542847961175358,7.444059896075669,65,130,19,12,130,2,31,-105.0,70.5,-47.5,5.0,3471504,683.018412,nan,3.471504,nan,12,0,3469920,24,0,0,12,1584,768,192,816,204,396,12,0,0,12
189,-47.5,57.5,140,70,0,0.0,0.0,0,0.0,57.5,18,495002.15113798855,19.463768307700093,7.107731340532012,70,140,19,12,140,1,31,-105.0,70.5,-47.5,5.0,3471504,686.489916,nan,3.471504,nan,12,0,3469920,24,0,0,12,1584,768,192,816,204,396,12,0,0,12
190,-47.5,57.5,140,70,0,0.0,0.0,0,0.0,57.5,19,472233.21873868,17.309213600143465,6.408939127746658,70,140,19,12,140,0,31,-105.0,70.5,-47.5,5.0,3471504,689.96142,nan,3.471504,nan,12,0,3469920,24,0,0,12,1584,768,192,816,204,396,12,0,0,12
191,-47.5,57.5,126,63,0,0.0,0.0,0,0.0,57.5,19,479566.15904025204,24.510124764201702,8.91212867466127,63,126,19,12,126,0,31,-105.0,70.5,-47.5,5.0,3471504,693.432924,nan,3.471504,nan,12,0,3469920,24,0,0,12,1584,768,192,816,204,396,12,0,0,12
192,-47.5,57.5,122,61,0,0.0,0.0,0,0.0,57.5,18,495136.5967871328,20.94001926332044,9.414334717345538,61,122,18,12,122,0,30,-105.0,70.5,-47.5,5.0,3471504,696.904428,nan,3.471504,nan,12,0,3469920,24,0,0,12,1584,768,192,816,204,396,12,0,0,12
193,-47.5,57.5,112,56,0,0.0,0.0,0,0.0,57.5,16,478686.26388151693,18.373651053567418,8.339129753795017,56,112,16,12,112,0,28,-105.0,70.5,-47.5,5.0,3471504,700.375932,nan,3.471504,nan,12,0,3469920,24,0,0,12,1584,768,192,816,204,396,12,0,0,12
194,-47.5,57.5,98,49,0,0.0,0.0,0,0.0,57.5,15,537119.2095496183,26.548998335460865,10.80558981627929,49,98,15,9,98,0,24,-105.0,70.5,-47.5,5.0,2603628,702.97956,nan,2.603628,nan,9,0,2602440,18,0,0,9,1188,576,144,612,153,297,9,0,0,9
195,-47.5,57.5,94,47,0,0.0,0.0,0,0.0,57.5,14,562500.0,32.0623580974539,18.30459644387275,47,94,14,9,94,0,23,-105.0,70.5,-47.5,5.0,2603628,705.583188,nan,2.603628,nan,9,0,2602440,18,0,0,9,1188,576,144,612,153,297,9,0,0,9
196,-47.5,57.5,84,42,0,0.0,0.0,0,0.0,57.5,11,549293.6286918918,27.681874576737943,15.037390697476189,42,84,11,9,84,0,20,-105.0,70.5,-47.5,5.0,2603628,708.186816,nan,2.603628,nan,9,0,2602440,18,0,0,9,1188,576,144,612,153,297,9,0,0,9
197,-47.5,57.5,94,47,0,0.0,0.0,0,0.0,57.5,14,538486.6436802826,31.23486012205265,12.959952909238448,47,94,14,9,94,0,23,-105.0,70.5,-47.5,5.0,2603628,710.790444,nan,2.603628,nan,9,0,2602440,18,0,0,9,1188,576,144,612,153,297,9,0,0,9
198,-47.5,57.5,96,48,0,0.0,0.0,0,0.0,57.5,13,533339.784318457,23.502325766795135,10.88810265054823,48,96,13,10,96,0,23,-105.0,70.5,-47.5,5.0,2892920,713.683364,nan,2.89292,nan,10,0,2891600,20,0,0,10,1320,640,160,680,170,330,10,0,0,10
199,-47.5,57.5,92,46,0,0.0,0.0,0,0.0,57.5,14,557489.6495641785,34.646864386720026,15.031688164076629,46,92,14,9,92,0,23,-105.0,70.5,-47.5,5.0,2603628,716.286992,nan,2.603628,nan,9,0,2602440,18,0,0,9,1188,576,144,612,153,297,9,0,0,9
200,-47.5,57.5,104,52,0,0.0,0.0,0,0.0,57.5,17,506394.9208901093,20.6644163486349,12.07065625649122,52,104,17,9,104,0,26,-105.0,70.5,-47.5,5.0,2603628,718.89062,nan,2.603628,nan,9,0,2602440,18,0,0,9,1188,576,144,612,153,297,9,0,0,9
201,-47.5,57.5,108,54,0,0.0,0.0,0,0.0,57.5,17,479132.86908792454,18.411868600359103,6.1135963536804505,54,108,17,10,108,0,27,-105.0,70.5,-47.5,5.0,2892920,721.78354,nan,2.89292,nan,10,0,2891600,20,0,0,10,1320,640,160,680,170,330,10,0,0,10
202,-47.5,57.5,110,55,0,0.0,0.0,0,0.0,57.5,18,527698.0538450275,26.007031042024334,11.793541206315556,55,110,18,9,110,0,27,-105.0,70.5,-47.5,5.0,2603628,724.387168,nan,2.603628,nan,9,0,2602440,18,0,0,9,1188,576,144,612,153,297,9,0,0,9
203,-47.5,57.5,112,56,0,0.0,0.0,0,0.0,57.5,20,540018.8301722187,34.90166686608784,8.91260034276422,56,112,20,8,112,0,28,-105.0,70.5,-47.5,5.0,2314336,726.701504,nan,2.314336,nan,8,0,2313280,16,0,0,8,1056,512,128,544,136,264,8,0,0,8
204,-47.5,57.5,110,55,0,0.0,0.0,0,0.0,57.5,16,513108.739122608,30.01692593794361,11.184231965436641,55,110,17,9,110,1,26,-105.0,70.5,-47.5,5.0,2603628,729.305132,nan,2.603628,nan,9,0,2602440,18,0,0,9,1188,576,144,612,153,297,9,0,0,9
205,-47.5,57.5,112,56,0,0.0,0.0,0,0.0,57.5,15,505691.7539150987,19.847581807523003,9.786349236140767,56,112,16,11,112,1,27,-105.0,70.5,-47.5,5.0,3182212,732.487344,nan,3.182212,nan,11,0,3180760,22,0,0,11,1452,704,176,748,187,363,11,0,0,11
206,-47.5,57.5,122,61,0,0.0,0.0,0,0.0,57.5,16,494693.702939412,21.38225587342646,6.53783667684298,61,122,18,10,122,2,28,-105.0,70.5,-47.5,5.0,2892920,735.380264,nan,2.89292,nan,10,0,2891600,20,0,0,10,1320,640,160,680,170,330,10,0,0,10
207,-47.5,57.5,132,66,0,0.0,0.0,0,0.0,57.5,19,508477.16988307255,23.53753695991927,10.404362610263343,66,132,19,11,132,0,30,-105.0,70.5,-47.5,5.0,3182212,738.562476,nan,3.182212,nan,11,0,3180760,22,0,0,11,1452,704,176,748,187,363,11,0,0,11
208,-47.5,57.5,144,72,0,0.0,0.0,0,0.0,57.5,18,473988.59857968515,16.707036291283774,7.529388930015065,72,144,19,12,144,1,31,-105.0,70.5,-47.5,5.0,3471504,742.03398,nan,3.471504,nan,12,0,3469920,24,0,0,12,1584,768,192,816,204,396,12,0,0,12
209,-47.5,57.5,178,89,0,0.0,0.0,0,0.0,57.5,18,481351.278983888,23.774950602993986,5.362040090635977,89,178,24,11,178,6,35,-105.0,70.5,-47.5,5.0,3182212,745.216192,nan,3.182212,nan,11,0,3180760,22,0,0,11,1452,704,176,748,187,363,11,0,0,11
210,-47.5,57.5,180,90,0,0.0,0.0,0,0.0,57.5,22,499151.1052656508,26.185786312787315,9.194568936564615,90,180,22,10,180,0,32,-105.0,70.5,-47.5,5.0,2892920,748.109112,nan,2.89292,nan,10,0,2891600,20,0,0,10,1320,640,160,680,170,330,10,0,0,10
211,-47.5,57.5,204,102,0,0.0,0.0,0,0.0,57.5,20,477306.14873727487,18.448386957695906,5.282326727852016,102,204,21,12,204,1,33,-105.0,70.5,-47.5,5.0,3471504,751.580616,nan,3.471504,nan,12,0,3469920,24,0,0,12,1584,768,192,816,204,396,12,0,0,12
212,-47.5,57.5,206,103,0,0.0,0.0,0,0.0,57.5,19,462715.6773625928,16.228841797142884,5.043570332797581,103,206,19,14,206,0,33,-105.0,70.5,-47.5,5.0,4050088,755.630704,nan,4.050088,nan,14,0,4048240,28,0,0,14,1848,896,224,952,238,462,14,0,0,14
213,-47.5,57.5,212,106,0,0.0,0.0,0,0.0,57.5,20,469562.6852701516,16.673469478626505,5.250569698669805,106,212,23,12,212,3,35,-105.0,70.5,-47.5,5.0,3471504,759.102208,nan,3.471504,nan,12,0,3469920,24,0,0,12,1584,768,192,816,204,396,12,0,0,12
214,-47.5,57.5,204,102,0,0.0,0.0,0,0.0,57.5,21,516179.2122135654,19.284054327130292,9.52854915755832,102,204,23,11,204,2,34,-105.0,70.5,-47.5,5.0,3182212,762.28442,nan,3.182212,nan,11,0,3180760,22,0,0,11,1452,704,176,748,187,363,11,0,0,11
215,-47.5,57.5,194,97,0,0.0,0.0,0,0.0,57.5,20,510291.14052763634,20.171036855668845,10.340611905650283,97,194,23,11,194,3,34,-105.0,70.5,-47.5,5.0,3182212,765.466632,nan,3.182212,nan,11,0,3180760,22,0,0,11,1452,704,176,748,187,363,11,0,0,11
216,-47.5,57.5,194,97,0,0.0,0.0,0,0.0,57.5,20,532856.3662164828,22.157673731632862,9.899123933914117,97,194,23,11,194,3,34,-105.0,70.5,-47.5,5.0,3182212,768.648844,nan,3.182212,nan,11,0,3180760,22,0,0,11,1452,704,176,748,187,363,11,0,0,11
217,-47.5,57.5,196,98,0,0.0,0.0,0,0.0,57.5,21,438518.54418718105,17.75245418577395,6.373197892221297,98,196,22,13,196,1,35,-105.0,70.5,-47.5,5.0,3760796,772.40964,nan,3.760796,nan,13,0,3759080,26,0,0,13,1716,832,208,884,221,429,13,0,0,13
218,-47.5,57.5,202,101,0,0.0,0.0,0,0.0,57.5,19,448495.4481016428,19.540064832310474,5.270835601277067,101,202,22,12,202,3,34,-105.0,70.5,-47.5,5.0,3471504,775.881144,nan,3.471504,nan,12,0,3469920,24,0,0,12,1584,768,192,816,204,396,12,0,0,12
219,-47.5,57.5,214,107,0,0.0,0.0,0,0.0,57.5,24,505996.23679287464,24.31164920886822,6.375289734499299,107,214,25,10,214,1,35,-105.0,70.5,-47.5,5.0,2892920,778.774064,nan,2.89292,nan,10,0,2891600,20,0,0,10,1320,640,160,680,170,330,10,0,0,10
220,-47.5,57.5,216,108,0,0.0,0.0,0,0.0,57.5,20,531008.834258958,25.998180464477297,11.153372597670327,108,216,25,10,216,5,35,-105.0,70.5,-47.5,5.0,2892920,781.666984,nan,2.89292,nan,10,0,2891600,20,0,0,10,1320,640,160,680,170,330,10,0,0,10
221,-47.5,57.5,218,109,0,0.0,0.0,0,0.0,57.5,23,468277.52612376824,20.71738412407688,5.8780470601789725,109,218,24,11,218,1,35,-105.0,70.5,-47.5,5.0,3182212,784.849196,nan,3.182212,nan,11,0,3180760,22,0,0,11,1452,704,176,748,187,363,11,0,0,11
222,-47.5,57.5,220,110,0,0.0,0.0,0,0.0,57.5,22,486777.5847456701,20.267104665992854,6.565203951215761,110,220,25,10,220,3,35,-105.0,70.5,-47.5,5.0,2892920,787.742116,nan,2.89292,nan,10,0,2891600,20,0,0,10,1320,640,160,680,170,330,10,0,0,10
223,-47.5,57.5,226,113,0,0.0,0.0,0,0.0,57.5,24,531985.2625424843,32.04855895973746,9.760081484862752,113,226,25,10,226,1,35,-105.0,70.5,-47.5,5.0,2892920,790.635036,nan,2.89292,nan,10,0,2891600,20,0,0,10,1320,640,160,680,170,330,10,0,0,10
224,-47.5,57.5,224,112,0,0.0,0.0,0,0.0,57.5,21,452127.73549761437,18.976998357048412,7.688309943816201,112,224,22,13,224,1,35,-105.0,70.5,-47.5,5.0,3760796,794.395832,nan,3.760796,nan,13,0,3759080,26,0,0,13,1716,832,208,884,221,429,13,0,0,13
225,-47.5,57.5,220,110,0,0.0,0.0,0,0.0,57.5,19,469170.8558152786,18.81749736961086,6.517416194918665,110,220,23,12,220,4,35,-105.0,70.5,-47.5,5.0,3471504,797.867336,nan,3.471504,nan,12,0,3469920,24,0,0,12,1584,768,192,816,204,396,12,0,0,12
226,-47.5,57.5,216,108,0,0.0,0.0,0,0.0,57.5,20,492167.65762314404,25.282682670106773,8.03802101810922,108,216,24,10,216,4,34,-105.0,70.5,-47.5,5.0,2892920,800.760256,nan,2.89292,nan,10,0,2891600,20,0,0,10,1320,640,160,680,170,330,10,0,0,10
227,-47.5,57.5,220,110,0,0.0,0.0,0,0.0,57.5,20,460802.1241212835,16.71479659390757,5.744999856430894,110,220,22,12,220,2,34,-105.0,70.5,-47.5,5.0,3471504,804.23176,nan,3.471504,nan,12,0,3469920,24,0,0,12,1584,768,192,816,204,396,12,0,0,12
228,-47.5,57.5,208,104,0,0.0,0.0,0,0.0,57.5,20,446666.126817479,17.36387479860549,7.029815556809776,104,208,22,12,208,2,34,-105.0,70.5,-47.5,5.0,3471504,807.703264,nan,3.471504,nan,12,0,3469920,24,0,0,12,1584,768,192,816,204,396,12,0,0,12
229,-47.5,57.5,206,103,0,0.0,0.0,0,0.0,57.5,22,475248.9916798538,21.27881071919086,5.78904419854058,103,206,22,13,206,0,35,-105.0,70.5,-47.5,5.0,3760796,811.46406,nan,3.760796,nan,13,0,3759080,26,0,0,13,1716,832,208,884,221,429,13,0,0,13
230,-47.5,57.5,208,104,0,0.0,0.0,0,0.0,57.5,21,437693.2988227519,16.06005212137937,5.289344446681346,104,208,23,12,208,2,35,-105.0,70.5,-47.5,5.0,3471504,814.935564,nan,3.471504,nan,12,0,3469920,24,0,0,12,1584,768,192,816,204,396,12,0,0,12
231,-47.5,57.5,188,94,0,0.0,0.0,0,0.0,57.5,20,474831.0710551008,17.930381265517966,7.6852335957823215,94,188,23,12,188,3,35,-105.0,70.5,-47.5,5.0,3471504,818.407068,nan,3.471504,nan,12,0,3469920,24,0,0,12,1584,768,192,816,204,396,12,0,0,12
232,-47.5,57.5,196,98,0,0.0,0.0,0,0.0,57.5,20,492207.15512977773,18.05857802132555,6.957894865370248,98,196,22,12,196,2,34,-105.0,70.5,-47.5,5.0,3471504,821.878572,nan,3.471504,nan,12,0,3469920,24,0,0,12,1584,768,192,816,204,396,12,0,0,12
233,-47.5,57.5,190,95,0,0.0,0.0,0,0.0,57.5,19,478907.6927373644,25.075841216573707,7.169233289363683,95,190,21,12,190,2,33,-105.0,70.5,-47.5,5.0,3471504,825.350076,nan,3.471504,nan,12,0,3469920,24,0,0,12,1584,768,192,816,204,396,12,0,0,12
234,-47.5,57.5,168,84,0,0.0,0.0,0,0.0,57.5,20,539414.3695913674,25.61655871560609,9.172235038681281,84,168,22,10,168,2,32,-105.0,70.5,-47.5,5.0,2892920,828.242996,nan,2.89292,nan,10,0,2891600,20,0,0,10,1320,640,160,680,170,330,10,0,0,10
235,-47.5,57.5,176,88,0,0.0,0.0,0,0.0,57.5,23,476764.3528733215,17.597935493313592,6.8684002110187325,88,176,23,13,176,0,36,-105.0,70.5,-47.5,5.0,3760796,832.003792,nan,3.760796,nan,13,0,3759080,26,0,0,13,1716,832,208,884,221,429,13,0,0,13
236,-47.5,57.5,172,86,0,0.0,0.0,0,0.0,57.5,24,547297.5333278627,28.793714022600295,7.6034612307942755,86,172,25,10,172,1,35,-105.0,70.5,-47.5,5.0,2892920,834.896712,nan,2.89292,nan,10,0,2891600,20,0,0,10,1320,640,160,680,170,330,10,0,0,10
237,-47.5,57.5,174,87,0,0.0,0.0,0,0.0,57.5,20,485812.28526174603,19.447340952360367,5.097666963400556,87,174,22,12,174,2,34,-105.0,70.5,-47.5,5.0,3471504,838.368216,nan,3.471504,nan,12,0,3469920,24,0,0,12,1584,768,192,816,204,396,12,0,0,12
238,-47.5,57.5,168,84,0,0.0,0.0,0,0.0,57.5,19,534440.4970155697,24.041170945426465,7.188702212272129,84,168,21,10,168,2,31,-105.0,70.5,-47.5,5.0,2892920,841.261136,nan,2.89292,nan,10,0,2891600,20,0,0,10,1320,640,160,680,170,330,10,0,0,10
239,-47.5,57.5,156,78,0,0.0,0.0,0,0.0,57.5,19,481012.7764879085,19.69342256461201,6.517993700248846,78,156,20,12,156,1,32,-105.0,70.5,-47.5,5.0,3471504,844.73264,nan,3.471504,nan,12,0,3469920,24,0,0,12,1584,768,192,816,204,396,12,0,0,12
240,-47.5,57.5,154,77,0,0.0,0.0,0,0.0,57.5,21,452565.3354420163,17.842242496633705,6.284476958572101,77,154,21,13,154,0,34,-105.0,70.5,-47.5,5.0,3760796,848.493436,nan,3.760796,nan,13,0,3759080,26,0,0,13,1716,832,208,884,221,429,13,0,0,13
241,-47.5,57.5,172,86,0,0.0,0.0,0,0.0,57.5,21,503466.8909440182,22.431416023763045,9.098942761870276,86,172,24,12,172,3,36,-105.0,70.5,-47.5,5.0,3471504,851.96494,nan,3.471504,nan,12,0,3469920,24,0,0,12,1584,768,192,816,204,396,12,0,0,12
242,-47.5,57.5,162,81,0,0.0,0.0,0,0.0,57.5,22,493654.8974452088,17.055893433725778,9.581878996157243,81,162,22,14,162,0,36,-105.0,70.5,-47.5,5.0,4050088,856.015028,nan,4.050088,nan,14,0,4048240,28,0,0,14,1848,896,224,952,238,462,14,0,0,14
243,-47.5,57.5,162,81,0,0.0,0.0,0,0.0,57.5,24,518401.7121051403,23.70122498663078,9.954698353054933,81,162,24,11,162,0,35,-105.0,70.5,-47.5,5.0,3182212,859.19724,nan,3.182212,nan,11,0,3180760,22,0,0,11,1452,704,176,748,187,363,11,0,0,11
244,-47.5,57.5,138,69,0,0.0,0.0,0,0.0,57.5,22,543732.0888340161,22.112756247306823,11.0885824364216,69,138,23,11,138,1,34,-105.0,70.5,-47.5,5.0,3182212,862.379452,nan,3.182212,nan,11,0,3180760,22,0,0,11,1452,704,176,748,187,363,11,0,0,11
245,-47.5,57.5,124,62,0,0.0,0.0,0,0.0,57.5,20,480851.00955004274,18.438963373253436,6.050374424740859,62,124,20,12,124,0,32,-105.0,70.5,-47.5,5.0,3471504,865.850956,nan,3.471504,nan,12,0,3469920,24,0,0,12,1584,768,192,816,204,396,12,0,0,12
246,-47.5,57.5,112,56,0,0.0,0.0,0,0.0,57.5,19,488085.6048175255,20.083916188848622,6.5880256881136035,56,112,19,13,112,0,32,-105.0,70.5,-47.5,5.0,3760796,869.611752,nan,3.760796,nan,13,0,3759080,26,0,0,13,1716,832,208,884,221,429,13,0,0,13
247,-47.5,57.5,114,57,0,0.0,0.0,0,0.0,57.5,22,474581.2470934062,22.203577414396147,7.625917115263219,57,114,22,12,114,0,34,-105.0,70.5,-47.5,5.0,3471504,873.083256,nan,3.471504,nan,12,0,3469920,24,0,0,12,1584,768,192,816,204,396,12,0,0,12
248,-47.5,57.5,118,59,0,0.0,0.0,0,0.0,57.5,20,504368.7447690746,22.184599376653843,8.696355447755774,59,118,20,13,118,0,33,-105.0,70.5,-47.5,5.0,3760796,876.844052,nan,3.760796,nan,13,0,3759080,26,0,0,13,1716,832,208,884,221,429,13,0,0,13
249,-47.5,57.5,124,62,0,0.0,0.0,0,0.0,57.5,20,524739.4710662196,19.225070193953172,9.423765949446159,62,124,20,12,124,0,32,-105.0,70.5,-47.5,5.0,3471504,880.315556,nan,3.471504,nan,12,0,3469920,24,0,0,12,1584,768,192,816,204,396,12,0,0,12
250,-47.5,57.5,118,59,0,0.0,0.0,0,0.0,57.5,20,522217.8139517952,23.170240180903704,8.485899413173044,59,118,20,11,118,0,31,-105.0,70.5,-47.5,5.0,3182212,883.497768,nan,3.182212,nan,11,0,3180760,22,0,0,11,1452,704,176,748,187,363,11,0,0,11
251,-47.5,57.5,114,57,0,0.0,0.0,0,0.0,57.5,20,494367.00138085824,21.3629917244423,6.94185560804261,57,114,20,13,114,0,33,-105.0,70.5,-47.5,5.0,3760796,887.258564,nan,3.760796,nan,13,0,3759080,26,0,0,13,1716,832,208,884,221,429,13,0,0,13
252,-47.5,57.5,110,55,0,0.0,0.0,0,0.0,57.5,21,521842.20043518906,22.561751401771982,7.580467654608675,55,110,21,12,110,0,33,-105.0,70.5,-47.5,5.0,3471504,890.730068,nan,3.471504,nan,12,0,3469920,24,0,0,12,1584,768,192,816,204,396,12,0,0,12
253,-47.5,57.5,108,54,0,0.0,0.0,0,0.0,57.5,21,552820.7470469805,28.174686288660187,14.307047242345902,54,108,21,11,108,0,32,-105.0,70.5,-47.5,5.0,3182212,893.91228,nan,3.182212,nan,11,0,3180760,22,0,0,11,1452,704,176,748,187,363,11,0,0,11
254,-47.5,57.5,102,51,0,0.0,0.0,0,0.0,57.5,19,534371.6205892997,24.96866350489222,9.973449856773918,51,102,19,12,102,0,31,-105.0,70.5,-47.5,5.0,3471504,897.383784,nan,3.471504,nan,12,0,3469920,24,0,0,12,1584,768,192,816,204,396,12,0,0,12
255,-47.5,57.5,106,53,0,0.0,0.0,0,0.0,57.5,19,471974.0446196433,18.635881564868587,5.163874785289778,53,106,19,12,106,0,31,-105.0,70.5,-47.5,5.0,3471504,900.855288,nan,3.471504,nan,12,0,3469920,24,0,0,12,1584,768,192,816,204,396,12,0,0,12
256,-47.5,57.5,112,56,0,0.0,0.0,0,0.0,57.5,19,512053.0312773817,19.69326396248684,6.0482399409504914,56,112,20,14,112,1,34,-105.0,70.5,-47.5,5.0,4050088,904.905376,nan,4.050088,nan,14,0,4048240,28,0,0,14,1848,896,224,952,238,462,14,0,0,14
257,-47.5,57.5,108,54,0,0.0,0.0,0,0.0,57.5,20,492264.1889759939,21.039670292135632,5.7026643084351045,54,108,20,14,108,0,34,-105.0,70.5,-47.5,5.0,4050088,908.955464,nan,4.050088,nan,14,0,4048240,28,0,0,14,1848,896,224,952,238,462,14,0,0,14
258,-47.5,57.5,98,49,0,0.0,0.0,0,0.0,57.5,21,562500.0,30.800597016322083,20.14595252553867,49,98,21,9,98,0,30,-105.0,70.5,-47.5,5.0,2603628,911.559092,nan,2.603628,nan,9,0,2602440,18,0,0,9,1188,576,144,612,153,297,9,0,0,9
259,-47.5,57.5,98,49,0,0.0,0.0,0,0.0,57.5,20,536603.6058120544,29.423686772228017,11.989010334903975,49,98,20,10,98,0,30,-105.0,70.5,-47.5,5.0,2892920,914.452012,nan,2.89292,nan,10,0,2891600,20,0,0,10,1320,640,160,680,170,330,10,0,0,10
260,-47.5,57.5,110,55,0,0.0,0.0,0,0.0,57.5,19,486128.6040121209,20.401157642505932,6.197717358038578,55,110,19,13,110,0,32,-105.0,70.5,-47.5,5.0,3760796,918.212808,nan,3.760796,nan,13,0,3759080,26,0,0,13,1716,832,208,884,221,429,13,0,0,13
261,-47.5,57.5,112,56,0,0.0,0.0,0,0.0,57.5,20,509414.6491625824,22.51386130077835,6.818400674534024,56,112,20,12,112,0,32,-105.0,70.5,-47.5,5.0,3471504,921.684312,nan,3.471504,nan,12,0,3469920,24,0,0,12,1584,768,192,816,204,396,12,0,0,12
262,-47.5,57.5,112,56,0,0.0,0.0,0,0.0,57.5,20,533671.155208428,25.342630069142427,10.578543019548318,56,112,20,12,112,0,32,-105.0,70.5,-47.5,5.0,3471504,925.155816,nan,3.471504,nan,12,0,3469920,24,0,0,12,1584,768,192,816,204,396,12,0,0,12
263,-47.5,57.5,114,57,0,0.0,0.0,0,0.0,57.5,20,503174.9745889129,21.469518121201553,5.879226226310884,57,114,20,14,114,0,34,-105.0,70.5,-47.5,5.0,4050088,929.205904,nan,4.050088,nan,14,0,4048240,28,0,0,14,1848,896,224,952,238,462,14,0,0,14
264,-47.5,57.5,116,58,0,0.0,0.0,0,0.0,57.5,21,496032.2870314177,21.56504562852672,8.42192794806641,58,116,21,13,116,0,34,-105.0,70.5,-47.5,5.0,3760796,932.9667,nan,3.760796,nan,13,0,3759080,26,0,0,13,1716,832,208,884,221,429,13,0,0,13
265,-47.5,57.5,124,62,0,0.0,0.0,0,0.0,57.5,20,483251.7074900867,17.890867334994503,5.965726385464759,62,124,20,14,124,0,34,-105.0,70.5,-47.5,5.0,4050088,937.016788,nan,4.050088,nan,14,0,4048240,28,0,0,14,1848,896,224,952,238,462,14,0,0,14
266,-47.5,57.5,124,62,0,0.0,0.0,0,0.0,57.5,20,523804.2886117353,19.731293103569385,9.334561511172911,62,124,20,14,124,0,34,-105.0,70.5,-47.5,5.0,4050088,941.066876,nan,4.050088,nan,14,0,4048240,28,0,0,14,1848,896,224,952,238,462,14,0,0,14
267,-47.5,57.5,122,61,0,0.0,0.0,0,0.0,57.5,19,525850.0469416261,21.65530804356429,12.42274015508137,61,122,21,13,122,2,34,-105.0,70.5,-47.5,5.0,3760796,944.827672,nan,3.760796,nan,13,0,3759080,26,0,0,13,1716,832,208,884,221,429,13,0,0,13
268,-47.5,57.5,120,60,0,0.0,0.0,0,0.0,57.5,21,466939.17489043466,17.212022189483253,5.535940263206685,60,120,21,13,120,0,34,-105.0,70.5,-47.5,5.0,3760796,948.588468,nan,3.760796,nan,13,0,3759080,26,0,0,13,1716,832,208,884,221,429,13,0,0,13
269,-47.5,57.5,118,59,0,0.0,0.0,0,0.0,57.5,21,533678.3051874442,24.814588779374116,7.828385475794221,59,118,22,12,118,1,34,-105.0,70.5,-47.5,5.0,3471504,952.059972,nan,3.471504,nan,12,0,3469920,24,0,0,12,1584,768,192,816,204,396,12,0,0,12
270,-47.5,57.5,118,59,0,0.0,0.0,0,0.0,57.5,20,492838.5340751687,22.69847661022693,6.646788260907146,59,118,20,14,118,0,34,-105.0,70.5,-47.5,5.0,4050088,956.11006,nan,4.050088,nan,14,0,4048240,28,0,0,14,1848,896,224,952,238,462,14,0,0,14
271,-47.5,57.5,132,66,0,0.0,0.0,0,0.0,57.5,18,494968.7086916766,19.056739520479415,6.461122901444673,66,132,20,14,132,2,34,-105.0,70.5,-47.5,5.0,4050088,960.160148,nan,4.050088,nan,14,0,4048240,28,0,0,14,1848,896,224,952,238,462,14,0,0,14
272,-47.5,57.5,128,64,0,0.0,0.0,0,0.0,57.5,21,466838.17649676185,17.28508476212518,6.754711453249682,64,128,21,13,128,0,34,-105.0,70.5,-47.5,5.0,3760796,963.920944,nan,3.760796,nan,13,0,3759080,26,0,0,13,1716,832,208,884,221,429,13,0,0,13
273,-47.5,57.5,134,67,0,0.0,0.0,0,0.0,57.5,21,523015.9880915635,23.42018871854126,10.963363536311112,67,134,21,13,134,0,34,-105.0,70.5,-47.5,5.0,3760796,967.68174,nan,3.760796,nan,13,0,3759080,26,0,0,13,1716,832,208,884,221,429,13,0,0,13
274,-47.5,57.5,130,65,0,0.0,0.0,0,0.0,57.5,21,561560.3017882175,23.85589015947221,17.604299245131884,65,130,22,12,130,1,34,-105.0,70.5,-47.5,5.0,3471504,971.153244,nan,3.471504,nan,12,0,3469920,24,0,0,12,1584,768,192,816,204,396,12,0,0,12
275,-47.5,57.5,132,66,0,0.0,0.0,0,0.0,57.5,20,524261.8323119581,26.22015819034245,6.492260966524345,66,132,22,12,132,2,34,-105.0,70.5,-47.5,5.0,3471504,974.624748,nan,3.471504,nan,12,0,3469920,24,0,0,12,1584,768,192,816,204,396,12,0,0,12
276,-47.5,57.5,134,67,0,0.0,0.0,0,0.0,57.5,21,501540.3781671298,19.052653382679054,10.0198525108894,67,134,21,13,134,0,34,-105.0,70.5,-47.5,5.0,3760796,978.385544,nan,3.760796,nan,13,0,3759080,26,0,0,13,1716,832,208,884,221,429,13,0,0,13
277,-47.5,57.5,132,66,0,0.0,0.0,0,0.0,57.5,20,509344.56656411506,20.916339048393255,6.182846026435621,66,132,20,12,132,0,32,-105.0,70.5,-47.5,5.0,3471504,981.857048,nan,3.471504,nan,12,0,3469920,24,0,0,12,1584,768,192,816,204,396,12,0,0,12
278,-47.5,57.5,140,70,0,0.0,0.0,0,0.0,57.5,19,506932.3702188052,26.948078223589913,6.734809629784238,70,140,21,12,140,2,33,-105.0,70.5,-47.5,5.0,3471504,985.328552,nan,3.471504,nan,12,0,3469920,24,0,0,12,1584,768,192,816,204,396,12,0,0,12
279,-47.5,57.5,138,69,0,0.0,0.0,0,0.0,57.5,19,479737.4906771484,17.834650765901824,6.410884827779892,69,138,19,13,138,0,32,-105.0,70.5,-47.5,5.0,3760796,989.089348,nan,3.760796,nan,13,0,3759080,26,0,0,13,1716,832,208,884,221,429,13,0,0,13
280,-47.5,57.5,124,62,0,0.0,0.0,0,0.0,57.5,20,517102.1326129059,27.347389397512508,6.336495298282221,62,124,20,11,124,0,31,-105.0,70.5,-47.5,5.0,3182212,992.27156,nan,3.182212,nan,11,0,3180760,22,0,0,11,1452,704,176,748,187,363,11,0,0,11
281,-47.5,57.5,116,58,0,0.0,0.0,0,0.0,57.5,18,471482.99859569845,21.139658730235585,5.957513612251047,58,116,18,13,116,0,31,-105.0,70.5,-47.5,5.0,3760796,996.032356,nan,3.760796,nan,13,0,3759080,26,0,0,13,1716,832,208,884,221,429,13,0,0,13
282,-47.5,57.5,122,61,0,0.0,0.0,0,0.0,57.5,20,551506.0297647748,27.591590609711396,12.865626210718412,61,122,22,10,122,2,32,-105.0,70.5,-47.5,5.0,2892920,998.925276,nan,2.89292,nan,10,0,2891600,20,0,0,10,1320,640,160,680,170,330,10,0,0,10
283,-47.5,57.5,132,66,0,0.0,0.0,0,0.0,57.5,21,497751.4484767867,21.22719079202305,8.348268212981377,66,132,21,13,132,0,34,-105.0,70.5,-47.5,5.0,3760796,1002.686072,nan,3.760796,nan,13,0,3759080,26,0,0,13,1716,832,208,884,221,429,13,0,0,13
284,-47.5,57.5,134,67,0,0.0,0.0,0,0.0,57.5,19,474585.1802218711,16.978894370526522,7.020588272918511,67,134,20,11,134,1,31,-105.0,70.5,-47.5,5.0,3182212,1005.868284,nan,3.182212,nan,11,0,3180760,22,0,0,11,1452,704,176,748,187,363,11,0,0,11
285,-47.5,57.5,136,68,0,0.0,0.0,0,0.0,57.5,19,474854.95061286347,16.079820992659965,6.887609310046015,68,136,20,12,136,1,32,-105.0,70.5,-47.5,5.0,3471504,1009.339788,nan,3.471504,nan,12,0,3469920,24,0,0,12,1584,768,192,816,204,396,12,0,0,12
286,-47.5,57.5,140,70,0,0.0,0.0,0,0.0,57.5,20,465595.0537126947,22.414659199568472,8.367370100990662,70,140,21,12,140,1,33,-105.0,70.5,-47.5,5.0,3471504,1012.811292,nan,3.471504,nan,12,0,3469920,24,0,0,12,1584,768,192,816,204,396,12,0,0,12
287,-47.5,57.5,138,69,0,0.0,0.0,0,0.0,57.5,21,486922.0864874254,18.27855912972548,6.796613633568265,69,138,22,13,138,1,35,-105.0,70.5,-47.5,5.0,3760796,1016.572088,nan,3.760796,nan,13,0,3759080,26,0,0,13,1716,832,208,884,221,429,13,0,0,13
288,-47.5,57.5,130,65,0,0.0,0.0,0,0.0,57.5,22,485714.1394052667,20.479019186118958,7.631598637653909,65,130,22,12,130,0,34,-105.0,70.5,-47.5,5.0,3471504,1020.043592,nan,3.471504,nan,12,0,3469920,24,0,0,12,1584,768,192,816,204,396,12,0,0,12
289,-47.5,57.5,136,68,0,0.0,0.0,0,0.0,57.5,19,486791.73826052493,23.675737314968398,6.135481227356838,68,136,21,11,136,2,32,-105.0,70.5,-47.5,5.0,3182212,1023.225804,nan,3.182212,nan,11,0,3180760,22,0,0,11,1452,704,176,748,187,363,11,0,0,11
290,-47.5,57.5,144,72,0,0.0,0.0,0,0.0,57.5,19,484392.47298218,22.027422759450317,5.479861674002738,72,144,22,12,144,3,34,-105.0,70.5,-47.5,5.0,3471504,1026.697308,nan,3.471504,nan,12,0,3469920,24,0,0,12,1584,768,192,816,204,396,12,0,0,12
291,-47.5,57.5,150,75,0,0.0,0.0,0,0.0,57.5,21,499778.4766552697,20.52344469628464,9.137938204212944,75,150,22,12,150,1,34,-105.0,70.5,-47.5,5.0,3471504,1030.168812,nan,3.471504,nan,12,0,3469920,24,0,0,12,1584,768,192,816,204,396,12,0,0,12
292,-47.5,57.5,154,77,0,0.0,0.0,0,0.0,57.5,22,474015.09304648533,22.437454848455506,5.318049542026214,77,154,22,13,154,0,35,-105.0,70.5,-47.5,5.0,3760796,1033.929608,nan,3.760796,nan,13,0,3759080,26,0,0,13,1716,832,208,884,221,429,13,0,0,13
293,-47.5,57.5,152,76,0,0.0,0.0,0,0.0,57.5,22,452512.6659504538,17.74619448013672,7.817794083631158,76,152,22,13,152,0,35,-105.0,70.5,-47.5,5.0,3760796,1037.690404,nan,3.760796,nan,13,0,3759080,26,0,0,13,1716,832,208,884,221,429,13,0,0,13
294,-47.5,57.5,150,75,0,0.0,0.0,0,0.0,57.5,21,521940.05424551293,23.63568188369974,10.371926533425352,75,150,24,10,150,3,34,-105.0,70.5,-47.5,5.0,2892920,1040.583324,nan,2.89292,nan,10,0,2891600,20,0,0,10,1320,640,160,680,170,330,10,0,0,10
295,-47.5,57.5,158,79,0,0.0,0.0,0,0.0,57.5,22,517094.4624319946,19.054914685910727,7.6913499055444685,79,158,23,13,158,1,36,-105.0,70.5,-47.5,5.0,3760796,1044.34412,nan,3.760796,nan,13,0,3759080,26,0,0,13,1716,832,208,884,221,429,13,0,0,13
296,-47.5,57.5,156,78,0,0.0,0.0,0,0.0,57.5,23,518928.4234152793,22.673276279408793,9.739532692229337,78,156,24,12,156,1,36,-105.0,70.5,-47.5,5.0,3471504,1047.815624,nan,3.471504,nan,12,0,3469920,24,0,0,12,1584,768,192,816,204,396,12,0,0,12
297,-47.5,57.5,166,83,0,0.0,0.0,0,0.0,57.5,24,514345.7003245038,24.4271932030618,8.364524700947584,83,166,26,10,166,2,36,-105.0,70.5,-47.5,5.0,2892920,1050.708544,nan,2.89292,nan,10,0,2891600,20,0,0,10,1320,640,160,680,170,330,10,0,0,10
298,-47.5,57.5,174,87,0,0.0,0.0,0,0.0,57.5,24,482835.0647732286,19.218279377769836,6.5900078049505995,87,174,25,11,174,1,36,-105.0,70.5,-47.5,5.0,3182212,1053.890756,nan,3.182212,nan,11,0,3180760,22,0,0,11,1452,704,176,748,187,363,11,0,0,11
299,-47.5,57.5,160,80,0,0.0,0.0,0,0.0,57.5,23,488246.4236496869,20.497929463516023,6.044550035802714,80,160,23,13,160,0,36,-105.0,70.5,-47.5,5.0,3760796,1057.651552,nan,3.760796,nan,13,0,3759080,26,0,0,13,1716,832,208,884,221,429,13,0,0,13
300,-47.5,57.5,168,84,0,0.0,0.0,0,0.0,57.5,22,460935.19533057575,16.295561224868354,5.652886938278298,84,168,23,13,168,1,36,-105.0,70.5,-47.5,5.0,3760796,1061.412348,nan,3.760796,nan,13,0,3759080,26,0,0,13,1716,832,208,884,221,429,13,0,0,13
301,-47.5,57.5,176,88,0,0.0,0.0,0,0.0,57.5,22,501332.8442425741,23.245006993960427,9.370027109978272,88,176,25,11,176,3,36,-105.0,70.5,-47.5,5.0,3182212,1064.59456,nan,3.182212,nan,11,0,3180760,22,0,0,11,1452,704,176,748,187,363,11,0,0,11
302,-47.5,57.5,180,90,0,0.0,0.0,0,0.0,57.5,24,468652.91318936506,19.780284253140675,6.299383164170744,90,180,24,12,180,0,36,-105.0,70.5,-47.5,5.0,3471504,1068.066064,nan,3.471504,nan,12,0,3469920,24,0,0,12,1584,768,192,816,204,396,12,0,0,12
303,-47.5,57.5,180,90,0,0.0,0.0,0,0.0,57.5,22,480285.4214841909,19.80931886592248,5.732344975717556,90,180,23,13,180,1,36,-105.0,70.5,-47.5,5.0,3760796,1071.82686,nan,3.760796,nan,13,0,3759080,26,0,0,13,1716,832,208,884,221,429,13,0,0,13
304,-47.5,57.5,174,87,0,0.0,0.0,0,0.0,57.5,21,485048.60741360905,23.574883298348947,5.378926564396106,87,174,24,12,174,3,36,-105.0,70.5,-47.5,5.0,3471504,1075.298364,nan,3.471504,nan,12,0,3469920,24,0,0,12,1584,768,192,816,204,396,12,0,0,12
305,-47.5,57.5,166,83,0,0.0,0.0,0,0.0,57.5,22,491578.3238800264,19.19085871280379,8.842952025038711,83,166,24,12,166,2,36,-105.0,70.5,-47.5,5.0,3471504,1078.769868,nan,3.471504,nan,12,0,3469920,24,0,0,12,1584,768,192,816,204,396,12,0,0,12
306,-47.5,57.5,158,79,0,0.0,0.0,0,0.0,57.5,22,521672.7865163826,26.323034936140328,7.673443932575004,79,158,24,12,158,2,36,-105.0,70.5,-47.5,5.0,3471504,1082.241372,nan,3.471504,nan,12,0,3469920,24,0,0,12,1584,768,192,816,204,396,12,0,0,12
307,-47.5,57.5,146,73,0,0.0,0.0,0,0.0,57.5,21,512298.39513181476,25.13376544557259,6.137855902273147,73,146,23,12,146,2,35,-105.0,70.5,-47.5,5.0,3471504,1085.712876,nan,3.471504,nan,12,0,3469920,24,0,0,12,1584,768,192,816,204,396,12,0,0,12
308,-47.5,57.5,164,82,0,0.0,0.0,0,0.0,57.5,22,477611.8324089883,18.725146418146146,6.292181384572308,82,164,23,13,164,1,36,-105.0,70.5,-47.5,5.0,3760796,1089.473672,nan,3.760796,nan,13,0,3759080,26,0,0,13,1716,832,208,884,221,429,13,0,0,13
309,-47.5,57.5,168,84,0,0.0,0.0,0,0.0,57.5,23,475892.0968164363,21.38365537267023,7.244339028126023,84,168,23,13,168,0,36,-105.0,70.5,-47.5,5.0,3760796,1093.234468,nan,3.760796,nan,13,0,3759080,26,0,0,13,1716,832,208,884,221,429,13,0,0,13
310,-47.5,57.5,158,79,0,0.0,0.0,0,0.0,57.5,22,505586.35314090824,22.113609853379874,8.341465173010892,79,158,24,11,158,2,35,-105.0,70.5,-47.5,5.0,3182212,1096.41668,nan,3.182212,nan,11,0,3180760,22,0,0,11,1452,704,176,748,187,363,11,0,0,11
311,-47.5,57.5,150,75,0,0.0,0.0,0,0.0,57.5,19,492141.8027931058,20.25904488700235,7.43436062382111,75,150,21,13,150,2,34,-105.0,70.5,-47.5,5.0,3760796,1100.177476,nan,3.760796,nan,13,0,3759080,26,0,0,13,1716,832,208,884,221,429,13,0,0,13
312,-47.5,57.5,152,76,0,0.0,0.0,0,0.0,57.5,24,496414.162573615,20.973474134442036,6.727894200180522,76,152,25,13,152,1,38,-105.0,70.5,-47.5,5.0,3760796,1103.938272,nan,3.760796,nan,13,0,3759080,26,0,0,13,1716,832,208,884,221,429,13,0,0,13
313,-47.5,57.5,152,76,0,0.0,0.0,0,0.0,57.5,23,494196.4074111649,20.36644808071545,7.428096807561833,76,152,25,13,152,2,38,-105.0,70.5,-47.5,5.0,3760796,1107.699068,nan,3.760796,nan,13,0,3759080,26,0,0,13,1716,832,208,884,221,429,13,0,0,13
314,-47.5,57.5,148,74,0,0.0,0.0,0,0.0,57.5,21,447064.21002246294,16.313311135495734,5.250300033895805,74,148,23,15,148,2,38,-105.0,70.5,-47.5,5.0,4339380,1112.038448,nan,4.33938,nan,15,0,4337400,30,0,0,15,1980,960,240,1020,255,495,15,0,0,15
315,-47.5,57.5,152,76,0,0.0,0.0,0,0.0,57.5,22,508169.3566990822,21.998395190192397,5.929943949147594,76,152,23,13,152,1,36,-105.0,70.5,-47.5,5.0,3760796,1115.799244,nan,3.760796,nan,13,0,3759080,26,0,0,13,1716,832,208,884,221,429,13,0,0,13
316,-47.5,57.5,158,79,0,0.0,0.0,0,0.0,57.5,23,488206.97652260895,21.3853632681372,8.400285069443314,79,158,23,12,158,0,35,-105.0,70.5,-47.5,5.0,3471504,1119.270748,nan,3.471504,nan,12,0,3469920,24,0,0,12,1584,768,192,816,204,396,12,0,0,12
317,-47.5,57.5,166,83,0,0.0,0.0,0,0.0,57.5,22,468020.8817165232,21.560344655260714,6.368195195404561,83,166,22,13,166,0,35,-105.0,70.5,-47.5,5.0,3760796,1123.031544,nan,3.760796,nan,13,0,3759080,26,0,0,13,1716,832,208,884,221,429,13,0,0,13
318,-47.5,57.5,172,86,0,0.0,0.0,0,0.0,57.5,24,485778.8789643908,23.50604006834871,6.320578735475904,86,172,24,12,172,0,36,-105.0,70.5,-47.5,5.0,3471504,1126.503048,nan,3.471504,nan,12,0,3469920,24,0,0,12,1584,768,192,816,204,396,12,0,0,12
319,-47.5,57.5,176,88,0,0.0,0.0,0,0.0,57.5,23,467455.28252992494,18.953255361634163,5.921762595107936,88,176,23,13,176,0,36,-105.0,70.5,-47.5,5.0,3760796,1130.263844,nan,3.760796,nan,13,0,3759080,26,0,0,13,1716,832,208,884,221,429,13,0,0,13
320,-47.5,57.5,176,88,0,0.0,0.0,0,0.0,57.5,24,480388.95720476145,19.802963024618133,7.235623429362457,88,176,24,12,176,0,36,-105.0,70.5,-47.5,5.0,3471504,1133.735348,nan,3.471504,nan,12,0,3469920,24,0,0,12,1584,768,192,816,204,396,12,0,0,12
321,-47.5,57.5,164,82,0,0.0,0.0,0,0.0,57.5,23,532085.8364602536,22.71449731416224,7.680152597366183,82,164,24,12,164,1,36,-105.0,70.5,-47.5,5.0,3471504,1137.206852,nan,3.471504,nan,12,0,3469920,24,0,0,12,1584,768,192,816,204,396,12,0,0,12
322,-47.5,57.5,162,81,0,0.0,0.0,0,0.0,57.5,20,482040.556991478,23.45682822552353,9.081819012469271,81,162,22,13,162,2,35,-105.0,70.5,-47.5,5.0,3760796,1140.967648,nan,3.760796,nan,13,0,3759080,26,0,0,13,1716,832,208,884,221,429,13,0,0,13
323,-47.5,57.5,162,81,0,0.0,0.0,0,0.0,57.5,24,521273.847071011,24.13100188961939,8.74392460920818,81,162,25,13,162,1,38,-105.0,70.5,-47.5,5.0,3760796,1144.728444,nan,3.760796,nan,13,0,3759080,26,0,0,13,1716,832,208,884,221,429,13,0,0,13
324,-47.5,57.5,156,78,0,0.0,0.0,0,0.0,57.5,21,500779.4288272021,23.548477668245173,8.299531815093232,78,156,24,12,156,3,36,-105.0,70.5,-47.5,5.0,3471504,1148.199948,nan,3.471504,nan,12,0,3469920,24,0,0,12,1584,768,192,816,204,396,12,0,0,12
325,-47.5,57.5,168,84,0,0.0,0.0,0,0.0,57.5,23,476861.1357064244,21.771534160982938,5.972762106574595,84,168,23,12,168,0,35,-105.0,70.5,-47.5,5.0,3471504,1151.671452,nan,3.471504,nan,12,0,3469920,24,0,0,12,1584,768,192,816,204,396,12,0,0,12
326,-47.5,57.5,170,85,0,0.0,0.0,0,0.0,57.5,22,489623.31203200086,19.979175805699338,7.465256559752249,85,170,22,13,170,0,35,-105.0,70.5,-47.5,5.0,3760796,1155.432248,nan,3.760796,nan,13,0,3759080,26,0,0,13,1716,832,208,884,221,429,13,0,0,13
327,-47.5,57.5,162,81,0,0.0,0.0,0,0.0,57.5,22,505952.9135701362,29.45503244425166,5.04796783138314,81,162,23,11,162,1,34,-105.0,70.5,-47.5,5.0,3182212,1158.61446,nan,3.182212,nan,11,0,3180760,22,0,0,11,1452,704,176,748,187,363,11,0,0,11
328,-47.5,57.5,162,81,0,0.0,0.0,0,0.0,57.5,23,490362.83869251225,22.950754907513456,6.405694611252399,81,162,23,13,162,0,36,-105.0,70.5,-47.5,5.0,3760796,1162.375256,nan,3.760796,nan,13,0,3759080,26,0,0,13,1716,832,208,884,221,429,13,0,0,13
329,-47.5,57.5,168,84,0,0.0,0.0,0,0.0,57.5,22,501436.39909936406,24.446704803122753,9.128958926629656,84,168,24,14,168,2,38,-105.0,70.5,-47.5,5.0,4050088,1166.425344,nan,4.050088,nan,14,0,4048240,28,0,0,14,1848,896,224,952,238,462,14,0,0,14
330,-47.5,57.5,174,87,0,0.0,0.0,0,0.0,57.5,25,464739.12956768915,22.27480769312047,6.060358398959696,87,174,26,13,174,1,39,-105.0,70.5,-47.5,5.0,3760796,1170.18614,nan,3.760796,nan,13,0,3759080,26,0,0,13,1716,832,208,884,221,429,13,0,0,13
331,-47.5,57.5,158,79,0,0.0,0.0,0,0.0,57.5,24,474421.0407935924,19.48171379787024,7.380689985461524,79,158,25,13,158,1,38,-105.0,70.5,-47.5,5.0,3760796,1173.946936,nan,3.760796,nan,13,0,3759080,26,0,0,13,1716,832,208,884,221,429,13,0,0,13
332,-47.5,57.5,152,76,0,0.0,0.0,0,0.0,57.5,22,466899.6087353983,16.593194753087708,5.459430056816588,76,152,24,14,152,2,38,-105.0,70.5,-47.5,5.0,4050088,1177.997024,nan,4.050088,nan,14,0,4048240,28,0,0,14,1848,896,224,952,238,462,14,0,0,14
333,-47.5,57.5,154,77,0,0.0,0.0,0,0.0,57.5,24,487070.46450701886,22.20229217782566,6.28691849020301,77,154,26,13,154,2,39,-105.0,70.5,-47.5,5.0,3760796,1181.75782,nan,3.760796,nan,13,0,3759080,26,0,0,13,1716,832,208,884,221,429,13,0,0,13
334,-47.5,57.5,152,76,0,0.0,0.0,0,0.0,57.5,22,507721.47951254447,20.263135752535472,8.711144648327263,76,152,24,13,152,2,37,-105.0,70.5,-47.5,5.0,3760796,1185.518616,nan,3.760796,nan,13,0,3759080,26,0,0,13,1716,832,208,884,221,429,13,0,0,13
335,-47.5,57.5,136,68,0,0.0,0.0,0,0.0,57.5,21,506693.2638773494,18.776530697003604,9.385769892162058,68,136,21,13,136,0,34,-105.0,70.5,-47.5,5.0,3760796,1189.279412,nan,3.760796,nan,13,0,3759080,26,0,0,13,1716,832,208,884,221,429,13,0,0,13
336,-47.5,57.5,128,64,0,0.0,0.0,0,0.0,57.5,23,484709.4452036224,26.627151161723976,7.053732085412168,64,128,23,12,128,0,35,-105.0,70.5,-47.5,5.0,3471504,1192.750916,nan,3.471504,nan,12,0,3469920,24,0,0,12,1584,768,192,816,204,396,12,0,0,12
337,-47.5,57.5,140,70,0,0.0,0.0,0,0.0,57.5,22,435751.78041040717,16.665220972132143,6.140442783525551,70,140,23,14,140,1,37,-105.0,70.5,-47.5,5.0,4050088,1196.801004,nan,4.050088,nan,14,0,4048240,28,0,0,14,1848,896,224,952,238,462,14,0,0,14
338,-47.5,57.5,138,69,0,0.0,0.0,0,0.0,57.5,22,428873.5818197019,15.294963265674264,6.658337841085299,69,138,23,14,138,1,37,-105.0,70.5,-47.5,5.0,4050088,1200.851092,nan,4.050088,nan,14,0,4048240,28,0,0,14,1848,896,224,952,238,462,14,0,0,14
339,-47.5,57.5,142,71,0,0.0,0.0,0,0.0,57.5,21,503842.35910298856,24.544474263592118,10.178524071415016,71,142,23,13,142,2,36,-105.0,70.5,-47.5,5.0,3760796,1204.611888,nan,3.760796,nan,13,0,3759080,26,0,0,13,1716,832,208,884,221,429,13,0,0,13
340,-47.5,57.5,148,74,0,0.0,0.0,0,0.0,57.5,23,527653.6226048275,21.72380158110376,12.254319415466735,74,148,24,12,148,1,36,-105.0,70.5,-47.5,5.0,3471504,1208.083392,nan,3.471504,nan,12,0,3469920,24,0,0,12,1584,768,192,816,204,396,12,0,0,12
341,-47.5,57.5,142,71,0,0.0,0.0,0,0.0,57.5,20,520500.7455037149,19.421438827493752,10.355318520457523,71,142,23,13,142,3,36,-105.0,70.5,-47.5,5.0,3760796,1211.844188,nan,3.760796,nan,13,0,3759080,26,0,0,13,1716,832,208,884,221,429,13,0,0,13
342,-47.5,57.5,136,68,0,0.0,0.0,0,0.0,57.5,24,493970.89101564785,22.739858690253893,9.137804254967701,68,136,24,13,136,0,37,-105.0,70.5,-47.5,5.0,3760796,1215.604984,nan,3.760796,nan,13,0,3759080,26,0,0,13,1716,832,208,884,221,429,13,0,0,13
343,-47.5,57.5,142,71,0,0.0,0.0,0,0.0,57.5,21,427039.8467782991,16.8245729250878,5.168333982562299,71,142,21,17,142,0,38,-105.0,70.5,-47.5,5.0,4917964,1220.522948,nan,4.917964,nan,17,0,4915720,34,0,0,17,2244,1088,272,1156,289,561,17,0,0,17
344,-47.5,57.5,144,72,0,0.0,0.0,0,0.0,57.5,23,505647.17509025673,20.057278811235296,6.000613940747879,72,144,23,13,144,0,36,-105.0,70.5,-47.5,5.0,3760796,1224.283744,nan,3.760796,nan,13,0,3759080,26,0,0,13,1716,832,208,884,221,429,13,0,0,13
345,-47.5,57.5,150,75,0,0.0,0.0,0,0.0,57.5,23,499780.1033814997,20.674270022273152,6.232663617306093,75,150,24,14,150,1,38,-105.0,70.5,-47.5,5.0,4050088,1228.333832,nan,4.050088,nan,14,0,4048240,28,0,0,14,1848,896,224,952,238,462,14,0,0,14
346,-47.5,57.5,158,79,0,0.0,0.0,0,0.0,57.5,24,450787.91154145944,16.61270583919192,6.0256764510087475,79,158,24,15,158,0,39,-105.0,70.5,-47.5,5.0,4339380,1232.673212,nan,4.33938,nan,15,0,4337400,30,0,0,15,1980,960,240,1020,255,495,15,0,0,15
347,-47.5,57.5,160,80,0,0.0,0.0,0,0.0,57.5,23,459277.98567613063,15.359737080983471,7.141330281418811,80,160,24,15,160,1,39,-105.0,70.5,-47.5,5.0,4339380,1237.012592,nan,4.33938,nan,15,0,4337400,30,0,0,15,1980,960,240,1020,255,495,15,0,0,15
348,-47.5,57.5,158,79,0,0.0,0.0,0,0.0,57.5,24,479949.49537578406,18.35624123560743,8.407594154410011,79,158,24,14,158,0,38,-105.0,70.5,-47.5,5.0,4050088,1241.06268,nan,4.050088,nan,14,0,4048240,28,0,0,14,1848,896,224,952,238,462,14,0,0,14
349,-47.5,57.5,156,78,0,0.0,0.0,0,0.0,57.5,22,449022.31012258236,15.953798316415309,5.560952566484413,78,156,22,16,156,0,38,-105.0,70.5,-47.5,5.0,4628672,1245.691352,nan,4.628672,nan,16,0,4626560,32,0,0,16,2112,1024,256,1088,272,528,16,0,0,16
350,-47.5,57.5,156,78,0,0.0,0.0,0,0.0,57.5,22,451765.61586590495,18.55070631697152,5.773519788614093,78,156,23,15,156,1,38,-105.0,70.5,-47.5,5.0,4339380,1250.030732,nan,4.33938,nan,15,0,4337400,30,0,0,15,1980,960,240,1020,255,495,15,0,0,15
351,-47.5,57.5,152,76,0,0.0,0.0,0,0.0,57.5,24,506876.4697832753,21.065561211466107,6.918068763907744,76,152,25,13,152,1,38,-105.0,70.5,-47.5,5.0,3760796,1253.791528,nan,3.760796,nan,13,0,3759080,26,0,0,13,1716,832,208,884,221,429,13,0,0,13
352,-47.5,57.5,146,73,0,0.0,0.0,0,0.0,57.5,23,459327.61233739567,17.510166441053602,5.708129405628679,73,146,24,14,146,1,38,-105.0,70.5,-47.5,5.0,4050088,1257.841616,nan,4.050088,nan,14,0,4048240,28,0,0,14,1848,896,224,952,238,462,14,0,0,14
353,-47.5,57.5,148,74,0,0.0,0.0,0,0.0,57.5,22,534642.1623722973,24.40285137914182,9.312787283812863,74,148,24,14,148,2,38,-105.0,70.5,-47.5,5.0,4050088,1261.891704,nan,4.050088,nan,14,0,4048240,28,0,0,14,1848,896,224,952,238,462,14,0,0,14
354,-47.5,57.5,150,75,0,0.0,0.0,0,0.0,57.5,22,504011.4963593421,20.190881305991347,7.145746802549581,75,150,25,13,150,3,38,-105.0,70.5,-47.5,5.0,3760796,1265.6525,nan,3.760796,nan,13,0,3759080,26,0,0,13,1716,832,208,884,221,429,13,0,0,13
355,-47.5,57.5,150,75,0,0.0,0.0,0,0.0,57.5,23,531602.6590282345,23.41061866470663,12.312922132873847,75,150,24,14,150,1,38,-105.0,70.5,-47.5,5.0,4050088,1269.702588,nan,4.050088,nan,14,0,4048240,28,0,0,14,1848,896,224,952,238,462,14,0,0,14
356,-47.5,57.5,150,75,0,0.0,0.0,0,0.0,57.5,23,481824.8585384995,17.130842630780172,6.556225260002167,75,150,23,15,150,0,38,-105.0,70.5,-47.5,5.0,4339380,1274.041968,nan,4.33938,nan,15,0,4337400,30,0,0,15,1980,960,240,1020,255,495,15,0,0,15
357,-47.5,57.5,150,75,0,0.0,0.0,0,0.0,57.5,25,508628.1986278723,23.358347977786305,7.95772580994277,75,150,25,13,150,0,38,-105.0,70.5,-47.5,5.0,3760796,1277.802764,nan,3.760796,nan,13,0,3759080,26,0,0,13,1716,832,208,884,221,429,13,0,0,13
358,-47.5,57.5,152,76,0,0.0,0.0,0,0.0,57.5,24,506611.20370981965,19.943610663911244,6.257361763718272,76,152,24,14,152,0,38,-105.0,70.5,-47.5,5.0,4050088,1281.852852,nan,4.050088,nan,14,0,4048240,28,0,0,14,1848,896,224,952,238,462,14,0,0,14
359,-47.5,57.5,152,76,0,0.0,0.0,0,0.0,57.5,26,522710.22626410524,18.383517421213373,8.46979532640732,76,152,26,12,152,0,38,-105.0,70.5,-47.5,5.0,3471504,1285.324356,nan,3.471504,nan,12,0,3469920,24,0,0,12,1584,768,192,816,204,396,12,0,0,12
360,-47.5,57.5,152,76,0,0.0,0.0,0,0.0,57.5,24,495087.8780821384,17.352092819686938,6.387988318247292,76,152,24,14,152,0,38,-105.0,70.5,-47.5,5.0,4050088,1289.374444,nan,4.050088,nan,14,0,4048240,28,0,0,14,1848,896,224,952,238,462,14,0,0,14
361,-47.5,57.5,166,83,0,0.0,0.0,0,0.0,57.5,24,486161.03232132737,17.831786027083062,8.722794264311254,83,166,24,14,166,0,38,-105.0,70.5,-47.5,5.0,4050088,1293.424532,nan,4.050088,nan,14,0,4048240,28,0,0,14,1848,896,224,952,238,462,14,0,0,14
362,-47.5,57.5,160,80,0,0.0,0.0,0,0.0,57.5,25,512120.0304654332,22.611747749441367,8.685227513471569,80,160,26,12,160,1,38,-105.0,70.5,-47.5,5.0,3471504,1296.896036,nan,3.471504,nan,12,0,3469920,24,0,0,12,1584,768,192,816,204,396,12,0,0,12
363,-47.5,57.5,170,85,0,0.0,0.0,0,0.0,57.5,26,455046.28272352676,19.68272835726482,6.973145620595503,85,170,26,13,170,0,39,-105.0,70.5,-47.5,5.0,3760796,1300.656832,nan,3.760796,nan,13,0,3759080,26,0,0,13,1716,832,208,884,221,429,13,0,0,13
364,-47.5,57.5,170,85,0,0.0,0.0,0,0.0,57.5,23,478950.5128233309,17.70596801142093,7.571275879678133,85,170,24,15,170,1,39,-105.0,70.5,-47.5,5.0,4339380,1304.996212,nan,4.33938,nan,15,0,4337400,30,0,0,15,1980,960,240,1020,255,495,15,0,0,15
365,-47.5,57.5,176,88,0,0.0,0.0,0,0.0,57.5,23,507275.336714362,21.64052922895862,9.364526452959513,88,176,24,15,176,1,39,-105.0,70.5,-47.5,5.0,4339380,1309.335592,nan,4.33938,nan,15,0,4337400,30,0,0,15,1980,960,240,1020,255,495,15,0,0,15
366,-47.5,57.5,170,85,0,0.0,0.0,0,0.0,57.5,24,484320.6263503935,23.50356156061682,8.035345754311793,85,170,25,14,170,1,39,-105.0,70.5,-47.5,5.0,4050088,1313.38568,nan,4.050088,nan,14,0,4048240,28,0,0,14,1848,896,224,952,238,462,14,0,0,14
367,-47.5,57.5,154,77,0,0.0,0.0,0,0.0,57.5,24,471261.9861569927,16.955877369717243,5.6702938246109325,77,154,24,15,154,0,39,-105.0,70.5,-47.5,5.0,4339380,1317.72506,nan,4.33938,nan,15,0,4337400,30,0,0,15,1980,960,240,1020,255,495,15,0,0,15
368,-47.5,57.5,142,71,0,0.0,0.0,0,0.0,57.5,20,510915.6154326355,20.438859996592527,6.80379074366802,71,142,23,14,142,3,37,-105.0,70.5,-47.5,5.0,4050088,1321.775148,nan,4.050088,nan,14,0,4048240,28,0,0,14,1848,896,224,952,238,462,14,0,0,14
369,-47.5,57.5,132,66,0,0.0,0.0,0,0.0,57.5,21,439898.75464563706,20.386036925366643,5.719601736995672,66,132,23,12,132,2,35,-105.0,70.5,-47.5,5.0,3471504,1325.246652,nan,3.471504,nan,12,0,3469920,24,0,0,12,1584,768,192,816,204,396,12,0,0,12
370,-47.5,57.5,134,67,0,0.0,0.0,0,0.0,57.5,20,481777.0159400854,21.61322907399733,6.3261912821039825,67,134,20,14,134,0,34,-105.0,70.5,-47.5,5.0,4050088,1329.29674,nan,4.050088,nan,14,0,4048240,28,0,0,14,1848,896,224,952,238,462,14,0,0,14
371,-47.5,57.5,152,76,0,0.0,0.0,0,0.0,57.5,21,533783.3249867202,21.3879134537392,11.112395365602797,76,152,22,13,152,1,35,-105.0,70.5,-47.5,5.0,3760796,1333.057536,nan,3.760796,nan,13,0,3759080,26,0,0,13,1716,832,208,884,221,429,13,0,0,13
372,-47.5,57.5,160,80,0,0.0,0.0,0,0.0,57.5,22,511763.87614020146,23.30610742785538,9.056327230220004,80,160,23,12,160,1,35,-105.0,70.5,-47.5,5.0,3471504,1336.52904,nan,3.471504,nan,12,0,3469920,24,0,0,12,1584,768,192,816,204,396,12,0,0,12
373,-47.5,57.5,158,79,0,0.0,0.0,0,0.0,57.5,23,543487.2522799753,24.83444561408311,12.825477403549687,79,158,23,12,158,0,35,-105.0,70.5,-47.5,5.0,3471504,1340.000544,nan,3.471504,nan,12,0,3469920,24,0,0,12,1584,768,192,816,204,396,12,0,0,12
374,-47.5,57.5,152,76,0,0.0,0.0,0,0.0,57.5,22,502696.0833002104,23.94021694774521,9.056992245665702,76,152,22,13,152,0,35,-105.0,70.5,-47.5,5.0,3760796,1343.76134,nan,3.760796,nan,13,0,3759080,26,0,0,13,1716,832,208,884,221,429,13,0,0,13
375,-47.5,57.5,158,79,0,0.0,0.0,0,0.0,57.5,21,480700.00425252377,17.764410486241754,7.450695243878826,79,158,23,14,158,2,37,-105.0,70.5,-47.5,5.0,4050088,1347.811428,nan,4.050088,nan,14,0,4048240,28,0,0,14,1848,896,224,952,238,462,14,0,0,14
376,-47.5,57.5,158,79,0,0.0,0.0,0,0.0,57.5,22,540302.0986079461,26.27414320757543,10.443050229103854,79,158,24,11,158,2,35,-105.0,70.5,-47.5,5.0,3182212,1350.99364,nan,3.182212,nan,11,0,3180760,22,0,0,11,1452,704,176,748,187,363,11,0,0,11
377,-47.5,57.5,158,79,0,0.0,0.0,0,0.0,57.5,21,492484.3940381012,19.191594302625255,8.2220642869658,79,158,21,14,158,0,35,-105.0,70.5,-47.5,5.0,4050088,1355.043728,nan,4.050088,nan,14,0,4048240,28,0,0,14,1848,896,224,952,238,462,14,0,0,14
378,-47.5,57.5,152,76,0,0.0,0.0,0,0.0,57.5,20,461001.9876146976,20.086179543801954,5.342355818311528,76,152,21,14,152,1,35,-105.0,70.5,-47.5,5.0,4050088,1359.093816,nan,4.050088,nan,14,0,4048240,28,0,0,14,1848,896,224,952,238,462,14,0,0,14
379,-47.5,57.5,132,66,0,0.0,0.0,0,0.0,57.5,18,479757.53603765805,20.567980712574627,5.293282183585781,66,132,20,15,132,2,35,-105.0,70.5,-47.5,5.0,4339380,1363.433196,nan,4.33938,nan,15,0,4337400,30,0,0,15,1980,960,240,1020,255,495,15,0,0,15
380,-47.5,57.5,122,61,0,0.0,0.0,0,0.0,57.5,22,542938.6339101981,26.06303810718499,10.798529544782623,61,122,22,11,122,0,33,-105.0,70.5,-47.5,5.0,3182212,1366.615408,nan,3.182212,nan,11,0,3180760,22,0,0,11,1452,704,176,748,187,363,11,0,0,11
381,-47.5,57.5,126,63,0,0.0,0.0,0,0.0,57.5,20,505324.48609229364,21.55872932507438,7.400016810964072,63,126,20,12,126,0,32,-105.0,70.5,-47.5,5.0,3471504,1370.086912,nan,3.471504,nan,12,0,3469920,24,0,0,12,1584,768,192,816,204,396,12,0,0,12
382,-47.5,57.5,122,61,0,0.0,0.0,0,0.0,57.5,18,512145.5867565456,26.15148741476591,9.4573301136839,61,122,20,12,122,2,32,-105.0,70.5,-47.5,5.0,3471504,1373.558416,nan,3.471504,nan,12,0,3469920,24,0,0,12,1584,768,192,816,204,396,12,0,0,12
383,-47.5,57.5,120,60,0,0.0,0.0,0,0.0,57.5,18,537797.3607672632,32.16020195733341,9.769665041973607,60,120,20,10,120,2,30,-105.0,70.5,-47.5,5.0,2892920,1376.451336,nan,2.89292,nan,10,0,2891600,20,0,0,10,1320,640,160,680,170,330,10,0,0,10
384,-47.5,57.5,126,63,0,0.0,0.0,0,0.0,57.5,20,509742.76788596745,19.083580050604336,6.214792716727176,63,126,20,12,126,0,32,-105.0,70.5,-47.5,5.0,3471504,1379.92284,nan,3.471504,nan,12,0,3469920,24,0,0,12,1584,768,192,816,204,396,12,0,0,12
385,-47.5,57.5,128,64,0,0.0,0.0,0,0.0,57.5,19,445787.21305120667,17.758529631346992,5.698229188966919,64,128,19,15,128,0,34,-105.0,70.5,-47.5,5.0,4339380,1384.26222,nan,4.33938,nan,15,0,4337400,30,0,0,15,1980,960,240,1020,255,495,15,0,0,15
386,-47.5,57.5,132,66,0,0.0,0.0,0,0.0,57.5,21,495113.55358279427,24.57378600051698,6.832785803787925,66,132,21,12,132,0,33,-105.0,70.5,-47.5,5.0,3471504,1387.733724,nan,3.471504,nan,12,0,3469920,24,0,0,12,1584,768,192,816,204,396,12,0,0,12
387,-47.5,57.5,140,70,0,0.0,0.0,0,0.0,57.5,19,446656.85021995177,19.54899115210512,5.106335651870087,70,140,20,14,140,1,34,-105.0,70.5,-47.5,5.0,4050088,1391.783812,nan,4.050088,nan,14,0,4048240,28,0,0,14,1848,896,224,952,238,462,14,0,0,14
388,-47.5,57.5,126,63,0,0.0,0.0,0,0.0,57.5,18,468009.4405563114,16.550148958662362,5.6152706011376585,63,126,18,14,126,0,32,-105.0,70.5,-47.5,5.0,4050088,1395.8339,nan,4.050088,nan,14,0,4048240,28,0,0,14,1848,896,224,952,238,462,14,0,0,14
389,-47.5,57.5,122,61,0,0.0,0.0,0,0.0,57.5,19,503890.86911076604,20.012607725002656,8.731303013908077,61,122,21,12,122,2,33,-105.0,70.5,-47.5,5.0,3471504,1399.305404,nan,3.471504,nan,12,0,3469920,24,0,0,12,1584,768,192,816,204,396,12,0,0,12
390,-47.5,57.5,122,61,0,0.0,0.0,0,0.0,57.5,21,540097.5219567008,27.120454671353922,10.340460955530961,61,122,22,12,122,1,34,-105.0,70.5,-47.5,5.0,3471504,1402.776908,nan,3.471504,nan,12,0,3469920,24,0,0,12,1584,768,192,816,204,396,12,0,0,12
391,-47.5,57.5,128,64,0,0.0,0.0,0,0.0,57.5,22,497205.59334056545,20.182011149547098,6.918228706626561,64,128,22,14,128,0,36,-105.0,70.5,-47.5,5.0,4050088,1406.826996,nan,4.050088,nan,14,0,4048240,28,0,0,14,1848,896,224,952,238,462,14,0,0,14
392,-47.5,57.5,120,60,0,0.0,0.0,0,0.0,57.5,21,515116.6955497323,25.476853188205528,5.4125738163064865,60,120,23,11,120,2,34,-105.0,70.5,-47.5,5.0,3182212,1410.009208,nan,3.182212,nan,11,0,3180760,22,0,0,11,1452,704,176,748,187,363,11,0,0,11
393,-47.5,57.5,116,58,0,0.0,0.0,0,0.0,57.5,23,542684.1926454516,32.309571883056634,10.34397185955379,58,116,23,10,116,0,33,-105.0,70.5,-47.5,5.0,2892920,1412.902128,nan,2.89292,nan,10,0,2891600,20,0,0,10,1320,640,160,680,170,330,10,0,0,10
394,-47.5,57.5,116,58,0,0.0,0.0,0,0.0,57.5,20,499808.0001443048,24.030727839569014,10.02369985074155,58,116,21,13,116,1,34,-105.0,70.5,-47.5,5.0,3760796,1416.662924,nan,3.760796,nan,13,0,3759080,26,0,0,13,1716,832,208,884,221,429,13,0,0,13
395,-47.5,57.5,114,57,0,0.0,0.0,0,0.0,57.5,19,503782.7189034152,21.10766512205613,7.531906377082867,57,114,19,12,114,0,31,-105.0,70.5,-47.5,5.0,3471504,1420.134428,nan,3.471504,nan,12,0,3469920,24,0,0,12,1584,768,192,816,204,396,12,0,0,12
396,-47.5,57.5,128,64,0,0.0,0.0,0,0.0,57.5,19,506117.7134324458,21.71292143679064,10.3222477794297,64,128,21,11,128,2,32,-105.0,70.5,-47.5,5.0,3182212,1423.31664,nan,3.182212,nan,11,0,3180760,22,0,0,11,1452,704,176,748,187,363,11,0,0,11
397,-47.5,57.5,148,74,0,0.0,0.0,0,0.0,57.5,19,457255.39908483514,17.040805012331433,7.338438382252019,74,148,20,14,148,1,34,-105.0,70.5,-47.5,5.0,4050088,1427.366728,nan,4.050088,nan,14,0,4048240,28,0,0,14,1848,896,224,952,238,462,14,0,0,14
398,-47.5,57.5,162,81,0,0.0,0.0,0,0.0,57.5,23,484565.79711569706,23.503455856223123,8.640250851945755,81,162,23,12,162,0,35,-105.0,70.5,-47.5,5.0,3471504,1430.838232,nan,3.471504,nan,12,0,3469920,24,0,0,12,1584,768,192,816,204,396,12,0,0,12
399,-47.5,57.5,170,85,0,0.0,0.0,0,0.0,57.5,21,453069.6917157805,16.404099686518222,6.148509980769169,85,170,23,12,170,2,35,-105.0,70.5,-47.5,5.0,3471504,1434.309736,nan,3.471504,nan,12,0,3469920,24,0,0,12,1584,768,192,816,204,396,12,0,0,12
400,-47.5,57.5,172,86,0,0.0,0.0,0,0.0,57.5,23,520835.2850951187,25.499464015164353,7.8490779164851245,86,172,23,12,172,0,35,-105.0,70.5,-47.5,5.0,3471504,1437.78124,nan,3.471504,nan,12,0,3469920,24,0,0,12,1584,768,192,816,204,396,12,0,0,12
401,-47.5,57.5,170,85,0,0.0,0.0,0,0.0,57.5,21,478021.79080749454,16.84642929954357,6.837493208209101,85,170,21,13,170,0,34,-105.0,70.5,-47.5,5.0,3760796,1441.542036,nan,3.760796,nan,13,0,3759080,26,0,0,13,1716,832,208,884,221,429,13,0,0,13
402,-47.5,57.5,172,86,0,0.0,0.0,0,0.0,57.5,20,468171.04681722546,19.44547464771284,5.698863544959734,86,172,21,14,172,1,35,-105.0,70.5,-47.5,5.0,4050088,1445.592124,nan,4.050088,nan,14,0,4048240,28,0,0,14,1848,896,224,952,238,462,14,0,0,14
403,-47.5,57.5,180,90,0,0.0,0.0,0,0.0,57.5,22,468973.0135775763,20.147195393030035,5.177027971869733,90,180,23,12,180,1,35,-105.0,70.5,-47.5,5.0,3471504,1449.063628,nan,3.471504,nan,12,0,3469920,24,0,0,12,1584,768,192,816,204,396,12,0,0,12
404,-47.5,57.5,184,92,0,0.0,0.0,0,0.0,57.5,21,501115.98734242585,25.21271975933412,6.5141406158123765,92,184,24,11,184,3,35,-105.0,70.5,-47.5,5.0,3182212,1452.24584,nan,3.182212,nan,11,0,3180760,22,0,0,11,1452,704,176,748,187,363,11,0,0,11
405,-47.5,57.5,184,92,0,0.0,0.0,0,0.0,57.5,23,500677.5246150526,19.321006290817234,8.820557060332,92,184,23,12,184,0,35,-105.0,70.5,-47.5,5.0,3471504,1455.717344,nan,3.471504,nan,12,0,3469920,24,0,0,12,1584,768,192,816,204,396,12,0,0,12
406,-47.5,57.5,188,94,0,0.0,0.0,0,0.0,57.5,21,444453.6318836092,18.13162693562739,5.801718400271996,94,188,22,13,188,1,35,-105.0,70.5,-47.5,5.0,3760796,1459.47814,nan,3.760796,nan,13,0,3759080,26,0,0,13,1716,832,208,884,221,429,13,0,0,13
407,-47.5,57.5,194,97,0,0.0,0.0,0,0.0,57.5,23,442945.7597703468,16.14692295708011,5.4352350901670174,97,194,23,13,194,0,36,-105.0,70.5,-47.5,5.0,3760796,1463.238936,nan,3.760796,nan,13,0,3759080,26,0,0,13,1716,832,208,884,221,429,13,0,0,13
408,-47.5,57.5,194,97,0,0.0,0.0,0,0.0,57.5,22,502662.06586950656,20.14770309041594,5.266653907730764,97,194,23,13,194,1,36,-105.0,70.5,-47.5,5.0,3760796,1466.999732,nan,3.760796,nan,13,0,3759080,26,0,0,13,1716,832,208,884,221,429,13,0,0,13
409,-47.5,57.5,202,101,0,0.0,0.0,0,0.0,57.5,23,497012.20609505,22.11284047936583,7.505702556054165,101,202,24,13,202,1,37,-105.0,70.5,-47.5,5.0,3760796,1470.760528,nan,3.760796,nan,13,0,3759080,26,0,0,13,1716,832,208,884,221,429,13,0,0,13
410,-47.5,57.5,200,100,0,0.0,0.0,0,0.0,57.5,23,513462.5557118051,24.444823307542617,10.146956703802513,100,200,25,12,200,2,37,-105.0,70.5,-47.5,5.0,3471504,1474.232032,nan,3.471504,nan,12,0,3469920,24,0,0,12,1584,768,192,816,204,396,12,0,0,12
411,-47.5,57.5,190,95,0,0.0,0.0,0,0.0,57.5,22,412856.50487875566,15.310897864658035,6.067519199483088,95,190,22,15,190,0,37,-105.0,70.5,-47.5,5.0,4339380,1478.571412,nan,4.33938,nan,15,0,4337400,30,0,0,15,1980,960,240,1020,255,495,15,0,0,15
412,-47.5,57.5,192,96,0,0.0,0.0,0,0.0,57.5,24,436374.19266620965,16.08311523584408,6.578185741968902,96,192,24,13,192,0,37,-105.0,70.5,-47.5,5.0,3760796,1482.332208,nan,3.760796,nan,13,0,3759080,26,0,0,13,1716,832,208,884,221,429,13,0,0,13
413,-47.5,57.5,170,85,0,0.0,0.0,0,0.0,57.5,26,539520.9774125306,26.91415597900443,10.117293480956812,85,170,27,10,170,1,37,-105.0,70.5,-47.5,5.0,2892920,1485.225128,nan,2.89292,nan,10,0,2891600,20,0,0,10,1320,640,160,680,170,330,10,0,0,10
414,-47.5,57.5,162,81,0,0.0,0.0,0,0.0,57.5,23,517734.6648270992,19.245255213280405,9.910900179099562,81,162,23,13,162,0,36,-105.0,70.5,-47.5,5.0,3760796,1488.985924,nan,3.760796,nan,13,0,3759080,26,0,0,13,1716,832,208,884,221,429,13,0,0,13
415,-47.5,57.5,162,81,0,0.0,0.0,0,0.0,57.5,23,430453.93791039934,16.410045542737837,5.238513143921586,81,162,23,14,162,0,37,-105.0,70.5,-47.5,5.0,4050088,1493.036012,nan,4.050088,nan,14,0,4048240,28,0,0,14,1848,896,224,952,238,462,14,0,0,14
416,-47.5,57.5,160,80,0,0.0,0.0,0,0.0,57.5,21,442859.9165830336,16.601294211093553,5.125113326493923,80,160,22,15,160,1,37,-105.0,70.5,-47.5,5.0,4339380,1497.375392,nan,4.33938,nan,15,0,4337400,30,0,0,15,1980,960,240,1020,255,495,15,0,0,15
417,-47.5,57.5,176,88,0,0.0,0.0,0,0.0,57.5,23,510116.24788690393,24.37516351987354,10.693626321298929,88,176,26,13,176,3,39,-105.0,70.5,-47.5,5.0,3760796,1501.136188,nan,3.760796,nan,13,0,3759080,26,0,0,13,1716,832,208,884,221,429,13,0,0,13
418,-47.5,57.5,178,89,0,0.0,0.0,0,0.0,57.5,26,533124.5790969051,21.64981864260866,11.11899958888878,89,178,26,13,178,0,39,-105.0,70.5,-47.5,5.0,3760796,1504.896984,nan,3.760796,nan,13,0,3759080,26,0,0,13,1716,832,208,884,221,429,13,0,0,13
419,-47.5,57.5,172,86,0,0.0,0.0,0,0.0,57.5,23,441264.99285544816,15.5577998501142,7.180525647137651,86,172,24,15,172,1,39,-105.0,70.5,-47.5,5.0,4339380,1509.236364,nan,4.33938,nan,15,0,4337400,30,0,0,15,1980,960,240,1020,255,495,15,0,0,15
420,-47.5,57.5,188,94,0,0.0,0.0,0,0.0,57.5,25,509991.6162837683,17.52905428868619,9.935845643857421,94,188,26,14,188,1,40,-105.0,70.5,-47.5,5.0,4050088,1513.286452,nan,4.050088,nan,14,0,4048240,28,0,0,14,1848,896,224,952,238,462,14,0,0,14
421,-47.5,57.5,186,93,0,0.0,0.0,0,0.0,57.5,26,411990.97737615433,13.674758121125313,6.636173282637388,93,186,26,14,186,0,40,-105.0,70.5,-47.5,5.0,4050088,1517.33654,nan,4.050088,nan,14,0,4048240,28,0,0,14,1848,896,224,952,238,462,14,0,0,14
422,-47.5,57.5,186,93,0,0.0,0.0,0,0.0,57.5,25,441497.5976714257,14.994399683583486,7.086762072268677,93,186,25,15,186,0,40,-105.0,70.5,-47.5,5.0,4339380,1521.67592,nan,4.33938,nan,15,0,4337400,30,0,0,15,1980,960,240,1020,255,495,15,0,0,15
423,-47.5,57.5,188,94,0,0.0,0.0,0,0.0,57.5,25,434134.1614114049,15.817830052999142,5.430853270785415,94,188,25,14,188,0,39,-105.0,70.5,-47.5,5.0,4050088,1525.726008,nan,4.050088,nan,14,0,4048240,28,0,0,14,1848,896,224,952,238,462,14,0,0,14
424,-47.5,57.5,172,86,0,0.0,0.0,0,0.0,57.5,24,447002.72265618894,15.421021078265452,6.887334100572776,86,172,25,13,172,1,38,-105.0,70.5,-47.5,5.0,3760796,1529.486804,nan,3.760796,nan,13,0,3759080,26,0,0,13,1716,832,208,884,221,429,13,0,0,13
425,-47.5,57.5,172,86,0,0.0,0.0,0,0.0,57.5,24,472947.4355187609,19.074711415037232,7.958586910647232,86,172,24,13,172,0,37,-105.0,70.5,-47.5,5.0,3760796,1533.2476,nan,3.760796,nan,13,0,3759080,26,0,0,13,1716,832,208,884,221,429,13,0,0,13
426,-47.5,57.5,172,86,0,0.0,0.0,0,0.0,57.5,18,470396.3434295077,18.108517501993443,8.270371517758656,86,172,23,14,172,5,37,-105.0,70.5,-47.5,5.0,4050088,1537.297688,nan,4.050088,nan,14,0,4048240,28,0,0,14,1848,896,224,952,238,462,14,0,0,14
427,-47.5,57.5,182,91,0,0.0,0.0,0,0.0,57.5,23,484700.9496703396,16.647081247766113,10.511358010226983,91,182,23,13,182,0,36,-105.0,70.5,-47.5,5.0,3760796,1541.058484,nan,3.760796,nan,13,0,3759080,26,0,0,13,1716,832,208,884,221,429,13,0,0,13
428,-47.5,57.5,178,89,0,0.0,0.0,0,0.0,57.5,20,515427.499831068,19.354261816412304,10.958943472099442,89,178,24,13,178,4,37,-105.0,70.5,-47.5,5.0,3760796,1544.81928,nan,3.760796,nan,13,0,3759080,26,0,0,13,1716,832,208,884,221,429,13,0,0,13
429,-47.5,57.5,186,93,0,0.0,0.0,0,0.0,57.5,22,481700.9648336494,17.46303855275853,5.617301059139925,93,186,23,14,186,1,37,-105.0,70.5,-47.5,5.0,4050088,1548.869368,nan,4.050088,nan,14,0,4048240,28,0,0,14,1848,896,224,952,238,462,14,0,0,14
430,-47.5,57.5,192,96,0,0.0,0.0,0,0.0,57.5,23,488900.31034133624,17.744418110934053,8.446418851533242,96,192,23,14,192,0,37,-105.0,70.5,-47.5,5.0,4050088,1552.919456,nan,4.050088,nan,14,0,4048240,28,0,0,14,1848,896,224,952,238,462,14,0,0,14
431,-47.5,57.5,202,101,0,0.0,0.0,0,0.0,57.5,22,463799.9235108944,16.163412999538107,5.064276221074397,101,202,24,15,202,2,39,-105.0,70.5,-47.5,5.0,4339380,1557.258836,nan,4.33938,nan,15,0,4337400,30,0,0,15,1980,960,240,1020,255,495,15,0,0,15
432,-47.5,57.5,208,104,0,0.0,0.0,0,0.0,57.5,23,449465.2840387461,16.357858528104025,5.748202126733874,104,208,25,14,208,2,39,-105.0,70.5,-47.5,5.0,4050088,1561.308924,nan,4.050088,nan,14,0,4048240,28,0,0,14,1848,896,224,952,238,462,14,0,0,14
433,-47.5,57.5,220,110,0,0.0,0.0,0,0.0,57.5,27,515909.3481603816,21.20960763898883,7.270495651914265,110,220,27,12,220,0,39,-105.0,70.5,-47.5,5.0,3471504,1564.780428,nan,3.471504,nan,12,0,3469920,24,0,0,12,1584,768,192,816,204,396,12,0,0,12
434,-47.5,57.5,224,112,0,0.0,0.0,0,0.0,57.5,23,487256.9398132355,17.892341404031416,7.983237479215671,112,224,25,13,224,2,38,-105.0,70.5,-47.5,5.0,3760796,1568.541224,nan,3.760796,nan,13,0,3759080,26,0,0,13,1716,832,208,884,221,429,13,0,0,13
435,-47.5,57.5,222,111,0,0.0,0.0,0,0.0,57.5,22,521049.82128114183,20.355895994472746,8.220710694443172,111,222,25,13,222,3,38,-105.0,70.5,-47.5,5.0,3760796,1572.30202,nan,3.760796,nan,13,0,3759080,26,0,0,13,1716,832,208,884,221,429,13,0,0,13
436,-47.5,57.5,218,109,0,0.0,0.0,0,0.0,57.5,22,507404.8781721271,20.291645340243573,7.076042809867886,109,218,25,13,218,3,38,-105.0,70.5,-47.5,5.0,3760796,1576.062816,nan,3.760796,nan,13,0,3759080,26,0,0,13,1716,832,208,884,221,429,13,0,0,13
437,-47.5,57.5,218,109,0,0.0,0.0,0,0.0,57.5,22,531126.4447383536,20.17674700575287,12.638209440296052,109,218,25,12,218,3,37,-105.0,70.5,-47.5,5.0,3471504,1579.53432,nan,3.471504,nan,12,0,3469920,24,0,0,12,1584,768,192,816,204,396,12,0,0,12
438,-47.5,57.5,220,110,0,0.0,0.0,0,0.0,57.5,23,460534.6336834617,15.781910435905715,7.304681051688869,110,220,24,14,220,1,38,-105.0,70.5,-47.5,5.0,4050088,1583.584408,nan,4.050088,nan,14,0,4048240,28,0,0,14,1848,896,224,952,238,462,14,0,0,14
439,-47.5,57.5,222,111,0,0.0,0.0,0,0.0,57.5,22,454085.1421978501,16.09397294843861,5.8426829767046655,111,222,23,15,222,1,38,-105.0,70.5,-47.5,5.0,4339380,1587.923788,nan,4.33938,nan,15,0,4337400,30,0,0,15,1980,960,240,1020,255,495,15,0,0,15
440,-47.5,57.5,222,111,0,0.0,0.0,0,0.0,57.5,25,504902.9624992244,23.366677503093868,7.333216486319232,111,222,26,12,222,1,38,-105.0,70.5,-47.5,5.0,3471504,1591.395292,nan,3.471504,nan,12,0,3469920,24,0,0,12,1584,768,192,816,204,396,12,0,0,12
441,-47.5,57.5,228,114,0,0.0,0.0,0,0.0,57.5,25,525860.9947672174,20.472256796709797,7.352094098998851,114,228,26,13,228,1,39,-105.0,70.5,-47.5,5.0,3760796,1595.156088,nan,3.760796,nan,13,0,3759080,26,0,0,13,1716,832,208,884,221,429,13,0,0,13
442,-47.5,57.5,228,114,0,0.0,0.0,0,0.0,57.5,24,511959.1967976535,17.731719655110506,5.6171748231046825,114,228,26,13,228,2,39,-105.0,70.5,-47.5,5.0,3760796,1598.916884,nan,3.760796,nan,13,0,3759080,26,0,0,13,1716,832,208,884,221,429,13,0,0,13
443,-47.5,57.5,226,113,0,0.0,0.0,0,0.0,57.5,23,501346.29323865863,19.59161703984958,8.413870262183128,113,226,25,14,226,2,39,-105.0,70.5,-47.5,5.0,4050088,1602.966972,nan,4.050088,nan,14,0,4048240,28,0,0,14,1848,896,224,952,238,462,14,0,0,14
444,-47.5,57.5,222,111,0,0.0,0.0,0,0.0,57.5,24,509294.4816028557,19.569250162420925,9.59361636747612,111,222,26,13,222,2,39,-105.0,70.5,-47.5,5.0,3760796,1606.727768,nan,3.760796,nan,13,0,3759080,26,0,0,13,1716,832,208,884,221,429,13,0,0,13
445,-47.5,57.5,210,105,0,0.0,0.0,0,0.0,57.5,24,489019.33455196454,16.711401629374617,6.834185772348411,105,210,26,13,210,2,39,-105.0,70.5,-47.5,5.0,3760796,1610.488564,nan,3.760796,nan,13,0,3759080,26,0,0,13,1716,832,208,884,221,429,13,0,0,13
446,-47.5,57.5,202,101,0,0.0,0.0,0,0.0,57.5,21,505036.88799609785,17.938332062666877,7.164166676081588,101,202,24,14,202,3,38,-105.0,70.5,-47.5,5.0,4050088,1614.538652,nan,4.050088,nan,14,0,4048240,28,0,0,14,1848,896,224,952,238,462,14,0,0,14
447,-47.5,57.5,194,97,0,0.0,0.0,0,0.0,57.5,22,471732.2149068768,16.315498418502077,8.987093522022398,97,194,23,15,194,1,38,-105.0,70.5,-47.5,5.0,4339380,1618.878032,nan,4.33938,nan,15,0,4337400,30,0,0,15,1980,960,240,1020,255,495,15,0,0,15
448,-47.5,57.5,192,96,0,0.0,0.0,0,0.0,57.5,21,455281.1460500054,15.958503807632864,6.736943369757112,96,192,22,15,192,1,37,-105.0,70.5,-47.5,5.0,4339380,1623.217412,nan,4.33938,nan,15,0,4337400,30,0,0,15,1980,960,240,1020,255,495,15,0,0,15
449,-47.5,57.5,192,96,0,0.0,0.0,0,0.0,57.5,20,444358.20089646534,16.30460128095158,5.33978503224753,96,192,22,15,192,2,37,-105.0,70.5,-47.5,5.0,4339380,1627.556792,nan,4.33938,nan,15,0,4337400,30,0,0,15,1980,960,240,1020,255,495,15,0,0,15
450,-47.5,57.5,196,98,0,0.0,0.0,0,0.0,57.5,25,483307.50180642935,17.906025602955033,7.785830727694667,98,196,25,13,196,0,38,-105.0,70.5,-47.5,5.0,3760796,1631.317588,nan,3.760796,nan,13,0,3759080,26,0,0,13,1716,832,208,884,221,429,13,0,0,13
451,-47.5,57.5,212,106,0,0.0,0.0,0,0.0,57.5,24,479684.2566784001,17.08090121581739,8.088658686842319,106,212,24,14,212,0,38,-105.0,70.5,-47.5,5.0,4050088,1635.367676,nan,4.050088,nan,14,0,4048240,28,0,0,14,1848,896,224,952,238,462,14,0,0,14
452,-47.5,57.5,216,108,0,0.0,0.0,0,0.0,57.5,24,476540.0449712908,20.236432629682536,7.330179280921935,108,216,27,11,216,3,38,-105.0,70.5,-47.5,5.0,3182212,1638.549888,nan,3.182212,nan,11,0,3180760,22,0,0,11,1452,704,176,748,187,363,11,0,0,11
453,-47.5,57.5,222,111,0,0.0,0.0,0,0.0,57.5,25,528153.7319569082,26.262989729371533,9.118267114687859,111,222,27,11,222,2,38,-105.0,70.5,-47.5,5.0,3182212,1641.7321,nan,3.182212,nan,11,0,3180760,22,0,0,11,1452,704,176,748,187,363,11,0,0,11
454,-47.5,57.5,222,111,0,0.0,0.0,0,0.0,57.5,23,505467.68131094927,21.693566124832685,9.923535337689328,111,222,25,13,222,2,38,-105.0,70.5,-47.5,5.0,3760796,1645.492896,nan,3.760796,nan,13,0,3759080,26,0,0,13,1716,832,208,884,221,429,13,0,0,13
455,-47.5,57.5,228,114,0,0.0,0.0,0,0.0,57.5,24,449509.34454897285,16.2307924164285,5.09160940055888,114,228,24,14,228,0,38,-105.0,70.5,-47.5,5.0,4050088,1649.542984,nan,4.050088,nan,14,0,4048240,28,0,0,14,1848,896,224,952,238,462,14,0,0,14
456,-47.5,57.5,224,112,0,0.0,0.0,0,0.0,57.5,23,410434.42722141865,13.181781091128574,5.526068240067835,112,224,23,16,224,0,39,-105.0,70.5,-47.5,5.0,4628672,1654.171656,nan,4.628672,nan,16,0,4626560,32,0,0,16,2112,1024,256,1088,272,528,16,0,0,16
457,-47.5,57.5,200,100,0,0.0,0.0,0,0.0,57.5,26,465690.97634920664,20.242688586975582,5.1731802305948875,100,200,26,13,200,0,39,-105.0,70.5,-47.5,5.0,3760796,1657.932452,nan,3.760796,nan,13,0,3759080,26,0,0,13,1716,832,208,884,221,429,13,0,0,13
458,-47.5,57.5,192,96,0,0.0,0.0,0,0.0,57.5,24,463717.90584721626,16.567991041335453,6.594548072154565,96,192,24,13,192,0,37,-105.0,70.5,-47.5,5.0,3760796,1661.693248,nan,3.760796,nan,13,0,3759080,26,0,0,13,1716,832,208,884,221,429,13,0,0,13
459,-47.5,57.5,196,98,0,0.0,0.0,0,0.0,57.5,24,532179.445931564,24.792380311653574,12.457025907789479,98,196,26,12,196,2,38,-105.0,70.5,-47.5,5.0,3471504,1665.164752,nan,3.471504,nan,12,0,3469920,24,0,0,12,1584,768,192,816,204,396,12,0,0,12
460,-47.5,57.5,196,98,0,0.0,0.0,0,0.0,57.5,24,449646.07955764106,16.28268869025614,6.456191810300118,98,196,25,13,196,1,38,-105.0,70.5,-47.5,5.0,3760796,1668.925548,nan,3.760796,nan,13,0,3759080,26,0,0,13,1716,832,208,884,221,429,13,0,0,13
461,-47.5,57.5,202,101,0,0.0,0.0,0,0.0,57.5,23,535033.2454803471,21.025722322991708,12.937490272299092,101,202,25,14,202,2,39,-105.0,70.5,-47.5,5.0,4050088,1672.975636,nan,4.050088,nan,14,0,4048240,28,0,0,14,1848,896,224,952,238,462,14,0,0,14
462,-47.5,57.5,186,93,0,0.0,0.0,0,0.0,57.5,22,434393.30786284123,14.887085310724508,5.905751035779071,93,186,23,15,186,1,38,-105.0,70.5,-47.5,5.0,4339380,1677.315016,nan,4.33938,nan,15,0,4337400,30,0,0,15,1980,960,240,1020,255,495,15,0,0,15
463,-47.5,57.5,182,91,0,0.0,0.0,0,0.0,57.5,26,483953.69633825816,24.776734616760343,7.269702021919189,91,182,26,13,182,0,39,-105.0,70.5,-47.5,5.0,3760796,1681.075812,nan,3.760796,nan,13,0,3759080,26,0,0,13,1716,832,208,884,221,429,13,0,0,13
464,-47.5,57.5,170,85,0,0.0,0.0,0,0.0,57.5,21,491124.6062215638,17.778767775988392,8.207110207065982,85,170,23,14,170,2,37,-105.0,70.5,-47.5,5.0,4050088,1685.1259,nan,4.050088,nan,14,0,4048240,28,0,0,14,1848,896,224,952,238,462,14,0,0,14
465,-47.5,57.5,168,84,0,0.0,0.0,0,0.0,57.5,22,463298.0688047507,18.29007833171639,6.193583331558271,84,168,22,14,168,0,36,-105.0,70.5,-47.5,5.0,4050088,1689.175988,nan,4.050088,nan,14,0,4048240,28,0,0,14,1848,896,224,952,238,462,14,0,0,14
466,-47.5,57.5,156,78,0,0.0,0.0,0,0.0,57.5,22,518750.54909787735,22.93756647941242,11.507999012377613,78,156,23,13,156,1,36,-105.0,70.5,-47.5,5.0,3760796,1692.936784,nan,3.760796,nan,13,0,3759080,26,0,0,13,1716,832,208,884,221,429,13,0,0,13
467,-47.5,57.5,158,79,0,0.0,0.0,0,0.0,57.5,21,473484.344812254,19.46155872789387,5.452783298376211,79,158,22,14,158,1,36,-105.0,70.5,-47.5,5.0,4050088,1696.986872,nan,4.050088,nan,14,0,4048240,28,0,0,14,1848,896,224,952,238,462,14,0,0,14
468,-47.5,57.5,156,78,0,0.0,0.0,0,0.0,57.5,24,514427.21634620515,25.67077381372852,7.914247756392523,78,156,24,11,156,0,35,-105.0,70.5,-47.5,5.0,3182212,1700.169084,nan,3.182212,nan,11,0,3180760,22,0,0,11,1452,704,176,748,187,363,11,0,0,11
469,-47.5,57.5,148,74,0,0.0,0.0,0,0.0,57.5,21,464488.2060017219,24.280185524383924,7.3345363674813715,74,148,22,13,148,1,35,-105.0,70.5,-47.5,5.0,3760796,1703.92988,nan,3.760796,nan,13,0,3759080,26,0,0,13,1716,832,208,884,221,429,13,0,0,13
470,-47.5,57.5,144,72,0,0.0,0.0,0,0.0,57.5,20,482830.67828039336,22.672977467339884,7.218269523266435,72,144,20,13,144,0,33,-105.0,70.5,-47.5,5.0,3760796,1707.690676,nan,3.760796,nan,13,0,3759080,26,0,0,13,1716,832,208,884,221,429,13,0,0,13
471,-47.5,57.5,136,68,0,0.0,0.0,0,0.0,57.5,24,483250.1483058254,24.305694589611516,5.063335028761494,68,136,24,12,136,0,36,-105.0,70.5,-47.5,5.0,3471504,1711.16218,nan,3.471504,nan,12,0,3469920,24,0,0,12,1584,768,192,816,204,396,12,0,0,12
472,-47.5,57.5,120,60,0,0.0,0.0,0,0.0,57.5,19,456961.33465005655,21.85661050239018,8.32723795190304,60,120,19,14,120,0,33,-105.0,70.5,-47.5,5.0,4050088,1715.212268,nan,4.050088,nan,14,0,4048240,28,0,0,14,1848,896,224,952,238,462,14,0,0,14
473,-47.5,57.5,110,55,0,0.0,0.0,0,0.0,57.5,18,463185.9379530096,20.16424323833228,5.534689146619836,55,110,18,14,110,0,32,-105.0,70.5,-47.5,5.0,4050088,1719.262356,nan,4.050088,nan,14,0,4048240,28,0,0,14,1848,896,224,952,238,462,14,0,0,14
474,-47.5,57.5,110,55,0,0.0,0.0,0,0.0,57.5,18,445923.54496894253,20.879930804332528,5.34737311691652,55,110,18,13,110,0,31,-105.0,70.5,-47.5,5.0,3760796,1723.023152,nan,3.760796,nan,13,0,3759080,26,0,0,13,1716,832,208,884,221,429,13,0,0,13
475,-47.5,57.5,108,54,0,0.0,0.0,0,0.0,57.5,19,486248.89035105676,27.209935263237647,6.468984854233709,54,108,19,10,108,0,29,-105.0,70.5,-47.5,5.0,2892920,1725.916072,nan,2.89292,nan,10,0,2891600,20,0,0,10,1320,640,160,680,170,330,10,0,0,10
476,-47.5,57.5,112,56,0,0.0,0.0,0,0.0,57.5,20,562500.0,32.661929173473354,19.33894421597855,56,112,20,10,112,0,30,-105.0,70.5,-47.5,5.0,2892920,1728.808992,nan,2.89292,nan,10,0,2891600,20,0,0,10,1320,640,160,680,170,330,10,0,0,10
477,-47.5,57.5,124,62,0,0.0,0.0,0,0.0,57.5,20,505786.2377886793,22.625067360062108,9.727168539213553,62,124,20,11,124,0,31,-105.0,70.5,-47.5,5.0,3182212,1731.991204,nan,3.182212,nan,11,0,3180760,22,0,0,11,1452,704,176,748,187,363,11,0,0,11
478,-47.5,57.5,126,63,0,0.0,0.0,0,0.0,57.5,18,519662.06909520936,20.590942661632937,8.931455158273122,63,126,18,13,126,0,31,-105.0,70.5,-47.5,5.0,3760796,1735.752,nan,3.760796,nan,13,0,3759080,26,0,0,13,1716,832,208,884,221,429,13,0,0,13
479,-47.5,57.5,116,58,0,0.0,0.0,0,0.0,57.5,19,503442.7370221906,23.109832717326814,8.999153506173222,58,116,20,11,116,1,31,-105.0,70.5,-47.5,5.0,3182212,1738.934212,nan,3.182212,nan,11,0,3180760,22,0,0,11,1452,704,176,748,187,363,11,0,0,11
480,-47.5,57.5,128,64,0,0.0,0.0,0,0.0,57.5,18,457777.78499078803,17.668998137912887,5.9127646881952,64,128,18,14,128,0,32,-105.0,70.5,-47.5,5.0,4050088,1742.9843,nan,4.050088,nan,14,0,4048240,28,0,0,14,1848,896,224,952,238,462,14,0,0,14
481,-47.5,57.5,136,68,0,0.0,0.0,0,0.0,57.5,18,541384.8781346213,27.502192149962003,7.976090374103199,68,136,18,10,136,0,28,-105.0,70.5,-47.5,5.0,2892920,1745.87722,nan,2.89292,nan,10,0,2891600,20,0,0,10,1320,640,160,680,170,330,10,0,0,10
482,-47.5,57.5,132,66,0,0.0,0.0,0,0.0,57.5,17,519995.0770128522,26.622126042368166,5.7434670703044155,66,132,17,10,132,0,27,-105.0,70.5,-47.5,5.0,2892920,1748.77014,nan,2.89292,nan,10,0,2891600,20,0,0,10,1320,640,160,680,170,330,10,0,0,10
483,-47.5,57.5,134,67,0,0.0,0.0,0,0.0,57.5,16,465154.23170967546,20.272877343324165,5.281148541245049,67,134,16,12,134,0,28,-105.0,70.5,-47.5,5.0,3471504,1752.241644,nan,3.471504,nan,12,0,3469920,24,0,0,12,1584,768,192,816,204,396,12,0,0,12
484,-47.5,57.5,126,63,0,0.0,0.0,0,0.0,57.5,19,481669.60908402374,21.378540757591203,7.494199223490661,63,126,19,10,126,0,29,-105.0,70.5,-47.5,5.0,2892920,1755.134564,nan,2.89292,nan,10,0,2891600,20,0,0,10,1320,640,160,680,170,330,10,0,0,10
485,-47.5,57.5,130,65,0,0.0,0.0,0,0.0,57.5,18,498811.58644182776,22.40728306280626,6.046132011078401,65,130,19,12,130,1,31,-105.0,70.5,-47.5,5.0,3471504,1758.606068,nan,3.471504,nan,12,0,3469920,24,0,0,12,1584,768,192,816,204,396,12,0,0,12
486,-47.5,57.5,132,66,0,0.0,0.0,0,0.0,57.5,20,496775.98691603617,22.523238167200578,7.263677241330053,66,132,20,11,132,0,31,-105.0,70.5,-47.5,5.0,3182212,1761.78828,nan,3.182212,nan,11,0,3180760,22,0,0,11,1452,704,176,748,187,363,11,0,0,11
487,-47.5,57.5,132,66,0,0.0,0.0,0,0.0,57.5,20,534262.2694258048,23.737605281405155,10.682522034311976,66,132,21,12,132,1,33,-105.0,70.5,-47.5,5.0,3471504,1765.259784,nan,3.471504,nan,12,0,3469920,24,0,0,12,1584,768,192,816,204,396,12,0,0,12
488,-47.5,57.5,136,68,0,0.0,0.0,0,0.0,57.5,21,464934.3804346495,17.265379341963584,5.495435970086894,68,136,21,12,136,0,33,-105.0,70.5,-47.5,5.0,3471504,1768.731288,nan,3.471504,nan,12,0,3469920,24,0,0,12,1584,768,192,816,204,396,12,0,0,12
489,-47.5,57.5,144,72,0,0.0,0.0,0,0.0,57.5,20,467209.06251020345,18.92107815169155,5.231981358960693,72,144,20,13,144,0,33,-105.0,70.5,-47.5,5.0,3760796,1772.492084,nan,3.760796,nan,13,0,3759080,26,0,0,13,1716,832,208,884,221,429,13,0,0,13
490,-47.5,57.5,166,83,0,0.0,0.0,0,0.0,57.5,22,487533.4011865131,20.461736936797195,9.936176235267782,83,166,23,13,166,1,36,-105.0,70.5,-47.5,5.0,3760796,1776.25288,nan,3.760796,nan,13,0,3759080,26,0,0,13,1716,832,208,884,221,429,13,0,0,13
491,-47.5,57.5,190,95,0,0.0,0.0,0,0.0,57.5,22,463441.72453789826,21.053808316184565,5.29235373948453,95,190,25,13,190,3,38,-105.0,70.5,-47.5,5.0,3760796,1780.013676,nan,3.760796,nan,13,0,3759080,26,0,0,13,1716,832,208,884,221,429,13,0,0,13
492,-47.5,57.5,196,98,0,0.0,0.0,0,0.0,57.5,20,517027.7566379281,20.940604528216358,9.687257103671937,98,196,23,13,196,3,36,-105.0,70.5,-47.5,5.0,3760796,1783.774472,nan,3.760796,nan,13,0,3759080,26,0,0,13,1716,832,208,884,221,429,13,0,0,13
493,-47.5,57.5,198,99,0,0.0,0.0,0,0.0,57.5,23,509935.240656963,24.53464297679793,6.348636141746372,99,198,26,11,198,3,37,-105.0,70.5,-47.5,5.0,3182212,1786.956684,nan,3.182212,nan,11,0,3180760,22,0,0,11,1452,704,176,748,187,363,11,0,0,11
494,-47.5,57.5,202,101,0,0.0,0.0,0,0.0,57.5,21,456597.6549665105,16.569199129295342,6.923904555976835,101,202,22,13,202,1,35,-105.0,70.5,-47.5,5.0,3760796,1790.71748,nan,3.760796,nan,13,0,3759080,26,0,0,13,1716,832,208,884,221,429,13,0,0,13
495,-47.5,57.5,214,107,0,0.0,0.0,0,0.0,57.5,22,503014.244768519,19.21866128678942,8.777029840461028,107,214,24,13,214,2,37,-105.0,70.5,-47.5,5.0,3760796,1794.478276,nan,3.760796,nan,13,0,3759080,26,0,0,13,1716,832,208,884,221,429,13,0,0,13
496,-47.5,57.5,228,114,0,0.0,0.0,0,0.0,57.5,22,457154.8623543963,17.73678280729501,5.794146367830266,114,228,24,13,228,2,37,-105.0,70.5,-47.5,5.0,3760796,1798.239072,nan,3.760796,nan,13,0,3759080,26,0,0,13,1716,832,208,884,221,429,13,0,0,13
497,-47.5,57.5,236,118,0,0.0,0.0,0,0.0,57.5,19,472396.25789893296,17.94297904365887,9.273467690334364,118,236,24,13,236,5,37,-105.0,70.5,-47.5,5.0,3760796,1801.999868,nan,3.760796,nan,13,0,3759080,26,0,0,13,1716,832,208,884,221,429,13,0,0,13
498,-47.5,57.5,242,121,0,0.0,0.0,0,0.0,57.5,25,497800.5121005273,19.081333266965654,7.386005679168055,121,242,26,12,242,1,38,-105.0,70.5,-47.5,5.0,3471504,1805.471372,nan,3.471504,nan,12,0,3469920,24,0,0,12,1584,768,192,816,204,396,12,0,0,12
499,-47.5,57.5,236,118,0,0.0,0.0,0,0.0,57.5,25,485010.3898283026,22.046184316064814,9.063599480600608,118,236,26,12,236,1,38,-105.0,70.5,-47.5,5.0,3471504,1808.942876,nan,3.471504,nan,12,0,3469920,24,0,0,12,1584,768,192,816,204,396,12,0,0,12
500,-47.5,57.5,228,114,0,0.0,0.0,0,0.0,57.5,21,427769.4284539866,14.416000973761644,5.403683033602425,114,228,25,13,228,4,38,-105.0,70.5,-47.5,5.0,3760796,1812.703672,nan,3.760796,nan,13,0,3759080,26,0,0,13,1716,832,208,884,221,429,13,0,0,13
501,-47.5,57.5,214,107,0,0.0,0.0,0,0.0,57.5,24,499961.73624614225,20.142994420694876,8.11418120965362,107,214,26,12,214,2,38,-105.0,70.5,-47.5,5.0,3471504,1816.175176,nan,3.471504,nan,12,0,3469920,24,0,0,12,1584,768,192,816,204,396,12,0,0,12
502,-47.5,57.5,210,105,0,0.0,0.0,0,0.0,57.5,25,509015.2755789174,21.305248791723326,10.02562684966158,105,210,26,11,210,1,37,-105.0,70.5,-47.5,5.0,3182212,1819.357388,nan,3.182212,nan,11,0,3180760,22,0,0,11,1452,704,176,748,187,363,11,0,0,11
503,-47.5,57.5,190,95,0,0.0,0.0,0,0.0,57.5,21,452872.637957369,17.9685633087253,6.696493022722327,95,190,22,15,190,1,37,-105.0,70.5,-47.5,5.0,4339380,1823.696768,nan,4.33938,nan,15,0,4337400,30,0,0,15,1980,960,240,1020,255,495,15,0,0,15
504,-47.5,57.5,170,85,0,0.0,0.0,0,0.0,57.5,21,495644.40600226336,20.966726088245945,5.899966755491302,85,170,23,12,170,2,35,-105.0,70.5,-47.5,5.0,3471504,1827.168272,nan,3.471504,nan,12,0,3469920,24,0,0,12,1584,768,192,816,204,396,12,0,0,12
505,-47.5,57.5,158,79,0,0.0,0.0,0,0.0,57.5,25,499878.4375322393,22.986214629631636,9.495091875628198,79,158,25,12,158,0,37,-105.0,70.5,-47.5,5.0,3471504,1830.639776,nan,3.471504,nan,12,0,3469920,24,0,0,12,1584,768,192,816,204,396,12,0,0,12
506,-47.5,57.5,146,73,0,0.0,0.0,0,0.0,57.5,24,562500.0,38.4007473260377,22.73285186060285,73,146,25,9,146,1,34,-105.0,70.5,-47.5,5.0,2603628,1833.243404,nan,2.603628,nan,9,0,2602440,18,0,0,9,1188,576,144,612,153,297,9,0,0,9
507,-47.5,57.5,154,77,0,0.0,0.0,0,0.0,57.5,22,508916.394363579,24.60954775572509,5.8092420661741295,77,154,23,11,154,1,34,-105.0,70.5,-47.5,5.0,3182212,1836.425616,nan,3.182212,nan,11,0,3180760,22,0,0,11,1452,704,176,748,187,363,11,0,0,11
508,-47.5,57.5,148,74,0,0.0,0.0,0,0.0,57.5,20,446174.047074436,16.6027418260089,6.329147408232609,74,148,20,13,148,0,33,-105.0,70.5,-47.5,5.0,3760796,1840.186412,nan,3.760796,nan,13,0,3759080,26,0,0,13,1716,832,208,884,221,429,13,0,0,13
509,-47.5,57.5,148,74,0,0.0,0.0,0,0.0,57.5,23,494503.5919178916,21.97005462425064,6.332146541626962,74,148,23,13,148,0,36,-105.0,70.5,-47.5,5.0,3760796,1843.947208,nan,3.760796,nan,13,0,3759080,26,0,0,13,1716,832,208,884,221,429,13,0,0,13
510,-47.5,57.5,136,68,0,0.0,0.0,0,0.0,57.5,22,504013.4013344788,22.127115542738572,7.468567374478326,68,136,22,14,136,0,36,-105.0,70.5,-47.5,5.0,4050088,1847.997296,nan,4.050088,nan,14,0,4048240,28,0,0,14,1848,896,224,952,238,462,14,0,0,14
511,-47.5,57.5,132,66,0,0.0,0.0,0,0.0,57.5,21,511251.71786206076,21.817392169373836,6.78217520208964,66,132,22,14,132,1,36,-105.0,70.5,-47.5,5.0,4050088,1852.047384,nan,4.050088,nan,14,0,4048240,28,0,0,14,1848,896,224,952,238,462,14,0,0,14
512,-47.5,57.5,138,69,0,0.0,0.0,0,0.0,57.5,23,501250.9718302054,18.64188673186124,5.454805815162081,69,138,23,13,138,0,36,-105.0,70.5,-47.5,5.0,3760796,1855.80818,nan,3.760796,nan,13,0,3759080,26,0,0,13,1716,832,208,884,221,429,13,0,0,13
513,-47.5,57.5,146,73,0,0.0,0.0,0,0.0,57.5,23,476218.99749737233,17.30806251947795,7.122412724437379,73,146,23,15,146,0,38,-105.0,70.5,-47.5,5.0,4339380,1860.14756,nan,4.33938,nan,15,0,4337400,30,0,0,15,1980,960,240,1020,255,495,15,0,0,15
514,-47.5,57.5,134,67,0,0.0,0.0,0,0.0,57.5,23,488952.028655384,20.87083938078957,8.333586856168582,67,134,23,13,134,0,36,-105.0,70.5,-47.5,5.0,3760796,1863.908356,nan,3.760796,nan,13,0,3759080,26,0,0,13,1716,832,208,884,221,429,13,0,0,13
515,-47.5,57.5,130,65,0,0.0,0.0,0,0.0,57.5,19,446171.2107959663,17.96338986441065,5.237576395500955,65,130,20,14,130,1,34,-105.0,70.5,-47.5,5.0,4050088,1867.958444,nan,4.050088,nan,14,0,4048240,28,0,0,14,1848,896,224,952,238,462,14,0,0,14
516,-47.5,57.5,126,63,0,0.0,0.0,0,0.0,57.5,23,555841.8153023339,29.84313646543436,13.153148322848697,63,126,23,11,126,0,34,-105.0,70.5,-47.5,5.0,3182212,1871.140656,nan,3.182212,nan,11,0,3180760,22,0,0,11,1452,704,176,748,187,363,11,0,0,11
517,-47.5,57.5,130,65,0,0.0,0.0,0,0.0,57.5,23,513497.81854509236,26.327677595115393,5.170782694962719,65,130,23,12,130,0,35,-105.0,70.5,-47.5,5.0,3471504,1874.61216,nan,3.471504,nan,12,0,3469920,24,0,0,12,1584,768,192,816,204,396,12,0,0,12
518,-47.5,57.5,132,66,0,0.0,0.0,0,0.0,57.5,21,454829.79461802536,18.36778426608365,6.352196735504685,66,132,21,13,132,0,34,-105.0,70.5,-47.5,5.0,3760796,1878.372956,nan,3.760796,nan,13,0,3759080,26,0,0,13,1716,832,208,884,221,429,13,0,0,13
519,-47.5,57.5,136,68,0,0.0,0.0,0,0.0,57.5,21,448051.2380077146,15.48112646507614,5.932652459783973,68,136,22,14,136,1,36,-105.0,70.5,-47.5,5.0,4050088,1882.423044,nan,4.050088,nan,14,0,4048240,28,0,0,14,1848,896,224,952,238,462,14,0,0,14
520,-47.5,57.5,136,68,0,0.0,0.0,0,0.0,57.5,22,435900.5530398605,15.795722247508042,5.485401386079184,68,136,23,14,136,1,37,-105.0,70.5,-47.5,5.0,4050088,1886.473132,nan,4.050088,nan,14,0,4048240,28,0,0,14,1848,896,224,952,238,462,14,0,0,14
521,-47.5,57.5,144,72,0,0.0,0.0,0,0.0,57.5,21,482009.36917707924,18.195459563804626,5.253135154870822,72,144,24,13,144,3,37,-105.0,70.5,-47.5,5.0,3760796,1890.233928,nan,3.760796,nan,13,0,3759080,26,0,0,13,1716,832,208,884,221,429,13,0,0,13
522,-47.5,57.5,136,68,0,0.0,0.0,0,0.0,57.5,20,517115.8288641119,20.766819573956106,7.372126125686853,68,136,23,13,136,3,36,-105.0,70.5,-47.5,5.0,3760796,1893.994724,nan,3.760796,nan,13,0,3759080,26,0,0,13,1716,832,208,884,221,429,13,0,0,13
523,-47.5,57.5,138,69,0,0.0,0.0,0,0.0,57.5,21,475784.24578617123,17.28304171739847,7.004291312362668,69,138,22,14,138,1,36,-105.0,70.5,-47.5,5.0,4050088,1898.044812,nan,4.050088,nan,14,0,4048240,28,0,0,14,1848,896,224,952,238,462,14,0,0,14
524,-47.5,57.5,144,72,0,0.0,0.0,0,0.0,57.5,24,544172.13823541,24.210728241093378,11.481483552443855,72,144,25,12,144,1,37,-105.0,70.5,-47.5,5.0,3471504,1901.516316,nan,3.471504,nan,12,0,3469920,24,0,0,12,1584,768,192,816,204,396,12,0,0,12
525,-47.5,57.5,154,77,0,0.0,0.0,0,0.0,57.5,24,480623.6565026816,20.718712631079566,5.281475672994171,77,154,24,14,154,0,38,-105.0,70.5,-47.5,5.0,4050088,1905.566404,nan,4.050088,nan,14,0,4048240,28,0,0,14,1848,896,224,952,238,462,14,0,0,14
526,-47.5,57.5,154,77,0,0.0,0.0,0,0.0,57.5,22,513322.44212613674,18.568003661339993,7.93971633281374,77,154,24,14,154,2,38,-105.0,70.5,-47.5,5.0,4050088,1909.616492,nan,4.050088,nan,14,0,4048240,28,0,0,14,1848,896,224,952,238,462,14,0,0,14
527,-47.5,57.5,150,75,0,0.0,0.0,0,0.0,57.5,24,469255.6241677626,16.83988124456307,6.41348367014001,75,150,24,14,150,0,38,-105.0,70.5,-47.5,5.0,4050088,1913.66658,nan,4.050088,nan,14,0,4048240,28,0,0,14,1848,896,224,952,238,462,14,0,0,14
528,-47.5,57.5,152,76,0,0.0,0.0,0,0.0,57.5,23,502988.41015075863,19.068333050176626,7.725339872280862,76,152,25,13,152,2,38,-105.0,70.5,-47.5,5.0,3760796,1917.427376,nan,3.760796,nan,13,0,3759080,26,0,0,13,1716,832,208,884,221,429,13,0,0,13
529,-47.5,57.5,154,77,0,0.0,0.0,0,0.0,57.5,24,485052.4390397864,18.975203983109054,9.355315227138414,77,154,24,14,154,0,38,-105.0,70.5,-47.5,5.0,4050088,1921.477464,nan,4.050088,nan,14,0,4048240,28,0,0,14,1848,896,224,952,238,462,14,0,0,14
530,-47.5,57.5,152,76,0,0.0,0.0,0,0.0,57.5,22,451828.33282786916,16.06684580498199,5.660208371672521,76,152,23,15,152,1,38,-105.0,70.5,-47.5,5.0,4339380,1925.816844,nan,4.33938,nan,15,0,4337400,30,0,0,15,1980,960,240,1020,255,495,15,0,0,15
531,-47.5,57.5,150,75,0,0.0,0.0,0,0.0,57.5,25,520522.47670656256,20.01241825955899,8.648185669847416,75,150,25,13,150,0,38,-105.0,70.5,-47.5,5.0,3760796,1929.57764,nan,3.760796,nan,13,0,3759080,26,0,0,13,1716,832,208,884,221,429,13,0,0,13
532,-47.5,57.5,142,71,0,0.0,0.0,0,0.0,57.5,24,488268.23927208025,18.16376079466801,6.465206771107508,71,142,24,14,142,0,38,-105.0,70.5,-47.5,5.0,4050088,1933.627728,nan,4.050088,nan,14,0,4048240,28,0,0,14,1848,896,224,952,238,462,14,0,0,14
533,-47.5,57.5,138,69,0,0.0,0.0,0,0.0,57.5,22,514554.062608824,19.520789093406787,8.846631536890786,69,138,22,15,138,0,37,-105.0,70.5,-47.5,5.0,4339380,1937.967108,nan,4.33938,nan,15,0,4337400,30,0,0,15,1980,960,240,1020,255,495,15,0,0,15
534,-47.5,57.5,142,71,0,0.0,0.0,0,0.0,57.5,22,499473.2332768462,18.241952733585613,6.642800275483799,71,142,23,14,142,1,37,-105.0,70.5,-47.5,5.0,4050088,1942.017196,nan,4.050088,nan,14,0,4048240,28,0,0,14,1848,896,224,952,238,462,14,0,0,14
535,-47.5,57.5,144,72,0,0.0,0.0,0,0.0,57.5,26,510769.5432481084,22.802833374817755,7.14069703173008,72,144,26,12,144,0,38,-105.0,70.5,-47.5,5.0,3471504,1945.4887,nan,3.471504,nan,12,0,3469920,24,0,0,12,1584,768,192,816,204,396,12,0,0,12
536,-47.5,57.5,146,73,0,0.0,0.0,0,0.0,57.5,24,529249.5620938265,24.409516802562372,11.593383874197407,73,146,25,13,146,1,38,-105.0,70.5,-47.5,5.0,3760796,1949.249496,nan,3.760796,nan,13,0,3759080,26,0,0,13,1716,832,208,884,221,429,13,0,0,13
537,-47.5,57.5,146,73,0,0.0,0.0,0,0.0,57.5,24,498117.8073782107,18.063454701593535,6.816114214212137,73,146,24,15,146,0,39,-105.0,70.5,-47.5,5.0,4339380,1953.588876,nan,4.33938,nan,15,0,4337400,30,0,0,15,1980,960,240,1020,255,495,15,0,0,15
538,-47.5,57.5,148,74,0,0.0,0.0,0,0.0,57.5,25,514988.35045123106,20.345991858964247,5.523328081633196,74,148,25,14,148,0,39,-105.0,70.5,-47.5,5.0,4050088,1957.638964,nan,4.050088,nan,14,0,4048240,28,0,0,14,1848,896,224,952,238,462,14,0,0,14
539,-47.5,57.5,146,73,0,0.0,0.0,0,0.0,57.5,23,517208.16541389405,18.558924532069433,9.812438335639813,73,146,23,16,146,0,39,-105.0,70.5,-47.5,5.0,4628672,1962.267636,nan,4.628672,nan,16,0,4626560,32,0,0,16,2112,1024,256,1088,272,528,16,0,0,16
540,-47.5,57.5,144,72,0,0.0,0.0,0,0.0,57.5,25,529949.3224992612,23.601437208762945,11.498765422895264,72,144,25,13,144,0,38,-105.0,70.5,-47.5,5.0,3760796,1966.028432,nan,3.760796,nan,13,0,3759080,26,0,0,13,1716,832,208,884,221,429,13,0,0,13
541,-47.5,57.5,156,78,0,0.0,0.0,0,0.0,57.5,24,497840.1772844214,18.208955476505874,9.838850517113787,78,156,25,13,156,1,38,-105.0,70.5,-47.5,5.0,3760796,1969.789228,nan,3.760796,nan,13,0,3759080,26,0,0,13,1716,832,208,884,221,429,13,0,0,13
542,-47.5,57.5,146,73,0,0.0,0.0,0,0.0,57.5,24,480576.81534049235,17.247449527148767,5.514247757924489,73,146,24,14,146,0,38,-105.0,70.5,-47.5,5.0,4050088,1973.839316,nan,4.050088,nan,14,0,4048240,28,0,0,14,1848,896,224,952,238,462,14,0,0,14
543,-47.5,57.5,154,77,0,0.0,0.0,0,0.0,57.5,22,490033.6684429426,18.522305564213436,7.065572398798725,77,154,23,15,154,1,38,-105.0,70.5,-47.5,5.0,4339380,1978.178696,nan,4.33938,nan,15,0,4337400,30,0,0,15,1980,960,240,1020,255,495,15,0,0,15
544,-47.5,57.5,154,77,0,0.0,0.0,0,0.0,57.5,25,504130.2086718403,21.342165420009128,7.74444275183706,77,154,25,13,154,0,38,-105.0,70.5,-47.5,5.0,3760796,1981.939492,nan,3.760796,nan,13,0,3759080,26,0,0,13,1716,832,208,884,221,429,13,0,0,13
545,-47.5,57.5,172,86,0,0.0,0.0,0,0.0,57.5,26,532903.4039645882,23.370434013629904,7.912244696184914,86,172,26,13,172,0,39,-105.0,70.5,-47.5,5.0,3760796,1985.700288,nan,3.760796,nan,13,0,3759080,26,0,0,13,1716,832,208,884,221,429,13,0,0,13
546,-47.5,57.5,172,86,0,0.0,0.0,0,0.0,57.5,24,503480.9505720805,20.7089100954803,6.270627851706605,86,172,24,15,172,0,39,-105.0,70.5,-47.5,5.0,4339380,1990.039668,nan,4.33938,nan,15,0,4337400,30,0,0,15,1980,960,240,1020,255,495,15,0,0,15
547,-47.5,57.5,168,84,0,0.0,0.0,0,0.0,57.5,21,516388.945118613,20.30192660714553,9.762809756063888,84,168,25,14,168,4,39,-105.0,70.5,-47.5,5.0,4050088,1994.089756,nan,4.050088,nan,14,0,4048240,28,0,0,14,1848,896,224,952,238,462,14,0,0,14
548,-47.5,57.5,166,83,0,0.0,0.0,0,0.0,57.5,25,540864.1332121153,25.1122102613435,10.030547966580539,83,166,25,13,166,0,38,-105.0,70.5,-47.5,5.0,3760796,1997.850552,nan,3.760796,nan,13,0,3759080,26,0,0,13,1716,832,208,884,221,429,13,0,0,13
549,-47.5,57.5,160,80,0,0.0,0.0,0,0.0,57.5,25,530543.9240186393,29.603723458108337,9.35190784788633,80,160,26,11,160,1,37,-105.0,70.5,-47.5,5.0,3182212,2001.032764,nan,3.182212,nan,11,0,3180760,22,0,0,11,1452,704,176,748,187,363,11,0,0,11
550,-47.5,57.5,142,71,0,0.0,0.0,0,0.0,57.5,23,531874.0678473818,20.717671131601957,11.083497960616228,71,142,23,12,142,0,35,-105.0,70.5,-47.5,5.0,3471504,2004.504268,nan,3.471504,nan,12,0,3469920,24,0,0,12,1584,768,192,816,204,396,12,0,0,12
551,-47.5,57.5,134,67,0,0.0,0.0,0,0.0,57.5,21,555178.7031263243,30.77972168958111,12.99461822818824,67,134,21,11,134,0,32,-105.0,70.5,-47.5,5.0,3182212,2007.68648,nan,3.182212,nan,11,0,3180760,22,0,0,11,1452,704,176,748,187,363,11,0,0,11
552,-47.5,57.5,132,66,0,0.0,0.0,0,0.0,57.5,22,562500.0,29.9411341394653,20.08176374537832,66,132,22,12,132,0,34,-105.0,70.5,-47.5,5.0,3471504,2011.157984,nan,3.471504,nan,12,0,3469920,24,0,0,12,1584,768,192,816,204,396,12,0,0,12
553,-47.5,57.5,128,64,0,0.0,0.0,0,0.0,57.5,20,514867.8423688448,23.11500505307586,5.556357031648773,64,128,20,14,128,0,34,-105.0,70.5,-47.5,5.0,4050088,2015.208072,nan,4.050088,nan,14,0,4048240,28,0,0,14,1848,896,224,952,238,462,14,0,0,14
554,-47.5,57.5,120,60,0,0.0,0.0,0,0.0,57.5,19,543610.2625808538,24.727502999449012,13.254473202837778,60,120,19,12,120,0,31,-105.0,70.5,-47.5,5.0,3471504,2018.679576,nan,3.471504,nan,12,0,3469920,24,0,0,12,1584,768,192,816,204,396,12,0,0,12
555,-47.5,57.5,114,57,0,0.0,0.0,0,0.0,57.5,19,498985.9854603,21.02005149913175,8.845279466156091,57,114,19,12,114,0,31,-105.0,70.5,-47.5,5.0,3471504,2022.15108,nan,3.471504,nan,12,0,3469920,24,0,0,12,1584,768,192,816,204,396,12,0,0,12
556,-47.5,57.5,108,54,0,0.0,0.0,0,0.0,57.5,20,462471.5520759567,22.961742833802592,5.431539569297723,54,108,20,12,108,0,32,-105.0,70.5,-47.5,5.0,3471504,2025.622584,nan,3.471504,nan,12,0,3469920,24,0,0,12,1584,768,192,816,204,396,12,0,0,12
557,-47.5,57.5,116,58,0,0.0,0.0,0,0.0,57.5,20,530446.2480003498,24.352942402939355,10.03805369305136,58,116,22,11,116,2,33,-105.0,70.5,-47.5,5.0,3182212,2028.804796,nan,3.182212,nan,11,0,3180760,22,0,0,11,1452,704,176,748,187,363,11,0,0,11
558,-47.5,57.5,122,61,0,0.0,0.0,0,0.0,57.5,23,519493.7977838107,23.955249635586277,9.485329414586015,61,122,23,11,122,0,34,-105.0,70.5,-47.5,5.0,3182212,2031.987008,nan,3.182212,nan,11,0,3180760,22,0,0,11,1452,704,176,748,187,363,11,0,0,11
559,-47.5,57.5,134,67,0,0.0,0.0,0,0.0,57.5,22,496186.56320971594,21.29086414837585,7.736765919886414,67,134,22,12,134,0,34,-105.0,70.5,-47.5,5.0,3471504,2035.458512,nan,3.471504,nan,12,0,3469920,24,0,0,12,1584,768,192,816,204,396,12,0,0,12
560,-47.5,57.5,138,69,0,0.0,0.0,0,0.0,57.5,21,512119.48777805717,21.17617556319982,8.082963317949943,69,138,22,12,138,1,34,-105.0,70.5,-47.5,5.0,3471504,2038.930016,nan,3.471504,nan,12,0,3469920,24,0,0,12,1584,768,192,816,204,396,12,0,0,12
561,-47.5,57.5,150,75,0,0.0,0.0,0,0.0,57.5,20,497047.16585274943,16.889594953173127,8.623896279009163,75,150,21,12,150,1,33,-105.0,70.5,-47.5,5.0,3471504,2042.40152,nan,3.471504,nan,12,0,3469920,24,0,0,12,1584,768,192,816,204,396,12,0,0,12
562,-47.5,57.5,158,79,0,0.0,0.0,0,0.0,57.5,21,468925.0414842564,21.428303431789313,5.056301398038247,79,158,21,13,158,0,34,-105.0,70.5,-47.5,5.0,3760796,2046.162316,nan,3.760796,nan,13,0,3759080,26,0,0,13,1716,832,208,884,221,429,13,0,0,13
563,-47.5,57.5,150,75,0,0.0,0.0,0,0.0,57.5,20,509990.39586149005,18.65934752325709,6.757174367331606,75,150,22,11,150,2,33,-105.0,70.5,-47.5,5.0,3182212,2049.344528,nan,3.182212,nan,11,0,3180760,22,0,0,11,1452,704,176,748,187,363,11,0,0,11
564,-47.5,57.5,146,73,0,0.0,0.0,0,0.0,57.5,21,534910.4651825479,23.75242399716178,8.645459224559293,73,146,21,12,146,0,33,-105.0,70.5,-47.5,5.0,3471504,2052.816032,nan,3.471504,nan,12,0,3469920,24,0,0,12,1584,768,192,816,204,396,12,0,0,12
565,-47.5,57.5,146,73,0,0.0,0.0,0,0.0,57.5,22,467049.03943531495,19.56249184238823,6.386857751183266,73,146,22,11,146,0,33,-105.0,70.5,-47.5,5.0,3182212,2055.998244,nan,3.182212,nan,11,0,3180760,22,0,0,11,1452,704,176,748,187,363,11,0,0,11
566,-47.5,57.5,142,71,0,0.0,0.0,0,0.0,57.5,22,557090.7275742479,31.983337303549387,14.434288528802606,71,142,22,10,142,0,32,-105.0,70.5,-47.5,5.0,2892920,2058.891164,nan,2.89292,nan,10,0,2891600,20,0,0,10,1320,640,160,680,170,330,10,0,0,10
567,-47.5,57.5,154,77,0,0.0,0.0,0,0.0,57.5,22,517321.9902029178,26.437927488091113,8.445144763037188,77,154,22,11,154,0,33,-105.0,70.5,-47.5,5.0,3182212,2062.073376,nan,3.182212,nan,11,0,3180760,22,0,0,11,1452,704,176,748,187,363,11,0,0,11
568,-47.5,57.5,146,73,0,0.0,0.0,0,0.0,57.5,19,492200.8144069046,17.97081670416106,9.056752742442706,73,146,20,13,146,1,33,-105.0,70.5,-47.5,5.0,3760796,2065.834172,nan,3.760796,nan,13,0,3759080,26,0,0,13,1716,832,208,884,221,429,13,0,0,13
569,-47.5,57.5,150,75,0,0.0,0.0,0,0.0,57.5,21,477329.7379094401,19.557238300078403,8.306621296411066,75,150,22,11,150,1,33,-105.0,70.5,-47.5,5.0,3182212,2069.016384,nan,3.182212,nan,11,0,3180760,22,0,0,11,1452,704,176,748,187,363,11,0,0,11
570,-47.5,57.5,154,77,0,0.0,0.0,0,0.0,57.5,22,560676.7871812162,33.531093976913596,16.681593128726252,77,154,22,11,154,0,33,-105.0,70.5,-47.5,5.0,3182212,2072.198596,nan,3.182212,nan,11,0,3180760,22,0,0,11,1452,704,176,748,187,363,11,0,0,11
571,-47.5,57.5,150,75,0,0.0,0.0,0,0.0,57.5,19,456189.62772300636,15.824514495503157,5.817373078589645,75,150,20,14,150,1,34,-105.0,70.5,-47.5,5.0,4050088,2076.248684,nan,4.050088,nan,14,0,4048240,28,0,0,14,1848,896,224,952,238,462,14,0,0,14
572,-47.5,57.5,156,78,0,0.0,0.0,0,0.0,57.5,18,458437.74666731554,19.188768333590378,5.92292231526393,78,156,22,12,156,4,34,-105.0,70.5,-47.5,5.0,3471504,2079.720188,nan,3.471504,nan,12,0,3469920,24,0,0,12,1584,768,192,816,204,396,12,0,0,12
573,-47.5,57.5,160,80,0,0.0,0.0,0,0.0,57.5,19,511748.81459591986,21.619287785050915,8.540795494807261,80,160,21,12,160,2,33,-105.0,70.5,-47.5,5.0,3471504,2083.191692,nan,3.471504,nan,12,0,3469920,24,0,0,12,1584,768,192,816,204,396,12,0,0,12
574,-47.5,57.5,164,82,0,0.0,0.0,0,0.0,57.5,18,552127.0098592632,25.919717062017458,15.50812318753825,82,164,21,10,164,3,31,-105.0,70.5,-47.5,5.0,2892920,2086.084612,nan,2.89292,nan,10,0,2891600,20,0,0,10,1320,640,160,680,170,330,10,0,0,10
575,-47.5,57.5,172,86,0,0.0,0.0,0,0.0,57.5,21,497366.22792091104,23.485205183228253,10.187171562084567,86,172,21,11,172,0,32,-105.0,70.5,-47.5,5.0,3182212,2089.266824,nan,3.182212,nan,11,0,3180760,22,0,0,11,1452,704,176,748,187,363,11,0,0,11
576,-47.5,57.5,184,92,0,0.0,0.0,0,0.0,57.5,19,504550.3383163539,26.541473240426036,6.106792002217402,92,184,22,11,184,3,33,-105.0,70.5,-47.5,5.0,3182212,2092.449036,nan,3.182212,nan,11,0,3180760,22,0,0,11,1452,704,176,748,187,363,11,0,0,11
577,-47.5,57.5,192,96,0,0.0,0.0,0,0.0,57.5,21,431584.4795871535,16.31296136160682,6.728225752033139,96,192,22,13,192,1,35,-105.0,70.5,-47.5,5.0,3760796,2096.209832,nan,3.760796,nan,13,0,3759080,26,0,0,13,1716,832,208,884,221,429,13,0,0,13
578,-47.5,57.5,192,96,0,0.0,0.0,0,0.0,57.5,19,464965.3093330706,21.455232170356684,5.478856650960094,96,192,23,12,192,4,35,-105.0,70.5,-47.5,5.0,3471504,2099.681336,nan,3.471504,nan,12,0,3469920,24,0,0,12,1584,768,192,816,204,396,12,0,0,12
579,-47.5,57.5,194,97,0,0.0,0.0,0,0.0,57.5,23,508123.02599039575,23.65484085210572,8.142671099330048,97,194,24,11,194,1,35,-105.0,70.5,-47.5,5.0,3182212,2102.863548,nan,3.182212,nan,11,0,3180760,22,0,0,11,1452,704,176,748,187,363,11,0,0,11
580,-47.5,57.5,204,102,0,0.0,0.0,0,0.0,57.5,22,489921.65131070005,28.271530868630933,8.427495382559906,102,204,25,11,204,3,36,-105.0,70.5,-47.5,5.0,3182212,2106.04576,nan,3.182212,nan,11,0,3180760,22,0,0,11,1452,704,176,748,187,363,11,0,0,11
581,-47.5,57.5,222,111,0,0.0,0.0,0,0.0,57.5,22,464320.71291563916,17.21039706163843,5.307271337214118,111,222,26,11,222,4,37,-105.0,70.5,-47.5,5.0,3182212,2109.227972,nan,3.182212,nan,11,0,3180760,22,0,0,11,1452,704,176,748,187,363,11,0,0,11
582,-47.5,57.5,242,121,0,0.0,0.0,0,0.0,57.5,21,530815.0276707778,25.125130319433346,10.635405000427875,121,242,25,11,242,4,36,-105.0,70.5,-47.5,5.0,3182212,2112.410184,nan,3.182212,nan,11,0,3180760,22,0,0,11,1452,704,176,748,187,363,11,0,0,11
583,-47.5,57.5,238,119,0,0.0,0.0,0,0.0,57.5,23,498079.9119210601,17.90913488228358,7.409177036915295,119,238,23,13,238,0,36,-105.0,70.5,-47.5,5.0,3760796,2116.17098,nan,3.760796,nan,13,0,3759080,26,0,0,13,1716,832,208,884,221,429,13,0,0,13
584,-47.5,57.5,226,113,0,0.0,0.0,0,0.0,57.5,24,469607.2576647315,19.310941160812117,5.585612448439975,113,226,26,11,226,2,37,-105.0,70.5,-47.5,5.0,3182212,2119.353192,nan,3.182212,nan,11,0,3180760,22,0,0,11,1452,704,176,748,187,363,11,0,0,11
585,-47.5,57.5,204,102,0,0.0,0.0,0,0.0,57.5,19,471547.42313127744,19.504402137442405,7.917483081382416,102,204,23,11,204,4,34,-105.0,70.5,-47.5,5.0,3182212,2122.535404,nan,3.182212,nan,11,0,3180760,22,0,0,11,1452,704,176,748,187,363,11,0,0,11
586,-47.5,57.5,196,98,0,0.0,0.0,0,0.0,57.5,22,477267.86372635164,19.12907549388816,5.081770957669596,98,196,24,11,196,2,35,-105.0,70.5,-47.5,5.0,3182212,2125.717616,nan,3.182212,nan,11,0,3180760,22,0,0,11,1452,704,176,748,187,363,11,0,0,11
587,-47.5,57.5,202,101,0,0.0,0.0,0,0.0,57.5,23,549718.6474165192,30.199234569684126,15.013385090822805,101,202,25,10,202,2,35,-105.0,70.5,-47.5,5.0,2892920,2128.610536,nan,2.89292,nan,10,0,2891600,20,0,0,10,1320,640,160,680,170,330,10,0,0,10
588,-47.5,57.5,204,102,0,0.0,0.0,0,0.0,57.5,24,503133.9097162143,24.817278352117707,5.634318678590613,102,204,25,11,204,1,36,-105.0,70.5,-47.5,5.0,3182212,2131.792748,nan,3.182212,nan,11,0,3180760,22,0,0,11,1452,704,176,748,187,363,11,0,0,11
589,-47.5,57.5,216,108,0,0.0,0.0,0,0.0,57.5,20,467375.8183999152,18.49952786186901,8.248036456967428,108,216,22,14,216,2,36,-105.0,70.5,-47.5,5.0,4050088,2135.842836,nan,4.050088,nan,14,0,4048240,28,0,0,14,1848,896,224,952,238,462,14,0,0,14
590,-47.5,57.5,208,104,0,0.0,0.0,0,0.0,57.5,22,493542.2083023346,24.37332000646694,5.122460725742269,104,208,24,12,208,2,36,-105.0,70.5,-47.5,5.0,3471504,2139.31434,nan,3.471504,nan,12,0,3469920,24,0,0,12,1584,768,192,816,204,396,12,0,0,12
591,-47.5,57.5,194,97,0,0.0,0.0,0,0.0,57.5,23,449353.04951238487,16.085347627639432,5.815861355477663,97,194,24,12,194,1,36,-105.0,70.5,-47.5,5.0,3471504,2142.785844,nan,3.471504,nan,12,0,3469920,24,0,0,12,1584,768,192,816,204,396,12,0,0,12
592,-47.5,57.5,200,100,0,0.0,0.0,0,0.0,57.5,22,476879.32915012125,18.511287763457744,6.825118103796584,100,200,24,11,200,2,35,-105.0,70.5,-47.5,5.0,3182212,2145.968056,nan,3.182212,nan,11,0,3180760,22,0,0,11,1452,704,176,748,187,363,11,0,0,11
593,-47.5,57.5,188,94,0,0.0,0.0,0,0.0,57.5,21,461405.9314502335,15.426344434539137,7.039656395106468,94,188,21,12,188,0,33,-105.0,70.5,-47.5,5.0,3471504,2149.43956,nan,3.471504,nan,12,0,3469920,24,0,0,12,1584,768,192,816,204,396,12,0,0,12
594,-47.5,57.5,162,81,0,0.0,0.0,0,0.0,57.5,19,544838.083192411,23.460840172124005,13.866731429614564,81,162,21,10,162,2,31,-105.0,70.5,-47.5,5.0,2892920,2152.33248,nan,2.89292,nan,10,0,2891600,20,0,0,10,1320,640,160,680,170,330,10,0,0,10
595,-47.5,57.5,178,89,0,0.0,0.0,0,0.0,57.5,21,468547.8872306919,19.83146774636029,8.426186609541036,89,178,22,12,178,1,34,-105.0,70.5,-47.5,5.0,3471504,2155.803984,nan,3.471504,nan,12,0,3469920,24,0,0,12,1584,768,192,816,204,396,12,0,0,12
596,-47.5,57.5,172,86,0,0.0,0.0,0,0.0,57.5,21,495707.1456771961,18.51167082943265,7.534377804885596,86,172,21,13,172,0,34,-105.0,70.5,-47.5,5.0,3760796,2159.56478,nan,3.760796,nan,13,0,3759080,26,0,0,13,1716,832,208,884,221,429,13,0,0,13
597,-47.5,57.5,182,91,0,0.0,0.0,0,0.0,57.5,22,488734.27970341314,18.923991157920895,5.462009191975831,91,182,22,12,182,0,34,-105.0,70.5,-47.5,5.0,3471504,2163.036284,nan,3.471504,nan,12,0,3469920,24,0,0,12,1584,768,192,816,204,396,12,0,0,12
598,-47.5,57.5,172,86,0,0.0,0.0,0,0.0,57.5,23,511559.6930350637,25.048677668571273,10.297943980900241,86,172,23,13,172,0,36,-105.0,70.5,-47.5,5.0,3760796,2166.79708,nan,3.760796,nan,13,0,3759080,26,0,0,13,1716,832,208,884,221,429,13,0,0,13
599,-47.5,57.5,158,79,0,0.0,0.0,0,0.0,57.5,22,446555.52605233755,18.398261370834437,5.071118387822286,79,158,23,15,158,1,38,-105.0,70.5,-47.5,5.0,4339380,2171.13646,nan,4.33938,nan,15,0,4337400,30,0,0,15,1980,960,240,1020,255,495,15,0,0,15
600,-47.5,57.5,156,78,0,0.0,0.0,0,0.0,57.5,21,450764.00936572684,18.73551996570003,6.116570844645341,78,156,21,13,156,0,34,-105.0,70.5,-47.5,5.0,3760796,2174.897256,nan,3.760796,nan,13,0,3759080,26,0,0,13,1716,832,208,884,221,429,13,0,0,13
601,-47.5,57.5,150,75,0,0.0,0.0,0,0.0,57.5,21,536240.9180901301,28.01432893300258,12.472636333408227,75,150,22,11,150,1,33,-105.0,70.5,-47.5,5.0,3182212,2178.079468,nan,3.182212,nan,11,0,3180760,22,0,0,11,1452,704,176,748,187,363,11,0,0,11
602,-47.5,57.5,154,77,0,0.0,0.0,0,0.0,57.5,22,528798.4013703974,26.633715467677646,9.151522652087623,77,154,23,13,154,1,36,-105.0,70.5,-47.5,5.0,3760796,2181.840264,nan,3.760796,nan,13,0,3759080,26,0,0,13,1716,832,208,884,221,429,13,0,0,13
603,-47.5,57.5,156,78,0,0.0,0.0,0,0.0,57.5,24,515393.9597606714,24.534828569907944,8.516067455556513,78,156,24,12,156,0,36,-105.0,70.5,-47.5,5.0,3471504,2185.311768,nan,3.471504,nan,12,0,3469920,24,0,0,12,1584,768,192,816,204,396,12,0,0,12
604,-47.5,57.5,148,74,0,0.0,0.0,0,0.0,57.5,23,562500.0,27.564190824059995,18.759425314999202,74,148,24,11,148,1,35,-105.0,70.5,-47.5,5.0,3182212,2188.49398,nan,3.182212,nan,11,0,3180760,22,0,0,11,1452,704,176,748,187,363,11,0,0,11
605,-47.5,57.5,136,68,0,0.0,0.0,0,0.0,57.5,22,535146.9259385279,29.560951745831265,8.178214656947965,68,136,22,13,136,0,35,-105.0,70.5,-47.5,5.0,3760796,2192.254776,nan,3.760796,nan,13,0,3759080,26,0,0,13,1716,832,208,884,221,429,13,0,0,13
606,-47.5,57.5,114,57,0,0.0,0.0,0,0.0,57.5,20,538759.2597808673,25.739339865126183,8.379470277827357,57,114,20,13,114,0,33,-105.0,70.5,-47.5,5.0,3760796,2196.015572,nan,3.760796,nan,13,0,3759080,26,0,0,13,1716,832,208,884,221,429,13,0,0,13
607,-47.5,57.5,118,59,0,0.0,0.0,0,0.0,57.5,22,544933.2473443141,22.993324162064948,13.328341142105376,59,118,22,11,118,0,33,-105.0,70.5,-47.5,5.0,3182212,2199.197784,nan,3.182212,nan,11,0,3180760,22,0,0,11,1452,704,176,748,187,363,11,0,0,11
608,-47.5,57.5,112,56,0,0.0,0.0,0,0.0,57.5,22,538355.3133733883,25.548300956820952,8.984065080900251,56,112,22,10,112,0,32,-105.0,70.5,-47.5,5.0,2892920,2202.090704,nan,2.89292,nan,10,0,2891600,20,0,0,10,1320,640,160,680,170,330,10,0,0,10
609,-47.5,57.5,124,62,0,0.0,0.0,0,0.0,57.5,21,503763.4928452615,18.976593746139937,8.507615553501527,62,124,21,13,124,0,34,-105.0,70.5,-47.5,5.0,3760796,2205.8515,nan,3.760796,nan,13,0,3759080,26,0,0,13,1716,832,208,884,221,429,13,0,0,13
610,-47.5,57.5,122,61,0,0.0,0.0,0,0.0,57.5,22,527422.0414343142,27.520102722971,10.381085194643074,61,122,22,11,122,0,33,-105.0,70.5,-47.5,5.0,3182212,2209.033712,nan,3.182212,nan,11,0,3180760,22,0,0,11,1452,704,176,748,187,363,11,0,0,11
611,-47.5,57.5,128,64,0,0.0,0.0,0,0.0,57.5,24,532265.9766074122,22.217438020278482,12.530004344494186,64,128,24,11,128,0,35,-105.0,70.5,-47.5,5.0,3182212,2212.215924,nan,3.182212,nan,11,0,3180760,22,0,0,11,1452,704,176,748,187,363,11,0,0,11
612,-47.5,57.5,130,65,0,0.0,0.0,0,0.0,57.5,22,468676.3729690943,18.386076133825366,5.777458813487449,65,130,22,14,130,0,36,-105.0,70.5,-47.5,5.0,4050088,2216.266012,nan,4.050088,nan,14,0,4048240,28,0,0,14,1848,896,224,952,238,462,14,0,0,14
613,-47.5,57.5,130,65,0,0.0,0.0,0,0.0,57.5,21,484705.70062913594,20.225455326456473,6.934676329920735,65,130,21,15,130,0,36,-105.0,70.5,-47.5,5.0,4339380,2220.605392,nan,4.33938,nan,15,0,4337400,30,0,0,15,1980,960,240,1020,255,495,15,0,0,15
614,-47.5,57.5,130,65,0,0.0,0.0,0,0.0,57.5,21,503954.2462580816,19.50726315507006,6.254552313537026,65,130,21,15,130,0,36,-105.0,70.5,-47.5,5.0,4339380,2224.944772,nan,4.33938,nan,15,0,4337400,30,0,0,15,1980,960,240,1020,255,495,15,0,0,15
615,-47.5,57.5,122,61,0,0.0,0.0,0,0.0,57.5,25,485484.5885918417,24.945120957321762,7.2025196258680415,61,122,25,10,122,0,35,-105.0,70.5,-47.5,5.0,2892920,2227.837692,nan,2.89292,nan,10,0,2891600,20,0,0,10,1320,640,160,680,170,330,10,0,0,10
616,-47.5,57.5,114,57,0,0.0,0.0,0,0.0,57.5,21,540632.2770468361,23.621024413463633,7.69590665125066,57,114,21,12,114,0,33,-105.0,70.5,-47.5,5.0,3471504,2231.309196,nan,3.471504,nan,12,0,3469920,24,0,0,12,1584,768,192,816,204,396,12,0,0,12
617,-47.5,57.5,110,55,0,0.0,0.0,0,0.0,57.5,21,484097.5607841373,21.617904887576696,8.046462174150495,55,110,21,12,110,0,33,-105.0,70.5,-47.5,5.0,3471504,2234.7807,nan,3.471504,nan,12,0,3469920,24,0,0,12,1584,768,192,816,204,396,12,0,0,12
618,-47.5,57.5,108,54,0,0.0,0.0,0,0.0,57.5,21,524212.6087869329,19.64997771697399,13.450992097184455,54,108,21,12,108,0,33,-105.0,70.5,-47.5,5.0,3471504,2238.252204,nan,3.471504,nan,12,0,3469920,24,0,0,12,1584,768,192,816,204,396,12,0,0,12
619,-47.5,57.5,106,53,0,0.0,0.0,0,0.0,57.5,20,523595.10924764164,19.173811482115145,10.38660353603385,53,106,21,12,106,1,33,-105.0,70.5,-47.5,5.0,3471504,2241.723708,nan,3.471504,nan,12,0,3469920,24,0,0,12,1584,768,192,816,204,396,12,0,0,12
620,-47.5,57.5,102,51,0,0.0,0.0,0,0.0,57.5,21,525750.8554526824,27.49922028819753,8.87772893429692,51,102,21,11,102,0,32,-105.0,70.5,-47.5,5.0,3182212,2244.90592,nan,3.182212,nan,11,0,3180760,22,0,0,11,1452,704,176,748,187,363,11,0,0,11
621,-47.5,57.5,104,52,0,0.0,0.0,0,0.0,57.5,18,476141.5100022379,19.822188818883813,6.103927958332214,52,104,18,14,104,0,32,-105.0,70.5,-47.5,5.0,4050088,2248.956008,nan,4.050088,nan,14,0,4048240,28,0,0,14,1848,896,224,952,238,462,14,0,0,14
622,-47.5,57.5,108,54,0,0.0,0.0,0,0.0,57.5,20,507291.23046362126,23.013169606387116,7.482213233124053,54,108,20,13,108,0,33,-105.0,70.5,-47.5,5.0,3760796,2252.716804,nan,3.760796,nan,13,0,3759080,26,0,0,13,1716,832,208,884,221,429,13,0,0,13
623,-47.5,57.5,110,55,0,0.0,0.0,0,0.0,57.5,20,513222.4449780491,22.09009266829546,6.909018092502754,55,110,20,13,110,0,33,-105.0,70.5,-47.5,5.0,3760796,2256.4776,nan,3.760796,nan,13,0,3759080,26,0,0,13,1716,832,208,884,221,429,13,0,0,13
624,-47.5,57.5,110,55,0,0.0,0.0,0,0.0,57.5,21,545607.1124483208,21.57220035377777,11.48179899902048,55,110,21,12,110,0,33,-105.0,70.5,-47.5,5.0,3471504,2259.949104,nan,3.471504,nan,12,0,3469920,24,0,0,12,1584,768,192,816,204,396,12,0,0,12
625,-47.5,57.5,112,56,0,0.0,0.0,0,0.0,57.5,21,504425.36334588693,19.112017610399928,7.0351222715264115,56,112,21,13,112,0,34,-105.0,70.5,-47.5,5.0,3760796,2263.7099,nan,3.760796,nan,13,0,3759080,26,0,0,13,1716,832,208,884,221,429,13,0,0,13
626,-47.5,57.5,118,59,0,0.0,0.0,0,0.0,57.5,22,548214.6285141305,24.16554005011854,13.645205944899597,59,118,22,12,118,0,34,-105.0,70.5,-47.5,5.0,3471504,2267.181404,nan,3.471504,nan,12,0,3469920,24,0,0,12,1584,768,192,816,204,396,12,0,0,12
627,-47.5,57.5,120,60,0,0.0,0.0,0,0.0,57.5,21,522736.87163953116,17.720764206423578,8.345767545029268,60,120,21,13,120,0,34,-105.0,70.5,-47.5,5.0,3760796,2270.9422,nan,3.760796,nan,13,0,3759080,26,0,0,13,1716,832,208,884,221,429,13,0,0,13
628,-47.5,57.5,120,60,0,0.0,0.0,0,0.0,57.5,21,510717.7416986859,19.230680930428893,7.88051718563223,60,120,21,13,120,0,34,-105.0,70.5,-47.5,5.0,3760796,2274.702996,nan,3.760796,nan,13,0,3759080,26,0,0,13,1716,832,208,884,221,429,13,0,0,13
629,-47.5,57.5,118,59,0,0.0,0.0,0,0.0,57.5,22,517156.7316499506,22.22499696988199,6.6041418427252365,59,118,22,12,118,0,34,-105.0,70.5,-47.5,5.0,3471504,2278.1745,nan,3.471504,nan,12,0,3469920,24,0,0,12,1584,768,192,816,204,396,12,0,0,12
630,-47.5,57.5,112,56,0,0.0,0.0,0,0.0,57.5,20,476063.1159776382,16.004480322743923,5.847131346451372,56,112,20,14,112,0,34,-105.0,70.5,-47.5,5.0,4050088,2282.224588,nan,4.050088,nan,14,0,4048240,28,0,0,14,1848,896,224,952,238,462,14,0,0,14
631,-47.5,57.5,130,65,0,0.0,0.0,0,0.0,57.5,21,524644.3143140262,24.41211152538497,12.252483769855424,65,130,21,13,130,0,34,-105.0,70.5,-47.5,5.0,3760796,2285.985384,nan,3.760796,nan,13,0,3759080,26,0,0,13,1716,832,208,884,221,429,13,0,0,13
632,-47.5,57.5,130,65,0,0.0,0.0,0,0.0,57.5,22,503566.59937728144,21.830248035508742,7.242880336849772,65,130,22,13,130,0,35,-105.0,70.5,-47.5,5.0,3760796,2289.74618,nan,3.760796,nan,13,0,3759080,26,0,0,13,1716,832,208,884,221,429,13,0,0,13
633,-47.5,57.5,136,68,0,0.0,0.0,0,0.0,57.5,20,487231.3406963602,16.216023949178688,6.241217114250302,68,136,20,15,136,0,35,-105.0,70.5,-47.5,5.0,4339380,2294.08556,nan,4.33938,nan,15,0,4337400,30,0,0,15,1980,960,240,1020,255,495,15,0,0,15
634,-47.5,57.5,144,72,0,0.0,0.0,0,0.0,57.5,21,508291.49003437394,18.762124453862743,6.35410556817439,72,144,21,14,144,0,35,-105.0,70.5,-47.5,5.0,4050088,2298.135648,nan,4.050088,nan,14,0,4048240,28,0,0,14,1848,896,224,952,238,462,14,0,0,14
635,-47.5,57.5,152,76,0,0.0,0.0,0,0.0,57.5,23,523837.8059945603,23.71724761327471,6.962706108760301,76,152,23,12,152,0,35,-105.0,70.5,-47.5,5.0,3471504,2301.607152,nan,3.471504,nan,12,0,3469920,24,0,0,12,1584,768,192,816,204,396,12,0,0,12
636,-47.5,57.5,150,75,0,0.0,0.0,0,0.0,57.5,21,503515.3870311522,22.35487742822137,5.822920091864501,75,150,22,13,150,1,35,-105.0,70.5,-47.5,5.0,3760796,2305.367948,nan,3.760796,nan,13,0,3759080,26,0,0,13,1716,832,208,884,221,429,13,0,0,13
637,-47.5,57.5,148,74,0,0.0,0.0,0,0.0,57.5,19,514740.7822165681,19.1398139454039,7.142990478456493,74,148,20,13,148,1,33,-105.0,70.5,-47.5,5.0,3760796,2309.128744,nan,3.760796,nan,13,0,3759080,26,0,0,13,1716,832,208,884,221,429,13,0,0,13
638,-47.5,57.5,152,76,0,0.0,0.0,0,0.0,57.5,21,537373.3867268851,28.63573729338363,6.321903418980208,76,152,21,12,152,0,33,-105.0,70.5,-47.5,5.0,3471504,2312.600248,nan,3.471504,nan,12,0,3469920,24,0,0,12,1584,768,192,816,204,396,12,0,0,12
639,-47.5,57.5,140,70,0,0.0,0.0,0,0.0,57.5,21,524551.5234359176,25.96580993625605,9.466511222880042,70,140,21,12,140,0,33,-105.0,70.5,-47.5,5.0,3471504,2316.071752,nan,3.471504,nan,12,0,3469920,24,0,0,12,1584,768,192,816,204,396,12,0,0,12
640,-47.5,57.5,126,63,0,0.0,0.0,0,0.0,57.5,20,520687.0931136949,22.387634875461075,8.866399514977982,63,126,20,11,126,0,31,-105.0,70.5,-47.5,5.0,3182212,2319.253964,nan,3.182212,nan,11,0,3180760,22,0,0,11,1452,704,176,748,187,363,11,0,0,11
641,-47.5,57.5,110,55,0,0.0,0.0,0,0.0,57.5,19,529819.3177754752,27.09673308944215,10.139954099510254,55,110,19,11,110,0,30,-105.0,70.5,-47.5,5.0,3182212,2322.436176,nan,3.182212,nan,11,0,3180760,22,0,0,11,1452,704,176,748,187,363,11,0,0,11
642,-47.5,57.5,106,53,0,0.0,0.0,0,0.0,57.5,19,524241.0182034916,28.769752483905318,8.278002941095144,53,106,19,9,106,0,28,-105.0,70.5,-47.5,5.0,2603628,2325.039804,nan,2.603628,nan,9,0,2602440,18,0,0,9,1188,576,144,612,153,297,9,0,0,9
643,-47.5,57.5,110,55,0,0.0,0.0,0,0.0,57.5,17,465242.16281923937,15.89802107801992,6.180578703402187,55,110,17,13,110,0,30,-105.0,70.5,-47.5,5.0,3760796,2328.8006,nan,3.760796,nan,13,0,3759080,26,0,0,13,1716,832,208,884,221,429,13,0,0,13
644,-47.5,57.5,106,53,0,0.0,0.0,0,0.0,57.5,19,510167.4059847908,34.20642169817606,6.6069494825096005,53,106,19,10,106,0,29,-105.0,70.5,-47.5,5.0,2892920,2331.69352,nan,2.89292,nan,10,0,2891600,20,0,0,10,1320,640,160,680,170,330,10,0,0,10
645,-47.5,57.5,96,48,0,0.0,0.0,0,0.0,57.5,16,516683.14509912365,21.81791602519607,9.318942969152243,48,96,16,12,96,0,28,-105.0,70.5,-47.5,5.0,3471504,2335.165024,nan,3.471504,nan,12,0,3469920,24,0,0,12,1584,768,192,816,204,396,12,0,0,12
646,-47.5,57.5,92,46,0,0.0,0.0,0,0.0,57.5,19,562500.0,34.74346624594652,19.448888633196514,46,92,19,9,92,0,28,-105.0,70.5,-47.5,5.0,2603628,2337.768652,nan,2.603628,nan,9,0,2602440,18,0,0,9,1188,576,144,612,153,297,9,0,0,9
647,-47.5,57.5,104,52,0,0.0,0.0,0,0.0,57.5,20,532447.4365591586,30.641895270752048,6.002595568712429,52,104,20,11,104,0,31,-105.0,70.5,-47.5,5.0,3182212,2340.950864,nan,3.182212,nan,11,0,3180760,22,0,0,11,1452,704,176,748,187,363,11,0,0,11
648,-47.5,57.5,104,52,0,0.0,0.0,0,0.0,57.5,18,530601.6947713112,27.07811173575706,8.31511389323029,52,104,18,12,104,0,30,-105.0,70.5,-47.5,5.0,3471504,2344.422368,nan,3.471504,nan,12,0,3469920,24,0,0,12,1584,768,192,816,204,396,12,0,0,12
649,-47.5,57.5,112,56,0,0.0,0.0,0,0.0,57.5,18,521616.2847182175,27.436885333674716,6.627260185636984,56,112,18,11,112,0,29,-105.0,70.5,-47.5,5.0,3182212,2347.60458,nan,3.182212,nan,11,0,3180760,22,0,0,11,1452,704,176,748,187,363,11,0,0,11
650,-47.5,57.5,126,63,0,0.0,0.0,0,0.0,57.5,16,513567.47786768776,24.45993719686887,12.211546666263198,63,126,18,10,126,2,28,-105.0,70.5,-47.5,5.0,2892920,2350.4975,nan,2.89292,nan,10,0,2891600,20,0,0,10,1320,640,160,680,170,330,10,0,0,10
651,-47.5,57.5,124,62,0,0.0,0.0,0,0.0,57.5,16,519559.4458074661,23.073634674237983,12.36273106927335,62,124,16,10,124,0,26,-105.0,70.5,-47.5,5.0,2892920,2353.39042,nan,2.89292,nan,10,0,2891600,20,0,0,10,1320,640,160,680,170,330,10,0,0,10
652,-47.5,57.5,122,61,0,0.0,0.0,0,0.0,57.5,14,494783.88205703505,20.139664535096294,9.38720321514974,61,122,16,10,122,2,26,-105.0,70.5,-47.5,5.0,2892920,2356.28334,nan,2.89292,nan,10,0,2891600,20,0,0,10,1320,640,160,680,170,330,10,0,0,10
653,-47.5,57.5,116,58,0,0.0,0.0,0,0.0,57.5,17,498676.78271076723,28.439491286047094,8.974425832922508,58,116,17,10,116,0,27,-105.0,70.5,-47.5,5.0,2892920,2359.17626,nan,2.89292,nan,10,0,2891600,20,0,0,10,1320,640,160,680,170,330,10,0,0,10
654,-47.5,57.5,118,59,0,0.0,0.0,0,0.0,57.5,16,500966.61812366784,28.684269176802342,5.620578732910953,59,118,18,11,118,2,29,-105.0,70.5,-47.5,5.0,3182212,2362.358472,nan,3.182212,nan,11,0,3180760,22,0,0,11,1452,704,176,748,187,363,11,0,0,11
655,-47.5,57.5,122,61,0,0.0,0.0,0,0.0,57.5,19,538599.6571189556,28.756515845718695,13.098711507767327,61,122,19,10,122,0,29,-105.0,70.5,-47.5,5.0,2892920,2365.251392,nan,2.89292,nan,10,0,2891600,20,0,0,10,1320,640,160,680,170,330,10,0,0,10
656,-47.5,57.5,122,61,0,0.0,0.0,0,0.0,57.5,18,545209.9237616245,25.576926858211245,12.56426223834469,61,122,18,10,122,0,28,-105.0,70.5,-47.5,5.0,2892920,2368.144312,nan,2.89292,nan,10,0,2891600,20,0,0,10,1320,640,160,680,170,330,10,0,0,10
657,-47.5,57.5,122,61,0,0.0,0.0,0,0.0,57.5,18,545532.5552596685,24.852196987094715,9.374488095761643,61,122,18,10,122,0,28,-105.0,70.5,-47.5,5.0,2892920,2371.037232,nan,2.89292,nan,10,0,2891600,20,0,0,10,1320,640,160,680,170,330,10,0,0,10
658,-47.5,57.5,126,63,0,0.0,0.0,0,0.0,57.5,18,485810.4225570556,27.538433600912356,5.264427609351705,63,126,18,10,126,0,28,-105.0,70.5,-47.5,5.0,2892920,2373.930152,nan,2.89292,nan,10,0,2891600,20,0,0,10,1320,640,160,680,170,330,10,0,0,10
659,-47.5,57.5,136,68,0,0.0,0.0,0,0.0,57.5,18,491955.2307588214,23.292779375984882,5.950838148254157,68,136,18,11,136,0,29,-105.0,70.5,-47.5,5.0,3182212,2377.112364,nan,3.182212,nan,11,0,3180760,22,0,0,11,1452,704,176,748,187,363,11,0,0,11
660,-47.5,57.5,140,70,0,0.0,0.0,0,0.0,57.5,18,495618.42968793865,21.443798468101544,6.0448189164643065,70,140,18,12,140,0,30,-105.0,70.5,-47.5,5.0,3471504,2380.583868,nan,3.471504,nan,12,0,3469920,24,0,0,12,1584,768,192,816,204,396,12,0,0,12
661,-47.5,57.5,154,77,0,0.0,0.0,0,0.0,57.5,19,492058.5572724793,21.55131912441522,5.840181600751102,77,154,19,11,154,0,30,-105.0,70.5,-47.5,5.0,3182212,2383.76608,nan,3.182212,nan,11,0,3180760,22,0,0,11,1452,704,176,748,187,363,11,0,0,11
662,-47.5,57.5,158,79,0,0.0,0.0,0,0.0,57.5,17,473752.3397899454,19.38208122448484,7.929113208824474,79,158,20,12,158,3,32,-105.0,70.5,-47.5,5.0,3471504,2387.237584,nan,3.471504,nan,12,0,3469920,24,0,0,12,1584,768,192,816,204,396,12,0,0,12
663,-47.5,57.5,168,84,0,0.0,0.0,0,0.0,57.5,21,484803.61602704466,19.885699435945543,6.757334880860631,84,168,21,12,168,0,33,-105.0,70.5,-47.5,5.0,3471504,2390.709088,nan,3.471504,nan,12,0,3469920,24,0,0,12,1584,768,192,816,204,396,12,0,0,12
664,-47.5,57.5,164,82,0,0.0,0.0,0,0.0,57.5,20,448817.6158264946,18.277694779250286,6.171717778243134,82,164,20,13,164,0,33,-105.0,70.5,-47.5,5.0,3760796,2394.469884,nan,3.760796,nan,13,0,3759080,26,0,0,13,1716,832,208,884,221,429,13,0,0,13
665,-47.5,57.5,170,85,0,0.0,0.0,0,0.0,57.5,20,468348.4797749221,26.52107176227975,7.0409468771251404,85,170,23,11,170,3,34,-105.0,70.5,-47.5,5.0,3182212,2397.652096,nan,3.182212,nan,11,0,3180760,22,0,0,11,1452,704,176,748,187,363,11,0,0,11
666,-47.5,57.5,176,88,0,0.0,0.0,0,0.0,57.5,23,492496.39161653374,26.33679715518579,7.651822696529116,88,176,24,11,176,1,35,-105.0,70.5,-47.5,5.0,3182212,2400.834308,nan,3.182212,nan,11,0,3180760,22,0,0,11,1452,704,176,748,187,363,11,0,0,11
667,-47.5,57.5,192,96,0,0.0,0.0,0,0.0,57.5,23,468099.6302446049,23.48362565736903,6.781203653352633,96,192,25,11,192,2,36,-105.0,70.5,-47.5,5.0,3182212,2404.01652,nan,3.182212,nan,11,0,3180760,22,0,0,11,1452,704,176,748,187,363,11,0,0,11
668,-47.5,57.5,194,97,0,0.0,0.0,0,0.0,57.5,20,446519.6681620632,16.60710019630277,5.151059695786681,97,194,23,14,194,3,37,-105.0,70.5,-47.5,5.0,4050088,2408.066608,nan,4.050088,nan,14,0,4048240,28,0,0,14,1848,896,224,952,238,462,14,0,0,14
669,-47.5,57.5,196,98,0,0.0,0.0,0,0.0,57.5,22,442287.3831590946,14.60924561852622,6.605602047505059,98,196,23,13,196,1,36,-105.0,70.5,-47.5,5.0,3760796,2411.827404,nan,3.760796,nan,13,0,3759080,26,0,0,13,1716,832,208,884,221,429,13,0,0,13
670,-47.5,57.5,200,100,0,0.0,0.0,0,0.0,57.5,21,422896.60103476245,15.708953671904176,6.432913905512666,100,200,22,15,200,1,37,-105.0,70.5,-47.5,5.0,4339380,2416.166784,nan,4.33938,nan,15,0,4337400,30,0,0,15,1980,960,240,1020,255,495,15,0,0,15
671,-47.5,57.5,198,99,0,0.0,0.0,0,0.0,57.5,23,473718.07828301,16.90942376298256,5.862857690331662,99,198,25,12,198,2,37,-105.0,70.5,-47.5,5.0,3471504,2419.638288,nan,3.471504,nan,12,0,3469920,24,0,0,12,1584,768,192,816,204,396,12,0,0,12
672,-47.5,57.5,196,98,0,0.0,0.0,0,0.0,57.5,24,514617.29787853686,19.511479547218403,7.748891634102691,98,196,25,12,196,1,37,-105.0,70.5,-47.5,5.0,3471504,2423.109792,nan,3.471504,nan,12,0,3469920,24,0,0,12,1584,768,192,816,204,396,12,0,0,12
673,-47.5,57.5,192,96,0,0.0,0.0,0,0.0,57.5,23,515148.19762673316,21.004358654035485,5.061836130034225,96,192,23,11,192,0,34,-105.0,70.5,-47.5,5.0,3182212,2426.292004,nan,3.182212,nan,11,0,3180760,22,0,0,11,1452,704,176,748,187,363,11,0,0,11
674,-47.5,57.5,198,99,0,0.0,0.0,0,0.0,57.5,25,496554.50270316994,24.067806193559775,5.191666677960708,99,198,25,11,198,0,36,-105.0,70.5,-47.5,5.0,3182212,2429.474216,nan,3.182212,nan,11,0,3180760,22,0,0,11,1452,704,176,748,187,363,11,0,0,11
675,-47.5,57.5,196,98,0,0.0,0.0,0,0.0,57.5,21,517197.8627854285,19.211628561107435,11.909486312696343,98,196,24,12,196,3,36,-105.0,70.5,-47.5,5.0,3471504,2432.94572,nan,3.471504,nan,12,0,3469920,24,0,0,12,1584,768,192,816,204,396,12,0,0,12
676,-47.5,57.5,192,96,0,0.0,0.0,0,0.0,57.5,22,457322.71462040074,18.208319567217796,7.7814091419999185,96,192,22,14,192,0,36,-105.0,70.5,-47.5,5.0,4050088,2436.995808,nan,4.050088,nan,14,0,4048240,28,0,0,14,1848,896,224,952,238,462,14,0,0,14
677,-47.5,57.5,190,95,0,0.0,0.0,0,0.0,57.5,20,483153.07338668953,21.110048106878807,6.265364464520045,95,190,23,13,190,3,36,-105.0,70.5,-47.5,5.0,3760796,2440.756604,nan,3.760796,nan,13,0,3759080,26,0,0,13,1716,832,208,884,221,429,13,0,0,13
678,-47.5,57.5,180,90,0,0.0,0.0,0,0.0,57.5,22,515653.4758604478,20.869191859610723,9.669527059222231,90,180,23,12,180,1,35,-105.0,70.5,-47.5,5.0,3471504,2444.228108,nan,3.471504,nan,12,0,3469920,24,0,0,12,1584,768,192,816,204,396,12,0,0,12
679,-47.5,57.5,182,91,0,0.0,0.0,0,0.0,57.5,20,466883.5854780636,16.127818013641285,6.125610523734051,91,182,22,14,182,2,36,-105.0,70.5,-47.5,5.0,4050088,2448.278196,nan,4.050088,nan,14,0,4048240,28,0,0,14,1848,896,224,952,238,462,14,0,0,14
680,-47.5,57.5,190,95,0,0.0,0.0,0,0.0,57.5,23,480632.29365772934,17.77108970658864,6.31127095166044,95,190,24,12,190,1,36,-105.0,70.5,-47.5,5.0,3471504,2451.7497,nan,3.471504,nan,12,0,3469920,24,0,0,12,1584,768,192,816,204,396,12,0,0,12
681,-47.5,57.5,178,89,0,0.0,0.0,0,0.0,57.5,22,491495.27377063176,20.49446565085552,7.131788510845749,89,178,24,12,178,2,36,-105.0,70.5,-47.5,5.0,3471504,2455.221204,nan,3.471504,nan,12,0,3469920,24,0,0,12,1584,768,192,816,204,396,12,0,0,12
682,-47.5,57.5,174,87,0,0.0,0.0,0,0.0,57.5,22,481140.67804886267,23.737198202264036,5.767443365557867,87,174,23,12,174,1,35,-105.0,70.5,-47.5,5.0,3471504,2458.692708,nan,3.471504,nan,12,0,3469920,24,0,0,12,1584,768,192,816,204,396,12,0,0,12
683,-47.5,57.5,154,77,0,0.0,0.0,0,0.0,57.5,21,498994.5321303735,20.16232779268597,10.924283351383977,77,154,22,14,154,1,36,-105.0,70.5,-47.5,5.0,4050088,2462.742796,nan,4.050088,nan,14,0,4048240,28,0,0,14,1848,896,224,952,238,462,14,0,0,14
684,-47.5,57.5,160,80,0,0.0,0.0,0,0.0,57.5,23,478489.5256074335,18.049106605582757,8.104716136256306,80,160,23,14,160,0,37,-105.0,70.5,-47.5,5.0,4050088,2466.792884,nan,4.050088,nan,14,0,4048240,28,0,0,14,1848,896,224,952,238,462,14,0,0,14
685,-47.5,57.5,174,87,0,0.0,0.0,0,0.0,57.5,24,458376.6652226817,20.52169995249305,6.843194683715167,87,174,25,13,174,1,38,-105.0,70.5,-47.5,5.0,3760796,2470.55368,nan,3.760796,nan,13,0,3759080,26,0,0,13,1716,832,208,884,221,429,13,0,0,13
686,-47.5,57.5,178,89,0,0.0,0.0,0,0.0,57.5,23,521181.2793986596,24.10341020032931,11.57260785261627,89,178,23,13,178,0,36,-105.0,70.5,-47.5,5.0,3760796,2474.314476,nan,3.760796,nan,13,0,3759080,26,0,0,13,1716,832,208,884,221,429,13,0,0,13
687,-47.5,57.5,184,92,0,0.0,0.0,0,0.0,57.5,24,487675.88911318994,19.098203257319003,6.857415255234068,92,184,24,13,184,0,37,-105.0,70.5,-47.5,5.0,3760796,2478.075272,nan,3.760796,nan,13,0,3759080,26,0,0,13,1716,832,208,884,221,429,13,0,0,13
688,-47.5,57.5,174,87,0,0.0,0.0,0,0.0,57.5,22,472524.76768876903,18.732314518614697,5.463053587286239,87,174,22,13,174,0,35,-105.0,70.5,-47.5,5.0,3760796,2481.836068,nan,3.760796,nan,13,0,3759080,26,0,0,13,1716,832,208,884,221,429,13,0,0,13
689,-47.5,57.5,172,86,0,0.0,0.0,0,0.0,57.5,23,557766.1947769028,28.222637182148745,15.884252565336652,86,172,24,11,172,1,35,-105.0,70.5,-47.5,5.0,3182212,2485.01828,nan,3.182212,nan,11,0,3180760,22,0,0,11,1452,704,176,748,187,363,11,0,0,11
690,-47.5,57.5,176,88,0,0.0,0.0,0,0.0,57.5,21,487608.6339613322,21.0341989922843,6.952636867506147,88,176,25,11,176,4,36,-105.0,70.5,-47.5,5.0,3182212,2488.200492,nan,3.182212,nan,11,0,3180760,22,0,0,11,1452,704,176,748,187,363,11,0,0,11
691,-47.5,57.5,176,88,0,0.0,0.0,0,0.0,57.5,21,457326.91827862343,18.014108297133884,5.653938423085556,88,176,22,14,176,1,36,-105.0,70.5,-47.5,5.0,4050088,2492.25058,nan,4.050088,nan,14,0,4048240,28,0,0,14,1848,896,224,952,238,462,14,0,0,14
692,-47.5,57.5,174,87,0,0.0,0.0,0,0.0,57.5,20,435406.81514431763,15.582420532248264,5.219471357370615,87,174,21,14,174,1,35,-105.0,70.5,-47.5,5.0,4050088,2496.300668,nan,4.050088,nan,14,0,4048240,28,0,0,14,1848,896,224,952,238,462,14,0,0,14
693,-47.5,57.5,180,90,0,0.0,0.0,0,0.0,57.5,24,458128.52485441446,16.603386814573277,5.838054265986714,90,180,24,13,180,0,37,-105.0,70.5,-47.5,5.0,3760796,2500.061464,nan,3.760796,nan,13,0,3759080,26,0,0,13,1716,832,208,884,221,429,13,0,0,13
694,-47.5,57.5,190,95,0,0.0,0.0,0,0.0,57.5,23,428112.2850148232,15.677353018997762,6.010141957200325,95,190,24,14,190,1,38,-105.0,70.5,-47.5,5.0,4050088,2504.111552,nan,4.050088,nan,14,0,4048240,28,0,0,14,1848,896,224,952,238,462,14,0,0,14
695,-47.5,57.5,194,97,0,0.0,0.0,0,0.0,57.5,25,491942.4108432464,17.83177295514767,8.107371647109748,97,194,25,13,194,0,38,-105.0,70.5,-47.5,5.0,3760796,2507.872348,nan,3.760796,nan,13,0,3759080,26,0,0,13,1716,832,208,884,221,429,13,0,0,13
696,-47.5,57.5,188,94,0,0.0,0.0,0,0.0,57.5,22,464807.477156647,19.573916023113885,5.794051409172235,94,188,24,12,188,2,36,-105.0,70.5,-47.5,5.0,3471504,2511.343852,nan,3.471504,nan,12,0,3469920,24,0,0,12,1584,768,192,816,204,396,12,0,0,12
697,-47.5,57.5,188,94,0,0.0,0.0,0,0.0,57.5,22,473408.53315786854,16.504291598127057,7.87331991112819,94,188,23,15,188,1,38,-105.0,70.5,-47.5,5.0,4339380,2515.683232,nan,4.33938,nan,15,0,4337400,30,0,0,15,1980,960,240,1020,255,495,15,0,0,15
698,-47.5,57.5,178,89,0,0.0,0.0,0,0.0,57.5,22,443645.8254234529,16.474382980545663,7.826091832027622,89,178,24,13,178,2,37,-105.0,70.5,-47.5,5.0,3760796,2519.444028,nan,3.760796,nan,13,0,3759080,26,0,0,13,1716,832,208,884,221,429,13,0,0,13
699,-47.5,57.5,174,87,0,0.0,0.0,0,0.0,57.5,24,494209.3083138594,21.955305697514365,7.025619107351227,87,174,25,12,174,1,37,-105.0,70.5,-47.5,5.0,3471504,2522.915532,nan,3.471504,nan,12,0,3469920,24,0,0,12,1584,768,192,816,204,396,12,0,0,12
700,-47.5,57.5,166,83,0,0.0,0.0,0,0.0,57.5,24,453296.1710772992,22.41565662152833,5.139630322189652,83,166,24,12,166,0,36,-105.0,70.5,-47.5,5.0,3471504,2526.387036,nan,3.471504,nan,12,0,3469920,24,0,0,12,1584,768,192,816,204,396,12,0,0,12
701,-47.5,57.5,150,75,0,0.0,0.0,0,0.0,57.5,22,465951.39503137296,16.320078743196497,7.225005586494843,75,150,23,13,150,1,36,-105.0,70.5,-47.5,5.0,3760796,2530.147832,nan,3.760796,nan,13,0,3759080,26,0,0,13,1716,832,208,884,221,429,13,0,0,13
702,-47.5,57.5,156,78,0,0.0,0.0,0,0.0,57.5,24,515436.86905275943,22.66079310822795,7.315223399273265,78,156,24,12,156,0,36,-105.0,70.5,-47.5,5.0,3471504,2533.619336,nan,3.471504,nan,12,0,3469920,24,0,0,12,1584,768,192,816,204,396,12,0,0,12
703,-47.5,57.5,148,74,0,0.0,0.0,0,0.0,57.5,21,489733.82218921,17.95541380191179,6.240341648580909,74,148,22,14,148,1,36,-105.0,70.5,-47.5,5.0,4050088,2537.669424,nan,4.050088,nan,14,0,4048240,28,0,0,14,1848,896,224,952,238,462,14,0,0,14
704,-47.5,57.5,144,72,0,0.0,0.0,0,0.0,57.5,21,489372.21155884303,18.88715613874138,5.112451599454099,72,144,22,14,144,1,36,-105.0,70.5,-47.5,5.0,4050088,2541.719512,nan,4.050088,nan,14,0,4048240,28,0,0,14,1848,896,224,952,238,462,14,0,0,14
705,-47.5,57.5,148,74,0,0.0,0.0,0,0.0,57.5,24,523148.4561626864,22.92408146590529,8.545767395300224,74,148,25,12,148,1,37,-105.0,70.5,-47.5,5.0,3471504,2545.191016,nan,3.471504,nan,12,0,3469920,24,0,0,12,1584,768,192,816,204,396,12,0,0,12
706,-47.5,57.5,136,68,0,0.0,0.0,0,0.0,57.5,21,472893.69781593076,15.607564253277442,5.648074604404776,68,136,22,15,136,1,37,-105.0,70.5,-47.5,5.0,4339380,2549.530396,nan,4.33938,nan,15,0,4337400,30,0,0,15,1980,960,240,1020,255,495,15,0,0,15
707,-47.5,57.5,134,67,0,0.0,0.0,0,0.0,57.5,24,526352.6283720906,18.713791572855413,7.097872730200238,67,134,24,12,134,0,36,-105.0,70.5,-47.5,5.0,3471504,2553.0019,nan,3.471504,nan,12,0,3469920,24,0,0,12,1584,768,192,816,204,396,12,0,0,12
708,-47.5,57.5,128,64,0,0.0,0.0,0,0.0,57.5,21,526428.1849778135,20.321236804260337,11.157657056188137,64,128,22,14,128,1,36,-105.0,70.5,-47.5,5.0,4050088,2557.051988,nan,4.050088,nan,14,0,4048240,28,0,0,14,1848,896,224,952,238,462,14,0,0,14
709,-47.5,57.5,128,64,0,0.0,0.0,0,0.0,57.5,22,498241.23925831536,19.55423046736583,5.090832926136796,64,128,23,12,128,1,35,-105.0,70.5,-47.5,5.0,3471504,2560.523492,nan,3.471504,nan,12,0,3469920,24,0,0,12,1584,768,192,816,204,396,12,0,0,12
710,-47.5,57.5,132,66,0,0.0,0.0,0,0.0,57.5,23,510209.5230256188,17.976382637194913,10.243901492974668,66,132,23,13,132,0,36,-105.0,70.5,-47.5,5.0,3760796,2564.284288,nan,3.760796,nan,13,0,3759080,26,0,0,13,1716,832,208,884,221,429,13,0,0,13
711,-47.5,57.5,128,64,0,0.0,0.0,0,0.0,57.5,23,541609.541929721,21.70532315164479,10.91460507593997,64,128,23,12,128,0,35,-105.0,70.5,-47.5,5.0,3471504,2567.755792,nan,3.471504,nan,12,0,3469920,24,0,0,12,1584,768,192,816,204,396,12,0,0,12
712,-47.5,57.5,134,67,0,0.0,0.0,0,0.0,57.5,24,547462.9089543968,24.900378967302633,10.628751275063863,67,134,24,11,134,0,35,-105.0,70.5,-47.5,5.0,3182212,2570.938004,nan,3.182212,nan,11,0,3180760,22,0,0,11,1452,704,176,748,187,363,11,0,0,11
713,-47.5,57.5,130,65,0,0.0,0.0,0,0.0,57.5,23,523834.2891847843,26.299198333905238,6.017628575787491,65,130,24,12,130,1,36,-105.0,70.5,-47.5,5.0,3471504,2574.409508,nan,3.471504,nan,12,0,3469920,24,0,0,12,1584,768,192,816,204,396,12,0,0,12
714,-47.5,57.5,130,65,0,0.0,0.0,0,0.0,57.5,21,503704.6398211373,18.931116754033706,6.1406785500693095,65,130,21,14,130,0,35,-105.0,70.5,-47.5,5.0,4050088,2578.459596,nan,4.050088,nan,14,0,4048240,28,0,0,14,1848,896,224,952,238,462,14,0,0,14
715,-47.5,57.5,130,65,0,0.0,0.0,0,0.0,57.5,21,510174.7566750524,18.788387925743315,7.508246854021112,65,130,21,14,130,0,35,-105.0,70.5,-47.5,5.0,4050088,2582.509684,nan,4.050088,nan,14,0,4048240,28,0,0,14,1848,896,224,952,238,462,14,0,0,14
716,-47.5,57.5,132,66,0,0.0,0.0,0,0.0,57.5,22,495200.1757078745,17.79798107227782,7.988176056771654,66,132,23,12,132,1,35,-105.0,70.5,-47.5,5.0,3471504,2585.981188,nan,3.471504,nan,12,0,3469920,24,0,0,12,1584,768,192,816,204,396,12,0,0,12
717,-47.5,57.5,132,66,0,0.0,0.0,0,0.0,57.5,22,535312.9302159322,20.523165062412698,7.727727599780088,66,132,22,13,132,0,35,-105.0,70.5,-47.5,5.0,3760796,2589.741984,nan,3.760796,nan,13,0,3759080,26,0,0,13,1716,832,208,884,221,429,13,0,0,13
718,-47.5,57.5,132,66,0,0.0,0.0,0,0.0,57.5,23,531537.9877194182,23.324597966388396,12.843990189228332,66,132,23,13,132,0,36,-105.0,70.5,-47.5,5.0,3760796,2593.50278,nan,3.760796,nan,13,0,3759080,26,0,0,13,1716,832,208,884,221,429,13,0,0,13
719,-47.5,57.5,136,68,0,0.0,0.0,0,0.0,57.5,24,515799.22768235445,21.1193785464839,9.132001816584292,68,136,24,13,136,0,37,-105.0,70.5,-47.5,5.0,3760796,2597.263576,nan,3.760796,nan,13,0,3759080,26,0,0,13,1716,832,208,884,221,429,13,0,0,13
720,-47.5,57.5,138,69,0,0.0,0.0,0,0.0,57.5,21,526914.2099722608,21.965185257547184,12.35965236482258,69,138,21,16,138,0,37,-105.0,70.5,-47.5,5.0,4628672,2601.892248,nan,4.628672,nan,16,0,4626560,32,0,0,16,2112,1024,256,1088,272,528,16,0,0,16
721,-47.5,57.5,152,76,0,0.0,0.0,0,0.0,57.5,22,513433.6010238772,23.21944787782216,10.436517744855074,76,152,25,12,152,3,37,-105.0,70.5,-47.5,5.0,3471504,2605.363752,nan,3.471504,nan,12,0,3469920,24,0,0,12,1584,768,192,816,204,396,12,0,0,12
722,-47.5,57.5,142,71,0,0.0,0.0,0,0.0,57.5,23,515292.712534225,18.744620380784706,7.905945166314135,71,142,24,13,142,1,37,-105.0,70.5,-47.5,5.0,3760796,2609.124548,nan,3.760796,nan,13,0,3759080,26,0,0,13,1716,832,208,884,221,429,13,0,0,13
723,-47.5,57.5,144,72,0,0.0,0.0,0,0.0,57.5,20,501380.0455386991,18.2373992634747,8.226037789513818,72,144,22,14,144,2,36,-105.0,70.5,-47.5,5.0,4050088,2613.174636,nan,4.050088,nan,14,0,4048240,28,0,0,14,1848,896,224,952,238,462,14,0,0,14
724,-47.5,57.5,140,70,0,0.0,0.0,0,0.0,57.5,23,502136.4379929005,18.37564508326604,7.435170218001556,70,140,23,13,140,0,36,-105.0,70.5,-47.5,5.0,3760796,2616.935432,nan,3.760796,nan,13,0,3759080,26,0,0,13,1716,832,208,884,221,429,13,0,0,13
725,-47.5,57.5,150,75,0,0.0,0.0,0,0.0,57.5,21,488054.444797424,16.7818473957054,7.45326339645965,75,150,22,15,150,1,37,-105.0,70.5,-47.5,5.0,4339380,2621.274812,nan,4.33938,nan,15,0,4337400,30,0,0,15,1980,960,240,1020,255,495,15,0,0,15
726,-47.5,57.5,138,69,0,0.0,0.0,0,0.0,57.5,24,528733.7801523596,24.38820992853756,10.859241203099879,69,138,25,12,138,1,37,-105.0,70.5,-47.5,5.0,3471504,2624.746316,nan,3.471504,nan,12,0,3469920,24,0,0,12,1584,768,192,816,204,396,12,0,0,12
727,-47.5,57.5,128,64,0,0.0,0.0,0,0.0,57.5,21,545307.7878453488,23.415396242037644,10.561868112359068,64,128,21,12,128,0,33,-105.0,70.5,-47.5,5.0,3471504,2628.21782,nan,3.471504,nan,12,0,3469920,24,0,0,12,1584,768,192,816,204,396,12,0,0,12
728,-47.5,57.5,132,66,0,0.0,0.0,0,0.0,57.5,20,500061.2988713861,19.19226785730629,5.239724287205554,66,132,20,12,132,0,32,-105.0,70.5,-47.5,5.0,3471504,2631.689324,nan,3.471504,nan,12,0,3469920,24,0,0,12,1584,768,192,816,204,396,12,0,0,12
729,-47.5,57.5,124,62,0,0.0,0.0,0,0.0,57.5,20,443979.67828803655,15.549449826505388,6.135584090640835,62,124,20,13,124,0,33,-105.0,70.5,-47.5,5.0,3760796,2635.45012,nan,3.760796,nan,13,0,3759080,26,0,0,13,1716,832,208,884,221,429,13,0,0,13
730,-47.5,57.5,114,57,0,0.0,0.0,0,0.0,57.5,19,487871.61420502217,19.703740779646804,8.253394128911017,57,114,19,11,114,0,30,-105.0,70.5,-47.5,5.0,3182212,2638.632332,nan,3.182212,nan,11,0,3180760,22,0,0,11,1452,704,176,748,187,363,11,0,0,11
731,-47.5,57.5,112,56,0,0.0,0.0,0,0.0,57.5,18,475675.17244745576,21.03266076608067,7.5398557304063925,56,112,18,12,112,0,30,-105.0,70.5,-47.5,5.0,3471504,2642.103836,nan,3.471504,nan,12,0,3469920,24,0,0,12,1584,768,192,816,204,396,12,0,0,12
732,-47.5,57.5,124,62,0,0.0,0.0,0,0.0,57.5,19,496793.0337928175,22.16682256177678,7.3410828086209285,62,124,19,14,124,0,33,-105.0,70.5,-47.5,5.0,4050088,2646.153924,nan,4.050088,nan,14,0,4048240,28,0,0,14,1848,896,224,952,238,462,14,0,0,14
733,-47.5,57.5,136,68,0,0.0,0.0,0,0.0,57.5,22,499040.4935037575,23.42597304902074,7.3420817536481575,68,136,22,12,136,0,34,-105.0,70.5,-47.5,5.0,3471504,2649.625428,nan,3.471504,nan,12,0,3469920,24,0,0,12,1584,768,192,816,204,396,12,0,0,12
734,-47.5,57.5,136,68,0,0.0,0.0,0,0.0,57.5,22,500745.0572961339,22.53403150533534,7.059843082816357,68,136,22,12,136,0,34,-105.0,70.5,-47.5,5.0,3471504,2653.096932,nan,3.471504,nan,12,0,3469920,24,0,0,12,1584,768,192,816,204,396,12,0,0,12
735,-47.5,57.5,132,66,0,0.0,0.0,0,0.0,57.5,20,478701.38274371525,19.855418097473695,5.612616910366375,66,132,21,13,132,1,34,-105.0,70.5,-47.5,5.0,3760796,2656.857728,nan,3.760796,nan,13,0,3759080,26,0,0,13,1716,832,208,884,221,429,13,0,0,13
736,-47.5,57.5,112,56,0,0.0,0.0,0,0.0,57.5,21,537442.4815003282,24.628740215730755,9.206612412672078,56,112,21,12,112,0,33,-105.0,70.5,-47.5,5.0,3471504,2660.329232,nan,3.471504,nan,12,0,3469920,24,0,0,12,1584,768,192,816,204,396,12,0,0,12
737,-47.5,57.5,102,51,0,0.0,0.0,0,0.0,57.5,19,473241.00113487634,23.542057915645955,6.305008244351061,51,102,19,12,102,0,31,-105.0,70.5,-47.5,5.0,3471504,2663.800736,nan,3.471504,nan,12,0,3469920,24,0,0,12,1584,768,192,816,204,396,12,0,0,12
738,-47.5,57.5,96,48,0,0.0,0.0,0,0.0,57.5,20,507034.0602843597,25.128907289157016,7.88651030650489,48,96,21,12,96,1,33,-105.0,70.5,-47.5,5.0,3471504,2667.27224,nan,3.471504,nan,12,0,3469920,24,0,0,12,1584,768,192,816,204,396,12,0,0,12
739,-47.5,57.5,92,46,0,0.0,0.0,0,0.0,57.5,20,525365.7601067951,25.187049773016124,8.784196360560024,46,92,20,12,92,0,32,-105.0,70.5,-47.5,5.0,3471504,2670.743744,nan,3.471504,nan,12,0,3469920,24,0,0,12,1584,768,192,816,204,396,12,0,0,12
740,-47.5,57.5,78,39,0,0.0,0.0,0,0.0,57.5,18,544539.732262491,31.89250626377585,12.089851957070266,39,78,19,10,78,1,29,-105.0,70.5,-47.5,5.0,2892920,2673.636664,nan,2.89292,nan,10,0,2891600,20,0,0,10,1320,640,160,680,170,330,10,0,0,10
741,-47.5,57.5,76,38,0,0.0,0.0,0,0.0,57.5,17,517136.88299648825,24.979227394349486,9.451427337147454,38,76,17,10,76,0,27,-105.0,70.5,-47.5,5.0,2892920,2676.529584,nan,2.89292,nan,10,0,2891600,20,0,0,10,1320,640,160,680,170,330,10,0,0,10
742,-47.5,57.5,74,37,0,0.0,0.0,0,0.0,57.5,18,513877.8688838742,25.2538662126982,9.209908435919672,37,74,18,12,74,0,30,-105.0,70.5,-47.5,5.0,3471504,2680.001088,nan,3.471504,nan,12,0,3469920,24,0,0,12,1584,768,192,816,204,396,12,0,0,12
743,-47.5,57.5,82,41,0,0.0,0.0,0,0.0,57.5,17,488554.5006111828,28.9724504618099,9.07304014288529,41,82,17,12,82,0,29,-105.0,70.5,-47.5,5.0,3471504,2683.472592,nan,3.471504,nan,12,0,3469920,24,0,0,12,1584,768,192,816,204,396,12,0,0,12
744,-47.5,57.5,94,47,0,0.0,0.0,0,0.0,57.5,17,479324.8885827768,20.526291895587082,7.117224534971532,47,94,17,13,94,0,30,-105.0,70.5,-47.5,5.0,3760796,2687.233388,nan,3.760796,nan,13,0,3759080,26,0,0,13,1716,832,208,884,221,429,13,0,0,13
745,-47.5,57.5,106,53,0,0.0,0.0,0,0.0,57.5,19,489432.0057895522,23.341606949427906,6.4275098570548845,53,106,19,13,106,0,32,-105.0,70.5,-47.5,5.0,3760796,2690.994184,nan,3.760796,nan,13,0,3759080,26,0,0,13,1716,832,208,884,221,429,13,0,0,13
746,-47.5,57.5,110,55,0,0.0,0.0,0,0.0,57.5,19,557665.8867774633,33.999271142880666,14.495316369659164,55,110,21,11,110,2,32,-105.0,70.5,-47.5,5.0,3182212,2694.176396,nan,3.182212,nan,11,0,3180760,22,0,0,11,1452,704,176,748,187,363,11,0,0,11
747,-47.5,57.5,116,58,0,0.0,0.0,0,0.0,57.5,20,486680.32047909213,19.828931377454868,6.354201980144872,58,116,20,13,116,0,33,-105.0,70.5,-47.5,5.0,3760796,2697.937192,nan,3.760796,nan,13,0,3759080,26,0,0,13,1716,832,208,884,221,429,13,0,0,13
748,-47.5,57.5,116,58,0,0.0,0.0,0,0.0,57.5,21,490447.310533857,23.246170780608377,6.373475910298402,58,116,21,12,116,0,33,-105.0,70.5,-47.5,5.0,3471504,2701.408696,nan,3.471504,nan,12,0,3469920,24,0,0,12,1584,768,192,816,204,396,12,0,0,12
749,-47.5,57.5,118,59,0,0.0,0.0,0,0.0,57.5,19,518519.9370310344,23.57182371742512,8.721063615659027,59,118,20,13,118,1,33,-105.0,70.5,-47.5,5.0,3760796,2705.169492,nan,3.760796,nan,13,0,3759080,26,0,0,13,1716,832,208,884,221,429,13,0,0,13
750,-47.5,57.5,120,60,0,0.0,0.0,0,0.0,57.5,21,515199.2914075825,26.812941298205967,7.437584667913136,60,120,21,11,120,0,32,-105.0,70.5,-47.5,5.0,3182212,2708.351704,nan,3.182212,nan,11,0,3180760,22,0,0,11,1452,704,176,748,187,363,11,0,0,11
751,-47.5,57.5,138,69,0,0.0,0.0,0,0.0,57.5,19,491971.7032450684,20.155521956354935,8.313329932125868,69,138,20,13,138,1,33,-105.0,70.5,-47.5,5.0,3760796,2712.1125,nan,3.760796,nan,13,0,3759080,26,0,0,13,1716,832,208,884,221,429,13,0,0,13
752,-47.5,57.5,138,69,0,0.0,0.0,0,0.0,57.5,20,492519.307889085,20.97652083125676,7.637308675056885,69,138,20,13,138,0,33,-105.0,70.5,-47.5,5.0,3760796,2715.873296,nan,3.760796,nan,13,0,3759080,26,0,0,13,1716,832,208,884,221,429,13,0,0,13
753,-47.5,57.5,138,69,0,0.0,0.0,0,0.0,57.5,19,486735.8608088123,20.52557983195359,8.359339744439145,69,138,21,12,138,2,33,-105.0,70.5,-47.5,5.0,3471504,2719.3448,nan,3.471504,nan,12,0,3469920,24,0,0,12,1584,768,192,816,204,396,12,0,0,12
754,-47.5,57.5,144,72,0,0.0,0.0,0,0.0,57.5,22,505768.55978686956,20.033011181745888,9.368870148121614,72,144,24,13,144,2,37,-105.0,70.5,-47.5,5.0,3760796,2723.105596,nan,3.760796,nan,13,0,3759080,26,0,0,13,1716,832,208,884,221,429,13,0,0,13
755,-47.5,57.5,138,69,0,0.0,0.0,0,0.0,57.5,23,483990.8631495205,18.05454216987194,6.581275624905343,69,138,23,14,138,0,37,-105.0,70.5,-47.5,5.0,4050088,2727.155684,nan,4.050088,nan,14,0,4048240,28,0,0,14,1848,896,224,952,238,462,14,0,0,14
756,-47.5,57.5,144,72,0,0.0,0.0,0,0.0,57.5,22,497827.9109498527,19.74646753705012,8.001869277191737,72,144,22,15,144,0,37,-105.0,70.5,-47.5,5.0,4339380,2731.495064,nan,4.33938,nan,15,0,4337400,30,0,0,15,1980,960,240,1020,255,495,15,0,0,15
757,-47.5,57.5,142,71,0,0.0,0.0,0,0.0,57.5,19,504791.9049318795,20.602320184092054,9.241230673200597,71,142,23,13,142,4,36,-105.0,70.5,-47.5,5.0,3760796,2735.25586,nan,3.760796,nan,13,0,3759080,26,0,0,13,1716,832,208,884,221,429,13,0,0,13
758,-47.5,57.5,142,71,0,0.0,0.0,0,0.0,57.5,21,515518.92614018306,19.053356234099304,8.409423679284442,71,142,22,13,142,1,35,-105.0,70.5,-47.5,5.0,3760796,2739.016656,nan,3.760796,nan,13,0,3759080,26,0,0,13,1716,832,208,884,221,429,13,0,0,13
759,-47.5,57.5,150,75,0,0.0,0.0,0,0.0,57.5,22,484501.4157839814,17.400639812252603,5.946636019729397,75,150,22,13,150,0,35,-105.0,70.5,-47.5,5.0,3760796,2742.777452,nan,3.760796,nan,13,0,3759080,26,0,0,13,1716,832,208,884,221,429,13,0,0,13
760,-47.5,57.5,164,82,0,0.0,0.0,0,0.0,57.5,24,482425.4885619643,24.42163700685535,7.783003118358225,82,164,24,12,164,0,36,-105.0,70.5,-47.5,5.0,3471504,2746.248956,nan,3.471504,nan,12,0,3469920,24,0,0,12,1584,768,192,816,204,396,12,0,0,12
761,-47.5,57.5,166,83,0,0.0,0.0,0,0.0,57.5,23,495321.9511149126,19.80738712416776,7.4472327194125345,83,166,24,12,166,1,36,-105.0,70.5,-47.5,5.0,3471504,2749.72046,nan,3.471504,nan,12,0,3469920,24,0,0,12,1584,768,192,816,204,396,12,0,0,12
762,-47.5,57.5,172,86,0,0.0,0.0,0,0.0,57.5,24,530666.001383982,30.959497030054262,8.074684985255193,86,172,25,12,172,1,37,-105.0,70.5,-47.5,5.0,3471504,2753.191964,nan,3.471504,nan,12,0,3469920,24,0,0,12,1584,768,192,816,204,396,12,0,0,12
763,-47.5,57.5,182,91,0,0.0,0.0,0,0.0,57.5,25,469113.57640558056,21.560629171636027,7.1306324987471426,91,182,26,14,182,1,40,-105.0,70.5,-47.5,5.0,4050088,2757.242052,nan,4.050088,nan,14,0,4048240,28,0,0,14,1848,896,224,952,238,462,14,0,0,14
764,-47.5,57.5,186,93,0,0.0,0.0,0,0.0,57.5,25,515481.9083920185,25.430897350303972,5.406081038787271,93,186,27,13,186,2,40,-105.0,70.5,-47.5,5.0,3760796,2761.002848,nan,3.760796,nan,13,0,3759080,26,0,0,13,1716,832,208,884,221,429,13,0,0,13
765,-47.5,57.5,186,93,0,0.0,0.0,0,0.0,57.5,27,518273.00175530836,27.04570157680715,5.495241597096853,93,186,28,12,186,1,40,-105.0,70.5,-47.5,5.0,3471504,2764.474352,nan,3.471504,nan,12,0,3469920,24,0,0,12,1584,768,192,816,204,396,12,0,0,12
766,-47.5,57.5,192,96,0,0.0,0.0,0,0.0,57.5,25,415228.4440997544,16.70358540182808,5.3475204445594535,96,192,25,15,192,0,40,-105.0,70.5,-47.5,5.0,4339380,2768.813732,nan,4.33938,nan,15,0,4337400,30,0,0,15,1980,960,240,1020,255,495,15,0,0,15
767,-47.5,57.5,182,91,0,0.0,0.0,0,0.0,57.5,24,414381.66347387136,13.933469769456869,5.576700097622112,91,182,24,15,182,0,39,-105.0,70.5,-47.5,5.0,4339380,2773.153112,nan,4.33938,nan,15,0,4337400,30,0,0,15,1980,960,240,1020,255,495,15,0,0,15
768,-47.5,57.5,178,89,0,0.0,0.0,0,0.0,57.5,20,460661.29370790144,20.283403519202732,5.985167284952173,89,178,23,14,178,3,37,-105.0,70.5,-47.5,5.0,4050088,2777.2032,nan,4.050088,nan,14,0,4048240,28,0,0,14,1848,896,224,952,238,462,14,0,0,14
769,-47.5,57.5,176,88,0,0.0,0.0,0,0.0,57.5,23,496494.61920609657,18.025402749373672,6.926102004225612,88,176,23,13,176,0,36,-105.0,70.5,-47.5,5.0,3760796,2780.963996,nan,3.760796,nan,13,0,3759080,26,0,0,13,1716,832,208,884,221,429,13,0,0,13
770,-47.5,57.5,184,92,0,0.0,0.0,0,0.0,57.5,23,484897.5238843609,21.212890953069373,6.490084490894996,92,184,24,12,184,1,36,-105.0,70.5,-47.5,5.0,3471504,2784.4355,nan,3.471504,nan,12,0,3469920,24,0,0,12,1584,768,192,816,204,396,12,0,0,12
771,-47.5,57.5,174,87,0,0.0,0.0,0,0.0,57.5,22,445291.2905149386,16.05085682402727,6.853739406973995,87,174,24,14,174,2,38,-105.0,70.5,-47.5,5.0,4050088,2788.485588,nan,4.050088,nan,14,0,4048240,28,0,0,14,1848,896,224,952,238,462,14,0,0,14
772,-47.5,57.5,140,70,0,0.0,0.0,0,0.0,57.5,22,473610.12293515814,16.94736761548686,6.714265084394519,70,140,22,13,140,0,35,-105.0,70.5,-47.5,5.0,3760796,2792.246384,nan,3.760796,nan,13,0,3759080,26,0,0,13,1716,832,208,884,221,429,13,0,0,13
773,-47.5,57.5,138,69,0,0.0,0.0,0,0.0,57.5,22,501337.5981682602,24.54447764424024,5.263585143310362,69,138,23,11,138,1,34,-105.0,70.5,-47.5,5.0,3182212,2795.428596,nan,3.182212,nan,11,0,3180760,22,0,0,11,1452,704,176,748,187,363,11,0,0,11
774,-47.5,57.5,146,73,0,0.0,0.0,0,0.0,57.5,21,450138.32629848894,15.363938871393689,5.125280487577912,73,146,22,13,146,1,35,-105.0,70.5,-47.5,5.0,3760796,2799.189392,nan,3.760796,nan,13,0,3759080,26,0,0,13,1716,832,208,884,221,429,13,0,0,13
775,-47.5,57.5,158,79,0,0.0,0.0,0,0.0,57.5,24,497708.61339288397,20.651209925627647,5.907455974374932,79,158,24,13,158,0,37,-105.0,70.5,-47.5,5.0,3760796,2802.950188,nan,3.760796,nan,13,0,3759080,26,0,0,13,1716,832,208,884,221,429,13,0,0,13
776,-47.5,57.5,164,82,0,0.0,0.0,0,0.0,57.5,24,527774.462129603,21.687689638690212,9.213037547738708,82,164,24,13,164,0,37,-105.0,70.5,-47.5,5.0,3760796,2806.710984,nan,3.760796,nan,13,0,3759080,26,0,0,13,1716,832,208,884,221,429,13,0,0,13
777,-47.5,57.5,154,77,0,0.0,0.0,0,0.0,57.5,22,495413.00779313914,23.173517645086175,5.544450162832753,77,154,22,14,154,0,36,-105.0,70.5,-47.5,5.0,4050088,2810.761072,nan,4.050088,nan,14,0,4048240,28,0,0,14,1848,896,224,952,238,462,14,0,0,14
778,-47.5,57.5,152,76,0,0.0,0.0,0,0.0,57.5,21,495604.56801041,18.94917090575027,8.096627956754253,76,152,21,15,152,0,36,-105.0,70.5,-47.5,5.0,4339380,2815.100452,nan,4.33938,nan,15,0,4337400,30,0,0,15,1980,960,240,1020,255,495,15,0,0,15
779,-47.5,57.5,154,77,0,0.0,0.0,0,0.0,57.5,20,519821.1500342297,21.384948453944634,6.045400482668446,77,154,22,15,154,2,37,-105.0,70.5,-47.5,5.0,4339380,2819.439832,nan,4.33938,nan,15,0,4337400,30,0,0,15,1980,960,240,1020,255,495,15,0,0,15
780,-47.5,57.5,150,75,0,0.0,0.0,0,0.0,57.5,21,485411.17279299884,19.43366239159693,7.252998227249929,75,150,21,13,150,0,34,-105.0,70.5,-47.5,5.0,3760796,2823.200628,nan,3.760796,nan,13,0,3759080,26,0,0,13,1716,832,208,884,221,429,13,0,0,13
781,-47.5,57.5,150,75,0,0.0,0.0,0,0.0,57.5,21,507954.20183706627,18.585626505481436,10.174840367864114,75,150,22,15,150,1,37,-105.0,70.5,-47.5,5.0,4339380,2827.540008,nan,4.33938,nan,15,0,4337400,30,0,0,15,1980,960,240,1020,255,495,15,0,0,15
782,-47.5,57.5,154,77,0,0.0,0.0,0,0.0,57.5,23,500249.09888787486,21.835116049612104,7.152964388470304,77,154,24,13,154,1,37,-105.0,70.5,-47.5,5.0,3760796,2831.300804,nan,3.760796,nan,13,0,3759080,26,0,0,13,1716,832,208,884,221,429,13,0,0,13
783,-47.5,57.5,150,75,0,0.0,0.0,0,0.0,57.5,23,459603.98399671196,19.218264639575423,6.543591263616325,75,150,23,12,150,0,35,-105.0,70.5,-47.5,5.0,3471504,2834.772308,nan,3.471504,nan,12,0,3469920,24,0,0,12,1584,768,192,816,204,396,12,0,0,12
784,-47.5,57.5,142,71,0,0.0,0.0,0,0.0,57.5,24,562500.0,26.54386983809336,18.219450088844763,71,142,24,11,142,0,35,-105.0,70.5,-47.5,5.0,3182212,2837.95452,nan,3.182212,nan,11,0,3180760,22,0,0,11,1452,704,176,748,187,363,11,0,0,11
785,-47.5,57.5,142,71,0,0.0,0.0,0,0.0,57.5,22,525166.6319529708,20.875096100325095,11.375364096244024,71,142,24,11,142,2,35,-105.0,70.5,-47.5,5.0,3182212,2841.136732,nan,3.182212,nan,11,0,3180760,22,0,0,11,1452,704,176,748,187,363,11,0,0,11
786,-47.5,57.5,142,71,0,0.0,0.0,0,0.0,57.5,22,468369.68448248476,18.059828436039865,5.757135770890141,71,142,22,13,142,0,35,-105.0,70.5,-47.5,5.0,3760796,2844.897528,nan,3.760796,nan,13,0,3759080,26,0,0,13,1716,832,208,884,221,429,13,0,0,13
787,-47.5,57.5,138,69,0,0.0,0.0,0,0.0,57.5,24,508083.6093663557,24.418974658015497,11.68778789681308,69,138,24,12,138,0,36,-105.0,70.5,-47.5,5.0,3471504,2848.369032,nan,3.471504,nan,12,0,3469920,24,0,0,12,1584,768,192,816,204,396,12,0,0,12
788,-47.5,57.5,134,67,0,0.0,0.0,0,0.0,57.5,23,526070.464638188,23.003850880968066,5.827398176120891,67,134,23,13,134,0,36,-105.0,70.5,-47.5,5.0,3760796,2852.129828,nan,3.760796,nan,13,0,3759080,26,0,0,13,1716,832,208,884,221,429,13,0,0,13
789,-47.5,57.5,134,67,0,0.0,0.0,0,0.0,57.5,22,489800.6427153349,21.211772518122707,5.318388803124274,67,134,22,14,134,0,36,-105.0,70.5,-47.5,5.0,4050088,2856.179916,nan,4.050088,nan,14,0,4048240,28,0,0,14,1848,896,224,952,238,462,14,0,0,14
790,-47.5,57.5,148,74,0,0.0,0.0,0,0.0,57.5,22,503560.74261209526,20.268296310636707,6.9875052044026695,74,148,25,13,148,3,38,-105.0,70.5,-47.5,5.0,3760796,2859.940712,nan,3.760796,nan,13,0,3759080,26,0,0,13,1716,832,208,884,221,429,13,0,0,13
791,-47.5,57.5,150,75,0,0.0,0.0,0,0.0,57.5,21,454293.524926761,18.349041756616963,5.688452860126332,75,150,21,16,150,0,37,-105.0,70.5,-47.5,5.0,4628672,2864.569384,nan,4.628672,nan,16,0,4626560,32,0,0,16,2112,1024,256,1088,272,528,16,0,0,16
792,-47.5,57.5,164,82,0,0.0,0.0,0,0.0,57.5,22,505567.7047261168,21.160229381243422,6.903445881331766,82,164,24,13,164,2,37,-105.0,70.5,-47.5,5.0,3760796,2868.33018,nan,3.760796,nan,13,0,3759080,26,0,0,13,1716,832,208,884,221,429,13,0,0,13
793,-47.5,57.5,166,83,0,0.0,0.0,0,0.0,57.5,23,519987.0222389484,19.67738523414364,8.698427979389168,83,166,23,14,166,0,37,-105.0,70.5,-47.5,5.0,4050088,2872.380268,nan,4.050088,nan,14,0,4048240,28,0,0,14,1848,896,224,952,238,462,14,0,0,14
794,-47.5,57.5,184,92,0,0.0,0.0,0,0.0,57.5,20,462602.24107281445,18.178024773349026,5.277624762460248,92,184,24,14,184,4,38,-105.0,70.5,-47.5,5.0,4050088,2876.430356,nan,4.050088,nan,14,0,4048240,28,0,0,14,1848,896,224,952,238,462,14,0,0,14
795,-47.5,57.5,186,93,0,0.0,0.0,0,0.0,57.5,23,507329.31694214925,21.40276111133043,7.039794015657853,93,186,24,14,186,1,38,-105.0,70.5,-47.5,5.0,4050088,2880.480444,nan,4.050088,nan,14,0,4048240,28,0,0,14,1848,896,224,952,238,462,14,0,0,14
796,-47.5,57.5,180,90,0,0.0,0.0,0,0.0,57.5,21,444956.9286928811,17.624953695082546,5.694745115969381,90,180,23,14,180,2,37,-105.0,70.5,-47.5,5.0,4050088,2884.530532,nan,4.050088,nan,14,0,4048240,28,0,0,14,1848,896,224,952,238,462,14,0,0,14
797,-47.5,57.5,178,89,0,0.0,0.0,0,0.0,57.5,22,470368.65433116956,19.605974306981757,8.604265530695283,89,178,24,14,178,2,38,-105.0,70.5,-47.5,5.0,4050088,2888.58062,nan,4.050088,nan,14,0,4048240,28,0,0,14,1848,896,224,952,238,462,14,0,0,14
798,-47.5,57.5,178,89,0,0.0,0.0,0,0.0,57.5,22,418235.76570116176,15.205201613319854,7.108304648576604,89,178,23,16,178,1,39,-105.0,70.5,-47.5,5.0,4628672,2893.209292,nan,4.628672,nan,16,0,4626560,32,0,0,16,2112,1024,256,1088,272,528,16,0,0,16
799,-47.5,57.5,178,89,0,0.0,0.0,0,0.0,57.5,24,491910.9420361021,20.402669971861787,8.909850661538268,89,178,25,14,178,1,39,-105.0,70.5,-47.5,5.0,4050088,2897.25938,nan,4.050088,nan,14,0,4048240,28,0,0,14,1848,896,224,952,238,462,14,0,0,14
800,-47.5,57.5,182,91,0,0.0,0.0,0,0.0,57.5,24,500359.0971113335,18.986152619646496,8.923912719273057,91,182,26,13,182,2,39,-105.0,70.5,-47.5,5.0,3760796,2901.020176,nan,3.760796,nan,13,0,3759080,26,0,0,13,1716,832,208,884,221,429,13,0,0,13
801,-47.5,57.5,182,91,0,0.0,0.0,0,0.0,57.5,23,467069.9265674584,17.45736172115975,6.29806113876451,91,182,24,15,182,1,39,-105.0,70.5,-47.5,5.0,4339380,2905.359556,nan,4.33938,nan,15,0,4337400,30,0,0,15,1980,960,240,1020,255,495,15,0,0,15
802,-47.5,57.5,176,88,0,0.0,0.0,0,0.0,57.5,26,521737.1166742858,23.88923766492843,5.902051075954773,88,176,26,13,176,0,39,-105.0,70.5,-47.5,5.0,3760796,2909.120352,nan,3.760796,nan,13,0,3759080,26,0,0,13,1716,832,208,884,221,429,13,0,0,13
803,-47.5,57.5,170,85,0,0.0,0.0,0,0.0,57.5,23,517295.62679118046,21.307542211024344,9.584135276354145,85,170,24,14,170,1,38,-105.0,70.5,-47.5,5.0,4050088,2913.17044,nan,4.050088,nan,14,0,4048240,28,0,0,14,1848,896,224,952,238,462,14,0,0,14
804,-47.5,57.5,166,83,0,0.0,0.0,0,0.0,57.5,23,442418.6796291191,16.516786045584794,6.182902614087137,83,166,23,15,166,0,38,-105.0,70.5,-47.5,5.0,4339380,2917.50982,nan,4.33938,nan,15,0,4337400,30,0,0,15,1980,960,240,1020,255,495,15,0,0,15
805,-47.5,57.5,160,80,0,0.0,0.0,0,0.0,57.5,22,488501.3084259317,18.777168598796226,7.646832682678473,80,160,23,14,160,1,37,-105.0,70.5,-47.5,5.0,4050088,2921.559908,nan,4.050088,nan,14,0,4048240,28,0,0,14,1848,896,224,952,238,462,14,0,0,14
806,-47.5,57.5,160,80,0,0.0,0.0,0,0.0,57.5,18,444602.1502865683,16.968135165860133,5.17000425553216,80,160,21,16,160,3,37,-105.0,70.5,-47.5,5.0,4628672,2926.18858,nan,4.628672,nan,16,0,4626560,32,0,0,16,2112,1024,256,1088,272,528,16,0,0,16
807,-47.5,57.5,158,79,0,0.0,0.0,0,0.0,57.5,22,478955.5022125158,19.138173394045417,7.812392580432465,79,158,23,13,158,1,36,-105.0,70.5,-47.5,5.0,3760796,2929.949376,nan,3.760796,nan,13,0,3759080,26,0,0,13,1716,832,208,884,221,429,13,0,0,13
808,-47.5,57.5,160,80,0,0.0,0.0,0,0.0,57.5,23,455704.63610544783,17.01636182947943,5.87318100190968,80,160,23,14,160,0,37,-105.0,70.5,-47.5,5.0,4050088,2933.999464,nan,4.050088,nan,14,0,4048240,28,0,0,14,1848,896,224,952,238,462,14,0,0,14
809,-47.5,57.5,164,82,0,0.0,0.0,0,0.0,57.5,24,510080.6733032114,22.5647328344111,9.083207200811682,82,164,24,13,164,0,37,-105.0,70.5,-47.5,5.0,3760796,2937.76026,nan,3.760796,nan,13,0,3759080,26,0,0,13,1716,832,208,884,221,429,13,0,0,13
810,-47.5,57.5,172,86,0,0.0,0.0,0,0.0,57.5,24,467961.208628268,17.478267525698424,8.129733180896194,86,172,25,14,172,1,39,-105.0,70.5,-47.5,5.0,4050088,2941.810348,nan,4.050088,nan,14,0,4048240,28,0,0,14,1848,896,224,952,238,462,14,0,0,14
811,-47.5,57.5,190,95,0,0.0,0.0,0,0.0,57.5,24,472629.99769878556,18.570834810246776,5.423989902217557,95,190,25,14,190,1,39,-105.0,70.5,-47.5,5.0,4050088,2945.860436,nan,4.050088,nan,14,0,4048240,28,0,0,14,1848,896,224,952,238,462,14,0,0,14
812,-47.5,57.5,190,95,0,0.0,0.0,0,0.0,57.5,23,488824.1902798005,20.807745915552275,7.400584716947383,95,190,27,12,190,4,39,-105.0,70.5,-47.5,5.0,3471504,2949.33194,nan,3.471504,nan,12,0,3469920,24,0,0,12,1584,768,192,816,204,396,12,0,0,12
813,-47.5,57.5,200,100,0,0.0,0.0,0,0.0,57.5,22,497043.03722396604,19.527499038387255,6.646763402479556,100,200,25,14,200,3,39,-105.0,70.5,-47.5,5.0,4050088,2953.382028,nan,4.050088,nan,14,0,4048240,28,0,0,14,1848,896,224,952,238,462,14,0,0,14
814,-47.5,57.5,196,98,0,0.0,0.0,0,0.0,57.5,22,432489.62644412986,15.035953992292317,6.250474366868666,98,196,23,16,196,1,39,-105.0,70.5,-47.5,5.0,4628672,2958.0107,nan,4.628672,nan,16,0,4626560,32,0,0,16,2112,1024,256,1088,272,528,16,0,0,16
815,-47.5,57.5,190,95,0,0.0,0.0,0,0.0,57.5,23,484792.07499194087,18.33516040294999,9.820236487402624,95,190,25,14,190,2,39,-105.0,70.5,-47.5,5.0,4050088,2962.060788,nan,4.050088,nan,14,0,4048240,28,0,0,14,1848,896,224,952,238,462,14,0,0,14
816,-47.5,57.5,180,90,0,0.0,0.0,0,0.0,57.5,25,513190.7938099583,20.531014875365805,11.655141929853304,90,180,26,13,180,1,39,-105.0,70.5,-47.5,5.0,3760796,2965.821584,nan,3.760796,nan,13,0,3759080,26,0,0,13,1716,832,208,884,221,429,13,0,0,13
817,-47.5,57.5,164,82,0,0.0,0.0,0,0.0,57.5,24,499914.8314382673,21.559616449639996,8.563391513288005,82,164,25,13,164,1,38,-105.0,70.5,-47.5,5.0,3760796,2969.58238,nan,3.760796,nan,13,0,3759080,26,0,0,13,1716,832,208,884,221,429,13,0,0,13
818,-47.5,57.5,172,86,0,0.0,0.0,0,0.0,57.5,23,465017.77601122425,16.64175538302546,6.849281715497668,86,172,23,15,172,0,38,-105.0,70.5,-47.5,5.0,4339380,2973.92176,nan,4.33938,nan,15,0,4337400,30,0,0,15,1980,960,240,1020,255,495,15,0,0,15
819,-47.5,57.5,156,78,0,0.0,0.0,0,0.0,57.5,22,457898.4352228208,17.734099270610027,6.061881027524931,78,156,23,14,156,1,37,-105.0,70.5,-47.5,5.0,4050088,2977.971848,nan,4.050088,nan,14,0,4048240,28,0,0,14,1848,896,224,952,238,462,14,0,0,14
820,-47.5,57.5,144,72,0,0.0,0.0,0,0.0,57.5,22,479972.05546652677,18.130272633608946,7.340502963396758,72,144,22,15,144,0,37,-105.0,70.5,-47.5,5.0,4339380,2982.311228,nan,4.33938,nan,15,0,4337400,30,0,0,15,1980,960,240,1020,255,495,15,0,0,15
821,-47.5,57.5,132,66,0,0.0,0.0,0,0.0,57.5,21,448671.1740378188,16.44901155349209,7.148409781793942,66,132,21,14,132,0,35,-105.0,70.5,-47.5,5.0,4050088,2986.361316,nan,4.050088,nan,14,0,4048240,28,0,0,14,1848,896,224,952,238,462,14,0,0,14
822,-47.5,57.5,130,65,0,0.0,0.0,0,0.0,57.5,21,482485.88334863255,19.284300533432347,7.9771732604862935,65,130,21,13,130,0,34,-105.0,70.5,-47.5,5.0,3760796,2990.122112,nan,3.760796,nan,13,0,3759080,26,0,0,13,1716,832,208,884,221,429,13,0,0,13
823,-47.5,57.5,118,59,0,0.0,0.0,0,0.0,57.5,21,511926.79765702836,24.846390973030598,10.975197462744442,59,118,21,11,118,0,32,-105.0,70.5,-47.5,5.0,3182212,2993.304324,nan,3.182212,nan,11,0,3180760,22,0,0,11,1452,704,176,748,187,363,11,0,0,11
824,-47.5,57.5,128,64,0,0.0,0.0,0,0.0,57.5,19,477819.1563009948,18.071451699616503,5.522101043389945,64,128,20,13,128,1,33,-105.0,70.5,-47.5,5.0,3760796,2997.06512,nan,3.760796,nan,13,0,3759080,26,0,0,13,1716,832,208,884,221,429,13,0,0,13
825,-47.5,57.5,120,60,0,0.0,0.0,0,0.0,57.5,20,485473.5172810914,22.044684206789093,8.408866529152471,60,120,20,13,120,0,33,-105.0,70.5,-47.5,5.0,3760796,3000.825916,nan,3.760796,nan,13,0,3759080,26,0,0,13,1716,832,208,884,221,429,13,0,0,13
826,-47.5,57.5,126,63,0,0.0,0.0,0,0.0,57.5,18,515888.620567686,21.5589370572916,11.525483620099287,63,126,21,13,126,3,34,-105.0,70.5,-47.5,5.0,3760796,3004.586712,nan,3.760796,nan,13,0,3759080,26,0,0,13,1716,832,208,884,221,429,13,0,0,13
827,-47.5,57.5,122,61,0,0.0,0.0,0,0.0,57.5,21,493442.32318610087,23.041737471075404,6.208943451359458,61,122,21,13,122,0,34,-105.0,70.5,-47.5,5.0,3760796,3008.347508,nan,3.760796,nan,13,0,3759080,26,0,0,13,1716,832,208,884,221,429,13,0,0,13
828,-47.5,57.5,122,61,0,0.0,0.0,0,0.0,57.5,20,468538.764362067,18.11775712012679,6.484563986152204,61,122,20,13,122,0,33,-105.0,70.5,-47.5,5.0,3760796,3012.108304,nan,3.760796,nan,13,0,3759080,26,0,0,13,1716,832,208,884,221,429,13,0,0,13
829,-47.5,57.5,122,61,0,0.0,0.0,0,0.0,57.5,18,500503.1312255008,24.821859124873015,9.00587471434764,61,122,18,12,122,0,30,-105.0,70.5,-47.5,5.0,3471504,3015.579808,nan,3.471504,nan,12,0,3469920,24,0,0,12,1584,768,192,816,204,396,12,0,0,12
830,-47.5,57.5,110,55,0,0.0,0.0,0,0.0,57.5,18,534176.6054917771,26.515953661764286,9.60487658768978,55,110,18,11,110,0,29,-105.0,70.5,-47.5,5.0,3182212,3018.76202,nan,3.182212,nan,11,0,3180760,22,0,0,11,1452,704,176,748,187,363,11,0,0,11
831,-47.5,57.5,108,54,0,0.0,0.0,0,0.0,57.5,18,562500.0,32.293041630116676,18.595142439620357,54,108,19,9,108,1,28,-105.0,70.5,-47.5,5.0,2603628,3021.365648,nan,2.603628,nan,9,0,2602440,18,0,0,9,1188,576,144,612,153,297,9,0,0,9
832,-47.5,57.5,118,59,0,0.0,0.0,0,0.0,57.5,18,508375.7551601641,22.12364042567873,7.475739267519826,59,118,18,12,118,0,30,-105.0,70.5,-47.5,5.0,3471504,3024.837152,nan,3.471504,nan,12,0,3469920,24,0,0,12,1584,768,192,816,204,396,12,0,0,12
833,-47.5,57.5,130,65,0,0.0,0.0,0,0.0,57.5,18,489820.4564566645,22.12613742588043,5.738809373913066,65,130,19,12,130,1,31,-105.0,70.5,-47.5,5.0,3471504,3028.308656,nan,3.471504,nan,12,0,3469920,24,0,0,12,1584,768,192,816,204,396,12,0,0,12
834,-47.5,57.5,136,68,0,0.0,0.0,0,0.0,57.5,19,483416.0372906314,24.62383574272386,6.16910102397457,68,136,20,11,136,1,31,-105.0,70.5,-47.5,5.0,3182212,3031.490868,nan,3.182212,nan,11,0,3180760,22,0,0,11,1452,704,176,748,187,363,11,0,0,11
835,-47.5,57.5,160,80,0,0.0,0.0,0,0.0,57.5,22,464078.5820998165,22.829624674102426,8.381106547183675,80,160,22,11,160,0,33,-105.0,70.5,-47.5,5.0,3182212,3034.67308,nan,3.182212,nan,11,0,3180760,22,0,0,11,1452,704,176,748,187,363,11,0,0,11
836,-47.5,57.5,174,87,0,0.0,0.0,0,0.0,57.5,20,517143.6273967779,26.18454178948963,5.979411050777371,87,174,21,9,174,1,30,-105.0,70.5,-47.5,5.0,2603628,3037.276708,nan,2.603628,nan,9,0,2602440,18,0,0,9,1188,576,144,612,153,297,9,0,0,9
837,-47.5,57.5,184,92,0,0.0,0.0,0,0.0,57.5,21,508917.5924822614,21.309785674887774,5.863167343273324,92,184,22,12,184,1,34,-105.0,70.5,-47.5,5.0,3471504,3040.748212,nan,3.471504,nan,12,0,3469920,24,0,0,12,1584,768,192,816,204,396,12,0,0,12
838,-47.5,57.5,188,94,0,0.0,0.0,0,0.0,57.5,20,429596.96619653585,18.547994849715607,5.035260490162984,94,188,21,13,188,1,34,-105.0,70.5,-47.5,5.0,3760796,3044.509008,nan,3.760796,nan,13,0,3759080,26,0,0,13,1716,832,208,884,221,429,13,0,0,13
839,-47.5,57.5,194,97,0,0.0,0.0,0,0.0,57.5,17,495050.66554966004,20.195997906182637,8.457519520020725,97,194,24,12,194,7,36,-105.0,70.5,-47.5,5.0,3471504,3047.980512,nan,3.471504,nan,12,0,3469920,24,0,0,12,1584,768,192,816,204,396,12,0,0,12
840,-47.5,57.5,190,95,0,0.0,0.0,0,0.0,57.5,21,488485.4850156854,24.17683205885289,6.074198989560586,95,190,22,12,190,1,34,-105.0,70.5,-47.5,5.0,3471504,3051.452016,nan,3.471504,nan,12,0,3469920,24,0,0,12,1584,768,192,816,204,396,12,0,0,12
841,-47.5,57.5,200,100,0,0.0,0.0,0,0.0,57.5,20,440984.23883515794,18.119526869537843,5.640625768943037,100,200,22,13,200,2,35,-105.0,70.5,-47.5,5.0,3760796,3055.212812,nan,3.760796,nan,13,0,3759080,26,0,0,13,1716,832,208,884,221,429,13,0,0,13
842,-47.5,57.5,206,103,0,0.0,0.0,0,0.0,57.5,20,491066.16528280446,20.494471058289005,6.101743804182002,103,206,23,11,206,3,34,-105.0,70.5,-47.5,5.0,3182212,3058.395024,nan,3.182212,nan,11,0,3180760,22,0,0,11,1452,704,176,748,187,363,11,0,0,11
843,-47.5,57.5,222,111,0,0.0,0.0,0,0.0,57.5,21,485396.67685443343,22.815371695937788,5.646103539600372,111,222,25,11,222,4,36,-105.0,70.5,-47.5,5.0,3182212,3061.577236,nan,3.182212,nan,11,0,3180760,22,0,0,11,1452,704,176,748,187,363,11,0,0,11
844,-47.5,57.5,234,117,0,0.0,0.0,0,0.0,57.5,22,461177.3992460518,17.549057641548927,5.0452553458667655,117,234,24,13,234,2,37,-105.0,70.5,-47.5,5.0,3760796,3065.338032,nan,3.760796,nan,13,0,3759080,26,0,0,13,1716,832,208,884,221,429,13,0,0,13
845,-47.5,57.5,238,119,0,0.0,0.0,0,0.0,57.5,23,442168.4690211211,16.630657815944414,6.527354579321204,119,238,24,13,238,1,37,-105.0,70.5,-47.5,5.0,3760796,3069.098828,nan,3.760796,nan,13,0,3759080,26,0,0,13,1716,832,208,884,221,429,13,0,0,13
846,-47.5,57.5,254,127,0,0.0,0.0,0,0.0,57.5,22,480636.0389685129,17.44035607636283,6.578139204579285,127,254,26,13,254,4,39,-105.0,70.5,-47.5,5.0,3760796,3072.859624,nan,3.760796,nan,13,0,3759080,26,0,0,13,1716,832,208,884,221,429,13,0,0,13
847,-47.5,57.5,246,123,0,0.0,0.0,0,0.0,57.5,21,440756.2755629344,15.593513760287708,5.310288547068122,123,246,25,14,246,4,39,-105.0,70.5,-47.5,5.0,4050088,3076.909712,nan,4.050088,nan,14,0,4048240,28,0,0,14,1848,896,224,952,238,462,14,0,0,14
848,-47.5,57.5,232,116,0,0.0,0.0,0,0.0,57.5,26,447852.47024391807,15.882881271274968,7.690923463505782,116,232,26,12,232,0,38,-105.0,70.5,-47.5,5.0,3471504,3080.381216,nan,3.471504,nan,12,0,3469920,24,0,0,12,1584,768,192,816,204,396,12,0,0,12
849,-47.5,57.5,226,113,0,0.0,0.0,0,0.0,57.5,25,456919.26791961375,17.83182773509341,7.723017659357678,113,226,25,12,226,0,37,-105.0,70.5,-47.5,5.0,3471504,3083.85272,nan,3.471504,nan,12,0,3469920,24,0,0,12,1584,768,192,816,204,396,12,0,0,12
850,-47.5,57.5,226,113,0,0.0,0.0,0,0.0,57.5,24,439832.98015467694,14.939568344989869,5.102136271076652,113,226,24,13,226,0,37,-105.0,70.5,-47.5,5.0,3760796,3087.613516,nan,3.760796,nan,13,0,3759080,26,0,0,13,1716,832,208,884,221,429,13,0,0,13
851,-47.5,57.5,224,112,0,0.0,0.0,0,0.0,57.5,21,395323.0522959034,12.842697874412282,5.691884681691397,112,224,22,15,224,1,37,-105.0,70.5,-47.5,5.0,4339380,3091.952896,nan,4.33938,nan,15,0,4337400,30,0,0,15,1980,960,240,1020,255,495,15,0,0,15
852,-47.5,57.5,220,110,0,0.0,0.0,0,0.0,57.5,22,383288.5677252025,12.971221220449666,5.159076029579673,110,220,23,13,220,1,36,-105.0,70.5,-47.5,5.0,3760796,3095.713692,nan,3.760796,nan,13,0,3759080,26,0,0,13,1716,832,208,884,221,429,13,0,0,13
853,-47.5,57.5,230,115,0,0.0,0.0,0,0.0,57.5,20,481571.12867507775,18.59081815202903,6.762278676688319,115,230,25,10,230,5,35,-105.0,70.5,-47.5,5.0,2892920,3098.606612,nan,2.89292,nan,10,0,2891600,20,0,0,10,1320,640,160,680,170,330,10,0,0,10
854,-47.5,57.5,234,117,0,0.0,0.0,0,0.0,57.5,23,511945.17445019505,22.156490801359517,8.478253763204648,117,234,25,10,234,2,35,-105.0,70.5,-47.5,5.0,2892920,3101.499532,nan,2.89292,nan,10,0,2891600,20,0,0,10,1320,640,160,680,170,330,10,0,0,10
855,-47.5,57.5,244,122,0,0.0,0.0,0,0.0,57.5,24,531834.7637226636,24.443737730044823,11.646153913867316,122,244,27,10,244,3,37,-105.0,70.5,-47.5,5.0,2892920,3104.392452,nan,2.89292,nan,10,0,2891600,20,0,0,10,1320,640,160,680,170,330,10,0,0,10
856,-47.5,57.5,246,123,0,0.0,0.0,0,0.0,57.5,23,479338.9858937923,17.842808895559887,5.8131302834415965,123,246,25,12,246,2,37,-105.0,70.5,-47.5,5.0,3471504,3107.863956,nan,3.471504,nan,12,0,3469920,24,0,0,12,1584,768,192,816,204,396,12,0,0,12
857,-47.5,57.5,252,126,0,0.0,0.0,0,0.0,57.5,22,423361.3613818993,15.226901303437971,5.354454698276201,126,252,23,14,252,1,37,-105.0,70.5,-47.5,5.0,4050088,3111.914044,nan,4.050088,nan,14,0,4048240,28,0,0,14,1848,896,224,952,238,462,14,0,0,14
858,-47.5,57.5,252,126,0,0.0,0.0,0,0.0,57.5,25,443686.2282523034,17.096314724702072,6.03578235461922,126,252,25,12,252,0,37,-105.0,70.5,-47.5,5.0,3471504,3115.385548,nan,3.471504,nan,12,0,3469920,24,0,0,12,1584,768,192,816,204,396,12,0,0,12
859,-47.5,57.5,256,128,0,0.0,0.0,0,0.0,57.5,22,469415.96043337765,17.6991588921542,5.99789718213144,128,256,25,12,256,3,37,-105.0,70.5,-47.5,5.0,3471504,3118.857052,nan,3.471504,nan,12,0,3469920,24,0,0,12,1584,768,192,816,204,396,12,0,0,12
860,-47.5,57.5,244,122,0,0.0,0.0,0,0.0,57.5,25,436028.6869921923,15.342530150978018,6.438617623915228,122,244,25,13,244,0,38,-105.0,70.5,-47.5,5.0,3760796,3122.617848,nan,3.760796,nan,13,0,3759080,26,0,0,13,1716,832,208,884,221,429,13,0,0,13
861,-47.5,57.5,232,116,0,0.0,0.0,0,0.0,57.5,23,441263.3684082782,17.094990134998415,5.5806195525597975,116,232,25,14,232,2,39,-105.0,70.5,-47.5,5.0,4050088,3126.667936,nan,4.050088,nan,14,0,4048240,28,0,0,14,1848,896,224,952,238,462,14,0,0,14
862,-47.5,57.5,238,119,0,0.0,0.0,0,0.0,57.5,25,507052.5062135245,21.3554554301271,5.164240467894237,119,238,27,13,238,2,40,-105.0,70.5,-47.5,5.0,3760796,3130.428732,nan,3.760796,nan,13,0,3759080,26,0,0,13,1716,832,208,884,221,429,13,0,0,13
863,-47.5,57.5,220,110,0,0.0,0.0,0,0.0,57.5,29,529418.8333785866,24.505669016017567,9.365861381774195,110,220,29,11,220,0,40,-105.0,70.5,-47.5,5.0,3182212,3133.610944,nan,3.182212,nan,11,0,3180760,22,0,0,11,1452,704,176,748,187,363,11,0,0,11
864,-47.5,57.5,198,99,0,0.0,0.0,0,0.0,57.5,23,469345.4367520029,18.232471551573028,5.018614458433852,99,198,25,13,198,2,38,-105.0,70.5,-47.5,5.0,3760796,3137.37174,nan,3.760796,nan,13,0,3759080,26,0,0,13,1716,832,208,884,221,429,13,0,0,13
865,-47.5,57.5,188,94,0,0.0,0.0,0,0.0,57.5,19,495264.79194337426,20.775623572964808,6.270323075521143,94,188,24,12,188,5,36,-105.0,70.5,-47.5,5.0,3471504,3140.843244,nan,3.471504,nan,12,0,3469920,24,0,0,12,1584,768,192,816,204,396,12,0,0,12
866,-47.5,57.5,184,92,0,0.0,0.0,0,0.0,57.5,23,486668.3301845504,24.87627572400117,6.94792606489981,92,184,23,11,184,0,34,-105.0,70.5,-47.5,5.0,3182212,3144.025456,nan,3.182212,nan,11,0,3180760,22,0,0,11,1452,704,176,748,187,363,11,0,0,11
867,-47.5,57.5,196,98,0,0.0,0.0,0,0.0,57.5,23,468242.25981889473,15.823475764442543,6.465822244557193,98,196,24,11,196,1,35,-105.0,70.5,-47.5,5.0,3182212,3147.207668,nan,3.182212,nan,11,0,3180760,22,0,0,11,1452,704,176,748,187,363,11,0,0,11
868,-47.5,57.5,190,95,0,0.0,0.0,0,0.0,57.5,24,528305.6928206247,21.445660648681677,8.114157991914714,95,190,25,11,190,1,36,-105.0,70.5,-47.5,5.0,3182212,3150.38988,nan,3.182212,nan,11,0,3180760,22,0,0,11,1452,704,176,748,187,363,11,0,0,11
869,-47.5,57.5,184,92,0,0.0,0.0,0,0.0,57.5,24,486807.1977444373,20.927065834681965,8.304279051452843,92,184,25,12,184,1,37,-105.0,70.5,-47.5,5.0,3471504,3153.861384,nan,3.471504,nan,12,0,3469920,24,0,0,12,1584,768,192,816,204,396,12,0,0,12
870,-47.5,57.5,172,86,0,0.0,0.0,0,0.0,57.5,23,469368.4402782738,18.822134032412677,7.27081461431262,86,172,24,13,172,1,37,-105.0,70.5,-47.5,5.0,3760796,3157.62218,nan,3.760796,nan,13,0,3759080,26,0,0,13,1716,832,208,884,221,429,13,0,0,13
871,-47.5,57.5,158,79,0,0.0,0.0,0,0.0,57.5,22,433917.887301353,14.969344031613756,6.436865163394609,79,158,22,15,158,0,37,-105.0,70.5,-47.5,5.0,4339380,3161.96156,nan,4.33938,nan,15,0,4337400,30,0,0,15,1980,960,240,1020,255,495,15,0,0,15
872,-47.5,57.5,158,79,0,0.0,0.0,0,0.0,57.5,22,473643.9550029865,17.980335506724575,7.188804457157224,79,158,22,15,158,0,37,-105.0,70.5,-47.5,5.0,4339380,3166.30094,nan,4.33938,nan,15,0,4337400,30,0,0,15,1980,960,240,1020,255,495,15,0,0,15
873,-47.5,57.5,162,81,0,0.0,0.0,0,0.0,57.5,24,480933.2020483022,21.5770537921472,7.730601115098667,81,162,24,13,162,0,37,-105.0,70.5,-47.5,5.0,3760796,3170.061736,nan,3.760796,nan,13,0,3759080,26,0,0,13,1716,832,208,884,221,429,13,0,0,13
874,-47.5,57.5,160,80,0,0.0,0.0,0,0.0,57.5,23,456520.5444029901,16.845412242982775,9.23118795560167,80,160,24,13,160,1,37,-105.0,70.5,-47.5,5.0,3760796,3173.822532,nan,3.760796,nan,13,0,3759080,26,0,0,13,1716,832,208,884,221,429,13,0,0,13
875,-47.5,57.5,170,85,0,0.0,0.0,0,0.0,57.5,25,459885.8141056826,17.451019531257614,6.45474143444472,85,170,25,13,170,0,38,-105.0,70.5,-47.5,5.0,3760796,3177.583328,nan,3.760796,nan,13,0,3759080,26,0,0,13,1716,832,208,884,221,429,13,0,0,13
876,-47.5,57.5,166,83,0,0.0,0.0,0,0.0,57.5,24,438173.23404436896,16.706714742126998,5.0063118185236295,83,166,24,15,166,0,39,-105.0,70.5,-47.5,5.0,4339380,3181.922708,nan,4.33938,nan,15,0,4337400,30,0,0,15,1980,960,240,1020,255,495,15,0,0,15
877,-47.5,57.5,174,87,0,0.0,0.0,0,0.0,57.5,21,452940.31694583734,16.880009352243516,6.527518127589707,87,174,25,14,174,4,39,-105.0,70.5,-47.5,5.0,4050088,3185.972796,nan,4.050088,nan,14,0,4048240,28,0,0,14,1848,896,224,952,238,462,14,0,0,14
878,-47.5,57.5,148,74,0,0.0,0.0,0,0.0,57.5,23,527244.2343842398,21.272250231226916,11.404715601980367,74,148,25,12,148,2,37,-105.0,70.5,-47.5,5.0,3471504,3189.4443,nan,3.471504,nan,12,0,3469920,24,0,0,12,1584,768,192,816,204,396,12,0,0,12
879,-47.5,57.5,134,67,0,0.0,0.0,0,0.0,57.5,19,452879.71958498855,17.30838333632909,5.026292121577034,67,134,21,14,134,2,35,-105.0,70.5,-47.5,5.0,4050088,3193.494388,nan,4.050088,nan,14,0,4048240,28,0,0,14,1848,896,224,952,238,462,14,0,0,14
880,-47.5,57.5,112,56,0,0.0,0.0,0,0.0,57.5,23,509705.17246231646,22.7766901747642,8.637286501035659,56,112,23,11,112,0,34,-105.0,70.5,-47.5,5.0,3182212,3196.6766,nan,3.182212,nan,11,0,3180760,22,0,0,11,1452,704,176,748,187,363,11,0,0,11
881,-47.5,57.5,116,58,0,0.0,0.0,0,0.0,57.5,22,482519.65449923987,19.889558271393632,8.521362060627014,58,116,23,13,116,1,36,-105.0,70.5,-47.5,5.0,3760796,3200.437396,nan,3.760796,nan,13,0,3759080,26,0,0,13,1716,832,208,884,221,429,13,0,0,13
882,-47.5,57.5,126,63,0,0.0,0.0,0,0.0,57.5,20,484665.05927407386,18.741512444112892,6.051266671049186,63,126,21,15,126,1,36,-105.0,70.5,-47.5,5.0,4339380,3204.776776,nan,4.33938,nan,15,0,4337400,30,0,0,15,1980,960,240,1020,255,495,15,0,0,15
883,-47.5,57.5,136,68,0,0.0,0.0,0,0.0,57.5,23,526835.7021479326,19.832711205550815,12.564978747515351,68,136,23,13,136,0,36,-105.0,70.5,-47.5,5.0,3760796,3208.537572,nan,3.760796,nan,13,0,3759080,26,0,0,13,1716,832,208,884,221,429,13,0,0,13
884,-47.5,57.5,138,69,0,0.0,0.0,0,0.0,57.5,24,542113.1084966937,22.567991327747034,13.002551623904878,69,138,24,13,138,0,37,-105.0,70.5,-47.5,5.0,3760796,3212.298368,nan,3.760796,nan,13,0,3759080,26,0,0,13,1716,832,208,884,221,429,13,0,0,13
885,-47.5,57.5,134,67,0,0.0,0.0,0,0.0,57.5,23,543218.6619444193,22.2828513572513,8.612126162138441,67,134,23,13,134,0,36,-105.0,70.5,-47.5,5.0,3760796,3216.059164,nan,3.760796,nan,13,0,3759080,26,0,0,13,1716,832,208,884,221,429,13,0,0,13
886,-47.5,57.5,128,64,0,0.0,0.0,0,0.0,57.5,22,476744.9985595774,20.943473875588424,6.902089952519752,64,128,22,15,128,0,37,-105.0,70.5,-47.5,5.0,4339380,3220.398544,nan,4.33938,nan,15,0,4337400,30,0,0,15,1980,960,240,1020,255,495,15,0,0,15
887,-47.5,57.5,122,61,0,0.0,0.0,0,0.0,57.5,22,519271.15063766623,19.988360668710715,7.8268366855180975,61,122,22,14,122,0,36,-105.0,70.5,-47.5,5.0,4050088,3224.448632,nan,4.050088,nan,14,0,4048240,28,0,0,14,1848,896,224,952,238,462,14,0,0,14
888,-47.5,57.5,108,54,0,0.0,0.0,0,0.0,57.5,22,475653.4171999069,21.756674944131845,5.131956103938996,54,108,22,12,108,0,34,-105.0,70.5,-47.5,5.0,3471504,3227.920136,nan,3.471504,nan,12,0,3469920,24,0,0,12,1584,768,192,816,204,396,12,0,0,12
889,-47.5,57.5,104,52,0,0.0,0.0,0,0.0,57.5,19,460681.8414614743,20.81059190200728,6.044892713554017,52,104,20,12,104,1,32,-105.0,70.5,-47.5,5.0,3471504,3231.39164,nan,3.471504,nan,12,0,3469920,24,0,0,12,1584,768,192,816,204,396,12,0,0,12
890,-47.5,57.5,106,53,0,0.0,0.0,0,0.0,57.5,20,494197.7826056163,18.99038251526838,6.908218673312991,53,106,20,14,106,0,34,-105.0,70.5,-47.5,5.0,4050088,3235.441728,nan,4.050088,nan,14,0,4048240,28,0,0,14,1848,896,224,952,238,462,14,0,0,14
891,-47.5,57.5,112,56,0,0.0,0.0,0,0.0,57.5,19,501986.96773756144,21.931307199674798,6.158279232108862,56,112,21,13,112,2,34,-105.0,70.5,-47.5,5.0,3760796,3239.202524,nan,3.760796,nan,13,0,3759080,26,0,0,13,1716,832,208,884,221,429,13,0,0,13
892,-47.5,57.5,124,62,0,0.0,0.0,0,0.0,57.5,22,469056.52139658784,15.809870982326231,6.816295451129866,62,124,22,15,124,0,37,-105.0,70.5,-47.5,5.0,4339380,3243.541904,nan,4.33938,nan,15,0,4337400,30,0,0,15,1980,960,240,1020,255,495,15,0,0,15
893,-47.5,57.5,132,66,0,0.0,0.0,0,0.0,57.5,22,488453.62312103884,18.440190603978483,6.181858260491785,66,132,23,14,132,1,37,-105.0,70.5,-47.5,5.0,4050088,3247.591992,nan,4.050088,nan,14,0,4048240,28,0,0,14,1848,896,224,952,238,462,14,0,0,14
894,-47.5,57.5,136,68,0,0.0,0.0,0,0.0,57.5,23,486485.34105930984,17.95429323132076,6.027870618531853,68,136,23,14,136,0,37,-105.0,70.5,-47.5,5.0,4050088,3251.64208,nan,4.050088,nan,14,0,4048240,28,0,0,14,1848,896,224,952,238,462,14,0,0,14
895,-47.5,57.5,140,70,0,0.0,0.0,0,0.0,57.5,23,516355.1118056481,20.538122462054933,6.560216914608495,70,140,24,14,140,1,38,-105.0,70.5,-47.5,5.0,4050088,3255.692168,nan,4.050088,nan,14,0,4048240,28,0,0,14,1848,896,224,952,238,462,14,0,0,14
896,-47.5,57.5,146,73,0,0.0,0.0,0,0.0,57.5,24,530847.769307833,21.880907353239515,6.950177184135895,73,146,24,14,146,0,38,-105.0,70.5,-47.5,5.0,4050088,3259.742256,nan,4.050088,nan,14,0,4048240,28,0,0,14,1848,896,224,952,238,462,14,0,0,14
897,-47.5,57.5,146,73,0,0.0,0.0,0,0.0,57.5,23,496306.713697291,20.096714106865516,6.047818022616034,73,146,24,14,146,1,38,-105.0,70.5,-47.5,5.0,4050088,3263.792344,nan,4.050088,nan,14,0,4048240,28,0,0,14,1848,896,224,952,238,462,14,0,0,14
898,-47.5,57.5,152,76,0,0.0,0.0,0,0.0,57.5,24,514234.6591451751,20.415555893097633,7.693979911284041,76,152,24,14,152,0,38,-105.0,70.5,-47.5,5.0,4050088,3267.842432,nan,4.050088,nan,14,0,4048240,28,0,0,14,1848,896,224,952,238,462,14,0,0,14
899,-47.5,57.5,158,79,0,0.0,0.0,0,0.0,57.5,24,523629.15869359265,22.710494383686232,6.830317719139631,79,158,25,13,158,1,38,-105.0,70.5,-47.5,5.0,3760796,3271.603228,nan,3.760796,nan,13,0,3759080,26,0,0,13,1716,832,208,884,221,429,13,0,0,13
900,-47.5,57.5,152,76,0,0.0,0.0,0,0.0,57.5,25,523255.5424410432,18.829633305024235,11.519354636724879,76,152,25,13,152,0,38,-105.0,70.5,-47.5,5.0,3760796,3275.364024,nan,3.760796,nan,13,0,3759080,26,0,0,13,1716,832,208,884,221,429,13,0,0,13
901,-47.5,57.5,166,83,0,0.0,0.0,0,0.0,57.5,21,500196.9367175839,19.22627314308329,6.950413640070295,83,166,24,14,166,3,38,-105.0,70.5,-47.5,5.0,4050088,3279.414112,nan,4.050088,nan,14,0,4048240,28,0,0,14,1848,896,224,952,238,462,14,0,0,14
902,-47.5,57.5,164,82,0,0.0,0.0,0,0.0,57.5,25,498547.97371693345,23.313350335963218,5.047394753736133,82,164,26,12,164,1,38,-105.0,70.5,-47.5,5.0,3471504,3282.885616,nan,3.471504,nan,12,0,3469920,24,0,0,12,1584,768,192,816,204,396,12,0,0,12
903,-47.5,57.5,170,85,0,0.0,0.0,0,0.0,57.5,23,501389.61315727874,20.34429189766949,9.149395994031096,85,170,24,14,170,1,38,-105.0,70.5,-47.5,5.0,4050088,3286.935704,nan,4.050088,nan,14,0,4048240,28,0,0,14,1848,896,224,952,238,462,14,0,0,14
904,-47.5,57.5,174,87,0,0.0,0.0,0,0.0,57.5,22,482907.98331703234,20.78022379492893,7.424764392440769,87,174,24,13,174,2,37,-105.0,70.5,-47.5,5.0,3760796,3290.6965,nan,3.760796,nan,13,0,3759080,26,0,0,13,1716,832,208,884,221,429,13,0,0,13
905,-47.5,57.5,180,90,0,0.0,0.0,0,0.0,57.5,21,486562.31049394805,20.151656908354145,7.301366515743944,90,180,24,13,180,3,37,-105.0,70.5,-47.5,5.0,3760796,3294.457296,nan,3.760796,nan,13,0,3759080,26,0,0,13,1716,832,208,884,221,429,13,0,0,13
906,-47.5,57.5,186,93,0,0.0,0.0,0,0.0,57.5,21,479242.01381373685,19.286973200167097,7.469644179475301,93,186,22,14,186,1,36,-105.0,70.5,-47.5,5.0,4050088,3298.507384,nan,4.050088,nan,14,0,4048240,28,0,0,14,1848,896,224,952,238,462,14,0,0,14
907,-47.5,57.5,184,92,0,0.0,0.0,0,0.0,57.5,24,507839.75732904737,20.934711536711358,8.022755581372753,92,184,24,12,184,0,36,-105.0,70.5,-47.5,5.0,3471504,3301.978888,nan,3.471504,nan,12,0,3469920,24,0,0,12,1584,768,192,816,204,396,12,0,0,12
908,-47.5,57.5,154,77,0,0.0,0.0,0,0.0,57.5,21,529260.369877102,23.069561590718873,8.232357467462318,77,154,21,13,154,0,34,-105.0,70.5,-47.5,5.0,3760796,3305.739684,nan,3.760796,nan,13,0,3759080,26,0,0,13,1716,832,208,884,221,429,13,0,0,13
909,-47.5,57.5,148,74,0,0.0,0.0,0,0.0,57.5,23,524573.2375816173,21.8479430484347,6.25094736753065,74,148,23,12,148,0,35,-105.0,70.5,-47.5,5.0,3471504,3309.211188,nan,3.471504,nan,12,0,3469920,24,0,0,12,1584,768,192,816,204,396,12,0,0,12
910,-47.5,57.5,142,71,0,0.0,0.0,0,0.0,57.5,22,473621.2509979928,22.415162096360593,5.473987232093739,71,142,22,13,142,0,35,-105.0,70.5,-47.5,5.0,3760796,3312.971984,nan,3.760796,nan,13,0,3759080,26,0,0,13,1716,832,208,884,221,429,13,0,0,13
911,-47.5,57.5,148,74,0,0.0,0.0,0,0.0,57.5,19,490091.48587844736,18.39683062853472,7.541590097018216,74,148,20,14,148,1,34,-105.0,70.5,-47.5,5.0,4050088,3317.022072,nan,4.050088,nan,14,0,4048240,28,0,0,14,1848,896,224,952,238,462,14,0,0,14
912,-47.5,57.5,142,71,0,0.0,0.0,0,0.0,57.5,19,486789.89474007516,21.95306052766273,7.842467099475372,71,142,19,13,142,0,32,-105.0,70.5,-47.5,5.0,3760796,3320.782868,nan,3.760796,nan,13,0,3759080,26,0,0,13,1716,832,208,884,221,429,13,0,0,13
913,-47.5,57.5,148,74,0,0.0,0.0,0,0.0,57.5,20,485329.44463966304,18.692819906594014,8.206794152381194,74,148,20,12,148,0,32,-105.0,70.5,-47.5,5.0,3471504,3324.254372,nan,3.471504,nan,12,0,3469920,24,0,0,12,1584,768,192,816,204,396,12,0,0,12
914,-47.5,57.5,136,68,0,0.0,0.0,0,0.0,57.5,19,527405.7886664534,25.70227738495771,8.273009204661424,68,136,20,11,136,1,31,-105.0,70.5,-47.5,5.0,3182212,3327.436584,nan,3.182212,nan,11,0,3180760,22,0,0,11,1452,704,176,748,187,363,11,0,0,11
915,-47.5,57.5,136,68,0,0.0,0.0,0,0.0,57.5,20,561549.2922119217,26.00515311290102,17.372445590500835,68,136,20,10,136,0,30,-105.0,70.5,-47.5,5.0,2892920,3330.329504,nan,2.89292,nan,10,0,2891600,20,0,0,10,1320,640,160,680,170,330,10,0,0,10
916,-47.5,57.5,144,72,0,0.0,0.0,0,0.0,57.5,19,495772.6906448871,18.408012753224213,5.469224559748454,72,144,19,12,144,0,31,-105.0,70.5,-47.5,5.0,3471504,3333.801008,nan,3.471504,nan,12,0,3469920,24,0,0,12,1584,768,192,816,204,396,12,0,0,12
917,-47.5,57.5,138,69,0,0.0,0.0,0,0.0,57.5,19,471856.5743468397,18.315694059220025,5.082130825092582,69,138,20,11,138,1,31,-105.0,70.5,-47.5,5.0,3182212,3336.98322,nan,3.182212,nan,11,0,3180760,22,0,0,11,1452,704,176,748,187,363,11,0,0,11
918,-47.5,57.5,126,63,0,0.0,0.0,0,0.0,57.5,18,525285.019899096,29.408072377507832,6.741617931872033,63,126,18,11,126,0,29,-105.0,70.5,-47.5,5.0,3182212,3340.165432,nan,3.182212,nan,11,0,3180760,22,0,0,11,1452,704,176,748,187,363,11,0,0,11
919,-47.5,57.5,126,63,0,0.0,0.0,0,0.0,57.5,18,481379.89385482,21.942469082393412,5.48648691743119,63,126,18,12,126,0,30,-105.0,70.5,-47.5,5.0,3471504,3343.636936,nan,3.471504,nan,12,0,3469920,24,0,0,12,1584,768,192,816,204,396,12,0,0,12
920,-47.5,57.5,132,66,0,0.0,0.0,0,0.0,57.5,20,559453.8789515863,28.92688611596706,16.56820902699885,66,132,20,10,132,0,30,-105.0,70.5,-47.5,5.0,2892920,3346.529856,nan,2.89292,nan,10,0,2891600,20,0,0,10,1320,640,160,680,170,330,10,0,0,10
921,-47.5,57.5,142,71,0,0.0,0.0,0,0.0,57.5,19,526347.3696014866,30.890056162045994,8.13184678181656,71,142,19,10,142,0,29,-105.0,70.5,-47.5,5.0,2892920,3349.422776,nan,2.89292,nan,10,0,2891600,20,0,0,10,1320,640,160,680,170,330,10,0,0,10
922,-47.5,57.5,142,71,0,0.0,0.0,0,0.0,57.5,21,562500.0,33.25612983908165,19.732359337766173,71,142,21,9,142,0,30,-105.0,70.5,-47.5,5.0,2603628,3352.026404,nan,2.603628,nan,9,0,2602440,18,0,0,9,1188,576,144,612,153,297,9,0,0,9
923,-47.5,57.5,144,72,0,0.0,0.0,0,0.0,57.5,19,507246.7708999934,23.699287344167395,9.584661185066569,72,144,19,11,144,0,30,-105.0,70.5,-47.5,5.0,3182212,3355.208616,nan,3.182212,nan,11,0,3180760,22,0,0,11,1452,704,176,748,187,363,11,0,0,11
924,-47.5,57.5,140,70,0,0.0,0.0,0,0.0,57.5,20,530456.5120359514,30.045090362141348,10.819871255694771,70,140,21,10,140,1,31,-105.0,70.5,-47.5,5.0,2892920,3358.101536,nan,2.89292,nan,10,0,2891600,20,0,0,10,1320,640,160,680,170,330,10,0,0,10
925,-47.5,57.5,138,69,0,0.0,0.0,0,0.0,57.5,19,492747.99604921794,22.77543258263375,9.728108384088381,69,138,19,12,138,0,31,-105.0,70.5,-47.5,5.0,3471504,3361.57304,nan,3.471504,nan,12,0,3469920,24,0,0,12,1584,768,192,816,204,396,12,0,0,12
926,-47.5,57.5,138,69,0,0.0,0.0,0,0.0,57.5,20,519934.19290294824,30.48010606635462,11.638054646891105,69,138,21,10,138,1,31,-105.0,70.5,-47.5,5.0,2892920,3364.46596,nan,2.89292,nan,10,0,2891600,20,0,0,10,1320,640,160,680,170,330,10,0,0,10
927,-47.5,57.5,142,71,0,0.0,0.0,0,0.0,57.5,22,527464.6766900732,26.662531814013008,10.672795809144572,71,142,22,11,142,0,33,-105.0,70.5,-47.5,5.0,3182212,3367.648172,nan,3.182212,nan,11,0,3180760,22,0,0,11,1452,704,176,748,187,363,11,0,0,11
928,-47.5,57.5,142,71,0,0.0,0.0,0,0.0,57.5,22,461454.199638749,19.839507354257268,5.367620467865805,71,142,22,12,142,0,34,-105.0,70.5,-47.5,5.0,3471504,3371.119676,nan,3.471504,nan,12,0,3469920,24,0,0,12,1584,768,192,816,204,396,12,0,0,12
929,-47.5,57.5,132,66,0,0.0,0.0,0,0.0,57.5,19,519667.38362446957,26.46102281715137,7.799988737643286,66,132,21,12,132,2,33,-105.0,70.5,-47.5,5.0,3471504,3374.59118,nan,3.471504,nan,12,0,3469920,24,0,0,12,1584,768,192,816,204,396,12,0,0,12
930,-47.5,57.5,146,73,0,0.0,0.0,0,0.0,57.5,22,500195.0354545137,24.890054647388983,6.977807394618165,73,146,22,11,146,0,33,-105.0,70.5,-47.5,5.0,3182212,3377.773392,nan,3.182212,nan,11,0,3180760,22,0,0,11,1452,704,176,748,187,363,11,0,0,11
931,-47.5,57.5,150,75,0,0.0,0.0,0,0.0,57.5,22,482614.3350881758,24.079118255202008,7.209704491333033,75,150,22,12,150,0,34,-105.0,70.5,-47.5,5.0,3471504,3381.244896,nan,3.471504,nan,12,0,3469920,24,0,0,12,1584,768,192,816,204,396,12,0,0,12
932,-47.5,57.5,156,78,0,0.0,0.0,0,0.0,57.5,21,534153.7957626145,23.430768872722748,11.859944929375983,78,156,22,11,156,1,33,-105.0,70.5,-47.5,5.0,3182212,3384.427108,nan,3.182212,nan,11,0,3180760,22,0,0,11,1452,704,176,748,187,363,11,0,0,11
933,-47.5,57.5,176,88,0,0.0,0.0,0,0.0,57.5,19,391810.2299019289,16.50250161773285,6.292496119226858,88,176,20,14,176,1,34,-105.0,70.5,-47.5,5.0,4050088,3388.477196,nan,4.050088,nan,14,0,4048240,28,0,0,14,1848,896,224,952,238,462,14,0,0,14
934,-47.5,57.5,176,88,0,0.0,0.0,0,0.0,57.5,25,533304.9163959873,28.37533632119924,10.570505163303583,88,176,25,9,176,0,34,-105.0,70.5,-47.5,5.0,2603628,3391.080824,nan,2.603628,nan,9,0,2602440,18,0,0,9,1188,576,144,612,153,297,9,0,0,9
935,-47.5,57.5,174,87,0,0.0,0.0,0,0.0,57.5,20,522164.00612016796,23.31820457677917,10.371164557230442,87,174,22,12,174,2,34,-105.0,70.5,-47.5,5.0,3471504,3394.552328,nan,3.471504,nan,12,0,3469920,24,0,0,12,1584,768,192,816,204,396,12,0,0,12
936,-47.5,57.5,178,89,0,0.0,0.0,0,0.0,57.5,23,461744.60020492546,19.14908364115442,6.020522799877938,89,178,23,11,178,0,34,-105.0,70.5,-47.5,5.0,3182212,3397.73454,nan,3.182212,nan,11,0,3180760,22,0,0,11,1452,704,176,748,187,363,11,0,0,11
937,-47.5,57.5,164,82,0,0.0,0.0,0,0.0,57.5,20,502444.6716223682,20.097488732119036,5.666339704167129,82,164,22,12,164,2,34,-105.0,70.5,-47.5,5.0,3471504,3401.206044,nan,3.471504,nan,12,0,3469920,24,0,0,12,1584,768,192,816,204,396,12,0,0,12
938,-47.5,57.5,158,79,0,0.0,0.0,0,0.0,57.5,22,464802.36812294764,21.963054927862448,5.387696509476432,79,158,22,12,158,0,34,-105.0,70.5,-47.5,5.0,3471504,3404.677548,nan,3.471504,nan,12,0,3469920,24,0,0,12,1584,768,192,816,204,396,12,0,0,12
939,-47.5,57.5,166,83,0,0.0,0.0,0,0.0,57.5,19,470327.82785878243,17.58314137218811,6.521021005996248,83,166,21,13,166,2,34,-105.0,70.5,-47.5,5.0,3760796,3408.438344,nan,3.760796,nan,13,0,3759080,26,0,0,13,1716,832,208,884,221,429,13,0,0,13
940,-47.5,57.5,164,82,0,0.0,0.0,0,0.0,57.5,22,477461.8836795284,18.981807240979442,6.654699128214631,82,164,22,13,164,0,35,-105.0,70.5,-47.5,5.0,3760796,3412.19914,nan,3.760796,nan,13,0,3759080,26,0,0,13,1716,832,208,884,221,429,13,0,0,13
941,-47.5,57.5,170,85,0,0.0,0.0,0,0.0,57.5,20,446829.94063974905,15.903970171692322,5.3801857211402515,85,170,21,13,170,1,34,-105.0,70.5,-47.5,5.0,3760796,3415.959936,nan,3.760796,nan,13,0,3759080,26,0,0,13,1716,832,208,884,221,429,13,0,0,13
942,-47.5,57.5,180,90,0,0.0,0.0,0,0.0,57.5,20,436159.9416507289,14.752561833886531,7.4727826610858505,90,180,21,12,180,1,33,-105.0,70.5,-47.5,5.0,3471504,3419.43144,nan,3.471504,nan,12,0,3469920,24,0,0,12,1584,768,192,816,204,396,12,0,0,12
943,-47.5,57.5,200,100,0,0.0,0.0,0,0.0,57.5,21,509923.9844977152,27.08013441218343,7.525369004424341,100,200,25,11,200,4,36,-105.0,70.5,-47.5,5.0,3182212,3422.613652,nan,3.182212,nan,11,0,3180760,22,0,0,11,1452,704,176,748,187,363,11,0,0,11
944,-47.5,57.5,202,101,0,0.0,0.0,0,0.0,57.5,20,519381.3895483699,22.6639010407086,8.080430398072732,101,202,24,11,202,4,35,-105.0,70.5,-47.5,5.0,3182212,3425.795864,nan,3.182212,nan,11,0,3180760,22,0,0,11,1452,704,176,748,187,363,11,0,0,11
945,-47.5,57.5,204,102,0,0.0,0.0,0,0.0,57.5,20,491034.8716258107,22.337208846284913,5.916607640146278,102,204,24,12,204,4,36,-105.0,70.5,-47.5,5.0,3471504,3429.267368,nan,3.471504,nan,12,0,3469920,24,0,0,12,1584,768,192,816,204,396,12,0,0,12
946,-47.5,57.5,200,100,0,0.0,0.0,0,0.0,57.5,25,488207.9261617856,23.050461330950835,5.076807944054598,100,200,25,12,200,0,37,-105.0,70.5,-47.5,5.0,3471504,3432.738872,nan,3.471504,nan,12,0,3469920,24,0,0,12,1584,768,192,816,204,396,12,0,0,12
947,-47.5,57.5,206,103,0,0.0,0.0,0,0.0,57.5,20,501769.76810401154,19.318159197679485,6.268267012632309,103,206,24,13,206,4,37,-105.0,70.5,-47.5,5.0,3760796,3436.499668,nan,3.760796,nan,13,0,3759080,26,0,0,13,1716,832,208,884,221,429,13,0,0,13
948,-47.5,57.5,220,110,0,0.0,0.0,0,0.0,57.5,22,481694.53389325313,19.692314647928733,8.98573733056801,110,220,24,13,220,2,37,-105.0,70.5,-47.5,5.0,3760796,3440.260464,nan,3.760796,nan,13,0,3759080,26,0,0,13,1716,832,208,884,221,429,13,0,0,13
949,-47.5,57.5,220,110,0,0.0,0.0,0,0.0,57.5,25,489267.9839836276,17.555796011627162,6.207333923576027,110,220,25,13,220,0,38,-105.0,70.5,-47.5,5.0,3760796,3444.02126,nan,3.760796,nan,13,0,3759080,26,0,0,13,1716,832,208,884,221,429,13,0,0,13
950,-47.5,57.5,234,117,0,0.0,0.0,0,0.0,57.5,24,452976.55690522783,17.67467235176927,5.3313613869211185,117,234,25,14,234,1,39,-105.0,70.5,-47.5,5.0,4050088,3448.071348,nan,4.050088,nan,14,0,4048240,28,0,0,14,1848,896,224,952,238,462,14,0,0,14
951,-47.5,57.5,224,112,0,0.0,0.0,0,0.0,57.5,23,510843.37713893456,25.790656168659144,7.194405042771209,112,224,27,12,224,4,39,-105.0,70.5,-47.5,5.0,3471504,3451.542852,nan,3.471504,nan,12,0,3469920,24,0,0,12,1584,768,192,816,204,396,12,0,0,12
952,-47.5,57.5,202,101,0,0.0,0.0,0,0.0,57.5,24,418786.17797556246,17.697351418755698,5.0076284971359595,101,202,25,13,202,1,38,-105.0,70.5,-47.5,5.0,3760796,3455.303648,nan,3.760796,nan,13,0,3759080,26,0,0,13,1716,832,208,884,221,429,13,0,0,13
953,-47.5,57.5,180,90,0,0.0,0.0,0,0.0,57.5,21,473730.5865275115,18.395211606423832,7.1862949189561025,90,180,23,14,180,2,37,-105.0,70.5,-47.5,5.0,4050088,3459.353736,nan,4.050088,nan,14,0,4048240,28,0,0,14,1848,896,224,952,238,462,14,0,0,14
954,-47.5,57.5,160,80,0,0.0,0.0,0,0.0,57.5,23,520509.6265329475,20.04951889703066,7.842451631901849,80,160,23,13,160,0,36,-105.0,70.5,-47.5,5.0,3760796,3463.114532,nan,3.760796,nan,13,0,3759080,26,0,0,13,1716,832,208,884,221,429,13,0,0,13
955,-47.5,57.5,178,89,0,0.0,0.0,0,0.0,57.5,22,478135.4938176235,20.428498608838954,5.555920124788274,89,178,23,13,178,1,36,-105.0,70.5,-47.5,5.0,3760796,3466.875328,nan,3.760796,nan,13,0,3759080,26,0,0,13,1716,832,208,884,221,429,13,0,0,13
956,-47.5,57.5,176,88,0,0.0,0.0,0,0.0,57.5,22,438685.5644424101,17.497312529214348,5.349842547399813,88,176,23,14,176,1,37,-105.0,70.5,-47.5,5.0,4050088,3470.925416,nan,4.050088,nan,14,0,4048240,28,0,0,14,1848,896,224,952,238,462,14,0,0,14
957,-47.5,57.5,192,96,0,0.0,0.0,0,0.0,57.5,21,442548.3849938901,21.611879428968706,6.027889811025663,96,192,24,12,192,3,36,-105.0,70.5,-47.5,5.0,3471504,3474.39692,nan,3.471504,nan,12,0,3469920,24,0,0,12,1584,768,192,816,204,396,12,0,0,12
958,-47.5,57.5,198,99,0,0.0,0.0,0,0.0,57.5,23,489853.9366805265,22.0266031304694,9.050470394214553,99,198,25,12,198,2,37,-105.0,70.5,-47.5,5.0,3471504,3477.868424,nan,3.471504,nan,12,0,3469920,24,0,0,12,1584,768,192,816,204,396,12,0,0,12
959,-47.5,57.5,184,92,0,0.0,0.0,0,0.0,57.5,22,492597.0781940067,20.361354233838068,7.451479702170543,92,184,23,13,184,1,36,-105.0,70.5,-47.5,5.0,3760796,3481.62922,nan,3.760796,nan,13,0,3759080,26,0,0,13,1716,832,208,884,221,429,13,0,0,13
960,-47.5,57.5,168,84,0,0.0,0.0,0,0.0,57.5,22,500066.9270389279,20.092030524392666,5.0219030162024225,84,168,22,13,168,0,35,-105.0,70.5,-47.5,5.0,3760796,3485.390016,nan,3.760796,nan,13,0,3759080,26,0,0,13,1716,832,208,884,221,429,13,0,0,13
961,-47.5,57.5,164,82,0,0.0,0.0,0,0.0,57.5,22,512444.1135643739,25.95372136170244,7.096932091270414,82,164,23,12,164,1,35,-105.0,70.5,-47.5,5.0,3471504,3488.86152,nan,3.471504,nan,12,0,3469920,24,0,0,12,1584,768,192,816,204,396,12,0,0,12
962,-47.5,57.5,150,75,0,0.0,0.0,0,0.0,57.5,23,508301.9733440321,21.41902207628732,6.796240182942554,75,150,23,13,150,0,36,-105.0,70.5,-47.5,5.0,3760796,3492.622316,nan,3.760796,nan,13,0,3759080,26,0,0,13,1716,832,208,884,221,429,13,0,0,13
963,-47.5,57.5,152,76,0,0.0,0.0,0,0.0,57.5,22,476351.0032791703,16.784499007430846,7.80586200762217,76,152,22,13,152,0,35,-105.0,70.5,-47.5,5.0,3760796,3496.383112,nan,3.760796,nan,13,0,3759080,26,0,0,13,1716,832,208,884,221,429,13,0,0,13
964,-47.5,57.5,152,76,0,0.0,0.0,0,0.0,57.5,22,425483.89215793845,17.139401832464944,5.097841696017541,76,152,22,14,152,0,36,-105.0,70.5,-47.5,5.0,4050088,3500.4332,nan,4.050088,nan,14,0,4048240,28,0,0,14,1848,896,224,952,238,462,14,0,0,14
965,-47.5,57.5,150,75,0,0.0,0.0,0,0.0,57.5,21,444407.72841259406,15.121338612942099,6.264081374679015,75,150,21,15,150,0,36,-105.0,70.5,-47.5,5.0,4339380,3504.77258,nan,4.33938,nan,15,0,4337400,30,0,0,15,1980,960,240,1020,255,495,15,0,0,15
966,-47.5,57.5,150,75,0,0.0,0.0,0,0.0,57.5,24,537391.6997171864,20.702134933190386,7.398615383645852,75,150,24,12,150,0,36,-105.0,70.5,-47.5,5.0,3471504,3508.244084,nan,3.471504,nan,12,0,3469920,24,0,0,12,1584,768,192,816,204,396,12,0,0,12
967,-47.5,57.5,148,74,0,0.0,0.0,0,0.0,57.5,23,483728.62973462907,23.315250497537377,6.644713485322113,74,148,23,13,148,0,36,-105.0,70.5,-47.5,5.0,3760796,3512.00488,nan,3.760796,nan,13,0,3759080,26,0,0,13,1716,832,208,884,221,429,13,0,0,13
968,-47.5,57.5,148,74,0,0.0,0.0,0,0.0,57.5,23,549205.1634666917,23.789539117584408,12.049705636257407,74,148,23,13,148,0,36,-105.0,70.5,-47.5,5.0,3760796,3515.765676,nan,3.760796,nan,13,0,3759080,26,0,0,13,1716,832,208,884,221,429,13,0,0,13
969,-47.5,57.5,142,71,0,0.0,0.0,0,0.0,57.5,23,533445.0442007924,21.299331646883655,12.875702087416126,71,142,23,13,142,0,36,-105.0,70.5,-47.5,5.0,3760796,3519.526472,nan,3.760796,nan,13,0,3759080,26,0,0,13,1716,832,208,884,221,429,13,0,0,13
970,-47.5,57.5,142,71,0,0.0,0.0,0,0.0,57.5,22,524865.0323958691,22.741979646937217,8.798803630830255,71,142,23,13,142,1,36,-105.0,70.5,-47.5,5.0,3760796,3523.287268,nan,3.760796,nan,13,0,3759080,26,0,0,13,1716,832,208,884,221,429,13,0,0,13
971,-47.5,57.5,136,68,0,0.0,0.0,0,0.0,57.5,20,495617.8835337299,19.815406908289315,7.4856923248313905,68,136,20,14,136,0,34,-105.0,70.5,-47.5,5.0,4050088,3527.337356,nan,4.050088,nan,14,0,4048240,28,0,0,14,1848,896,224,952,238,462,14,0,0,14
972,-47.5,57.5,134,67,0,0.0,0.0,0,0.0,57.5,22,515038.91733494034,19.06660836144263,9.219611298621595,67,134,22,12,134,0,34,-105.0,70.5,-47.5,5.0,3471504,3530.80886,nan,3.471504,nan,12,0,3469920,24,0,0,12,1584,768,192,816,204,396,12,0,0,12
973,-47.5,57.5,140,70,0,0.0,0.0,0,0.0,57.5,21,492872.53980081156,20.174215480721095,6.043602342986254,70,140,22,13,140,1,35,-105.0,70.5,-47.5,5.0,3760796,3534.569656,nan,3.760796,nan,13,0,3759080,26,0,0,13,1716,832,208,884,221,429,13,0,0,13
974,-47.5,57.5,148,74,0,0.0,0.0,0,0.0,57.5,23,486806.1880504671,18.533086628029576,10.19658684318623,74,148,23,12,148,0,35,-105.0,70.5,-47.5,5.0,3471504,3538.04116,nan,3.471504,nan,12,0,3469920,24,0,0,12,1584,768,192,816,204,396,12,0,0,12
975,-47.5,57.5,140,70,0,0.0,0.0,0,0.0,57.5,24,513737.5057790414,24.223262776667227,8.525862517863379,70,140,24,11,140,0,35,-105.0,70.5,-47.5,5.0,3182212,3541.223372,nan,3.182212,nan,11,0,3180760,22,0,0,11,1452,704,176,748,187,363,11,0,0,11
976,-47.5,57.5,134,67,0,0.0,0.0,0,0.0,57.5,21,529070.8823747623,20.568821300058463,9.099002249402325,67,134,21,14,134,0,35,-105.0,70.5,-47.5,5.0,4050088,3545.27346,nan,4.050088,nan,14,0,4048240,28,0,0,14,1848,896,224,952,238,462,14,0,0,14
977,-47.5,57.5,128,64,0,0.0,0.0,0,0.0,57.5,21,485144.38729934447,16.301902185738207,8.472241512280114,64,128,22,13,128,1,35,-105.0,70.5,-47.5,5.0,3760796,3549.034256,nan,3.760796,nan,13,0,3759080,26,0,0,13,1716,832,208,884,221,429,13,0,0,13
978,-47.5,57.5,132,66,0,0.0,0.0,0,0.0,57.5,20,532200.3540547892,21.011415480642317,10.920751516310418,66,132,22,13,132,2,35,-105.0,70.5,-47.5,5.0,3760796,3552.795052,nan,3.760796,nan,13,0,3759080,26,0,0,13,1716,832,208,884,221,429,13,0,0,13
979,-47.5,57.5,144,72,0,0.0,0.0,0,0.0,57.5,19,433204.17728006776,15.44355387131934,5.30689184489087,72,144,20,15,144,1,35,-105.0,70.5,-47.5,5.0,4339380,3557.134432,nan,4.33938,nan,15,0,4337400,30,0,0,15,1980,960,240,1020,255,495,15,0,0,15
980,-47.5,57.5,150,75,0,0.0,0.0,0,0.0,57.5,24,524715.8567811147,19.98565268528024,10.891173566959782,75,150,24,12,150,0,36,-105.0,70.5,-47.5,5.0,3471504,3560.605936,nan,3.471504,nan,12,0,3469920,24,0,0,12,1584,768,192,816,204,396,12,0,0,12
981,-47.5,57.5,146,73,0,0.0,0.0,0,0.0,57.5,20,467634.2669779156,18.3554908764555,6.1560199943252485,73,146,21,14,146,1,35,-105.0,70.5,-47.5,5.0,4050088,3564.656024,nan,4.050088,nan,14,0,4048240,28,0,0,14,1848,896,224,952,238,462,14,0,0,14
982,-47.5,57.5,142,71,0,0.0,0.0,0,0.0,57.5,21,491931.46554179396,17.351365235985565,8.457701730390156,71,142,21,14,142,0,35,-105.0,70.5,-47.5,5.0,4050088,3568.706112,nan,4.050088,nan,14,0,4048240,28,0,0,14,1848,896,224,952,238,462,14,0,0,14
983,-47.5,57.5,140,70,0,0.0,0.0,0,0.0,57.5,23,539165.368129409,19.472504285060378,9.221673305057216,70,140,23,12,140,0,35,-105.0,70.5,-47.5,5.0,3471504,3572.177616,nan,3.471504,nan,12,0,3469920,24,0,0,12,1584,768,192,816,204,396,12,0,0,12
984,-47.5,57.5,138,69,0,0.0,0.0,0,0.0,57.5,20,472616.08701942005,20.300023743875,5.112520006474939,69,138,21,14,138,1,35,-105.0,70.5,-47.5,5.0,4050088,3576.227704,nan,4.050088,nan,14,0,4048240,28,0,0,14,1848,896,224,952,238,462,14,0,0,14
985,-47.5,57.5,138,69,0,0.0,0.0,0,0.0,57.5,23,498369.03231346904,18.580047592104446,9.09824778611528,69,138,23,12,138,0,35,-105.0,70.5,-47.5,5.0,3471504,3579.699208,nan,3.471504,nan,12,0,3469920,24,0,0,12,1584,768,192,816,204,396,12,0,0,12
986,-47.5,57.5,136,68,0,0.0,0.0,0,0.0,57.5,23,509956.0183725504,18.219779874551318,9.26748726258677,68,136,23,12,136,0,35,-105.0,70.5,-47.5,5.0,3471504,3583.170712,nan,3.471504,nan,12,0,3469920,24,0,0,12,1584,768,192,816,204,396,12,0,0,12
987,-47.5,57.5,134,67,0,0.0,0.0,0,0.0,57.5,21,473297.48117312335,16.714760089434584,8.474560023467095,67,134,21,14,134,0,35,-105.0,70.5,-47.5,5.0,4050088,3587.2208,nan,4.050088,nan,14,0,4048240,28,0,0,14,1848,896,224,952,238,462,14,0,0,14
988,-47.5,57.5,132,66,0,0.0,0.0,0,0.0,57.5,22,500977.69453343074,18.223203086518893,6.341471780575185,66,132,22,13,132,0,35,-105.0,70.5,-47.5,5.0,3760796,3590.981596,nan,3.760796,nan,13,0,3759080,26,0,0,13,1716,832,208,884,221,429,13,0,0,13
989,-47.5,57.5,130,65,0,0.0,0.0,0,0.0,57.5,22,483209.2393457806,23.720903025054014,6.667827558481351,65,130,22,12,130,0,34,-105.0,70.5,-47.5,5.0,3471504,3594.4531,nan,3.471504,nan,12,0,3469920,24,0,0,12,1584,768,192,816,204,396,12,0,0,12
990,-47.5,57.5,130,65,0,0.0,0.0,0,0.0,57.5,19,470780.13708670734,17.458235598327985,5.830950165495103,65,130,20,14,130,1,34,-105.0,70.5,-47.5,5.0,4050088,3598.503188,nan,4.050088,nan,14,0,4048240,28,0,0,14,1848,896,224,952,238,462,14,0,0,14
991,-47.5,57.5,144,72,0,0.0,0.0,0,0.0,57.5,21,511072.1443673105,18.864490101679124,6.837744094747578,72,144,21,13,144,0,34,-105.0,70.5,-47.5,5.0,3760796,3602.263984,nan,3.760796,nan,13,0,3759080,26,0,0,13,1716,832,208,884,221,429,13,0,0,13
992,-47.5,57.5,140,70,0,0.0,0.0,0,0.0,57.5,22,451097.5420014467,15.35215725537338,5.767930477873271,70,140,22,12,140,0,34,-105.0,70.5,-47.5,5.0,3471504,3605.735488,nan,3.471504,nan,12,0,3469920,24,0,0,12,1584,768,192,816,204,396,12,0,0,12
993,-47.5,57.5,146,73,0,0.0,0.0,0,0.0,57.5,22,504390.0811967107,22.24216211751678,8.039778921257586,73,146,22,12,146,0,34,-105.0,70.5,-47.5,5.0,3471504,3609.206992,nan,3.471504,nan,12,0,3469920,24,0,0,12,1584,768,192,816,204,396,12,0,0,12
994,-47.5,57.5,144,72,0,0.0,0.0,0,0.0,57.5,22,526492.7966279088,21.977852945902526,11.372877966676288,72,144,23,11,144,1,34,-105.0,70.5,-47.5,5.0,3182212,3612.389204,nan,3.182212,nan,11,0,3180760,22,0,0,11,1452,704,176,748,187,363,11,0,0,11
995,-47.5,57.5,154,77,0,0.0,0.0,0,0.0,57.5,23,502136.34329900687,20.549306133079146,9.844205619869053,77,154,24,11,154,1,35,-105.0,70.5,-47.5,5.0,3182212,3615.571416,nan,3.182212,nan,11,0,3180760,22,0,0,11,1452,704,176,748,187,363,11,0,0,11
996,-47.5,57.5,152,76,0,0.0,0.0,0,0.0,57.5,23,499364.51418430515,22.091419652055404,6.107141517308138,76,152,23,12,152,0,35,-105.0,70.5,-47.5,5.0,3471504,3619.04292,nan,3.471504,nan,12,0,3469920,24,0,0,12,1584,768,192,816,204,396,12,0,0,12
997,-47.5,57.5,148,74,0,0.0,0.0,0,0.0,57.5,20,530772.2654761013,24.652841124504448,12.849030608104977,74,148,20,12,148,0,32,-105.0,70.5,-47.5,5.0,3471504,3622.514424,nan,3.471504,nan,12,0,3469920,24,0,0,12,1584,768,192,816,204,396,12,0,0,12
998,-47.5,57.5,128,64,0,0.0,0.0,0,0.0,57.5,20,530858.4809325595,23.764511184972264,12.405234515392468,64,128,20,11,128,0,31,-105.0,70.5,-47.5,5.0,3182212,3625.696636,nan,3.182212,nan,11,0,3180760,22,0,0,11,1452,704,176,748,187,363,11,0,0,11
999,-47.5,57.5,126,63,0,0.0,0.0,0,0.0,57.5,18,533609.3683678407,25.480795462908322,10.310997265266725,63,126,18,13,126,0,31,-105.0,70.5,-47.5,5.0,3760796,3629.457432,nan,3.760796,nan,13,0,3759080,26,0,0,13,1716,832,208,884,221,429,13,0,0,13
1000,-47.5,57.5,104,52,0,0.0,0.0,0,0.0,57.5,17,525738.0050670347,28.03983570331818,5.307862747873599,52,104,18,11,104,1,29,-105.0,70.5,-47.5,5.0,3182212,3632.639644,nan,3.182212,nan,11,0,3180760,22,0,0,11,1452,704,176,748,187,363,11,0,0,11
